date,symbol,series,isin,name,open,high,low,close,prev_close,chg_pct,volume,value
2025-12-24,3IINFOLTD,BE,INE748C01038,3I INFOTECH LIMITED,17.42,17.42,16.8,16.87,17.33,-2.65,304768,5141436.42
2025-12-24,AARTECH,BE,INE01C001026,AARTECH SOLONICS LIMITED,47.3,53.59,47.3,50.82,47.98,5.92,126645,6436098.86
2025-12-24,AARTISURF,BE,INE09EO01013,AARTI SURFACTANTS LIMITED,397.0,405.0,396.0,396.5,398.75,-0.56,16772,6650098.0
2025-12-24,ABAN,BE,INE421A01028,ABAN OFFSHORE LTD.,22.35,22.35,22.35,22.35,23.52,-4.97,253158,5658081.4
2025-12-24,ABINFRA,BE,INE00YB01025,A B INFRABUILD LIMITED,18.9,18.9,18.1,18.14,18.36,-1.2,176089,3194254.35
2025-12-24,ABMINTLLTD,BE,INE251C01025,ABM INTERNATIONAL LTD,44.0,44.0,42.59,42.59,42.68,-0.21,136,5792.24
2025-12-24,ACCURACY,BE,INE648Z01023,ACCURACY SHIPPING LIMITED,5.83,5.92,5.75,5.85,5.75,1.74,80007,468040.94
2025-12-24,AHLWEST,BE,INE915K01010,ASIAN HOTELS (WEST) LTD,144.15,144.15,144.15,144.15,144.15,0.0,0,0.0
2025-12-24,AKI,BE,INE642Z01026,AKI INDIA LIMITED,7.19,7.19,7.02,7.06,7.09,-0.42,15221,107460.26
2025-12-24,AKSHARCHEM,BE,INE542B01011,AKSHARCHEM INDIA LIMITED,258.95,258.95,245.0,246.35,251.95,-2.22,24813,6112682.7
2025-12-24,AKSHOPTFBR,BE,INE523B01011,AKSH OPTIFIBRE  LTD,6.45,6.6,6.45,6.55,6.51,0.61,74459,487706.46
2025-12-24,ALPHAGEO,BE,INE137C01018,ALPHAGEO (INDIA) LIMITED,230.58,230.58,223.0,224.74,224.78,-0.02,4886,1098079.67
2025-12-24,AMANTA,BE,INE084K01015,AMANTA HEALTHCARE LIMITED,111.4,117.12,109.75,111.96,113.46,-1.32,105893,11855780.18
2025-12-24,AMDIND,BE,INE005I01014,AMD INDUSTRIES LIMITED,48.3,49.6,47.99,48.25,48.64,-0.8,12527,604427.75
2025-12-24,ANMOL,BE,INE02AR01019,ANMOL INDIA LIMITED,14.1,14.1,13.75,13.76,13.96,-1.43,50884,700163.85
2025-12-24,APTECHT,BE,INE266F01018,APTECH LIMITED,97.98,99.44,95.4,95.74,97.12,-1.42,289562,27722665.26
2025-12-24,ARIES,BE,INE298I01015,ARIES AGRO LTD.,322.8,324.0,318.6,321.45,318.1,1.05,19239,6184376.78
2025-12-24,ASAHISONG,BE,INE228I01012,ASAHI SONGWON COLOR LTD,270.0,274.0,270.0,272.8,269.4,1.26,5142,1402737.54
2025-12-24,ASMS,BE,INE855F01042,AVIO SMART MRKT STACK LTD,12.65,12.65,12.3,12.54,12.34,1.62,267877,3359177.57
2025-12-24,AVG,BE,INE680Z01018,AVG LOGISTICS LIMITED,183.12,184.59,172.25,173.83,181.35,-4.15,13617,2367043.13
2025-12-24,BAFNAPH,BE,INE878I01022,BAFNA PHARMACEUTICALS LTD,168.0,173.26,165.83,172.14,165.01,4.32,16382,2819997.47
2025-12-24,BASML,BE,INE186H01022,BANNARI AM SPIN MILL LTD.,27.17,27.27,26.67,26.81,26.96,-0.56,37836,1014383.14
2025-12-24,BGRENERGY,BE,INE661I01014,BGR ENERGY SYSTEMS LTD,313.5,321.5,310.6,313.7,316.4,-0.85,81597,25596979.9
2025-12-24,BHAGERIA,BE,INE354C01027,BHAGERIA INDUSTRIES LTD,188.31,188.85,184.74,185.94,188.31,-1.26,28561,5310632.41
2025-12-24,BHARATGEAR,BE,INE561C01019,BHARAT GEARS LTD,108.0,108.07,106.3,107.03,107.54,-0.47,17239,1845090.15
2025-12-24,BILVYAPAR,BE,INE071A01013,BIL VYAPAR LIMITED,7.41,7.69,7.16,7.65,7.41,3.24,9446,72261.9
2025-12-24,BLISSGVS,BE,INE416D01022,BLISS GVS PHARMA LTD,179.3,180.25,171.7,175.92,179.0,-1.72,1492326,262529987.19
2025-12-24,BURNPUR,BE,INE817H01022,BURNPUR CEMENT LIMITED,33.0,33.0,33.0,33.0,33.0,0.0,0,0.0
2025-12-24,BYKE,BE,INE319B01014,THE BYKE HOSPITALITY LTD,52.25,53.5,51.98,52.05,52.25,-0.38,20833,1084357.63
2025-12-24,CALSOFT,BE,INE526B01014,CALIFORNIA SOFTWARE CO LT,15.54,15.54,15.03,15.14,15.54,-2.57,28468,431005.53
2025-12-24,CAPTRUST,BE,INE707C01018,CAPITAL TRUST LIMITED,13.8,14.08,13.67,14.06,13.41,4.85,293385,4124993.22
2025-12-24,CHEMBONDCH,BE,INE0TGX01019,CHEMBOND CHEMICAL LIMITED,161.6,164.99,159.01,160.24,163.59,-2.05,4502,721400.5
2025-12-24,CHEMCON,BE,INE03YM01018,CHEMCON SPECIAL CHEM LTD,204.1,205.25,200.01,201.42,203.06,-0.81,18351,3696258.39
2025-12-24,CONSOFINVT,BE,INE025A01027,CONSO. FIN. & HOLD. LTD.,175.48,175.99,170.36,172.12,173.74,-0.93,1443,248369.15
2025-12-24,COUNCODOS,BE,INE695B01025,COUNTRY CONDO S LIMITED,5.6,5.63,5.46,5.5,5.52,-0.36,47190,259545.0
2025-12-24,CTE,BE,INE627H01017,CAMBRIDGE TECH ENTER LTD,41.3,41.3,39.6,40.1,39.88,0.55,14844,595244.38
2025-12-24,CURAA,BE,INE117B01020,CURA TECHNOLOGIES LIMITED,111.28,111.28,110.18,111.28,112.42,-1.01,136,15134.08
2025-12-24,CYBERMEDIA,BE,INE278G01037,CYBER MEDIA (INDIA) LTD.,17.34,17.35,16.99,17.32,16.54,4.72,34233,592915.55
2025-12-24,CYBERTECH,BE,INE214A01019,CYBERTECH SYSTEMS & SOFTW,145.15,150.0,145.15,147.8,146.79,0.69,19406,2868206.86
2025-12-24,DAMODARIND,BE,INE497D01022,DAMODAR INDUSTRIES LTD,32.39,32.39,30.0,30.42,30.46,-0.13,2863,87092.46
2025-12-24,DBSTOCKBRO,BE,INE921B01025,DB (INT) STOCK BROKERS,25.48,25.48,24.51,24.95,24.43,2.13,3592,89620.4
2025-12-24,DELPHIFX,BE,INE726L01027,DELPHI WORLD MONEY LTD,16.07,16.44,15.81,16.21,16.3,-0.56,606165,9825934.1
2025-12-24,DIACABS,BE,INE989C01038,DIAMOND POWER INFRA LTD,142.44,142.98,141.0,141.1,142.46,-0.95,572318,80754073.29
2025-12-24,DIGJAMLMTD,BE,INE731U01028,DIGJAM LTD,51.01,51.9,50.2,51.09,50.45,1.27,4274,218358.66
2025-12-24,DPSCLTD,BE,INE360C01024,DPSC LIMITED,10.2,10.2,9.32,9.93,10.03,-1.0,149392,1483462.61
2025-12-24,DPWIRES,BE,INE864X01013,D P WIRES LIMITED,214.99,214.99,206.25,208.93,214.48,-2.59,22455,4691522.99
2025-12-24,DSKULKARNI,BE,INE891A01022,DS KULKARNI DEVELOPERS L,13.55,13.55,13.55,13.55,13.55,0.0,0,0.0
2025-12-24,DTIL,BE,INE341R01014,DHUNSERI TEA & IND. LTD.,162.14,162.14,160.51,161.98,161.33,0.4,1237,200369.25
2025-12-24,E2E,BE,INE255Z01027,E2E NETWORKS LIMITED,210.0,212.8,207.19,207.94,209.53,-0.76,317460,66012633.18
2025-12-24,EASTSILK,BE,INE962C01035,EASTERN SILK INDUSTRIES L,82.6,82.6,82.6,82.6,82.6,0.0,0,0.0
2025-12-24,EIFFL,BE,INE546V01010,EURO (I) FRESH FOODS LTD,247.0,257.86,240.02,245.39,246.56,-0.47,31534,7738128.24
2025-12-24,EMAMIPAP,BE,INE830C01026,EMAMI PAPER MILLS LIMITED,89.9,89.9,86.01,86.52,86.97,-0.52,15073,1304115.91
2025-12-24,EMMBI,BE,INE753K01015,EMMBI INDUSTRIES LIMITED,101.95,102.6,99.0,99.24,101.18,-1.92,10611,1053035.62
2025-12-24,EQUIPPP,BE,INE217G01035,EQUIPPP SOC IMP TECH LTD,22.9,22.9,21.81,22.18,22.5,-1.42,2132,47287.76
2025-12-24,ESAFSFB,BE,INE818W01011,ESAF SMALL FINANCE BANK L,26.87,26.87,26.1,26.23,26.56,-1.24,185444,4864196.04
2025-12-24,EUROTEXIND,BE,INE022C01012,EUROTEX IND & EXPORTS LTD,12.4,13.6,12.4,13.59,12.96,4.86,2353,31977.27
2025-12-24,EVERESTIND,BE,INE295A01018,EVEREST INDUSTRIES LTD,522.0,527.2,512.5,524.65,519.95,0.9,6292,3301097.95
2025-12-24,FAIRCHEMOR,BE,INE0DNW01011,FAIRCHEM ORGANICS LIMITED,704.0,704.9,694.5,697.05,700.7,-0.52,13313,9279826.49
2025-12-24,FLEXITUFF,BE,INE060J01017,FLEXITUFF VENTURES INT L,14.4,14.99,14.4,14.65,14.38,1.88,2705,39628.25
2025-12-24,FOCUS,BE,INE593W01028,FOCUS LIGHTG & FIXTRS LTD,78.78,78.78,75.0,75.15,76.25,-1.44,34117,2563892.6
2025-12-24,GANESHBE,BE,INE388A01029,GANESH BENZOPLAST LIMITED,81.72,83.01,81.36,82.5,81.72,0.95,59197,4883752.5
2025-12-24,GATECH,BE,INE224E01028,GACM TECHNOLOGIES LIMITED,0.59,0.6,0.56,0.56,0.59,-5.08,18361411,10282390.2
2025-12-24,GATECHDVR,BE,INE224E01036,GACM TECHNOLOGIES LIMITED,0.52,0.52,0.49,0.5,0.5,0.0,681690,340845.0
2025-12-24,GEECEE,BE,INE916G01016,GEECEE VENTURES LIMITED,332.95,335.1,328.0,331.65,333.55,-0.57,2573,853335.43
2025-12-24,GFSTEELS,BE,INE534A01028,GRAND FOUNDRY LTD,11.25,11.25,11.25,11.25,11.25,0.0,0,0.0
2025-12-24,GICL,BE,INE947T01022,GLOBE INTL CARRIERS LTD,47.5,47.6,45.5,46.7,47.5,-1.68,303000,14150100.23
2025-12-24,GINNIFILA,BE,INE424C01010,GINNIFILAMENTS LTD.,40.4,42.39,40.37,40.84,40.57,0.67,136624,5579724.18
2025-12-24,GOLDTECH,BE,INE805A01014,AION-TECH SOLUTIONS LTD,52.63,53.95,51.81,52.37,52.37,0.0,27102,1419331.71
2025-12-24,GULFPETRO,BE,INE586G01017,GP PETROLEUMS LIMITED,36.45,36.5,35.72,35.91,36.27,-0.99,33865,1216092.14
2025-12-24,GVKPIL,BE,INE251H01024,GVK POW. & INFRA LTD.,3.29,3.31,3.22,3.25,3.25,0.0,1037416,3371602.0
2025-12-24,GVPTECH,BE,INE382T01030,GVP INFOTECH LIMITED,9.15,9.44,9.03,9.37,9.32,0.54,20746,194390.02
2025-12-24,HEG,BE,INE545A01024,HEG LIMITED,541.25,564.45,541.25,550.55,539.0,2.14,3443683,1895919633.61
2025-12-24,HFCL,BE,INE548A01028,HFCL LIMITED,66.05,66.99,64.05,64.24,66.26,-3.05,13934322,895140815.51
2025-12-24,HITECHCORP,BE,INE120D01012,HITECH CORPORATION LTD,175.98,177.0,171.3,175.88,172.11,2.19,2382,418946.17
2025-12-24,HITECHGEAR,BE,INE127B01011,THE HI-TECH GEARS LIMITED,675.0,700.0,655.0,690.05,679.45,1.56,4041,2788492.0
2025-12-24,HMVL,BE,INE871K01015,HINDUSTAN MEDIA VENT LTD,73.0,73.0,69.55,70.13,71.67,-2.15,17514,1228256.77
2025-12-24,HYBRIDFIN,BE,INE965B01022,HYBRID FINANCIAL SERVICE,17.68,19.18,17.68,19.11,18.5,3.3,5475,104627.25
2025-12-24,ICDSLTD,BE,INE613B01010,ICDSLTD,43.76,43.99,43.01,43.99,44.61,-1.39,265,11657.35
2025-12-24,INDOAMIN,BE,INE760F01028,INDO AMINES LIMITED,131.5,133.0,129.11,131.19,128.94,1.74,71215,9342696.02
2025-12-24,IVP,BE,INE043C01018,IVP LIMITED,152.51,152.51,147.5,148.13,150.59,-1.63,2662,394322.07
2025-12-24,KALYANIFRG,BE,INE314G01014,KALYANI FORGE LIMITED,643.05,652.3,634.0,636.05,643.6,-1.17,1029,654495.44
2025-12-24,KAMDHENU,BE,INE390H01020,KAMDHENU LIMITED,23.26,23.78,23.22,23.55,23.39,0.68,647615,15251332.76
2025-12-24,KANORICHEM,BE,INE138C01024,KANORIACHEMICALS-,77.15,79.1,77.15,77.54,79.03,-1.89,3594,278678.76
2025-12-24,KAUSHALYA,BE,INE234I01028,KAUSHALYA INFRA DEV LTD.,890.05,907.75,872.55,882.9,897.8,-1.66,3141,2773188.98
2025-12-24,KAVDEFENCE,BE,INE641C01019,KAVVERI DFS & WIR TEC LTD,79.76,79.76,76.0,79.76,75.97,4.99,219193,17482834.15
2025-12-24,KAYA,BE,INE587G01015,KAYA LIMITED,406.3,421.95,393.05,407.45,409.25,-0.44,16259,6624729.75
2025-12-24,KCPSUGIND,BE,INE790B01024,KCPSUGARINDUS,26.5,26.97,25.91,26.07,26.63,-2.1,47717,1243982.18
2025-12-24,KESORAMIND,BE,INE087A01019,KESORAM INDUSTRIES LTD,12.05,12.05,11.7,12.05,11.48,4.97,3785865,45619673.97
2025-12-24,KHADIM,BE,INE834I01025,KHADIM INDIA LIMITED,165.31,169.0,154.0,156.95,165.31,-5.06,140107,21989793.22
2025-12-24,KILITCH,BE,INE729D01010,KILITCH DRUGS INDIA LTD,173.0,175.95,171.0,174.65,174.77,-0.07,16438,2870896.6
2025-12-24,KOTARISUG,BE,INE419A01022,KOTHARI SUG & CHEM LTD.,28.22,28.77,27.65,27.82,28.22,-1.42,18646,518731.71
2025-12-24,KOTYARK,BE,INE0J0B01017,KOTYARK INDUSTRIES LTD,23.18,23.3,22.28,22.4,22.95,-2.42,38500,862399.99
2025-12-24,KRONOX,BE,INE0ATZ01017,KRONOX LAB SCIENCES LTD,143.78,144.16,140.34,140.87,143.4,-1.76,22349,3148303.52
2025-12-24,KSR,BE,INE1SPP01016,KSR FOOTWEAR LIMITED,15.8,15.98,14.5,14.86,15.6,-4.74,262354,3898580.35
2025-12-24,LANCORHOL,BE,INE572G01025,LANCOR HOLDINGS LIMITED,24.0,25.6,24.0,25.0,24.64,1.46,37176,929400.0
2025-12-24,LOTUSDEV,BE,INE0V9Q01010,SRI LOTUS DEVLPRS N RTY L,158.4,162.26,155.65,156.29,156.18,0.07,3466586,541792702.67
2025-12-24,LYKALABS,BE,INE933A01014,LYKA LABS LTD.,77.15,77.49,74.7,75.06,76.43,-1.79,12325,925114.47
2025-12-24,MADHUCON,BE,INE378D01032,MADHUCON PROJECTS LTD.,6.28,6.55,6.15,6.3,6.25,0.8,14402,90732.6
2025-12-24,MAHASTEEL,BE,INE451L01014,MAHAMAYA STEEL INDS LTD,931.0,950.0,901.0,928.6,909.1,2.14,11597,10768973.92
2025-12-24,MANAKSTEEL,BE,INE824Q01011,MANAKSIA STEELS LTD,75.59,77.45,74.0,76.95,75.51,1.91,163481,12579862.45
2025-12-24,MAZDA,BE,INE885E01042,MAZDA LIMITED,220.08,221.0,214.01,216.03,218.08,-0.94,13329,2879463.85
2025-12-24,MBECL,BE,INE748A01024,MCNALLY BHARAT ENGIN CO L,65.4,65.4,65.4,65.4,65.4,0.0,0,0.0
2025-12-24,MEDICAMEQ,BE,INE646B01010,MEDICAMEN BIOTECH LIMITED,391.65,391.65,381.1,382.95,387.75,-1.24,16558,6340886.3
2025-12-24,MENONBE,BE,INE071D01033,MENON BEARINGS LIMITED,105.69,107.75,104.9,107.31,105.53,1.69,38267,4106431.68
2025-12-24,MHLXMIRU,BE,INE112D01035,MAHALAXMI RUBTECH LIMITED,210.19,214.22,209.87,213.19,210.66,1.2,6119,1304509.62
2025-12-24,MICEL,BE,INE287C01037,MIC ELECTRONICS LTD,45.25,46.9,44.77,46.01,44.75,2.82,1624690,74751984.17
2025-12-24,MODISONLTD,BE,INE737D01021,MODISON LIMITED,136.1,139.0,136.1,136.62,137.81,-0.86,33804,4618302.31
2025-12-24,MOLDTECH,BE,INE835B01035,MOLD-TEK TECHNOLOGIES LTD,158.95,160.71,156.1,157.34,157.96,-0.39,15106,2376777.98
2025-12-24,MTARTECH,BE,INE864I01014,MTAR TECHNOLOGIES LIMITED,2420.0,2477.0,2397.0,2450.7,2434.1,0.68,187371,459190100.55
2025-12-24,MTEDUCARE,BE,INE472M01018,MT EDUCARE LTD,1.8,1.82,1.74,1.78,1.77,0.56,49034,87280.52
2025-12-24,MUKKA,BE,INE0CG401037,MUKKA PROTEINS LIMITED,24.22,24.45,24.05,24.09,24.2,-0.45,247617,5965093.57
2025-12-24,MUKTAARTS,BE,INE374B01019,MUKTA ARTS LIMITED,62.1,66.85,62.1,63.03,62.59,0.7,9293,585737.78
2025-12-24,NATCAPSUQ,BE,INE936B01015,NATURAL CAPSULES LIMITED,181.0,183.39,173.99,175.67,179.12,-1.93,6613,1161705.7
2025-12-24,NAVKARURB,BE,INE268H01044,NAVKAR URBANSTRUCTURE LTD,1.31,1.32,1.29,1.32,1.26,4.76,678077,895061.68
2025-12-24,NECCLTD,BE,INE553C01016,NORTH EAST CARRY CORP LTD,18.84,18.84,18.5,18.53,18.78,-1.33,56813,1052744.93
2025-12-24,NEUEON,BE,INE333I01044,NEUEON CORPORATION LTD,6.04,6.04,6.04,6.04,5.76,4.86,45718,276136.72
2025-12-24,NIRAJISPAT,BE,INE326T01011,NIRAJ ISPAT IND LTD,203.0,215.64,203.0,214.64,212.9,0.82,9,1931.76
2025-12-24,NRL,BE,INE0JM501013,NUPUR RECYCLERS LIMITED,57.05,57.89,56.68,57.01,57.05,-0.07,37282,2125446.76
2025-12-24,NURECA,BE,INE0DSF01015,NURECA LIMITED,286.25,287.6,280.5,284.75,284.8,-0.02,17554,4998501.5
2025-12-24,OCCLLTD,BE,INE0PK601023,OCCL LIMITED,106.56,108.9,101.2,102.01,106.56,-4.27,60395,6160894.08
2025-12-24,OILCOUNTUB,BE,INE591A01010,OIL COUNTRY TUBULAR LTD.,62.43,65.0,62.26,63.27,62.65,0.99,30910,1955675.71
2025-12-24,OMFREIGHT,BE,INE1BZC01019,OM FREIGHT FORWARDERS LTD,95.9,98.99,93.05,97.19,96.27,0.96,97720,9497407.04
2025-12-24,ONELIFECAP,BE,INE912L01015,ONELIFE CAP ADVISORS LTD,16.17,16.17,15.4,15.71,16.17,-2.84,11654,183084.34
2025-12-24,ONMOBILE,BE,INE809I01019,ONMOBILE GLOBAL LTD.,60.25,60.6,59.01,59.35,60.3,-1.58,150687,8943273.22
2025-12-24,ORBTEXP,BE,INE231G01010,ORBIT EXPORTS LIMITED,191.29,192.95,186.37,189.55,191.06,-0.79,10013,1897964.18
2025-12-24,ORIENTLTD,BE,INE609C01024,ORIENT PRESS LIMITED,78.0,83.33,78.0,79.52,77.7,2.34,4861,386546.7
2025-12-24,OSIAHYPER,BE,INE06IR01021,OSIA HYPER RETAIL LIMITED,15.99,16.37,15.33,15.33,16.13,-4.96,1183213,18138655.2
2025-12-24,PANACHE,BE,INE895W01019,PANACHE DIGILIFE LIMITED,335.0,343.0,326.5,328.4,333.1,-1.41,8034,2638365.55
2025-12-24,PAR,BE,INE04LG01015,PAR DRUGS AND CHEM LTD,106.25,108.4,103.26,107.47,105.0,2.35,31737,3410775.43
2025-12-24,PARSVNATH,BE,INE561H01026,PARSVNATH DEVELOPER LTD,11.15,11.73,11.1,11.46,11.02,3.99,791056,9065501.79
2025-12-24,PATINTLOG,BE,INE529D01014,PATEL INT. LOG. LTD,14.25,14.25,13.9,14.01,14.05,-0.28,48319,676949.2
2025-12-24,PKTEA,BE,INE431F01018,THE P K TEA PROD CO LTD,922.0,945.0,870.0,920.3,918.85,0.16,9763,8984888.78
2025-12-24,PPAP,BE,INE095I01015,PPAP AUTOMOTIVE LIMITED,216.01,219.4,211.0,213.62,212.21,0.66,8110,1732458.16
2025-12-24,PPL,BE,INE050001010,PRAKASH PIPES LIMITED,246.37,249.28,242.41,243.62,246.37,-1.12,62799,15299092.07
2025-12-24,PREMIER,BE,INE342A01018,PREMIER LIMITED,3.0,3.09,2.85,2.92,2.99,-2.34,12602,36797.84
2025-12-24,PRITIKAUTO,BE,INE583R01029,PRITIKA AUTO INDUS LTD,13.16,13.39,13.08,13.11,13.19,-0.61,308704,4047109.33
2025-12-24,PRUDMOULI,BE,INE024D01016,PRUDENTIAL SUGAR CORPORAT,22.59,22.6,21.11,21.47,21.9,-1.96,14866,319173.01
2025-12-24,QMSMEDI,BE,INE0FMW01018,QMS MEDICAL ALLIED S LTD,96.6,96.95,92.1,92.7,95.85,-3.29,24000,2224799.93
2025-12-24,RADHIKAJWE,BE,INE583V01021,RADHIKA JEWELTECH LIMITED,77.9,81.39,76.98,79.47,77.66,2.33,330148,26236861.96
2025-12-24,RAJOOENG,BE,INE535F01024,RAJOO ENGINEERS LIMITED,63.99,64.03,61.95,62.16,63.67,-2.37,811434,50438737.32
2025-12-24,RAJRILTD,BE,INE533D01032,RAJ RAYON INDUSTRIES LTD,22.63,23.54,22.62,22.95,23.08,-0.56,10707,245725.66
2025-12-24,RAMASTEEL,BE,INE230R01035,RAMA STEEL TUBES LIMITED,9.53,9.62,9.43,9.48,9.54,-0.63,4984386,47251977.0
2025-12-24,RBZJEWEL,BE,INE0PEQ01016,RBZ JEWELLERS LIMITED,145.0,150.0,143.35,145.46,145.74,-0.19,134083,19503714.08
2025-12-24,RCOM,BE,INE330H01018,RELIANCE COMMUNICATIONS L,1.07,1.08,1.05,1.06,1.08,-1.85,4829640,5119418.12
2025-12-24,RELINFRA,BE,INE036A01016,RELIANCE INFRASTRUCTU LTD,173.2,173.2,173.2,173.2,173.2,0.0,0,0.0
2025-12-24,REPL,BE,INE364Z01019,RUDRABHISHEK ENTERP LTD,125.64,128.0,124.01,124.39,125.2,-0.65,3530,439096.7
2025-12-24,RMDRIP,BE,INE219Y01026,R M DRIP & SPRINK SYS LTD,46.64,46.64,46.08,46.09,46.08,0.01,146316,6743582.23
2025-12-24,RNBDENIMS,BE,INE012Q01039,R&B DENIMS LIMITED,39.92,40.33,39.07,39.95,39.48,1.19,60648,2423089.85
2025-12-24,ROLLT,BE,INE927A01040,ROLLATAINERS LIMITED,1.28,1.32,1.22,1.26,1.27,-0.79,328375,413752.5
2025-12-24,RPPL,BE,INE760W01023,RAJSHREE POLYPACK LTD,17.82,19.94,17.81,18.91,18.25,3.62,167112,3160087.89
2025-12-24,RSWM,BE,INE611A01016,RSWM LIMITED,150.46,153.2,150.0,150.42,150.46,-0.03,19240,2894080.76
2025-12-24,SADHNANIQ,BE,INE888C01040,SADHANA NITROCHEM LIMITED,8.2,8.2,7.48,7.7,8.04,-4.23,1450449,11168457.02
2025-12-24,SANGINITA,BE,INE753W01010,SANGINITA CHEMICALS LTD,10.39,10.6,10.11,10.12,10.4,-2.69,40743,412319.16
2025-12-24,SCPL,BE,INE501Y01019,SHEETAL COOL PRODUCTS LTD,308.07,318.0,306.01,316.32,306.54,3.19,18678,5908225.1
2025-12-24,SETCO,BE,INE878E01021,SETCO AUTOMOTIVE LTD,15.07,15.7,14.8,15.26,15.06,1.33,46575,710734.51
2025-12-24,SEYAIND,BE,INE573R01012,SEYA INDUSTRIES LIMITED,17.28,17.28,17.28,17.28,17.28,0.0,0,0.0
2025-12-24,SHAHALLOYS,BE,INE640C01011,SHAH ALLOYS LIMITED,68.04,71.97,68.04,70.34,68.66,2.45,7267,511160.75
2025-12-24,SHALPAINTS,BE,INE849C01026,SHALIM PAINTS LTD,58.5,58.95,55.1,55.84,57.5,-2.89,172290,9620673.63
2025-12-24,SHEKHAWATI,BE,INE268L01046,SHEKHAWATI INDUSTRIES LTD,20.25,20.25,19.3,19.68,19.84,-0.81,31657,623009.77
2025-12-24,SHEMAROO,BE,INE363M01019,SHEMAROO ENTER. LTD.,108.13,108.85,106.52,108.08,106.59,1.4,8786,949590.9
2025-12-24,SHYAMCENT,BE,INE979R01011,SHYAM CENTURY FERROUS LTD,6.3,6.37,6.17,6.26,6.26,0.0,52208,326822.09
2025-12-24,SICALLOG,BE,INE075B01020,SICAL LOGISTICS LIMITED,98.5,101.0,96.1,98.0,100.53,-2.52,4124,404152.0
2025-12-24,SIGIND,BE,INE529F01035,SIGNET INDUSTRIES LIMITED,55.48,55.48,54.2,54.29,55.48,-2.14,2867,155649.43
2025-12-24,SIGMAADV,BE,INE933B01012,SIGMA ADVANCED SYSTEM LTD,202.29,202.29,202.29,202.29,192.66,5.0,78235,15826157.62
2025-12-24,SIKKO,BE,INE112X01025,SIKKO INDUSTRIES LIMITED,5.79,5.8,5.5,5.59,5.68,-1.58,508702,2843644.26
2025-12-24,SMARTLINK,BE,INE178C01020,SMARTLINK HOLDINGS LTD,135.32,136.85,133.0,133.11,133.99,-0.66,5846,778161.06
2025-12-24,SONAMLTD,BE,INE00LM01029,SONAM LIMITED,41.37,42.98,40.41,41.38,41.22,0.39,69475,2874875.57
2025-12-24,SPECIALITY,BE,INE247M01014,SPECIALITY REST LTD,112.2,114.78,108.6,112.02,111.48,0.48,106730,11955894.24
2025-12-24,SPECTRUM,BE,INE01EO01010,SPECTRUM ELECTRIC IND LTD,1183.7,1237.9,1183.7,1212.0,1212.8,-0.07,1580,1914960.0
2025-12-24,SREEL,BE,INE099F01013,SREELEATHERS LIMITED,217.46,220.23,217.46,218.21,217.03,0.54,1927,420490.68
2025-12-24,STALLION,BE,INE0RYC01010,STALLION IND FLUOROCHEM L,205.23,215.0,196.2,211.36,205.23,2.99,347150,73373624.21
2025-12-24,STERTOOLS,BE,INE334A01023,STERLING TOOLS LIMITED,285.7,292.0,283.3,285.8,286.1,-0.1,68771,19654750.96
2025-12-24,STLTECH,BE,INE089C01029,STERLITE TECHNOLOGIES LTD,104.0,105.81,103.25,103.62,104.88,-1.2,742827,76971735.78
2025-12-24,SUNDRMBRAK,BE,INE073D01013,SUNDARAMBRAKE LININGS LTD,689.4,708.0,676.45,700.7,685.45,2.22,2217,1553451.93
2025-12-24,SUPERSPIN,BE,INE662A01027,SUPER SPINNING MILLS LTD,8.34,8.53,8.24,8.26,8.17,1.1,16508,136356.08
2025-12-24,SUTLEJTEX,BE,INE645H01027,SUTLEJ TEXT & INDUS LTD,32.5,32.9,32.06,32.52,32.47,0.15,14499,471507.49
2025-12-24,SWANDEF,BE,INE542F01020,SWAN DEFENCE N HEVY IND L,1322.1,1322.1,1322.1,1322.1,1322.1,0.0,0,0.0
2025-12-24,SWARAJ,BE,INE0GMR01016,SWARAJ SUITING LIMITED,248.55,252.55,247.05,247.95,248.5,-0.22,24000,5950799.93
2025-12-24,SYSTMTXC,BE,INE356B01024,SYSTEMATIX CORP SERVICE L,154.06,155.7,153.66,154.27,155.87,-1.03,61074,9421886.24
2025-12-24,TICL,BE,INE388G01026,TWAMEV CONS AND INFRA LTD,23.84,23.9,23.1,23.22,23.94,-3.01,119019,2763621.1
2025-12-24,TIJARIA,BE,INE440L01017,TIJARIA POLYPIPES LTD,5.39,5.39,4.58,4.86,5.07,-4.14,347216,1687469.81
2025-12-24,TIL,BE,INE806C01018,TIL LTD,286.95,286.95,272.0,273.55,279.7,-2.2,13595,3718912.08
2025-12-24,TIRUPATIFL,BE,INE319Y01024,TIRUPATI FORGE LIMITED,32.0,32.64,30.9,31.34,32.09,-2.34,232302,7280344.72
2025-12-24,TOTAL,BE,INE336X01012,TOTAL TRANSPORT SYS LTD,81.9,81.9,76.5,77.31,79.65,-2.94,12703,982068.9
2025-12-24,TPHQ,BE,INE065J01024,TEAMO PRODUCTIONS HQ LTD,0.75,0.86,0.75,0.85,0.72,18.06,35515272,30187982.05
2025-12-24,TRANSWORLD,BE,INE757B01015,TRANSWORLD SHIP LINES LTD,197.1,207.99,195.91,199.56,198.08,0.75,14918,2977036.04
2025-12-24,TVVISION,BE,INE871L01013,TV VISION LIMITED,9.65,9.65,9.65,9.65,10.15,-4.93,9947,95988.55
2025-12-24,UCAL,BE,INE139B01016,UCAL LIMITED,112.26,113.46,110.9,112.13,112.17,-0.04,4851,543942.62
2025-12-24,UFBL,BE,INE382M01027,UNITED FOODBRANDS LIMITED,190.67,195.98,186.09,189.75,190.67,-0.48,102412,19432677.0
2025-12-24,UMAEXPORTS,BE,INE0GIU01018,UMA EXPORTS LIMITED,40.99,40.99,39.71,39.84,40.64,-1.97,31468,1253685.12
2025-12-24,UNIVASTU,BE,INE562X01013,UNIVASTU INDIA LIMITED,66.78,69.98,66.77,69.51,66.18,5.03,39849,2769904.08
2025-12-24,UNIVPHOTO,BE,INE03V001013,UNIVERSUS IMAGINGS LTD,230.0,235.7,230.0,234.45,231.45,1.3,1442,338076.9
2025-12-24,URAVIDEF,BE,INE568Z01015,URAVI DEFENCE &TECH LTD,204.0,208.16,199.24,208.13,198.25,4.98,15258,3175647.61
2025-12-24,UYFINCORP,BE,INE152C01025,U. Y. FINCORP LIMITED,14.75,14.75,13.99,14.28,14.25,0.21,37883,540969.23
2025-12-24,VALIANTLAB,BE,INE0JWS01017,VALIANT LABORATORIES LTD,70.54,76.0,69.63,74.98,70.52,6.32,104627,7844932.81
2025-12-24,VALIANTORG,BE,INE565V01010,VALIANT ORGANICS LIMITED,273.0,282.1,269.0,280.1,270.3,3.63,25572,7162717.36
2025-12-24,VARDHACRLC,BE,INE116G01013,VARDHAMAN ACRYLICS LTD,37.95,37.95,37.22,37.39,37.54,-0.4,13521,505550.18
2025-12-24,VCL,BE,INE098201036,VAXTEX COTFAB LIMITED,1.98,1.98,1.98,1.98,1.89,4.76,147604,292255.92
2025-12-24,VENUSREM,BE,INE411B01019,VENUS REMEDIES LIMITED,837.7,839.9,800.0,801.65,815.95,-1.75,35044,28093023.46
2025-12-24,VETO,BE,INE918N01018,VETO SWITCHGEAR CABLE LTD,115.05,116.99,115.05,116.15,116.03,0.1,17671,2052486.68
2025-12-24,VHLTD,BE,INE048C01025,VICEROY HOTELS LIMITED,153.26,153.26,147.5,147.97,145.97,1.37,34061,5040006.21
2025-12-24,VIJIFIN,BE,INE159N01027,VIJI FINANCE LIMITED,2.53,2.58,2.5,2.51,2.53,-0.79,143486,360149.86
2025-12-24,VIPULLTD,BE,INE946H01037,VIPUL LIMITED,10.58,11.63,10.21,11.55,10.58,9.17,1161633,13416861.37
2025-12-24,VIVIMEDLAB,BE,INE526G01021,VIVIMED LABS LIMITED,21.67,21.67,21.67,21.67,22.81,-5.0,523,11333.41
2025-12-24,WELINV,BE,INE389K01018,WELSPUN INV & COMM LTD,1333.0,1419.8,1330.0,1342.5,1351.4,-0.66,1846,2478255.0
2025-12-24,AGSTRA,BZ,INE583L01014,AGS TRANSACT TECH LTD,4.23,4.27,4.1,4.11,4.18,-1.67,134237,551714.09
2025-12-24,ANKITMETAL,BZ,INE106I01010,ANKIT MET & POW LTD,1.74,1.77,1.68,1.71,1.74,-1.72,38242,65393.82
2025-12-24,ANSALAPI,BZ,INE436A01026,ANSAL PROP & INFRA LTD,3.6,3.64,3.5,3.53,3.57,-1.12,34834,122964.02
2025-12-24,ARSHIYA,BZ,INE968D01022,ARSHIYA LIMITED,1.29,1.3,1.23,1.26,1.29,-2.33,211834,266910.84
2025-12-24,ASTRON,BZ,INE646X01014,ASTRON PAPER BORD MIL LTD,6.43,6.43,6.15,6.21,6.25,-0.64,8440,52412.4
2025-12-24,COMPINFO,BZ,INE070C01037,COMPUAGE INFOCOM LTD,1.74,1.74,1.66,1.69,1.66,1.81,33410,56462.9
2025-12-24,DHARAN,BZ,INE278R01034,DHARAN INFRA-EPC LIMITED,0.25,0.27,0.25,0.27,0.26,3.85,55303568,14931963.95
2025-12-24,FEL,BZ,INE623B01027,FUTURE ENTERPRISES LTD,0.47,0.48,0.47,0.47,0.47,0.0,132557,62301.79
2025-12-24,FELDVR,BZ,IN9623B01058,FUTURE ENTERPRISES LTD,3.27,3.27,3.01,3.21,3.12,2.88,6003,19269.63
2025-12-24,FLFL,BZ,INE452O01016,FUT LIFESTYLE FASH LTD,1.47,1.47,1.41,1.42,1.47,-3.4,21867,31051.14
2025-12-24,GENSOL,BZ,INE06H201014,GENSOL ENGINEERING LTD,27.84,27.84,27.0,27.24,27.41,-0.62,36234,987014.15
2025-12-24,GOLDENTOBC,BZ,INE973A01010,GOLDEN TOBACCO LIMITED,32.45,32.45,31.0,31.1,31.26,-0.51,1199,37288.9
2025-12-24,HDIL,BZ,INE191I01012,HOUSING DEV & INFRA LTD,2.44,2.45,2.39,2.42,2.38,1.68,164168,397286.57
2025-12-24,HMT,BZ,INE262A01018,HMT LTD -,49.0,49.0,46.55,48.01,48.75,-1.52,16411,787892.08
2025-12-24,IL&FSENGG,BZ,INE369I01014,IL&FS ENG AND CONS CO LTD,27.0,27.0,25.8,26.94,26.06,3.38,8431,227131.14
2025-12-24,IL&FSTRANS,BZ,INE975G01012,IL&FS TRANS NET LTD,2.89,2.89,2.77,2.81,2.89,-2.77,68592,192743.52
2025-12-24,IMPEXFERRO,BZ,INE691G01015,IMPEX FERRO TECH LIMITED,1.74,1.85,1.74,1.8,1.83,-1.64,7473,13451.4
2025-12-24,LAKPRE,BZ,INE651C01018,LAKSHMI PRE SCRE LTD,4.93,5.28,4.86,5.28,5.03,4.97,1559,8231.52
2025-12-24,MEP,BZ,INE776I01010,MEP INFRA. DEVELOPERS LTD,2.05,2.05,2.01,2.01,2.05,-1.95,10763,21633.63
2025-12-24,RAJESHEXPO,BZ,INE343B01030,RAJESH EXPORTS LTD,222.0,229.8,214.51,223.97,223.02,0.43,3269992,732380112.23
2025-12-24,RHFL,BZ,INE217K01011,RELIANCE HOME FINANCE LTD,3.03,3.06,2.93,3.0,2.97,1.01,623385,1870155.0
2025-12-24,SANWARIA,BZ,INE890C01046,SANWARIA CONSUMER LIMITED,0.27,0.27,0.26,0.26,0.26,0.0,308841,80298.66
2025-12-24,SETUINFRA,BZ,INE023M01027,SETUBANDHAN INFRA LTD,0.49,0.49,0.47,0.49,0.47,4.26,34619,16963.31
2025-12-24,SHRENIK,BZ,INE632X01030,SHRENIK LIMITED,0.51,0.52,0.49,0.49,0.51,-3.92,4095649,2006868.05
2025-12-24,SIMBHALS,BZ,INE748T01016,SIMBHAOLI SUGARS LTD.,9.6,9.6,9.2,9.2,9.43,-2.44,8759,80582.8
2025-12-24,SITINET,BZ,INE965H01011,SITI NETWORKS LIMITED,0.4,0.4,0.39,0.39,0.39,0.0,1068651,416773.87
2025-12-24,SUPREMEENG,BZ,INE319Z01021,SUPREME ENGINEERING LTD,1.13,1.23,1.13,1.13,1.18,-4.24,34220,38668.6
2025-12-24,20MICRONS,EQ,INE144J01027,20 MICRONS LTD,200.8,201.39,196.81,197.85,198.67,-0.41,56396,11157948.94
2025-12-24,21STCENMGM,EQ,INE253B01015,21ST CENTURY MGMT SERVICE,51.71,51.71,51.71,51.71,50.7,1.99,3105,160559.55
2025-12-24,360ONE,EQ,INE466L01038,360 ONE WAM LIMITED,1190.0,1217.0,1180.3,1196.0,1181.7,1.21,1291909,1545123164.0
2025-12-24,3MINDIA,EQ,INE470A01017,3M INDIA LIMITED,35010.0,35370.0,34400.0,34575.0,35010.0,-1.24,1768,61128600.0
2025-12-24,3PLAND,EQ,INE105C01023,3P LAND HOLDINGS LIMITED,37.7,38.5,36.5,37.03,37.49,-1.23,5949,220291.46
2025-12-24,5PAISA,EQ,INE618L01018,5PAISA CAPITAL LIMITED,314.8,356.4,314.75,340.7,315.8,7.88,2239630,763041968.34
2025-12-24,63MOONS,EQ,INE111B01023,63 MOONS TECHNOLOGIES LTD,759.95,763.0,740.05,745.2,757.05,-1.57,68553,51085696.44
2025-12-24,A2ZINFRA,EQ,INE619I01012,A2Z INFRA ENGINEERING LTD,15.55,17.5,15.55,17.25,16.14,6.88,527821,9104912.25
2025-12-24,AAATECH,EQ,INE0D0U01013,AAA TECHNOLOGIES LIMITED,98.1,98.1,94.7,95.06,97.3,-2.3,19646,1867548.71
2025-12-24,AADHARHFC,EQ,INE883F01010,AADHAR HOUSING FINANCE L,480.85,487.95,480.6,486.9,480.85,1.26,357866,174244953.22
2025-12-24,AAKASH,EQ,INE087Z01024,AAKASH EXPLORATION SER L,8.95,8.95,8.41,8.72,8.65,0.81,58802,512753.46
2025-12-24,AAREYDRUGS,EQ,INE198H01019,AAREY DRUGS & PHARM LTD,71.05,73.7,70.96,72.3,72.28,0.03,357915,25877255.59
2025-12-24,AARON,EQ,INE721Z01010,AARON INDUSTRIES LIMITED,181.27,183.9,178.08,178.53,181.27,-1.51,12331,2201453.41
2025-12-24,AARTIDRUGS,EQ,INE767A01016,AARTI DRUGS LTD.,410.0,425.3,404.65,422.0,412.35,2.34,417767,176297674.0
2025-12-24,AARTIIND,EQ,INE769A01020,AARTI INDUSTRIES LTD,384.0,384.75,376.35,379.7,383.4,-0.97,339257,128815887.04
2025-12-24,AARTIPHARM,EQ,INE0LRU01027,AARTI PHARMALABS LIMITED,775.0,781.15,757.25,759.8,781.15,-2.73,89757,68197367.5
2025-12-24,AARVI,EQ,INE754X01016,AARVI ENCON LIMITED,130.79,133.5,128.0,128.48,129.5,-0.79,11229,1442701.87
2025-12-24,AAVAS,EQ,INE216P01012,AAVAS FINANCIERS LIMITED,1490.8,1517.8,1471.3,1511.8,1483.0,1.94,135273,204505728.01
2025-12-24,ABB,EQ,INE117A01022,ABB INDIA LIMITED,5212.5,5266.0,5202.0,5215.0,5204.0,0.21,103441,539444815.0
2025-12-24,ABBOTINDIA,EQ,INE358A01014,ABBOTT INDIA LIMITED,28200.0,28805.0,27950.0,28515.0,28295.0,0.78,22010,627615150.0
2025-12-24,ABCAPITAL,EQ,INE674K01013,ADITYA BIRLA CAPITAL LTD.,347.0,355.35,346.25,347.4,346.8,0.17,4581179,1591501556.64
2025-12-24,ABCOTS,EQ,INE08PH01015,A B COTSPIN INDIA LIMITED,413.1,416.0,413.1,414.15,413.0,0.28,6944,2875857.56
2025-12-24,ABDL,EQ,INE552Z01027,ALLIED BLEND N DISTILS L,626.3,632.95,618.05,621.45,626.3,-0.77,177411,110252068.12
2025-12-24,ABFRL,EQ,INE647O01011,ADITYA BIRLA FASHION & RT,79.06,79.46,77.65,77.92,78.63,-0.9,10029867,781527218.27
2025-12-24,ABGSEC,EQ,INF209KC1134,BIRLASLAMC - ABGSEC,110.95,111.0,110.51,111.0,110.46,0.49,46,5106.0
2025-12-24,ABLBL,EQ,INE14LE01019,ADITYA BIRLA LIFES BRAN L,120.0,124.0,119.44,123.03,120.44,2.15,8572407,1054663222.75
2025-12-24,ABREL,EQ,INE055A01016,ADITYA BIRLA REAL EST LTD,1716.8,1743.0,1691.2,1697.8,1722.2,-1.42,79125,134338428.86
2025-12-24,ABSLAMC,EQ,INE404A01024,ADIT BIRL SUN LIF AMC LTD,780.0,781.55,771.0,773.7,775.85,-0.28,157387,121770323.82
2025-12-24,ABSLBANETF,EQ,INF209KB17D5,BIRLASLAMC - ABSLBANETF,60.1,60.72,60.1,60.41,60.52,-0.18,21318,1287820.38
2025-12-24,ABSLLIQUID,EQ,INF209KB18T9,BIRLASLAMC - ABSLLIQUID,1000.01,1000.01,1000.0,1000.0,1000.01,-0.0,591,591000.0
2025-12-24,ABSLNN50ET,EQ,INF209KB16D7,BIRLASLAMC - ABSLNN50ET,73.8,73.8,72.04,72.38,72.37,0.01,6762,489433.54
2025-12-24,ABSLPSE,EQ,INF209KB19Z4,BIRLASLAMC-ABSLPSE,10.14,10.14,9.99,10.01,10.02,-0.1,91327,914183.29
2025-12-24,ACC,EQ,INE012A01025,ACC LIMITED,1755.0,1760.1,1735.0,1739.4,1754.2,-0.84,419682,729994881.05
2025-12-24,ACCELYA,EQ,INE793A01012,ACCELYA SOLN INDIA LTD,1303.1,1308.0,1296.0,1299.0,1300.5,-0.12,19770,25681230.0
2025-12-24,ACE,EQ,INE731H01025,ACTION CONST EQUIP LTD,970.7,981.4,959.0,960.7,973.75,-1.34,98759,94877772.51
2025-12-24,ACEINTEG,EQ,INE543V01017,ACE INTEGRATED SOLU. LTD.,22.45,22.45,21.31,22.01,22.1,-0.41,748,16463.48
2025-12-24,ACI,EQ,INE128X01021,ARCHEAN CHEMICAL IND LTD,515.95,526.0,511.65,523.7,514.55,1.78,95763,50151084.27
2025-12-24,ACL,EQ,INE666E01020,ANDHRA CEMENTS LIMITED,68.2,70.0,67.2,69.72,68.2,2.23,7821,545280.13
2025-12-24,ACMESOLAR,EQ,INE622W01025,ACME SOLAR HOLDINGS LTD,237.49,242.4,235.0,237.06,235.94,0.47,836710,198350470.56
2025-12-24,ACUTAAS,EQ,INE00FF01025,ACUTAAS CHEMICALS LIMITED,1693.9,1693.9,1650.0,1653.3,1694.9,-2.45,177396,293288815.46
2025-12-24,ADANIENSOL,EQ,INE931S01010,ADANI ENERGY SOLUTION LTD,996.25,1007.0,990.1,996.55,994.6,0.2,317485,316389672.87
2025-12-24,ADANIENT,EQ,INE423A01024,ADANI ENTERPRISES LIMITED,2250.0,2258.8,2217.4,2222.7,2248.8,-1.16,825693,1835267790.78
2025-12-24,ADANIGREEN,EQ,INE364U01010,ADANI GREEN ENERGY LTD,1018.0,1024.3,1012.2,1015.0,1016.9,-0.19,835848,848385720.0
2025-12-24,ADANIPORTS,EQ,INE742F01042,ADANI PORT & SEZ LTD,1503.0,1507.2,1492.0,1494.3,1493.6,0.05,1318023,1969521833.26
2025-12-24,ADANIPOWER,EQ,INE814H01029,ADANI POWER LTD,144.7,144.7,142.67,143.16,144.3,-0.79,7905799,1131794213.79
2025-12-24,ADFFOODS,EQ,INE982B01027,ADF FOODS LIMITED,208.51,211.0,207.37,208.03,210.18,-1.02,31665,6587269.91
2025-12-24,ADL,EQ,INE0CHO01012,ARCHIDPLY DECOR LIMITED,79.59,83.5,78.5,79.94,79.59,0.44,63405,5068595.85
2025-12-24,ADOR,EQ,INE045A01017,ADOR WELDING LTD,1037.2,1047.8,1025.1,1029.8,1037.2,-0.71,4336,4465213.01
2025-12-24,ADROITINFO,EQ,INE737B01033,ADROIT INFOTECH LIMITED,11.4,11.4,10.21,10.58,10.6,-0.19,27845,294600.1
2025-12-24,ADSL,EQ,INE102I01027,ALLIED DIGITAL SERV. LTD,158.31,159.88,155.23,156.13,158.15,-1.28,78019,12181106.85
2025-12-24,ADVANCE,EQ,INE1B0W01010,ADVANCE AGROLIFE LIMITED,122.1,126.5,120.07,125.07,120.9,3.45,780839,97659533.49
2025-12-24,ADVANIHOTR,EQ,INE199C01026,ADVANI HOT.& RES.(I) LTD,57.97,58.58,57.02,57.12,57.78,-1.14,32469,1854629.25
2025-12-24,ADVENTHTL,EQ,INE28GN01010,ADVENT HOTELS INTERNATI L,240.05,244.5,236.9,241.4,245.06,-1.49,165551,39964010.39
2025-12-24,ADVENZYMES,EQ,INE837H01020,ADVANCED ENZYME TECH LTD,308.0,309.0,305.6,307.65,307.2,0.15,51827,15944576.23
2025-12-24,AEGISLOG,EQ,INE208C01025,AEGIS LOGISTICS LIMITED,735.8,739.25,725.0,725.95,734.45,-1.16,108809,78989894.88
2025-12-24,AEGISVOPAK,EQ,INE0INX01018,AEGIS VOPAK TERMINALS LTD,248.8,250.2,246.0,247.2,248.75,-0.62,262598,64914224.8
2025-12-24,AEQUS,EQ,INE947N01017,AEQUS LIMITED,142.84,144.3,139.0,139.63,142.33,-1.9,2953000,412327404.42
2025-12-24,AEROENTER,EQ,INE065D01027,AEROFLEX ENTERPRISES LTD,93.45,93.45,90.11,90.81,92.33,-1.65,177247,16095799.64
2025-12-24,AEROFLEX,EQ,INE024001021,AEROFLEX INDUSTRIES LTD,204.0,207.27,202.18,205.72,203.52,1.08,1117218,229834088.32
2025-12-24,AERONEU,EQ,INE035801013,AEROFLEX NEU LIMITED,80.99,80.99,77.12,77.36,78.88,-1.93,16192,1252613.13
2025-12-24,AETHER,EQ,INE0BWX01014,AETHER INDUSTRIES LIMITED,843.85,854.5,834.0,837.05,846.45,-1.11,128876,107875654.23
2025-12-24,AFCONS,EQ,INE101I01011,AFCONS INFRASTRUCTURE LTD,382.0,391.35,381.35,387.65,382.85,1.25,662375,256769664.71
2025-12-24,AFFLE,EQ,INE00WC01027,AFFLE 3I LIMITED,1778.7,1787.0,1750.2,1780.6,1766.0,0.83,259861,462708490.26
2025-12-24,AFFORDABLE,EQ,INE692Z01013,AFFORD ROBO & AUTO LTD,206.6,212.58,206.6,210.33,208.56,0.85,33217,6986531.67
2025-12-24,AFIL,EQ,INE916Y01027,AKME FINTRADE (INDIA) LTD,6.85,6.93,6.72,6.75,6.85,-1.46,929301,6272781.75
2025-12-24,AFSL,EQ,INE00ZE01026,ABANS FINANCIAL SRVCS LTD,201.25,202.84,201.2,202.37,201.09,0.64,2628,531828.35
2025-12-24,AGARIND,EQ,INE204E01012,AGARWAL INDS CORP LTD.,732.5,770.0,732.5,754.2,739.9,1.93,52368,39495946.24
2025-12-24,AGARWALEYE,EQ,INE943P01029,DR AGARWALS HEALTH CARE L,500.55,512.6,499.05,506.1,500.55,1.11,184763,93508555.43
2025-12-24,AGI,EQ,INE415A01038,AGI GREENPAC LIMITED,734.6,748.0,733.1,738.0,737.25,0.1,37483,27662454.0
2025-12-24,AGIIL,EQ,INE976R01033,AGI INFRA LIMITED,266.3,266.3,252.1,253.7,265.0,-4.26,1436263,364379918.72
2025-12-24,AGRITECH,EQ,INE449G01018,AGRI-TECH (INDIA) LIMITED,164.89,164.9,158.0,162.58,160.34,1.4,6390,1038886.21
2025-12-24,AGROPHOS,EQ,INE740V01019,AGRO PHOS INDIA LIMITED,40.02,40.02,39.21,39.83,40.02,-0.47,15489,616926.9
2025-12-24,AHCL,EQ,INE0Y8W01025,ANLON HEALTHCARE LIMITED,14.06,14.3,13.82,13.98,13.85,0.95,585980,8191414.47
2025-12-24,AHLADA,EQ,INE00PV01013,AHLADA ENGINEERS LIMITED,50.59,50.95,49.52,50.49,50.17,0.64,10926,551653.76
2025-12-24,AHLEAST,EQ,INE926K01017,ASIAN HOTELS (EAST) LTD,134.0,136.7,133.33,135.83,134.0,1.37,516,70088.28
2025-12-24,AHLUCONT,EQ,INE758C01029,AHLUWALIA CONT IND LTD,990.3,997.7,971.4,974.7,985.15,-1.06,19834,19332200.04
2025-12-24,AIAENG,EQ,INE212H01026,AIA ENGINEERING LIMITED,3900.6,3999.0,3870.2,3941.9,3900.6,1.06,105669,416536620.78
2025-12-24,AIIL,EQ,INE206F01022,AUTHUM INVEST & INFRA LTD,577.6,586.38,576.82,584.36,576.76,1.32,279445,163296476.11
2025-12-24,AIRAN,EQ,INE645W01026,AIRAN LIMITED,18.9,18.9,18.0,18.17,18.59,-2.26,69549,1263705.34
2025-12-24,AIROLAM,EQ,INE801L01010,AIRO LAM LIMITED,104.45,104.45,103.55,103.55,103.64,-0.09,1936,200472.81
2025-12-24,AJANTPHARM,EQ,INE031B01049,AJANTA PHARMA LIMITED,2747.0,2824.0,2712.9,2734.5,2668.1,2.49,1012518,2768730471.0
2025-12-24,AJAXENGG,EQ,INE274Y01021,AJAX ENGINEERING LIMITED,607.0,607.0,595.0,597.45,599.65,-0.37,33208,19840120.01
2025-12-24,AJMERA,EQ,INE298G01035,AJMERA REALTY & INF I LTD,190.1,190.6,187.46,188.9,189.76,-0.45,178395,33698814.41
2025-12-24,AJOONI,EQ,INE820Y01021,AJOONI BIOTECH LIMITED,4.41,4.56,4.39,4.47,4.39,1.82,216578,968103.61
2025-12-24,AKASH,EQ,INE737W01013,AKASH INFRA-PROJECTS LTD,25.55,26.09,25.55,25.65,25.4,0.98,1631,41835.15
2025-12-24,AKG,EQ,INE00Y801016,AKG EXIM LIMITED,12.03,12.69,12.03,12.52,12.23,2.37,38927,487366.06
2025-12-24,AKSHAR,EQ,INE256Z01025,AKSHAR SPINTEX LIMITED,0.52,0.54,0.52,0.52,0.52,0.0,472571,245736.91
2025-12-24,AKUMS,EQ,INE09XN01023,AKUMS DRUGS AND PHARMA L,447.1,453.2,444.95,446.3,452.15,-1.29,179241,79995256.11
2025-12-24,ALANKIT,EQ,INE914E01040,ALANKIT LIMITED,10.79,11.02,10.7,10.91,10.79,1.11,130336,1421965.74
2025-12-24,ALBERTDAVD,EQ,INE155C01010,ALBERT DAVID LIMITED,750.8,759.0,746.05,748.8,750.3,-0.2,1419,1062547.18
2025-12-24,ALEMBICLTD,EQ,INE426A01027,ALEMBIC LIMITED,101.85,102.92,101.0,101.11,101.84,-0.72,178235,18021340.96
2025-12-24,ALICON,EQ,INE062D01024,ALICON CASTALLOY LIMITED,838.5,846.9,819.0,830.35,842.5,-1.44,9270,7697344.27
2025-12-24,ALIVUS,EQ,INE03Q201024,ALIVUS LIFE SCIENCES LTD,912.0,917.4,903.0,904.65,912.0,-0.81,21653,19588386.98
2025-12-24,ALKALI,EQ,INE773I01017,ALKALI METALS LTD,78.5,79.4,78.1,78.7,79.15,-0.57,848,66737.6
2025-12-24,ALKEM,EQ,INE540L01014,ALKEM LABORATORIES LTD.,5570.0,5593.0,5534.0,5566.0,5597.0,-0.55,41257,229636462.0
2025-12-24,ALKYLAMINE,EQ,INE150B01039,ALKYL AMINES CHEM. LTD,1608.0,1637.1,1590.0,1603.4,1611.6,-0.51,25942,41595403.43
2025-12-24,ALLCARGO,EQ,INE418H01029,ALLCARGO LOGISTICS LTD,10.79,11.0,10.73,10.79,10.75,0.37,3297293,35577791.34
2025-12-24,ALLDIGI,EQ,INE835G01018,ALLDIGI TECH LIMITED,827.0,843.95,814.5,820.0,821.65,-0.2,3988,3270160.0
2025-12-24,ALLTIME,EQ,INE0GV601021,ALL TIME PLASTICS LIMITED,267.0,271.7,261.85,266.55,270.25,-1.37,56662,15103255.41
2025-12-24,ALMONDZ,EQ,INE326B01035,ALMONDZ GLOBAL SEC LTD,17.5,18.2,17.11,17.4,17.27,0.75,135045,2349782.95
2025-12-24,ALOKINDS,EQ,INE270A01029,ALOK INDUSTRIES LIMITED,16.7,16.8,16.51,16.58,16.85,-1.6,4342694,72001866.19
2025-12-24,ALPA,EQ,INE385I01010,ALPA LABORATORIES LTD,79.11,79.11,77.45,78.37,77.19,1.53,12237,959013.72
2025-12-24,ALPHA,EQ,INF174KA1IA5,KOTAKMAMC - KOTAKALPHA,47.67,49.23,47.67,48.81,48.9,-0.18,904189,44133466.33
2025-12-24,ALPHAETF,EQ,INF769K01KU7,MIRAEAMC - ALPHAETF,25.42,25.42,25.1,25.12,25.27,-0.59,326969,8213461.55
2025-12-24,ALPL30IETF,EQ,INF109KC17V7,ICICIPRAMC - ICICIALPLV,28.05,28.14,27.97,28.02,28.05,-0.11,574901,16108726.28
2025-12-24,AMBER,EQ,INE371P01015,AMBER ENTERPRISES (I) LTD,6655.0,6770.0,6613.0,6660.0,6654.5,0.08,110715,737361900.0
2025-12-24,AMBICAAGAR,EQ,INE792B01012,AMBICA AGAR & AROMAINDLTD,25.25,25.95,25.0,25.42,25.25,0.67,9579,243498.18
2025-12-24,AMBIKCO,EQ,INE540G01014,AMBIKA COTTON MILL LTD.,1271.1,1275.0,1260.0,1268.2,1271.1,-0.23,2581,3273224.07
2025-12-24,AMBUJACEM,EQ,INE079A01024,AMBUJA CEMENTS LTD,550.0,553.4,547.6,548.1,546.9,0.22,2136787,1171172902.53
2025-12-24,AMJLAND,EQ,INE606A01024,AMJ LAND HOLDINGS LIMITED,51.9,52.47,51.0,51.29,51.76,-0.91,12816,657332.65
2025-12-24,AMNPLST,EQ,INE275D01022,AMINES & PLASTICIZERS LTD,204.9,205.7,192.15,194.56,202.77,-4.05,10517,2046187.49
2025-12-24,AMRUTANJAN,EQ,INE098F01031,AMRUTAJAN HEALTH LTD,682.45,685.2,674.05,675.5,682.45,-1.02,5289,3572719.5
2025-12-24,ANANDRATHI,EQ,INE463V01026,ANAND RATHI WEALTH LTD,1515.0,1542.5,1512.45,1531.25,1515.25,1.06,252772,387057125.0
2025-12-24,ANANTRAJ,EQ,INE242C01024,ANANT RAJ LIMITED,557.1,573.9,555.0,566.8,558.25,1.53,1880938,1066115635.44
2025-12-24,ANDHRAPAP,EQ,INE435A01051,ANDHRA PAPER LIMITED,68.5,68.59,66.25,67.23,67.8,-0.84,53077,3568366.89
2025-12-24,ANDHRSUGAR,EQ,INE715B01021,ANDHRA SUGARS LTD,76.21,76.55,75.2,75.59,76.21,-0.81,95307,7204255.78
2025-12-24,ANGELONE,EQ,INE732I01021,ANGEL ONE LIMITED,255.0,257.6,252.01,252.38,255.71,-1.3,4103740,1035701921.24
2025-12-24,ANIKINDS,EQ,INE087B01017,ANIK INDUSTRIES LTD,53.92,53.92,51.81,52.02,52.46,-0.84,8320,432806.4
2025-12-24,ANNAPURNA,EQ,INE0MGM01017,ANNAPURNA SWADISHT LTD,218.65,223.8,211.0,211.7,218.05,-2.91,633750,134164873.07
2025-12-24,ANTELOPUS,EQ,INE818A01017,ANTELOPUS SELAN ENRGY LTD,424.7,434.0,416.9,427.5,422.85,1.1,33319,14243872.5
2025-12-24,ANTGRAPHIC,EQ,INE414B01021,ANTARCTICA LTD,0.98,1.08,0.85,0.98,0.98,0.0,290980,285160.41
2025-12-24,ANTHEM,EQ,INE0CZ201020,ANTHEM BIOSCIENCES LTD,669.0,672.9,666.0,667.9,669.6,-0.25,64184,42868495.17
2025-12-24,ANUHPHR,EQ,INE489G01022,ANUH PHARMA LIMITED,77.02,79.38,76.7,78.17,78.56,-0.5,23701,1852707.13
2025-12-24,ANUP,EQ,INE294Z01018,THE ANUP ENGINEERING LTD,2210.0,2224.0,2191.1,2213.8,2205.1,0.39,18021,39894890.68
2025-12-24,ANURAS,EQ,INE930P01018,ANUPAM RASAYAN INDIA LTD,1312.0,1340.0,1307.1,1321.0,1332.4,-0.86,356028,470312988.0
2025-12-24,AONEGOLD,EQ,INF1J2R01114,AONEAMC - AONEGOLD,12.72,12.72,12.72,12.72,12.69,0.21,0,0.0
2025-12-24,AONELIQUID,EQ,INF1J2R01056,AONEAMC - AONELIQUID,1039.95,1039.97,1039.95,1039.96,1039.67,0.03,7414,7710263.15
2025-12-24,AONENIFTY,EQ,INF1J2R01064,AONEAMC - AONENIFTY,10.78,10.78,10.65,10.71,10.7,0.09,176191,1887005.62
2025-12-24,AONETOTAL,EQ,INF1J2R01015,AONEAMC - AONETOTAL,12.18,12.18,12.0,12.05,12.09,-0.33,434658,5237628.98
2025-12-24,APARINDS,EQ,INE372A01015,APAR INDUSTRIES LTD.,8925.0,8925.0,8666.0,8690.0,8891.5,-2.27,61120,531132800.0
2025-12-24,APCL,EQ,INE071F01012,ANJANI PORTLAND CEM LTD,122.0,122.0,119.1,120.78,121.35,-0.47,6955,840024.89
2025-12-24,APCOTEXIND,EQ,INE116A01032,APCOTEX INDUSTRIES LIMITE,392.5,392.5,380.0,380.6,390.4,-2.51,10211,3886306.66
2025-12-24,APEX,EQ,INE346W01013,APEX FROZEN FOODS LIMITED,280.0,280.55,274.1,276.15,278.95,-1.0,162946,44997536.91
2025-12-24,APLAPOLLO,EQ,INE702C01027,APL APOLLO TUBES LTD,1868.0,1874.6,1850.9,1858.6,1867.9,-0.5,251611,467644198.46
2025-12-24,APLLTD,EQ,INE901L01018,ALEMBIC PHARMA LTD,857.0,863.85,855.05,857.2,857.4,-0.02,41082,35215490.9
2025-12-24,APOLLO,EQ,INE713T01028,APOLLO MICRO SYSTEMS LTD,265.0,274.1,258.65,263.0,262.25,0.29,7759584,2040770592.0
2025-12-24,APOLLOHOSP,EQ,INE437A01024,APOLLO HOSPITALS ENTER. L,7070.0,7209.5,7044.5,7172.0,7073.5,1.39,351381,2520104532.0
2025-12-24,APOLLOPIPE,EQ,INE126J01016,APOLLO PIPES LIMITED,308.0,312.5,303.25,307.0,310.85,-1.24,49877,15312239.0
2025-12-24,APOLLOTYRE,EQ,INE438A01022,APOLLO TYRES LTD,512.8,513.95,507.05,511.7,512.1,-0.08,624578,319596570.22
2025-12-24,APOLSINHOT,EQ,INE451F01024,APOLLO SINDOORI HOTEL LTD,1237.1,1250.0,1222.3,1237.1,1228.2,0.72,335,414428.49
2025-12-24,APTUS,EQ,INE852O01025,APTUS VALUE HSG FIN I LTD,283.45,283.75,281.25,282.25,282.35,-0.04,310022,87503709.5
2025-12-24,AQYLON,EQ,INE416A01051,AQYLON NEXUS LIMITED,1561.0,1600.0,1551.6,1579.6,1594.8,-0.95,21019,33201611.89
2025-12-24,ARCHIDPLY,EQ,INE877I01016,ARCHIDPLY IND. LTD,89.99,91.94,88.01,90.23,90.56,-0.36,15389,1388549.52
2025-12-24,ARCHIES,EQ,INE731A01020,ARCHIES LTD,18.7,18.85,18.48,18.52,18.7,-0.96,17819,330007.89
2025-12-24,ARE&M,EQ,INE885A01032,AMARA RAJA ENERGY MOB LTD,936.6,937.2,923.8,925.35,932.05,-0.72,174716,161673446.33
2025-12-24,ARENTERP,EQ,INE610C01014,RAJDARSHAN INDUSTRIES LTD,48.5,49.0,47.4,48.3,46.73,3.36,1974,95344.2
2025-12-24,ARFIN,EQ,INE784R01023,ARFIN INDIA LIMITED,68.0,70.93,67.0,68.75,67.87,1.3,813682,55940637.5
2025-12-24,ARIHANTCAP,EQ,INE420B01036,ARIHANT CAPITAL MKTS LTD,93.95,96.9,92.11,92.45,93.86,-1.5,270884,25043224.97
2025-12-24,ARIHANTSUP,EQ,INE643K01018,ARIHANT SUPERSTRUCT LTD,314.3,316.3,310.5,313.95,312.7,0.4,97548,30625195.79
2025-12-24,ARIS,EQ,INE0H9P01028,ARISINFRA SOLUTIONS LTD,139.3,140.55,137.1,138.11,138.44,-0.24,560835,77456922.19
2025-12-24,ARKADE,EQ,INE0QRL01017,ARKADE DEVELOPERS LIMITED,139.28,141.13,135.0,137.24,138.61,-0.99,428959,58870335.52
2025-12-24,ARMANFIN,EQ,INE109C01017,ARMAN FIN SERV LTD,1489.4,1527.5,1468.1,1507.8,1489.4,1.24,16806,25340087.62
2025-12-24,AROGRANITE,EQ,INE210C01013,ARO GRANITE IND. LTD.,31.5,31.88,30.63,31.79,30.9,2.88,5614,178469.07
2025-12-24,ARROWGREEN,EQ,INE570D01018,ARROW GREENTECH LIMITED,514.0,519.45,509.55,514.9,513.95,0.18,13580,6992342.33
2025-12-24,ARSSBL,EQ,INE549H01021,ANAND RATHI SH N STK BR L,662.5,676.3,651.7,656.1,660.5,-0.67,1043060,684351640.53
2025-12-24,ARTEMISMED,EQ,INE025R01021,ARTEMIS MED SERVICE LTD,272.2,277.75,271.9,275.0,274.65,0.13,76104,20928600.0
2025-12-24,ARTNIRMAN,EQ,INE738V01013,ART NIRMAN LIMITED,49.29,49.5,48.12,48.35,47.35,2.11,1230,59470.5
2025-12-24,ARVEE,EQ,INE006Z01016,ARVEE LABORATORIES I LTD,246.0,257.0,246.0,254.87,245.35,3.88,8728,2224505.32
2025-12-24,ARVIND,EQ,INE034A01011,ARVIND LIMITED,317.8,318.95,313.0,313.9,317.85,-1.24,245529,77071551.6
2025-12-24,ARVINDFASN,EQ,INE955V01021,ARVIND FASHIONS LIMITED,518.95,530.5,513.1,516.0,515.9,0.02,199731,103061196.0
2025-12-24,ARVSMART,EQ,INE034S01021,ARVIND SMARTSPACES LTD,611.95,615.95,605.2,607.6,615.0,-1.2,12003,7293022.51
2025-12-24,ASAHIINDIA,EQ,INE439A01020,ASAHI INDIA GLASS LIMITED,990.0,990.1,966.0,969.9,986.3,-1.66,47997,46552291.47
2025-12-24,ASAL,EQ,INE900C01027,AUTOMOTIVE STAMPINGS & AS,489.0,497.95,479.7,484.2,489.75,-1.13,21993,10649010.87
2025-12-24,ASALCBR,EQ,INE073G01016,ASSO ALCOHOLS & BREW LTD,950.6,1014.9,950.4,964.55,950.55,1.47,94694,91337096.54
2025-12-24,ASHAPURMIN,EQ,INE348A01023,ASHAPURA MINECHEM LTD,866.0,901.5,862.15,877.55,862.95,1.69,1398656,1227390555.73
2025-12-24,ASHIANA,EQ,INE365D01021,ASHIANA HOUSING LTD,295.45,297.05,292.65,293.85,295.35,-0.51,13726,4033385.18
2025-12-24,ASHIMASYN,EQ,INE440A01010,ASHIMA LTD,19.5,19.51,18.45,18.59,19.11,-2.72,61845,1149698.56
2025-12-24,ASHOKA,EQ,INE442H01029,ASHOKA BUILDCON LTD,174.6,176.1,171.5,172.19,174.87,-1.53,576430,99255483.11
2025-12-24,ASHOKAMET,EQ,INE760Y01011,ASHOKA METCAST LIMITED,15.51,15.91,15.5,15.6,15.77,-1.08,15563,242782.81
2025-12-24,ASHOKLEY,EQ,INE208A01029,ASHOK LEYLAND LTD,178.1,178.3,174.76,175.31,177.96,-1.49,8846615,1550900054.05
2025-12-24,ASIANENE,EQ,INE276G01015,ASIAN ENERGY SERVICES LTD,292.0,300.9,289.5,295.45,290.4,1.74,64659,19103502.34
2025-12-24,ASIANHOTNR,EQ,INE363A01022,ASIAN HOTELS (NORTH) LTD,320.6,322.45,315.2,317.6,319.05,-0.45,15925,5057780.1
2025-12-24,ASIANPAINT,EQ,INE021A01026,ASIAN PAINTS LIMITED,2807.8,2824.7,2782.0,2785.5,2807.8,-0.79,512144,1426577112.0
2025-12-24,ASIANTILES,EQ,INE022I01019,ASIAN GRANITO IND. LTD.,73.0,78.8,72.01,77.88,73.35,6.18,12995611,1012098148.99
2025-12-24,ASKAUTOLTD,EQ,INE491J01022,ASK AUTOMOTIVE LIMITED,503.0,503.0,493.0,498.3,497.05,0.25,112654,56135486.82
2025-12-24,ASPINWALL,EQ,INE991I01015,ASPINWALL & CO LTD,231.5,231.5,230.66,230.86,232.78,-0.82,259,59792.74
2025-12-24,ASTEC,EQ,INE563J01010,ASTEC LIFESCIENCES LTD,725.0,731.95,711.2,716.7,730.8,-1.93,78671,56383506.66
2025-12-24,ASTERDM,EQ,INE914M01019,ASTER DM QUALITY CARE LTD,594.5,599.75,591.0,597.2,597.35,-0.03,841675,502648320.27
2025-12-24,ASTRAL,EQ,INE006I01046,ASTRAL LIMITED,1419.9,1423.0,1392.2,1396.6,1417.0,-1.44,342797,478750281.83
2025-12-24,ASTRAMICRO,EQ,INE386C01029,ASTRA MICROWAVE LTD,949.15,975.65,945.7,970.25,949.15,2.22,245628,238320567.0
2025-12-24,ASTRAZEN,EQ,INE203A01020,ASTRAZENECA PHARMA IND LT,9120.0,9190.5,9076.0,9168.0,9139.5,0.31,4561,41815248.0
2025-12-24,ATALREAL,EQ,INE0ALR01029,ATAL REALTECH LIMITED,25.78,25.78,25.39,25.54,25.37,0.67,1706635,43587459.46
2025-12-24,ATAM,EQ,INE09KD01013,ATAM VALVES LIMITED,84.7,85.99,81.65,83.34,84.14,-0.95,4137,344777.56
2025-12-24,ATGL,EQ,INE399L01023,ADANI TOTAL GAS LIMITED,565.1,569.35,561.0,565.2,563.4,0.32,554316,313299409.97
2025-12-24,ATHERENERG,EQ,INE0LEZ01016,ATHER ENERGY LIMITED,708.5,739.45,707.0,721.75,706.35,2.18,3430861,2476223926.75
2025-12-24,ATL,EQ,INE0NN701020,ALLCARGO TERMINALS LTD,28.75,29.39,27.7,27.95,28.64,-2.41,380778,10642745.39
2025-12-24,ATLANTAA,EQ,INE285H01022,ATLANTAA LIMITED,42.2,44.58,41.61,44.04,42.46,3.72,56418,2484648.77
2025-12-24,ATLANTAELE,EQ,INE0Z4F01028,ATLANTA ELECTRICALS LTD,915.0,943.95,914.85,940.55,920.75,2.15,71156,66925774.93
2025-12-24,ATLASCYCLE,EQ,INE446A01025,ATLAS CYCLE (HARYANA) LTD,91.44,93.0,90.25,92.29,91.44,0.93,2197,202761.13
2025-12-24,ATUL,EQ,INE100A01010,ATUL LTD,6051.0,6090.0,6000.0,6055.0,6090.5,-0.58,33571,203272405.0
2025-12-24,ATULAUTO,EQ,INE951D01028,ATUL AUTO LIMITED,440.65,448.6,439.5,441.45,439.2,0.51,56966,25147641.4
2025-12-24,AUBANK,EQ,INE949L01017,AU SMALL FINANCE BANK LTD,985.0,987.8,972.55,974.05,980.35,-0.64,1552265,1511983704.3
2025-12-24,AURIONPRO,EQ,INE132H01018,AURIONPRO SOLN LTD,1167.0,1174.3,1122.1,1126.6,1167.0,-3.46,127224,143330555.29
2025-12-24,AUROPHARMA,EQ,INE406A01037,AUROBINDO PHARMA LTD,1220.9,1226.7,1208.7,1211.4,1218.0,-0.54,253901,307575677.6
2025-12-24,AURUM,EQ,INE898S01029,AURUM PROPTECH LIMITED,188.4,195.75,187.8,189.19,188.05,0.61,324139,61323858.2
2025-12-24,AURUS,EQ,INE142K01011,AURUS GEM CORP LIMITED,4.93,4.93,4.75,4.84,4.84,0.0,13040,63113.6
2025-12-24,AUSOMENT,EQ,INE218C01016,AUSOM ENTERPRISE LIMITED,113.5,113.89,110.41,113.08,111.87,1.08,6592,745423.37
2025-12-24,AUTOAXLES,EQ,INE449A01011,AUTOMOTIVE AXLES LIMITED,1879.3,1879.3,1818.0,1844.2,1870.0,-1.38,8152,15033918.0
2025-12-24,AUTOBEES,EQ,INF204KC1337,NIPPONAMC - NETFAUTO,282.98,287.39,282.97,285.75,285.97,-0.08,122336,34957512.0
2025-12-24,AUTOIETF,EQ,INF109KC10V2,ICICIPRAMC - ICICIAUTO,28.6,28.76,28.55,28.63,28.6,0.1,258192,7392036.74
2025-12-24,AUTOIND,EQ,INE718H01014,AUTOLINE INDUSTRIES LTD,81.84,83.7,80.71,81.56,81.84,-0.34,225369,18381095.09
2025-12-24,AVADHSUGAR,EQ,INE349W01017,AVADH SUG & ENERGY LTD,379.4,380.05,370.5,371.85,377.4,-1.47,11348,4219753.87
2025-12-24,AVALON,EQ,INE0LCL01028,AVALON TECHNOLOGIES LTD,871.5,909.95,865.75,879.1,872.75,0.73,243446,214013372.66
2025-12-24,AVANTEL,EQ,INE005B01027,AVANTEL LIMITED,164.0,164.4,160.5,161.54,162.49,-0.58,1151022,185936086.15
2025-12-24,AVANTIFEED,EQ,INE871C01038,AVANTI FEEDS LIMITED,856.9,857.8,818.45,821.3,856.9,-4.15,478690,393148091.16
2025-12-24,AVL,EQ,INE679V01027,ADITYA VISION LIMITED,513.8,514.0,501.5,508.65,506.25,0.47,121089,61591919.11
2025-12-24,AVONMORE,EQ,INE323B01024,AVONMORE CAP&MGT SERV LTD,19.0,19.6,18.52,19.11,19.03,0.42,593605,11343791.91
2025-12-24,AVROIND,EQ,INE652Z01025,AVRO INDIA LIMITED,12.16,12.34,11.9,11.93,12.01,-0.71,72010,858719.26
2025-12-24,AVTNPL,EQ,INE488D01021,AVT NATURAL PRODUCTS LTD,66.2,67.42,66.01,66.52,66.21,0.47,26397,1755928.35
2025-12-24,AWFIS,EQ,INE108V01019,AWFIS SPACE SOLUTIONS LTD,502.0,508.0,491.85,494.4,500.15,-1.15,110994,54875432.92
2025-12-24,AWHCL,EQ,INE01BK01022,ANTONY WASTE HDG CELL LTD,527.95,531.9,516.15,522.0,537.05,-2.8,581421,303501762.0
2025-12-24,AWL,EQ,INE699H01024,AWL AGRI BUSINESS LIMITED,239.0,240.5,236.5,236.95,239.35,-1.0,1209241,286529651.26
2025-12-24,AXISBANK,EQ,INE238A01034,AXIS BANK LIMITED,1230.0,1235.4,1224.7,1226.3,1225.0,0.11,3155506,3869597161.88
2025-12-24,AXISCADES,EQ,INE555B01013,AXISCADES TECH LTD,1346.2,1385.0,1331.0,1344.9,1354.1,-0.68,48055,64629170.67
2025-12-24,AXITA,EQ,INE02EZ01022,AXITA COTTON LIMITED,11.86,11.91,11.85,11.86,11.79,0.62,794150,9421506.54
2025-12-24,AYMSYNTEX,EQ,INE193B01039,AYM SYNTEX LIMITED,155.02,163.0,154.97,162.14,155.02,4.59,23741,3849365.73
2025-12-24,AZAD,EQ,INE02IJ01035,AZAD ENGINEERING LIMITED,1661.5,1684.8,1650.8,1656.0,1661.9,-0.36,49152,81395712.0
2025-12-24,BAGFILMS,EQ,INE116D01028,B.A.G FILMS AND MEDIA LTD,6.35,6.53,6.32,6.4,6.38,0.31,35784,229017.6
2025-12-24,BAIDFIN,EQ,INE020D01022,BAID FINSERV LIMITED,11.9,11.98,11.55,11.71,11.79,-0.68,126103,1476666.13
2025-12-24,BAJAJ-AUTO,EQ,INE917I01010,BAJAJ AUTO LIMITED,9100.0,9194.5,9070.0,9170.0,9099.0,0.78,167717,1537964890.0
2025-12-24,BAJAJCON,EQ,INE933K01021,BAJAJ CONSUMER CARE LTD,265.4,270.0,263.85,265.95,265.4,0.21,243432,64740743.37
2025-12-24,BAJAJELEC,EQ,INE193E01025,BAJAJ ELECT.LTD,485.0,488.25,479.0,485.35,485.0,0.07,103360,50165776.63
2025-12-24,BAJAJFINSV,EQ,INE918I01026,BAJAJ FINSERV LTD.,2048.5,2064.5,2024.3,2035.7,2047.6,-0.58,1344198,2736383802.97
2025-12-24,BAJAJHCARE,EQ,INE411U01027,BAJAJ HEALTHCARE LIMITED,415.95,434.85,414.3,426.15,415.65,2.53,283211,120690365.92
2025-12-24,BAJAJHFL,EQ,INE377Y01014,BAJAJ HOUSING FINANCE LTD,95.91,96.0,95.0,95.16,95.85,-0.72,5148917,489970960.58
2025-12-24,BAJAJHIND,EQ,INE306A01021,BAJAJ HINDUSTHAN SUGAR LT,18.85,19.07,18.5,18.56,18.85,-1.54,3449129,64015832.4
2025-12-24,BAJAJHLDNG,EQ,INE118A01012,BAJAJ HOLDINGS & INVS LTD,11240.0,11302.0,11198.0,11224.0,11279.0,-0.49,16358,183602192.0
2025-12-24,BAJAJINDEF,EQ,INE0O9T01021,INDEF MANUFACTURING LTD,329.9,354.7,328.05,341.15,325.1,4.94,107438,36652473.04
2025-12-24,BAJEL,EQ,INE0KQN01018,BAJEL PROJECTS LIMITED,175.01,178.9,174.0,175.8,176.46,-0.37,134239,23599216.61
2025-12-24,BAJFINANCE,EQ,INE296A01032,BAJAJ FINANCE LIMITED,1011.0,1037.4,1006.0,1011.7,1011.4,0.03,5984816,6054838420.26
2025-12-24,BALAJEE,EQ,INE0S2G01011,SHREE TIRUPATI BALAJEE L,41.0,42.3,40.2,41.95,40.61,3.3,239869,10062504.73
2025-12-24,BALAJITELE,EQ,INE794B01026,BALAJI TELEFILMS LIMITED.,111.49,121.88,111.49,117.59,111.49,5.47,1242973,146161190.52
2025-12-24,BALAMINES,EQ,INE050E01027,BALAJI AMINES LIMITED,1125.5,1146.1,1124.0,1125.7,1126.5,-0.07,44524,50120664.63
2025-12-24,BALAXI,EQ,INE618N01022,BALAXI PHARMA LTD,28.51,29.47,27.98,28.33,28.9,-1.97,87695,2484399.34
2025-12-24,BALKRISHNA,EQ,INE875R01011,BALKRISHNA PAPER MILLS L,18.4,19.19,17.85,18.4,18.4,0.0,45454,836353.58
2025-12-24,BALKRISIND,EQ,INE787D01026,BALKRISHNA IND. LTD,2310.0,2310.6,2292.0,2299.2,2309.9,-0.46,68924,158470057.43
2025-12-24,BALMLAWRIE,EQ,INE164A01016,BALMER LAWRIE & CO LTD,185.0,187.8,183.0,184.04,183.06,0.54,250524,46106435.28
2025-12-24,BALPHARMA,EQ,INE083D01012,BAL PHARMA LTD.,74.2,74.31,72.51,73.34,73.83,-0.66,6414,470402.74
2025-12-24,BALRAMCHIN,EQ,INE119A01028,BALRAMPUR CHINI MILLS LTD,442.8,444.5,438.1,440.3,442.8,-0.56,167970,73957188.95
2025-12-24,BALUFORGE,EQ,INE011E01029,BALU FORGE INDUSTRIES LTD,618.0,621.85,612.0,612.5,616.95,-0.72,164200,100572500.0
2025-12-24,BANARBEADS,EQ,INE655B01011,BANARAS BEADS LTD,133.98,133.99,128.01,129.89,131.11,-0.93,4523,587492.47
2025-12-24,BANARISUG,EQ,INE459A01010,BANNARI AMMAN SUGARS LTD,3623.7,3639.0,3601.8,3638.4,3601.8,1.02,131,476630.39
2025-12-24,BANCOINDIA,EQ,INE213C01025,BANCO PRODUCTS (I) LTD,701.85,703.7,695.0,698.9,701.8,-0.41,137901,96379012.27
2025-12-24,BANDHANBNK,EQ,INE545U01014,BANDHAN BANK LIMITED,149.9,149.9,146.13,146.33,149.34,-2.02,3955280,578776129.64
2025-12-24,BANG,EQ,INE863I01016,BANG OVERSEAS LTD.,49.7,50.43,49.04,49.33,49.09,0.49,7237,357001.22
2025-12-24,BANKA,EQ,INE862Y01015,BANKA BIOLOO LIMITED,64.52,66.88,64.5,64.89,66.37,-2.23,4637,300894.93
2025-12-24,BANKADD,EQ,INF740KA1RX3,DSPAMC - DSPBANK,60.7,60.7,60.28,60.32,60.43,-0.18,2605,157133.6
2025-12-24,BANKBARODA,EQ,INE028A01039,BANK OF BARODA,293.6,293.8,289.9,290.55,292.5,-0.67,3727361,1082984693.05
2025-12-24,BANKBEES,EQ,INF204KB15I9,NIP IND ETF BANK BEES,610.65,613.0,609.47,610.18,610.64,-0.08,515146,314331782.51
2025-12-24,BANKBETA,EQ,INF789F1AUV1,UTIAMC-BANKBETA,61.45,61.68,60.91,60.95,61.08,-0.21,13279,809355.06
2025-12-24,BANKBETF,EQ,INF0QA701714,BFAM - BANKBETF,59.95,60.25,59.82,59.83,60.02,-0.32,29720,1778147.65
2025-12-24,BANKETF,EQ,INF769K01KR3,MIRAEAMC - BANKETF,601.16,602.91,599.68,600.27,601.1,-0.14,7877,4728326.94
2025-12-24,BANKIETF,EQ,INF109KC15I8,ICICIPRAMC - IPRU5008,60.87,60.88,60.42,60.48,60.59,-0.18,95364,5767614.68
2025-12-24,BANKINDIA,EQ,INE084A01016,BANK OF INDIA,141.21,141.65,139.37,139.78,140.89,-0.79,4090710,571799438.81
2025-12-24,BANKNIFTY1,EQ,INF174KA1ZB7,KOTAKMAMC-KOTAKBKETF,616.59,616.59,610.53,611.16,612.59,-0.23,13204,8069756.29
2025-12-24,BANKPSU,EQ,INF769K01LZ4,MIRAEAMC - BANKPSU,83.85,84.1,83.24,83.41,83.86,-0.54,50261,4192270.19
2025-12-24,BANSALWIRE,EQ,INE0B9K01025,BANSAL WIRE INDUSTRIES L,313.3,313.85,310.0,311.05,313.9,-0.91,27467,8543610.01
2025-12-24,BANSWRAS,EQ,INE629D01020,BANSWARA SYNTEX LIMITED,115.0,115.0,113.64,114.53,114.55,-0.02,5018,574711.53
2025-12-24,BASF,EQ,INE373A01013,BASF INDIA LTD,3890.0,3925.0,3867.5,3909.7,3915.0,-0.14,12030,47033690.41
2025-12-24,BATAINDIA,EQ,INE176A01028,BATA INDIA LTD,955.0,955.0,946.5,949.6,950.4,-0.08,46840,44479262.86
2025-12-24,BAYERCROP,EQ,INE462A01022,BAYER CROPSCIENCE LTD,4469.0,4550.6,4455.6,4526.9,4456.6,1.58,25153,113865113.24
2025-12-24,BBETF0432,EQ,INF754K01OB1,EDELAMC - BBETF0432,1307.65,1309.98,1307.01,1307.01,1304.81,0.17,767,1002476.68
2025-12-24,BBL,EQ,INE464A01036,BHARAT BIJLEE LTD,2752.2,2769.7,2717.0,2727.2,2752.2,-0.91,16476,44933346.4
2025-12-24,BBNPNBETF,EQ,INF251K01TL6,BARODABNP - BBNPNBETF,59.41,59.93,59.41,59.71,59.75,-0.07,1761,105149.31
2025-12-24,BBNPPGOLD,EQ,INF251K01SU9,BARODABNP - BBNPPGOLD,135.15,135.15,132.2,132.4,132.5,-0.08,80178,10615566.71
2025-12-24,BBOX,EQ,INE676A01027,BLACK BOX LIMITED,515.15,536.0,511.5,532.8,514.65,3.53,422287,224994508.45
2025-12-24,BBTC,EQ,INE050A01025,BOMBAY BURMAH TRADING COR,1910.0,1925.0,1856.0,1862.7,1894.2,-1.66,39083,72799902.19
2025-12-24,BBTCL,EQ,INE01EE01011,B&B TRIPLEWALL CONT LTD,194.95,194.95,187.0,192.04,190.36,0.88,7722,1482932.83
2025-12-24,BCG,EQ,INE425B01027,BRIGHTCOM GROUP LIMITED,10.6,10.7,10.35,10.48,10.76,-2.6,11050956,115814013.82
2025-12-24,BCLIND,EQ,INE412G01024,BCL INDUSTRIES LIMITED,32.35,32.91,32.01,32.08,32.35,-0.83,413396,13261744.44
2025-12-24,BCONCEPTS,EQ,INE977Y01011,BRAND CONCEPTS LIMITED,323.0,330.0,316.55,318.6,323.25,-1.44,1467,467386.21
2025-12-24,BDL,EQ,INE171Z01026,BHARAT DYNAMICS LIMITED,1434.0,1498.0,1426.7,1481.2,1431.4,3.48,2713018,4018522129.13
2025-12-24,BEARDSELL,EQ,INE520H01022,BEARDSELL LIMITED,30.29,30.45,29.8,30.13,30.29,-0.53,11131,335377.02
2025-12-24,BECTORFOOD,EQ,INE495P01020,MRS BECTORS FOOD SPE LTD,239.0,242.8,230.0,230.9,237.2,-2.66,451617,104278362.54
2025-12-24,BEDMUTHA,EQ,INE844K01012,BEDMUTHA INDUST LTD,113.98,114.5,107.9,113.05,110.08,2.7,17763,2008107.2
2025-12-24,BEL,EQ,INE263A01024,BHARAT ELECTRONICS LTD,399.0,403.65,397.6,400.0,399.4,0.15,8097208,3238883200.0
2025-12-24,BELLACASA,EQ,INE344T01014,BELLA CASA FASH AND RET L,387.05,390.15,376.0,378.45,382.6,-1.08,3417,1293163.69
2025-12-24,BELRISE,EQ,INE894V01022,BELRISE INDUSTRIES LTD,170.99,177.28,168.0,172.83,168.23,2.73,39732761,6867013156.38
2025-12-24,BEML,EQ,INE258A01024,BEML LIMITED,1837.0,1874.0,1828.8,1867.9,1837.0,1.68,320922,599450211.64
2025-12-24,BEPL,EQ,INE922A01025,BHANSALI ENG. POLYMERS LT,90.39,91.55,89.46,90.28,89.56,0.8,375862,33932820.9
2025-12-24,BERGEPAINT,EQ,INE463A01038,BERGER PAINTS (I) LTD,545.0,556.7,542.1,555.15,544.05,2.04,287246,159464623.91
2025-12-24,BESTAGRO,EQ,INE052T01021,BEST AGROLIFE LIMITED,25.73,26.0,25.57,25.81,25.72,0.35,485805,12537007.09
2025-12-24,BETA,EQ,INE351Y01019,BETA DRUGS LIMITED,1615.0,1615.0,1577.9,1590.3,1578.3,0.76,3029,4817018.85
2025-12-24,BFINVEST,EQ,INE878K01010,BF INVESTMENT LIMITED,424.05,431.0,418.2,419.8,420.95,-0.27,19027,7987534.37
2025-12-24,BFSI,EQ,INF769K01HI8,MIRAEAMC - MAFSETF,27.65,28.74,27.65,28.5,28.5,0.0,821695,23418307.5
2025-12-24,BFUTILITIE,EQ,INE243D01012,BF UTILITIES LIMITED,695.8,722.8,695.8,708.0,694.4,1.96,29734,21051672.0
2025-12-24,BHAGCHEM,EQ,INE414D01027,BHAGIRADHA CHEM & INDS L,231.5,236.79,224.26,226.77,230.59,-1.66,373408,84677733.76
2025-12-24,BHAGYANGR,EQ,INE458B01036,BHAGYANAGAR INDIA LIMITED,140.38,145.93,140.38,145.93,138.99,4.99,167725,24476108.02
2025-12-24,BHANDARI,EQ,INE474E01029,BHANDARI HOSIERY EXP LTD,3.97,4.02,3.94,3.96,3.98,-0.5,210315,832847.41
2025-12-24,BHARATFORG,EQ,INE465A01025,BHARAT FORGE LTD,1467.5,1470.6,1447.0,1450.5,1460.2,-0.66,406574,589735587.0
2025-12-24,BHARATRAS,EQ,INE838B01021,BHARAT RASAYAN LTD,2384.0,2384.0,2305.0,2325.0,2370.0,-1.9,16012,37227900.0
2025-12-24,BHARATSE,EQ,INE415D01024,BHARAT SEATS LIMITED,177.22,182.0,176.42,179.12,177.22,1.07,70772,12676680.29
2025-12-24,BHARATWIRE,EQ,INE316L01019,BHARAT WIRE ROPES LTD.,179.53,184.84,178.25,182.03,178.11,2.2,251692,45815494.45
2025-12-24,BHARTIARTL,EQ,INE397D01024,BHARTI AIRTEL LIMITED,2111.0,2137.2,2111.0,2123.7,2122.9,0.04,3145464,6680021743.21
2025-12-24,BHARTIHEXA,EQ,INE343G01021,BHARTI HEXACOM LIMITED,1807.0,1832.9,1794.0,1816.5,1806.9,0.53,79270,143993955.0
2025-12-24,BHEL,EQ,INE257A01026,BHEL,281.9,285.5,277.75,278.2,281.9,-1.31,5866008,1631923497.21
2025-12-24,BIGBLOC,EQ,INE412U01025,BIGBLOC CONSTRUCTION LTD,69.24,69.94,67.0,67.59,69.0,-2.04,147891,9995952.15
2025-12-24,BIKAJI,EQ,INE00E101023,BIKAJI FOODS INTERN LTD,746.9,748.1,735.0,741.6,746.9,-0.71,83483,61910990.76
2025-12-24,BIL,EQ,INE828A01016,BHARTIYA INTERNATIONAL,758.45,765.1,743.2,752.75,758.45,-0.75,1792,1348928.0
2025-12-24,BIOCON,EQ,INE376G01013,BIOCON LIMITED.,404.0,406.35,397.35,398.35,401.55,-0.8,2707789,1078647764.68
2025-12-24,BIOFILCHEM,EQ,INE829A01014,BIOFIL CHEM & PHARMA LTD,33.09,33.8,33.07,33.52,33.08,1.33,5505,184527.6
2025-12-24,BIRLACABLE,EQ,INE800A01015,BIRLA CABLE LIMITED,136.5,138.79,133.88,135.63,136.43,-0.59,29880,4052624.55
2025-12-24,BIRLACORPN,EQ,INE340A01012,BIRLA CORPORATION LTD,1088.1,1102.0,1070.2,1078.8,1088.1,-0.85,37926,40914570.65
2025-12-24,BIRLAMONEY,EQ,INE865C01022,ADITYA BIRLA MONEY LTD,146.01,148.2,145.7,146.19,147.1,-0.62,21668,3167644.97
2025-12-24,BIRLANU,EQ,INE557A01011,BIRLANU LIMITED,1541.8,1550.0,1500.1,1507.5,1544.5,-2.4,7454,11236905.0
2025-12-24,BLACKBUCK,EQ,INE0UIZ01018,BLACKBUCK LIMITED,641.85,675.45,636.5,670.7,642.6,4.37,993126,666089620.32
2025-12-24,BLAL,EQ,INE0N7W01012,BEML LAND ASSETS LIMITED,206.78,210.6,204.0,208.45,206.78,0.81,32557,6786506.55
2025-12-24,BLBLIMITED,EQ,INE791A01024,BLB LIMITED,15.09,15.09,13.75,13.97,14.22,-1.76,77575,1083722.77
2025-12-24,BLKASHYAP,EQ,INE350H01032,B.L.KASHYAP & SON LTD,51.75,52.2,50.81,51.15,52.03,-1.69,244106,12486022.27
2025-12-24,BLS,EQ,INE153T01027,BLS INTL SERVS LTD,323.5,324.45,321.5,323.85,322.5,0.42,486195,157454253.72
2025-12-24,BLSE,EQ,INE0NLT01010,BLS E-SERVICES LIMITED,205.5,219.78,203.71,214.62,205.93,4.22,664802,142679801.99
2025-12-24,BLUECOAST,EQ,INE472B01011,BLUE COAST HOTELS LIMITED,37.42,37.43,34.8,36.5,35.65,2.38,4170,152205.0
2025-12-24,BLUEDART,EQ,INE233B01017,BLUE DART EXPRESS LTD,5477.0,5495.0,5421.5,5440.0,5477.0,-0.68,7377,40130880.0
2025-12-24,BLUEJET,EQ,INE0KBH01020,BLUE JET HEALTHCARE LTD,554.0,555.0,536.0,538.5,549.55,-2.01,150329,80952166.5
2025-12-24,BLUESTARCO,EQ,INE472A01039,BLUE STAR LIMITED,1769.0,1792.8,1755.0,1777.4,1766.4,0.62,165843,294769352.25
2025-12-24,BLUESTONE,EQ,INE304W01038,BLUESTONE JEWEL LFSTL LTD,506.5,508.0,498.0,501.55,503.95,-0.48,238178,119458172.99
2025-12-24,BLUSPRING,EQ,INE0U4101014,BLUSPRING ENTERPRISES LTD,68.35,68.5,67.0,67.14,67.14,0.0,81524,5473521.31
2025-12-24,BMWVENTLTD,EQ,INE965W01036,BMW VENTURES LIMITED,58.14,58.75,58.14,58.29,58.52,-0.39,97663,5692776.36
2025-12-24,BNKETFAXIS,EQ,INF846K01X63,AXISAMC-BNKETFAXIS,610.9,610.9,607.4,607.99,608.73,-0.12,249,151389.51
2025-12-24,BODALCHEM,EQ,INE338D01028,BODAL CHEMICALS LTD,53.84,54.08,53.05,53.39,53.38,0.02,75116,4010443.19
2025-12-24,BOHRAIND,EQ,INE802W01023,BOHRA INDUSTRIES LIMITED,18.98,18.98,17.11,17.71,18.32,-3.33,5535,98024.84
2025-12-24,BOMDYEING,EQ,INE032A01023,BOMBAY DYEING & MFG. CO L,133.35,135.35,131.2,131.67,133.33,-1.25,469301,61792861.81
2025-12-24,BORANA,EQ,INE16SF01016,BORANA WEAVES LIMITED,294.0,302.9,294.0,296.5,304.8,-2.72,16174,4795591.0
2025-12-24,BOROLTD,EQ,INE02PY01013,BOROSIL LIMITED,294.0,298.0,286.2,287.5,293.5,-2.04,58225,16739687.5
2025-12-24,BORORENEW,EQ,INE666D01022,BOROSIL RENEWABLES LTD,550.0,554.0,543.0,544.35,549.0,-0.85,274528,149439310.1
2025-12-24,BOROSCI,EQ,INE02L001032,BOROSIL SCIENTIFIC LTD,120.0,121.25,118.11,118.54,119.96,-1.18,32385,3838917.93
2025-12-24,BOSCH-HCIL,EQ,INE782A01015,BOSCH HOME COMFRT IND LTD,1432.2,1508.4,1432.2,1466.0,1432.2,2.36,22642,33193172.0
2025-12-24,BOSCHLTD,EQ,INE323A01026,BOSCH LIMITED,36210.0,36470.0,36010.0,36195.0,36305.0,-0.3,16626,601778070.0
2025-12-24,BPCL,EQ,INE029A01011,BHARAT PETROLEUM CORP  LT,369.9,371.45,364.8,365.9,370.0,-1.11,2339154,855896434.32
2025-12-24,BPL,EQ,INE110A01019,BPL LTD,62.92,63.2,61.9,62.21,61.67,0.88,86657,5390931.89
2025-12-24,BRIGADE,EQ,INE791I01019,BRIGADE ENTER. LTD,656.96,664.2,653.62,659.62,659.59,0.01,123306,81335720.25
2025-12-24,BRIGHOTEL,EQ,INE03NU01014,BRIGADE HOTEL VENTURE LTD,71.0,71.86,70.0,70.37,71.43,-1.48,680144,47861735.15
2025-12-24,BRITANNIA,EQ,INE216A01030,BRITANNIA INDUSTRIES LTD,6065.0,6078.0,6004.0,6030.0,6061.0,-0.51,97580,588407400.0
2025-12-24,BRNL,EQ,INE727S01012,BHARAT ROAD NETWORK LTD,22.38,22.6,22.02,22.13,22.33,-0.9,47426,1049537.34
2025-12-24,BROOKS,EQ,INE650L01011,BROOKS LAB LIMITED,92.8,93.14,89.0,90.0,92.69,-2.9,42100,3789000.0
2025-12-24,BSE,EQ,INE118H01025,BSE LIMITED,2739.1,2749.0,2665.2,2670.9,2737.5,-2.43,3419371,9132797669.98
2025-12-24,BSE500IETF,EQ,INF109KC1V59,ICICIPRAMC - ICICI500,40.46,40.46,39.93,40.34,40.26,0.2,350784,14150626.61
2025-12-24,BSHSL,EQ,INE032Z01020,BOMBAY SUPER HYBRID SEEDS,108.0,117.5,103.6,113.6,100.12,13.46,962713,109364195.33
2025-12-24,BSL,EQ,INE594B01012,BSL LTD,154.5,155.68,153.32,153.83,155.81,-1.27,2931,450875.74
2025-12-24,BSLGOLDETF,EQ,INF209KB18D3,ADITYBIRLA SL GOLD ETF-GR,119.75,121.37,119.37,120.32,116.59,3.2,507918,61112693.6
2025-12-24,BSLNIFTY,EQ,INF209KB19D1,ADITYBIRLA SL NIF ETF-GR,31.18,31.18,30.33,30.4,30.42,-0.07,171218,5205027.13
2025-12-24,BSLSENETFG,EQ,INF209KB10E8,BIRLASLAMC - BSLSENETFG,86.91,86.95,84.56,85.45,85.63,-0.21,783,66907.35
2025-12-24,BSOFT,EQ,INE836A01035,BIRLASOFT LIMITED,458.0,458.0,448.0,449.4,455.85,-1.41,1147463,515669865.2
2025-12-24,BTML,EQ,INE0EEJ01023,BODHI TREE MULTIMEDIA LTD,8.2,8.25,8.0,8.07,8.07,0.0,83347,672610.26
2025-12-24,BUTTERFLY,EQ,INE295F01017,BTRFLY GANDHI APPL LTD,656.3,672.8,651.05,664.35,656.25,1.23,5343,3549621.92
2025-12-24,BVCL,EQ,INE139I01011,BARAK VALLEY CEM. LTD.,44.0,48.98,44.0,45.22,45.41,-0.42,216187,9775976.4
2025-12-24,CAMLINFINE,EQ,INE052I01032,CAMLIN FINE SCIENCES LTD,155.98,157.41,152.0,152.55,156.76,-2.69,192632,29386012.19
2025-12-24,CAMPUS,EQ,INE278Y01022,CAMPUS ACTIVEWEAR LIMITED,258.9,263.1,257.35,261.5,258.6,1.12,313383,81949654.5
2025-12-24,CAMS,EQ,INE596I01020,COMPUTER AGE MNGT SER LTD,759.0,774.9,755.1,760.1,760.2,-0.01,1018580,774222633.13
2025-12-24,CANBK,EQ,INE476A01022,CANARA BANK,150.77,151.17,149.43,149.67,150.22,-0.37,16461725,2463826350.61
2025-12-24,CANFINHOME,EQ,INE477A01020,CAN FIN HOMES LTD,929.15,948.5,922.0,947.05,929.15,1.93,132612,125590192.98
2025-12-24,CANHLIFE,EQ,INE01TY01017,CANARA HSBC LIFE INS CO L,140.19,153.2,137.71,145.43,141.09,3.08,8940679,1300242881.49
2025-12-24,CANTABIL,EQ,INE068L01024,CANTABIL RETAIL LTD,258.8,266.05,256.0,256.83,259.23,-0.93,369518,94903302.98
2025-12-24,CAPACITE,EQ,INE264T01014,CAPACITE INFRAPROJECT LTD,262.65,265.0,259.15,260.05,262.1,-0.78,90246,23468471.2
2025-12-24,CAPILLARY,EQ,INE0ILV01024,CAPILLARY TECHNO INDIA L,690.0,690.95,672.7,679.3,686.55,-1.06,806395,547784113.66
2025-12-24,CAPITALSFB,EQ,INE646H01017,CAPITAL SMALL FIN BANK L,267.85,267.85,262.0,263.0,263.75,-0.28,28132,7398716.0
2025-12-24,CAPLIPOINT,EQ,INE475E01026,CAPLIN POINT LAB LTD.,1978.1,1979.9,1963.9,1970.1,1981.0,-0.55,16243,32000333.9
2025-12-24,CARBORUNIV,EQ,INE120A01034,CARBORUNDUM UNIVERSAL LTD,855.9,865.55,843.0,848.9,851.55,-0.31,80683,68491800.67
2025-12-24,CARERATING,EQ,INE752H01013,CARE RATINGS LIMITED,1600.0,1621.0,1585.7,1604.0,1585.7,1.15,27572,44225488.0
2025-12-24,CARRARO,EQ,INE0V7W01012,CARRARO INDIA LIMITED,546.0,551.4,539.0,547.25,544.85,0.44,57954,31715326.5
2025-12-24,CARTRADE,EQ,INE290S01011,CARTRADE TECH LIMITED,2792.0,2849.8,2778.6,2789.0,2792.9,-0.14,108394,302310866.0
2025-12-24,CARYSIL,EQ,INE482D01024,CARYSIL LIMITED,911.5,912.5,900.0,901.4,905.3,-0.43,22827,20576258.36
2025-12-24,CASTROLIND,EQ,INE172A01027,CASTROL INDIA LIMITED,185.93,202.4,183.81,189.39,185.93,1.86,46447634,8796717374.91
2025-12-24,CCAVENUE,EQ,INE483S01020,AVENUESAI LIMITED,16.85,16.94,16.44,16.47,16.85,-2.26,7516997,123804935.43
2025-12-24,CCCL,EQ,INE429I01024,CONS. CONST. CONSORT LTD,18.01,18.7,17.9,18.36,18.2,0.88,248503,4562515.23
2025-12-24,CCHHL,EQ,INE652F01027,COUNTRY CLUB HOSP HOL LTD,15.34,15.99,15.26,15.64,15.34,1.96,21579,337495.57
2025-12-24,CCL,EQ,INE421D01022,CCL PRODUCTS (I) LTD,966.0,970.0,951.0,954.8,966.0,-1.16,126600,120877678.45
2025-12-24,CDSL,EQ,INE736A01011,CENTRAL DEPO SER (I) LTD,1513.0,1520.9,1496.0,1498.9,1515.5,-1.1,764304,1145615284.26
2025-12-24,CEATLTD,EQ,INE482A01020,CEAT LIMITED,3926.0,3926.0,3860.0,3878.0,3903.2,-0.65,48066,186399948.0
2025-12-24,CEIGALL,EQ,INE0AG901020,CEIGALL INDIA LIMITED,251.49,254.6,247.02,251.47,248.84,1.06,312941,78695273.65
2025-12-24,CELEBRITY,EQ,INE185H01016,CELEBRITY FASHIONS LTD,8.97,9.25,8.66,9.12,8.97,1.67,36344,331457.28
2025-12-24,CELLO,EQ,INE0LMW01024,CELLO WORLD LIMITED,553.35,554.75,546.0,547.85,550.65,-0.51,44687,24481771.86
2025-12-24,CEMPRO,EQ,INE686A01026,CEMINDIA PROJECTS LIMITED,826.0,828.65,811.0,812.85,826.65,-1.67,118403,96243875.66
2025-12-24,CENTENKA,EQ,INE485A01015,CENTURY ENKA LTD,439.2,443.0,433.1,439.9,434.85,1.16,15034,6613456.51
2025-12-24,CENTEXT,EQ,INE281A01026,CENTURY EXTRUSIONS LTD,21.75,21.84,21.25,21.44,21.54,-0.46,45377,972882.9
2025-12-24,CENTRALBK,EQ,INE483A01010,CENTRAL BANK OF INDIA,37.28,37.31,36.95,37.01,37.12,-0.3,2191068,81091423.0
2025-12-24,CENTRUM,EQ,INE660C01027,CENTRUM CAPITAL LIMITED,28.9,28.9,28.18,28.45,28.55,-0.35,136162,3873809.0
2025-12-24,CENTUM,EQ,INE320B01020,CENTUM ELECTRONICS LTD,2385.0,2485.0,2372.1,2398.2,2402.7,-0.19,28431,68183222.81
2025-12-24,CENTURYPLY,EQ,INE348B01021,CENTURY PLYBOARDS (I) LTD,829.15,844.3,825.1,829.0,831.65,-0.32,31466,26085314.0
2025-12-24,CERA,EQ,INE739E01017,CERA SANITARYWARE LTD,5310.0,5314.5,5230.0,5250.0,5299.0,-0.92,12330,64732500.0
2025-12-24,CESC,EQ,INE486A01021,CESC LTD,168.99,169.25,167.8,168.33,168.34,-0.01,718004,120861614.63
2025-12-24,CEWATER,EQ,INE037Z01029,CONCORD ENVIRO SYSTEMS L,440.1,459.75,440.1,449.35,440.55,2.0,42242,18981442.96
2025-12-24,CGCL,EQ,INE180C01042,CAPRI GLOBAL CAPITAL LTD,179.5,179.5,177.49,178.08,178.49,-0.23,448018,79783046.26
2025-12-24,CGPOWER,EQ,INE067A01029,CG POWER AND IND SOL LTD,666.3,669.25,657.15,660.9,666.3,-0.81,1910047,1262350108.93
2025-12-24,CHALET,EQ,INE427F01016,CHALET HOTELS LIMITED,886.15,890.3,867.0,873.05,886.15,-1.48,97681,85280395.86
2025-12-24,CHAMBLFERT,EQ,INE085A01013,CHAMBAL FERTILIZERS LTD,471.1,479.3,468.0,473.5,468.9,0.98,934335,442407622.5
2025-12-24,CHEMBOND,EQ,INE995D01025,CHEMBOND MATERIALTECH LTD,159.19,168.99,157.0,165.32,158.1,4.57,24518,4053315.94
2025-12-24,CHEMFAB,EQ,INE783X01023,CHEMFAB ALKALIS LIMITED,447.45,449.7,415.0,420.4,439.6,-4.37,33932,14265012.59
2025-12-24,CHEMPLASTS,EQ,INE488A01050,CHEMPLAST SANMAR LIMITED,268.8,270.25,260.1,261.7,268.8,-2.64,55886,14625366.88
2025-12-24,CHENNPETRO,EQ,INE178A01016,CHENNAI PETROLEUM CORP LT,864.0,872.7,842.0,848.25,861.8,-1.57,606616,514562022.0
2025-12-24,CHEVIOT,EQ,INE974B01016,CHEVIOT COMPANY LIMITED,1085.0,1108.3,1085.0,1086.8,1107.5,-1.87,1108,1204174.45
2025-12-24,CHOICEIN,EQ,INE102B01014,CHOICE INTERNATIONAL LTD,810.7,820.0,806.8,814.45,807.8,0.82,556981,453633182.25
2025-12-24,CHOLAFIN,EQ,INE121A01024,CHOLAMANDALAM IN & FIN CO,1678.5,1708.1,1669.4,1697.8,1678.5,1.15,1861216,3159972615.68
2025-12-24,CHOLAHLDNG,EQ,INE149A01033,CHOLAMANDALAM FIN HOL LTD,1869.0,1909.8,1850.0,1902.8,1868.8,1.82,287360,546788622.03
2025-12-24,CIEINDIA,EQ,INE536H01010,CIE AUTOMOTIVE INDIA LTD,401.55,404.5,395.0,396.0,401.55,-1.38,72905,28870380.0
2025-12-24,CIFL,EQ,INE345H01024,CAPITAL INDIA FINANCE LTD,38.35,38.77,37.95,38.15,37.96,0.5,508397,19395346.33
2025-12-24,CINELINE,EQ,INE704H01022,CINELINE INDIA LIMITED,92.99,94.95,92.0,93.29,91.89,1.52,19794,1846582.28
2025-12-24,CINEVISTA,EQ,INE039B01026,CINEVISTA LIMITED,15.22,15.65,15.06,15.2,15.37,-1.11,17038,258977.6
2025-12-24,CIPLA,EQ,INE059A01026,CIPLA LTD,1502.5,1508.0,1490.2,1496.3,1500.7,-0.29,1022767,1530366312.04
2025-12-24,CLEAN,EQ,INE227W01023,CLEAN SCIENCE & TECH LTD,906.85,908.9,896.0,896.9,906.85,-1.1,113146,101480650.16
2025-12-24,CLEDUCATE,EQ,INE201M01029,CL EDUCATE LIMITED,80.84,86.49,80.51,86.0,81.86,5.06,55518,4774548.0
2025-12-24,CLSEL,EQ,INE419D01026,CHAMAN LAL SETIA EXP LTD,263.95,263.95,259.5,261.45,261.35,0.04,31803,8314894.74
2025-12-24,CMSINFO,EQ,INE925R01014,CMS INFO SYSTEMS LIMITED,351.4,351.55,347.05,349.0,351.4,-0.68,256115,89384135.0
2025-12-24,CNL,EQ,INE985W01018,CREATIVE NEWTECH LIMITED,740.0,769.0,730.0,750.75,739.25,1.56,8422,6322816.5
2025-12-24,COALINDIA,EQ,INE522F01014,COAL INDIA LTD,403.8,412.4,401.75,402.35,400.4,0.49,17624423,7091186701.62
2025-12-24,COASTCORP,EQ,INE377E01024,COASTAL CORPORATION LTD,45.5,47.2,45.36,46.01,46.52,-1.1,46790,2152807.82
2025-12-24,COCHINSHIP,EQ,INE704P01025,COCHIN SHIPYARD LIMITED,1644.0,1677.0,1635.0,1649.3,1646.8,0.15,1155083,1905078448.3
2025-12-24,COFFEEDAY,EQ,INE335K01011,COFFEE DAY ENTERPRISE LTD,35.85,36.44,35.15,35.6,35.7,-0.28,424911,15126830.95
2025-12-24,COFORGE,EQ,INE591G01025,COFORGE LIMITED,1780.2,1781.0,1732.1,1737.7,1780.2,-2.39,2702033,4695322612.16
2025-12-24,COHANCE,EQ,INE03QK01018,COHANCE LIFESCIENCES LTD,535.7,542.5,534.6,536.2,535.45,0.14,297194,159355426.43
2025-12-24,COLPAL,EQ,INE259A01022,COLGATE PALMOLIVE LTD.,2106.2,2112.0,2088.1,2093.3,2106.2,-0.61,112477,235448109.59
2025-12-24,COMMOIETF,EQ,INF109KC19O8,ICICIPRAMC - ICICICOMMO,95.37,95.37,94.5,94.69,94.9,-0.22,47217,4470977.85
2025-12-24,COMPUSOFT,EQ,INE453B01029,COMPUCOM SOFTWARE LTD,16.84,16.89,16.5,16.56,16.56,0.0,11794,195308.63
2025-12-24,COMSYN,EQ,INE073V01015,COMMERCIAL SYN BAGS LTD,146.4,147.3,143.0,147.01,146.02,0.68,6218,914108.15
2025-12-24,CONCOR,EQ,INE111A01025,CONTAINER CORP OF IND LTD,515.05,515.3,506.75,508.6,512.6,-0.78,476260,242225838.91
2025-12-24,CONCORDBIO,EQ,INE338H01029,CONCORD BIOTECH LIMITED,1367.1,1367.1,1332.1,1347.7,1343.9,0.28,35741,48168143.95
2025-12-24,CONFIPET,EQ,INE552D01024,CONFIDENCE PETRO IND LTD.,36.41,37.08,35.9,36.05,36.41,-0.99,640619,23094314.46
2025-12-24,CONS,EQ,INF174KA1ZF8,KOTAKMAMC - KOTAKCONS,126.0,126.27,125.46,125.91,125.98,-0.06,1122,141271.02
2025-12-24,CONSUMAXIS,EQ,INF846K016C7,AXISAMC-CONSUMAXIS,128.2,128.2,125.91,126.24,126.31,-0.06,1677,211704.48
2025-12-24,CONSUMBEES,EQ,INF204KA1LD7,NIP IND ETF CONSUMPTION,135.01,136.7,135.0,136.2,136.24,-0.03,59917,8160695.22
2025-12-24,CONSUMER,EQ,INF769K01NS5,MIRAEAMC - CONSUMER,11.97,11.98,11.88,11.93,11.94,-0.08,90686,1081884.01
2025-12-24,CONSUMIETF,EQ,INF109KC1V42,ICICIPRAMC - ICICICONSU,126.9,127.06,126.33,126.61,126.53,0.06,27791,3518618.53
2025-12-24,CONTROLPR,EQ,INE663B01015,CONTROL PRINT LIMITED,714.25,720.45,699.3,705.6,714.25,-1.21,40712,28726386.21
2025-12-24,CORALFINAC,EQ,INE558D01021,CORAL INDIA FIN & HOUS LT,39.02,41.95,38.7,41.02,39.47,3.93,148595,6095366.97
2025-12-24,CORDSCABLE,EQ,INE792I01017,CORDS CABLE INDUS LTD.,194.3,194.74,185.25,186.75,193.29,-3.38,21525,4019793.75
2025-12-24,COROMANDEL,EQ,INE169A01031,COROMANDEL INTERNTL. LTD,2406.7,2429.9,2391.2,2400.0,2408.2,-0.34,96565,231756000.0
2025-12-24,CORONA,EQ,INE02ZQ01018,CORONA REMEDIES LIMITED,1362.0,1380.8,1342.0,1347.7,1362.6,-1.09,115809,156075783.65
2025-12-24,COSMOFIRST,EQ,INE757A01017,COSMO FIRST LIMITED,682.0,689.3,668.15,672.55,681.55,-1.32,39545,26595989.27
2025-12-24,CPCAP,EQ,INE521J01018,CP CAPITAL LIMITED,117.62,118.43,116.4,116.61,117.46,-0.72,4456,519614.16
2025-12-24,CPEDU,EQ,INE0P6P01016,CAREER POINT EDUTECH LTD,269.9,269.9,258.0,263.6,266.7,-1.16,5885,1551286.04
2025-12-24,CPPLUS,EQ,INE819V01029,ADITYA INFOTECH LIMITED,1544.0,1558.6,1510.8,1531.3,1553.1,-1.4,80665,123522318.44
2025-12-24,CPSEETF,EQ,INF457M01133,CPSE ETF,88.88,91.98,88.88,91.18,91.16,0.02,1478520,134811454.05
2025-12-24,CRAFTSMAN,EQ,INE00LO01017,CRAFTSMAN AUTOMATION LTD,7032.0,7165.0,7002.5,7056.0,7089.0,-0.47,74883,528374448.0
2025-12-24,CRAMC,EQ,INE218I01013,CANARA ROBECO AMC LIMITED,303.5,314.35,303.5,305.2,303.5,0.56,736443,224762412.59
2025-12-24,CREATIVEYE,EQ,INE230B01021,CREATIVE EYE LIMITED,7.1,8.43,6.98,7.73,7.03,9.96,134653,1040867.69
2025-12-24,CREDITACC,EQ,INE741K01010,CREDITACCESS GRAMEEN LTD,1299.0,1317.8,1294.1,1303.1,1301.7,0.11,102202,133179423.7
2025-12-24,CREST,EQ,INE559D01011,CREST VENTURES LIMITED,387.0,407.85,385.0,400.45,392.3,2.08,25085,10045288.56
2025-12-24,CRESTO,EQ,INE203Y01012,CRESTO TECHNO LIMITED,22.22,22.22,21.43,21.58,22.48,-4.0,13566,292754.28
2025-12-24,CRISIL,EQ,INE007A01025,CRISIL LTD,4293.0,4318.0,4243.0,4290.8,4272.3,0.43,65180,279674331.27
2025-12-24,CRIZAC,EQ,INE0S4R01014,CRIZAC LIMITED,291.95,291.95,284.6,285.15,291.8,-2.28,93293,26602498.38
2025-12-24,CROMPTON,EQ,INE299U01018,CROMPT GREA CON ELEC LTD,260.0,261.0,256.75,257.4,259.7,-0.89,1650819,424920800.52
2025-12-24,CROWN,EQ,INE491V01019,CROWN LIFTERS LIMITED,136.31,137.68,134.13,136.13,136.31,-0.13,2647,360336.12
2025-12-24,CSBBANK,EQ,INE679A01013,CSB BANK LIMITED,412.7,423.8,409.45,421.1,412.7,2.04,436979,184011859.57
2025-12-24,CSLFINANCE,EQ,INE718F01018,CSL FINANCE LIMITED,316.9,319.9,310.8,313.4,316.9,-1.1,4749,1488336.57
2025-12-24,CUB,EQ,INE491A01021,CITY UNION BANK LTD,216.75,222.75,215.51,222.04,216.45,2.58,4152375,921982989.41
2025-12-24,CUBEXTUB,EQ,INE144D01012,CUBEX TUBINGS LTD,94.63,96.0,93.11,94.58,93.97,0.65,135886,12852098.13
2025-12-24,CUMMINSIND,EQ,INE298A01020,CUMMINS INDIA LTD,4480.0,4537.2,4391.1,4417.4,4503.2,-1.91,259926,1148197087.02
2025-12-24,CUPID,EQ,INE509F01029,CUPID LIMITED,94.4,94.96,92.21,94.48,93.8,0.72,24632230,2327253173.09
2025-12-24,CYIENT,EQ,INE136B01020,CYIENT LIMITED,1151.0,1151.9,1118.0,1121.6,1144.7,-2.02,726849,815233820.65
2025-12-24,CYIENTDLM,EQ,INE055S01018,CYIENT DLM LIMITED,424.65,442.4,424.05,425.85,424.65,0.28,224225,95486217.62
2025-12-24,DABUR,EQ,INE016A01026,DABUR INDIA LTD,493.15,495.05,489.05,490.55,493.15,-0.53,850597,417260347.97
2025-12-24,DALBHARAT,EQ,INE00R701025,DALMIA BHARAT LIMITED,2073.8,2120.0,2049.9,2109.4,2059.4,2.43,252729,533106527.92
2025-12-24,DALMIASUG,EQ,INE495A01022,DALMIA BHARAT SUG IN LTD,299.5,301.1,297.3,298.8,299.2,-0.13,35933,10736779.96
2025-12-24,DAMCAPITAL,EQ,INE284H01025,DAM CAPITAL ADVISORS LTD,214.22,217.77,214.22,215.04,214.89,0.07,244420,52560075.16
2025-12-24,DANGEE,EQ,INE688Y01022,DANGEE DUMS LIMITED,3.78,3.81,3.68,3.77,3.76,0.27,87517,329939.09
2025-12-24,DATAMATICS,EQ,INE365B01017,DATAMATICS GLOBAL SER LTD,861.5,862.0,842.0,844.35,862.95,-2.16,37467,31635260.54
2025-12-24,DATAPATTNS,EQ,INE0IX101010,DATA PATTERNS INDIA LTD,2645.0,2735.0,2630.4,2672.3,2657.8,0.55,429900,1148821790.99
2025-12-24,DAVANGERE,EQ,INE179G01029,DAVANGERE SUGAR COMPANY L,3.55,3.66,3.52,3.54,3.55,-0.28,14358561,50829305.39
2025-12-24,DBCORP,EQ,INE950I01011,D.B.CORP LTD,259.0,265.05,257.8,260.65,259.85,0.31,87594,22831375.57
2025-12-24,DBEIL,EQ,INE0OPA01027,DEEPAK BUILDERS & ENG I L,12.2,12.3,11.9,12.06,12.16,-0.86,298850,3603234.5
2025-12-24,DBL,EQ,INE917M01012,DILIP BUILDCON LIMITED,469.9,470.0,460.0,465.7,467.3,-0.34,184545,85942608.75
2025-12-24,DBOL,EQ,INE0I3401014,DHAMPUR BIO ORGANICS LTD,77.0,77.35,75.12,75.37,77.01,-2.13,26378,1988109.93
2025-12-24,DBREALTY,EQ,INE879I01012,VALOR ESTATE LIMITED,124.0,125.23,119.92,121.03,124.04,-2.43,766705,92794305.21
2025-12-24,DCAL,EQ,INE385W01011,DISHMAN CARBO AMCIS LTD,254.12,261.0,253.1,254.8,255.68,-0.34,104231,26558059.12
2025-12-24,DCBBANK,EQ,INE503A01015,DCB BANK LIMITED,177.8,178.2,173.0,173.6,176.16,-1.45,1712469,297284628.85
2025-12-24,DCI,EQ,INE0A1101019,DC INFOTECH AND COMUN LTD,249.6,249.9,243.0,244.25,248.45,-1.69,2308,563729.0
2025-12-24,DCM,EQ,INE498A01018,DCM LTD,92.32,92.52,91.5,91.87,92.33,-0.5,8012,736062.46
2025-12-24,DCMFINSERV,EQ,INE891B01012,DCM FINANCIAL SERVICES LT,5.28,5.47,5.25,5.27,5.28,-0.19,9203,48499.81
2025-12-24,DCMNVL,EQ,INE08KP01019,DCM NOUVELLE LIMITED,128.54,128.84,126.0,126.19,127.12,-0.73,5922,747297.19
2025-12-24,DCMSHRIRAM,EQ,INE499A01024,DCM SHRIRAM LIMITED,1249.4,1266.0,1243.5,1258.6,1249.4,0.74,30347,38194733.46
2025-12-24,DCMSRIND,EQ,INE843D01027,DCM SHRIRAM IND LTD,170.0,173.4,169.45,172.16,169.63,1.49,309497,53283004.65
2025-12-24,DCW,EQ,INE500A01029,DCW LTD,61.2,61.65,60.7,61.13,61.14,-0.02,625751,38252159.3
2025-12-24,DCXINDIA,EQ,INE0KL801015,DCX SYSTEMS LIMITED,200.0,209.24,197.19,202.32,203.13,-0.4,6544183,1324019152.49
2025-12-24,DDEVPLSTIK,EQ,INE0HR601026,DDEV PLASTIKS IND LTD,303.75,306.6,300.25,304.75,303.75,0.33,118797,36203385.75
2025-12-24,DECCANCE,EQ,INE583C01021,DECCAN CEMENTS LIMITED,770.05,781.9,756.6,762.05,768.4,-0.83,42779,32599736.43
2025-12-24,DEEDEV,EQ,INE841L01016,DEE DEVELOPMENT ENG LTD,221.25,223.4,218.5,219.98,221.05,-0.48,44508,9790869.65
2025-12-24,DEEPAKFERT,EQ,INE501A01019,DEEPAK FERTILIZERS & PETR,1252.2,1272.0,1245.0,1252.6,1252.2,0.03,119823,150090286.87
2025-12-24,DEEPAKNTR,EQ,INE288B01029,DEEPAK NITRITE LTD,1685.3,1742.9,1684.6,1740.5,1694.6,2.71,343799,598382159.5
2025-12-24,DEEPINDS,EQ,INE0FHS01024,DEEP INDUSTRIES LIMITED,453.0,456.2,446.1,447.7,453.7,-1.32,34472,15433114.82
2025-12-24,DELHIVERY,EQ,INE148O01028,DELHIVERY LIMITED,413.9,415.9,404.85,406.1,412.1,-1.46,839638,340976996.92
2025-12-24,DELTACORP,EQ,INE124G01033,DELTA CORP LIMITED,71.5,72.1,70.63,71.2,71.49,-0.41,596984,42505258.98
2025-12-24,DELTAMAGNT,EQ,INE393A01011,DELTA MANUFACTURING LTD,73.27,73.27,68.3,68.86,70.61,-2.48,8254,568370.45
2025-12-24,DEN,EQ,INE947J01015,DEN NETWORKS LTD,32.18,32.28,31.56,31.68,32.18,-1.55,217222,6881593.03
2025-12-24,DENORA,EQ,INE244A01016,DE NORA INDIA LIMITED,687.0,719.85,687.0,699.35,699.75,-0.06,2418,1691028.24
2025-12-24,DENTA,EQ,INE0R4L01018,DENTA WATER N INFRA SOL L,335.25,342.35,330.2,331.35,334.95,-1.07,145654,48262453.79
2025-12-24,DEVIT,EQ,INE060X01034,DEV INFO TECHNOLOGY LTD,40.9,42.19,38.41,38.84,40.35,-3.74,269102,10451921.72
2025-12-24,DEVX,EQ,INE0VOV01021,DEV ACCELERATOR LIMITED,43.11,43.11,41.66,41.86,43.11,-2.9,279989,11720339.71
2025-12-24,DEVYANI,EQ,INE872J01023,DEVYANI INTERNATIONAL LTD,142.0,147.0,141.45,145.17,142.06,2.19,4322434,627487735.87
2025-12-24,DGCONTENT,EQ,INE03JI01017,DIGICONTENT LIMITED,32.02,33.45,32.0,32.23,32.26,-0.09,15657,504625.1
2025-12-24,DHAMPURSUG,EQ,INE041A01016,DHAMPUR SUGAR MILLS LTD.,124.62,124.88,122.82,123.29,124.14,-0.68,101957,12570278.62
2025-12-24,DHANBANK,EQ,INE680A01011,DHANLAXMI BANK LIMITED,24.89,25.05,24.8,24.92,24.89,0.12,270446,6739514.34
2025-12-24,DHANUKA,EQ,INE435G01025,DHANUKA AGRITECH LTD,1188.0,1206.8,1184.1,1191.2,1189.5,0.14,36639,43644375.01
2025-12-24,DHARMAJ,EQ,INE00OQ01016,DHARMAJ CROP GUARD LTD,244.0,249.44,239.01,239.95,244.68,-1.93,11153,2676162.32
2025-12-24,DHRUV,EQ,INE506Z01015,DHRUV CONSULTANCY SER LTD,49.2,49.2,47.6,48.41,48.09,0.67,23403,1132939.23
2025-12-24,DHUNINV,EQ,INE320L01011,DHUNSERI INVESTMENTS LTD,1260.0,1360.0,1260.0,1344.8,1248.5,7.71,4787,6437557.83
2025-12-24,DIAMINESQ,EQ,INE591D01014,DIAMINES & CHEMICALS LTD,261.05,263.0,260.0,261.4,261.25,0.06,2027,529857.79
2025-12-24,DIAMONDYD,EQ,INE393P01035,PRATAAP SNACKS LIMITED,1188.0,1192.0,1169.9,1174.0,1177.4,-0.29,58943,69199082.0
2025-12-24,DICIND,EQ,INE303A01010,DIC INDIA LIMITED,497.0,497.0,480.0,482.95,480.25,0.56,1036,500336.21
2025-12-24,DIFFNKG,EQ,INE184O01015,DIFFUSION ENGINEERS LTD,324.0,334.0,321.05,332.0,323.85,2.52,67568,22432576.0
2025-12-24,DIGIDRIVE,EQ,INE0PSC01024,DIGIDRIVE DISTRIBUTORS L,26.69,27.75,26.2,26.83,26.24,2.25,20722,555971.26
2025-12-24,DIGISPICE,EQ,INE927C01020,DIGISPICE TECHNOLOGIES LT,25.52,26.11,24.76,25.01,25.59,-2.27,212392,5311923.97
2025-12-24,DIGITIDE,EQ,INE0U4701011,DIGITIDE SOLUTIONS LTD,135.4,146.5,135.4,139.12,134.45,3.47,608548,84661194.79
2025-12-24,DISHTV,EQ,INE836F01026,DISH TV INDIA LTD.,4.04,4.05,3.91,3.92,4.02,-2.49,3796568,14882546.85
2025-12-24,DIVGIITTS,EQ,INE753U01022,DIVGI TORQTRANSFER SYST L,595.0,595.35,586.4,593.0,585.5,1.28,4510,2674430.0
2025-12-24,DIVISLAB,EQ,INE361B01024,DIVI S LABORATORIES LTD,6500.0,6580.0,6486.0,6496.5,6476.5,0.31,252785,1642217752.5
2025-12-24,DIVOPPBEES,EQ,INF204KA1MS3,NIP IND ETF DIV OPP,82.32,83.75,81.85,83.33,83.52,-0.23,74134,6177586.36
2025-12-24,DIXON,EQ,INE935N01020,DIXON TECHNO (INDIA) LTD,12755.0,13180.0,12584.0,12629.0,12832.0,-1.58,754957,9534351953.0
2025-12-24,DJML,EQ,INE0B1K01014,DJ MEDIAPRINT & LOG LTD,68.91,69.95,67.4,69.22,68.79,0.63,96250,6662425.12
2025-12-24,DLF,EQ,INE271C01023,DLF LIMITED,693.1,703.95,692.35,694.9,694.25,0.09,2407071,1672673696.67
2025-12-24,DLINKINDIA,EQ,INE250K01012,D-LINK INDIA LTD,422.35,425.25,416.55,419.75,422.35,-0.62,31537,13237655.75
2025-12-24,DMART,EQ,INE192R01011,AVENUE SUPERMARTS LIMITED,3843.0,3843.0,3771.3,3800.2,3828.2,-0.73,363697,1382121321.64
2025-12-24,DMCC,EQ,INE505A01010,DMCC SPECIALITY CHEMICALS,257.4,264.5,257.4,261.0,257.35,1.42,12115,3162015.0
2025-12-24,DNAMEDIA,EQ,INE016M01021,DILIGENT MEDIA CORP LTD.,3.95,4.1,3.95,4.02,4.01,0.25,15763,63367.26
2025-12-24,DODLA,EQ,INE021O01019,DODLA DAIRY LIMITED,1225.4,1233.3,1215.0,1227.9,1236.6,-0.7,37746,46348314.32
2025-12-24,DOLATALGO,EQ,INE966A01022,DOLAT ALGOTECH LIMITED,87.95,88.28,85.25,85.69,87.56,-2.14,201290,17248540.59
2025-12-24,DOLLAR,EQ,INE325C01035,DOLLAR INDUSTRIES LIMITED,365.45,368.0,362.9,364.85,365.45,-0.16,30825,11246501.44
2025-12-24,DOLLEX,EQ,INE0JHH01011,DOLLEX AGROTECH LIMITED,40.7,41.0,39.3,40.65,39.6,2.65,36000,1463400.05
2025-12-24,DOLPHIN,EQ,INE920A01037,DOLPHIN OFF ENT (IND) L,435.0,450.0,418.0,439.7,434.55,1.19,24549,10794195.6
2025-12-24,DOMS,EQ,INE321T01012,DOMS INDUSTRIES LIMITED,2569.3,2586.0,2535.2,2574.6,2567.5,0.28,21506,55369349.7
2025-12-24,DONEAR,EQ,INE668D01028,DONEAR IND. LIMITED,95.35,96.96,90.35,93.02,95.35,-2.44,118733,11044543.26
2025-12-24,DPABHUSHAN,EQ,INE266Y01019,D. P. ABHUSHAN LIMITED,1455.1,1510.0,1455.1,1495.9,1471.5,1.66,12326,18438463.7
2025-12-24,DRCSYSTEMS,EQ,INE03RS01027,DRC SYSTEMS INDIA LIMITED,17.6,17.6,17.05,17.42,17.32,0.58,15564,271124.88
2025-12-24,DREAMFOLKS,EQ,INE0JS101016,DREAMFOLKS SERVICES LTD,112.27,114.09,110.05,110.69,112.27,-1.41,105548,11683108.38
2025-12-24,DREDGECORP,EQ,INE506A01018,DREDGING CORP OF INDIA,997.0,1012.9,982.0,987.85,990.9,-0.31,303682,299992256.29
2025-12-24,DRREDDY,EQ,INE089A01031,DR. REDDY S LABORATORIES,1281.1,1285.1,1252.4,1265.8,1283.5,-1.38,1265233,1601531993.18
2025-12-24,DSSL,EQ,INE417B01040,DYNACONS SYS & SOLN LTD,977.4,979.5,951.75,956.15,973.2,-1.75,26065,24922050.39
2025-12-24,DUCON,EQ,INE741L01018,DUCON INFRATECHNOLOGIES L,3.58,3.68,3.55,3.56,3.58,-0.56,263166,936870.94
2025-12-24,DVL,EQ,INE477B01010,DHUNSERI VENTURES LIMITED,287.85,292.0,283.6,288.4,287.9,0.17,13966,4027794.31
2025-12-24,DWARKESH,EQ,INE366A01041,DWARIKESH SUGAR IND LTD,37.43,37.83,37.05,37.18,37.43,-0.67,298970,11115704.69
2025-12-24,DYCL,EQ,INE600Y01019,DYNAMIC CABLES LIMITED,355.0,355.95,338.15,341.75,352.15,-2.95,106277,36320164.75
2025-12-24,DYNAMATECH,EQ,INE221B01012,DYNAMATIC TECHNOLOGIES,9852.0,9892.5,9606.0,9671.5,9852.0,-1.83,18060,174667290.0
2025-12-24,DYNPRO,EQ,INE256H01015,DYNEMIC PRODUCTS LIMITED,265.25,277.45,265.25,271.15,265.2,2.24,17321,4696589.04
2025-12-24,EASEMYTRIP,EQ,INE07O001026,EASY TRIP PLANNERS LTD,7.6,7.64,7.55,7.56,7.59,-0.4,5149764,38932215.55
2025-12-24,EBANKNIFTY,EQ,INF754K01TE4,EDELAMC - EBANKNIFTY,59.78,59.96,59.36,59.67,59.78,-0.18,531,31684.77
2025-12-24,EBBETF0430,EQ,INF754K01KO2,EDELAMC - EBBETF0430,1559.79,1559.8,1556.0,1556.9,1556.59,0.02,9397,14630189.53
2025-12-24,EBBETF0431,EQ,INF754K01LE1,EDELAMC - EBBETF0431,1394.72,1394.72,1391.25,1392.83,1390.99,0.13,4397,6124273.32
2025-12-24,EBBETF0433,EQ,INF754K01QX0,EDELAMC - EBBETF0433,1269.76,1271.97,1269.31,1270.3,1270.56,-0.02,1665,2115049.58
2025-12-24,EBGNG,EQ,INE18JU01028,GNG ELECTRONICS LIMITED,311.95,319.75,308.5,317.05,311.95,1.63,86751,27504403.49
2025-12-24,ECAPINSURE,EQ,INF754K01TX4,EDELAMC - ECAPINSURE,24.24,24.69,24.22,24.27,24.24,0.12,29666,719993.83
2025-12-24,ECLERX,EQ,INE738I01010,ECLERX SERVICES LTD,2392.95,2412.5,2368.2,2393.35,2392.95,0.02,107688,257735085.32
2025-12-24,ECOSMOBLTY,EQ,INE06HJ01020,ECOS (INDIA) MOB & HOSP L,205.1,207.88,198.5,200.26,205.1,-2.36,324708,65026022.3
2025-12-24,EDELWEISS,EQ,INE532F01054,EDELWEISS FIN SERV LTD,109.0,113.9,108.6,109.34,109.07,0.25,7260266,793837457.85
2025-12-24,EFCIL,EQ,INE886D01026,EFC (I) LIMITED,307.15,307.15,300.25,302.95,306.1,-1.03,79611,24118153.42
2025-12-24,EGOLD,EQ,INF754K01SE6,EDELAMC - EGOLD,137.7,137.7,136.45,136.7,136.5,0.15,710383,97109353.93
2025-12-24,EICHERMOT,EQ,INE066A01021,EICHER MOTORS LTD,7300.0,7349.5,7240.5,7312.5,7303.0,0.13,205296,1501227000.0
2025-12-24,EIDPARRY,EQ,INE126A01031,EID PARRY INDIA LTD,1064.9,1071.9,1046.0,1061.6,1064.2,-0.24,101400,107646237.52
2025-12-24,EIEL,EQ,INE0LLY01014,ENVIRO INFRA ENGINEERS L,208.0,211.39,204.55,205.38,207.83,-1.18,371894,76379591.54
2025-12-24,EIHAHOTELS,EQ,INE276C01014,EIH ASSOCIATED HOTELS LTD,362.35,362.35,356.0,358.25,358.4,-0.04,6081,2178518.25
2025-12-24,EIHOTEL,EQ,INE230A01023,EIH LIMITED,367.5,368.65,362.75,363.75,365.75,-0.55,78262,28467802.5
2025-12-24,EIMCOELECO,EQ,INE158B01016,EIMCO ELECON (INDIA) LTD,1560.0,1560.0,1506.0,1513.9,1546.0,-2.08,17235,26092066.92
2025-12-24,EKC,EQ,INE184H01027,EVEREST KANTO CYLINDERLTD,117.98,118.5,115.02,115.5,117.65,-1.83,137719,15906544.5
2025-12-24,ELDEHSG,EQ,INE668G01021,ELDECO HSG & IND LTD.,976.8,976.9,915.55,932.2,968.15,-3.71,743,692624.61
2025-12-24,ELECON,EQ,INE205B01031,ELECON ENG. CO. LTD,490.3,492.5,480.0,480.85,492.15,-2.3,174546,83930445.17
2025-12-24,ELECTCAST,EQ,INE086A01029,ELECTROSTEEL CASTINGS LTD,77.27,78.04,76.22,76.56,77.27,-0.92,795340,60891228.46
2025-12-24,ELECTHERM,EQ,INE822G01016,ELECTROTHERM (I) LTD.,925.0,948.0,880.5,888.0,912.85,-2.72,110336,97978368.0
2025-12-24,ELGIEQUIP,EQ,INE285A01027,ELGI EQUIPMENTS LTD,471.95,473.3,464.8,465.9,470.45,-0.97,231914,108048731.18
2025-12-24,ELGIRUBCO,EQ,INE819L01012,ELGI RUBBER CO. LTD,48.48,48.91,45.3,46.05,47.82,-3.7,69295,3191034.7
2025-12-24,ELIN,EQ,INE050401020,ELIN ELECTRONICS LIMITED,165.0,172.0,165.0,167.71,166.86,0.51,40268,6753346.55
2025-12-24,ELIQUID,EQ,INF754K01VW2,EDELAMC - ELIQUID,1011.55,1011.55,1011.55,1011.55,1011.41,0.01,0,0.0
2025-12-24,ELLEN,EQ,INE236E01022,ELLENBARRIE INDUS GASES L,348.9,352.5,342.0,344.65,346.6,-0.56,95778,33009887.12
2025-12-24,EMAMILTD,EQ,INE548C01032,EMAMI LIMITED,523.8,523.8,516.0,516.7,521.55,-0.93,142104,73425138.53
2025-12-24,EMAMIREAL,EQ,INE778K01012,EMAMI REALTY LIMITED,83.86,83.86,81.62,81.8,82.2,-0.49,15065,1232317.05
2025-12-24,EMBDL,EQ,INE069I01010,EMBASSY DEVELOPMENTS LTD,65.0,66.8,61.41,61.62,64.64,-4.67,3349294,206383492.7
2025-12-24,EMCURE,EQ,INE168P01015,EMCURE PHARMACEUTICALS L,1444.2,1465.0,1385.0,1411.1,1426.5,-1.08,253433,357619300.11
2025-12-24,EMIL,EQ,INE02YR01019,ELECTRONICS MART IND LTD,106.2,106.2,103.8,104.47,105.39,-0.87,581634,60763304.69
2025-12-24,EMKAY,EQ,INE296H01011,EMKAY GLOBAL FIN SERV LTD,266.35,269.45,260.05,262.55,266.35,-1.43,7654,2009557.61
2025-12-24,EMMVEE,EQ,INE1C6T01020,EMMVEE PHOTOVOLTAIC PWR L,184.29,191.0,182.15,188.42,184.81,1.95,1992519,375430426.33
2025-12-24,EMSLIMITED,EQ,INE0OV601013,EMS LIMITED,442.95,447.9,432.0,434.8,442.65,-1.77,102893,44737875.14
2025-12-24,EMUDHRA,EQ,INE01QM01018,EMUDHRA LIMITED,594.95,596.4,588.0,590.45,592.6,-0.36,29937,17676302.02
2025-12-24,EMULTIMQ,EQ,INF754K01TF1,EDELAMC - EMULTIMQ,42.4,42.4,42.06,42.1,42.27,-0.4,79506,3347202.48
2025-12-24,ENDURANCE,EQ,INE913H01037,ENDURANCE TECHNO. LTD.,2600.1,2621.2,2577.3,2582.1,2597.2,-0.58,90244,233019041.21
2025-12-24,ENERGY,EQ,INF769K01PR2,MIRAEAMC - ENERGY,35.1,35.1,35.1,35.1,35.21,-0.34,0,0.0
2025-12-24,ENERGYDEV,EQ,INE306C01019,ENERGY DEVE. CO.LTD,19.58,19.97,19.38,19.41,19.74,-1.67,68541,1330380.8
2025-12-24,ENGINERSIN,EQ,INE510A01028,ENGINEERS INDIA LTD,200.0,202.97,200.0,201.14,199.87,0.64,1245312,250482054.92
2025-12-24,ENIL,EQ,INE265F01028,ENTERTAIN NET. IND. LTD.,112.0,114.51,109.95,111.63,111.91,-0.25,76790,8572067.49
2025-12-24,ENRIN,EQ,INE1NPP01017,SIEMENS ENERGY INDIA LTD,2596.8,2611.0,2580.8,2595.5,2593.4,0.08,573553,1488656811.5
2025-12-24,ENTERO,EQ,INE010601016,ENTERO HEALTHCARE SOLU L,970.1,970.1,952.6,962.7,962.5,0.02,51437,49518400.53
2025-12-24,EPACK,EQ,INE0G5901015,EPACK DURABLE LIMITED,280.7,287.0,274.0,275.05,277.7,-0.95,1229832,338265276.59
2025-12-24,EPACKPEB,EQ,INE0MLS01022,EPACK PREFAB TECHN LTD,310.8,310.8,300.6,302.25,311.4,-2.94,694920,210039570.0
2025-12-24,EPIGRAL,EQ,INE071N01016,EPIGRAL LIMITED,1340.0,1347.6,1316.0,1318.8,1336.9,-1.35,31240,41199313.53
2025-12-24,EPL,EQ,INE255A01020,EPL LIMITED,215.99,217.8,212.65,213.59,215.98,-1.11,334117,71364048.81
2025-12-24,EQUAL200,EQ,INF769K01OA1,MIRAEAMC - EQUAL200,13.43,13.43,13.43,13.43,13.46,-0.23,0,0.0
2025-12-24,EQUAL50,EQ,INF769K01OO2,MIRAEAMC - EQUAL50,334.44,334.44,334.44,334.44,334.75,-0.09,0,0.0
2025-12-24,EQUAL50ADD,EQ,INF740KA1QK2,DSPAMC - DSPNEWETF,345.41,346.2,343.96,344.8,345.41,-0.18,3853,1328514.35
2025-12-24,EQUITASBNK,EQ,INE063P01018,EQUITAS SMALL FIN BNK LTD,61.56,62.5,61.26,61.7,61.56,0.23,1767859,109076901.65
2025-12-24,ERIS,EQ,INE406M01024,ERIS LIFESCIENCES LIMITED,1563.5,1563.5,1542.0,1545.0,1552.0,-0.45,30952,47820840.0
2025-12-24,ESABINDIA,EQ,INE284A01012,ESAB INDIA LTD,6191.0,6235.0,6106.5,6127.5,6191.5,-1.03,2776,17009940.0
2025-12-24,ESCORTS,EQ,INE042A01014,ESCORTS KUBOTA LIMITED,3740.2,3764.0,3713.5,3728.5,3747.0,-0.49,66449,247755096.5
2025-12-24,ESG,EQ,INF769K01GS9,MIRAEAMC - MAESGETF,44.6,44.7,44.44,44.56,44.6,-0.09,5443,242540.09
2025-12-24,ESILVER,EQ,INF754K01SF3,EDELAMC - ESILVER,215.0,219.69,215.0,217.91,210.2,3.67,559909,122009772.24
2025-12-24,ESSARSHPNG,EQ,INE122M01019,ESSAR SHIPPING LTD,27.5,28.14,27.5,27.88,27.55,1.2,58766,1638396.03
2025-12-24,ESSENTIA,EQ,INE418N01035,INTEGRA ESSENTIA LIMITED,1.56,1.57,1.55,1.55,1.56,-0.64,764457,1184908.31
2025-12-24,ESTER,EQ,INE778B01029,ESTER INDUSTRIES LTD,106.53,107.5,105.82,106.03,106.53,-0.47,50786,5384839.52
2025-12-24,ETERNAL,EQ,INE758T01015,ETERNAL LIMITED,283.5,286.0,283.1,284.85,284.35,0.18,12973814,3695590997.09
2025-12-24,ETHOSLTD,EQ,INE04TZ01018,ETHOS LIMITED,3069.7,3069.7,2980.1,2996.9,3069.7,-2.37,7490,22446780.27
2025-12-24,EUREKAFORB,EQ,INE0KCE01017,EUREKA FORBES LIMITED,640.1,641.7,631.4,637.75,636.8,0.15,121569,77530629.75
2025-12-24,EUROBOND,EQ,INE505V01016,EURO PANEL PRODUCTS LTD,184.04,185.4,176.69,179.3,178.49,0.45,8961,1606707.33
2025-12-24,EUROPRATIK,EQ,INE198501012,EURO PRATIK SALES LIMITED,298.0,302.2,294.1,295.5,300.95,-1.81,86383,25526176.5
2025-12-24,EVEREADY,EQ,INE128A01029,EVEREADY INDS. IND.  LTD.,333.0,334.2,328.65,329.35,332.0,-0.8,22343,7358667.19
2025-12-24,EVINDIA,EQ,INF769K01LQ3,MIRAEAMC - EVINDIA,31.69,31.69,31.47,31.5,31.61,-0.35,131323,4136674.5
2025-12-24,EXCELINDUS,EQ,INE369A01029,EXCEL INDUSTRIES LTD,945.65,950.0,936.15,938.05,940.95,-0.31,2062,1934259.07
2025-12-24,EXCELSOFT,EQ,INE606N01019,EXCELSOFT TECHNOLOGIES L,88.21,88.99,87.73,88.3,89.13,-0.93,1468057,129629437.58
2025-12-24,EXICOM,EQ,INE777F01014,EXICOM TELE SYSTEMS LTD,120.0,120.79,117.55,118.13,119.26,-0.95,185234,21881691.91
2025-12-24,EXIDEIND,EQ,INE302A01020,EXIDE INDUSTRIES LTD,370.05,372.95,365.5,367.15,370.05,-0.78,686505,252050306.56
2025-12-24,EXPLEOSOL,EQ,INE201K01015,EXPLEO SOLUTIONS LIMITED,1016.8,1027.0,994.0,998.3,1013.3,-1.48,18529,18497500.47
2025-12-24,EXXARO,EQ,INE0GFE01026,EXXARO TILES LIMITED,8.27,8.27,7.97,8.06,8.07,-0.12,108003,870504.23
2025-12-24,FABTECH,EQ,INE0HF201011,FABTECH TECHNOLOGIES LTD,208.78,218.4,206.27,208.19,208.03,0.08,1684519,350700014.72
2025-12-24,FACT,EQ,INE188A01015,FACT LTD,886.0,892.0,872.4,875.2,888.15,-1.46,104011,91030428.47
2025-12-24,FAZE3Q,EQ,INE963C01033,FAZE THREE LIMITED,443.25,451.2,441.0,442.45,444.55,-0.47,13050,5773972.66
2025-12-24,FCL,EQ,INE045J01034,FINEOTEX CHEMICAL LIMITED,24.52,24.63,24.11,24.23,24.5,-1.1,798592,19349883.79
2025-12-24,FCSSOFT,EQ,INE512B01022,FCS SOFTWARE SOLN. LTD.,1.96,1.97,1.89,1.9,1.95,-2.56,2867059,5447412.03
2025-12-24,FDC,EQ,INE258B01022,FDC LIMITED,411.0,411.5,408.0,409.15,410.65,-0.37,37887,15501465.82
2025-12-24,FEDERALBNK,EQ,INE171A01029,FEDERAL BANK LTD,267.0,267.25,261.2,261.75,265.45,-1.39,5763276,1508537493.0
2025-12-24,FEDFINA,EQ,INE007N01010,FEDBANK FINANCIAL SER L,147.84,150.4,146.11,147.56,146.74,0.56,966729,142650528.88
2025-12-24,FIBERWEB,EQ,INE296C01020,FIBERWEB INDIA LIMITED,36.96,37.64,35.6,35.99,36.57,-1.59,23993,863508.11
2025-12-24,FIEMIND,EQ,INE737H01014,FIEM INDUSTRIES LIMITED,2408.4,2408.4,2362.6,2393.7,2408.4,-0.61,47223,113037692.79
2025-12-24,FILATEX,EQ,INE816B01035,FILATEX INDIA LTD,50.89,51.0,49.62,49.91,50.71,-1.58,723831,36126405.1
2025-12-24,FILATFASH,EQ,INE185E01021,FILATEX FASHIONS LIMITED,0.37,0.38,0.36,0.36,0.37,-2.7,83159327,29937358.91
2025-12-24,FINCABLES,EQ,INE235A01022,FINOLEX CABLES LTD,767.45,777.05,762.65,773.4,772.4,0.13,145088,112211062.74
2025-12-24,FINEORG,EQ,INE686Y01026,FINE ORGANIC IND. LTD.,4248.8,4283.0,4174.0,4182.8,4256.4,-1.73,23862,99809968.94
2025-12-24,FINIETF,EQ,INF109KC17L8,ICICIPRAMC-ICICIFIN,32.98,33.12,32.61,32.76,32.74,0.06,354594,11616498.84
2025-12-24,FINKURVE,EQ,INE734I01027,FINKURVE FINANCIAL SERV L,108.0,108.0,103.2,103.81,105.95,-2.02,14568,1512304.04
2025-12-24,FINOPB,EQ,INE02NC01014,FINO PAYMENTS BANK LTD,259.0,264.75,255.1,255.95,258.9,-1.14,130872,33496688.0
2025-12-24,FINPIPE,EQ,INE183A01024,FINOLEX INDUSTRIES LTD,168.75,170.6,168.1,168.95,168.67,0.17,395646,66844390.49
2025-12-24,FIRSTCRY,EQ,INE02RE01045,BRAINBEES SOLUTIONS LTD,300.9,302.25,295.0,296.7,299.5,-0.93,364704,108207681.25
2025-12-24,FISCHER,EQ,INE771F01041,FISCHER MEDICAL VENTURE L,42.45,44.78,42.0,43.16,42.65,1.2,926709,39996760.3
2025-12-24,FIVESTAR,EQ,INE128S01021,FIVE-STAR BUS FIN LTD,561.0,564.45,557.0,558.4,563.85,-0.97,521376,291136371.13
2025-12-24,FLAIR,EQ,INE00Y201027,FLAIR WRITING INDUST LTD,295.6,309.8,295.6,303.1,295.15,2.69,166125,50352488.51
2025-12-24,FLUOROCHEM,EQ,INE09N301011,GUJARAT FLUOROCHEM LTD,3629.0,3671.5,3600.8,3635.4,3629.0,0.18,37011,134549785.79
2025-12-24,FMCGIETF,EQ,INF109KC19V3,ICICIPRAMC - ICICIFMCG,59.24,59.29,58.9,58.98,59.25,-0.46,1611726,95059598.74
2025-12-24,FMGOETZE,EQ,INE529A01010,FEDERAL-MOGUL GOETZE (IND,460.4,460.4,453.7,455.3,456.2,-0.2,27814,12663713.86
2025-12-24,FMNL,EQ,INE360L01017,FUTURE MKT NETWORKS LTD,9.0,9.14,8.61,9.09,8.98,1.22,57005,518175.46
2025-12-24,FOODSIN,EQ,INE976E01023,FOODS & INNS LIMITED,70.15,70.15,69.0,69.5,69.09,0.59,54820,3809990.0
2025-12-24,FORCEMOT,EQ,INE451A01017,FORCE MOTORS LIMITED,18510.0,18550.0,18300.0,18365.0,18453.0,-0.48,25651,471080615.0
2025-12-24,FORTIS,EQ,INE061F01013,FORTIS HEALTHCARE LTD,901.6,910.0,898.55,902.7,901.6,0.12,1221735,1102860199.41
2025-12-24,FOSECOIND,EQ,INE519A01011,FOSECO INDIA LTD,5001.5,5060.0,4951.0,4993.5,4986.0,0.15,817,4079689.5
2025-12-24,FSL,EQ,INE684F01012,FIRSTSOURCE SOLU. LTD.,354.0,355.65,349.05,350.4,355.3,-1.38,418265,146560053.45
2025-12-24,FUSION,EQ,INE139R01012,FUSION FINANCE LIMITED,162.5,169.28,160.5,162.06,162.25,-0.12,208898,33854009.37
2025-12-24,GABRIEL,EQ,INE524A01029,GABRIEL INDIA LTD,1070.0,1070.0,1040.0,1047.9,1062.4,-1.36,217771,228202236.22
2025-12-24,GAEL,EQ,INE036B01030,GUJARAT AMBUJA EXPORTS LT,123.0,126.25,122.98,125.27,122.98,1.86,868369,108780581.71
2025-12-24,GAIL,EQ,INE129A01019,GAIL (INDIA) LTD,173.0,173.81,170.74,171.0,172.04,-0.6,4467016,763859736.0
2025-12-24,GALAPREC,EQ,INE0RE001014,GALA PRECISION ENG LTD,819.9,819.9,789.55,793.0,812.55,-2.41,8846,7014878.0
2025-12-24,GALAXYSURF,EQ,INE600K01018,GALAXY SURFACTANTS LTD,2058.0,2077.3,2003.1,2070.9,2037.6,1.63,18753,38835585.87
2025-12-24,GALLANTT,EQ,INE297H01019,GALLANTT ISPAT LIMITED,520.0,533.95,517.5,524.1,517.65,1.25,133945,70200571.23
2025-12-24,GANDHAR,EQ,INE717W01049,GANDHAR OIL REFINE IND L,149.95,150.75,147.25,147.56,148.48,-0.62,178444,26331196.2
2025-12-24,GANDHITUBE,EQ,INE524B01027,GANDHI SPL. TUBES LTD,785.0,795.0,760.3,763.35,779.45,-2.07,6760,5160245.83
2025-12-24,GANECOS,EQ,INE845D01014,GANESHA ECOSPHERE LIMITED,865.0,888.9,861.6,874.65,863.55,1.29,98720,86345450.41
2025-12-24,GANESHCP,EQ,INE652V01016,GANESH CONSUMER PRODUCT L,229.5,229.5,226.0,227.15,229.5,-1.02,41982,9536211.04
2025-12-24,GANESHHOU,EQ,INE460C01014,GANESH HOUSING LIMITED,806.1,818.4,802.9,804.95,807.25,-0.28,20251,16301042.7
2025-12-24,GANGAFORGE,EQ,INE691Z01023,GANGA FORGING LIMITED,3.55,4.05,3.38,3.49,3.55,-1.69,1623225,5665055.27
2025-12-24,GANGESSECU,EQ,INE335W01016,GANGES SECURITIES LIMITED,141.88,141.88,136.6,137.63,139.16,-1.1,4643,639016.11
2025-12-24,GARFIBRES,EQ,INE276A01018,GARWARE TECH FIBRES LTD,698.1,699.0,679.7,690.05,694.1,-0.58,48206,33264549.71
2025-12-24,GARUDA,EQ,INE0JVO01026,GARUDA CONSTRUCT N ENG L,200.51,203.0,198.3,200.79,200.51,0.14,254916,51184581.93
2025-12-24,GATEWAY,EQ,INE079J01017,GATEWAY DISTRIPARKS LTD,63.75,64.99,62.41,62.74,63.75,-1.58,846798,53128107.94
2025-12-24,GAYAHWS,EQ,INE287Z01012,GAYATRI HIGHWAYS LIMITED,3.0,3.09,2.9,3.0,2.99,0.33,282519,847557.0
2025-12-24,GAYAPROJ,EQ,INE336H01023,GAYATRI PROJECTS LTD,11.53,11.53,11.53,11.53,11.53,0.0,0,0.0
2025-12-24,GCSL,EQ,INE199P01028,GRETEX CORPORATE SERVICES,341.25,373.9,341.25,367.0,359.0,2.23,319,117073.0
2025-12-24,GEEKAYWIRE,EQ,INE669X01032,GEEKAY WIRES LIMITED,31.87,32.93,31.7,32.07,32.04,0.09,63092,2023360.42
2025-12-24,GEMAROMA,EQ,INE06XZ01023,GEM AROMATICS LIMITED,162.28,177.91,161.78,166.4,162.28,2.54,1242480,206748664.42
2025-12-24,GENCON,EQ,INE854S01022,GENERIC ENG CONS PROJ LTD,47.0,48.68,44.83,45.51,47.68,-4.55,537636,24467813.46
2025-12-24,GENESYS,EQ,INE727B01026,GENESYS INTL CORPN LTD,437.7,463.95,435.1,455.0,432.25,5.26,689711,313818505.0
2025-12-24,GENUSPAPER,EQ,INE949P01018,GENUS P&B LIMITED,13.24,13.36,12.92,13.18,13.24,-0.45,66672,878736.98
2025-12-24,GENUSPOWER,EQ,INE955D01029,GENUS POWER INFRASTRU LTD,305.1,309.45,303.6,304.7,303.8,0.3,234083,71325092.96
2025-12-24,GEOJITFSL,EQ,INE007B01023,GEOJIT FINANCIAL SER L,79.67,80.45,77.6,77.92,79.67,-2.2,617079,48082794.55
2025-12-24,GESHIP,EQ,INE017A01032,THE GE SHPG.LTD,1105.0,1112.7,1097.0,1109.7,1109.1,0.05,196263,217793041.52
2025-12-24,GFLLIMITED,EQ,INE538A01037,GFL LIMITED,61.8,61.8,59.16,60.44,60.21,0.38,31929,1929788.72
2025-12-24,GHCL,EQ,INE539A01019,GHCL LIMITED,571.0,573.45,563.0,563.95,571.35,-1.3,73655,41537738.15
2025-12-24,GHCLTEXTIL,EQ,INE0PA801013,GHCL TEXTILES LIMITED,73.11,74.29,72.7,72.96,73.11,-0.21,94910,6924633.51
2025-12-24,GICHSGFIN,EQ,INE289B01019,GIC HOUSING FINANCE LTD,177.65,180.0,174.99,179.71,177.4,1.3,150661,27075289.32
2025-12-24,GICRE,EQ,INE481Y01014,GENERAL INS CORP OF INDIA,368.1,373.4,367.7,372.5,368.55,1.07,392548,146224130.0
2025-12-24,GILLANDERS,EQ,INE047B01011,GILLANDERS ARBUTHNOT LTD,102.82,103.83,100.55,101.84,102.82,-0.95,4772,485980.46
2025-12-24,GILLETTE,EQ,INE322A01010,GILLETTE INDIA LTD,8018.0,8353.0,8016.0,8288.5,8019.0,3.36,99116,821522966.0
2025-12-24,GILT10BETA,EQ,INF789F1AZF3,UTIAMC-GILT10BETA,26.26,26.26,25.75,26.06,26.0,0.23,3322,86571.32
2025-12-24,GILT5BETA,EQ,INF789F1AZE6,UTIAMC-GILT5BETA,64.03,64.03,63.71,63.71,63.72,-0.02,6,382.26
2025-12-24,GILT5YBEES,EQ,INF204KC1030,RELCAPAMC - NETFGILT5Y,62.22,63.69,62.22,63.49,63.19,0.47,148462,9425852.63
2025-12-24,GIPCL,EQ,INE162A01010,GUJ IND POW CO. LTD,158.0,158.15,154.74,155.97,157.61,-1.04,221522,34550786.61
2025-12-24,GKENERGY,EQ,INE1AG301022,GK ENERGY LIMITED,150.3,158.99,148.0,155.79,151.85,2.59,2438056,379824727.87
2025-12-24,GKWLIMITED,EQ,INE528A01020,GKW LIMITED,1750.0,1750.0,1707.0,1735.6,1709.7,1.51,1112,1929987.17
2025-12-24,GLAND,EQ,INE068V01023,GLAND PHARMA LIMITED,1686.4,1688.2,1643.6,1650.0,1687.8,-2.24,57015,94074750.0
2025-12-24,GLAXO,EQ,INE159A01016,GLAXOSMITHKLINE PHARMA LT,2501.0,2510.3,2476.0,2486.9,2500.2,-0.53,39843,99085552.81
2025-12-24,GLENMARK,EQ,INE935A01035,GLENMARK PHARMACEUTICALS,2050.0,2054.9,2013.8,2020.1,2047.0,-1.31,579266,1170175232.46
2025-12-24,GLFL,EQ,INE540A01017,GUJARAT LEASE FINANCING L,5.97,5.97,5.97,5.97,5.97,0.0,0,0.0
2025-12-24,GLOBAL,EQ,INE291W01037,GLOBAL EDUCATION LIMITED,94.55,94.55,91.0,91.59,94.64,-3.22,25064,2295611.67
2025-12-24,GLOBALE,EQ,INE0URU01010,GLOBALE TESSILE LIMITED,12.77,12.77,11.8,12.19,12.27,-0.65,24113,293937.46
2025-12-24,GLOBALVECT,EQ,INE792H01019,GLOBAL VEC HELICORP LTD,205.0,213.0,200.3,208.11,204.15,1.94,35385,7363972.37
2025-12-24,GLOBE,EQ,INE581X01021,GLOBE ENTERPRISE (I) LTD,2.9,2.9,2.66,2.68,2.67,0.37,2069114,5545225.66
2025-12-24,GLOBECIVIL,EQ,INE0V3U01015,GLOBE CIVIL PROJECTS LTD,60.88,60.88,59.1,59.94,60.0,-0.1,75000,4495499.9
2025-12-24,GLOBUSSPR,EQ,INE615I01010,GLOBUS SPIRITS LTD,984.3,994.0,983.6,988.6,986.6,0.2,27660,27344675.32
2025-12-24,GLOSTERLTD,EQ,INE350Z01018,GLOSTER LIMITED,651.15,655.0,641.05,652.25,645.75,1.01,3039,1982187.75
2025-12-24,GLOTTIS,EQ,INE0TQE01026,GLOTTIS LIMITED,61.45,63.74,60.0,62.0,61.77,0.37,427298,26492476.0
2025-12-24,GMBREW,EQ,INE075D01018,G M BREWERIES LTD,1044.9,1136.9,1032.1,1110.4,1033.6,7.43,815685,905736643.91
2025-12-24,GMDCLTD,EQ,INE131A01031,GUJARAT MINERAL DEV CORP,530.3,557.9,528.45,545.65,527.9,3.36,7018893,3829859136.81
2025-12-24,GMMPFAUDLR,EQ,INE541A01023,GMM PFAUDLER LIMITED,1067.8,1069.9,1055.0,1066.1,1062.2,0.37,61367,65423357.2
2025-12-24,GMRAIRPORT,EQ,INE776C01039,GMR AIRPORTS LIMITED,105.22,105.69,102.96,103.08,104.89,-1.73,12397732,1277958237.26
2025-12-24,GMRP&UI,EQ,INE0CU601026,GMR POW AND URBAN INFRA L,115.12,115.58,111.46,111.97,115.12,-2.74,1773210,198546325.86
2025-12-24,GNA,EQ,INE934S01014,GNA AXLES LIMITED,317.55,319.15,315.3,316.85,315.95,0.28,18770,5947274.61
2025-12-24,GNFC,EQ,INE113A01013,GUJ NAR VAL FER & CHEM L,494.3,496.8,486.8,489.0,489.4,-0.08,220806,107974134.0
2025-12-24,GOACARBON,EQ,INE426D01013,GOA CARBON LIMITED,396.8,408.0,396.0,396.9,395.8,0.28,17097,6785799.2
2025-12-24,GOCLCORP,EQ,INE077F01035,GOCL CORPORATION LIMITED,294.5,300.1,291.6,292.5,294.2,-0.58,44014,12874095.0
2025-12-24,GOCOLORS,EQ,INE0BJS01011,GO FASHION INDIA LTD,461.25,470.85,458.85,465.75,458.85,1.5,75563,35193467.25
2025-12-24,GODAVARIB,EQ,INE497S01012,GODAVARI BIOREFINERIES L,271.3,300.98,271.3,291.69,271.42,7.47,1136869,331613321.39
2025-12-24,GODFRYPHLP,EQ,INE260B01028,GODFREY PHILLIPS INDIA LT,2859.3,2862.0,2805.0,2810.8,2850.8,-1.4,82989,233265485.25
2025-12-24,GODIGIT,EQ,INE03JT01014,GO DIGIT GENERAL INS LTD,349.95,350.95,341.2,347.85,343.75,1.19,433770,150886897.15
2025-12-24,GODREJAGRO,EQ,INE850D01014,GODREJ AGROVET LIMITED,575.1,575.1,563.3,565.6,572.05,-1.13,134320,75971388.72
2025-12-24,GODREJCP,EQ,INE102D01028,GODREJ CONSUMER PRODUCTS,1196.5,1202.9,1188.0,1192.2,1196.5,-0.36,393130,468689566.8
2025-12-24,GODREJIND,EQ,INE233A01035,GODREJ INDUSTRIES LTD,1006.8,1012.2,1002.4,1003.8,1006.8,-0.3,28539,28647447.85
2025-12-24,GODREJPROP,EQ,INE484J01027,GODREJ PROPERTIES LTD,2025.0,2044.9,2001.8,2006.1,2019.5,-0.66,296234,594275020.17
2025-12-24,GOKEX,EQ,INE887G01027,GOKALDAS EXPORTS LTD.,798.5,798.5,783.1,784.7,793.5,-1.11,143322,112464775.15
2025-12-24,GOKUL,EQ,INE020J01029,GOKUL REFOILS & SOLV LTD,39.32,39.32,37.8,38.25,38.33,-0.21,25954,992740.5
2025-12-24,GOKULAGRO,EQ,INE314T01033,GOKUL AGRO RESOURCES LTD,186.28,188.9,183.8,184.9,187.05,-1.15,307062,56775761.93
2025-12-24,GOLD1,EQ,INF174KA1HJ8,KOTAK GOLD ETF,114.21,114.9,113.73,113.96,114.02,-0.05,4180982,476464704.89
2025-12-24,GOLDADD,EQ,INF740KA1ZP2,DSPAMC - DSPGOLD,13.32,13.34,13.26,13.3,13.27,0.2,4703930,62543451.05
2025-12-24,GOLDAXIS,EQ,INF846K01W80,AXISAMC-GOLDAXIS,117.5,117.5,113.96,114.14,114.64,-0.44,5373728,613357310.64
2025-12-24,GOLDBEES,EQ,INF204KB17I5,NIP IND ETF GOLD BEES,113.49,115.0,112.99,113.21,113.1,0.1,47649347,5394382530.25
2025-12-24,GOLDBETA,EQ,INF789F1AUX7,UTIAMC-UTIGOLDBETA,114.8,115.5,114.4,115.2,114.9,0.26,1520828,175199380.96
2025-12-24,GOLDCASE,EQ,INF0R8F01042,ZERODHAAMC - GOLDCASE,22.03,22.03,20.96,21.51,21.5,0.05,11561968,248697934.33
2025-12-24,GOLDETF,EQ,INF769K01JP9,MIRAEAMC - MAGOLDETF,135.91,135.91,132.51,132.88,132.6,0.21,1761074,234011521.72
2025-12-24,GOLDIAM,EQ,INE025B01025,GOLDIAM INTERNATIONAL LTD,275.4,277.84,271.5,272.36,275.29,-1.06,359485,97910228.92
2025-12-24,GOLDIETF,EQ,INF109KC1NT3,ICICI PRUDENTIAL GOLD ETF,120.19,120.19,116.8,117.34,117.26,0.07,9779951,1147579414.52
2025-12-24,GOODLUCK,EQ,INE127I01024,GOODLUCK INDIA LIMITED,353.73,355.5,349.33,352.03,353.4,-0.39,114735,40390543.57
2025-12-24,GOPAL,EQ,INE0L9R01028,GOPAL SNACKS LIMITED,312.0,318.0,311.65,315.8,312.15,1.17,49694,15693364.59
2025-12-24,GOYALALUM,EQ,INE705X01026,GOYAL ALUMINIUMS LIMITED,6.98,6.98,6.8,6.82,6.83,-0.15,63396,432360.73
2025-12-24,GPIL,EQ,INE177H01039,GODAWARI POW & ISP LTD,258.86,258.99,250.79,252.5,258.95,-2.49,1996239,504050347.5
2025-12-24,GPPL,EQ,INE517F01014,GUJARAT PIPAVAV PORT LTD,193.4,193.75,191.0,192.01,192.77,-0.39,567382,108943014.7
2025-12-24,GPTHEALTH,EQ,INE486R01017,GPT HEALTHCARE LIMITED,136.9,138.62,136.75,137.06,137.43,-0.27,36424,4992273.35
2025-12-24,GPTINFRA,EQ,INE390G01014,GPT INFRAPROJECTS LTD,115.5,115.5,112.05,112.84,111.01,1.65,1505293,169857256.61
2025-12-24,GRANULES,EQ,INE101D01020,GRANULES INDIA LIMITED,620.0,624.7,610.15,612.4,614.8,-0.39,3335314,2042546375.03
2025-12-24,GRAPHITE,EQ,INE371A01025,GRAPHITE INDIA LTD,570.3,587.0,567.05,570.85,570.3,0.1,769350,439183428.72
2025-12-24,GRASIM,EQ,INE047A01021,GRASIM INDUSTRIES LTD,2830.8,2862.9,2820.0,2826.9,2829.8,-0.1,444617,1256887753.88
2025-12-24,GRAVITA,EQ,INE024L01027,GRAVITA INDIA LIMITED,1845.0,1880.0,1831.4,1867.9,1845.1,1.24,191514,357729005.28
2025-12-24,GREAVESCOT,EQ,INE224A01026,GREAVES COTTON LTD.,189.1,192.3,187.98,190.53,188.88,0.87,725818,138290102.65
2025-12-24,GREENLAM,EQ,INE544R01021,GREENLAM INDUSTRIES LTD.,247.5,247.5,242.4,243.35,246.5,-1.28,10703,2604575.12
2025-12-24,GREENPANEL,EQ,INE08ZM01014,GREENPANEL INDUSTRIES LTD,237.0,242.04,226.35,229.41,239.82,-4.34,748828,171788634.22
2025-12-24,GREENPLY,EQ,INE461C01038,GREENPLY INDUSTRIES LTD,260.9,262.85,256.2,259.65,260.9,-0.48,117700,30560804.28
2025-12-24,GREENPOWER,EQ,INE999K01014,ORIENT GREEN POWER CO LTD,12.03,12.15,11.95,11.97,12.03,-0.5,1568051,18769570.89
2025-12-24,GRINDWELL,EQ,INE536A01023,GRINDWELL NORTON LIMITED,1605.7,1611.0,1570.5,1576.7,1605.7,-1.81,15364,24224418.05
2025-12-24,GRINFRA,EQ,INE201P01022,G R INFRAPROJECTS LIMITED,1030.0,1043.6,1015.4,1021.8,1036.0,-1.37,105114,107405483.92
2025-12-24,GRMOVER,EQ,INE192H01020,GRM OVERSEAS LIMITED,178.65,185.45,160.45,165.65,168.52,-1.7,4367524,723480323.94
2025-12-24,GROBTEA,EQ,INE646C01018,THE GROB TEA COMPANY LTD,1001.4,1006.5,992.0,996.6,1001.3,-0.47,149,148493.4
2025-12-24,GROWW,EQ,INE0HOQ01053,BILLIONBRAINS GARAGE VN L,161.6,175.5,160.31,163.63,160.82,1.75,156138198,25548894101.13
2025-12-24,GROWWCAPM,EQ,INF666M01MM4,GROWWAMC - GROWWCAPM,9.89,9.89,9.89,9.89,9.98,-0.89,0,0.0
2025-12-24,GROWWDEFNC,EQ,INF666M01IO8,GROWWAMC - GROWWDEFNC,78.5,78.58,77.06,77.89,77.68,0.27,361829,28182860.59
2025-12-24,GROWWEV,EQ,INF666M01IH2,GROWWAMC - GROWWEV,31.44,31.56,31.2,31.37,31.43,-0.19,106153,3330019.7
2025-12-24,GROWWGOLD,EQ,INF666M01OE7,GROWWAMC - GROWWGOLD,135.84,135.85,133.73,134.12,134.55,-0.32,845939,113457334.55
2025-12-24,GROWWLIQID,EQ,INF666M01IP5,GROWWAMC - GROWWLIQID,107.1,107.18,107.1,107.17,107.14,0.03,199570,21387916.53
2025-12-24,GROWWLOVOL,EQ,INF666M01LB9,GROWWAMC - GROWWLOVOL,10.74,10.74,10.74,10.74,10.77,-0.23,0,0.0
2025-12-24,GROWWMC150,EQ,INF666M01MV5,GROWWAMC - GROWWMC150,222.5,222.5,222.5,222.5,223.56,-0.47,0,0.0
2025-12-24,GROWWMETAL,EQ,INF666M01NI0,GROWWAMC - GROWWMETAL,10.19,10.19,10.19,10.19,10.18,0.14,0,0.0
2025-12-24,GROWWMOM50,EQ,INF666M01KJ4,GROWWAMC - GROWWMOM50,10.71,10.71,10.71,10.71,10.75,-0.31,0,0.0
2025-12-24,GROWWN200,EQ,INF666M01JV1,GROWWAMC - GROWWN200,11.74,11.74,11.74,11.74,11.77,-0.23,0,0.0
2025-12-24,GROWWNET,EQ,INF666M01LI4,GROWWAMC - GROWWNET,10.61,10.61,10.61,10.61,10.63,-0.25,0,0.0
2025-12-24,GROWWNXT50,EQ,INF666M01LZ8,GROWWAMC - GROWWNXT50,68.93,68.93,68.93,68.93,69.07,-0.2,0,0.0
2025-12-24,GROWWRAIL,EQ,INF666M01JJ6,GROWWAMC - GROWWRAIL,35.36,35.36,34.35,34.57,34.5,0.2,2425720,83857139.66
2025-12-24,GROWWRLTY,EQ,INF666M01MN2,GROWWAMC - GROWWRLTY,9.91,9.91,9.91,9.91,9.9,0.17,0,0.0
2025-12-24,GROWWSC250,EQ,INF666M01MO0,GROWWAMC - GROWWSC250,9.59,9.59,9.59,9.59,9.59,0.06,0,0.0
2025-12-24,GROWWSLVR,EQ,INF666M01OF4,GROWWAMC - GROWWSLVR,213.82,213.82,213.82,213.82,205.39,4.1,0,0.0
2025-12-24,GRPLTD,EQ,INE137I01015,GRP LIMITED,1708.9,1708.9,1652.4,1693.2,1699.2,-0.35,2908,4923825.46
2025-12-24,GRSE,EQ,INE382Z01011,GARDEN REACH SHIP&ENG LTD,2420.1,2511.0,2412.0,2453.8,2420.7,1.37,1436916,3525904550.96
2025-12-24,GRWRHITECH,EQ,INE291A01017,GARWARE HI-TECH FILMS LTD,3200.0,3242.9,3169.9,3184.2,3210.6,-0.82,46576,148307296.93
2025-12-24,GSEC10IETF,EQ,INF109KC18O0,ICICIPRAMC - ICICI10GS,258.49,260.0,258.01,259.99,257.07,1.14,9075,2359409.16
2025-12-24,GSEC10YEAR,EQ,INF769K01KF8,MIRAEAMC - MAGS813ETF,29.5,29.74,29.39,29.64,29.38,0.88,11887,352330.67
2025-12-24,GSEC5IETF,EQ,INF109KC14A8,ICICIPRAMC - ICICI5GSEC,63.64,63.72,63.45,63.59,63.66,-0.11,6710,426688.9
2025-12-24,GSFC,EQ,INE026A01025,GUJ STATE FERT & CHEM LTD,179.2,179.5,177.0,177.36,178.65,-0.72,367494,65178736.06
2025-12-24,GSLSU,EQ,INE0JSX01015,GLOBAL SURFACES LIMITED,105.85,109.0,105.72,106.56,105.72,0.79,11797,1257088.29
2025-12-24,GSS,EQ,INE871H01011,GSS INFOTECH LIMITED,16.84,16.84,16.3,16.46,16.47,-0.06,34198,562899.05
2025-12-24,GTECJAINX,EQ,INE586X01012,G-TEC JAINX EDUCATION LTD,25.9,25.9,23.99,24.57,24.48,0.37,7878,193562.46
2025-12-24,GTL,EQ,INE043A01012,GTL LTD,8.15,8.33,8.05,8.1,8.15,-0.61,227272,1840903.29
2025-12-24,GTLINFRA,EQ,INE221H01019,GTL INFRA.LTD,1.23,1.25,1.21,1.22,1.23,-0.81,27756714,33863191.87
2025-12-24,GTPL,EQ,INE869I01013,GTPL HATHWAY LIMITED,99.11,101.1,99.11,100.08,100.14,-0.06,14055,1406624.43
2025-12-24,GUFICBIO,EQ,INE742B01025,GUFIC BIOSCIENCES LTD.,346.65,348.05,340.6,342.15,346.3,-1.2,18106,6194967.79
2025-12-24,GUJALKALI,EQ,INE186A01019,GUJARAT ALKALIES & CHEM,509.95,513.75,505.0,507.65,508.3,-0.13,12523,6357300.87
2025-12-24,GUJAPOLLO,EQ,INE826C01016,GUJ. APOLLO IND. LTD.,418.45,428.0,417.05,421.35,417.15,1.01,17885,7535844.86
2025-12-24,GUJENERGY,EQ,INE844O01030,GUJARAT ENERGY LIMITED,397.95,397.95,390.5,391.7,396.65,-1.25,305672,119731726.13
2025-12-24,GUJRAFFIA,EQ,INE610B01024,GUJARAT RAFFIA INDUST LTD,47.4,49.3,47.4,49.3,48.34,1.99,17652,870243.59
2025-12-24,GUJTHEM,EQ,INE942C01045,GUJARAT THEMIS BIOSYN LTD,415.0,443.0,414.5,437.8,408.0,7.3,1374392,601708800.82
2025-12-24,GULFOILLUB,EQ,INE635Q01029,GULF OIL LUB. IND. LTD.,1210.2,1224.5,1191.8,1195.3,1217.7,-1.84,43236,51679992.91
2025-12-24,GULPOLY,EQ,INE255D01024,GULSHAN POLYOLS LIMITED,137.2,145.48,137.2,142.96,138.51,3.21,108463,15505871.21
2025-12-24,GVPIL,EQ,INE878A01011,GE POWER INDIA LIMITED,332.0,332.4,322.2,323.1,330.3,-2.18,84448,27285149.32
2025-12-24,GVT&D,EQ,INE200A01026,GE VERNOVA T&D INDIA LTD,3111.0,3202.9,3111.0,3163.3,3129.9,1.07,382104,1208709601.86
2025-12-24,HAL,EQ,INE066F01020,HINDUSTAN AERONAUTICS LTD,4415.0,4460.0,4397.4,4421.3,4407.4,0.32,486359,2150338951.71
2025-12-24,HALEOSLABS,EQ,INE320X01016,HALEOS LABS LIMITED,1330.0,1340.0,1214.2,1312.4,1278.1,2.68,13741,18033688.74
2025-12-24,HAPPSTMNDS,EQ,INE419U01012,HAPPIEST MINDS TECHNO LTD,490.75,493.0,483.0,484.05,490.75,-1.37,226259,109520666.19
2025-12-24,HAPPYFORGE,EQ,INE330T01021,HAPPY FORGINGS LIMITED,1103.9,1118.7,1075.0,1090.8,1097.9,-0.65,39680,43282945.94
2025-12-24,HARDWYN,EQ,INE626Z01029,HARDWYN INDIA LIMITED,12.29,12.56,12.29,12.49,12.43,0.52,279364,3490054.5
2025-12-24,HARIOMPIPE,EQ,INE00EV01017,HARIOM PIPE INDUSTRIES L,355.95,358.45,349.1,350.75,355.95,-1.46,76861,26958995.75
2025-12-24,HARRMALAYA,EQ,INE544A01019,HARRISON MALAYALAM LTD,162.99,164.0,160.05,162.89,160.0,1.81,5601,912346.89
2025-12-24,HARSHA,EQ,INE0JUS01029,HARSHA ENGINEERS INT LTD,380.0,380.0,374.4,377.4,376.0,0.37,14855,5606276.91
2025-12-24,HATHWAY,EQ,INE982F01036,HATHWAY CABLE & DATACOM,12.83,12.85,12.51,12.55,12.8,-1.95,1808741,22699699.89
2025-12-24,HATSUN,EQ,INE473B01035,HATSUN AGRO PRODUCT LTD.,980.3,1035.5,980.3,984.8,983.2,0.16,793454,781393489.51
2025-12-24,HAVELLS,EQ,INE176B01034,HAVELLS INDIA LIMITED,1426.0,1436.4,1420.1,1424.4,1426.8,-0.17,661762,942613808.96
2025-12-24,HAVISHA,EQ,INE293B01029,SRI HAVISHA HOSP & INFR L,1.86,1.94,1.79,1.9,1.8,5.56,35674,67780.6
2025-12-24,HBLENGINE,EQ,INE292B01021,HBL ENGINEERING LTD,879.0,892.95,870.3,881.6,875.75,0.67,1498824,1321363201.81
2025-12-24,HBSL,EQ,INE550B01022,HB STOCKHOLDINGS LIMITED,75.79,75.79,73.8,74.47,74.1,0.5,1995,148567.65
2025-12-24,HCC,EQ,INE549A01026,HINDUSTAN CONSTRUCTION CO,19.59,19.91,18.5,18.61,19.61,-5.1,65327622,1215747085.29
2025-12-24,HCG,EQ,INE075I01017,HEALTHCARE GLOB. ENT. LTD,682.1,685.65,671.35,677.65,678.75,-0.16,157962,107042953.16
2025-12-24,HCL-INSYS,EQ,INE236A01020,HCL INFOSYSTEMS LTD,13.71,13.85,13.67,13.69,13.67,0.15,109138,1494099.17
2025-12-24,HCLTECH,EQ,INE860A01027,HCL TECHNOLOGIES LTD,1676.0,1680.0,1665.1,1674.7,1679.9,-0.31,989858,1657715144.27
2025-12-24,HDBFS,EQ,INE756I01012,HDB FINANCIAL SERVICES L,758.85,761.0,750.25,753.55,758.85,-0.7,301424,227138051.52
2025-12-24,HDFCAMC,EQ,INE127D01025,HDFC AMC LIMITED,2709.0,2724.0,2641.2,2656.1,2709.3,-1.96,1008479,2678621170.38
2025-12-24,HDFCBANK,EQ,INE040A01034,HDFC BANK LTD,993.0,999.4,993.0,997.2,996.6,0.06,13699996,13661636178.44
2025-12-24,HDFCBSE500,EQ,INF179KC1EZ4,HDFCAMC - HDFCBSE500,38.41,38.41,38.19,38.23,38.21,0.05,10249,391819.27
2025-12-24,HDFCGOLD,EQ,INF179KC1981,HDFC GOLD ETF,119.57,119.57,116.51,116.96,116.66,0.26,7186870,840576308.62
2025-12-24,HDFCGROWTH,EQ,INF179KC1DJ0,HDFCAMC - HDFCGROWTH,130.17,130.96,129.97,130.68,130.85,-0.13,10927,1427940.28
2025-12-24,HDFCLIFE,EQ,INE795G01014,HDFC LIFE INS CO LTD,763.9,767.95,754.65,755.35,763.95,-1.13,1132272,855261627.56
2025-12-24,HDFCLIQUID,EQ,INF179KC1JG3,HDFCAMC - HDFCLIQUID,1041.52,1041.56,1041.52,1041.55,1041.25,0.03,8059,8393851.84
2025-12-24,HDFCLOWVOL,EQ,INF179KC1HU8,HDFCAMC - HDFCLOWVOL,21.58,21.65,21.53,21.54,21.57,-0.14,21152,455614.1
2025-12-24,HDFCMID150,EQ,INF179KC1HT0,HDFCAMC - HDFCMID150,22.0,22.72,22.0,22.51,22.61,-0.44,365250,8221777.58
2025-12-24,HDFCMOMENT,EQ,INF179KC1HV6,HDFCAMC - HDFCMOMENT,31.85,31.95,31.55,31.69,31.76,-0.22,255849,8107854.95
2025-12-24,HDFCNEXT50,EQ,INF179KC1HS2,HDFCAMC - HDFCNEXT50,70.62,70.62,70.0,70.26,70.26,0.0,89251,6270775.45
2025-12-24,HDFCNIF100,EQ,INF179KC1HR4,HDFCAMC - HDFCNIF100,27.6,27.88,27.42,27.48,27.47,0.04,68098,1871333.01
2025-12-24,HDFCNIFBAN,EQ,INF179KC1HY0,HDFCAMC - HDFCNIFBAN,60.77,61.57,59.99,60.68,60.78,-0.16,19337,1173369.17
2025-12-24,HDFCNIFIT,EQ,INF179KC1IA8,HDFCAMC - HDFCNIFIT,42.3,42.3,41.02,41.12,41.32,-0.48,50201,2064265.07
2025-12-24,HDFCNIFTY,EQ,INF179KC1965,HDFCAMC - HDFCNIFTY,295.0,299.97,292.1,292.55,292.5,0.02,44703,13077862.1
2025-12-24,HDFCPSUBK,EQ,INF179KC1HW4,HDFCAMC HDFCPSUBK,84.25,84.38,83.52,83.88,84.26,-0.45,20167,1691607.9
2025-12-24,HDFCPVTBAN,EQ,INF179KC1HZ7,HDFCAMC - HDFCPVTBAN,29.27,29.27,28.88,28.96,28.98,-0.07,67078,1942578.82
2025-12-24,HDFCQUAL,EQ,INF179KC1DL6,HDFCAMC - HDFCQUAL,60.97,60.98,60.33,60.49,60.68,-0.31,14336,867184.66
2025-12-24,HDFCSENSEX,EQ,INF179KC1HX2,HDFCAMC - HDFCSENSEX,96.98,97.7,95.9,96.16,96.31,-0.16,14834,1426437.49
2025-12-24,HDFCSILVER,EQ,INF179KC1DI2,HDFCAMC - HDFCSILVER,207.84,211.1,207.82,210.11,202.77,3.62,8714363,1830974815.25
2025-12-24,HDFCSML250,EQ,INF179KC1FB2,HDFCAMC - HDFCSML250,168.12,168.25,167.0,167.25,167.35,-0.06,903530,151115392.5
2025-12-24,HDFCVALUE,EQ,INF179KC1DK8,HDFCAMC - HDFCVALUE,140.5,141.0,139.97,140.67,140.51,0.11,68870,9687942.77
2025-12-24,HEADSUP,EQ,INE759V01019,HEADS UP VENTURES LIMITED,9.22,9.46,9.0,9.16,9.41,-2.66,12221,111944.36
2025-12-24,HEALTHADD,EQ,INF740KA1ZG1,DSPAMC - HEALTHADD,149.32,149.42,148.54,148.73,148.88,-0.1,2718,404248.13
2025-12-24,HEALTHAXIS,EQ,INF846K01Z12,AXISAMC-HEALTHAXIS,151.03,153.7,149.46,149.96,150.48,-0.35,1399,209794.05
2025-12-24,HEALTHIETF,EQ,INF109KC1Q72,ICICIPRAMC - ICICIPHARM,151.89,151.89,150.7,151.11,151.52,-0.27,56119,8480142.12
2025-12-24,HEALTHX,EQ,INE019J01013,HEALTH X PLATFORM LIMITED,308.0,308.15,301.5,302.1,306.45,-1.42,5569,1682394.93
2025-12-24,HEALTHY,EQ,INF209KB10C2,BIRLASLAMC - HEALTHY,14.79,15.44,14.79,15.14,15.17,-0.2,108047,1635831.62
2025-12-24,HECPROJECT,EQ,INE558R01013,HEC INFRA PROJECTS LTD,123.75,126.5,122.5,123.23,123.74,-0.41,5144,633895.14
2025-12-24,HEIDELBERG,EQ,INE578A01017,HEIDELBERGCEMENT (I) LTD,173.4,175.9,171.01,175.33,172.94,1.38,104209,18270964.16
2025-12-24,HEMIPROP,EQ,INE0AJG01018,HEMISPHERE PROP IND LTD,132.1,134.9,130.53,131.14,132.32,-0.89,263662,34576634.52
2025-12-24,HERANBA,EQ,INE694N01015,HERANBA INDUSTRIES LTD,257.3,263.95,253.25,254.45,256.95,-0.97,30706,7813141.61
2025-12-24,HERITGFOOD,EQ,INE978A01027,HERITAGE FOODS LTD,461.85,462.05,457.3,458.1,461.4,-0.72,98341,45050012.7
2025-12-24,HEROMOTOCO,EQ,INE158A01026,HERO MOTOCORP LIMITED,5744.0,5750.0,5690.0,5698.5,5744.0,-0.79,313655,1787363017.5
2025-12-24,HESTERBIO,EQ,INE782E01017,HESTER BIOSCIENCES LTD,1596.1,1606.3,1563.3,1583.7,1593.0,-0.58,1219,1930530.24
2025-12-24,HEXATRADEX,EQ,INE750M01017,HEXA TRADEX LIMITED,161.5,166.5,159.0,160.73,162.44,-1.05,2256,362606.87
2025-12-24,HEXT,EQ,INE093A01041,HEXAWARE TECHNOLOGIES LTD,739.9,751.3,732.0,748.4,738.55,1.33,654104,489531449.57
2025-12-24,HGINFRA,EQ,INE926X01010,H.G.INFRA ENGINEERING LTD,811.8,816.5,785.2,789.95,809.5,-2.42,391193,309022915.13
2025-12-24,HGM,EQ,INE596H01014,HANDSON GBL MNGMNT LTD,71.8,72.99,70.0,70.7,71.95,-1.74,5540,391677.98
2025-12-24,HGS,EQ,INE170I01016,HINDUJA GLOBAL SOLS. LTD.,456.35,463.3,450.0,451.6,463.3,-2.53,15286,6903157.69
2025-12-24,HIKAL,EQ,INE475B01022,HIKAL LIMITED,244.86,248.74,236.14,238.15,242.0,-1.59,452523,107768349.69
2025-12-24,HILINFRA,EQ,INE00RL01028,HIGHWAY INFRASTRUCTURE L,59.5,60.5,56.97,57.76,58.98,-2.07,275507,15913283.86
2025-12-24,HILTON,EQ,INE788H01017,HILTON METAL FORGING LTD,38.52,39.23,38.14,38.78,38.09,1.81,129443,5019829.5
2025-12-24,HIMATSEIDE,EQ,INE049A01027,HIMATSINGKA SEIDE LTD,116.29,116.85,113.95,114.91,116.29,-1.19,244262,28068147.31
2025-12-24,HINDALCO,EQ,INE038A01020,HINDALCO  INDUSTRIES  LTD,865.95,882.3,862.15,864.45,863.85,0.07,3683590,3184279420.47
2025-12-24,HINDCOMPOS,EQ,INE310C01029,HINDUSTAN COMPOSITES LTD.,432.0,440.0,430.55,436.85,431.95,1.13,4952,2163281.23
2025-12-24,HINDCON,EQ,INE642Y01029,HINDCON CHEMICALS LIMITED,27.98,27.98,27.13,27.34,27.3,0.15,8864,242341.76
2025-12-24,HINDCOPPER,EQ,INE531E01026,HINDUSTAN COPPER LTD,418.0,439.5,412.7,436.55,407.8,7.05,47327061,20660627901.83
2025-12-24,HINDOILEXP,EQ,INE345A01011,HINDUSTAN OIL EXPLORATION,155.96,157.61,153.65,154.24,155.51,-0.82,152981,23595790.28
2025-12-24,HINDPETRO,EQ,INE094A01015,HINDUSTAN PETROLEUM CORP,475.1,477.5,469.25,470.7,475.1,-0.93,1548951,729091254.61
2025-12-24,HINDUNILVR,EQ,INE030A01027,HINDUSTAN UNILEVER LTD.,2302.6,2305.0,2278.1,2282.2,2302.6,-0.89,519380,1185329010.64
2025-12-24,HINDWAREAP,EQ,INE05AN01011,HINDWARE HME INOVATON LTD,264.95,265.75,256.25,257.6,265.2,-2.87,59203,15250693.16
2025-12-24,HINDZINC,EQ,INE267A01025,HINDUSTAN ZINC LIMITED,619.0,631.9,617.95,624.85,609.8,2.47,13964315,8725601886.82
2025-12-24,HIRECT,EQ,INE835D01023,HIRECT LIMITED,745.5,745.5,722.9,730.05,743.55,-1.82,20034,14625821.46
2025-12-24,HISARMETAL,EQ,INE598C01011,HISAR METAL IND. LIMITED,168.0,168.0,159.0,160.94,164.98,-2.45,2807,451758.59
2025-12-24,HITECH,EQ,INE106T01025,HI-TECH PIPES LIMITED,93.0,93.0,89.36,89.84,92.54,-2.92,1735223,155892427.97
2025-12-24,HLEGLAS,EQ,INE461D01028,HLE GLASCOAT LIMITED,454.85,458.35,449.0,450.7,453.0,-0.51,21927,9882499.17
2025-12-24,HLVLTD,EQ,INE102A01024,HLV LIMITED,9.9,9.9,9.6,9.74,9.83,-0.92,367449,3578953.18
2025-12-24,HMAAGRO,EQ,INE0ECP01024,HMA AGRO INDUSTRIES LTD,28.75,29.41,28.65,28.76,29.0,-0.83,156011,4486876.4
2025-12-24,HNDFDS,EQ,INE254N01026,HINDUSTAN FOODS LIMITED,514.4,516.8,507.25,509.7,514.35,-0.9,88995,45360752.59
2025-12-24,HNGSNGBEES,EQ,INF204KB19I1,NIP IND ETF HANGSENG BEES,502.83,503.4,500.0,501.49,501.29,0.04,79307,39771666.66
2025-12-24,HOMEFIRST,EQ,INE481N01025,HOME FIRST FIN CO IND LTD,1126.2,1141.4,1121.5,1125.0,1126.2,-0.11,155684,175144500.0
2025-12-24,HONASA,EQ,INE0J5401028,HONASA CONSUMER LIMITED,271.3,276.45,270.4,275.2,272.3,1.07,377152,103792235.0
2025-12-24,HONAUT,EQ,INE671A01010,HONEYWELL AUTOMATION IND,33350.0,33510.0,33155.0,33230.0,33355.0,-0.37,1963,65230490.0
2025-12-24,HONDAPOWER,EQ,INE634A01018,HONDA I POWER PRODUCT LTD,2333.0,2364.0,2333.0,2352.4,2344.7,0.33,1215,2858165.88
2025-12-24,HPAL,EQ,INE0GSL01024,HP ADHESIVES LIMITED,43.99,44.24,43.21,43.52,43.71,-0.43,28027,1219735.05
2025-12-24,HPIL,EQ,INE05X901010,HINDPRAKASH INDUSTRY LTD,137.5,137.5,135.04,136.11,137.5,-1.01,545,74179.95
2025-12-24,HPL,EQ,INE495S01016,HPL ELECTRIC & POWER LTD,414.9,416.5,408.15,411.95,413.25,-0.31,73462,30262671.8
2025-12-24,HSCL,EQ,INE019C01026,HIMADRI SPECIALITY CHEM L,479.0,485.5,477.35,482.9,481.75,0.24,928093,448176104.04
2025-12-24,HTMEDIA,EQ,INE501G01024,HT MEDIA LIMITED,23.0,23.79,22.78,23.04,22.81,1.01,107315,2472537.7
2025-12-24,HUBTOWN,EQ,INE703H01016,HUBTOWN LIMITED,247.4,251.0,243.5,245.5,246.5,-0.41,372446,91435493.0
2025-12-24,HUDCO,EQ,INE031A01017,HSG & URBAN DEV CORPN LTD,216.15,219.85,215.77,216.23,216.07,0.07,2843615,614874859.3
2025-12-24,HUHTAMAKI,EQ,INE275B01026,HUHTAMAKI INDIA LIMITED,211.0,214.58,209.1,210.64,211.64,-0.47,66456,13998291.8
2025-12-24,HYUNDAI,EQ,INE0V6F01027,HYUNDAI MOTOR INDIA LTD,2306.0,2321.0,2304.6,2307.9,2314.5,-0.29,458440,1058033631.23
2025-12-24,IBULLSLTD,EQ,INE126M01010,INDIABULLS LIMITED,15.9,16.36,15.85,16.26,15.59,4.3,630526,10252352.9
2025-12-24,ICEMAKE,EQ,INE520Y01019,ICE MAKE REFRIGERAT LTD,806.15,820.0,799.0,817.05,798.15,2.37,27654,22594700.36
2025-12-24,ICICIAMC,EQ,INE346A01027,ICICI PRUDENTIAL AMC LTD,2610.0,2665.0,2606.6,2640.6,2609.5,1.19,2419891,6389964410.92
2025-12-24,ICICIB22,EQ,INF109KB15Y7,ICICIPRAMC - BHARATIWIN,116.65,117.41,116.53,116.71,116.65,0.05,356010,41549926.77
2025-12-24,ICICIBANK,EQ,INE090A01021,ICICI BANK LTD.,1363.8,1368.2,1357.6,1359.8,1363.0,-0.23,8955140,12177199809.26
2025-12-24,ICICIGI,EQ,INE765G01017,ICICI LOMBARD GIC LIMITED,1957.0,1966.9,1952.1,1959.3,1960.1,-0.04,381929,748313508.35
2025-12-24,ICICIPRULI,EQ,INE726G01019,ICICI PRU LIFE INS CO LTD,650.0,654.0,648.75,652.05,650.9,0.18,672563,438544695.94
2025-12-24,ICIL,EQ,INE483B01026,INDO COUNT INDUSTRIES LTD,271.5,273.1,266.75,267.75,271.35,-1.33,70556,18891369.0
2025-12-24,ICRA,EQ,INE725G01011,ICRA LIMITED,6154.5,6319.0,6098.5,6299.5,6198.0,1.64,9649,60783875.5
2025-12-24,IDBI,EQ,INE008A01015,IDBI BANK LIMITED,100.3,102.6,100.05,100.91,100.07,0.84,10610419,1070697420.15
2025-12-24,IDEA,EQ,INE669E01016,VODAFONE IDEA LIMITED,12.02,12.22,11.92,12.02,12.01,0.08,606546117,7290684603.99
2025-12-24,IDEAFORGE,EQ,INE349Y01013,IDEAFORGE TECHNO LTD,479.9,498.5,472.8,480.1,477.95,0.45,1712430,822137653.45
2025-12-24,IDFCFIRSTB,EQ,INE092T01019,IDFC FIRST BANK LIMITED,84.76,85.3,84.06,84.24,85.0,-0.89,10955983,922931984.52
2025-12-24,IDFNIFTYET,EQ,INF194KA1U07,BANDHANAMC - IDFNIFTYET,286.68,288.29,286.68,287.04,286.68,0.13,3441,987704.67
2025-12-24,IEX,EQ,INE022Q01020,INDIAN ENERGY EXC LTD,142.94,143.4,138.8,139.14,142.05,-2.05,3752961,522186991.25
2025-12-24,IFBAGRO,EQ,INE076C01018,IFB AGRO INDUSTRIES LTD,1370.0,1378.9,1300.0,1316.4,1370.6,-3.95,27696,36459015.08
2025-12-24,IFBIND,EQ,INE559A01017,IFB INDUSTRIES LTD,1635.0,1729.5,1634.6,1651.5,1639.9,0.71,65228,107724042.0
2025-12-24,IFCI,EQ,INE039A01010,IFCI LTD,52.97,53.57,52.33,53.07,52.97,0.19,7850697,416636487.39
2025-12-24,IFGLEXPOR,EQ,INE133Y01011,IFGL REFRACTORIES LIMITED,209.4,214.0,205.0,206.57,210.39,-1.82,17519,3618899.96
2025-12-24,IGARASHI,EQ,INE188B01013,IGARASHI MOTORS INDIA LTD,436.2,444.9,435.0,439.7,436.9,0.64,31264,13746781.18
2025-12-24,IGCL,EQ,INE05J901018,INDOGULF CROPSCIENCES LTD,84.22,84.7,83.21,83.4,84.92,-1.79,53973,4501348.28
2025-12-24,IGIL,EQ,INE0Q9301021,INTL GEMOLOGICAL INST LTD,327.85,330.7,326.0,328.9,327.55,0.41,311018,102293818.3
2025-12-24,IGL,EQ,INE203G01027,INDRAPRASTHA GAS LTD,196.44,196.75,193.26,193.73,195.78,-1.05,818031,158477142.13
2025-12-24,IGPL,EQ,INE204A01010,I G PETROCHEMICALS LTD,387.65,400.85,387.65,396.95,387.65,2.4,90972,36111336.51
2025-12-24,IIFL,EQ,INE530B01024,IIFL FINANCE LIMITED,574.0,605.8,570.85,602.15,572.75,5.13,5216175,3140919903.6
2025-12-24,IIFLCAPS,EQ,INE489L01022,IIFL CAPITAL SERVICES LTD,336.0,342.0,331.5,333.35,335.6,-0.67,323329,107781724.12
2025-12-24,IITL,EQ,INE886A01014,INDUSTRIAL INV TRUST LTD,170.22,170.25,165.0,166.68,169.99,-1.95,8665,1444282.14
2025-12-24,IKIO,EQ,INE0LOJ01019,IKIO TECHNOLOGIES LIMITED,184.0,187.01,182.01,183.86,182.47,0.76,56126,10319326.39
2025-12-24,IKS,EQ,INE115Q01022,INVENTURUS KNOWLEDGE SO L,1750.0,1777.0,1741.4,1749.8,1749.0,0.05,231120,404413787.29
2025-12-24,IMAGICAA,EQ,INE172N01012,IMAGICAAWORLD ENT LTD,48.82,49.11,46.47,47.05,48.77,-3.53,865442,40719045.44
2025-12-24,IMFA,EQ,INE919H01018,INDIAN METALS & FERRO,1429.5,1455.8,1410.1,1416.0,1421.0,-0.35,161583,228801528.0
2025-12-24,IMPAL,EQ,INE547E01014,IND MOTOR PART & ACC LTD,1052.0,1052.0,1025.0,1037.4,1047.9,-1.0,2307,2393281.86
2025-12-24,INCREDIBLE,EQ,INE452L01012,INCREDIBLE INDUSTRIES LTD,40.11,40.79,39.5,39.61,40.18,-1.42,1540,60999.4
2025-12-24,INDBANK,EQ,INE841B01017,INDBANK MERCH BANK,34.9,35.5,34.9,35.23,35.08,0.43,21320,751103.59
2025-12-24,INDGN,EQ,INE065X01017,INDEGENE LIMITED,532.15,533.9,521.95,523.35,532.15,-1.65,180150,94281498.1
2025-12-24,INDHOTEL,EQ,INE053A01029,THE INDIAN HOTELS CO. LTD,738.4,741.05,734.45,740.1,738.3,0.24,1613745,1194332635.1
2025-12-24,INDIACEM,EQ,INE383A01012,THE INDIA CEMENTS LIMITED,443.4,444.4,433.8,436.3,441.7,-1.22,230223,100446292.09
2025-12-24,INDIAGLYCO,EQ,INE560A01023,INDIA GLYCOLS LTD,1065.0,1074.0,1045.0,1051.3,1069.7,-1.72,55293,58129533.6
2025-12-24,INDIAMART,EQ,INE933S01016,INDIAMART INTERMESH LTD,2251.7,2267.3,2215.4,2230.7,2259.8,-1.29,25870,57708207.74
2025-12-24,INDIANB,EQ,INE562A01011,INDIAN BANK,783.25,783.25,773.25,777.2,783.25,-0.77,902942,701766533.42
2025-12-24,INDIANCARD,EQ,INE061A01014,INDIAN CARD CLOTHING CO.,239.5,252.45,237.4,240.35,244.35,-1.64,4098,984954.33
2025-12-24,INDIANHUME,EQ,INE323C01030,INDIAN HUME PIPE CO. LTD.,422.0,429.0,418.0,424.9,419.05,1.4,58550,24877894.64
2025-12-24,INDIASHLTR,EQ,INE922K01024,INDIA SHELTER FIN CORP L,838.0,839.9,814.8,817.15,837.95,-2.48,79725,65147285.7
2025-12-24,INDIGO,EQ,INE646L01027,INTERGLOBE AVIATION LTD,5155.0,5168.0,5047.5,5081.5,5157.0,-1.46,980384,4981821296.0
2025-12-24,INDIGOPNTS,EQ,INE09VQ01012,INDIGO PAINTS LIMITED,1169.0,1175.1,1149.8,1153.9,1169.2,-1.31,21035,24272287.01
2025-12-24,INDIQUBE,EQ,INE06ST01018,INDIQUBE SPACES LIMITED,201.08,203.0,199.76,201.01,201.1,-0.04,54495,10954039.65
2025-12-24,INDNIPPON,EQ,INE092B01025,INDIA NIPPON ELECT  LTD,802.7,807.45,791.3,794.2,802.7,-1.06,12816,10178467.36
2025-12-24,INDOBORAX,EQ,INE803D01021,INDO BORAX & CHEMICAL LTD,269.0,275.5,264.35,270.68,266.83,1.44,100627,27237715.62
2025-12-24,INDOCO,EQ,INE873D01024,INDOCO REMEDIES LTD.,237.1,238.7,232.95,234.65,236.85,-0.93,30592,7178412.61
2025-12-24,INDOFARM,EQ,INE622H01018,INDO FARM EQUIPMENT LTD,190.54,193.0,189.6,190.69,190.54,0.08,359350,68524452.38
2025-12-24,INDORAMA,EQ,INE156A01020,INDO RAMA SYNTHETICS LTD,49.01,50.2,48.5,48.91,49.45,-1.09,87454,4277375.13
2025-12-24,INDOSTAR,EQ,INE896L01010,INDOSTAR CAPITAL FIN LTD,240.65,245.55,240.65,244.12,240.65,1.44,44374,10832580.66
2025-12-24,INDOTECH,EQ,INE332H01014,INDO TECH TRANSFORM LTD.,1589.2,1615.8,1562.5,1572.7,1579.6,-0.44,6844,10763558.47
2025-12-24,INDOTHAI,EQ,INE337M01021,INDO THAI SEC LTD,348.25,354.0,338.0,341.35,348.05,-1.93,297079,101407918.46
2025-12-24,INDOUS,EQ,INE250Z01010,INDO US BIOTECH LTD,123.5,123.5,120.01,121.09,121.75,-0.54,14540,1760648.55
2025-12-24,INDOWIND,EQ,INE227G01018,INDOWIND ENERGY LTD,14.84,15.37,14.26,14.54,14.72,-1.22,662574,9633825.93
2025-12-24,INDRAMEDCO,EQ,INE681B01017,INDRAPRASTHA MEDICAL CORP,468.95,474.05,457.35,460.3,468.95,-1.84,132530,61003557.38
2025-12-24,INDSWFTLAB,EQ,INE915B01019,IND SWIFT LABORATORIES LT,93.0,93.67,91.6,91.9,92.88,-1.06,57527,5286731.39
2025-12-24,INDTERRAIN,EQ,INE611L01021,IND TERRAIN FASHIONS LTD,35.27,35.61,34.93,35.38,34.92,1.32,10518,372126.85
2025-12-24,INDUSINDBK,EQ,INE095A01012,INDUSIND BANK LIMITED,850.0,858.85,844.2,848.05,849.9,-0.22,1947886,1651904698.52
2025-12-24,INDUSTOWER,EQ,INE121J01017,INDUS TOWERS LIMITED,414.35,428.5,412.0,423.9,414.35,2.3,8149917,3454749766.56
2025-12-24,INFOBEAN,EQ,INE344S01016,INFOBEANS TECHNO. LTD.,199.45,200.18,188.49,189.54,199.39,-4.94,602660,114226673.43
2025-12-24,INFOMEDIA,EQ,INE669A01022,INFOMEDIA PRESS LIMITED,6.44,6.6,6.32,6.56,6.45,1.71,7864,51587.84
2025-12-24,INFRABEES,EQ,INF732E01268,NIP IND ETF INFRA BEES,981.8,998.36,981.46,989.09,993.42,-0.44,5726,5663529.49
2025-12-24,INFRAIETF,EQ,INF109KC16E5,ICICIPRAMC - ICICIINFRA,99.27,99.27,98.52,98.67,98.93,-0.26,124089,12243861.4
2025-12-24,INFY,EQ,INE009A01021,INFOSYS LIMITED,1661.0,1667.6,1652.5,1663.4,1668.3,-0.29,4271167,7104659292.08
2025-12-24,INGERRAND,EQ,INE177A01018,INGERSOLL-RAND INDIA LTD,3416.9,3441.2,3371.0,3381.7,3416.9,-1.03,5597,18927374.63
2025-12-24,INNOVACAP,EQ,INE0DUT01020,INNOVA CAPTAB LIMITED,733.0,733.0,708.0,714.95,720.85,-0.82,16816,12022599.41
2025-12-24,INNOVANA,EQ,INE403Y01018,INNOVANA THINKLABS LTD,455.0,455.0,405.6,416.0,419.95,-0.94,4663,1939808.0
2025-12-24,INOXGREEN,EQ,INE510W01014,INOX GREEN ENERGY SER LTD,210.49,216.0,207.0,210.4,208.43,0.95,2208307,464627779.32
2025-12-24,INOXINDIA,EQ,INE616N01034,INOX INDIA LIMITED,1118.2,1125.1,1105.0,1106.0,1119.9,-1.24,37502,41477212.0
2025-12-24,INOXWIND,EQ,INE066P01011,INOX WIND LIMITED,127.1,130.9,126.4,126.75,127.1,-0.28,8410588,1066042029.0
2025-12-24,INSECTICID,EQ,INE070I01018,INSECTICIDES (I) LTD,706.3,721.8,701.55,715.35,706.3,1.28,36527,26129588.56
2025-12-24,INSPIRISYS,EQ,INE020G01017,INSPIRISYS SOLUTIONS LTD,88.53,90.79,85.21,88.37,88.53,-0.18,4392,388121.05
2025-12-24,INTELLECT,EQ,INE306R01017,INTELLECT DESIGN ARENA,1021.0,1024.9,1008.3,1010.2,1021.0,-1.06,90365,91286724.1
2025-12-24,INTENTECH,EQ,INE781A01025,INTENSE TECHNOLOGIES LTD,119.0,119.0,115.25,115.99,116.93,-0.8,22484,2607919.11
2025-12-24,INTERARCH,EQ,INE00M901018,INTERARCH BLDNG SOLTN LTD,2387.0,2408.0,2347.2,2355.0,2395.4,-1.69,40386,95109030.0
2025-12-24,INTERNET,EQ,INF769K01PB6,MIRAEAMC - INTERNET,14.31,14.31,14.31,14.31,14.34,-0.25,0,0.0
2025-12-24,INTLCONV,EQ,INE575C01027,INTL CONVEYORS LIMITED,92.63,96.09,92.21,93.09,93.09,0.0,155760,14499697.83
2025-12-24,INVENTURE,EQ,INE878H01024,INVENTURE GRO & SEC LTD,1.21,1.21,1.19,1.2,1.2,0.0,619775,743730.03
2025-12-24,IOB,EQ,INE565A01014,INDIAN OVERSEAS BANK,33.99,34.07,33.84,33.92,33.94,-0.06,5832944,197853449.8
2025-12-24,IOC,EQ,INE242A01010,INDIAN OIL CORP LTD,163.3,163.41,161.0,161.17,163.27,-1.29,7879339,1269913052.2
2025-12-24,IOLCP,EQ,INE485C01029,IOL CHEM AND PHARMA LTD,84.0,85.38,82.52,82.96,83.83,-1.04,737576,61189304.28
2025-12-24,IONEXCHANG,EQ,INE570A01022,ION EXCHANGE (INDIA) LTD,373.45,377.0,368.1,368.8,371.6,-0.75,138385,51036386.31
2025-12-24,IPCALAB,EQ,INE571A01038,IPCA LABORATORIES LTD,1422.5,1434.5,1411.1,1414.7,1435.2,-1.43,49771,70411031.27
2025-12-24,IPL,EQ,INE0D6701023,INDIA PESTICIDES LIMITED,175.63,177.25,174.05,175.33,175.63,-0.17,83148,14578338.99
2025-12-24,IRB,EQ,INE821I01022,IRB INFRA DEV LTD.,21.34,21.55,21.13,21.24,21.34,-0.47,9574158,203355113.73
2025-12-24,IRCON,EQ,INE962Y01021,IRCON INTERNATIONAL LTD,170.4,174.19,168.2,170.7,169.3,0.83,11552693,1972044659.84
2025-12-24,IRCTC,EQ,INE335Y01020,INDIAN RAIL TOUR CORP LTD,680.85,684.8,678.5,679.65,680.85,-0.18,1143972,777500597.73
2025-12-24,IREDA,EQ,INE202E01016,INDIAN RENEWABLE ENERGY,139.0,139.95,137.55,138.1,138.73,-0.45,5479430,756709316.44
2025-12-24,IRFC,EQ,INE053F01010,INDIAN RAILWAY FIN CORP L,122.5,123.84,120.54,121.49,121.4,0.07,27580407,3350743587.51
2025-12-24,IRIS,EQ,INE864K01010,IRIS REGTECH SOLUTION LTD,311.6,316.55,295.6,305.2,307.15,-0.63,30617,9344308.77
2025-12-24,IRISDOREME,EQ,INE01GN01025,IRIS CLOTHINGS LIMITED,39.01,39.28,36.51,36.92,38.7,-4.6,522171,19278552.36
2025-12-24,IRMENERGY,EQ,INE07U701015,IRM ENERGY LIMITED,284.9,287.55,280.6,282.2,283.05,-0.3,32393,9141305.0
2025-12-24,ISFT,EQ,INE566K01011,INTRASOFT TECH. LTD,92.01,94.2,92.01,92.97,93.63,-0.7,5863,545083.12
2025-12-24,ISGEC,EQ,INE858B01029,ISGEC HEAVY ENG LTD,848.85,972.0,833.0,906.75,848.9,6.81,115953,105140382.75
2025-12-24,ISHANCH,EQ,INE561M01018,ISHAN DYES N CHEMICALS L,64.97,64.97,63.1,63.71,64.56,-1.32,3531,224960.01
2025-12-24,IT,EQ,INF174KA1GC5,KOTAKMAMC - KOTAKIT,42.11,43.49,42.11,42.62,42.79,-0.4,100669,4290512.67
2025-12-24,ITADD,EQ,INF740KA1SX1,DSPAMC - DSPIT,41.74,41.74,40.7,40.72,40.99,-0.66,12834,522600.5
2025-12-24,ITAXIS,EQ,INF846K01Y96,AXISAMC-ITAXIS,439.67,439.67,423.51,423.81,426.86,-0.71,608,257676.48
2025-12-24,ITBEES,EQ,INF204KB15V2,NIP IND ETF IT,42.72,43.09,42.69,42.73,42.99,-0.6,8339647,356353112.49
2025-12-24,ITBETA,EQ,INF789F1AZD8,UTIAMC-ITBETA,397.1,409.94,393.85,404.67,406.95,-0.56,1051,425308.18
2025-12-24,ITC,EQ,INE154A01025,ITC LTD,407.95,409.5,405.65,406.6,407.35,-0.18,5777430,2349103073.26
2025-12-24,ITCHOTELS,EQ,INE379A01028,ITC HOTELS LIMITED,194.75,196.2,193.58,195.35,194.68,0.34,1282377,250512354.78
2025-12-24,ITDC,EQ,INE353K01014,INDIA TOUR. DEV. CO. LTD.,578.8,582.9,565.15,568.7,575.9,-1.25,13898,7903792.77
2025-12-24,ITETF,EQ,INF769K01KV5,MIRAEAMC - ITETF,41.48,41.48,40.67,40.74,41.03,-0.71,211013,8596669.97
2025-12-24,ITI,EQ,INE248A01017,ITI LTD,311.7,317.55,310.1,313.1,310.35,0.89,1354456,424080181.87
2025-12-24,ITIETF,EQ,INF109KC16I6,ICICIPRAMC - ICICITECH,43.0,43.0,42.63,42.7,42.96,-0.61,4336547,185170560.21
2025-12-24,IVALUE,EQ,INE056801025,IVALUE INFOSOLUTIONS LTD,275.0,280.75,272.3,277.85,276.15,0.62,133772,37168551.02
2025-12-24,IVC,EQ,INE050B01023,IL&FS INVESTMENT MANAGERS,8.22,8.55,8.19,8.43,8.17,3.18,334603,2820703.39
2025-12-24,IVZINGOLD,EQ,INF205KA1BP1,INVESCO INDIA GOLD ETF,11991.0,12151.35,11845.0,11876.1,11911.7,-0.3,1369,16258380.37
2025-12-24,IVZINNIFTY,EQ,INF205KA1CC7,INVESCO INDIA NIFTY ETF,2963.63,2963.63,2963.63,2963.63,2963.63,0.0,0,0.0
2025-12-24,IXIGO,EQ,INE0HV901016,LE TRAVENUES TECHNOLOGY L,262.8,274.1,260.6,264.15,264.55,-0.15,1030514,272210266.81
2025-12-24,IZMO,EQ,INE848A01014,IZMO LIMITED,838.55,881.9,825.0,831.8,838.6,-0.81,134122,111562677.96
2025-12-24,J&KBANK,EQ,INE168A01041,J & K BANK LTD.,100.43,100.47,99.15,99.3,100.03,-0.73,1487025,147661587.04
2025-12-24,JAGRAN,EQ,INE199G01027,JAGRAN PRAKASHAN LIMITED,71.19,71.89,70.9,71.13,71.16,-0.04,96488,6863191.17
2025-12-24,JAGSNPHARM,EQ,INE048B01035,JAGSONPAL PHARMACEUTICALS,201.8,201.8,199.04,200.09,202.0,-0.95,20867,4175277.95
2025-12-24,JAIBALAJI,EQ,INE091G01026,JAI BALAJI INDUSTRIES LTD,63.25,65.5,63.25,63.81,63.28,0.84,1128415,72004162.7
2025-12-24,JAICORPLTD,EQ,INE070D01027,JAI CORP LIMITED,131.0,132.0,127.61,128.7,131.54,-2.16,520089,66935452.71
2025-12-24,JAINREC,EQ,INE0YD401026,JAIN RESOURCE RECYCLING L,422.05,424.5,408.15,411.05,421.95,-2.58,781204,321113894.66
2025-12-24,JAIPURKURT,EQ,INE696V01013,NANDANI CREATION LIMITED,28.43,30.88,28.31,28.77,28.29,1.7,17055,490672.36
2025-12-24,JAMNAAUTO,EQ,INE039C01032,JAMNA AUTO IND LTD,128.94,128.94,125.68,126.06,128.86,-2.17,1547490,195076585.62
2025-12-24,JARO,EQ,INE00YJ01010,JARO INS OF TEC MG N RE L,543.0,547.1,538.0,539.95,542.45,-0.46,105694,57069476.59
2025-12-24,JASH,EQ,INE039O01029,JASH ENGINEERING LIMITED,435.0,442.15,422.4,424.0,439.25,-3.47,109107,46261368.0
2025-12-24,JAYAGROGN,EQ,INE785A01026,JAYANT AGRO ORGANICS LTD,202.01,206.39,202.01,204.21,202.0,1.09,8710,1778669.16
2025-12-24,JAYBARMARU,EQ,INE571B01036,JAY BHARAT MARUTI LTD,94.5,94.58,91.0,91.37,93.7,-2.49,87599,8003920.87
2025-12-24,JAYKAY,EQ,INE903A01025,JAYKAY ENTERPRISES LTD,202.0,204.0,196.62,198.44,199.67,-0.62,73934,14671463.14
2025-12-24,JAYNECOIND,EQ,INE854B01010,JAYASWAL NECO INDUSTR LTD,77.55,81.59,77.32,80.72,77.67,3.93,11735159,947262048.81
2025-12-24,JAYSREETEA,EQ,INE364A01020,JAYSHREE TEA & INDUSTRIES,87.01,88.99,87.01,87.25,87.12,0.15,44311,3866134.75
2025-12-24,JBMA,EQ,INE927D01051,JBM AUTO LIMITED,582.4,658.8,580.0,639.95,577.95,10.73,35985695,23029045954.53
2025-12-24,JETFREIGHT,EQ,INE982V01025,JET FREIGHT LOGISTICS LTD,18.01,18.71,17.76,17.94,18.69,-4.01,123720,2219536.87
2025-12-24,JGCHEM,EQ,INE0MB501011,J.G.CHEMICALS LIMITED,363.05,373.0,363.05,364.6,363.6,0.28,57586,20995855.95
2025-12-24,JHS,EQ,INE544H01014,JHS SVEND. LAB. LTD,10.2,10.2,9.75,9.86,10.01,-1.5,67528,665826.06
2025-12-24,JINDALPHOT,EQ,INE796G01012,JINDAL PHOTO LIMITED,1504.8,1513.9,1500.0,1500.4,1500.3,0.01,8677,13018971.01
2025-12-24,JINDALPOLY,EQ,INE197D01010,JINDAL POLY FILMS LIMITED,496.0,511.95,485.0,487.6,497.45,-1.98,66270,32313252.4
2025-12-24,JINDALSAW,EQ,INE324A01032,JINDAL SAW LIMITED,169.89,169.9,166.51,166.78,168.64,-1.1,682121,113764139.55
2025-12-24,JINDALSTEL,EQ,INE749A01030,JINDAL STEEL LIMITED,1014.8,1014.8,997.0,999.0,1012.6,-1.34,617162,616544838.0
2025-12-24,JINDRILL,EQ,INE742C01031,JINDAL DRILLING IND. LTD,572.0,596.6,564.45,575.05,566.25,1.55,474118,272641550.11
2025-12-24,JINDWORLD,EQ,INE247D01039,JINDAL WORLDWIDE LTD,29.67,30.6,29.06,29.22,29.82,-2.01,606767,17729731.32
2025-12-24,JIOFIN,EQ,INE758E01017,JIO FIN SERVICES LTD,298.7,302.6,298.05,298.9,298.7,0.07,6548391,1957314029.93
2025-12-24,JISLDVREQS,EQ,IN9175A01010,JAIN DVR EQUITY SHARES,27.35,29.0,27.35,28.27,27.68,2.13,16012,452659.25
2025-12-24,JISLJALEQS,EQ,INE175A01038,JAIN IRRIGATION SYSTEMS,41.14,42.09,40.56,40.92,40.95,-0.07,4357812,178321659.06
2025-12-24,JITFINFRA,EQ,INE863T01013,JITF INFRALOGISTICS LTD,279.9,283.5,274.2,278.8,281.55,-0.98,16807,4685791.39
2025-12-24,JKCEMENT,EQ,INE823G01014,JK CEMENT LIMITED,5614.5,5722.0,5501.0,5692.0,5614.5,1.38,70112,399077504.0
2025-12-24,JKIL,EQ,INE576I01022,JKUMAR INFR.LTD.,601.85,601.85,579.5,582.85,598.25,-2.57,45567,26558724.84
2025-12-24,JKIPL,EQ,INE1FF001016,JINKUSHAL INDUSTRIES LTD,92.3,94.47,90.0,90.64,90.96,-0.35,251316,22779282.09
2025-12-24,JKLAKSHMI,EQ,INE786A01032,JK LAKSHMI CEMENT LTD,783.0,801.6,782.4,792.1,786.0,0.78,186514,147737734.85
2025-12-24,JKPAPER,EQ,INE789E01012,JK PAPER LIMITED,366.45,367.85,361.9,364.0,365.6,-0.44,113962,41482168.0
2025-12-24,JKTYRE,EQ,INE573A01042,JK TYRE & INDUSTRIES LTD,512.3,516.2,506.0,508.6,510.3,-0.33,1217542,619241868.63
2025-12-24,JLHL,EQ,INE682M01020,JUPITER LIFE LINE HOSP L,280.0,280.0,276.94,279.9,279.96,-0.02,81380,22778261.5
2025-12-24,JMA,EQ,INE412C01023,JULLUNDUR MOT AGENCY LTD,78.8,79.99,77.02,77.29,77.83,-0.69,4397,339844.13
2025-12-24,JMFINANCIL,EQ,INE780C01023,JM FINANCIAL LIMITED,145.61,147.5,144.41,144.91,144.89,0.01,2010283,291310116.89
2025-12-24,JNKINDIA,EQ,INE0OAF01028,JNK INDIA LIMITED,228.0,233.3,225.9,227.63,228.64,-0.44,104304,23742720.03
2025-12-24,JOCIL,EQ,INE839G01010,JOCIL LIMITED,148.0,148.0,142.0,143.1,146.09,-2.05,2326,332850.61
2025-12-24,JPOLYINVST,EQ,INE147P01019,JIND POL INV & FIN CO LTD,1080.0,1099.4,1050.0,1055.6,1075.3,-1.83,5787,6108757.06
2025-12-24,JPPOWER,EQ,INE351F01018,JAIPRAKASH POWER VEN. LTD,17.83,17.94,17.5,17.61,17.78,-0.96,25482472,448746347.47
2025-12-24,JSFB,EQ,INE953L01027,JANA SMALL FIN BANK LTD,418.95,422.45,416.9,417.8,418.35,-0.13,123234,51487163.7
2025-12-24,JSL,EQ,INE220G01021,JINDAL STAINLESS LIMITED,803.05,803.05,791.0,794.65,797.35,-0.34,324545,257899692.17
2025-12-24,JSLL,EQ,INE0J5801029,JEENA SIKHO LIFECARE LTD,708.6,718.35,706.65,711.15,711.1,0.01,142289,101188825.82
2025-12-24,JSWCEMENT,EQ,INE718I01012,JSW CEMENT LIMITED,119.47,119.69,117.51,118.65,118.67,-0.02,1651015,195892932.27
2025-12-24,JSWDULUX,EQ,INE133A01011,JSW DULUX LIMITED,3153.0,3170.0,3130.0,3136.0,3150.5,-0.46,156377,490398272.0
2025-12-24,JSWENERGY,EQ,INE121E01018,JSW ENERGY LIMITED,486.9,488.1,481.55,484.35,485.65,-0.27,1822866,882905158.23
2025-12-24,JSWHL,EQ,INE824G01012,JSW HOLDINGS LIMITED,20540.0,20765.0,20200.0,20295.0,20440.0,-0.71,2097,42558615.0
2025-12-24,JSWINFRA,EQ,INE880J01026,JSW INFRASTRUCTURE LTD,286.5,290.0,283.2,289.25,286.5,0.96,1385067,400630629.75
2025-12-24,JSWSTEEL,EQ,INE019A01038,JSW STEEL LIMITED,1099.5,1103.3,1088.1,1091.3,1096.8,-0.5,806530,880166228.38
2025-12-24,JTEKTINDIA,EQ,INE643A01035,JTEKT INDIA LIMITED,144.29,147.07,143.08,143.88,144.11,-0.16,42533,6119648.25
2025-12-24,JTLIND,EQ,INE391J01032,JTL INDUSTRIES LIMITED,60.89,60.99,59.3,59.63,60.67,-1.71,548372,32699422.95
2025-12-24,JUBLCPL,EQ,INE03CC01015,JUBILANT AGRI N CON PRO L,2322.2,2400.0,2283.0,2378.7,2322.2,2.43,5283,12566671.84
2025-12-24,JUBLFOOD,EQ,INE797F01020,JUBILANT FOODWORKS LTD,568.0,568.0,560.3,563.65,566.35,-0.48,2850948,1606936909.8
2025-12-24,JUBLINGREA,EQ,INE0BY001018,JUBILANT INGREVIA LIMITED,722.8,729.0,709.2,710.7,720.9,-1.41,94400,67090081.15
2025-12-24,JUBLPHARMA,EQ,INE700A01033,JUBILANT PHARMOVA LTD,1088.0,1088.0,1060.0,1066.6,1081.9,-1.41,67188,71662719.16
2025-12-24,JUNIORBEES,EQ,INF732E01045,NIP IND ETF JUNIOR BEES,742.22,745.96,738.01,741.42,742.79,-0.18,191512,141990823.77
2025-12-24,JUNIPER,EQ,INE696F01016,JUNIPER HOTELS LIMITED,259.0,262.58,256.5,259.39,258.8,0.23,42849,11114602.74
2025-12-24,JUSTDIAL,EQ,INE599M01018,JUSTDIAL LTD.,738.0,743.1,729.0,730.65,737.6,-0.94,60924,44514122.09
2025-12-24,JWL,EQ,INE209L01016,JUPITER WAGONS LIMITED,335.9,350.95,328.95,340.6,335.9,1.4,49027653,16698818911.04
2025-12-24,JYOTHYLAB,EQ,INE668F01031,JYOTHY LABS LIMITED,281.7,283.95,278.85,279.25,280.95,-0.61,206523,57671547.75
2025-12-24,JYOTICNC,EQ,INE980O01024,JYOTI CNC AUTOMATION LTD,964.8,999.4,964.2,990.6,965.8,2.57,357378,354018638.07
2025-12-24,JYOTISTRUC,EQ,INE197A01024,JYOTI STRUCTURES LTD,10.03,10.06,9.85,9.89,9.98,-0.9,5767059,57036215.49
2025-12-24,KABRAEXTRU,EQ,INE900B01029,KABRA EXTRUSION TECHNIK L,221.0,224.78,221.0,221.95,223.93,-0.88,5388,1195866.58
2025-12-24,KAJARIACER,EQ,INE217B01036,KAJARIA CERAMICS LTD,1020.0,1024.1,966.0,974.3,1015.6,-4.07,962192,937463653.85
2025-12-24,KAKATCEM,EQ,INE437B01014,KAKATIYA CEM SUGAR &IND L,128.55,131.5,128.4,129.22,130.79,-1.2,1656,213988.32
2025-12-24,KALAMANDIR,EQ,INE438K01021,SAI SILKS (KALAMANDIR) L,154.89,156.55,152.75,153.42,155.03,-1.04,466757,71609858.09
2025-12-24,KALPATARU,EQ,INE227J01012,KALPATARU LIMITED,338.0,338.0,328.0,332.55,334.95,-0.72,24056,7999822.51
2025-12-24,KALYANKJIL,EQ,INE303R01014,KALYAN JEWELLERS IND LTD,488.35,491.9,484.5,487.2,488.35,-0.24,1018029,495983741.23
2025-12-24,KAMATHOTEL,EQ,INE967C01018,KAMAT HOTELS (I) LTD,238.85,239.97,235.2,237.47,238.59,-0.47,17008,4038889.78
2025-12-24,KAMOPAINTS,EQ,INE0BTI01037,KAMDHENU VENTURES LIMITED,6.64,6.64,6.31,6.36,6.55,-2.9,1364007,8675084.7
2025-12-24,KANANIIND,EQ,INE879E01037,KANANI INDUSTRIES LTD,1.72,1.72,1.69,1.7,1.69,0.59,125330,213061.01
2025-12-24,KANPRPLA,EQ,INE694E01014,KANPUR PLASTIPACK LIMITED,175.0,187.4,164.99,185.35,174.19,6.41,41353,7664778.8
2025-12-24,KANSAINER,EQ,INE531A01024,KANSAI NEROLAC PAINTS LTD,224.9,264.0,224.04,242.22,224.26,8.01,1518787,367880588.99
2025-12-24,KAPSTON,EQ,INE542Z01028,KAPSTON SERVICES LIMITED,294.35,302.65,294.35,297.15,298.85,-0.57,7943,2360262.4
2025-12-24,KARMAENG,EQ,INE725L01011,KARMA ENERGY LIMITED,51.99,51.99,50.21,51.3,50.17,2.25,1276,65458.8
2025-12-24,KARURVYSYA,EQ,INE036D01028,KARUR VYSYA BANK LTD,250.86,251.25,247.62,250.1,250.86,-0.3,1384920,346368500.45
2025-12-24,KAYNES,EQ,INE918Z01012,KAYNES TECHNOLOGY IND LTD,4150.0,4208.0,4108.0,4118.5,4140.5,-0.53,991371,4082961463.5
2025-12-24,KCP,EQ,INE805C01028,KCP LTD,181.58,182.26,180.01,180.53,181.58,-0.58,46462,8387784.8
2025-12-24,KDDL,EQ,INE291D01011,KDDL LIMITED,2382.8,2421.9,2363.0,2405.3,2394.8,0.44,9735,23415595.98
2025-12-24,KEC,EQ,INE389H01022,KEC INTL. LIMITED,743.0,746.0,735.25,741.4,743.15,-0.24,499159,370076494.79
2025-12-24,KECL,EQ,INE134B01017,KIRLOSKAR ELECTRIC CO LTD,100.32,101.43,98.51,99.41,99.89,-0.48,137664,13685178.74
2025-12-24,KEEPLEARN,EQ,INE055C01020,DSJ KEEP LEARNING LTD,2.56,2.56,2.23,2.45,2.49,-1.61,91946,225267.7
2025-12-24,KEI,EQ,INE878B01027,KEI INDUSTRIES LTD.,4409.7,4435.0,4387.0,4408.8,4409.5,-0.02,136899,603560284.46
2025-12-24,KELLTONTEC,EQ,INE164B01030,KELLTON TECH SOL LTD,19.43,19.67,18.86,18.98,19.47,-2.52,1258962,23895098.18
2025-12-24,KERNEX,EQ,INE202H01019,KERNEX MICROSYS(I) LTD,1273.9,1309.0,1249.8,1271.3,1264.0,0.58,275374,350082979.65
2025-12-24,KEYFINSERV,EQ,INE681C01015,KEYNOTE FIN SERV LTD.,311.65,320.05,306.35,313.15,318.3,-1.62,3623,1134542.43
2025-12-24,KFINTECH,EQ,INE138Y01010,KFIN TECHNOLOGIES LIMITED,1107.9,1115.8,1088.1,1091.3,1101.8,-0.95,848546,926018291.23
2025-12-24,KHAICHEM,EQ,INE745B01028,KHAITAN CHEM & FERT LTD,81.0,82.5,79.51,80.41,81.35,-1.16,92944,7473627.38
2025-12-24,KHAITANLTD,EQ,INE731C01018,KHAITAN (INDIA)LTD.,98.06,101.0,98.0,98.66,98.22,0.45,1955,192880.31
2025-12-24,KHANDSE,EQ,INE060B01014,KHANDWALA SECURITIES LTD,21.5,21.9,21.5,21.76,21.5,1.21,1900,41344.0
2025-12-24,KICL,EQ,INE029L01018,KALYANI INVEST CO LTD,4921.0,5015.5,4906.0,4962.0,4934.0,0.57,993,4927266.0
2025-12-24,KIMS,EQ,INE967H01025,KRISHNA INST OF MED SCI L,641.0,642.65,627.0,629.85,640.8,-1.71,717376,451839256.09
2025-12-24,KINGFA,EQ,INE473D01015,KINGFA SCI & TEC IND LTD.,4240.6,4289.9,4125.4,4141.4,4240.6,-2.34,2229,9231180.38
2025-12-24,KIOCL,EQ,INE880L01014,KIOCL LIMITED,362.95,389.9,362.7,380.75,362.05,5.17,792385,301700588.75
2025-12-24,KIRIINDUS,EQ,INE415I01015,KIRI INDUSTRIES LIMITED,592.85,602.5,586.0,588.55,588.6,-0.01,486565,286367824.81
2025-12-24,KIRLOSBROS,EQ,INE732A01036,KIRLOSKAR BROTHERS LTD,1620.0,1642.8,1602.0,1616.8,1620.0,-0.2,33467,54109447.23
2025-12-24,KIRLOSENG,EQ,INE146L01010,KIRLOSKAR OIL ENG LTD,1290.1,1296.0,1259.0,1263.6,1298.3,-2.67,194350,245580655.26
2025-12-24,KIRLOSIND,EQ,INE250A01039,KIRLOSKAR INDUSTRIES LTD,3263.2,3312.4,3250.2,3265.8,3279.6,-0.42,3410,11136378.17
2025-12-24,KIRLPNU,EQ,INE811A01038,KIRLOSKAR PNEUMATIC COM L,518.0,520.2,510.3,512.15,518.5,-1.22,81468,41723838.19
2025-12-24,KITEX,EQ,INE602G01020,KITEX GARMENTS LTD,187.4,188.05,182.7,183.14,187.08,-2.11,466811,85491766.26
2025-12-24,KKCL,EQ,INE401H01017,KEWAL KIRAN CLOTHING LTD,484.7,490.65,480.15,484.2,484.65,-0.09,10250,4963050.13
2025-12-24,KMEW,EQ,INE0CJD01029,KNOWLEDGE MARINE & EN W L,1761.0,1847.6,1715.0,1818.0,1732.7,4.92,378187,687543966.0
2025-12-24,KMSUGAR,EQ,INE157H01023,K M SUGAR MILLS LTD,27.57,27.57,27.02,27.38,27.14,0.88,61795,1691947.05
2025-12-24,KNAGRI,EQ,INE0KNW01016,KN AGRI RESOURCES LIMITED,186.0,204.85,186.0,198.1,190.0,4.26,124435,24650574.26
2025-12-24,KNRCON,EQ,INE634I01029,KNR CONSTRU LTD.,161.19,175.9,161.19,171.02,159.73,7.07,13837544,2366496834.0
2025-12-24,KOHINOOR,EQ,INE080B01012,KOHINOOR FOODS LIMITED,28.66,28.96,28.0,28.29,28.63,-1.19,42769,1209935.05
2025-12-24,KOKUYOCMLN,EQ,INE760A01029,KOKUYO CAMLIN LIMITED,91.0,93.09,89.22,90.0,91.79,-1.95,56367,5073030.0
2025-12-24,KOLTEPATIL,EQ,INE094I01018,KOLTE PATIL DEV. LTD.,399.5,399.5,389.9,390.75,397.55,-1.71,56984,22266498.0
2025-12-24,KOPRAN,EQ,INE082A01010,KOPRAN LTD,148.0,156.34,147.4,149.56,152.34,-1.82,2117764,316732778.67
2025-12-24,KOTAKBANK,EQ,INE237A01036,KOTAK MAHINDRA BANK LTD,433.6,435.64,432.22,432.74,432.54,0.05,7791790,3371819128.51
2025-12-24,KOTHARIPET,EQ,INE720A01015,KOTHARI PETROCHEM LTD,135.5,136.37,132.5,133.8,135.5,-1.25,37257,4984986.71
2025-12-24,KOTHARIPRO,EQ,INE823A01017,KOTHARI PRODUCTS LTD,77.5,77.5,73.05,74.31,76.09,-2.34,28422,2112038.75
2025-12-24,KPEL,EQ,INE127T01021,K.P. ENERGY LIMITED,359.4,359.85,348.9,349.4,356.5,-1.99,136824,47806304.76
2025-12-24,KPIGREEN,EQ,INE542W01025,KPI GREEN ENERGY LIMITED,420.55,432.3,419.0,426.35,420.8,1.32,1025251,437115770.11
2025-12-24,KPIL,EQ,INE220B01022,KALPATARU PROJECT INT LTD,1160.0,1208.0,1156.5,1200.3,1172.9,2.34,270844,325094066.42
2025-12-24,KPITTECH,EQ,INE04I401011,KPIT TECHNOLOGIES LIMITED,1234.9,1236.5,1213.3,1217.3,1230.2,-1.05,189895,231159192.77
2025-12-24,KPRMILL,EQ,INE930H01031,KPR MILL LTD.,955.7,955.7,937.0,940.8,954.0,-1.38,116225,109344478.58
2025-12-24,KRBL,EQ,INE001B01026,KRBL LIMITED,405.0,405.0,397.3,400.65,402.5,-0.46,139629,55942358.0
2025-12-24,KREBSBIO,EQ,INE268B01013,KREBS BIOCHEMICALS & IND,69.0,70.96,68.26,69.53,69.83,-0.43,3087,214639.11
2025-12-24,KRIDHANINF,EQ,INE524L01026,KRIDHAN INFRA LIMITED,4.04,4.22,4.01,4.06,4.06,0.0,96666,392463.95
2025-12-24,KRISHANA,EQ,INE506W01020,KRISHANA PHOSCHEM LIMITED,108.95,108.95,106.22,106.7,107.87,-1.08,161280,17208575.51
2025-12-24,KRISHIVAL,EQ,INE0GGO01015,KRISHIVAL FOODS LIMITED,388.0,390.0,355.25,355.9,394.7,-9.83,44686,15903747.13
2025-12-24,KRISHNADEF,EQ,INE0J5601015,KRISHNA DEF AND ALD IND L,791.0,793.0,781.7,783.05,795.7,-1.59,10500,8222024.87
2025-12-24,KRITI,EQ,INE479D01038,KRITI INDUSTRIES IND LTD,88.1,91.4,86.0,86.8,88.85,-2.31,18937,1643731.66
2025-12-24,KRITIKA,EQ,INE00Z501029,KRITIKA WIRES LIMITED,7.17,7.23,7.15,7.17,7.17,0.0,78738,564551.47
2025-12-24,KRITINUT,EQ,INE798K01010,KRITI NUTRIENTS LIMITED,68.34,69.17,67.0,68.3,67.43,1.29,19586,1337723.86
2025-12-24,KRN,EQ,INE0Q3J01015,KRN HEAT EXCHANGE N REF L,744.2,748.05,725.25,728.55,740.0,-1.55,193475,140956208.89
2025-12-24,KROSS,EQ,INE0O6601022,KROSS LIMITED,201.9,203.25,197.01,199.16,203.3,-2.04,430133,85665289.86
2025-12-24,KRSNAA,EQ,INE08LI01020,KRSNAA DIAGNOSTICS LTD,725.8,735.35,720.65,729.05,730.9,-0.25,40074,29215949.21
2025-12-24,KRYSTAL,EQ,INE0QN801017,KRYSTAL INTEGRATED SER L,518.05,528.0,515.9,519.9,518.05,0.36,8442,4388996.01
2025-12-24,KSB,EQ,INE999A01023,KSB LIMITED,777.1,788.0,766.1,771.5,781.1,-1.23,71842,55426103.0
2025-12-24,KSCL,EQ,INE455I01029,KAVERI SEED CO. LTD.,981.5,995.8,973.0,978.95,990.55,-1.17,48759,47732623.65
2025-12-24,KSHINTL,EQ,INE987S01020,KSH INTERNATIONAL LIMITED,344.0,354.5,334.05,337.0,355.0,-5.07,1405568,473676416.0
2025-12-24,KSHITIJPOL,EQ,INE013801027,KSHITIJ POLYLINE LIMITED,2.71,2.98,2.69,2.79,2.8,-0.36,233221,650686.58
2025-12-24,KSL,EQ,INE907A01026,KALYANI STEELS LIMITED,735.0,748.7,731.05,738.75,731.0,1.06,35338,26105947.5
2025-12-24,KSOLVES,EQ,INE0D6I01023,KSOLVES INDIA LIMITED,293.05,295.0,290.0,292.9,292.45,0.15,18332,5369442.69
2025-12-24,KTKBANK,EQ,INE614B01018,KARNATAKA BANK LIMITED,206.99,207.94,203.9,205.95,206.16,-0.1,1572967,323952548.85
2025-12-24,KUANTUM,EQ,INE529I01021,KUANTUM PAPERS LIMITED,92.55,94.78,92.55,94.07,92.54,1.65,53552,5037636.62
2025-12-24,LAGNAM,EQ,INE548Z01017,LAGNAM SPINTEX LIMITED,69.8,70.6,67.35,68.84,70.01,-1.67,4059,279421.55
2025-12-24,LAL,EQ,INE740X01023,LORENZINI APPARELS LTD,9.69,9.69,9.0,9.05,9.27,-2.37,23933,216593.65
2025-12-24,LALPATHLAB,EQ,INE600L01024,DR. LAL PATH LABS LTD.,1404.0,1420.0,1397.4,1407.8,1411.1,-0.23,331053,466056429.56
2025-12-24,LAMBODHARA,EQ,INE112F01022,LAMBODHARA TEXTILES LTD.,123.1,124.0,121.61,121.81,123.39,-1.28,1988,242158.28
2025-12-24,LANDMARK,EQ,INE559R01029,LANDMARK CARS LIMITED,479.5,494.7,479.3,482.9,483.7,-0.17,190295,91893454.34
2025-12-24,LANDSMILL,EQ,INE688J01023,LANDSMILL GREEN LIMITED,1.5,1.53,1.47,1.53,1.46,4.79,4909216,7511100.34
2025-12-24,LAOPALA,EQ,INE059D01020,LA OPALA RG LIMITED,205.5,206.01,203.2,203.58,205.49,-0.93,29390,5983216.25
2025-12-24,LATENTVIEW,EQ,INE0I7C01011,LATENT VIEW ANALYTICS LTD,465.75,474.0,460.2,463.75,465.75,-0.43,493374,228802192.5
2025-12-24,LATTEYS,EQ,INE262Z01023,LATTEYS INDUSTRIES LTD,22.47,22.47,22.47,22.47,22.03,2.0,16055,360755.84
2025-12-24,LAURUSLABS,EQ,INE947Q01028,LAURUS LABS LIMITED,1073.9,1092.6,1070.5,1084.8,1068.4,1.54,1711875,1857042083.59
2025-12-24,LAXMICOT,EQ,INE801V01019,LAXMI COTSPIN LIMITED,19.24,19.24,18.91,19.17,19.24,-0.36,767,14703.39
2025-12-24,LAXMIDENTL,EQ,INE0WO601020,LAXMI DENTAL LIMITED,264.3,269.0,262.0,263.05,266.35,-1.24,38059,10011419.49
2025-12-24,LAXMIINDIA,EQ,INE06WU01026,LAXMI INDIA FINANCE LTD,127.98,129.38,124.35,125.51,127.53,-1.58,148819,18678273.01
2025-12-24,LCCINFOTEC,EQ,INE938A01021,LCC INFOTECH LTD,4.34,4.34,4.21,4.29,4.43,-3.16,17437,74804.73
2025-12-24,LEMERITE,EQ,INE0G1L01025,LE MERITE EXPORTS LIMITED,102.96,102.96,100.51,101.62,101.48,0.14,293020,29776693.2
2025-12-24,LEMONTREE,EQ,INE970X01018,LEMON TREE HOTELS LTD,162.7,164.39,162.21,162.84,162.55,0.18,720482,117323286.24
2025-12-24,LENSKART,EQ,INE956O01016,LENSKART SOLUTIONS LTD,471.9,473.8,447.85,452.0,465.8,-2.96,3500079,1582035708.0
2025-12-24,LEXUS,EQ,INE500X01013,LEXUS GRANITO (INDIA) LTD,26.23,27.35,26.22,26.97,26.46,1.93,1284,34629.48
2025-12-24,LFIC,EQ,INE850E01012,LAKSHMI FIN IND CORP LTD,175.01,181.0,175.0,179.46,176.01,1.96,1045,187535.71
2025-12-24,LGBBROSLTD,EQ,INE337A01034,LG BALAKRISHNAN & BROS,1864.2,1882.0,1832.2,1843.4,1871.6,-1.51,47376,87332919.56
2025-12-24,LGEINDIA,EQ,INE324D01010,LG ELECTRONICS INDIA LTD,1546.6,1552.2,1520.0,1535.5,1546.6,-0.72,778754,1195776767.0
2025-12-24,LGHL,EQ,INE258Y01016,LAXMI GOLDORNA HOUSE LTD,290.45,291.35,275.5,278.1,289.25,-3.85,68908,19163315.22
2025-12-24,LIBAS,EQ,INE908V01012,LIBAS CONSU PRODUCTS LTD,10.99,11.15,10.98,11.13,11.0,1.18,64133,713800.3
2025-12-24,LIBERTSHOE,EQ,INE557B01019,LIBERTY SHOES LTD,284.0,287.4,277.35,279.75,279.85,-0.04,11059,3093755.25
2025-12-24,LICHSGFIN,EQ,INE115A01026,LIC HOUSING FINANCE LTD,533.85,541.75,533.75,539.45,533.85,1.05,540891,291783656.55
2025-12-24,LICI,EQ,INE0J1Y01017,LIFE INSURA CORP OF INDIA,427.7,429.0,425.75,426.95,427.7,-0.18,988108,421872722.66
2025-12-24,LICMFGOLD,EQ,INF767K01SM1,LIC MF - LIC GOLD ETF,12567.65,12567.7,12350.0,12429.95,12399.65,0.24,3292,40919396.04
2025-12-24,LICNETFGSC,EQ,INF767K01MV5,LICNAMC - LICNMFET,28.61,28.79,28.5,28.74,28.55,0.67,128466,3692112.81
2025-12-24,LICNETFN50,EQ,INF767K01OS7,LICNAMC - LICNFENGP,290.53,291.39,290.17,290.39,291.09,-0.24,482,139967.99
2025-12-24,LICNETFSEN,EQ,INF767K01OT5,LICNAMC - LICNFESGP,963.02,963.02,963.02,963.02,956.14,0.72,2,1926.04
2025-12-24,LICNFNHGP,EQ,INF767K01PC8,LICNAMC - LICNFNHGP,290.66,292.32,290.5,290.5,290.59,-0.03,93,27016.5
2025-12-24,LICNMID100,EQ,INF767K01RN1,LICNAMC - LICNMID100,61.67,61.67,60.7,60.84,60.87,-0.05,6550,398502.0
2025-12-24,LIKHITHA,EQ,INE060901027,LIKHITHA INFRASTRUC LTD,189.6,215.0,189.6,200.74,188.59,6.44,509521,102281248.34
2025-12-24,LINC,EQ,INE802B01027,LINC LIMITED,115.13,115.2,113.5,114.43,114.56,-0.11,4032,461381.76
2025-12-24,LINCOLN,EQ,INE405C01035,LINCOLN PHARMA LTD,490.7,491.15,473.6,481.15,489.7,-1.75,23213,11168934.81
2025-12-24,LINDEINDIA,EQ,INE473A01011,LINDE INDIA LIMITED,5947.0,5947.0,5818.5,5833.0,5883.0,-0.85,13422,78290526.0
2025-12-24,LIQUID,EQ,INF769K01KS1,MIRAEAMC - LIQUID,999.99,1000.0,999.99,999.99,999.99,0.0,166836,166834330.01
2025-12-24,LIQUID1,EQ,INF174KA1LV5,KOTAKMAMC - KOTAKLIQ,1086.5,1087.05,1083.85,1083.86,1083.55,0.03,136082,147493834.53
2025-12-24,LIQUIDADD,EQ,INF740KA1UM0,DSPAMC - LIQUIDADD,1106.02,1106.02,1106.0,1106.01,1105.7,0.03,483483,534737037.55
2025-12-24,LIQUIDBEES,EQ,INF732E01037,NIP IND ETF LIQUID BEES,1000.0,1000.01,999.99,1000.0,1000.0,0.0,2653141,2653141000.0
2025-12-24,LIQUIDBETF,EQ,INF0QA701854,BFAM - LIQUIDBETF,1062.23,1062.23,1062.21,1062.21,1061.94,0.03,208806,221795813.1
2025-12-24,LIQUIDCASE,EQ,INF0R8F01034,ZERODHAAMC - LIQUIDCASE,112.0,112.0,111.98,111.99,111.96,0.03,20447812,2289950422.2
2025-12-24,LIQUIDETF,EQ,INF740KA1EU7,DSP LIQUID ETF,1000.0,1000.01,999.99,1000.0,999.99,0.0,217200,217200000.0
2025-12-24,LIQUIDIETF,EQ,INF109KC1KT9,ICICIPRAMC - ICICILIQ,1000.0,1000.01,999.99,999.99,999.99,0.0,452460,452455470.98
2025-12-24,LIQUIDPLUS,EQ,INF769K01MY5,MIRAEAMC - LIQUIDPLUS,1065.37,1065.39,1065.37,1065.37,1065.08,0.03,111487,118774904.65
2025-12-24,LIQUIDSBI,EQ,INF200KA13Z8,SBIAMC - LIQUIDSBI,1000.0,1000.01,999.99,1000.0,1000.0,0.0,6410,6410000.0
2025-12-24,LIQUIDSHRI,EQ,INF680P01422,SHRIRAM - LIQUIDSHRI,1085.01,1085.03,1085.01,1085.01,1084.74,0.02,2876,3120488.79
2025-12-24,LLOYDSENGG,EQ,INE093R01011,LLOYDS ENGG WORK LIMITED,58.55,59.07,56.11,56.63,58.62,-3.39,3231420,182995318.05
2025-12-24,LLOYDSENT,EQ,INE080I01025,LLOYDS ENTERPRISES LTD,69.4,70.0,66.12,67.67,69.47,-2.59,3074272,208035980.61
2025-12-24,LLOYDSME,EQ,INE281B01032,LLOYDS METALS N ENERGY L,1391.4,1395.0,1370.2,1375.2,1389.2,-1.01,255614,351520360.32
2025-12-24,LMW,EQ,INE269B01029,LMW LIMITED,15003.0,15042.0,14806.0,14872.0,15002.0,-0.87,1472,21891584.0
2025-12-24,LODHA,EQ,INE670K01029,LODHA DEVELOPERS LIMITED,1082.8,1090.9,1075.1,1080.1,1082.8,-0.25,412998,446079129.72
2025-12-24,LOKESHMACH,EQ,INE397H01017,LOKESH MACHINES LTD,168.1,171.0,161.8,164.79,168.0,-1.91,49672,8185448.55
2025-12-24,LORDSCHLO,EQ,INE846D01012,LORDS CHLORO ALKALI LTD,177.81,179.0,170.75,173.15,175.44,-1.31,26786,4637995.74
2025-12-24,LOTUSEYE,EQ,INE947I01017,LOTUS EYE HOSP & INST L,128.13,130.21,125.59,127.43,126.64,0.62,32247,4109235.22
2025-12-24,LOVABLE,EQ,INE597L01014,LOVABLE LINGERIE LTD,81.0,82.99,81.0,81.36,81.9,-0.66,8690,707018.41
2025-12-24,LOWVOL,EQ,INF769K01JU9,MIRAEAMC - MANV30F,216.04,216.44,216.04,216.25,216.63,-0.18,16,3460.0
2025-12-24,LOWVOL1,EQ,INF174KA1IY5,KOTAKMAMC - KOTAKLOVOL,21.58,22.29,20.95,22.06,22.06,0.0,131441,2899588.39
2025-12-24,LOWVOLIETF,EQ,INF109KC19U5,ICICI PR NIF LW VL 30 ETF,23.78,23.78,23.11,23.18,23.21,-0.13,901333,20892899.22
2025-12-24,LOYALTEX,EQ,INE970D01010,LOYAL TEXTILE MILLS LTD,218.99,219.0,210.73,213.34,211.79,0.73,818,174512.12
2025-12-24,LPDC,EQ,INE197J01017,LANDMARK PR.DEV.CO.LTD,7.45,7.45,7.0,7.16,7.0,2.29,77630,555830.79
2025-12-24,LT,EQ,INE018A01030,LARSEN & TOUBRO LTD.,4065.0,4080.7,4048.1,4053.6,4058.8,-0.13,1021436,4140493069.35
2025-12-24,LTF,EQ,INE498L01015,L&T FINANCE LIMITED,303.75,310.5,302.2,303.25,303.5,-0.08,4437672,1345724034.0
2025-12-24,LTFOODS,EQ,INE818H01020,LT FOODS LIMITED,404.9,406.4,399.0,404.1,405.25,-0.28,394816,159545148.01
2025-12-24,LTGILTBEES,EQ,INF204KB1882,NIP IND ETF LONGTERM GILT,29.1,29.23,29.05,29.21,28.98,0.79,3200859,93497088.46
2025-12-24,LTM,EQ,INE214T01019,LTM LIMITED,6202.5,6243.5,6134.5,6163.0,6202.5,-0.64,174322,1074346486.0
2025-12-24,LTTS,EQ,INE010V01017,L&T TECHNOLOGY SER. LTD.,4719.9,4719.9,4600.0,4608.1,4696.2,-1.88,92728,427299905.86
2025-12-24,LUMAXIND,EQ,INE162B01018,LUMAX INDUSTRIES LTD,5627.0,5690.0,5529.0,5552.5,5655.0,-1.81,6721,37318352.5
2025-12-24,LUMAXTECH,EQ,INE872H01027,LUMAX AUTO TECH LTD,1572.3,1575.1,1546.0,1553.0,1574.7,-1.38,69260,107560780.0
2025-12-24,LUPIN,EQ,INE326A01037,LUPIN LIMITED,2110.0,2115.0,2096.2,2107.0,2113.5,-0.31,473286,997213602.0
2025-12-24,LUXIND,EQ,INE150G01020,LUX INDUSTRIES LIMITED,1139.7,1147.5,1103.4,1118.8,1139.7,-1.83,16530,18493764.81
2025-12-24,LXCHEM,EQ,INE576O01020,LAXMI ORGANIC INDUS LTD,174.85,174.9,170.46,170.79,173.99,-1.84,344366,58814266.83
2025-12-24,M&M,EQ,INE101A01026,MAHINDRA & MAHINDRA LTD,3624.6,3658.0,3612.1,3636.7,3625.1,0.32,842897,3065363478.74
2025-12-24,M&MFIN,EQ,INE774D01024,M&M FIN. SERVICES LTD,386.1,398.9,384.35,389.65,386.2,0.89,3821693,1489122654.12
2025-12-24,MAANALU,EQ,INE215I01027,MAAN ALUMINIUM LIMITED,160.6,166.0,158.4,162.44,164.47,-1.23,88090,14309339.82
2025-12-24,MACPOWER,EQ,INE155Z01011,MACPOWER CNC MACHINES LTD,1030.0,1050.0,1015.15,1024.1,1025.35,-0.12,10564,10818592.14
2025-12-24,MADHAV,EQ,INE925C01016,MADHAV MARBLE & GRANITE,42.79,42.79,41.5,41.54,41.32,0.53,6149,255429.47
2025-12-24,MADRASFERT,EQ,INE414A01015,MADRAS FERTILISERS LTD,78.5,79.73,77.6,77.74,78.74,-1.27,63941,4970773.2
2025-12-24,MAFANG,EQ,INF769K01HF4,MIRAEAMC - MAFANG,168.13,168.13,168.13,168.13,168.98,-0.5,188148,31633324.16
2025-12-24,MAGADSUGAR,EQ,INE347W01011,MAGADH SUGAR & ENERGY LTD,515.5,517.0,510.1,511.6,515.0,-0.66,1531,783259.61
2025-12-24,MAGNUM,EQ,INE387I01016,MAGNUM VENTURES LTD.,22.63,23.38,22.36,23.0,22.77,1.01,37894,871562.0
2025-12-24,MAHABANK,EQ,INE457A01014,BANK OF MAHARASHTRA,57.85,57.89,57.18,57.26,57.7,-0.76,5102637,292176986.06
2025-12-24,MAHAPEXLTD,EQ,INE843B01013,MAHA RASHTRA APEX COPR. L,112.48,112.5,107.01,107.98,108.98,-0.92,11964,1291872.76
2025-12-24,MAHEPC,EQ,INE215D01010,MAHINDRA EPC IRRIG LTD,124.33,126.85,124.33,126.22,125.36,0.69,11902,1502270.45
2025-12-24,MAHESHWARI,EQ,INE263W01010,MAHESHWARI LOGISTICS LTD.,48.01,51.14,48.01,50.18,48.8,2.83,10019,502753.42
2025-12-24,MAHKTECH,EQ,INF769K01HS7,MIRAEAMC - MAHKTECH,25.58,25.58,25.28,25.58,25.28,1.19,1061069,27142144.94
2025-12-24,MAHLIFE,EQ,INE813A01018,MAHINDRA LIFESPACE DEVLTD,398.3,401.85,395.0,398.2,398.8,-0.15,44574,17749367.34
2025-12-24,MAHLOG,EQ,INE766P01016,MAHINDRA LOGISTIC LIMITED,329.0,331.95,326.4,328.65,330.8,-0.65,33895,11139591.54
2025-12-24,MAHSCOOTER,EQ,INE288A01013,MAHARASHTRA SCOOTERS LTD,14150.0,14244.0,14011.0,14113.0,14182.0,-0.49,2674,37738162.0
2025-12-24,MAHSEAMLES,EQ,INE271B01025,MAHARASHTRA SEAMLESS LTD,557.7,558.5,548.15,551.35,557.7,-1.14,144298,79558698.78
2025-12-24,MAITHANALL,EQ,INE683C01011,MAITHAN ALLOYS LTD,960.0,983.7,950.95,976.95,960.8,1.68,33415,32644784.66
2025-12-24,MAKEINDIA,EQ,INF769K01IB1,MIRAEAMC - MAMFGETF,157.49,158.97,155.0,155.2,155.29,-0.06,10947,1698974.37
2025-12-24,MALLCOM,EQ,INE389C01015,MALLCOM (INDIA) LIMITED,1185.3,1187.4,1170.0,1176.3,1181.1,-0.41,1937,2278493.19
2025-12-24,MALUPAPER,EQ,INE383H01017,MALU PAPER MILLS LIMITED,35.6,36.79,35.1,35.42,35.44,-0.06,29613,1048892.41
2025-12-24,MAMATA,EQ,INE0TO701015,MAMATA MACHINERY LIMITED,420.7,421.9,413.15,415.3,420.35,-1.2,54234,22523379.54
2025-12-24,MANAKALUCO,EQ,INE859Q01017,MANAK ALUMINIUM CO. LTD.,24.0,25.35,24.0,25.03,24.81,0.89,44189,1106050.7
2025-12-24,MANAKCOAT,EQ,INE830Q01018,MAN COAT METAL & IND LTD,132.85,132.85,130.66,132.47,130.89,1.21,65627,8693608.77
2025-12-24,MANAKSIA,EQ,INE015D01022,MANAKSIA LTD.,63.1,63.5,62.01,62.62,63.09,-0.74,19901,1246200.6
2025-12-24,MANALIPETC,EQ,INE201A01024,MANALI PETROCHEMICALS LT,61.1,61.48,60.5,60.59,61.03,-0.72,97964,5935638.77
2025-12-24,MANAPPURAM,EQ,INE522D01027,MANAPPURAM FINANCE LTD,296.5,316.1,295.0,314.55,294.8,6.7,24308241,7646156909.82
2025-12-24,MANBA,EQ,INE939X01013,MANBA FINANCE LIMITED,140.91,142.5,139.82,140.66,140.93,-0.19,81915,11522164.2
2025-12-24,MANCREDIT,EQ,INE545L01039,MANGAL CREDIT N FINCORP L,171.95,172.75,167.81,170.1,169.18,0.54,29942,5093134.38
2025-12-24,MANGALAM,EQ,INE584F01014,MANGALAM DRUG & CHEM LTD,24.12,24.13,23.85,24.0,24.0,0.0,55019,1320456.0
2025-12-24,MANGLMCEM,EQ,INE347A01017,MANGALAM CEMENT LTD,777.15,789.2,766.6,772.7,780.25,-0.97,76340,58987918.93
2025-12-24,MANINDS,EQ,INE993A01026,MAN INDUSTRIES (I) LTD.,403.3,410.25,395.25,396.85,400.9,-1.01,285461,113285199.59
2025-12-24,MANINFRA,EQ,INE949H01023,MAN INFRA LTD,130.0,132.4,128.4,129.25,130.29,-0.8,494886,63964015.5
2025-12-24,MANKIND,EQ,INE634S01028,MANKIND PHARMA LIMITED,2239.9,2247.3,2187.1,2193.3,2229.6,-1.63,269610,591335626.16
2025-12-24,MANOMAY,EQ,INE784W01015,MANOMAY TEX INDIA LTD,209.9,211.9,202.0,204.15,209.25,-2.44,12507,2553303.97
2025-12-24,MANORAMA,EQ,INE00VM01036,MANORAMA INDUSTRIES LTD,1346.4,1352.2,1320.0,1327.1,1343.0,-1.18,74086,98319528.79
2025-12-24,MANORG,EQ,INE370D01013,MANGALAM ORGANICS LIMITED,493.95,495.15,491.0,493.15,494.2,-0.21,1096,540492.39
2025-12-24,MANUGRAPH,EQ,INE867A01022,MANUGRAPH INDIA LIMITED,16.1,16.5,15.73,15.97,15.89,0.5,14763,235765.11
2025-12-24,MANYAVAR,EQ,INE825V01034,VEDANT FASHIONS LIMITED,580.95,585.95,577.7,582.0,580.65,0.23,89205,51917310.0
2025-12-24,MAPMYINDIA,EQ,INE0BV301023,C.E. INFO SYSTEMS LIMITED,1717.1,1737.6,1691.2,1700.9,1730.7,-1.72,22897,38945507.86
2025-12-24,MARALOVER,EQ,INE882A01013,MARAL OVERSEAS LTD,44.01,46.0,44.01,44.74,44.83,-0.2,5598,250454.53
2025-12-24,MARATHON,EQ,INE182D01020,MARATHON NXTGEN REALT LTD,525.0,525.05,496.65,501.0,519.3,-3.52,123791,62019291.0
2025-12-24,MARICO,EQ,INE196A01026,MARICO LIMITED,739.0,740.25,731.05,734.75,737.35,-0.35,921626,677164703.5
2025-12-24,MARINE,EQ,INE01JE01028,MARINE ELECTRICAL (I) LTD,213.35,219.9,210.8,211.24,213.31,-0.97,217216,45884709.03
2025-12-24,MARKOLINES,EQ,INE0FW001016,MARKOLINES PAVEMENT TEC L,165.5,169.0,165.5,166.58,165.39,0.72,313646,52247151.25
2025-12-24,MARKSANS,EQ,INE750C01026,MARKSANS PHARMA LIMITED,183.78,185.9,181.4,182.22,182.79,-0.31,501622,91405561.45
2025-12-24,MARUTI,EQ,INE585B01010,MARUTI SUZUKI INDIA LTD.,16640.0,16720.0,16542.0,16703.0,16585.0,0.71,258486,4317491658.0
2025-12-24,MASFIN,EQ,INE348L01012,MAS FINANCIAL SERV LTD,323.0,329.0,318.15,321.15,323.0,-0.57,183455,58916572.13
2025-12-24,MASKINVEST,EQ,INE885F01015,MASK INVESTMENTS LIMITED,148.0,161.55,148.0,161.55,155.24,4.06,225,36348.75
2025-12-24,MASPTOP50,EQ,INF769K01HP3,MIRAEAMC - MASPTOP50,71.53,71.53,71.53,71.53,71.6,-0.1,92207,6595566.6
2025-12-24,MASTEK,EQ,INE759A01021,MASTEK LTD,2169.2,2171.0,2140.0,2145.8,2167.7,-1.01,20790,44611183.02
2025-12-24,MASTERTR,EQ,INE677D01037,MASTER TRUST LIMITED,118.6,120.95,116.71,119.05,118.6,0.38,408110,48585496.75
2025-12-24,MATRIMONY,EQ,INE866R01028,MATRIMONY.COM LIMITED,534.1,534.1,528.0,529.65,531.45,-0.34,26195,13874182.39
2025-12-24,MAWANASUG,EQ,INE636A01039,MAWANA SUGARS LIMITED,85.99,85.99,83.0,83.6,85.34,-2.04,33025,2760889.95
2025-12-24,MAXESTATES,EQ,INE03EI01018,MAX ESTATES LIMITED,458.95,460.9,448.45,450.55,458.95,-1.83,46039,20742870.89
2025-12-24,MAXHEALTH,EQ,INE027H01010,MAX HEALTHCARE INS LTD,1074.0,1090.0,1070.2,1081.4,1075.2,0.58,1033268,1117376040.43
2025-12-24,MAXIND,EQ,INE0CG601016,MAX INDIA LIMITED,186.05,189.06,185.21,186.55,186.93,-0.2,24066,4489512.37
2025-12-24,MAYURUNIQ,EQ,INE040D01038,MAYUR UNIQUOTERS LTD,496.5,499.05,485.15,490.7,496.15,-1.1,27472,13480510.74
2025-12-24,MAZDOCK,EQ,INE249Z01020,MAZAGON DOCK SHIPBUIL LTD,2515.0,2563.0,2511.0,2540.3,2513.2,1.08,1104009,2804514116.61
2025-12-24,MBAPL,EQ,INE900L01028,MADHYA BHARAT AGRO P. LTD,81.6,83.69,81.4,82.98,81.99,1.21,428770,35579336.04
2025-12-24,MBEL,EQ,INE08N601015,M AND B ENGINEERING LTD,371.0,397.4,371.0,391.35,368.75,6.13,858671,336040901.09
2025-12-24,MBLINFRA,EQ,INE912H01013,MBL INFRASTRUCTURE LTD,32.7,33.6,32.47,32.76,32.82,-0.18,315537,10336991.59
2025-12-24,MCL,EQ,INE813V01022,M TEK COPPER LIMITED,50.0,53.97,50.0,53.69,49.07,9.42,595288,31961011.9
2025-12-24,MCLEODRUSS,EQ,INE942G01012,MCLEOD RUSSEL INDIA LTD.,44.68,46.66,44.31,46.66,44.44,5.0,122516,5716596.54
2025-12-24,MCLOUD,EQ,INE613C01026,MAGELLANIC CLOUD LIMITED,26.15,26.49,25.76,26.14,26.24,-0.38,1941128,50741084.74
2025-12-24,MCX,EQ,INE745G01043,MULTI COMMODITY EXCHANGE,2168.4,2186.8,2160.4,2165.0,2165.6,-0.03,1483525,3211831625.0
2025-12-24,MEDANTA,EQ,INE474Q01031,GLOBAL HEALTH LIMITED,1188.2,1194.0,1172.0,1191.2,1188.0,0.27,133969,159583866.26
2025-12-24,MEDIASSIST,EQ,INE456Z01021,MEDI ASSIST HEALTH SER L,451.0,451.95,441.8,445.1,452.25,-1.58,115371,51351632.8
2025-12-24,MEDICO,EQ,INE630Y01024,MEDICO REMEDIES LIMITED,56.0,56.88,53.9,54.24,53.88,0.67,577692,31334015.05
2025-12-24,MEDPLUS,EQ,INE804L01022,MEDPLUS HEALTH SERV LTD,813.8,829.85,796.85,820.35,814.75,0.69,75055,61571367.42
2025-12-24,MEESHO,EQ,INE0VDM01015,MEESHO LIMITED,187.72,197.22,187.0,197.05,187.83,4.91,50847411,10019482492.72
2025-12-24,MEGASTAR,EQ,INE00EM01016,MEGASTAR FOODS LIMITED,236.99,240.75,235.9,236.48,237.19,-0.3,684,161752.32
2025-12-24,MEIL,EQ,INE0PKD01011,MANGAL ELECTRICAL IND L,377.9,390.0,370.0,371.45,375.65,-1.12,46150,17142418.06
2025-12-24,METAL,EQ,INF769K01LY7,MIRAEAMC - METAL,11.03,11.03,10.76,10.79,10.77,0.19,4351370,46951282.13
2025-12-24,METALIETF,EQ,INF109KC19W1,ICICIPRAMC - METALIETF,11.03,11.03,10.74,10.77,10.77,0.0,38407107,413644559.97
2025-12-24,METROBRAND,EQ,INE317I01021,METRO BRANDS LIMITED,1174.8,1178.5,1162.1,1169.2,1171.4,-0.19,15999,18706030.02
2025-12-24,METROPOLIS,EQ,INE112L01020,METROPOLIS HEALTHCARE LTD,474.98,474.98,471.02,471.83,476.5,-0.98,43588,20565908.63
2025-12-24,MFML,EQ,INE0US801024,MAHALAXMI FABRIC MILLS LT,26.98,26.98,25.0,25.5,26.54,-3.92,9654,246177.0
2025-12-24,MFSL,EQ,INE180A01020,MAX FINANCIAL SERV LTD,1704.8,1710.4,1673.9,1678.5,1697.6,-1.13,326259,547625731.5
2025-12-24,MGEL,EQ,INE0APB01032,MANGALAM GLOBAL ENT LTD,14.3,14.97,14.3,14.74,14.3,3.08,285022,4201224.21
2025-12-24,MGL,EQ,INE002S01010,MAHANAGAR GAS LTD.,1145.2,1149.9,1128.0,1130.1,1145.2,-1.32,114537,129438260.9
2025-12-24,MHRIL,EQ,INE998I01010,MAHINDRA HOLIDAYS LTD,315.7,315.7,308.5,309.85,314.7,-1.54,61672,19109069.58
2025-12-24,MID150BEES,EQ,INF204KB1V68,NIP IND ETF MIDCAP 150,231.99,231.99,228.71,228.92,230.52,-0.69,2240984,513006053.18
2025-12-24,MID150CASE,EQ,INF0R8F01059,ZERODHAAMC - MID150CASE,11.0,11.49,11.0,11.11,11.16,-0.45,1621029,18009631.63
2025-12-24,MIDCAP,EQ,INF174KA1ZC5,KOTAKMAMC - KOTAKMID50,159.55,159.55,159.55,159.55,159.55,0.0,0,0.0
2025-12-24,MIDCAPADD,EQ,INF740KA1WW5,DSPAMC - MIDCAPADD,22.45,22.45,22.27,22.3,22.4,-0.45,213,4749.9
2025-12-24,MIDCAPBETA,EQ,INF789F1AYX9,UTIAMC-MIDCAPBETA,229.8,229.8,220.5,223.87,224.96,-0.48,3081,689743.45
2025-12-24,MIDCAPETF,EQ,INF769K01IC9,MIRAEAMC - MAM150ETF,22.17,23.0,22.17,22.66,22.74,-0.35,2098581,47553845.14
2025-12-24,MIDCAPIETF,EQ,INF109KC11W8,ICICIPRAMC - ICICIM150,23.31,23.31,22.88,22.94,23.07,-0.56,811296,18611130.67
2025-12-24,MIDHANI,EQ,INE099Z01011,MISHRA DHATU NIGAM LTD,312.8,320.75,310.0,311.35,312.8,-0.46,632289,196863184.01
2025-12-24,MIDQ50ADD,EQ,INF740KA1ZF3,DSPAMC - DSPQ50ETF,248.86,249.99,245.65,248.35,249.45,-0.44,103873,25796860.18
2025-12-24,MIDSELIETF,EQ,INF109KC10W0,ICICI PRUD MIDCAP SEL ETF,19.0,19.0,18.5,18.56,18.69,-0.7,122989,2282675.77
2025-12-24,MIDSMALL,EQ,INF769K01LJ8,MIRAEAMC - MIDSMALL,48.69,48.8,48.29,48.37,48.56,-0.39,229978,11124035.61
2025-12-24,MIDWESTLTD,EQ,INE0XAD01024,MIDWEST LIMITED,1598.9,1637.8,1563.0,1625.4,1598.9,1.66,186477,303099720.35
2025-12-24,MINDACORP,EQ,INE842C01021,MINDA CORPORATION LTD,597.75,600.25,586.0,587.35,597.25,-1.66,125851,73918581.78
2025-12-24,MINDTECK,EQ,INE110B01017,MINDTECK (INDIA) LIMITED,207.2,217.46,205.71,208.99,205.71,1.59,57213,11956945.18
2025-12-24,MIRZAINT,EQ,INE771A01026,MIRZA INTERNATIONAL LIMIT,38.21,39.14,37.61,37.87,38.48,-1.59,252917,9577966.52
2025-12-24,MITCON,EQ,INE828O01033,MITCON CON & ENG SER LTD,68.35,70.34,66.8,67.66,68.35,-1.01,6400,433024.02
2025-12-24,MITTAL,EQ,INE997Y01027,MITTAL LIFE STYLE LIMITED,1.25,1.26,1.2,1.22,1.24,-1.61,2223322,2712452.9
2025-12-24,MKPL,EQ,INE964W01021,M K PROTEINS LIMITED,6.02,6.1,6.0,6.02,6.02,0.0,86163,518701.26
2025-12-24,MMFL,EQ,INE227C01017,MM FORGINGS LTD,369.35,375.1,365.05,365.85,371.4,-1.49,49163,17986283.85
2025-12-24,MMP,EQ,INE511Y01018,MMP INDUSTRIES LIMITED,255.8,262.65,249.65,255.85,255.8,0.02,22322,5711083.84
2025-12-24,MMTC,EQ,INE123F01029,MMTC LIMITED,57.2,59.5,57.1,57.53,57.22,0.54,3215013,184959693.97
2025-12-24,MNC,EQ,INF174KA1JF2,KOTAKMAMC - KOTAKMNC,31.19,31.2,30.96,31.0,31.02,-0.06,40923,1268613.0
2025-12-24,MOALPHA50,EQ,INF247L01FR8,MOTILALAMC - MOALPHA50,50.89,50.89,50.89,50.89,50.94,-0.1,0,0.0
2025-12-24,MOBIKWIK,EQ,INE0HLU01028,ONE MOBIKWIK SYSTEMS LTD,235.98,237.98,232.68,233.97,234.69,-0.31,638857,149473373.07
2025-12-24,MODEFENCE,EQ,INF247L01DJ0,MOTILALAMC - MODEFENCE,85.23,86.18,85.0,85.54,85.22,0.38,2340762,200228783.62
2025-12-24,MODINATUR,EQ,INE537F01012,MODI NATURALS LIMITED,383.3,387.95,349.0,371.7,371.1,0.16,4941,1836569.76
2025-12-24,MODIRUBBER,EQ,INE832A01018,MODI RUBBER LTD,135.99,152.28,133.1,152.28,126.9,20.0,591343,90049711.32
2025-12-24,MODIS,EQ,INE0L0L01012,MODIS NAVNIRMAN LTD,346.5,349.0,340.0,341.65,343.6,-0.57,4303,1470119.92
2025-12-24,MODTHREAD,EQ,INE794W01014,MODERN THREADS INDIA LTD,43.0,44.0,43.0,43.0,43.34,-0.78,721,31003.0
2025-12-24,MOENERGY,EQ,INF247L01GH7,MOTILALAMC - MOENERGY,35.12,35.12,35.12,35.12,35.24,-0.34,0,0.0
2025-12-24,MOGSEC,EQ,INF247L01AK4,MOTILALAMC - G5,62.61,62.89,62.6,62.85,62.62,0.37,1639,103011.15
2025-12-24,MOHEALTH,EQ,INF247L01BB1,MOTILALAMC - MOHEALTH,44.98,44.99,44.56,44.66,44.79,-0.29,40305,1800021.29
2025-12-24,MOHITIND,EQ,INE954E01012,MOHIT INDUSTRIES LTD,28.63,29.2,28.1,28.53,28.63,-0.35,10665,304272.46
2025-12-24,MOIL,EQ,INE490G01020,MOIL LIMITED,344.6,357.85,341.1,347.8,340.95,2.01,2472510,859938947.82
2025-12-24,MOINFRA,EQ,INF247L01FL1,MOTILALAMC - MOINFRA,59.24,59.24,59.24,59.24,59.34,-0.18,0,0.0
2025-12-24,MOKSH,EQ,INE514Y01020,MOKSH ORNAMENTS LIMITED,15.75,15.75,15.07,15.11,15.12,-0.07,62412,943045.3
2025-12-24,MOL,EQ,INE0CT101020,MEGHMANI ORGANICS LIMITED,65.13,65.65,64.0,64.61,65.13,-0.8,294899,19053424.57
2025-12-24,MOLDTKPAC,EQ,INE893J01029,MOLD-TEK PACKAGING LTD,602.1,610.0,599.1,607.55,596.15,1.91,39524,24012805.72
2025-12-24,MOLOWVOL,EQ,INF247L01BL0,MOTILALAMC - MOLOWVOL,38.96,39.13,38.88,38.95,38.91,0.1,6622,257926.91
2025-12-24,MOM100,EQ,INF247L01023,MOTILAL OS MIDCAP100 ETF,65.79,65.79,65.05,65.15,65.49,-0.52,646108,42093937.19
2025-12-24,MOM30IETF,EQ,INF109KC17C7,ICICIPRAMC - ICICIMOM30,32.4,32.41,31.93,31.97,32.08,-0.34,1217786,38932617.58
2025-12-24,MOM50,EQ,INF247L01536,MOTILAL OSWAL M50 ETF,271.89,272.3,271.36,271.7,271.36,0.13,23427,6365116.19
2025-12-24,MOMENTUM,EQ,INF209KB14K7,BIRLASLAMC - MOMENTUM,32.59,32.59,31.78,31.83,31.87,-0.13,30557,972629.31
2025-12-24,MOMENTUM50,EQ,INF247L01DK8,MOTILALAMC - MOMENTUM50,53.49,53.55,53.05,53.12,53.11,0.02,240332,12766435.58
2025-12-24,MOMGF,EQ,INF247L01FK3,MOTILALAMC - MOMGF,152.14,152.14,152.14,152.14,152.65,-0.33,0,0.0
2025-12-24,MOMIDMTM,EQ,INF247L01FQ0,MOTILALAMC - MOMIDMTM,63.49,63.49,63.49,63.49,63.8,-0.49,0,0.0
2025-12-24,MOMOMENTUM,EQ,INF247L01BK2,MOTILALAMC - MOMOMENTUM,64.39,64.4,63.58,63.83,64.01,-0.28,64241,4100503.15
2025-12-24,MON100,EQ,INF247L01AP3,MOTILAL OS NASDAQ100 ETF,234.4,235.99,233.7,234.09,234.4,-0.13,626188,146584346.63
2025-12-24,MON50EQUAL,EQ,INF247L01FC0,MOTILALAMC - MON50EQUAL,33.47,33.47,33.47,33.47,33.5,-0.09,0,0.0
2025-12-24,MONARCH,EQ,INE903D01011,MONARCH NETWORTH CAP LTD,308.75,309.95,305.25,307.2,309.15,-0.63,33828,10391962.01
2025-12-24,MONEXT50,EQ,INF247L01FD8,MOTILALAMC - MONEXT50,68.5,68.5,68.5,68.5,68.64,-0.2,0,0.0
2025-12-24,MONEYBOXX,EQ,INE296Q01012,MONEYBOXX FINANCE LIMITED,67.49,67.49,61.71,62.97,63.69,-1.13,217674,13706932.05
2025-12-24,MONIFTY100,EQ,INF247L01GG9,MOTILALAMC - MONIFTY100,26.73,26.73,26.73,26.73,26.77,-0.14,0,0.0
2025-12-24,MONIFTY500,EQ,INF247L01BU1,MOTILALAMC - MONIFTY500,24.38,24.43,24.25,24.3,24.34,-0.16,168891,4104051.17
2025-12-24,MONQ50,EQ,INF247L01AU3,MOTILALAMC - MONQ50,99.48,99.48,98.52,98.77,98.71,0.06,73268,7236680.11
2025-12-24,MONTECARLO,EQ,INE950M01013,MONTE CARLO FASHIONS LTD.,738.8,759.0,696.1,702.05,724.85,-3.15,178347,125208509.17
2025-12-24,MOPSE,EQ,INF247L01FO5,MOTILALAMC - MOPSE,98.1,98.1,98.1,98.1,98.33,-0.24,0,0.0
2025-12-24,MOQUALITY,EQ,INF247L01BH8,MOTILALAMC - MOQUALITY,201.0,201.8,200.4,200.4,200.39,0.0,988,197995.19
2025-12-24,MOREALTY,EQ,INF247L01CI4,MOTILALAMC - MOREALTY,89.09,89.2,88.33,88.91,88.48,0.49,3962118,352271925.89
2025-12-24,MOREPENLAB,EQ,INE083A01026,MOREPEN LAB. LTD,42.3,42.75,41.4,41.6,42.27,-1.59,1284832,53449009.24
2025-12-24,MOSCHIP,EQ,INE935B01025,MOSCHIP TECHNOLOGIES LTD,211.0,214.58,208.0,209.43,210.59,-0.55,1195921,250461726.27
2025-12-24,MOSMALL250,EQ,INF247L01CH6,MOTILALAMC - MOSMALL250,16.66,16.8,16.55,16.7,16.69,0.06,743547,12417235.47
2025-12-24,MOTHERSON,EQ,INE775A01035,SAMVRDHNA MTHRSN INTL LTD,120.61,120.9,119.27,119.53,120.24,-0.59,7675699,917476292.1
2025-12-24,MOTILALOFS,EQ,INE338I01027,MOTILAL OSWAL FIN LTD,885.0,896.0,877.1,893.6,881.05,1.42,675354,603496317.91
2025-12-24,MOTISONS,EQ,INE0FRK01020,MOTISONS JEWELLERS LTD,15.5,15.71,15.42,15.57,15.5,0.45,1338297,20837283.88
2025-12-24,MOTOGENFIN,EQ,INE861B01023,MOTOR & GENERAL FINANCE L,22.78,23.6,22.78,23.19,23.0,0.83,5907,136983.33
2025-12-24,MOTOUR,EQ,INF247L01FP2,MOTILALAMC - MOTOUR,85.49,85.49,85.49,85.49,85.9,-0.48,0,0.0
2025-12-24,MOVALUE,EQ,INF247L01BE5,MOTILALAMC - MOVALUE,114.99,115.26,113.59,113.78,114.5,-0.63,114119,12984459.68
2025-12-24,MPHASIS,EQ,INE356A01018,MPHASIS LIMITED,2934.0,2945.0,2884.3,2891.9,2938.4,-1.58,351406,1016230977.08
2025-12-24,MPSLTD,EQ,INE943D01017,MPS LIMITED,2011.0,2038.0,2002.2,2024.9,2009.0,0.79,5239,10608451.23
2025-12-24,MRF,EQ,INE883A01011,MRF LTD,153400.0,153885.0,151025.0,151435.0,153360.0,-1.26,4115,623155025.0
2025-12-24,MRPL,EQ,INE103A01014,MRPL,146.69,148.45,145.5,146.05,146.66,-0.42,1458854,213065631.15
2025-12-24,MSCIINDIA,EQ,INF174KA1VD2,KOTAKMAMC - MSCIINDIA,31.09,31.18,30.94,31.04,31.1,-0.19,22151,687567.06
2025-12-24,MSPL,EQ,INE752G01015,MSP STEEL & POWER LTD.,36.49,37.9,36.13,36.55,36.01,1.5,2074950,75839420.92
2025-12-24,MSTCLTD,EQ,INE255X01014,MSTC LIMITED,491.4,497.95,488.25,490.8,490.45,0.07,71978,35326801.52
2025-12-24,MSUMI,EQ,INE0FS801015,MOTHERSON SUMI WRNG IND L,45.51,45.95,45.1,45.28,45.45,-0.37,4284783,194014969.01
2025-12-24,MTNL,EQ,INE153A01019,MAHANAGAR TELEPHONE NIGAM,36.25,38.8,36.25,36.85,36.64,0.57,5847763,215490057.63
2025-12-24,MUFIN,EQ,INE08KJ01020,MUFIN GREEN FINANCE LTD,116.9,118.49,113.99,115.52,116.89,-1.17,454841,52543230.79
2025-12-24,MUFTI,EQ,INE220Q01020,CREDO BRANDS MARKETING L,99.9,101.88,99.02,100.85,99.88,0.97,80815,8150192.63
2025-12-24,MUKANDLTD,EQ,INE304A01026,MUKAND LTD.,133.03,136.89,133.0,134.82,133.32,1.13,112726,15197720.15
2025-12-24,MULTICAP,EQ,INF769K01LX9,MIRAEAMC - MULTICAP,16.71,16.71,16.55,16.58,16.59,-0.06,68842,1141400.35
2025-12-24,MUNJALAU,EQ,INE672B01032,MUNJAL AUTO IND. LTD.,80.59,81.38,80.11,80.68,80.34,0.42,60468,4878558.26
2025-12-24,MUNJALSHOW,EQ,INE577A01027,MUNJAL SHOWA LTD,124.7,130.51,124.54,127.18,124.61,2.06,29731,3781188.59
2025-12-24,MURUDCERA,EQ,INE692B01014,MURUDESHWAR CERAMICS LTD,34.49,35.0,34.46,34.85,34.67,0.52,26523,924326.51
2025-12-24,MUTHOOTCAP,EQ,INE296G01013,MUTHOOT CAP SERV LTD,284.15,286.2,273.6,276.4,284.15,-2.73,19646,5430154.28
2025-12-24,MUTHOOTFIN,EQ,INE414G01012,MUTHOOT FINANCE LIMITED,3820.0,3890.0,3790.0,3804.7,3808.2,-0.09,622859,2369791606.89
2025-12-24,MUTHOOTMF,EQ,INE046W01019,MUTHOOT MICROFIN LIMITED,179.1,182.5,177.08,177.86,179.09,-0.69,71990,12804141.44
2025-12-24,MVGJL,EQ,INE0KNT01012,MANOJ VAIBHAV GEM N JEW L,184.79,184.79,182.59,183.31,183.27,0.02,24783,4542971.67
2025-12-24,MWL,EQ,INE0JYY01029,MANGALAM WORLDWIDE LTD,26.83,26.85,26.39,26.74,26.57,0.67,698230,18672764.91
2025-12-24,NACLIND,EQ,INE295D01020,NACL INDUSTRIES LIMITED,173.97,174.0,165.8,167.09,169.57,-1.46,180722,30196838.32
2025-12-24,NAGREEKCAP,EQ,INE245I01016,NAGREEKA CAP & INFR.LTD,28.99,28.99,26.61,28.5,27.61,3.22,5306,151221.0
2025-12-24,NAGREEKEXP,EQ,INE123B01028,NAGREEKA EXPORTS LTD.,26.6,27.18,26.55,26.66,26.67,-0.04,1749,46628.34
2025-12-24,NAHARCAP,EQ,INE049I01012,NAHAR CAP & FIN.,264.4,264.95,257.0,257.55,260.9,-1.28,3524,907606.16
2025-12-24,NAHARINDUS,EQ,INE289A01011,NAHAR INDS ENT LTD,112.01,112.01,108.7,108.94,110.78,-1.66,17736,1932159.88
2025-12-24,NAHARPOLY,EQ,INE308A01027,NAHAR POLY FILMS LIMITED,250.6,256.0,238.0,241.0,250.6,-3.83,16408,3954328.0
2025-12-24,NAHARSPING,EQ,INE290A01027,NAHAR SPINNING MILLS LTD.,198.59,200.79,196.34,197.42,197.74,-0.16,24814,4898779.83
2025-12-24,NAM-INDIA,EQ,INE298J01013,NIPPON L I A M LTD,902.9,905.0,876.55,879.5,899.1,-2.18,1605901,1412389929.5
2025-12-24,NARMADA,EQ,INE117Z01029,NARMADA AGROBASE LIMITED,10.68,10.92,10.57,10.81,10.68,1.17,84832,916609.79
2025-12-24,NATCOPHARM,EQ,INE987B01026,NATCO PHARMA LTD.,923.2,926.8,913.5,916.25,927.0,-1.16,309442,283526232.5
2025-12-24,NATHBIOGEN,EQ,INE448G01010,NATH BIO-GENES (I) LTD,158.92,163.13,158.88,161.51,158.92,1.63,9570,1545650.65
2025-12-24,NATIONALUM,EQ,INE139A01034,NATIONAL ALUMINIUM CO LTD,292.0,298.6,290.35,295.3,290.15,1.77,12921219,3815635812.97
2025-12-24,NAUKRI,EQ,INE663F01032,INFO EDGE (I) LTD,1365.6,1389.0,1362.0,1366.8,1365.6,0.09,560418,765979349.76
2025-12-24,NAVA,EQ,INE725A01030,NAVA LIMITED,573.0,580.0,560.25,563.0,572.95,-1.74,258306,145426278.0
2025-12-24,NAVINFLUOR,EQ,INE048G01026,NAVIN FLUORINE INT. LTD,6080.0,6083.0,5850.5,5874.0,6063.5,-3.13,106978,628388772.0
2025-12-24,NAVKARCORP,EQ,INE278M01019,NAVKAR CORPORATION LTD.,103.6,104.1,101.15,101.67,104.41,-2.62,146751,14920173.9
2025-12-24,NAVNETEDUL,EQ,INE060A01024,NAVNEET EDUCATION LTD,146.99,150.25,144.15,145.49,147.94,-1.66,418793,60930195.87
2025-12-24,NAZARA,EQ,INE418L01047,NAZARA TECHNOLOGIES LTD,241.0,251.0,237.85,239.25,241.2,-0.81,3470794,830387464.5
2025-12-24,NBCC,EQ,INE095N01031,NBCC (INDIA) LIMITED,116.0,117.37,115.5,116.16,116.27,-0.09,5565300,646465268.38
2025-12-24,NBIFIN,EQ,INE365I01020,N.B.I. IND. FIN. CO. LTD,2199.0,2265.6,2181.0,2247.7,2219.3,1.28,125,280962.49
2025-12-24,NCC,EQ,INE868B01028,NCC LIMITED,161.29,162.86,160.32,161.53,160.8,0.45,3643486,588532289.13
2025-12-24,NCLIND,EQ,INE732C01016,NCL INDUSTRIES LIMITED,196.8,198.9,196.3,197.69,198.59,-0.45,21614,4272871.71
2025-12-24,NDGL,EQ,INE756C01015,NAGA DHUNSERI GROUP LTD,2894.0,2894.0,2835.0,2890.0,2846.6,1.52,204,589560.0
2025-12-24,NDL,EQ,INE875G01048,NANDAN DENIM LIMITED,3.0,3.09,2.98,3.02,2.99,1.0,2162913,6531997.22
2025-12-24,NDLVENTURE,EQ,INE353A01023,NDL VENTURES LIMITED,91.95,91.95,88.3,88.99,90.51,-1.68,5157,458921.42
2025-12-24,NDRAUTO,EQ,INE07OG01012,NDR AUTO COMPONENTS LTD,834.4,843.65,818.7,827.05,834.4,-0.88,9225,7629536.14
2025-12-24,NDTV,EQ,INE155G01029,NDTV LTD,92.7,94.2,91.91,93.61,92.04,1.71,562258,52632971.72
2025-12-24,NECLIFE,EQ,INE023H01027,NECTAR LIFESCIENCES LTD.,21.14,21.14,21.14,21.14,22.25,-4.99,64618,1366024.48
2025-12-24,NELCAST,EQ,INE189I01024,NELCAST LIMITED,107.5,107.5,105.1,105.88,104.92,0.91,39490,4181201.09
2025-12-24,NELCO,EQ,INE045B01015,NELCO LTD,756.0,761.2,742.0,743.1,755.0,-1.58,45257,33630475.6
2025-12-24,NEOGEN,EQ,INE136S01016,NEOGEN CHEMICALS LIMITED,1092.0,1107.2,1087.5,1097.1,1091.0,0.56,50733,55659173.06
2025-12-24,NEPHROPLUS,EQ,INE428V01029,NEPHROCARE HEALTH SERV L,462.95,485.0,461.55,475.4,463.5,2.57,1421113,675597111.53
2025-12-24,NESCO,EQ,INE317F01035,NESCO LTD.,1256.7,1258.0,1229.6,1236.2,1260.1,-1.9,25362,31352503.16
2025-12-24,NESTLEIND,EQ,INE239A01024,NESTLE INDIA LIMITED,1251.1,1264.1,1247.9,1259.7,1256.5,0.25,598956,754504843.95
2025-12-24,NETF,EQ,INF277K015R5,TATAAML - NETF,282.0,284.99,280.55,282.04,282.22,-0.06,796,224503.85
2025-12-24,NETWEB,EQ,INE0NT901020,NETWEB TECH INDIA LTD,3232.0,3250.0,3180.0,3193.2,3232.3,-1.21,204739,653772564.8
2025-12-24,NETWORK18,EQ,INE870H01013,NETWORK18 MEDIA & INV LTD,44.21,44.44,43.4,43.63,44.21,-1.31,2005146,87484522.12
2025-12-24,NEULANDLAB,EQ,INE794A01010,NEULAND LAB LTD.,15437.0,15525.0,14965.0,15086.0,15327.0,-1.57,64410,971689260.0
2025-12-24,NEWGEN,EQ,INE619B01017,NEWGEN SOFTWARE TECH LTD,854.5,854.5,844.0,850.15,852.75,-0.3,178724,151942212.96
2025-12-24,NEXT30ADD,EQ,INF740KA1VE5,DSPAMC - NEXT30ADD,40.59,40.84,40.47,40.5,40.59,-0.22,247196,10011438.0
2025-12-24,NEXT50,EQ,INF769K01FN2,MIRAEAMC - MANXT50,712.39,712.39,705.33,707.46,708.85,-0.2,18889,13363212.36
2025-12-24,NEXT50BETA,EQ,INF789F1AUW9,UTIAMC-NEXT50BETA,74.48,74.48,73.73,73.91,73.92,-0.01,64787,4788407.41
2025-12-24,NEXT50IETF,EQ,INF109KC1NS5,ICICIPRAMC - ICICINXT50,72.74,72.75,72.06,72.3,72.46,-0.22,312122,22566421.55
2025-12-24,NEXTMEDIA,EQ,INE747B01016,NEXT MEDIAWORKS LIMITED,6.15,6.27,6.02,6.07,6.15,-1.3,8209,49828.63
2025-12-24,NFL,EQ,INE870D01012,NATIONAL FERT. LTD,88.28,88.9,87.5,87.64,88.28,-0.72,442401,38772023.37
2025-12-24,NGIL,EQ,INE236Y01012,NAKODA GROUP OF IND. LTD,31.0,32.0,30.61,31.52,31.42,0.32,11565,364528.81
2025-12-24,NGLFINE,EQ,INE887E01022,NGL FINE CHEM LIMITED,1317.0,1341.5,1317.0,1337.0,1310.0,2.06,385,514745.0
2025-12-24,NH,EQ,INE410P01011,NARAYANA HRUDAYALAYA LTD.,1870.0,1884.7,1865.6,1876.2,1876.6,-0.02,118927,223130831.59
2025-12-24,NHPC,EQ,INE848E01016,NHPC LTD,78.44,78.7,77.63,77.81,78.23,-0.54,5716970,444837421.74
2025-12-24,NIACL,EQ,INE470Y01017,THE NEW INDIA ASSU CO LTD,153.6,155.0,149.8,150.49,152.79,-1.51,743340,111865240.68
2025-12-24,NIBE,EQ,INE149O01018,NIBE LIMITED,1140.0,1185.7,1120.0,1137.4,1124.8,1.12,44326,50416393.48
2025-12-24,NIBL,EQ,INE047O01014,NRB INDUS. BEARINGS LTD.,29.59,29.59,29.0,29.43,29.01,1.45,5128,150917.04
2025-12-24,NIF100BEES,EQ,INF204K014N5,NIP IND ETF NIFTY 100,283.65,283.65,281.09,282.11,282.24,-0.05,15344,4328695.62
2025-12-24,NIF100IETF,EQ,INF109KC16V9,ICICI PRUD NIFTY 100 ETF,28.74,29.75,28.74,29.71,29.63,0.27,110258,3275765.08
2025-12-24,NIFTY1,EQ,INF174K014P6,KOTAK NIFTY ETF,288.74,290.0,288.05,288.32,288.73,-0.14,219218,63204935.37
2025-12-24,NIFTYADD,EQ,INF740KA1CL0,DSPAMC - DSPNIFTY,274.22,274.22,273.0,273.08,273.4,-0.12,15178,4144808.04
2025-12-24,NIFTYAXIS,EQ,INF846K01W98,AXISAMC-NIFTYAXIS,290.62,290.62,286.0,287.19,287.62,-0.15,6769,1943989.13
2025-12-24,NIFTYBEES,EQ,INF204KB14I2,NIP IND ETF NIFTY BEES,295.68,296.38,294.76,295.5,295.68,-0.06,3252373,961076221.5
2025-12-24,NIFTYBETA,EQ,INF789F1AZC0,UTIAMC-NIFTYBETA,289.01,289.01,287.5,287.89,288.15,-0.09,31039,8935818.16
2025-12-24,NIFTYBETF,EQ,INF0QA701722,BFAM - NIFTYBETF,268.45,268.45,266.93,267.35,267.12,0.09,1944,519728.41
2025-12-24,NIFTYETF,EQ,INF769K01EG9,MIRAEAMC - MAN50ETF,283.85,283.85,281.77,282.06,282.31,-0.09,25916,7309866.9
2025-12-24,NIFTYIETF,EQ,INF109K012R6,ICICI PRUD NIFTY ETF,293.26,295.73,293.26,294.03,294.17,-0.05,363775,106960762.81
2025-12-24,NIFTYQLITY,EQ,INF209KB15K4,BIRLASLAMC - NIFTYQLITY,22.44,22.44,22.2,22.3,22.34,-0.18,67434,1503778.15
2025-12-24,NIITLTD,EQ,INE161A01038,NIIT LIMITED,96.0,96.79,93.58,93.84,95.69,-1.93,787198,73870657.44
2025-12-24,NIITMTS,EQ,INE342G01023,NIIT LEARNING SYSTEMS LTD,430.0,439.85,424.0,432.55,433.9,-0.31,53685,23221446.09
2025-12-24,NILAINFRA,EQ,INE937C01029,NILA INFRASTRUCTURES LTD,9.98,10.0,9.7,9.83,9.89,-0.61,269079,2645046.55
2025-12-24,NILASPACES,EQ,INE00S901012,NILA SPACES LIMITED,15.9,16.73,15.37,16.66,15.94,4.52,761013,12678476.46
2025-12-24,NILKAMAL,EQ,INE310A01015,NILKAMAL LIMITED,1403.3,1454.9,1386.1,1399.8,1396.0,0.27,10027,14035795.09
2025-12-24,NINSYS,EQ,INE395U01014,NINTEC SYSTEMS LIMITED,402.25,419.3,402.25,405.1,405.75,-0.16,3382,1370048.22
2025-12-24,NIPPOBATRY,EQ,INE567A01028,INDO-NATIONAL LIMITED,411.35,420.0,407.0,412.8,412.8,0.0,4346,1794028.75
2025-12-24,NIRAJ,EQ,INE368I01016,NIRAJ CEMENT STRUC LTD,42.38,42.38,40.56,41.15,42.38,-2.9,167265,6882955.01
2025-12-24,NITCO,EQ,INE858F01012,NITCO LIMITED,92.93,94.25,92.01,92.76,92.93,-0.18,129838,12043773.16
2025-12-24,NITINSPIN,EQ,INE229H01012,NITIN SPINNERS LIMITED,321.75,326.2,317.25,319.2,323.35,-1.28,32563,10394110.0
2025-12-24,NITIRAJ,EQ,INE439T01012,NITIRAJ ENGINEERS LTD,190.06,196.95,185.25,191.88,191.12,0.4,3528,676952.66
2025-12-24,NIVABUPA,EQ,INE995S01015,NIVA BUPA HEALTH INS CO L,76.03,76.39,75.71,75.94,76.03,-0.12,454825,34539411.61
2025-12-24,NLCINDIA,EQ,INE589A01014,NLC INDIA LIMITED,253.95,255.64,247.5,249.77,251.89,-0.84,1250722,312392839.28
2025-12-24,NMDC,EQ,INE584A01023,NMDC LTD.,82.4,82.49,81.07,81.43,81.53,-0.12,27923038,2273772992.86
2025-12-24,NOCIL,EQ,INE163A01018,NOCIL LIMITED,157.01,158.99,155.05,155.69,157.01,-0.84,205203,31948055.57
2025-12-24,NOIDATOLL,EQ,INE781B01015,NOIDA TOLL BRIDGE CO LTD,4.39,4.52,4.12,4.32,4.31,0.23,101307,437646.26
2025-12-24,NORBTEAEXP,EQ,INE369C01017,NORBEN TEA & EXPORTS LTD,74.48,78.59,72.35,78.59,74.85,5.0,9207,723578.1
2025-12-24,NORTHARC,EQ,INE850M01015,NORTHERN ARC CAPITAL LTD,253.0,260.15,250.5,251.55,253.85,-0.91,460413,115816891.56
2025-12-24,NOVAAGRI,EQ,INE02H701025,NOVA AGRITECH LIMITED,39.94,39.94,38.95,38.99,39.02,-0.08,82710,3224863.04
2025-12-24,NPBET,EQ,INF277K010X4,TATAAML - NPBET,294.2,295.33,294.0,294.3,294.29,0.0,163,47970.9
2025-12-24,NPST,EQ,INE0FFK01017,NETWORK PEOPLE SRV TECH L,1397.6,1429.0,1370.0,1381.8,1382.3,-0.04,12311,17011340.4
2025-12-24,NRAIL,EQ,INE740D01017,N R AGARWAL INDS LTD,490.1,512.0,489.0,493.3,500.65,-1.47,30638,15113725.03
2025-12-24,NRBBEARING,EQ,INE349A01021,NRB BEARING LIMITED,283.55,288.05,282.05,283.2,283.55,-0.12,232713,65904324.44
2025-12-24,NSIL,EQ,INE023A01030,NALWA SONS INVESTMENT LTD,6640.0,6690.0,6550.0,6573.0,6560.5,0.19,2510,16498230.0
2025-12-24,NSLNISP,EQ,INE0NNS01018,NMDC STEEL LIMITED,41.75,41.85,41.06,41.51,41.6,-0.22,1734635,72004695.94
2025-12-24,NTPC,EQ,INE733E01010,NTPC LTD,323.9,326.65,322.25,322.55,323.25,-0.22,5678004,1831440120.89
2025-12-24,NTPCGREEN,EQ,INE0ONG01011,NTPC GREEN ENERGY LIMITED,90.38,95.19,90.08,93.27,90.48,3.08,13630518,1271318368.1
2025-12-24,NUCLEUS,EQ,INE096B01018,NUCLEUS SOFTWARE EXPORTS,923.0,937.15,919.05,922.55,931.6,-0.97,7183,6626676.56
2025-12-24,NUVAMA,EQ,INE531F01023,NUVAMA WEALTH MANAGE LTD,1456.4,1528.0,1451.0,1523.0,1456.4,4.57,2521455,3840175965.0
2025-12-24,NUVOCO,EQ,INE118D01016,NUVOCO VISTAS CORP LTD,362.65,369.75,360.0,366.55,362.7,1.06,202272,74142799.13
2025-12-24,NV20,EQ,INF174KA1ZE1,KOTAKMAMC - KTKNV20ETF,157.4,157.4,155.3,155.32,155.6,-0.18,5214,809838.52
2025-12-24,NV20BEES,EQ,INF204KB18I3,NIP IND ETF ETF NV20,156.01,156.51,155.63,155.94,155.92,0.01,7629,1189666.28
2025-12-24,NV20IETF,EQ,INF109KC11V0,ICICI PRUDENTIAL NV20 ETF,15.44,15.44,15.17,15.19,15.19,0.0,186646,2835152.66
2025-12-24,NYKAA,EQ,INE388Y01029,FSN E COMMERCE VENTURES,258.0,261.8,256.8,257.95,256.85,0.43,4267589,1100824634.64
2025-12-24,OAL,EQ,INE959C01023,ORIENTAL AROMATICS LTD,301.0,302.65,298.0,301.75,301.0,0.25,1131,341279.25
2025-12-24,OBCL,EQ,INE426Z01016,OBCL LIMITED,56.0,56.85,55.21,55.25,56.72,-2.59,2553,141053.25
2025-12-24,OBEROIRLTY,EQ,INE093I01010,OBEROI REALTY LIMITED,1668.9,1692.0,1659.1,1672.4,1662.5,0.6,325645,544608705.95
2025-12-24,ODIGMA,EQ,INE054301028,ODIGMA CONSULTANCY SOL L,32.19,32.9,31.55,32.71,32.05,2.06,14942,488752.81
2025-12-24,OFSS,EQ,INE881D01027,ORACLE FIN SERV SOFT LTD.,7820.0,7851.0,7764.0,7782.0,7817.0,-0.45,54134,421270788.0
2025-12-24,OIL,EQ,INE274J01014,OIL INDIA LTD,410.4,413.5,408.0,408.9,410.25,-0.33,706490,288883756.69
2025-12-24,OILIETF,EQ,INF109KC18W3,ICICIPRAMC - OILIETF,12.25,12.25,12.09,12.11,12.19,-0.66,1037337,12562150.71
2025-12-24,OLAELEC,EQ,INE0LXG01040,OLA ELECTRIC MOBILITY LTD,34.98,35.9,34.75,35.35,34.75,1.73,45902099,1622639129.61
2025-12-24,OLECTRA,EQ,INE260D01016,OLECTRA GREENTECH LIMITED,1199.0,1273.0,1193.2,1249.5,1197.7,4.32,1939929,2423941285.5
2025-12-24,OMAXAUTO,EQ,INE090B01011,OMAX AUTOS LTD,102.01,105.79,102.01,103.96,102.6,1.33,96429,10024758.75
2025-12-24,OMAXE,EQ,INE800H01010,OMAXE LIMITED,82.4,87.0,79.47,83.38,80.41,3.69,12520138,1043929072.05
2025-12-24,OMINFRAL,EQ,INE239D01028,OM INFRA LIMITED,98.81,101.75,98.81,99.72,100.53,-0.81,67456,6726712.4
2025-12-24,ONEPOINT,EQ,INE840Y01029,ONE POINT ONE SOL LTD,56.25,57.86,55.4,57.46,56.83,1.11,3217491,184877029.91
2025-12-24,ONESOURCE,EQ,INE013P01021,ONESOURCE SPECL PHARMA L,1729.9,1729.9,1679.8,1723.0,1731.2,-0.47,135430,233345890.0
2025-12-24,ONGC,EQ,INE213A01029,OIL AND NATURAL GAS CORP.,235.54,236.57,233.14,233.77,235.49,-0.73,4114036,961738213.3
2025-12-24,ONIDA,EQ,INE831A01028,ONIDA ELECTRONICS LIMITED,25.75,26.57,25.65,26.25,25.5,2.94,466037,12233471.25
2025-12-24,ONWARDTEC,EQ,INE229A01017,ONWARD TECHNOLOGIES LTD,275.0,279.6,272.0,273.3,276.55,-1.18,16958,4634621.19
2025-12-24,OPTIEMUS,EQ,INE350C01017,OPTIEMUS INFRACOM LTD,510.05,515.95,499.0,500.4,509.55,-1.8,110320,55204127.33
2025-12-24,ORCHASP,EQ,INE215B01022,ORCHASP LIMITED,3.0,3.03,2.86,2.9,2.99,-3.01,300601,871742.93
2025-12-24,ORCHPHARMA,EQ,INE191A01027,ORCHID PHARMA LIMITED,778.0,791.0,768.1,772.4,782.75,-1.32,30197,23324163.54
2025-12-24,ORICONENT,EQ,INE730A01022,ORICON ENTERPRISES LTD,60.88,60.88,58.21,60.0,60.0,0.0,124229,7453740.0
2025-12-24,ORIENTALTL,EQ,INE998H01012,ORIENTAL TRIMEX LTD,8.41,8.5,8.38,8.39,8.4,-0.12,198939,1669098.28
2025-12-24,ORIENTBELL,EQ,INE607D01018,ORIENT BELL LIMITED,269.35,273.0,266.35,267.65,269.9,-0.83,8758,2344078.65
2025-12-24,ORIENTCEM,EQ,INE876N01018,ORIENT CEMENT LTD.,171.99,172.9,170.5,171.11,171.01,0.06,1049993,179664302.87
2025-12-24,ORIENTCER,EQ,INE569C01020,ORIENT CERATECH LIMITED,42.2,43.09,40.51,40.76,41.41,-1.57,88912,3624052.97
2025-12-24,ORIENTELEC,EQ,INE142Z01019,ORIENT ELECTRIC LIMITED,181.25,182.89,178.85,179.93,181.25,-0.73,50866,9152319.01
2025-12-24,ORIENTHOT,EQ,INE750A01020,ORIENT HOTELS LTD,104.7,104.81,102.65,103.01,104.43,-1.36,157227,16195953.61
2025-12-24,ORIENTPPR,EQ,INE592A01026,ORIENT PAPER AND INDS LTD,22.99,23.38,22.95,23.13,23.1,0.13,192787,4459163.15
2025-12-24,ORIENTTECH,EQ,INE0PPK01015,ORIENT TECHNOLOGIES LTD,308.23,318.0,301.82,303.86,307.91,-1.31,280176,85135301.29
2025-12-24,ORISSAMINE,EQ,INE725E01024,ORISSA MIN DEV CO LTD,4865.5,5099.8,4829.2,4885.5,4826.9,1.21,41325,201893287.5
2025-12-24,ORKLAINDIA,EQ,INE16NZ01023,ORKLA INDIA LIMITED,609.4,615.5,609.0,612.0,609.6,0.39,227397,139166964.0
2025-12-24,ORTINGLOBE,EQ,INE749B01020,ORTIN GLOBAL LIMITED,14.04,14.5,13.5,14.35,14.0,2.5,16193,232369.56
2025-12-24,OSWALAGRO,EQ,INE142A01012,OSWAL AGRO MILLS LTD,58.35,59.69,58.35,58.76,58.18,1.0,32468,1907819.63
2025-12-24,OSWALGREEN,EQ,INE143A01010,OSWAL GREENTECH LIMITED,33.25,33.75,33.1,33.26,33.18,0.24,387599,12891542.09
2025-12-24,OSWALPUMPS,EQ,INE0BYP01024,OSWAL PUMPS LIMITED,530.2,550.05,530.2,543.1,530.2,2.43,641985,348662037.83
2025-12-24,OSWALSEEDS,EQ,INE00IK01029,SHREEOSWAL S AND CHE LTD,19.1,19.32,18.8,19.32,18.4,5.0,632382,12217620.05
2025-12-24,PACEDIGITK,EQ,INE0S3G01027,PACE DIGITEK LIMITED,196.7,198.39,194.0,194.71,194.77,-0.03,587225,114338583.69
2025-12-24,PAGEIND,EQ,INE761H01022,PAGE INDUSTRIES LTD,36700.0,36745.0,36415.0,36605.0,36700.0,-0.26,29139,1066633095.0
2025-12-24,PAISALO,EQ,INE420C01059,PAISALO DIGITAL LIMITED,35.56,35.88,35.0,35.22,35.58,-1.01,2682769,94487127.45
2025-12-24,PAKKA,EQ,INE551D01018,PAKKA LIMITED,110.4,110.69,106.54,108.16,110.0,-1.67,79349,8582388.13
2025-12-24,PALASHSECU,EQ,INE471W01019,PALASH SECURITIES LTD,107.34,109.97,107.34,109.44,107.01,2.27,49656,5434352.76
2025-12-24,PALREDTEC,EQ,INE218G01033,PALRED TECHNOLOGIES LTD,38.77,40.0,37.1,37.46,38.77,-3.38,27878,1044309.85
2025-12-24,PANACEABIO,EQ,INE922B01023,PANACEA BIOTEC LTD,356.0,363.35,355.3,359.15,356.2,0.83,23681,8505031.01
2025-12-24,PANAMAPET,EQ,INE305C01029,PANAMA PETROCHEM LTD,293.25,294.85,288.65,291.95,293.25,-0.44,44964,13127240.35
2025-12-24,PANSARI,EQ,INE697V01011,PANSARI DEVELOPERS LTD,300.0,303.0,300.0,302.0,307.0,-1.63,117,35334.0
2025-12-24,PARACABLES,EQ,INE074B01023,PARAMOUNT COMM LTD,36.09,38.69,36.08,37.81,35.8,5.61,1916727,72471450.5
2025-12-24,PARADEEP,EQ,INE088F01024,PARADEEP PHOSPHATES LTD,161.02,162.85,159.8,160.11,161.49,-0.85,1349491,216067004.83
2025-12-24,PARAGMILK,EQ,INE883N01014,PARAG MILK FOODS LTD.,304.35,307.75,296.2,297.3,302.2,-1.62,545192,162085574.94
2025-12-24,PARAS,EQ,INE045601023,PARAS DEF AND SPCE TECH L,679.9,685.15,669.0,670.9,676.75,-0.86,405475,272033187.4
2025-12-24,PARASPETRO,EQ,INE162C01024,PARAS PETROFILS LTD.,1.86,1.9,1.8,1.87,1.87,0.0,121455,227120.85
2025-12-24,PARKHOSPS,EQ,INE119201023,PARK MEDI WORLD LIMITED,147.53,151.28,145.3,148.36,147.53,0.56,1839244,272870240.96
2025-12-24,PARKHOTELS,EQ,INE988S01028,PARKHOTELS,135.56,138.9,134.99,135.35,136.82,-1.07,236420,31999448.44
2025-12-24,PASHUPATI,EQ,INE124Y01028,PASHUPATI COTSPIN LIMITED,82.5,82.5,80.7,80.99,82.67,-2.04,18860,1527377.11
2025-12-24,PASUPTAC,EQ,INE818B01023,PASUPATI ACRYLON LIMITED,54.69,56.59,54.01,54.28,54.22,0.11,108343,5880857.91
2025-12-24,PATANJALI,EQ,INE619A01035,PATANJALI FOODS LIMITED,552.05,554.7,540.65,547.2,553.35,-1.11,1918838,1049988177.02
2025-12-24,PATELENG,EQ,INE244B01030,PATEL ENGINEERING LTD.,28.5,30.95,28.31,29.23,30.11,-2.92,34596619,1011259157.53
2025-12-24,PATELRMART,EQ,INE0R8B01010,PATEL RETAIL LIMITED,212.9,213.6,204.8,206.95,212.6,-2.66,102705,21254799.44
2025-12-24,PAUSHAKLTD,EQ,INE111F01024,PAUSHAK LIMITED,595.1,605.95,591.0,594.75,605.35,-1.75,5656,3363906.0
2025-12-24,PAVNAIND,EQ,INE07S101038,PAVNA INDUSTRIES LIMITED,25.0,25.2,24.21,24.91,24.72,0.77,49356,1229457.95
2025-12-24,PAYTM,EQ,INE982J01020,ONE 97 COMMUNICATIONS LTD,1340.0,1350.8,1322.3,1324.7,1340.3,-1.16,1295488,1716132890.34
2025-12-24,PCBL,EQ,INE602A01031,PCBL CHEMICAL LIMITED,310.0,311.2,304.5,305.7,308.4,-0.88,444195,135790416.92
2025-12-24,PCJEWELLER,EQ,INE785M01021,PC JEWELLER LTD,9.61,9.72,9.46,9.47,9.58,-1.15,34560666,327289516.25
2025-12-24,PDMJEPAPER,EQ,INE865T01018,PUDUMJEE PAPER PRO. LTD,97.0,98.85,94.5,95.55,97.85,-2.35,143055,13668905.69
2025-12-24,PDSL,EQ,INE111Q01021,PDS LIMITED,372.0,375.45,364.1,367.1,373.4,-1.69,114857,42164005.4
2025-12-24,PEARLPOLY,EQ,INE844A01013,PEARL POLYMERS LTD,23.99,25.5,23.51,23.99,23.73,1.1,34289,822593.1
2025-12-24,PENIND,EQ,INE932A01024,PENNAR INDUSTRIES LTD,199.7,203.71,199.65,201.77,199.7,1.04,359437,72523605.03
2025-12-24,PENINLAND,EQ,INE138A01028,PENINSULA LAND LIMITED,26.44,27.61,26.44,26.67,26.44,0.87,320064,8536106.9
2025-12-24,PERSISTENT,EQ,INE262H01021,PERSISTENT SYSTEMS LTD,6487.0,6487.0,6338.5,6352.5,6489.0,-2.1,200947,1276515817.5
2025-12-24,PETRONET,EQ,INE347G01014,PETRONET LNG LIMITED,280.9,284.05,279.5,281.05,279.4,0.59,1887230,530405968.46
2025-12-24,PFC,EQ,INE134E01011,POWER FIN CORP LTD.,356.0,357.0,351.05,352.3,354.9,-0.73,4097578,1443576679.38
2025-12-24,PFIZER,EQ,INE182A01018,PFIZER LTD,5036.0,5122.0,5030.0,5036.3,5067.8,-0.62,11501,57922484.05
2025-12-24,PFOCUS,EQ,INE367G01038,PRIME FOCUS LIMITED,225.0,245.2,223.31,241.38,224.22,7.65,7526467,1816738641.21
2025-12-24,PFS,EQ,INE560K01014,PTC INDIA FIN SERV LTD,34.44,34.44,33.6,33.77,33.59,0.54,333782,11271818.29
2025-12-24,PGEL,EQ,INE457L01029,PG ELECTROPLAST LTD,578.0,590.35,574.95,581.6,576.0,0.97,1768059,1028303071.23
2025-12-24,PGHH,EQ,INE179A01014,P&G HYGIENE & HEALTH CARE,12985.0,13088.0,12934.0,13022.0,12985.0,0.28,4944,64380768.0
2025-12-24,PGHL,EQ,INE199A01012,PROCTER & GAMBLE HEALTH L,5670.0,5690.0,5620.5,5641.0,5670.0,-0.51,2377,13408657.0
2025-12-24,PGIL,EQ,INE940H01022,PEARL GLOBAL IND LIMITED,806.0,818.2,797.6,810.6,808.5,0.26,191990,155627089.31
2025-12-24,PHARMABEES,EQ,INF204KC1089,NIPPONAMC - NETFPHARMA,22.82,23.74,22.82,23.31,23.41,-0.43,3507646,81763226.39
2025-12-24,PHOENIXLTD,EQ,INE211B01039,THE PHOENIX MILLS LTD,1849.5,1864.7,1834.7,1853.4,1842.4,0.6,291986,541166859.53
2025-12-24,PICCADIL,EQ,INE546C01010,PICCADILY AGRO INDUSTRI L,574.0,574.0,561.3,564.85,567.85,-0.53,47661,26921314.69
2025-12-24,PIDILITIND,EQ,INE318A01026,PIDILITE INDUSTRIES LTD,1462.1,1463.9,1444.5,1446.6,1462.1,-1.06,282565,408758522.1
2025-12-24,PIGL,EQ,INE557Z01018,POWER INSTRUMENT (G) LTD,131.0,131.0,125.26,126.61,129.41,-2.16,17561,2223398.22
2025-12-24,PIIND,EQ,INE603J01030,PI INDUSTRIES LTD,3239.7,3257.2,3210.1,3218.2,3238.4,-0.62,74555,239932897.36
2025-12-24,PILANIINVS,EQ,INE417C01014,PILANI INV & IND COR LTD,5151.5,5209.0,5140.0,5152.5,5165.0,-0.24,878,4523895.0
2025-12-24,PILITA,EQ,INE600A01035,PIL ITALICA LIFESTYLE LTD,10.4,10.97,10.4,10.47,10.43,0.38,70184,734826.5
2025-12-24,PINELABS,EQ,INE15B701018,PINE LABS LIMITED,240.0,251.8,233.58,234.83,234.11,0.31,7032433,1651426254.27
2025-12-24,PIONEEREMB,EQ,INE156C01018,PIONEER EMBROIDERIES LTD,30.0,30.0,28.71,28.96,29.5,-1.83,12417,359596.31
2025-12-24,PIRAMALFIN,EQ,INE202B01038,PIRAMAL FINANCE LIMITED,1615.0,1644.0,1592.0,1629.1,1617.0,0.75,339699,553403632.61
2025-12-24,PITTIENG,EQ,INE450D01021,PITTI ENGINEERING LIMITED,849.0,849.0,835.0,835.2,839.1,-0.46,37499,31319165.26
2025-12-24,PIXTRANS,EQ,INE751B01018,PIX TRANSMISSIONS LIMITED,1435.6,1438.9,1418.1,1434.5,1431.5,0.21,5900,8463550.0
2025-12-24,PLASTIBLEN,EQ,INE083C01022,PLASTIBLENDS INDIA LTD,164.41,165.0,162.52,163.03,163.83,-0.49,4629,754665.86
2025-12-24,PLATIND,EQ,INE0PT501018,PLATINUM INDUSTRIES LTD,271.25,271.25,258.0,260.7,267.25,-2.45,114369,29815999.7
2025-12-24,PLAZACABLE,EQ,INE0INJ01017,PLAZA WIRES LIMITED,41.54,41.99,40.64,41.73,41.54,0.46,47905,1999075.63
2025-12-24,PNB,EQ,INE160A01022,PUNJAB NATIONAL BANK,121.0,121.55,120.71,120.93,120.9,0.02,10647989,1287661313.02
2025-12-24,PNBGILTS,EQ,INE859A01011,PNB GILTS LIMITED,80.13,83.88,80.13,82.05,80.13,2.4,509939,41840496.51
2025-12-24,PNBHOUSING,EQ,INE572E01012,PNB HOUSING FIN LTD.,930.1,968.0,928.5,966.3,932.85,3.59,2832626,2737166469.22
2025-12-24,PNC,EQ,INE392B01011,PNC MEDIA AND ENT LTD,27.0,29.0,25.6,27.4,26.98,1.56,96713,2649936.16
2025-12-24,PNCINFRA,EQ,INE195J01029,PNC INFRATECH LTD.,255.5,259.95,253.01,253.28,255.47,-0.86,202567,51306169.51
2025-12-24,PNGJL,EQ,INE953R01016,P N GADGIL JEWELLERS LTD,625.0,626.9,602.6,612.25,623.1,-1.74,158187,96849990.75
2025-12-24,POCL,EQ,INE063E01061,PONDY OXIDES & CHEM LTD,556.36,571.56,552.68,560.32,555.12,0.94,810792,454302979.38
2025-12-24,PODDARMENT,EQ,INE371C01013,PODDAR PIGMENTS LIMITED,268.05,271.8,260.2,262.95,266.65,-1.39,3380,888771.04
2025-12-24,POKARNA,EQ,INE637C01025,POKARNA LIMITED,865.85,865.85,830.6,836.5,855.4,-2.21,40470,33853155.0
2025-12-24,POLICYBZR,EQ,INE417T01026,PB FINTECH LIMITED,1914.0,1939.0,1907.1,1916.3,1914.0,0.12,610864,1170598713.03
2025-12-24,POLYCAB,EQ,INE455K01017,POLYCAB INDIA LIMITED,7644.5,7678.0,7611.0,7630.5,7645.0,-0.19,94994,724851717.0
2025-12-24,POLYMED,EQ,INE205C01021,POLY MEDICURE LIMITED,1804.0,1804.7,1774.2,1784.5,1799.8,-0.85,80333,143354238.5
2025-12-24,POLYPLEX,EQ,INE633B01018,POLYPLEX CORPORATION LTD,827.0,834.3,813.7,815.85,822.65,-0.83,48711,39740868.16
2025-12-24,PONNIERODE,EQ,INE838E01017,PONNIE SUGARS (ERODE) LTD,268.1,271.0,266.3,266.85,268.1,-0.47,20614,5500846.03
2025-12-24,POONAWALLA,EQ,INE511C01022,POONAWALLA FINCORP LTD,470.3,482.5,468.0,469.15,470.9,-0.37,850172,398858188.61
2025-12-24,POWERGRID,EQ,INE752E01010,POWER GRID CORP. LTD.,267.8,270.05,266.3,268.05,267.0,0.39,6131188,1643464868.56
2025-12-24,POWERINDIA,EQ,INE07Y701011,HITACHI ENERGY INDIA LTD,18590.0,18795.0,18325.0,18420.0,18465.0,-0.24,61290,1128961800.0
2025-12-24,POWERMECH,EQ,INE211R01019,POWER MECH PROJECTS LTD.,2340.5,2380.4,2332.2,2357.9,2340.8,0.73,35416,83507382.94
2025-12-24,PPLPHARMA,EQ,INE0DK501011,PIRAMAL PHARMA LIMITED,178.0,180.99,176.31,177.31,178.01,-0.39,2751002,487780157.9
2025-12-24,PRABHA,EQ,INE0I0M01023,PRABHA ENERGY LIMITED,193.21,197.0,188.6,190.82,192.31,-0.77,16286,3107694.64
2025-12-24,PRAENG,EQ,INE505C01016,PRAJAY ENG. SYN. LTD.,26.29,27.25,25.82,25.95,26.3,-1.33,57223,1484936.89
2025-12-24,PRAJIND,EQ,INE074A01025,PRAJ INDUSTRIES LTD,338.85,339.95,333.5,334.45,336.4,-0.58,557339,186402035.35
2025-12-24,PRAKASH,EQ,INE603A01013,PRAKASH INDUSTRIES LTD,135.0,139.9,133.93,136.07,134.55,1.13,895557,121858447.55
2025-12-24,PRAKASHSTL,EQ,INE696K01024,PRAKASH STEELAGE LTD,3.98,4.2,3.97,4.17,4.0,4.25,325765,1358440.07
2025-12-24,PRAXIS,EQ,INE546Y01022,PRAXIS HOME RETAIL LTD,9.29,9.29,9.02,9.11,9.2,-0.98,83394,759719.31
2025-12-24,PRECAM,EQ,INE484I01029,PRECISION CAMSHAFTS LTD.,163.5,168.99,161.79,162.63,164.12,-0.91,135762,22078974.72
2025-12-24,PRECOT,EQ,INE283A01014,PRECOT LIMITED,444.0,444.0,425.0,431.5,426.5,1.17,379,163538.5
2025-12-24,PRECWIRE,EQ,INE372C01037,PRECISION WIRES INDIA LTD,240.4,243.95,233.1,234.55,238.55,-1.68,255788,59995076.18
2025-12-24,PREMEXPLN,EQ,INE863B01029,PREMIER EXPLOSIVES LTD,524.15,529.0,511.0,514.9,521.9,-1.34,167625,86310116.59
2025-12-24,PREMIERENE,EQ,INE0BS701011,PREMIER ENERGIES LIMITED,881.2,910.45,879.5,886.65,880.45,0.7,1621357,1437576223.63
2025-12-24,PREMIERPOL,EQ,INE309M01020,PREMIER POLYFILM LTD,41.12,41.92,40.3,40.83,41.11,-0.68,36500,1490295.07
2025-12-24,PRESTIGE,EQ,INE811K01011,PRESTIGE ESTATE LTD,1612.0,1628.9,1592.9,1618.0,1604.8,0.82,955987,1546786966.0
2025-12-24,PRICOLLTD,EQ,INE726V01018,PRICOL LIMITED,639.1,639.1,624.35,631.3,639.3,-1.25,571769,360957762.72
2025-12-24,PRIMESECU,EQ,INE032B01021,PRIME SECURITIES LIMITED,295.25,297.1,288.05,292.05,295.75,-1.25,15674,4577591.51
2025-12-24,PRIMO,EQ,INE607A01022,PRIMO CHEMICALS LIMITED,23.7,24.0,23.05,23.82,23.28,2.32,92089,2193559.95
2025-12-24,PRINCEPIPE,EQ,INE689W01016,PRINCE PIPES FITTINGS LTD,250.7,256.0,249.15,249.7,251.35,-0.66,88721,22153633.43
2025-12-24,PRITI,EQ,INE974Z01015,PRITI INTERNATIONAL LTD,60.0,63.38,59.5,60.2,59.67,0.89,28536,1717867.22
2025-12-24,PRIVISCL,EQ,INE959A01019,PRIVI SPECIALITY CHE LTD,3299.2,3383.8,3226.1,3360.1,3266.5,2.87,80168,269372504.63
2025-12-24,PROSTARM,EQ,INE0BX301013,PROSTARM INFO SYSTEMS LTD,179.45,188.48,178.34,182.26,178.88,1.89,893928,162927312.37
2025-12-24,PROTEAN,EQ,INE004A01022,PROTEAN EGOV TECHNO LTD,779.9,789.0,775.0,777.2,781.75,-0.58,97834,76036585.99
2025-12-24,PROZONER,EQ,INE195N01013,PROZONE REALTY LIMITED,51.64,51.64,51.64,51.64,50.63,1.99,20746,1071323.43
2025-12-24,PRSMJOHNSN,EQ,INE010A01011,PRISM JOHNSON LIMITED,151.8,151.9,142.0,143.05,151.9,-5.83,3964401,567107575.15
2025-12-24,PRUDENT,EQ,INE00F201020,PRUDENT CORP ADV SER LTD,2653.2,2678.9,2590.0,2593.4,2628.9,-1.35,17280,44813950.31
2025-12-24,PSB,EQ,INE608A01012,PUNJAB & SIND BANK,27.0,27.17,26.74,26.82,26.86,-0.15,1141564,30616746.13
2025-12-24,PSPPROJECT,EQ,INE488V01015,PSP PROJECTS LIMITED,893.0,904.5,868.4,873.7,893.55,-2.22,61439,53679255.05
2025-12-24,PSUBANK,EQ,INF174KA1A86,KOTAK PSU BANK,827.37,835.97,827.37,830.84,831.97,-0.14,7603,6316876.72
2025-12-24,PSUBANKADD,EQ,INF740KA1SY9,DSPAMC - DSPPSBKETF,84.73,84.73,83.43,83.72,83.81,-0.11,19024,1592689.3
2025-12-24,PSUBNKBEES,EQ,INF204KB16I7,NIP IND ETF PSU BANK BEES,92.85,93.68,92.1,92.39,92.82,-0.46,1473708,136155881.22
2025-12-24,PSUBNKIETF,EQ,INF109KC10S8,ICICIPRAMC - PSUBANKICI,84.63,84.63,84.0,84.03,84.21,-0.21,90548,7608748.33
2025-12-24,PTC,EQ,INE877F01012,PTC INDIA LIMITED,159.27,160.44,157.5,157.91,159.16,-0.79,522491,82506555.72
2025-12-24,PTCIL,EQ,INE596F01018,PTC INDUSTRIES LIMITED,18219.0,18405.0,18167.0,18294.0,18245.0,0.27,6457,118124358.0
2025-12-24,PTL,EQ,INE034D01049,PTL ENTERPRISES LTD,40.01,40.64,39.9,40.09,40.41,-0.79,41701,1671793.1
2025-12-24,PUNJABCHEM,EQ,INE277B01014,PUNJAB CHEM & CROP PROT L,1245.2,1245.6,1222.9,1227.2,1244.4,-1.38,3931,4824123.01
2025-12-24,PURVA,EQ,INE323I01011,PURAVANKARA LIMITED,258.2,260.17,247.2,249.74,259.49,-3.76,1145301,286027478.03
2025-12-24,PVP,EQ,INE362A01016,PVP VENTURES LIMITED,33.8,35.22,33.7,35.22,33.55,4.98,89016,3135143.63
2025-12-24,PVRINOX,EQ,INE191H01014,PVR INOX LIMITED,1028.4,1040.4,1017.0,1024.3,1024.7,-0.04,541706,554869482.25
2025-12-24,PVSL,EQ,INE772T01024,POPULAR VEHICLES N SER L,121.8,121.8,117.1,117.81,119.58,-1.48,58463,6887525.89
2025-12-24,PVTBANIETF,EQ,INF109KC18U7,ICICIPRAMC - ICICIBANKP,29.0,29.0,28.65,28.67,28.7,-0.1,342296,9813626.35
2025-12-24,PVTBANKADD,EQ,INF740KA1TA7,DSPAMC - DSPPVBKETF,29.02,29.02,28.76,28.85,28.88,-0.1,22404,646355.41
2025-12-24,PWL,EQ,INE0LP301011,PHYSICSWALLAH LIMITED,134.5,134.5,131.92,132.45,134.51,-1.53,4903602,649482069.94
2025-12-24,PYRAMID,EQ,INE0MIS01010,PYRAMID TECHNOPLAST LTD,163.85,166.65,162.41,165.24,163.85,0.85,20181,3334708.55
2025-12-24,QGOLDHALF,EQ,INF082J01408,QUANTUM GOLD ETF,115.68,116.25,112.4,113.76,112.86,0.8,144349,16421142.55
2025-12-24,QNIFTY,EQ,INF082J01499,QUANTUM NIFTY 50 ETF,2866.0,2871.57,2854.0,2858.3,2860.13,-0.06,121,345854.31
2025-12-24,QPOWER,EQ,INE0SII01026,QUALITY POWER ELEC EQUP L,735.15,748.1,725.2,727.9,740.9,-1.75,180155,131134828.9
2025-12-24,QUADFUTURE,EQ,INE0LRY01011,QUADRANT FUTURE TEK LTD,336.55,364.8,335.55,347.15,358.15,-3.07,16062048,5575939865.17
2025-12-24,QUAL30IETF,EQ,INF109KC18V5,ICICIPRAMC - ICICIQTY30,22.17,22.23,22.04,22.08,22.16,-0.36,36222,799781.76
2025-12-24,QUESS,EQ,INE615P01015,QUESS CORP LIMITED,215.1,220.0,213.45,217.36,212.97,2.06,530019,115204930.16
2025-12-24,QUICKHEAL,EQ,INE306L01010,QUICK HEAL TECH LTD,274.0,282.0,273.0,274.85,278.1,-1.17,36776,10107883.82
2025-12-24,RACE,EQ,INE084Q01012,RACE ECO CHAIN LIMITED,145.98,145.98,141.6,142.02,142.81,-0.55,6132,870866.67
2025-12-24,RACLGEAR,EQ,INE704B01017,RACL GEARTECH LIMITED,1057.0,1075.4,1055.1,1070.8,1057.0,1.31,9249,9903829.65
2025-12-24,RADAAN,EQ,INE874F01027,RADAAN MEDIAWORKS (I) LTD,3.79,3.79,3.51,3.61,3.66,-1.37,38874,140335.14
2025-12-24,RADIANTCMS,EQ,INE855R01021,RADIANT CASH MGMT SER LTD,53.25,53.25,52.11,52.64,52.47,0.32,95136,5007958.98
2025-12-24,RADICO,EQ,INE944F01028,RADICO KHAITAN LTD,3267.3,3335.0,3246.0,3301.9,3267.3,1.06,363315,1199629763.02
2025-12-24,RADIOCITY,EQ,INE919I01024,MUSIC BROADCAST LIMITED,6.57,6.8,6.57,6.61,6.64,-0.45,80878,534603.59
2025-12-24,RAILTEL,EQ,INE0DD101019,RAILTEL CORP OF IND LTD,360.8,366.0,354.45,356.75,358.7,-0.54,2061457,735424784.75
2025-12-24,RAIN,EQ,INE855B01025,RAIN INDUSTRIES LIMITED,125.49,130.72,124.78,129.21,125.29,3.13,4192336,541691762.71
2025-12-24,RAINBOW,EQ,INE961O01016,RAINBOW CHILDRENS MED LTD,1361.0,1377.0,1353.2,1360.2,1359.4,0.06,78148,106296905.78
2025-12-24,RAJMET,EQ,INE00KV01022,RAJNANDINI METAL LIMITED,4.04,4.04,3.97,3.98,3.99,-0.25,167993,668612.14
2025-12-24,RAJRATAN,EQ,INE451D01029,RAJRATAN GLOBAL WIRE LTD,472.0,475.95,468.75,472.05,474.2,-0.45,70779,33411226.09
2025-12-24,RAJSREESUG,EQ,INE562B01019,RAJSHREE SUGAR & CHEMICAL,35.51,35.6,34.8,35.03,35.32,-0.82,29432,1031002.92
2025-12-24,RAJTV,EQ,INE952H01027,RAJ TV NETWORK LTD,43.29,43.29,42.0,42.01,42.3,-0.69,2262,95026.62
2025-12-24,RALLIS,EQ,INE613A01020,RALLIS INDIA LTD,275.05,276.5,270.0,271.4,275.0,-1.31,319641,86750565.45
2025-12-24,RAMANEWS,EQ,INE278B01020,SHREE RAMA NEWSPRINT LTD,31.0,31.88,30.9,30.99,30.86,0.42,25441,788416.58
2025-12-24,RAMAPHO,EQ,INE809A01032,RAMA PHOSPHATES LIMITED,164.14,167.9,161.75,164.06,164.14,-0.05,99670,16351859.96
2025-12-24,RAMCOCEM,EQ,INE331A01037,THE RAMCO CEMENTS LIMITED,1048.5,1067.0,1048.5,1060.4,1048.5,1.13,552811,586200797.9
2025-12-24,RAMCOIND,EQ,INE614A01028,RAMCO INDUSTRIES LIMITED,316.65,325.05,315.0,322.55,316.65,1.86,107294,34607678.39
2025-12-24,RAMCOSYS,EQ,INE246B01019,RAMCO SYSTEMS LTD.,594.0,601.0,586.0,587.55,599.6,-2.01,47124,27687705.62
2025-12-24,RAMKY,EQ,INE874I01013,RAMKY INFRA LTD,582.25,584.5,565.9,569.1,577.65,-1.48,43670,24852595.93
2025-12-24,RAMRAT,EQ,INE207E01023,RAM RATNA WIRES LIMITED,322.25,329.5,318.0,319.05,321.05,-0.62,185026,59032543.04
2025-12-24,RANASUG,EQ,INE625B01014,RANA SUGARS LTD.,12.68,12.68,12.51,12.54,12.61,-0.56,57026,715106.04
2025-12-24,RANEHOLDIN,EQ,INE384A01010,RANE HOLDINGS LIMITED,1333.0,1352.4,1295.8,1308.2,1332.5,-1.82,18123,23708507.72
2025-12-24,RATEGAIN,EQ,INE0CLI01024,RATEGAIN TRAVEL TECHN LTD,655.0,665.5,648.0,650.0,656.95,-1.06,163719,106417350.0
2025-12-24,RATNAMANI,EQ,INE703B01027,RATNAMANI MET & TUB LTD.,2340.5,2340.5,2306.3,2314.7,2320.7,-0.26,13659,31616486.63
2025-12-24,RATNAVEER,EQ,INE05CZ01011,RATNAVEER PRECISION ENG L,165.25,165.25,152.55,153.86,164.07,-6.22,3975783,611713974.81
2025-12-24,RAYMOND,EQ,INE301A01014,RAYMOND LTD,432.75,436.0,422.0,429.75,432.75,-0.69,404900,174005775.0
2025-12-24,RAYMONDLSL,EQ,INE02ID01020,RAYMOND LIFESTYLE LIMITED,1053.0,1063.1,1009.0,1015.4,1053.2,-3.59,139526,141674703.81
2025-12-24,RAYMONDREL,EQ,INE1SY401010,RAYMOND REALTY LIMITED,498.85,510.0,488.0,489.85,494.85,-1.01,170652,83593883.24
2025-12-24,RBA,EQ,INE07T201019,RESTAURANT BRAND ASIA LTD,66.66,67.35,62.9,63.42,66.23,-4.24,26967922,1710305563.86
2025-12-24,RBLBANK,EQ,INE976G01028,RBL BANK LIMITED,307.3,312.45,303.95,305.95,303.6,0.77,6525936,1996610198.86
2025-12-24,RCF,EQ,INE027A01015,RASHTRIYA CHEMICALS & FER,142.7,143.5,140.88,141.18,142.6,-1.0,581967,82162096.8
2025-12-24,RECLTD,EQ,INE020B01018,REC LIMITED,355.1,358.2,353.8,354.75,354.2,0.16,3790465,1344667458.75
2025-12-24,REDINGTON,EQ,INE891D01026,REDINGTON LIMITED,276.0,279.15,273.25,274.65,275.35,-0.25,983807,270202586.55
2025-12-24,REDTAPE,EQ,INE0LXT01019,REDTAPE LIMITED,124.34,127.29,123.53,123.95,124.25,-0.24,164156,20347135.7
2025-12-24,REFEX,EQ,INE056I01025,REFEX INDUSTRIES LIMITED,271.5,271.7,266.05,268.3,271.5,-1.18,575430,154387861.98
2025-12-24,REGAAL,EQ,INE0MHO01029,REGAAL RESOURCES LIMITED,73.99,75.95,72.25,73.04,73.24,-0.27,381974,27899381.31
2025-12-24,REGENCERAM,EQ,INE277C01012,REGENCY CERAMICS LTD.,46.81,49.23,46.25,47.16,46.81,0.75,3994,188357.04
2025-12-24,RELAXO,EQ,INE131B01039,RELAXO FOOT LTD.,402.0,409.45,402.0,405.35,403.45,0.47,57376,23257361.95
2025-12-24,RELCHEMQ,EQ,INE750D01016,RELIANCE CHEMOTEX IND LTD,139.55,139.55,136.5,138.02,136.87,0.84,1191,164381.83
2025-12-24,RELIABLE,EQ,INE375Y01018,RELIABLE DATA SERVICE LTD,155.0,155.0,144.56,147.65,152.16,-2.96,65533,9675947.05
2025-12-24,RELIANCE,EQ,INE002A01018,RELIANCE INDUSTRIES LTD,1572.7,1575.7,1553.6,1558.2,1570.7,-0.8,8815745,13736693428.54
2025-12-24,RELIGARE,EQ,INE621H01010,RELIGARE ENTER. LTD.,242.5,251.0,242.5,249.16,242.94,2.56,996349,248250320.49
2025-12-24,RELTD,EQ,INE206N01018,RAVINDRA ENERGY LIMITED,166.5,169.9,165.06,168.33,165.25,1.86,128090,21561389.93
2025-12-24,REMSONSIND,EQ,INE474C01023,REMSONS INDUSTRIES LTD,122.89,124.68,122.0,122.85,123.5,-0.53,51427,6317806.87
2025-12-24,RENUKA,EQ,INE087H01022,SHREE RENUKA SUGARS LTD,25.95,26.06,25.66,25.71,25.98,-1.04,1819162,46770653.35
2025-12-24,REPCOHOME,EQ,INE612J01015,REPCO HOME FINANCE LTD,404.65,409.0,397.05,399.15,404.65,-1.36,64896,25903238.0
2025-12-24,REPRO,EQ,INE461B01014,REPRO INDIA LIMITED,473.45,485.95,468.0,470.65,473.0,-0.5,27213,12807798.28
2025-12-24,RESPONIND,EQ,INE688D01026,RESPONSIVE INDUSTRIES LTD,200.47,205.06,198.33,202.5,200.47,1.01,64529,13067122.5
2025-12-24,RETAIL,EQ,INE03DD01011,JHS SVENDGAARD RETAIL V L,25.26,25.99,25.26,25.61,25.65,-0.16,1517,38850.37
2025-12-24,RGL,EQ,INE722H01024,RENAISSANCE GLOBAL LTD,127.7,128.0,124.15,125.2,127.58,-1.87,642937,80495710.44
2025-12-24,RHETAN,EQ,INE0KKN01029,RHETAN TMT LIMITED,24.35,24.84,24.25,24.41,24.4,0.04,1981673,48372637.63
2025-12-24,RHIM,EQ,INE743M01012,RHI MAGNESITA INDIA LTD,452.0,454.3,446.0,447.25,451.55,-0.95,89826,40174678.5
2025-12-24,RHL,EQ,INE508K01013,ROBUST HOTELS LIMITED,192.0,192.14,187.61,188.93,190.85,-1.01,10695,2020606.27
2025-12-24,RICOAUTO,EQ,INE209B01025,RICO AUTO INDUSTRIES LTD,127.1,128.24,124.0,124.99,127.29,-1.81,3145401,393143664.27
2025-12-24,RIIL,EQ,INE046A01015,RELIANCE INDUSTRIAL INFRA,831.0,834.0,811.25,815.1,828.25,-1.59,38204,31140079.47
2025-12-24,RISHABH,EQ,INE0N2P01017,RISHABH INSTRUMENTS LTD,408.8,408.8,390.0,393.05,402.75,-2.41,27912,10970811.26
2025-12-24,RITCO,EQ,INE01EG01016,RITCO LOGISTICS LIMITED,279.0,279.0,274.0,275.25,275.35,-0.04,20342,5599135.5
2025-12-24,RITES,EQ,INE320J01015,RITES LIMITED,242.67,246.5,240.82,242.6,241.95,0.27,1151718,279406793.83
2025-12-24,RKDL,EQ,INE722J01012,RAVI KUMAR DIST. LTD.,22.83,23.8,22.5,23.1,22.83,1.18,38639,892560.91
2025-12-24,RKEC,EQ,INE786W01010,RKEC PROJECTS LIMITED,59.6,59.6,55.15,56.97,59.75,-4.65,48789,2779509.39
2025-12-24,RKFORGE,EQ,INE399G01023,RAMKRISHNA FORGINGS LTD,522.45,522.9,515.05,516.75,524.15,-1.41,173449,89629770.75
2025-12-24,RKSWAMY,EQ,INE0NQ801033,R K SWAMY LIMITED,113.9,114.03,111.3,111.83,112.9,-0.95,32382,3621279.12
2025-12-24,RML,EQ,INE050H01012,RANE (MADRAS) LIMITED,741.2,802.0,741.2,788.3,746.15,5.65,32558,25665471.0
2025-12-24,ROHLTD,EQ,INE283H01019,ROYAL ORCHID HOTELS LTD,410.0,413.7,404.5,406.3,411.75,-1.32,28432,11551921.25
2025-12-24,ROLEXRINGS,EQ,INE645S01024,ROLEX RINGS LIMITED,131.9,134.69,127.0,128.21,130.44,-1.71,1593956,204361109.46
2025-12-24,ROML,EQ,INE294G01026,RAJ OIL MILLS LIMITED,50.08,51.72,49.75,51.36,50.19,2.33,10358,531986.89
2025-12-24,ROSSARI,EQ,INE02A801020,ROSSARI BIOTECH LIMITED,588.0,589.05,578.05,580.5,586.9,-1.09,18903,10973191.5
2025-12-24,ROSSELLIND,EQ,INE847C01020,ROSSELL INDIA LIMITED,50.77,51.97,50.77,51.05,51.29,-0.47,28655,1462837.73
2025-12-24,ROSSTECH,EQ,INE0OJW01016,ROSSELL TECHSYS LIMITED,639.0,660.0,620.05,634.4,632.75,0.26,88085,55881126.15
2025-12-24,ROTO,EQ,INE535D01037,ROTO PUMPS LIMITED,71.5,72.74,69.25,70.43,71.47,-1.46,2300547,162027525.91
2025-12-24,ROUTE,EQ,INE450U01017,ROUTE MOBILE LIMITED,718.85,720.0,703.05,706.0,714.95,-1.25,134128,94694368.0
2025-12-24,RPEL,EQ,INE912T01018,RAGHAV PRODUCTIVITY ENH L,1014.8,1014.8,982.2,989.8,1004.8,-1.49,30225,29916704.63
2025-12-24,RPGLIFE,EQ,INE105J01010,RPG LIFE SCIENCES LTD,2330.0,2371.7,2330.0,2352.3,2353.4,-0.05,2228,5240924.51
2025-12-24,RPOWER,EQ,INE614G01033,RELIANCE POWER LTD.,36.29,38.7,36.14,38.16,36.28,5.18,79204456,3022442028.87
2025-12-24,RPPINFRA,EQ,INE324L01013,R.P.P INFRA PROJECTS LTD,110.0,110.56,103.43,105.74,107.11,-1.28,185691,19634965.94
2025-12-24,RPSGVENT,EQ,INE425Y01011,RPSG VENTURES LIMITED,748.1,775.6,748.1,769.0,748.1,2.79,126495,97274655.0
2025-12-24,RPTECH,EQ,INE0J1F01024,RASHI PERIPHERALS LIMITED,339.1,355.0,339.0,351.15,339.05,3.57,142818,50150539.83
2025-12-24,RRKABEL,EQ,INE777K01022,R R KABEL LIMITED,1536.0,1560.0,1490.0,1499.2,1526.4,-1.78,213229,319672906.39
2025-12-24,RSSOFTWARE,EQ,INE165B01029,R. S. SOFTWARE (INDIA) LI,54.99,55.08,52.11,52.93,54.51,-2.9,58676,3105720.7
2025-12-24,RSYSTEMS,EQ,INE411H01032,R SYS INTERNATIONAL LTD,410.0,410.5,402.65,405.6,408.8,-0.78,63478,25746677.19
2025-12-24,RTNINDIA,EQ,INE834M01019,RATTANINDIA ENT LIMITED,42.3,43.07,41.8,41.87,42.3,-1.02,976468,40884714.12
2025-12-24,RTNPOWER,EQ,INE399K01017,RATTANINDIA POWER LIMITED,9.7,9.8,9.5,9.52,9.62,-1.04,13233314,125981155.34
2025-12-24,RUBFILA,EQ,INE642C01025,RUBFILA INTERNATIONAL LTD,74.5,74.75,73.2,74.06,74.25,-0.26,23154,1714785.18
2025-12-24,RUBICON,EQ,INE506V01022,RUBICON RESEARCH LIMITED,690.0,697.85,673.75,677.1,688.6,-1.67,65488,44341923.2
2025-12-24,RUBYMILLS,EQ,INE301D01026,THE RUBY MILLS LTD,225.89,228.99,225.11,225.21,223.99,0.54,3213,723599.75
2025-12-24,RUCHINFRA,EQ,INE413B01023,RUCHI INFRASTRUCTURE LTD,6.67,6.67,6.46,6.47,6.56,-1.37,66170,428119.89
2025-12-24,RUCHIRA,EQ,INE803H01014,RUCHIRA PAPERS LIMITED,121.33,122.47,120.49,121.37,121.4,-0.02,17459,2118998.88
2025-12-24,RUDRA,EQ,INE027T01023,RUDRA GLOBAL INFRA PROD L,25.24,26.68,25.05,25.44,25.74,-1.17,47876,1217965.47
2025-12-24,RUPA,EQ,INE895B01021,RUPA & COMPANY LTD,163.64,164.58,162.0,162.28,164.19,-1.16,74857,12147793.87
2025-12-24,RUSHIL,EQ,INE573K01025,RUSHIL DECOR LIMITED,23.51,24.0,22.59,23.04,23.61,-2.41,721139,16615043.22
2025-12-24,RUSTOMJEE,EQ,INE263M01029,KEYSTONE REALTORS LIMITED,526.4,533.1,512.65,521.1,531.7,-1.99,57520,29973670.6
2025-12-24,RVHL,EQ,INE09E501017,RAVINDER HEIGHTS LIMITED,54.99,55.14,53.75,54.03,53.99,0.07,10968,592601.03
2025-12-24,RVNL,EQ,INE415G01027,RAIL VIKAS NIGAM LIMITED,343.95,349.4,338.0,345.7,341.85,1.13,12510973,4325043518.82
2025-12-24,RVTH,EQ,INE0DAB01012,REVATHI EQUIPMENT INDIA L,725.4,746.9,702.0,710.55,725.5,-2.06,417,296299.34
2025-12-24,S&SPOWER,EQ,INE902B01017,S&S POWER SWITCHGEARS LTD,261.49,272.71,255.05,272.71,259.73,5.0,5879,1603262.04
2025-12-24,SAATVIKGL,EQ,INE13B501022,SAATVIK GREEN ENERGY LTD,383.6,387.0,381.15,382.9,381.0,0.5,240594,92123441.13
2025-12-24,SADBHAV,EQ,INE226H01026,SADBHAV ENGINEERING LTD,12.82,12.82,12.82,12.82,13.49,-4.97,46304,593617.27
2025-12-24,SADBHIN,EQ,INE764L01010,SADBHAV INFRA PROJ LTD.,3.84,3.9,3.8,3.87,3.84,0.78,139643,540418.39
2025-12-24,SAFARI,EQ,INE429E01023,SAFARI IND (INDIA) LTD,2217.9,2312.7,2201.3,2270.4,2199.8,3.21,64378,146163804.91
2025-12-24,SAGARDEEP,EQ,INE976T01013,SAGARDEEP ALLOYS LIMITED,26.38,26.98,25.52,25.7,25.52,0.71,10708,275195.61
2025-12-24,SAGCEM,EQ,INE229C01021,SAGAR CEMENTS LIMITED,210.04,211.9,204.26,205.67,210.04,-2.08,71734,14753531.65
2025-12-24,SAGILITY,EQ,INE0W2G01015,SAGILITY LIMITED,52.6,53.25,52.01,52.22,52.59,-0.7,15042488,785518741.72
2025-12-24,SAHYADRI,EQ,INE280H01015,SAHYADRI INDUSTRIES LTD,248.2,256.0,248.2,255.05,253.6,0.57,4558,1162517.91
2025-12-24,SAIL,EQ,INE114A01011,STEEL AUTHORITY OF INDIA,133.5,134.3,131.0,131.85,132.71,-0.65,10990662,1449118851.78
2025-12-24,SAILIFE,EQ,INE570L01029,SAI LIFE SCIENCES LIMITED,903.0,913.65,898.1,900.7,901.8,-0.12,73315,66034821.39
2025-12-24,SAKAR,EQ,INE732S01012,SAKAR HEALTHCARE LIMITED,431.0,433.2,424.45,424.8,426.9,-0.49,30307,12874413.23
2025-12-24,SAKHTISUG,EQ,INE623A01011,SAKTHI SUGARS LTD,19.69,19.69,19.01,19.09,19.17,-0.42,53351,1018470.6
2025-12-24,SAKSOFT,EQ,INE667G01023,SAKSOFT LIMITED,201.8,207.29,200.23,203.63,201.8,0.91,245382,49967137.86
2025-12-24,SAKUMA,EQ,INE190H01024,SAKUMA EXPORTS LIMITED,2.2,2.24,2.18,2.19,2.19,0.0,1258032,2755090.15
2025-12-24,SALASAR,EQ,INE170V01027,SALASAR TECHNO ENGG. LTD.,9.06,9.49,8.98,9.38,9.02,3.99,12060306,113125671.66
2025-12-24,SALONA,EQ,INE498E01010,SALONA COTSPIN LTD.,266.6,272.0,265.25,265.55,266.6,-0.39,587,155877.84
2025-12-24,SALSTEEL,EQ,INE658G01014,S.A.L. STEEL LTD.,41.78,41.78,40.16,41.78,40.97,1.98,277294,11585342.98
2025-12-24,SALZERELEC,EQ,INE457F01013,SALZER ELECTRONICS LTD,697.65,703.0,691.05,696.65,694.65,0.29,38706,26964535.84
2025-12-24,SAMBHAAV,EQ,INE699B01027,SAMBHAAV MEDIA LTD,9.17,9.58,9.1,9.2,9.21,-0.11,38423,353491.59
2025-12-24,SAMBHV,EQ,INE12NJ01018,SAMBHV STEEL TUBES LTD,96.59,103.0,96.4,100.58,96.33,4.41,1234649,124180998.68
2025-12-24,SAMHI,EQ,INE08U801020,SAMHI HOTELS LIMITED,181.95,184.0,180.1,181.47,181.95,-0.26,342133,62086875.93
2025-12-24,SAMMAANCAP,EQ,INE148I01020,SAMMAAN CAPITAL LIMITED,141.9,143.91,139.81,141.43,140.89,0.38,11658931,1648922525.94
2025-12-24,SAMPANN,EQ,INE735M01018,SAMPANN UTPADAN INDIA LTD,33.0,33.99,32.72,33.62,33.66,-0.12,24116,810779.89
2025-12-24,SANATHAN,EQ,INE0JPD01013,SANATHAN TEXTILES LIMITED,445.8,445.8,430.0,433.25,443.55,-2.32,16309,7065874.25
2025-12-24,SANDESH,EQ,INE583B01015,SANDESH LTD,1109.8,1109.8,1070.0,1090.2,1093.8,-0.33,421,458974.18
2025-12-24,SANDHAR,EQ,INE278H01035,SANDHAR TECHNOLOGIES LTD,582.9,584.0,535.0,554.65,580.95,-4.53,849250,471036533.23
2025-12-24,SANDUMA,EQ,INE149K01016,SANDUR MANG & IRON ORES L,228.93,253.3,228.01,240.48,227.3,5.8,36036478,8666052075.48
2025-12-24,SANGAMIND,EQ,INE495C01010,SANGAM (INDIA) LTD,438.05,455.55,437.7,450.9,440.25,2.42,13927,6279684.21
2025-12-24,SANGHVIMOV,EQ,INE989A01032,SANGHVI MOVERS LTD,366.2,367.0,352.2,353.95,365.25,-3.09,248417,87927200.18
2025-12-24,SANOFI,EQ,INE058A01010,SANOFI INDIA LIMITED,4071.4,4128.0,4071.4,4101.1,4071.4,0.73,9998,41002798.78
2025-12-24,SANOFICONR,EQ,INE0UOS01011,SANOFI CONS HEALTHC IND L,4560.0,4560.0,4479.0,4487.9,4508.9,-0.47,2171,9743230.69
2025-12-24,SANSERA,EQ,INE953O01021,SANSERA ENGINEERING LTD,1749.0,1760.9,1695.6,1699.7,1727.5,-1.61,192260,326784312.61
2025-12-24,SANSTAR,EQ,INE08NE01025,SANSTAR LIMITED,90.0,91.07,89.05,89.38,90.55,-1.29,126040,11265454.85
2025-12-24,SAPPHIRE,EQ,INE806T01020,SAPPHIRE FOODS INDIA LTD,249.0,256.28,244.1,252.57,247.31,2.13,1468450,370886427.26
2025-12-24,SARDAEN,EQ,INE385C01021,SARDA ENERGY & MIN LTD,533.8,537.7,527.0,536.25,530.25,1.13,670540,359577075.0
2025-12-24,SAREGAMA,EQ,INE979A01025,SAREGAMA INDIA LIMITED,349.0,356.4,346.2,350.3,347.55,0.79,409114,143312629.21
2025-12-24,SARLAPOLY,EQ,INE453D01025,SARLA PERF. FIBERS LTD,89.5,90.7,88.5,90.38,88.66,1.94,149158,13480899.63
2025-12-24,SARVESHWAR,EQ,INE324X01026,SARVESHWAR FOODS LIMITED,4.53,4.58,4.34,4.42,4.59,-3.7,4362841,19283757.55
2025-12-24,SASKEN,EQ,INE231F01020,SASKEN TECHNOLOGIES LTD,1366.2,1544.5,1352.1,1504.4,1369.7,9.83,846299,1273172236.26
2025-12-24,SATIA,EQ,INE170E01023,SATIA INDUSTRIES LIMITED,67.0,67.67,66.02,66.25,67.23,-1.46,45814,3035177.5
2025-12-24,SATIN,EQ,INE836B01017,SATIN CREDIT NET LTD,141.7,142.48,141.02,141.44,141.1,0.24,60482,8554574.23
2025-12-24,SAURASHCEM,EQ,INE626A01014,SAURASHTRA CEMENT LIMITED,85.4,85.4,80.05,81.32,84.01,-3.2,194826,15843250.26
2025-12-24,SBC,EQ,INE04AK01028,SBC EXPORTS LIMITED,28.35,28.55,28.15,28.41,28.35,0.21,11769948,334384220.88
2025-12-24,SBCL,EQ,INE386D01027,SHIVALIK BIMETAL CON. LTD,445.8,449.0,430.9,432.75,445.85,-2.94,100115,43324766.25
2025-12-24,SBFC,EQ,INE423Y01016,SBFC FINANCE LIMITED,103.3,107.94,103.3,106.0,104.8,1.15,1822606,193196236.0
2025-12-24,SBGLP,EQ,INE05ST01028,SURATWWALA BUS GROUP LTD,36.54,38.82,36.1,37.82,37.67,0.4,58878,2226765.94
2025-12-24,SBICARD,EQ,INE018E01016,SBI CARDS & PAY SER LTD,867.0,881.0,865.35,867.6,866.95,0.07,1242121,1077664149.27
2025-12-24,SBIETFCON,EQ,INF200KA1X17,SBIAMC - SBIETFCON,130.03,130.03,125.59,126.14,126.24,-0.08,5589,704996.46
2025-12-24,SBIETFIT,EQ,INF200KA1S14,SBIAMC - SBIETFIT,429.49,429.49,426.6,427.47,429.49,-0.47,2959,1264883.73
2025-12-24,SBIETFPB,EQ,INF200KA1S22,SBIAMC - SBIETFPB,295.73,295.73,288.92,289.91,290.68,-0.26,14579,4226597.94
2025-12-24,SBIETFQLTY,EQ,INF200KA1WX6,SBIAMC - SBIETFQLTY,238.92,238.92,232.49,232.87,233.1,-0.1,894,208185.78
2025-12-24,SBILIFE,EQ,INE123W01016,SBI LIFE INSURANCE CO LTD,2029.2,2033.6,2020.2,2025.4,2024.8,0.03,353971,716932872.04
2025-12-24,SBIN,EQ,INE062A01020,STATE BANK OF INDIA,973.2,977.3,967.5,968.95,971.9,-0.3,4105643,3978162834.97
2025-12-24,SBINEQWETF,EQ,INF200KB1282,SBIAMC - SBINEQWETF,33.96,33.96,33.41,33.55,33.67,-0.36,78017,2617470.29
2025-12-24,SBISILVER,EQ,INF200KB1217,SBIAMC - SBISILVER,212.11,215.77,212.1,214.39,206.97,3.59,6484325,1390174432.79
2025-12-24,SCHAEFFLER,EQ,INE513A01022,SCHAEFFLER INDIA LIMITED,3785.0,3826.7,3753.6,3777.6,3795.9,-0.48,22930,86620370.24
2025-12-24,SCHAND,EQ,INE807K01035,S CHAND AND COMPANY LTD,164.13,167.24,157.2,158.08,164.13,-3.69,84783,13402496.8
2025-12-24,SCHNEIDER,EQ,INE839M01018,SCHNEIDER ELECTRIC INFRA,743.05,760.0,736.1,739.0,744.95,-0.8,120767,89246813.0
2025-12-24,SCI,EQ,INE109A01011,SHIPPING CORP OF INDIA LT,216.73,220.75,215.05,217.99,216.73,0.58,2212718,482350408.97
2025-12-24,SCILAL,EQ,INE0PB301013,SHIPPING CORP OF ILA LTD,47.11,47.98,46.7,46.81,47.11,-0.64,203587,9529907.75
2025-12-24,SCODATUBES,EQ,INE090501011,SCODA TUBES LIMITED,155.0,161.7,154.28,160.0,155.14,3.13,195634,31301440.0
2025-12-24,SDBL,EQ,INE480C01038,SOM DIST & BREW LTD,107.45,111.59,107.16,110.39,107.16,3.01,709773,78351841.04
2025-12-24,SEAMECLTD,EQ,INE497B01018,SEAMEC LIMITED,1044.9,1061.9,1020.0,1021.8,1031.7,-0.96,89340,91287610.91
2025-12-24,SECMARK,EQ,INE0BTM01013,SECMARK CONSULTANCY LTD,118.2,118.2,112.0,113.37,118.68,-4.47,2525,286259.26
2025-12-24,SECURKLOUD,EQ,INE650K01021,SECUREKLOUD TECH LIMITED,26.0,26.0,24.5,24.9,25.3,-1.58,16297,405795.29
2025-12-24,SEJALLTD,EQ,INE955I01044,SEJAL GLASS LIMITED,890.0,930.0,885.0,885.9,889.4,-0.39,3301,2924355.98
2025-12-24,SELECTIPO,EQ,INF769K01ON4,MIRAEAMC - SELECTIPO,46.66,46.66,46.66,46.66,46.71,-0.1,0,0.0
2025-12-24,SEMAC,EQ,INE617A01013,SEMAC CONSTRUCTION LTD,310.0,323.3,306.45,310.0,304.0,1.97,718,222580.0
2025-12-24,SENCO,EQ,INE602W01027,SENCO GOLD LIMITED,321.3,325.5,318.2,319.15,321.3,-0.67,396169,126437333.93
2025-12-24,SENORES,EQ,INE0RB801010,SENORES PHARMACEUTICALS L,805.05,839.0,792.0,816.4,804.5,1.48,1151048,939715615.3
2025-12-24,SENSEXADD,EQ,INF740KA1SZ6,DSPAMC - DSPSENXETF,88.07,88.07,87.28,87.32,87.64,-0.37,1079,94218.28
2025-12-24,SENSEXAXIS,EQ,INF846K010Q0,AXISAMC-SENSEXAXIS,88.3,88.3,87.93,88.16,88.2,-0.05,494,43551.04
2025-12-24,SENSEXBETA,EQ,INF789FB1X58,UTIAMC-SENSEXBETA,940.0,944.0,937.5,940.88,939.25,0.17,1827,1718987.77
2025-12-24,SENSEXETF,EQ,INF769K01KT9,MIRAEAMC - SENSEXETF,88.14,88.14,87.43,87.59,87.7,-0.13,11648,1020248.28
2025-12-24,SENSEXIETF,EQ,INF346A01034,ICICI PRUD SENSEX ETF,975.13,977.31,972.89,975.81,976.13,-0.03,3329,3248471.48
2025-12-24,SEPC,EQ,INE964H01014,SEPC LIMITED,10.05,10.15,9.97,10.03,10.05,-0.2,9586815,96155751.89
2025-12-24,SERVOTECH,EQ,INE782X01033,SERVOTECH REN POW SYS LTD,79.92,82.29,78.4,78.58,79.91,-1.66,713421,56060623.49
2025-12-24,SESHAPAPER,EQ,INE630A01024,SESHASAYEE PAPER & BOARDS,242.99,248.94,240.5,244.1,243.0,0.45,7598,1854671.85
2025-12-24,SETF10GILT,EQ,INF200KA1JT1,SBIAMC - SETF10GILT,257.54,259.89,257.31,259.84,257.53,0.9,32914,8552373.64
2025-12-24,SETFGOLD,EQ,INF200KA16D8,SBI-ETF GOLD,119.49,119.49,116.03,116.75,116.58,0.15,9806579,1144918098.25
2025-12-24,SETFNIF50,EQ,INF200KA1FS1,SBI-ETF NIFTY 50,280.9,280.9,279.07,279.3,279.48,-0.06,322499,90073966.76
2025-12-24,SETFNIFBK,EQ,INF200KA1580,SBI-ETF NIFTY BANK,606.69,608.16,604.75,605.45,606.64,-0.2,27239,16491852.88
2025-12-24,SETFNN50,EQ,INF200KA1598,SBI-ETF NIFTY NEXT 50,736.88,738.46,733.98,735.69,736.07,-0.05,18618,13697076.47
2025-12-24,SETL,EQ,INE0M4D01010,STANDARD ENGNG TCNLGY LTD,154.48,155.2,147.5,148.63,153.72,-3.31,271296,40322725.8
2025-12-24,SFL,EQ,INE916U01025,SHEELA FOAM LIMITED,586.4,608.8,583.85,591.55,583.85,1.32,188546,111534384.0
2025-12-24,SGFIN,EQ,INE618R01015,SG FINSERVE LIMITED,408.05,409.5,400.0,403.7,408.35,-1.14,58835,23751690.22
2025-12-24,SGIL,EQ,INE00QT01015,SYNERGY GREEN IND. LTD,531.35,532.5,531.0,531.2,531.75,-0.1,3411,1811923.24
2025-12-24,SGL,EQ,INE353H01010,STL GLOBAL LIMITED,12.88,12.97,12.52,12.62,12.88,-2.02,9377,118337.74
2025-12-24,SGMART,EQ,INE385F01024,SG MART LIMITED,364.0,385.8,360.45,379.75,362.2,4.85,602192,228682412.0
2025-12-24,SHAH,EQ,INE482J01021,SHAH METACORP LIMITED,4.96,5.0,4.96,4.96,4.96,0.0,2288044,11348698.33
2025-12-24,SHAILY,EQ,INE151G01028,SHAILY ENG PLASTICS LTD,2392.0,2399.0,2320.0,2333.4,2379.6,-1.94,92385,215571149.98
2025-12-24,SHAKTIPUMP,EQ,INE908D01010,SHAKTI PUMPS (I) LTD,735.0,752.4,730.0,741.75,731.3,1.43,2435717,1806693084.75
2025-12-24,SHALBY,EQ,INE597J01018,SHALBY LIMITED,204.0,204.17,201.0,201.29,202.96,-0.82,85493,17208885.4
2025-12-24,SHANKARA,EQ,INE274V01019,SHANKARA BLDG PRODUCT LTD,110.0,111.89,107.0,108.31,110.21,-1.72,44918,4865068.47
2025-12-24,SHANTI,EQ,INE933X01016,SHANTI OVERSEAS INDIA LTD,9.48,9.48,9.15,9.18,9.24,-0.65,16711,153406.99
2025-12-24,SHANTIGEAR,EQ,INE631A01022,SHANTHI GEARS LTD,470.95,471.8,470.0,470.2,470.95,-0.16,7779,3657685.89
2025-12-24,SHANTIGOLD,EQ,INE06ZD01017,SHANTI GOLD INTERNATION L,197.3,199.2,189.9,191.87,196.75,-2.48,290418,55722500.24
2025-12-24,SHARDACROP,EQ,INE221J01015,SHARDA CROPCHEM LTD.,899.7,899.7,870.0,872.05,893.3,-2.38,94254,82194199.55
2025-12-24,SHARDAMOTR,EQ,INE597I01028,SHARDA MOTOR INDS LTD,964.4,970.85,950.0,951.55,963.6,-1.25,20023,19052885.41
2025-12-24,SHAREINDIA,EQ,INE932X01026,SHARE IND. SECURITIES LTD,176.0,178.78,168.0,171.58,174.64,-1.75,372310,63880950.48
2025-12-24,SHARIABEES,EQ,INF732E01128,NIP IND ETF SHARIAH BEES,521.87,521.87,518.74,520.74,521.86,-0.21,5816,3028623.78
2025-12-24,SHILCTECH,EQ,INE024F01011,SHILCHAR TECHNOLOGIES LTD,4010.0,4100.0,3936.0,4024.5,3969.9,1.38,11575,46583587.5
2025-12-24,SHILPAMED,EQ,INE790G01031,SHILPA MEDICARE LTD,324.95,330.0,316.95,318.8,324.2,-1.67,177902,56715155.43
2025-12-24,SHIVALIK,EQ,INE788J01021,SHIVALIK RASAYAN LIMITED,373.25,381.5,366.1,370.4,372.25,-0.5,14078,5214491.11
2025-12-24,SHIVAMAUTO,EQ,INE637H01024,SHIVAM AUTO.LTD,25.13,25.5,24.9,24.95,25.01,-0.24,56150,1400942.54
2025-12-24,SHIVAMILLS,EQ,INE644Y01017,SHIVA MILLS LIMITED,61.99,61.99,59.0,60.7,60.26,0.73,803,48742.1
2025-12-24,SHIVATEX,EQ,INE705C01020,SHIVA TEXYARN LIMITED,181.96,184.85,179.5,182.69,179.48,1.79,1457,266179.33
2025-12-24,SHIVAUM,EQ,INE719F01016,SHIV AUM STEELS LIMITED,281.0,305.95,281.0,305.8,281.0,8.83,92,28133.6
2025-12-24,SHK,EQ,INE500L01026,S H KELKAR AND CO. LTD.,175.9,177.49,171.9,172.5,175.9,-1.93,308418,53202105.0
2025-12-24,SHOPERSTOP,EQ,INE498B01024,SHOPPERS STOP LIMITED,429.5,440.8,412.6,413.85,424.95,-2.61,660263,273249846.58
2025-12-24,SHRADHA,EQ,INE715Y01031,SHRADHA REALTY LIMITED,40.0,40.5,39.5,40.06,39.56,1.26,9635,385978.11
2025-12-24,SHREDIGCEM,EQ,INE232A01011,SHREE DIGVIJAY CEM CO LTD,90.02,90.55,90.02,90.18,90.23,-0.06,77996,7033679.3
2025-12-24,SHREECEM,EQ,INE070A01015,SHREE CEMENT LIMITED,25945.0,26190.0,25850.0,26145.0,25940.0,0.79,18508,483891660.0
2025-12-24,SHREEJISPG,EQ,INE1B6101010,SHREEJI SHIPPING GLOBAL L,321.1,352.95,321.1,352.5,320.9,9.85,7875247,2776024567.5
2025-12-24,SHREEPUSHK,EQ,INE712K01011,SHRE PUSH CHEM & FERT LTD,397.5,398.1,385.5,387.3,392.15,-1.24,22229,8609291.43
2025-12-24,SHREERAMA,EQ,INE879A01019,SHREE RAMA MULTI TECH LTD,61.96,63.9,60.75,62.29,60.22,3.44,185914,11580583.23
2025-12-24,SHREYANIND,EQ,INE231C01019,SHREYANS INDUSTRIES LTD,175.07,176.9,174.55,175.1,173.55,0.89,4382,767288.23
2025-12-24,SHRINGARMS,EQ,INE1B3L01017,SHRINGAR HOU OF MANGALS L,227.19,230.49,226.0,227.87,226.52,0.6,926707,211168719.57
2025-12-24,SHRIPISTON,EQ,INE526E01018,SPR AUTO TECHNOLOGIES LTD,3180.0,3213.3,3150.0,3194.2,3185.9,0.26,68561,218997542.85
2025-12-24,SHRIRAMFIN,EQ,INE721A01047,SHRIRAM FINANCE LIMITED,958.0,983.7,958.0,973.7,957.8,1.66,10574513,10296403437.18
2025-12-24,SHRIRAMPPS,EQ,INE217L01019,SHRIRAM PROPERTIES LTD,86.81,87.5,85.66,86.05,86.98,-1.07,160010,13768860.99
2025-12-24,SHYAMMETL,EQ,INE810G01011,SHYAM METALICS AND ENGY L,827.0,833.75,821.9,823.75,826.25,-0.3,600271,494473236.25
2025-12-24,SHYAMTEL,EQ,INE635A01023,SHYAM TELECOM LIMITED,12.6,12.98,12.1,12.59,12.61,-0.16,11006,138565.54
2025-12-24,SIEMENS,EQ,INE003A01024,SIEMENS LTD,3134.2,3147.0,3090.0,3098.0,3134.2,-1.15,255036,790101528.0
2025-12-24,SIGACHI,EQ,INE0D0K01022,SIGACHI INDUSTRIES LTD,34.49,34.66,34.0,34.05,34.38,-0.96,936660,31893272.29
2025-12-24,SIGMA,EQ,INE0A0S01028,SIGMA SOLVE LIMITED,55.4,56.77,53.61,56.69,54.07,4.85,156740,8885590.38
2025-12-24,SIGNATURE,EQ,INE903U01023,SIGNATUREGLOBAL INDIA LTD,1141.0,1148.0,1135.2,1141.5,1140.4,0.1,237301,270879091.5
2025-12-24,SIGNPOST,EQ,INE0KGZ01021,SIGNPOST INDIA LIMITED,225.47,227.77,219.78,222.01,225.82,-1.69,14617,3245120.09
2025-12-24,SIL,EQ,INE173A01025,STANDARD INDUSTRIES LTD.,16.3,16.3,15.7,15.98,16.07,-0.56,20130,321677.39
2025-12-24,SILGO,EQ,INE01II01013,SILGO RETAIL LIMITED,75.99,75.99,74.21,74.92,75.32,-0.53,314364,23552150.3
2025-12-24,SILINV,EQ,INE923A01015,SIL INVESTMENTS LIMITED,521.6,524.6,519.0,519.15,520.0,-0.16,1562,810912.34
2025-12-24,SILVER,EQ,INF209KB19F6,BIRLASLAMC - SILVER,218.11,221.0,216.11,218.73,210.35,3.98,3494906,764440774.45
2025-12-24,SILVER1,EQ,INF174KA1ZD3,KOTAKMAMC - KOTAKSILVE,207.5,213.04,207.5,212.44,204.49,3.89,2519870,535321188.95
2025-12-24,SILVERADD,EQ,INF740KA1ZQ0,DSPAMC - DSPSILVETF,20.76,21.25,20.76,21.16,20.36,3.89,9543110,201903574.34
2025-12-24,SILVERAG,EQ,INF769K01KG6,MIRAEAMC - MASILVER,212.0,215.98,211.79,213.51,205.82,3.74,680769,145350985.45
2025-12-24,SILVERAXIS,EQ,INF846K011K1,AXISAMC-SILVERAXIS,216.08,217.99,215.94,217.4,209.39,3.83,1743807,379103631.16
2025-12-24,SILVERBEES,EQ,INF204KC1402,NIPPONAMC - NETFSILVER,209.45,210.0,207.11,209.23,201.79,3.69,61726800,12915098100.27
2025-12-24,SILVERBETA,EQ,INF789F1AYK6,UTIAMC-SILVERBETA,208.61,212.58,205.36,211.68,203.98,3.77,2192746,464160457.22
2025-12-24,SILVERCASE,EQ,INF0R8F01091,ZERODHAAMC - SILVERCASE,22.12,22.12,22.12,22.12,21.25,4.1,0,0.0
2025-12-24,SILVERIETF,EQ,INF109KC1Y56,ICICIPRAMC - ICICISILVE,215.5,219.0,210.5,217.94,210.38,3.59,15746609,3431816003.9
2025-12-24,SILVERTUC,EQ,INE625X01026,SILVER TOUCH TECHNO LTD,874.7,912.65,861.45,900.9,868.6,3.72,226880,204396197.54
2025-12-24,SIMPLEXINF,EQ,INE059B01024,SIMPLEX INFRASTRUCTURES L,260.2,284.0,260.2,270.6,260.25,3.98,340274,92078146.48
2025-12-24,SINCLAIR,EQ,INE985A01022,SINCLAIRS HOTELS LIMITED,85.65,85.65,83.0,83.37,85.24,-2.19,25439,2120849.5
2025-12-24,SINDHUTRAD,EQ,INE325D01025,SINDHU TRADE LINKS LTD,21.04,21.43,20.4,20.55,21.01,-2.19,649217,13341408.85
2025-12-24,SINTERCOM,EQ,INE129Z01016,SINTERCOM INDIA LIMITED,106.95,106.95,101.11,102.3,102.25,0.05,27708,2834528.48
2025-12-24,SIRCA,EQ,INE792Z01011,SIRCA PAINT INDIA LIMITED,493.2,493.5,478.1,481.95,493.6,-2.36,185664,89480767.07
2025-12-24,SIS,EQ,INE285J01028,SIS LIMITED,330.3,333.15,330.0,332.5,330.4,0.64,27719,9216567.5
2025-12-24,SIYSIL,EQ,INE076B01028,SIYARAM SILK MILLS LTD,645.0,655.0,642.0,649.05,633.6,2.44,106563,69164713.85
2025-12-24,SJS,EQ,INE284S01014,SJS ENTERPRISES LIMITED,1799.0,1800.0,1742.1,1752.5,1779.6,-1.52,109789,192405222.5
2025-12-24,SJVN,EQ,INE002L01015,SJVN LTD,75.49,75.75,74.49,75.02,75.27,-0.33,2085817,156477984.34
2025-12-24,SKFINDIA,EQ,INE640A01023,SKF INDIA LTD,1784.3,1803.7,1764.6,1790.1,1768.4,1.23,113047,202365431.94
2025-12-24,SKFINDUS,EQ,INE2J8701016,SKF IND (INDUSTRIAL) LTD,2484.0,2549.0,2450.1,2540.4,2450.3,3.68,22116,56183484.24
2025-12-24,SKIPPER,EQ,INE439E01022,SKIPPER LIMITED,428.55,436.55,420.1,422.8,424.5,-0.4,439626,185873867.43
2025-12-24,SKMEGGPROD,EQ,INE411D01023,SKM EGG PROD EXPORT(I) LT,216.5,219.43,211.05,214.88,216.7,-0.84,137976,29647593.0
2025-12-24,SKYGOLD,EQ,INE01IU01018,SKY GOLD AND DIAMONDS LTD,331.7,334.55,328.2,330.25,333.25,-0.9,486065,160522966.25
2025-12-24,SMALLADD,EQ,INF740KA1WX3,DSPAMC - SMALLADD,16.7,16.7,16.62,16.64,16.65,-0.06,11882,197716.47
2025-12-24,SMALLCAP,EQ,INF769K01LC3,MIRAEAMC - SMALLCAP,45.53,45.53,44.39,44.54,44.42,0.27,1206451,53735328.64
2025-12-24,SMARTWORKS,EQ,INE0NAZ01010,SMARTWORKS COWORKING SP L,464.75,475.0,460.6,471.1,464.75,1.37,15553,7327018.39
2025-12-24,SMCGLOBAL,EQ,INE103C01036,SMC GLOBAL SECURITIES LTD,86.44,90.9,86.44,89.34,85.56,4.42,3989122,356388144.87
2025-12-24,SML100CASE,EQ,INF0R8F01141,ZERODHAAMC - SML100CASE,9.99,9.99,9.99,9.99,9.96,0.29,0,0.0
2025-12-24,SMLMAH,EQ,INE294B01019,SML MAHINDRA LIMITED,3812.0,3869.0,3700.2,3710.4,3795.8,-2.25,31849,118172526.49
2025-12-24,SMLT,EQ,INE017W01010,SARTHAK METALS LIMITED,86.7,89.0,83.39,86.24,86.85,-0.7,35159,3032112.08
2025-12-24,SMSPHARMA,EQ,INE812G01025,SMS PHARMACEUTICALS LTD.,313.7,320.75,311.0,311.7,315.25,-1.13,173608,54113615.72
2025-12-24,SNOWMAN,EQ,INE734N01019,SNOWMAN LOGISTICS LTD.,41.79,41.83,40.45,40.65,41.08,-1.05,244031,9919860.52
2025-12-24,SNXT50BETA,EQ,INF789F1AUU3,UTIAMC-SNXT50BETA,93.61,93.84,92.57,93.17,93.15,0.02,2357,219601.69
2025-12-24,SOBHA,EQ,INE671H01015,SOBHA LIMITED,1486.0,1506.9,1473.0,1477.5,1491.7,-0.95,137879,203716222.5
2025-12-24,SOFTTECH,EQ,INE728Z01015,SOFTTECH ENGINEERS LTD,324.95,329.5,309.5,326.1,330.2,-1.24,1606,523716.61
2025-12-24,SOLARA,EQ,INE624Z01016,SOLARA ACTIVE PHA SCI LTD,572.0,581.15,556.0,558.3,569.85,-2.03,55072,30746696.93
2025-12-24,SOLARINDS,EQ,INE343H01029,SOLAR INDUSTRIES (I) LTD,12500.0,12708.0,12453.0,12485.0,12545.0,-0.48,107064,1336694040.0
2025-12-24,SOLARWORLD,EQ,INE0TY101024,SOLARWORLD ENERGY SOL LTD,270.1,274.0,269.0,271.9,270.95,0.35,127397,34639243.52
2025-12-24,SOLEX,EQ,INE880Y01017,SOLEX ENERGY LIMITED,1353.0,1384.8,1329.1,1347.2,1353.7,-0.48,26421,35594369.91
2025-12-24,SOMANYCERA,EQ,INE355A01028,SOMANY CERAMICS LIMITED,420.0,420.0,409.0,409.9,418.8,-2.13,32167,13185253.1
2025-12-24,SOMATEX,EQ,INE314C01013,SOMA TEXTILES & INDUST LT,123.7,123.7,123.7,123.7,117.81,5.0,10271,1270522.67
2025-12-24,SOMICONVEY,EQ,INE323J01019,SOMI CONVEYOR BELT. LTD.,128.67,129.38,126.5,128.49,128.66,-0.13,2309,296683.42
2025-12-24,SONACOMS,EQ,INE073K01018,SONA BLW PRECISION FRGS L,488.55,489.55,483.0,484.0,488.3,-0.88,868011,420117324.0
2025-12-24,SONATSOFTW,EQ,INE269A01021,SONATA SOFTWARE LTD,361.8,362.6,354.9,359.2,362.75,-0.98,683228,245415505.94
2025-12-24,SOTL,EQ,INE035D01020,SAVITA OIL TECHNOLO. LTD,380.4,398.5,379.35,390.4,380.5,2.6,54231,21171782.07
2025-12-24,SOUTHBANK,EQ,INE683A01023,THE SOUTH INDIAN BANK LTD,39.36,39.46,38.0,38.12,39.36,-3.15,21777935,830174858.94
2025-12-24,SOUTHWEST,EQ,INE980Y01015,SOUTH WEST PINNACLE LTD,195.0,196.4,191.01,196.4,187.05,5.0,47455,9320161.71
2025-12-24,SPAL,EQ,INE212I01016,S. P. APPARELS LIMITED,705.1,720.0,705.1,709.85,713.05,-0.45,7484,5312517.22
2025-12-24,SPANDANA,EQ,INE572J01011,SPANDANA SPHOORTY FIN LTD,273.1,274.8,269.1,270.25,271.5,-0.46,105064,28393546.0
2025-12-24,SPARC,EQ,INE232I01014,SUN PHARMA ADV.RES.CO.LTD,134.1,136.25,134.1,135.61,134.01,1.19,834681,113191090.92
2025-12-24,SPCENET,EQ,INE970N01027,SPACENET ENTERS IND LTD,6.79,6.99,6.71,6.96,6.71,3.73,304725,2120886.01
2025-12-24,SPENCERS,EQ,INE020801028,SPENCER S RETAIL LIMITED,42.2,42.98,41.52,41.64,42.2,-1.33,20619,858575.15
2025-12-24,SPIC,EQ,INE147A01011,SPIC LTD,81.21,82.06,80.0,80.17,81.21,-1.28,388075,31111972.04
2025-12-24,SPLIL,EQ,INE978G01016,SPL INDUSTRIES LIMITED,33.74,34.6,33.74,34.44,33.81,1.86,6356,218900.63
2025-12-24,SPLPETRO,EQ,INE663A01033,SUPREME PETROCHEM LIMITED,644.8,662.1,642.3,648.25,641.8,1.0,24946,16171244.5
2025-12-24,SPMLINFRA,EQ,INE937A01023,SPML INFRA LIMITED,180.6,181.47,173.61,174.39,180.61,-3.44,132383,23086271.29
2025-12-24,SPORTKING,EQ,INE885H01029,SPORTKING INDIA LIMITED,90.87,91.78,89.84,90.06,90.87,-0.89,24859,2238801.48
2025-12-24,SRD,EQ,INE01NE01012,SHANKAR LAL RAMPAL LTD,69.83,71.0,69.0,70.67,70.21,0.66,60601,4282672.56
2025-12-24,SRF,EQ,INE647A01010,SRF LTD,3105.2,3120.4,3083.3,3098.2,3111.7,-0.43,178249,552251043.1
2025-12-24,SRGHFL,EQ,INE559N01010,SRG HOUSING FINANCE L,295.0,295.0,276.35,278.2,287.85,-3.35,1302,362216.42
2025-12-24,SRHHYPOLTD,EQ,INE917H01012,SREE RAYALSEEMA HHP LTD.,537.25,540.15,521.0,523.55,537.2,-2.54,9838,5150684.78
2025-12-24,SRM,EQ,INE0R6Z01013,SRM CONTRACTORS LIMITED,522.7,542.0,520.35,536.7,522.7,2.68,78622,42196428.36
2025-12-24,SSDL,EQ,INE0PQ101010,SARASWATI SAREE DEPOT LTD,79.0,80.69,78.5,79.02,79.13,-0.14,16305,1288421.05
2025-12-24,SSWL,EQ,INE802C01033,STEEL STRIPS WHEELS LTD.,194.23,196.4,192.0,192.97,192.74,0.12,56677,10936960.76
2025-12-24,STANLEY,EQ,INE01A001028,STANLEY LIFESTYLES LTD,218.0,218.16,208.9,210.57,218.0,-3.41,113531,23906223.5
2025-12-24,STAR,EQ,INE939A01011,STRIDES PHARMA SCI LTD,970.05,970.05,931.85,938.3,970.85,-3.35,168090,157718844.95
2025-12-24,STARCEMENT,EQ,INE460H01021,STAR CEMENT LIMITED,223.0,228.89,223.0,227.78,223.43,1.95,145798,33209868.26
2025-12-24,STARHEALTH,EQ,INE575P01011,STAR HEALTH & AL INS CO L,461.0,461.0,452.05,453.4,460.2,-1.48,483710,219314111.05
2025-12-24,STARPAPER,EQ,INE733A01018,STAR PAPER MILLS LTD,163.99,165.4,162.1,162.78,163.34,-0.34,3270,532290.6
2025-12-24,STARTECK,EQ,INE992I01013,STARTECK FINANCE LIMITED,295.05,298.2,284.75,288.6,295.3,-2.27,8843,2552089.85
2025-12-24,STCINDIA,EQ,INE655A01013,THE STATE TRADING CORPN,123.5,127.75,121.05,121.91,123.12,-0.98,101272,12346069.89
2025-12-24,STEELCAS,EQ,INE124E01038,STEELCAST LIMITED,210.75,212.19,208.0,209.15,211.82,-1.26,24442,5112044.15
2025-12-24,STEELCITY,EQ,INE395H01011,STEEL CITY SECURITIES LTD,91.58,91.99,89.72,90.31,91.57,-1.38,7688,694303.26
2025-12-24,STEELXIND,EQ,INE503B01021,STEEL EXCHANGE INDIA LTD,9.8,9.8,9.31,9.56,9.4,1.7,3858111,36883542.78
2025-12-24,STEL,EQ,INE577L01016,STEL HOLDINGS LIMITED,535.25,539.5,512.25,521.55,527.35,-1.1,3766,1964157.25
2025-12-24,STLNETWORK,EQ,INE1VXE01018,STL NETWORKS LIMITED,22.8,23.16,22.21,22.29,22.87,-2.54,1607552,35832335.55
2025-12-24,STOVEKRAFT,EQ,INE00IN01015,STOVE KRAFT LIMITED,606.5,612.35,586.55,589.25,608.9,-3.23,49406,29112485.5
2025-12-24,STUDDS,EQ,INE00Q601028,STUDDS ACCESSORIES LTD,548.95,548.95,534.0,537.9,545.05,-1.31,58243,31328911.12
2025-12-24,STYL,EQ,INE04VU01023,SESHAASAI TECHNOLOGIES L,280.0,281.95,273.15,274.35,279.1,-1.7,57038,15648375.65
2025-12-24,STYLAMIND,EQ,INE239C01020,STYLAM INDUSTRIES LIMITED,2289.0,2312.7,2270.1,2300.5,2281.3,0.84,58199,133886799.5
2025-12-24,STYLEBAAZA,EQ,INE01FR01028,BAAZAR STYLE RETAIL LTD,274.7,279.0,270.95,275.9,272.7,1.17,218690,60336569.67
2025-12-24,STYRENIX,EQ,INE189B01011,STYRENIX PERFORMANCE LTD,2013.0,2026.7,1995.6,2008.4,2013.0,-0.23,18095,36341998.44
2025-12-24,SUBEXLTD,EQ,INE754A01055,SUBEX LTD,11.97,12.15,11.75,11.79,11.94,-1.26,915994,10799569.23
2025-12-24,SUBROS,EQ,INE287B01021,SUBROS LIMITED,884.8,886.15,868.5,871.2,882.7,-1.3,29778,25942593.96
2025-12-24,SUDARCOLOR,EQ,INE492A01029,SUDARSHAN COLORNT IND LTD,473.75,474.45,450.5,458.55,470.6,-2.56,9351,4287900.94
2025-12-24,SUDARSCHEM,EQ,INE659A01023,SUDARSHAN CHEMICAL INDS L,983.0,983.3,947.0,953.5,981.0,-2.8,84473,80545005.5
2025-12-24,SUDEEPPHRM,EQ,INE0QPI01025,SUDEEP PHARMA LIMITED,649.9,649.9,620.0,628.75,648.3,-3.02,183173,115170023.75
2025-12-24,SUKHJITS,EQ,INE450E01029,SUKHJIT STARCH & CHEM LTD,158.97,175.99,158.97,165.16,155.02,6.54,140047,23130163.03
2025-12-24,SULA,EQ,INE142Q01026,SULA VINEYARDS LIMITED,216.65,236.57,216.54,224.33,216.04,3.84,4231292,949205742.11
2025-12-24,SUMEETINDS,EQ,INE235C01036,SUMEET IND LIMITED,31.08,31.8,30.55,30.87,31.5,-2.0,54958,1696553.51
2025-12-24,SUMICHEM,EQ,INE258G01013,SUMITOMO CHEM INDIA LTD,461.0,462.6,455.2,459.15,460.1,-0.21,139766,64173558.05
2025-12-24,SUMIT,EQ,INE748Z01013,SUMIT WOODS LIMITED,70.99,72.25,68.86,71.58,69.04,3.68,14239,1019227.65
2025-12-24,SUMMITSEC,EQ,INE519C01017,SUMMIT SECURITIES LTD,2005.1,2041.3,1990.0,1995.5,2003.2,-0.38,4302,8584641.0
2025-12-24,SUNCLAY,EQ,INE0Q3R01026,SUNDARAM CLAYTON LIMITED,1229.8,1230.0,1201.0,1214.1,1219.4,-0.43,6758,8204887.64
2025-12-24,SUNDARAM,EQ,INE108E01023,SUNDARAM MULTI PAP LTD,1.73,1.79,1.73,1.76,1.76,0.0,193754,341007.04
2025-12-24,SUNDARMFIN,EQ,INE660A01013,SUNDARAM FINANCE LTD,5125.8,5195.0,5040.1,5154.6,5094.4,1.18,152694,787076507.31
2025-12-24,SUNDRMFAST,EQ,INE387A01021,SUNDRAM FASTENERS LTD,942.95,946.1,933.7,938.75,942.95,-0.45,23764,22308455.0
2025-12-24,SUNDROP,EQ,INE209A01019,SUNDROP BRANDS LIMITED,684.55,705.4,684.55,695.05,691.45,0.52,20500,14248524.75
2025-12-24,SUNFLAG,EQ,INE947A01014,SUNFLAG IRON AND STEEL CO,269.8,270.0,260.55,264.05,266.65,-0.98,158166,41763730.37
2025-12-24,SUNPHARMA,EQ,INE044A01036,SUN PHARMACEUTICAL IND L,1755.9,1759.0,1719.0,1737.0,1755.9,-1.08,2224786,3864453282.0
2025-12-24,SUNTECK,EQ,INE805D01034,SUNTECK REALTY LIMITED,410.4,417.95,410.4,414.05,412.0,0.5,93549,38733962.31
2025-12-24,SUNTV,EQ,INE424H01027,SUN TV NETWORK LIMITED,567.0,577.95,562.55,576.0,566.25,1.72,328702,189332352.0
2025-12-24,SUPERHOUSE,EQ,INE712B01010,SUPERHOUSE LIMITED,148.95,148.95,146.3,147.06,147.39,-0.22,2691,395738.45
2025-12-24,SUPRAJIT,EQ,INE399C01030,SUPRAJIT ENGINEERING LTD,477.7,480.0,474.95,475.8,475.75,0.01,52168,24821533.76
2025-12-24,SUPREME,EQ,INE822E01011,SUPREME HOLDIN N HOSP I L,78.91,78.92,76.9,77.78,78.61,-1.06,26339,2048647.39
2025-12-24,SUPREMEIND,EQ,INE195A01028,SUPREME INDUSTRIES LTD,3360.0,3363.0,3314.3,3320.3,3350.9,-0.91,77105,256011735.26
2025-12-24,SUPREMEINF,EQ,INE550H01011,SUPREME INFRA. LTD.,85.68,87.98,85.0,85.47,88.5,-3.42,19869,1698203.45
2025-12-24,SUPRIYA,EQ,INE07RO01027,SUPRIYA LIFESCIENCE LTD,752.2,762.8,749.25,756.3,752.2,0.55,126532,95696150.06
2025-12-24,SURAJEST,EQ,INE843S01025,SURAJ ESTATE DEVELOPERS L,244.0,250.05,237.95,239.35,245.1,-2.35,181638,43475056.41
2025-12-24,SURAJLTD,EQ,INE713C01016,SURAJ LIMITED,259.0,259.0,250.55,252.0,255.6,-1.41,1201,302652.0
2025-12-24,SURAKSHA,EQ,INE877V01027,SURAKSHA DIAGNOSTIC LTD,274.95,278.45,271.35,271.6,275.25,-1.33,20444,5552590.52
2025-12-24,SURANASOL,EQ,INE272L01022,SURANA SOLAR LIMITED,27.2,27.88,27.19,27.55,26.98,2.11,36348,1001387.37
2025-12-24,SURANAT&P,EQ,INE130B01031,SURANA TELECOM AND POW LT,23.0,23.0,20.88,21.1,20.05,5.24,1118317,23596489.13
2025-12-24,SURYALAXMI,EQ,INE713B01026,SURYALAKSHMI COT MIL LTD,58.0,60.2,56.61,58.51,56.91,2.81,4434,259433.33
2025-12-24,SURYAROSNI,EQ,INE335A01020,SURYA ROSHNI LTD,275.0,275.0,269.75,270.45,271.0,-0.2,266172,71986220.65
2025-12-24,SURYODAY,EQ,INE428Q01011,SURYODAY SMALL FIN BK LTD,141.3,145.39,138.82,140.53,144.31,-2.62,437217,61442104.48
2025-12-24,SUVEN,EQ,INE495B01038,SUVEN LIFE SCIENCES LTD,170.5,172.82,167.0,167.61,171.3,-2.15,95828,16061731.14
2025-12-24,SUVIDHAA,EQ,INE018401013,SUVIDHAA INFOSERVE LTD,3.67,3.85,3.67,3.72,3.68,1.09,71335,265366.2
2025-12-24,SUYOG,EQ,INE442P01014,SUYOG TELEMATICS LIMITED,631.65,635.4,611.45,615.35,633.45,-2.86,14235,8759506.9
2025-12-24,SUZLON,EQ,INE040H01021,SUZLON ENERGY LIMITED,53.59,55.05,53.16,53.3,53.62,-0.6,44076962,2349302040.97
2025-12-24,SVLL,EQ,INE00CE01017,SHREE VASU LOGISTICS LTD,699.0,732.95,699.0,701.6,705.35,-0.53,15466,10850945.22
2025-12-24,SVPGLOB,EQ,INE308E01029,SVP GLOBAL TEXTILES LTD,3.92,4.09,3.8,4.0,3.93,1.78,109974,439896.0
2025-12-24,SWANCORP,EQ,INE665A01038,SWAN CORP LIMITED,463.0,468.0,460.25,462.8,463.2,-0.09,540093,249955033.81
2025-12-24,SWARAJENG,EQ,INE277A01016,SWARAJ ENGINES LTD,3610.6,3645.9,3591.0,3605.2,3607.0,-0.05,8109,29234566.4
2025-12-24,SWELECTES,EQ,INE409B01013,SWELECT ENERGY SYS LTD,636.7,648.6,627.35,639.0,637.75,0.2,13842,8845038.0
2025-12-24,SWIGGY,EQ,INE00H001014,SWIGGY LIMITED,404.4,406.6,398.45,400.05,405.05,-1.23,2735627,1094387547.96
2025-12-24,SWSOLAR,EQ,INE00M201021,STRLNG & WIL REN ENE LTD,219.0,226.99,218.1,219.99,219.78,0.1,1474790,324439060.2
2025-12-24,SYMPHONY,EQ,INE225D01027,SYMPHONY LIMITED,844.7,848.0,841.0,844.5,840.5,0.48,32618,27545901.0
2025-12-24,SYNCOMF,EQ,INE312C01025,SYNCOM FORMU (I) LTD,14.99,15.34,14.51,14.65,14.84,-1.28,2048117,30004913.27
2025-12-24,SYNGENE,EQ,INE398R01022,SYNGENE INTERNATIONAL LTD,658.55,661.0,651.5,652.95,658.55,-0.85,810149,528986799.44
2025-12-24,SYRMA,EQ,INE0DYJ01015,SYRMA SGS TECHNOLOGY LTD,732.2,743.4,725.7,733.85,733.5,0.05,883395,648279399.18
2025-12-24,TAINWALCHM,EQ,INE123C01018,TAINWALA CHEMICAL AND PLA,202.0,207.5,195.27,200.1,201.09,-0.49,11255,2252125.57
2025-12-24,TAJGVK,EQ,INE586B01026,TAJ GVK HOTELS & RESORTS,415.0,417.7,410.5,413.75,415.7,-0.47,401718,166210822.5
2025-12-24,TAKE,EQ,INE142I01023,TAKE LIMITED,38.95,39.99,38.95,39.02,38.93,0.23,2227431,86914358.64
2025-12-24,TALBROAUTO,EQ,INE187D01029,TALBROS AUTO. COMP. LTD,282.85,286.2,281.0,283.15,282.85,0.11,52669,14913227.03
2025-12-24,TANLA,EQ,INE483C01032,TANLA PLATFORMS LIMITED,547.0,554.95,545.5,547.3,548.75,-0.26,207799,113728390.16
2025-12-24,TARACHAND,EQ,INE555Z01020,TARA CHAND INFRA SOLN LTD,78.08,80.35,77.2,77.88,77.08,1.04,225756,17581876.66
2025-12-24,TARAPUR,EQ,INE747K01017,TARAPUR TRANSFORMERS LTD,30.99,30.99,29.3,29.67,29.61,0.2,8165,242255.55
2025-12-24,TARC,EQ,INE0EK901012,TARC LIMITED,148.5,152.77,147.52,150.08,148.29,1.21,549333,82443897.65
2025-12-24,TARIL,EQ,INE763I01026,TRANS & RECTI. LTD,300.85,307.4,294.55,296.15,301.55,-1.79,2201031,651835317.22
2025-12-24,TARMAT,EQ,INE924H01018,TARMAT LIMITED,52.61,52.76,51.4,52.01,52.0,0.02,3609,187704.08
2025-12-24,TARSONS,EQ,INE144Z01023,TARSONS PRODUCTS LIMITED,233.0,234.19,230.5,233.52,233.36,0.07,53413,12473003.99
2025-12-24,TASTYBITE,EQ,INE488B01017,TASTY BITE EATABLES LTD,8080.0,8080.0,7851.0,7913.0,7980.5,-0.85,1013,8015869.0
2025-12-24,TATACAP,EQ,INE976I01016,TATA CAPITAL LIMITED,345.95,355.0,341.6,343.3,344.0,-0.2,11070026,3800339790.67
2025-12-24,TATACHEM,EQ,INE092A01019,TATA CHEMICALS LTD,776.9,780.4,764.2,765.45,776.65,-1.44,349878,267814119.37
2025-12-24,TATACOMM,EQ,INE151A01013,TATA COMMUNICATIONS LTD,1790.0,1805.0,1765.5,1771.4,1793.7,-1.24,103089,182611857.12
2025-12-24,TATACONSUM,EQ,INE192A01025,TATA CONSUMER PRODUCT LTD,1187.3,1189.5,1171.4,1179.2,1185.6,-0.54,530345,625382798.1
2025-12-24,TATAELXSI,EQ,INE670A01012,TATA ELXSI LIMITED,5429.5,5435.0,5363.0,5387.5,5429.0,-0.76,96729,521127487.5
2025-12-24,TATAGOLD,EQ,INF277KA1976,TATAAML-TATAGOLD,13.64,13.64,13.28,13.32,13.31,0.08,86207074,1148278199.37
2025-12-24,TATAINVEST,EQ,INE672A01026,TATA INVESTMENT CORP LTD,716.0,723.05,708.7,712.15,715.5,-0.47,209680,149323617.12
2025-12-24,TATAPOWER,EQ,INE245A01021,TATA POWER CO LTD,382.2,383.7,379.0,379.7,382.2,-0.65,5215726,1980411225.87
2025-12-24,TATASTEEL,EQ,INE081A01020,TATA STEEL LIMITED,171.35,171.65,169.67,170.07,170.9,-0.49,17430406,2964389276.08
2025-12-24,TATATECH,EQ,INE142M01025,TATA TECHNOLOGIES LIMITED,663.9,665.3,656.0,657.6,663.35,-0.87,318271,209295001.83
2025-12-24,TATSILV,EQ,INF277KA1984,TATAAML-TATSILV,20.6,22.3,20.6,21.26,20.51,3.66,111739500,2375581795.58
2025-12-24,TATVA,EQ,INE0GK401011,TATVA CHIN PHARM CHEM LTD,1393.8,1397.7,1347.1,1356.9,1394.0,-2.66,48954,66425683.8
2025-12-24,TBOTEK,EQ,INE673O01025,TBO TEK LIMITED,1703.8,1720.0,1690.4,1703.5,1703.2,0.02,69862,119009917.0
2025-12-24,TBZ,EQ,INE760L01018,TRIB BHIMJI ZAVERI LTD,163.57,165.75,161.27,161.93,164.39,-1.5,61646,9982336.33
2025-12-24,TCI,EQ,INE688A01022,TRANSPORT CORPN OF INDIA,1070.4,1075.9,1056.2,1069.2,1065.8,0.32,13939,14903578.12
2025-12-24,TCIEXP,EQ,INE586V01016,TCI EXPRESS LIMITED,586.85,593.0,581.85,586.05,586.3,-0.04,12199,7149223.8
2025-12-24,TCIFINANCE,EQ,INE911B01018,TCI FINANCE LTD,22.52,22.52,22.52,22.52,21.45,4.99,87408,1968428.2
2025-12-24,TCPLPACK,EQ,INE822C01015,TCPL PACKAGING LIMITED,2996.0,3084.9,2980.9,3038.1,2996.0,1.41,1554,4721207.55
2025-12-24,TCS,EQ,INE467B01029,TATA CONSULTANCY SERV LT,3304.1,3327.1,3296.1,3319.0,3310.0,0.27,1367708,4539422852.0
2025-12-24,TDPOWERSYS,EQ,INE419M01035,TD POWER SYSTEMS LTD.,365.0,367.48,359.5,360.55,365.98,-1.48,704234,253911560.1
2025-12-24,TEAMGTY,EQ,INE289C01025,TEAM INDIA GUARANTY LTD,291.0,300.0,281.95,298.55,284.25,5.03,6206,1852801.22
2025-12-24,TEAMLEASE,EQ,INE985S01024,TEAMLEASE SERVICES LTD.,1610.0,1612.5,1564.9,1572.2,1597.8,-1.6,33601,52827490.56
2025-12-24,TECH,EQ,INF209KB11D8,BIRLASLAMC - TECH,43.17,43.17,41.78,42.0,42.17,-0.4,28387,1192254.0
2025-12-24,TECHM,EQ,INE669C01036,TECH MAHINDRA LIMITED,1630.0,1636.6,1615.3,1631.5,1633.0,-0.09,955523,1558935774.5
2025-12-24,TECHNOE,EQ,INE285K01026,TECHNO ELEC & ENG CO. LTD,1121.0,1124.6,1100.0,1105.0,1119.0,-1.25,85532,94512860.0
2025-12-24,TECILCHEM,EQ,INE014B01011,TECIL CHEMICALS,19.5,19.5,18.63,18.69,19.5,-4.15,964,18017.16
2025-12-24,TEGA,EQ,INE011K01018,TEGA INDUSTRIES LIMITED,2004.0,2004.0,1962.2,1970.6,1995.5,-1.25,35010,68990705.15
2025-12-24,TEJASNET,EQ,INE010J01012,TEJAS NETWORKS LIMITED,454.95,455.05,450.1,452.0,453.95,-0.43,403517,182389684.0
2025-12-24,TEMBO,EQ,INE869Y01028,TEMBO GLOBAL IND LTD,77.96,78.07,74.36,74.5,78.28,-4.82,2361630,175941435.0
2025-12-24,TENNIND,EQ,INE19RI01016,TENNECO CLEAN AIR INDIA L,495.6,507.35,492.85,495.75,497.75,-0.4,1360987,674709305.25
2025-12-24,TERASOFT,EQ,INE482B01010,TERA SOFTWARE LIMITED,428.9,440.0,410.05,411.2,431.6,-4.73,45070,18532784.55
2025-12-24,TEXINFRA,EQ,INE435C01024,TEXMACO INFRA & HOLDG LTD,101.99,102.58,100.4,100.68,101.58,-0.89,62064,6248603.54
2025-12-24,TEXMOPIPES,EQ,INE141K01013,TEXMO PIPE & PRODUCTS LTD,48.74,49.9,47.79,48.85,48.5,0.72,28024,1368972.36
2025-12-24,TEXRAIL,EQ,INE621L01012,TEXMACO RAIL & ENG. LTD.,134.35,137.48,132.83,134.09,134.15,-0.04,2864713,384129355.68
2025-12-24,TFCILTD,EQ,INE305A01023,TOURISM FINANCE CORP. OF,64.6,65.83,64.35,64.77,64.88,-0.17,7486381,484892872.24
2025-12-24,TFL,EQ,INE804H01012,TRANSWARRANTY FIN. LTD.,16.88,18.5,15.73,17.29,16.17,6.93,662932,11462094.89
2025-12-24,TGBHOTELS,EQ,INE797H01018,TGB BANQUETS&HOTELS LTD,10.09,10.14,9.8,9.83,10.01,-1.8,6965,68465.95
2025-12-24,THANGAMAYL,EQ,INE085J01014,THANGAMAYIL JEWELLERY LTD,3430.0,3430.0,3271.8,3282.6,3426.4,-4.2,67254,220767986.97
2025-12-24,THEINVEST,EQ,INE924D01017,THE INVEST TRUST OF IND L,117.93,121.7,116.3,119.81,117.58,1.9,814,97525.34
2025-12-24,THEJO,EQ,INE121N01019,THEJO ENGINEERING LIMITED,1670.0,1789.0,1670.0,1749.7,1688.6,3.62,21908,38332426.53
2025-12-24,THELEELA,EQ,INE0AQ201015,LEELA PALACES HOTEL LTD,417.9,423.65,415.0,420.95,418.75,0.53,105299,44325615.34
2025-12-24,THEMISMED,EQ,INE083B01024,THEMIS MEDICARE LTD.,104.85,105.4,102.35,102.92,104.6,-1.61,44661,4596510.04
2025-12-24,THERMAX,EQ,INE152A01029,THERMAX LTD,2944.0,3008.0,2912.9,3000.6,2931.7,2.35,146277,438918780.48
2025-12-24,THOMASCOOK,EQ,INE332A01027,THOMAS COOK (INDIA) LTD,144.35,145.26,142.49,142.93,144.72,-1.24,180499,25798720.75
2025-12-24,THOMASCOTT,EQ,INE480M01011,THOMAS SCOTT (INDIA) LTD,331.05,339.5,330.65,336.65,332.75,1.17,14121,4753834.56
2025-12-24,THYROCARE,EQ,INE594H01019,THYROCARE TECH LTD,454.85,455.2,447.1,452.9,457.25,-0.95,214992,97369875.49
2025-12-24,TI,EQ,INE133E01013,TILAKNAGAR INDUSTRIES LTD,469.95,473.9,462.8,470.8,469.05,0.37,609977,287177164.15
2025-12-24,TIGERLOGS,EQ,INE906O01029,TIGER LOGISTICS (INDIA) L,37.79,37.99,37.1,37.38,37.06,0.86,37940,1418197.24
2025-12-24,TIIL,EQ,INE545H01011,TECHNOCRAFT IND LTD,2233.0,2290.8,2225.0,2233.3,2253.7,-0.91,4619,10315612.93
2025-12-24,TIINDIA,EQ,INE974X01010,TUBE INVEST OF INDIA LTD,2597.7,2617.7,2580.0,2595.7,2597.4,-0.07,104524,271312941.7
2025-12-24,TIMETECHNO,EQ,INE508G01029,TIME TECHNOPLAST LTD.,185.2,187.4,184.49,185.46,184.37,0.59,1393197,258382324.97
2025-12-24,TIMKEN,EQ,INE325A01013,TIMKEN INDIA LTD.,3040.2,3076.0,3030.0,3067.2,3040.2,0.89,16856,51700722.38
2025-12-24,TINNARUBR,EQ,INE015C01016,TINNA RUBBER AND INFR LTD,819.8,827.2,800.0,808.55,807.7,0.11,17336,14017022.59
2025-12-24,TIPSFILMS,EQ,INE0LQS01015,TIPS FILMS LIMITED,445.4,448.9,428.35,432.3,443.1,-2.44,3600,1556279.96
2025-12-24,TIPSMUSIC,EQ,INE716B01029,TIPS MUSIC LIMITED,533.95,533.95,522.0,525.35,527.1,-0.33,128200,67349866.87
2025-12-24,TIRUMALCHM,EQ,INE338A01024,THIRUMALAI CHEMICALS LTD,250.0,251.01,237.3,239.51,236.21,1.4,460605,110319501.02
2025-12-24,TITAGARH,EQ,INE615H01020,TITAGARH RAIL SYSTEMS LTD,837.95,868.8,833.25,854.6,837.05,2.1,3098632,2648090831.55
2025-12-24,TITAN,EQ,INE280A01028,TITAN COMPANY LIMITED,3925.8,3935.0,3900.0,3909.3,3925.8,-0.42,399227,1560698130.59
2025-12-24,TMB,EQ,INE668A01016,TAMILNAD MERCA BANK LTD,512.0,515.6,508.0,512.3,513.4,-0.21,67251,34452686.48
2025-12-24,TMCV,EQ,INE1TAE01010,TATA MOTORS LIMITED,427.15,432.3,408.0,408.75,426.1,-4.07,19626872,8022483930.0
2025-12-24,TMPV,EQ,INE155A01022,TATA MOTORS PASS VEH LTD,364.0,364.9,358.55,359.2,363.25,-1.11,9212351,3309076591.66
2025-12-24,TNIDETF,EQ,INF277KA1364,TATAAML - TNIDETF,102.31,102.31,100.0,100.21,100.8,-0.59,54575,5468960.7
2025-12-24,TNPETRO,EQ,INE148A01019,TAMILNADU PETROPRODUCTS L,106.69,106.89,104.88,105.13,106.05,-0.87,70119,7371610.28
2025-12-24,TNPL,EQ,INE107A01015,TAMILNADU NEWSPRT & PAPER,143.84,145.2,143.5,144.47,144.27,0.14,27606,3988238.85
2025-12-24,TNTELE,EQ,INE141D01018,TAMILNADU TELECOMMUNICATI,10.09,10.39,10.09,10.26,10.09,1.68,12071,123848.46
2025-12-24,TOKYOPLAST,EQ,INE932C01012,TOKYO PLAST INTL LTD,112.01,113.95,112.0,113.14,112.23,0.81,775,87683.5
2025-12-24,TOLINS,EQ,INE0RWQ01014,TOLINS TYRES LIMITED,136.78,137.76,133.6,134.21,136.53,-1.7,81247,10904160.42
2025-12-24,TOP100CASE,EQ,INF0R8F01067,ZERODHAAMC - TOP100CASE,11.47,11.47,11.1,11.13,11.14,-0.09,762760,8489518.89
2025-12-24,TOP10ADD,EQ,INF740KA1UR9,DSPAMC - TOP10ADD,102.75,103.04,101.95,102.64,102.24,0.39,160584,16482341.66
2025-12-24,TOP15IETF,EQ,INF109K1A344,ICICIPRAMC - TOP15IETF,11.1,11.1,11.1,11.1,11.11,-0.08,0,0.0
2025-12-24,TORNTPHARM,EQ,INE685A01028,TORRENT PHARMACEUTICALS L,3825.0,3840.0,3801.1,3834.3,3820.1,0.37,152700,585497617.46
2025-12-24,TORNTPOWER,EQ,INE813H01021,TORRENT POWER LTD,1288.7,1294.0,1277.8,1280.8,1288.7,-0.61,131025,167816826.4
2025-12-24,TOUCHWOOD,EQ,INE486Y01013,TOUCHWOOD ENTERTAIN LTD.,104.49,105.01,104.0,104.0,104.0,0.0,1509,156936.0
2025-12-24,TPLPLASTEH,EQ,INE413G01022,TPL PLASTECH LIMITED,66.51,68.75,66.11,66.45,66.77,-0.48,83745,5564854.99
2025-12-24,TRACXN,EQ,INE0HMF01019,TRACXN TECHNOLOGIES LTD,40.01,41.19,40.01,40.51,40.59,-0.2,120340,4874973.2
2025-12-24,TRANSRAILL,EQ,INE454P01035,TRANSRAIL LIGHTING LTD,604.0,610.45,592.85,594.25,601.65,-1.23,297776,176953388.0
2025-12-24,TRAVELFOOD,EQ,INE103V01028,TRAVEL FOOD SERVICES LTD,1212.5,1229.9,1198.0,1209.8,1220.2,-0.85,101596,122910845.76
2025-12-24,TREEHOUSE,EQ,INE040M01013,TREE HOUSE EDU LTD,8.54,8.54,7.25,7.97,8.23,-3.16,43306,345148.81
2025-12-24,TREJHARA,EQ,INE00CA01015,TREJHARA SOLUTIONS LTD,239.95,246.9,238.5,238.6,238.0,0.25,3199,763281.42
2025-12-24,TREL,EQ,INE0O3901029,TRANSINDIA REAL ESTATE L,28.95,28.95,28.3,28.39,28.75,-1.25,97356,2763936.78
2025-12-24,TRENT,EQ,INE849A01020,TRENT LTD,4209.0,4313.3,4183.1,4289.6,4189.4,2.39,960632,4120727121.01
2025-12-24,TRF,EQ,INE391D01019,TRF LIMITED,310.6,316.0,303.15,304.25,306.0,-0.57,39352,11972846.0
2025-12-24,TRIDENT,EQ,INE064C01022,TRIDENT LIMITED,27.04,27.23,27.0,27.02,27.13,-0.41,1991060,53798442.11
2025-12-24,TRIGYN,EQ,INE948A01012,TRIGYN TECHNOLOGIES LTD,68.98,71.4,66.5,66.83,67.32,-0.73,52536,3510980.98
2025-12-24,TRITURBINE,EQ,INE152M01016,TRIVENI TURBINE LIMITED,537.8,548.0,536.4,545.05,537.8,1.35,224228,122215468.66
2025-12-24,TRIVENI,EQ,INE256C01024,TRIVENI ENGG. & INDS. LTD,399.75,403.0,397.5,400.2,398.5,0.43,345840,138405172.22
2025-12-24,TRU,EQ,INE615R01029,TRUCAP FINANCE LIMITED,8.27,8.27,7.71,7.83,8.07,-2.97,271536,2126126.86
2025-12-24,TRUALT,EQ,INE0MWH01014,TRUALT BIOENERGY LIMITED,405.15,420.95,405.15,408.0,405.15,0.7,140820,57454560.0
2025-12-24,TSFINV,EQ,INE202Z01029,TSF INVESTMENTS LIMITED,472.1,477.7,466.6,469.65,475.7,-1.27,42906,20150802.64
2025-12-24,TTKHLTCARE,EQ,INE910C01018,TTK HEALTHCARE LIMITED,1052.0,1055.0,1030.0,1038.2,1035.9,0.22,3636,3774895.02
2025-12-24,TTKPRESTIG,EQ,INE690A01028,TTK PRESTIGE LTD,621.6,625.45,619.2,621.3,622.15,-0.14,7068,4391348.31
2025-12-24,TTL,EQ,INE592B01024,T T LIMITED,8.73,8.73,8.43,8.55,8.6,-0.58,64572,552090.61
2025-12-24,TTML,EQ,INE517B01013,TATA TELESERV(MAHARASTRA),49.94,53.14,49.7,50.97,49.57,2.82,17135791,873411288.19
2025-12-24,TVSELECT,EQ,INE236G01019,TVS ELECTRONICS LTD,445.85,446.0,445.85,445.85,454.9,-1.99,13529,6031904.73
2025-12-24,TVSHLTD,EQ,INE105A01035,TVS HOLDINGS LIMITED,14349.0,14349.0,14050.0,14090.0,14207.0,-0.82,2764,38944760.0
2025-12-24,TVSMOTOR,EQ,INE494B01023,TVS MOTOR COMPANY  LTD,3686.5,3716.1,3651.1,3665.2,3686.5,-0.58,644417,2361917156.93
2025-12-24,TVSSCS,EQ,INE395N01027,TVS SUPPLY CHAIN SOL L,108.1,110.1,107.52,108.53,108.1,0.4,362338,39324542.7
2025-12-24,TVSSRICHAK,EQ,INE421C01016,TVS SRICHAKRA LIMITED,4128.7,4142.0,4025.0,4033.6,4128.7,-2.3,4740,19119264.46
2025-12-24,TVTODAY,EQ,INE038F01029,TV TODAY NETWORK LTD,135.7,138.27,134.91,136.26,134.5,1.31,49513,6746641.11
2025-12-24,UBL,EQ,INE686F01025,UNITED BREWERIES LTD,1615.0,1629.0,1601.8,1620.4,1620.5,-0.01,59055,95692723.44
2025-12-24,UCOBANK,EQ,INE691A01018,UCO BANK,28.9,29.04,28.73,28.79,28.84,-0.17,3267063,94058746.76
2025-12-24,UDS,EQ,INE851I01011,UPDATER SERVICES LIMITED,186.31,204.79,186.31,198.84,186.24,6.77,355825,70752241.7
2025-12-24,UEL,EQ,INE899L01030,UJAAS ENERGY LIMITED,142.3,142.3,142.3,142.3,142.3,0.0,0,0.0
2025-12-24,UFLEX,EQ,INE516A01017,UFLEX LIMITED,489.5,492.0,486.0,487.5,490.95,-0.7,7529,3670387.5
2025-12-24,UFO,EQ,INE527H01019,UFO MOVIEZ INDIA LTD.,85.01,86.36,83.4,84.22,85.38,-1.36,145428,12247946.34
2025-12-24,UGARSUGAR,EQ,INE071E01023,THE UGAR SUGAR WORKS LTD,41.4,41.94,40.96,41.43,41.4,0.07,113534,4703713.65
2025-12-24,UGROCAP,EQ,INE583D01011,UGRO CAPITAL LIMITED,172.0,174.6,171.5,172.73,171.9,0.48,118339,20440694.96
2025-12-24,UJJIVANSFB,EQ,INE551W01018,UJJIVAN SMALL FINANC BANK,53.0,53.53,52.42,53.0,53.27,-0.51,6058697,321110941.0
2025-12-24,ULTRACEMCO,EQ,INE481G01011,ULTRATECH CEMENT LIMITED,11715.0,11790.0,11671.0,11764.0,11678.0,0.74,182050,2141636200.0
2025-12-24,UMESLTD,EQ,INE240C01028,USHA MARTIN EDU & SOL LTD,4.97,5.55,4.93,5.11,4.96,3.02,39148,200046.29
2025-12-24,UMIYA-MRO,EQ,INE398B01018,UMIYA BUILDCON LIMITED,88.1,89.0,87.56,88.4,87.9,0.57,7862,695000.81
2025-12-24,UNICHEMLAB,EQ,INE351A01035,UNICHEM LABORATORIES LTD,446.7,455.0,444.5,448.55,451.2,-0.59,18167,8148807.63
2025-12-24,UNIDT,EQ,INE961D01019,UNITED DRILLING TOOLS LTD,202.47,203.0,200.1,200.74,201.47,-0.36,3209,644174.68
2025-12-24,UNIECOM,EQ,INE00U401027,UNICOMMERCE ESOLUTIONS L,117.99,117.99,116.5,116.72,117.5,-0.66,108659,12682678.61
2025-12-24,UNIENTER,EQ,INE037A01022,UNIPHOS ENTERPRISES LTD,146.1,147.0,144.33,145.03,145.04,-0.01,9042,1311361.25
2025-12-24,UNIINFO,EQ,INE481Z01011,UNIINFO TELECOM SERVI LTD,15.57,16.7,15.43,15.87,15.89,-0.13,2169,34422.03
2025-12-24,UNIMECH,EQ,INE0U3I01011,UNIMECH AEROSPACE N MFG L,940.9,945.05,929.55,932.45,938.6,-0.66,35087,32716873.58
2025-12-24,UNIONBANK,EQ,INE692A01016,UNION BANK OF INDIA,153.0,153.0,150.39,150.76,152.36,-1.05,5737536,864990895.84
2025-12-24,UNIPARTS,EQ,INE244O01017,UNIPARTS INDIA LIMITED,495.1,498.6,485.9,487.25,495.1,-1.59,44423,21645106.75
2025-12-24,UNITDSPR,EQ,INE854D01024,UNITED SPIRITS LIMITED,1440.1,1444.6,1415.5,1422.1,1441.8,-1.37,499655,710559363.3
2025-12-24,UNITECH,EQ,INE694A01020,UNITECH LTD,5.95,6.3,5.82,5.89,5.73,2.79,39224183,231030432.63
2025-12-24,UNITEDPOLY,EQ,INE368U01029,UNITED POLYFAB GUJ. LTD.,24.8,26.61,24.21,26.49,25.35,4.5,121470,3217740.27
2025-12-24,UNITEDTEA,EQ,INE458F01011,UNITED NILGIRI TEA LTD,449.95,453.4,445.1,447.05,450.2,-0.7,230,102821.5
2025-12-24,UNIVCABLES,EQ,INE279A01012,UNIVERSAL CABLES LTD,891.45,902.05,879.0,889.2,891.45,-0.25,71402,63490659.27
2025-12-24,UNOMINDA,EQ,INE405E01023,UNO MINDA LIMITED,1290.0,1306.3,1287.0,1292.3,1296.3,-0.31,397242,513355856.0
2025-12-24,UPL,EQ,INE628A01036,UPL LIMITED,783.0,785.0,772.0,772.7,781.0,-1.06,3570117,2758629449.48
2025-12-24,URBANCO,EQ,INE0CAZ01013,URBAN COMPANY LIMITED,125.0,128.25,124.5,126.95,124.85,1.68,5522144,701036163.95
2025-12-24,URJA,EQ,INE550C01020,URJA GLOBAL LIMITED,11.2,11.42,11.1,11.13,11.17,-0.36,1145222,12746320.99
2025-12-24,USHAMART,EQ,INE228A01035,USHA MARTIN LTD.,464.4,466.35,451.2,453.85,463.0,-1.98,412051,187009348.86
2025-12-24,USK,EQ,INE0N0Y01013,UDAYSHIVAKUMAR INFRA LTD,24.25,24.66,23.61,24.19,24.26,-0.29,10661,257889.6
2025-12-24,UTIAMC,EQ,INE094J01016,UTI ASSET MNGMT CO LTD,1134.7,1139.2,1126.4,1134.7,1131.5,0.28,76443,86739868.37
2025-12-24,UTKARSHBNK,EQ,INE735W01017,UTKARSH SMALL FIN BANK L,15.1,15.2,15.02,15.16,15.04,0.8,2964461,44941228.31
2025-12-24,UTLSOLAR,EQ,INE12UR01024,FUJIYAMA POWER SYSTEMS L,213.0,221.7,210.04,213.66,212.68,0.46,1058968,226259106.76
2025-12-24,UTTAMSUGAR,EQ,INE786F01031,UTTAM SUGAR MILLS LTD.,264.0,265.9,258.23,262.1,264.23,-0.81,187842,49233389.35
2025-12-24,V2RETAIL,EQ,INE945H01021,V2 RETAIL LIMITED,242.4,244.01,238.22,241.31,239.0,0.97,783470,189059143.79
2025-12-24,VADILALIND,EQ,INE694D01016,VADILAL INDUSTRIES LTD,5064.0,5075.0,4950.0,5010.5,5064.0,-1.06,5860,29361530.0
2025-12-24,VAIBHAVGBL,EQ,INE884A01027,VAIBHAV GLOBAL LIMITED,240.2,242.0,237.01,239.3,241.1,-0.75,218657,52324620.77
2025-12-24,VAISHALI,EQ,INE972X01022,VAISHALI PHARMA LIMITED,9.63,9.63,9.21,9.29,9.44,-1.59,102384,951147.36
2025-12-24,VAKRANGEE,EQ,INE051B01021,VAKRANGEE LIMITED,8.15,8.16,7.81,7.91,8.04,-1.62,2215622,17525569.68
2025-12-24,VAL30IETF,EQ,INF109KC16X5,ICICIPRAMC - VAL30IETF,15.2,15.2,14.58,14.62,14.69,-0.48,290964,4253893.65
2025-12-24,VARDMNPOLY,EQ,INE835A01029,VARDHMAN POLYTEX LTD.,6.51,6.52,6.2,6.24,6.36,-1.89,245524,1532069.7
2025-12-24,VARROC,EQ,INE665L01035,VARROC ENGINEERING LTD.,629.0,632.45,614.25,616.95,630.75,-2.19,152993,94389033.22
2025-12-24,VASCONEQ,EQ,INE893I01013,VASCON ENGINEERS LTD,47.77,48.41,46.25,46.47,47.85,-2.88,801942,37266245.72
2025-12-24,VASWANI,EQ,INE590L01019,VASWANI IND LTD,61.11,62.79,60.01,60.86,59.88,1.64,68853,4190393.62
2025-12-24,VBL,EQ,INE200M01039,VARUN BEVERAGES LIMITED,481.5,482.0,472.5,477.65,481.75,-0.85,3268207,1561059053.6
2025-12-24,VEDL,EQ,INE205A01025,VEDANTA LIMITED,589.95,599.8,587.2,598.15,586.4,2.0,15686960,9383155506.98
2025-12-24,VEEDOL,EQ,INE484C01030,VEEDOL CORPORATION LTD,1666.0,1703.9,1659.0,1670.8,1676.3,-0.33,9389,15687141.66
2025-12-24,VENKEYS,EQ,INE398A01010,VENKY S (INDIA) LIMITED,1460.0,1497.6,1449.6,1479.4,1450.4,2.0,49193,72776125.4
2025-12-24,VENTIVE,EQ,INE781S01027,VENTIVE HOSPITALITY LTD,716.0,732.95,705.0,719.5,713.25,0.88,273179,196552290.5
2025-12-24,VENUSPIPES,EQ,INE0JA001018,VENUS PIPES & TUBES LTD,1194.2,1203.9,1190.0,1190.6,1193.4,-0.23,21404,25483601.88
2025-12-24,VERANDA,EQ,INE0IQ001011,VERANDA LEARNING SOL LTD,190.93,194.99,183.33,185.58,190.93,-2.8,216186,40119798.28
2025-12-24,VERTOZ,EQ,INE188Y01031,VERTOZ LIMITED,75.0,76.8,73.9,74.55,73.9,0.88,372653,27781282.29
2025-12-24,VESUVIUS,EQ,INE386A01023,VESUVIUS INDIA LTD,479.95,485.75,472.0,480.5,479.95,0.11,46892,22531606.0
2025-12-24,VGL,EQ,INE273D01027,VARVEE GLOBAL LIMITED,75.48,75.5,72.3,73.23,74.78,-2.07,20504,1501507.99
2025-12-24,VGUARD,EQ,INE951I01027,V-GUARD IND LTD.,334.15,337.0,330.15,330.55,335.0,-1.33,79743,26359047.68
2025-12-24,VHL,EQ,INE701A01023,VARDHMAN HOLDINGS LIMITED,3580.0,3635.9,3566.0,3583.9,3600.2,-0.45,334,1197022.57
2025-12-24,VIDHIING,EQ,INE632C01026,VIDHI SPCLTY F INGRDNTS L,340.65,359.25,332.25,334.95,340.45,-1.62,8914,2985744.41
2025-12-24,VIDYAWIRES,EQ,INE14UN01029,VIDYA WIRES LIMITED,52.29,52.32,51.25,51.79,51.8,-0.02,3985338,206400658.67
2025-12-24,VIJAYA,EQ,INE043W01024,VIJAYA DIAGNOSTIC CEN LTD,1015.0,1040.1,1011.05,1030.3,1015.25,1.48,114588,118060022.0
2025-12-24,VIKASECO,EQ,INE806A01020,VIKAS ECOTECH LIMITED,1.72,1.85,1.71,1.79,1.7,5.29,5771039,10330159.59
2025-12-24,VIKASLIFE,EQ,INE161L01027,VIKAS LIFECARE LIMITED,1.82,1.87,1.82,1.85,1.83,1.09,2585295,4782795.81
2025-12-24,VIKRAMSOLR,EQ,INE078V01014,VIKRAM SOLAR LIMITED,245.8,248.5,241.0,241.45,243.9,-1.0,615159,148530138.67
2025-12-24,VIKRAN,EQ,INE01R501028,VIKRAN ENGINEERING LTD,95.89,99.96,95.0,96.39,86.65,11.24,66381285,6398492020.63
2025-12-24,VIMTALABS,EQ,INE579C01029,VIMTA LABS LIMITED,636.95,637.5,614.15,619.25,635.75,-2.6,122851,76075481.75
2025-12-24,VINATIORGA,EQ,INE410B01037,VINATI ORGANICS LTD,1589.6,1598.6,1585.0,1588.0,1589.6,-0.1,14180,22517840.0
2025-12-24,VINCOFE,EQ,INE498Q01014,VINTAGE COFFEE N BVRGS L,159.3,160.19,155.35,156.63,159.69,-1.92,924182,144754631.17
2025-12-24,VINDHYATEL,EQ,INE707A01012,VINDHYA TELELINKS LTD,1436.5,1450.9,1417.0,1425.9,1425.8,0.01,11437,16308018.58
2025-12-24,VINEETLAB,EQ,INE505Y01010,VINEET LABORATORIES LTD,38.78,39.94,38.73,39.14,38.91,0.59,43138,1688421.29
2025-12-24,VINNY,EQ,INE01KI01027,VINNY OVERSEAS LIMITED,1.31,1.35,1.28,1.3,1.31,-0.76,244644,318037.19
2025-12-24,VINYLINDIA,EQ,INE250B01029,VINYL CHEMICALS (I) LTD.,243.05,246.9,243.0,243.37,245.14,-0.72,4352,1059146.22
2025-12-24,VIPCLOTHNG,EQ,INE450G01024,VIP CLOTHING LIMITED,32.48,32.93,32.04,32.16,32.24,-0.25,72408,2328641.27
2025-12-24,VIPIND,EQ,INE054A01027,VIP INDUSTRIES LTD,362.0,435.0,362.0,408.05,365.6,11.61,38239726,15603719727.51
2025-12-24,VIRINCHI,EQ,INE539B01017,VIRINCHI LIMITED,24.77,24.77,23.76,24.41,23.65,3.21,95198,2323783.17
2025-12-24,VISACHROME,EQ,INE286H01012,VISA CHROME LIMITED,51.5,51.5,48.15,48.44,49.38,-1.9,8709,421863.95
2025-12-24,VISAKAIND,EQ,INE392A01021,VISAKA INDUSTRIES LIMITED,67.93,70.3,67.38,69.33,67.35,2.94,62977,4366195.53
2025-12-24,VISHNU,EQ,INE270I01022,VISHNU CHEMICALS LIMITED,529.35,553.0,527.4,547.95,530.55,3.28,212279,116318280.64
2025-12-24,VISHWARAJ,EQ,INE430N01022,VISHWARAJ SUGAR IND LTD,6.97,7.08,6.95,6.96,6.98,-0.29,177581,1235963.77
2025-12-24,VITAL,EQ,INE0L4K01016,VITAL CHEMTECH LIMITED,57.2,57.2,55.2,55.2,57.2,-3.5,6000,331200.0
2025-12-24,VIVIANA,EQ,INE0MEG01014,VIVIANA POWER TECH LTD,735.1,759.0,721.25,755.2,735.1,2.73,13200,9968640.16
2025-12-24,VIVIDHA,EQ,INE370E01029,VISAGAR POLYTEX LTD,0.69,0.7,0.66,0.67,0.69,-2.9,608036,407384.13
2025-12-24,VIYASH,EQ,INE807F01027,VIYASH SCIENTIFIC LIMITED,216.68,217.84,213.1,213.86,216.68,-1.3,430662,92101375.58
2025-12-24,VLEGOV,EQ,INE03HW01020,VL E GOV AND IT SOL LTD,21.2,21.2,19.94,20.56,21.06,-2.37,251583,5172546.35
2025-12-24,VLSFINANCE,EQ,INE709A01018,VLS FINANCE LTD,288.15,307.95,286.35,299.15,290.4,3.01,76397,22854162.08
2025-12-24,VMART,EQ,INE665J01013,VMART RETAIL LTD,738.0,751.95,732.0,746.3,737.45,1.2,107901,80526514.98
2025-12-24,VMM,EQ,INE01EA01019,VISHAL MEGA MART LIMITED,136.9,137.59,136.01,136.78,136.78,0.0,5226745,714914174.72
2025-12-24,VMSTMT,EQ,INE0SJA01013,VMS TMT LIMITED,54.0,54.74,53.7,53.97,54.11,-0.26,53981,2913354.64
2025-12-24,VOLTAMP,EQ,INE540H01012,VOLTAMP TRANSFORMERS LTD,7918.5,7955.0,7854.5,7887.5,7879.5,0.1,12757,100620837.5
2025-12-24,VOLTAS,EQ,INE226A01021,VOLTAS LTD,1385.6,1420.0,1377.8,1394.7,1385.6,0.66,476963,665220272.81
2025-12-24,VPRPL,EQ,INE0AE001013,VISHNU PRAKASH R PUNGLI L,60.0,63.0,57.66,61.28,59.44,3.1,9654161,591606974.3
2025-12-24,VRAJ,EQ,INE0S2V01010,VRAJ IRON AND STEEL LTD,126.15,127.83,126.01,126.74,125.4,1.07,9489,1202635.84
2025-12-24,VRLLOG,EQ,INE366I01010,VRL LOGISTICS LIMITED,270.0,271.0,267.5,268.15,269.2,-0.39,76047,20392002.59
2025-12-24,VSSL,EQ,INE050M01012,VARDHMAN SPC STEEL LTD,291.95,294.4,283.5,285.2,291.65,-2.21,57084,16280357.5
2025-12-24,VSTIND,EQ,INE710A01016,VST INDUSTRIES LTD,255.1,255.75,252.9,255.35,254.45,0.35,139206,35546252.95
2025-12-24,VSTL,EQ,INE0QTF01015,VIBHOR STEEL TUBES LTD,133.05,134.3,132.0,132.64,131.81,0.63,3113,412908.32
2025-12-24,VSTTILLERS,EQ,INE764D01017,VST TILLERS TRACTORS LTD,6050.0,6059.5,5993.5,6014.0,6038.5,-0.41,10982,66045748.0
2025-12-24,VTL,EQ,INE825A01020,VARDHMAN TEXTILES LIMITED,443.85,447.1,440.3,444.1,443.85,0.06,86082,38229016.73
2025-12-24,WAAREEENER,EQ,INE377N01017,WAAREE ENERGIES LIMITED,3096.1,3114.8,3066.1,3080.3,3096.6,-0.53,453329,1396389340.84
2025-12-24,WAAREEINDO,EQ,INE866K01023,INDOSOLAR LIMITED,478.0,494.85,471.9,494.85,471.3,5.0,121002,59877840.44
2025-12-24,WAAREERTL,EQ,INE299N01021,WAAREE RENEWABLE TECH LTD,970.0,983.0,964.9,966.8,969.4,-0.27,180593,174597310.2
2025-12-24,WABAG,EQ,INE956G01038,VA TECH WABAG LTD,1320.9,1331.9,1271.0,1275.3,1293.6,-1.41,317357,404725397.6
2025-12-24,WAKEFIT,EQ,INE0E7301029,WAKEFIT INNOVATIONS LTD,186.71,188.74,184.26,187.5,188.17,-0.36,545170,102219375.0
2025-12-24,WALCHANNAG,EQ,INE711A01022,WALCHANDNAGAR INDUSTRIES,197.8,201.55,192.1,195.49,197.28,-0.91,1030167,201387352.49
2025-12-24,WANBURY,EQ,INE107F01022,WANBURY LIMITED,235.3,239.45,233.1,238.7,236.95,0.74,24606,5873452.12
2025-12-24,WCIL,EQ,INE0CJF01024,WESTERN CARRIERS (IND) L,123.4,125.0,122.07,123.69,122.95,0.6,109128,13498042.59
2025-12-24,WEALTH,EQ,INE658T01017,WEALTH FRST PORT. MG. LTD,960.0,967.3,920.4,940.9,949.45,-0.9,2792,2626992.87
2025-12-24,WEBELSOLAR,EQ,INE855C01023,WEBSOL ENERGY SYSTEM LTD,86.19,97.6,86.19,93.93,85.49,9.87,64469651,6055634338.1
2025-12-24,WEIZMANIND,EQ,INE080A01014,WEIZMANN LTD,99.0,99.86,98.01,99.26,99.89,-0.63,1048,104024.48
2025-12-24,WEL,EQ,INE02WG01024,WONDER ELECTRICALS LTD,142.18,149.88,141.31,147.86,141.05,4.83,179522,26544123.03
2025-12-24,WELCORP,EQ,INE191B01025,WELSPUN CORP LIMITED,818.9,818.9,807.15,810.85,813.05,-0.27,288115,233618040.72
2025-12-24,WELENT,EQ,INE625G01013,WELSPUN ENTERPRISES LTD.,513.0,520.75,513.0,516.3,516.45,-0.03,37796,19514074.34
2025-12-24,WELSPUNLIV,EQ,INE192B01031,WELSPUN LIVING LIMITED,136.51,136.9,134.42,135.02,136.95,-1.41,773961,104500217.53
2025-12-24,WENDT,EQ,INE274C01019,WENDT (INDIA) LIMITED,8130.0,8158.5,8000.0,8016.5,8080.0,-0.79,5340,42808110.0
2025-12-24,WESTLIFE,EQ,INE274F01020,WESTLIFE FOODWORLD LTD,524.65,542.8,521.85,538.2,527.3,2.07,93075,50092966.14
2025-12-24,WEWIN,EQ,INE082W01014,WE WIN LIMITED,46.72,46.72,45.11,45.5,45.8,-0.66,1436,65338.0
2025-12-24,WEWORK,EQ,INE085001019,WEWORK INDIA MANAGEMENT L,587.1,599.2,577.15,587.85,587.65,0.03,207031,121703168.3
2025-12-24,WHEELS,EQ,INE715A01015,WHEELS INDIA LTD,862.0,883.2,857.2,872.0,861.65,1.2,78191,68182552.0
2025-12-24,WHIRLPOOL,EQ,INE716A01013,WHIRLPOOL OF INDIA LTD,947.0,948.1,922.0,923.9,942.3,-1.95,228989,211562942.69
2025-12-24,WILLAMAGOR,EQ,INE210A01017,WILLIAMSON MAGOR,29.25,30.11,28.16,28.23,29.42,-4.04,19901,561805.22
2025-12-24,WINDLAS,EQ,INE0H5O01029,WINDLAS BIOTECH LIMITED,801.0,818.0,800.1,805.85,810.1,-0.52,19826,15976781.62
2025-12-24,WINDMACHIN,EQ,INE052A01021,WINDSOR MACHINES LIMITED,274.1,279.0,270.5,271.55,272.9,-0.49,25814,7009791.38
2025-12-24,WIPL,EQ,INE215F01023,THE WESTERN INDIA PLY LTD,150.4,152.35,148.0,149.49,149.98,-0.33,5258,786018.45
2025-12-24,WIPRO,EQ,INE075A01022,WIPRO LTD,270.94,270.98,267.2,268.06,271.4,-1.23,4694861,1258504428.2
2025-12-24,WOCKPHARMA,EQ,INE049B01025,WOCKHARDT LIMITED,1446.0,1461.0,1417.0,1437.0,1444.9,-0.55,434423,624265851.0
2025-12-24,WONDERLA,EQ,INE066O01014,WONDERLA HOLIDAYS LTD.,526.1,526.1,514.05,515.3,522.7,-1.42,126135,64997363.96
2025-12-24,WORTHPERI,EQ,INE196Y01018,WORTH PERIPHERALS LIMITED,139.79,143.0,139.01,139.61,139.34,0.19,7361,1027669.21
2025-12-24,WSI,EQ,INE100D01014,W.S.INDUSTRIES (I) LTD.,93.36,93.36,87.76,90.09,92.62,-2.73,151433,13642598.42
2025-12-24,WSTCSTPAPR,EQ,INE976A01021,WEST COAST PAPER MILLS LT,418.35,423.45,418.0,422.1,420.45,0.39,21666,9145218.73
2025-12-24,XCHANGING,EQ,INE692G01013,XCHANGING SOLUTIONS LTD,83.8,83.8,82.31,82.61,83.18,-0.69,30808,2545048.9
2025-12-24,XELPMOC,EQ,INE01P501012,XELPMOC DESIGN & TECH LTD,130.0,133.99,130.0,131.22,132.77,-1.17,5949,780627.79
2025-12-24,XPROINDIA,EQ,INE445C01015,XPRO INDIA LIMITED,992.7,1005.0,988.1,997.5,996.0,0.15,13945,13910137.5
2025-12-24,XTGLOBAL,EQ,INE547B01028,XTGLOBAL INFOTECH LIMITED,36.74,36.94,35.5,35.85,36.25,-1.1,16095,577005.73
2025-12-24,YASHO,EQ,INE616Z01012,YASHO INDUSTRIES LIMITED,1452.8,1460.4,1447.1,1452.2,1452.3,-0.01,3549,5153857.63
2025-12-24,YATHARTH,EQ,INE0JO301016,YATHARTH HOSP & TRA C S L,692.1,696.1,686.35,689.35,696.35,-1.01,196015,135122935.46
2025-12-24,YATRA,EQ,INE0JR601024,YATRA ONLINE LIMITED,181.15,191.0,177.26,179.48,179.28,0.11,4496629,807054953.71
2025-12-24,YESBANK,EQ,INE528G01035,YES BANK LIMITED,21.73,21.95,21.66,21.69,21.74,-0.23,45436981,985528142.16
2025-12-24,YUKEN,EQ,INE384C01016,YUKEN INDIA LIMITED,849.55,851.0,840.1,844.9,840.4,0.54,1610,1360289.04
2025-12-24,ZAGGLE,EQ,INE07K301024,ZAGGLE PREPA OCEAN SER L,357.6,360.85,351.05,352.55,358.6,-1.69,458692,161711859.0
2025-12-24,ZEEL,EQ,INE256A01028,ZEE ENTERTAINMENT ENT LTD,92.0,93.63,91.66,91.81,91.86,-0.05,8806313,808507575.03
2025-12-24,ZEELEARN,EQ,INE565L01011,ZEE LEARN LIMITED,7.35,7.46,7.25,7.29,7.36,-0.95,382505,2788461.44
2025-12-24,ZEEMEDIA,EQ,INE966H01019,ZEE MEDIA CORPORATION LTD,9.49,9.73,9.38,9.5,9.42,0.85,17024934,161736873.0
2025-12-24,ZENITHEXPO,EQ,INE058B01018,ZENITH EXPORTS LTD,223.05,225.0,215.0,219.25,222.65,-1.53,528,115764.0
2025-12-24,ZENITHSTL,EQ,INE318D01020,ZENITH STEEL PIP IND LTD,7.17,7.25,6.9,7.13,7.17,-0.56,85991,613115.84
2025-12-24,ZENSARTECH,EQ,INE520A01027,ZENSAR TECHNOLOGIES  LTD,742.0,742.85,732.85,739.7,739.85,-0.02,293326,216973245.78
2025-12-24,ZENTEC,EQ,INE251B01027,ZEN TECHNOLOGIES LIMITED,1398.7,1414.4,1386.0,1391.6,1395.0,-0.24,261657,364121874.81
2025-12-24,ZFCVINDIA,EQ,INE342J01019,ZF COM VE CTR SYS IND LTD,2466.67,2514.33,2445.17,2467.0,2497.67,-1.23,138744,342281448.0
2025-12-24,ZIMLAB,EQ,INE518E01015,ZIM LABORATORIES LIMITED,71.62,71.67,69.97,70.42,71.45,-1.44,30298,2133585.1
2025-12-24,ZODIAC,EQ,INE761Y01019,ZODIAC ENERGY LIMITED,305.1,312.4,296.55,299.85,305.25,-1.77,18440,5529234.11
2025-12-24,ZODIACLOTH,EQ,INE206B01013,ZODIAC CLOTHING CO. LTD.,87.01,88.05,87.0,87.59,86.87,0.83,1418,124202.61
2025-12-24,ZOTA,EQ,INE358U01012,ZOTA HEALTH CARE LIMITED,1585.0,1585.2,1550.0,1556.4,1571.3,-0.95,50829,79110256.84
2025-12-24,ZUARI,EQ,INE840M01016,ZUARI AGRO CHEMICALS LTD,322.4,324.0,310.15,312.85,321.55,-2.71,311411,97424933.25
2025-12-24,ZUARIIND,EQ,INE217A01012,ZUARI INDUSTRIES LIMITED,316.0,318.75,313.1,313.8,316.35,-0.81,58554,18374244.49
2025-12-24,ZYDUSLIFE,EQ,INE010B01027,ZYDUS LIFESCIENCES LTD,937.0,937.0,916.0,917.8,927.8,-1.08,745235,683976673.9
2025-12-24,ZYDUSWELL,EQ,INE768C01028,ZYDUS WELLNESS LIMITED,430.3,435.25,425.0,426.4,428.45,-0.48,70289,29971229.17
