date,symbol,series,isin,name,open,high,low,close,prev_close,chg_pct,volume,value
2025-09-25,3IINFOLTD,BE,INE748C01038,3I INFOTECH LIMITED,23.26,23.26,22.18,22.6,23.07,-2.01,578878,13085274.14
2025-09-25,AARTECH,BE,INE01C001026,AARTECH SOLONICS LIMITED,53.0,55.1,53.0,54.73,53.33,2.63,21003,1149494.18
2025-09-25,AARTISURF,BE,INE09EO01013,AARTI SURFACTANTS LIMITED,473.05,481.1,468.0,472.45,476.25,-0.8,5868,2772336.67
2025-09-25,ABAN,BE,INE421A01028,ABAN OFFSHORE LTD.,44.8,45.5,42.91,43.11,45.17,-4.56,110961,4783528.78
2025-09-25,ABINFRA,BE,INE00YB01025,A B INFRABUILD LIMITED,18.75,18.99,18.5,18.67,18.76,-0.47,2944740,54978296.02
2025-09-25,ABMINTLLTD,BE,INE251C01025,ABM INTERNATIONAL LTD,41.23,41.23,41.04,41.04,41.03,0.02,223,9151.92
2025-09-25,ACCURACY,BE,INE648Z01023,ACCURACY SHIPPING LIMITED,7.05,7.3,7.05,7.2,7.13,0.98,174610,1257191.97
2025-09-25,AHLWEST,BE,INE915K01010,ASIAN HOTELS (WEST) LTD,144.15,144.15,144.15,144.15,144.15,0.0,0,0.0
2025-09-25,AKI,BE,INE642Z01026,AKI INDIA LIMITED,10.1,10.1,9.6,9.83,9.93,-1.01,8829,86789.07
2025-09-25,AKSHARCHEM,BE,INE542B01011,AKSHARCHEM INDIA LIMITED,265.75,271.9,263.05,270.55,263.45,2.69,4762,1288359.04
2025-09-25,AKSHOPTFBR,BE,INE523B01011,AKSH OPTIFIBRE  LTD,7.89,7.89,7.44,7.61,7.78,-2.19,208442,1586243.65
2025-09-25,ALPHAGEO,BE,INE137C01018,ALPHAGEO (INDIA) LIMITED,251.09,253.94,248.82,251.88,249.48,0.96,4454,1121873.54
2025-09-25,AMANTA,BE,INE084K01015,AMANTA HEALTHCARE LIMITED,143.99,144.89,137.34,139.21,143.86,-3.23,251539,35016745.88
2025-09-25,AMDIND,BE,INE005I01014,AMD INDUSTRIES LIMITED,58.0,60.5,55.71,56.28,58.12,-3.17,51611,2904667.02
2025-09-25,ANMOL,BE,INE02AR01019,ANMOL INDIA LIMITED,15.99,15.99,15.76,15.84,15.85,-0.06,39041,618409.45
2025-09-25,APTECHT,BE,INE266F01018,APTECH LIMITED,124.0,125.7,120.8,121.51,124.24,-2.2,80784,9816064.01
2025-09-25,ARIES,BE,INE298I01015,ARIES AGRO LTD.,395.8,411.6,393.7,397.7,393.7,1.02,107612,42797293.71
2025-09-25,ASAHISONG,BE,INE228I01012,ASAHI SONGWON COLOR LTD,284.55,289.0,279.15,285.8,283.6,0.78,14612,4176109.42
2025-09-25,ASMS,BE,INE855F01042,AVIO SMART MRKT STACK LTD,14.95,15.15,14.55,14.86,14.95,-0.6,129752,1928114.68
2025-09-25,AVG,BE,INE680Z01018,AVG LOGISTICS LIMITED,233.44,233.8,223.1,224.82,224.45,0.16,9848,2214027.43
2025-09-25,BAFNAPH,BE,INE878I01022,BAFNA PHARMACEUTICALS LTD,167.94,167.94,167.94,167.94,159.95,5.0,11854,1990760.79
2025-09-25,BASML,BE,INE186H01022,BANNARI AM SPIN MILL LTD.,27.0,27.05,26.74,26.89,26.67,0.82,103762,2790160.12
2025-09-25,BGRENERGY,BE,INE661I01014,BGR ENERGY SYSTEMS LTD,225.0,241.9,221.16,229.76,232.8,-1.31,483518,111093093.02
2025-09-25,BHAGERIA,BE,INE354C01027,BHAGERIA INDUSTRIES LTD,175.52,184.0,172.8,175.36,174.64,0.41,686198,120331681.7
2025-09-25,BHARATGEAR,BE,INE561C01019,BHARAT GEARS LTD,120.28,125.47,117.11,118.02,120.28,-1.88,994868,117414318.02
2025-09-25,BILVYAPAR,BE,INE071A01013,BIL VYAPAR LIMITED,13.96,14.7,13.53,13.91,13.62,2.13,44206,614905.45
2025-09-25,BLISSGVS,BE,INE416D01022,BLISS GVS PHARMA LTD,151.9,152.5,147.01,147.62,151.56,-2.6,193672,28589859.69
2025-09-25,BURNPUR,BE,INE817H01022,BURNPUR CEMENT LIMITED,33.0,33.0,33.0,33.0,33.0,0.0,0,0.0
2025-09-25,BYKE,BE,INE319B01014,THE BYKE HOSPITALITY LTD,68.65,69.3,67.1,67.2,67.62,-0.62,38990,2620127.88
2025-09-25,CALSOFT,BE,INE526B01014,CALIFORNIA SOFTWARE CO LT,14.8,14.8,14.16,14.23,14.56,-2.27,14243,202677.88
2025-09-25,CAPTRUST,BE,INE707C01018,CAPITAL TRUST LIMITED,44.2,45.4,42.01,42.24,44.18,-4.39,29190,1232985.65
2025-09-25,CHEMBONDCH,BE,INE0TGX01019,CHEMBOND CHEMICAL LIMITED,184.56,184.56,175.01,176.53,181.51,-2.74,9089,1604481.16
2025-09-25,CHEMCON,BE,INE03YM01018,CHEMCON SPECIAL CHEM LTD,246.0,295.0,244.51,283.29,246.05,15.14,18816878,5330633529.41
2025-09-25,CONSOFINVT,BE,INE025A01027,CONSO. FIN. & HOLD. LTD.,192.08,192.08,187.01,187.79,191.45,-1.91,1956,367317.23
2025-09-25,COUNCODOS,BE,INE695B01025,COUNTRY CONDO S LIMITED,6.95,7.35,6.95,7.13,7.18,-0.7,40298,287324.74
2025-09-25,CTE,BE,INE627H01017,CAMBRIDGE TECH ENTER LTD,41.5,42.24,39.7,40.01,41.51,-3.61,99361,3975433.44
2025-09-25,CURAA,BE,INE117B01020,CURA TECHNOLOGIES LIMITED,230.6,230.6,230.6,230.6,219.65,4.99,561,129366.6
2025-09-25,CYBERMEDIA,BE,INE278G01037,CYBER MEDIA (INDIA) LTD.,17.27,17.85,17.1,17.15,17.94,-4.4,16450,282117.49
2025-09-25,CYBERTECH,BE,INE214A01019,CYBERTECH SYSTEMS & SOFTW,172.8,175.51,171.99,172.9,171.25,0.96,73001,12621872.45
2025-09-25,DAMODARIND,BE,INE497D01022,DAMODAR INDUSTRIES LTD,35.69,38.0,35.65,36.17,34.92,3.58,49419,1787485.14
2025-09-25,DBSTOCKBRO,BE,INE921B01025,DB (INT) STOCK BROKERS,26.44,26.44,25.6,25.68,25.8,-0.47,19973,512906.65
2025-09-25,DELPHIFX,BE,INE726L01027,DELPHI WORLD MONEY LTD,15.2,15.42,14.47,14.8,14.87,-0.46,72850,1078454.16
2025-09-25,DIACABS,BE,INE989C01038,DIAMOND POWER INFRA LTD,159.67,159.67,154.15,155.27,160.55,-3.29,1703672,264529158.72
2025-09-25,DIGJAMLMTD,BE,INE731U01028,DIGJAM LTD,57.99,57.99,55.8,56.26,56.63,-0.65,621,34937.46
2025-09-25,DPSCLTD,BE,INE360C01024,DPSC LIMITED,12.6,12.66,12.31,12.36,12.47,-0.88,75463,932722.65
2025-09-25,DPWIRES,BE,INE864X01013,D P WIRES LIMITED,255.01,255.89,244.2,245.48,256.27,-4.21,32329,7936122.78
2025-09-25,DSKULKARNI,BE,INE891A01022,DS KULKARNI DEVELOPERS L,13.55,13.55,13.55,13.55,13.55,0.0,0,0.0
2025-09-25,DTIL,BE,INE341R01014,DHUNSERI TEA & IND. LTD.,192.45,192.45,185.06,185.69,189.47,-2.0,4011,744802.6
2025-09-25,E2E,BE,INE255Z01027,E2E NETWORKS LIMITED,330.9,337.95,320.4,332.03,321.86,3.16,1232300,409160567.5
2025-09-25,EASTSILK,BE,INE962C01035,EASTERN SILK INDUSTRIES L,40.99,40.99,40.99,40.99,40.99,0.0,0,0.0
2025-09-25,EIFFL,BE,INE546V01010,EURO (I) FRESH FOODS LTD,220.5,228.0,220.5,227.5,228.07,-0.25,10000,2275000.0
2025-09-25,EMAMIPAP,BE,INE830C01026,EMAMI PAPER MILLS LIMITED,101.15,102.26,100.0,100.1,101.14,-1.03,26908,2693490.76
2025-09-25,EMMBI,BE,INE753K01015,EMMBI INDUSTRIES LIMITED,104.03,104.73,102.55,102.55,103.41,-0.83,4698,481779.91
2025-09-25,EQUIPPP,BE,INE217G01035,EQUIPPP SOC IMP TECH LTD,21.66,21.66,20.61,20.96,21.66,-3.23,5172,108405.12
2025-09-25,ESAFSFB,BE,INE818W01011,ESAF SMALL FINANCE BANK L,29.2,29.2,28.6,28.72,28.91,-0.66,152009,4365698.38
2025-09-25,EUROTEXIND,BE,INE022C01012,EUROTEX IND & EXPORTS LTD,16.69,16.69,15.32,15.99,15.89,0.63,4296,68693.04
2025-09-25,EVERESTIND,BE,INE295A01018,EVEREST INDUSTRIES LTD,723.9,737.2,705.8,713.95,720.1,-0.85,19139,13664289.28
2025-09-25,FAIRCHEMOR,BE,INE0DNW01011,FAIRCHEM ORGANICS LIMITED,790.15,791.9,785.0,786.4,790.15,-0.47,3965,3118076.1
2025-09-25,FLEXITUFF,BE,INE060J01017,FLEXITUFF VENTURES INT L,24.63,25.43,23.39,23.87,24.63,-3.09,15077,359888.0
2025-09-25,FOCUS,BE,INE593W01028,FOCUS LIGHTG & FIXTRS LTD,91.16,93.79,91.16,92.17,92.96,-0.85,18637,1717772.26
2025-09-25,GANESHBE,BE,INE388A01029,GANESH BENZOPLAST LIMITED,90.56,91.0,88.74,89.05,90.11,-1.18,94676,8430898.09
2025-09-25,GATECH,BE,INE224E01028,GACM TECHNOLOGIES LIMITED,0.79,0.8,0.79,0.79,0.84,-5.95,12810999,10120689.48
2025-09-25,GATECHDVR,BE,INE224E01036,GACM TECHNOLOGIES LIMITED,0.64,0.64,0.58,0.59,0.62,-4.84,1258527,742530.9
2025-09-25,GEECEE,BE,INE916G01016,GEECEE VENTURES LIMITED,370.0,384.95,370.0,373.25,379.25,-1.58,1076,401617.0
2025-09-25,GFSTEELS,BE,INE534A01028,GRAND FOUNDRY LTD,10.21,10.21,10.21,10.21,10.21,0.0,0,0.0
2025-09-25,GICL,BE,INE947T01022,GLOBE INTL CARRIERS LTD,164.8,169.95,163.0,165.65,159.35,3.95,118500,19629524.28
2025-09-25,GINNIFILA,BE,INE424C01010,GINNIFILAMENTS LTD.,44.1,46.7,43.6,43.87,44.99,-2.49,22426,983828.6
2025-09-25,GOLDTECH,BE,INE805A01014,AION-TECH SOLUTIONS LTD,66.13,66.71,63.21,64.23,66.63,-3.6,37788,2427123.37
2025-09-25,GULFPETRO,BE,INE586G01017,GP PETROLEUMS LIMITED,40.3,41.43,40.3,40.63,40.95,-0.78,31555,1282079.68
2025-09-25,GVKPIL,BE,INE251H01024,GVK POW. & INFRA LTD.,3.6,3.73,3.59,3.69,3.67,0.54,899168,3317929.97
2025-09-25,GVPTECH,BE,INE382T01030,GVP INFOTECH LIMITED,9.77,9.95,9.51,9.65,9.78,-1.33,20944,202109.59
2025-09-25,HEG,BE,INE545A01024,HEG LIMITED,520.1,532.5,518.05,521.8,521.9,-0.02,1015799,530043905.8
2025-09-25,HFCL,BE,INE548A01028,HFCL LIMITED,75.5,77.39,74.8,76.4,75.67,0.96,18975097,1449697439.75
2025-09-25,HITECHCORP,BE,INE120D01012,HITECH CORPORATION LTD,201.41,204.55,198.44,200.8,200.24,0.28,8702,1747361.63
2025-09-25,HITECHGEAR,BE,INE127B01011,THE HI-TECH GEARS LIMITED,755.05,768.0,735.3,746.35,766.0,-2.57,1133,845614.52
2025-09-25,HMVL,BE,INE871K01015,HINDUSTAN MEDIA VENT LTD,85.75,85.75,84.1,84.47,85.57,-1.29,9009,760990.24
2025-09-25,HYBRIDFIN,BE,INE965B01022,HYBRID FINANCIAL SERVICE,14.69,16.0,14.6,15.43,14.75,4.61,37554,579458.23
2025-09-25,ICDSLTD,BE,INE613B01010,ICDSLTD,56.38,57.01,54.56,56.83,54.3,4.66,11482,652522.08
2025-09-25,INDOAMIN,BE,INE760F01028,INDO AMINES LIMITED,137.89,141.7,137.89,138.97,137.89,0.78,104234,14485399.11
2025-09-25,IVP,BE,INE043C01018,IVP LIMITED,166.99,166.99,163.0,163.04,163.51,-0.29,4090,666833.57
2025-09-25,KALYANIFRG,BE,INE314G01014,KALYANI FORGE LIMITED,680.0,697.35,675.2,676.75,683.0,-0.92,1142,772848.5
2025-09-25,KAMDHENU,BE,INE390H01020,KAMDHENU LIMITED,27.97,28.34,27.55,27.68,27.99,-1.11,472082,13067229.9
2025-09-25,KANORICHEM,BE,INE138C01024,KANORIACHEMICALS-,82.19,85.0,82.19,82.64,82.72,-0.1,15297,1264144.07
2025-09-25,KAUSHALYA,BE,INE234I01028,KAUSHALYA INFRA DEV LTD.,1268.0,1281.8,1230.0,1281.8,1220.8,5.0,1272,1630449.66
2025-09-25,KAVDEFENCE,BE,INE641C01019,KAVVERI DFS & WIR TEC LTD,134.01,134.01,122.5,134.01,127.63,5.0,558988,74909978.81
2025-09-25,KAYA,BE,INE587G01015,KAYA LIMITED,475.05,484.5,475.0,475.05,475.1,-0.01,7819,3714415.85
2025-09-25,KCPSUGIND,BE,INE790B01024,KCPSUGARINDUS,31.7,32.38,31.52,31.67,32.03,-1.12,54477,1725286.59
2025-09-25,KESORAMIND,BE,INE087A01019,KESORAM INDUSTRIES LTD,6.1,6.19,5.82,5.97,6.0,-0.5,1760511,10510250.3
2025-09-25,KHADIM,BE,INE834I01025,KHADIM INDIA LIMITED,274.28,275.98,263.5,265.17,274.28,-3.32,114433,30344200.15
2025-09-25,KILITCH,BE,INE729D01010,KILITCH DRUGS INDIA LTD,173.52,175.65,172.18,172.77,175.2,-1.38,18622,3217415.94
2025-09-25,KOTARISUG,BE,INE419A01022,KOTHARI SUG & CHEM LTD.,31.45,32.24,30.3,30.95,31.45,-1.59,61098,1890983.15
2025-09-25,KOTYARK,BE,INE0J0B01017,KOTYARK INDUSTRIES LTD,28.49,28.49,27.55,27.82,28.49,-2.35,49500,1376999.91
2025-09-25,KRONOX,BE,INE0ATZ01017,KRONOX LAB SCIENCES LTD,162.1,165.23,162.1,163.04,162.98,0.04,56733,9249747.94
2025-09-25,LANCORHOL,BE,INE572G01025,LANCOR HOLDINGS LIMITED,23.86,23.86,22.82,23.0,23.53,-2.25,90028,2070644.0
2025-09-25,LOTUSDEV,BE,INE0V9Q01010,SRI LOTUS DEVLPRS N RTY L,195.0,204.0,194.11,197.83,194.94,1.48,8124098,1607190322.22
2025-09-25,LYKALABS,BE,INE933A01014,LYKA LABS LTD.,99.22,99.43,95.0,96.03,99.22,-3.22,55072,5288564.09
2025-09-25,MADHUCON,BE,INE378D01032,MADHUCON PROJECTS LTD.,7.38,7.62,7.2,7.62,7.26,4.96,81894,624032.27
2025-09-25,MAHASTEEL,BE,INE451L01014,MAHAMAYA STEEL INDS LTD,409.85,411.5,407.0,411.25,409.85,0.34,58823,24190958.75
2025-09-25,MANAKSTEEL,BE,INE824Q01011,MANAKSIA STEELS LTD,60.15,61.47,60.0,60.27,60.48,-0.35,4756,286644.12
2025-09-25,MAZDA,BE,INE885E01042,MAZDA LIMITED,272.05,274.95,266.0,267.55,269.95,-0.89,12849,3437749.79
2025-09-25,MBECL,BE,INE748A01024,MCNALLY BHARAT ENGIN CO L,65.4,65.4,65.4,65.4,65.4,0.0,0,0.0
2025-09-25,MEDICAMEQ,BE,INE646B01010,MEDICAMEN BIOTECH LIMITED,330.0,333.45,324.0,325.05,329.85,-1.46,10607,3447805.22
2025-09-25,MENONBE,BE,INE071D01033,MENON BEARINGS LIMITED,133.0,133.48,130.0,130.44,133.56,-2.34,45317,5911149.59
2025-09-25,MHLXMIRU,BE,INE112D01035,MAHALAXMI RUBTECH LIMITED,222.16,224.68,220.11,221.67,221.06,0.28,788,174675.96
2025-09-25,MICEL,BE,INE287C01037,MIC ELECTRONICS LTD,60.69,61.7,59.63,60.07,61.03,-1.57,8221654,493874753.27
2025-09-25,MODISONLTD,BE,INE737D01021,MODISON LIMITED,166.99,173.0,162.5,164.21,167.81,-2.15,130844,21485894.12
2025-09-25,MOLDTECH,BE,INE835B01035,MOLD-TEK TECHNOLOGIES LTD,168.71,171.91,166.01,167.15,168.71,-0.92,49373,8252696.65
2025-09-25,MTARTECH,BE,INE864I01014,MTAR TECHNOLOGIES LIMITED,1920.0,1920.8,1879.0,1898.3,1929.2,-1.6,292941,556089914.6
2025-09-25,MTEDUCARE,BE,INE472M01018,MT EDUCARE LTD,2.07,2.15,1.96,2.08,2.07,0.48,34122,70973.76
2025-09-25,MUKKA,BE,INE0CG401037,MUKKA PROTEINS LIMITED,27.26,27.48,26.85,26.94,27.14,-0.74,182637,4920240.88
2025-09-25,MUKTAARTS,BE,INE374B01019,MUKTA ARTS LIMITED,70.31,70.31,68.62,68.72,68.93,-0.3,4245,291716.41
2025-09-25,NATCAPSUQ,BE,INE936B01015,NATURAL CAPSULES LIMITED,220.9,259.89,218.11,259.89,216.58,20.0,541018,140605175.95
2025-09-25,NAVKARURB,BE,INE268H01044,NAVKAR URBANSTRUCTURE LTD,2.57,2.62,2.57,2.57,2.63,-2.28,133388,342807.15
2025-09-25,NECCLTD,BE,INE553C01016,NORTH EAST CARRY CORP LTD,22.38,22.38,21.08,21.17,21.79,-2.85,78522,1662310.75
2025-09-25,NEUEON,BE,INE333I01044,NEUEON CORPORATION LTD,5.22,5.22,5.22,5.22,5.22,0.0,0,0.0
2025-09-25,NIRAJISPAT,BE,INE326T01011,NIRAJ ISPAT IND LTD,352.25,352.25,322.8,351.5,339.3,3.6,90,31635.0
2025-09-25,NRL,BE,INE0JM501013,NUPUR RECYCLERS LIMITED,77.47,78.0,75.19,75.43,76.85,-1.85,29627,2234764.62
2025-09-25,NURECA,BE,INE0DSF01015,NURECA LIMITED,231.5,234.14,231.0,231.45,233.14,-0.72,7406,1714118.68
2025-09-25,OCCLLTD,BE,INE0PK601023,OCCL LIMITED,134.25,135.25,130.0,131.0,134.28,-2.44,33575,4398325.0
2025-09-25,OILCOUNTUB,BE,INE591A01010,OIL COUNTRY TUBULAR LTD.,72.46,72.46,68.45,69.67,72.06,-3.32,29657,2066203.14
2025-09-25,ONELIFECAP,BE,INE912L01015,ONELIFE CAP ADVISORS LTD,14.2,14.2,13.55,13.63,14.23,-4.22,10302,140416.26
2025-09-25,ONMOBILE,BE,INE809I01019,ONMOBILE GLOBAL LTD.,66.1,68.7,65.54,67.75,66.29,2.2,1291676,87511049.0
2025-09-25,ORBTEXP,BE,INE231G01010,ORBIT EXPORTS LIMITED,186.0,186.99,182.0,183.19,187.14,-2.11,6808,1247157.54
2025-09-25,ORIENTLTD,BE,INE609C01024,ORIENT PRESS LIMITED,86.3,86.79,83.13,83.79,84.77,-1.16,2307,193303.53
2025-09-25,OSIAHYPER,BE,INE06IR01021,OSIA HYPER RETAIL LIMITED,26.72,29.49,26.72,26.72,28.13,-5.01,3111256,83132758.18
2025-09-25,PANACHE,BE,INE895W01019,PANACHE DIGILIFE LIMITED,384.88,384.88,384.88,384.88,366.56,5.0,28668,11033739.98
2025-09-25,PAR,BE,INE04LG01015,PAR DRUGS AND CHEM LTD,114.99,114.99,107.11,108.48,110.95,-2.23,8847,959722.59
2025-09-25,PARSVNATH,BE,INE561H01026,PARSVNATH DEVELOPER LTD,14.58,14.58,13.85,13.88,14.58,-4.8,759915,10547620.29
2025-09-25,PATINTLOG,BE,INE529D01014,PATEL INT. LOG. LTD,15.34,15.48,14.91,15.01,15.06,-0.33,105644,1585716.46
2025-09-25,PKTEA,BE,INE431F01018,THE P K TEA PROD CO LTD,917.0,917.0,830.05,888.3,873.7,1.67,4114,3654466.15
2025-09-25,PPAP,BE,INE095I01015,PPAP AUTOMOTIVE LIMITED,230.06,230.1,230.06,230.06,234.76,-2.0,4155,955899.29
2025-09-25,PPL,BE,INE050001010,PRAKASH PIPES LIMITED,309.9,309.9,301.8,305.3,307.75,-0.8,66686,20359234.99
2025-09-25,PREMIER,BE,INE342A01018,PREMIER LIMITED,3.59,3.65,3.35,3.46,3.5,-1.14,2047,7082.62
2025-09-25,PRITIKAUTO,BE,INE583R01029,PRITIKA AUTO INDUS LTD,17.31,17.39,17.2,17.21,17.31,-0.58,71699,1233939.72
2025-09-25,PRUDMOULI,BE,INE024D01016,PRUDENTIAL SUGAR CORPORAT,33.2,33.85,30.09,30.09,33.44,-10.02,266401,8016006.13
2025-09-25,QMSMEDI,BE,INE0FMW01018,QMS MEDICAL ALLIED S LTD,99.5,105.0,99.5,102.95,99.9,3.05,25000,2573749.92
2025-09-25,RADHIKAJWE,BE,INE583V01021,RADHIKA JEWELTECH LIMITED,93.1,93.1,91.92,92.07,92.43,-0.39,172337,15867067.54
2025-09-25,RAJOOENG,BE,INE535F01024,RAJOO ENGINEERS LIMITED,91.24,91.49,87.01,87.84,90.75,-3.21,990901,87040740.21
2025-09-25,RAJRILTD,BE,INE533D01032,RAJ RAYON INDUSTRIES LTD,28.43,28.9,27.81,28.28,28.35,-0.25,30146,852528.9
2025-09-25,RAMASTEEL,BE,INE230R01035,RAMA STEEL TUBES LIMITED,10.16,10.26,10.09,10.12,10.14,-0.2,12272194,124194601.88
2025-09-25,RBZJEWEL,BE,INE0PEQ01016,RBZ JEWELLERS LIMITED,140.0,140.05,137.1,137.51,138.5,-0.71,43013,5914717.39
2025-09-25,RCOM,BE,INE330H01018,RELIANCE COMMUNICATIONS L,1.41,1.44,1.39,1.4,1.41,-0.71,3752111,5252955.31
2025-09-25,RELINFRA,BE,INE036A01016,RELIANCE INFRASTRUCTU LTD,257.9,260.9,251.3,253.0,257.0,-1.56,763160,193079480.0
2025-09-25,REPL,BE,INE364Z01019,RUDRABHISHEK ENTERP LTD,142.0,168.0,142.0,155.0,142.02,9.14,246762,38248110.0
2025-09-25,RMDRIP,BE,INE219Y01026,R M DRIP & SPRINK SYS LTD,45.03,45.66,42.3,44.49,44.4,0.2,2321434,103268992.91
2025-09-25,RNBDENIMS,BE,INE012Q01039,R&B DENIMS LIMITED,37.5,38.96,37.5,38.37,38.35,0.07,43563,1671657.5
2025-09-25,ROLLT,BE,INE927A01040,ROLLATAINERS LIMITED,1.25,1.29,1.22,1.27,1.23,3.25,358774,455642.97
2025-09-25,RPPL,BE,INE760W01023,RAJSHREE POLYPACK LTD,22.95,22.95,20.88,21.18,22.1,-4.16,288514,6110726.61
2025-09-25,RSWM,BE,INE611A01016,RSWM LIMITED,156.3,158.38,152.75,154.43,155.46,-0.66,18768,2898342.1
2025-09-25,SADHNANIQ,BE,INE888C01040,SADHANA NITROCHEM LIMITED,9.86,9.86,9.86,9.86,10.07,-2.09,420379,4144936.8
2025-09-25,SANGINITA,BE,INE753W01010,SANGINITA CHEMICALS LTD,10.0,10.36,9.8,9.9,9.99,-0.9,241162,2387503.71
2025-09-25,SCPL,BE,INE501Y01019,SHEETAL COOL PRODUCTS LTD,243.9,246.54,240.0,240.62,242.7,-0.86,8872,2134780.6
2025-09-25,SETCO,BE,INE878E01021,SETCO AUTOMOTIVE LTD,19.8,19.98,19.35,19.51,19.03,2.52,527368,10288949.8
2025-09-25,SEYAIND,BE,INE573R01012,SEYA INDUSTRIES LIMITED,16.75,16.78,16.5,16.58,16.67,-0.54,1296,21487.68
2025-09-25,SHAHALLOYS,BE,INE640C01011,SHAH ALLOYS LIMITED,65.84,69.66,65.4,68.01,66.35,2.5,53778,3657441.89
2025-09-25,SHALPAINTS,BE,INE849C01026,SHALIM PAINTS LTD,79.68,80.39,78.0,78.22,79.68,-1.83,95620,7479396.52
2025-09-25,SHEKHAWATI,BE,INE268L01046,SHEKHAWATI INDUSTRIES LTD,22.5,22.5,21.8,22.21,22.01,0.91,24246,538503.64
2025-09-25,SHEMAROO,BE,INE363M01019,SHEMAROO ENTER. LTD.,115.43,115.5,113.0,113.15,115.39,-1.94,6717,760028.56
2025-09-25,SHYAMCENT,BE,INE979R01011,SHYAM CENTURY FERROUS LTD,7.38,7.4,7.11,7.13,7.22,-1.25,223114,1590802.85
2025-09-25,SICALLOG,BE,INE075B01020,SICAL LOGISTICS LIMITED,109.39,109.39,109.39,109.39,109.39,0.0,0,0.0
2025-09-25,SIGIND,BE,INE529F01035,SIGNET INDUSTRIES LIMITED,54.24,55.59,53.0,53.56,54.84,-2.33,36872,1974864.37
2025-09-25,SIGMAADV,BE,INE933B01012,SIGMA ADVANCED SYSTEM LTD,168.0,173.74,164.4,165.68,165.47,0.13,488219,80888120.34
2025-09-25,SIKKO,BE,INE112X01025,SIKKO INDUSTRIES LIMITED,3.5,3.7,3.47,3.56,3.47,2.55,5899640,20993869.24
2025-09-25,SMARTLINK,BE,INE178C01020,SMARTLINK HOLDINGS LTD,155.0,158.99,152.36,154.96,155.89,-0.6,4070,630687.23
2025-09-25,SONAMLTD,BE,INE00LM01029,SONAM LIMITED,46.63,46.63,45.1,45.69,46.02,-0.72,25124,1147915.53
2025-09-25,SPECIALITY,BE,INE247M01014,SPECIALITY REST LTD,133.2,133.2,130.0,130.99,132.65,-1.25,9561,1252395.44
2025-09-25,SPECTRUM,BE,INE01EO01010,SPECTRUM ELECTRIC IND LTD,1418.5,1438.0,1395.0,1430.0,1425.4,0.32,4583,6553690.0
2025-09-25,SREEL,BE,INE099F01013,SREELEATHERS LIMITED,235.2,236.48,229.32,232.39,233.99,-0.68,12622,2933226.57
2025-09-25,STALLION,BE,INE0RYC01010,STALLION IND FLUOROCHEM L,208.4,214.35,204.4,210.16,207.34,1.36,879070,184745354.42
2025-09-25,STERTOOLS,BE,INE334A01023,STERLING TOOLS LIMITED,324.15,330.0,319.1,320.75,322.5,-0.54,46455,14900441.25
2025-09-25,STLTECH,BE,INE089C01029,STERLITE TECHNOLOGIES LTD,122.99,126.0,122.75,123.61,123.27,0.28,1394763,172406655.28
2025-09-25,SUNDRMBRAK,BE,INE073D01013,SUNDARAMBRAKE LININGS LTD,773.9,774.7,765.0,770.05,773.9,-0.5,405,311870.25
2025-09-25,SUPERSPIN,BE,INE662A01027,SUPER SPINNING MILLS LTD,9.26,9.49,9.11,9.23,9.31,-0.86,26458,244207.33
2025-09-25,SUTLEJTEX,BE,INE645H01027,SUTLEJ TEXT & INDUS LTD,37.95,37.95,35.91,36.01,36.97,-2.6,34654,1247890.48
2025-09-25,SWANDEF,BE,INE542F01020,SWAN DEFENCE N HEVY IND L,577.1,577.1,577.1,577.1,577.1,0.0,0,0.0
2025-09-25,SWARAJ,BE,INE0GMR01016,SWARAJ SUITING LIMITED,166.45,173.5,166.45,171.6,169.95,0.97,6500,1115400.04
2025-09-25,TICL,BE,INE388G01026,TWAMEV CONS AND INFRA LTD,21.2,22.52,19.35,22.3,21.17,5.34,996822,22229129.84
2025-09-25,TIJARIA,BE,INE440L01017,TIJARIA POLYPIPES LTD,6.29,6.3,5.96,6.05,6.26,-3.35,19245,116432.25
2025-09-25,TIL,BE,INE806C01018,TIL LTD,327.3,336.65,321.15,336.65,320.65,4.99,45645,15366388.97
2025-09-25,TIRUPATIFL,BE,INE319Y01024,TIRUPATI FORGE LIMITED,37.53,37.53,36.6,36.86,36.83,0.08,110204,4062119.51
2025-09-25,TOTAL,BE,INE336X01012,TOTAL TRANSPORT SYS LTD,70.99,82.6,70.01,73.86,71.26,3.65,91530,6760405.86
2025-09-25,TPHQ,BE,INE065J01024,TEAMO PRODUCTIONS HQ LTD,0.72,0.73,0.69,0.7,0.72,-2.78,2949532,2064672.36
2025-09-25,TRANSWORLD,BE,INE757B01015,TRANSWORLD SHIP LINES LTD,269.0,270.12,258.0,259.87,269.53,-3.58,14066,3655331.35
2025-09-25,TVVISION,BE,INE871L01013,TV VISION LIMITED,7.4,7.4,6.84,7.13,7.13,0.0,18266,130236.58
2025-09-25,UCAL,BE,INE139B01016,UCAL LIMITED,143.0,143.0,138.0,138.68,141.46,-1.97,8005,1110133.34
2025-09-25,UFBL,BE,INE382M01027,UNITED FOODBRANDS LIMITED,227.0,232.7,221.4,226.15,226.0,0.07,159579,36088789.88
2025-09-25,UMAEXPORTS,BE,INE0GIU01018,UMA EXPORTS LIMITED,46.8,47.11,46.76,46.8,47.66,-1.8,4405,206154.0
2025-09-25,UNIVASTU,BE,INE562X01013,UNIVASTU INDIA LIMITED,80.37,83.3,79.37,79.87,80.9,-1.28,101649,8118367.01
2025-09-25,UNIVPHOTO,BE,INE03V001013,UNIVERSUS IMAGINGS LTD,256.4,259.6,256.0,256.85,257.2,-0.14,1182,303596.71
2025-09-25,URAVIDEF,BE,INE568Z01015,URAVI DEFENCE &TECH LTD,256.55,256.55,245.7,245.7,258.6,-4.99,260212,63934087.61
2025-09-25,UYFINCORP,BE,INE152C01025,U. Y. FINCORP LIMITED,15.63,16.0,15.15,15.25,15.63,-2.43,532920,8127030.0
2025-09-25,VALIANTLAB,BE,INE0JWS01017,VALIANT LABORATORIES LTD,88.3,92.0,84.6,85.36,88.3,-3.33,112263,9582769.75
2025-09-25,VALIANTORG,BE,INE565V01010,VALIANT ORGANICS LIMITED,351.55,351.55,341.65,343.0,351.55,-2.43,6975,2392425.0
2025-09-25,VARDHACRLC,BE,INE116G01013,VARDHAMAN ACRYLICS LTD,45.65,45.65,44.31,44.45,45.65,-2.63,12616,560781.21
2025-09-25,VCL,BE,INE098201036,VAXTEX COTFAB LIMITED,0.98,1.03,0.96,1.01,0.99,2.02,161458,163072.58
2025-09-25,VENUSREM,BE,INE411B01019,VENUS REMEDIES LIMITED,458.0,458.0,442.2,446.25,449.85,-0.8,10955,4888668.75
2025-09-25,VETO,BE,INE918N01018,VETO SWITCHGEAR CABLE LTD,119.0,119.52,116.0,116.49,119.54,-2.55,29535,3440532.09
2025-09-25,VHLTD,BE,INE048C01025,VICEROY HOTELS LIMITED,123.89,123.89,117.4,120.32,119.87,0.38,14987,1803235.84
2025-09-25,VIJIFIN,BE,INE159N01027,VIJI FINANCE LIMITED,2.83,2.89,2.76,2.81,2.83,-0.71,97906,275115.85
2025-09-25,VIPULLTD,BE,INE946H01037,VIPUL LIMITED,10.1,10.1,9.62,9.71,9.76,-0.51,122162,1186193.02
2025-09-25,VIVIMEDLAB,BE,INE526G01021,VIVIMED LABS LIMITED,4.95,4.95,4.95,4.95,4.95,0.0,0,0.0
2025-09-25,WELINV,BE,INE389K01018,WELSPUN INV & COMM LTD,1042.4,1042.4,1042.4,1042.4,1022.0,2.0,593,618143.21
2025-09-25,AGSTRA,BZ,INE583L01014,AGS TRANSACT TECH LTD,3.96,4.04,3.96,3.96,4.05,-2.22,634118,2511107.3
2025-09-25,ANKITMETAL,BZ,INE106I01010,ANKIT MET & POW LTD,2.03,2.12,1.98,2.11,2.03,3.94,8364,17648.04
2025-09-25,ANSALAPI,BZ,INE436A01026,ANSAL PROP & INFRA LTD,4.74,4.78,4.62,4.72,4.7,0.43,15430,72829.6
2025-09-25,ARSHIYA,BZ,INE968D01022,ARSHIYA LIMITED,1.94,1.94,1.87,1.87,1.91,-2.09,55927,104583.49
2025-09-25,ASTRON,BZ,INE646X01014,ASTRON PAPER BORD MIL LTD,15.67,15.68,14.39,14.4,15.15,-4.95,68918,992419.17
2025-09-25,COMPINFO,BZ,INE070C01037,COMPUAGE INFOCOM LTD,1.9,1.94,1.82,1.88,1.9,-1.05,18811,35364.68
2025-09-25,DHARAN,BZ,INE278R01034,DHARAN INFRA-EPC LIMITED,0.6,0.6,0.6,0.6,0.59,1.69,27742939,16645764.06
2025-09-25,FEL,BZ,INE623B01027,FUTURE ENTERPRISES LTD,0.6,0.61,0.58,0.58,0.6,-3.33,133479,77417.82
2025-09-25,FELDVR,BZ,IN9623B01058,FUTURE ENTERPRISES LTD,3.41,3.41,3.41,3.41,3.41,0.0,1047,3570.27
2025-09-25,FLFL,BZ,INE452O01016,FUT LIFESTYLE FASH LTD,1.7,1.76,1.63,1.7,1.71,-0.58,19015,32325.5
2025-09-25,GENSOL,BZ,INE06H201014,GENSOL ENGINEERING LTD,43.71,43.71,43.71,43.71,43.71,0.0,0,0.0
2025-09-25,GOLDENTOBC,BZ,INE973A01010,GOLDEN TOBACCO LIMITED,35.22,35.25,34.5,35.03,35.22,-0.54,2509,87890.27
2025-09-25,HDIL,BZ,INE191I01012,HOUSING DEV & INFRA LTD,3.04,3.07,2.88,2.91,3.04,-4.28,183982,535387.64
2025-09-25,HMT,BZ,INE262A01018,HMT LTD -,63.0,63.0,59.94,60.41,61.51,-1.79,11852,715979.32
2025-09-25,IL&FSENGG,BZ,INE369I01014,IL&FS ENG AND CONS CO LTD,31.15,31.18,29.75,29.85,31.15,-4.17,7628,227695.8
2025-09-25,IL&FSTRANS,BZ,INE975G01012,IL&FS TRANS NET LTD,3.18,3.18,3.05,3.06,3.14,-2.55,38965,119232.9
2025-09-25,IMPEXFERRO,BZ,INE691G01015,IMPEX FERRO TECH LIMITED,2.03,2.03,1.94,1.98,2.03,-2.46,9693,19192.14
2025-09-25,LAKPRE,BZ,INE651C01018,LAKSHMI PRE SCRE LTD,5.05,5.05,5.05,5.05,5.05,0.0,0,0.0
2025-09-25,MEP,BZ,INE776I01010,MEP INFRA. DEVELOPERS LTD,1.76,1.76,1.76,1.76,1.73,1.73,362,637.12
2025-09-25,RAJESHEXPO,BZ,INE343B01030,RAJESH EXPORTS LTD,191.11,192.67,187.85,189.02,190.98,-1.03,190994,36101686.7
2025-09-25,RHFL,BZ,INE217K01011,RELIANCE HOME FINANCE LTD,3.74,3.74,3.74,3.74,3.94,-5.08,1025480,3835295.21
2025-09-25,SANWARIA,BZ,INE890C01046,SANWARIA CONSUMER LIMITED,0.35,0.35,0.33,0.34,0.34,0.0,507490,172546.6
2025-09-25,SETUINFRA,BZ,INE023M01027,SETUBANDHAN INFRA LTD,0.73,0.73,0.73,0.73,0.73,0.0,0,0.0
2025-09-25,SHRENIK,BZ,INE632X01030,SHRENIK LIMITED,0.55,0.58,0.54,0.55,0.54,1.85,2232457,1227851.38
2025-09-25,SIMBHALS,BZ,INE748T01016,SIMBHAOLI SUGARS LTD.,13.2,14.17,13.2,13.82,13.5,2.37,23799,328902.17
2025-09-25,SITINET,BZ,INE965H01011,SITI NETWORKS LIMITED,0.5,0.5,0.48,0.48,0.49,-2.04,198051,95064.48
2025-09-25,SUPREMEENG,BZ,INE319Z01021,SUPREME ENGINEERING LTD,0.91,0.91,0.91,0.91,0.91,0.0,0,0.0
2025-09-25,20MICRONS,EQ,INE144J01027,20 MICRONS LTD,227.2,228.0,223.65,225.34,227.74,-1.05,84461,19032441.43
2025-09-25,21STCENMGM,EQ,INE253B01015,21ST CENTURY MGMT SERVICE,53.01,53.01,51.36,52.05,51.98,0.13,4045,210542.25
2025-09-25,360ONE,EQ,INE466L01038,360 ONE WAM LIMITED,1025.0,1029.2,1012.0,1022.1,1026.5,-0.43,892451,912174145.31
2025-09-25,3MINDIA,EQ,INE470A01017,3M INDIA LIMITED,29520.0,29545.0,28790.0,28920.0,29375.0,-1.55,5293,153073560.0
2025-09-25,3PLAND,EQ,INE105C01023,3P LAND HOLDINGS LIMITED,45.3,46.8,45.01,45.14,46.15,-2.19,5145,232245.3
2025-09-25,5PAISA,EQ,INE618L01018,5PAISA CAPITAL LIMITED,362.0,364.35,355.0,357.2,362.0,-1.33,12274,4384272.95
2025-09-25,63MOONS,EQ,INE111B01023,63 MOONS TECHNOLOGIES LTD,916.95,923.05,886.05,889.8,915.35,-2.79,118895,105792769.55
2025-09-25,A2ZINFRA,EQ,INE619I01012,A2Z INFRA ENGINEERING LTD,17.88,18.24,17.88,17.88,18.25,-2.03,61524,1100049.07
2025-09-25,AAATECH,EQ,INE0D0U01013,AAA TECHNOLOGIES LIMITED,81.9,81.9,78.31,78.57,81.45,-3.54,36090,2835591.29
2025-09-25,AADHARHFC,EQ,INE883F01010,AADHAR HOUSING FINANCE L,539.95,541.45,524.4,526.8,539.85,-2.42,306734,161587467.46
2025-09-25,AAKASH,EQ,INE087Z01024,AAKASH EXPLORATION SER L,9.81,10.0,9.8,9.91,9.99,-0.8,58547,580200.76
2025-09-25,AAREYDRUGS,EQ,INE198H01019,AAREY DRUGS & PHARM LTD,77.25,78.4,74.26,75.69,77.19,-1.94,51326,3884865.07
2025-09-25,AARON,EQ,INE721Z01010,AARON INDUSTRIES LIMITED,192.0,195.5,191.62,192.55,191.3,0.65,8774,1689433.73
2025-09-25,AARTIDRUGS,EQ,INE767A01016,AARTI DRUGS LTD.,525.0,529.5,503.9,507.1,517.2,-1.95,174476,88476780.66
2025-09-25,AARTIIND,EQ,INE769A01020,AARTI INDUSTRIES LTD,383.35,385.7,379.05,380.4,383.35,-0.77,313850,119388538.08
2025-09-25,AARTIPHARM,EQ,INE0LRU01027,AARTI PHARMALABS LIMITED,860.15,863.0,841.0,843.3,857.6,-1.67,242615,204597226.54
2025-09-25,AARVI,EQ,INE754X01016,AARVI ENCON LIMITED,124.5,126.58,123.96,124.16,126.63,-1.95,4620,573619.22
2025-09-25,AAVAS,EQ,INE216P01012,AAVAS FINANCIERS LIMITED,1675.9,1675.9,1609.9,1628.6,1669.9,-2.47,119405,194462980.08
2025-09-25,ABB,EQ,INE117A01022,ABB INDIA LIMITED,5237.0,5265.0,5184.0,5200.7,5237.3,-0.7,308529,1604566830.56
2025-09-25,ABBOTINDIA,EQ,INE358A01014,ABBOTT INDIA LIMITED,30195.0,30505.0,30025.0,30195.0,30195.0,0.0,10296,310887720.0
2025-09-25,ABCAPITAL,EQ,INE674K01013,ADITYA BIRLA CAPITAL LTD.,293.0,294.45,285.05,286.5,291.95,-1.87,3221602,922988973.0
2025-09-25,ABCOTS,EQ,INE08PH01015,A B COTSPIN INDIA LIMITED,458.0,473.0,440.0,443.7,452.1,-1.86,25423,11280185.41
2025-09-25,ABDL,EQ,INE552Z01027,ALLIED BLEND N DISTILS L,534.0,537.9,520.8,523.55,535.3,-2.2,260158,136205717.72
2025-09-25,ABFRL,EQ,INE647O01011,ADITYA BIRLA FASHION & RT,91.58,91.58,86.55,87.31,91.13,-4.19,9947078,868479355.9
2025-09-25,ABGSEC,EQ,INF209KC1134,BIRLASLAMC - ABGSEC,110.64,110.64,110.64,110.64,110.45,0.17,535,59192.4
2025-09-25,ABLBL,EQ,INE14LE01019,ADITYA BIRLA LIFES BRAN L,135.79,137.9,134.71,135.59,135.89,-0.22,948215,128568468.38
2025-09-25,ABREL,EQ,INE055A01016,ADITYA BIRLA REAL EST LTD,1845.1,1845.1,1768.0,1781.3,1845.1,-3.46,97309,173336526.45
2025-09-25,ABSLAMC,EQ,INE404A01024,ADIT BIRL SUN LIF AMC LTD,812.5,815.2,799.15,803.5,812.1,-1.06,304660,244794310.0
2025-09-25,ABSLBANETF,EQ,INF209KB17D5,BIRLASLAMC - ABSLBANETF,56.21,56.56,56.07,56.14,56.27,-0.23,40914,2296911.94
2025-09-25,ABSLLIQUID,EQ,INF209KB18T9,BIRLASLAMC - ABSLLIQUID,999.99,1000.01,999.99,1000.01,1000.01,0.0,2547,2547025.49
2025-09-25,ABSLNN50ET,EQ,INF209KB16D7,BIRLASLAMC - ABSLNN50ET,72.69,72.69,71.29,71.48,71.95,-0.65,3791,270980.69
2025-09-25,ABSLPSE,EQ,INF209KB19Z4,BIRLASLAMC-ABSLPSE,10.31,10.31,10.0,10.01,10.06,-0.5,216857,2170738.62
2025-09-25,ACC,EQ,INE012A01025,ACC LIMITED,1860.0,1871.0,1847.0,1851.6,1860.9,-0.5,115077,213076570.39
2025-09-25,ACCELYA,EQ,INE793A01012,ACCELYA SOLN INDIA LTD,1496.1,1502.7,1485.7,1487.6,1488.3,-0.05,9951,14803107.36
2025-09-25,ACE,EQ,INE731H01025,ACTION CONST EQUIP LTD,1140.0,1140.0,1110.2,1114.0,1138.1,-2.12,146601,163313514.0
2025-09-25,ACEINTEG,EQ,INE543V01017,ACE INTEGRATED SOLU. LTD.,24.8,26.0,24.45,25.15,24.17,4.05,14601,367215.14
2025-09-25,ACI,EQ,INE128X01021,ARCHEAN CHEMICAL IND LTD,706.65,717.0,696.15,707.2,707.95,-0.11,289736,204901302.74
2025-09-25,ACL,EQ,INE666E01020,ANDHRA CEMENTS LIMITED,89.27,89.28,89.27,89.27,91.1,-2.01,4565,407517.53
2025-09-25,ACMESOLAR,EQ,INE622W01025,ACME SOLAR HOLDINGS LTD,284.1,284.1,275.0,280.85,283.95,-1.09,967724,271785291.31
2025-09-25,ACUTAAS,EQ,INE00FF01025,ACUTAAS CHEMICALS LIMITED,1455.0,1456.4,1392.2,1411.1,1449.2,-2.63,366600,517309251.05
2025-09-25,ADANIENSOL,EQ,INE931S01010,ADANI ENERGY SOLUTION LTD,889.0,907.0,881.1,894.2,889.0,0.58,2438224,2180259930.56
2025-09-25,ADANIENT,EQ,INE423A01024,ADANI ENTERPRISES LIMITED,2625.0,2647.9,2567.0,2576.4,2619.8,-1.66,1489682,3838016559.32
2025-09-25,ADANIGREEN,EQ,INE364U01010,ADANI GREEN ENERGY LTD,1096.05,1115.0,1076.3,1079.55,1095.25,-1.43,5390958,5819808972.13
2025-09-25,ADANIPORTS,EQ,INE742F01042,ADANI PORT & SEZ LTD,1431.7,1439.9,1404.1,1407.2,1431.6,-1.7,1970560,2772971935.78
2025-09-25,ADANIPOWER,EQ,INE814H01029,ADANI POWER LTD,145.5,153.9,145.5,149.0,144.5,3.11,158371401,23597338749.0
2025-09-25,ADFFOODS,EQ,INE982B01027,ADF FOODS LIMITED,225.0,226.7,222.1,223.05,225.18,-0.95,52623,11737560.31
2025-09-25,ADL,EQ,INE0CHO01012,ARCHIDPLY DECOR LIMITED,89.37,89.38,84.3,84.86,85.52,-0.77,1351,114645.86
2025-09-25,ADOR,EQ,INE045A01017,ADOR WELDING LTD,1003.0,1016.35,1000.05,1014.7,1008.35,0.63,8657,8784258.01
2025-09-25,ADROITINFO,EQ,INE737B01033,ADROIT INFOTECH LIMITED,10.66,11.06,10.66,10.83,10.62,1.98,23463,254104.29
2025-09-25,ADSL,EQ,INE102I01027,ALLIED DIGITAL SERV. LTD,192.31,193.0,183.75,184.43,193.3,-4.59,670834,123721909.71
2025-09-25,ADVANIHOTR,EQ,INE199C01026,ADVANI HOT.& RES.(I) LTD,59.49,59.82,58.48,58.53,59.11,-0.98,34524,2020689.68
2025-09-25,ADVENZYMES,EQ,INE837H01020,ADVANCED ENZYME TECH LTD,334.7,338.45,325.4,327.0,334.7,-2.3,114603,37475181.0
2025-09-25,AEGISLOG,EQ,INE208C01025,AEGIS LOGISTICS LIMITED,762.8,786.8,760.55,773.9,762.3,1.52,589477,456196264.69
2025-09-25,AEGISVOPAK,EQ,INE0INX01018,AEGIS VOPAK TERMINALS LTD,237.6,246.0,235.67,243.32,239.01,1.8,515973,125546554.14
2025-09-25,AEROENTER,EQ,INE065D01027,AEROFLEX ENTERPRISES LTD,83.4,86.89,83.0,85.93,84.27,1.97,209086,17966760.04
2025-09-25,AEROFLEX,EQ,INE024001021,AEROFLEX INDUSTRIES LTD,185.5,188.46,184.99,185.49,185.81,-0.17,288720,53554674.39
2025-09-25,AERONEU,EQ,INE035801013,AEROFLEX NEU LIMITED,100.26,101.75,98.21,101.38,99.64,1.75,16034,1625526.88
2025-09-25,AETHER,EQ,INE0BWX01014,AETHER INDUSTRIES LIMITED,735.05,746.2,734.8,740.6,736.8,0.52,90564,67071696.19
2025-09-25,AFCONS,EQ,INE101I01011,AFCONS INFRASTRUCTURE LTD,452.8,454.9,441.0,443.55,456.6,-2.86,305685,135586578.02
2025-09-25,AFFLE,EQ,INE00WC01027,AFFLE 3I LIMITED,2030.0,2077.0,2029.6,2062.7,2038.6,1.18,164790,339912324.95
2025-09-25,AFFORDABLE,EQ,INE692Z01013,AFFORD ROBO & AUTO LTD,259.95,260.0,244.0,245.45,255.15,-3.8,68317,16768407.44
2025-09-25,AFIL,EQ,INE916Y01027,AKME FINTRADE (INDIA) LTD,8.7,9.49,8.6,9.13,8.37,9.08,30665465,279975698.96
2025-09-25,AFSL,EQ,INE00ZE01026,ABANS FINANCIAL SRVCS LTD,209.0,210.5,206.2,207.75,208.36,-0.29,5336,1108554.0
2025-09-25,AGARIND,EQ,INE204E01012,AGARWAL INDS CORP LTD.,989.9,991.05,960.0,963.3,990.8,-2.78,48335,46561104.91
2025-09-25,AGARWALEYE,EQ,INE943P01029,DR AGARWALS HEALTH CARE L,464.0,490.0,457.35,484.3,460.35,5.2,776875,376240553.02
2025-09-25,AGI,EQ,INE415A01038,AGI GREENPAC LIMITED,911.0,939.0,882.1,885.1,908.1,-2.53,311124,275375844.8
2025-09-25,AGIIL,EQ,INE976R01033,AGI INFRA LIMITED,250.0,255.54,247.0,252.54,247.52,2.03,621265,156894258.93
2025-09-25,AGRITECH,EQ,INE449G01018,AGRI-TECH (INDIA) LIMITED,139.46,141.0,138.1,138.57,139.46,-0.64,2463,341297.93
2025-09-25,AGROPHOS,EQ,INE740V01019,AGRO PHOS INDIA LIMITED,42.6,44.6,42.37,42.37,44.61,-5.02,52255,2214044.29
2025-09-25,AHCL,EQ,INE0Y8W01025,ANLON HEALTHCARE LIMITED,13.9,13.98,13.32,13.38,14.02,-4.54,1922500,25728818.22
2025-09-25,AHLADA,EQ,INE00PV01013,AHLADA ENGINEERS LIMITED,67.18,67.99,64.0,65.01,68.33,-4.86,26533,1724910.39
2025-09-25,AHLEAST,EQ,INE926K01017,ASIAN HOTELS (EAST) LTD,150.56,154.9,150.5,154.09,153.05,0.68,2983,459650.46
2025-09-25,AHLUCONT,EQ,INE758C01029,AHLUWALIA CONT IND LTD,1015.3,1015.3,990.0,994.55,1015.3,-2.04,62746,62404033.53
2025-09-25,AIAENG,EQ,INE212H01026,AIA ENGINEERING LIMITED,3082.0,3115.0,3060.4,3099.0,3070.2,0.94,124502,385831698.0
2025-09-25,AIIL,EQ,INE206F01022,AUTHUM INVEST & INFRA LTD,613.78,615.32,600.0,600.52,611.9,-1.86,163845,98392202.6
2025-09-25,AIRAN,EQ,INE645W01026,AIRAN LIMITED,25.2,25.73,25.1,25.12,25.38,-1.02,56504,1419380.53
2025-09-25,AIROLAM,EQ,INE801L01010,AIRO LAM LIMITED,109.0,110.45,108.21,108.52,109.4,-0.8,2607,282911.63
2025-09-25,AJANTPHARM,EQ,INE031B01049,AJANTA PHARMA LIMITED,2531.2,2543.9,2466.6,2489.4,2531.2,-1.65,72077,179428476.76
2025-09-25,AJAXENGG,EQ,INE274Y01021,AJAX ENGINEERING LIMITED,656.0,656.0,643.5,648.3,650.45,-0.33,54668,35441263.73
2025-09-25,AJMERA,EQ,INE298G01035,AJMERA REALTY & INF I LTD,208.0,212.03,205.4,206.42,207.44,-0.49,719430,148504739.28
2025-09-25,AJOONI,EQ,INE820Y01021,AJOONI BIOTECH LIMITED,5.57,5.57,5.36,5.4,5.5,-1.82,186395,1006533.02
2025-09-25,AKASH,EQ,INE737W01013,AKASH INFRA-PROJECTS LTD,30.1,30.97,28.2,28.59,30.56,-6.45,28133,804322.47
2025-09-25,AKG,EQ,INE00Y801016,AKG EXIM LIMITED,12.5,13.4,12.3,13.2,12.43,6.19,153760,2029631.97
2025-09-25,AKSHAR,EQ,INE256Z01025,AKSHAR SPINTEX LIMITED,0.58,0.59,0.57,0.57,0.57,0.0,1117516,636984.11
2025-09-25,AKUMS,EQ,INE09XN01023,AKUMS DRUGS AND PHARMA L,465.25,466.0,456.3,458.7,466.0,-1.57,127215,58353522.05
2025-09-25,ALANKIT,EQ,INE914E01040,ALANKIT LIMITED,13.14,13.44,13.08,13.22,13.12,0.76,274401,3627581.29
2025-09-25,ALBERTDAVD,EQ,INE155C01010,ALBERT DAVID LIMITED,800.1,800.1,790.0,793.75,797.05,-0.41,2635,2091531.25
2025-09-25,ALEMBICLTD,EQ,INE426A01027,ALEMBIC LIMITED,104.19,104.79,102.8,103.11,104.19,-1.04,153139,15790162.38
2025-09-25,ALICON,EQ,INE062D01024,ALICON CASTALLOY LIMITED,889.1,891.1,872.85,881.5,884.45,-0.33,5797,5110055.5
2025-09-25,ALIVUS,EQ,INE03Q201024,ALIVUS LIFE SCIENCES LTD,973.0,984.85,943.3,946.75,968.3,-2.23,83672,79216466.0
2025-09-25,ALKALI,EQ,INE773I01017,ALKALI METALS LTD,95.24,96.85,94.02,95.26,95.71,-0.47,14317,1363837.45
2025-09-25,ALKEM,EQ,INE540L01014,ALKEM LABORATORIES LTD.,5591.0,5591.0,5484.5,5508.0,5576.0,-1.22,291331,1604651148.0
2025-09-25,ALKYLAMINE,EQ,INE150B01039,ALKYL AMINES CHEM. LTD,2025.0,2035.9,2000.2,2001.0,2023.6,-1.12,21470,42961470.0
2025-09-25,ALLCARGO,EQ,INE418H01029,ALLCARGO LOGISTICS LTD,33.93,34.22,33.25,33.45,33.66,-0.62,3388514,113345795.89
2025-09-25,ALLDIGI,EQ,INE835G01018,ALLDIGI TECH LIMITED,923.8,969.0,921.3,941.4,918.35,2.51,10655,10030617.26
2025-09-25,ALLTIME,EQ,INE0GV601021,ALL TIME PLASTICS LIMITED,275.0,278.6,274.25,275.25,275.0,0.09,164334,45232933.5
2025-09-25,ALMONDZ,EQ,INE326B01035,ALMONDZ GLOBAL SEC LTD,19.8,20.0,19.06,19.26,19.63,-1.88,99891,1923900.68
2025-09-25,ALOKINDS,EQ,INE270A01029,ALOK INDUSTRIES LIMITED,18.18,18.19,17.62,17.89,18.0,-0.61,3495692,62537927.75
2025-09-25,ALPA,EQ,INE385I01010,ALPA LABORATORIES LTD,92.6,94.0,90.0,92.89,93.18,-0.31,17474,1623159.85
2025-09-25,ALPHA,EQ,INF174KA1IA5,KOTAKMAMC - KOTAKALPHA,50.03,50.03,48.32,48.47,48.81,-0.7,861320,41748181.45
2025-09-25,ALPHAETF,EQ,INF769K01KU7,MIRAEAMC - ALPHAETF,24.98,25.1,24.71,24.74,24.98,-0.96,506002,12518489.36
2025-09-25,ALPL30IETF,EQ,INF109KC17V7,ICICIPRAMC - ICICIALPLV,26.71,27.54,26.71,27.21,27.4,-0.69,828692,22548708.56
2025-09-25,AMBER,EQ,INE371P01015,AMBER ENTERPRISES (I) LTD,8410.0,8497.0,8350.0,8438.5,8410.0,0.34,604522,5101258897.0
2025-09-25,AMBICAAGAR,EQ,INE792B01012,AMBICA AGAR & AROMAINDLTD,25.79,26.18,25.02,25.38,25.79,-1.59,10767,273266.45
2025-09-25,AMBIKCO,EQ,INE540G01014,AMBIKA COTTON MILL LTD.,1475.0,1497.8,1461.0,1464.1,1489.9,-1.73,3995,5849079.4
2025-09-25,AMBUJACEM,EQ,INE079A01024,AMBUJA CEMENTS LTD,585.0,588.8,577.8,579.4,582.65,-0.56,1932523,1119703873.38
2025-09-25,AMJLAND,EQ,INE606A01024,AMJ LAND HOLDINGS LIMITED,56.61,56.61,54.5,54.65,56.22,-2.79,25884,1414560.64
2025-09-25,AMNPLST,EQ,INE275D01022,AMINES & PLASTICIZERS LTD,223.42,229.85,223.0,226.68,222.71,1.78,12714,2882009.43
2025-09-25,AMRUTANJAN,EQ,INE098F01031,AMRUTAJAN HEALTH LTD,747.65,749.05,732.7,738.15,747.65,-1.27,13259,9787131.17
2025-09-25,ANANDRATHI,EQ,INE463V01026,ANAND RATHI WEALTH LTD,1441.4,1446.95,1419.05,1437.2,1441.2,-0.28,136692,196453735.73
2025-09-25,ANANTRAJ,EQ,INE242C01024,ANANT RAJ LIMITED,677.0,684.95,667.15,677.8,677.1,0.1,5096720,3454556753.78
2025-09-25,ANDHRAPAP,EQ,INE435A01051,ANDHRA PAPER LIMITED,79.2,79.8,76.6,77.2,78.77,-1.99,102033,7876947.29
2025-09-25,ANDHRSUGAR,EQ,INE715B01021,ANDHRA SUGARS LTD,75.64,75.97,74.7,74.88,75.57,-0.91,72814,5452312.12
2025-09-25,ANGELONE,EQ,INE732I01021,ANGEL ONE LIMITED,219.5,223.0,218.8,219.49,220.24,-0.34,5480730,1202965457.81
2025-09-25,ANIKINDS,EQ,INE087B01017,ANIK INDUSTRIES LTD,66.0,69.52,65.0,65.53,66.21,-1.03,55573,3641698.62
2025-09-25,ANNAPURNA,EQ,INE0MGM01017,ANNAPURNA SWADISHT LTD,269.15,269.15,267.7,267.95,270.75,-1.03,10000,2679500.12
2025-09-25,ANTELOPUS,EQ,INE818A01017,ANTELOPUS SELAN ENRGY LTD,549.35,569.9,549.35,553.15,550.0,0.57,35205,19473646.61
2025-09-25,ANTGRAPHIC,EQ,INE414B01021,ANTARCTICA LTD,1.09,1.11,1.08,1.08,1.09,-0.92,133461,144137.89
2025-09-25,ANTHEM,EQ,INE0CZ201020,ANTHEM BIOSCIENCES LTD,816.0,820.0,801.0,805.0,820.75,-1.92,343261,276325105.0
2025-09-25,ANUHPHR,EQ,INE489G01022,ANUH PHARMA LIMITED,86.99,86.99,84.5,84.87,85.37,-0.59,12669,1075218.06
2025-09-25,ANUP,EQ,INE294Z01018,THE ANUP ENGINEERING LTD,2420.0,2420.0,2359.9,2364.4,2412.8,-2.01,25022,59162014.36
2025-09-25,ANURAS,EQ,INE930P01018,ANUPAM RASAYAN INDIA LTD,1111.0,1115.9,1094.6,1104.8,1110.4,-0.5,430009,475073964.2
2025-09-25,AONEGOLD,EQ,INF1J2R01114,AONEAMC - AONEGOLD,10.63,10.63,10.63,10.63,10.64,-0.1,0,0.0
2025-09-25,AONELIQUID,EQ,INF1J2R01056,AONEAMC - AONELIQUID,1026.94,1026.96,1026.94,1026.94,1026.81,0.01,11364,11670145.49
2025-09-25,AONENIFTY,EQ,INF1J2R01064,AONEAMC - AONENIFTY,10.33,10.33,10.16,10.17,10.25,-0.78,192034,1952985.79
2025-09-25,AONETOTAL,EQ,INF1J2R01015,AONEAMC - AONETOTAL,11.81,11.82,11.64,11.68,11.76,-0.68,298069,3481446.01
2025-09-25,APARINDS,EQ,INE372A01015,APAR INDUSTRIES LTD.,8754.0,8832.0,8676.5,8734.5,8758.5,-0.27,26158,228477051.0
2025-09-25,APCL,EQ,INE071F01012,ANJANI PORTLAND CEM LTD,138.53,142.7,136.0,136.67,138.53,-1.34,725,99085.75
2025-09-25,APCOTEXIND,EQ,INE116A01032,APCOTEX INDUSTRIES LIMITE,402.1,409.4,400.0,400.75,405.75,-1.23,19990,8010992.5
2025-09-25,APEX,EQ,INE346W01013,APEX FROZEN FOODS LIMITED,231.39,233.03,228.2,228.98,230.7,-0.75,33701,7716854.84
2025-09-25,APLAPOLLO,EQ,INE702C01027,APL APOLLO TUBES LTD,1676.2,1699.0,1674.0,1688.3,1676.2,0.72,1241769,2096478663.33
2025-09-25,APLLTD,EQ,INE901L01018,ALEMBIC PHARMA LTD,920.2,937.5,915.0,921.9,920.2,0.18,65174,60083912.19
2025-09-25,APOLLO,EQ,INE713T01028,APOLLO MICRO SYSTEMS LTD,341.8,349.5,338.45,341.7,341.55,0.04,4891088,1671284829.31
2025-09-25,APOLLOHOSP,EQ,INE437A01024,APOLLO HOSPITALS ENTER. L,7649.0,7704.0,7615.0,7624.0,7643.5,-0.26,374239,2853198136.0
2025-09-25,APOLLOPIPE,EQ,INE126J01016,APOLLO PIPES LIMITED,378.4,387.95,363.35,368.55,378.4,-2.6,104609,38553645.67
2025-09-25,APOLLOTYRE,EQ,INE438A01022,APOLLO TYRES LTD,494.35,495.9,488.2,493.25,494.7,-0.29,1016220,501250515.0
2025-09-25,APOLSINHOT,EQ,INE451F01024,APOLLO SINDOORI HOTEL LTD,1390.5,1399.2,1362.0,1375.0,1377.2,-0.16,897,1233375.0
2025-09-25,APTUS,EQ,INE852O01025,APTUS VALUE HSG FIN I LTD,320.05,329.4,314.55,316.65,320.75,-1.28,2413180,764133432.27
2025-09-25,AQYLON,EQ,INE416A01051,AQYLON NEXUS LIMITED,963.0,989.9,963.0,975.2,963.0,1.27,1398,1363329.62
2025-09-25,ARCHIDPLY,EQ,INE877I01016,ARCHIDPLY IND. LTD,102.73,106.0,102.73,103.76,103.85,-0.09,9437,979183.14
2025-09-25,ARCHIES,EQ,INE731A01020,ARCHIES LTD,21.71,22.43,21.5,21.66,21.69,-0.14,93405,2023152.29
2025-09-25,ARE&M,EQ,INE885A01032,AMARA RAJA ENERGY MOB LTD,997.0,999.6,976.05,981.55,1002.7,-2.11,481697,472809684.47
2025-09-25,ARENTERP,EQ,INE610C01014,RAJDARSHAN INDUSTRIES LTD,43.74,44.97,43.7,44.01,43.74,0.62,2809,123624.09
2025-09-25,ARFIN,EQ,INE784R01023,ARFIN INDIA LIMITED,47.89,48.5,46.7,47.0,47.06,-0.13,872362,41001014.0
2025-09-25,ARIHANTCAP,EQ,INE420B01036,ARIHANT CAPITAL MKTS LTD,104.0,112.0,103.4,110.29,104.34,5.7,1664972,183629763.4
2025-09-25,ARIHANTSUP,EQ,INE643K01018,ARIHANT SUPERSTRUCT LTD,402.0,409.4,400.85,405.9,404.0,0.47,25637,10406058.14
2025-09-25,ARIS,EQ,INE0H9P01028,ARISINFRA SOLUTIONS LTD,158.8,159.58,156.03,158.27,156.86,0.9,769643,121811400.9
2025-09-25,ARKADE,EQ,INE0QRL01017,ARKADE DEVELOPERS LIMITED,175.99,177.5,174.33,174.98,175.89,-0.52,498571,87239951.45
2025-09-25,ARMANFIN,EQ,INE109C01017,ARMAN FIN SERV LTD,1525.0,1525.0,1482.6,1497.5,1529.7,-2.1,18905,28310237.5
2025-09-25,AROGRANITE,EQ,INE210C01013,ARO GRANITE IND. LTD.,38.91,39.73,38.26,38.85,38.71,0.36,14090,547396.48
2025-09-25,ARROWGREEN,EQ,INE570D01018,ARROW GREENTECH LIMITED,558.05,567.95,552.6,558.7,558.5,0.04,13087,7311707.06
2025-09-25,ARTEMISMED,EQ,INE025R01021,ARTEMIS MED SERVICE LTD,244.6,245.95,240.4,240.7,243.45,-1.13,79019,19019873.06
2025-09-25,ARTNIRMAN,EQ,INE738V01013,ART NIRMAN LIMITED,49.98,49.98,48.0,48.0,49.0,-2.04,250,12000.0
2025-09-25,ARVEE,EQ,INE006Z01016,ARVEE LABORATORIES I LTD,183.94,183.95,166.44,172.5,175.2,-1.54,1514,261165.0
2025-09-25,ARVIND,EQ,INE034A01011,ARVIND LIMITED,316.95,319.8,311.3,314.55,316.95,-0.76,222426,69964095.58
2025-09-25,ARVINDFASN,EQ,INE955V01021,ARVIND FASHIONS LIMITED,550.65,550.65,531.55,534.05,550.75,-3.03,160118,85511015.95
2025-09-25,ARVSMART,EQ,INE034S01021,ARVIND SMARTSPACES LTD,639.8,647.35,632.1,642.8,640.7,0.33,30347,19507051.23
2025-09-25,ASAHIINDIA,EQ,INE439A01020,ASAHI INDIA GLASS LIMITED,909.5,933.0,906.25,909.65,913.5,-0.42,217562,197905278.61
2025-09-25,ASAL,EQ,INE900C01027,AUTOMOTIVE STAMPINGS & AS,567.9,570.5,541.6,546.0,567.9,-3.86,60536,33052656.0
2025-09-25,ASALCBR,EQ,INE073G01016,ASSO ALCOHOLS & BREW LTD,1001.5,1003.5,971.7,984.5,994.7,-1.03,90188,88790086.0
2025-09-25,ASHAPURMIN,EQ,INE348A01023,ASHAPURA MINECHEM LTD,640.0,671.0,637.25,649.95,639.4,1.65,1055096,685759658.08
2025-09-25,ASHIANA,EQ,INE365D01021,ASHIANA HOUSING LTD,303.0,305.8,298.0,299.05,302.6,-1.17,41430,12389640.99
2025-09-25,ASHIMASYN,EQ,INE440A01010,ASHIMA LTD,23.4,23.83,22.82,22.89,23.47,-2.47,136145,3116358.97
2025-09-25,ASHOKA,EQ,INE442H01029,ASHOKA BUILDCON LTD,193.0,193.0,188.0,189.3,193.72,-2.28,718277,135969838.29
2025-09-25,ASHOKAMET,EQ,INE760Y01011,ASHOKA METCAST LIMITED,17.95,18.0,17.1,17.23,17.87,-3.58,38511,663544.51
2025-09-25,ASHOKLEY,EQ,INE208A01029,ASHOK LEYLAND LTD,141.9,141.9,140.1,140.45,142.26,-1.27,10954407,1538546429.72
2025-09-25,ASIANENE,EQ,INE276G01015,ASIAN ENERGY SERVICES LTD,340.0,351.0,335.0,347.9,340.65,2.13,249907,86942643.77
2025-09-25,ASIANHOTNR,EQ,INE363A01022,ASIAN HOTELS (NORTH) LTD,324.1,332.05,320.0,324.7,326.65,-0.6,4328,1405301.65
2025-09-25,ASIANPAINT,EQ,INE021A01026,ASIAN PAINTS LIMITED,2458.5,2462.7,2388.0,2404.0,2457.2,-2.17,1518215,3649788860.0
2025-09-25,ASIANTILES,EQ,INE022I01019,ASIAN GRANITO IND. LTD.,61.1,61.29,59.0,59.41,61.1,-2.77,255525,15180740.21
2025-09-25,ASKAUTOLTD,EQ,INE491J01022,ASK AUTOMOTIVE LIMITED,567.3,575.65,560.55,572.5,566.4,1.08,527655,302082487.5
2025-09-25,ASPINWALL,EQ,INE991I01015,ASPINWALL & CO LTD,270.3,272.0,270.0,270.0,273.0,-1.1,698,188460.0
2025-09-25,ASTEC,EQ,INE563J01010,ASTEC LIFESCIENCES LTD,819.1,838.4,811.55,829.1,819.65,1.15,12069,10006407.61
2025-09-25,ASTERDM,EQ,INE914M01019,ASTER DM QUALITY CARE LTD,635.4,649.8,632.0,642.55,632.65,1.56,916752,589058986.41
2025-09-25,ASTRAL,EQ,INE006I01046,ASTRAL LIMITED,1428.0,1428.0,1396.1,1405.9,1439.9,-2.36,866669,1218449968.26
2025-09-25,ASTRAMICRO,EQ,INE386C01029,ASTRA MICROWAVE LTD,1125.1,1136.5,1075.6,1093.2,1125.1,-2.84,395236,432071975.9
2025-09-25,ASTRAZEN,EQ,INE203A01020,ASTRAZENECA PHARMA IND LT,8867.5,9068.0,8770.0,9027.5,8808.0,2.49,19131,172705102.5
2025-09-25,ATALREAL,EQ,INE0ALR01029,ATAL REALTECH LIMITED,21.09,21.47,20.7,21.16,21.09,0.33,3120495,66029673.72
2025-09-25,ATAM,EQ,INE09KD01013,ATAM VALVES LIMITED,91.98,91.98,90.1,90.74,91.35,-0.67,18934,1718071.12
2025-09-25,ATGL,EQ,INE399L01023,ADANI TOTAL GAS LIMITED,668.0,705.0,663.25,671.7,667.3,0.66,8172631,5489556342.46
2025-09-25,ATHERENERG,EQ,INE0LEZ01016,ATHER ENERGY LIMITED,581.5,581.5,534.5,557.2,581.85,-4.24,3574883,1991924851.24
2025-09-25,ATL,EQ,INE0NN701020,ALLCARGO TERMINALS LTD,37.9,40.51,36.9,38.39,37.8,1.56,3180754,122109144.12
2025-09-25,ATLANTAA,EQ,INE285H01022,ATLANTAA LIMITED,41.36,42.25,40.65,41.24,41.15,0.22,84757,3495378.82
2025-09-25,ATLASCYCLE,EQ,INE446A01025,ATLAS CYCLE (HARYANA) LTD,123.0,124.7,122.68,122.83,125.15,-1.85,4933,605920.4
2025-09-25,ATUL,EQ,INE100A01010,ATUL LTD,6264.0,6269.5,6201.0,6224.5,6264.0,-0.63,10703,66620823.5
2025-09-25,ATULAUTO,EQ,INE951D01028,ATUL AUTO LIMITED,510.25,510.25,486.75,491.7,507.7,-3.15,228587,112396230.69
2025-09-25,AUBANK,EQ,INE949L01017,AU SMALL FINANCE BANK LTD,733.25,747.55,730.2,741.6,736.15,0.74,1527974,1133145481.1
2025-09-25,AURIONPRO,EQ,INE132H01018,AURIONPRO SOLN LTD,1178.0,1196.3,1159.5,1166.1,1177.4,-0.96,124494,145172450.36
2025-09-25,AUROPHARMA,EQ,INE406A01037,AUROBINDO PHARMA LTD,1092.1,1108.7,1092.1,1097.0,1090.9,0.56,1710962,1876925314.0
2025-09-25,AURUM,EQ,INE898S01029,AURUM PROPTECH LIMITED,165.68,167.9,159.85,160.47,165.02,-2.76,76376,12256056.81
2025-09-25,AURUS,EQ,INE142K01011,AURUS GEM CORP LIMITED,6.66,6.85,6.66,6.8,6.66,2.1,11451,77866.8
2025-09-25,AUSOMENT,EQ,INE218C01016,AUSOM ENTERPRISE LIMITED,102.0,103.9,101.75,102.75,102.11,0.63,1441,148062.75
2025-09-25,AUTOAXLES,EQ,INE449A01011,AUTOMOTIVE AXLES LIMITED,1796.1,1796.1,1755.7,1760.0,1790.6,-1.71,2932,5160320.0
2025-09-25,AUTOBEES,EQ,INF204KC1337,NIPPONAMC - NETFAUTO,277.2,278.58,274.12,274.63,277.52,-1.04,221943,60952207.17
2025-09-25,AUTOIETF,EQ,INF109KC10V2,ICICIPRAMC - ICICIAUTO,28.5,28.5,27.43,27.48,27.81,-1.19,572584,15734608.06
2025-09-25,AUTOIND,EQ,INE718H01014,AUTOLINE INDUSTRIES LTD,78.2,78.79,75.9,76.51,77.82,-1.68,85343,6529593.11
2025-09-25,AVADHSUGAR,EQ,INE349W01017,AVADH SUG & ENERGY LTD,428.5,434.0,427.0,429.7,432.1,-0.56,18864,8105861.03
2025-09-25,AVALON,EQ,INE0LCL01028,AVALON TECHNOLOGIES LTD,1000.0,1024.0,990.5,996.6,1001.2,-0.46,262551,261658320.19
2025-09-25,AVANTEL,EQ,INE005B01027,AVANTEL LIMITED,185.65,188.19,179.26,179.96,186.62,-3.57,3399665,611803736.22
2025-09-25,AVANTIFEED,EQ,INE871C01038,AVANTI FEEDS LIMITED,680.0,680.7,668.4,671.15,682.25,-1.63,236843,158957185.23
2025-09-25,AVL,EQ,INE679V01027,ADITYA VISION LIMITED,578.0,578.8,557.3,559.25,578.95,-3.4,161233,90169555.25
2025-09-25,AVONMORE,EQ,INE323B01024,AVONMORE CAP&MGT SERV LTD,19.33,19.63,18.95,19.09,19.33,-1.24,280664,5357875.8
2025-09-25,AVROIND,EQ,INE652Z01025,AVRO INDIA LIMITED,15.39,15.88,15.2,15.32,15.19,0.89,500950,7675055.0
2025-09-25,AVTNPL,EQ,INE488D01021,AVT NATURAL PRODUCTS LTD,73.0,73.43,71.02,71.45,73.23,-2.43,95747,6841122.86
2025-09-25,AWFIS,EQ,INE108V01019,AWFIS SPACE SOLUTIONS LTD,590.55,600.0,567.5,586.3,589.3,-0.51,738249,432835379.69
2025-09-25,AWHCL,EQ,INE01BK01022,ANTONY WASTE HDG CELL LTD,574.5,582.5,571.1,573.55,578.75,-0.9,30779,17653295.07
2025-09-25,AWL,EQ,INE699H01024,AWL AGRI BUSINESS LIMITED,253.75,262.45,252.8,261.65,252.8,3.5,5237063,1370277501.99
2025-09-25,AXISBANK,EQ,INE238A01034,AXIS BANK LIMITED,1154.7,1171.8,1153.4,1166.6,1158.9,0.66,11188302,13052272840.05
2025-09-25,AXISCADES,EQ,INE555B01013,AXISCADES TECH LTD,1683.2,1714.8,1655.2,1673.6,1683.2,-0.57,69839,116882548.69
2025-09-25,AXITA,EQ,INE02EZ01022,AXITA COTTON LIMITED,8.02,8.05,7.99,7.99,8.0,-0.11,4309202,34434441.47
2025-09-25,AYMSYNTEX,EQ,INE193B01039,AYM SYNTEX LIMITED,191.2,197.58,191.2,197.04,195.11,0.99,9092,1791487.62
2025-09-25,AZAD,EQ,INE02IJ01035,AZAD ENGINEERING LIMITED,1607.0,1644.3,1606.3,1623.2,1616.2,0.43,118294,192014815.02
2025-09-25,BAGFILMS,EQ,INE116D01028,B.A.G FILMS AND MEDIA LTD,6.92,7.14,6.67,6.78,6.97,-2.73,129790,879976.23
2025-09-25,BAIDFIN,EQ,INE020D01022,BAID FINSERV LIMITED,11.29,11.29,10.99,11.0,11.14,-1.26,67534,742874.0
2025-09-25,BAJAJ-AUTO,EQ,INE917I01010,BAJAJ AUTO LIMITED,8821.0,8910.0,8758.0,8842.5,8839.0,0.04,441002,3899560185.0
2025-09-25,BAJAJCON,EQ,INE933K01021,BAJAJ CONSUMER CARE LTD,247.4,251.03,240.0,243.98,246.44,-1.0,1069097,260838281.49
2025-09-25,BAJAJELEC,EQ,INE193E01025,BAJAJ ELECT.LTD,586.85,589.9,560.6,564.95,589.75,-4.21,790209,446428584.2
2025-09-25,BAJAJFINSV,EQ,INE918I01026,BAJAJ FINSERV LTD.,2069.2,2074.0,2032.4,2035.6,2069.2,-1.62,952122,1938139519.95
2025-09-25,BAJAJHCARE,EQ,INE411U01027,BAJAJ HEALTHCARE LIMITED,508.9,515.9,491.5,494.6,507.25,-2.49,682202,337417113.36
2025-09-25,BAJAJHFL,EQ,INE377Y01014,BAJAJ HOUSING FINANCE LTD,111.31,111.95,111.11,111.26,111.8,-0.48,2401262,267164415.25
2025-09-25,BAJAJHIND,EQ,INE306A01021,BAJAJ HINDUSTHAN SUGAR LT,20.98,20.98,20.31,20.45,20.83,-1.82,3825174,78224811.22
2025-09-25,BAJAJHLDNG,EQ,INE118A01012,BAJAJ HOLDINGS & INVS LTD,13225.0,13263.0,12850.0,12899.0,13203.0,-2.3,31085,400965415.0
2025-09-25,BAJAJINDEF,EQ,INE0O9T01021,INDEF MANUFACTURING LTD,398.0,398.0,375.0,376.75,388.3,-2.97,11557,4354099.75
2025-09-25,BAJEL,EQ,INE0KQN01018,BAJEL PROJECTS LIMITED,213.75,218.53,212.0,213.2,212.12,0.51,171693,36604947.08
2025-09-25,BAJFINANCE,EQ,INE296A01032,BAJAJ FINANCE LIMITED,1020.0,1031.1,1008.0,1012.75,1029.75,-1.65,16731453,16944779025.75
2025-09-25,BALAJEE,EQ,INE0S2G01011,SHREE TIRUPATI BALAJEE L,51.26,51.26,49.51,50.0,50.7,-1.38,56066,2803300.0
2025-09-25,BALAJITELE,EQ,INE794B01026,BALAJI TELEFILMS LIMITED.,135.2,138.74,131.1,134.86,134.18,0.51,244533,32977720.53
2025-09-25,BALAMINES,EQ,INE050E01027,BALAJI AMINES LIMITED,1483.7,1495.1,1466.7,1472.0,1483.7,-0.79,18968,27920896.0
2025-09-25,BALAXI,EQ,INE618N01022,BALAXI PHARMA LTD,45.0,45.45,43.52,43.91,44.96,-2.34,112120,4923189.18
2025-09-25,BALKRISHNA,EQ,INE875R01011,BALKRISHNA PAPER MILLS L,23.71,25.97,23.31,24.07,23.71,1.52,844907,20336911.23
2025-09-25,BALKRISIND,EQ,INE787D01026,BALKRISHNA IND. LTD,2416.1,2451.0,2378.2,2386.0,2416.3,-1.25,97649,232990514.0
2025-09-25,BALMLAWRIE,EQ,INE164A01016,BALMER LAWRIE & CO LTD,211.89,212.39,210.0,210.26,211.89,-0.77,133054,27975933.31
2025-09-25,BALPHARMA,EQ,INE083D01012,BAL PHARMA LTD.,86.75,86.75,84.41,85.43,85.28,0.18,7310,624493.3
2025-09-25,BALRAMCHIN,EQ,INE119A01028,BALRAMPUR CHINI MILLS LTD,467.0,477.5,465.9,473.65,469.7,0.84,321860,152448987.04
2025-09-25,BALUFORGE,EQ,INE011E01029,BALU FORGE INDUSTRIES LTD,643.85,660.0,639.1,647.95,633.1,2.35,293908,190437692.19
2025-09-25,BANARBEADS,EQ,INE655B01011,BANARAS BEADS LTD,126.58,127.39,119.33,120.45,126.58,-4.84,29973,3610247.76
2025-09-25,BANARISUG,EQ,INE459A01010,BANNARI AMMAN SUGARS LTD,3665.5,3675.0,3615.5,3651.4,3663.0,-0.32,458,1672341.16
2025-09-25,BANCOINDIA,EQ,INE213C01025,BANCO PRODUCTS (I) LTD,826.15,838.0,816.2,829.15,826.15,0.36,588350,487830416.86
2025-09-25,BANDHANBNK,EQ,INE545U01014,BANDHAN BANK LIMITED,158.0,159.34,156.79,157.27,158.47,-0.76,6446897,1013903518.73
2025-09-25,BANG,EQ,INE863I01016,BANG OVERSEAS LTD.,53.98,53.98,51.51,52.29,52.13,0.31,16606,868327.76
2025-09-25,BANKA,EQ,INE862Y01015,BANKA BIOLOO LIMITED,83.9,86.49,83.51,85.75,84.92,0.98,3401,291635.75
2025-09-25,BANKADD,EQ,INF740KA1RX3,DSPAMC - DSPBANK,56.43,56.45,56.0,56.02,56.22,-0.36,38449,2153913.0
2025-09-25,BANKBARODA,EQ,INE028A01039,BANK OF BARODA,254.37,256.34,252.0,252.82,254.37,-0.61,10254514,2592546304.59
2025-09-25,BANKBEES,EQ,INF204KB15I9,NIP IND ETF BANK BEES,570.61,570.89,567.17,567.76,568.32,-0.1,253665,144020842.88
2025-09-25,BANKBETF,EQ,INF0QA701714,BFAM - BANKBETF,55.78,56.5,55.56,55.66,55.9,-0.43,4901,272789.66
2025-09-25,BANKETF,EQ,INF769K01KR3,MIRAEAMC - BANKETF,559.29,561.38,558.0,558.33,559.28,-0.17,887,495238.73
2025-09-25,BANKIETF,EQ,INF109KC15I8,ICICIPRAMC - IPRU5008,56.56,56.85,56.18,56.22,56.34,-0.21,151841,8536501.21
2025-09-25,BANKINDIA,EQ,INE084A01016,BANK OF INDIA,120.9,121.19,119.26,119.76,120.99,-1.02,4855466,581490618.53
2025-09-25,BANKNIFTY1,EQ,INF174KA1ZB7,KOTAKMAMC-KOTAKBKETF,568.28,571.44,567.5,567.77,569.31,-0.27,16680,9470403.93
2025-09-25,BANKPSU,EQ,INF769K01LZ4,MIRAEAMC - BANKPSU,74.44,74.9,74.08,74.28,74.6,-0.43,8795,653292.59
2025-09-25,BANSALWIRE,EQ,INE0B9K01025,BANSAL WIRE INDUSTRIES L,351.1,363.0,351.1,358.4,352.8,1.59,94033,33701426.63
2025-09-25,BANSWRAS,EQ,INE629D01020,BANSWARA SYNTEX LIMITED,128.5,139.98,128.5,131.42,130.78,0.49,91813,12066064.29
2025-09-25,BASF,EQ,INE373A01013,BASF INDIA LTD,4600.0,4622.8,4580.5,4592.2,4610.8,-0.4,5206,23906994.22
2025-09-25,BATAINDIA,EQ,INE176A01028,BATA INDIA LTD,1212.0,1218.1,1181.0,1185.2,1213.7,-2.35,68526,81217011.85
2025-09-25,BAYERCROP,EQ,INE462A01022,BAYER CROPSCIENCE LTD,5049.0,5057.5,4945.0,4985.0,5033.5,-0.96,16217,80841745.0
2025-09-25,BBETF0432,EQ,INF754K01OB1,EDELAMC - BBETF0432,1288.0,1288.0,1287.14,1287.18,1288.99,-0.14,1989,2560201.13
2025-09-25,BBL,EQ,INE464A01036,BHARAT BIJLEE LTD,3200.1,3221.9,3134.1,3164.8,3223.8,-1.83,34305,108568465.68
2025-09-25,BBNPNBETF,EQ,INF251K01TL6,BARODABNP - BBNPNBETF,55.61,55.61,55.21,55.21,55.5,-0.52,1600,88336.0
2025-09-25,BBNPPGOLD,EQ,INF251K01SU9,BARODABNP - BBNPPGOLD,111.5,113.7,109.45,110.5,110.95,-0.41,102641,11341830.5
2025-09-25,BBOX,EQ,INE676A01027,BLACK BOX LIMITED,476.5,491.0,475.0,482.3,478.05,0.89,118531,57167499.85
2025-09-25,BBTC,EQ,INE050A01025,BOMBAY BURMAH TRADING COR,1880.9,1884.6,1851.5,1856.8,1880.9,-1.28,16770,31138536.82
2025-09-25,BBTCL,EQ,INE01EE01011,B&B TRIPLEWALL CONT LTD,205.91,205.99,195.0,197.37,203.89,-3.2,6080,1200009.57
2025-09-25,BCG,EQ,INE425B01027,BRIGHTCOM GROUP LIMITED,14.4,14.93,14.31,14.93,14.22,4.99,9950320,148558280.64
2025-09-25,BCLIND,EQ,INE412G01024,BCL INDUSTRIES LIMITED,43.1,43.1,41.7,41.76,42.5,-1.74,341396,14256696.39
2025-09-25,BCONCEPTS,EQ,INE977Y01011,BRAND CONCEPTS LIMITED,397.05,413.85,370.45,380.1,397.4,-4.35,53583,20366898.63
2025-09-25,BDL,EQ,INE171Z01026,BHARAT DYNAMICS LIMITED,1556.0,1604.0,1550.1,1555.9,1566.4,-0.67,1279035,1990050587.73
2025-09-25,BEARDSELL,EQ,INE520H01022,BEARDSELL LIMITED,35.8,38.6,35.8,37.01,35.8,3.38,861240,31874490.95
2025-09-25,BECTORFOOD,EQ,INE495P01020,MRS BECTORS FOOD SPE LTD,267.24,268.3,261.16,262.34,268.12,-2.16,417800,109605650.47
2025-09-25,BEDMUTHA,EQ,INE844K01012,BEDMUTHA INDUST LTD,141.78,143.0,136.01,136.66,140.13,-2.48,9131,1247842.49
2025-09-25,BEL,EQ,INE263A01024,BHARAT ELECTRONICS LTD,395.45,406.45,392.45,403.15,395.45,1.95,23804019,9596590114.56
2025-09-25,BELLACASA,EQ,INE344T01014,BELLA CASA FASH AND RET L,396.05,410.0,392.05,398.2,405.65,-1.84,6950,2767490.08
2025-09-25,BELRISE,EQ,INE894V01022,BELRISE INDUSTRIES LTD,162.0,162.5,157.25,160.71,161.5,-0.49,7203504,1157675176.2
2025-09-25,BEML,EQ,INE258A01024,BEML LIMITED,2160.0,2219.5,2149.55,2179.35,2155.0,1.13,952484,2075796098.42
2025-09-25,BEPL,EQ,INE922A01025,BHANSALI ENG. POLYMERS LT,104.0,104.62,102.5,102.8,104.26,-1.4,271137,27872884.43
2025-09-25,BERGEPAINT,EQ,INE463A01038,BERGER PAINTS (I) LTD,532.4,536.55,529.85,531.2,535.8,-0.86,551990,293217094.74
2025-09-25,BESTAGRO,EQ,INE052T01021,BEST AGROLIFE LIMITED,25.11,25.11,24.22,24.43,24.78,-1.39,295830,7228112.74
2025-09-25,BETA,EQ,INE351Y01019,BETA DRUGS LIMITED,1850.0,1859.4,1800.0,1800.0,1834.7,-1.89,2100,3780000.0
2025-09-25,BFINVEST,EQ,INE878K01010,BF INVESTMENT LIMITED,480.45,484.25,470.9,472.75,480.85,-1.68,47052,22243833.0
2025-09-25,BFSI,EQ,INF769K01HI8,MIRAEAMC - MAFSETF,27.42,27.42,27.07,27.12,27.29,-0.62,71100,1928232.06
2025-09-25,BFUTILITIE,EQ,INE243D01012,BF UTILITIES LIMITED,851.0,851.0,830.0,834.25,851.25,-2.0,149454,124681999.5
2025-09-25,BHAGCHEM,EQ,INE414D01027,BHAGIRADHA CHEM & INDS L,254.1,256.85,250.0,251.1,255.25,-1.63,38087,9563645.93
2025-09-25,BHAGYANGR,EQ,INE458B01036,BHAGYANAGAR INDIA LIMITED,91.1,95.61,91.1,95.6,91.06,4.99,86624,8281254.27
2025-09-25,BHANDARI,EQ,INE474E01029,BHANDARI HOSIERY EXP LTD,4.86,4.89,4.81,4.81,4.86,-1.03,109707,527690.66
2025-09-25,BHARATFORG,EQ,INE465A01025,BHARAT FORGE LTD,1210.4,1225.0,1204.0,1207.3,1209.0,-0.14,463260,559293820.62
2025-09-25,BHARATRAS,EQ,INE838B01021,BHARAT RASAYAN LTD,2532.0,2538.75,2500.0,2517.5,2515.75,0.07,12452,31347910.0
2025-09-25,BHARATSE,EQ,INE415D01024,BHARAT SEATS LIMITED,181.0,186.0,172.25,177.86,177.3,0.32,747810,133005487.06
2025-09-25,BHARATWIRE,EQ,INE316L01019,BHARAT WIRE ROPES LTD.,164.11,166.49,160.35,160.87,164.11,-1.97,81391,13093369.77
2025-09-25,BHARTIARTL,EQ,INE397D01024,BHARTI AIRTEL LIMITED,1930.0,1950.0,1928.8,1935.6,1931.1,0.23,7133365,13807341119.85
2025-09-25,BHARTIHEXA,EQ,INE343G01021,BHARTI HEXACOM LIMITED,1682.5,1747.7,1679.1,1727.8,1687.6,2.38,413388,714251806.58
2025-09-25,BHEL,EQ,INE257A01026,BHEL,235.0,238.0,233.1,234.62,236.01,-0.59,4026105,944604735.44
2025-09-25,BIGBLOC,EQ,INE412U01025,BIGBLOC CONSTRUCTION LTD,57.45,58.74,56.0,56.28,57.41,-1.97,33822,1903502.12
2025-09-25,BIKAJI,EQ,INE00E101023,BIKAJI FOODS INTERN LTD,764.7,764.7,741.0,745.95,759.25,-1.75,89077,66446989.24
2025-09-25,BIL,EQ,INE828A01016,BHARTIYA INTERNATIONAL,890.0,942.7,852.0,870.0,890.0,-2.25,7021,6108270.0
2025-09-25,BIOCON,EQ,INE376G01013,BIOCON LIMITED.,361.0,361.4,354.05,355.95,358.95,-0.84,1822433,648695048.6
2025-09-25,BIOFILCHEM,EQ,INE829A01014,BIOFIL CHEM & PHARMA LTD,42.55,43.2,40.68,41.55,42.67,-2.62,22275,925526.23
2025-09-25,BIRLACABLE,EQ,INE800A01015,BIRLA CABLE LIMITED,166.2,169.68,162.3,163.72,169.51,-3.42,23477,3843654.47
2025-09-25,BIRLACORPN,EQ,INE340A01012,BIRLA CORPORATION LTD,1292.0,1298.4,1267.0,1272.2,1282.9,-0.83,46446,59088598.93
2025-09-25,BIRLAMONEY,EQ,INE865C01022,ADITYA BIRLA MONEY LTD,174.67,175.99,172.21,173.19,174.16,-0.56,54713,9475744.6
2025-09-25,BIRLANU,EQ,INE557A01011,BIRLANU LIMITED,1975.2,1993.3,1955.0,1960.0,1991.5,-1.58,5731,11232760.0
2025-09-25,BLACKBUCK,EQ,INE0UIZ01018,BLACKBUCK LIMITED,599.85,628.25,598.4,612.05,599.85,2.03,1072686,656537453.21
2025-09-25,BLAL,EQ,INE0N7W01012,BEML LAND ASSETS LIMITED,218.0,218.0,213.92,214.61,217.42,-1.29,30736,6596252.98
2025-09-25,BLBLIMITED,EQ,INE791A01024,BLB LIMITED,15.71,16.21,15.41,15.74,15.88,-0.88,86247,1357527.76
2025-09-25,BLKASHYAP,EQ,INE350H01032,B.L.KASHYAP & SON LTD,62.8,63.13,60.25,60.45,63.23,-4.4,377183,22800712.64
2025-09-25,BLS,EQ,INE153T01027,BLS INTL SERVS LTD,355.75,356.75,339.6,343.45,355.95,-3.51,1277832,438871416.0
2025-09-25,BLSE,EQ,INE0NLT01010,BLS E-SERVICES LIMITED,192.6,194.55,185.0,186.01,193.42,-3.83,119687,22262978.21
2025-09-25,BLUECOAST,EQ,INE472B01011,BLUE COAST HOTELS LIMITED,67.15,67.15,67.15,67.15,70.69,-5.01,2234,150013.1
2025-09-25,BLUEDART,EQ,INE233B01017,BLUE DART EXPRESS LTD,5770.0,5805.0,5736.0,5795.5,5775.5,0.35,6574,38099617.0
2025-09-25,BLUEJET,EQ,INE0KBH01020,BLUE JET HEALTHCARE LTD,670.0,672.95,659.8,664.85,672.5,-1.14,307029,204128223.15
2025-09-25,BLUESTARCO,EQ,INE472A01039,BLUE STAR LIMITED,1947.1,1976.9,1919.9,1927.3,1944.2,-0.87,362163,697996767.58
2025-09-25,BLUESTONE,EQ,INE304W01038,BLUESTONE JEWEL LFSTL LTD,591.45,592.95,572.0,577.1,589.15,-2.05,147817,85305187.09
2025-09-25,BLUSPRING,EQ,INE0U4101014,BLUSPRING ENTERPRISES LTD,81.06,82.52,79.15,79.73,80.65,-1.14,457424,36470417.06
2025-09-25,BNKETFAXIS,EQ,INF846K01X63,AXISAMC-BNKETFAXIS,567.25,568.32,566.3,566.46,566.28,0.03,399,226017.55
2025-09-25,BODALCHEM,EQ,INE338D01028,BODAL CHEMICALS LTD,64.5,64.6,63.51,63.69,64.53,-1.3,88149,5614209.69
2025-09-25,BOHRAIND,EQ,INE802W01023,BOHRA INDUSTRIES LIMITED,25.47,25.49,24.08,24.39,25.35,-3.79,56192,1370522.85
2025-09-25,BOMDYEING,EQ,INE032A01023,BOMBAY DYEING & MFG. CO L,176.0,178.72,172.25,172.8,175.74,-1.67,755876,130615375.11
2025-09-25,BORANA,EQ,INE16SF01016,BORANA WEAVES LIMITED,216.51,217.76,216.5,216.71,216.74,-0.01,189906,41154530.54
2025-09-25,BOROLTD,EQ,INE02PY01013,BOROSIL LIMITED,368.85,376.0,363.35,367.15,371.45,-1.16,167921,61652194.13
2025-09-25,BORORENEW,EQ,INE666D01022,BOROSIL RENEWABLES LTD,585.3,592.3,574.25,575.7,588.25,-2.13,473925,272838628.29
2025-09-25,BOROSCI,EQ,INE02L001032,BOROSIL SCIENTIFIC LTD,138.2,139.2,137.5,138.48,137.36,0.82,30674,4247735.39
2025-09-25,BOSCH-HCIL,EQ,INE782A01015,BOSCH HOME COMFRT IND LTD,1744.9,1759.9,1731.0,1733.2,1737.0,-0.22,11580,20070455.43
2025-09-25,BOSCHLTD,EQ,INE323A01026,BOSCH LIMITED,38890.0,39000.0,38365.0,38525.0,38760.0,-0.61,34109,1314049225.0
2025-09-25,BPCL,EQ,INE029A01011,BHARAT PETROLEUM CORP  LT,329.1,332.5,327.0,329.65,330.35,-0.21,5798602,1911509113.91
2025-09-25,BPL,EQ,INE110A01019,BPL LTD,80.81,81.1,79.0,79.23,80.81,-1.96,58194,4610710.82
2025-09-25,BRIGADE,EQ,INE791I01019,BRIGADE ENTER. LTD,689.25,700.42,684.6,690.34,686.17,0.61,371421,256405853.66
2025-09-25,BRIGHOTEL,EQ,INE03NU01014,BRIGADE HOTEL VENTURE LTD,83.28,83.84,82.21,82.79,83.12,-0.4,224794,18610695.47
2025-09-25,BRITANNIA,EQ,INE216A01030,BRITANNIA INDUSTRIES LTD,5970.5,6036.0,5939.5,5953.5,5970.5,-0.28,374676,2230633566.0
2025-09-25,BRNL,EQ,INE727S01012,BHARAT ROAD NETWORK LTD,21.59,21.83,21.0,21.23,21.6,-1.71,77712,1649825.72
2025-09-25,BROOKS,EQ,INE650L01011,BROOKS LAB LIMITED,146.75,146.95,140.01,141.59,145.42,-2.63,15838,2242502.36
2025-09-25,BSE,EQ,INE118H01025,BSE LIMITED,2070.0,2095.0,2040.0,2043.3,2076.4,-1.59,5087377,10395037672.51
2025-09-25,BSE500IETF,EQ,INF109KC1V59,ICICIPRAMC - ICICI500,39.48,40.77,38.94,39.05,39.15,-0.26,232932,9095994.42
2025-09-25,BSHSL,EQ,INE032Z01020,BOMBAY SUPER HYBRID SEEDS,133.0,139.0,133.0,135.61,133.99,1.21,17082,2316490.03
2025-09-25,BSL,EQ,INE594B01012,BSL LTD,163.98,165.9,160.31,161.81,163.16,-0.83,4517,730895.76
2025-09-25,BSLGOLDETF,EQ,INF209KB18D3,ADITYBIRLA SL GOLD ETF-GR,100.77,100.77,99.45,100.2,100.4,-0.2,332241,33290547.19
2025-09-25,BSLNIFTY,EQ,INF209KB19D1,ADITYBIRLA SL NIF ETF-GR,29.4,29.4,28.9,28.95,29.11,-0.55,129687,3754438.75
2025-09-25,BSLSENETFG,EQ,INF209KB10E8,BIRLASLAMC - BSLSENETFG,81.58,81.89,80.5,81.14,81.58,-0.54,1583,128444.62
2025-09-25,BSOFT,EQ,INE836A01035,BIRLASOFT LIMITED,372.0,372.0,364.0,365.25,369.25,-1.08,403042,147211090.5
2025-09-25,BTML,EQ,INE0EEJ01023,BODHI TREE MULTIMEDIA LTD,9.18,9.5,9.05,9.13,9.08,0.55,233921,2135698.76
2025-09-25,BUTTERFLY,EQ,INE295F01017,BTRFLY GANDHI APPL LTD,721.65,721.65,700.0,701.95,721.65,-2.73,15775,11073261.44
2025-09-25,BVCL,EQ,INE139I01011,BARAK VALLEY CEM. LTD.,55.99,56.51,53.6,54.26,54.18,0.15,62798,3407419.37
2025-09-25,CAMLINFINE,EQ,INE052I01032,CAMLIN FINE SCIENCES LTD,228.0,228.0,218.22,219.23,224.27,-2.25,225091,49346698.97
2025-09-25,CAMPUS,EQ,INE278Y01022,CAMPUS ACTIVEWEAR LIMITED,269.4,273.9,265.0,269.9,269.7,0.07,262801,70929988.3
2025-09-25,CAMS,EQ,INE596I01020,COMPUTER AGE MNGT SER LTD,776.34,788.98,771.42,773.68,776.62,-0.38,1031730,798228858.84
2025-09-25,CANBK,EQ,INE476A01022,CANARA BANK,122.9,123.33,121.21,121.44,122.91,-1.2,30764727,3736068521.99
2025-09-25,CANFINHOME,EQ,INE477A01020,CAN FIN HOMES LTD,775.3,776.95,760.05,762.6,777.75,-1.95,78039,59512539.49
2025-09-25,CANTABIL,EQ,INE068L01024,CANTABIL RETAIL LTD,270.5,270.5,260.75,262.25,269.5,-2.69,80748,21176163.0
2025-09-25,CAPACITE,EQ,INE264T01014,CAPACITE INFRAPROJECT LTD,300.0,301.5,297.5,298.35,300.9,-0.85,312151,93130252.76
2025-09-25,CAPITALSFB,EQ,INE646H01017,CAPITAL SMALL FIN BANK L,283.55,285.55,281.05,282.2,281.8,0.14,19822,5593768.64
2025-09-25,CAPLIPOINT,EQ,INE475E01026,CAPLIN POINT LAB LTD.,2259.9,2259.9,2165.0,2183.6,2261.1,-3.43,54307,118584770.5
2025-09-25,CARBORUNIV,EQ,INE120A01034,CARBORUNDUM UNIVERSAL LTD,953.65,959.95,942.2,951.05,955.1,-0.42,162614,154654042.71
2025-09-25,CARERATING,EQ,INE752H01013,CARE RATINGS LIMITED,1516.8,1573.9,1506.0,1565.3,1530.5,2.27,56392,88270400.35
2025-09-25,CARRARO,EQ,INE0V7W01012,CARRARO INDIA LIMITED,485.4,489.0,470.6,474.55,483.4,-1.83,82021,38923064.55
2025-09-25,CARTRADE,EQ,INE290S01011,CARTRADE TECH LIMITED,2495.0,2510.0,2413.4,2454.3,2493.0,-1.55,287673,706035857.95
2025-09-25,CARYSIL,EQ,INE482D01024,CARYSIL LIMITED,883.9,885.0,846.5,850.15,880.4,-3.44,251484,213799128.74
2025-09-25,CASTROLIND,EQ,INE172A01027,CASTROL INDIA LIMITED,202.74,202.74,200.0,200.26,202.74,-1.22,601390,120434358.1
2025-09-25,CCAVENUE,EQ,INE483S01020,AVENUESAI LIMITED,16.47,16.53,16.05,16.12,16.52,-2.42,5794556,93408247.58
2025-09-25,CCCL,EQ,INE429I01024,CONS. CONST. CONSORT LTD,25.0,25.05,22.6,24.16,24.77,-2.46,1714228,41415748.22
2025-09-25,CCHHL,EQ,INE652F01027,COUNTRY CLUB HOSP HOL LTD,16.86,17.4,16.86,16.99,17.0,-0.06,19463,330676.37
2025-09-25,CCL,EQ,INE421D01022,CCL PRODUCTS (I) LTD,919.0,919.9,893.0,898.2,919.3,-2.3,83871,75332933.22
2025-09-25,CDSL,EQ,INE736A01011,CENTRAL DEPO SER (I) LTD,1508.8,1521.0,1490.0,1494.8,1514.0,-1.27,1356025,2026986236.21
2025-09-25,CEATLTD,EQ,INE482A01020,CEAT LIMITED,3435.2,3482.0,3412.0,3453.0,3454.9,-0.05,86138,297434514.0
2025-09-25,CEIGALL,EQ,INE0AG901020,CEIGALL INDIA LIMITED,271.08,277.0,268.05,271.37,271.08,0.11,210298,57068567.23
2025-09-25,CELEBRITY,EQ,INE185H01016,CELEBRITY FASHIONS LTD,11.98,12.08,11.81,11.88,11.98,-0.83,13427,159512.76
2025-09-25,CELLO,EQ,INE0LMW01024,CELLO WORLD LIMITED,595.0,599.15,583.1,586.15,597.85,-1.96,144614,84765499.63
2025-09-25,CEMPRO,EQ,INE686A01026,CEMINDIA PROJECTS LIMITED,797.9,825.0,791.4,818.2,798.55,2.46,350152,286494370.67
2025-09-25,CENTENKA,EQ,INE485A01015,CENTURY ENKA LTD,489.0,491.05,477.85,489.05,486.45,0.53,10172,4974616.48
2025-09-25,CENTEXT,EQ,INE281A01026,CENTURY EXTRUSIONS LTD,26.0,26.0,24.42,24.76,25.65,-3.47,236443,5854328.73
2025-09-25,CENTRALBK,EQ,INE483A01010,CENTRAL BANK OF INDIA,37.65,37.75,37.19,37.3,37.66,-0.96,3828731,142811663.38
2025-09-25,CENTRUM,EQ,INE660C01027,CENTRUM CAPITAL LIMITED,36.99,36.99,35.15,35.53,36.6,-2.92,473346,16817982.8
2025-09-25,CENTUM,EQ,INE320B01020,CENTUM ELECTRONICS LTD,2897.2,2900.6,2710.3,2747.2,2878.6,-4.56,24086,66169058.02
2025-09-25,CENTURYPLY,EQ,INE348B01021,CENTURY PLYBOARDS (I) LTD,810.9,814.7,805.05,809.35,810.9,-0.19,29875,24179330.52
2025-09-25,CERA,EQ,INE739E01017,CERA SANITARYWARE LTD,6130.0,6162.0,6097.5,6128.0,6122.5,0.09,12371,75809488.0
2025-09-25,CESC,EQ,INE486A01021,CESC LTD,167.19,168.04,165.8,167.24,167.19,0.03,1705116,285163609.21
2025-09-25,CEWATER,EQ,INE037Z01029,CONCORD ENVIRO SYSTEMS L,517.75,525.0,511.8,521.25,517.75,0.68,28640,14928600.0
2025-09-25,CGCL,EQ,INE180C01042,CAPRI GLOBAL CAPITAL LTD,193.0,193.9,187.58,188.54,192.61,-2.11,658568,124166406.3
2025-09-25,CGPOWER,EQ,INE067A01029,CG POWER AND IND SOL LTD,768.6,775.5,756.35,759.1,770.1,-1.43,1069774,812065417.28
2025-09-25,CHALET,EQ,INE427F01016,CHALET HOTELS LIMITED,1018.0,1019.1,990.0,995.6,1011.9,-1.61,99925,99485327.56
2025-09-25,CHAMBLFERT,EQ,INE085A01013,CHAMBAL FERTILIZERS LTD,533.55,536.2,527.0,527.9,532.8,-0.92,472569,249469186.64
2025-09-25,CHEMBOND,EQ,INE995D01025,CHEMBOND MATERIALTECH LTD,178.8,180.5,173.1,174.73,177.86,-1.76,6148,1074240.01
2025-09-25,CHEMFAB,EQ,INE783X01023,CHEMFAB ALKALIS LIMITED,629.45,634.9,604.9,611.15,631.6,-3.24,9039,5524185.07
2025-09-25,CHEMPLASTS,EQ,INE488A01050,CHEMPLAST SANMAR LIMITED,419.9,421.5,416.0,417.35,419.9,-0.61,27621,11527624.52
2025-09-25,CHENNPETRO,EQ,INE178A01016,CHENNAI PETROLEUM CORP LT,750.5,772.75,750.0,754.5,753.3,0.16,803506,606245277.0
2025-09-25,CHEVIOT,EQ,INE974B01016,CHEVIOT COMPANY LIMITED,1175.1,1186.8,1145.9,1148.0,1172.5,-2.09,3161,3628828.0
2025-09-25,CHOICEIN,EQ,INE102B01014,CHOICE INTERNATIONAL LTD,827.9,836.8,807.9,820.2,826.3,-0.74,433299,355391845.09
2025-09-25,CHOLAFIN,EQ,INE121A01024,CHOLAMANDALAM IN & FIN CO,1627.0,1634.2,1586.7,1592.8,1630.2,-2.29,1350066,2150385190.72
2025-09-25,CHOLAHLDNG,EQ,INE149A01033,CHOLAMANDALAM FIN HOL LTD,1912.2,1920.0,1861.0,1869.0,1912.2,-2.26,57846,108114174.0
2025-09-25,CIEINDIA,EQ,INE536H01010,CIE AUTOMOTIVE INDIA LTD,436.85,442.0,427.75,430.35,436.7,-1.45,289511,124591060.62
2025-09-25,CIFL,EQ,INE345H01024,CAPITAL INDIA FINANCE LTD,37.9,38.58,36.0,36.26,37.9,-4.33,292120,10592270.71
2025-09-25,CINELINE,EQ,INE704H01022,CINELINE INDIA LIMITED,88.3,91.98,88.17,89.1,90.92,-2.0,20970,1868426.97
2025-09-25,CINEVISTA,EQ,INE039B01026,CINEVISTA LIMITED,19.01,22.8,18.52,21.46,19.36,10.85,346525,7436426.18
2025-09-25,CIPLA,EQ,INE059A01026,CIPLA LTD,1538.0,1544.8,1505.4,1509.7,1538.0,-1.84,2502680,3778295873.8
2025-09-25,CLEAN,EQ,INE227W01023,CLEAN SCIENCE & TECH LTD,1130.0,1141.0,1116.9,1119.5,1127.7,-0.73,365126,408758557.0
2025-09-25,CLEDUCATE,EQ,INE201M01029,CL EDUCATE LIMITED,99.97,99.97,97.0,98.46,98.27,0.19,8258,813082.67
2025-09-25,CLSEL,EQ,INE419D01026,CHAMAN LAL SETIA EXP LTD,275.9,281.0,272.15,273.2,275.95,-1.0,80203,21911460.58
2025-09-25,CMSINFO,EQ,INE925R01014,CMS INFO SYSTEMS LIMITED,388.25,393.7,382.15,383.8,389.1,-1.36,428009,164269848.98
2025-09-25,CNL,EQ,INE985W01018,CREATIVE NEWTECH LIMITED,687.95,687.95,675.0,677.35,686.05,-1.27,7228,4895885.62
2025-09-25,COALINDIA,EQ,INE522F01014,COAL INDIA LTD,392.05,395.2,391.65,392.5,392.85,-0.09,4563970,1791358225.0
2025-09-25,COASTCORP,EQ,INE377E01024,COASTAL CORPORATION LTD,34.0,34.0,33.0,33.16,33.66,-1.49,67120,2225699.19
2025-09-25,COCHINSHIP,EQ,INE704P01025,COCHIN SHIPYARD LIMITED,1904.8,1977.0,1892.6,1926.9,1895.0,1.68,4982811,9601378637.55
2025-09-25,COFFEEDAY,EQ,INE335K01011,COFFEE DAY ENTERPRISE LTD,44.3,44.94,42.37,42.37,44.61,-5.02,1061510,44976177.57
2025-09-25,COFORGE,EQ,INE591G01025,COFORGE LIMITED,1623.8,1647.0,1587.4,1591.3,1623.2,-1.97,1465683,2332341429.47
2025-09-25,COHANCE,EQ,INE03QK01018,COHANCE LIFESCIENCES LTD,903.0,908.0,887.0,899.9,898.05,0.21,333579,300187750.24
2025-09-25,COLPAL,EQ,INE259A01022,COLGATE PALMOLIVE LTD.,2328.7,2330.9,2266.0,2274.2,2319.0,-1.93,380998,866465633.0
2025-09-25,COMMOIETF,EQ,INF109KC19O8,ICICIPRAMC - ICICICOMMO,92.1,92.3,91.16,91.25,91.65,-0.44,104293,9516736.25
2025-09-25,COMPUSOFT,EQ,INE453B01029,COMPUCOM SOFTWARE LTD,19.75,19.75,18.61,18.92,19.32,-2.07,34961,661462.12
2025-09-25,COMSYN,EQ,INE073V01015,COMMERCIAL SYN BAGS LTD,152.5,158.98,152.39,157.09,153.26,2.5,432785,67986194.07
2025-09-25,CONCOR,EQ,INE111A01025,CONTAINER CORP OF IND LTD,531.0,537.85,528.3,529.75,530.8,-0.2,3293461,1744710964.75
2025-09-25,CONCORDBIO,EQ,INE338H01029,CONCORD BIOTECH LIMITED,1635.0,1635.0,1583.0,1589.2,1629.6,-2.48,64382,102315871.26
2025-09-25,CONFIPET,EQ,INE552D01024,CONFIDENCE PETRO IND LTD.,46.82,47.0,46.0,46.4,46.69,-0.62,479070,22228848.73
2025-09-25,CONS,EQ,INF174KA1ZF8,KOTAKMAMC - KOTAKCONS,126.39,126.48,125.32,125.6,126.16,-0.44,433064,54392837.74
2025-09-25,CONSUMAXIS,EQ,INF846K016C7,AXISAMC-CONSUMAXIS,126.34,126.87,123.0,125.68,126.49,-0.64,7121,894967.28
2025-09-25,CONSUMBEES,EQ,INF204KA1LD7,NIP IND ETF CONSUMPTION,137.37,137.38,135.5,135.88,137.22,-0.98,805107,109397943.09
2025-09-25,CONSUMER,EQ,INF769K01NS5,MIRAEAMC - CONSUMER,12.31,12.52,12.1,12.11,12.22,-0.9,125065,1514537.11
2025-09-25,CONSUMIETF,EQ,INF109KC1V42,ICICIPRAMC - ICICICONSU,127.47,127.59,126.11,126.37,127.15,-0.61,21337,2696356.75
2025-09-25,CONTROLPR,EQ,INE663B01015,CONTROL PRINT LIMITED,813.75,822.2,805.55,806.8,820.75,-1.7,40857,32963427.1
2025-09-25,CORALFINAC,EQ,INE558D01021,CORAL INDIA FIN & HOUS LT,45.47,45.47,42.15,43.16,44.75,-3.55,40278,1738398.47
2025-09-25,CORDSCABLE,EQ,INE792I01017,CORDS CABLE INDUS LTD.,179.0,179.88,175.5,176.17,177.08,-0.51,13980,2462856.57
2025-09-25,COROMANDEL,EQ,INE169A01031,COROMANDEL INTERNTL. LTD,2241.0,2283.0,2231.0,2238.6,2230.8,0.35,286040,640329171.93
2025-09-25,COSMOFIRST,EQ,INE757A01017,COSMO FIRST LIMITED,900.0,908.95,870.0,875.65,900.0,-2.71,65871,57679942.76
2025-09-25,CPCAP,EQ,INE521J01018,CP CAPITAL LIMITED,137.85,138.9,134.3,134.73,135.88,-0.85,18775,2529555.67
2025-09-25,CPEDU,EQ,INE0P6P01016,CAREER POINT EDUTECH LTD,276.5,289.79,273.6,278.28,275.11,1.15,49912,13889511.3
2025-09-25,CPPLUS,EQ,INE819V01029,ADITYA INFOTECH LIMITED,1372.1,1373.8,1311.1,1320.7,1375.4,-3.98,126370,166896852.83
2025-09-25,CPSEETF,EQ,INF457M01133,CPSE ETF,93.78,94.3,92.5,92.86,93.32,-0.49,1359555,126248278.13
2025-09-25,CRAFTSMAN,EQ,INE00LO01017,CRAFTSMAN AUTOMATION LTD,6839.0,6839.0,6704.0,6762.0,6826.0,-0.94,8285,56023170.0
2025-09-25,CREATIVEYE,EQ,INE230B01021,CREATIVE EYE LIMITED,7.89,7.99,7.53,7.86,7.65,2.75,15853,124604.58
2025-09-25,CREDITACC,EQ,INE741K01010,CREDITACCESS GRAMEEN LTD,1389.0,1430.0,1370.0,1416.5,1391.2,1.82,444437,629545010.5
2025-09-25,CREST,EQ,INE559D01011,CREST VENTURES LIMITED,371.0,376.9,371.0,371.8,374.55,-0.73,1967,731330.58
2025-09-25,CRESTO,EQ,INE203Y01012,CRESTO TECHNO LIMITED,16.89,16.89,16.11,16.71,16.58,0.78,26388,440943.46
2025-09-25,CRISIL,EQ,INE007A01025,CRISIL LTD,4871.1,4889.8,4702.6,4747.7,4766.8,-0.4,61839,293593032.38
2025-09-25,CRIZAC,EQ,INE0S4R01014,CRIZAC LIMITED,308.85,312.0,305.35,307.8,308.95,-0.37,494092,152081511.57
2025-09-25,CROMPTON,EQ,INE299U01018,CROMPT GREA CON ELEC LTD,300.0,300.9,295.4,299.25,300.05,-0.27,4969829,1487221328.25
2025-09-25,CROWN,EQ,INE491V01019,CROWN LIFTERS LIMITED,159.0,161.94,155.6,157.73,160.52,-1.74,7535,1188495.52
2025-09-25,CSBBANK,EQ,INE679A01013,CSB BANK LIMITED,361.5,361.5,355.05,358.7,358.1,0.17,441551,158384349.09
2025-09-25,CSLFINANCE,EQ,INE718F01018,CSL FINANCE LIMITED,291.25,291.6,284.1,287.15,288.3,-0.4,5371,1542282.62
2025-09-25,CUB,EQ,INE491A01021,CITY UNION BANK LTD,159.0,160.37,157.92,159.49,158.31,0.74,3367115,537012763.84
2025-09-25,CUBEXTUB,EQ,INE144D01012,CUBEX TUBINGS LTD,100.0,104.0,98.1,101.12,99.09,2.05,34379,3476404.57
2025-09-25,CUMMINSIND,EQ,INE298A01020,CUMMINS INDIA LTD,3990.1,4044.9,3967.8,3976.9,3988.9,-0.3,209955,834970019.0
2025-09-25,CUPID,EQ,INE509F01029,CUPID LIMITED,44.38,44.5,43.39,43.65,44.39,-1.65,7473910,326251122.51
2025-09-25,CYIENT,EQ,INE136B01020,CYIENT LIMITED,1182.0,1191.0,1167.6,1170.1,1180.6,-0.89,139353,163056941.9
2025-09-25,CYIENTDLM,EQ,INE055S01018,CYIENT DLM LIMITED,456.95,457.85,446.1,447.9,455.9,-1.75,76568,34294806.73
2025-09-25,DABUR,EQ,INE016A01026,DABUR INDIA LTD,517.8,521.85,505.15,506.3,517.8,-2.22,2356326,1193007825.04
2025-09-25,DALBHARAT,EQ,INE00R701025,DALMIA BHARAT LIMITED,2300.0,2319.9,2254.4,2262.3,2320.8,-2.52,454607,1028457438.3
2025-09-25,DALMIASUG,EQ,INE495A01022,DALMIA BHARAT SUG IN LTD,360.0,363.1,350.0,352.4,363.4,-3.03,70170,24727907.57
2025-09-25,DAMCAPITAL,EQ,INE284H01025,DAM CAPITAL ADVISORS LTD,251.55,258.5,249.85,251.88,251.63,0.1,554190,139589379.91
2025-09-25,DANGEE,EQ,INE688Y01022,DANGEE DUMS LIMITED,4.25,4.37,4.22,4.23,4.3,-1.63,46621,197206.83
2025-09-25,DATAMATICS,EQ,INE365B01017,DATAMATICS GLOBAL SER LTD,900.4,919.8,865.1,877.3,900.4,-2.57,241163,211572296.96
2025-09-25,DATAPATTNS,EQ,INE0IX101010,DATA PATTERNS INDIA LTD,2742.0,2838.0,2730.1,2752.8,2737.9,0.54,287170,790521590.02
2025-09-25,DAVANGERE,EQ,INE179G01029,DAVANGERE SUGAR COMPANY L,3.8,3.87,3.77,3.83,3.76,1.86,5303037,20310631.31
2025-09-25,DBCORP,EQ,INE950I01011,D.B.CORP LTD,267.0,271.0,263.0,264.4,267.15,-1.03,58821,15552272.04
2025-09-25,DBEIL,EQ,INE0OPA01027,DEEPAK BUILDERS & ENG I L,17.99,18.06,17.41,17.53,17.92,-2.22,1551460,27190886.52
2025-09-25,DBL,EQ,INE917M01012,DILIP BUILDCON LIMITED,530.05,551.95,521.6,531.0,534.4,-0.64,1153064,612276984.0
2025-09-25,DBOL,EQ,INE0I3401014,DHAMPUR BIO ORGANICS LTD,81.05,85.78,81.0,84.65,81.16,4.3,172522,14603987.56
2025-09-25,DBREALTY,EQ,INE879I01012,VALOR ESTATE LIMITED,171.63,172.62,167.51,168.56,171.77,-1.87,923765,155709826.14
2025-09-25,DCAL,EQ,INE385W01011,DISHMAN CARBO AMCIS LTD,300.7,305.5,294.4,295.3,300.6,-1.76,154041,45488305.42
2025-09-25,DCBBANK,EQ,INE503A01015,DCB BANK LIMITED,126.43,126.52,125.01,125.46,126.44,-0.78,493343,61894812.33
2025-09-25,DCI,EQ,INE0A1101019,DC INFOTECH AND COMUN LTD,279.17,288.94,276.0,276.92,279.64,-0.97,8483,2349112.47
2025-09-25,DCM,EQ,INE498A01018,DCM LTD,99.84,99.84,98.5,99.11,98.75,0.36,23224,2301730.65
2025-09-25,DCMFINSERV,EQ,INE891B01012,DCM FINANCIAL SERVICES LT,5.81,5.89,5.66,5.68,5.81,-2.24,33528,190439.03
2025-09-25,DCMNVL,EQ,INE08KP01019,DCM NOUVELLE LIMITED,164.0,165.94,164.0,164.0,164.0,0.0,5343,876252.0
2025-09-25,DCMSHRIRAM,EQ,INE499A01024,DCM SHRIRAM LIMITED,1191.0,1201.9,1162.9,1168.5,1191.0,-1.89,84739,99017521.5
2025-09-25,DCMSRIND,EQ,INE843D01027,DCM SHRIRAM IND LTD,169.2,170.29,167.0,168.35,169.64,-0.76,59199,9966152.01
2025-09-25,DCW,EQ,INE500A01029,DCW LTD,72.95,73.32,71.8,71.97,72.85,-1.21,457058,32894464.82
2025-09-25,DCXINDIA,EQ,INE0KL801015,DCX SYSTEMS LIMITED,265.9,267.9,262.35,262.95,265.9,-1.11,324932,85440873.37
2025-09-25,DDEVPLSTIK,EQ,INE0HR601026,DDEV PLASTIKS IND LTD,349.95,351.5,343.75,345.9,348.3,-0.69,84431,29204682.38
2025-09-25,DECCANCE,EQ,INE583C01021,DECCAN CEMENTS LIMITED,1150.0,1158.0,1111.7,1121.6,1139.8,-1.6,98166,110102983.2
2025-09-25,DEEDEV,EQ,INE841L01016,DEE DEVELOPMENT ENG LTD,284.5,288.4,281.0,282.55,278.35,1.51,175482,49582436.96
2025-09-25,DEEPAKFERT,EQ,INE501A01019,DEEPAK FERTILIZERS & PETR,1582.0,1582.0,1537.0,1546.7,1580.3,-2.13,254249,393246915.89
2025-09-25,DEEPAKNTR,EQ,INE288B01029,DEEPAK NITRITE LTD,1871.0,1900.0,1844.0,1861.9,1869.4,-0.4,228339,425144389.67
2025-09-25,DEEPINDS,EQ,INE0FHS01024,DEEP INDUSTRIES LIMITED,533.0,539.3,518.0,522.2,534.55,-2.31,187337,97827383.69
2025-09-25,DELHIVERY,EQ,INE148O01028,DELHIVERY LIMITED,455.0,461.05,452.7,455.4,456.0,-0.13,800966,364759911.51
2025-09-25,DELTACORP,EQ,INE124G01033,DELTA CORP LIMITED,82.0,84.0,81.75,82.15,81.84,0.38,950136,78053673.85
2025-09-25,DELTAMAGNT,EQ,INE393A01011,DELTA MANUFACTURING LTD,88.79,88.8,86.0,86.41,85.61,0.93,1677,144909.58
2025-09-25,DEN,EQ,INE947J01015,DEN NETWORKS LTD,34.75,35.1,34.22,34.32,34.72,-1.15,418785,14372701.07
2025-09-25,DENORA,EQ,INE244A01016,DE NORA INDIA LIMITED,858.0,885.95,848.2,861.6,856.55,0.59,4321,3722973.49
2025-09-25,DENTA,EQ,INE0R4L01018,DENTA WATER N INFRA SOL L,444.2,447.2,426.55,429.75,444.2,-3.25,483043,207587729.25
2025-09-25,DEVIT,EQ,INE060X01034,DEV INFO TECHNOLOGY LTD,40.5,42.51,40.5,41.43,40.78,1.59,87771,3636352.56
2025-09-25,DEVX,EQ,INE0VOV01021,DEV ACCELERATOR LIMITED,53.7,56.73,52.0,54.99,54.03,1.78,1171624,64427605.73
2025-09-25,DEVYANI,EQ,INE872J01023,DEVYANI INTERNATIONAL LTD,177.01,178.22,173.0,173.22,177.01,-2.14,969787,167986505.32
2025-09-25,DGCONTENT,EQ,INE03JI01017,DIGICONTENT LIMITED,35.97,35.97,35.11,35.27,35.63,-1.01,5319,187601.13
2025-09-25,DHAMPURSUG,EQ,INE041A01016,DHAMPUR SUGAR MILLS LTD.,140.0,140.0,136.1,136.8,139.23,-1.75,68975,9435780.21
2025-09-25,DHANBANK,EQ,INE680A01011,DHANLAXMI BANK LIMITED,25.56,25.76,25.42,25.55,25.53,0.08,227336,5808434.63
2025-09-25,DHANUKA,EQ,INE435G01025,DHANUKA AGRITECH LTD,1528.0,1528.7,1506.1,1512.6,1529.1,-1.08,13303,20122117.48
2025-09-25,DHARMAJ,EQ,INE00OQ01016,DHARMAJ CROP GUARD LTD,319.9,334.9,316.5,323.2,319.65,1.11,102060,32985793.25
2025-09-25,DHRUV,EQ,INE506Z01015,DHRUV CONSULTANCY SER LTD,57.9,57.9,55.11,55.52,56.25,-1.3,10991,610220.33
2025-09-25,DHUNINV,EQ,INE320L01011,DHUNSERI INVESTMENTS LTD,1434.9,1453.9,1415.1,1441.4,1424.5,1.19,1388,2000663.23
2025-09-25,DIAMINESQ,EQ,INE591D01014,DIAMINES & CHEMICALS LTD,363.45,369.0,354.0,359.7,363.2,-0.96,8568,3081909.7
2025-09-25,DIAMONDYD,EQ,INE393P01035,PRATAAP SNACKS LIMITED,1035.0,1035.0,1010.0,1012.75,1034.55,-2.11,60150,60916912.5
2025-09-25,DICIND,EQ,INE303A01010,DIC INDIA LIMITED,541.0,563.0,520.6,526.7,541.0,-2.64,3612,1902440.44
2025-09-25,DIFFNKG,EQ,INE184O01015,DIFFUSION ENGINEERS LTD,376.9,376.95,363.55,365.4,377.45,-3.19,281585,102891157.28
2025-09-25,DIGIDRIVE,EQ,INE0PSC01024,DIGIDRIVE DISTRIBUTORS L,32.7,32.7,31.2,31.21,31.9,-2.16,20649,644455.27
2025-09-25,DIGISPICE,EQ,INE927C01020,DIGISPICE TECHNOLOGIES LT,28.25,29.79,27.7,28.21,29.03,-2.82,147668,4165714.14
2025-09-25,DIGITIDE,EQ,INE0U4701011,DIGITIDE SOLUTIONS LTD,170.0,173.91,162.02,164.78,168.33,-2.11,528037,87009936.22
2025-09-25,DISHTV,EQ,INE836F01026,DISH TV INDIA LTD.,5.17,5.24,5.08,5.15,5.17,-0.39,3459343,17815616.78
2025-09-25,DIVGIITTS,EQ,INE753U01022,DIVGI TORQTRANSFER SYST L,675.0,700.0,673.5,680.1,672.3,1.16,47032,31986462.05
2025-09-25,DIVISLAB,EQ,INE361B01024,DIVI S LABORATORIES LTD,5985.0,6011.0,5885.0,5897.0,5984.0,-1.45,210498,1241306706.0
2025-09-25,DIVOPPBEES,EQ,INF204KA1MS3,NIP IND ETF DIV OPP,80.33,80.33,77.41,77.6,77.99,-0.5,38327,2974175.14
2025-09-25,DIXON,EQ,INE935N01020,DIXON TECHNO (INDIA) LTD,18389.0,18471.0,18152.0,18202.0,18161.0,0.23,237351,4320262902.0
2025-09-25,DJML,EQ,INE0B1K01014,DJ MEDIAPRINT & LOG LTD,97.6,101.0,96.62,96.7,99.32,-2.64,13798,1334266.56
2025-09-25,DLF,EQ,INE271C01023,DLF LIMITED,732.95,736.0,718.8,721.05,733.65,-1.72,4485383,3234185357.4
2025-09-25,DLINKINDIA,EQ,INE250K01012,D-LINK INDIA LTD,481.8,487.05,479.75,481.15,482.05,-0.19,54984,26455551.26
2025-09-25,DMART,EQ,INE192R01011,AVENUE SUPERMARTS LIMITED,4640.0,4651.7,4565.1,4576.2,4645.8,-1.5,454357,2079228592.14
2025-09-25,DMCC,EQ,INE505A01010,DMCC SPECIALITY CHEMICALS,312.25,319.95,309.9,315.55,310.9,1.5,43954,13869684.16
2025-09-25,DNAMEDIA,EQ,INE016M01021,DILIGENT MEDIA CORP LTD.,4.9,4.9,4.7,4.71,4.72,-0.21,28478,134131.38
2025-09-25,DODLA,EQ,INE021O01019,DODLA DAIRY LIMITED,1359.0,1367.2,1350.0,1360.9,1357.9,0.22,20665,28122999.0
2025-09-25,DOLATALGO,EQ,INE966A01022,DOLAT ALGOTECH LIMITED,83.9,83.9,81.15,81.88,83.23,-1.62,183098,14992063.74
2025-09-25,DOLLAR,EQ,INE325C01035,DOLLAR INDUSTRIES LIMITED,368.75,372.9,368.0,369.7,369.5,0.05,73542,27188478.3
2025-09-25,DOLLEX,EQ,INE0JHH01011,DOLLEX AGROTECH LIMITED,41.05,42.15,41.05,41.05,42.05,-2.38,12000,492599.99
2025-09-25,DOLPHIN,EQ,INE920A01037,DOLPHIN OFF ENT (IND) L,397.6,397.6,387.9,388.85,390.8,-0.5,1289,501227.66
2025-09-25,DOMS,EQ,INE321T01012,DOMS INDUSTRIES LIMITED,2614.8,2614.8,2532.5,2555.3,2613.0,-2.21,19400,49572820.95
2025-09-25,DONEAR,EQ,INE668D01028,DONEAR IND. LIMITED,96.99,99.0,95.47,96.85,95.58,1.33,61461,5952497.76
2025-09-25,DPABHUSHAN,EQ,INE266Y01019,D. P. ABHUSHAN LIMITED,1512.6,1544.0,1496.0,1498.6,1513.4,-0.98,14772,22137318.84
2025-09-25,DRCSYSTEMS,EQ,INE03RS01027,DRC SYSTEMS INDIA LIMITED,20.0,20.86,19.6,19.95,19.88,0.35,188568,3761931.74
2025-09-25,DREAMFOLKS,EQ,INE0JS101016,DREAMFOLKS SERVICES LTD,109.7,110.95,106.6,107.47,112.07,-4.1,276055,29667631.19
2025-09-25,DREDGECORP,EQ,INE506A01018,DREDGING CORP OF INDIA,678.2,687.85,660.6,667.85,678.2,-1.53,80898,54027727.32
2025-09-25,DRREDDY,EQ,INE089A01031,DR. REDDY S LABORATORIES,1298.3,1307.3,1268.0,1275.2,1298.1,-1.76,1241492,1583150537.78
2025-09-25,DSSL,EQ,INE417B01040,DYNACONS SYS & SOLN LTD,938.0,948.95,879.8,886.25,930.75,-4.78,79737,70666916.25
2025-09-25,DUCON,EQ,INE741L01018,DUCON INFRATECHNOLOGIES L,5.59,5.69,5.48,5.6,5.45,2.75,317232,1776499.17
2025-09-25,DVL,EQ,INE477B01010,DHUNSERI VENTURES LIMITED,359.8,380.6,355.65,367.0,357.25,2.73,57601,21139567.0
2025-09-25,DWARKESH,EQ,INE366A01041,DWARIKESH SUGAR IND LTD,42.75,42.85,41.6,41.88,42.85,-2.26,287138,12025339.75
2025-09-25,DYCL,EQ,INE600Y01019,DYNAMIC CABLES LIMITED,411.0,419.25,407.05,409.3,411.8,-0.61,83102,34013647.59
2025-09-25,DYNAMATECH,EQ,INE221B01012,DYNAMATIC TECHNOLOGIES,6925.5,7034.5,6870.0,6902.0,6936.5,-0.5,5487,37871274.0
2025-09-25,DYNPRO,EQ,INE256H01015,DYNEMIC PRODUCTS LIMITED,352.95,352.95,333.05,335.85,347.75,-3.42,20444,6866117.52
2025-09-25,EASEMYTRIP,EQ,INE07O001026,EASY TRIP PLANNERS LTD,8.47,8.55,8.35,8.37,8.47,-1.18,8707389,72880844.93
2025-09-25,EBANKNIFTY,EQ,INF754K01TE4,EDELAMC - EBANKNIFTY,55.53,55.75,55.42,55.47,55.7,-0.41,899,49867.53
2025-09-25,EBBETF0430,EQ,INF754K01KO2,EDELAMC - EBBETF0430,1538.98,1539.42,1533.0,1535.89,1535.41,0.03,62197,95527751.24
2025-09-25,EBBETF0431,EQ,INF754K01LE1,EDELAMC - EBBETF0431,1376.99,1376.99,1372.24,1373.55,1373.15,0.03,6119,8404752.75
2025-09-25,EBBETF0433,EQ,INF754K01QX0,EDELAMC - EBBETF0433,1251.58,1253.99,1250.81,1251.15,1251.58,-0.03,752,940864.82
2025-09-25,EBGNG,EQ,INE18JU01028,GNG ELECTRONICS LIMITED,362.4,364.25,350.05,352.3,362.45,-2.8,308712,108759233.83
2025-09-25,ECAPINSURE,EQ,INF754K01TX4,EDELAMC - ECAPINSURE,23.09,23.09,22.81,22.86,22.93,-0.31,24591,562150.28
2025-09-25,ECLERX,EQ,INE738I01010,ECLERX SERVICES LTD,2040.35,2183.5,2033.6,2123.5,2049.75,3.6,609552,1294383672.0
2025-09-25,ECOSMOBLTY,EQ,INE06HJ01020,ECOS (INDIA) MOB & HOSP L,270.8,272.55,266.35,268.65,270.95,-0.85,45184,12138681.32
2025-09-25,EDELWEISS,EQ,INE532F01054,EDELWEISS FIN SERV LTD,120.5,120.67,114.75,115.63,120.74,-4.23,9675210,1118744505.73
2025-09-25,EFCIL,EQ,INE886D01026,EFC (I) LIMITED,310.35,316.0,304.85,306.45,314.1,-2.44,982461,301075185.44
2025-09-25,EGOLD,EQ,INF754K01SE6,EDELAMC - EGOLD,114.95,114.95,113.2,113.9,114.45,-0.48,1117005,127226871.2
2025-09-25,EICHERMOT,EQ,INE066A01021,EICHER MOTORS LTD,7009.5,7044.5,6932.0,6986.0,7011.5,-0.36,375861,2625764946.0
2025-09-25,EIDPARRY,EQ,INE126A01031,EID PARRY INDIA LTD,1067.8,1076.5,1059.0,1061.7,1073.3,-1.08,60556,64292302.24
2025-09-25,EIEL,EQ,INE0LLY01014,ENVIRO INFRA ENGINEERS L,254.0,258.02,251.2,253.16,254.5,-0.53,1066455,269983751.71
2025-09-25,EIHAHOTELS,EQ,INE276C01014,EIH ASSOCIATED HOTELS LTD,386.95,387.5,372.55,377.0,387.6,-2.73,30897,11648169.0
2025-09-25,EIHOTEL,EQ,INE230A01023,EIH LIMITED,381.4,384.55,378.2,379.2,383.45,-1.11,103629,39296118.07
2025-09-25,EIMCOELECO,EQ,INE158B01016,EIMCO ELECON (INDIA) LTD,1734.9,1883.8,1733.0,1810.5,1723.5,5.05,1201997,2176215568.5
2025-09-25,EKC,EQ,INE184H01027,EVEREST KANTO CYLINDERLTD,145.6,150.97,145.51,149.55,146.67,1.96,1394254,208510689.95
2025-09-25,ELDEHSG,EQ,INE668G01021,ELDECO HSG & IND LTD.,802.1,810.95,786.25,800.1,786.45,1.74,2959,2367495.83
2025-09-25,ELECON,EQ,INE205B01031,ELECON ENG. CO. LTD,594.8,594.8,580.1,584.45,595.85,-1.91,235025,137360364.12
2025-09-25,ELECTCAST,EQ,INE086A01029,ELECTROSTEEL CASTINGS LTD,98.02,98.41,95.83,96.09,98.02,-1.97,864714,83090365.09
2025-09-25,ELECTHERM,EQ,INE822G01016,ELECTROTHERM (I) LTD.,1089.0,1096.55,1042.0,1052.9,1089.5,-3.36,8226,8661155.6
2025-09-25,ELGIEQUIP,EQ,INE285A01027,ELGI EQUIPMENTS LTD,501.9,502.05,495.0,495.5,500.9,-1.08,165970,82238135.0
2025-09-25,ELGIRUBCO,EQ,INE819L01012,ELGI RUBBER CO. LTD,70.89,70.89,69.07,69.62,69.81,-0.27,24122,1679373.71
2025-09-25,ELIN,EQ,INE050401020,ELIN ELECTRONICS LIMITED,222.6,225.49,211.0,213.57,224.83,-5.01,227218,48526949.92
2025-09-25,ELLEN,EQ,INE236E01022,ELLENBARRIE INDUS GASES L,507.2,516.5,494.5,497.05,510.85,-2.7,152054,75578438.84
2025-09-25,EMAMILTD,EQ,INE548C01032,EMAMI LIMITED,579.7,581.85,565.1,570.0,577.65,-1.32,518243,295398510.0
2025-09-25,EMAMIREAL,EQ,INE778K01012,EMAMI REALTY LIMITED,113.06,113.06,109.1,110.91,112.01,-0.98,22001,2440130.99
2025-09-25,EMBDL,EQ,INE069I01010,EMBASSY DEVELOPMENTS LTD,94.95,95.0,93.2,93.4,94.82,-1.5,3482808,325294272.51
2025-09-25,EMCURE,EQ,INE168P01015,EMCURE PHARMACEUTICALS L,1336.0,1342.9,1315.0,1325.8,1329.9,-0.31,31315,41517428.53
2025-09-25,EMIL,EQ,INE02YR01019,ELECTRONICS MART IND LTD,154.76,157.69,150.52,151.17,155.22,-2.61,1166259,176303370.89
2025-09-25,EMKAY,EQ,INE296H01011,EMKAY GLOBAL FIN SERV LTD,370.0,373.97,341.59,341.59,379.55,-10.0,292966,100074254.87
2025-09-25,EMSLIMITED,EQ,INE0OV601013,EMS LIMITED,569.0,571.0,560.0,561.55,570.3,-1.53,81649,45849994.95
2025-09-25,EMUDHRA,EQ,INE01QM01018,EMUDHRA LIMITED,660.25,663.55,645.45,648.1,660.25,-1.84,96330,62431470.65
2025-09-25,EMULTIMQ,EQ,INF754K01TF1,EDELAMC - EMULTIMQ,41.85,41.98,41.32,41.58,41.84,-0.62,34794,1446734.58
2025-09-25,ENDURANCE,EQ,INE913H01037,ENDURANCE TECHNO. LTD.,2789.0,2801.5,2704.8,2715.0,2789.0,-2.65,180433,489875595.0
2025-09-25,ENERGYDEV,EQ,INE306C01019,ENERGY DEVE. CO.LTD,20.17,20.46,19.71,19.81,20.07,-1.3,27044,535741.63
2025-09-25,ENGINERSIN,EQ,INE510A01028,ENGINEERS INDIA LTD,202.65,203.6,198.45,198.85,202.65,-1.88,1917041,381203614.55
2025-09-25,ENIL,EQ,INE265F01028,ENTERTAIN NET. IND. LTD.,157.25,163.95,157.25,162.45,157.91,2.88,16673,2708528.8
2025-09-25,ENRIN,EQ,INE1NPP01017,SIEMENS ENERGY INDIA LTD,3499.1,3557.0,3472.0,3527.8,3510.2,0.5,487362,1719315687.4
2025-09-25,ENTERO,EQ,INE010601016,ENTERO HEALTHCARE SOLU L,1105.2,1113.3,1091.5,1105.3,1090.7,1.34,135176,149410039.4
2025-09-25,EPACK,EQ,INE0G5901015,EPACK DURABLE LIMITED,366.0,367.25,358.65,362.65,366.0,-0.92,399732,144962807.36
2025-09-25,EPIGRAL,EQ,INE071N01016,EPIGRAL LIMITED,1734.9,1734.9,1705.0,1707.7,1714.7,-0.41,18583,31734188.19
2025-09-25,EPL,EQ,INE255A01020,EPL LIMITED,213.0,213.73,210.19,211.26,212.2,-0.44,222780,47064501.58
2025-09-25,EQUAL200,EQ,INF769K01OA1,MIRAEAMC - EQUAL200,13.08,13.08,13.08,13.08,13.18,-0.73,0,0.0
2025-09-25,EQUAL50,EQ,INF769K01OO2,MIRAEAMC - EQUAL50,320.94,320.94,320.94,320.94,323.44,-0.77,0,0.0
2025-09-25,EQUAL50ADD,EQ,INF740KA1QK2,DSPAMC - DSPNEWETF,333.56,334.17,330.82,331.38,333.94,-0.77,2942,974919.97
2025-09-25,EQUITASBNK,EQ,INE063P01018,EQUITAS SMALL FIN BNK LTD,58.3,58.63,56.6,57.19,57.89,-1.21,4092636,234057847.22
2025-09-25,ERIS,EQ,INE406M01024,ERIS LIFESCIENCES LIMITED,1635.0,1652.2,1616.0,1626.1,1626.9,-0.05,68358,111156942.13
2025-09-25,ESABINDIA,EQ,INE284A01012,ESAB INDIA LTD,5039.0,5044.0,4978.0,4998.5,5029.0,-0.61,1083,5413375.5
2025-09-25,ESCORTS,EQ,INE042A01014,ESCORTS KUBOTA LIMITED,3714.9,3714.9,3585.9,3602.8,3698.9,-2.6,232023,835932475.73
2025-09-25,ESG,EQ,INF769K01GS9,MIRAEAMC - MAESGETF,43.03,43.03,42.49,42.49,42.82,-0.77,82588,3509164.26
2025-09-25,ESILVER,EQ,INF754K01SF3,EDELAMC - ESILVER,139.02,148.0,134.22,137.78,135.63,1.59,953146,131324454.72
2025-09-25,ESSARSHPNG,EQ,INE122M01019,ESSAR SHIPPING LTD,28.95,29.66,28.9,29.66,28.25,4.99,381261,11308201.2
2025-09-25,ESSENTIA,EQ,INE418N01035,INTEGRA ESSENTIA LIMITED,1.87,1.9,1.86,1.87,1.88,-0.53,1669259,3121514.34
2025-09-25,ESTER,EQ,INE778B01029,ESTER INDUSTRIES LTD,113.24,113.76,111.0,111.22,113.28,-1.82,46334,5153267.54
2025-09-25,ETERNAL,EQ,INE758T01015,ETERNAL LIMITED,334.0,335.8,331.2,332.25,335.8,-1.06,16653312,5533062912.0
2025-09-25,ETHOSLTD,EQ,INE04TZ01018,ETHOS LIMITED,2575.0,2583.7,2519.1,2550.8,2550.1,0.03,24091,61451323.98
2025-09-25,EUREKAFORB,EQ,INE0KCE01017,EUREKA FORBES LIMITED,579.0,579.0,570.0,573.55,575.8,-0.39,59396,34066575.07
2025-09-25,EUROBOND,EQ,INE505V01016,EURO PANEL PRODUCTS LTD,215.82,216.31,209.58,211.35,215.82,-2.07,5608,1185250.83
2025-09-25,EUROPRATIK,EQ,INE198501012,EURO PRATIK SALES LIMITED,246.2,247.3,243.5,243.71,248.39,-1.88,654335,159467987.24
2025-09-25,EVEREADY,EQ,INE128A01029,EVEREADY INDS. IND.  LTD.,406.2,409.5,395.8,396.7,406.2,-2.34,110726,43925005.55
2025-09-25,EVINDIA,EQ,INF769K01LQ3,MIRAEAMC - EVINDIA,31.48,31.57,31.15,31.18,31.47,-0.92,333359,10394133.72
2025-09-25,EXCELINDUS,EQ,INE369A01029,EXCEL INDUSTRIES LTD,1127.1,1150.0,1127.1,1144.7,1135.8,0.78,2239,2562983.19
2025-09-25,EXICOM,EQ,INE777F01014,EXICOM TELE SYSTEMS LTD,151.3,154.5,148.6,149.62,150.87,-0.83,410690,61447435.79
2025-09-25,EXIDEIND,EQ,INE302A01020,EXIDE INDUSTRIES LTD,398.0,399.3,391.2,393.15,399.6,-1.61,2223246,874069151.33
2025-09-25,EXPLEOSOL,EQ,INE201K01015,EXPLEO SOLUTIONS LIMITED,991.3,1001.0,956.6,981.1,995.4,-1.44,17927,17588179.26
2025-09-25,EXXARO,EQ,INE0GFE01026,EXXARO TILES LIMITED,8.49,8.7,8.44,8.53,8.55,-0.23,149354,1273989.58
2025-09-25,FACT,EQ,INE188A01015,FACT LTD,972.0,982.9,964.0,966.45,972.2,-0.59,110601,106890337.8
2025-09-25,FAZE3Q,EQ,INE963C01033,FAZE THREE LIMITED,495.8,495.8,466.85,472.15,490.5,-3.74,165277,78035534.54
2025-09-25,FCL,EQ,INE045J01034,FINEOTEX CHEMICAL LIMITED,25.0,27.08,24.03,24.53,23.22,5.67,366174930,8983003231.9
2025-09-25,FCSSOFT,EQ,INE512B01022,FCS SOFTWARE SOLN. LTD.,2.35,2.36,2.29,2.3,2.36,-2.54,2565196,5899950.68
2025-09-25,FDC,EQ,INE258B01022,FDC LIMITED,475.05,476.5,462.0,464.15,477.7,-2.84,76507,35510723.58
2025-09-25,FEDERALBNK,EQ,INE171A01029,FEDERAL BANK LTD,193.6,195.32,192.57,193.33,193.58,-0.13,5665259,1095264532.84
2025-09-25,FEDFINA,EQ,INE007N01010,FEDBANK FINANCIAL SER L,150.99,151.5,148.0,149.28,151.18,-1.26,647756,96697014.89
2025-09-25,FIBERWEB,EQ,INE296C01020,FIBERWEB INDIA LIMITED,45.25,46.2,44.62,44.91,45.95,-2.26,73352,3294238.31
2025-09-25,FIEMIND,EQ,INE737H01014,FIEM INDUSTRIES LIMITED,2062.0,2064.0,2003.1,2009.0,2055.8,-2.28,64233,129044097.0
2025-09-25,FILATEX,EQ,INE816B01035,FILATEX INDIA LTD,54.0,54.45,52.7,53.4,54.11,-1.31,458930,24506862.7
2025-09-25,FILATFASH,EQ,INE185E01021,FILATEX FASHIONS LIMITED,0.61,0.62,0.58,0.59,0.61,-3.28,32366432,19096194.03
2025-09-25,FINCABLES,EQ,INE235A01022,FINOLEX CABLES LTD,826.0,829.0,818.05,820.25,826.8,-0.79,137681,112932840.25
2025-09-25,FINEORG,EQ,INE686Y01026,FINE ORGANIC IND. LTD.,4729.6,4748.0,4664.8,4671.0,4729.6,-1.24,4637,21659427.0
2025-09-25,FINIETF,EQ,INF109KC17L8,ICICIPRAMC-ICICIFIN,30.55,30.61,30.1,30.21,30.55,-1.11,157622,4761760.48
2025-09-25,FINOPB,EQ,INE02NC01014,FINO PAYMENTS BANK LTD,266.95,269.45,262.0,263.1,267.15,-1.52,65944,17349866.8
2025-09-25,FINPIPE,EQ,INE183A01024,FINOLEX INDUSTRIES LTD,210.45,214.16,208.77,212.13,210.39,0.83,367891,78040719.63
2025-09-25,FIRSTCRY,EQ,INE02RE01045,BRAINBEES SOLUTIONS LTD,386.8,387.4,377.0,378.7,386.35,-1.98,1873971,709672840.58
2025-09-25,FISCHER,EQ,INE771F01041,FISCHER MEDICAL VENTURE L,117.9,118.2,114.8,115.7,117.0,-1.11,625851,72410958.79
2025-09-25,FIVESTAR,EQ,INE128S01021,FIVE-STAR BUS FIN LTD,525.2,525.65,515.5,519.95,522.6,-0.51,999361,519617764.15
2025-09-25,FLAIR,EQ,INE00Y201027,FLAIR WRITING INDUST LTD,313.1,319.95,306.1,307.45,317.8,-3.26,29691,9128498.31
2025-09-25,FLUOROCHEM,EQ,INE09N301011,GUJARAT FLUOROCHEM LTD,3793.4,3809.3,3721.3,3782.5,3793.4,-0.29,129717,490654552.5
2025-09-25,FMCGIETF,EQ,INF109KC19V3,ICICIPRAMC - ICICIFMCG,59.39,59.4,58.8,58.88,59.08,-0.34,642914,37854777.01
2025-09-25,FMGOETZE,EQ,INE529A01010,FEDERAL-MOGUL GOETZE (IND,547.85,565.0,544.65,549.1,547.85,0.23,43659,23973155.83
2025-09-25,FMNL,EQ,INE360L01017,FUTURE MKT NETWORKS LTD,12.15,12.2,11.55,11.66,12.16,-4.11,70639,823650.73
2025-09-25,FOODSIN,EQ,INE976E01023,FOODS & INNS LIMITED,89.39,90.89,88.0,90.03,89.0,1.16,124947,11248978.26
2025-09-25,FORCEMOT,EQ,INE451A01017,FORCE MOTORS LIMITED,18077.0,18254.0,17680.0,17760.0,18041.0,-1.56,42631,757126560.0
2025-09-25,FORTIS,EQ,INE061F01013,FORTIS HEALTHCARE LTD,960.4,965.0,942.5,944.6,960.4,-1.65,1486815,1404445412.7
2025-09-25,FOSECOIND,EQ,INE519A01011,FOSECO INDIA LTD,5771.0,5825.0,5750.0,5756.0,5770.5,-0.25,3452,19869712.0
2025-09-25,FSL,EQ,INE684F01012,FIRSTSOURCE SOLU. LTD.,355.0,361.3,354.05,355.1,356.85,-0.49,294651,104630571.9
2025-09-25,FUSION,EQ,INE139R01012,FUSION FINANCE LIMITED,192.23,196.7,192.0,193.05,192.14,0.47,594304,114730389.01
2025-09-25,GABRIEL,EQ,INE524A01029,GABRIEL INDIA LTD,1280.0,1282.8,1232.0,1254.1,1285.7,-2.46,356549,447148092.2
2025-09-25,GAEL,EQ,INE036B01030,GUJARAT AMBUJA EXPORTS LT,107.4,108.58,106.6,107.12,108.02,-0.83,246391,26393404.6
2025-09-25,GAIL,EQ,INE129A01019,GAIL (INDIA) LTD,176.0,177.66,174.0,174.42,175.91,-0.85,8858607,1545118216.72
2025-09-25,GALAPREC,EQ,INE0RE001014,GALA PRECISION ENG LTD,802.0,807.95,780.0,782.8,796.1,-1.67,18666,14611744.57
2025-09-25,GALAXYSURF,EQ,INE600K01018,GALAXY SURFACTANTS LTD,2306.3,2325.5,2234.0,2241.9,2306.2,-2.79,8996,20168131.52
2025-09-25,GALLANTT,EQ,INE297H01019,GALLANTT ISPAT LIMITED,663.7,677.0,651.0,662.75,663.7,-0.14,196439,130189947.25
2025-09-25,GANDHAR,EQ,INE717W01049,GANDHAR OIL REFINE IND L,144.9,145.06,142.01,142.42,144.2,-1.23,72456,10319183.39
2025-09-25,GANDHITUBE,EQ,INE524B01027,GANDHI SPL. TUBES LTD,906.25,911.95,884.05,888.3,908.9,-2.27,13699,12168821.53
2025-09-25,GANECOS,EQ,INE845D01014,GANESHA ECOSPHERE LIMITED,1216.0,1223.0,1185.0,1194.9,1203.0,-0.67,54338,64928477.53
2025-09-25,GANESHHOU,EQ,INE460C01014,GANESH HOUSING LIMITED,861.7,875.4,847.4,854.35,861.1,-0.78,32042,27375081.92
2025-09-25,GANGAFORGE,EQ,INE691Z01023,GANGA FORGING LIMITED,3.64,3.85,3.64,3.74,3.76,-0.53,56657,211897.18
2025-09-25,GANGESSECU,EQ,INE335W01016,GANGES SECURITIES LIMITED,152.51,154.0,148.5,150.53,151.42,-0.59,5258,791486.73
2025-09-25,GARFIBRES,EQ,INE276A01018,GARWARE TECH FIBRES LTD,784.0,795.0,783.65,786.45,783.65,0.36,54334,42730974.96
2025-09-25,GARUDA,EQ,INE0JVO01026,GARUDA CONSTRUCT N ENG L,195.01,198.59,191.25,196.07,193.28,1.44,644292,126326337.16
2025-09-25,GATEWAY,EQ,INE079J01017,GATEWAY DISTRIPARKS LTD,63.49,63.82,62.66,62.79,63.45,-1.04,721219,45285341.67
2025-09-25,GAYAHWS,EQ,INE287Z01012,GAYATRI HIGHWAYS LIMITED,3.42,3.42,3.42,3.42,3.26,4.91,521936,1785021.16
2025-09-25,GAYAPROJ,EQ,INE336H01023,GAYATRI PROJECTS LTD,10.99,10.99,10.99,10.99,10.99,0.0,0,0.0
2025-09-25,GCSL,EQ,INE199P01028,GRETEX CORPORATE SERVICES,266.2,279.8,259.0,264.85,263.0,0.7,4648,1231022.83
2025-09-25,GEEKAYWIRE,EQ,INE669X01032,GEEKAY WIRES LIMITED,35.72,35.98,34.6,34.88,35.74,-2.38,111562,3891840.18
2025-09-25,GEMAROMA,EQ,INE06XZ01023,GEM AROMATICS LIMITED,258.5,261.95,253.05,254.0,258.8,-1.85,223156,56681624.0
2025-09-25,GENCON,EQ,INE854S01022,GENERIC ENG CONS PROJ LTD,46.89,46.89,44.63,44.65,44.98,-0.73,70438,3145056.81
2025-09-25,GENESYS,EQ,INE727B01026,GENESYS INTL CORPN LTD,529.8,543.05,525.1,529.75,528.55,0.23,105967,56136018.25
2025-09-25,GENUSPAPER,EQ,INE949P01018,GENUS P&B LIMITED,17.51,17.96,17.5,17.52,17.68,-0.9,49172,861493.46
2025-09-25,GENUSPOWER,EQ,INE955D01029,GENUS POWER INFRASTRU LTD,323.15,325.5,316.9,317.95,323.15,-1.61,373719,118823960.61
2025-09-25,GEOJITFSL,EQ,INE007B01023,GEOJIT FINANCIAL SER L,79.79,80.4,78.14,78.53,80.43,-2.36,490257,38499881.61
2025-09-25,GESHIP,EQ,INE017A01032,THE GE SHPG.LTD,1030.05,1038.4,1013.25,1018.0,1028.95,-1.06,272074,276971332.0
2025-09-25,GFLLIMITED,EQ,INE538A01037,GFL LIMITED,62.0,68.76,62.0,62.57,62.05,0.84,207344,12973514.02
2025-09-25,GHCL,EQ,INE539A01019,GHCL LIMITED,600.0,603.75,592.0,598.4,598.1,0.05,82053,49100517.2
2025-09-25,GHCLTEXTIL,EQ,INE0PA801013,GHCL TEXTILES LIMITED,78.3,79.57,77.71,78.14,78.06,0.1,29815,2329744.08
2025-09-25,GICHSGFIN,EQ,INE289B01019,GIC HOUSING FINANCE LTD,178.99,180.99,178.0,178.0,178.56,-0.31,104929,18677362.0
2025-09-25,GICRE,EQ,INE481Y01014,GENERAL INS CORP OF INDIA,363.0,365.4,358.85,360.1,362.9,-0.77,314325,113188434.42
2025-09-25,GILLANDERS,EQ,INE047B01011,GILLANDERS ARBUTHNOT LTD,114.65,116.9,113.01,113.79,117.48,-3.14,8101,921812.8
2025-09-25,GILLETTE,EQ,INE322A01010,GILLETTE INDIA LTD,9890.0,9900.0,9650.0,9681.0,9840.0,-1.62,13922,134778882.0
2025-09-25,GILT10BETA,EQ,INF789F1AZF3,UTIAMC-GILT10BETA,26.09,26.14,25.91,26.04,25.91,0.5,13179,343181.17
2025-09-25,GILT5BETA,EQ,INF789F1AZE6,UTIAMC-GILT5BETA,63.5,64.4,62.57,63.47,63.5,-0.05,18964,1203645.1
2025-09-25,GILT5YBEES,EQ,INF204KC1030,RELCAPAMC - NETFGILT5Y,63.14,63.14,62.92,62.94,62.96,-0.03,162431,10223406.92
2025-09-25,GIPCL,EQ,INE162A01010,GUJ IND POW CO. LTD,187.2,188.69,184.06,184.86,187.52,-1.42,159432,29472599.62
2025-09-25,GKWLIMITED,EQ,INE528A01020,GKW LIMITED,1710.0,1710.0,1650.0,1670.8,1702.9,-1.89,156,260644.81
2025-09-25,GLAND,EQ,INE068V01023,GLAND PHARMA LIMITED,1991.0,2007.6,1968.1,1972.8,1977.8,-0.25,102301,201819417.8
2025-09-25,GLAXO,EQ,INE159A01016,GLAXOSMITHKLINE PHARMA LT,2744.0,2761.9,2725.0,2738.2,2746.4,-0.3,33280,91127294.38
2025-09-25,GLENMARK,EQ,INE935A01035,GLENMARK PHARMACEUTICALS,2031.6,2052.5,2023.7,2030.7,2018.6,0.6,1053509,2139360674.86
2025-09-25,GLFL,EQ,INE540A01017,GUJARAT LEASE FINANCING L,5.86,5.9,5.5,5.88,5.72,2.8,15601,91733.88
2025-09-25,GLOBAL,EQ,INE291W01037,GLOBAL EDUCATION LIMITED,67.08,68.9,65.22,66.02,67.08,-1.58,13079,863475.54
2025-09-25,GLOBALE,EQ,INE0URU01010,GLOBALE TESSILE LIMITED,14.2,14.2,12.54,13.15,13.94,-5.67,65806,865348.87
2025-09-25,GLOBALVECT,EQ,INE792H01019,GLOBAL VEC HELICORP LTD,213.0,215.38,209.5,210.53,210.24,0.14,10961,2307619.32
2025-09-25,GLOBE,EQ,INE581X01021,GLOBE ENTERPRISE (I) LTD,2.25,2.26,2.17,2.19,2.23,-1.79,3016600,6606354.17
2025-09-25,GLOBECIVIL,EQ,INE0V3U01015,GLOBE CIVIL PROJECTS LTD,73.07,75.6,72.01,73.26,74.22,-1.29,262524,19232508.8
2025-09-25,GLOBUSSPR,EQ,INE615I01010,GLOBUS SPIRITS LTD,1091.0,1091.0,1065.0,1078.8,1085.8,-0.64,59489,64176736.1
2025-09-25,GLOSTERLTD,EQ,INE350Z01018,GLOSTER LIMITED,652.0,678.95,652.0,659.75,665.6,-0.88,1994,1315541.5
2025-09-25,GMBREW,EQ,INE075D01018,G M BREWERIES LTD,718.5,731.0,710.0,712.6,718.5,-0.82,46506,33140174.46
2025-09-25,GMDCLTD,EQ,INE131A01031,GUJARAT MINERAL DEV CORP,605.4,619.8,594.7,602.15,606.2,-0.67,7640970,4601010272.05
2025-09-25,GMMPFAUDLR,EQ,INE541A01023,GMM PFAUDLER LIMITED,1102.2,1105.9,1065.0,1071.6,1102.2,-2.78,60772,65123273.72
2025-09-25,GMRAIRPORT,EQ,INE776C01039,GMR AIRPORTS LIMITED,89.49,90.24,88.92,89.12,89.05,0.08,7859387,700428591.03
2025-09-25,GMRP&UI,EQ,INE0CU601026,GMR POW AND URBAN INFRA L,117.75,118.05,115.1,116.35,117.75,-1.19,1752600,203915007.33
2025-09-25,GNA,EQ,INE934S01014,GNA AXLES LIMITED,321.0,322.55,316.0,318.0,322.65,-1.44,24909,7921062.0
2025-09-25,GNFC,EQ,INE113A01013,GUJ NAR VAL FER & CHEM L,500.4,503.6,496.15,502.25,501.25,0.2,248353,124735294.25
2025-09-25,GOACARBON,EQ,INE426D01013,GOA CARBON LIMITED,448.2,456.6,445.0,445.65,447.65,-0.45,12014,5354039.03
2025-09-25,GOCLCORP,EQ,INE077F01035,GOCL CORPORATION LIMITED,359.5,361.0,356.05,357.45,359.2,-0.49,26801,9580017.78
2025-09-25,GOCOLORS,EQ,INE0BJS01011,GO FASHION INDIA LTD,706.0,712.9,691.1,693.95,706.15,-1.73,129666,89981722.28
2025-09-25,GODAVARIB,EQ,INE497S01012,GODAVARI BIOREFINERIES L,276.75,276.75,265.86,266.57,270.81,-1.57,33000,8796810.24
2025-09-25,GODFRYPHLP,EQ,INE260B01028,GODFREY PHILLIPS INDIA LT,3409.0,3416.0,3330.0,3345.0,3408.0,-1.85,263004,879748380.0
2025-09-25,GODIGIT,EQ,INE03JT01014,GO DIGIT GENERAL INS LTD,357.0,357.05,349.7,350.5,358.85,-2.33,225182,78926291.0
2025-09-25,GODREJAGRO,EQ,INE850D01014,GODREJ AGROVET LIMITED,711.5,716.2,684.4,687.7,714.95,-3.81,211773,145636294.69
2025-09-25,GODREJCP,EQ,INE102D01028,GODREJ CONSUMER PRODUCTS,1186.0,1197.5,1174.1,1189.2,1186.0,0.27,1908855,2270010272.79
2025-09-25,GODREJIND,EQ,INE233A01035,GODREJ INDUSTRIES LTD,1184.0,1242.0,1184.0,1212.5,1191.0,1.81,588971,714127337.5
2025-09-25,GODREJPROP,EQ,INE484J01027,GODREJ PROPERTIES LTD,2020.0,2022.1,1955.3,1967.4,2019.1,-2.56,612330,1204698056.95
2025-09-25,GOKEX,EQ,INE887G01027,GOKALDAS EXPORTS LTD.,781.0,786.45,765.45,770.75,792.0,-2.68,182277,140489997.75
2025-09-25,GOKUL,EQ,INE020J01029,GOKUL REFOILS & SOLV LTD,43.03,44.71,42.01,42.81,43.36,-1.27,25158,1077014.01
2025-09-25,GOKULAGRO,EQ,INE314T01033,GOKUL AGRO RESOURCES LTD,204.0,207.45,201.05,202.43,203.52,-0.54,528994,107081612.06
2025-09-25,GOLD1,EQ,INF174KA1HJ8,KOTAK GOLD ETF,97.76,97.76,94.2,95.02,95.38,-0.38,3677641,349449435.47
2025-09-25,GOLDADD,EQ,INF740KA1ZP2,DSPAMC - DSPGOLD,11.39,11.39,10.95,11.06,11.11,-0.41,6081810,67289146.63
2025-09-25,GOLDAXIS,EQ,INF846K01W80,AXISAMC-GOLDAXIS,92.95,97.72,92.95,94.95,95.34,-0.41,2121782,201463194.42
2025-09-25,GOLDBEES,EQ,INF204KB17I5,NIP IND ETF GOLD BEES,97.0,97.0,93.47,94.43,94.64,-0.22,31941819,3016265977.92
2025-09-25,GOLDBETA,EQ,INF789F1AUX7,UTIAMC-UTIGOLDBETA,98.55,98.55,94.3,95.95,96.15,-0.21,1309855,125680583.25
2025-09-25,GOLDCASE,EQ,INF0R8F01042,ZERODHAAMC - GOLDCASE,17.52,18.33,17.43,17.88,17.97,-0.5,6410008,114610937.66
2025-09-25,GOLDETF,EQ,INF769K01JP9,MIRAEAMC - MAGOLDETF,110.89,111.29,109.98,110.97,111.2,-0.21,1399423,155293972.02
2025-09-25,GOLDIAM,EQ,INE025B01025,GOLDIAM INTERNATIONAL LTD,284.74,285.98,277.73,278.51,284.74,-2.19,419167,116743254.2
2025-09-25,GOLDIETF,EQ,INF109KC1NT3,ICICI PRUDENTIAL GOLD ETF,100.25,102.5,96.61,97.59,97.81,-0.22,7627870,744403805.37
2025-09-25,GOODLUCK,EQ,INE127I01024,GOODLUCK INDIA LIMITED,414.67,417.5,394.33,397.47,412.97,-3.75,904002,359310668.96
2025-09-25,GOPAL,EQ,INE0L9R01028,GOPAL SNACKS LIMITED,370.0,371.0,364.05,368.4,368.2,0.05,106492,39231652.15
2025-09-25,GOYALALUM,EQ,INE705X01026,GOYAL ALUMINIUMS LIMITED,7.45,7.7,7.28,7.41,7.53,-1.59,75145,556824.44
2025-09-25,GPIL,EQ,INE177H01039,GODAWARI POW & ISP LTD,267.2,267.3,257.11,259.71,266.24,-2.45,2975038,772647093.56
2025-09-25,GPPL,EQ,INE517F01014,GUJARAT PIPAVAV PORT LTD,156.0,157.88,153.63,156.24,153.21,1.98,3033570,473964993.46
2025-09-25,GPTHEALTH,EQ,INE486R01017,GPT HEALTHCARE LIMITED,149.5,149.88,146.5,147.01,148.3,-0.87,84998,12495555.51
2025-09-25,GPTINFRA,EQ,INE390G01014,GPT INFRAPROJECTS LTD,119.5,124.49,115.8,116.18,119.2,-2.53,98584,11453489.15
2025-09-25,GRANULES,EQ,INE101D01020,GRANULES INDIA LIMITED,531.95,536.5,526.75,530.15,530.8,-0.12,489157,259326595.49
2025-09-25,GRAPHITE,EQ,INE371A01025,GRAPHITE INDIA LTD,574.85,584.0,569.65,570.9,572.0,-0.19,588419,335928421.47
2025-09-25,GRASIM,EQ,INE047A01021,GRASIM INDUSTRIES LTD,2810.0,2833.2,2771.2,2778.6,2807.4,-1.03,723479,2010258820.05
2025-09-25,GRAVITA,EQ,INE024L01027,GRAVITA INDIA LIMITED,1644.0,1644.2,1583.4,1595.0,1642.4,-2.89,240826,384117470.0
2025-09-25,GREAVESCOT,EQ,INE224A01026,GREAVES COTTON LTD.,222.99,232.0,221.5,222.3,222.46,-0.07,3730993,829399755.29
2025-09-25,GREENLAM,EQ,INE544R01021,GREENLAM INDUSTRIES LTD.,247.4,250.81,240.01,240.98,247.4,-2.59,74177,17875173.14
2025-09-25,GREENPANEL,EQ,INE08ZM01014,GREENPANEL INDUSTRIES LTD,282.95,285.5,277.1,280.75,285.8,-1.77,107363,30142162.25
2025-09-25,GREENPLY,EQ,INE461C01038,GREENPLY INDUSTRIES LTD,316.95,318.2,308.1,309.75,316.95,-2.27,42101,13040784.75
2025-09-25,GREENPOWER,EQ,INE999K01014,ORIENT GREEN POWER CO LTD,13.74,13.76,13.5,13.53,13.76,-1.67,2014335,27253952.01
2025-09-25,GRINDWELL,EQ,INE536A01023,GRINDWELL NORTON LIMITED,1613.0,1622.9,1593.9,1599.3,1613.0,-0.85,10684,17086921.72
2025-09-25,GRINFRA,EQ,INE201P01022,G R INFRAPROJECTS LIMITED,1306.8,1307.9,1256.3,1271.8,1300.2,-2.18,9089,11559390.64
2025-09-25,GRMOVER,EQ,INE192H01020,GRM OVERSEAS LIMITED,120.92,125.9,120.92,123.78,119.95,3.2,3732408,462009901.7
2025-09-25,GROBTEA,EQ,INE646C01018,THE GROB TEA COMPANY LTD,1072.0,1115.0,1072.0,1076.0,1107.5,-2.84,314,337864.0
2025-09-25,GROWWDEFNC,EQ,INF666M01IO8,GROWWAMC - GROWWDEFNC,81.45,82.35,80.05,81.09,80.77,0.4,294145,23852216.97
2025-09-25,GROWWEV,EQ,INF666M01IH2,GROWWAMC - GROWWEV,31.59,31.67,31.04,31.12,31.33,-0.67,186050,5789876.16
2025-09-25,GROWWGOLD,EQ,INF666M01OE7,GROWWAMC - GROWWGOLD,111.56,111.98,110.53,111.43,111.89,-0.41,432780,48224675.53
2025-09-25,GROWWLIQID,EQ,INF666M01IP5,GROWWAMC - GROWWLIQID,105.52,106.3,105.52,105.88,105.87,0.01,125376,13274810.54
2025-09-25,GROWWLOVOL,EQ,INF666M01LB9,GROWWAMC - GROWWLOVOL,10.38,10.38,10.38,10.38,10.46,-0.79,0,0.0
2025-09-25,GROWWMOM50,EQ,INF666M01KJ4,GROWWAMC - GROWWMOM50,10.33,10.33,10.33,10.33,10.41,-0.77,0,0.0
2025-09-25,GROWWN200,EQ,INF666M01JV1,GROWWAMC - GROWWN200,11.24,11.24,11.24,11.24,11.31,-0.67,0,0.0
2025-09-25,GROWWNET,EQ,INF666M01LI4,GROWWAMC - GROWWNET,10.6,10.6,10.6,10.6,10.7,-0.95,0,0.0
2025-09-25,GROWWNXT50,EQ,INF666M01LZ8,GROWWAMC - GROWWNXT50,68.32,68.32,68.32,68.32,68.83,-0.75,0,0.0
2025-09-25,GROWWRAIL,EQ,INF666M01JJ6,GROWWAMC - GROWWRAIL,35.53,35.74,35.07,35.2,35.36,-0.45,278536,9804467.41
2025-09-25,GROWWSLVR,EQ,INF666M01OF4,GROWWAMC - GROWWSLVR,135.65,135.65,135.65,135.65,132.72,2.21,0,0.0
2025-09-25,GRPLTD,EQ,INE137I01015,GRP LIMITED,2298.8,2298.8,2204.0,2208.8,2300.4,-3.98,1259,2780879.26
2025-09-25,GRSE,EQ,INE382Z01011,GARDEN REACH SHIP&ENG LTD,2734.7,2829.8,2689.3,2716.9,2714.8,0.08,3692647,10032552273.69
2025-09-25,GRWRHITECH,EQ,INE291A01017,GARWARE HI-TECH FILMS LTD,3200.0,3200.0,3102.0,3112.6,3166.2,-1.69,22076,68713759.76
2025-09-25,GSEC10IETF,EQ,INF109KC18O0,ICICIPRAMC - ICICI10GS,257.11,258.49,256.62,258.46,258.51,-0.02,4240,1095870.36
2025-09-25,GSEC10YEAR,EQ,INF769K01KF8,MIRAEAMC - MAGS813ETF,29.36,29.37,29.19,29.2,29.22,-0.07,2299,67130.8
2025-09-25,GSEC5IETF,EQ,INF109KC14A8,ICICIPRAMC - ICICI5GSEC,63.47,63.6,63.15,63.37,63.49,-0.19,15350,972729.48
2025-09-25,GSFC,EQ,INE026A01025,GUJ STATE FERT & CHEM LTD,203.0,203.8,200.1,200.34,202.14,-0.89,560900,112370703.95
2025-09-25,GSLSU,EQ,INE0JSX01015,GLOBAL SURFACES LIMITED,98.5,98.5,94.16,94.97,98.63,-3.71,116492,11063245.38
2025-09-25,GSS,EQ,INE871H01011,GSS INFOTECH LIMITED,27.3,27.4,26.82,26.83,26.88,-0.19,18382,493189.06
2025-09-25,GTECJAINX,EQ,INE586X01012,G-TEC JAINX EDUCATION LTD,27.25,27.25,25.3,25.53,26.24,-2.71,2517,64259.01
2025-09-25,GTL,EQ,INE043A01012,GTL LTD,9.48,9.5,9.33,9.35,9.4,-0.53,230176,2152145.69
2025-09-25,GTLINFRA,EQ,INE221H01019,GTL INFRA.LTD,1.51,1.6,1.5,1.54,1.51,1.99,59654066,91867259.36
2025-09-25,GTPL,EQ,INE869I01013,GTPL HATHWAY LIMITED,114.99,114.99,113.0,113.18,114.64,-1.27,6206,702395.08
2025-09-25,GUFICBIO,EQ,INE742B01025,GUFIC BIOSCIENCES LTD.,367.85,369.95,360.0,361.55,367.9,-1.73,153697,55569148.47
2025-09-25,GUJALKALI,EQ,INE186A01019,GUJARAT ALKALIES & CHEM,580.0,580.85,563.7,567.25,580.6,-2.3,38007,21559470.75
2025-09-25,GUJAPOLLO,EQ,INE826C01016,GUJ. APOLLO IND. LTD.,496.8,504.95,491.0,498.9,502.25,-0.67,5643,2815292.67
2025-09-25,GUJENERGY,EQ,INE844O01030,GUJARAT ENERGY LIMITED,434.2,435.0,428.75,431.95,434.2,-0.52,151406,65399823.55
2025-09-25,GUJRAFFIA,EQ,INE610B01024,GUJARAT RAFFIA INDUST LTD,40.29,40.94,37.52,39.07,38.29,2.04,23839,931389.72
2025-09-25,GUJTHEM,EQ,INE942C01045,GUJARAT THEMIS BIOSYN LTD,410.0,419.85,402.8,411.75,411.65,0.02,142818,58805311.5
2025-09-25,GULFOILLUB,EQ,INE635Q01029,GULF OIL LUB. IND. LTD.,1241.6,1248.2,1221.0,1225.1,1242.0,-1.36,39626,48545811.63
2025-09-25,GULPOLY,EQ,INE255D01024,GULSHAN POLYOLS LIMITED,155.0,155.0,151.7,152.1,154.19,-1.36,34910,5309811.21
2025-09-25,GVPIL,EQ,INE878A01011,GE POWER INDIA LIMITED,339.45,345.8,333.45,336.05,337.45,-0.41,123307,41437315.84
2025-09-25,GVT&D,EQ,INE200A01026,GE VERNOVA T&D INDIA LTD,3039.0,3060.0,2940.0,2954.9,3022.8,-2.25,229480,678090429.59
2025-09-25,HAL,EQ,INE066F01020,HINDUSTAN AERONAUTICS LTD,4725.0,4827.6,4710.0,4775.2,4723.9,1.09,1926254,9198248477.02
2025-09-25,HALEOSLABS,EQ,INE320X01016,HALEOS LABS LIMITED,1213.5,1213.5,1195.0,1205.3,1214.9,-0.79,564,679789.23
2025-09-25,HAPPSTMNDS,EQ,INE419U01012,HAPPIEST MINDS TECHNO LTD,551.0,554.85,550.0,553.05,551.75,0.24,139498,77149367.2
2025-09-25,HAPPYFORGE,EQ,INE330T01021,HAPPY FORGINGS LIMITED,965.1,975.0,961.55,972.4,971.2,0.12,19870,19321588.49
2025-09-25,HARDWYN,EQ,INE626Z01029,HARDWYN INDIA LIMITED,9.44,9.59,9.14,9.25,9.44,-1.97,234267,2166969.75
2025-09-25,HARIOMPIPE,EQ,INE00EV01017,HARIOM PIPE INDUSTRIES L,525.0,528.95,509.05,511.45,528.7,-3.26,184438,94330817.35
2025-09-25,HARRMALAYA,EQ,INE544A01019,HARRISON MALAYALAM LTD,206.01,209.7,205.0,206.04,205.45,0.29,8945,1843027.74
2025-09-25,HARSHA,EQ,INE0JUS01029,HARSHA ENGINEERS INT LTD,417.4,417.4,408.0,409.15,413.25,-0.99,27797,11373142.38
2025-09-25,HATHWAY,EQ,INE982F01036,HATHWAY CABLE & DATACOM,14.5,14.56,14.3,14.32,14.47,-1.04,1383026,19804931.9
2025-09-25,HATSUN,EQ,INE473B01035,HATSUN AGRO PRODUCT LTD.,905.4,905.4,890.9,894.4,901.75,-0.82,29335,26237224.72
2025-09-25,HAVELLS,EQ,INE176B01034,HAVELLS INDIA LIMITED,1541.4,1558.8,1534.1,1539.6,1544.5,-0.32,727426,1119945051.84
2025-09-25,HAVISHA,EQ,INE293B01029,SRI HAVISHA HOSP & INFR L,2.0,2.0,1.96,1.98,1.94,2.06,21066,41710.68
2025-09-25,HBLENGINE,EQ,INE292B01021,HBL ENGINEERING LTD,830.2,851.0,817.55,820.05,829.4,-1.13,1102038,903726248.45
2025-09-25,HBSL,EQ,INE550B01022,HB STOCKHOLDINGS LIMITED,76.17,78.0,76.12,77.85,76.17,2.21,5356,416964.59
2025-09-25,HCC,EQ,INE549A01026,HINDUSTAN CONSTRUCTION CO,28.75,29.0,28.02,28.09,28.74,-2.26,5997738,168476461.34
2025-09-25,HCG,EQ,INE075I01017,HEALTHCARE GLOB. ENT. LTD,648.2,665.6,648.2,655.25,650.55,0.72,97912,64156838.0
2025-09-25,HCL-INSYS,EQ,INE236A01020,HCL INFOSYSTEMS LTD,15.25,15.41,14.67,14.81,15.25,-2.89,263186,3897784.77
2025-09-25,HCLTECH,EQ,INE860A01027,HCL TECHNOLOGIES LTD,1440.2,1442.5,1416.0,1423.8,1442.3,-1.28,2713246,3863119787.28
2025-09-25,HDBFS,EQ,INE756I01012,HDB FINANCIAL SERVICES L,772.0,775.0,765.5,767.1,772.9,-0.75,338321,259526030.84
2025-09-25,HDFCAMC,EQ,INE127D01025,HDFC AMC LIMITED,2896.5,2908.75,2870.0,2875.5,2895.0,-0.67,495084,1423614042.0
2025-09-25,HDFCBANK,EQ,INE040A01034,HDFC BANK LTD,952.5,958.0,947.4,949.85,951.05,-0.13,31413279,29837902291.22
2025-09-25,HDFCBSE500,EQ,INF179KC1EZ4,HDFCAMC - HDFCBSE500,37.2,37.48,36.72,36.87,37.23,-0.97,97961,3611821.97
2025-09-25,HDFCGOLD,EQ,INF179KC1981,HDFC GOLD ETF,100.13,100.13,96.5,97.36,97.69,-0.34,8672184,844323839.53
2025-09-25,HDFCGROWTH,EQ,INF179KC1DJ0,HDFCAMC - HDFCGROWTH,124.01,124.07,122.7,122.98,123.91,-0.75,7907,972402.89
2025-09-25,HDFCLIFE,EQ,INE795G01014,HDFC LIFE INS CO LTD,768.0,769.95,758.75,765.05,770.25,-0.68,2080916,1592004760.4
2025-09-25,HDFCLOWVOL,EQ,INF179KC1HU8,HDFCAMC - HDFCLOWVOL,21.16,21.16,20.62,20.66,20.81,-0.72,6210,128298.6
2025-09-25,HDFCMID150,EQ,INF179KC1HT0,HDFCAMC - HDFCMID150,21.83,21.87,21.51,21.63,21.73,-0.46,329157,7119665.63
2025-09-25,HDFCMOMENT,EQ,INF179KC1HV6,HDFCAMC - HDFCMOMENT,30.82,30.9,30.5,30.6,30.82,-0.71,128550,3933630.05
2025-09-25,HDFCNEXT50,EQ,INF179KC1HS2,HDFCAMC - HDFCNEXT50,70.24,70.34,69.24,69.39,70.24,-1.21,252985,17554629.0
2025-09-25,HDFCNIF100,EQ,INF179KC1HR4,HDFCAMC - HDFCNIF100,26.36,26.56,26.21,26.31,26.49,-0.68,52416,1379064.93
2025-09-25,HDFCNIFBAN,EQ,INF179KC1HY0,HDFCAMC - HDFCNIFBAN,56.58,56.75,56.31,56.35,56.57,-0.39,92161,5193272.21
2025-09-25,HDFCNIFIT,EQ,INF179KC1IA8,HDFCAMC - HDFCNIFIT,36.83,36.83,36.0,36.05,36.65,-1.64,3797645,136905099.35
2025-09-25,HDFCNIFTY,EQ,INF179KC1965,HDFCAMC - HDFCNIFTY,280.49,280.5,278.01,278.38,280.11,-0.62,38624,10752149.31
2025-09-25,HDFCPSUBK,EQ,INF179KC1HW4,HDFCAMC HDFCPSUBK,75.08,75.35,74.34,74.53,75.07,-0.72,33204,2474694.08
2025-09-25,HDFCPVTBAN,EQ,INF179KC1HZ7,HDFCAMC - HDFCPVTBAN,28.01,28.01,27.18,27.21,27.33,-0.44,30275,823782.72
2025-09-25,HDFCQUAL,EQ,INF179KC1DL6,HDFCAMC - HDFCQUAL,58.61,58.61,58.02,58.14,58.61,-0.8,10059,584830.25
2025-09-25,HDFCSENSEX,EQ,INF179KC1HX2,HDFCAMC - HDFCSENSEX,92.38,92.38,91.4,91.47,91.91,-0.48,26963,2466305.64
2025-09-25,HDFCSILVER,EQ,INF179KC1DI2,HDFCAMC - HDFCSILVER,129.95,133.1,129.35,132.69,130.39,1.76,4755922,631063301.79
2025-09-25,HDFCSML250,EQ,INF179KC1FB2,HDFCAMC - HDFCSML250,174.37,174.37,171.6,171.94,172.64,-0.41,1346343,231490218.71
2025-09-25,HDFCVALUE,EQ,INF179KC1DK8,HDFCAMC - HDFCVALUE,133.42,133.87,132.27,132.64,133.42,-0.58,1924,255199.36
2025-09-25,HEADSUP,EQ,INE759V01019,HEADS UP VENTURES LIMITED,11.1,11.28,10.6,10.78,11.1,-2.88,6614,71298.92
2025-09-25,HEALTHADD,EQ,INF740KA1ZG1,DSPAMC - HEALTHADD,146.91,147.62,145.24,145.79,146.91,-0.76,2599,378908.19
2025-09-25,HEALTHAXIS,EQ,INF846K01Z12,AXISAMC-HEALTHAXIS,145.5,149.94,145.0,146.96,148.41,-0.98,12613,1853606.56
2025-09-25,HEALTHIETF,EQ,INF109KC1Q72,ICICIPRAMC - ICICIPHARM,149.31,150.28,148.0,148.19,149.3,-0.74,37727,5590764.22
2025-09-25,HEALTHX,EQ,INE019J01013,HEALTH X PLATFORM LIMITED,322.3,326.0,301.2,310.3,319.75,-2.96,47443,14721562.32
2025-09-25,HEALTHY,EQ,INF209KB10C2,BIRLASLAMC - HEALTHY,15.05,15.09,14.84,14.86,14.97,-0.73,91059,1353136.71
2025-09-25,HECPROJECT,EQ,INE558R01013,HEC INFRA PROJECTS LTD,138.5,146.0,138.5,141.92,142.19,-0.19,3933,558171.35
2025-09-25,HEIDELBERG,EQ,INE578A01017,HEIDELBERGCEMENT (I) LTD,206.8,210.54,206.8,208.11,207.32,0.38,45901,9552457.14
2025-09-25,HEMIPROP,EQ,INE0AJG01018,HEMISPHERE PROP IND LTD,169.11,169.11,160.9,161.7,168.33,-3.94,655233,105951174.1
2025-09-25,HERANBA,EQ,INE694N01015,HERANBA INDUSTRIES LTD,310.3,310.55,304.85,305.4,309.05,-1.18,27667,8449501.63
2025-09-25,HERITGFOOD,EQ,INE978A01027,HERITAGE FOODS LTD,518.05,518.45,491.55,493.95,520.15,-5.04,779847,385205435.17
2025-09-25,HEROMOTOCO,EQ,INE158A01026,HERO MOTOCORP LIMITED,5270.0,5374.0,5231.0,5354.5,5277.0,1.47,640474,3429418033.0
2025-09-25,HESTERBIO,EQ,INE782E01017,HESTER BIOSCIENCES LTD,1958.6,1967.9,1938.2,1953.0,1958.6,-0.29,1300,2538900.0
2025-09-25,HEXATRADEX,EQ,INE750M01017,HEXA TRADEX LIMITED,177.01,177.38,174.5,175.17,176.88,-0.97,4464,781958.87
2025-09-25,HEXT,EQ,INE093A01041,HEXAWARE TECHNOLOGIES LTD,700.4,701.8,668.0,681.6,703.8,-3.15,1635411,1114696097.67
2025-09-25,HGINFRA,EQ,INE926X01010,H.G.INFRA ENGINEERING LTD,975.8,980.45,961.0,965.8,975.15,-0.96,115480,111530582.59
2025-09-25,HGM,EQ,INE596H01014,HANDSON GBL MNGMNT LTD,81.63,81.63,78.06,79.48,79.22,0.33,3531,280643.89
2025-09-25,HGS,EQ,INE170I01016,HINDUJA GLOBAL SOLS. LTD.,518.85,521.0,509.0,511.9,516.8,-0.95,7413,3794714.65
2025-09-25,HIKAL,EQ,INE475B01022,HIKAL LIMITED,259.85,264.85,257.1,258.6,259.85,-0.48,405986,104987982.08
2025-09-25,HILINFRA,EQ,INE00RL01028,HIGHWAY INFRASTRUCTURE L,85.4,85.86,82.5,83.44,84.83,-1.64,339380,28317868.03
2025-09-25,HILTON,EQ,INE788H01017,HILTON METAL FORGING LTD,52.29,52.39,50.32,50.6,51.75,-2.22,72332,3659999.09
2025-09-25,HIMATSEIDE,EQ,INE049A01027,HIMATSINGKA SEIDE LTD,125.01,126.25,121.21,122.01,125.39,-2.7,297886,36345071.5
2025-09-25,HINDALCO,EQ,INE038A01020,HINDALCO  INDUSTRIES  LTD,746.0,769.1,740.05,745.65,741.05,0.62,4702510,3506426696.31
2025-09-25,HINDCOMPOS,EQ,INE310C01029,HINDUSTAN COMPOSITES LTD.,470.0,484.2,467.6,472.15,470.85,0.28,3760,1775283.98
2025-09-25,HINDCON,EQ,INE642Y01029,HINDCON CHEMICALS LIMITED,32.3,33.0,31.5,32.06,32.58,-1.6,21715,696182.93
2025-09-25,HINDCOPPER,EQ,INE531E01026,HINDUSTAN COPPER LTD,315.75,331.0,314.01,328.23,308.71,6.32,61651367,20235828867.73
2025-09-25,HINDOILEXP,EQ,INE345A01011,HINDUSTAN OIL EXPLORATION,177.0,182.0,175.17,176.04,175.58,0.26,616065,108452078.46
2025-09-25,HINDPETRO,EQ,INE094A01015,HINDUSTAN PETROLEUM CORP,424.0,427.7,420.75,423.5,424.9,-0.33,2368804,1003188494.0
2025-09-25,HINDUNILVR,EQ,INE030A01027,HINDUSTAN UNILEVER LTD.,2546.0,2567.5,2531.8,2538.3,2549.5,-0.44,1624258,4122854160.71
2025-09-25,HINDWAREAP,EQ,INE05AN01011,HINDWARE HME INOVATON LTD,307.1,332.9,305.25,326.3,310.2,5.19,237800,77594137.1
2025-09-25,HINDZINC,EQ,INE267A01025,HINDUSTAN ZINC LIMITED,453.3,468.5,453.3,466.75,452.9,3.06,7193012,3357338351.0
2025-09-25,HIRECT,EQ,INE835D01023,HIRECT LIMITED,846.5,872.5,841.95,854.15,849.8,0.51,50378,43030369.93
2025-09-25,HISARMETAL,EQ,INE598C01011,HISAR METAL IND. LIMITED,186.9,186.9,183.99,184.74,183.43,0.71,113,20875.62
2025-09-25,HITECH,EQ,INE106T01025,HI-TECH PIPES LIMITED,120.39,121.8,119.5,120.61,120.39,0.18,1354240,163334887.23
2025-09-25,HLEGLAS,EQ,INE461D01028,HLE GLASCOAT LIMITED,514.3,527.9,510.0,512.5,518.35,-1.13,150538,77150725.0
2025-09-25,HLVLTD,EQ,INE102A01024,HLV LIMITED,12.07,12.07,11.8,11.88,11.97,-0.75,187062,2222296.58
2025-09-25,HMAAGRO,EQ,INE0ECP01024,HMA AGRO INDUSTRIES LTD,31.79,32.17,31.36,31.43,32.14,-2.21,375574,11804290.93
2025-09-25,HNDFDS,EQ,INE254N01026,HINDUSTAN FOODS LIMITED,541.2,542.45,531.3,535.0,541.2,-1.15,30098,16102430.0
2025-09-25,HNGSNGBEES,EQ,INF204KB19I1,NIP IND ETF HANGSENG BEES,522.8,522.8,522.8,522.8,524.14,-0.26,75455,39447873.08
2025-09-25,HOMEFIRST,EQ,INE481N01025,HOME FIRST FIN CO IND LTD,1275.0,1282.0,1220.0,1228.4,1278.8,-3.94,297652,365635724.07
2025-09-25,HONASA,EQ,INE0J5401028,HONASA CONSUMER LIMITED,298.0,300.0,292.95,294.85,300.2,-1.78,1009103,297534025.71
2025-09-25,HONAUT,EQ,INE671A01010,HONEYWELL AUTOMATION IND,36570.0,37140.0,36450.0,36575.0,36570.0,0.01,2154,78782550.0
2025-09-25,HONDAPOWER,EQ,INE634A01018,HONDA I POWER PRODUCT LTD,2832.0,2848.0,2818.0,2831.2,2830.8,0.01,2740,7757487.87
2025-09-25,HPAL,EQ,INE0GSL01024,HP ADHESIVES LIMITED,46.95,51.8,46.8,49.8,46.96,6.05,362933,18074063.12
2025-09-25,HPIL,EQ,INE05X901010,HINDPRAKASH INDUSTRY LTD,135.0,135.5,130.0,131.07,134.57,-2.6,1149,150599.44
2025-09-25,HPL,EQ,INE495S01016,HPL ELECTRIC & POWER LTD,467.2,505.0,464.05,478.75,467.2,2.47,166055,79498831.25
2025-09-25,HSCL,EQ,INE019C01026,HIMADRI SPECIALITY CHEM L,468.3,474.75,459.3,462.3,467.85,-1.19,3673359,1698193820.86
2025-09-25,HTMEDIA,EQ,INE501G01024,HT MEDIA LIMITED,26.73,26.76,26.3,26.5,26.73,-0.86,76454,2026031.0
2025-09-25,HUBTOWN,EQ,INE703H01016,HUBTOWN LIMITED,322.45,329.0,318.5,323.0,321.85,0.36,415294,134139962.0
2025-09-25,HUDCO,EQ,INE031A01017,HSG & URBAN DEV CORPN LTD,232.3,235.5,227.8,228.45,232.54,-1.76,2543528,581068963.84
2025-09-25,HUHTAMAKI,EQ,INE275B01026,HUHTAMAKI INDIA LIMITED,236.0,238.79,234.29,236.21,235.86,0.15,122963,29045091.06
2025-09-25,HYUNDAI,EQ,INE0V6F01027,HYUNDAI MOTOR INDIA LTD,2757.9,2766.8,2705.1,2736.9,2755.7,-0.68,390752,1069449110.64
2025-09-25,IBULLSLTD,EQ,INE126M01010,INDIABULLS LIMITED,18.75,18.75,18.75,18.75,18.75,0.0,0,0.0
2025-09-25,ICEMAKE,EQ,INE520Y01019,ICE MAKE REFRIGERAT LTD,772.4,774.6,753.15,756.85,771.3,-1.87,7825,5922351.06
2025-09-25,ICICIB22,EQ,INF109KB15Y7,ICICIPRAMC - BHARATIWIN,109.6,111.9,109.6,110.26,110.82,-0.51,401625,44283173.36
2025-09-25,ICICIBANK,EQ,INE090A01021,ICICI BANK LTD.,1377.0,1391.5,1371.8,1375.8,1382.7,-0.5,21613389,29735701641.54
2025-09-25,ICICIGI,EQ,INE765G01017,ICICI LOMBARD GIC LIMITED,1882.0,1886.0,1855.8,1881.8,1878.4,0.18,563897,1061141402.13
2025-09-25,ICICIPRULI,EQ,INE726G01019,ICICI PRU LIFE INS CO LTD,596.65,598.95,592.8,595.0,596.65,-0.28,902584,537037480.0
2025-09-25,ICIL,EQ,INE483B01026,INDO COUNT INDUSTRIES LTD,286.0,286.0,276.6,277.59,283.58,-2.11,109195,30311439.65
2025-09-25,ICRA,EQ,INE725G01011,ICRA LIMITED,6591.5,6627.5,6405.0,6460.5,6585.0,-1.89,2098,13554129.0
2025-09-25,IDBI,EQ,INE008A01015,IDBI BANK LIMITED,92.1,92.5,90.59,90.89,92.01,-1.22,4153346,377497615.4
2025-09-25,IDEA,EQ,INE669E01016,VODAFONE IDEA LIMITED,8.63,8.84,8.58,8.68,8.59,1.05,734809470,6378146423.85
2025-09-25,IDEAFORGE,EQ,INE349Y01013,IDEAFORGE TECHNO LTD,534.9,540.5,520.35,526.65,533.25,-1.24,326915,172169792.73
2025-09-25,IDFCFIRSTB,EQ,INE092T01019,IDFC FIRST BANK LIMITED,69.7,70.35,69.65,69.93,70.04,-0.16,15686056,1096925900.87
2025-09-25,IDFNIFTYET,EQ,INF194KA1U07,BANDHANAMC - IDFNIFTYET,274.02,274.85,273.18,274.54,274.02,0.19,368,101030.72
2025-09-25,IEX,EQ,INE022Q01020,INDIAN ENERGY EXC LTD,140.4,142.11,139.36,139.82,140.41,-0.42,3714601,519375539.03
2025-09-25,IFBAGRO,EQ,INE076C01018,IFB AGRO INDUSTRIES LTD,846.5,846.5,810.8,824.15,842.3,-2.15,5388,4440520.33
2025-09-25,IFBIND,EQ,INE559A01017,IFB INDUSTRIES LTD,1824.6,1857.9,1756.5,1762.4,1840.0,-4.22,78339,138064655.51
2025-09-25,IFCI,EQ,INE039A01010,IFCI LTD,56.36,56.65,54.88,55.12,56.37,-2.22,4206424,231858086.39
2025-09-25,IFGLEXPOR,EQ,INE133Y01011,IFGL REFRACTORIES LIMITED,267.9,276.75,263.08,266.52,265.93,0.22,153096,40803144.24
2025-09-25,IGARASHI,EQ,INE188B01013,IGARASHI MOTORS INDIA LTD,515.4,540.95,509.6,523.9,515.6,1.61,93687,49082621.59
2025-09-25,IGCL,EQ,INE05J901018,INDOGULF CROPSCIENCES LTD,106.25,106.66,105.0,105.17,105.83,-0.62,208260,21902703.82
2025-09-25,IGIL,EQ,INE0Q9301021,INTL GEMOLOGICAL INST LTD,363.6,364.0,351.9,353.15,363.6,-2.87,216510,76460505.18
2025-09-25,IGL,EQ,INE203G01027,INDRAPRASTHA GAS LTD,207.57,208.49,204.39,204.95,207.57,-1.26,1025400,210155726.87
2025-09-25,IGPL,EQ,INE204A01010,I G PETROCHEMICALS LTD,425.0,428.0,420.0,424.35,425.6,-0.29,22493,9544904.69
2025-09-25,IIFL,EQ,INE530B01024,IIFL FINANCE LIMITED,441.0,445.0,434.75,436.2,441.75,-1.26,731726,319178890.13
2025-09-25,IIFLCAPS,EQ,INE489L01022,IIFL CAPITAL SERVICES LTD,290.45,290.95,285.3,288.45,290.95,-0.86,186723,53860251.63
2025-09-25,IITL,EQ,INE886A01014,INDUSTRIAL INV TRUST LTD,179.0,182.87,179.0,180.75,182.48,-0.95,1617,292272.75
2025-09-25,IKIO,EQ,INE0LOJ01019,IKIO TECHNOLOGIES LIMITED,220.0,222.61,216.5,217.65,220.87,-1.46,47076,10246091.11
2025-09-25,IKS,EQ,INE115Q01022,INVENTURUS KNOWLEDGE SO L,1504.6,1514.0,1487.7,1500.8,1508.1,-0.48,102684,154108152.21
2025-09-25,IMAGICAA,EQ,INE172N01012,IMAGICAAWORLD ENT LTD,57.25,58.27,56.64,56.84,57.34,-0.87,455469,25888858.03
2025-09-25,IMFA,EQ,INE919H01018,INDIAN METALS & FERRO,1174.95,1197.05,1154.9,1159.2,1174.75,-1.32,197616,229076457.55
2025-09-25,IMPAL,EQ,INE547E01014,IND MOTOR PART & ACC LTD,1071.5,1075.0,1045.6,1068.0,1062.8,0.49,2209,2359212.0
2025-09-25,INCREDIBLE,EQ,INE452L01012,INCREDIBLE INDUSTRIES LTD,46.11,46.85,45.6,46.46,46.13,0.72,11340,526856.39
2025-09-25,INDBANK,EQ,INE841B01017,INDBANK MERCH BANK,33.3,33.3,32.5,32.68,32.62,0.18,35057,1145662.77
2025-09-25,INDGN,EQ,INE065X01017,INDEGENE LIMITED,570.0,573.8,567.0,571.9,572.35,-0.08,175757,100515432.59
2025-09-25,INDHOTEL,EQ,INE053A01029,THE INDIAN HOTELS CO. LTD,746.85,749.7,730.1,732.15,746.0,-1.86,3330705,2438575747.07
2025-09-25,INDIACEM,EQ,INE383A01012,THE INDIA CEMENTS LIMITED,386.0,389.9,380.65,383.35,386.5,-0.82,331175,126955938.27
2025-09-25,INDIAGLYCO,EQ,INE560A01023,INDIA GLYCOLS LTD,870.2,874.6,847.3,853.3,874.85,-2.46,106107,90541101.8
2025-09-25,INDIAMART,EQ,INE933S01016,INDIAMART INTERMESH LTD,2388.5,2390.2,2355.0,2373.6,2376.7,-0.13,75828,179985348.21
2025-09-25,INDIANB,EQ,INE562A01011,INDIAN BANK,708.0,717.25,701.45,712.4,708.2,0.59,1777279,1266133602.99
2025-09-25,INDIANCARD,EQ,INE061A01014,INDIAN CARD CLOTHING CO.,268.35,273.0,263.2,269.3,269.45,-0.06,10593,2852694.77
2025-09-25,INDIANHUME,EQ,INE323C01030,INDIAN HUME PIPE CO. LTD.,373.35,379.95,368.65,369.95,375.45,-1.46,16840,6229958.21
2025-09-25,INDIASHLTR,EQ,INE922K01024,INDIA SHELTER FIN CORP L,892.95,892.95,861.5,864.8,890.15,-2.85,423596,366325815.63
2025-09-25,INDIGO,EQ,INE646L01027,INTERGLOBE AVIATION LTD,5690.0,5717.0,5644.5,5674.5,5686.0,-0.2,572155,3246693547.5
2025-09-25,INDIGOPNTS,EQ,INE09VQ01012,INDIGO PAINTS LIMITED,1098.0,1124.0,1090.6,1098.3,1099.7,-0.13,70141,77035863.72
2025-09-25,INDIQUBE,EQ,INE06ST01018,INDIQUBE SPACES LIMITED,231.06,236.75,230.12,231.34,232.1,-0.33,145838,33738162.39
2025-09-25,INDNIPPON,EQ,INE092B01025,INDIA NIPPON ELECT  LTD,970.45,975.3,936.05,951.55,967.6,-1.66,35249,33541185.52
2025-09-25,INDOBORAX,EQ,INE803D01021,INDO BORAX & CHEMICAL LTD,236.0,241.47,234.0,240.36,236.41,1.67,4364,1048931.04
2025-09-25,INDOCO,EQ,INE873D01024,INDOCO REMEDIES LTD.,303.0,304.55,300.35,302.0,302.45,-0.15,50807,15343714.0
2025-09-25,INDOFARM,EQ,INE622H01018,INDO FARM EQUIPMENT LTD,248.38,248.8,235.6,237.08,249.61,-5.02,626876,148619763.23
2025-09-25,INDORAMA,EQ,INE156A01020,INDO RAMA SYNTHETICS LTD,53.44,55.74,53.44,54.81,54.47,0.62,122966,6739766.63
2025-09-25,INDOSTAR,EQ,INE896L01010,INDOSTAR CAPITAL FIN LTD,259.2,264.55,257.1,258.45,259.2,-0.29,65038,16809071.89
2025-09-25,INDOTECH,EQ,INE332H01014,INDO TECH TRANSFORM LTD.,1788.0,1800.0,1745.1,1749.1,1766.6,-0.99,9876,17274111.36
2025-09-25,INDOTHAI,EQ,INE337M01021,INDO THAI SEC LTD,243.86,249.0,240.65,248.29,240.28,3.33,1656915,411395414.23
2025-09-25,INDOUS,EQ,INE250Z01010,INDO US BIOTECH LTD,139.88,141.99,137.5,140.1,138.06,1.48,33484,4691108.6
2025-09-25,INDOWIND,EQ,INE227G01018,INDOWIND ENERGY LTD,16.95,17.0,16.56,16.67,16.81,-0.83,72358,1206207.87
2025-09-25,INDRAMEDCO,EQ,INE681B01017,INDRAPRASTHA MEDICAL CORP,457.7,462.0,452.05,453.3,457.7,-0.96,74741,33880094.39
2025-09-25,INDSWFTLAB,EQ,INE915B01019,IND SWIFT LABORATORIES LT,104.94,104.94,103.0,103.23,103.64,-0.4,19036,1965086.34
2025-09-25,INDTERRAIN,EQ,INE611L01021,IND TERRAIN FASHIONS LTD,33.6,34.18,32.16,33.25,33.91,-1.95,79747,2651587.75
2025-09-25,INDUSINDBK,EQ,INE095A01012,INDUSIND BANK LIMITED,740.95,745.6,735.4,740.75,740.75,0.0,3037406,2249958494.5
2025-09-25,INDUSTOWER,EQ,INE121J01017,INDUS TOWERS LIMITED,358.0,361.0,355.05,356.45,358.15,-0.47,6298204,2244994892.68
2025-09-25,INFOBEAN,EQ,INE344S01016,INFOBEANS TECHNO. LTD.,130.5,131.11,125.64,126.12,129.74,-2.78,140972,17780093.5
2025-09-25,INFOMEDIA,EQ,INE669A01022,INFOMEDIA PRESS LIMITED,6.41,6.41,6.41,6.41,6.11,4.91,2,12.82
2025-09-25,INFRABEES,EQ,INF732E01268,NIP IND ETF INFRA BEES,946.67,949.11,935.44,936.6,943.64,-0.75,8964,8395682.18
2025-09-25,INFRAIETF,EQ,INF109KC16E5,ICICIPRAMC - ICICIINFRA,94.49,94.49,92.92,93.13,94.08,-1.01,99489,9265410.3
2025-09-25,INFY,EQ,INE009A01021,INFOSYS LIMITED,1489.0,1502.7,1476.5,1484.8,1494.6,-0.66,9491867,14093524585.07
2025-09-25,INGERRAND,EQ,INE177A01018,INGERSOLL-RAND INDIA LTD,3999.9,4019.9,3959.1,3979.9,3978.2,0.04,5740,22844625.44
2025-09-25,INNOVACAP,EQ,INE0DUT01020,INNOVA CAPTAB LIMITED,851.35,856.8,835.0,839.8,851.35,-1.36,12334,10358093.05
2025-09-25,INNOVANA,EQ,INE403Y01018,INNOVANA THINKLABS LTD,519.35,525.9,490.2,508.1,513.3,-1.01,7553,3837679.35
2025-09-25,INOXGREEN,EQ,INE510W01014,INOX GREEN ENERGY SER LTD,195.05,206.09,192.67,205.31,196.28,4.6,4398488,903053560.54
2025-09-25,INOXINDIA,EQ,INE616N01034,INOX INDIA LIMITED,1212.0,1222.6,1204.0,1210.1,1211.2,-0.09,47598,57598338.64
2025-09-25,INOXWIND,EQ,INE066P01011,INOX WIND LIMITED,144.5,147.23,140.82,141.14,144.31,-2.2,9003451,1270747068.64
2025-09-25,INSECTICID,EQ,INE070I01018,INSECTICIDES (I) LTD,757.0,775.85,755.0,769.7,761.75,1.04,21996,16930321.47
2025-09-25,INSPIRISYS,EQ,INE020G01017,INSPIRISYS SOLUTIONS LTD,91.86,96.44,90.35,96.4,91.85,4.95,12152,1171452.82
2025-09-25,INTELLECT,EQ,INE306R01017,INTELLECT DESIGN ARENA,1025.95,1078.0,1025.05,1059.35,1029.05,2.94,921126,975794805.61
2025-09-25,INTENTECH,EQ,INE781A01025,INTENSE TECHNOLOGIES LTD,127.7,134.08,124.5,133.87,127.7,4.83,224378,30037481.76
2025-09-25,INTERARCH,EQ,INE00M901018,INTERARCH BLDNG SOLTN LTD,2012.0,2032.6,1972.8,1992.6,2011.3,-0.93,37653,75027366.88
2025-09-25,INTERNET,EQ,INF769K01PB6,MIRAEAMC - INTERNET,14.29,14.29,14.29,14.29,14.43,-0.95,0,0.0
2025-09-25,INTLCONV,EQ,INE575C01027,INTL CONVEYORS LIMITED,103.76,107.05,99.63,100.69,103.76,-2.96,1317398,132648807.84
2025-09-25,INVENTURE,EQ,INE878H01024,INVENTURE GRO & SEC LTD,1.55,1.58,1.54,1.55,1.55,0.0,628251,973789.02
2025-09-25,IOB,EQ,INE565A01014,INDIAN OVERSEAS BANK,39.53,39.99,38.65,38.89,39.53,-1.62,6075290,236268024.39
2025-09-25,IOC,EQ,INE242A01010,INDIAN OIL CORP LTD,146.02,148.13,145.74,146.22,146.77,-0.37,8605676,1258321955.22
2025-09-25,IOLCP,EQ,INE485C01029,IOL CHEM AND PHARMA LTD,114.9,115.5,110.34,110.71,114.55,-3.35,3101677,343386657.83
2025-09-25,IONEXCHANG,EQ,INE570A01022,ION EXCHANGE (INDIA) LTD,420.1,423.0,411.0,411.75,421.35,-2.28,131328,54074304.0
2025-09-25,IPCALAB,EQ,INE571A01038,IPCA LABORATORIES LTD,1357.9,1363.5,1342.4,1350.5,1348.4,0.16,105951,143086825.5
2025-09-25,IPL,EQ,INE0D6701023,INDIA PESTICIDES LIMITED,219.0,219.93,213.91,215.18,219.18,-1.82,240641,51781128.62
2025-09-25,IRB,EQ,INE821I01022,IRB INFRA DEV LTD.,21.25,21.32,20.95,21.0,21.2,-0.97,10863694,228137574.0
2025-09-25,IRCON,EQ,INE962Y01021,IRCON INTERNATIONAL LTD,174.92,177.97,172.64,173.03,174.92,-1.08,1653992,286190233.74
2025-09-25,IRCTC,EQ,INE335Y01020,INDIAN RAIL TOUR CORP LTD,713.9,721.0,712.9,714.9,715.45,-0.08,835870,597563483.41
2025-09-25,IREDA,EQ,INE202E01016,INDIAN RENEWABLE ENERGY,152.5,155.4,149.81,150.27,152.68,-1.58,5060148,760388461.58
2025-09-25,IRFC,EQ,INE053F01010,INDIAN RAILWAY FIN CORP L,125.45,127.5,123.61,124.08,125.59,-1.2,6416171,796118509.43
2025-09-25,IRIS,EQ,INE864K01010,IRIS REGTECH SOLUTION LTD,326.5,332.0,316.5,325.25,325.25,0.0,99838,32472309.5
2025-09-25,IRISDOREME,EQ,INE01GN01025,IRIS CLOTHINGS LIMITED,31.6,32.46,30.85,32.22,31.62,1.9,61703,1988070.74
2025-09-25,IRMENERGY,EQ,INE07U701015,IRM ENERGY LIMITED,366.0,367.55,349.0,353.65,364.55,-2.99,450691,159386869.4
2025-09-25,ISFT,EQ,INE566K01011,INTRASOFT TECH. LTD,102.6,105.48,102.0,102.43,102.69,-0.25,23130,2369205.91
2025-09-25,ISGEC,EQ,INE858B01029,ISGEC HEAVY ENG LTD,955.0,955.0,928.0,934.6,945.55,-1.16,29340,27421163.28
2025-09-25,ISHANCH,EQ,INE561M01018,ISHAN DYES N CHEMICALS L,60.0,62.25,59.1,61.93,61.83,0.16,14458,895383.94
2025-09-25,IT,EQ,INF174KA1GC5,KOTAKMAMC - KOTAKIT,37.5,38.39,37.49,37.58,38.07,-1.29,390547,14676756.98
2025-09-25,ITADD,EQ,INF740KA1SX1,DSPAMC - DSPIT,36.4,36.47,35.85,35.91,36.4,-1.35,56531,2030028.2
2025-09-25,ITAXIS,EQ,INF846K01Y96,AXISAMC-ITAXIS,379.19,379.2,373.51,374.35,379.16,-1.27,4137,1548685.98
2025-09-25,ITBEES,EQ,INF204KB15V2,NIP IND ETF IT,37.25,39.05,37.25,37.73,38.21,-1.26,10130158,382210856.7
2025-09-25,ITBETA,EQ,INF789F1AZD8,UTIAMC-ITBETA,363.02,363.02,356.0,356.6,361.22,-1.28,2422,863685.21
2025-09-25,ITC,EQ,INE154A01025,ITC LTD,401.45,403.0,398.0,400.1,401.0,-0.22,22006368,8804747971.12
2025-09-25,ITCHOTELS,EQ,INE379A01028,ITC HOTELS LIMITED,227.64,231.36,227.64,229.2,228.25,0.42,1801992,413016560.9
2025-09-25,ITDC,EQ,INE353K01014,INDIA TOUR. DEV. CO. LTD.,610.0,613.85,597.05,600.2,606.1,-0.97,16664,10001733.0
2025-09-25,ITETF,EQ,INF769K01KV5,MIRAEAMC - ITETF,36.5,36.5,35.84,35.93,36.32,-1.07,500637,17987887.56
2025-09-25,ITI,EQ,INE248A01017,ITI LTD,315.4,317.0,309.1,310.55,316.6,-1.91,403393,125273691.23
2025-09-25,ITIETF,EQ,INF109KC16I6,ICICIPRAMC - ICICITECH,39.11,39.11,37.61,37.7,38.16,-1.21,830145,31296467.13
2025-09-25,IVALUE,EQ,INE056801025,IVALUE INFOSOLUTIONS LTD,284.95,298.35,274.05,281.85,,,8220100,2316835235.17
2025-09-25,IVC,EQ,INE050B01023,IL&FS INVESTMENT MANAGERS,8.31,8.38,8.17,8.22,8.31,-1.08,113986,936964.95
2025-09-25,IVZINGOLD,EQ,INF205KA1BP1,INVESCO INDIA GOLD ETF,9919.95,10202.9,9755.0,9899.2,9930.15,-0.31,2610,25836912.51
2025-09-25,IVZINNIFTY,EQ,INF205KA1CC7,INVESCO INDIA NIFTY ETF,2869.88,2869.88,2823.0,2833.48,2855.61,-0.77,22,62336.56
2025-09-25,IXIGO,EQ,INE0HV901016,LE TRAVENUES TECHNOLOGY L,277.5,282.0,276.85,279.25,277.8,0.52,1159540,323801545.0
2025-09-25,IZMO,EQ,INE848A01014,IZMO LIMITED,1284.5,1284.5,1278.4,1284.5,1223.35,5.0,62233,79938288.5
2025-09-25,J&KBANK,EQ,INE168A01041,J & K BANK LTD.,104.35,104.7,102.27,102.78,104.35,-1.5,1132283,116376045.36
2025-09-25,JAGRAN,EQ,INE199G01027,JAGRAN PRAKASHAN LIMITED,71.7,71.7,71.05,71.1,71.35,-0.35,76728,5455360.68
2025-09-25,JAGSNPHARM,EQ,INE048B01035,JAGSONPAL PHARMACEUTICALS,234.2,235.79,232.11,234.91,235.21,-0.13,36277,8521830.2
2025-09-25,JAIBALAJI,EQ,INE091G01026,JAI BALAJI INDUSTRIES LTD,97.25,98.41,95.9,96.64,97.07,-0.44,868808,83961604.59
2025-09-25,JAICORPLTD,EQ,INE070D01027,JAI CORP LIMITED,151.6,151.6,147.4,147.97,152.46,-2.95,987507,146121412.0
2025-09-25,JAIPURKURT,EQ,INE696V01013,NANDANI CREATION LIMITED,37.82,39.0,37.5,37.56,37.82,-0.69,2778,104341.68
2025-09-25,JAMNAAUTO,EQ,INE039C01032,JAMNA AUTO IND LTD,105.0,105.13,101.55,102.57,105.22,-2.52,1234577,126630562.51
2025-09-25,JASH,EQ,INE039O01029,JASH ENGINEERING LIMITED,510.0,518.9,508.35,509.9,512.05,-0.42,72529,36982536.66
2025-09-25,JAYAGROGN,EQ,INE785A01026,JAYANT AGRO ORGANICS LTD,242.0,246.19,241.0,242.88,244.06,-0.48,6829,1658627.55
2025-09-25,JAYBARMARU,EQ,INE571B01036,JAY BHARAT MARUTI LTD,111.0,111.85,103.74,105.74,109.2,-3.17,304329,32179747.81
2025-09-25,JAYNECOIND,EQ,INE854B01010,JAYASWAL NECO INDUSTR LTD,71.9,74.0,70.7,71.72,71.94,-0.31,15290889,1096662577.75
2025-09-25,JAYSREETEA,EQ,INE364A01020,JAYSHREE TEA & INDUSTRIES,96.28,96.5,94.1,94.45,95.55,-1.15,36613,3458097.74
2025-09-25,JBMA,EQ,INE927D01051,JBM AUTO LIMITED,722.25,726.9,710.0,712.75,727.85,-2.07,736257,524767176.75
2025-09-25,JETFREIGHT,EQ,INE982V01025,JET FREIGHT LOGISTICS LTD,13.24,13.56,11.9,13.08,13.3,-1.65,44045,576108.6
2025-09-25,JGCHEM,EQ,INE0MB501011,J.G.CHEMICALS LIMITED,423.95,432.85,422.1,428.1,421.6,1.54,163619,70045294.9
2025-09-25,JHS,EQ,INE544H01014,JHS SVEND. LAB. LTD,11.29,11.29,10.93,11.01,11.12,-0.99,71347,785530.49
2025-09-25,JINDALPHOT,EQ,INE796G01012,JINDAL PHOTO LIMITED,1150.0,1155.9,1111.4,1125.6,1128.6,-0.27,2320,2611391.94
2025-09-25,JINDALPOLY,EQ,INE197D01010,JINDAL POLY FILMS LIMITED,589.0,593.5,575.0,576.5,590.35,-2.35,59536,34322504.0
2025-09-25,JINDALSAW,EQ,INE324A01032,JINDAL SAW LIMITED,216.45,216.45,210.4,210.86,217.32,-2.97,1996795,421044194.92
2025-09-25,JINDALSTEL,EQ,INE749A01030,JINDAL STEEL LIMITED,1048.0,1059.3,1045.0,1051.7,1052.65,-0.09,1534438,1613768369.68
2025-09-25,JINDRILL,EQ,INE742C01031,JINDAL DRILLING IND. LTD,601.0,603.3,596.2,597.9,600.05,-0.36,58813,35164294.14
2025-09-25,JINDWORLD,EQ,INE247D01039,JINDAL WORLDWIDE LTD,36.86,37.04,36.44,36.68,36.85,-0.46,345082,12657607.87
2025-09-25,JIOFIN,EQ,INE758E01017,JIO FIN SERVICES LTD,306.75,308.3,301.0,301.6,306.75,-1.68,12147554,3663702360.54
2025-09-25,JISLDVREQS,EQ,IN9175A01010,JAIN DVR EQUITY SHARES,33.55,34.5,33.22,33.94,33.67,0.8,36629,1243188.21
2025-09-25,JISLJALEQS,EQ,INE175A01038,JAIN IRRIGATION SYSTEMS,54.2,54.84,53.62,53.97,53.96,0.02,2066147,111509956.11
2025-09-25,JITFINFRA,EQ,INE863T01013,JITF INFRALOGISTICS LTD,361.1,363.0,351.0,352.45,360.8,-2.31,9770,3443436.62
2025-09-25,JKCEMENT,EQ,INE823G01014,JK CEMENT LIMITED,6700.0,6720.0,6559.0,6581.0,6669.5,-1.33,66383,436866523.0
2025-09-25,JKIL,EQ,INE576I01022,JKUMAR INFR.LTD.,630.5,636.7,623.5,625.15,627.35,-0.35,66231,41404311.27
2025-09-25,JKLAKSHMI,EQ,INE786A01032,JK LAKSHMI CEMENT LTD,863.0,876.35,859.0,860.95,862.85,-0.22,106599,91776410.35
2025-09-25,JKPAPER,EQ,INE789E01012,JK PAPER LIMITED,380.45,389.95,376.6,381.05,382.7,-0.43,295273,112513773.05
2025-09-25,JKTYRE,EQ,INE573A01042,JK TYRE & INDUSTRIES LTD,374.15,374.2,370.05,373.25,375.25,-0.53,547435,204330113.75
2025-09-25,JLHL,EQ,INE682M01020,JUPITER LIFE LINE HOSP L,305.4,309.98,302.42,308.22,303.76,1.47,286965,88448352.65
2025-09-25,JMA,EQ,INE412C01023,JULLUNDUR MOT AGENCY LTD,90.5,92.7,90.0,91.51,91.09,0.46,3780,345907.81
2025-09-25,JMFINANCIL,EQ,INE780C01023,JM FINANCIAL LIMITED,171.69,171.69,164.51,165.37,171.24,-3.43,3316732,548487954.65
2025-09-25,JNKINDIA,EQ,INE0OAF01028,JNK INDIA LIMITED,291.05,295.7,286.6,288.75,290.1,-0.47,17954,5184217.5
2025-09-25,JOCIL,EQ,INE839G01010,JOCIL LIMITED,159.5,160.75,155.35,156.4,159.52,-1.96,2302,360032.79
2025-09-25,JPOLYINVST,EQ,INE147P01019,JIND POL INV & FIN CO LTD,928.15,965.0,927.1,950.25,929.55,2.23,7691,7308372.75
2025-09-25,JPPOWER,EQ,INE351F01018,JAIPRAKASH POWER VEN. LTD,18.04,18.18,17.8,17.81,18.03,-1.22,17272755,307627757.33
2025-09-25,JSFB,EQ,INE953L01027,JANA SMALL FIN BANK LTD,473.0,473.0,463.65,465.7,471.1,-1.15,71886,33477311.08
2025-09-25,JSL,EQ,INE220G01021,JINDAL STAINLESS LIMITED,795.95,804.55,778.0,784.45,799.45,-1.88,484089,379743621.96
2025-09-25,JSLL,EQ,INE0J5801029,JEENA SIKHO LIFECARE LTD,813.0,836.0,807.45,817.0,813.7,0.41,138472,113131624.0
2025-09-25,JSWCEMENT,EQ,INE718I01012,JSW CEMENT LIMITED,146.49,147.2,143.25,143.85,146.44,-1.77,2668528,383867769.09
2025-09-25,JSWDULUX,EQ,INE133A01011,JSW DULUX LIMITED,3410.0,3410.0,3373.3,3397.7,3390.1,0.22,54619,185578973.63
2025-09-25,JSWENERGY,EQ,INE121E01018,JSW ENERGY LIMITED,536.0,539.85,527.15,528.6,535.15,-1.22,2098712,1109379111.96
2025-09-25,JSWHL,EQ,INE824G01012,JSW HOLDINGS LIMITED,18848.0,18930.0,18406.0,18432.0,18743.0,-1.66,832,15335424.0
2025-09-25,JSWINFRA,EQ,INE880J01026,JSW INFRASTRUCTURE LTD,341.95,341.95,334.05,338.25,342.75,-1.31,1658961,561143558.25
2025-09-25,JSWSTEEL,EQ,INE019A01038,JSW STEEL LIMITED,1149.1,1157.5,1140.0,1148.5,1149.1,-0.05,1581307,1816131089.5
2025-09-25,JTEKTINDIA,EQ,INE643A01035,JTEKT INDIA LIMITED,176.0,176.0,170.0,170.75,174.76,-2.29,259922,44381681.5
2025-09-25,JTLIND,EQ,INE391J01032,JTL INDUSTRIES LIMITED,72.82,73.8,72.12,72.41,72.95,-0.74,637008,46125751.61
2025-09-25,JUBLCPL,EQ,INE03CC01015,JUBILANT AGRI N CON PRO L,2441.2,2441.2,2390.0,2397.9,2441.2,-1.77,2265,5431243.28
2025-09-25,JUBLFOOD,EQ,INE797F01020,JUBILANT FOODWORKS LTD,629.0,634.9,618.2,621.7,630.4,-1.38,1675879,1041893994.76
2025-09-25,JUBLINGREA,EQ,INE0BY001018,JUBILANT INGREVIA LIMITED,660.0,672.5,658.0,669.9,662.7,1.09,132948,89061868.45
2025-09-25,JUBLPHARMA,EQ,INE700A01033,JUBILANT PHARMOVA LTD,1066.1,1082.5,1064.2,1071.4,1080.3,-0.82,124639,133538227.64
2025-09-25,JUNIORBEES,EQ,INF732E01045,NIP IND ETF JUNIOR BEES,743.89,746.85,733.5,734.79,740.19,-0.73,395742,290787255.48
2025-09-25,JUNIPER,EQ,INE696F01016,JUNIPER HOTELS LIMITED,298.0,300.15,293.2,294.9,297.1,-0.74,29943,8830190.52
2025-09-25,JUSTDIAL,EQ,INE599M01018,JUSTDIAL LTD.,825.0,825.75,812.95,820.15,824.15,-0.49,77882,63874924.2
2025-09-25,JWL,EQ,INE209L01016,JUPITER WAGONS LIMITED,327.3,331.7,322.9,323.85,327.3,-1.05,959627,310775209.81
2025-09-25,JYOTHYLAB,EQ,INE668F01031,JYOTHY LABS LIMITED,318.85,320.45,317.0,317.65,318.85,-0.38,136719,43428789.52
2025-09-25,JYOTICNC,EQ,INE980O01024,JYOTI CNC AUTOMATION LTD,900.0,904.85,885.15,887.55,900.25,-1.41,159006,141125773.36
2025-09-25,JYOTISTRUC,EQ,INE197A01024,JYOTI STRUCTURES LTD,16.04,16.07,15.51,15.6,16.02,-2.62,3153930,49201309.2
2025-09-25,KABRAEXTRU,EQ,INE900B01029,KABRA EXTRUSION TECHNIK L,275.3,275.3,262.0,263.75,272.85,-3.34,30542,8055452.5
2025-09-25,KAJARIACER,EQ,INE217B01036,KAJARIA CERAMICS LTD,1212.0,1220.2,1189.8,1193.8,1213.1,-1.59,53401,63750116.41
2025-09-25,KAKATCEM,EQ,INE437B01014,KAKATIYA CEM SUGAR &IND L,151.68,153.97,149.0,149.14,151.68,-1.67,2527,376876.78
2025-09-25,KALAMANDIR,EQ,INE438K01021,SAI SILKS (KALAMANDIR) L,156.87,159.36,154.1,154.54,157.05,-1.6,372765,57607100.6
2025-09-25,KALPATARU,EQ,INE227J01012,KALPATARU LIMITED,376.0,390.85,376.0,382.8,382.3,0.13,59337,22714202.88
2025-09-25,KALYANKJIL,EQ,INE303R01014,KALYAN JEWELLERS IND LTD,480.0,485.1,460.5,462.55,479.1,-3.45,7815628,3615118635.99
2025-09-25,KAMATHOTEL,EQ,INE967C01018,KAMAT HOTELS (I) LTD,319.0,325.75,307.05,314.45,320.35,-1.84,131004,41194209.4
2025-09-25,KAMOPAINTS,EQ,INE0BTI01037,KAMDHENU VENTURES LIMITED,9.19,9.19,8.98,9.0,9.08,-0.88,409710,3687390.0
2025-09-25,KANANIIND,EQ,INE879E01037,KANANI INDUSTRIES LTD,1.99,1.99,1.95,1.96,1.96,0.0,142769,279827.25
2025-09-25,KANPRPLA,EQ,INE694E01014,KANPUR PLASTIPACK LIMITED,214.3,218.0,206.02,207.23,214.3,-3.3,11419,2366359.32
2025-09-25,KANSAINER,EQ,INE531A01024,KANSAI NEROLAC PAINTS LTD,246.5,249.49,244.5,245.24,245.28,-0.02,394771,96813642.21
2025-09-25,KAPSTON,EQ,INE542Z01028,KAPSTON SERVICES LIMITED,256.95,256.95,250.0,250.53,253.29,-1.09,5162,1293235.85
2025-09-25,KARMAENG,EQ,INE725L01011,KARMA ENERGY LIMITED,70.8,73.7,67.26,67.26,70.8,-5.0,189723,12760769.39
2025-09-25,KARURVYSYA,EQ,INE036D01028,KARUR VYSYA BANK LTD,212.9,213.97,209.0,209.88,212.29,-1.14,1175237,246658747.3
2025-09-25,KAYNES,EQ,INE918Z01012,KAYNES TECHNOLOGY IND LTD,7455.0,7624.0,7451.5,7503.0,7454.0,0.66,756582,5676634746.0
2025-09-25,KCP,EQ,INE805C01028,KCP LTD,199.5,200.59,195.5,195.8,199.71,-1.96,180797,35400053.15
2025-09-25,KDDL,EQ,INE291D01011,KDDL LIMITED,2658.2,2670.0,2611.2,2660.1,2655.5,0.17,10546,28053415.63
2025-09-25,KEC,EQ,INE389H01022,KEC INTL. LIMITED,882.6,883.0,865.5,868.9,882.85,-1.58,362597,315060542.15
2025-09-25,KECL,EQ,INE134B01017,KIRLOSKAR ELECTRIC CO LTD,119.5,121.49,118.4,118.61,118.89,-0.24,61179,7256441.23
2025-09-25,KEEPLEARN,EQ,INE055C01020,DSJ KEEP LEARNING LTD,2.97,2.98,2.87,2.94,2.84,3.52,152998,449814.13
2025-09-25,KEI,EQ,INE878B01027,KEI INDUSTRIES LTD.,4110.0,4184.0,4090.0,4157.9,4079.3,1.93,403469,1677583715.7
2025-09-25,KELLTONTEC,EQ,INE164B01030,KELLTON TECH SOL LTD,24.69,25.16,24.3,24.98,24.48,2.04,3906407,97582045.07
2025-09-25,KERNEX,EQ,INE202H01019,KERNEX MICROSYS(I) LTD,1116.9,1116.9,1094.1,1100.3,1109.0,-0.78,57915,63723877.33
2025-09-25,KEYFINSERV,EQ,INE681C01015,KEYNOTE FIN SERV LTD.,234.2,254.9,234.2,248.6,235.05,5.76,13079,3251439.48
2025-09-25,KFINTECH,EQ,INE138Y01010,KFIN TECHNOLOGIES LIMITED,1059.0,1093.7,1055.6,1063.1,1060.7,0.23,1085398,1153886587.3
2025-09-25,KHAICHEM,EQ,INE745B01028,KHAITAN CHEM & FERT LTD,127.3,129.49,122.3,123.98,127.3,-2.61,170522,21141318.13
2025-09-25,KHAITANLTD,EQ,INE731C01018,KHAITAN (INDIA)LTD.,124.3,132.0,124.3,130.51,126.37,3.28,12978,1693758.71
2025-09-25,KHANDSE,EQ,INE060B01014,KHANDWALA SECURITIES LTD,23.91,24.49,23.88,23.9,23.94,-0.17,808,19311.2
2025-09-25,KICL,EQ,INE029L01018,KALYANI INVEST CO LTD,5136.5,5156.0,5061.0,5098.3,5126.4,-0.55,2142,10920558.18
2025-09-25,KIMS,EQ,INE967H01025,KRISHNA INST OF MED SCI L,726.5,738.6,723.5,732.6,726.45,0.85,200143,146624756.91
2025-09-25,KINGFA,EQ,INE473D01015,KINGFA SCI & TEC IND LTD.,4186.2,4348.0,4150.0,4267.2,4262.8,0.1,1292,5513222.65
2025-09-25,KIOCL,EQ,INE880L01014,KIOCL LIMITED,443.8,473.4,437.0,457.35,443.9,3.03,3394112,1552297143.92
2025-09-25,KIRIINDUS,EQ,INE415I01015,KIRI INDUSTRIES LIMITED,586.85,588.3,573.0,575.7,587.55,-2.02,152770,87949690.86
2025-09-25,KIRLOSBROS,EQ,INE732A01036,KIRLOSKAR BROTHERS LTD,1994.0,2016.0,1965.6,1968.8,1982.1,-0.67,28364,55843044.58
2025-09-25,KIRLOSENG,EQ,INE146L01010,KIRLOSKAR OIL ENG LTD,973.0,973.95,939.0,944.75,973.0,-2.9,162349,153379217.75
2025-09-25,KIRLOSIND,EQ,INE250A01039,KIRLOSKAR INDUSTRIES LTD,4185.0,4185.0,4011.0,4038.9,4152.6,-2.74,3367,13598975.97
2025-09-25,KIRLPNU,EQ,INE811A01038,KIRLOSKAR PNEUMATIC COM L,613.5,627.5,613.0,615.2,619.15,-0.64,48586,29890107.79
2025-09-25,KITEX,EQ,INE602G01020,KITEX GARMENTS LTD,207.99,210.2,198.21,199.59,207.35,-3.74,608036,121357903.01
2025-09-25,KKCL,EQ,INE401H01017,KEWAL KIRAN CLOTHING LTD,582.4,582.7,567.9,572.7,579.4,-1.16,27943,16002956.44
2025-09-25,KMEW,EQ,INE0CJD01029,KNOWLEDGE MARINE & EN W L,1242.5,1275.0,1228.05,1258.4,1232.1,2.13,122766,154488737.4
2025-09-25,KMSUGAR,EQ,INE157H01023,K M SUGAR MILLS LTD,28.0,28.19,27.7,27.74,27.98,-0.86,34914,968514.35
2025-09-25,KNAGRI,EQ,INE0KNW01016,KN AGRI RESOURCES LIMITED,205.85,210.95,205.0,208.8,202.85,2.93,7200,1503360.02
2025-09-25,KNRCON,EQ,INE634I01029,KNR CONSTRU LTD.,207.55,208.05,200.01,200.91,207.39,-3.12,1264461,254042864.14
2025-09-25,KOHINOOR,EQ,INE080B01012,KOHINOOR FOODS LIMITED,33.3,33.98,33.3,33.57,33.78,-0.62,38856,1304395.91
2025-09-25,KOKUYOCMLN,EQ,INE760A01029,KOKUYO CAMLIN LIMITED,112.0,114.72,112.0,113.14,112.33,0.72,37801,4276805.12
2025-09-25,KOLTEPATIL,EQ,INE094I01018,KOLTE PATIL DEV. LTD.,463.25,464.85,459.35,461.9,462.5,-0.13,72244,33369503.16
2025-09-25,KOPRAN,EQ,INE082A01010,KOPRAN LTD,184.4,185.94,180.0,180.93,182.76,-1.0,358248,64817808.02
2025-09-25,KOTAKBANK,EQ,INE237A01036,KOTAK MAHINDRA BANK LTD,406.46,407.5,402.0,402.7,406.26,-0.88,20039275,8069816287.12
2025-09-25,KOTHARIPET,EQ,INE720A01015,KOTHARI PETROCHEM LTD,148.61,155.0,143.0,143.83,147.28,-2.34,165168,23756113.74
2025-09-25,KOTHARIPRO,EQ,INE823A01017,KOTHARI PRODUCTS LTD,86.5,88.99,85.18,86.25,87.24,-1.13,18081,1559486.25
2025-09-25,KPEL,EQ,INE127T01021,K.P. ENERGY LIMITED,420.0,423.05,410.1,413.1,419.1,-1.43,137037,56609985.54
2025-09-25,KPIGREEN,EQ,INE542W01025,KPI GREEN ENERGY LIMITED,474.8,488.7,467.7,470.55,465.2,1.15,1553193,730854947.19
2025-09-25,KPIL,EQ,INE220B01022,KALPATARU PROJECT INT LTD,1261.9,1281.7,1246.0,1255.1,1261.0,-0.47,110720,138964669.3
2025-09-25,KPITTECH,EQ,INE04I401011,KPIT TECHNOLOGIES LIMITED,1239.0,1280.0,1234.8,1255.7,1240.6,1.22,1018183,1278532343.38
2025-09-25,KPRMILL,EQ,INE930H01031,KPR MILL LTD.,1102.95,1106.35,1073.6,1081.5,1102.7,-1.92,84003,90849244.5
2025-09-25,KRBL,EQ,INE001B01026,KRBL LIMITED,368.9,372.2,360.2,362.5,367.05,-1.24,698976,253378800.0
2025-09-25,KREBSBIO,EQ,INE268B01013,KREBS BIOCHEMICALS & IND,76.4,76.8,73.33,73.45,75.97,-3.32,12730,935018.46
2025-09-25,KRIDHANINF,EQ,INE524L01026,KRIDHAN INFRA LIMITED,3.9,3.94,3.83,3.86,3.82,1.05,27791,107273.26
2025-09-25,KRISHANA,EQ,INE506W01020,KRISHANA PHOSCHEM LIMITED,108.38,109.98,107.34,109.28,108.01,1.18,238635,26078032.51
2025-09-25,KRISHIVAL,EQ,INE0GGO01015,KRISHIVAL FOODS LIMITED,459.0,459.0,457.5,459.0,460.0,-0.22,9569,4392171.0
2025-09-25,KRISHNADEF,EQ,INE0J5601015,KRISHNA DEF AND ALD IND L,837.8,842.4,826.0,835.0,833.65,0.16,15750,13151250.0
2025-09-25,KRITI,EQ,INE479D01038,KRITI INDUSTRIES IND LTD,131.68,136.67,130.0,132.55,131.68,0.66,9686,1283879.33
2025-09-25,KRITIKA,EQ,INE00Z501029,KRITIKA WIRES LIMITED,9.25,9.25,8.9,8.95,9.12,-1.86,128527,1150316.63
2025-09-25,KRITINUT,EQ,INE798K01010,KRITI NUTRIENTS LIMITED,95.34,96.54,94.49,94.54,95.15,-0.64,5504,520348.17
2025-09-25,KRN,EQ,INE0Q3J01015,KRN HEAT EXCHANGE N REF L,857.2,866.0,853.2,855.75,855.4,0.04,101837,87147012.75
2025-09-25,KROSS,EQ,INE0O6601022,KROSS LIMITED,219.0,219.19,202.3,206.14,219.94,-6.27,1215818,250628721.78
2025-09-25,KRSNAA,EQ,INE08LI01020,KRSNAA DIAGNOSTICS LTD,849.95,852.15,808.0,812.45,846.7,-4.05,86624,70377669.86
2025-09-25,KRYSTAL,EQ,INE0QN801017,KRYSTAL INTEGRATED SER L,642.05,647.15,630.25,633.55,643.25,-1.51,19256,12199638.56
2025-09-25,KSB,EQ,INE999A01023,KSB LIMITED,858.95,859.65,844.0,849.85,856.75,-0.81,58613,49812256.62
2025-09-25,KSCL,EQ,INE455I01029,KAVERI SEED CO. LTD.,1139.9,1140.7,1083.0,1090.0,1139.9,-4.38,142487,155310830.0
2025-09-25,KSHITIJPOL,EQ,INE013801027,KSHITIJ POLYLINE LIMITED,3.07,3.07,3.0,3.02,3.03,-0.33,171448,517772.96
2025-09-25,KSL,EQ,INE907A01026,KALYANI STEELS LIMITED,794.5,801.95,790.5,798.45,794.5,0.5,68434,54641128.14
2025-09-25,KSOLVES,EQ,INE0D6I01023,KSOLVES INDIA LIMITED,316.55,320.25,315.1,316.2,316.65,-0.14,26650,8426730.33
2025-09-25,KTKBANK,EQ,INE614B01018,KARNATAKA BANK LIMITED,173.74,174.11,172.21,172.48,173.74,-0.73,416872,71902080.78
2025-09-25,KUANTUM,EQ,INE529I01021,KUANTUM PAPERS LIMITED,111.2,121.29,110.01,114.6,110.34,3.86,332570,38112521.49
2025-09-25,LAGNAM,EQ,INE548Z01017,LAGNAM SPINTEX LIMITED,86.8,86.8,84.5,84.58,84.56,0.02,5892,498345.37
2025-09-25,LAL,EQ,INE740X01023,LORENZINI APPARELS LTD,11.38,11.38,10.81,10.87,11.38,-4.48,34652,376667.24
2025-09-25,LALPATHLAB,EQ,INE600L01024,DR. LAL PATH LABS LTD.,1644.75,1656.65,1614.1,1630.55,1652.2,-1.31,266386,434355705.31
2025-09-25,LAMBODHARA,EQ,INE112F01022,LAMBODHARA TEXTILES LTD.,131.99,131.99,128.61,128.91,131.31,-1.83,9906,1276982.5
2025-09-25,LANDMARK,EQ,INE559R01029,LANDMARK CARS LIMITED,609.5,617.2,601.6,602.9,611.7,-1.44,56070,33804604.37
2025-09-25,LANDSMILL,EQ,INE688J01023,LANDSMILL GREEN LIMITED,1.57,1.57,1.57,1.57,1.54,1.95,1447138,2272006.74
2025-09-25,LAOPALA,EQ,INE059D01020,LA OPALA RG LIMITED,253.0,253.0,246.1,247.39,251.18,-1.51,47692,11798523.85
2025-09-25,LATENTVIEW,EQ,INE0I7C01011,LATENT VIEW ANALYTICS LTD,405.0,413.6,405.0,408.0,404.9,0.77,169353,69096024.0
2025-09-25,LATTEYS,EQ,INE262Z01023,LATTEYS INDUSTRIES LTD,20.84,20.84,19.81,20.24,20.15,0.45,51804,1048512.95
2025-09-25,LAURUSLABS,EQ,INE947Q01028,LAURUS LABS LIMITED,909.75,918.0,893.05,896.35,909.75,-1.47,965496,865422316.03
2025-09-25,LAXMICOT,EQ,INE801V01019,LAXMI COTSPIN LIMITED,24.03,24.88,24.0,24.2,24.37,-0.7,16937,409875.41
2025-09-25,LAXMIDENTL,EQ,INE0WO601020,LAXMI DENTAL LIMITED,329.0,331.45,318.0,321.55,329.05,-2.28,190091,61123758.73
2025-09-25,LAXMIINDIA,EQ,INE06WU01026,LAXMI INDIA FINANCE LTD,161.83,164.2,156.0,157.17,161.03,-2.4,669939,105294311.4
2025-09-25,LCCINFOTEC,EQ,INE938A01021,LCC INFOTECH LTD,4.23,4.34,4.05,4.1,4.24,-3.3,206841,848048.08
2025-09-25,LEMERITE,EQ,INE0G1L01025,LE MERITE EXPORTS LIMITED,79.6,80.96,79.2,80.22,79.85,0.46,712000,57116640.87
2025-09-25,LEMONTREE,EQ,INE970X01018,LEMON TREE HOTELS LTD,172.39,173.25,168.5,169.52,171.78,-1.32,1751084,296843767.16
2025-09-25,LEXUS,EQ,INE500X01013,LEXUS GRANITO (INDIA) LTD,28.24,28.6,28.1,28.15,28.71,-1.95,6267,176416.05
2025-09-25,LFIC,EQ,INE850E01012,LAKSHMI FIN IND CORP LTD,212.4,214.5,211.0,212.36,215.0,-1.23,1222,259503.92
2025-09-25,LGBBROSLTD,EQ,INE337A01034,LG BALAKRISHNAN & BROS,1409.0,1430.0,1390.0,1397.6,1400.9,-0.24,23919,33429193.82
2025-09-25,LGHL,EQ,INE258Y01016,LAXMI GOLDORNA HOUSE LTD,388.52,390.02,375.02,378.81,390.94,-3.1,129936,49221381.0
2025-09-25,LIBAS,EQ,INE908V01012,LIBAS CONSU PRODUCTS LTD,13.06,13.49,12.76,12.77,13.06,-2.22,67150,857505.53
2025-09-25,LIBERTSHOE,EQ,INE557B01019,LIBERTY SHOES LTD,344.9,352.45,330.0,331.45,345.35,-4.02,49746,16488312.31
2025-09-25,LICHSGFIN,EQ,INE115A01026,LIC HOUSING FINANCE LTD,580.0,582.2,570.45,571.4,580.75,-1.61,539499,308269741.77
2025-09-25,LICI,EQ,INE0J1Y01017,LIFE INSURA CORP OF INDIA,445.25,449.12,442.0,444.1,447.12,-0.68,2139186,950012515.66
2025-09-25,LICMFGOLD,EQ,INF767K01SM1,LIC MF - LIC GOLD ETF,10344.35,10344.4,10200.0,10259.15,10332.2,-0.71,9045,92794015.28
2025-09-25,LICNETFGSC,EQ,INF767K01MV5,LICNAMC - LICNMFET,28.54,28.54,28.4,28.41,28.41,0.0,36503,1037050.22
2025-09-25,LICNETFN50,EQ,INF767K01OS7,LICNAMC - LICNFENGP,279.73,279.92,277.36,277.76,279.73,-0.7,320,88883.2
2025-09-25,LICNETFSEN,EQ,INF767K01OT5,LICNAMC - LICNFESGP,918.22,918.22,912.58,913.32,918.77,-0.59,70,63932.4
2025-09-25,LICNFNHGP,EQ,INF767K01PC8,LICNAMC - LICNFNHGP,280.51,282.84,279.32,280.51,280.51,0.0,186,52174.86
2025-09-25,LICNMID100,EQ,INF767K01RN1,LICNAMC - LICNMID100,58.04,58.98,57.91,58.03,58.26,-0.39,8983,521283.48
2025-09-25,LIKHITHA,EQ,INE060901027,LIKHITHA INFRASTRUC LTD,241.3,241.3,238.0,238.43,240.38,-0.81,29488,7030823.62
2025-09-25,LINC,EQ,INE802B01027,LINC LIMITED,131.0,131.0,119.98,120.44,126.3,-4.64,63067,7595789.63
2025-09-25,LINCOLN,EQ,INE405C01035,LINCOLN PHARMA LTD,546.2,549.6,543.0,543.9,545.6,-0.31,6675,3630532.66
2025-09-25,LINDEINDIA,EQ,INE473A01011,LINDE INDIA LIMITED,6385.0,6410.0,6355.0,6378.0,6371.5,0.1,12111,77243958.0
2025-09-25,LIQUID,EQ,INF769K01KS1,MIRAEAMC - LIQUID,999.99,1000.0,999.99,999.99,999.99,0.0,98203,98202017.01
2025-09-25,LIQUID1,EQ,INF174KA1LV5,KOTAKMAMC - KOTAKLIQ,1070.14,1070.16,1070.14,1070.14,1070.0,0.01,305797,327245606.06
2025-09-25,LIQUIDADD,EQ,INF740KA1UM0,DSPAMC - LIQUIDADD,1092.33,1092.35,1092.32,1092.33,1092.17,0.01,599808,655188246.28
2025-09-25,LIQUIDBEES,EQ,INF732E01037,NIP IND ETF LIQUID BEES,1000.0,1000.01,999.99,1000.0,1000.0,0.0,1673135,1673135000.0
2025-09-25,LIQUIDBETF,EQ,INF0QA701854,BFAM - LIQUIDBETF,1049.4,1049.42,1049.4,1049.41,1049.27,0.01,548285,575375780.59
2025-09-25,LIQUIDCASE,EQ,INF0R8F01034,ZERODHAAMC - LIQUIDCASE,111.05,111.05,110.1,110.58,110.56,0.02,9418760,1041526498.05
2025-09-25,LIQUIDETF,EQ,INF740KA1EU7,DSP LIQUID ETF,1000.01,1000.01,999.99,999.99,999.99,0.0,119414,119412804.69
2025-09-25,LIQUIDIETF,EQ,INF109KC1KT9,ICICIPRAMC - ICICILIQ,1000.0,1000.01,999.99,999.99,999.99,0.0,200834,200831989.7
2025-09-25,LIQUIDPLUS,EQ,INF769K01MY5,MIRAEAMC - LIQUIDPLUS,1051.93,1051.93,1051.91,1051.92,1051.77,0.01,59389,62472479.49
2025-09-25,LIQUIDSBI,EQ,INF200KA13Z8,SBIAMC - LIQUIDSBI,999.99,1000.01,999.99,999.99,1000.0,-0.0,6097,6096938.97
2025-09-25,LIQUIDSHRI,EQ,INF680P01422,SHRIRAM - LIQUIDSHRI,1071.99,1072.01,1071.99,1072.0,1071.85,0.01,5586,5988192.0
2025-09-25,LLOYDSENGG,EQ,INE093R01011,LLOYDS ENGG WORK LIMITED,59.4,61.9,59.4,60.84,60.44,0.66,2816104,171331767.79
2025-09-25,LLOYDSENT,EQ,INE080I01025,LLOYDS ENTERPRISES LTD,65.41,65.97,64.63,64.85,65.67,-1.25,1329939,86246542.12
2025-09-25,LLOYDSME,EQ,INE281B01032,LLOYDS METALS N ENERGY L,1305.0,1343.2,1270.0,1276.6,1302.8,-2.01,259873,331753865.46
2025-09-25,LMW,EQ,INE269B01029,LMW LIMITED,15495.0,15608.0,15180.0,15272.0,15496.0,-1.45,1939,29612408.0
2025-09-25,LODHA,EQ,INE670K01029,LODHA DEVELOPERS LIMITED,1179.4,1181.4,1145.0,1149.4,1179.4,-2.54,985809,1133088888.67
2025-09-25,LOKESHMACH,EQ,INE397H01017,LOKESH MACHINES LTD,205.77,205.77,197.0,198.41,203.02,-2.27,72791,14442462.58
2025-09-25,LORDSCHLO,EQ,INE846D01012,LORDS CHLORO ALKALI LTD,176.3,176.3,172.56,173.19,176.3,-1.76,12232,2118460.11
2025-09-25,LOTUSEYE,EQ,INE947I01017,LOTUS EYE HOSP & INST L,121.0,122.85,117.5,119.12,120.44,-1.1,18854,2245888.53
2025-09-25,LOVABLE,EQ,INE597L01014,LOVABLE LINGERIE LTD,97.5,99.74,94.71,95.12,98.77,-3.7,23987,2281643.51
2025-09-25,LOWVOL,EQ,INF769K01JU9,MIRAEAMC - MANV30F,208.46,208.46,206.73,206.88,208.33,-0.7,1193,246807.85
2025-09-25,LOWVOL1,EQ,INF174KA1IY5,KOTAKMAMC - KOTAKLOVOL,21.2,21.21,21.0,21.03,21.21,-0.85,40018,841578.57
2025-09-25,LOWVOLIETF,EQ,INF109KC19U5,ICICI PR NIF LW VL 30 ETF,23.05,23.05,22.18,22.2,22.38,-0.8,582549,12932588.24
2025-09-25,LOYALTEX,EQ,INE970D01010,LOYAL TEXTILE MILLS LTD,311.15,311.15,295.6,295.6,311.15,-5.0,106,31333.6
2025-09-25,LPDC,EQ,INE197J01017,LANDMARK PR.DEV.CO.LTD,8.0,8.13,7.75,7.89,7.84,0.64,12784,100865.76
2025-09-25,LT,EQ,INE018A01030,LARSEN & TOUBRO LTD.,3684.0,3704.0,3635.7,3644.4,3673.8,-0.8,1999071,7285414157.18
2025-09-25,LTF,EQ,INE498L01015,L&T FINANCE LIMITED,246.5,249.2,242.95,244.06,246.82,-1.12,3255852,794623231.17
2025-09-25,LTFOODS,EQ,INE818H01020,LT FOODS LIMITED,432.45,432.55,422.55,425.65,432.25,-1.53,600010,255394252.84
2025-09-25,LTGILTBEES,EQ,INF204KB1882,NIP IND ETF LONGTERM GILT,28.87,28.94,28.84,28.89,28.9,-0.03,3602774,104084138.66
2025-09-25,LTM,EQ,INE214T01019,LTM LIMITED,5185.0,5238.0,5185.0,5214.0,5207.0,0.13,246653,1286048742.0
2025-09-25,LTTS,EQ,INE010V01017,L&T TECHNOLOGY SER. LTD.,4183.2,4195.8,4061.6,4120.8,4183.1,-1.49,50508,208133356.54
2025-09-25,LUMAXIND,EQ,INE162B01018,LUMAX INDUSTRIES LTD,4708.0,4815.7,4628.8,4769.4,4712.8,1.2,38425,183264191.25
2025-09-25,LUMAXTECH,EQ,INE872H01027,LUMAX AUTO TECH LTD,1260.0,1290.7,1232.6,1280.1,1258.4,1.72,392187,502038569.13
2025-09-25,LUPIN,EQ,INE326A01037,LUPIN LIMITED,2020.0,2040.0,1959.0,1963.5,1990.9,-1.38,1382226,2714000751.0
2025-09-25,LUXIND,EQ,INE150G01020,LUX INDUSTRIES LIMITED,1354.0,1370.9,1322.7,1330.5,1361.8,-2.3,19453,25882216.5
2025-09-25,LXCHEM,EQ,INE576O01020,LAXMI ORGANIC INDUS LTD,210.0,222.2,209.72,219.0,211.04,3.77,2188089,479191491.0
2025-09-25,M&M,EQ,INE101A01026,MAHINDRA & MAHINDRA LTD,3579.9,3584.1,3521.8,3530.0,3574.9,-1.26,2106344,7435394320.0
2025-09-25,M&MFIN,EQ,INE774D01024,M&M FIN. SERVICES LTD,280.65,282.4,278.2,279.6,282.15,-0.9,1553399,434330369.88
2025-09-25,MAANALU,EQ,INE215I01027,MAAN ALUMINIUM LIMITED,110.21,112.37,108.0,108.91,111.46,-2.29,14815,1613501.7
2025-09-25,MACPOWER,EQ,INE155Z01011,MACPOWER CNC MACHINES LTD,895.0,895.0,848.0,860.85,870.1,-1.06,10125,8716106.0
2025-09-25,MADHAV,EQ,INE925C01016,MADHAV MARBLE & GRANITE,44.27,45.61,43.99,44.48,44.6,-0.27,29920,1330841.59
2025-09-25,MADRASFERT,EQ,INE414A01015,MADRAS FERTILISERS LTD,88.14,88.68,87.57,87.74,88.14,-0.45,103938,9119519.9
2025-09-25,MAFANG,EQ,INF769K01HF4,MIRAEAMC - MAFANG,169.98,169.98,169.98,169.98,171.2,-0.71,138537,23548518.67
2025-09-25,MAGADSUGAR,EQ,INE347W01011,MAGADH SUGAR & ENERGY LTD,566.2,571.0,553.6,562.7,563.25,-0.1,4299,2419047.35
2025-09-25,MAGNUM,EQ,INE387I01016,MAGNUM VENTURES LTD.,25.8,26.14,25.5,25.6,26.16,-2.14,22233,569164.81
2025-09-25,MAHABANK,EQ,INE457A01014,BANK OF MAHARASHTRA,56.33,56.8,55.15,55.33,56.33,-1.78,10317833,570885718.78
2025-09-25,MAHAPEXLTD,EQ,INE843B01013,MAHA RASHTRA APEX COPR. L,106.9,106.9,103.0,103.51,105.35,-1.75,1783,184558.33
2025-09-25,MAHEPC,EQ,INE215D01010,MAHINDRA EPC IRRIG LTD,150.01,153.66,147.5,148.16,150.9,-1.82,66656,9875753.2
2025-09-25,MAHESHWARI,EQ,INE263W01010,MAHESHWARI LOGISTICS LTD.,58.1,59.59,58.1,58.41,59.0,-1.0,5273,307995.93
2025-09-25,MAHKTECH,EQ,INF769K01HS7,MIRAEAMC - MAHKTECH,28.29,28.29,28.29,28.29,28.59,-1.05,464457,13139488.96
2025-09-25,MAHLIFE,EQ,INE813A01018,MAHINDRA LIFESPACE DEVLTD,371.8,374.8,368.0,373.15,370.4,0.74,81480,30404261.5
2025-09-25,MAHLOG,EQ,INE766P01016,MAHINDRA LOGISTIC LIMITED,357.8,358.9,354.4,356.0,353.55,0.69,64924,23112944.0
2025-09-25,MAHSCOOTER,EQ,INE288A01013,MAHARASHTRA SCOOTERS LTD,17798.0,17960.0,17550.0,17610.0,17872.0,-1.47,5164,90938040.0
2025-09-25,MAHSEAMLES,EQ,INE271B01025,MAHARASHTRA SEAMLESS LTD,604.9,619.0,603.7,610.65,603.7,1.15,299661,182987996.97
2025-09-25,MAITHANALL,EQ,INE683C01011,MAITHAN ALLOYS LTD,1156.0,1177.6,1130.2,1139.9,1155.0,-1.31,37676,42946873.32
2025-09-25,MAKEINDIA,EQ,INF769K01IB1,MIRAEAMC - MAMFGETF,152.72,153.03,151.6,151.91,152.76,-0.56,28561,4338701.61
2025-09-25,MALLCOM,EQ,INE389C01015,MALLCOM (INDIA) LIMITED,1351.0,1394.2,1351.0,1376.3,1378.6,-0.17,3359,4622991.86
2025-09-25,MALUPAPER,EQ,INE383H01017,MALU PAPER MILLS LIMITED,39.5,40.06,39.28,39.5,39.27,0.59,6302,248929.0
2025-09-25,MAMATA,EQ,INE0TO701015,MAMATA MACHINERY LIMITED,497.65,510.0,478.35,491.95,493.65,-0.34,1589184,781799088.2
2025-09-25,MANAKALUCO,EQ,INE859Q01017,MANAK ALUMINIUM CO. LTD.,29.92,32.53,29.72,30.1,29.83,0.91,311935,9389243.62
2025-09-25,MANAKCOAT,EQ,INE830Q01018,MAN COAT METAL & IND LTD,142.24,144.8,138.66,140.04,142.39,-1.65,78329,10969192.63
2025-09-25,MANAKSIA,EQ,INE015D01022,MANAKSIA LTD.,70.3,70.6,69.0,69.09,69.98,-1.27,23223,1604476.98
2025-09-25,MANALIPETC,EQ,INE201A01024,MANALI PETROCHEMICALS LT,66.45,68.0,65.68,66.04,66.33,-0.44,204915,13532586.79
2025-09-25,MANAPPURAM,EQ,INE522D01027,MANAPPURAM FINANCE LTD,287.0,287.35,277.4,281.2,286.95,-2.0,4349078,1222960786.69
2025-09-25,MANBA,EQ,INE939X01013,MANBA FINANCE LIMITED,137.0,138.18,134.99,136.42,136.36,0.04,74216,10124546.58
2025-09-25,MANCREDIT,EQ,INE545L01039,MANGAL CREDIT N FINCORP L,191.0,191.88,185.1,186.35,188.79,-1.29,54881,10227074.68
2025-09-25,MANGALAM,EQ,INE584F01014,MANGALAM DRUG & CHEM LTD,74.9,74.9,73.5,74.07,74.27,-0.27,6367,471603.69
2025-09-25,MANGLMCEM,EQ,INE347A01017,MANGALAM CEMENT LTD,736.0,747.45,735.05,739.8,743.3,-0.47,65621,48546415.0
2025-09-25,MANINDS,EQ,INE993A01026,MAN INDUSTRIES (I) LTD.,434.85,438.2,423.05,424.55,436.6,-2.76,217121,92178717.9
2025-09-25,MANINFRA,EQ,INE949H01023,MAN INFRA LTD,153.35,153.8,149.6,150.56,153.3,-1.79,404784,60944278.05
2025-09-25,MANKIND,EQ,INE634S01028,MANKIND PHARMA LIMITED,2520.0,2539.3,2510.0,2526.2,2529.7,-0.14,161047,406836923.54
2025-09-25,MANOMAY,EQ,INE784W01015,MANOMAY TEX INDIA LTD,170.0,175.77,168.0,171.79,170.0,1.05,2501,429646.77
2025-09-25,MANORAMA,EQ,INE00VM01036,MANORAMA INDUSTRIES LTD,1456.0,1472.3,1435.2,1450.6,1464.5,-0.95,62492,90650893.67
2025-09-25,MANORG,EQ,INE370D01013,MANGALAM ORGANICS LIMITED,551.55,556.15,527.4,535.6,551.05,-2.8,5052,2705851.08
2025-09-25,MANUGRAPH,EQ,INE867A01022,MANUGRAPH INDIA LIMITED,22.42,22.42,21.57,22.42,21.99,1.96,11302,253390.84
2025-09-25,MANYAVAR,EQ,INE825V01034,VEDANT FASHIONS LIMITED,709.5,710.8,701.15,703.0,708.25,-0.74,180624,126978672.0
2025-09-25,MAPMYINDIA,EQ,INE0BV301023,C.E. INFO SYSTEMS LIMITED,1638.1,1644.8,1602.0,1629.9,1633.6,-0.23,51637,84163147.56
2025-09-25,MARALOVER,EQ,INE882A01013,MARAL OVERSEAS LTD,48.29,48.59,47.3,47.46,47.93,-0.98,10854,515130.83
2025-09-25,MARATHON,EQ,INE182D01020,MARATHON NXTGEN REALT LTD,632.0,638.0,620.25,623.0,637.8,-2.32,79099,49278677.0
2025-09-25,MARICO,EQ,INE196A01026,MARICO LIMITED,710.4,711.35,702.1,703.6,707.55,-0.56,1751179,1232129501.65
2025-09-25,MARINE,EQ,INE01JE01028,MARINE ELECTRICAL (I) LTD,219.5,227.4,215.35,216.87,217.54,-0.31,608168,131893391.19
2025-09-25,MARKSANS,EQ,INE750C01026,MARKSANS PHARMA LIMITED,170.08,170.6,168.51,169.39,170.08,-0.41,718126,121643362.7
2025-09-25,MARUTI,EQ,INE585B01010,MARUTI SUZUKI INDIA LTD.,16249.0,16370.0,16067.0,16269.0,16249.0,0.12,490262,7976072478.0
2025-09-25,MASFIN,EQ,INE348L01012,MAS FINANCIAL SERV LTD,313.95,315.95,306.15,308.8,316.15,-2.32,206928,63899363.87
2025-09-25,MASKINVEST,EQ,INE885F01015,MASK INVESTMENTS LIMITED,166.0,168.0,153.0,155.28,161.42,-3.8,2935,455746.8
2025-09-25,MASPTOP50,EQ,INF769K01HP3,MIRAEAMC - MASPTOP50,68.47,68.47,67.9,68.44,68.66,-0.32,214791,14700296.56
2025-09-25,MASTEK,EQ,INE759A01021,MASTEK LTD,2216.0,2222.0,2165.1,2179.4,2214.2,-1.57,76344,166384106.14
2025-09-25,MASTERTR,EQ,INE677D01037,MASTER TRUST LIMITED,138.99,143.75,134.5,138.25,137.97,0.2,1615504,223343428.0
2025-09-25,MATRIMONY,EQ,INE866R01028,MATRIMONY.COM LIMITED,523.35,525.0,511.0,521.15,523.35,-0.42,9126,4756015.12
2025-09-25,MAWANASUG,EQ,INE636A01039,MAWANA SUGARS LIMITED,91.6,91.94,90.01,90.16,91.37,-1.32,28127,2535930.42
2025-09-25,MAXESTATES,EQ,INE03EI01018,MAX ESTATES LIMITED,458.7,462.1,438.5,459.15,456.55,0.57,152941,70222859.22
2025-09-25,MAXHEALTH,EQ,INE027H01010,MAX HEALTHCARE INS LTD,1138.4,1144.9,1133.9,1137.7,1133.2,0.4,5022322,5713895494.17
2025-09-25,MAXIND,EQ,INE0CG601016,MAX INDIA LIMITED,203.8,241.57,203.8,224.11,201.31,11.33,4753055,1065207158.95
2025-09-25,MAYURUNIQ,EQ,INE040D01038,MAYUR UNIQUOTERS LTD,521.0,527.0,519.0,519.95,523.1,-0.6,26176,13610211.52
2025-09-25,MAZDOCK,EQ,INE249Z01020,MAZAGON DOCK SHIPBUIL LTD,2947.7,2993.3,2916.1,2924.2,2940.2,-0.54,1366015,3994500996.3
2025-09-25,MBAPL,EQ,INE900L01028,MADHYA BHARAT AGRO P. LTD,84.0,84.31,83.0,83.28,83.97,-0.82,583690,48609702.49
2025-09-25,MBEL,EQ,INE08N601015,M AND B ENGINEERING LTD,413.45,413.45,400.0,401.75,411.65,-2.4,252399,101401298.25
2025-09-25,MBLINFRA,EQ,INE912H01013,MBL INFRASTRUCTURE LTD,44.45,46.3,42.92,43.36,44.45,-2.45,377670,16375771.43
2025-09-25,MCL,EQ,INE813V01022,M TEK COPPER LIMITED,47.5,55.99,47.49,53.36,46.92,13.73,1989651,106167778.57
2025-09-25,MCLEODRUSS,EQ,INE942G01012,MCLEOD RUSSEL INDIA LTD.,40.0,40.0,38.55,38.75,40.01,-3.15,445642,17268627.5
2025-09-25,MCLOUD,EQ,INE613C01026,MAGELLANIC CLOUD LIMITED,82.98,83.97,78.65,79.05,83.3,-5.1,4630687,366055821.48
2025-09-25,MCX,EQ,INE745G01043,MULTI COMMODITY EXCHANGE,1598.1,1619.1,1585.2,1604.6,1591.1,0.85,1640520,2632378351.95
2025-09-25,MEDANTA,EQ,INE474Q01031,GLOBAL HEALTH LIMITED,1317.0,1332.9,1312.3,1328.7,1320.6,0.61,135857,180513189.27
2025-09-25,MEDIASSIST,EQ,INE456Z01021,MEDI ASSIST HEALTH SER L,542.0,548.0,535.3,546.2,540.9,0.98,145852,79664364.18
2025-09-25,MEDICO,EQ,INE630Y01024,MEDICO REMEDIES LIMITED,48.2,49.15,47.61,48.67,47.99,1.42,1088976,53000459.93
2025-09-25,MEDPLUS,EQ,INE804L01022,MEDPLUS HEALTH SERV LTD,786.8,805.0,782.3,799.15,789.15,1.27,57243,45745744.85
2025-09-25,MEGASTAR,EQ,INE00EM01016,MEGASTAR FOODS LIMITED,215.88,217.46,212.81,215.15,218.07,-1.34,2579,554871.83
2025-09-25,MEIL,EQ,INE0PKD01011,MANGAL ELECTRICAL IND L,480.25,481.6,470.5,473.45,479.4,-1.24,112019,53035396.92
2025-09-25,METAL,EQ,INF769K01LY7,MIRAEAMC - METAL,10.26,10.26,10.1,10.13,10.11,0.2,1864670,18889107.31
2025-09-25,METALIETF,EQ,INF109KC19W1,ICICIPRAMC - METALIETF,10.2,10.23,10.1,10.12,10.1,0.2,3171051,32091035.76
2025-09-25,METROBRAND,EQ,INE317I01021,METRO BRANDS LIMITED,1264.5,1276.4,1249.9,1256.6,1276.1,-1.53,353496,444203064.97
2025-09-25,METROPOLIS,EQ,INE112L01020,METROPOLIS HEALTHCARE LTD,523.5,527.0,505.0,506.6,520.55,-2.68,562196,284808497.03
2025-09-25,MFML,EQ,INE0US801024,MAHALAXMI FABRIC MILLS LT,31.01,31.01,26.99,28.16,31.18,-9.69,93910,2644505.59
2025-09-25,MFSL,EQ,INE180A01020,MAX FINANCIAL SERV LTD,1586.0,1596.2,1560.4,1565.6,1584.9,-1.22,453561,710095090.53
2025-09-25,MGEL,EQ,INE0APB01032,MANGALAM GLOBAL ENT LTD,17.25,18.3,17.25,17.84,17.11,4.27,5662769,101023799.82
2025-09-25,MGL,EQ,INE002S01010,MAHANAGAR GAS LTD.,1280.0,1283.6,1259.5,1263.6,1278.6,-1.17,275145,347673215.28
2025-09-25,MHRIL,EQ,INE998I01010,MAHINDRA HOLIDAYS LTD,354.1,355.5,347.65,349.3,354.1,-1.36,50825,17753171.88
2025-09-25,MID150BEES,EQ,INF204KB1V68,NIP IND ETF MIDCAP 150,223.9,223.9,219.23,220.45,221.98,-0.69,341494,75282351.26
2025-09-25,MID150CASE,EQ,INF0R8F01059,ZERODHAAMC - MID150CASE,11.06,11.06,10.63,10.67,10.74,-0.65,1771467,18901553.03
2025-09-25,MIDCAP,EQ,INF174KA1ZC5,KOTAKMAMC - KOTAKMID50,159.55,159.55,159.55,159.55,159.55,0.0,0,0.0
2025-09-25,MIDCAPETF,EQ,INF769K01IC9,MIRAEAMC - MAM150ETF,22.46,22.46,21.71,21.78,21.92,-0.64,4178540,91008604.07
2025-09-25,MIDCAPIETF,EQ,INF109KC11W8,ICICIPRAMC - ICICIM150,22.21,22.44,21.97,22.02,22.21,-0.86,1473673,32450280.13
2025-09-25,MIDHANI,EQ,INE099Z01011,MISHRA DHATU NIGAM LTD,395.0,403.9,393.25,394.1,394.9,-0.2,337193,132887763.36
2025-09-25,MIDQ50ADD,EQ,INF740KA1ZF3,DSPAMC - DSPQ50ETF,250.64,250.86,247.61,247.87,249.53,-0.67,3645,903486.13
2025-09-25,MIDSELIETF,EQ,INF109KC10W0,ICICI PRUD MIDCAP SEL ETF,17.59,17.62,17.4,17.43,17.56,-0.74,87124,1518571.35
2025-09-25,MIDSMALL,EQ,INF769K01LJ8,MIRAEAMC - MIDSMALL,48.69,48.79,48.07,48.26,48.48,-0.45,243257,11739582.41
2025-09-25,MINDACORP,EQ,INE842C01021,MINDA CORPORATION LTD,579.0,591.7,570.9,575.05,579.1,-0.7,2277181,1309492906.25
2025-09-25,MINDTECK,EQ,INE110B01017,MINDTECK (INDIA) LIMITED,248.0,248.89,228.58,234.35,240.62,-2.61,33234,7788388.1
2025-09-25,MIRZAINT,EQ,INE771A01026,MIRZA INTERNATIONAL LIMIT,39.0,39.74,37.51,37.88,39.24,-3.47,343189,12999999.69
2025-09-25,MITCON,EQ,INE828O01033,MITCON CON & ENG SER LTD,69.4,70.99,67.5,67.93,69.01,-1.56,32092,2180009.57
2025-09-25,MITTAL,EQ,INE997Y01027,MITTAL LIFE STYLE LIMITED,1.68,1.68,1.6,1.62,1.62,0.0,592018,959069.16
2025-09-25,MKPL,EQ,INE964W01021,M K PROTEINS LIMITED,7.11,7.34,7.03,7.11,7.05,0.85,240143,1707416.76
2025-09-25,MMFL,EQ,INE227C01017,MM FORGINGS LTD,323.75,335.0,321.1,329.65,322.45,2.23,46226,15238400.62
2025-09-25,MMP,EQ,INE511Y01018,MMP INDUSTRIES LIMITED,283.45,289.25,278.6,286.45,283.05,1.2,27450,7863052.84
2025-09-25,MMTC,EQ,INE123F01029,MMTC LIMITED,68.85,71.38,67.5,68.19,68.25,-0.09,7343678,500765420.75
2025-09-25,MNC,EQ,INF174KA1JF2,KOTAKMAMC - KOTAKMNC,31.03,31.05,30.79,30.83,30.87,-0.13,35765,1102634.95
2025-09-25,MOALPHA50,EQ,INF247L01FR8,MOTILALAMC - MOALPHA50,50.48,50.48,50.48,50.48,50.82,-0.68,0,0.0
2025-09-25,MOBIKWIK,EQ,INE0HLU01028,ONE MOBIKWIK SYSTEMS LTD,274.9,278.32,261.53,262.74,276.7,-5.05,3910942,1027560862.89
2025-09-25,MODEFENCE,EQ,INF247L01DJ0,MOTILALAMC - MODEFENCE,90.89,90.89,88.68,89.25,88.68,0.64,2548017,227410517.25
2025-09-25,MODIRUBBER,EQ,INE832A01018,MODI RUBBER LTD,119.0,121.79,116.0,116.71,119.29,-2.16,1944,226884.24
2025-09-25,MODTHREAD,EQ,INE794W01014,MODERN THREADS INDIA LTD,49.21,50.41,47.0,47.34,48.01,-1.4,11209,530634.06
2025-09-25,MOGSEC,EQ,INF247L01AK4,MOTILALAMC - G5,62.05,62.23,62.04,62.2,62.17,0.05,1594,99146.8
2025-09-25,MOHEALTH,EQ,INF247L01BB1,MOTILALAMC - MOHEALTH,45.17,45.32,44.52,44.58,44.95,-0.82,34903,1555975.8
2025-09-25,MOHITIND,EQ,INE954E01012,MOHIT INDUSTRIES LTD,32.25,34.73,32.25,32.84,33.08,-0.73,14820,486688.8
2025-09-25,MOIL,EQ,INE490G01020,MOIL LIMITED,362.95,366.8,358.75,360.3,362.5,-0.61,480449,173105768.84
2025-09-25,MOINFRA,EQ,INF247L01FL1,MOTILALAMC - MOINFRA,60.4,60.4,60.4,60.4,60.97,-0.93,0,0.0
2025-09-25,MOKSH,EQ,INE514Y01020,MOKSH ORNAMENTS LIMITED,14.5,14.82,14.45,14.69,14.54,1.03,138653,2036812.51
2025-09-25,MOL,EQ,INE0CT101020,MEGHMANI ORGANICS LIMITED,84.55,85.29,83.1,83.48,84.89,-1.66,444399,37098430.01
2025-09-25,MOLDTKPAC,EQ,INE893J01029,MOLD-TEK PACKAGING LTD,784.55,788.45,754.25,762.1,784.5,-2.86,51110,38950929.75
2025-09-25,MOLOWVOL,EQ,INF247L01BL0,MOTILALAMC - MOLOWVOL,37.84,37.84,37.57,37.63,37.84,-0.55,1102,41468.26
2025-09-25,MOM100,EQ,INF247L01023,MOTILAL OS MIDCAP100 ETF,63.02,63.02,61.76,61.88,62.39,-0.82,426547,26394728.82
2025-09-25,MOM30IETF,EQ,INF109KC17C7,ICICIPRAMC - ICICIMOM30,31.21,31.21,30.8,30.86,31.05,-0.61,839977,25921690.73
2025-09-25,MOM50,EQ,INF247L01536,MOTILAL OSWAL M50 ETF,261.38,261.38,258.25,258.62,260.08,-0.56,1702,440171.23
2025-09-25,MOMENTUM,EQ,INF209KB14K7,BIRLASLAMC - MOMENTUM,31.08,31.08,30.69,30.73,30.93,-0.65,20561,631839.52
2025-09-25,MOMENTUM50,EQ,INF247L01DK8,MOTILALAMC - MOMENTUM50,51.85,51.85,51.1,51.23,51.54,-0.6,317608,16271057.69
2025-09-25,MOMGF,EQ,INF247L01FK3,MOTILALAMC - MOMGF,149.16,149.16,149.16,149.16,149.83,-0.45,0,0.0
2025-09-25,MOMIDMTM,EQ,INF247L01FQ0,MOTILALAMC - MOMIDMTM,60.97,60.97,60.97,60.97,61.36,-0.64,0,0.0
2025-09-25,MOMOMENTUM,EQ,INF247L01BK2,MOTILALAMC - MOMOMENTUM,62.14,62.47,61.5,61.67,61.84,-0.27,52039,3209245.03
2025-09-25,MON100,EQ,INF247L01AP3,MOTILAL OS NASDAQ100 ETF,210.01,217.24,210.01,213.8,215.4,-0.74,819989,175313650.7
2025-09-25,MON50EQUAL,EQ,INF247L01FC0,MOTILALAMC - MON50EQUAL,32.12,32.12,32.12,32.12,32.37,-0.77,0,0.0
2025-09-25,MONARCH,EQ,INE903D01011,MONARCH NETWORTH CAP LTD,326.65,331.95,324.25,326.5,326.6,-0.03,133783,43680149.5
2025-09-25,MONEXT50,EQ,INF247L01FD8,MOTILALAMC - MONEXT50,67.87,67.87,67.87,67.87,68.38,-0.74,0,0.0
2025-09-25,MONIFTY500,EQ,INF247L01BU1,MOTILALAMC - MONIFTY500,23.88,23.89,23.5,23.53,23.71,-0.76,469683,11051641.31
2025-09-25,MONQ50,EQ,INF247L01AU3,MOTILALAMC - MONQ50,88.01,90.69,88.01,89.97,90.27,-0.33,84222,7577453.44
2025-09-25,MONTECARLO,EQ,INE950M01013,MONTE CARLO FASHIONS LTD.,684.95,697.05,681.55,684.1,686.55,-0.36,35608,24359431.93
2025-09-25,MOPSE,EQ,INF247L01FO5,MOTILALAMC - MOPSE,98.43,98.43,98.43,98.43,98.93,-0.51,0,0.0
2025-09-25,MOQUALITY,EQ,INF247L01BH8,MOTILALAMC - MOQUALITY,195.28,195.29,193.63,193.72,194.59,-0.45,2314,448268.08
2025-09-25,MOREALTY,EQ,INF247L01CI4,MOTILALAMC - MOREALTY,89.29,89.75,87.5,87.78,89.28,-1.68,454817,39923835.7
2025-09-25,MOREPENLAB,EQ,INE083A01026,MOREPEN LAB. LTD,50.5,51.22,50.0,50.19,50.81,-1.22,2174973,109161891.88
2025-09-25,MOSCHIP,EQ,INE935B01025,MOSCHIP TECHNOLOGIES LTD,247.04,253.5,245.02,250.6,247.1,1.42,3785031,948528791.7
2025-09-25,MOSMALL250,EQ,INF247L01CH6,MOTILALAMC - MOSMALL250,17.19,17.33,17.05,17.08,17.19,-0.64,712334,12166664.67
2025-09-25,MOTHERSON,EQ,INE775A01035,SAMVRDHNA MTHRSN INTL LTD,107.75,108.7,105.05,105.38,107.96,-2.39,14787443,1558300702.73
2025-09-25,MOTILALOFS,EQ,INE338I01027,MOTILAL OSWAL FIN LTD,940.0,948.0,916.35,920.05,943.75,-2.51,545291,501694977.89
2025-09-25,MOTISONS,EQ,INE0FRK01020,MOTISONS JEWELLERS LTD,18.75,18.85,18.57,18.66,18.75,-0.48,876445,16354463.57
2025-09-25,MOTOGENFIN,EQ,INE861B01023,MOTOR & GENERAL FINANCE L,26.02,29.5,26.02,28.57,26.32,8.55,118124,3374802.64
2025-09-25,MOTOUR,EQ,INF247L01FP2,MOTILALAMC - MOTOUR,90.0,90.0,90.0,90.0,90.85,-0.94,0,0.0
2025-09-25,MOVALUE,EQ,INF247L01BE5,MOTILALAMC - MOVALUE,105.43,105.43,104.07,104.14,104.91,-0.73,45227,4709939.75
2025-09-25,MPHASIS,EQ,INE356A01018,MPHASIS LIMITED,2742.5,2758.4,2684.5,2717.4,2740.9,-0.86,353350,960193255.49
2025-09-25,MPSLTD,EQ,INE943D01017,MPS LIMITED,2240.2,2275.0,2200.0,2214.0,2220.2,-0.28,12061,26703054.0
2025-09-25,MRF,EQ,INE883A01011,MRF LTD,153710.0,153710.0,150000.0,150435.0,153745.0,-2.15,5811,874177785.0
2025-09-25,MRPL,EQ,INE103A01014,MRPL,128.0,130.9,127.35,129.7,127.46,1.76,1782834,231233564.36
2025-09-25,MSCIINDIA,EQ,INF174KA1VD2,KOTAKMAMC - MSCIINDIA,29.33,29.95,29.33,29.62,29.87,-0.84,6523,193211.27
2025-09-25,MSPL,EQ,INE752G01015,MSP STEEL & POWER LTD.,37.5,38.4,36.9,37.37,37.61,-0.64,645691,24129471.98
2025-09-25,MSTCLTD,EQ,INE255X01014,MSTC LIMITED,510.15,514.8,500.0,501.2,510.15,-1.75,106703,53479544.9
2025-09-25,MSUMI,EQ,INE0FS801015,MOTHERSON SUMI WRNG IND L,47.1,47.77,46.48,46.71,47.17,-0.98,3873266,180920251.31
2025-09-25,MTNL,EQ,INE153A01019,MAHANAGAR TELEPHONE NIGAM,43.4,43.75,42.53,42.63,43.3,-1.55,1318029,56187577.68
2025-09-25,MUFIN,EQ,INE08KJ01020,MUFIN GREEN FINANCE LTD,88.5,88.5,85.8,86.16,88.38,-2.51,250619,21593333.96
2025-09-25,MUFTI,EQ,INE220Q01020,CREDO BRANDS MARKETING L,114.19,114.19,110.1,110.65,113.67,-2.66,259860,28753509.4
2025-09-25,MUKANDLTD,EQ,INE304A01026,MUKAND LTD.,135.6,137.3,133.2,134.23,135.48,-0.92,128926,17305736.43
2025-09-25,MULTICAP,EQ,INF769K01LX9,MIRAEAMC - MULTICAP,16.33,16.33,16.14,16.15,16.25,-0.62,57167,923247.03
2025-09-25,MUNJALAU,EQ,INE672B01032,MUNJAL AUTO IND. LTD.,105.0,109.4,102.62,105.55,103.98,1.51,4967107,524278159.01
2025-09-25,MUNJALSHOW,EQ,INE577A01027,MUNJAL SHOWA LTD,146.08,149.0,142.5,143.05,146.07,-2.07,88522,12663072.37
2025-09-25,MURUDCERA,EQ,INE692B01014,MURUDESHWAR CERAMICS LTD,42.31,43.13,42.02,42.2,42.65,-1.06,18233,769432.61
2025-09-25,MUTHOOTCAP,EQ,INE296G01013,MUTHOOT CAP SERV LTD,287.6,290.0,280.0,280.7,286.05,-1.87,11840,3323488.14
2025-09-25,MUTHOOTFIN,EQ,INE414G01012,MUTHOOT FINANCE LIMITED,3078.0,3078.0,3038.0,3051.6,3088.3,-1.19,458349,1398697853.16
2025-09-25,MUTHOOTMF,EQ,INE046W01019,MUTHOOT MICROFIN LIMITED,165.94,172.11,163.0,165.29,165.12,0.1,142997,23635973.17
2025-09-25,MVGJL,EQ,INE0KNT01012,MANOJ VAIBHAV GEM N JEW L,197.0,197.8,194.0,194.71,197.48,-1.4,64402,12539713.85
2025-09-25,MWL,EQ,INE0JYY01029,MANGALAM WORLDWIDE LTD,23.6,23.94,23.13,23.32,23.84,-2.18,62830,1465195.58
2025-09-25,NACLIND,EQ,INE295D01020,NACL INDUSTRIES LIMITED,219.85,230.55,217.0,230.45,219.6,4.94,169173,38985917.33
2025-09-25,NAGREEKCAP,EQ,INE245I01016,NAGREEKA CAP & INFR.LTD,27.8,27.8,26.82,27.04,27.04,0.0,5629,152208.17
2025-09-25,NAGREEKEXP,EQ,INE123B01028,NAGREEKA EXPORTS LTD.,34.25,35.37,33.01,33.17,34.25,-3.15,14737,488826.26
2025-09-25,NAHARCAP,EQ,INE049I01012,NAHAR CAP & FIN.,293.9,295.0,285.2,286.9,289.85,-1.02,5390,1546390.97
2025-09-25,NAHARINDUS,EQ,INE289A01011,NAHAR INDS ENT LTD,125.5,125.5,118.65,119.89,124.12,-3.41,9612,1152382.67
2025-09-25,NAHARPOLY,EQ,INE308A01027,NAHAR POLY FILMS LIMITED,309.0,324.9,302.05,306.4,306.6,-0.07,46576,14270886.12
2025-09-25,NAHARSPING,EQ,INE290A01027,NAHAR SPINNING MILLS LTD.,217.0,218.09,213.0,213.83,215.81,-0.92,11450,2448353.52
2025-09-25,NAM-INDIA,EQ,INE298J01013,NIPPON L I A M LTD,847.0,861.0,847.0,858.45,851.55,0.81,963754,827334633.06
2025-09-25,NARMADA,EQ,INE117Z01029,NARMADA AGROBASE LIMITED,11.27,11.75,11.23,11.51,11.38,1.14,320584,3688318.96
2025-09-25,NATCOPHARM,EQ,INE987B01026,NATCO PHARMA LTD.,854.0,859.25,840.0,842.3,854.2,-1.39,390039,328529844.94
2025-09-25,NATHBIOGEN,EQ,INE448G01010,NATH BIO-GENES (I) LTD,170.8,174.89,168.0,168.43,170.81,-1.39,8655,1457761.59
2025-09-25,NATIONALUM,EQ,INE139A01034,NATIONAL ALUMINIUM CO LTD,206.4,210.38,204.81,205.61,206.09,-0.23,6275647,1290335783.5
2025-09-25,NAUKRI,EQ,INE663F01032,INFO EDGE (I) LTD,1385.3,1385.4,1351.7,1358.6,1385.3,-1.93,1099888,1494307809.95
2025-09-25,NAVA,EQ,INE725A01030,NAVA LIMITED,703.5,714.8,685.0,693.75,703.1,-1.33,415575,288305156.25
2025-09-25,NAVINFLUOR,EQ,INE048G01026,NAVIN FLUORINE INT. LTD,4629.8,4796.9,4598.0,4749.1,4629.8,2.58,194099,921795579.85
2025-09-25,NAVKARCORP,EQ,INE278M01019,NAVKAR CORPORATION LTD.,123.69,124.89,120.44,120.9,122.86,-1.6,221757,26810421.64
2025-09-25,NAVNETEDUL,EQ,INE060A01024,NAVNEET EDUCATION LTD,158.0,161.99,156.02,158.3,157.56,0.47,381249,60351717.86
2025-09-25,NAZARA,EQ,INE418L01047,NAZARA TECHNOLOGIES LTD,281.0,281.92,277.9,279.0,279.75,-0.27,2572572,717747588.0
2025-09-25,NBCC,EQ,INE095N01031,NBCC (INDIA) LIMITED,109.65,112.2,108.94,109.19,110.06,-0.79,7243487,790916363.21
2025-09-25,NBIFIN,EQ,INE365I01020,N.B.I. IND. FIN. CO. LTD,2525.0,2565.2,2525.0,2532.1,2521.2,0.43,178,450713.82
2025-09-25,NCC,EQ,INE868B01028,NCC LIMITED,207.5,210.5,205.57,206.29,208.37,-1.0,1316452,271570874.24
2025-09-25,NCLIND,EQ,INE732C01016,NCL INDUSTRIES LIMITED,206.8,208.8,206.61,207.23,207.78,-0.26,40820,8459128.43
2025-09-25,NDGL,EQ,INE756C01015,NAGA DHUNSERI GROUP LTD,3850.0,3850.0,3844.0,3845.0,3796.2,1.29,8,30760.0
2025-09-25,NDL,EQ,INE875G01048,NANDAN DENIM LIMITED,3.45,3.48,3.4,3.41,3.45,-1.16,1311007,4470533.98
2025-09-25,NDLVENTURE,EQ,INE353A01023,NDL VENTURES LIMITED,81.65,84.84,80.88,83.0,85.02,-2.38,11440,949520.0
2025-09-25,NDRAUTO,EQ,INE07OG01012,NDR AUTO COMPONENTS LTD,1079.4,1091.0,1032.0,1047.9,1081.6,-3.12,32186,33727710.19
2025-09-25,NDTV,EQ,INE155G01029,NDTV LTD,122.0,124.17,121.21,122.19,122.23,-0.03,91208,11144705.74
2025-09-25,NECLIFE,EQ,INE023H01027,NECTAR LIFESCIENCES LTD.,14.72,14.72,14.72,14.72,15.03,-2.06,66518,979144.98
2025-09-25,NELCAST,EQ,INE189I01024,NELCAST LIMITED,143.59,145.0,142.5,143.95,145.5,-1.07,60052,8644485.22
2025-09-25,NELCO,EQ,INE045B01015,NELCO LTD,858.0,910.0,858.0,889.05,860.25,3.35,291378,259049607.34
2025-09-25,NEOGEN,EQ,INE136S01016,NEOGEN CHEMICALS LIMITED,1528.0,1547.2,1516.5,1524.9,1536.4,-0.75,21814,33264169.13
2025-09-25,NESCO,EQ,INE317F01035,NESCO LTD.,1428.8,1445.0,1408.1,1412.9,1437.7,-1.72,59967,84727375.76
2025-09-25,NESTLEIND,EQ,INE239A01024,NESTLE INDIA LIMITED,1184.5,1192.4,1171.6,1173.5,1178.6,-0.43,1273981,1495016703.5
2025-09-25,NETF,EQ,INF277K015R5,TATAAML - NETF,262.97,271.27,262.97,268.51,269.72,-0.45,9661,2594075.2
2025-09-25,NETWEB,EQ,INE0NT901020,NETWEB TECH INDIA LTD,3439.0,3652.0,3382.3,3613.5,3416.4,5.77,5076741,18344803603.5
2025-09-25,NETWORK18,EQ,INE870H01013,NETWORK18 MEDIA & INV LTD,53.93,54.24,53.05,53.24,53.87,-1.17,1901431,101232189.63
2025-09-25,NEULANDLAB,EQ,INE794A01010,NEULAND LAB LTD.,15010.0,15060.0,14736.0,14831.0,15023.0,-1.28,21620,320646220.0
2025-09-25,NEWGEN,EQ,INE619B01017,NEWGEN SOFTWARE TECH LTD,913.65,937.8,898.7,909.45,875.5,3.88,6625203,6025290949.22
2025-09-25,NEXT30ADD,EQ,INF740KA1VE5,DSPAMC - NEXT30ADD,39.35,39.4,39.02,39.11,39.22,-0.28,1323,51742.53
2025-09-25,NEXT50,EQ,INF769K01FN2,MIRAEAMC - MANXT50,706.29,709.11,699.05,700.81,706.28,-0.77,8511,5964593.89
2025-09-25,NEXT50IETF,EQ,INF109KC1NS5,ICICIPRAMC - ICICINXT50,72.9,72.9,71.65,71.75,72.31,-0.77,715491,51336479.25
2025-09-25,NEXTMEDIA,EQ,INE747B01016,NEXT MEDIAWORKS LIMITED,6.22,6.44,6.22,6.36,6.28,1.27,19680,125164.8
2025-09-25,NFL,EQ,INE870D01012,NATIONAL FERT. LTD,96.54,96.58,94.79,95.24,96.11,-0.91,694670,66160369.32
2025-09-25,NGIL,EQ,INE236Y01012,NAKODA GROUP OF IND. LTD,31.94,32.0,30.43,30.57,31.36,-2.52,45131,1379654.66
2025-09-25,NGLFINE,EQ,INE887E01022,NGL FINE CHEM LIMITED,1445.6,1479.7,1400.1,1414.2,1442.8,-1.98,4017,5680841.2
2025-09-25,NH,EQ,INE410P01011,NARAYANA HRUDAYALAYA LTD.,1729.5,1736.0,1715.0,1720.4,1721.2,-0.05,156942,270003020.63
2025-09-25,NHPC,EQ,INE848E01016,NHPC LTD,86.31,87.96,86.28,86.43,86.29,0.16,15155848,1309919947.27
2025-09-25,NIACL,EQ,INE470Y01017,THE NEW INDIA ASSU CO LTD,199.6,202.0,193.51,194.6,195.83,-0.63,1121343,218213354.64
2025-09-25,NIBE,EQ,INE149O01018,NIBE LIMITED,1342.0,1413.9,1325.0,1413.1,1346.6,4.94,100602,142160683.74
2025-09-25,NIBL,EQ,INE047O01014,NRB INDUS. BEARINGS LTD.,28.89,29.12,28.05,28.42,28.49,-0.25,14000,397880.0
2025-09-25,NIF100BEES,EQ,INF204K014N5,NIP IND ETF NIFTY 100,271.09,272.66,270.0,270.29,272.3,-0.74,58427,15792234.33
2025-09-25,NIF100IETF,EQ,INF109KC16V9,ICICI PRUD NIFTY 100 ETF,27.9,28.71,27.9,28.4,28.62,-0.77,51368,1458851.18
2025-09-25,NIFTY1,EQ,INF174K014P6,KOTAK NIFTY ETF,275.47,276.0,273.5,273.87,275.48,-0.58,28584,7828299.94
2025-09-25,NIFTYADD,EQ,INF740KA1CL0,DSPAMC - DSPNIFTY,262.28,262.28,259.7,260.18,261.54,-0.52,10434,2714718.04
2025-09-25,NIFTYAXIS,EQ,INF846K01W98,AXISAMC-NIFTYAXIS,275.09,275.5,273.2,273.38,275.15,-0.64,3213,878369.96
2025-09-25,NIFTYBEES,EQ,INF204KB14I2,NIP IND ETF NIFTY BEES,283.69,283.69,281.01,281.24,282.88,-0.58,3036126,853880046.59
2025-09-25,NIFTYBETF,EQ,INF0QA701722,BFAM - NIFTYBETF,255.55,256.28,254.0,254.26,255.95,-0.66,15199,3864497.66
2025-09-25,NIFTYETF,EQ,INF769K01EG9,MIRAEAMC - MAN50ETF,270.78,270.78,268.3,268.65,270.1,-0.54,60788,16330695.83
2025-09-25,NIFTYIETF,EQ,INF109K012R6,ICICI PRUD NIFTY ETF,284.0,284.0,279.5,279.85,281.58,-0.61,436207,122072531.61
2025-09-25,NIFTYQLITY,EQ,INF209KB15K4,BIRLASLAMC - NIFTYQLITY,21.8,21.8,21.35,21.4,21.54,-0.65,104478,2235829.16
2025-09-25,NIITLTD,EQ,INE161A01038,NIIT LIMITED,108.5,110.25,108.2,108.71,108.53,0.17,275560,29956127.35
2025-09-25,NIITMTS,EQ,INE342G01023,NIIT LEARNING SYSTEMS LTD,330.0,334.0,326.55,332.4,327.55,1.48,118467,39378430.08
2025-09-25,NILAINFRA,EQ,INE937C01029,NILA INFRASTRUCTURES LTD,10.11,10.21,10.01,10.11,10.11,0.0,1016935,10281212.5
2025-09-25,NILASPACES,EQ,INE00S901012,NILA SPACES LIMITED,17.34,18.73,16.52,18.73,17.03,9.98,8250757,154536674.83
2025-09-25,NILKAMAL,EQ,INE310A01015,NILKAMAL LIMITED,1574.8,1576.9,1540.5,1554.1,1566.6,-0.8,1555,2416625.46
2025-09-25,NINSYS,EQ,INE395U01014,NINTEC SYSTEMS LIMITED,440.0,442.4,435.0,439.35,440.4,-0.24,926,406838.11
2025-09-25,NIPPOBATRY,EQ,INE567A01028,INDO-NATIONAL LIMITED,472.0,472.0,458.0,463.25,461.85,0.3,784,363188.0
2025-09-25,NIRAJ,EQ,INE368I01016,NIRAJ CEMENT STRUC LTD,46.1,47.47,45.7,45.75,46.84,-2.33,15061,689040.75
2025-09-25,NITCO,EQ,INE858F01012,NITCO LIMITED,115.51,116.64,112.6,113.33,115.82,-2.15,125284,14198435.95
2025-09-25,NITINSPIN,EQ,INE229H01012,NITIN SPINNERS LIMITED,342.05,343.4,338.5,341.5,342.05,-0.16,37908,12945582.0
2025-09-25,NITIRAJ,EQ,INE439T01012,NITIRAJ ENGINEERS LTD,209.12,210.99,203.0,205.29,209.12,-1.83,1401,287611.28
2025-09-25,NIVABUPA,EQ,INE995S01015,NIVA BUPA HEALTH INS CO L,82.0,82.14,80.45,80.98,81.19,-0.26,1387551,112363884.64
2025-09-25,NLCINDIA,EQ,INE589A01014,NLC INDIA LIMITED,281.2,284.55,273.75,279.55,280.35,-0.29,5172384,1445939884.06
2025-09-25,NMDC,EQ,INE584A01023,NMDC LTD.,77.4,78.0,76.23,76.38,77.2,-1.06,20472893,1563719511.11
2025-09-25,NOCIL,EQ,INE163A01018,NOCIL LIMITED,180.0,181.9,180.0,180.97,181.02,-0.03,270209,48899723.06
2025-09-25,NOIDATOLL,EQ,INE781B01015,NOIDA TOLL BRIDGE CO LTD,4.17,4.47,4.04,4.04,4.26,-5.16,157543,636473.71
2025-09-25,NORBTEAEXP,EQ,INE369C01017,NORBEN TEA & EXPORTS LTD,52.02,52.02,51.0,52.02,51.0,2.0,6132,318986.64
2025-09-25,NORTHARC,EQ,INE850M01015,NORTHERN ARC CAPITAL LTD,275.4,279.0,270.32,271.7,275.4,-1.34,880965,239358201.25
2025-09-25,NOVAAGRI,EQ,INE02H701025,NOVA AGRITECH LIMITED,49.86,50.06,48.12,48.22,49.04,-1.67,99933,4818769.38
2025-09-25,NPBET,EQ,INF277K010X4,TATAAML - NPBET,280.98,280.98,276.12,277.04,277.99,-0.34,224,62056.96
2025-09-25,NPST,EQ,INE0FFK01017,NETWORK PEOPLE SRV TECH L,1943.4,1971.4,1930.0,1935.4,1941.5,-0.31,7965,15415461.19
2025-09-25,NRAIL,EQ,INE740D01017,N R AGARWAL INDS LTD,419.0,425.0,384.15,400.6,414.55,-3.37,45408,18190445.08
2025-09-25,NRBBEARING,EQ,INE349A01021,NRB BEARING LIMITED,295.0,297.65,289.3,292.3,296.75,-1.5,138253,40411350.21
2025-09-25,NSIL,EQ,INE023A01030,NALWA SONS INVESTMENT LTD,7650.0,7690.0,7401.0,7422.5,7553.5,-1.73,18332,136069270.0
2025-09-25,NSLNISP,EQ,INE0NNS01018,NMDC STEEL LIMITED,46.5,47.1,46.11,46.46,46.41,0.11,3607498,167604353.78
2025-09-25,NTPC,EQ,INE733E01010,NTPC LTD,349.3,350.8,340.0,340.5,347.6,-2.04,13228081,4504161580.5
2025-09-25,NTPCGREEN,EQ,INE0ONG01011,NTPC GREEN ENERGY LIMITED,102.0,102.74,101.6,101.72,102.33,-0.6,2403723,244506706.49
2025-09-25,NUCLEUS,EQ,INE096B01018,NUCLEUS SOFTWARE EXPORTS,1000.0,1020.0,999.4,1003.4,1008.2,-0.48,8950,8980430.22
2025-09-25,NUVAMA,EQ,INE531F01023,NUVAMA WEALTH MANAGE LTD,1229.2,1234.9,1203.6,1206.5,1235.2,-2.32,532255,642165657.5
2025-09-25,NUVOCO,EQ,INE118D01016,NUVOCO VISTAS CORP LTD,451.05,452.9,439.05,442.25,450.6,-1.85,101789,45016185.25
2025-09-25,NV20,EQ,INF174KA1ZE1,KOTAKMAMC - KTKNV20ETF,148.94,148.94,146.53,146.9,148.2,-0.88,5737,842765.26
2025-09-25,NV20BEES,EQ,INF204KB18I3,NIP IND ETF ETF NV20,145.88,148.99,145.88,147.64,148.41,-0.52,9163,1352825.31
2025-09-25,NV20IETF,EQ,INF109KC11V0,ICICI PRUDENTIAL NV20 ETF,14.95,14.95,14.37,14.38,14.51,-0.9,585207,8415276.73
2025-09-25,NYKAA,EQ,INE388Y01029,FSN E COMMERCE VENTURES,237.01,239.29,233.43,236.46,237.05,-0.25,3006429,710900221.52
2025-09-25,OAL,EQ,INE959C01023,ORIENTAL AROMATICS LTD,340.65,340.65,335.1,336.9,340.65,-1.1,12200,4110179.93
2025-09-25,OBCL,EQ,INE426Z01016,OBCL LIMITED,56.28,57.1,55.1,55.52,56.28,-1.35,68689,3813613.31
2025-09-25,OBEROIRLTY,EQ,INE093I01010,OBEROI REALTY LIMITED,1620.1,1629.8,1590.9,1599.9,1620.1,-1.25,1843960,2950151649.02
2025-09-25,ODIGMA,EQ,INE054301028,ODIGMA CONSULTANCY SOL L,48.07,48.07,48.07,48.07,50.61,-5.02,17668,849300.75
2025-09-25,OFSS,EQ,INE881D01027,ORACLE FIN SERV SOFT LTD.,9061.5,9124.5,8884.5,8909.0,9061.5,-1.68,89964,801489276.0
2025-09-25,OIL,EQ,INE274J01014,OIL INDIA LTD,409.05,423.0,407.6,414.8,406.6,2.02,6236842,2587041985.47
2025-09-25,OILIETF,EQ,INF109KC18W3,ICICIPRAMC - OILIETF,11.45,11.46,11.32,11.36,11.42,-0.53,1059538,12036351.32
2025-09-25,OLAELEC,EQ,INE0LXG01040,OLA ELECTRIC MOBILITY LTD,56.85,57.24,54.55,56.04,56.89,-1.49,18048277,1011425459.6
2025-09-25,OLECTRA,EQ,INE260D01016,OLECTRA GREENTECH LIMITED,1645.0,1648.0,1605.2,1611.8,1644.9,-2.01,539131,868971372.12
2025-09-25,OMAXAUTO,EQ,INE090B01011,OMAX AUTOS LTD,144.36,146.99,140.16,144.7,144.39,0.21,16659,2410557.25
2025-09-25,OMAXE,EQ,INE800H01010,OMAXE LIMITED,84.94,85.99,82.5,83.56,84.94,-1.62,107354,8970499.98
2025-09-25,OMINFRAL,EQ,INE239D01028,OM INFRA LIMITED,134.3,139.45,131.99,137.14,134.49,1.97,748700,102676717.54
2025-09-25,ONEPOINT,EQ,INE840Y01029,ONE POINT ONE SOL LTD,44.65,46.55,42.12,43.43,44.34,-2.05,4805908,208720585.91
2025-09-25,ONESOURCE,EQ,INE013P01021,ONESOURCE SPECL PHARMA L,1751.9,1794.0,1691.0,1744.8,1752.8,-0.46,217792,380003492.23
2025-09-25,ONGC,EQ,INE213A01029,OIL AND NATURAL GAS CORP.,238.92,242.14,238.52,239.67,238.52,0.48,10150654,2432807225.59
2025-09-25,ONIDA,EQ,INE831A01028,ONIDA ELECTRONICS LIMITED,26.7,26.89,25.57,25.73,26.92,-4.42,679585,17485721.74
2025-09-25,ONWARDTEC,EQ,INE229A01017,ONWARD TECHNOLOGIES LTD,300.9,301.45,290.05,294.1,298.6,-1.51,16834,4950879.5
2025-09-25,OPTIEMUS,EQ,INE350C01017,OPTIEMUS INFRACOM LTD,666.7,713.0,658.05,681.05,669.95,1.66,1342955,914619486.36
2025-09-25,ORCHASP,EQ,INE215B01022,ORCHASP LIMITED,2.52,2.6,2.52,2.58,2.59,-0.39,179741,463731.77
2025-09-25,ORCHPHARMA,EQ,INE191A01027,ORCHID PHARMA LIMITED,738.3,741.25,728.0,737.55,738.3,-0.1,43600,32157179.47
2025-09-25,ORICONENT,EQ,INE730A01022,ORICON ENTERPRISES LTD,52.94,54.44,52.62,54.07,52.94,2.13,223430,12080860.03
2025-09-25,ORIENTALTL,EQ,INE998H01012,ORIENTAL TRIMEX LTD,10.44,10.55,10.3,10.31,10.44,-1.25,195242,2012945.1
2025-09-25,ORIENTBELL,EQ,INE607D01018,ORIENT BELL LIMITED,309.25,310.45,305.05,305.95,307.3,-0.44,2045,625667.77
2025-09-25,ORIENTCEM,EQ,INE876N01018,ORIENT CEMENT LTD.,230.13,237.29,229.07,233.68,230.13,1.54,681863,159337740.85
2025-09-25,ORIENTCER,EQ,INE569C01020,ORIENT CERATECH LIMITED,38.0,38.0,36.8,36.99,37.64,-1.73,36205,1339223.01
2025-09-25,ORIENTELEC,EQ,INE142Z01019,ORIENT ELECTRIC LIMITED,202.13,205.0,201.65,202.83,203.34,-0.25,218269,44271501.67
2025-09-25,ORIENTHOT,EQ,INE750A01020,ORIENT HOTELS LTD,134.99,135.66,133.02,134.5,134.83,-0.24,174282,23440929.0
2025-09-25,ORIENTPPR,EQ,INE592A01026,ORIENT PAPER AND INDS LTD,28.04,28.22,27.5,27.52,27.93,-1.47,224152,6168663.14
2025-09-25,ORIENTTECH,EQ,INE0PPK01015,ORIENT TECHNOLOGIES LTD,334.09,334.09,313.18,314.82,331.14,-4.93,367670,115749198.87
2025-09-25,ORISSAMINE,EQ,INE725E01024,ORISSA MIN DEV CO LTD,5010.0,5089.7,4924.0,4941.9,4994.4,-1.05,13343,65939770.4
2025-09-25,ORTINGLOBE,EQ,INE749B01020,ORTIN GLOBAL LIMITED,11.55,11.76,11.55,11.55,11.76,-1.79,770,8893.5
2025-09-25,OSWALAGRO,EQ,INE142A01012,OSWAL AGRO MILLS LTD,74.13,75.3,73.15,73.5,74.51,-1.36,42406,3116841.0
2025-09-25,OSWALGREEN,EQ,INE143A01010,OSWAL GREENTECH LIMITED,39.91,40.11,39.72,39.83,40.0,-0.42,78770,3137409.24
2025-09-25,OSWALPUMPS,EQ,INE0BYP01024,OSWAL PUMPS LIMITED,763.0,777.05,742.2,746.05,763.75,-2.32,316026,235771193.44
2025-09-25,OSWALSEEDS,EQ,INE00IK01029,SHREEOSWAL S AND CHE LTD,16.28,16.28,16.28,16.28,15.51,4.96,84040,1368171.26
2025-09-25,PAGEIND,EQ,INE761H01022,PAGE INDUSTRIES LTD,42375.0,42950.0,42330.0,42625.0,42405.0,0.52,20188,860513500.0
2025-09-25,PAISALO,EQ,INE420C01059,PAISALO DIGITAL LIMITED,39.4,40.04,38.83,39.11,39.42,-0.79,16805847,657276686.43
2025-09-25,PAKKA,EQ,INE551D01018,PAKKA LIMITED,161.5,161.5,156.73,157.55,160.98,-2.13,65574,10331183.9
2025-09-25,PALASHSECU,EQ,INE471W01019,PALASH SECURITIES LTD,119.0,121.0,115.0,116.34,120.1,-3.13,1281,149031.54
2025-09-25,PALREDTEC,EQ,INE218G01033,PALRED TECHNOLOGIES LTD,49.37,49.99,48.6,49.0,49.37,-0.75,1009,49441.0
2025-09-25,PANACEABIO,EQ,INE922B01023,PANACEA BIOTEC LTD,412.0,423.5,408.0,420.2,407.35,3.15,188745,79310651.3
2025-09-25,PANAMAPET,EQ,INE305C01029,PANAMA PETROCHEM LTD,290.9,290.9,285.1,285.75,289.75,-1.38,40563,11590877.25
2025-09-25,PANSARI,EQ,INE697V01011,PANSARI DEVELOPERS LTD,264.05,275.0,260.0,267.05,270.0,-1.09,12581,3359755.9
2025-09-25,PARACABLES,EQ,INE074B01023,PARAMOUNT COMM LTD,46.3,46.4,45.3,45.51,46.13,-1.34,472107,21485588.78
2025-09-25,PARADEEP,EQ,INE088F01024,PARADEEP PHOSPHATES LTD,193.13,197.85,187.6,193.28,192.73,0.29,39786050,7689847695.43
2025-09-25,PARAGMILK,EQ,INE883N01014,PARAG MILK FOODS LTD.,280.0,283.41,272.32,274.5,280.98,-2.31,701268,192498066.0
2025-09-25,PARAS,EQ,INE045601023,PARAS DEF AND SPCE TECH L,705.05,726.0,703.0,710.5,709.3,0.17,425068,302010814.0
2025-09-25,PARASPETRO,EQ,INE162C01024,PARAS PETROFILS LTD.,2.44,2.48,2.41,2.43,2.46,-1.22,77177,187540.12
2025-09-25,PARKHOTELS,EQ,INE988S01028,PARKHOTELS,152.2,152.88,149.17,149.63,151.92,-1.51,332689,49780256.69
2025-09-25,PASHUPATI,EQ,INE124Y01028,PASHUPATI COTSPIN LIMITED,71.64,71.64,70.4,71.0,70.64,0.5,2370,168258.16
2025-09-25,PASUPTAC,EQ,INE818B01023,PASUPATI ACRYLON LIMITED,46.0,46.79,45.6,46.02,46.27,-0.54,46035,2118530.72
2025-09-25,PATANJALI,EQ,INE619A01035,PATANJALI FOODS LIMITED,600.0,604.6,597.0,600.0,600.8,-0.13,648680,389208000.0
2025-09-25,PATELENG,EQ,INE244B01030,PATEL ENGINEERING LTD.,39.0,39.5,38.47,38.51,39.02,-1.31,1684181,64857807.48
2025-09-25,PATELRMART,EQ,INE0R8B01010,PATEL RETAIL LIMITED,236.75,238.8,229.0,232.35,236.75,-1.86,416639,96806074.19
2025-09-25,PAVNAIND,EQ,INE07S101038,PAVNA INDUSTRIES LIMITED,38.35,38.95,37.6,37.9,37.95,-0.13,102832,3897332.96
2025-09-25,PAYTM,EQ,INE982J01020,ONE 97 COMMUNICATIONS LTD,1159.9,1166.7,1132.1,1141.4,1162.2,-1.79,4228595,4826518436.24
2025-09-25,PCBL,EQ,INE602A01031,PCBL CHEMICAL LIMITED,388.7,389.7,381.9,383.1,389.7,-1.69,423875,162386515.09
2025-09-25,PCJEWELLER,EQ,INE785M01021,PC JEWELLER LTD,13.39,13.75,13.3,13.44,13.33,0.83,55019143,739457258.83
2025-09-25,PDMJEPAPER,EQ,INE865T01018,PUDUMJEE PAPER PRO. LTD,123.81,125.63,121.5,122.38,123.8,-1.15,81296,9949004.26
2025-09-25,PDSL,EQ,INE111Q01021,PDS LIMITED,336.75,337.5,331.0,332.5,336.75,-1.26,55199,18353667.5
2025-09-25,PEARLPOLY,EQ,INE844A01013,PEARL POLYMERS LTD,30.61,31.23,30.05,30.1,30.86,-2.46,26053,784195.31
2025-09-25,PENIND,EQ,INE932A01024,PENNAR INDUSTRIES LTD,242.59,246.9,240.0,240.53,242.01,-0.61,344556,82876054.26
2025-09-25,PENINLAND,EQ,INE138A01028,PENINSULA LAND LIMITED,35.14,35.14,34.0,34.12,34.91,-2.26,158647,5413035.47
2025-09-25,PERSISTENT,EQ,INE262H01021,PERSISTENT SYSTEMS LTD,5180.0,5237.5,5079.0,5102.5,5191.5,-1.71,353200,1802203000.0
2025-09-25,PETRONET,EQ,INE347G01014,PETRONET LNG LIMITED,270.5,273.25,269.8,270.2,270.95,-0.28,1771230,478586367.62
2025-09-25,PFC,EQ,INE134E01011,POWER FIN CORP LTD.,411.0,412.9,404.0,405.4,410.7,-1.29,2866572,1162108271.3
2025-09-25,PFIZER,EQ,INE182A01018,PFIZER LTD,5019.0,5021.0,4970.0,4977.0,5005.0,-0.56,5927,29498679.0
2025-09-25,PFOCUS,EQ,INE367G01038,PRIME FOCUS LIMITED,191.0,198.8,188.05,190.2,191.34,-0.6,3638149,691975928.7
2025-09-25,PFS,EQ,INE560K01014,PTC INDIA FIN SERV LTD,37.03,37.34,36.4,36.49,37.05,-1.51,621622,22682987.82
2025-09-25,PGEL,EQ,INE457L01029,PG ELECTROPLAST LTD,543.0,555.85,537.5,539.75,544.3,-0.84,1204594,650179611.5
2025-09-25,PGHH,EQ,INE179A01014,P&G HYGIENE & HEALTH CARE,13633.0,13800.0,13600.0,13786.0,13633.0,1.12,14750,203343500.0
2025-09-25,PGHL,EQ,INE199A01012,PROCTER & GAMBLE HEALTH L,6346.0,6384.5,6260.0,6368.0,6289.5,1.25,8877,56528736.0
2025-09-25,PGIL,EQ,INE940H01022,PEARL GLOBAL IND LIMITED,672.65,675.7,645.55,650.65,676.15,-3.77,67286,43779637.54
2025-09-25,PHARMABEES,EQ,INF204KC1089,NIPPONAMC - NETFPHARMA,23.2,23.2,22.0,22.54,22.73,-0.84,2230814,50282549.6
2025-09-25,PHOENIXLTD,EQ,INE211B01039,THE PHOENIX MILLS LTD,1579.0,1585.9,1556.0,1562.7,1577.7,-0.95,280555,438423284.8
2025-09-25,PICCADIL,EQ,INE546C01010,PICCADILY AGRO INDUSTRI L,719.0,722.05,700.0,702.9,714.35,-1.6,86247,60623018.41
2025-09-25,PIDILITIND,EQ,INE318A01026,PIDILITE INDUSTRIES LTD,1517.6,1518.5,1490.0,1495.7,1519.5,-1.57,554053,828697045.05
2025-09-25,PIGL,EQ,INE557Z01018,POWER INSTRUMENT (G) LTD,172.25,172.25,167.99,172.25,164.05,5.0,207940,35817665.0
2025-09-25,PIIND,EQ,INE603J01030,PI INDUSTRIES LTD,3638.0,3646.2,3563.3,3573.2,3629.0,-1.54,78675,281121506.16
2025-09-25,PILANIINVS,EQ,INE417C01014,PILANI INV & IND COR LTD,5449.0,5454.0,5340.1,5365.0,5434.9,-1.29,3032,16266680.0
2025-09-25,PILITA,EQ,INE600A01035,PIL ITALICA LIFESTYLE LTD,14.01,14.49,13.65,13.68,14.01,-2.36,105950,1449396.03
2025-09-25,PIONEEREMB,EQ,INE156C01018,PIONEER EMBROIDERIES LTD,36.62,37.05,35.81,36.1,36.62,-1.42,7337,264865.69
2025-09-25,PITTIENG,EQ,INE450D01021,PITTI ENGINEERING LIMITED,993.0,1018.0,979.55,1009.9,993.9,1.61,57431,57999568.3
2025-09-25,PIXTRANS,EQ,INE751B01018,PIX TRANSMISSIONS LIMITED,1435.0,1463.8,1435.0,1447.9,1450.0,-0.14,8348,12087069.4
2025-09-25,PLASTIBLEN,EQ,INE083C01022,PLASTIBLENDS INDIA LTD,193.47,193.47,189.0,190.17,192.87,-1.4,13104,2491987.66
2025-09-25,PLATIND,EQ,INE0PT501018,PLATINUM INDUSTRIES LTD,321.15,327.9,313.5,316.85,324.25,-2.28,256993,81428233.62
2025-09-25,PLAZACABLE,EQ,INE0INJ01017,PLAZA WIRES LIMITED,55.25,56.94,55.25,55.84,55.87,-0.05,25604,1429727.36
2025-09-25,PNB,EQ,INE160A01022,PUNJAB NATIONAL BANK,111.02,112.25,110.42,111.4,111.01,0.35,14583301,1624579753.65
2025-09-25,PNBGILTS,EQ,INE859A01011,PNB GILTS LIMITED,100.0,100.7,98.0,98.5,100.28,-1.78,286676,28237586.0
2025-09-25,PNBHOUSING,EQ,INE572E01012,PNB HOUSING FIN LTD.,882.0,915.5,872.3,907.75,889.9,2.01,4642991,4214675080.25
2025-09-25,PNC,EQ,INE392B01011,PNC MEDIA AND ENT LTD,34.38,34.38,32.0,32.74,33.24,-1.5,3494,114393.57
2025-09-25,PNCINFRA,EQ,INE195J01029,PNC INFRATECH LTD.,304.0,304.65,300.1,300.5,304.55,-1.33,155937,46859068.5
2025-09-25,PNGJL,EQ,INE953R01016,P N GADGIL JEWELLERS LTD,613.35,615.75,598.3,602.8,613.4,-1.73,146671,88413277.01
2025-09-25,POCL,EQ,INE063E01061,PONDY OXIDES & CHEM LTD,487.96,503.16,480.4,483.92,488.36,-0.91,908460,439621975.4
2025-09-25,PODDARMENT,EQ,INE371C01013,PODDAR PIGMENTS LIMITED,285.9,285.9,281.8,283.8,284.4,-0.21,650,184469.99
2025-09-25,POKARNA,EQ,INE637C01025,POKARNA LIMITED,841.75,843.85,821.0,824.7,836.3,-1.39,26442,21806717.72
2025-09-25,POLICYBZR,EQ,INE417T01026,PB FINTECH LIMITED,1725.0,1771.9,1707.7,1751.2,1735.2,0.92,2153445,3771112778.85
2025-09-25,POLYCAB,EQ,INE455K01017,POLYCAB INDIA LIMITED,7580.0,7600.0,7381.5,7407.5,7532.5,-1.66,464674,3442072655.0
2025-09-25,POLYMED,EQ,INE205C01021,POLY MEDICURE LIMITED,1994.9,2080.0,1983.8,2031.8,1983.1,2.46,392895,798284080.18
2025-09-25,POLYPLEX,EQ,INE633B01018,POLYPLEX CORPORATION LTD,1085.0,1090.4,1070.0,1073.3,1089.7,-1.5,26710,28667844.3
2025-09-25,PONNIERODE,EQ,INE838E01017,PONNIE SUGARS (ERODE) LTD,289.15,291.45,287.6,288.25,288.45,-0.07,3959,1141181.75
2025-09-25,POONAWALLA,EQ,INE511C01022,POONAWALLA FINCORP LTD,484.9,501.0,481.0,493.45,485.5,1.64,2930030,1445823339.27
2025-09-25,POWERGRID,EQ,INE752E01010,POWER GRID CORP. LTD.,294.0,294.85,283.6,284.4,293.3,-3.03,16242837,4619462743.66
2025-09-25,POWERINDIA,EQ,INE07Y701011,HITACHI ENERGY INDIA LTD,19089.0,19295.0,18910.0,19203.0,18997.0,1.08,49593,952334379.0
2025-09-25,POWERMECH,EQ,INE211R01019,POWER MECH PROJECTS LTD.,2836.0,2883.5,2780.0,2793.8,2843.3,-1.74,64468,180110701.55
2025-09-25,PPLPHARMA,EQ,INE0DK501011,PIRAMAL PHARMA LIMITED,199.1,201.0,194.8,195.2,196.34,-0.58,2712002,529382782.12
2025-09-25,PRABHA,EQ,INE0I0M01023,PRABHA ENERGY LIMITED,232.45,233.17,226.05,227.53,227.68,-0.07,30266,6886422.94
2025-09-25,PRAENG,EQ,INE505C01016,PRAJAY ENG. SYN. LTD.,24.2,24.77,24.0,24.7,24.43,1.11,48042,1186637.44
2025-09-25,PRAJIND,EQ,INE074A01025,PRAJ INDUSTRIES LTD,371.0,372.05,355.25,358.8,369.4,-2.87,1359058,487629993.81
2025-09-25,PRAKASH,EQ,INE603A01013,PRAKASH INDUSTRIES LTD,169.09,174.68,169.01,173.05,168.93,2.44,1217012,210603930.31
2025-09-25,PRAKASHSTL,EQ,INE696K01024,PRAKASH STEELAGE LTD,5.65,5.69,5.55,5.6,5.59,0.18,87253,488616.79
2025-09-25,PRAXIS,EQ,INE546Y01022,PRAXIS HOME RETAIL LTD,12.08,12.3,12.07,12.08,12.32,-1.95,73159,883760.71
2025-09-25,PRECAM,EQ,INE484I01029,PRECISION CAMSHAFTS LTD.,209.31,211.35,200.17,201.16,209.31,-3.89,505520,101690405.05
2025-09-25,PRECOT,EQ,INE283A01014,PRECOT LIMITED,475.95,475.95,450.0,459.9,461.05,-0.25,914,420348.59
2025-09-25,PRECWIRE,EQ,INE372C01037,PRECISION WIRES INDIA LTD,190.07,193.9,186.0,186.95,189.31,-1.25,452933,84675822.97
2025-09-25,PREMEXPLN,EQ,INE863B01029,PREMIER EXPLOSIVES LTD,604.1,629.55,597.0,615.95,604.1,1.96,1503627,926159069.0
2025-09-25,PREMIERENE,EQ,INE0BS701011,PREMIER ENERGIES LIMITED,1045.0,1052.0,1032.0,1049.5,1044.7,0.46,568691,596841204.5
2025-09-25,PREMIERPOL,EQ,INE309M01020,PREMIER POLYFILM LTD,46.2,47.5,46.2,46.68,46.97,-0.62,60354,2817324.74
2025-09-25,PRESTIGE,EQ,INE811K01011,PRESTIGE ESTATE LTD,1573.0,1576.7,1515.0,1534.5,1572.7,-2.43,498730,765301185.0
2025-09-25,PRICOLLTD,EQ,INE726V01018,PRICOL LIMITED,553.0,555.0,526.8,531.65,551.9,-3.67,337746,179562669.15
2025-09-25,PRIMESECU,EQ,INE032B01021,PRIME SECURITIES LIMITED,261.9,274.0,258.95,272.7,261.25,4.38,105825,28858478.79
2025-09-25,PRIMO,EQ,INE607A01022,PRIMO CHEMICALS LIMITED,25.74,25.74,25.11,25.22,25.4,-0.71,40443,1019972.43
2025-09-25,PRINCEPIPE,EQ,INE689W01016,PRINCE PIPES FITTINGS LTD,337.2,337.2,328.35,330.35,337.2,-2.03,141737,46822818.82
2025-09-25,PRITI,EQ,INE974Z01015,PRITI INTERNATIONAL LTD,73.95,74.99,73.0,73.18,73.54,-0.49,13193,965463.74
2025-09-25,PRIVISCL,EQ,INE959A01019,PRIVI SPECIALITY CHE LTD,2422.2,2445.6,2403.0,2418.2,2403.0,0.63,33930,82049524.34
2025-09-25,PROSTARM,EQ,INE0BX301013,PROSTARM INFO SYSTEMS LTD,204.7,207.2,199.0,200.48,204.42,-1.93,550518,110367846.29
2025-09-25,PROTEAN,EQ,INE004A01022,PROTEAN EGOV TECHNO LTD,902.0,911.25,897.2,902.35,906.5,-0.46,238018,214775536.49
2025-09-25,PROZONER,EQ,INE195N01013,PROZONE REALTY LIMITED,49.11,51.17,49.11,50.04,49.24,1.62,667233,33388339.93
2025-09-25,PRSMJOHNSN,EQ,INE010A01011,PRISM JOHNSON LIMITED,167.0,169.89,166.5,168.8,167.59,0.72,421871,71211826.09
2025-09-25,PRUDENT,EQ,INE00F201020,PRUDENT CORP ADV SER LTD,2774.0,2898.8,2633.5,2739.6,2774.4,-1.25,63451,173830365.8
2025-09-25,PSB,EQ,INE608A01012,PUNJAB & SIND BANK,29.7,29.9,29.19,29.28,29.65,-1.25,1070631,31348076.42
2025-09-25,PSPPROJECT,EQ,INE488V01015,PSP PROJECTS LIMITED,779.2,791.7,763.1,772.1,779.3,-0.92,110507,85322452.0
2025-09-25,PSUBANK,EQ,INF174KA1A86,KOTAK PSU BANK,743.21,748.42,738.6,739.99,742.25,-0.3,16352,12100316.32
2025-09-25,PSUBANKADD,EQ,INF740KA1SY9,DSPAMC - DSPPSBKETF,74.95,75.01,74.3,74.56,74.93,-0.49,175760,13104665.17
2025-09-25,PSUBNKBEES,EQ,INF204KB16I7,NIP IND ETF PSU BANK BEES,82.08,83.38,82.03,82.45,82.88,-0.52,2352876,193994619.02
2025-09-25,PSUBNKIETF,EQ,INF109KC10S8,ICICIPRAMC - PSUBANKICI,75.31,75.99,74.06,74.57,75.19,-0.82,179093,13354964.96
2025-09-25,PTC,EQ,INE877F01012,PTC INDIA LIMITED,171.5,172.88,169.3,169.52,171.83,-1.34,1074489,182147379.87
2025-09-25,PTCIL,EQ,INE596F01018,PTC INDUSTRIES LIMITED,15260.0,15945.0,15182.0,15486.0,15203.0,1.86,38050,589242300.0
2025-09-25,PTL,EQ,INE034D01049,PTL ENTERPRISES LTD,40.21,40.54,40.02,40.16,40.42,-0.64,21477,862516.32
2025-09-25,PUNJABCHEM,EQ,INE277B01014,PUNJAB CHEM & CROP PROT L,1235.9,1274.8,1223.8,1270.2,1241.1,2.34,15604,19820200.04
2025-09-25,PURVA,EQ,INE323I01011,PURAVANKARA LIMITED,266.2,273.0,262.2,264.8,268.15,-1.25,120573,31927728.93
2025-09-25,PVP,EQ,INE362A01016,PVP VENTURES LIMITED,28.99,30.37,28.97,30.37,28.93,4.98,497665,15114086.47
2025-09-25,PVRINOX,EQ,INE191H01014,PVR INOX LIMITED,1106.0,1115.4,1097.5,1109.7,1114.0,-0.39,241071,267516476.93
2025-09-25,PVSL,EQ,INE772T01024,POPULAR VEHICLES N SER L,144.38,148.0,143.03,145.1,145.41,-0.21,84587,12273574.22
2025-09-25,PVTBANIETF,EQ,INF109KC18U7,ICICIPRAMC - ICICIBANKP,27.16,27.16,26.95,27.02,27.0,0.07,805751,21771392.39
2025-09-25,PVTBANKADD,EQ,INF740KA1TA7,DSPAMC - DSPPVBKETF,27.38,27.38,27.09,27.09,27.12,-0.11,5841,158232.69
2025-09-25,PYRAMID,EQ,INE0MIS01010,PYRAMID TECHNOPLAST LTD,162.19,167.3,162.19,163.86,164.81,-0.58,17339,2841168.55
2025-09-25,QGOLDHALF,EQ,INF082J01408,QUANTUM GOLD ETF,94.98,95.3,93.65,94.25,94.65,-0.42,422430,39814027.5
2025-09-25,QNIFTY,EQ,INF082J01499,QUANTUM NIFTY 50 ETF,2734.0,2744.0,2716.35,2717.89,2737.18,-0.7,553,1502993.11
2025-09-25,QPOWER,EQ,INE0SII01026,QUALITY POWER ELEC EQUP L,998.0,1049.5,989.2,1015.85,972.2,4.49,1395663,1417784224.48
2025-09-25,QUADFUTURE,EQ,INE0LRY01011,QUADRANT FUTURE TEK LTD,415.9,417.35,406.0,407.95,417.7,-2.33,129533,52842988.93
2025-09-25,QUAL30IETF,EQ,INF109KC18V5,ICICIPRAMC - ICICIQTY30,21.21,21.4,21.21,21.26,21.33,-0.33,73496,1562524.98
2025-09-25,QUESS,EQ,INE615P01015,QUESS CORP LIMITED,257.0,259.85,254.9,255.5,257.7,-0.85,145056,37061808.0
2025-09-25,QUICKHEAL,EQ,INE306L01010,QUICK HEAL TECH LTD,321.0,325.25,312.0,313.35,322.05,-2.7,98766,30948326.7
2025-09-25,RACE,EQ,INE084Q01012,RACE ECO CHAIN LIMITED,234.5,234.5,224.11,224.65,228.35,-1.62,2781,624751.63
2025-09-25,RACLGEAR,EQ,INE704B01017,RACL GEARTECH LIMITED,937.95,1034.55,926.15,982.4,924.05,6.31,428386,420846416.86
2025-09-25,RADAAN,EQ,INE874F01027,RADAAN MEDIAWORKS (I) LTD,3.4,3.54,3.4,3.51,3.42,2.63,23676,83102.76
2025-09-25,RADIANTCMS,EQ,INE855R01021,RADIANT CASH MGMT SER LTD,56.0,56.0,55.03,55.41,55.3,0.2,59146,3277279.85
2025-09-25,RADICO,EQ,INE944F01028,RADICO KHAITAN LTD,2969.4,3037.8,2950.0,2962.8,2969.3,-0.22,327244,969558539.18
2025-09-25,RADIOCITY,EQ,INE919I01024,MUSIC BROADCAST LIMITED,8.6,8.83,8.6,8.62,8.62,0.0,47960,413415.19
2025-09-25,RAILTEL,EQ,INE0DD101019,RAILTEL CORP OF IND LTD,372.8,388.5,372.15,380.6,374.15,1.72,1193800,454360287.29
2025-09-25,RAIN,EQ,INE855B01025,RAIN INDUSTRIES LIMITED,134.67,137.16,134.08,135.59,134.67,0.68,993046,134647103.5
2025-09-25,RAINBOW,EQ,INE961O01016,RAINBOW CHILDRENS MED LTD,1397.1,1397.2,1381.8,1385.1,1392.1,-0.5,47447,65718838.54
2025-09-25,RAJMET,EQ,INE00KV01022,RAJNANDINI METAL LIMITED,4.72,4.78,4.7,4.71,4.69,0.43,307426,1447976.47
2025-09-25,RAJRATAN,EQ,INE451D01029,RAJRATAN GLOBAL WIRE LTD,331.2,338.25,324.5,327.85,334.55,-2.0,52466,17200978.42
2025-09-25,RAJSREESUG,EQ,INE562B01019,RAJSHREE SUGAR & CHEMICAL,40.8,41.38,40.02,40.09,40.58,-1.21,22229,891160.61
2025-09-25,RAJTV,EQ,INE952H01027,RAJ TV NETWORK LTD,41.69,41.69,41.0,41.02,40.99,0.07,2162,88685.24
2025-09-25,RALLIS,EQ,INE613A01020,RALLIS INDIA LTD,319.55,320.2,315.45,319.0,319.2,-0.06,412077,131452563.0
2025-09-25,RAMANEWS,EQ,INE278B01020,SHREE RAMA NEWSPRINT LTD,33.01,33.06,31.3,32.03,32.2,-0.53,36075,1155482.21
2025-09-25,RAMAPHO,EQ,INE809A01032,RAMA PHOSPHATES LIMITED,155.0,160.94,153.56,160.94,153.28,5.0,59873,9635960.77
2025-09-25,RAMCOCEM,EQ,INE331A01037,THE RAMCO CEMENTS LIMITED,1040.0,1047.1,1020.6,1028.0,1040.0,-1.15,242245,249027860.0
2025-09-25,RAMCOIND,EQ,INE614A01028,RAMCO INDUSTRIES LIMITED,381.45,382.2,368.0,369.55,381.35,-3.09,214143,79136543.04
2025-09-25,RAMCOSYS,EQ,INE246B01019,RAMCO SYSTEMS LTD.,486.0,506.55,479.0,481.6,482.45,-0.18,136042,65517828.03
2025-09-25,RAMKY,EQ,INE874I01013,RAMKY INFRA LTD,602.0,615.7,598.0,604.9,601.95,0.49,118340,71583868.89
2025-09-25,RAMRAT,EQ,INE207E01023,RAM RATNA WIRES LIMITED,319.75,329.3,316.75,321.58,318.15,1.08,81922,26344068.15
2025-09-25,RANASUG,EQ,INE625B01014,RANA SUGARS LTD.,14.62,14.77,14.5,14.52,14.62,-0.68,113989,1655120.33
2025-09-25,RANEHOLDIN,EQ,INE384A01010,RANE HOLDINGS LIMITED,1677.0,1679.6,1641.3,1658.6,1677.2,-1.11,17400,28859639.58
2025-09-25,RATEGAIN,EQ,INE0CLI01024,RATEGAIN TRAVEL TECHN LTD,657.95,674.2,647.2,662.65,659.0,0.55,643531,426435832.86
2025-09-25,RATNAMANI,EQ,INE703B01027,RATNAMANI MET & TUB LTD.,2451.0,2507.0,2445.8,2499.7,2458.2,1.69,49978,124930004.16
2025-09-25,RATNAVEER,EQ,INE05CZ01011,RATNAVEER PRECISION ENG L,159.36,165.65,159.0,163.02,157.6,3.44,2299434,374853740.5
2025-09-25,RAYMOND,EQ,INE301A01014,RAYMOND LTD,618.0,619.05,611.25,616.4,618.9,-0.4,103245,63640220.52
2025-09-25,RAYMONDLSL,EQ,INE02ID01020,RAYMOND LIFESTYLE LIMITED,1267.1,1267.1,1238.0,1254.4,1263.6,-0.73,64436,80828519.97
2025-09-25,RAYMONDREL,EQ,INE1SY401010,RAYMOND REALTY LIMITED,625.0,639.0,622.4,631.0,631.1,-0.02,85249,53792119.0
2025-09-25,RBA,EQ,INE07T201019,RESTAURANT BRAND ASIA LTD,82.92,82.92,79.95,80.27,82.98,-3.27,1875531,150548867.07
2025-09-25,RBLBANK,EQ,INE976G01028,RBL BANK LIMITED,270.0,277.0,269.0,275.45,270.35,1.89,14095435,3882587742.81
2025-09-25,RCF,EQ,INE027A01015,RASHTRIYA CHEMICALS & FER,150.99,151.48,148.3,148.69,150.63,-1.29,928278,138025658.09
2025-09-25,RECLTD,EQ,INE020B01018,REC LIMITED,382.0,383.6,374.3,375.25,382.0,-1.77,4361621,1636698280.25
2025-09-25,REDINGTON,EQ,INE891D01026,REDINGTON LIMITED,274.1,277.0,267.11,268.83,274.06,-1.91,3789384,1018700049.84
2025-09-25,REDTAPE,EQ,INE0LXT01019,REDTAPE LIMITED,152.56,154.49,149.5,150.19,153.99,-2.47,375874,56452516.98
2025-09-25,REFEX,EQ,INE056I01025,REFEX INDUSTRIES LIMITED,400.45,400.45,382.1,384.85,400.45,-3.9,808705,311230124.19
2025-09-25,REGAAL,EQ,INE0MHO01029,REGAAL RESOURCES LIMITED,96.2,96.55,92.01,92.58,96.15,-3.71,1188052,109989856.34
2025-09-25,REGENCERAM,EQ,INE277C01012,REGENCY CERAMICS LTD.,41.24,43.47,40.1,40.42,41.31,-2.15,73256,2961007.39
2025-09-25,RELAXO,EQ,INE131B01039,RELAXO FOOT LTD.,442.0,449.4,431.85,436.4,441.85,-1.23,226318,98765173.82
2025-09-25,RELCHEMQ,EQ,INE750D01016,RELIANCE CHEMOTEX IND LTD,160.99,161.59,157.2,157.98,159.13,-0.72,3053,482312.93
2025-09-25,RELIABLE,EQ,INE375Y01018,RELIABLE DATA SERVICE LTD,124.0,124.95,120.25,122.99,123.65,-0.53,7104,873720.94
2025-09-25,RELIANCE,EQ,INE002A01018,RELIANCE INDUSTRIES LTD,1381.3,1384.5,1369.0,1372.4,1383.0,-0.77,11411143,15660652931.79
2025-09-25,RELIGARE,EQ,INE621H01010,RELIGARE ENTER. LTD.,255.95,263.5,253.8,259.21,255.95,1.27,1496194,387828433.96
2025-09-25,RELTD,EQ,INE206N01018,RAVINDRA ENERGY LIMITED,174.0,177.48,168.1,170.67,169.03,0.97,477155,81436042.98
2025-09-25,REMSONSIND,EQ,INE474C01023,REMSONS INDUSTRIES LTD,131.19,131.72,124.0,125.28,130.15,-3.74,188536,23619789.85
2025-09-25,RENUKA,EQ,INE087H01022,SHREE RENUKA SUGARS LTD,31.52,31.64,31.0,31.27,31.6,-1.04,2621001,81958702.47
2025-09-25,REPCOHOME,EQ,INE612J01015,REPCO HOME FINANCE LTD,368.0,370.95,362.85,363.35,366.7,-0.91,48187,17508746.74
2025-09-25,REPRO,EQ,INE461B01014,REPRO INDIA LIMITED,451.7,453.95,450.8,451.65,453.2,-0.34,2099,948013.34
2025-09-25,RESPONIND,EQ,INE688D01026,RESPONSIVE INDUSTRIES LTD,195.0,201.0,195.0,198.19,196.0,1.12,28120,5573102.87
2025-09-25,RETAIL,EQ,INE03DD01011,JHS SVENDGAARD RETAIL V L,36.0,36.99,35.1,35.61,35.7,-0.25,39203,1396018.85
2025-09-25,RGL,EQ,INE722H01024,RENAISSANCE GLOBAL LTD,118.0,119.7,116.08,117.89,117.98,-0.08,196069,23114574.29
2025-09-25,RHIM,EQ,INE743M01012,RHI MAGNESITA INDIA LTD,462.0,463.4,450.0,451.45,461.5,-2.18,177906,80315665.87
2025-09-25,RHL,EQ,INE508K01013,ROBUST HOTELS LIMITED,252.0,256.35,250.5,251.2,252.25,-0.42,6280,1577535.98
2025-09-25,RICOAUTO,EQ,INE209B01025,RICO AUTO INDUSTRIES LTD,101.48,102.4,96.31,97.03,101.48,-4.39,1683913,163390076.33
2025-09-25,RIIL,EQ,INE046A01015,RELIANCE INDUSTRIAL INFRA,896.95,898.0,881.0,883.5,899.05,-1.73,59267,52362394.5
2025-09-25,RISHABH,EQ,INE0N2P01017,RISHABH INSTRUMENTS LTD,407.9,422.0,397.25,406.5,411.5,-1.22,76719,31186273.5
2025-09-25,RITCO,EQ,INE01EG01016,RITCO LOGISTICS LIMITED,262.1,265.0,255.55,259.95,262.1,-0.82,53409,13883670.2
2025-09-25,RITES,EQ,INE320J01015,RITES LIMITED,258.28,260.38,251.49,252.3,258.28,-2.32,527215,133016346.11
2025-09-25,RKDL,EQ,INE722J01012,RAVI KUMAR DIST. LTD.,28.22,28.75,27.94,27.99,28.3,-1.1,40982,1147086.17
2025-09-25,RKEC,EQ,INE786W01010,RKEC PROJECTS LIMITED,79.98,80.69,73.36,74.71,79.81,-6.39,97890,7313361.81
2025-09-25,RKFORGE,EQ,INE399G01023,RAMKRISHNA FORGINGS LTD,561.95,562.5,537.05,539.8,561.75,-3.91,693834,374531584.73
2025-09-25,RKSWAMY,EQ,INE0NQ801033,R K SWAMY LIMITED,155.5,156.03,149.5,150.12,154.91,-3.09,27184,4080861.95
2025-09-25,RML,EQ,INE050H01012,RANE (MADRAS) LIMITED,864.95,871.95,832.0,840.7,861.95,-2.47,16570,13930399.2
2025-09-25,ROHLTD,EQ,INE283H01019,ROYAL ORCHID HOTELS LTD,546.0,548.9,535.0,536.8,545.8,-1.65,83508,44827093.38
2025-09-25,ROLEXRINGS,EQ,INE645S01024,ROLEX RINGS LIMITED,137.05,137.69,134.16,134.85,137.69,-2.06,213990,28856552.81
2025-09-25,ROML,EQ,INE294G01026,RAJ OIL MILLS LIMITED,49.0,50.12,48.6,48.93,49.1,-0.35,3193,156233.49
2025-09-25,ROSSARI,EQ,INE02A801020,ROSSARI BIOTECH LIMITED,652.5,652.5,631.5,632.75,649.25,-2.54,34745,21984898.75
2025-09-25,ROSSELLIND,EQ,INE847C01020,ROSSELL INDIA LIMITED,63.55,65.46,63.3,64.48,65.15,-1.03,21471,1384450.15
2025-09-25,ROSSTECH,EQ,INE0OJW01016,ROSSELL TECHSYS LIMITED,781.2,804.95,763.2,772.4,781.2,-1.13,135748,104851758.51
2025-09-25,ROTO,EQ,INE535D01037,ROTO PUMPS LIMITED,80.02,80.33,78.0,78.21,79.63,-1.78,180203,14093676.47
2025-09-25,ROUTE,EQ,INE450U01017,ROUTE MOBILE LIMITED,842.0,845.65,825.85,829.4,841.5,-1.44,88603,73487330.36
2025-09-25,RPEL,EQ,INE912T01018,RAGHAV PRODUCTIVITY ENH L,690.8,690.8,671.0,675.2,684.3,-1.33,15209,10269116.99
2025-09-25,RPGLIFE,EQ,INE105J01010,RPG LIFE SCIENCES LTD,2399.9,2409.7,2376.0,2400.9,2394.4,0.27,5729,13754755.54
2025-09-25,RPOWER,EQ,INE614G01033,RELIANCE POWER LTD.,46.61,47.1,45.91,46.01,46.46,-0.97,7077680,325644044.92
2025-09-25,RPPINFRA,EQ,INE324L01013,R.P.P INFRA PROJECTS LTD,133.15,135.64,132.08,132.82,134.34,-1.13,111848,14855652.18
2025-09-25,RPSGVENT,EQ,INE425Y01011,RPSG VENTURES LIMITED,862.25,900.0,849.25,854.3,862.05,-0.9,128454,109738250.63
2025-09-25,RPTECH,EQ,INE0J1F01024,RASHI PERIPHERALS LIMITED,320.0,324.95,317.5,319.35,325.25,-1.81,148941,47564309.26
2025-09-25,RRKABEL,EQ,INE777K01022,R R KABEL LIMITED,1263.0,1277.4,1241.7,1263.4,1262.9,0.04,142632,180201272.28
2025-09-25,RSSOFTWARE,EQ,INE165B01029,R. S. SOFTWARE (INDIA) LI,77.1,77.48,74.39,74.62,78.31,-4.71,13443,1003116.7
2025-09-25,RSYSTEMS,EQ,INE411H01032,R SYS INTERNATIONAL LTD,432.2,434.0,424.5,427.8,429.95,-0.5,80750,34544849.01
2025-09-25,RTNINDIA,EQ,INE834M01019,RATTANINDIA ENT LIMITED,54.1,54.53,53.6,53.85,54.15,-0.55,1382406,74442560.99
2025-09-25,RTNPOWER,EQ,INE399K01017,RATTANINDIA POWER LIMITED,11.91,12.04,11.71,11.78,11.92,-1.17,10146638,119527392.93
2025-09-25,RUBFILA,EQ,INE642C01025,RUBFILA INTERNATIONAL LTD,82.1,83.19,81.5,81.81,82.1,-0.35,39463,3228467.93
2025-09-25,RUBYMILLS,EQ,INE301D01026,THE RUBY MILLS LTD,230.7,231.58,226.0,226.62,229.8,-1.38,11272,2554460.58
2025-09-25,RUCHINFRA,EQ,INE413B01023,RUCHI INFRASTRUCTURE LTD,7.81,7.99,7.67,7.74,7.88,-1.78,59686,461969.63
2025-09-25,RUCHIRA,EQ,INE803H01014,RUCHIRA PAPERS LIMITED,149.9,151.78,145.51,146.49,151.03,-3.01,143260,20986158.19
2025-09-25,RUPA,EQ,INE895B01021,RUPA & COMPANY LTD,205.35,206.52,199.18,200.15,206.35,-3.0,78983,15808446.97
2025-09-25,RUSHIL,EQ,INE573K01025,RUSHIL DECOR LIMITED,31.05,31.44,29.6,30.01,31.07,-3.41,752858,22593268.75
2025-09-25,RUSTOMJEE,EQ,INE263M01029,KEYSTONE REALTORS LIMITED,608.6,619.0,600.0,603.8,612.4,-1.4,10083,6088115.28
2025-09-25,RVHL,EQ,INE09E501017,RAVINDER HEIGHTS LIMITED,55.72,57.0,54.51,56.66,56.0,1.18,10640,602862.4
2025-09-25,RVNL,EQ,INE415G01027,RAIL VIKAS NIGAM LIMITED,345.6,355.9,345.0,346.55,347.65,-0.32,4137205,1433748342.25
2025-09-25,RVTH,EQ,INE0DAB01012,REVATHI EQUIPMENT INDIA L,1180.05,1207.5,1154.2,1164.85,1214.95,-4.12,3618,4214427.21
2025-09-25,S&SPOWER,EQ,INE902B01017,S&S POWER SWITCHGEARS LTD,406.7,415.45,390.25,393.4,404.25,-2.68,7951,3127923.35
2025-09-25,SADBHAV,EQ,INE226H01026,SADBHAV ENGINEERING LTD,12.89,13.17,12.7,12.76,12.89,-1.01,199500,2545620.05
2025-09-25,SADBHIN,EQ,INE764L01010,SADBHAV INFRA PROJ LTD.,3.85,4.01,3.77,3.98,3.86,3.11,194872,775590.56
2025-09-25,SAFARI,EQ,INE429E01023,SAFARI IND (INDIA) LTD,2207.0,2235.8,2191.0,2217.7,2212.8,0.22,7893,17504305.71
2025-09-25,SAGARDEEP,EQ,INE976T01013,SAGARDEEP ALLOYS LIMITED,26.03,27.1,26.03,26.93,26.03,3.46,7331,197423.83
2025-09-25,SAGCEM,EQ,INE229C01021,SAGAR CEMENTS LIMITED,268.45,270.6,258.35,259.95,267.15,-2.7,125445,32609429.28
2025-09-25,SAGILITY,EQ,INE0W2G01015,SAGILITY LIMITED,43.32,44.44,42.81,43.82,43.32,1.15,22928140,1004711087.8
2025-09-25,SAHYADRI,EQ,INE280H01015,SAHYADRI INDUSTRIES LTD,265.01,274.55,262.99,266.47,262.45,1.53,5507,1467450.3
2025-09-25,SAIL,EQ,INE114A01011,STEEL AUTHORITY OF INDIA,136.4,138.62,135.67,136.52,136.34,0.13,8887697,1213348432.41
2025-09-25,SAILIFE,EQ,INE570L01029,SAI LIFE SCIENCES LIMITED,893.25,893.25,879.6,881.55,891.95,-1.17,82169,72436080.95
2025-09-25,SAKAR,EQ,INE732S01012,SAKAR HEALTHCARE LIMITED,365.1,372.0,365.1,366.7,367.8,-0.3,20014,7339134.04
2025-09-25,SAKHTISUG,EQ,INE623A01011,SAKTHI SUGARS LTD,21.75,21.98,21.25,21.32,21.86,-2.47,92613,1974509.13
2025-09-25,SAKSOFT,EQ,INE667G01023,SAKSOFT LIMITED,210.5,211.68,203.5,204.79,211.96,-3.38,360788,73885772.1
2025-09-25,SAKUMA,EQ,INE190H01024,SAKUMA EXPORTS LIMITED,2.55,2.57,2.52,2.52,2.55,-1.18,913215,2301301.78
2025-09-25,SALASAR,EQ,INE170V01027,SALASAR TECHNO ENGG. LTD.,9.52,9.68,8.92,8.96,9.56,-6.28,27235492,244030009.36
2025-09-25,SALONA,EQ,INE498E01010,SALONA COTSPIN LTD.,243.0,261.99,238.65,241.48,244.34,-1.17,1635,394819.79
2025-09-25,SALSTEEL,EQ,INE658G01014,S.A.L. STEEL LTD.,28.67,29.99,27.9,28.47,29.12,-2.23,88464,2518570.02
2025-09-25,SALZERELEC,EQ,INE457F01013,SALZER ELECTRONICS LTD,796.0,804.0,771.5,778.65,801.8,-2.89,70686,55039655.63
2025-09-25,SAMBHAAV,EQ,INE699B01027,SAMBHAAV MEDIA LTD,6.19,6.28,6.1,6.1,6.14,-0.65,51663,315144.3
2025-09-25,SAMBHV,EQ,INE12NJ01018,SAMBHV STEEL TUBES LTD,120.05,120.77,116.52,117.38,120.99,-2.98,1433803,168299792.2
2025-09-25,SAMHI,EQ,INE08U801020,SAMHI HOTELS LIMITED,204.25,206.89,202.4,205.17,203.45,0.85,452282,92794697.11
2025-09-25,SAMMAANCAP,EQ,INE148I01020,SAMMAAN CAPITAL LIMITED,135.1,138.91,132.8,136.41,135.3,0.82,23851844,3253630127.39
2025-09-25,SAMPANN,EQ,INE735M01018,SAMPANN UTPADAN INDIA LTD,28.9,28.9,26.7,27.12,28.33,-4.27,45047,1221674.68
2025-09-25,SANATHAN,EQ,INE0JPD01013,SANATHAN TEXTILES LIMITED,516.3,516.3,501.0,505.1,516.4,-2.19,23412,11825401.34
2025-09-25,SANDESH,EQ,INE583B01015,SANDESH LTD,1200.0,1205.3,1180.0,1189.6,1206.6,-1.41,557,662607.19
2025-09-25,SANDHAR,EQ,INE278H01035,SANDHAR TECHNOLOGIES LTD,483.5,492.95,460.0,463.75,478.6,-3.1,304865,141381143.75
2025-09-25,SANDUMA,EQ,INE149K01016,SANDUR MANG & IRON ORES L,169.8,170.0,164.4,166.6,170.45,-2.26,1918130,319560469.71
2025-09-25,SANGAMIND,EQ,INE495C01010,SANGAM (INDIA) LTD,432.0,438.0,431.05,436.4,431.55,1.12,19604,8555185.48
2025-09-25,SANGHVIMOV,EQ,INE989A01032,SANGHVI MOVERS LTD,390.05,391.5,378.05,379.55,390.9,-2.9,319499,121265841.55
2025-09-25,SANOFI,EQ,INE058A01010,SANOFI INDIA LIMITED,5008.5,5010.0,4865.5,4881.0,4989.0,-2.16,22132,108026292.0
2025-09-25,SANOFICONR,EQ,INE0UOS01011,SANOFI CONS HEALTHC IND L,5000.5,5022.0,4860.0,4902.0,5005.5,-2.07,3347,16406994.0
2025-09-25,SANSERA,EQ,INE953O01021,SANSERA ENGINEERING LTD,1507.8,1520.0,1486.1,1498.8,1499.9,-0.07,89753,134521800.78
2025-09-25,SANSTAR,EQ,INE08NE01025,SANSTAR LIMITED,95.0,95.76,94.9,94.99,95.02,-0.03,289648,27513662.9
2025-09-25,SAPPHIRE,EQ,INE806T01020,SAPPHIRE FOODS INDIA LTD,308.0,313.0,307.0,308.05,307.85,0.06,185894,57264644.43
2025-09-25,SARDAEN,EQ,INE385C01021,SARDA ENERGY & MIN LTD,583.05,594.65,580.95,583.7,580.15,0.61,632315,369082273.22
2025-09-25,SAREGAMA,EQ,INE979A01025,SAREGAMA INDIA LIMITED,475.05,478.4,470.8,473.7,476.4,-0.57,509502,241351103.62
2025-09-25,SARLAPOLY,EQ,INE453D01025,SARLA PERF. FIBERS LTD,99.0,99.9,98.0,98.46,98.96,-0.51,49748,4898188.03
2025-09-25,SARVESHWAR,EQ,INE324X01026,SARVESHWAR FOODS LIMITED,6.35,6.49,6.17,6.21,6.3,-1.43,19462736,120863591.3
2025-09-25,SASKEN,EQ,INE231F01020,SASKEN TECHNOLOGIES LTD,1441.2,1455.2,1411.0,1416.6,1441.2,-1.71,9228,13072384.57
2025-09-25,SATIA,EQ,INE170E01023,SATIA INDUSTRIES LIMITED,80.65,81.59,80.0,80.13,80.68,-0.68,47214,3783257.69
2025-09-25,SATIN,EQ,INE836B01017,SATIN CREDIT NET LTD,143.5,145.59,143.44,145.05,143.86,0.83,92858,13469053.18
2025-09-25,SAURASHCEM,EQ,INE626A01014,SAURASHTRA CEMENT LIMITED,106.02,107.45,104.56,105.34,106.33,-0.93,26613,2803413.32
2025-09-25,SBC,EQ,INE04AK01028,SBC EXPORTS LIMITED,21.5,21.99,21.47,21.81,21.52,1.35,12396404,270365564.62
2025-09-25,SBCL,EQ,INE386D01027,SHIVALIK BIMETAL CON. LTD,560.0,565.0,554.0,555.1,562.8,-1.37,48493,26918463.12
2025-09-25,SBFC,EQ,INE423Y01016,SBFC FINANCE LIMITED,112.01,112.25,108.11,108.91,112.14,-2.88,1099465,119742737.18
2025-09-25,SBGLP,EQ,INE05ST01028,SURATWWALA BUS GROUP LTD,34.74,36.81,34.44,35.63,34.59,3.01,94391,3363151.43
2025-09-25,SBICARD,EQ,INE018E01016,SBI CARDS & PAY SER LTD,880.0,896.4,875.3,887.0,884.75,0.25,726771,644645877.0
2025-09-25,SBIETFCON,EQ,INF200KA1X17,SBIAMC - SBIETFCON,127.17,127.26,125.68,125.8,126.95,-0.91,8868,1115594.43
2025-09-25,SBIETFIT,EQ,INF200KA1S14,SBIAMC - SBIETFIT,381.18,382.42,375.56,376.77,381.18,-1.16,11275,4248081.63
2025-09-25,SBIETFPB,EQ,INF200KA1S22,SBIAMC - SBIETFPB,273.44,274.43,272.53,273.27,273.44,-0.06,4174,1140628.93
2025-09-25,SBIETFQLTY,EQ,INF200KA1WX6,SBIAMC - SBIETFQLTY,225.07,225.07,223.3,223.62,224.69,-0.48,1617,361593.53
2025-09-25,SBILIFE,EQ,INE123W01016,SBI LIFE INSURANCE CO LTD,1810.1,1819.7,1797.5,1809.8,1817.1,-0.4,1003709,1816512597.21
2025-09-25,SBIN,EQ,INE062A01020,STATE BANK OF INDIA,866.55,870.15,859.95,861.15,866.2,-0.58,8678821,7473766916.04
2025-09-25,SBINEQWETF,EQ,INF200KB1282,SBIAMC - SBINEQWETF,31.64,32.59,31.64,32.3,32.46,-0.49,16663,538214.89
2025-09-25,SBISILVER,EQ,INF200KB1217,SBIAMC - SBISILVER,133.05,141.3,132.12,135.89,133.02,2.16,1934970,262943072.12
2025-09-25,SCHAEFFLER,EQ,INE513A01022,SCHAEFFLER INDIA LIMITED,4085.6,4160.8,4066.1,4100.0,4085.6,0.35,17697,72557700.0
2025-09-25,SCHAND,EQ,INE807K01035,S CHAND AND COMPANY LTD,188.4,190.09,183.5,184.38,187.46,-1.64,37986,7003858.87
2025-09-25,SCHNEIDER,EQ,INE839M01018,SCHNEIDER ELECTRIC INFRA,857.0,873.4,855.05,859.65,855.05,0.54,66734,57367884.73
2025-09-25,SCI,EQ,INE109A01011,SHIPPING CORP OF INDIA LT,233.64,236.45,230.0,232.89,232.48,0.18,10376897,2416675536.0
2025-09-25,SCILAL,EQ,INE0PB301013,SHIPPING CORP OF ILA LTD,52.28,52.68,51.25,51.41,51.77,-0.7,541718,27849722.3
2025-09-25,SCODATUBES,EQ,INE090501011,SCODA TUBES LIMITED,176.99,178.0,173.95,174.56,176.7,-1.21,109378,19093023.41
2025-09-25,SDBL,EQ,INE480C01038,SOM DIST & BREW LTD,136.55,139.53,136.03,136.53,136.84,-0.23,309409,42243610.39
2025-09-25,SEAMECLTD,EQ,INE497B01018,SEAMEC LIMITED,933.5,933.5,904.1,907.9,935.35,-2.93,37948,34452990.13
2025-09-25,SECMARK,EQ,INE0BTM01013,SECMARK CONSULTANCY LTD,126.0,126.0,120.0,122.9,123.89,-0.8,773,95001.7
2025-09-25,SECURKLOUD,EQ,INE650K01021,SECUREKLOUD TECH LIMITED,23.9,23.9,23.26,23.48,23.76,-1.18,5453,128036.44
2025-09-25,SEJALLTD,EQ,INE955I01044,SEJAL GLASS LIMITED,774.95,774.95,740.0,741.15,750.55,-1.25,5215,3865097.38
2025-09-25,SELECTIPO,EQ,INF769K01ON4,MIRAEAMC - SELECTIPO,48.89,48.89,48.89,48.89,49.27,-0.78,0,0.0
2025-09-25,SEMAC,EQ,INE617A01013,SEMAC CONSTRUCTION LTD,485.0,511.0,485.0,501.75,491.4,2.11,118,59206.5
2025-09-25,SENCO,EQ,INE602W01027,SENCO GOLD LIMITED,354.8,355.95,344.4,345.9,354.8,-2.51,292707,101247349.51
2025-09-25,SENORES,EQ,INE0RB801010,SENORES PHARMACEUTICALS L,706.6,718.3,691.4,700.35,703.1,-0.39,262599,183911203.24
2025-09-25,SENSEXADD,EQ,INF740KA1SZ6,DSPAMC - DSPSENXETF,83.75,83.75,82.74,82.74,83.34,-0.72,6880,569251.19
2025-09-25,SENSEXAXIS,EQ,INF846K010Q0,AXISAMC-SENSEXAXIS,84.2,84.2,83.48,83.63,84.09,-0.55,694,58039.22
2025-09-25,SENSEXETF,EQ,INF769K01KT9,MIRAEAMC - SENSEXETF,84.2,84.21,82.92,83.01,83.65,-0.77,14840,1231868.43
2025-09-25,SENSEXIETF,EQ,INF346A01034,ICICI PRUD SENSEX ETF,933.96,933.96,923.01,926.42,932.68,-0.67,11182,10359228.25
2025-09-25,SEPC,EQ,INE964H01014,SEPC LIMITED,13.08,13.08,12.24,12.37,12.91,-4.18,8618431,106609990.48
2025-09-25,SERVOTECH,EQ,INE782X01033,SERVOTECH REN POW SYS LTD,126.7,130.0,126.0,126.5,127.19,-0.54,315428,39901642.0
2025-09-25,SESHAPAPER,EQ,INE630A01024,SESHASAYEE PAPER & BOARDS,260.05,263.3,255.0,256.35,260.45,-1.57,15012,3848326.29
2025-09-25,SETF10GILT,EQ,INF200KA1JT1,SBIAMC - SETF10GILT,258.61,258.7,258.27,258.37,258.71,-0.13,42594,11005011.57
2025-09-25,SETFGOLD,EQ,INF200KA16D8,SBI-ETF GOLD,95.19,100.08,95.19,97.26,97.64,-0.39,17648523,1716495384.68
2025-09-25,SETFNIF50,EQ,INF200KA1FS1,SBI-ETF NIFTY 50,260.76,267.97,260.76,265.94,267.45,-0.56,483012,128452212.46
2025-09-25,SETFNIFBK,EQ,INF200KA1580,SBI-ETF NIFTY BANK,565.94,565.94,562.8,563.16,563.97,-0.14,16374,9221181.4
2025-09-25,SETFNN50,EQ,INF200KA1598,SBI-ETF NIFTY NEXT 50,735.69,736.84,724.26,726.56,733.75,-0.98,41934,30467566.94
2025-09-25,SETL,EQ,INE0M4D01010,STANDARD ENGNG TCNLGY LTD,184.0,185.75,180.0,181.17,184.69,-1.91,201121,36437091.2
2025-09-25,SFL,EQ,INE916U01025,SHEELA FOAM LIMITED,690.8,690.8,677.4,679.55,689.4,-1.43,47117,32018356.77
2025-09-25,SGFIN,EQ,INE618R01015,SG FINSERVE LIMITED,371.85,373.7,358.4,360.5,371.85,-3.05,103549,37329414.5
2025-09-25,SGIL,EQ,INE00QT01015,SYNERGY GREEN IND. LTD,563.8,563.8,544.25,550.0,556.45,-1.16,24332,13382600.0
2025-09-25,SGL,EQ,INE353H01010,STL GLOBAL LIMITED,16.64,17.24,15.5,15.73,16.64,-5.47,60502,951696.43
2025-09-25,SGMART,EQ,INE385F01024,SG MART LIMITED,382.5,382.5,372.4,375.8,378.7,-0.77,56981,21413459.1
2025-09-25,SHAH,EQ,INE482J01021,SHAH METACORP LIMITED,3.7,3.77,3.55,3.68,3.65,0.82,2508707,9232041.93
2025-09-25,SHAILY,EQ,INE151G01028,SHAILY ENG PLASTICS LTD,2318.0,2318.0,2254.8,2280.6,2321.4,-1.76,76547,174573095.68
2025-09-25,SHAKTIPUMP,EQ,INE908D01010,SHAKTI PUMPS (I) LTD,850.9,855.75,825.0,828.6,850.9,-2.62,281029,232860622.54
2025-09-25,SHALBY,EQ,INE597J01018,SHALBY LIMITED,258.96,260.46,250.04,250.99,258.57,-2.93,417222,104718552.07
2025-09-25,SHANKARA,EQ,INE274V01019,SHANKARA BLDG PRODUCT LTD,230.15,230.15,230.15,230.15,242.25,-4.99,20384,4691377.48
2025-09-25,SHANTI,EQ,INE933X01016,SHANTI OVERSEAS INDIA LTD,9.42,9.89,9.03,9.82,9.42,4.25,474702,4661573.5
2025-09-25,SHANTIGEAR,EQ,INE631A01022,SHANTHI GEARS LTD,550.0,555.1,545.0,545.45,552.2,-1.22,14614,7971206.48
2025-09-25,SHANTIGOLD,EQ,INE06ZD01017,SHANTI GOLD INTERNATION L,223.13,228.0,213.0,214.41,223.14,-3.91,678872,145556948.01
2025-09-25,SHARDACROP,EQ,INE221J01015,SHARDA CROPCHEM LTD.,855.95,898.0,850.55,854.95,854.7,0.03,377414,322670103.91
2025-09-25,SHARDAMOTR,EQ,INE597I01028,SHARDA MOTOR INDS LTD,1116.7,1134.4,1087.0,1091.4,1124.9,-2.98,59617,65065995.26
2025-09-25,SHAREINDIA,EQ,INE932X01026,SHARE IND. SECURITIES LTD,138.3,138.96,131.32,133.27,138.3,-3.64,844756,112580635.73
2025-09-25,SHARIABEES,EQ,INF732E01128,NIP IND ETF SHARIAH BEES,494.91,495.76,488.52,490.26,496.13,-1.18,12941,6344454.79
2025-09-25,SHILPAMED,EQ,INE790G01031,SHILPA MEDICARE LTD,407.5,410.02,388.0,396.35,406.15,-2.41,474388,188023686.7
2025-09-25,SHIVALIK,EQ,INE788J01021,SHIVALIK RASAYAN LIMITED,464.9,466.25,456.0,456.75,462.5,-1.24,13905,6351108.75
2025-09-25,SHIVAMAUTO,EQ,INE637H01024,SHIVAM AUTO.LTD,31.81,32.38,31.0,31.55,31.82,-0.85,81185,2561386.69
2025-09-25,SHIVAMILLS,EQ,INE644Y01017,SHIVA MILLS LIMITED,73.24,73.24,71.11,71.53,72.05,-0.72,802,57367.06
2025-09-25,SHIVATEX,EQ,INE705C01020,SHIVA TEXYARN LIMITED,190.0,195.9,185.05,189.3,188.17,0.6,12911,2444052.34
2025-09-25,SHIVAUM,EQ,INE719F01016,SHIV AUM STEELS LIMITED,297.0,297.0,297.0,297.0,297.0,0.0,0,0.0
2025-09-25,SHK,EQ,INE500L01026,S H KELKAR AND CO. LTD.,238.0,239.59,233.01,236.29,238.76,-1.03,166041,39233826.78
2025-09-25,SHOPERSTOP,EQ,INE498B01024,SHOPPERS STOP LIMITED,547.4,552.0,545.0,546.55,548.95,-0.44,13950,7624372.33
2025-09-25,SHRADHA,EQ,INE715Y01031,SHRADHA REALTY LIMITED,45.5,46.98,45.14,46.47,45.54,2.04,36892,1714371.29
2025-09-25,SHREDIGCEM,EQ,INE232A01011,SHREE DIGVIJAY CEM CO LTD,89.79,90.1,89.3,89.34,89.56,-0.25,194322,17360726.77
2025-09-25,SHREECEM,EQ,INE070A01015,SHREE CEMENT LIMITED,29705.0,29915.0,29430.0,29515.0,29650.0,-0.46,31286,923406290.0
2025-09-25,SHREEJISPG,EQ,INE1B6101010,SHREEJI SHIPPING GLOBAL L,251.8,253.95,249.65,251.65,249.95,0.68,455679,114671617.57
2025-09-25,SHREEPUSHK,EQ,INE712K01011,SHRE PUSH CHEM & FERT LTD,454.65,459.4,442.85,447.2,454.65,-1.64,231360,103464194.82
2025-09-25,SHREERAMA,EQ,INE879A01019,SHREE RAMA MULTI TECH LTD,57.02,58.8,56.55,58.05,58.03,0.03,105955,6150687.67
2025-09-25,SHREYANIND,EQ,INE231C01019,SHREYANS INDUSTRIES LTD,232.45,233.0,226.84,228.57,230.91,-1.01,2780,635424.62
2025-09-25,SHRINGARMS,EQ,INE1B3L01017,SHRINGAR HOU OF MANGALS L,190.0,193.43,184.1,188.44,189.63,-0.63,2144531,404115426.88
2025-09-25,SHRIPISTON,EQ,INE526E01018,SPR AUTO TECHNOLOGIES LTD,2615.0,2637.6,2579.8,2603.4,2601.1,0.09,67762,176411584.18
2025-09-25,SHRIRAMFIN,EQ,INE721A01047,SHRIRAM FINANCE LIMITED,625.15,626.0,610.8,612.7,625.15,-1.99,4280161,2622454696.95
2025-09-25,SHRIRAMPPS,EQ,INE217L01019,SHRIRAM PROPERTIES LTD,95.19,95.93,92.0,92.22,95.33,-3.26,724398,66803984.44
2025-09-25,SHYAMMETL,EQ,INE810G01011,SHYAM METALICS AND ENGY L,911.0,930.2,911.0,920.35,918.8,0.17,147171,135448826.26
2025-09-25,SHYAMTEL,EQ,INE635A01023,SHYAM TELECOM LIMITED,13.76,13.76,13.27,13.29,13.7,-2.99,2828,37584.12
2025-09-25,SIEMENS,EQ,INE003A01024,SIEMENS LTD,3199.9,3222.0,3145.4,3156.3,3201.0,-1.4,180638,570147728.22
2025-09-25,SIGACHI,EQ,INE0D0K01022,SIGACHI INDUSTRIES LTD,41.35,41.58,38.5,38.99,41.56,-6.18,9894873,385801114.88
2025-09-25,SIGMA,EQ,INE0A0S01028,SIGMA SOLVE LIMITED,48.0,48.49,46.96,47.78,48.03,-0.52,170680,8155943.77
2025-09-25,SIGNATURE,EQ,INE903U01023,SIGNATUREGLOBAL INDIA LTD,1095.1,1095.9,1074.3,1079.2,1095.1,-1.45,290843,313877751.4
2025-09-25,SIGNPOST,EQ,INE0KGZ01021,SIGNPOST INDIA LIMITED,283.0,284.05,274.1,276.0,283.3,-2.58,55815,15404940.0
2025-09-25,SIL,EQ,INE173A01025,STANDARD INDUSTRIES LTD.,19.01,19.44,18.9,18.99,19.0,-0.05,20023,380236.77
2025-09-25,SILGO,EQ,INE01II01013,SILGO RETAIL LIMITED,69.85,69.85,65.5,67.43,68.32,-1.3,19104,1288182.73
2025-09-25,SILINV,EQ,INE923A01015,SIL INVESTMENTS LIMITED,609.1,630.0,601.1,614.5,618.4,-0.63,6570,4037265.0
2025-09-25,SILVER,EQ,INF209KB19F6,BIRLASLAMC - SILVER,138.69,138.69,134.11,137.7,135.31,1.77,1248407,171905640.09
2025-09-25,SILVER1,EQ,INF174KA1ZD3,KOTAKMAMC - KOTAKSILVE,95.55,95.55,95.55,95.55,95.55,0.0,0,0.0
2025-09-25,SILVERADD,EQ,INF740KA1ZQ0,DSPAMC - DSPSILVETF,13.1,13.33,12.97,13.31,13.06,1.92,17364840,231212837.31
2025-09-25,SILVERAG,EQ,INF769K01KG6,MIRAEAMC - MASILVER,135.59,135.59,131.3,134.73,132.29,1.84,626871,84458327.15
2025-09-25,SILVERAXIS,EQ,INF846K011K1,AXISAMC-SILVERAXIS,136.4,138.0,134.0,137.33,134.86,1.83,793252,108937298.61
2025-09-25,SILVERBEES,EQ,INF204KC1402,NIPPONAMC - NETFSILVER,129.75,133.0,129.05,132.37,129.99,1.83,28054826,3713617180.63
2025-09-25,SILVERBETA,EQ,INF789F1AYK6,UTIAMC-SILVERBETA,134.84,135.0,130.85,134.25,131.56,2.04,1206055,161912883.75
2025-09-25,SILVERCASE,EQ,INF0R8F01091,ZERODHAAMC - SILVERCASE,13.98,13.98,13.98,13.98,13.68,2.22,0,0.0
2025-09-25,SILVERIETF,EQ,INF109KC1Y56,ICICIPRAMC - ICICISILVE,135.15,137.75,134.02,137.65,134.85,2.08,11940895,1643664123.87
2025-09-25,SILVERTUC,EQ,INE625X01026,SILVER TOUCH TECHNO LTD,735.8,744.6,725.65,739.25,738.9,0.05,3979,2941475.75
2025-09-25,SIMPLEXINF,EQ,INE059B01024,SIMPLEX INFRASTRUCTURES L,306.6,309.7,289.0,294.6,307.15,-4.09,58016,17091513.95
2025-09-25,SINCLAIR,EQ,INE985A01022,SINCLAIRS HOTELS LIMITED,98.01,101.3,97.1,99.27,97.79,1.51,95357,9466089.07
2025-09-25,SINDHUTRAD,EQ,INE325D01025,SINDHU TRADE LINKS LTD,28.43,28.94,27.35,27.84,28.47,-2.21,1008001,28062747.99
2025-09-25,SINTERCOM,EQ,INE129Z01016,SINTERCOM INDIA LIMITED,123.9,124.3,121.0,121.39,121.83,-0.36,31645,3841386.53
2025-09-25,SIRCA,EQ,INE792Z01011,SIRCA PAINT INDIA LIMITED,510.0,513.0,493.6,499.25,507.55,-1.64,786077,392448942.25
2025-09-25,SIS,EQ,INE285J01028,SIS LIMITED,345.0,351.7,342.35,346.1,341.7,1.29,169912,58806544.24
2025-09-25,SIYSIL,EQ,INE076B01028,SIYARAM SILK MILLS LTD,663.55,675.0,663.55,670.8,669.15,0.25,22584,15149346.92
2025-09-25,SJS,EQ,INE284S01014,SJS ENTERPRISES LIMITED,1506.5,1512.9,1451.2,1460.9,1519.2,-3.84,133517,195054988.56
2025-09-25,SJVN,EQ,INE002L01015,SJVN LTD,92.54,93.2,91.58,92.0,92.44,-0.48,2712116,249514672.0
2025-09-25,SKFINDIA,EQ,INE640A01023,SKF INDIA LTD,4745.0,4778.6,4717.7,4771.7,4744.0,0.58,14859,70902693.2
2025-09-25,SKIPPER,EQ,INE439E01022,SKIPPER LIMITED,533.0,539.4,528.25,532.85,536.3,-0.64,218510,116433048.17
2025-09-25,SKMEGGPROD,EQ,INE411D01023,SKM EGG PROD EXPORT(I) LT,159.75,164.43,158.0,162.45,159.57,1.8,51850,8423032.34
2025-09-25,SKYGOLD,EQ,INE01IU01018,SKY GOLD AND DIAMONDS LTD,282.1,284.35,271.8,276.85,284.85,-2.81,524323,145158825.75
2025-09-25,SMALLCAP,EQ,INF769K01LC3,MIRAEAMC - SMALLCAP,45.85,46.05,45.54,45.64,45.9,-0.57,1199287,54735457.95
2025-09-25,SMARTWORKS,EQ,INE0NAZ01010,SMARTWORKS COWORKING SP L,568.0,580.9,561.6,574.15,569.0,0.91,207707,119254979.12
2025-09-25,SMCGLOBAL,EQ,INE103C01036,SMC GLOBAL SECURITIES LTD,71.45,71.94,69.03,70.58,70.6,-0.01,331822,23421655.57
2025-09-25,SML100CASE,EQ,INF0R8F01141,ZERODHAAMC - SML100CASE,10.12,10.12,10.12,10.12,10.18,-0.57,0,0.0
2025-09-25,SMLMAH,EQ,INE294B01019,SML MAHINDRA LIMITED,3341.3,3380.5,3261.2,3282.3,3358.1,-2.26,31097,102069684.62
2025-09-25,SMLT,EQ,INE017W01010,SARTHAK METALS LIMITED,107.0,108.83,104.25,105.4,106.76,-1.27,6390,673506.01
2025-09-25,SMSPHARMA,EQ,INE812G01025,SMS PHARMACEUTICALS LTD.,278.0,279.59,269.06,270.63,279.47,-3.16,189450,51270854.43
2025-09-25,SNOWMAN,EQ,INE734N01019,SNOWMAN LOGISTICS LTD.,54.05,55.14,54.0,54.05,54.37,-0.59,151587,8193277.23
2025-09-25,SOBHA,EQ,INE671H01015,SOBHA LIMITED,1574.0,1590.0,1550.1,1559.7,1574.0,-0.91,57970,90415806.17
2025-09-25,SOFTTECH,EQ,INE728Z01015,SOFTTECH ENGINEERS LTD,382.8,382.8,372.0,376.85,375.35,0.4,3786,1426754.12
2025-09-25,SOLARA,EQ,INE624Z01016,SOLARA ACTIVE PHA SCI LTD,646.0,712.0,633.4,672.4,643.15,4.55,951825,640007153.24
2025-09-25,SOLARINDS,EQ,INE343H01029,SOLAR INDUSTRIES (I) LTD,14048.0,14245.0,14001.0,14148.0,14022.0,0.9,82926,1173237048.0
2025-09-25,SOLEX,EQ,INE880Y01017,SOLEX ENERGY LIMITED,1580.5,1610.0,1550.0,1595.25,1580.5,0.93,21125,33699656.25
2025-09-25,SOMANYCERA,EQ,INE355A01028,SOMANY CERAMICS LIMITED,473.25,474.6,464.0,465.75,468.55,-0.6,23907,11134685.25
2025-09-25,SOMATEX,EQ,INE314C01013,SOMA TEXTILES & INDUST LT,68.0,68.99,67.0,67.47,69.06,-2.3,15964,1077091.1
2025-09-25,SOMICONVEY,EQ,INE323J01019,SOMI CONVEYOR BELT. LTD.,138.25,139.07,135.26,136.15,138.25,-1.52,8771,1194171.6
2025-09-25,SONACOMS,EQ,INE073K01018,SONA BLW PRECISION FRGS L,416.0,419.9,408.1,409.65,416.8,-1.72,2409924,987225351.89
2025-09-25,SONATSOFTW,EQ,INE269A01021,SONATA SOFTWARE LTD,374.75,376.45,364.0,368.3,376.85,-2.27,1051147,387137427.27
2025-09-25,SOTL,EQ,INE035D01020,SAVITA OIL TECHNOLO. LTD,403.7,405.3,394.75,395.95,403.65,-1.91,28437,11259630.5
2025-09-25,SOUTHBANK,EQ,INE683A01023,THE SOUTH INDIAN BANK LTD,29.9,29.95,29.52,29.64,29.88,-0.8,4381174,129857994.69
2025-09-25,SOUTHWEST,EQ,INE980Y01015,SOUTH WEST PINNACLE LTD,135.94,137.66,133.02,133.9,134.19,-0.22,10871,1455626.83
2025-09-25,SPAL,EQ,INE212I01016,S. P. APPARELS LIMITED,721.0,721.0,699.7,703.35,713.95,-1.48,30439,21409269.91
2025-09-25,SPANDANA,EQ,INE572J01011,SPANDANA SPHOORTY FIN LTD,256.1,267.7,253.2,255.25,258.71,-1.34,158783,40529360.75
2025-09-25,SPARC,EQ,INE232I01014,SUN PHARMA ADV.RES.CO.LTD,137.2,137.89,135.4,135.73,137.21,-1.08,162220,22018119.91
2025-09-25,SPCENET,EQ,INE970N01027,SPACENET ENTERS IND LTD,7.2,7.3,6.87,6.93,7.16,-3.21,337026,2335590.12
2025-09-25,SPENCERS,EQ,INE020801028,SPENCER S RETAIL LIMITED,55.77,56.3,54.45,54.82,55.64,-1.47,107850,5912336.97
2025-09-25,SPIC,EQ,INE147A01011,SPIC LTD,96.46,98.79,95.01,95.25,96.47,-1.26,1266982,120680035.5
2025-09-25,SPLIL,EQ,INE978G01016,SPL INDUSTRIES LIMITED,38.52,40.17,38.52,39.93,39.36,1.45,24057,960596.02
2025-09-25,SPLPETRO,EQ,INE663A01033,SUPREME PETROCHEM LIMITED,857.2,865.7,842.4,850.9,860.15,-1.08,18936,16112642.86
2025-09-25,SPMLINFRA,EQ,INE937A01023,SPML INFRA LIMITED,262.0,266.6,252.95,254.05,261.55,-2.87,285971,72650933.42
2025-09-25,SPORTKING,EQ,INE885H01029,SPORTKING INDIA LIMITED,109.36,110.45,104.2,107.32,109.38,-1.88,166317,17849140.39
2025-09-25,SRD,EQ,INE01NE01012,SHANKAR LAL RAMPAL LTD,70.6,73.95,68.55,69.16,71.94,-3.86,97233,6724634.64
2025-09-25,SRF,EQ,INE647A01010,SRF LTD,2892.0,2919.9,2868.6,2879.1,2907.1,-0.96,237756,684523322.82
2025-09-25,SRGHFL,EQ,INE559N01010,SRG HOUSING FINANCE L,293.4,297.45,283.05,286.95,292.95,-2.05,1232,353522.42
2025-09-25,SRHHYPOLTD,EQ,INE917H01012,SREE RAYALSEEMA HHP LTD.,604.4,604.4,582.7,586.7,600.45,-2.29,17558,10301278.81
2025-09-25,SRM,EQ,INE0R6Z01013,SRM CONTRACTORS LIMITED,558.75,573.95,550.9,555.8,558.75,-0.53,255765,142154183.88
2025-09-25,SSDL,EQ,INE0PQ101010,SARASWATI SAREE DEPOT LTD,89.59,89.59,88.05,88.5,88.27,0.26,25017,2214004.5
2025-09-25,SSWL,EQ,INE802C01033,STEEL STRIPS WHEELS LTD.,237.42,240.23,235.01,235.85,237.68,-0.77,89300,21061405.55
2025-09-25,STANLEY,EQ,INE01A001028,STANLEY LIFESTYLES LTD,305.25,305.65,297.55,298.75,305.25,-2.13,47409,14163438.75
2025-09-25,STAR,EQ,INE939A01011,STRIDES PHARMA SCI LTD,839.05,847.85,836.5,839.4,845.7,-0.74,79148,66436833.13
2025-09-25,STARCEMENT,EQ,INE460H01021,STAR CEMENT LIMITED,268.65,270.85,260.5,261.85,270.05,-3.04,333157,87237162.48
2025-09-25,STARHEALTH,EQ,INE575P01011,STAR HEALTH & AL INS CO L,456.3,460.45,451.1,455.9,456.3,-0.09,386842,176361265.44
2025-09-25,STARPAPER,EQ,INE733A01018,STAR PAPER MILLS LTD,173.0,173.88,170.0,170.88,173.38,-1.44,10772,1840719.41
2025-09-25,STARTECK,EQ,INE992I01013,STARTECK FINANCE LIMITED,315.05,332.95,315.05,317.55,322.5,-1.53,9414,2989415.59
2025-09-25,STCINDIA,EQ,INE655A01013,THE STATE TRADING CORPN,128.5,150.7,128.25,143.91,129.12,11.45,952777,137114141.56
2025-09-25,STEELCAS,EQ,INE124E01038,STEELCAST LIMITED,219.4,220.9,215.16,216.69,218.47,-0.81,87615,18985294.56
2025-09-25,STEELCITY,EQ,INE395H01011,STEEL CITY SECURITIES LTD,102.3,103.59,102.3,102.61,102.58,0.03,7899,810516.39
2025-09-25,STEELXIND,EQ,INE503B01021,STEEL EXCHANGE INDIA LTD,10.2,10.27,9.84,9.94,10.2,-2.55,2107170,20945268.92
2025-09-25,STEL,EQ,INE577L01016,STEL HOLDINGS LIMITED,475.45,475.45,458.0,461.75,474.1,-2.6,2153,994147.75
2025-09-25,STLNETWORK,EQ,INE1VXE01018,STL NETWORKS LIMITED,33.15,33.2,31.15,31.67,33.04,-4.15,5746881,182003721.71
2025-09-25,STOVEKRAFT,EQ,INE00IN01015,STOVE KRAFT LIMITED,703.8,703.8,680.15,684.15,700.1,-2.28,77794,53222767.0
2025-09-25,STYLAMIND,EQ,INE239C01020,STYLAM INDUSTRIES LIMITED,1730.0,1740.3,1701.3,1708.1,1730.5,-1.29,26425,45136541.85
2025-09-25,STYLEBAAZA,EQ,INE01FR01028,BAAZAR STYLE RETAIL LTD,361.25,372.0,355.05,357.35,362.25,-1.35,247021,88272955.86
2025-09-25,STYRENIX,EQ,INE189B01011,STYRENIX PERFORMANCE LTD,2430.0,2451.0,2418.0,2425.6,2449.0,-0.96,20913,50726574.84
2025-09-25,SUBEXLTD,EQ,INE754A01055,SUBEX LTD,12.46,12.47,12.2,12.26,12.45,-1.53,1061468,13013597.92
2025-09-25,SUBROS,EQ,INE287B01021,SUBROS LIMITED,1127.0,1142.3,1103.0,1123.25,1132.65,-0.83,222408,249819786.0
2025-09-25,SUDARCOLOR,EQ,INE492A01029,SUDARSHAN COLORNT IND LTD,592.9,597.0,591.0,594.05,592.9,0.19,16381,9731132.85
2025-09-25,SUDARSCHEM,EQ,INE659A01023,SUDARSHAN CHEMICAL INDS L,1521.0,1529.8,1422.2,1440.7,1520.5,-5.25,214329,308783779.83
2025-09-25,SUKHJITS,EQ,INE450E01029,SUKHJIT STARCH & CHEM LTD,165.0,168.0,165.0,167.16,165.31,1.12,4324,722799.86
2025-09-25,SULA,EQ,INE142Q01026,SULA VINEYARDS LIMITED,277.0,277.41,269.0,269.36,276.78,-2.68,370622,99830736.49
2025-09-25,SUMEETINDS,EQ,INE235C01036,SUMEET IND LIMITED,32.6,33.42,32.6,33.42,31.83,5.0,876530,29291878.9
2025-09-25,SUMICHEM,EQ,INE258G01013,SUMITOMO CHEM INDIA LTD,564.9,565.05,552.6,555.8,563.2,-1.31,139053,77285655.7
2025-09-25,SUMIT,EQ,INE748Z01013,SUMIT WOODS LIMITED,91.0,91.0,80.35,85.42,90.05,-5.14,49189,4201724.29
2025-09-25,SUMMITSEC,EQ,INE519C01017,SUMMIT SECURITIES LTD,2267.3,2314.8,2197.2,2217.7,2262.8,-1.99,11194,24824933.25
2025-09-25,SUNCLAY,EQ,INE0Q3R01026,SUNDARAM CLAYTON LIMITED,1744.3,1781.9,1689.1,1693.4,1734.6,-2.38,11251,19052443.67
2025-09-25,SUNDARAM,EQ,INE108E01023,SUNDARAM MULTI PAP LTD,1.99,1.99,1.95,1.95,1.95,0.0,330748,644958.62
2025-09-25,SUNDARMFIN,EQ,INE660A01013,SUNDARAM FINANCE LTD,4644.7,4670.0,4572.8,4589.7,4644.7,-1.18,25099,115196885.2
2025-09-25,SUNDRMFAST,EQ,INE387A01021,SUNDRAM FASTENERS LTD,1012.0,1023.9,996.8,1011.2,1020.8,-0.94,95475,96544321.17
2025-09-25,SUNDROP,EQ,INE209A01019,SUNDROP BRANDS LIMITED,815.0,820.95,803.95,804.9,817.4,-1.53,4863,3914228.82
2025-09-25,SUNFLAG,EQ,INE947A01014,SUNFLAG IRON AND STEEL CO,270.1,279.0,268.2,269.7,270.15,-0.17,273766,73834693.54
2025-09-25,SUNPHARMA,EQ,INE044A01036,SUN PHARMACEUTICAL IND L,1627.9,1642.8,1622.7,1627.4,1627.1,0.02,2762750,4496099417.45
2025-09-25,SUNTECK,EQ,INE805D01034,SUNTECK REALTY LIMITED,425.8,430.8,418.1,423.5,427.55,-0.95,181144,76714484.0
2025-09-25,SUNTV,EQ,INE424H01027,SUN TV NETWORK LIMITED,544.4,545.6,531.0,535.4,543.05,-1.41,118771,63589996.3
2025-09-25,SUPERHOUSE,EQ,INE712B01010,SUPERHOUSE LIMITED,167.89,178.99,163.35,166.16,167.89,-1.03,12905,2144294.85
2025-09-25,SUPRAJIT,EQ,INE399C01030,SUPRAJIT ENGINEERING LTD,499.0,499.05,483.15,485.85,493.25,-1.5,187719,91203277.3
2025-09-25,SUPREME,EQ,INE822E01011,SUPREME HOLDIN N HOSP I L,88.0,88.5,85.6,87.57,87.9,-0.38,214452,18779561.57
2025-09-25,SUPREMEIND,EQ,INE195A01028,SUPREME INDUSTRIES LTD,4348.9,4383.9,4256.4,4271.1,4348.9,-1.79,123469,527348457.96
2025-09-25,SUPREMEINF,EQ,INE550H01011,SUPREME INFRA. LTD.,106.0,108.88,101.5,104.98,106.01,-0.97,28488,2990670.34
2025-09-25,SUPRIYA,EQ,INE07RO01027,SUPRIYA LIFESCIENCE LTD,747.5,754.0,733.0,741.3,741.3,0.0,340726,252580179.64
2025-09-25,SURAJEST,EQ,INE843S01025,SURAJ ESTATE DEVELOPERS L,288.3,289.85,279.0,280.15,288.2,-2.79,197544,55341950.39
2025-09-25,SURAJLTD,EQ,INE713C01016,SURAJ LIMITED,315.4,318.9,310.05,310.15,318.8,-2.71,3389,1051098.33
2025-09-25,SURAKSHA,EQ,INE877V01027,SURAKSHA DIAGNOSTIC LTD,309.05,315.0,307.4,310.4,310.1,0.1,28801,8939830.22
2025-09-25,SURANASOL,EQ,INE272L01022,SURANA SOLAR LIMITED,33.36,33.97,32.6,33.01,33.69,-2.02,126102,4162626.81
2025-09-25,SURANAT&P,EQ,INE130B01031,SURANA TELECOM AND POW LT,22.49,22.55,21.6,21.67,22.11,-1.99,181922,3942249.75
2025-09-25,SURYALAXMI,EQ,INE713B01026,SURYALAKSHMI COT MIL LTD,65.0,65.99,64.38,64.75,65.36,-0.93,3032,196322.0
2025-09-25,SURYAROSNI,EQ,INE335A01020,SURYA ROSHNI LTD,290.35,292.2,284.45,285.55,290.55,-1.72,107146,30595538.99
2025-09-25,SURYODAY,EQ,INE428Q01011,SURYODAY SMALL FIN BK LTD,136.65,137.03,133.05,133.59,136.23,-1.94,78344,10465974.67
2025-09-25,SUVEN,EQ,INE495B01038,SUVEN LIFE SCIENCES LTD,223.7,224.68,219.0,219.66,221.81,-0.97,91481,20094716.8
2025-09-25,SUVIDHAA,EQ,INE018401013,SUVIDHAA INFOSERVE LTD,4.01,4.16,4.01,4.07,4.08,-0.25,54607,222250.5
2025-09-25,SUYOG,EQ,INE442P01014,SUYOG TELEMATICS LIMITED,874.0,880.0,820.0,822.4,869.65,-5.43,27552,22658765.47
2025-09-25,SUZLON,EQ,INE040H01021,SUZLON ENERGY LIMITED,57.5,58.2,56.45,56.64,57.5,-1.5,38206699,2164027408.04
2025-09-25,SVLL,EQ,INE00CE01017,SHREE VASU LOGISTICS LTD,800.0,800.0,752.15,779.75,784.6,-0.62,277,215990.75
2025-09-25,SVPGLOB,EQ,INE308E01029,SVP GLOBAL TEXTILES LTD,3.73,3.73,3.52,3.68,3.66,0.55,25083,92305.44
2025-09-25,SWANCORP,EQ,INE665A01038,SWAN CORP LIMITED,491.3,499.4,476.05,478.15,488.15,-2.05,1341857,641608916.36
2025-09-25,SWARAJENG,EQ,INE277A01016,SWARAJ ENGINES LTD,4210.0,4227.1,4135.5,4185.4,4204.1,-0.44,19688,82402153.28
2025-09-25,SWELECTES,EQ,INE409B01013,SWELECT ENERGY SYS LTD,939.7,950.0,885.2,890.35,934.2,-4.69,94535,84169234.94
2025-09-25,SWIGGY,EQ,INE00H001014,SWIGGY LIMITED,439.95,440.8,425.0,426.1,438.45,-2.82,8856362,3773695902.25
2025-09-25,SWSOLAR,EQ,INE00M201021,STRLNG & WIL REN ENE LTD,257.15,260.95,251.0,251.7,258.15,-2.5,1166808,293685570.04
2025-09-25,SYMPHONY,EQ,INE225D01027,SYMPHONY LIMITED,916.0,926.05,911.1,914.5,917.8,-0.36,49363,45142463.5
2025-09-25,SYNCOMF,EQ,INE312C01025,SYNCOM FORMU (I) LTD,17.01,17.29,16.9,16.98,17.16,-1.05,969170,16456506.16
2025-09-25,SYNGENE,EQ,INE398R01022,SYNGENE INTERNATIONAL LTD,641.05,642.15,635.2,636.9,641.15,-0.66,362664,230980710.45
2025-09-25,SYRMA,EQ,INE0DYJ01015,SYRMA SGS TECHNOLOGY LTD,860.0,870.9,830.25,835.3,858.4,-2.69,1989691,1661988868.01
2025-09-25,TAINWALCHM,EQ,INE123C01018,TAINWALA CHEMICAL AND PLA,217.99,217.99,210.3,211.0,215.64,-2.15,3723,785553.0
2025-09-25,TAJGVK,EQ,INE586B01026,TAJ GVK HOTELS & RESORTS,423.0,426.25,415.3,418.8,422.4,-0.85,214889,89995510.58
2025-09-25,TAKE,EQ,INE142I01023,TAKE LIMITED,10.59,10.8,10.11,10.64,10.54,0.95,78771,838123.47
2025-09-25,TALBROAUTO,EQ,INE187D01029,TALBROS AUTO. COMP. LTD,312.35,326.0,295.7,297.25,312.35,-4.83,1009032,299934762.0
2025-09-25,TANLA,EQ,INE483C01032,TANLA PLATFORMS LIMITED,748.85,748.85,715.1,720.65,748.9,-3.77,612152,441147353.75
2025-09-25,TARACHAND,EQ,INE555Z01020,TARA CHAND INFRA SOLN LTD,71.7,74.01,71.5,73.2,72.79,0.56,95207,6969152.11
2025-09-25,TARAPUR,EQ,INE747K01017,TARAPUR TRANSFORMERS LTD,26.24,26.73,25.15,26.73,25.46,4.99,27251,728419.22
2025-09-25,TARC,EQ,INE0EK901012,TARC LIMITED,167.2,168.0,160.14,163.41,166.78,-2.02,501208,81902401.12
2025-09-25,TARIL,EQ,INE763I01026,TRANS & RECTI. LTD,523.3,524.5,506.1,508.0,524.2,-3.09,683650,347294200.0
2025-09-25,TARMAT,EQ,INE924H01018,TARMAT LIMITED,51.83,51.96,49.4,50.8,51.2,-0.78,43045,2186685.97
2025-09-25,TARSONS,EQ,INE144Z01023,TARSONS PRODUCTS LIMITED,307.95,312.45,305.3,309.05,306.55,0.82,37813,11686107.19
2025-09-25,TASTYBITE,EQ,INE488B01017,TASTY BITE EATABLES LTD,9257.0,9309.5,8902.5,8969.0,9226.5,-2.79,2874,25776906.0
2025-09-25,TATACHEM,EQ,INE092A01019,TATA CHEMICALS LTD,968.0,968.0,947.0,952.25,964.15,-1.23,500669,476762055.25
2025-09-25,TATACOMM,EQ,INE151A01013,TATA COMMUNICATIONS LTD,1655.0,1673.3,1637.7,1658.8,1654.6,0.25,155533,257998147.99
2025-09-25,TATACONSUM,EQ,INE192A01025,TATA CONSUMER PRODUCT LTD,1145.0,1146.5,1127.6,1134.2,1140.1,-0.52,1023970,1161386724.0
2025-09-25,TATAELXSI,EQ,INE670A01012,TATA ELXSI LIMITED,5500.0,5549.5,5430.0,5461.5,5504.5,-0.78,135297,738924565.5
2025-09-25,TATAGOLD,EQ,INF277KA1976,TATAAML-TATAGOLD,11.11,11.4,10.83,11.07,11.11,-0.36,31688898,350796091.19
2025-09-25,TATAINVEST,EQ,INE672A01026,TATA INVESTMENT CORP LTD,873.0,877.5,832.5,837.2,886.35,-5.55,8430570,7058073306.91
2025-09-25,TATAPOWER,EQ,INE245A01021,TATA POWER CO LTD,390.3,392.4,385.2,386.0,390.3,-1.1,3091484,1193312824.0
2025-09-25,TATASTEEL,EQ,INE081A01020,TATA STEEL LIMITED,172.9,173.85,171.86,172.38,172.66,-0.16,17026549,2935036599.76
2025-09-25,TATATECH,EQ,INE142M01025,TATA TECHNOLOGIES LIMITED,684.0,688.65,678.0,680.15,684.55,-0.64,632219,430003768.29
2025-09-25,TATSILV,EQ,INF277KA1984,TATAAML-TATSILV,13.5,13.65,13.0,13.38,13.18,1.52,15171710,202997481.54
2025-09-25,TATVA,EQ,INE0GK401011,TATVA CHIN PHARM CHEM LTD,1075.0,1075.0,1050.0,1055.5,1077.1,-2.01,32338,34132759.0
2025-09-25,TBOTEK,EQ,INE673O01025,TBO TEK LIMITED,1594.0,1603.4,1529.1,1543.5,1585.3,-2.64,64194,99083439.0
2025-09-25,TBZ,EQ,INE760L01018,TRIB BHIMJI ZAVERI LTD,185.77,187.79,185.0,185.39,185.84,-0.24,81895,15182514.0
2025-09-25,TCI,EQ,INE688A01022,TRANSPORT CORPN OF INDIA,1207.5,1210.0,1190.4,1200.4,1202.7,-0.19,25542,30660617.42
2025-09-25,TCIEXP,EQ,INE586V01016,TCI EXPRESS LIMITED,756.0,756.0,725.35,732.45,755.8,-3.09,36811,26962217.4
2025-09-25,TCIFINANCE,EQ,INE911B01018,TCI FINANCE LTD,13.3,13.3,12.41,12.61,12.75,-1.1,9349,117890.89
2025-09-25,TCPLPACK,EQ,INE822C01015,TCPL PACKAGING LIMITED,3375.5,3393.9,3320.1,3337.1,3391.9,-1.62,1220,4071262.12
2025-09-25,TCS,EQ,INE467B01029,TATA CONSULTANCY SERV LT,3022.0,3029.6,2951.0,2957.4,3035.4,-2.57,4974361,14711174735.62
2025-09-25,TDPOWERSYS,EQ,INE419M01035,TD POWER SYSTEMS LTD.,288.08,289.7,285.05,287.7,287.08,0.22,1199276,345031719.84
2025-09-25,TEAMGTY,EQ,INE289C01025,TEAM INDIA GUARANTY LTD,265.3,274.95,253.0,269.9,265.3,1.73,1477,398642.29
2025-09-25,TEAMLEASE,EQ,INE985S01024,TEAMLEASE SERVICES LTD.,1848.1,1858.0,1811.2,1840.6,1841.4,-0.04,18250,33590949.55
2025-09-25,TECH,EQ,INF209KB11D8,BIRLASLAMC - TECH,37.7,37.7,36.75,36.86,37.33,-1.26,38044,1402301.86
2025-09-25,TECHM,EQ,INE669C01036,TECH MAHINDRA LIMITED,1452.0,1460.2,1437.0,1444.3,1452.4,-0.56,1581629,2284346841.93
2025-09-25,TECHNOE,EQ,INE285K01026,TECHNO ELEC & ENG CO. LTD,1375.0,1396.2,1360.0,1367.9,1376.9,-0.65,201950,276247409.93
2025-09-25,TECILCHEM,EQ,INE014B01011,TECIL CHEMICALS,19.35,19.35,19.35,19.35,19.35,0.0,19,367.65
2025-09-25,TEGA,EQ,INE011K01018,TEGA INDUSTRIES LIMITED,1920.0,1968.3,1903.0,1950.9,1909.4,2.17,282532,551191685.7
2025-09-25,TEJASNET,EQ,INE010J01012,TEJAS NETWORKS LIMITED,594.8,594.8,581.2,582.85,589.15,-1.07,341371,198968079.02
2025-09-25,TEMBO,EQ,INE869Y01028,TEMBO GLOBAL IND LTD,59.56,59.89,57.81,58.46,59.56,-1.84,450680,26346752.39
2025-09-25,TERASOFT,EQ,INE482B01010,TERA SOFTWARE LIMITED,460.35,460.35,443.25,460.35,451.35,1.99,37576,17298111.83
2025-09-25,TEXINFRA,EQ,INE435C01024,TEXMACO INFRA & HOLDG LTD,94.18,104.96,94.01,96.06,94.46,1.69,2027251,194737726.11
2025-09-25,TEXMOPIPES,EQ,INE141K01013,TEXMO PIPE & PRODUCTS LTD,57.57,58.23,57.3,58.0,57.57,0.75,21503,1247174.0
2025-09-25,TEXRAIL,EQ,INE621L01012,TEXMACO RAIL & ENG. LTD.,142.4,143.85,139.9,140.81,142.53,-1.21,983614,138502684.94
2025-09-25,TFCILTD,EQ,INE305A01023,TOURISM FINANCE CORP. OF,72.85,72.9,72.65,72.75,72.9,-0.21,2306356,167787399.0
2025-09-25,TFL,EQ,INE804H01012,TRANSWARRANTY FIN. LTD.,15.05,15.5,14.4,14.77,15.15,-2.51,23127,341585.8
2025-09-25,TGBHOTELS,EQ,INE797H01018,TGB BANQUETS&HOTELS LTD,12.53,12.79,12.15,12.24,12.39,-1.21,75983,930031.9
2025-09-25,THANGAMAYL,EQ,INE085J01014,THANGAMAYIL JEWELLERY LTD,2053.6,2070.0,2040.5,2064.1,2053.6,0.51,76529,157963516.37
2025-09-25,THEINVEST,EQ,INE924D01017,THE INVEST TRUST OF IND L,156.7,157.97,149.98,150.57,156.51,-3.8,26787,4033318.79
2025-09-25,THEJO,EQ,INE121N01019,THEJO ENGINEERING LIMITED,1873.3,1886.8,1831.2,1837.0,1872.6,-1.9,3663,6728931.0
2025-09-25,THELEELA,EQ,INE0AQ201015,LEELA PALACES HOTEL LTD,430.0,439.1,430.0,431.05,430.4,0.15,226868,97791448.63
2025-09-25,THEMISMED,EQ,INE083B01024,THEMIS MEDICARE LTD.,142.99,148.0,141.25,142.46,141.69,0.54,443885,63235860.08
2025-09-25,THERMAX,EQ,INE152A01029,THERMAX LTD,3317.2,3326.5,3222.0,3233.1,3317.2,-2.54,86716,280361508.07
2025-09-25,THOMASCOOK,EQ,INE332A01027,THOMAS COOK (INDIA) LTD,166.91,168.0,164.77,166.6,166.91,-0.19,641465,106868072.92
2025-09-25,THOMASCOTT,EQ,INE480M01011,THOMAS SCOTT (INDIA) LTD,358.05,373.4,352.1,355.6,363.25,-2.11,19123,6800138.92
2025-09-25,THYROCARE,EQ,INE594H01019,THYROCARE TECH LTD,406.67,406.67,398.5,399.83,402.1,-0.56,90555,36206908.42
2025-09-25,TI,EQ,INE133E01013,TILAKNAGAR INDUSTRIES LTD,460.25,472.0,455.05,457.35,462.2,-1.05,819042,374588863.7
2025-09-25,TIGERLOGS,EQ,INE906O01029,TIGER LOGISTICS (INDIA) L,50.0,51.0,49.25,49.79,50.19,-0.8,325750,16219092.8
2025-09-25,TIIL,EQ,INE545H01011,TECHNOCRAFT IND LTD,2420.2,2427.9,2379.8,2384.7,2420.0,-1.46,7401,17649164.34
2025-09-25,TIINDIA,EQ,INE974X01010,TUBE INVEST OF INDIA LTD,3284.8,3287.0,3195.0,3212.8,3276.5,-1.94,262960,844837900.84
2025-09-25,TIMETECHNO,EQ,INE508G01029,TIME TECHNOPLAST LTD.,216.2,225.25,215.45,223.2,219.0,1.92,1219464,272184361.08
2025-09-25,TIMKEN,EQ,INE325A01013,TIMKEN INDIA LTD.,3008.6,3049.9,2969.4,3033.4,3020.0,0.44,55539,168471997.18
2025-09-25,TINNARUBR,EQ,INE015C01016,TINNA RUBBER AND INFR LTD,993.75,993.75,930.0,935.85,980.85,-4.59,114600,107248407.2
2025-09-25,TIPSFILMS,EQ,INE0LQS01015,TIPS FILMS LIMITED,444.0,453.8,443.5,448.25,444.0,0.96,1231,551795.75
2025-09-25,TIPSMUSIC,EQ,INE716B01029,TIPS MUSIC LIMITED,582.1,597.1,582.1,592.25,582.55,1.67,135606,80312653.5
2025-09-25,TIRUMALCHM,EQ,INE338A01024,THIRUMALAI CHEMICALS LTD,306.45,307.8,295.5,296.85,306.2,-3.05,199565,59240871.47
2025-09-25,TITAGARH,EQ,INE615H01020,TITAGARH RAIL SYSTEMS LTD,897.0,924.0,894.0,900.75,897.2,0.4,1158412,1043439609.0
2025-09-25,TITAN,EQ,INE280A01028,TITAN COMPANY LIMITED,3408.0,3419.9,3370.0,3378.5,3418.3,-1.16,1139904,3851165664.0
2025-09-25,TMB,EQ,INE668A01016,TAMILNAD MERCA BANK LTD,428.0,429.8,425.0,426.45,428.4,-0.46,29474,12569187.66
2025-09-25,TMPV,EQ,INE155A01022,TATA MOTORS PASS VEH LTD,669.9,675.0,655.3,664.3,682.95,-2.73,24687611,16399979685.94
2025-09-25,TNIDETF,EQ,INF277KA1364,TATAAML - TNIDETF,93.71,95.19,92.31,92.61,93.24,-0.68,42639,3948797.82
2025-09-25,TNPETRO,EQ,INE148A01019,TAMILNADU PETROPRODUCTS L,110.7,113.0,107.51,108.61,111.49,-2.58,253950,27581509.65
2025-09-25,TNPL,EQ,INE107A01015,TAMILNADU NEWSPRT & PAPER,154.01,154.65,151.24,152.04,154.75,-1.75,78835,11986072.87
2025-09-25,TNTELE,EQ,INE141D01018,TAMILNADU TELECOMMUNICATI,12.05,12.48,11.62,11.88,12.16,-2.3,64988,772057.45
2025-09-25,TOKYOPLAST,EQ,INE932C01012,TOKYO PLAST INTL LTD,128.0,128.9,121.38,122.27,127.53,-4.12,26582,3250181.05
2025-09-25,TOLINS,EQ,INE0RWQ01014,TOLINS TYRES LIMITED,195.38,196.02,180.0,181.01,195.64,-7.48,668430,120992510.63
2025-09-25,TOP100CASE,EQ,INF0R8F01067,ZERODHAAMC - TOP100CASE,11.05,11.05,10.61,10.66,10.73,-0.65,1662136,17718369.51
2025-09-25,TOP10ADD,EQ,INF740KA1UR9,DSPAMC - TOP10ADD,95.4,95.47,94.52,94.61,95.32,-0.74,42126,3985540.89
2025-09-25,TOP15IETF,EQ,INF109K1A344,ICICIPRAMC - TOP15IETF,10.49,10.49,10.49,10.49,10.56,-0.62,0,0.0
2025-09-25,TORNTPHARM,EQ,INE685A01028,TORRENT PHARMACEUTICALS L,3616.6,3645.9,3523.0,3531.6,3614.6,-2.3,208134,735046054.73
2025-09-25,TORNTPOWER,EQ,INE813H01021,TORRENT POWER LTD,1264.0,1268.4,1242.8,1254.5,1264.3,-0.78,363109,455520240.5
2025-09-25,TOUCHWOOD,EQ,INE486Y01013,TOUCHWOOD ENTERTAIN LTD.,108.21,111.7,107.13,108.8,109.28,-0.44,5304,577075.22
2025-09-25,TPLPLASTEH,EQ,INE413G01022,TPL PLASTECH LIMITED,74.34,74.35,73.05,73.51,74.01,-0.68,13737,1009806.9
2025-09-25,TRACXN,EQ,INE0HMF01019,TRACXN TECHNOLOGIES LTD,51.49,51.49,49.99,50.14,51.2,-2.07,264992,13286698.72
2025-09-25,TRANSRAILL,EQ,INE454P01035,TRANSRAIL LIGHTING LTD,761.05,766.2,746.0,748.5,762.25,-1.8,770937,577046344.5
2025-09-25,TRAVELFOOD,EQ,INE103V01028,TRAVEL FOOD SERVICES LTD,1347.3,1354.5,1310.5,1347.0,1345.4,0.12,91919,123814893.0
2025-09-25,TREEHOUSE,EQ,INE040M01013,TREE HOUSE EDU LTD,7.93,8.0,7.64,7.7,7.93,-2.9,37592,289458.39
2025-09-25,TREJHARA,EQ,INE00CA01015,TREJHARA SOLUTIONS LTD,192.97,194.79,182.0,185.84,190.78,-2.59,14719,2735378.91
2025-09-25,TREL,EQ,INE0O3901029,TRANSINDIA REAL ESTATE L,32.12,32.54,31.69,31.96,32.12,-0.5,139377,4454488.79
2025-09-25,TRENT,EQ,INE849A01020,TRENT LTD,4914.5,4928.5,4710.0,4742.5,4897.0,-3.15,1518468,7201334490.0
2025-09-25,TRF,EQ,INE391D01019,TRF LIMITED,369.4,374.8,362.2,365.45,371.25,-1.56,18077,6606239.87
2025-09-25,TRIDENT,EQ,INE064C01022,TRIDENT LIMITED,29.59,29.59,29.0,29.08,29.56,-1.62,3170964,92211632.88
2025-09-25,TRIGYN,EQ,INE948A01012,TRIGYN TECHNOLOGIES LTD,84.0,96.68,83.7,89.96,84.64,6.29,498215,44819420.94
2025-09-25,TRITURBINE,EQ,INE152M01016,TRIVENI TURBINE LIMITED,522.0,526.9,509.55,516.15,522.15,-1.15,450576,232564813.4
2025-09-25,TRIVENI,EQ,INE256C01024,TRIVENI ENGG. & INDS. LTD,352.8,352.8,340.0,341.75,350.1,-2.39,218219,74576343.25
2025-09-25,TRU,EQ,INE615R01029,TRUCAP FINANCE LIMITED,11.01,11.01,11.01,11.01,11.59,-5.0,51915,571584.16
2025-09-25,TSFINV,EQ,INE202Z01029,TSF INVESTMENTS LIMITED,583.75,587.8,570.0,573.15,582.95,-1.68,110324,63232203.29
2025-09-25,TTKHLTCARE,EQ,INE910C01018,TTK HEALTHCARE LIMITED,1205.0,1205.0,1166.0,1170.9,1190.6,-1.65,1462,1711855.84
2025-09-25,TTKPRESTIG,EQ,INE690A01028,TTK PRESTIGE LTD,645.75,656.6,643.05,653.2,647.4,0.9,16511,10784985.4
2025-09-25,TTL,EQ,INE592B01024,T T LIMITED,10.61,10.61,10.28,10.32,10.62,-2.82,98200,1013423.97
2025-09-25,TTML,EQ,INE517B01013,TATA TELESERV(MAHARASTRA),56.75,56.86,55.75,55.82,56.52,-1.24,695656,38831517.71
2025-09-25,TVSELECT,EQ,INE236G01019,TVS ELECTRONICS LTD,524.9,623.8,518.65,623.6,519.85,19.96,2789839,1739743532.29
2025-09-25,TVSHLTD,EQ,INE105A01035,TVS HOLDINGS LIMITED,12900.0,13200.0,12640.0,12960.0,12970.0,-0.08,8587,111287520.0
2025-09-25,TVSMOTOR,EQ,INE494B01023,TVS MOTOR COMPANY  LTD,3453.0,3462.3,3399.3,3408.4,3453.0,-1.29,786698,2681381386.37
2025-09-25,TVSSCS,EQ,INE395N01027,TVS SUPPLY CHAIN SOL L,128.98,130.6,127.02,127.91,128.38,-0.37,419705,53684468.09
2025-09-25,TVSSRICHAK,EQ,INE421C01016,TVS SRICHAKRA LIMITED,3309.8,3405.0,3270.6,3379.2,3303.9,2.28,10703,36167577.08
2025-09-25,TVTODAY,EQ,INE038F01029,TV TODAY NETWORK LTD,146.0,146.69,145.4,145.76,146.03,-0.18,18290,2665950.3
2025-09-25,UBL,EQ,INE686F01025,UNITED BREWERIES LTD,1801.9,1803.7,1761.3,1783.4,1796.6,-0.73,182104,324764278.05
2025-09-25,UCOBANK,EQ,INE691A01018,UCO BANK,30.51,30.62,30.0,30.1,30.5,-1.31,5294253,159357017.32
2025-09-25,UDS,EQ,INE851I01011,UPDATER SERVICES LIMITED,254.29,257.0,243.79,244.73,252.79,-3.19,231309,56608250.58
2025-09-25,UEL,EQ,INE899L01030,UJAAS ENERGY LIMITED,97.17,97.17,97.17,97.17,97.17,0.0,0,0.0
2025-09-25,UFLEX,EQ,INE516A01017,UFLEX LIMITED,547.0,552.25,545.0,546.9,546.7,0.04,8607,4707168.51
2025-09-25,UFO,EQ,INE527H01019,UFO MOVIEZ INDIA LTD.,75.5,75.5,74.12,74.34,74.73,-0.52,24481,1819917.45
2025-09-25,UGARSUGAR,EQ,INE071E01023,THE UGAR SUGAR WORKS LTD,43.48,43.48,42.72,42.83,43.01,-0.42,72975,3125519.38
2025-09-25,UGROCAP,EQ,INE583D01011,UGRO CAPITAL LIMITED,167.5,168.07,163.56,165.79,167.94,-1.28,219129,36329395.44
2025-09-25,UJJIVANSFB,EQ,INE551W01018,UJJIVAN SMALL FINANC BANK,45.01,45.18,44.8,44.97,45.01,-0.09,2736238,123048626.2
2025-09-25,ULTRACEMCO,EQ,INE481G01011,ULTRATECH CEMENT LIMITED,12210.0,12275.0,12120.0,12141.0,12214.0,-0.6,272540,3308908140.0
2025-09-25,UMESLTD,EQ,INE240C01028,USHA MARTIN EDU & SOL LTD,5.65,5.75,5.51,5.68,5.57,1.97,70598,400996.63
2025-09-25,UMIYA-MRO,EQ,INE398B01018,UMIYA BUILDCON LIMITED,85.0,88.25,85.0,85.97,85.05,1.08,65705,5648658.93
2025-09-25,UNICHEMLAB,EQ,INE351A01035,UNICHEM LABORATORIES LTD,492.0,499.7,485.0,486.65,490.85,-0.86,10579,5148270.29
2025-09-25,UNIDT,EQ,INE961D01019,UNITED DRILLING TOOLS LTD,205.0,205.0,196.0,196.72,202.15,-2.69,10915,2147198.81
2025-09-25,UNIECOM,EQ,INE00U401027,UNICOMMERCE ESOLUTIONS L,147.15,148.25,143.0,143.41,147.15,-2.54,245359,35186935.09
2025-09-25,UNIENTER,EQ,INE037A01022,UNIPHOS ENTERPRISES LTD,150.99,151.59,148.2,150.41,150.58,-0.11,2469,371362.3
2025-09-25,UNIINFO,EQ,INE481Z01011,UNIINFO TELECOM SERVI LTD,18.3,18.3,17.1,17.52,17.43,0.52,4161,72900.72
2025-09-25,UNIMECH,EQ,INE0U3I01011,UNIMECH AEROSPACE N MFG L,1044.2,1071.4,1037.2,1065.8,1037.2,2.76,50597,53926285.07
2025-09-25,UNIONBANK,EQ,INE692A01016,UNION BANK OF INDIA,139.19,140.2,137.82,138.77,139.17,-0.29,6552575,909300860.75
2025-09-25,UNIPARTS,EQ,INE244O01017,UNIPARTS INDIA LIMITED,419.5,420.15,408.0,408.7,416.8,-1.94,59118,24161527.32
2025-09-25,UNITDSPR,EQ,INE854D01024,UNITED SPIRITS LIMITED,1343.1,1362.8,1314.7,1317.6,1350.9,-2.47,1180092,1554889190.39
2025-09-25,UNITECH,EQ,INE694A01020,UNITECH LTD,7.1,7.46,7.06,7.45,7.11,4.78,6116023,45564370.18
2025-09-25,UNITEDPOLY,EQ,INE368U01029,UNITED POLYFAB GUJ. LTD.,48.73,48.73,48.73,48.73,46.41,5.0,98890,4818909.65
2025-09-25,UNITEDTEA,EQ,INE458F01011,UNITED NILGIRI TEA LTD,474.8,476.0,462.0,467.1,471.85,-1.01,1007,470369.71
2025-09-25,UNIVCABLES,EQ,INE279A01012,UNIVERSAL CABLES LTD,751.8,756.4,734.6,749.4,751.8,-0.32,117274,87885138.46
2025-09-25,UNOMINDA,EQ,INE405E01023,UNO MINDA LIMITED,1314.0,1332.6,1298.8,1305.6,1308.8,-0.24,765395,999299693.31
2025-09-25,UPL,EQ,INE628A01036,UPL LIMITED,676.0,678.55,667.45,669.1,676.15,-1.04,1246931,834321501.66
2025-09-25,URBANCO,EQ,INE0CAZ01013,URBAN COMPANY LIMITED,175.7,178.47,170.0,170.43,175.4,-2.83,22954239,3912090784.65
2025-09-25,URJA,EQ,INE550C01020,URJA GLOBAL LIMITED,13.56,13.7,13.2,13.35,13.56,-1.55,796289,10630458.45
2025-09-25,USHAMART,EQ,INE228A01035,USHA MARTIN LTD.,445.0,451.5,435.8,448.7,445.95,0.62,941508,422454651.09
2025-09-25,USK,EQ,INE0N0Y01013,UDAYSHIVAKUMAR INFRA LTD,32.18,32.57,31.55,31.69,32.03,-1.06,41283,1308258.29
2025-09-25,UTIAMC,EQ,INE094J01016,UTI ASSET MNGMT CO LTD,1385.2,1385.2,1349.1,1364.0,1385.2,-1.53,80148,109321872.0
2025-09-25,UTKARSHBNK,EQ,INE735W01017,UTKARSH SMALL FIN BANK L,21.85,21.85,21.28,21.37,21.86,-2.24,756852,16173927.88
2025-09-25,UTTAMSUGAR,EQ,INE786F01031,UTTAM SUGAR MILLS LTD.,255.3,258.4,251.15,252.6,255.7,-1.21,26350,6656010.16
2025-09-25,V2RETAIL,EQ,INE945H01021,V2 RETAIL LIMITED,196.9,196.9,190.52,192.86,196.9,-2.05,781800,150777948.48
2025-09-25,VADILALIND,EQ,INE694D01016,VADILAL INDUSTRIES LTD,5707.0,5754.5,5571.5,5593.0,5733.5,-2.45,17199,96194007.0
2025-09-25,VAIBHAVGBL,EQ,INE884A01027,VAIBHAV GLOBAL LIMITED,244.0,246.5,239.9,241.02,245.31,-1.75,167325,40328672.21
2025-09-25,VAISHALI,EQ,INE972X01022,VAISHALI PHARMA LIMITED,12.2,12.2,11.8,12.04,11.99,0.42,679765,8184370.57
2025-09-25,VAKRANGEE,EQ,INE051B01021,VAKRANGEE LIMITED,8.45,8.59,8.26,8.29,8.41,-1.43,4019042,33317858.03
2025-09-25,VAL30IETF,EQ,INF109KC16X5,ICICIPRAMC - VAL30IETF,13.48,13.48,13.31,13.32,13.42,-0.75,57965,772093.78
2025-09-25,VARDMNPOLY,EQ,INE835A01029,VARDHMAN POLYTEX LTD.,9.09,9.09,8.48,8.55,8.91,-4.04,508086,4344135.4
2025-09-25,VARROC,EQ,INE665L01035,VARROC ENGINEERING LTD.,646.45,646.45,630.0,632.8,646.05,-2.05,152677,96614003.74
2025-09-25,VASCONEQ,EQ,INE893I01013,VASCON ENGINEERS LTD,62.8,62.95,60.55,61.06,62.59,-2.44,1361497,83133008.69
2025-09-25,VASWANI,EQ,INE590L01019,VASWANI IND LTD,55.55,59.0,54.06,57.28,56.68,1.06,111078,6362547.7
2025-09-25,VBL,EQ,INE200M01039,VARUN BEVERAGES LIMITED,452.6,456.5,450.1,451.85,452.6,-0.17,8207075,3708366888.84
2025-09-25,VEDL,EQ,INE205A01025,VEDANTA LIMITED,451.0,464.0,449.5,461.65,448.45,2.94,12571562,5803661520.57
2025-09-25,VEEDOL,EQ,INE484C01030,VEEDOL CORPORATION LTD,1910.0,1910.0,1841.0,1856.5,1894.0,-1.98,16946,31460249.0
2025-09-25,VENKEYS,EQ,INE398A01010,VENKY S (INDIA) LIMITED,1493.5,1493.5,1464.1,1470.9,1484.0,-0.88,11968,17603731.49
2025-09-25,VENTIVE,EQ,INE781S01027,VENTIVE HOSPITALITY LTD,771.0,789.0,754.0,765.75,755.45,1.36,484601,371083215.75
2025-09-25,VENUSPIPES,EQ,INE0JA001018,VENUS PIPES & TUBES LTD,1381.9,1433.9,1379.9,1391.3,1380.9,0.75,90264,125584307.61
2025-09-25,VERANDA,EQ,INE0IQ001011,VERANDA LEARNING SOL LTD,216.27,218.06,212.47,213.56,218.12,-2.09,132853,28372086.36
2025-09-25,VERTOZ,EQ,INE188Y01031,VERTOZ LIMITED,76.74,77.99,74.5,74.68,76.74,-2.68,104557,7808316.79
2025-09-25,VESUVIUS,EQ,INE386A01023,VESUVIUS INDIA LTD,513.05,522.5,509.2,513.65,512.95,0.14,131455,67521863.96
2025-09-25,VGL,EQ,INE273D01027,VARVEE GLOBAL LIMITED,84.49,84.49,83.0,84.0,82.36,1.98,36994,3107311.13
2025-09-25,VGUARD,EQ,INE951I01027,V-GUARD IND LTD.,363.55,392.2,363.55,369.8,365.5,1.18,5800610,2145065507.19
2025-09-25,VHL,EQ,INE701A01023,VARDHMAN HOLDINGS LIMITED,3846.0,3891.8,3800.0,3812.4,3845.4,-0.86,612,2333188.74
2025-09-25,VIDHIING,EQ,INE632C01026,VIDHI SPCLTY F INGRDNTS L,374.8,374.9,364.0,366.0,369.65,-0.99,5183,1896978.0
2025-09-25,VIJAYA,EQ,INE043W01024,VIJAYA DIAGNOSTIC CEN LTD,1055.0,1064.3,1033.5,1040.4,1052.2,-1.12,61736,64230135.91
2025-09-25,VIKASECO,EQ,INE806A01020,VIKAS ECOTECH LIMITED,2.05,2.07,2.01,2.02,2.04,-0.98,3946378,7971683.48
2025-09-25,VIKASLIFE,EQ,INE161L01027,VIKAS LIFECARE LIMITED,2.26,2.26,2.2,2.21,2.24,-1.34,6451194,14257138.99
2025-09-25,VIKRAMSOLR,EQ,INE078V01014,VIKRAM SOLAR LIMITED,328.1,339.2,325.25,334.0,327.1,2.11,4040666,1349582444.0
2025-09-25,VIKRAN,EQ,INE01R501028,VIKRAN ENGINEERING LTD,103.25,105.09,100.75,101.26,102.98,-1.67,5578191,564847632.58
2025-09-25,VIMTALABS,EQ,INE579C01029,VIMTA LABS LIMITED,729.95,775.0,715.15,750.75,731.9,2.58,3377403,2535585302.25
2025-09-25,VINATIORGA,EQ,INE410B01037,VINATI ORGANICS LTD,1730.0,1741.9,1705.7,1726.0,1719.8,0.36,69388,119763688.0
2025-09-25,VINCOFE,EQ,INE498Q01014,VINTAGE COFFEE N BVRGS L,150.8,153.8,150.61,152.4,150.8,1.06,3446737,525282697.76
2025-09-25,VINDHYATEL,EQ,INE707A01012,VINDHYA TELELINKS LTD,1474.2,1475.0,1448.0,1452.2,1474.2,-1.49,6624,9619372.48
2025-09-25,VINEETLAB,EQ,INE505Y01010,VINEET LABORATORIES LTD,36.0,36.7,35.25,35.46,36.26,-2.21,10814,383464.43
2025-09-25,VINNY,EQ,INE01KI01027,VINNY OVERSEAS LIMITED,1.28,1.33,1.28,1.31,1.29,1.55,444722,582585.79
2025-09-25,VINYLINDIA,EQ,INE250B01029,VINYL CHEMICALS (I) LTD.,301.0,301.9,290.1,292.3,295.45,-1.07,8756,2559378.69
2025-09-25,VIPCLOTHNG,EQ,INE450G01024,VIP CLOTHING LIMITED,38.92,39.77,37.95,38.2,38.95,-1.93,134860,5151652.1
2025-09-25,VIPIND,EQ,INE054A01027,VIP INDUSTRIES LTD,438.0,439.95,425.0,426.2,438.95,-2.9,240873,102660075.54
2025-09-25,VIRINCHI,EQ,INE539B01017,VIRINCHI LIMITED,30.1,30.1,28.51,28.64,29.59,-3.21,183983,5269273.01
2025-09-25,VISACHROME,EQ,INE286H01012,VISA CHROME LIMITED,41.18,41.18,41.18,41.18,41.18,0.0,0,0.0
2025-09-25,VISAKAIND,EQ,INE392A01021,VISAKA INDUSTRIES LIMITED,82.65,83.4,81.66,81.99,82.65,-0.8,38737,3176046.55
2025-09-25,VISHNU,EQ,INE270I01022,VISHNU CHEMICALS LIMITED,488.3,491.6,481.1,482.45,490.3,-1.6,62402,30105845.66
2025-09-25,VISHWARAJ,EQ,INE430N01022,VISHWARAJ SUGAR IND LTD,8.36,8.38,7.91,7.97,8.29,-3.86,1224175,9756674.49
2025-09-25,VITAL,EQ,INE0L4K01016,VITAL CHEMTECH LIMITED,55.75,56.95,55.75,56.95,55.0,3.55,8400,478380.01
2025-09-25,VIVIANA,EQ,INE0MEG01014,VIVIANA POWER TECH LTD,1649.0,1679.0,1506.1,1561.6,1649.0,-5.3,30000,46847999.27
2025-09-25,VIVIDHA,EQ,INE370E01029,VISAGAR POLYTEX LTD,0.84,0.84,0.82,0.82,0.82,0.0,146313,119976.66
2025-09-25,VIYASH,EQ,INE807F01027,VIYASH SCIENTIFIC LIMITED,198.0,201.08,193.21,194.36,197.55,-1.61,601715,116949327.77
2025-09-25,VLEGOV,EQ,INE03HW01020,VL E GOV AND IT SOL LTD,33.1,33.1,31.1,31.27,32.68,-4.31,426904,13349288.28
2025-09-25,VLSFINANCE,EQ,INE709A01018,VLS FINANCE LTD,225.2,227.28,219.1,220.75,227.47,-2.95,16525,3647893.75
2025-09-25,VMART,EQ,INE665J01013,VMART RETAIL LTD,719.8,726.9,714.55,722.35,717.0,0.75,37365,26990606.84
2025-09-25,VMM,EQ,INE01EA01019,VISHAL MEGA MART LIMITED,147.91,147.91,145.3,146.02,147.44,-0.96,4539855,662909646.5
2025-09-25,VMSTMT,EQ,INE0SJA01013,VMS TMT LIMITED,94.66,94.7,94.66,94.66,99.65,-5.01,466944,44200920.75
2025-09-25,VOLTAMP,EQ,INE540H01012,VOLTAMP TRANSFORMERS LTD,7193.0,7220.0,7095.5,7136.5,7157.5,-0.29,38974,278137951.0
2025-09-25,VOLTAS,EQ,INE226A01021,VOLTAS LTD,1370.0,1382.9,1360.6,1372.4,1372.3,0.01,643040,882508111.7
2025-09-25,VPRPL,EQ,INE0AE001013,VISHNU PRAKASH R PUNGLI L,100.5,100.72,96.61,97.1,100.28,-3.17,2050010,199055967.87
2025-09-25,VRAJ,EQ,INE0S2V01010,VRAJ IRON AND STEEL LTD,154.92,155.83,150.91,152.4,154.92,-1.63,19913,3034741.08
2025-09-25,VRLLOG,EQ,INE366I01010,VRL LOGISTICS LIMITED,282.0,282.0,275.0,275.4,281.65,-2.22,138547,38155842.95
2025-09-25,VSSL,EQ,INE050M01012,VARDHMAN SPC STEEL LTD,271.35,274.2,266.1,268.4,273.7,-1.94,35176,9441238.19
2025-09-25,VSTIND,EQ,INE710A01016,VST INDUSTRIES LTD,264.6,265.4,263.1,263.45,264.6,-0.43,70587,18596146.01
2025-09-25,VSTL,EQ,INE0QTF01015,VIBHOR STEEL TUBES LTD,159.24,161.2,156.01,157.07,159.24,-1.36,17306,2718253.55
2025-09-25,VSTTILLERS,EQ,INE764D01017,VST TILLERS TRACTORS LTD,5075.5,5170.0,5005.5,5065.5,5087.5,-0.43,9967,50487838.5
2025-09-25,VTL,EQ,INE825A01020,VARDHMAN TEXTILES LIMITED,415.85,419.15,410.15,413.65,416.0,-0.56,250802,103744245.77
2025-09-25,WAAREEENER,EQ,INE377N01017,WAAREE ENERGIES LIMITED,3506.0,3509.6,3436.1,3445.1,3489.9,-1.28,938724,3233998144.07
2025-09-25,WAAREEINDO,EQ,INE866K01023,INDOSOLAR LIMITED,506.65,506.65,506.65,506.65,506.65,0.0,0,0.0
2025-09-25,WAAREERTL,EQ,INE299N01021,WAAREE RENEWABLE TECH LTD,1058.0,1063.1,1036.1,1040.1,1057.4,-1.64,121044,125897861.44
2025-09-25,WABAG,EQ,INE956G01038,VA TECH WABAG LTD,1523.1,1530.2,1460.0,1469.1,1523.1,-3.55,173602,255038693.96
2025-09-25,WALCHANNAG,EQ,INE711A01022,WALCHANDNAGAR INDUSTRIES,198.0,204.78,195.8,196.14,200.56,-2.2,151686,29751691.95
2025-09-25,WANBURY,EQ,INE107F01022,WANBURY LIMITED,253.25,254.0,246.5,252.15,250.75,0.56,64848,16351422.8
2025-09-25,WCIL,EQ,INE0CJF01024,WESTERN CARRIERS (IND) L,139.05,146.84,136.1,138.12,139.02,-0.65,1366436,188732133.65
2025-09-25,WEALTH,EQ,INE658T01017,WEALTH FRST PORT. MG. LTD,1196.0,1224.0,1191.1,1197.5,1204.4,-0.57,2691,3222472.5
2025-09-25,WEBELSOLAR,EQ,INE855C01023,WEBSOL ENERGY SYSTEM LTD,126.58,126.86,125.1,125.25,126.09,-0.67,703900,88163475.0
2025-09-25,WEIZMANIND,EQ,INE080A01014,WEIZMANN LTD,111.0,112.0,109.13,110.07,111.65,-1.42,588,64721.16
2025-09-25,WEL,EQ,INE02WG01024,WONDER ELECTRICALS LTD,153.77,156.69,148.55,149.75,153.77,-2.61,298518,44703070.5
2025-09-25,WELCORP,EQ,INE191B01025,WELSPUN CORP LIMITED,879.7,882.65,869.9,872.95,879.7,-0.77,173369,151342470.67
2025-09-25,WELENT,EQ,INE625G01013,WELSPUN ENTERPRISES LTD.,535.8,535.8,512.95,515.75,536.45,-3.86,150268,77500721.0
2025-09-25,WELSPUNLIV,EQ,INE192B01031,WELSPUN LIVING LIMITED,122.0,122.51,118.98,119.81,122.19,-1.95,1394015,167016933.75
2025-09-25,WENDT,EQ,INE274C01019,WENDT (INDIA) LIMITED,9267.5,9339.5,9102.0,9120.0,9267.5,-1.59,6583,60036960.0
2025-09-25,WESTLIFE,EQ,INE274F01020,WESTLIFE FOODWORLD LTD,700.15,716.1,691.2,695.15,700.55,-0.77,79635,55358272.19
2025-09-25,WEWIN,EQ,INE082W01014,WE WIN LIMITED,50.9,51.26,49.85,50.83,49.99,1.68,17410,884950.33
2025-09-25,WHEELS,EQ,INE715A01015,WHEELS INDIA LTD,869.0,898.0,855.9,870.9,862.3,1.0,327343,285083026.69
2025-09-25,WHIRLPOOL,EQ,INE716A01013,WHIRLPOOL OF INDIA LTD,1305.0,1305.0,1244.0,1249.0,1296.0,-3.63,186474,232906026.0
2025-09-25,WILLAMAGOR,EQ,INE210A01017,WILLIAMSON MAGOR,33.9,36.0,33.0,33.11,33.53,-1.25,17129,567141.2
2025-09-25,WINDLAS,EQ,INE0H5O01029,WINDLAS BIOTECH LIMITED,931.2,941.9,920.05,929.85,935.0,-0.55,43314,40275521.84
2025-09-25,WINDMACHIN,EQ,INE052A01021,WINDSOR MACHINES LIMITED,289.45,293.9,285.8,291.8,288.3,1.21,27738,8093948.06
2025-09-25,WIPL,EQ,INE215F01023,THE WESTERN INDIA PLY LTD,167.0,171.89,167.0,169.09,168.7,0.23,6186,1045990.72
2025-09-25,WIPRO,EQ,INE075A01022,WIPRO LTD,245.45,245.64,241.28,242.0,244.59,-1.06,7957740,1925773080.0
2025-09-25,WOCKPHARMA,EQ,INE049B01025,WOCKHARDT LIMITED,1490.1,1507.9,1468.0,1476.1,1490.1,-0.94,173251,255735796.87
2025-09-25,WONDERLA,EQ,INE066O01014,WONDERLA HOLIDAYS LTD.,628.3,628.5,620.0,620.9,623.95,-0.49,17664,10967578.03
2025-09-25,WORTHPERI,EQ,INE196Y01018,WORTH PERIPHERALS LIMITED,158.0,160.25,154.1,155.04,157.88,-1.8,9941,1541252.57
2025-09-25,WSI,EQ,INE100D01014,W.S.INDUSTRIES (I) LTD.,76.0,77.0,75.05,75.33,75.24,0.12,45329,3414633.65
2025-09-25,WSTCSTPAPR,EQ,INE976A01021,WEST COAST PAPER MILLS LT,481.0,481.5,471.05,472.65,480.8,-1.7,54242,25637480.97
2025-09-25,XCHANGING,EQ,INE692G01013,XCHANGING SOLUTIONS LTD,86.1,86.95,85.25,85.55,86.1,-0.64,47248,4042066.54
2025-09-25,XELPMOC,EQ,INE01P501012,XELPMOC DESIGN & TECH LTD,107.99,109.5,104.0,104.47,105.78,-1.24,34434,3597320.02
2025-09-25,XPROINDIA,EQ,INE445C01015,XPRO INDIA LIMITED,1202.0,1202.0,1155.3,1159.4,1199.8,-3.37,23764,27551982.18
2025-09-25,XTGLOBAL,EQ,INE547B01028,XTGLOBAL INFOTECH LIMITED,40.7,40.7,38.6,39.12,40.4,-3.17,46540,1820644.75
2025-09-25,YASHO,EQ,INE616Z01012,YASHO INDUSTRIES LIMITED,1690.4,1703.0,1675.0,1689.7,1690.4,-0.04,9758,16488092.12
2025-09-25,YATHARTH,EQ,INE0JO301016,YATHARTH HOSP & TRA C S L,784.9,794.25,777.1,781.0,784.95,-0.5,280384,218979904.0
2025-09-25,YATRA,EQ,INE0JR601024,YATRA ONLINE LIMITED,149.0,149.02,143.54,145.0,149.01,-2.69,1039836,150776220.0
2025-09-25,YESBANK,EQ,INE528G01035,YES BANK LIMITED,21.19,21.57,21.16,21.35,21.19,0.76,117158717,2501338652.64
2025-09-25,YUKEN,EQ,INE384C01016,YUKEN INDIA LIMITED,1012.8,1012.8,976.0,983.6,977.2,0.65,4535,4460625.89
2025-09-25,ZAGGLE,EQ,INE07K301024,ZAGGLE PREPA OCEAN SER L,360.0,361.85,354.5,359.05,353.0,1.71,712220,255722582.31
2025-09-25,ZEEL,EQ,INE256A01028,ZEE ENTERTAINMENT ENT LTD,116.1,116.69,114.51,114.81,116.09,-1.1,4032040,462918502.56
2025-09-25,ZEELEARN,EQ,INE565L01011,ZEE LEARN LIMITED,9.69,9.69,9.13,9.27,9.53,-2.73,698593,6475957.43
2025-09-25,ZEEMEDIA,EQ,INE966H01019,ZEE MEDIA CORPORATION LTD,12.27,12.29,11.71,11.81,12.21,-3.28,2502594,29555636.19
2025-09-25,ZENITHEXPO,EQ,INE058B01018,ZENITH EXPORTS LTD,263.6,267.45,253.5,259.6,263.6,-1.52,321,83331.6
2025-09-25,ZENITHSTL,EQ,INE318D01020,ZENITH STEEL PIP IND LTD,7.31,7.53,6.95,7.04,7.31,-3.69,239766,1687952.63
2025-09-25,ZENSARTECH,EQ,INE520A01027,ZENSAR TECHNOLOGIES  LTD,804.75,815.5,800.55,802.95,808.0,-0.62,171708,137872940.7
2025-09-25,ZENTEC,EQ,INE251B01027,ZEN TECHNOLOGIES LIMITED,1543.2,1568.0,1514.4,1520.3,1533.2,-0.84,265974,404360285.19
2025-09-25,ZFCVINDIA,EQ,INE342J01019,ZF COM VE CTR SYS IND LTD,2158.17,2165.5,2121.0,2134.5,2157.33,-1.06,54408,116133876.0
2025-09-25,ZIMLAB,EQ,INE518E01015,ZIM LABORATORIES LIMITED,74.49,74.94,73.16,73.7,74.53,-1.11,23776,1752291.13
2025-09-25,ZODIAC,EQ,INE761Y01019,ZODIAC ENERGY LIMITED,398.0,411.0,393.0,398.25,397.5,0.19,13809,5499434.25
2025-09-25,ZODIACLOTH,EQ,INE206B01013,ZODIAC CLOTHING CO. LTD.,102.96,103.27,99.02,99.57,101.76,-2.15,8054,801936.78
2025-09-25,ZOTA,EQ,INE358U01012,ZOTA HEALTH CARE LIMITED,1474.4,1499.0,1450.0,1484.6,1462.7,1.5,32829,48737932.6
2025-09-25,ZUARI,EQ,INE840M01016,ZUARI AGRO CHEMICALS LTD,302.25,302.25,291.0,302.25,287.9,4.98,620892,187664607.0
2025-09-25,ZUARIIND,EQ,INE217A01012,ZUARI INDUSTRIES LIMITED,395.85,416.0,387.4,403.9,376.05,7.41,11987172,4841618697.64
2025-09-25,ZYDUSLIFE,EQ,INE010B01027,ZYDUS LIFESCIENCES LTD,1035.45,1042.4,1016.45,1019.25,1036.0,-1.62,1146210,1168274542.5
2025-09-25,ZYDUSWELL,EQ,INE768C01028,ZYDUS WELLNESS LIMITED,486.9,487.2,470.6,474.2,485.7,-2.37,165971,78703450.23
