date,symbol,series,isin,name,open,high,low,close,prev_close,chg_pct,volume,value
2025-09-29,3IINFOLTD,BE,INE748C01038,3I INFOTECH LIMITED,21.62,21.94,20.85,20.97,21.98,-4.6,798695,16748633.6
2025-09-29,AARTECH,BE,INE01C001026,AARTECH SOLONICS LIMITED,54.04,54.49,52.0,52.63,54.31,-3.09,37161,1955783.47
2025-09-29,AARTISURF,BE,INE09EO01013,AARTI SURFACTANTS LIMITED,461.3,473.75,458.75,461.35,464.75,-0.73,4554,2100987.93
2025-09-29,ABAN,BE,INE421A01028,ABAN OFFSHORE LTD.,42.0,42.93,41.5,42.47,42.0,1.12,19923,846129.83
2025-09-29,ABINFRA,BE,INE00YB01025,A B INFRABUILD LIMITED,18.67,18.8,18.4,18.59,18.67,-0.4,831740,15465373.45
2025-09-29,ABMINTLLTD,BE,INE251C01025,ABM INTERNATIONAL LTD,38.98,39.22,38.98,39.22,41.04,-4.43,20,784.4
2025-09-29,ACCURACY,BE,INE648Z01023,ACCURACY SHIPPING LIMITED,7.4,7.4,7.11,7.16,7.13,0.42,51245,366914.19
2025-09-29,AHLWEST,BE,INE915K01010,ASIAN HOTELS (WEST) LTD,144.15,144.15,144.15,144.15,144.15,0.0,0,0.0
2025-09-29,AKI,BE,INE642Z01026,AKI INDIA LIMITED,9.78,9.78,9.09,9.15,9.43,-2.97,60476,553355.38
2025-09-29,AKSHARCHEM,BE,INE542B01011,AKSHARCHEM INDIA LIMITED,269.2,270.4,262.0,262.95,270.05,-2.63,2087,548776.68
2025-09-29,AKSHOPTFBR,BE,INE523B01011,AKSH OPTIFIBRE  LTD,7.62,7.78,7.51,7.54,7.59,-0.66,163385,1231922.89
2025-09-29,ALPHAGEO,BE,INE137C01018,ALPHAGEO (INDIA) LIMITED,260.5,261.7,247.51,250.25,254.17,-1.54,11613,2906153.25
2025-09-29,AMANTA,BE,INE084K01015,AMANTA HEALTHCARE LIMITED,138.2,141.2,133.71,140.04,138.17,1.35,602323,84349308.88
2025-09-29,AMDIND,BE,INE005I01014,AMD INDUSTRIES LIMITED,54.55,56.4,53.8,54.7,54.8,-0.18,33565,1836005.53
2025-09-29,ANMOL,BE,INE02AR01019,ANMOL INDIA LIMITED,15.82,15.82,15.62,15.71,15.71,0.0,18938,297515.98
2025-09-29,APTECHT,BE,INE266F01018,APTECH LIMITED,119.25,120.39,118.0,119.1,119.28,-0.15,59368,7070728.71
2025-09-29,ARIES,BE,INE298I01015,ARIES AGRO LTD.,388.1,395.7,375.65,383.9,387.9,-1.03,58646,22514199.04
2025-09-29,ASAHISONG,BE,INE228I01012,ASAHI SONGWON COLOR LTD,286.55,290.6,275.25,277.85,286.55,-3.04,10871,3020507.42
2025-09-29,ASMS,BE,INE855F01042,AVIO SMART MRKT STACK LTD,14.38,14.85,14.0,14.07,14.31,-1.68,105226,1480529.79
2025-09-29,AVG,BE,INE680Z01018,AVG LOGISTICS LIMITED,224.54,225.98,217.5,220.1,221.79,-0.76,10199,2244799.96
2025-09-29,BAFNAPH,BE,INE878I01022,BAFNA PHARMACEUTICALS LTD,172.8,172.8,172.8,172.8,176.33,-2.0,8829,1525651.23
2025-09-29,BASML,BE,INE186H01022,BANNARI AM SPIN MILL LTD.,26.9,26.9,25.8,25.93,26.35,-1.59,62250,1614142.52
2025-09-29,BGRENERGY,BE,INE661I01014,BGR ENERGY SYSTEMS LTD,230.0,236.27,230.0,236.05,225.02,4.9,338890,79994985.53
2025-09-29,BHAGERIA,BE,INE354C01027,BHAGERIA INDUSTRIES LTD,178.0,180.44,173.38,175.92,177.22,-0.73,121603,21392399.54
2025-09-29,BHARATGEAR,BE,INE561C01019,BHARAT GEARS LTD,141.55,154.2,141.0,146.66,138.5,5.89,11512513,1688425198.74
2025-09-29,BILVYAPAR,BE,INE071A01013,BIL VYAPAR LIMITED,13.88,13.88,12.75,13.0,12.97,0.23,6366,82758.0
2025-09-29,BLISSGVS,BE,INE416D01022,BLISS GVS PHARMA LTD,145.15,149.3,144.77,147.38,144.79,1.79,198363,29234739.91
2025-09-29,BURNPUR,BE,INE817H01022,BURNPUR CEMENT LIMITED,33.0,33.0,33.0,33.0,33.0,0.0,0,0.0
2025-09-29,BYKE,BE,INE319B01014,THE BYKE HOSPITALITY LTD,69.4,69.4,65.02,65.59,66.61,-1.53,33854,2220483.74
2025-09-29,CALSOFT,BE,INE526B01014,CALIFORNIA SOFTWARE CO LT,13.62,14.28,13.56,13.67,14.0,-2.36,23819,325605.73
2025-09-29,CAPTRUST,BE,INE707C01018,CAPITAL TRUST LIMITED,41.0,42.19,38.9,39.24,40.93,-4.13,18207,714442.71
2025-09-29,CHEMBONDCH,BE,INE0TGX01019,CHEMBOND CHEMICAL LIMITED,172.83,172.83,162.03,164.56,164.91,-0.21,24876,4093594.5
2025-09-29,CHEMCON,BE,INE03YM01018,CHEMCON SPECIAL CHEM LTD,265.5,267.56,256.01,258.61,265.44,-2.57,596567,154278183.13
2025-09-29,CONSOFINVT,BE,INE025A01027,CONSO. FIN. & HOLD. LTD.,188.9,188.9,183.0,184.3,182.5,0.99,6059,1116673.72
2025-09-29,COUNCODOS,BE,INE695B01025,COUNTRY CONDO S LIMITED,7.04,7.3,6.65,6.7,7.01,-4.42,166003,1112220.07
2025-09-29,CTE,BE,INE627H01017,CAMBRIDGE TECH ENTER LTD,39.0,39.99,38.01,38.21,38.24,-0.08,40053,1530425.09
2025-09-29,CURAA,BE,INE117B01020,CURA TECHNOLOGIES LIMITED,221.5,221.5,221.5,221.5,226.0,-1.99,258,57147.0
2025-09-29,CYBERMEDIA,BE,INE278G01037,CYBER MEDIA (INDIA) LTD.,17.21,17.76,16.35,16.69,17.13,-2.57,9317,155500.73
2025-09-29,CYBERTECH,BE,INE214A01019,CYBERTECH SYSTEMS & SOFTW,176.8,201.0,174.11,195.11,172.52,13.09,2215528,432271669.43
2025-09-29,DAMODARIND,BE,INE497D01022,DAMODAR INDUSTRIES LTD,35.17,35.9,34.8,34.99,34.99,0.0,1733,60637.67
2025-09-29,DBSTOCKBRO,BE,INE921B01025,DB (INT) STOCK BROKERS,25.56,25.98,25.4,25.4,25.56,-0.63,4063,103200.2
2025-09-29,DELPHIFX,BE,INE726L01027,DELPHI WORLD MONEY LTD,14.64,14.88,14.15,14.55,14.67,-0.78,82942,1206913.53
2025-09-29,DIACABS,BE,INE989C01038,DIAMOND POWER INFRA LTD,151.35,155.5,150.6,153.15,150.8,1.56,2277161,348747193.25
2025-09-29,DIGJAMLMTD,BE,INE731U01028,DIGJAM LTD,57.25,58.0,55.6,56.36,57.25,-1.55,1593,89781.48
2025-09-29,DPSCLTD,BE,INE360C01024,DPSC LIMITED,12.11,13.31,11.85,12.05,12.07,-0.17,291347,3510731.41
2025-09-29,DPWIRES,BE,INE864X01013,D P WIRES LIMITED,241.5,243.8,235.62,237.81,240.93,-1.29,22880,5441092.74
2025-09-29,DSKULKARNI,BE,INE891A01022,DS KULKARNI DEVELOPERS L,13.55,13.55,13.55,13.55,13.55,0.0,0,0.0
2025-09-29,DTIL,BE,INE341R01014,DHUNSERI TEA & IND. LTD.,187.9,187.9,183.5,184.27,184.17,0.05,907,167132.89
2025-09-29,E2E,BE,INE255Z01027,E2E NETWORKS LIMITED,349.68,357.0,327.83,330.56,345.08,-4.21,2525870,834951581.03
2025-09-29,EASTSILK,BE,INE962C01035,EASTERN SILK INDUSTRIES L,43.03,43.03,43.03,43.03,40.99,4.98,301,12952.03
2025-09-29,EIFFL,BE,INE546V01010,EURO (I) FRESH FOODS LTD,225.1,235.95,225.1,227.97,225.0,1.32,9379,2138130.64
2025-09-29,EMAMIPAP,BE,INE830C01026,EMAMI PAPER MILLS LIMITED,98.1,99.95,98.0,98.28,97.47,0.83,22233,2185059.21
2025-09-29,EMMBI,BE,INE753K01015,EMMBI INDUSTRIES LIMITED,103.39,104.0,99.22,100.31,102.2,-1.85,12389,1242740.56
2025-09-29,EQUIPPP,BE,INE217G01035,EQUIPPP SOC IMP TECH LTD,22.11,22.68,20.65,21.07,21.68,-2.81,32235,679191.44
2025-09-29,ESAFSFB,BE,INE818W01011,ESAF SMALL FINANCE BANK L,28.65,28.79,28.35,28.58,28.58,0.0,120299,3438145.41
2025-09-29,EUROTEXIND,BE,INE022C01012,EUROTEX IND & EXPORTS LTD,16.2,16.9,14.4,15.72,15.41,2.01,8462,133022.64
2025-09-29,EVERESTIND,BE,INE295A01018,EVEREST INDUSTRIES LTD,690.0,703.95,675.25,697.4,680.2,2.53,8935,6231269.22
2025-09-29,FAIRCHEMOR,BE,INE0DNW01011,FAIRCHEM ORGANICS LIMITED,777.05,799.6,750.05,774.7,776.9,-0.28,11350,8792845.14
2025-09-29,FLEXITUFF,BE,INE060J01017,FLEXITUFF VENTURES INT L,24.35,24.35,23.06,23.87,23.33,2.31,9800,233926.01
2025-09-29,FOCUS,BE,INE593W01028,FOCUS LIGHTG & FIXTRS LTD,90.5,92.98,89.0,90.12,90.43,-0.34,24281,2188203.79
2025-09-29,GANESHBE,BE,INE388A01029,GANESH BENZOPLAST LIMITED,88.2,89.49,86.96,87.64,88.99,-1.52,79115,6933638.55
2025-09-29,GATECH,BE,INE224E01028,GACM TECHNOLOGIES LIMITED,0.71,0.71,0.71,0.71,0.75,-5.33,2611076,1853863.9
2025-09-29,GATECHDVR,BE,INE224E01036,GACM TECHNOLOGIES LIMITED,0.55,0.56,0.53,0.53,0.56,-5.36,1655185,877248.0
2025-09-29,GEECEE,BE,INE916G01016,GEECEE VENTURES LIMITED,369.75,372.9,363.2,366.85,363.0,1.06,1920,704352.01
2025-09-29,GFSTEELS,BE,INE534A01028,GRAND FOUNDRY LTD,10.21,10.21,10.21,10.21,10.21,0.0,10800,110268.0
2025-09-29,GICL,BE,INE947T01022,GLOBE INTL CARRIERS LTD,164.5,169.0,160.0,164.65,163.8,0.52,79500,13089674.51
2025-09-29,GINNIFILA,BE,INE424C01010,GINNIFILAMENTS LTD.,48.3,48.3,45.0,46.51,46.0,1.11,247710,11520991.68
2025-09-29,GOLDTECH,BE,INE805A01014,AION-TECH SOLUTIONS LTD,64.8,64.8,62.1,62.73,61.78,1.54,28980,1817915.39
2025-09-29,GULFPETRO,BE,INE586G01017,GP PETROLEUMS LIMITED,40.9,41.15,40.06,40.18,40.08,0.25,22057,886250.27
2025-09-29,GVKPIL,BE,INE251H01024,GVK POW. & INFRA LTD.,3.6,3.64,3.53,3.53,3.61,-2.22,763716,2695917.46
2025-09-29,GVPTECH,BE,INE382T01030,GVP INFOTECH LIMITED,10.0,10.0,8.81,9.33,9.72,-4.01,123174,1149213.41
2025-09-29,HEG,BE,INE545A01024,HEG LIMITED,508.0,519.0,506.0,507.65,506.75,0.18,474270,240763162.61
2025-09-29,HFCL,BE,INE548A01028,HFCL LIMITED,72.46,76.19,72.3,74.07,72.1,2.73,31113853,2304603082.21
2025-09-29,HITECHCORP,BE,INE120D01012,HITECH CORPORATION LTD,193.99,194.23,186.6,189.37,191.08,-0.89,19740,3738163.7
2025-09-29,HITECHGEAR,BE,INE127B01011,THE HI-TECH GEARS LIMITED,735.0,760.0,735.0,743.25,751.6,-1.11,2421,1799408.25
2025-09-29,HMVL,BE,INE871K01015,HINDUSTAN MEDIA VENT LTD,84.49,86.9,83.11,84.43,83.54,1.07,177730,15005743.95
2025-09-29,HYBRIDFIN,BE,INE965B01022,HYBRID FINANCIAL SERVICE,15.25,15.95,15.25,15.79,15.39,2.6,10638,167974.02
2025-09-29,ICDSLTD,BE,INE613B01010,ICDSLTD,62.15,62.32,56.5,57.22,59.36,-3.61,9912,567164.65
2025-09-29,INDOAMIN,BE,INE760F01028,INDO AMINES LIMITED,135.0,140.49,134.3,135.74,136.67,-0.68,82677,11222576.43
2025-09-29,IVP,BE,INE043C01018,IVP LIMITED,161.0,162.75,157.1,157.98,158.05,-0.04,3451,545188.97
2025-09-29,KALYANIFRG,BE,INE314G01014,KALYANI FORGE LIMITED,665.1,684.4,657.0,660.6,662.35,-0.26,605,399662.99
2025-09-29,KAMDHENU,BE,INE390H01020,KAMDHENU LIMITED,26.29,28.2,26.28,27.66,26.39,4.81,2079323,57514073.86
2025-09-29,KANORICHEM,BE,INE138C01024,KANORIACHEMICALS-,80.49,82.19,80.49,81.2,80.4,1.0,5760,467711.98
2025-09-29,KAUSHALYA,BE,INE234I01028,KAUSHALYA INFRA DEV LTD.,1214.8,1214.8,1161.1,1172.0,1217.9,-3.77,403,472316.0
2025-09-29,KAVDEFENCE,BE,INE641C01019,KAVVERI DFS & WIR TEC LTD,147.74,147.74,147.74,147.74,140.71,5.0,149324,22061128.58
2025-09-29,KAYA,BE,INE587G01015,KAYA LIMITED,459.0,465.0,459.0,459.0,468.0,-1.92,2370,1087830.0
2025-09-29,KCPSUGIND,BE,INE790B01024,KCPSUGARINDUS,31.8,31.81,30.9,30.99,31.28,-0.93,66440,2058975.58
2025-09-29,KESORAMIND,BE,INE087A01019,KESORAM INDUSTRIES LTD,5.81,5.97,5.47,5.47,5.76,-5.03,2572711,14072728.63
2025-09-29,KHADIM,BE,INE834I01025,KHADIM INDIA LIMITED,266.5,266.51,254.65,258.24,263.8,-2.11,66201,17095745.59
2025-09-29,KILITCH,BE,INE729D01010,KILITCH DRUGS INDIA LTD,173.0,173.5,166.5,169.0,170.43,-0.84,9282,1568658.0
2025-09-29,KOTARISUG,BE,INE419A01022,KOTHARI SUG & CHEM LTD.,30.22,30.46,29.66,30.0,30.19,-0.63,37646,1129380.0
2025-09-29,KOTYARK,BE,INE0J0B01017,KOTYARK INDUSTRIES LTD,29.21,30.64,29.21,29.64,29.21,1.46,116600,3455599.82
2025-09-29,KRONOX,BE,INE0ATZ01017,KRONOX LAB SCIENCES LTD,163.1,163.85,159.51,161.3,162.09,-0.49,80119,12923194.94
2025-09-29,LANCORHOL,BE,INE572G01025,LANCOR HOLDINGS LIMITED,22.59,23.34,22.5,22.63,22.59,0.18,24096,545292.46
2025-09-29,LOTUSDEV,BE,INE0V9Q01010,SRI LOTUS DEVLPRS N RTY L,195.0,195.54,188.5,191.82,193.6,-0.92,2081124,399201220.92
2025-09-29,LYKALABS,BE,INE933A01014,LYKA LABS LTD.,93.5,96.5,93.5,95.56,94.85,0.75,11408,1090148.45
2025-09-29,MADHUCON,BE,INE378D01032,MADHUCON PROJECTS LTD.,8.39,8.39,8.0,8.11,8.0,1.37,54155,439197.03
2025-09-29,MAHASTEEL,BE,INE451L01014,MAHAMAYA STEEL INDS LTD,411.45,413.0,408.5,412.7,410.0,0.66,50341,20775731.31
2025-09-29,MANAKSTEEL,BE,INE824Q01011,MANAKSIA STEELS LTD,59.24,60.49,59.2,59.87,59.24,1.06,7450,446031.49
2025-09-29,MAZDA,BE,INE885E01042,MAZDA LIMITED,264.4,265.85,261.7,264.05,263.1,0.36,8911,2352949.44
2025-09-29,MBECL,BE,INE748A01024,MCNALLY BHARAT ENGIN CO L,65.4,65.4,65.4,65.4,65.4,0.0,0,0.0
2025-09-29,MEDICAMEQ,BE,INE646B01010,MEDICAMEN BIOTECH LIMITED,300.35,305.1,299.15,300.5,303.55,-1.0,30959,9303179.5
2025-09-29,MENONBE,BE,INE071D01033,MENON BEARINGS LIMITED,128.3,132.0,127.11,129.26,127.8,1.14,38604,4989952.83
2025-09-29,MHLXMIRU,BE,INE112D01035,MAHALAXMI RUBTECH LIMITED,219.0,221.0,217.14,218.92,218.02,0.41,11300,2473795.98
2025-09-29,MICEL,BE,INE287C01037,MIC ELECTRONICS LTD,57.49,59.2,56.12,57.03,56.8,0.4,9100800,519018612.89
2025-09-29,MODISONLTD,BE,INE737D01021,MODISON LIMITED,159.85,165.0,159.0,162.35,159.51,1.78,54583,8861550.38
2025-09-29,MOLDTECH,BE,INE835B01035,MOLD-TEK TECHNOLOGIES LTD,174.9,183.0,172.42,180.57,171.89,5.05,269088,48589222.13
2025-09-29,MTARTECH,BE,INE864I01014,MTAR TECHNOLOGIES LIMITED,1896.3,1924.2,1863.7,1907.9,1879.0,1.54,395708,754971302.86
2025-09-29,MTEDUCARE,BE,INE472M01018,MT EDUCARE LTD,2.1,2.1,1.92,2.08,2.02,2.97,13859,28826.72
2025-09-29,MUKKA,BE,INE0CG401037,MUKKA PROTEINS LIMITED,27.22,27.23,26.14,26.33,26.38,-0.19,233164,6139208.1
2025-09-29,MUKTAARTS,BE,INE374B01019,MUKTA ARTS LIMITED,68.99,69.49,67.95,69.08,67.95,1.66,1129,77991.32
2025-09-29,NATCAPSUQ,BE,INE936B01015,NATURAL CAPSULES LIMITED,272.5,285.18,260.0,276.93,272.13,1.76,102623,28419386.64
2025-09-29,NAVKARURB,BE,INE268H01044,NAVKAR URBANSTRUCTURE LTD,2.45,2.45,2.45,2.45,2.51,-2.39,220396,539970.21
2025-09-29,NECCLTD,BE,INE553C01016,NORTH EAST CARRY CORP LTD,20.61,21.0,20.53,20.71,20.61,0.49,33900,702068.97
2025-09-29,NEUEON,BE,INE333I01044,NEUEON CORPORATION LTD,5.22,5.22,5.22,5.22,5.22,0.0,0,0.0
2025-09-29,NIRAJISPAT,BE,INE326T01011,NIRAJ ISPAT IND LTD,347.4,347.4,332.5,332.5,349.9,-4.97,654,217455.0
2025-09-29,NRL,BE,INE0JM501013,NUPUR RECYCLERS LIMITED,72.42,76.84,71.1,72.05,72.42,-0.51,81309,5858313.7
2025-09-29,NURECA,BE,INE0DSF01015,NURECA LIMITED,226.01,234.58,226.0,227.9,228.34,-0.19,12059,2748246.03
2025-09-29,OCCLLTD,BE,INE0PK601023,OCCL LIMITED,136.8,136.8,125.55,128.23,128.82,-0.46,35609,4566141.92
2025-09-29,OILCOUNTUB,BE,INE591A01010,OIL COUNTRY TUBULAR LTD.,69.88,69.88,67.05,67.71,68.42,-1.04,26628,1802981.86
2025-09-29,ONELIFECAP,BE,INE912L01015,ONELIFE CAP ADVISORS LTD,13.47,13.47,13.29,13.36,13.47,-0.82,1276,17047.36
2025-09-29,ONMOBILE,BE,INE809I01019,ONMOBILE GLOBAL LTD.,70.0,71.4,66.83,67.81,69.35,-2.22,1167950,79198686.65
2025-09-29,ORBTEXP,BE,INE231G01010,ORBIT EXPORTS LIMITED,185.0,185.0,176.6,177.69,180.77,-1.7,2556,454175.65
2025-09-29,ORIENTLTD,BE,INE609C01024,ORIENT PRESS LIMITED,82.15,86.8,80.0,83.41,82.4,1.23,16548,1380268.74
2025-09-29,OSIAHYPER,BE,INE06IR01021,OSIA HYPER RETAIL LIMITED,24.11,24.99,24.11,24.11,25.38,-5.0,927577,22363882.04
2025-09-29,PANACHE,BE,INE895W01019,PANACHE DIGILIFE LIMITED,414.0,414.0,383.01,393.2,402.94,-2.42,145170,57080845.77
2025-09-29,PAR,BE,INE04LG01015,PAR DRUGS AND CHEM LTD,108.5,108.5,102.25,104.96,104.06,0.86,6462,678251.51
2025-09-29,PARSVNATH,BE,INE561H01026,PARSVNATH DEVELOPER LTD,13.05,13.47,12.95,13.09,13.18,-0.68,171949,2250812.44
2025-09-29,PATINTLOG,BE,INE529D01014,PATEL INT. LOG. LTD,15.18,15.18,13.5,14.08,14.71,-4.28,239686,3374778.86
2025-09-29,PKTEA,BE,INE431F01018,THE P K TEA PROD CO LTD,860.0,888.0,815.0,825.0,851.3,-3.09,921,759825.0
2025-09-29,PPAP,BE,INE095I01015,PPAP AUTOMOTIVE LIMITED,222.51,229.0,215.69,216.91,227.05,-4.47,6148,1333562.7
2025-09-29,PPL,BE,INE050001010,PRAKASH PIPES LIMITED,306.95,308.55,303.6,306.6,305.4,0.39,25793,7908133.96
2025-09-29,PREMIER,BE,INE342A01018,PREMIER LIMITED,3.5,3.67,3.4,3.5,3.5,0.0,6472,22652.0
2025-09-29,PRITIKAUTO,BE,INE583R01029,PRITIKA AUTO INDUS LTD,17.11,17.12,16.88,16.92,16.95,-0.18,90982,1539415.45
2025-09-29,PRUDMOULI,BE,INE024D01016,PRUDENTIAL SUGAR CORPORAT,28.79,29.63,27.25,28.36,28.13,0.82,716067,20307660.56
2025-09-29,QMSMEDI,BE,INE0FMW01018,QMS MEDICAL ALLIED S LTD,99.15,101.95,97.9,100.45,99.15,1.31,23000,2310349.93
2025-09-29,RADHIKAJWE,BE,INE583V01021,RADHIKA JEWELTECH LIMITED,89.66,91.5,88.6,89.32,89.66,-0.38,184505,16479986.54
2025-09-29,RAJOOENG,BE,INE535F01024,RAJOO ENGINEERS LIMITED,84.5,86.08,82.91,84.24,85.52,-1.5,491837,41432347.83
2025-09-29,RAJRILTD,BE,INE533D01032,RAJ RAYON INDUSTRIES LTD,28.49,28.49,27.92,28.05,28.49,-1.54,20994,588881.68
2025-09-29,RAMASTEEL,BE,INE230R01035,RAMA STEEL TUBES LIMITED,10.1,10.12,9.74,9.78,10.06,-2.78,13965685,136584395.57
2025-09-29,RBZJEWEL,BE,INE0PEQ01016,RBZ JEWELLERS LIMITED,134.32,136.99,132.42,134.11,133.32,0.59,38587,5174902.59
2025-09-29,RCOM,BE,INE330H01018,RELIANCE COMMUNICATIONS L,1.37,1.41,1.37,1.39,1.37,1.46,1970343,2738776.74
2025-09-29,RELINFRA,BE,INE036A01016,RELIANCE INFRASTRUCTU LTD,249.9,255.2,245.0,247.65,247.2,0.18,630811,156220340.3
2025-09-29,REPL,BE,INE364Z01019,RUDRABHISHEK ENTERP LTD,150.0,152.69,148.59,150.6,148.61,1.34,9522,1434013.26
2025-09-29,RMDRIP,BE,INE219Y01026,R M DRIP & SPRINK SYS LTD,43.75,44.39,42.06,42.44,44.51,-4.65,4706636,199737865.25
2025-09-29,RNBDENIMS,BE,INE012Q01039,R&B DENIMS LIMITED,39.57,40.06,38.67,39.67,39.02,1.65,74808,2967383.81
2025-09-29,ROLLT,BE,INE927A01040,ROLLATAINERS LIMITED,1.3,1.3,1.23,1.24,1.27,-2.36,178553,221405.72
2025-09-29,RPPL,BE,INE760W01023,RAJSHREE POLYPACK LTD,21.2,21.45,20.73,21.07,21.0,0.33,102864,2167344.45
2025-09-29,RSWM,BE,INE611A01016,RSWM LIMITED,150.9,152.94,146.31,147.82,147.85,-0.02,37955,5610508.38
2025-09-29,SADHNANIQ,BE,INE888C01040,SADHANA NITROCHEM LIMITED,9.46,9.46,9.46,9.46,9.66,-2.07,78208,739847.68
2025-09-29,SANGINITA,BE,INE753W01010,SANGINITA CHEMICALS LTD,10.19,10.88,10.0,10.13,9.98,1.5,37609,380979.17
2025-09-29,SCPL,BE,INE501Y01019,SHEETAL COOL PRODUCTS LTD,239.98,241.0,233.0,234.03,237.91,-1.63,14965,3502258.93
2025-09-29,SETCO,BE,INE878E01021,SETCO AUTOMOTIVE LTD,18.29,18.29,17.6,17.6,18.53,-5.02,141483,2490100.85
2025-09-29,SEYAIND,BE,INE573R01012,SEYA INDUSTRIES LIMITED,17.49,17.49,16.01,16.79,16.7,0.54,5148,86434.92
2025-09-29,SHAHALLOYS,BE,INE640C01011,SHAH ALLOYS LIMITED,65.2,69.85,64.54,68.22,66.53,2.54,40327,2751107.99
2025-09-29,SHALPAINTS,BE,INE849C01026,SHALIM PAINTS LTD,77.29,85.5,76.2,83.38,76.18,9.45,1263742,105370804.49
2025-09-29,SHEKHAWATI,BE,INE268L01046,SHEKHAWATI INDUSTRIES LTD,21.98,22.6,21.15,21.44,21.81,-1.7,40305,864139.22
2025-09-29,SHEMAROO,BE,INE363M01019,SHEMAROO ENTER. LTD.,115.7,115.7,113.0,113.11,113.75,-0.56,3552,401766.72
2025-09-29,SHYAMCENT,BE,INE979R01011,SHYAM CENTURY FERROUS LTD,7.0,7.26,7.0,7.14,7.11,0.42,57255,408800.69
2025-09-29,SICALLOG,BE,INE075B01020,SICAL LOGISTICS LIMITED,103.92,103.92,103.92,103.92,109.39,-5.0,50,5196.0
2025-09-29,SIGIND,BE,INE529F01035,SIGNET INDUSTRIES LIMITED,52.02,52.98,51.24,51.58,52.02,-0.85,20091,1036293.82
2025-09-29,SIGMAADV,BE,INE933B01012,SIGMA ADVANCED SYSTEM LTD,157.98,160.39,151.0,152.2,157.58,-3.41,283245,43109888.14
2025-09-29,SIKKO,BE,INE112X01025,SIKKO INDUSTRIES LIMITED,3.54,3.68,3.5,3.62,3.52,2.77,1022180,3698247.27
2025-09-29,SMARTLINK,BE,INE178C01020,SMARTLINK HOLDINGS LTD,150.51,153.97,148.01,148.99,150.36,-0.91,1480,220505.21
2025-09-29,SONAMLTD,BE,INE00LM01029,SONAM LIMITED,45.4,45.4,43.51,44.55,43.66,2.04,43101,1920149.52
2025-09-29,SPECIALITY,BE,INE247M01014,SPECIALITY REST LTD,127.7,149.49,127.7,138.87,126.84,9.48,749489,104081533.77
2025-09-29,SPECTRUM,BE,INE01EO01010,SPECTRUM ELECTRIC IND LTD,1399.9,1399.9,1333.1,1346.7,1373.9,-1.98,3513,4730956.93
2025-09-29,SREEL,BE,INE099F01013,SREELEATHERS LIMITED,233.8,233.8,227.71,229.0,232.12,-1.34,6108,1398732.0
2025-09-29,STALLION,BE,INE0RYC01010,STALLION IND FLUOROCHEM L,203.9,241.15,203.9,229.57,202.05,13.62,10504573,2411534900.55
2025-09-29,STERTOOLS,BE,INE334A01023,STERLING TOOLS LIMITED,313.7,316.8,306.35,310.9,312.05,-0.37,50335,15649151.19
2025-09-29,STLTECH,BE,INE089C01029,STERLITE TECHNOLOGIES LTD,117.89,120.98,115.91,116.56,117.09,-0.45,1040669,121300376.1
2025-09-29,SUNDRMBRAK,BE,INE073D01013,SUNDARAMBRAKE LININGS LTD,755.9,774.1,752.55,764.1,751.15,1.72,1399,1068975.87
2025-09-29,SUPERSPIN,BE,INE662A01027,SUPER SPINNING MILLS LTD,9.11,9.34,9.03,9.16,9.11,0.55,44548,408059.67
2025-09-29,SUTLEJTEX,BE,INE645H01027,SUTLEJ TEXT & INDUS LTD,36.1,36.1,34.52,34.63,35.1,-1.34,36806,1274591.82
2025-09-29,SWANDEF,BE,INE542F01020,SWAN DEFENCE N HEVY IND L,605.95,605.95,605.95,605.95,577.1,5.0,1810,1096769.52
2025-09-29,SWARAJ,BE,INE0GMR01016,SWARAJ SUITING LIMITED,165.7,165.7,158.5,164.0,168.9,-2.9,15000,2460000.0
2025-09-29,TICL,BE,INE388G01026,TWAMEV CONS AND INFRA LTD,23.5,24.49,22.25,23.63,23.29,1.46,790134,18670865.76
2025-09-29,TIJARIA,BE,INE440L01017,TIJARIA POLYPIPES LTD,6.29,6.29,5.86,6.1,6.04,0.99,11995,73169.5
2025-09-29,TIL,BE,INE806C01018,TIL LTD,325.0,331.9,315.55,317.25,322.3,-1.57,15202,4822834.5
2025-09-29,TIRUPATIFL,BE,INE319Y01024,TIRUPATI FORGE LIMITED,36.63,38.5,36.25,36.6,37.35,-2.01,83837,3068434.07
2025-09-29,TOTAL,BE,INE336X01012,TOTAL TRANSPORT SYS LTD,76.0,77.49,69.6,71.19,71.57,-0.53,12681,902760.42
2025-09-29,TPHQ,BE,INE065J01024,TEAMO PRODUCTIONS HQ LTD,0.69,0.71,0.66,0.66,0.7,-5.71,7573728,4998660.68
2025-09-29,TRANSWORLD,BE,INE757B01015,TRANSWORLD SHIP LINES LTD,250.45,258.0,248.55,252.77,250.45,0.93,17824,4505372.56
2025-09-29,TVVISION,BE,INE871L01013,TV VISION LIMITED,7.18,7.18,6.63,6.72,6.98,-3.72,55862,375392.63
2025-09-29,UCAL,BE,INE139B01016,UCAL LIMITED,135.14,141.49,135.14,139.37,135.98,2.49,21068,2936247.06
2025-09-29,UFBL,BE,INE382M01027,UNITED FOODBRANDS LIMITED,230.0,232.7,224.3,229.15,227.45,0.75,165430,37908283.49
2025-09-29,UMAEXPORTS,BE,INE0GIU01018,UMA EXPORTS LIMITED,48.27,48.27,45.0,45.66,47.1,-3.06,21469,980274.54
2025-09-29,UNIVASTU,BE,INE562X01013,UNIVASTU INDIA LIMITED,77.13,79.35,76.07,76.63,77.13,-0.65,33792,2589593.53
2025-09-29,UNIVPHOTO,BE,INE03V001013,UNIVERSUS IMAGINGS LTD,255.8,262.9,250.05,255.65,255.8,-0.06,450,115042.5
2025-09-29,URAVIDEF,BE,INE568Z01015,URAVI DEFENCE &TECH LTD,221.8,235.35,221.8,223.85,233.45,-4.11,344771,77176990.45
2025-09-29,UYFINCORP,BE,INE152C01025,U. Y. FINCORP LIMITED,15.15,15.15,14.36,14.76,14.9,-0.94,180268,2660755.72
2025-09-29,VALIANTLAB,BE,INE0JWS01017,VALIANT LABORATORIES LTD,83.16,86.42,81.55,81.87,82.54,-0.81,42530,3481931.22
2025-09-29,VALIANTORG,BE,INE565V01010,VALIANT ORGANICS LIMITED,333.4,339.7,325.0,327.15,333.05,-1.77,7847,2567146.0
2025-09-29,VARDHACRLC,BE,INE116G01013,VARDHAMAN ACRYLICS LTD,44.15,45.05,43.5,44.62,43.96,1.5,48561,2166791.77
2025-09-29,VCL,BE,INE098201036,VAXTEX COTFAB LIMITED,0.98,1.03,0.98,1.01,1.03,-1.94,90523,91428.23
2025-09-29,VENUSREM,BE,INE411B01019,VENUS REMEDIES LIMITED,432.0,450.6,430.3,432.3,439.4,-1.62,15650,6765494.81
2025-09-29,VETO,BE,INE918N01018,VETO SWITCHGEAR CABLE LTD,117.0,117.65,112.86,116.13,113.37,2.43,39223,4554966.88
2025-09-29,VHLTD,BE,INE048C01025,VICEROY HOTELS LIMITED,116.5,121.99,116.5,118.0,119.82,-1.52,16960,2001280.0
2025-09-29,VIJIFIN,BE,INE159N01027,VIJI FINANCE LIMITED,2.97,3.05,2.77,3.05,2.91,4.81,122305,373030.24
2025-09-29,VIPULLTD,BE,INE946H01037,VIPUL LIMITED,10.09,10.09,9.37,9.44,9.73,-2.98,264016,2492310.93
2025-09-29,VIVIMEDLAB,BE,INE526G01021,VIVIMED LABS LIMITED,4.95,4.95,4.95,4.95,4.95,0.0,0,0.0
2025-09-29,WELINV,BE,INE389K01018,WELSPUN INV & COMM LTD,1040.0,1042.45,1022.05,1040.0,1022.05,1.76,87,90480.0
2025-09-29,AGSTRA,BZ,INE583L01014,AGS TRANSACT TECH LTD,4.01,4.03,3.88,4.01,3.96,1.26,611592,2452484.06
2025-09-29,ANKITMETAL,BZ,INE106I01010,ANKIT MET & POW LTD,1.9,2.05,1.9,2.04,2.0,2.0,6706,13680.24
2025-09-29,ANSALAPI,BZ,INE436A01026,ANSAL PROP & INFRA LTD,4.68,4.72,4.6,4.64,4.63,0.22,18713,86828.32
2025-09-29,ARSHIYA,BZ,INE968D01022,ARSHIYA LIMITED,1.9,1.9,1.77,1.78,1.87,-4.81,232123,413178.93
2025-09-29,ASTRON,BZ,INE646X01014,ASTRON PAPER BORD MIL LTD,14.4,14.4,13.03,13.19,13.72,-3.86,53726,708645.92
2025-09-29,COMPINFO,BZ,INE070C01037,COMPUAGE INFOCOM LTD,1.72,1.88,1.72,1.73,1.8,-3.89,16567,28660.91
2025-09-29,DHARAN,BZ,INE278R01034,DHARAN INFRA-EPC LIMITED,0.59,0.61,0.59,0.59,0.61,-3.28,16078687,9486424.91
2025-09-29,FEL,BZ,INE623B01027,FUTURE ENTERPRISES LTD,0.6,0.6,0.58,0.59,0.59,0.0,84845,50058.55
2025-09-29,FELDVR,BZ,IN9623B01058,FUTURE ENTERPRISES LTD,3.58,3.58,3.35,3.36,3.41,-1.47,4276,14367.36
2025-09-29,FLFL,BZ,INE452O01016,FUT LIFESTYLE FASH LTD,1.66,1.74,1.6,1.72,1.66,3.61,27074,46567.28
2025-09-29,GENSOL,BZ,INE06H201014,GENSOL ENGINEERING LTD,41.52,41.52,41.52,41.52,43.71,-5.01,6366,264316.32
2025-09-29,GOLDENTOBC,BZ,INE973A01010,GOLDEN TOBACCO LIMITED,34.9,34.9,33.52,33.71,34.5,-2.29,4231,142627.01
2025-09-29,HDIL,BZ,INE191I01012,HOUSING DEV & INFRA LTD,2.91,3.03,2.9,2.94,2.97,-1.01,98445,289428.31
2025-09-29,HMT,BZ,INE262A01018,HMT LTD -,58.23,60.0,58.2,59.17,58.23,1.61,6522,385906.73
2025-09-29,IL&FSENGG,BZ,INE369I01014,IL&FS ENG AND CONS CO LTD,29.73,30.4,29.73,30.06,30.34,-0.92,2488,74789.28
2025-09-29,IL&FSTRANS,BZ,INE975G01012,IL&FS TRANS NET LTD,3.13,3.13,3.02,3.08,3.08,0.0,21425,65989.0
2025-09-29,IMPEXFERRO,BZ,INE691G01015,IMPEX FERRO TECH LIMITED,2.02,2.02,1.94,1.95,1.95,0.0,1613,3145.35
2025-09-29,LAKPRE,BZ,INE651C01018,LAKSHMI PRE SCRE LTD,4.8,5.06,4.8,4.82,5.05,-4.55,14756,71123.92
2025-09-29,MEP,BZ,INE776I01010,MEP INFRA. DEVELOPERS LTD,1.82,1.82,1.82,1.82,1.79,1.68,6769,12319.58
2025-09-29,RAJESHEXPO,BZ,INE343B01030,RAJESH EXPORTS LTD,184.89,185.92,179.3,180.73,182.61,-1.03,448902,81130056.54
2025-09-29,RHFL,BZ,INE217K01011,RELIANCE HOME FINANCE LTD,3.37,3.72,3.37,3.72,3.55,4.79,3163303,11767487.25
2025-09-29,SANWARIA,BZ,INE890C01046,SANWARIA CONSUMER LIMITED,0.34,0.35,0.33,0.33,0.34,-2.94,1086041,358393.54
2025-09-29,SETUINFRA,BZ,INE023M01027,SETUBANDHAN INFRA LTD,0.69,0.69,0.69,0.69,0.73,-5.48,71,48.99
2025-09-29,SHRENIK,BZ,INE632X01030,SHRENIK LIMITED,0.57,0.57,0.53,0.55,0.55,0.0,1876359,1031997.47
2025-09-29,SIMBHALS,BZ,INE748T01016,SIMBHAOLI SUGARS LTD.,14.29,14.29,13.5,13.71,13.61,0.73,8272,113409.12
2025-09-29,SITINET,BZ,INE965H01011,SITI NETWORKS LIMITED,0.48,0.49,0.47,0.47,0.48,-2.08,1022445,480549.15
2025-09-29,SUPREMEENG,BZ,INE319Z01021,SUPREME ENGINEERING LTD,0.86,0.86,0.86,0.86,0.91,-5.49,80299,69057.14
2025-09-29,20MICRONS,EQ,INE144J01027,20 MICRONS LTD,220.0,221.98,208.22,210.44,220.78,-4.68,164732,34666202.48
2025-09-29,21STCENMGM,EQ,INE253B01015,21ST CENTURY MGMT SERVICE,51.17,52.37,50.4,51.29,51.4,-0.21,6910,354413.91
2025-09-29,360ONE,EQ,INE466L01038,360 ONE WAM LIMITED,1002.0,1040.7,1002.0,1028.7,1001.8,2.69,1111488,1143387651.33
2025-09-29,3MINDIA,EQ,INE470A01017,3M INDIA LIMITED,29150.0,29165.0,28765.0,28835.0,29150.0,-1.08,4581,132093135.0
2025-09-29,3PLAND,EQ,INE105C01023,3P LAND HOLDINGS LIMITED,43.75,45.49,43.52,43.66,44.26,-1.36,9982,435814.12
2025-09-29,5PAISA,EQ,INE618L01018,5PAISA CAPITAL LIMITED,350.85,351.1,344.1,345.05,349.05,-1.15,10773,3717223.52
2025-09-29,63MOONS,EQ,INE111B01023,63 MOONS TECHNOLOGIES LTD,870.7,879.9,862.25,864.55,870.75,-0.71,50981,44075622.93
2025-09-29,A2ZINFRA,EQ,INE619I01012,A2Z INFRA ENGINEERING LTD,17.16,17.16,17.16,17.16,17.52,-2.05,31874,546957.84
2025-09-29,AAATECH,EQ,INE0D0U01013,AAA TECHNOLOGIES LIMITED,78.99,79.0,77.07,78.59,77.0,2.06,425113,33409629.11
2025-09-29,AADHARHFC,EQ,INE883F01010,AADHAR HOUSING FINANCE L,515.0,526.0,510.1,511.55,511.85,-0.06,302727,154859993.15
2025-09-29,AAKASH,EQ,INE087Z01024,AAKASH EXPLORATION SER L,10.29,10.29,9.62,9.64,9.69,-0.52,86499,833850.39
2025-09-29,AAREYDRUGS,EQ,INE198H01019,AAREY DRUGS & PHARM LTD,79.4,82.0,78.21,80.79,78.53,2.88,77093,6228343.54
2025-09-29,AARON,EQ,INE721Z01010,AARON INDUSTRIES LIMITED,193.99,193.99,185.6,186.63,190.33,-1.94,12737,2377106.37
2025-09-29,AARTIDRUGS,EQ,INE767A01016,AARTI DRUGS LTD.,478.0,486.0,470.4,482.2,469.95,2.61,154826,74657099.09
2025-09-29,AARTIIND,EQ,INE769A01020,AARTI INDUSTRIES LTD,374.65,381.0,370.1,372.85,374.6,-0.47,417374,155617898.45
2025-09-29,AARTIPHARM,EQ,INE0LRU01027,AARTI PHARMALABS LIMITED,830.0,839.9,802.85,809.1,824.05,-1.81,286745,232005372.5
2025-09-29,AARVI,EQ,INE754X01016,AARVI ENCON LIMITED,123.85,123.99,119.3,120.07,122.57,-2.04,17039,2045872.72
2025-09-29,AAVAS,EQ,INE216P01012,AAVAS FINANCIERS LIMITED,1620.0,1639.9,1587.5,1608.3,1574.8,2.13,574287,923625810.14
2025-09-29,ABB,EQ,INE117A01022,ABB INDIA LIMITED,5173.4,5246.0,5167.1,5207.8,5173.4,0.66,228230,1188576149.42
2025-09-29,ABBOTINDIA,EQ,INE358A01014,ABBOTT INDIA LIMITED,29740.0,30000.0,29520.0,29665.0,29740.0,-0.25,7034,208663610.0
2025-09-29,ABCAPITAL,EQ,INE674K01013,ADITYA BIRLA CAPITAL LTD.,280.25,290.75,279.55,289.85,278.9,3.93,8153327,2363241880.71
2025-09-29,ABCOTS,EQ,INE08PH01015,A B COTSPIN INDIA LIMITED,451.85,451.85,435.95,444.15,435.65,1.95,32011,14217685.45
2025-09-29,ABDL,EQ,INE552Z01027,ALLIED BLEND N DISTILS L,516.0,525.4,508.3,510.8,515.4,-0.89,180403,92149850.2
2025-09-29,ABFRL,EQ,INE647O01011,ADITYA BIRLA FASHION & RT,85.75,85.76,83.15,85.01,84.9,0.13,9055599,769816490.33
2025-09-29,ABGSEC,EQ,INF209KC1134,BIRLASLAMC - ABGSEC,110.94,111.97,110.07,110.73,110.94,-0.19,978,108293.94
2025-09-29,ABLBL,EQ,INE14LE01019,ADITYA BIRLA LIFES BRAN L,133.59,137.5,131.51,135.33,132.16,2.4,4880274,660447489.36
2025-09-29,ABREL,EQ,INE055A01016,ADITYA BIRLA REAL EST LTD,1756.8,1760.0,1655.3,1669.2,1743.3,-4.25,119680,199769850.16
2025-09-29,ABSLAMC,EQ,INE404A01024,ADIT BIRL SUN LIF AMC LTD,777.5,793.9,771.05,777.15,777.5,-0.05,283003,219935788.36
2025-09-29,ABSLBANETF,EQ,INF209KB17D5,BIRLASLAMC - ABSLBANETF,54.21,56.04,54.21,55.57,55.61,-0.07,63638,3536363.64
2025-09-29,ABSLLIQUID,EQ,INF209KB18T9,BIRLASLAMC - ABSLLIQUID,1000.01,1000.01,999.99,1000.01,1000.0,0.0,1573,1573015.75
2025-09-29,ABSLNN50ET,EQ,INF209KB16D7,BIRLASLAMC - ABSLNN50ET,69.5,72.87,69.5,71.0,70.27,1.04,144439,10255169.0
2025-09-29,ABSLPSE,EQ,INF209KB19Z4,BIRLASLAMC-ABSLPSE,9.9,10.09,9.89,10.03,9.9,1.31,72591,728087.71
2025-09-29,ACC,EQ,INE012A01025,ACC LIMITED,1824.5,1841.7,1802.4,1807.7,1824.4,-0.92,118306,213861750.42
2025-09-29,ACCELYA,EQ,INE793A01012,ACCELYA SOLN INDIA LTD,1479.0,1479.0,1455.1,1458.6,1452.4,0.43,11812,17228982.91
2025-09-29,ACE,EQ,INE731H01025,ACTION CONST EQUIP LTD,1081.0,1104.4,1067.3,1076.2,1080.1,-0.36,189370,203799984.75
2025-09-29,ACEINTEG,EQ,INE543V01017,ACE INTEGRATED SOLU. LTD.,24.22,25.44,23.58,23.88,24.44,-2.29,5059,120808.92
2025-09-29,ACI,EQ,INE128X01021,ARCHEAN CHEMICAL IND LTD,689.3,694.1,672.55,680.1,692.9,-1.85,331348,225349766.71
2025-09-29,ACL,EQ,INE666E01020,ANDHRA CEMENTS LIMITED,85.73,85.73,85.73,85.73,87.48,-2.0,4524,387842.54
2025-09-29,ACMESOLAR,EQ,INE622W01025,ACME SOLAR HOLDINGS LTD,268.0,280.9,267.6,277.65,266.95,4.01,1469945,408130220.28
2025-09-29,ACUTAAS,EQ,INE00FF01025,ACUTAAS CHEMICALS LIMITED,1355.0,1369.2,1328.0,1348.3,1358.1,-0.72,253906,342341472.2
2025-09-29,ADANIENSOL,EQ,INE931S01010,ADANI ENERGY SOLUTION LTD,880.05,887.3,869.5,871.75,879.2,-0.85,1053287,918202942.25
2025-09-29,ADANIENT,EQ,INE423A01024,ADANI ENTERPRISES LIMITED,2543.7,2555.0,2505.0,2509.5,2543.7,-1.34,1012402,2540622819.0
2025-09-29,ADANIGREEN,EQ,INE364U01010,ADANI GREEN ENERGY LTD,1053.9,1062.95,1027.3,1035.35,1047.4,-1.15,3108705,3218597645.85
2025-09-29,ADANIPORTS,EQ,INE742F01042,ADANI PORT & SEZ LTD,1393.6,1401.3,1377.6,1383.2,1392.0,-0.63,1978395,2736515867.4
2025-09-29,ADANIPOWER,EQ,INE814H01029,ADANI POWER LTD,148.7,149.6,144.2,146.65,146.25,0.27,43205955,6336153037.04
2025-09-29,ADFFOODS,EQ,INE982B01027,ADF FOODS LIMITED,221.3,222.0,218.06,219.87,220.58,-0.32,38902,8553382.55
2025-09-29,ADL,EQ,INE0CHO01012,ARCHIDPLY DECOR LIMITED,83.0,86.98,83.0,85.28,84.18,1.31,470,40081.6
2025-09-29,ADOR,EQ,INE045A01017,ADOR WELDING LTD,980.05,985.15,973.6,979.45,980.05,-0.06,3759,3681752.6
2025-09-29,ADROITINFO,EQ,INE737B01033,ADROIT INFOTECH LIMITED,10.4,10.86,10.29,10.44,10.51,-0.67,33802,352892.87
2025-09-29,ADSL,EQ,INE102I01027,ALLIED DIGITAL SERV. LTD,181.99,182.0,176.81,177.88,178.56,-0.38,312866,55652605.61
2025-09-29,ADVANIHOTR,EQ,INE199C01026,ADVANI HOT.& RES.(I) LTD,60.05,60.05,57.7,58.1,59.47,-2.3,29074,1689199.36
2025-09-29,ADVENZYMES,EQ,INE837H01020,ADVANCED ENZYME TECH LTD,320.0,325.0,317.55,320.45,320.0,0.14,105549,33823178.34
2025-09-29,AEGISLOG,EQ,INE208C01025,AEGIS LOGISTICS LIMITED,753.9,780.8,736.0,738.8,748.5,-1.3,925007,683395160.31
2025-09-29,AEGISVOPAK,EQ,INE0INX01018,AEGIS VOPAK TERMINALS LTD,243.0,255.0,241.0,251.24,243.51,3.17,1729834,434603503.66
2025-09-29,AEROENTER,EQ,INE065D01027,AEROFLEX ENTERPRISES LTD,85.0,85.49,82.8,83.72,84.24,-0.62,152360,12755579.39
2025-09-29,AEROFLEX,EQ,INE024001021,AEROFLEX INDUSTRIES LTD,183.0,183.0,175.0,175.51,179.81,-2.39,363391,63778752.41
2025-09-29,AERONEU,EQ,INE035801013,AEROFLEX NEU LIMITED,85.95,86.97,80.12,80.83,84.74,-4.61,56223,4544505.19
2025-09-29,AETHER,EQ,INE0BWX01014,AETHER INDUSTRIES LIMITED,743.7,756.7,730.55,750.8,734.7,2.19,1501238,1127129472.07
2025-09-29,AFCONS,EQ,INE101I01011,AFCONS INFRASTRUCTURE LTD,438.0,461.0,436.1,448.1,438.3,2.24,916734,410788511.0
2025-09-29,AFFLE,EQ,INE00WC01027,AFFLE 3I LIMITED,2013.2,2016.7,1950.5,1956.3,2006.4,-2.5,293918,574991797.75
2025-09-29,AFFORDABLE,EQ,INE692Z01013,AFFORD ROBO & AUTO LTD,248.0,248.0,221.0,226.9,240.8,-5.77,96843,21973676.11
2025-09-29,AFIL,EQ,INE916Y01027,AKME FINTRADE (INDIA) LTD,9.1,9.26,8.1,8.38,9.0,-6.89,7082055,59347621.71
2025-09-29,AFSL,EQ,INE00ZE01026,ABANS FINANCIAL SRVCS LTD,205.27,207.29,205.0,205.01,205.27,-0.13,9387,1924428.82
2025-09-29,AGARIND,EQ,INE204E01012,AGARWAL INDS CORP LTD.,936.2,951.6,921.2,931.65,928.65,0.32,63213,58892392.99
2025-09-29,AGARWALEYE,EQ,INE943P01029,DR AGARWALS HEALTH CARE L,490.9,510.0,476.0,498.75,488.8,2.04,1251153,624012558.75
2025-09-29,AGI,EQ,INE415A01038,AGI GREENPAC LIMITED,876.0,879.9,849.3,851.35,870.95,-2.25,79700,67852593.05
2025-09-29,AGIIL,EQ,INE976R01033,AGI INFRA LIMITED,254.8,258.7,249.14,252.72,250.62,0.84,430870,108889466.93
2025-09-29,AGRITECH,EQ,INE449G01018,AGRI-TECH (INDIA) LIMITED,134.52,138.99,131.8,134.28,135.27,-0.73,6876,923309.27
2025-09-29,AGROPHOS,EQ,INE740V01019,AGRO PHOS INDIA LIMITED,41.01,42.95,40.82,41.68,42.01,-0.79,17424,726232.33
2025-09-29,AHCL,EQ,INE0Y8W01025,ANLON HEALTHCARE LIMITED,12.82,13.32,12.22,13.2,12.87,2.6,2162360,28547475.99
2025-09-29,AHLADA,EQ,INE00PV01013,AHLADA ENGINEERS LIMITED,63.0,64.39,62.1,62.8,63.22,-0.66,14676,921652.79
2025-09-29,AHLEAST,EQ,INE926K01017,ASIAN HOTELS (EAST) LTD,149.25,153.89,147.0,149.46,150.99,-1.01,8700,1300302.06
2025-09-29,AHLUCONT,EQ,INE758C01029,AHLUWALIA CONT IND LTD,970.3,979.0,961.15,974.5,972.0,0.26,19785,19280482.5
2025-09-29,AIAENG,EQ,INE212H01026,AIA ENGINEERING LIMITED,3069.9,3122.0,3055.0,3062.8,3069.9,-0.23,288042,882215051.66
2025-09-29,AIIL,EQ,INE206F01022,AUTHUM INVEST & INFRA LTD,594.28,620.0,590.2,601.46,593.1,1.41,1130075,679694934.33
2025-09-29,AIRAN,EQ,INE645W01026,AIRAN LIMITED,24.95,25.35,24.85,24.94,24.7,0.97,50443,1258048.45
2025-09-29,AIROLAM,EQ,INE801L01010,AIRO LAM LIMITED,114.0,114.0,109.0,109.35,109.95,-0.55,2262,247349.7
2025-09-29,AJANTPHARM,EQ,INE031B01049,AJANTA PHARMA LIMITED,2450.0,2469.3,2406.4,2424.7,2465.2,-1.64,99154,240418698.96
2025-09-29,AJAXENGG,EQ,INE274Y01021,AJAX ENGINEERING LIMITED,643.0,697.55,638.9,682.5,644.4,5.91,202867,138456727.5
2025-09-29,AJMERA,EQ,INE298G01035,AJMERA REALTY & INF I LTD,203.68,204.96,196.6,198.12,199.69,-0.79,524775,103968420.44
2025-09-29,AJOONI,EQ,INE820Y01021,AJOONI BIOTECH LIMITED,5.34,5.57,5.2,5.28,5.29,-0.19,579169,3058012.44
2025-09-29,AKASH,EQ,INE737W01013,AKASH INFRA-PROJECTS LTD,28.3,29.51,28.3,29.26,29.11,0.52,19082,558339.32
2025-09-29,AKG,EQ,INE00Y801016,AKG EXIM LIMITED,13.5,13.5,13.0,13.21,13.26,-0.38,13773,181941.33
2025-09-29,AKSHAR,EQ,INE256Z01025,AKSHAR SPINTEX LIMITED,0.58,0.59,0.56,0.58,0.57,1.75,2573084,1492388.68
2025-09-29,AKUMS,EQ,INE09XN01023,AKUMS DRUGS AND PHARMA L,449.0,449.0,441.2,443.7,446.65,-0.66,189124,83914321.11
2025-09-29,ALANKIT,EQ,INE914E01040,ALANKIT LIMITED,13.2,13.4,13.03,13.32,13.02,2.3,268863,3581255.08
2025-09-29,ALBERTDAVD,EQ,INE155C01010,ALBERT DAVID LIMITED,788.0,788.0,777.6,780.85,776.4,0.57,1441,1125204.81
2025-09-29,ALEMBICLTD,EQ,INE426A01027,ALEMBIC LIMITED,100.8,101.36,99.62,100.47,99.78,0.69,252304,25348983.19
2025-09-29,ALICON,EQ,INE062D01024,ALICON CASTALLOY LIMITED,832.0,857.2,832.0,841.95,852.75,-1.27,5670,4773856.57
2025-09-29,ALIVUS,EQ,INE03Q201024,ALIVUS LIFE SCIENCES LTD,947.95,1010.0,910.2,952.3,939.2,1.39,560446,533712718.96
2025-09-29,ALKALI,EQ,INE773I01017,ALKALI METALS LTD,93.11,94.16,89.5,91.72,91.73,-0.01,37594,3448121.73
2025-09-29,ALKEM,EQ,INE540L01014,ALKEM LABORATORIES LTD.,5400.0,5457.0,5378.5,5409.0,5433.0,-0.44,184179,996224211.0
2025-09-29,ALKYLAMINE,EQ,INE150B01039,ALKYL AMINES CHEM. LTD,1950.6,1999.2,1930.0,1935.0,1970.2,-1.79,29267,56631645.0
2025-09-29,ALLCARGO,EQ,INE418H01029,ALLCARGO LOGISTICS LTD,32.25,32.5,31.75,31.83,32.2,-1.15,1872739,59609282.23
2025-09-29,ALLDIGI,EQ,INE835G01018,ALLDIGI TECH LIMITED,923.6,939.55,910.0,925.05,923.65,0.15,3658,3383832.86
2025-09-29,ALLTIME,EQ,INE0GV601021,ALL TIME PLASTICS LIMITED,267.0,268.0,257.85,261.4,266.3,-1.84,182961,47826004.28
2025-09-29,ALMONDZ,EQ,INE326B01035,ALMONDZ GLOBAL SEC LTD,18.3,18.59,17.25,17.52,17.97,-2.5,176802,3097571.12
2025-09-29,ALOKINDS,EQ,INE270A01029,ALOK INDUSTRIES LIMITED,17.48,17.64,17.3,17.35,17.36,-0.06,3694527,64100044.86
2025-09-29,ALPA,EQ,INE385I01010,ALPA LABORATORIES LTD,90.0,93.0,88.02,90.28,90.43,-0.17,32173,2904578.4
2025-09-29,ALPHA,EQ,INF174KA1IA5,KOTAKMAMC - KOTAKALPHA,46.26,49.95,46.26,47.31,47.45,-0.3,1173684,55526991.65
2025-09-29,ALPHAETF,EQ,INF769K01KU7,MIRAEAMC - ALPHAETF,24.18,24.56,24.04,24.13,24.21,-0.33,620602,14975125.74
2025-09-29,ALPL30IETF,EQ,INF109KC17V7,ICICIPRAMC - ICICIALPLV,26.9,27.03,26.75,26.84,26.89,-0.19,211462,5675640.11
2025-09-29,AMBER,EQ,INE371P01015,AMBER ENTERPRISES (I) LTD,8162.5,8300.0,7963.0,8232.0,8162.5,0.85,433955,3572317560.0
2025-09-29,AMBICAAGAR,EQ,INE792B01012,AMBICA AGAR & AROMAINDLTD,25.49,26.8,24.65,25.24,25.01,0.92,10531,265802.44
2025-09-29,AMBIKCO,EQ,INE540G01014,AMBIKA COTTON MILL LTD.,1405.0,1419.9,1395.0,1401.1,1420.7,-1.38,4976,6971873.48
2025-09-29,AMBUJACEM,EQ,INE079A01024,AMBUJA CEMENTS LTD,570.8,571.45,561.2,562.15,565.2,-0.54,1344417,755764049.37
2025-09-29,AMJLAND,EQ,INE606A01024,AMJ LAND HOLDINGS LIMITED,53.7,55.22,53.05,53.23,53.77,-1.0,13064,695396.71
2025-09-29,AMNPLST,EQ,INE275D01022,AMINES & PLASTICIZERS LTD,223.81,226.99,220.55,222.16,224.39,-0.99,1447,321465.53
2025-09-29,AMRUTANJAN,EQ,INE098F01031,AMRUTAJAN HEALTH LTD,711.4,728.75,711.4,722.75,725.3,-0.35,6955,5026726.25
2025-09-29,ANANDRATHI,EQ,INE463V01026,ANAND RATHI WEALTH LTD,1427.75,1427.75,1380.0,1405.9,1433.35,-1.92,650532,914582954.68
2025-09-29,ANANTRAJ,EQ,INE242C01024,ANANT RAJ LIMITED,696.0,719.9,685.5,699.15,679.7,2.86,17400528,12165579576.02
2025-09-29,ANDHRAPAP,EQ,INE435A01051,ANDHRA PAPER LIMITED,76.5,77.0,75.54,76.54,75.82,0.95,60353,4619418.68
2025-09-29,ANDHRSUGAR,EQ,INE715B01021,ANDHRA SUGARS LTD,73.95,74.51,73.3,73.91,73.95,-0.05,73439,5427876.76
2025-09-29,ANGELONE,EQ,INE732I01021,ANGEL ONE LIMITED,213.8,215.25,210.21,212.49,213.64,-0.54,13415200,2850595921.69
2025-09-29,ANIKINDS,EQ,INE087B01017,ANIK INDUSTRIES LTD,67.79,67.79,62.9,63.39,65.37,-3.03,39294,2490846.64
2025-09-29,ANNAPURNA,EQ,INE0MGM01017,ANNAPURNA SWADISHT LTD,260.1,261.0,256.0,256.5,259.2,-1.04,20500,5258250.0
2025-09-29,ANTELOPUS,EQ,INE818A01017,ANTELOPUS SELAN ENRGY LTD,556.9,561.85,544.05,546.35,555.8,-1.7,7201,3934266.17
2025-09-29,ANTGRAPHIC,EQ,INE414B01021,ANTARCTICA LTD,1.07,1.09,1.03,1.05,1.07,-1.87,169257,177719.84
2025-09-29,ANTHEM,EQ,INE0CZ201020,ANTHEM BIOSCIENCES LTD,782.1,784.6,758.2,765.85,780.9,-1.93,436199,334062993.5
2025-09-29,ANUHPHR,EQ,INE489G01022,ANUH PHARMA LIMITED,85.9,85.9,82.01,82.83,82.94,-0.13,34154,2828975.88
2025-09-29,ANUP,EQ,INE294Z01018,THE ANUP ENGINEERING LTD,2294.0,2334.0,2291.5,2303.6,2292.7,0.48,23310,53696918.28
2025-09-29,ANURAS,EQ,INE930P01018,ANUPAM RASAYAN INDIA LTD,1093.6,1105.0,1054.8,1075.1,1100.5,-2.31,454511,488644765.0
2025-09-29,AONEGOLD,EQ,INF1J2R01114,AONEAMC - AONEGOLD,10.78,10.78,10.78,10.78,10.61,1.6,0,0.0
2025-09-29,AONELIQUID,EQ,INF1J2R01056,AONEAMC - AONELIQUID,1027.56,1027.56,1027.54,1027.55,1027.4,0.01,52235,53674076.8
2025-09-29,AONENIFTY,EQ,INF1J2R01064,AONEAMC - AONENIFTY,10.4,10.4,10.08,10.1,10.1,0.0,213611,2157471.18
2025-09-29,AONETOTAL,EQ,INF1J2R01015,AONEAMC - AONETOTAL,11.8,11.8,11.17,11.52,11.54,-0.17,886068,10207503.77
2025-09-29,APARINDS,EQ,INE372A01015,APAR INDUSTRIES LTD.,8350.5,8462.5,8256.5,8357.0,8360.5,-0.04,46858,391592306.0
2025-09-29,APCL,EQ,INE071F01012,ANJANI PORTLAND CEM LTD,133.0,135.49,130.0,133.36,135.6,-1.65,8822,1176501.93
2025-09-29,APCOTEXIND,EQ,INE116A01032,APCOTEX INDUSTRIES LIMITE,392.0,398.1,383.35,385.4,393.15,-1.97,33148,12775239.0
2025-09-29,APEX,EQ,INE346W01013,APEX FROZEN FOODS LIMITED,228.37,228.37,222.11,223.72,225.25,-0.68,31981,7154789.36
2025-09-29,APLAPOLLO,EQ,INE702C01027,APL APOLLO TUBES LTD,1668.7,1705.0,1668.1,1696.0,1660.1,2.16,841179,1426639584.0
2025-09-29,APLLTD,EQ,INE901L01018,ALEMBIC PHARMA LTD,905.0,931.85,885.6,893.65,909.9,-1.79,309430,276522127.05
2025-09-29,APOLLO,EQ,INE713T01028,APOLLO MICRO SYSTEMS LTD,320.0,340.0,316.3,329.9,324.65,1.62,6895875,2274949120.41
2025-09-29,APOLLOHOSP,EQ,INE437A01024,APOLLO HOSPITALS ENTER. L,7550.0,7595.0,7426.0,7444.0,7510.0,-0.88,388214,2889865016.0
2025-09-29,APOLLOPIPE,EQ,INE126J01016,APOLLO PIPES LIMITED,340.9,348.75,332.25,334.6,340.5,-1.73,149323,49963476.71
2025-09-29,APOLLOTYRE,EQ,INE438A01022,APOLLO TYRES LTD,483.25,483.25,464.0,465.55,479.9,-2.99,884958,411992186.1
2025-09-29,APOLSINHOT,EQ,INE451F01024,APOLLO SINDOORI HOTEL LTD,1394.0,1394.0,1325.0,1341.0,1360.1,-1.4,348,466668.0
2025-09-29,APTUS,EQ,INE852O01025,APTUS VALUE HSG FIN I LTD,313.4,322.0,308.85,318.6,311.85,2.16,1301234,414573160.34
2025-09-29,AQYLON,EQ,INE416A01051,AQYLON NEXUS LIMITED,961.1,961.1,913.1,920.6,961.1,-4.21,2275,2094364.94
2025-09-29,ARCHIDPLY,EQ,INE877I01016,ARCHIDPLY IND. LTD,101.01,104.44,100.56,101.32,100.36,0.96,14342,1453131.44
2025-09-29,ARCHIES,EQ,INE731A01020,ARCHIES LTD,20.49,21.37,20.29,20.51,20.49,0.1,40051,821446.02
2025-09-29,ARE&M,EQ,INE885A01032,AMARA RAJA ENERGY MOB LTD,986.6,1001.05,978.1,992.2,977.75,1.48,420368,417089134.73
2025-09-29,ARENTERP,EQ,INE610C01014,RAJDARSHAN INDUSTRIES LTD,44.99,46.0,44.95,45.78,44.5,2.88,2841,130060.98
2025-09-29,ARFIN,EQ,INE784R01023,ARFIN INDIA LIMITED,47.85,48.0,47.01,47.82,47.0,1.74,260771,12470069.14
2025-09-29,ARIHANTCAP,EQ,INE420B01036,ARIHANT CAPITAL MKTS LTD,109.71,113.48,107.35,109.98,110.5,-0.47,488280,53701036.04
2025-09-29,ARIHANTSUP,EQ,INE643K01018,ARIHANT SUPERSTRUCT LTD,401.1,404.9,390.2,393.6,397.1,-0.88,86591,34082218.13
2025-09-29,ARIS,EQ,INE0H9P01028,ARISINFRA SOLUTIONS LTD,158.0,159.8,152.59,153.44,157.79,-2.76,306729,47064498.51
2025-09-29,ARKADE,EQ,INE0QRL01017,ARKADE DEVELOPERS LIMITED,171.0,173.0,168.0,168.63,170.08,-0.85,317732,53579148.71
2025-09-29,ARMANFIN,EQ,INE109C01017,ARMAN FIN SERV LTD,1470.0,1505.8,1451.0,1458.8,1476.0,-1.17,14360,20948368.7
2025-09-29,AROGRANITE,EQ,INE210C01013,ARO GRANITE IND. LTD.,37.7,38.2,36.85,37.25,37.04,0.57,16142,601289.5
2025-09-29,ARROWGREEN,EQ,INE570D01018,ARROW GREENTECH LIMITED,547.45,558.0,542.15,550.95,547.5,0.63,7516,4140940.29
2025-09-29,ARTEMISMED,EQ,INE025R01021,ARTEMIS MED SERVICE LTD,232.2,237.49,229.22,231.06,232.02,-0.41,68310,15783708.43
2025-09-29,ARTNIRMAN,EQ,INE738V01013,ART NIRMAN LIMITED,51.0,52.02,49.25,49.3,49.9,-1.2,1596,78682.8
2025-09-29,ARVEE,EQ,INE006Z01016,ARVEE LABORATORIES I LTD,160.0,166.01,160.0,163.0,165.34,-1.42,140,22820.0
2025-09-29,ARVIND,EQ,INE034A01011,ARVIND LIMITED,306.65,308.8,300.65,301.65,306.15,-1.47,150441,45380526.73
2025-09-29,ARVINDFASN,EQ,INE955V01021,ARVIND FASHIONS LIMITED,525.1,531.05,511.45,518.2,518.75,-0.11,390606,202412033.97
2025-09-29,ARVSMART,EQ,INE034S01021,ARVIND SMARTSPACES LTD,634.0,655.95,629.9,650.8,626.05,3.95,91542,59575532.48
2025-09-29,ASAHIINDIA,EQ,INE439A01020,ASAHI INDIA GLASS LIMITED,895.6,904.2,865.85,875.2,906.7,-3.47,369113,323047702.11
2025-09-29,ASAL,EQ,INE900C01027,AUTOMOTIVE STAMPINGS & AS,594.95,627.7,580.0,601.7,600.75,0.16,957472,576110914.09
2025-09-29,ASALCBR,EQ,INE073G01016,ASSO ALCOHOLS & BREW LTD,959.9,959.9,922.0,941.0,943.6,-0.28,34017,32009997.0
2025-09-29,ASHAPURMIN,EQ,INE348A01023,ASHAPURA MINECHEM LTD,655.9,676.0,639.0,669.6,654.5,2.31,1036818,694253307.49
2025-09-29,ASHIANA,EQ,INE365D01021,ASHIANA HOUSING LTD,295.55,296.8,288.05,292.55,295.55,-1.02,43199,12637866.92
2025-09-29,ASHIMASYN,EQ,INE440A01010,ASHIMA LTD,22.94,23.58,22.2,22.45,22.93,-2.09,70536,1583533.25
2025-09-29,ASHOKA,EQ,INE442H01029,ASHOKA BUILDCON LTD,190.32,191.22,186.61,187.5,190.97,-1.82,517548,97040250.0
2025-09-29,ASHOKAMET,EQ,INE760Y01011,ASHOKA METCAST LIMITED,17.35,17.35,16.99,17.01,16.93,0.47,18278,310908.78
2025-09-29,ASHOKLEY,EQ,INE208A01029,ASHOK LEYLAND LTD,142.0,144.15,141.33,142.42,141.93,0.35,16359612,2329935911.08
2025-09-29,ASIANENE,EQ,INE276G01015,ASIAN ENERGY SERVICES LTD,336.7,341.4,330.0,334.15,332.4,0.53,144083,48145333.57
2025-09-29,ASIANHOTNR,EQ,INE363A01022,ASIAN HOTELS (NORTH) LTD,322.8,334.1,316.05,326.85,318.2,2.72,3745,1224053.27
2025-09-29,ASIANPAINT,EQ,INE021A01026,ASIAN PAINTS LIMITED,2342.9,2363.7,2329.2,2342.6,2342.8,-0.01,950369,2226334512.21
2025-09-29,ASIANTILES,EQ,INE022I01019,ASIAN GRANITO IND. LTD.,58.04,59.64,57.1,57.72,58.05,-0.57,188978,10907810.39
2025-09-29,ASKAUTOLTD,EQ,INE491J01022,ASK AUTOMOTIVE LIMITED,558.5,564.9,538.5,541.05,554.8,-2.48,365194,197588209.24
2025-09-29,ASPINWALL,EQ,INE991I01015,ASPINWALL & CO LTD,272.85,272.85,265.4,265.45,268.75,-1.23,516,136972.21
2025-09-29,ASTEC,EQ,INE563J01010,ASTEC LIFESCIENCES LTD,819.05,819.05,803.3,812.4,819.15,-0.82,9601,7799852.63
2025-09-29,ASTERDM,EQ,INE914M01019,ASTER DM QUALITY CARE LTD,632.0,642.0,618.0,623.35,625.1,-0.28,688764,429341022.58
2025-09-29,ASTRAL,EQ,INE006I01046,ASTRAL LIMITED,1373.9,1388.0,1364.3,1366.7,1373.8,-0.52,580505,793376155.16
2025-09-29,ASTRAMICRO,EQ,INE386C01029,ASTRA MICROWAVE LTD,1050.0,1081.4,983.1,996.8,1045.6,-4.67,1363397,1359034112.96
2025-09-29,ASTRAZEN,EQ,INE203A01020,ASTRAZENECA PHARMA IND LT,8812.0,8950.0,8735.5,8891.5,8811.5,0.91,14571,129558046.5
2025-09-29,ATALREAL,EQ,INE0ALR01029,ATAL REALTECH LIMITED,21.0,21.43,20.41,21.06,21.35,-1.36,2893515,60937424.35
2025-09-29,ATAM,EQ,INE09KD01013,ATAM VALVES LIMITED,88.9,94.44,88.11,91.42,87.94,3.96,176558,16140932.04
2025-09-29,ATGL,EQ,INE399L01023,ADANI TOTAL GAS LIMITED,658.8,658.8,627.35,629.7,649.25,-3.01,2063464,1299363305.99
2025-09-29,ATHERENERG,EQ,INE0LEZ01016,ATHER ENERGY LIMITED,545.9,587.95,542.5,580.5,539.9,7.52,3903208,2265812244.0
2025-09-29,ATL,EQ,INE0NN701020,ALLCARGO TERMINALS LTD,37.0,38.5,36.0,36.23,37.02,-2.13,609567,22084612.13
2025-09-29,ATLANTAA,EQ,INE285H01022,ATLANTAA LIMITED,39.06,40.25,37.4,38.04,39.06,-2.61,105741,4022387.74
2025-09-29,ATLANTAELE,EQ,INE0Z4F01028,ATLANTA ELECTRICALS LTD,857.0,865.0,806.25,823.35,,,8410016,6924386468.28
2025-09-29,ATLASCYCLE,EQ,INE446A01025,ATLAS CYCLE (HARYANA) LTD,121.54,124.88,117.5,118.15,121.53,-2.78,11197,1322925.57
2025-09-29,ATUL,EQ,INE100A01010,ATUL LTD,6021.0,6068.0,5925.0,6028.5,6032.0,-0.06,26303,158567635.5
2025-09-29,ATULAUTO,EQ,INE951D01028,ATUL AUTO LIMITED,484.0,484.0,468.5,476.8,477.9,-0.23,184532,87984855.35
2025-09-29,AUBANK,EQ,INE949L01017,AU SMALL FINANCE BANK LTD,744.1,755.0,729.45,738.4,743.2,-0.65,3008287,2221319194.24
2025-09-29,AURIONPRO,EQ,INE132H01018,AURIONPRO SOLN LTD,1154.5,1183.4,1151.1,1161.1,1150.8,0.9,208663,242278604.21
2025-09-29,AUROPHARMA,EQ,INE406A01037,AUROBINDO PHARMA LTD,1106.0,1106.1,1078.7,1089.5,1090.0,-0.05,1318867,1436905596.5
2025-09-29,AURUM,EQ,INE898S01029,AURUM PROPTECH LIMITED,178.81,186.4,169.0,170.92,171.11,-0.11,1636701,279744931.92
2025-09-29,AURUS,EQ,INE142K01011,AURUS GEM CORP LIMITED,6.34,6.69,6.34,6.37,6.55,-2.75,26176,166741.12
2025-09-29,AUSOMENT,EQ,INE218C01016,AUSOM ENTERPRISE LIMITED,102.69,102.8,99.5,100.82,102.71,-1.84,5266,530918.12
2025-09-29,AUTOAXLES,EQ,INE449A01011,AUTOMOTIVE AXLES LIMITED,1763.9,1763.9,1721.3,1737.2,1746.4,-0.53,4293,7457799.39
2025-09-29,AUTOBEES,EQ,INF204KC1337,NIPPONAMC - NETFAUTO,278.54,284.39,270.85,271.24,271.75,-0.19,189530,51408115.35
2025-09-29,AUTOIETF,EQ,INF109KC10V2,ICICIPRAMC - ICICIAUTO,26.5,27.65,26.5,27.22,27.18,0.15,360456,9811612.07
2025-09-29,AUTOIND,EQ,INE718H01014,AUTOLINE INDUSTRIES LTD,74.4,75.0,73.29,74.21,74.09,0.16,56658,4204590.13
2025-09-29,AVADHSUGAR,EQ,INE349W01017,AVADH SUG & ENERGY LTD,425.85,429.9,421.15,423.7,425.85,-0.5,9839,4168784.42
2025-09-29,AVALON,EQ,INE0LCL01028,AVALON TECHNOLOGIES LTD,988.65,1014.95,970.9,1010.6,993.95,1.68,246414,249025982.38
2025-09-29,AVANTEL,EQ,INE005B01027,AVANTEL LIMITED,180.0,185.49,177.04,178.43,178.94,-0.29,2996935,534743090.1
2025-09-29,AVANTIFEED,EQ,INE871C01038,AVANTI FEEDS LIMITED,649.95,652.0,631.65,633.55,646.45,-2.0,202760,128458595.52
2025-09-29,AVL,EQ,INE679V01027,ADITYA VISION LIMITED,577.95,580.9,540.5,550.6,572.05,-3.75,737371,405996454.6
2025-09-29,AVONMORE,EQ,INE323B01024,AVONMORE CAP&MGT SERV LTD,18.7,19.05,18.36,18.61,18.7,-0.48,396199,7373263.63
2025-09-29,AVROIND,EQ,INE652Z01025,AVRO INDIA LIMITED,15.28,15.99,14.61,15.49,14.99,3.4,184700,2861926.48
2025-09-29,AVTNPL,EQ,INE488D01021,AVT NATURAL PRODUCTS LTD,71.28,72.82,70.61,71.42,71.28,0.2,56552,4038943.74
2025-09-29,AWFIS,EQ,INE108V01019,AWFIS SPACE SOLUTIONS LTD,572.3,577.3,564.2,570.0,565.55,0.79,187547,106901790.0
2025-09-29,AWHCL,EQ,INE01BK01022,ANTONY WASTE HDG CELL LTD,561.0,566.0,545.9,549.6,560.35,-1.92,72041,39593731.84
2025-09-29,AWL,EQ,INE699H01024,AWL AGRI BUSINESS LIMITED,261.5,262.9,258.2,261.15,261.45,-0.11,1687064,440576753.3
2025-09-29,AXISBANK,EQ,INE238A01034,AXIS BANK LIMITED,1155.4,1158.3,1126.7,1132.2,1154.0,-1.89,9693881,10975411594.87
2025-09-29,AXISCADES,EQ,INE555B01013,AXISCADES TECH LTD,1663.8,1700.0,1578.5,1653.2,1640.4,0.78,235223,388870652.11
2025-09-29,AXITA,EQ,INE02EZ01022,AXITA COTTON LIMITED,8.03,8.05,7.86,7.9,8.0,-1.25,4558194,36009733.03
2025-09-29,AYMSYNTEX,EQ,INE193B01039,AYM SYNTEX LIMITED,196.5,198.79,192.8,193.09,194.86,-0.91,10530,2033237.66
2025-09-29,AZAD,EQ,INE02IJ01035,AZAD ENGINEERING LIMITED,1615.0,1626.0,1568.1,1595.1,1556.8,2.46,368900,588432380.99
2025-09-29,BAGFILMS,EQ,INE116D01028,B.A.G FILMS AND MEDIA LTD,6.87,6.87,6.62,6.8,6.66,2.1,58744,399459.21
2025-09-29,BAIDFIN,EQ,INE020D01022,BAID FINSERV LIMITED,11.08,11.08,10.7,10.77,10.82,-0.46,58683,632015.94
2025-09-29,BAJAJ-AUTO,EQ,INE917I01010,BAJAJ AUTO LIMITED,8745.0,8829.0,8675.5,8717.5,8702.0,0.18,394174,3436211845.0
2025-09-29,BAJAJCON,EQ,INE933K01021,BAJAJ CONSUMER CARE LTD,233.31,244.57,232.57,235.4,232.89,1.08,675618,159040473.08
2025-09-29,BAJAJELEC,EQ,INE193E01025,BAJAJ ELECT.LTD,544.7,575.0,534.0,554.95,543.35,2.13,745274,413589815.4
2025-09-29,BAJAJFINSV,EQ,INE918I01026,BAJAJ FINSERV LTD.,2007.9,2031.0,1994.9,2024.7,2003.2,1.07,2005041,4059606414.8
2025-09-29,BAJAJHCARE,EQ,INE411U01027,BAJAJ HEALTHCARE LIMITED,474.0,509.9,469.2,490.25,472.3,3.8,757537,371382514.25
2025-09-29,BAJAJHFL,EQ,INE377Y01014,BAJAJ HOUSING FINANCE LTD,110.55,112.44,110.05,111.61,110.43,1.07,3113403,347486910.73
2025-09-29,BAJAJHIND,EQ,INE306A01021,BAJAJ HINDUSTHAN SUGAR LT,19.99,20.17,19.38,19.45,20.02,-2.85,11075921,215426671.9
2025-09-29,BAJAJHLDNG,EQ,INE118A01012,BAJAJ HOLDINGS & INVS LTD,12798.0,12903.0,12320.0,12462.0,12698.0,-1.86,125091,1558884042.0
2025-09-29,BAJAJINDEF,EQ,INE0O9T01021,INDEF MANUFACTURING LTD,364.6,374.4,357.0,362.1,364.4,-0.63,26481,9588770.26
2025-09-29,BAJEL,EQ,INE0KQN01018,BAJEL PROJECTS LIMITED,205.7,205.92,200.0,204.18,202.54,0.81,377114,76999133.76
2025-09-29,BAJFINANCE,EQ,INE296A01032,BAJAJ FINANCE LIMITED,990.0,997.8,981.1,990.95,985.1,0.59,5804877,5752342934.01
2025-09-29,BALAJEE,EQ,INE0S2G01011,SHREE TIRUPATI BALAJEE L,48.0,48.0,46.7,46.92,48.29,-2.84,89285,4189252.04
2025-09-29,BALAJITELE,EQ,INE794B01026,BALAJI TELEFILMS LIMITED.,135.79,136.79,127.9,128.88,132.6,-2.81,171588,22114262.28
2025-09-29,BALAMINES,EQ,INE050E01027,BALAJI AMINES LIMITED,1415.1,1423.9,1389.1,1395.0,1411.4,-1.16,28755,40113225.0
2025-09-29,BALAXI,EQ,INE618N01022,BALAXI PHARMA LTD,43.3,45.0,42.17,43.54,43.15,0.9,87289,3800563.14
2025-09-29,BALKRISHNA,EQ,INE875R01011,BALKRISHNA PAPER MILLS L,24.8,24.8,23.94,24.28,23.84,1.85,47481,1152838.71
2025-09-29,BALKRISIND,EQ,INE787D01026,BALKRISHNA IND. LTD,2370.0,2370.0,2273.0,2286.3,2352.2,-2.8,220889,505018531.49
2025-09-29,BALMLAWRIE,EQ,INE164A01016,BALMER LAWRIE & CO LTD,202.58,212.4,202.58,210.83,203.8,3.45,335897,70817165.13
2025-09-29,BALPHARMA,EQ,INE083D01012,BAL PHARMA LTD.,82.89,85.0,82.89,84.49,82.89,1.93,19771,1670451.75
2025-09-29,BALRAMCHIN,EQ,INE119A01028,BALRAMPUR CHINI MILLS LTD,452.0,461.7,449.3,451.5,451.9,-0.09,314080,141807120.0
2025-09-29,BALUFORGE,EQ,INE011E01029,BALU FORGE INDUSTRIES LTD,636.0,642.25,630.0,630.2,635.3,-0.8,264994,166999222.03
2025-09-29,BANARBEADS,EQ,INE655B01011,BANARAS BEADS LTD,127.0,142.5,127.0,133.72,124.07,7.78,378461,50607805.38
2025-09-29,BANARISUG,EQ,INE459A01010,BANNARI AMMAN SUGARS LTD,3650.5,3680.0,3600.0,3650.5,3650.2,0.01,2889,10546294.5
2025-09-29,BANCOINDIA,EQ,INE213C01025,BANCO PRODUCTS (I) LTD,834.0,874.95,826.5,860.55,829.4,3.76,1364162,1173929592.45
2025-09-29,BANDHANBNK,EQ,INE545U01014,BANDHAN BANK LIMITED,155.78,162.75,155.78,162.18,155.02,4.62,18008398,2920601855.74
2025-09-29,BANG,EQ,INE863I01016,BANG OVERSEAS LTD.,51.41,52.64,51.41,51.86,51.41,0.88,3743,194111.98
2025-09-29,BANKA,EQ,INE862Y01015,BANKA BIOLOO LIMITED,82.99,84.22,82.99,83.31,83.67,-0.43,1641,136711.71
2025-09-29,BANKADD,EQ,INF740KA1RX3,DSPAMC - DSPBANK,55.76,55.77,55.31,55.67,55.58,0.16,83168,4629962.41
2025-09-29,BANKBARODA,EQ,INE028A01039,BANK OF BARODA,248.5,255.39,248.31,253.99,248.45,2.23,11711402,2974579058.31
2025-09-29,BANKBEES,EQ,INF204KB15I9,NIP IND ETF BANK BEES,562.03,564.98,560.0,561.67,562.02,-0.06,564979,317331745.27
2025-09-29,BANKBETF,EQ,INF0QA701714,BFAM - BANKBETF,56.18,58.1,54.87,55.27,55.08,0.34,35575,1966230.27
2025-09-29,BANKETF,EQ,INF769K01KR3,MIRAEAMC - BANKETF,553.51,554.73,550.83,552.37,552.25,0.02,1030,568941.09
2025-09-29,BANKIETF,EQ,INF109KC15I8,ICICIPRAMC - IPRU5008,56.25,56.25,55.55,55.71,55.72,-0.02,122297,6813165.76
2025-09-29,BANKINDIA,EQ,INE084A01016,BANK OF INDIA,116.61,119.9,116.26,118.77,116.33,2.1,6351712,754392812.92
2025-09-29,BANKNIFTY1,EQ,INF174KA1ZB7,KOTAKMAMC-KOTAKBKETF,561.94,565.99,560.67,562.15,561.94,0.04,7712,4335300.99
2025-09-29,BANKPSU,EQ,INF769K01LZ4,MIRAEAMC - BANKPSU,73.08,74.36,73.08,74.07,73.01,1.45,17041,1262226.86
2025-09-29,BANSALWIRE,EQ,INE0B9K01025,BANSAL WIRE INDUSTRIES L,351.2,359.0,328.05,336.8,354.55,-5.01,304095,102419192.29
2025-09-29,BANSWRAS,EQ,INE629D01020,BANSWARA SYNTEX LIMITED,128.01,131.9,126.52,127.03,128.62,-1.24,15205,1931491.13
2025-09-29,BASF,EQ,INE373A01013,BASF INDIA LTD,4525.0,4539.8,4369.0,4421.5,4509.8,-1.96,10677,47208355.5
2025-09-29,BATAINDIA,EQ,INE176A01028,BATA INDIA LTD,1185.1,1185.1,1151.0,1156.4,1168.1,-1.0,101517,117394261.28
2025-09-29,BAYERCROP,EQ,INE462A01022,BAYER CROPSCIENCE LTD,5089.0,5089.0,4870.0,4924.0,5049.0,-2.48,21487,105801988.0
2025-09-29,BBETF0432,EQ,INF754K01OB1,EDELAMC - BBETF0432,1290.0,1293.81,1288.67,1292.05,1288.5,0.28,1440,1860552.07
2025-09-29,BBL,EQ,INE464A01036,BHARAT BIJLEE LTD,3152.9,3244.0,3143.0,3182.6,3163.1,0.62,32442,103249912.37
2025-09-29,BBNPNBETF,EQ,INF251K01TL6,BARODABNP - BBNPNBETF,55.73,55.73,54.59,54.72,54.64,0.15,1626,88974.72
2025-09-29,BBNPPGOLD,EQ,INF251K01SU9,BARODABNP - BBNPPGOLD,110.6,112.45,110.05,112.2,110.05,1.95,151820,17034203.54
2025-09-29,BBOX,EQ,INE676A01027,BLACK BOX LIMITED,505.0,520.55,497.3,520.55,495.8,4.99,717906,373705959.54
2025-09-29,BBTC,EQ,INE050A01025,BOMBAY BURMAH TRADING COR,1787.1,1799.8,1755.0,1762.0,1784.0,-1.23,30687,54070494.0
2025-09-29,BBTCL,EQ,INE01EE01011,B&B TRIPLEWALL CONT LTD,206.89,206.89,196.17,198.54,198.58,-0.02,6772,1344512.83
2025-09-29,BCG,EQ,INE425B01027,BRIGHTCOM GROUP LIMITED,14.49,14.49,13.85,13.95,14.22,-1.9,6927505,96638693.43
2025-09-29,BCLIND,EQ,INE412G01024,BCL INDUSTRIES LIMITED,40.76,42.08,40.59,40.76,40.95,-0.46,311883,12712350.56
2025-09-29,BCONCEPTS,EQ,INE977Y01011,BRAND CONCEPTS LIMITED,362.1,375.95,359.0,360.9,376.55,-4.16,10951,3952215.83
2025-09-29,BDL,EQ,INE171Z01026,BHARAT DYNAMICS LIMITED,1505.2,1529.0,1492.5,1498.9,1497.8,0.07,1706791,2558309071.57
2025-09-29,BEARDSELL,EQ,INE520H01022,BEARDSELL LIMITED,37.31,38.44,35.67,36.06,36.17,-0.3,135915,4901095.09
2025-09-29,BECTORFOOD,EQ,INE495P01020,MRS BECTORS FOOD SPE LTD,255.0,257.2,249.86,254.4,256.14,-0.68,588370,149681324.41
2025-09-29,BEDMUTHA,EQ,INE844K01012,BEDMUTHA INDUST LTD,134.35,136.88,133.0,133.7,135.02,-0.98,1714,229161.79
2025-09-29,BEL,EQ,INE263A01024,BHARAT ELECTRONICS LTD,401.0,408.15,399.05,399.95,395.9,1.02,23390892,9355187540.93
2025-09-29,BELLACASA,EQ,INE344T01014,BELLA CASA FASH AND RET L,408.0,408.1,395.95,406.15,400.05,1.52,3626,1472699.88
2025-09-29,BELRISE,EQ,INE894V01022,BELRISE INDUSTRIES LTD,157.65,161.0,154.49,159.18,157.48,1.08,15027438,2392067470.78
2025-09-29,BEML,EQ,INE258A01024,BEML LIMITED,2124.5,2149.75,2006.75,2026.85,2103.75,-3.66,906784,1837915128.26
2025-09-29,BEPL,EQ,INE922A01025,BHANSALI ENG. POLYMERS LT,102.9,103.13,98.0,98.71,102.35,-3.56,828682,81799199.46
2025-09-29,BERGEPAINT,EQ,INE463A01038,BERGER PAINTS (I) LTD,518.0,518.85,507.45,516.7,521.45,-0.91,613272,316877649.89
2025-09-29,BESTAGRO,EQ,INE052T01021,BEST AGROLIFE LIMITED,24.33,24.78,23.88,24.32,24.27,0.22,436830,10623705.47
2025-09-29,BETA,EQ,INE351Y01019,BETA DRUGS LIMITED,1812.0,1818.0,1771.0,1804.0,1812.0,-0.44,4410,7955640.0
2025-09-29,BFINVEST,EQ,INE878K01010,BF INVESTMENT LIMITED,466.8,466.8,454.1,456.55,460.05,-0.76,31785,14511441.36
2025-09-29,BFSI,EQ,INF769K01HI8,MIRAEAMC - MAFSETF,26.19,27.14,26.0,26.89,26.87,0.07,69028,1856162.88
2025-09-29,BFUTILITIE,EQ,INE243D01012,BF UTILITIES LIMITED,809.9,822.0,800.15,807.85,809.25,-0.17,73133,59080492.26
2025-09-29,BHAGCHEM,EQ,INE414D01027,BHAGIRADHA CHEM & INDS L,249.0,250.95,243.3,244.6,249.9,-2.12,23657,5786502.34
2025-09-29,BHAGYANGR,EQ,INE458B01036,BHAGYANAGAR INDIA LIMITED,97.5,97.5,94.0,95.53,95.98,-0.47,19098,1824431.92
2025-09-29,BHANDARI,EQ,INE474E01029,BHANDARI HOSIERY EXP LTD,4.88,4.9,4.73,4.77,4.8,-0.63,244859,1167977.43
2025-09-29,BHARATFORG,EQ,INE465A01025,BHARAT FORGE LTD,1192.8,1228.9,1182.2,1214.0,1181.1,2.79,9224344,11198353616.0
2025-09-29,BHARATRAS,EQ,INE838B01021,BHARAT RASAYAN LTD,2494.25,2510.75,2475.0,2477.5,2487.0,-0.38,3984,9870360.0
2025-09-29,BHARATSE,EQ,INE415D01024,BHARAT SEATS LIMITED,175.49,182.0,168.56,178.81,175.27,2.02,271094,48474317.48
2025-09-29,BHARATWIRE,EQ,INE316L01019,BHARAT WIRE ROPES LTD.,155.2,159.39,154.11,155.45,157.73,-1.45,76287,11858813.92
2025-09-29,BHARTIARTL,EQ,INE397D01024,BHARTI AIRTEL LIMITED,1928.0,1928.0,1897.5,1902.2,1916.6,-0.75,5072608,9649114689.91
2025-09-29,BHARTIHEXA,EQ,INE343G01021,BHARTI HEXACOM LIMITED,1668.0,1676.9,1614.5,1630.5,1676.3,-2.73,697041,1136525350.5
2025-09-29,BHEL,EQ,INE257A01026,BHEL,231.2,235.6,231.01,233.97,231.01,1.28,6844860,1601491902.56
2025-09-29,BIGBLOC,EQ,INE412U01025,BIGBLOC CONSTRUCTION LTD,55.8,55.8,53.23,54.29,54.93,-1.17,68284,3707138.42
2025-09-29,BIKAJI,EQ,INE00E101023,BIKAJI FOODS INTERN LTD,728.45,729.8,713.25,725.8,731.15,-0.73,493129,357913022.18
2025-09-29,BIL,EQ,INE828A01016,BHARTIYA INTERNATIONAL,890.0,890.0,851.85,852.55,858.45,-0.69,1514,1290760.68
2025-09-29,BIOCON,EQ,INE376G01013,BIOCON LIMITED.,340.2,343.5,338.2,340.15,338.9,0.37,1703064,579297209.21
2025-09-29,BIOFILCHEM,EQ,INE829A01014,BIOFIL CHEM & PHARMA LTD,40.6,42.6,40.6,42.04,41.52,1.25,26391,1109477.66
2025-09-29,BIRLACABLE,EQ,INE800A01015,BIRLA CABLE LIMITED,156.0,162.9,155.65,157.3,156.44,0.55,17253,2713896.95
2025-09-29,BIRLACORPN,EQ,INE340A01012,BIRLA CORPORATION LTD,1237.4,1249.8,1215.0,1219.2,1237.3,-1.46,68802,83883395.04
2025-09-29,BIRLAMONEY,EQ,INE865C01022,ADITYA BIRLA MONEY LTD,171.7,172.27,170.0,170.67,171.59,-0.54,34647,5913203.43
2025-09-29,BIRLANU,EQ,INE557A01011,BIRLANU LIMITED,1945.8,1945.8,1914.0,1926.2,1933.5,-0.38,5857,11281753.11
2025-09-29,BLACKBUCK,EQ,INE0UIZ01018,BLACKBUCK LIMITED,613.25,636.75,604.2,633.3,613.4,3.24,1573805,996690687.29
2025-09-29,BLAL,EQ,INE0N7W01012,BEML LAND ASSETS LIMITED,211.38,215.79,211.21,213.87,212.85,0.48,31405,6716587.2
2025-09-29,BLBLIMITED,EQ,INE791A01024,BLB LIMITED,15.56,16.25,15.56,16.0,15.87,0.82,81870,1309920.0
2025-09-29,BLKASHYAP,EQ,INE350H01032,B.L.KASHYAP & SON LTD,61.0,62.5,60.6,61.52,60.77,1.23,282260,17364635.33
2025-09-29,BLS,EQ,INE153T01027,BLS INTL SERVS LTD,335.0,335.75,325.75,328.45,333.95,-1.65,1700869,558650443.81
2025-09-29,BLSE,EQ,INE0NLT01010,BLS E-SERVICES LIMITED,187.7,195.12,182.5,184.05,185.83,-0.96,350515,64512286.82
2025-09-29,BLUECOAST,EQ,INE472B01011,BLUE COAST HOTELS LIMITED,60.6,60.6,60.6,60.6,63.79,-5.0,5645,342086.99
2025-09-29,BLUEDART,EQ,INE233B01017,BLUE DART EXPRESS LTD,5673.0,5750.0,5520.0,5578.0,5673.5,-1.68,21967,122531926.0
2025-09-29,BLUEJET,EQ,INE0KBH01020,BLUE JET HEALTHCARE LTD,646.95,647.8,630.45,640.05,645.9,-0.91,778920,498547736.49
2025-09-29,BLUESTARCO,EQ,INE472A01039,BLUE STAR LIMITED,1885.1,1921.0,1861.4,1895.6,1890.1,0.29,879094,1666410564.94
2025-09-29,BLUESTONE,EQ,INE304W01038,BLUESTONE JEWEL LFSTL LTD,564.45,582.0,561.7,572.5,567.45,0.89,197687,113175807.5
2025-09-29,BLUSPRING,EQ,INE0U4101014,BLUSPRING ENTERPRISES LTD,79.0,80.18,78.92,79.2,79.05,0.19,333465,26410426.98
2025-09-29,BNKETFAXIS,EQ,INF846K01X63,AXISAMC-BNKETFAXIS,560.42,562.34,557.62,560.97,560.01,0.17,908,509360.73
2025-09-29,BODALCHEM,EQ,INE338D01028,BODAL CHEMICALS LTD,63.3,64.0,61.9,62.09,62.8,-1.13,236385,14677144.69
2025-09-29,BOHRAIND,EQ,INE802W01023,BOHRA INDUSTRIES LIMITED,23.13,24.19,22.69,23.17,23.35,-0.77,46433,1075852.61
2025-09-29,BOMDYEING,EQ,INE032A01023,BOMBAY DYEING & MFG. CO L,168.9,170.76,164.0,165.42,168.51,-1.83,1353498,223895636.68
2025-09-29,BORANA,EQ,INE16SF01016,BORANA WEAVES LIMITED,216.5,217.9,216.0,216.15,216.51,-0.17,75826,16389789.44
2025-09-29,BOROLTD,EQ,INE02PY01013,BOROSIL LIMITED,352.6,356.3,332.55,340.55,352.05,-3.27,435420,148282275.68
2025-09-29,BORORENEW,EQ,INE666D01022,BOROSIL RENEWABLES LTD,581.0,582.2,557.85,565.45,580.95,-2.67,515349,291404098.34
2025-09-29,BOROSCI,EQ,INE02L001032,BOROSIL SCIENTIFIC LTD,134.0,134.0,127.24,129.85,132.65,-2.11,73014,9480868.35
2025-09-29,BOSCH-HCIL,EQ,INE782A01015,BOSCH HOME COMFRT IND LTD,1726.0,1752.0,1726.0,1729.7,1731.8,-0.12,30610,52946115.51
2025-09-29,BOSCHLTD,EQ,INE323A01026,BOSCH LIMITED,38165.0,38600.0,37635.0,38345.0,38150.0,0.51,67770,2598640650.0
2025-09-29,BPCL,EQ,INE029A01011,BHARAT PETROLEUM CORP  LT,326.65,339.0,325.5,338.1,324.35,4.24,12616059,4265489624.9
2025-09-29,BPL,EQ,INE110A01019,BPL LTD,78.5,79.69,76.6,77.21,78.18,-1.24,51999,4014842.74
2025-09-29,BRIGADE,EQ,INE791I01019,BRIGADE ENTER. LTD,682.42,683.51,660.11,665.81,678.83,-1.92,774283,515527299.94
2025-09-29,BRIGHOTEL,EQ,INE03NU01014,BRIGADE HOTEL VENTURE LTD,83.5,83.5,82.54,82.81,82.47,0.41,102320,8473118.95
2025-09-29,BRITANNIA,EQ,INE216A01030,BRITANNIA INDUSTRIES LTD,5900.0,5990.0,5841.0,5929.0,5920.5,0.14,259852,1540662508.0
2025-09-29,BRNL,EQ,INE727S01012,BHARAT ROAD NETWORK LTD,20.58,24.68,20.58,22.91,20.57,11.38,3648489,83586882.43
2025-09-29,BROOKS,EQ,INE650L01011,BROOKS LAB LIMITED,142.27,142.27,132.35,135.16,135.5,-0.25,107832,14574573.51
2025-09-29,BSE,EQ,INE118H01025,BSE LIMITED,2055.0,2121.0,2047.9,2097.4,2043.2,2.65,4448256,9329771700.0
2025-09-29,BSE500IETF,EQ,INF109KC1V59,ICICIPRAMC - ICICI500,38.44,38.96,38.36,38.46,38.48,-0.05,196664,7563697.26
2025-09-29,BSHSL,EQ,INE032Z01020,BOMBAY SUPER HYBRID SEEDS,132.4,132.4,128.01,128.58,131.5,-2.22,10162,1306629.98
2025-09-29,BSL,EQ,INE594B01012,BSL LTD,160.8,164.82,157.1,159.0,160.69,-1.05,12732,2024388.0
2025-09-29,BSLGOLDETF,EQ,INF209KB18D3,ADITYBIRLA SL GOLD ETF-GR,102.37,103.14,100.33,102.5,100.05,2.45,1355824,138971960.0
2025-09-29,BSLNIFTY,EQ,INF209KB19D1,ADITYBIRLA SL NIF ETF-GR,28.98,28.98,28.55,28.64,28.67,-0.1,611793,17521751.15
2025-09-29,BSLSENETFG,EQ,INF209KB10E8,BIRLASLAMC - BSLSENETFG,78.77,81.77,78.77,80.44,80.34,0.12,1273,102400.12
2025-09-29,BSOFT,EQ,INE836A01035,BIRLASOFT LIMITED,360.0,360.75,345.25,347.9,361.15,-3.67,1025309,356704994.84
2025-09-29,BTML,EQ,INE0EEJ01023,BODHI TREE MULTIMEDIA LTD,9.01,9.2,8.95,9.03,9.03,0.0,94679,854951.34
2025-09-29,BUTTERFLY,EQ,INE295F01017,BTRFLY GANDHI APPL LTD,695.35,698.1,681.6,684.6,695.35,-1.55,4507,3085492.09
2025-09-29,BVCL,EQ,INE139I01011,BARAK VALLEY CEM. LTD.,51.63,51.63,49.6,49.91,51.66,-3.39,22005,1098269.55
2025-09-29,CAMLINFINE,EQ,INE052I01032,CAMLIN FINE SCIENCES LTD,208.01,212.5,200.08,200.08,210.62,-5.0,2718550,543927488.98
2025-09-29,CAMPUS,EQ,INE278Y01022,CAMPUS ACTIVEWEAR LIMITED,263.45,268.4,260.25,263.25,264.9,-0.62,787018,207182488.5
2025-09-29,CAMS,EQ,INE596I01020,COMPUTER AGE MNGT SER LTD,760.0,765.46,755.0,757.08,760.0,-0.38,879950,666192561.04
2025-09-29,CANBK,EQ,INE476A01022,CANARA BANK,118.58,121.4,118.26,120.48,118.08,2.03,28333195,3413583428.71
2025-09-29,CANFINHOME,EQ,INE477A01020,CAN FIN HOMES LTD,744.5,756.9,740.3,750.85,743.6,0.97,180734,135704119.49
2025-09-29,CANTABIL,EQ,INE068L01024,CANTABIL RETAIL LTD,255.1,255.25,251.0,252.3,252.25,0.02,69299,17484137.91
2025-09-29,CAPACITE,EQ,INE264T01014,CAPACITE INFRAPROJECT LTD,290.05,294.5,282.1,283.6,289.85,-2.16,426219,120875711.0
2025-09-29,CAPITALSFB,EQ,INE646H01017,CAPITAL SMALL FIN BANK L,278.95,284.45,277.5,278.1,280.45,-0.84,12039,3348045.97
2025-09-29,CAPLIPOINT,EQ,INE475E01026,CAPLIN POINT LAB LTD.,2068.5,2070.0,2000.0,2010.2,2036.9,-1.31,99908,200835056.72
2025-09-29,CARBORUNIV,EQ,INE120A01034,CARBORUNDUM UNIVERSAL LTD,920.0,927.75,909.65,911.9,919.9,-0.87,170417,155403266.46
2025-09-29,CARERATING,EQ,INE752H01013,CARE RATINGS LIMITED,1558.8,1574.4,1529.0,1550.6,1558.8,-0.53,25644,39763585.77
2025-09-29,CARRARO,EQ,INE0V7W01012,CARRARO INDIA LIMITED,456.1,472.75,456.1,466.4,460.1,1.37,198850,92743638.79
2025-09-29,CARTRADE,EQ,INE290S01011,CARTRADE TECH LIMITED,2463.9,2524.8,2417.6,2500.4,2434.1,2.72,373580,934099395.52
2025-09-29,CARYSIL,EQ,INE482D01024,CARYSIL LIMITED,808.0,838.1,797.25,830.85,808.9,2.71,249807,207552139.85
2025-09-29,CASTROLIND,EQ,INE172A01027,CASTROL INDIA LIMITED,196.0,198.7,195.1,195.57,195.68,-0.06,1184349,231623142.6
2025-09-29,CCAVENUE,EQ,INE483S01020,AVENUESAI LIMITED,15.88,16.09,15.63,15.87,15.77,0.63,10900523,172991298.76
2025-09-29,CCCL,EQ,INE429I01024,CONS. CONST. CONSORT LTD,23.75,25.43,23.19,25.42,23.12,9.95,1603490,40760715.92
2025-09-29,CCHHL,EQ,INE652F01027,COUNTRY CLUB HOSP HOL LTD,17.77,17.77,16.6,16.78,17.44,-3.78,42094,706337.35
2025-09-29,CCL,EQ,INE421D01022,CCL PRODUCTS (I) LTD,889.1,891.95,850.0,857.05,889.15,-3.61,306997,263111775.1
2025-09-29,CDSL,EQ,INE736A01011,CENTRAL DEPO SER (I) LTD,1473.0,1501.4,1470.0,1475.0,1467.7,0.5,1962994,2895416150.0
2025-09-29,CEATLTD,EQ,INE482A01020,CEAT LIMITED,3408.0,3420.4,3340.1,3354.0,3399.5,-1.34,62131,208387374.0
2025-09-29,CEIGALL,EQ,INE0AG901020,CEIGALL INDIA LIMITED,268.4,269.68,261.1,263.23,262.15,0.41,264223,69551423.19
2025-09-29,CELEBRITY,EQ,INE185H01016,CELEBRITY FASHIONS LTD,11.73,11.97,11.3,11.45,11.67,-1.89,13793,157929.85
2025-09-29,CELLO,EQ,INE0LMW01024,CELLO WORLD LIMITED,566.5,580.5,562.1,568.05,566.5,0.27,153434,87158181.83
2025-09-29,CEMPRO,EQ,INE686A01026,CEMINDIA PROJECTS LIMITED,801.65,811.0,772.0,780.55,801.5,-2.61,448551,350116477.57
2025-09-29,CENTENKA,EQ,INE485A01015,CENTURY ENKA LTD,480.0,481.7,473.2,478.8,477.15,0.35,10560,5056127.87
2025-09-29,CENTEXT,EQ,INE281A01026,CENTURY EXTRUSIONS LTD,24.25,24.6,24.05,24.12,24.25,-0.54,76891,1854610.98
2025-09-29,CENTRALBK,EQ,INE483A01010,CENTRAL BANK OF INDIA,36.21,36.9,36.08,36.56,36.21,0.97,5332395,194952368.52
2025-09-29,CENTRUM,EQ,INE660C01027,CENTRUM CAPITAL LIMITED,34.3,34.71,33.9,34.09,34.2,-0.32,324163,11050716.72
2025-09-29,CENTUM,EQ,INE320B01020,CENTUM ELECTRONICS LTD,2654.8,2760.0,2641.0,2662.3,2617.9,1.7,28406,75625295.19
2025-09-29,CENTURYPLY,EQ,INE348B01021,CENTURY PLYBOARDS (I) LTD,805.0,810.65,775.6,786.75,798.85,-1.51,194337,152894634.75
2025-09-29,CERA,EQ,INE739E01017,CERA SANITARYWARE LTD,6149.0,6184.5,6081.0,6158.5,6179.5,-0.34,11023,67885145.5
2025-09-29,CESC,EQ,INE486A01021,CESC LTD,163.59,164.5,160.45,161.69,163.55,-1.14,1080878,174767166.46
2025-09-29,CEWATER,EQ,INE037Z01029,CONCORD ENVIRO SYSTEMS L,509.0,513.5,496.1,498.7,509.35,-2.09,27156,13542697.53
2025-09-29,CGCL,EQ,INE180C01042,CAPRI GLOBAL CAPITAL LTD,185.8,188.7,184.0,187.23,185.26,1.06,2457193,460060234.89
2025-09-29,CGPOWER,EQ,INE067A01029,CG POWER AND IND SOL LTD,742.35,756.4,741.75,747.3,739.4,1.07,2929682,2189351322.84
2025-09-29,CHALET,EQ,INE427F01016,CHALET HOTELS LIMITED,952.1,969.7,939.9,956.5,956.4,0.01,195099,186612193.5
2025-09-29,CHAMBLFERT,EQ,INE085A01013,CHAMBAL FERTILIZERS LTD,514.2,524.85,505.1,508.4,519.7,-2.17,1230099,625382324.09
2025-09-29,CHEMBOND,EQ,INE995D01025,CHEMBOND MATERIALTECH LTD,167.0,172.5,164.0,170.85,166.73,2.47,13760,2350896.08
2025-09-29,CHEMFAB,EQ,INE783X01023,CHEMFAB ALKALIS LIMITED,601.95,602.4,593.0,596.1,601.95,-0.97,1877,1118879.65
2025-09-29,CHEMPLASTS,EQ,INE488A01050,CHEMPLAST SANMAR LIMITED,420.6,421.75,380.0,385.8,418.4,-7.79,477290,184138476.17
2025-09-29,CHENNPETRO,EQ,INE178A01016,CHENNAI PETROLEUM CORP LT,764.9,789.1,760.5,763.35,760.5,0.37,1745616,1332515930.98
2025-09-29,CHEVIOT,EQ,INE974B01016,CHEVIOT COMPANY LIMITED,1135.6,1142.5,1120.1,1129.1,1129.7,-0.05,1258,1420407.77
2025-09-29,CHOICEIN,EQ,INE102B01014,CHOICE INTERNATIONAL LTD,806.9,813.7,778.6,788.6,804.45,-1.97,1601130,1262651078.91
2025-09-29,CHOLAFIN,EQ,INE121A01024,CHOLAMANDALAM IN & FIN CO,1574.0,1597.9,1566.7,1591.7,1569.9,1.39,1415978,2253812113.46
2025-09-29,CHOLAHLDNG,EQ,INE149A01033,CHOLAMANDALAM FIN HOL LTD,1832.1,1956.6,1778.5,1937.3,1839.6,5.31,714211,1383641005.17
2025-09-29,CIEINDIA,EQ,INE536H01010,CIE AUTOMOTIVE INDIA LTD,422.4,422.9,404.8,405.4,417.0,-2.78,254554,103196190.05
2025-09-29,CIFL,EQ,INE345H01024,CAPITAL INDIA FINANCE LTD,36.4,36.4,34.73,35.34,35.7,-1.01,150640,5323617.62
2025-09-29,CINELINE,EQ,INE704H01022,CINELINE INDIA LIMITED,85.78,89.24,85.78,87.61,85.64,2.3,20441,1790836.02
2025-09-29,CINEVISTA,EQ,INE039B01026,CINEVISTA LIMITED,20.5,20.5,18.71,19.1,19.87,-3.88,52768,1007868.82
2025-09-29,CIPLA,EQ,INE059A01026,CIPLA LTD,1506.9,1527.3,1485.3,1488.0,1499.4,-0.76,1778220,2645991360.0
2025-09-29,CLEAN,EQ,INE227W01023,CLEAN SCIENCE & TECH LTD,1105.0,1118.0,1084.0,1105.0,1101.1,0.35,264549,292326645.0
2025-09-29,CLEDUCATE,EQ,INE201M01029,CL EDUCATE LIMITED,90.0,93.49,89.03,90.38,93.53,-3.37,58990,5331516.04
2025-09-29,CLSEL,EQ,INE419D01026,CHAMAN LAL SETIA EXP LTD,263.6,266.0,261.0,263.05,266.3,-1.22,45217,11894331.3
2025-09-29,CMSINFO,EQ,INE925R01014,CMS INFO SYSTEMS LIMITED,380.95,388.0,374.1,374.85,380.0,-1.36,459840,172371026.81
2025-09-29,CNL,EQ,INE985W01018,CREATIVE NEWTECH LIMITED,648.7,660.0,632.15,637.35,648.7,-1.75,4609,2937546.04
2025-09-29,COALINDIA,EQ,INE522F01014,COAL INDIA LTD,389.8,391.6,385.6,388.3,389.15,-0.22,6606409,2565268534.06
2025-09-29,COASTCORP,EQ,INE377E01024,COASTAL CORPORATION LTD,33.38,34.5,32.73,34.31,32.95,4.13,83606,2868521.97
2025-09-29,COCHINSHIP,EQ,INE704P01025,COCHIN SHIPYARD LIMITED,1880.0,1888.9,1755.0,1772.0,1874.2,-5.45,2609772,4624515984.0
2025-09-29,COFFEEDAY,EQ,INE335K01011,COFFEE DAY ENTERPRISE LTD,40.43,42.45,38.46,40.93,40.43,1.24,606751,24834318.62
2025-09-29,COFORGE,EQ,INE591G01025,COFORGE LIMITED,1553.9,1574.9,1525.0,1552.2,1538.5,0.89,2271394,3525657655.89
2025-09-29,COHANCE,EQ,INE03QK01018,COHANCE LIFESCIENCES LTD,878.9,880.0,857.05,876.4,869.3,0.82,445862,390753467.69
2025-09-29,COLPAL,EQ,INE259A01022,COLGATE PALMOLIVE LTD.,2226.0,2239.5,2209.0,2218.4,2224.3,-0.27,439155,974221409.11
2025-09-29,COMMOIETF,EQ,INF109KC19O8,ICICIPRAMC - ICICICOMMO,90.91,91.2,90.37,90.74,90.23,0.57,23769,2156799.01
2025-09-29,COMPUSOFT,EQ,INE453B01029,COMPUCOM SOFTWARE LTD,18.7,18.8,18.4,18.5,18.48,0.11,26888,497428.0
2025-09-29,COMSYN,EQ,INE073V01015,COMMERCIAL SYN BAGS LTD,153.01,155.0,151.5,153.74,154.47,-0.47,190391,29270713.39
2025-09-29,CONCOR,EQ,INE111A01025,CONTAINER CORP OF IND LTD,527.2,528.6,520.65,523.3,524.8,-0.29,3106751,1625762760.38
2025-09-29,CONCORDBIO,EQ,INE338H01029,CONCORD BIOTECH LIMITED,1565.4,1620.0,1541.0,1593.9,1565.4,1.82,63784,101665319.16
2025-09-29,CONFIPET,EQ,INE552D01024,CONFIDENCE PETRO IND LTD.,45.68,46.0,44.85,45.0,45.5,-1.1,348356,15676020.0
2025-09-29,CONS,EQ,INF174KA1ZF8,KOTAKMAMC - KOTAKCONS,124.73,124.73,123.64,124.24,124.11,0.1,405806,50417336.57
2025-09-29,CONSUMAXIS,EQ,INF846K016C7,AXISAMC-CONSUMAXIS,124.3,125.12,121.0,124.28,124.28,0.0,4049,503209.72
2025-09-29,CONSUMBEES,EQ,INF204KA1LD7,NIP IND ETF CONSUMPTION,134.53,135.22,133.91,134.47,134.51,-0.03,91660,12325520.31
2025-09-29,CONSUMER,EQ,INF769K01NS5,MIRAEAMC - CONSUMER,11.95,11.98,11.88,11.93,11.9,0.25,90209,1076193.4
2025-09-29,CONSUMIETF,EQ,INF109KC1V42,ICICIPRAMC - ICICICONSU,125.17,125.57,124.39,125.12,124.55,0.46,11325,1416984.03
2025-09-29,CONTROLPR,EQ,INE663B01015,CONTROL PRINT LIMITED,793.1,805.0,770.55,797.1,788.9,1.04,22945,18289458.94
2025-09-29,CORALFINAC,EQ,INE558D01021,CORAL INDIA FIN & HOUS LT,43.5,44.49,41.71,43.91,42.64,2.98,55867,2453119.96
2025-09-29,CORDSCABLE,EQ,INE792I01017,CORDS CABLE INDUS LTD.,178.5,178.5,170.01,170.91,177.24,-3.57,16432,2808393.18
2025-09-29,COROMANDEL,EQ,INE169A01031,COROMANDEL INTERNTL. LTD,2186.5,2285.0,2139.0,2238.5,2186.7,2.37,962691,2154983803.5
2025-09-29,COSMOFIRST,EQ,INE757A01017,COSMO FIRST LIMITED,850.0,861.4,829.0,832.65,849.65,-2.0,30715,25574845.5
2025-09-29,CPCAP,EQ,INE521J01018,CP CAPITAL LIMITED,133.8,133.8,125.07,126.46,129.1,-2.04,10744,1358686.23
2025-09-29,CPEDU,EQ,INE0P6P01016,CAREER POINT EDUTECH LTD,270.41,273.07,262.0,263.48,270.41,-2.56,14884,3921636.48
2025-09-29,CPPLUS,EQ,INE819V01029,ADITYA INFOTECH LIMITED,1260.0,1285.6,1227.0,1276.1,1254.7,1.71,376023,479842941.12
2025-09-29,CPSEETF,EQ,INF457M01133,CPSE ETF,91.7,93.08,91.0,92.16,91.76,0.44,856466,78931909.7
2025-09-29,CRAFTSMAN,EQ,INE00LO01017,CRAFTSMAN AUTOMATION LTD,6779.0,6825.0,6662.0,6719.0,6779.5,-0.89,21982,147697058.0
2025-09-29,CREATIVEYE,EQ,INE230B01021,CREATIVE EYE LIMITED,7.25,7.99,7.25,7.49,7.64,-1.96,26881,201338.68
2025-09-29,CREDITACC,EQ,INE741K01010,CREDITACCESS GRAMEEN LTD,1376.0,1396.6,1330.0,1335.8,1377.5,-3.03,202647,270695872.49
2025-09-29,CREST,EQ,INE559D01011,CREST VENTURES LIMITED,362.1,368.0,362.1,363.6,362.1,0.41,1457,529765.21
2025-09-29,CRESTO,EQ,INE203Y01012,CRESTO TECHNO LIMITED,16.49,16.49,15.68,15.69,16.09,-2.49,2600,40794.0
2025-09-29,CRISIL,EQ,INE007A01025,CRISIL LTD,4669.9,4675.0,4573.0,4581.2,4620.5,-0.85,20495,93891698.0
2025-09-29,CRIZAC,EQ,INE0S4R01014,CRIZAC LIMITED,304.7,306.5,300.1,301.9,300.3,0.53,641610,193702055.08
2025-09-29,CROMPTON,EQ,INE299U01018,CROMPT GREA CON ELEC LTD,294.9,295.6,292.1,293.65,292.6,0.36,2414846,709119513.16
2025-09-29,CROWN,EQ,INE491V01019,CROWN LIFTERS LIMITED,151.0,157.85,150.0,151.32,152.81,-0.98,10851,1641973.4
2025-09-29,CSBBANK,EQ,INE679A01013,CSB BANK LIMITED,360.65,369.65,358.6,366.55,360.65,1.64,556676,204049581.0
2025-09-29,CSLFINANCE,EQ,INE718F01018,CSL FINANCE LIMITED,284.9,284.9,275.9,276.55,278.5,-0.7,3073,849838.11
2025-09-29,CUB,EQ,INE491A01021,CITY UNION BANK LTD,156.47,158.14,154.35,157.61,155.74,1.2,2129895,335698082.19
2025-09-29,CUBEXTUB,EQ,INE144D01012,CUBEX TUBINGS LTD,96.96,98.9,95.0,96.07,96.96,-0.92,7706,740315.42
2025-09-29,CUMMINSIND,EQ,INE298A01020,CUMMINS INDIA LTD,3947.6,4010.3,3930.0,3994.2,3947.6,1.18,355702,1420744911.03
2025-09-29,CUPID,EQ,INE509F01029,CUPID LIMITED,43.46,44.28,42.72,43.98,43.1,2.03,11178440,491605441.48
2025-09-29,CYIENT,EQ,INE136B01020,CYIENT LIMITED,1143.0,1163.0,1134.5,1148.0,1134.1,1.23,326223,374504004.0
2025-09-29,CYIENTDLM,EQ,INE055S01018,CYIENT DLM LIMITED,434.0,436.35,413.05,416.05,434.0,-4.14,257268,107036348.26
2025-09-29,DABUR,EQ,INE016A01026,DABUR INDIA LTD,497.75,501.7,490.55,492.85,499.75,-1.38,17685374,8716236683.84
2025-09-29,DALBHARAT,EQ,INE00R701025,DALMIA BHARAT LIMITED,2215.1,2244.2,2209.3,2229.3,2215.4,0.63,234318,522365128.84
2025-09-29,DALMIASUG,EQ,INE495A01022,DALMIA BHARAT SUG IN LTD,347.25,352.3,345.35,347.85,347.25,0.17,40711,14161321.6
2025-09-29,DAMCAPITAL,EQ,INE284H01025,DAM CAPITAL ADVISORS LTD,241.4,245.9,237.3,238.72,237.48,0.52,545295,130172823.07
2025-09-29,DANGEE,EQ,INE688Y01022,DANGEE DUMS LIMITED,4.42,4.42,4.13,4.18,4.26,-1.88,33738,141024.83
2025-09-29,DATAMATICS,EQ,INE365B01017,DATAMATICS GLOBAL SER LTD,855.9,884.0,843.2,856.2,853.3,0.34,203191,173972136.68
2025-09-29,DATAPATTNS,EQ,INE0IX101010,DATA PATTERNS INDIA LTD,2669.6,2710.0,2510.0,2541.4,2654.9,-4.28,408147,1037264745.94
2025-09-29,DAVANGERE,EQ,INE179G01029,DAVANGERE SUGAR COMPANY L,3.85,3.85,3.76,3.77,3.8,-0.79,3107378,11714815.0
2025-09-29,DBCORP,EQ,INE950I01011,D.B.CORP LTD,266.8,273.7,264.2,266.9,265.65,0.47,114103,30454090.0
2025-09-29,DBEIL,EQ,INE0OPA01027,DEEPAK BUILDERS & ENG I L,17.2,18.56,16.71,17.01,16.68,1.98,3838240,65284627.15
2025-09-29,DBL,EQ,INE917M01012,DILIP BUILDCON LIMITED,503.05,509.95,488.1,491.1,508.95,-3.51,466522,229108957.05
2025-09-29,DBOL,EQ,INE0I3401014,DHAMPUR BIO ORGANICS LTD,82.9,84.9,81.55,82.29,82.1,0.23,87726,7218972.62
2025-09-29,DBREALTY,EQ,INE879I01012,VALOR ESTATE LIMITED,165.99,168.96,161.0,161.79,165.24,-2.09,874578,141497968.75
2025-09-29,DCAL,EQ,INE385W01011,DISHMAN CARBO AMCIS LTD,280.0,282.75,268.55,270.25,281.25,-3.91,503356,136031959.0
2025-09-29,DCBBANK,EQ,INE503A01015,DCB BANK LIMITED,123.75,123.99,122.76,123.15,123.83,-0.55,683389,84159356.39
2025-09-29,DCI,EQ,INE0A1101019,DC INFOTECH AND COMUN LTD,274.01,284.99,265.0,265.27,277.49,-4.4,18542,4918636.14
2025-09-29,DCM,EQ,INE498A01018,DCM LTD,96.1,98.74,94.92,97.93,97.12,0.83,23578,2308993.55
2025-09-29,DCMFINSERV,EQ,INE891B01012,DCM FINANCIAL SERVICES LT,5.64,5.77,5.36,5.48,5.64,-2.84,11329,62082.92
2025-09-29,DCMNVL,EQ,INE08KP01019,DCM NOUVELLE LIMITED,166.95,166.95,155.0,155.62,164.51,-5.4,19621,3053419.92
2025-09-29,DCMSHRIRAM,EQ,INE499A01024,DCM SHRIRAM LIMITED,1158.3,1166.6,1143.0,1158.3,1153.6,0.41,48738,56453227.78
2025-09-29,DCMSRIND,EQ,INE843D01027,DCM SHRIRAM IND LTD,163.85,165.26,161.2,161.58,163.63,-1.25,44618,7209376.52
2025-09-29,DCW,EQ,INE500A01029,DCW LTD,69.09,71.16,68.57,68.8,68.67,0.19,587449,40416492.99
2025-09-29,DCXINDIA,EQ,INE0KL801015,DCX SYSTEMS LIMITED,258.0,259.8,235.0,237.3,257.0,-7.67,2696016,639764605.03
2025-09-29,DDEVPLSTIK,EQ,INE0HR601026,DDEV PLASTIKS IND LTD,346.9,352.7,344.7,348.3,346.6,0.49,182248,63476976.18
2025-09-29,DECCANCE,EQ,INE583C01021,DECCAN CEMENTS LIMITED,1093.7,1098.0,1067.8,1085.1,1085.0,0.01,71047,77093097.97
2025-09-29,DEEDEV,EQ,INE841L01016,DEE DEVELOPMENT ENG LTD,274.0,275.4,264.0,266.95,273.35,-2.34,92078,24580223.22
2025-09-29,DEEPAKFERT,EQ,INE501A01019,DEEPAK FERTILIZERS & PETR,1525.0,1548.7,1490.0,1500.8,1531.6,-2.01,267523,401498531.46
2025-09-29,DEEPAKNTR,EQ,INE288B01029,DEEPAK NITRITE LTD,1849.9,1853.2,1828.8,1833.6,1848.4,-0.8,124628,228517897.76
2025-09-29,DEEPINDS,EQ,INE0FHS01024,DEEP INDUSTRIES LIMITED,509.1,509.1,480.0,482.8,501.4,-3.71,229709,110903502.4
2025-09-29,DELHIVERY,EQ,INE148O01028,DELHIVERY LIMITED,444.5,447.8,438.7,439.9,445.7,-1.3,2624608,1154565043.18
2025-09-29,DELTACORP,EQ,INE124G01033,DELTA CORP LIMITED,80.36,80.36,77.31,77.58,80.36,-3.46,2910527,225798689.99
2025-09-29,DELTAMAGNT,EQ,INE393A01011,DELTA MANUFACTURING LTD,82.3,83.21,78.48,79.28,82.12,-3.46,4072,322828.16
2025-09-29,DEN,EQ,INE947J01015,DEN NETWORKS LTD,33.55,34.0,32.7,32.98,33.53,-1.64,549417,18119772.41
2025-09-29,DENORA,EQ,INE244A01016,DE NORA INDIA LIMITED,841.05,841.05,824.2,830.7,838.25,-0.9,1612,1339088.42
2025-09-29,DENTA,EQ,INE0R4L01018,DENTA WATER N INFRA SOL L,434.95,454.9,420.3,446.6,430.6,3.72,685920,306331876.19
2025-09-29,DEVIT,EQ,INE060X01034,DEV INFO TECHNOLOGY LTD,41.2,42.5,40.11,40.5,40.43,0.17,34005,1377202.5
2025-09-29,DEVX,EQ,INE0VOV01021,DEV ACCELERATOR LIMITED,53.1,54.16,52.11,53.45,53.16,0.55,125967,6732936.25
2025-09-29,DEVYANI,EQ,INE872J01023,DEVYANI INTERNATIONAL LTD,170.25,171.4,166.0,169.93,169.91,0.01,4871490,827812260.02
2025-09-29,DGCONTENT,EQ,INE03JI01017,DIGICONTENT LIMITED,35.99,36.98,35.24,35.4,35.63,-0.65,4374,154839.61
2025-09-29,DHAMPURSUG,EQ,INE041A01016,DHAMPUR SUGAR MILLS LTD.,134.0,135.5,133.0,134.45,133.36,0.82,78970,10617516.26
2025-09-29,DHANBANK,EQ,INE680A01011,DHANLAXMI BANK LIMITED,25.11,25.19,24.79,24.9,25.05,-0.6,311086,7746041.28
2025-09-29,DHANUKA,EQ,INE435G01025,DHANUKA AGRITECH LTD,1508.0,1620.4,1487.7,1524.3,1501.4,1.53,148228,225943947.64
2025-09-29,DHARMAJ,EQ,INE00OQ01016,DHARMAJ CROP GUARD LTD,305.0,322.05,298.9,300.75,310.0,-2.98,119034,35799475.5
2025-09-29,DHRUV,EQ,INE506Z01015,DHRUV CONSULTANCY SER LTD,53.42,53.43,51.7,52.39,53.42,-1.93,8578,449401.41
2025-09-29,DHUNINV,EQ,INE320L01011,DHUNSERI INVESTMENTS LTD,1455.0,1455.0,1410.7,1430.3,1417.6,0.9,1033,1477499.95
2025-09-29,DIAMINESQ,EQ,INE591D01014,DIAMINES & CHEMICALS LTD,352.95,353.95,324.0,326.3,352.65,-7.47,12326,4021973.65
2025-09-29,DIAMONDYD,EQ,INE393P01035,PRATAAP SNACKS LIMITED,990.55,1025.0,974.55,1003.25,990.55,1.28,92086,92385279.5
2025-09-29,DICIND,EQ,INE303A01010,DIC INDIA LIMITED,551.95,565.0,496.0,514.05,523.45,-1.8,4496,2311168.75
2025-09-29,DIFFNKG,EQ,INE184O01015,DIFFUSION ENGINEERS LTD,350.05,364.9,348.7,359.8,350.45,2.67,162869,58600264.21
2025-09-29,DIGIDRIVE,EQ,INE0PSC01024,DIGIDRIVE DISTRIBUTORS L,33.39,33.39,30.01,30.49,30.66,-0.55,18300,557967.0
2025-09-29,DIGISPICE,EQ,INE927C01020,DIGISPICE TECHNOLOGIES LT,26.8,26.97,25.6,26.47,26.92,-1.67,124204,3287679.79
2025-09-29,DIGITIDE,EQ,INE0U4701011,DIGITIDE SOLUTIONS LTD,158.99,163.99,157.29,162.27,158.8,2.19,277101,44965180.45
2025-09-29,DISHTV,EQ,INE836F01026,DISH TV INDIA LTD.,5.08,5.12,4.9,4.91,5.08,-3.35,5996477,29442701.16
2025-09-29,DIVGIITTS,EQ,INE753U01022,DIVGI TORQTRANSFER SYST L,683.0,685.0,661.0,672.65,675.25,-0.39,5055,3400245.87
2025-09-29,DIVISLAB,EQ,INE361B01024,DIVI S LABORATORIES LTD,5717.0,5735.0,5636.5,5697.5,5689.5,0.14,467714,2664800515.0
2025-09-29,DIVOPPBEES,EQ,INF204KA1MS3,NIP IND ETF DIV OPP,77.43,77.89,76.57,76.95,76.59,0.47,37217,2863848.04
2025-09-29,DIXON,EQ,INE935N01020,DIXON TECHNO (INDIA) LTD,17530.0,17637.0,16626.0,16678.0,17511.0,-4.76,503255,8393286890.0
2025-09-29,DJML,EQ,INE0B1K01014,DJ MEDIAPRINT & LOG LTD,93.0,96.52,90.99,92.28,94.83,-2.69,15994,1475926.3
2025-09-29,DLF,EQ,INE271C01023,DLF LIMITED,719.9,723.05,713.5,722.15,716.05,0.85,1927913,1392242420.02
2025-09-29,DLINKINDIA,EQ,INE250K01012,D-LINK INDIA LTD,475.4,492.0,465.0,467.85,472.55,-0.99,92737,43387006.02
2025-09-29,DMART,EQ,INE192R01011,AVENUE SUPERMARTS LIMITED,4500.0,4571.0,4483.8,4529.9,4517.8,0.27,429367,1944989531.37
2025-09-29,DMCC,EQ,INE505A01010,DMCC SPECIALITY CHEMICALS,306.2,311.25,296.4,301.9,306.2,-1.4,75513,22797374.24
2025-09-29,DNAMEDIA,EQ,INE016M01021,DILIGENT MEDIA CORP LTD.,4.54,4.74,4.41,4.46,4.49,-0.67,47438,211573.48
2025-09-29,DODLA,EQ,INE021O01019,DODLA DAIRY LIMITED,1312.0,1332.9,1306.9,1325.1,1317.2,0.6,26267,34806401.06
2025-09-29,DOLATALGO,EQ,INE966A01022,DOLAT ALGOTECH LIMITED,80.01,81.76,79.11,79.79,80.93,-1.41,182120,14531354.97
2025-09-29,DOLLAR,EQ,INE325C01035,DOLLAR INDUSTRIES LIMITED,376.0,396.0,361.3,366.0,366.65,-0.18,761731,278793546.0
2025-09-29,DOLLEX,EQ,INE0JHH01011,DOLLEX AGROTECH LIMITED,43.45,43.45,43.05,43.45,43.25,0.46,28000,1216600.02
2025-09-29,DOLPHIN,EQ,INE920A01037,DOLPHIN OFF ENT (IND) L,382.95,398.95,379.55,391.0,376.05,3.98,2351,919241.0
2025-09-29,DOMS,EQ,INE321T01012,DOMS INDUSTRIES LIMITED,2480.2,2559.6,2468.4,2513.2,2480.3,1.33,47518,119422235.28
2025-09-29,DONEAR,EQ,INE668D01028,DONEAR IND. LIMITED,96.6,96.67,94.01,94.36,95.22,-0.9,15938,1503909.69
2025-09-29,DPABHUSHAN,EQ,INE266Y01019,D. P. ABHUSHAN LIMITED,1450.0,1479.9,1421.0,1430.8,1476.2,-3.08,30525,43675171.49
2025-09-29,DRCSYSTEMS,EQ,INE03RS01027,DRC SYSTEMS INDIA LIMITED,20.48,21.5,20.16,20.5,20.34,0.79,275258,5642789.0
2025-09-29,DREAMFOLKS,EQ,INE0JS101016,DREAMFOLKS SERVICES LTD,99.5,104.33,99.3,101.4,103.16,-1.71,163689,16598064.85
2025-09-29,DREDGECORP,EQ,INE506A01018,DREDGING CORP OF INDIA,627.0,643.05,625.25,634.8,631.6,0.51,28818,18293666.05
2025-09-29,DRREDDY,EQ,INE089A01031,DR. REDDY S LABORATORIES,1265.0,1270.0,1231.0,1234.6,1253.1,-1.48,3899164,4813907779.21
2025-09-29,DSSL,EQ,INE417B01040,DYNACONS SYS & SOLN LTD,848.0,855.0,830.4,831.9,849.15,-2.03,27882,23195036.48
2025-09-29,DUCON,EQ,INE741L01018,DUCON INFRATECHNOLOGIES L,5.44,5.62,5.41,5.49,5.48,0.18,301289,1654076.54
2025-09-29,DVL,EQ,INE477B01010,DHUNSERI VENTURES LIMITED,360.5,367.75,357.0,361.1,362.3,-0.33,45939,16588573.18
2025-09-29,DWARKESH,EQ,INE366A01041,DWARIKESH SUGAR IND LTD,41.14,41.59,40.55,40.7,41.02,-0.78,215743,8780740.26
2025-09-29,DYCL,EQ,INE600Y01019,DYNAMIC CABLES LIMITED,399.95,408.95,391.0,393.6,398.05,-1.12,86107,33891715.73
2025-09-29,DYNAMATECH,EQ,INE221B01012,DYNAMATIC TECHNOLOGIES,7000.0,7074.0,6716.0,6756.5,6927.0,-2.46,25445,171919142.5
2025-09-29,DYNPRO,EQ,INE256H01015,DYNEMIC PRODUCTS LIMITED,338.5,348.0,333.9,342.45,337.35,1.51,25068,8584536.91
2025-09-29,EASEMYTRIP,EQ,INE07O001026,EASY TRIP PLANNERS LTD,8.18,8.24,7.97,8.01,8.18,-2.08,12383388,99190940.71
2025-09-29,EBANKNIFTY,EQ,INF754K01TE4,EDELAMC - EBANKNIFTY,54.97,55.1,54.58,54.83,54.89,-0.11,634,34762.22
2025-09-29,EBBETF0430,EQ,INF754K01KO2,EDELAMC - EBBETF0430,1533.28,1545.28,1520.0,1539.2,1537.59,0.1,7899,12158140.41
2025-09-29,EBBETF0431,EQ,INF754K01LE1,EDELAMC - EBBETF0431,1378.39,1378.39,1372.73,1375.86,1373.7,0.16,6606,9088931.06
2025-09-29,EBBETF0433,EQ,INF754K01QX0,EDELAMC - EBBETF0433,1253.16,1255.55,1252.86,1253.28,1252.23,0.08,1299,1628010.76
2025-09-29,EBGNG,EQ,INE18JU01028,GNG ELECTRONICS LIMITED,346.75,346.75,335.0,338.85,345.5,-1.92,323695,109684052.73
2025-09-29,ECAPINSURE,EQ,INF754K01TX4,EDELAMC - ECAPINSURE,22.76,22.79,22.57,22.6,22.57,0.13,35693,806661.81
2025-09-29,ECLERX,EQ,INE738I01010,ECLERX SERVICES LTD,2056.0,2067.95,2015.0,2024.6,2078.45,-2.59,168050,340234025.9
2025-09-29,ECOSMOBLTY,EQ,INE06HJ01020,ECOS (INDIA) MOB & HOSP L,255.1,261.25,240.0,244.7,256.6,-4.64,198767,48638284.29
2025-09-29,EDELWEISS,EQ,INE532F01054,EDELWEISS FIN SERV LTD,109.6,112.2,108.55,110.41,109.33,0.99,7238662,799220697.93
2025-09-29,EFCIL,EQ,INE886D01026,EFC (I) LIMITED,310.8,310.8,295.25,296.15,308.6,-4.03,324082,95976882.32
2025-09-29,EGOLD,EQ,INF754K01SE6,EDELAMC - EGOLD,116.2,116.2,114.5,115.8,113.9,1.67,564213,65335867.12
2025-09-29,EICHERMOT,EQ,INE066A01021,EICHER MOTORS LTD,7049.0,7073.5,6969.0,6985.0,7047.0,-0.88,612976,4281637360.0
2025-09-29,EIDPARRY,EQ,INE126A01031,EID PARRY INDIA LTD,1028.5,1033.6,998.8,1012.8,1031.6,-1.82,335258,339549298.31
2025-09-29,EIEL,EQ,INE0LLY01014,ENVIRO INFRA ENGINEERS L,249.4,250.0,241.41,243.67,247.13,-1.4,904739,220457750.47
2025-09-29,EIHAHOTELS,EQ,INE276C01014,EIH ASSOCIATED HOTELS LTD,372.8,377.95,370.35,373.1,374.15,-0.28,13944,5202506.49
2025-09-29,EIHOTEL,EQ,INE230A01023,EIH LIMITED,373.0,374.8,363.0,365.5,375.15,-2.57,438605,160310127.5
2025-09-29,EIMCOELECO,EQ,INE158B01016,EIMCO ELECON (INDIA) LTD,1789.0,1789.0,1725.0,1737.7,1767.4,-1.68,107520,186837498.75
2025-09-29,EKC,EQ,INE184H01027,EVEREST KANTO CYLINDERLTD,146.0,146.84,140.79,142.94,145.25,-1.59,418340,59797520.62
2025-09-29,ELDEHSG,EQ,INE668G01021,ELDECO HSG & IND LTD.,784.1,811.95,784.1,805.05,796.05,1.13,1835,1477266.73
2025-09-29,ELECON,EQ,INE205B01031,ELECON ENG. CO. LTD,565.7,574.2,555.65,557.9,565.7,-1.38,243608,135908909.15
2025-09-29,ELECTCAST,EQ,INE086A01029,ELECTROSTEEL CASTINGS LTD,94.87,95.47,91.2,91.99,94.87,-3.04,1300830,119663348.92
2025-09-29,ELECTHERM,EQ,INE822G01016,ELECTROTHERM (I) LTD.,1045.3,1064.4,1007.05,1016.5,1025.45,-0.87,12651,12859741.5
2025-09-29,ELGIEQUIP,EQ,INE285A01027,ELGI EQUIPMENTS LTD,487.0,492.3,473.0,476.6,485.95,-1.92,252718,120445400.34
2025-09-29,ELGIRUBCO,EQ,INE819L01012,ELGI RUBBER CO. LTD,69.0,69.5,66.5,66.96,69.25,-3.31,17542,1174612.3
2025-09-29,ELIN,EQ,INE050401020,ELIN ELECTRONICS LIMITED,204.5,205.01,197.0,199.37,202.91,-1.74,87288,17402608.13
2025-09-29,ELLEN,EQ,INE236E01022,ELLENBARRIE INDUS GASES L,493.6,502.0,477.3,479.25,487.0,-1.59,134640,64526220.0
2025-09-29,EMAMILTD,EQ,INE548C01032,EMAMI LIMITED,557.85,562.25,545.65,553.8,557.85,-0.73,2573129,1424998808.79
2025-09-29,EMAMIREAL,EQ,INE778K01012,EMAMI REALTY LIMITED,111.59,111.59,108.05,109.35,109.68,-0.3,8285,905964.74
2025-09-29,EMBDL,EQ,INE069I01010,EMBASSY DEVELOPMENTS LTD,91.99,94.68,91.5,92.75,91.56,1.3,5704601,529101742.75
2025-09-29,EMCURE,EQ,INE168P01015,EMCURE PHARMACEUTICALS L,1290.0,1295.0,1260.0,1271.8,1284.2,-0.97,67060,85286911.27
2025-09-29,EMIL,EQ,INE02YR01019,ELECTRONICS MART IND LTD,146.69,147.63,142.06,142.67,146.5,-2.61,1251799,178594161.04
2025-09-29,EMKAY,EQ,INE296H01011,EMKAY GLOBAL FIN SERV LTD,310.12,338.2,310.12,329.53,324.51,1.55,35440,11678543.16
2025-09-29,EMSLIMITED,EQ,INE0OV601013,EMS LIMITED,546.0,550.0,539.05,541.95,544.75,-0.51,93870,50872847.65
2025-09-29,EMUDHRA,EQ,INE01QM01018,EMUDHRA LIMITED,631.1,682.0,625.15,665.4,632.3,5.23,185032,123120297.32
2025-09-29,EMULTIMQ,EQ,INF754K01TF1,EDELAMC - EMULTIMQ,41.08,41.28,40.6,40.79,40.87,-0.2,31150,1270608.53
2025-09-29,ENDURANCE,EQ,INE913H01037,ENDURANCE TECHNO. LTD.,2740.0,2812.0,2695.3,2735.5,2730.3,0.19,206808,565723284.0
2025-09-29,ENERGYDEV,EQ,INE306C01019,ENERGY DEVE. CO.LTD,19.4,19.55,18.55,18.74,19.09,-1.83,25569,479163.05
2025-09-29,ENGINERSIN,EQ,INE510A01028,ENGINEERS INDIA LTD,196.9,200.25,191.85,192.61,195.86,-1.66,1821048,350752056.39
2025-09-29,ENIL,EQ,INE265F01028,ENTERTAIN NET. IND. LTD.,163.9,163.9,157.0,157.57,161.92,-2.69,9438,1487145.73
2025-09-29,ENRIN,EQ,INE1NPP01017,SIEMENS ENERGY INDIA LTD,3515.5,3573.7,3460.8,3510.6,3516.2,-0.16,2644655,9284326101.27
2025-09-29,ENTERO,EQ,INE010601016,ENTERO HEALTHCARE SOLU L,1068.2,1080.0,1064.5,1073.2,1083.2,-0.92,155042,166391066.83
2025-09-29,EPACK,EQ,INE0G5901015,EPACK DURABLE LIMITED,355.95,368.3,351.0,352.65,354.95,-0.65,450808,158977438.45
2025-09-29,EPIGRAL,EQ,INE071N01016,EPIGRAL LIMITED,1652.0,1770.0,1639.1,1701.6,1659.2,2.56,65098,110770755.21
2025-09-29,EPL,EQ,INE255A01020,EPL LIMITED,207.05,212.84,204.48,209.73,207.05,1.29,348085,73003865.56
2025-09-29,EQUAL200,EQ,INF769K01OA1,MIRAEAMC - EQUAL200,12.9,12.9,12.9,12.9,12.86,0.34,0,0.0
2025-09-29,EQUAL50,EQ,INF769K01OO2,MIRAEAMC - EQUAL50,316.96,316.96,316.96,316.96,317.12,-0.05,0,0.0
2025-09-29,EQUAL50ADD,EQ,INF740KA1QK2,DSPAMC - DSPNEWETF,323.1,332.9,323.1,327.55,327.75,-0.06,1864,610553.18
2025-09-29,EQUITASBNK,EQ,INE063P01018,EQUITAS SMALL FIN BNK LTD,56.73,57.59,56.3,56.93,56.73,0.35,2030145,115576155.47
2025-09-29,ERIS,EQ,INE406M01024,ERIS LIFESCIENCES LIMITED,1585.5,1603.5,1566.0,1578.1,1585.5,-0.47,68213,107646933.63
2025-09-29,ESABINDIA,EQ,INE284A01012,ESAB INDIA LTD,4917.5,5016.5,4910.0,4944.5,4994.0,-0.99,2121,10487284.5
2025-09-29,ESCORTS,EQ,INE042A01014,ESCORTS KUBOTA LIMITED,3550.9,3570.0,3445.2,3464.0,3543.7,-2.25,243089,842060296.0
2025-09-29,ESG,EQ,INF769K01GS9,MIRAEAMC - MAESGETF,42.15,42.31,41.94,42.02,42.03,-0.02,3151,132405.02
2025-09-29,ESILVER,EQ,INF754K01SF3,EDELAMC - ESILVER,142.5,147.4,142.5,145.35,139.0,4.57,264333,38420803.16
2025-09-29,ESSARSHPNG,EQ,INE122M01019,ESSAR SHIPPING LTD,27.02,27.69,26.76,26.76,28.17,-5.01,261483,6997285.14
2025-09-29,ESSENTIA,EQ,INE418N01035,INTEGRA ESSENTIA LIMITED,1.8,1.83,1.77,1.77,1.81,-2.21,2264928,4008922.52
2025-09-29,ESTER,EQ,INE778B01029,ESTER INDUSTRIES LTD,110.2,111.01,106.96,107.87,109.94,-1.88,39674,4279634.49
2025-09-29,ETERNAL,EQ,INE758T01015,ETERNAL LIMITED,326.95,328.8,324.25,324.85,321.0,1.2,21653802,7034237711.86
2025-09-29,ETHOSLTD,EQ,INE04TZ01018,ETHOS LIMITED,2565.1,2630.1,2559.0,2587.9,2558.4,1.15,34634,89629325.22
2025-09-29,EUREKAFORB,EQ,INE0KCE01017,EUREKA FORBES LIMITED,570.4,572.35,563.1,565.45,570.4,-0.87,85151,48148633.99
2025-09-29,EUROBOND,EQ,INE505V01016,EURO PANEL PRODUCTS LTD,204.51,210.11,202.44,205.54,205.36,0.09,8850,1819028.94
2025-09-29,EUROPRATIK,EQ,INE198501012,EURO PRATIK SALES LIMITED,234.7,238.0,225.0,229.97,234.69,-2.01,615733,141600118.76
2025-09-29,EVEREADY,EQ,INE128A01029,EVEREADY INDS. IND.  LTD.,390.9,397.35,390.05,395.0,389.35,1.45,76783,30329285.0
2025-09-29,EVINDIA,EQ,INF769K01LQ3,MIRAEAMC - EVINDIA,30.06,31.45,30.06,30.81,30.84,-0.1,138736,4274456.09
2025-09-29,EXCELINDUS,EQ,INE369A01029,EXCEL INDUSTRIES LTD,1125.0,1149.8,1125.0,1143.1,1147.0,-0.34,6398,7313553.64
2025-09-29,EXICOM,EQ,INE777F01014,EXICOM TELE SYSTEMS LTD,146.78,148.68,142.0,143.64,145.89,-1.54,396718,56984573.28
2025-09-29,EXIDEIND,EQ,INE302A01020,EXIDE INDUSTRIES LTD,389.5,392.0,385.75,388.55,388.8,-0.06,1223452,475372259.67
2025-09-29,EXPLEOSOL,EQ,INE201K01015,EXPLEO SOLUTIONS LIMITED,977.7,992.1,959.8,971.1,970.9,0.02,9299,9030258.67
2025-09-29,EXXARO,EQ,INE0GFE01026,EXXARO TILES LIMITED,8.34,8.49,8.03,8.1,8.18,-0.98,240453,1947669.39
2025-09-29,FACT,EQ,INE188A01015,FACT LTD,945.95,952.85,894.1,911.2,942.65,-3.34,709119,646149241.46
2025-09-29,FAZE3Q,EQ,INE963C01033,FAZE THREE LIMITED,462.0,519.0,460.05,491.95,457.2,7.6,625840,307881995.64
2025-09-29,FCL,EQ,INE045J01034,FINEOTEX CHEMICAL LIMITED,26.17,26.5,25.15,25.73,25.04,2.75,54388670,1399529275.53
2025-09-29,FCSSOFT,EQ,INE512B01022,FCS SOFTWARE SOLN. LTD.,2.3,2.31,2.26,2.27,2.28,-0.44,1518344,3446640.85
2025-09-29,FDC,EQ,INE258B01022,FDC LIMITED,450.1,456.0,446.1,448.35,454.15,-1.28,46316,20765778.88
2025-09-29,FEDERALBNK,EQ,INE171A01029,FEDERAL BANK LTD,193.0,193.13,189.05,190.08,191.82,-0.91,8268524,1571681057.06
2025-09-29,FEDFINA,EQ,INE007N01010,FEDBANK FINANCIAL SER L,147.35,154.0,144.05,152.68,148.64,2.72,1869936,285501814.78
2025-09-29,FIBERWEB,EQ,INE296C01020,FIBERWEB INDIA LIMITED,43.94,45.29,43.77,44.14,43.94,0.46,27696,1222501.42
2025-09-29,FIEMIND,EQ,INE737H01014,FIEM INDUSTRIES LIMITED,1966.1,1978.1,1921.1,1939.5,1962.4,-1.17,90841,176186119.5
2025-09-29,FILATEX,EQ,INE816B01035,FILATEX INDIA LTD,51.5,52.19,51.05,51.53,51.65,-0.23,550637,28374323.94
2025-09-29,FILATFASH,EQ,INE185E01021,FILATEX FASHIONS LIMITED,0.59,0.59,0.55,0.55,0.57,-3.51,43801054,24090580.22
2025-09-29,FINCABLES,EQ,INE235A01022,FINOLEX CABLES LTD,821.0,823.05,800.9,802.05,819.8,-2.17,242735,194685603.79
2025-09-29,FINEORG,EQ,INE686Y01026,FINE ORGANIC IND. LTD.,4676.5,4718.9,4497.0,4510.0,4629.6,-2.58,14265,64335150.0
2025-09-29,FINIETF,EQ,INF109KC17L8,ICICIPRAMC-ICICIFIN,29.76,30.06,29.76,29.96,29.73,0.77,180657,5412483.55
2025-09-29,FINOPB,EQ,INE02NC01014,FINO PAYMENTS BANK LTD,260.15,270.1,259.55,268.7,261.45,2.77,117888,31676507.04
2025-09-29,FINPIPE,EQ,INE183A01024,FINOLEX INDUSTRIES LTD,208.95,209.44,199.57,200.78,208.23,-3.58,890467,178787963.17
2025-09-29,FIRSTCRY,EQ,INE02RE01045,BRAINBEES SOLUTIONS LTD,364.55,367.2,359.55,362.05,362.85,-0.22,1377191,498611984.74
2025-09-29,FISCHER,EQ,INE771F01041,FISCHER MEDICAL VENTURE L,113.4,114.2,108.6,110.2,113.8,-3.16,167069,18411003.29
2025-09-29,FIVESTAR,EQ,INE128S01021,FIVE-STAR BUS FIN LTD,512.85,520.5,501.0,515.8,510.25,1.09,1281458,660976020.76
2025-09-29,FLAIR,EQ,INE00Y201027,FLAIR WRITING INDUST LTD,298.0,306.0,296.2,301.65,296.25,1.82,80627,24321134.06
2025-09-29,FLUOROCHEM,EQ,INE09N301011,GUJARAT FLUOROCHEM LTD,3720.1,3735.7,3665.0,3675.9,3679.0,-0.08,64059,235474471.84
2025-09-29,FMCGIETF,EQ,INF109KC19V3,ICICIPRAMC - ICICIFMCG,58.9,58.9,58.1,58.73,58.5,0.39,1800216,105726684.86
2025-09-29,FMGOETZE,EQ,INE529A01010,FEDERAL-MOGUL GOETZE (IND,516.85,525.7,502.6,506.5,521.55,-2.89,66630,33748095.0
2025-09-29,FMNL,EQ,INE360L01017,FUTURE MKT NETWORKS LTD,11.06,11.06,10.51,10.51,11.07,-5.06,125214,1315999.17
2025-09-29,FOODSIN,EQ,INE976E01023,FOODS & INNS LIMITED,90.99,91.54,85.55,88.19,89.78,-1.77,222317,19606136.77
2025-09-29,FORCEMOT,EQ,INE451A01017,FORCE MOTORS LIMITED,17469.0,17550.0,16650.0,16954.0,17372.0,-2.41,127418,2160244772.0
2025-09-29,FORTIS,EQ,INE061F01013,FORTIS HEALTHCARE LTD,938.0,974.9,933.9,970.75,932.75,4.07,4072382,3953264826.5
2025-09-29,FOSECOIND,EQ,INE519A01011,FOSECO INDIA LTD,5880.0,5979.0,5450.0,5524.5,5786.5,-4.53,19406,107208447.0
2025-09-29,FSL,EQ,INE684F01012,FIRSTSOURCE SOLU. LTD.,353.6,355.0,323.05,326.35,351.6,-7.18,5748451,1876007018.94
2025-09-29,FUSION,EQ,INE139R01012,FUSION FINANCE LIMITED,194.0,196.5,189.5,190.9,190.26,0.34,934290,178355955.3
2025-09-29,GABRIEL,EQ,INE524A01029,GABRIEL INDIA LTD,1238.0,1258.0,1214.2,1219.2,1237.7,-1.49,171796,209453674.81
2025-09-29,GAEL,EQ,INE036B01030,GUJARAT AMBUJA EXPORTS LT,105.35,106.89,105.08,105.13,105.35,-0.21,201593,21193471.54
2025-09-29,GAIL,EQ,INE129A01019,GAIL (INDIA) LTD,172.78,177.1,171.9,176.49,172.02,2.6,12460294,2199117356.51
2025-09-29,GALAPREC,EQ,INE0RE001014,GALA PRECISION ENG LTD,769.0,774.85,755.0,758.8,767.8,-1.17,9689,7352013.08
2025-09-29,GALAXYSURF,EQ,INE600K01018,GALAXY SURFACTANTS LTD,2220.0,2220.0,2175.1,2195.8,2184.1,0.54,4735,10397113.23
2025-09-29,GALLANTT,EQ,INE297H01019,GALLANTT ISPAT LIMITED,654.0,683.0,650.15,666.5,656.1,1.59,548953,365877174.5
2025-09-29,GANDHAR,EQ,INE717W01049,GANDHAR OIL REFINE IND L,140.93,146.85,140.0,141.73,140.24,1.06,169876,24076524.75
2025-09-29,GANDHITUBE,EQ,INE524B01027,GANDHI SPL. TUBES LTD,938.65,1010.0,931.3,951.45,927.65,2.57,215565,205099321.88
2025-09-29,GANECOS,EQ,INE845D01014,GANESHA ECOSPHERE LIMITED,1197.5,1229.2,1148.8,1161.2,1192.7,-2.64,45594,52943750.57
2025-09-29,GANESHCP,EQ,INE652V01016,GANESH CONSUMER PRODUCT L,296.05,308.7,291.65,294.3,,,5493770,1616816443.94
2025-09-29,GANESHHOU,EQ,INE460C01014,GANESH HOUSING LIMITED,845.95,848.25,831.0,833.3,842.35,-1.07,46257,38545957.54
2025-09-29,GANGAFORGE,EQ,INE691Z01023,GANGA FORGING LIMITED,3.6,3.74,3.58,3.62,3.72,-2.69,166061,601140.8
2025-09-29,GANGESSECU,EQ,INE335W01016,GANGES SECURITIES LIMITED,151.0,152.0,146.0,146.41,148.55,-1.44,937,137186.17
2025-09-29,GARFIBRES,EQ,INE276A01018,GARWARE TECH FIBRES LTD,780.4,786.9,766.15,770.35,781.75,-1.46,33300,25652654.19
2025-09-29,GARUDA,EQ,INE0JVO01026,GARUDA CONSTRUCT N ENG L,185.1,186.61,176.55,180.45,187.33,-3.67,1296848,234016217.64
2025-09-29,GATEWAY,EQ,INE079J01017,GATEWAY DISTRIPARKS LTD,62.0,62.35,61.2,61.71,61.67,0.06,796103,49127515.4
2025-09-29,GAYAHWS,EQ,INE287Z01012,GAYATRI HIGHWAYS LIMITED,3.75,3.76,3.67,3.76,3.59,4.74,1884087,7084167.1
2025-09-29,GAYAPROJ,EQ,INE336H01023,GAYATRI PROJECTS LTD,10.99,10.99,10.99,10.99,10.99,0.0,384636,4227149.55
2025-09-29,GCSL,EQ,INE199P01028,GRETEX CORPORATE SERVICES,255.0,265.25,247.25,249.35,259.0,-3.73,39922,9954550.94
2025-09-29,GEEKAYWIRE,EQ,INE669X01032,GEEKAY WIRES LIMITED,35.5,35.5,34.01,34.4,34.98,-1.67,66498,2287198.74
2025-09-29,GEMAROMA,EQ,INE06XZ01023,GEM AROMATICS LIMITED,245.0,246.0,230.1,232.9,240.9,-3.32,360675,84001205.3
2025-09-29,GENCON,EQ,INE854S01022,GENERIC ENG CONS PROJ LTD,45.74,45.74,40.6,41.97,44.13,-4.89,102745,4312207.78
2025-09-29,GENESYS,EQ,INE727B01026,GENESYS INTL CORPN LTD,510.0,526.0,496.5,500.2,506.85,-1.31,178552,89311712.58
2025-09-29,GENUSPAPER,EQ,INE949P01018,GENUS P&B LIMITED,17.24,17.46,17.01,17.05,17.24,-1.1,56589,964842.41
2025-09-29,GENUSPOWER,EQ,INE955D01029,GENUS POWER INFRASTRU LTD,308.8,316.4,306.8,312.15,306.5,1.84,493432,154024795.79
2025-09-29,GEOJITFSL,EQ,INE007B01023,GEOJIT FINANCIAL SER L,79.09,81.1,76.68,77.93,79.09,-1.47,1215317,94709654.18
2025-09-29,GESHIP,EQ,INE017A01032,THE GE SHPG.LTD,995.0,1009.0,971.1,976.0,995.1,-1.92,461912,450826112.0
2025-09-29,GFLLIMITED,EQ,INE538A01037,GFL LIMITED,61.2,61.9,60.25,60.7,61.2,-0.82,21019,1275853.32
2025-09-29,GHCL,EQ,INE539A01019,GHCL LIMITED,587.3,597.2,577.95,582.9,582.3,0.1,88685,51694488.67
2025-09-29,GHCLTEXTIL,EQ,INE0PA801013,GHCL TEXTILES LIMITED,76.6,78.29,76.2,78.02,77.36,0.85,96602,7536887.72
2025-09-29,GICHSGFIN,EQ,INE289B01019,GIC HOUSING FINANCE LTD,175.19,175.86,172.7,173.3,175.19,-1.08,55239,9572918.87
2025-09-29,GICRE,EQ,INE481Y01014,GENERAL INS CORP OF INDIA,361.1,365.8,359.15,363.65,359.7,1.1,594361,216139374.02
2025-09-29,GILLANDERS,EQ,INE047B01011,GILLANDERS ARBUTHNOT LTD,110.1,124.9,110.1,115.69,107.46,7.66,102681,11879165.14
2025-09-29,GILLETTE,EQ,INE322A01010,GILLETTE INDIA LTD,9629.0,9759.0,9451.0,9479.0,9529.0,-0.52,16359,155066961.0
2025-09-29,GILT10BETA,EQ,INF789F1AZF3,UTIAMC-GILT10BETA,26.09,26.09,25.71,25.71,25.67,0.16,465,11955.15
2025-09-29,GILT5BETA,EQ,INF789F1AZE6,UTIAMC-GILT5BETA,62.89,62.94,62.53,62.53,62.57,-0.06,3766,235487.98
2025-09-29,GILT5YBEES,EQ,INF204KC1030,RELCAPAMC - NETFGILT5Y,62.88,63.86,62.02,62.86,62.88,-0.03,172478,10841967.19
2025-09-29,GIPCL,EQ,INE162A01010,GUJ IND POW CO. LTD,183.55,184.72,181.55,182.56,183.55,-0.54,127198,23221266.57
2025-09-29,GKENERGY,EQ,INE1AG301022,GK ENERGY LIMITED,168.35,169.8,155.16,164.46,167.74,-1.96,4958888,815538753.77
2025-09-29,GKWLIMITED,EQ,INE528A01020,GKW LIMITED,1685.6,1685.9,1659.8,1665.0,1656.6,0.51,193,321345.0
2025-09-29,GLAND,EQ,INE068V01023,GLAND PHARMA LIMITED,1950.0,2074.0,1920.3,1998.0,1958.1,2.04,1031408,2060753184.0
2025-09-29,GLAXO,EQ,INE159A01016,GLAXOSMITHKLINE PHARMA LT,2669.9,2709.0,2622.6,2662.9,2672.4,-0.36,89831,239210961.13
2025-09-29,GLENMARK,EQ,INE935A01035,GLENMARK PHARMACEUTICALS,1971.9,1988.5,1954.2,1958.2,1971.7,-0.68,554275,1085381277.94
2025-09-29,GLFL,EQ,INE540A01017,GUJARAT LEASE FINANCING L,6.47,6.47,6.01,6.11,6.17,-0.97,49171,300434.82
2025-09-29,GLOBAL,EQ,INE291W01037,GLOBAL EDUCATION LIMITED,65.25,65.5,64.01,64.63,64.67,-0.06,11263,727927.66
2025-09-29,GLOBALE,EQ,INE0URU01010,GLOBALE TESSILE LIMITED,13.99,13.99,13.26,13.68,13.61,0.51,1846,25253.28
2025-09-29,GLOBALVECT,EQ,INE792H01019,GLOBAL VEC HELICORP LTD,212.0,212.0,204.01,205.89,206.51,-0.3,16004,3295063.55
2025-09-29,GLOBE,EQ,INE581X01021,GLOBE ENTERPRISE (I) LTD,2.22,2.22,2.15,2.17,2.18,-0.46,343759,745957.06
2025-09-29,GLOBECIVIL,EQ,INE0V3U01015,GLOBE CIVIL PROJECTS LTD,70.9,71.94,69.71,71.38,70.35,1.46,153335,10945051.88
2025-09-29,GLOBUSSPR,EQ,INE615I01010,GLOBUS SPIRITS LTD,1045.8,1052.7,1034.1,1041.0,1045.8,-0.46,37125,38647125.0
2025-09-29,GLOSTERLTD,EQ,INE350Z01018,GLOSTER LIMITED,644.8,649.05,635.2,642.8,640.8,0.31,496,318828.79
2025-09-29,GMBREW,EQ,INE075D01018,G M BREWERIES LTD,718.0,721.3,702.05,705.5,705.55,-0.01,18602,13123711.0
2025-09-29,GMDCLTD,EQ,INE131A01031,GUJARAT MINERAL DEV CORP,592.0,622.55,587.05,602.9,589.0,2.36,7523375,4535842971.18
2025-09-29,GMMPFAUDLR,EQ,INE541A01023,GMM PFAUDLER LIMITED,1064.0,1071.3,1041.7,1048.2,1059.8,-1.09,40483,42434278.62
2025-09-29,GMRAIRPORT,EQ,INE776C01039,GMR AIRPORTS LIMITED,87.22,87.65,86.02,86.9,87.28,-0.44,8378717,728110520.08
2025-09-29,GMRP&UI,EQ,INE0CU601026,GMR POW AND URBAN INFRA L,113.89,117.0,112.25,113.76,113.62,0.12,6014170,684171992.05
2025-09-29,GNA,EQ,INE934S01014,GNA AXLES LIMITED,311.0,313.0,307.35,308.65,310.15,-0.48,11834,3652564.03
2025-09-29,GNFC,EQ,INE113A01013,GUJ NAR VAL FER & CHEM L,497.3,514.0,485.3,494.5,497.3,-0.56,1220219,603398295.5
2025-09-29,GOACARBON,EQ,INE426D01013,GOA CARBON LIMITED,444.0,445.4,431.65,435.45,436.25,-0.18,8923,3885520.46
2025-09-29,GOCLCORP,EQ,INE077F01035,GOCL CORPORATION LIMITED,352.95,358.0,348.05,355.35,351.55,1.08,42788,15204716.06
2025-09-29,GOCOLORS,EQ,INE0BJS01011,GO FASHION INDIA LTD,687.2,695.45,676.8,678.95,687.2,-1.2,28181,19133490.29
2025-09-29,GODAVARIB,EQ,INE497S01012,GODAVARI BIOREFINERIES L,260.0,269.91,256.01,257.0,266.25,-3.47,28068,7213476.0
2025-09-29,GODFRYPHLP,EQ,INE260B01028,GODFREY PHILLIPS INDIA LT,3285.0,3540.0,3136.0,3512.0,3283.0,6.98,3083877,10830576024.0
2025-09-29,GODIGIT,EQ,INE03JT01014,GO DIGIT GENERAL INS LTD,350.05,352.8,337.05,341.55,350.85,-2.65,286984,98019381.7
2025-09-29,GODREJAGRO,EQ,INE850D01014,GODREJ AGROVET LIMITED,727.0,727.0,704.0,713.0,715.8,-0.39,335054,238893502.0
2025-09-29,GODREJCP,EQ,INE102D01028,GODREJ CONSUMER PRODUCTS,1158.1,1189.0,1152.0,1177.6,1163.9,1.18,2461758,2898966160.7
2025-09-29,GODREJIND,EQ,INE233A01035,GODREJ INDUSTRIES LTD,1192.0,1202.3,1184.6,1195.0,1195.0,0.0,55466,66281870.0
2025-09-29,GODREJPROP,EQ,INE484J01027,GODREJ PROPERTIES LTD,1974.0,2018.0,1971.8,1996.9,1957.6,2.01,586290,1170762515.31
2025-09-29,GOKEX,EQ,INE887G01027,GOKALDAS EXPORTS LTD.,739.35,743.2,721.05,723.85,737.8,-1.89,169861,122953880.7
2025-09-29,GOKUL,EQ,INE020J01029,GOKUL REFOILS & SOLV LTD,42.9,42.9,41.2,41.94,41.13,1.97,25614,1074251.12
2025-09-29,GOKULAGRO,EQ,INE314T01033,GOKUL AGRO RESOURCES LTD,196.48,200.0,193.65,196.1,196.12,-0.01,583800,114483183.56
2025-09-29,GOLD1,EQ,INF174KA1HJ8,KOTAK GOLD ETF,96.45,96.68,95.4,96.46,94.69,1.87,1893430,182640256.07
2025-09-29,GOLDADD,EQ,INF740KA1ZP2,DSPAMC - DSPGOLD,11.33,11.45,11.08,11.26,11.05,1.92,31568220,355521296.29
2025-09-29,GOLDAXIS,EQ,INF846K01W80,AXISAMC-GOLDAXIS,96.63,97.0,95.7,96.77,94.92,1.95,815843,78949124.37
2025-09-29,GOLDBEES,EQ,INF204KB17I5,NIP IND ETF GOLD BEES,94.8,95.96,94.34,95.9,94.22,1.78,34621491,3320201039.73
2025-09-29,GOLDBETA,EQ,INF789F1AUX7,UTIAMC-UTIGOLDBETA,98.0,98.0,96.2,97.55,95.65,1.99,1359898,132658054.05
2025-09-29,GOLDCASE,EQ,INF0R8F01042,ZERODHAAMC - GOLDCASE,18.23,18.27,17.91,18.21,17.9,1.73,7662607,139536066.45
2025-09-29,GOLDETF,EQ,INF769K01JP9,MIRAEAMC - MAGOLDETF,111.1,113.19,111.1,112.74,110.6,1.93,1596651,180006430.33
2025-09-29,GOLDIAM,EQ,INE025B01025,GOLDIAM INTERNATIONAL LTD,279.0,281.66,275.25,277.27,276.08,0.43,303459,84141592.37
2025-09-29,GOLDIETF,EQ,INF109KC1NT3,ICICI PRUDENTIAL GOLD ETF,97.96,99.89,97.96,99.66,97.38,2.34,15428350,1537589417.5
2025-09-29,GOODLUCK,EQ,INE127I01024,GOODLUCK INDIA LIMITED,392.03,425.0,392.03,419.3,389.6,7.62,2638428,1106292828.19
2025-09-29,GOPAL,EQ,INE0L9R01028,GOPAL SNACKS LIMITED,363.0,363.55,346.05,350.1,362.3,-3.37,265148,92828316.42
2025-09-29,GOYALALUM,EQ,INE705X01026,GOYAL ALUMINIUMS LIMITED,7.32,7.53,7.02,7.11,7.3,-2.6,92529,657881.2
2025-09-29,GPIL,EQ,INE177H01039,GODAWARI POW & ISP LTD,249.0,258.54,248.34,249.33,256.51,-2.8,4278042,1066644219.69
2025-09-29,GPPL,EQ,INE517F01014,GUJARAT PIPAVAV PORT LTD,158.89,161.8,155.21,157.22,156.26,0.61,4284137,673552024.37
2025-09-29,GPTHEALTH,EQ,INE486R01017,GPT HEALTHCARE LIMITED,149.4,150.51,145.82,146.47,147.99,-1.03,131410,19247622.86
2025-09-29,GPTINFRA,EQ,INE390G01014,GPT INFRAPROJECTS LTD,115.05,117.9,113.07,114.26,115.8,-1.33,68762,7856746.27
2025-09-29,GRANULES,EQ,INE101D01020,GRANULES INDIA LIMITED,515.95,524.45,511.35,514.6,515.9,-0.25,1235265,635667338.84
2025-09-29,GRAPHITE,EQ,INE371A01025,GRAPHITE INDIA LTD,553.35,559.6,543.85,545.75,553.55,-1.41,285101,155593870.75
2025-09-29,GRASIM,EQ,INE047A01021,GRASIM INDUSTRIES LTD,2740.1,2765.7,2700.5,2746.9,2746.8,0.0,541455,1487322686.62
2025-09-29,GRAVITA,EQ,INE024L01027,GRAVITA INDIA LIMITED,1573.9,1618.0,1554.3,1604.5,1558.2,2.97,310508,498210086.0
2025-09-29,GREAVESCOT,EQ,INE224A01026,GREAVES COTTON LTD.,217.51,218.98,210.7,212.16,216.58,-2.04,1146022,243140031.72
2025-09-29,GREENLAM,EQ,INE544R01021,GREENLAM INDUSTRIES LTD.,237.92,240.0,231.68,234.21,236.74,-1.07,37454,8772101.59
2025-09-29,GREENPANEL,EQ,INE08ZM01014,GREENPANEL INDUSTRIES LTD,276.0,276.0,267.15,268.25,276.0,-2.81,103037,27639675.25
2025-09-29,GREENPLY,EQ,INE461C01038,GREENPLY INDUSTRIES LTD,302.0,304.7,280.3,295.95,305.95,-3.27,520018,153899333.45
2025-09-29,GREENPOWER,EQ,INE999K01014,ORIENT GREEN POWER CO LTD,13.27,13.45,13.06,13.1,13.25,-1.13,2411334,31588476.32
2025-09-29,GRINDWELL,EQ,INE536A01023,GRINDWELL NORTON LIMITED,1555.0,1574.5,1548.3,1550.3,1554.4,-0.26,13426,20814328.46
2025-09-29,GRINFRA,EQ,INE201P01022,G R INFRAPROJECTS LIMITED,1248.1,1255.6,1200.4,1213.7,1248.1,-2.76,10077,12230454.41
2025-09-29,GRMOVER,EQ,INE192H01020,GRM OVERSEAS LIMITED,121.93,121.93,117.83,119.23,120.37,-0.94,1850565,220649026.91
2025-09-29,GROBTEA,EQ,INE646C01018,THE GROB TEA COMPANY LTD,1074.8,1167.4,1070.0,1087.2,1060.8,2.49,1187,1290506.34
2025-09-29,GROWWDEFNC,EQ,INF666M01IO8,GROWWAMC - GROWWDEFNC,80.34,80.98,78.35,78.54,79.74,-1.5,325928,25598385.42
2025-09-29,GROWWEV,EQ,INF666M01IH2,GROWWAMC - GROWWEV,30.8,31.46,30.45,30.74,30.78,-0.13,212631,6536276.89
2025-09-29,GROWWGOLD,EQ,INF666M01OE7,GROWWAMC - GROWWGOLD,113.45,113.97,111.62,113.35,111.33,1.81,479678,54371500.57
2025-09-29,GROWWLIQID,EQ,INF666M01IP5,GROWWAMC - GROWWLIQID,105.95,105.95,105.94,105.94,105.93,0.01,282302,29907074.57
2025-09-29,GROWWLOVOL,EQ,INF666M01LB9,GROWWAMC - GROWWLOVOL,10.24,10.24,10.24,10.24,10.25,-0.14,0,0.0
2025-09-29,GROWWMOM50,EQ,INF666M01KJ4,GROWWAMC - GROWWMOM50,10.18,10.18,10.18,10.18,10.15,0.32,0,0.0
2025-09-29,GROWWN200,EQ,INF666M01JV1,GROWWAMC - GROWWN200,11.11,11.11,11.11,11.11,11.1,0.12,0,0.0
2025-09-29,GROWWNET,EQ,INF666M01LI4,GROWWAMC - GROWWNET,10.33,10.33,10.33,10.33,10.32,0.17,0,0.0
2025-09-29,GROWWNXT50,EQ,INF666M01LZ8,GROWWAMC - GROWWNXT50,67.8,67.8,67.8,67.8,67.18,0.93,0,0.0
2025-09-29,GROWWRAIL,EQ,INF666M01JJ6,GROWWAMC - GROWWRAIL,34.98,35.15,34.69,34.89,34.68,0.61,204103,7121153.55
2025-09-29,GROWWSLVR,EQ,INF666M01OF4,GROWWAMC - GROWWSLVR,142.04,142.04,142.04,142.04,136.45,4.1,0,0.0
2025-09-29,GRPLTD,EQ,INE137I01015,GRP LIMITED,2151.5,2211.7,2111.0,2155.0,2160.7,-0.26,1133,2441615.0
2025-09-29,GRSE,EQ,INE382Z01011,GARDEN REACH SHIP&ENG LTD,2630.0,2649.9,2481.5,2493.6,2611.5,-4.51,1906360,4753699482.17
2025-09-29,GRWRHITECH,EQ,INE291A01017,GARWARE HI-TECH FILMS LTD,3060.0,3060.0,2910.0,2920.5,3016.9,-3.2,38811,113347525.5
2025-09-29,GSEC10IETF,EQ,INF109KC18O0,ICICIPRAMC - ICICI10GS,264.74,264.74,256.64,256.68,257.03,-0.14,540,138607.2
2025-09-29,GSEC10YEAR,EQ,INF769K01KF8,MIRAEAMC - MAGS813ETF,30.24,30.24,29.13,29.28,29.36,-0.27,34143,999707.06
2025-09-29,GSEC5IETF,EQ,INF109KC14A8,ICICIPRAMC - ICICI5GSEC,63.16,63.29,63.1,63.21,63.15,0.1,17913,1132280.71
2025-09-29,GSFC,EQ,INE026A01025,GUJ STATE FERT & CHEM LTD,199.8,199.85,195.6,196.14,197.31,-0.59,704557,138191809.55
2025-09-29,GSLSU,EQ,INE0JSX01015,GLOBAL SURFACES LIMITED,94.0,95.82,89.51,90.22,91.32,-1.2,72184,6512440.57
2025-09-29,GSS,EQ,INE871H01011,GSS INFOTECH LIMITED,26.46,26.8,24.15,25.15,25.87,-2.78,188433,4739089.88
2025-09-29,GTECJAINX,EQ,INE586X01012,G-TEC JAINX EDUCATION LTD,27.3,27.3,25.0,25.07,26.0,-3.58,143,3585.01
2025-09-29,GTL,EQ,INE043A01012,GTL LTD,9.25,9.8,9.2,9.53,9.25,3.03,660635,6295851.37
2025-09-29,GTLINFRA,EQ,INE221H01019,GTL INFRA.LTD,1.5,1.51,1.49,1.49,1.5,-0.67,26866723,40031417.53
2025-09-29,GTPL,EQ,INE869I01013,GTPL HATHWAY LIMITED,110.0,111.5,108.55,108.85,109.87,-0.93,20992,2284979.17
2025-09-29,GUFICBIO,EQ,INE742B01025,GUFIC BIOSCIENCES LTD.,356.6,359.4,346.8,353.9,358.0,-1.15,34916,12356772.19
2025-09-29,GUJALKALI,EQ,INE186A01019,GUJARAT ALKALIES & CHEM,555.0,557.9,534.8,543.95,559.6,-2.8,70404,38296256.66
2025-09-29,GUJAPOLLO,EQ,INE826C01016,GUJ. APOLLO IND. LTD.,486.25,495.0,475.05,476.95,486.25,-1.91,6471,3086343.53
2025-09-29,GUJENERGY,EQ,INE844O01030,GUJARAT ENERGY LIMITED,424.1,430.7,419.65,425.3,424.05,0.29,568434,241754973.26
2025-09-29,GUJRAFFIA,EQ,INE610B01024,GUJARAT RAFFIA INDUST LTD,38.51,38.51,37.31,38.48,38.61,-0.34,2234,85964.32
2025-09-29,GUJTHEM,EQ,INE942C01045,GUJARAT THEMIS BIOSYN LTD,398.0,409.4,392.8,405.15,399.85,1.33,115304,46715414.9
2025-09-29,GULFOILLUB,EQ,INE635Q01029,GULF OIL LUB. IND. LTD.,1215.5,1230.0,1204.9,1225.3,1215.5,0.81,35155,43075423.22
2025-09-29,GULPOLY,EQ,INE255D01024,GULSHAN POLYOLS LIMITED,150.4,155.0,148.32,149.82,148.13,1.14,70251,10525005.33
2025-09-29,GVPIL,EQ,INE878A01011,GE POWER INDIA LIMITED,328.9,330.2,321.0,322.5,327.2,-1.44,109303,35250217.5
2025-09-29,GVT&D,EQ,INE200A01026,GE VERNOVA T&D INDIA LTD,2935.0,3013.2,2900.0,2988.9,2906.7,2.83,563913,1685479510.63
2025-09-29,HAL,EQ,INE066F01020,HINDUSTAN AERONAUTICS LTD,4750.0,4833.0,4703.5,4740.0,4736.1,0.08,1307604,6198042960.0
2025-09-29,HALEOSLABS,EQ,INE320X01016,HALEOS LABS LIMITED,1178.9,1178.9,1103.5,1127.8,1149.2,-1.86,1127,1271030.66
2025-09-29,HAPPSTMNDS,EQ,INE419U01012,HAPPIEST MINDS TECHNO LTD,540.0,542.0,526.1,530.8,536.4,-1.04,254878,135289239.29
2025-09-29,HAPPYFORGE,EQ,INE330T01021,HAPPY FORGINGS LIMITED,961.0,967.0,946.45,957.7,962.0,-0.45,26077,24973943.22
2025-09-29,HARDWYN,EQ,INE626Z01029,HARDWYN INDIA LIMITED,9.04,9.24,8.5,8.75,9.04,-3.16,630583,5517601.25
2025-09-29,HARIOMPIPE,EQ,INE00EV01017,HARIOM PIPE INDUSTRIES L,503.5,510.3,488.4,492.25,501.75,-1.89,148740,73217265.0
2025-09-29,HARRMALAYA,EQ,INE544A01019,HARRISON MALAYALAM LTD,199.99,204.29,199.21,200.14,200.0,0.07,9588,1918942.31
2025-09-29,HARSHA,EQ,INE0JUS01029,HARSHA ENGINEERS INT LTD,406.9,410.35,400.0,401.4,404.3,-0.72,46623,18714471.92
2025-09-29,HATHWAY,EQ,INE982F01036,HATHWAY CABLE & DATACOM,14.2,14.22,13.5,13.7,14.19,-3.45,4933512,67589113.46
2025-09-29,HATSUN,EQ,INE473B01035,HATSUN AGRO PRODUCT LTD.,900.3,921.0,900.3,911.05,895.6,1.73,162384,147939941.22
2025-09-29,HAVELLS,EQ,INE176B01034,HAVELLS INDIA LIMITED,1506.0,1520.9,1496.0,1505.2,1507.4,-0.15,794772,1196290775.59
2025-09-29,HAVISHA,EQ,INE293B01029,SRI HAVISHA HOSP & INFR L,2.04,2.04,1.9,1.95,2.0,-2.5,75481,147187.95
2025-09-29,HBLENGINE,EQ,INE292B01021,HBL ENGINEERING LTD,838.0,849.0,807.0,810.7,835.65,-2.99,1268313,1028221364.58
2025-09-29,HBSL,EQ,INE550B01022,HB STOCKHOLDINGS LIMITED,80.88,80.88,77.0,78.9,77.08,2.36,12862,1014811.82
2025-09-29,HCC,EQ,INE549A01026,HINDUSTAN CONSTRUCTION CO,27.79,28.12,27.3,27.43,27.59,-0.58,5468154,149991465.89
2025-09-29,HCG,EQ,INE075I01017,HEALTHCARE GLOB. ENT. LTD,630.0,637.8,616.0,629.45,647.4,-2.77,878066,552698654.42
2025-09-29,HCL-INSYS,EQ,INE236A01020,HCL INFOSYSTEMS LTD,15.36,15.36,14.61,14.76,14.74,0.14,191572,2827602.76
2025-09-29,HCLTECH,EQ,INE860A01027,HCL TECHNOLOGIES LTD,1397.1,1402.6,1383.0,1387.4,1395.3,-0.57,2990852,4149508137.82
2025-09-29,HDBFS,EQ,INE756I01012,HDB FINANCIAL SERVICES L,756.0,757.05,739.1,748.15,755.85,-1.02,2426543,1815418204.69
2025-09-29,HDFCAMC,EQ,INE127D01025,HDFC AMC LIMITED,2810.75,2843.25,2776.5,2811.5,2810.5,0.04,716636,2014822114.0
2025-09-29,HDFCBANK,EQ,INE040A01034,HDFC BANK LTD,946.05,956.8,939.1,950.3,945.05,0.56,32398179,30787989108.21
2025-09-29,HDFCBSE500,EQ,INF179KC1EZ4,HDFCAMC - HDFCBSE500,36.89,38.12,36.71,37.08,36.63,1.23,68221,2529634.8
2025-09-29,HDFCGOLD,EQ,INF179KC1981,HDFC GOLD ETF,98.7,99.25,97.85,99.15,97.27,1.93,8531068,845855405.22
2025-09-29,HDFCGROWTH,EQ,INF179KC1DJ0,HDFCAMC - HDFCGROWTH,120.72,121.92,119.04,120.23,120.71,-0.4,13816,1661097.73
2025-09-29,HDFCLIFE,EQ,INE795G01014,HDFC LIFE INS CO LTD,762.0,768.95,754.4,756.6,764.4,-1.02,3463773,2620690567.24
2025-09-29,HDFCLOWVOL,EQ,INF179KC1HU8,HDFCAMC - HDFCLOWVOL,20.11,20.62,20.11,20.44,20.46,-0.1,18078,369514.33
2025-09-29,HDFCMID150,EQ,INF179KC1HT0,HDFCAMC - HDFCMID150,21.76,21.76,20.43,21.21,21.23,-0.09,1304097,27659896.18
2025-09-29,HDFCMOMENT,EQ,INF179KC1HV6,HDFCAMC - HDFCMOMENT,30.01,30.39,29.99,30.12,30.19,-0.23,171269,5158622.42
2025-09-29,HDFCNEXT50,EQ,INF179KC1HS2,HDFCAMC - HDFCNEXT50,68.56,69.39,68.36,68.93,68.57,0.53,107325,7397912.28
2025-09-29,HDFCNIF100,EQ,INF179KC1HR4,HDFCAMC - HDFCNIF100,26.17,26.42,25.88,26.02,26.03,-0.04,81072,2109493.48
2025-09-29,HDFCNIFBAN,EQ,INF179KC1HY0,HDFCAMC - HDFCNIFBAN,56.11,56.19,55.66,55.81,55.84,-0.05,67389,3760980.18
2025-09-29,HDFCNIFIT,EQ,INF179KC1IA8,HDFCAMC - HDFCNIFIT,35.7,36.06,35.05,35.45,35.33,0.34,74300,2633935.06
2025-09-29,HDFCNIFTY,EQ,INF179KC1965,HDFCAMC - HDFCNIFTY,277.99,277.99,275.2,275.57,275.75,-0.07,203776,56154553.81
2025-09-29,HDFCPSUBK,EQ,INF179KC1HW4,HDFCAMC HDFCPSUBK,75.34,75.34,73.27,74.44,73.15,1.76,46279,3445008.87
2025-09-29,HDFCPVTBAN,EQ,INF179KC1HZ7,HDFCAMC - HDFCPVTBAN,27.66,27.66,26.8,26.87,26.99,-0.44,34049,914896.66
2025-09-29,HDFCQUAL,EQ,INF179KC1DL6,HDFCAMC - HDFCQUAL,57.59,58.3,57.35,57.68,57.59,0.16,6704,386686.72
2025-09-29,HDFCSENSEX,EQ,INF179KC1HX2,HDFCAMC - HDFCSENSEX,91.04,91.61,90.13,90.61,90.59,0.02,470924,42670423.93
2025-09-29,HDFCSILVER,EQ,INF179KC1DI2,HDFCAMC - HDFCSILVER,137.3,142.7,137.3,140.01,133.58,4.81,7159364,1002382514.31
2025-09-29,HDFCSML250,EQ,INF179KC1FB2,HDFCAMC - HDFCSML250,170.5,170.5,167.7,168.18,168.39,-0.12,983078,165334050.84
2025-09-29,HDFCVALUE,EQ,INF179KC1DK8,HDFCAMC - HDFCVALUE,132.1,132.1,131.27,131.5,131.45,0.04,1157,152145.5
2025-09-29,HEADSUP,EQ,INE759V01019,HEADS UP VENTURES LIMITED,10.76,11.8,10.36,11.04,10.98,0.55,15087,166560.48
2025-09-29,HEALTHADD,EQ,INF740KA1ZG1,DSPAMC - HEALTHADD,142.76,144.16,142.26,142.28,142.4,-0.08,3690,525013.2
2025-09-29,HEALTHAXIS,EQ,INF846K01Z12,AXISAMC-HEALTHAXIS,147.16,147.16,144.0,144.07,144.27,-0.14,5070,730434.94
2025-09-29,HEALTHIETF,EQ,INF109KC1Q72,ICICIPRAMC - ICICIPHARM,145.18,146.39,144.8,145.05,145.18,-0.09,39623,5747316.27
2025-09-29,HEALTHX,EQ,INE019J01013,HEALTH X PLATFORM LIMITED,316.35,324.3,312.85,314.5,313.2,0.42,15800,4969100.0
2025-09-29,HEALTHY,EQ,INF209KB10C2,BIRLASLAMC - HEALTHY,14.56,14.9,14.19,14.63,14.56,0.48,130056,1902719.29
2025-09-29,HECPROJECT,EQ,INE558R01013,HEC INFRA PROJECTS LTD,140.15,147.15,138.11,147.14,140.15,4.99,16518,2430458.51
2025-09-29,HEIDELBERG,EQ,INE578A01017,HEIDELBERGCEMENT (I) LTD,205.0,208.0,196.6,199.83,204.25,-2.16,625678,125029235.89
2025-09-29,HEMIPROP,EQ,INE0AJG01018,HEMISPHERE PROP IND LTD,169.17,171.5,167.8,169.35,168.33,0.61,974102,164964179.65
2025-09-29,HERANBA,EQ,INE694N01015,HERANBA INDUSTRIES LTD,300.5,300.5,290.55,292.1,298.9,-2.28,48473,14158963.6
2025-09-29,HERITGFOOD,EQ,INE978A01027,HERITAGE FOODS LTD,485.1,487.55,475.1,480.05,484.3,-0.88,288582,138533785.58
2025-09-29,HEROMOTOCO,EQ,INE158A01026,HERO MOTOCORP LIMITED,5328.0,5429.0,5269.0,5300.5,5328.0,-0.52,8318930,44094488465.0
2025-09-29,HESTERBIO,EQ,INE782E01017,HESTER BIOSCIENCES LTD,1912.0,1935.8,1892.0,1919.4,1921.7,-0.12,2052,3938608.85
2025-09-29,HEXATRADEX,EQ,INE750M01017,HEXA TRADEX LIMITED,173.8,174.5,172.1,174.37,172.22,1.25,8127,1417104.95
2025-09-29,HEXT,EQ,INE093A01041,HEXAWARE TECHNOLOGIES LTD,664.0,680.95,654.4,676.05,664.1,1.8,1671664,1130128426.79
2025-09-29,HGINFRA,EQ,INE926X01010,H.G.INFRA ENGINEERING LTD,940.05,952.15,933.6,937.25,940.4,-0.33,85466,80103008.5
2025-09-29,HGM,EQ,INE596H01014,HANDSON GBL MNGMNT LTD,76.86,78.69,75.0,75.61,76.48,-1.14,5128,387728.08
2025-09-29,HGS,EQ,INE170I01016,HINDUJA GLOBAL SOLS. LTD.,507.0,509.05,498.8,499.8,507.0,-1.42,13338,6666332.24
2025-09-29,HIKAL,EQ,INE475B01022,HIKAL LIMITED,252.5,254.0,247.05,250.45,255.1,-1.82,353119,88438652.47
2025-09-29,HILINFRA,EQ,INE00RL01028,HIGHWAY INFRASTRUCTURE L,82.7,82.7,79.57,80.88,80.66,0.27,345093,27911120.89
2025-09-29,HILTON,EQ,INE788H01017,HILTON METAL FORGING LTD,50.64,50.64,46.57,47.04,49.03,-4.06,124302,5847166.19
2025-09-29,HIMATSEIDE,EQ,INE049A01027,HIMATSINGKA SEIDE LTD,120.0,120.99,117.45,118.59,118.35,0.2,232238,27541103.57
2025-09-29,HINDALCO,EQ,INE038A01020,HINDALCO  INDUSTRIES  LTD,745.0,758.8,744.85,753.8,743.85,1.34,4347158,3276887647.33
2025-09-29,HINDCOMPOS,EQ,INE310C01029,HINDUSTAN COMPOSITES LTD.,461.4,463.6,450.45,450.85,454.1,-0.72,3471,1564900.37
2025-09-29,HINDCON,EQ,INE642Y01029,HINDCON CHEMICALS LIMITED,31.5,31.95,31.42,31.63,31.69,-0.19,18476,584395.86
2025-09-29,HINDCOPPER,EQ,INE531E01026,HINDUSTAN COPPER LTD,315.45,326.0,310.5,319.46,311.97,2.4,19567807,6251131457.01
2025-09-29,HINDOILEXP,EQ,INE345A01011,HINDUSTAN OIL EXPLORATION,173.99,174.8,170.41,171.6,172.82,-0.71,306960,52674337.87
2025-09-29,HINDPETRO,EQ,INE094A01015,HINDUSTAN PETROLEUM CORP,422.3,444.4,421.5,441.75,422.25,4.62,11650349,5146541670.75
2025-09-29,HINDUNILVR,EQ,INE030A01027,HINDUSTAN UNILEVER LTD.,2495.0,2517.4,2443.0,2497.9,2511.8,-0.55,2403556,6003842297.68
2025-09-29,HINDWAREAP,EQ,INE05AN01011,HINDWARE HME INOVATON LTD,330.0,335.0,324.35,332.9,329.75,0.96,145138,48316439.31
2025-09-29,HINDZINC,EQ,INE267A01025,HINDUSTAN ZINC LIMITED,455.8,468.5,453.8,466.15,449.1,3.8,14939041,6963833870.97
2025-09-29,HIRECT,EQ,INE835D01023,HIRECT LIMITED,849.55,858.35,819.45,828.3,846.15,-2.11,43544,36067494.67
2025-09-29,HISARMETAL,EQ,INE598C01011,HISAR METAL IND. LIMITED,187.0,187.0,183.0,183.0,181.28,0.95,873,159759.0
2025-09-29,HITECH,EQ,INE106T01025,HI-TECH PIPES LIMITED,116.0,116.87,114.49,114.93,115.35,-0.36,1243750,142944187.88
2025-09-29,HLEGLAS,EQ,INE461D01028,HLE GLASCOAT LIMITED,474.7,480.8,460.0,462.55,474.65,-2.55,271054,125376024.39
2025-09-29,HLVLTD,EQ,INE102A01024,HLV LIMITED,11.95,11.95,11.4,11.45,11.64,-1.63,405954,4648173.22
2025-09-29,HMAAGRO,EQ,INE0ECP01024,HMA AGRO INDUSTRIES LTD,32.2,32.2,31.15,31.26,31.48,-0.7,97487,3047443.64
2025-09-29,HNDFDS,EQ,INE254N01026,HINDUSTAN FOODS LIMITED,527.9,536.85,523.1,534.2,527.9,1.19,36574,19537831.25
2025-09-29,HNGSNGBEES,EQ,INF204KB19I1,NIP IND ETF HANGSENG BEES,528.9,528.93,526.27,528.93,526.19,0.52,92900,49137596.32
2025-09-29,HOMEFIRST,EQ,INE481N01025,HOME FIRST FIN CO IND LTD,1180.2,1229.0,1176.5,1187.0,1178.7,0.7,523589,621500143.0
2025-09-29,HONASA,EQ,INE0J5401028,HONASA CONSUMER LIMITED,288.0,288.0,275.55,277.05,284.35,-2.57,397711,110185827.7
2025-09-29,HONAUT,EQ,INE671A01010,HONEYWELL AUTOMATION IND,36250.0,36495.0,35595.0,36080.0,36100.0,-0.06,4677,168746160.0
2025-09-29,HONDAPOWER,EQ,INE634A01018,HONDA I POWER PRODUCT LTD,2760.0,2771.7,2701.0,2717.6,2769.3,-1.87,5231,14215766.11
2025-09-29,HPAL,EQ,INE0GSL01024,HP ADHESIVES LIMITED,47.86,49.14,47.32,47.74,47.84,-0.21,70480,3364715.32
2025-09-29,HPIL,EQ,INE05X901010,HINDPRAKASH INDUSTRY LTD,133.01,134.0,130.05,131.27,130.04,0.95,3639,477691.55
2025-09-29,HPL,EQ,INE495S01016,HPL ELECTRIC & POWER LTD,467.2,468.0,452.0,453.7,463.55,-2.12,99848,45301038.82
2025-09-29,HSCL,EQ,INE019C01026,HIMADRI SPECIALITY CHEM L,454.25,457.5,445.35,447.6,452.5,-1.08,826365,369880979.04
2025-09-29,HTMEDIA,EQ,INE501G01024,HT MEDIA LIMITED,26.99,27.19,26.2,27.02,26.94,0.3,176077,4757600.62
2025-09-29,HUBTOWN,EQ,INE703H01016,HUBTOWN LIMITED,294.0,298.95,279.75,281.2,290.95,-3.35,658891,185280157.24
2025-09-29,HUDCO,EQ,INE031A01017,HSG & URBAN DEV CORPN LTD,221.0,223.38,219.15,220.37,220.05,0.15,2199725,484753387.51
2025-09-29,HUHTAMAKI,EQ,INE275B01026,HUHTAMAKI INDIA LIMITED,231.0,234.0,229.0,231.82,229.52,1.0,104206,24157035.68
2025-09-29,HYUNDAI,EQ,INE0V6F01027,HYUNDAI MOTOR INDIA LTD,2645.9,2706.0,2634.8,2642.0,2639.2,0.11,558054,1474378668.0
2025-09-29,IBULLSLTD,EQ,INE126M01010,INDIABULLS LIMITED,18.75,18.75,17.81,17.81,18.75,-5.01,28910,514887.08
2025-09-29,ICEMAKE,EQ,INE520Y01019,ICE MAKE REFRIGERAT LTD,740.0,760.0,735.2,748.8,749.6,-0.11,13870,10385855.83
2025-09-29,ICICIB22,EQ,INF109KB15Y7,ICICIPRAMC - BHARATIWIN,111.0,111.0,109.83,110.52,109.83,0.63,277164,30632164.35
2025-09-29,ICICIBANK,EQ,INE090A01021,ICICI BANK LTD.,1359.6,1366.5,1346.2,1348.1,1359.6,-0.85,20563163,27721199538.27
2025-09-29,ICICIGI,EQ,INE765G01017,ICICI LOMBARD GIC LIMITED,1894.0,1910.0,1871.9,1903.5,1894.0,0.5,560303,1066536760.5
2025-09-29,ICICIPRULI,EQ,INE726G01019,ICICI PRU LIFE INS CO LTD,586.05,599.8,584.4,589.15,585.5,0.62,9274876,5464293421.84
2025-09-29,ICIL,EQ,INE483B01026,INDO COUNT INDUSTRIES LTD,271.1,273.95,262.0,264.53,269.06,-1.68,203871,53929995.38
2025-09-29,ICRA,EQ,INE725G01011,ICRA LIMITED,6450.0,6490.0,6331.0,6408.5,6479.0,-1.09,2485,15925122.5
2025-09-29,IDBI,EQ,INE008A01015,IDBI BANK LIMITED,89.2,90.64,88.57,89.35,89.57,-0.25,9401778,840048849.95
2025-09-29,IDEA,EQ,INE669E01016,VODAFONE IDEA LIMITED,8.06,8.38,8.02,8.24,8.02,2.74,739155377,6090640137.3
2025-09-29,IDEAFORGE,EQ,INE349Y01013,IDEAFORGE TECHNO LTD,505.0,505.0,487.35,493.1,499.0,-1.18,312375,154032114.41
2025-09-29,IDFCFIRSTB,EQ,INE092T01019,IDFC FIRST BANK LIMITED,68.89,70.15,68.66,69.5,68.59,1.33,19074934,1325707913.0
2025-09-29,IDFNIFTYET,EQ,INF194KA1U07,BANDHANAMC - IDFNIFTYET,272.0,275.88,270.42,271.03,270.42,0.23,461,124944.83
2025-09-29,IEX,EQ,INE022Q01020,INDIAN ENERGY EXC LTD,138.0,140.99,137.59,139.72,137.76,1.42,5753855,803928627.62
2025-09-29,IFBAGRO,EQ,INE076C01018,IFB AGRO INDUSTRIES LTD,849.0,849.0,815.15,831.05,824.5,0.79,4071,3383204.5
2025-09-29,IFBIND,EQ,INE559A01017,IFB INDUSTRIES LTD,1717.9,1762.0,1701.8,1712.6,1713.7,-0.06,34198,58567493.97
2025-09-29,IFCI,EQ,INE039A01010,IFCI LTD,53.51,54.22,52.92,53.13,53.27,-0.26,3178177,168856547.4
2025-09-29,IFGLEXPOR,EQ,INE133Y01011,IFGL REFRACTORIES LIMITED,256.6,262.5,246.72,248.84,254.56,-2.25,99565,24775754.24
2025-09-29,IGARASHI,EQ,INE188B01013,IGARASHI MOTORS INDIA LTD,500.4,507.5,492.25,494.55,501.2,-1.33,25548,12634763.09
2025-09-29,IGCL,EQ,INE05J901018,INDOGULF CROPSCIENCES LTD,103.55,103.99,101.0,102.24,102.84,-0.58,186621,19080130.64
2025-09-29,IGIL,EQ,INE0Q9301021,INTL GEMOLOGICAL INST LTD,352.0,352.9,342.0,343.5,347.3,-1.09,275995,94804282.5
2025-09-29,IGL,EQ,INE203G01027,INDRAPRASTHA GAS LTD,203.0,208.39,202.55,206.73,202.26,2.21,1537132,317771291.79
2025-09-29,IGPL,EQ,INE204A01010,I G PETROCHEMICALS LTD,418.05,424.15,414.85,416.15,418.05,-0.45,17673,7354618.84
2025-09-29,IIFL,EQ,INE530B01024,IIFL FINANCE LIMITED,420.0,440.4,419.6,438.8,419.35,4.64,1458037,639786617.8
2025-09-29,IIFLCAPS,EQ,INE489L01022,IIFL CAPITAL SERVICES LTD,276.0,284.4,272.85,276.85,273.8,1.11,314907,87182004.87
2025-09-29,IITL,EQ,INE886A01014,INDUSTRIAL INV TRUST LTD,192.0,206.38,190.01,201.62,189.81,6.22,61804,12460922.18
2025-09-29,IKIO,EQ,INE0LOJ01019,IKIO TECHNOLOGIES LIMITED,212.7,213.44,208.25,209.09,210.93,-0.87,55386,11580658.54
2025-09-29,IKS,EQ,INE115Q01022,INVENTURUS KNOWLEDGE SO L,1470.0,1513.8,1430.0,1503.7,1487.2,1.11,345410,519393000.13
2025-09-29,IMAGICAA,EQ,INE172N01012,IMAGICAAWORLD ENT LTD,54.79,55.25,53.5,53.93,54.35,-0.77,487548,26293463.79
2025-09-29,IMFA,EQ,INE919H01018,INDIAN METALS & FERRO,1120.0,1155.95,1114.65,1118.85,1123.0,-0.37,87088,97438406.67
2025-09-29,IMPAL,EQ,INE547E01014,IND MOTOR PART & ACC LTD,1065.5,1065.5,1043.25,1050.95,1054.85,-0.37,1409,1480788.48
2025-09-29,INCREDIBLE,EQ,INE452L01012,INCREDIBLE INDUSTRIES LTD,45.51,46.4,44.0,44.47,45.79,-2.88,11147,495707.1
2025-09-29,INDBANK,EQ,INE841B01017,INDBANK MERCH BANK,32.02,33.31,32.02,32.16,32.26,-0.31,28637,920965.92
2025-09-29,INDGN,EQ,INE065X01017,INDEGENE LIMITED,575.4,579.45,558.8,573.0,575.4,-0.42,805826,461738298.0
2025-09-29,INDHOTEL,EQ,INE053A01029,THE INDIAN HOTELS CO. LTD,711.1,727.0,710.55,724.3,709.8,2.04,4836722,3503237685.56
2025-09-29,INDIACEM,EQ,INE383A01012,THE INDIA CEMENTS LIMITED,382.0,388.5,382.0,382.85,385.55,-0.7,371339,142167138.42
2025-09-29,INDIAGLYCO,EQ,INE560A01023,INDIA GLYCOLS LTD,849.95,866.2,828.0,831.5,836.3,-0.57,108873,90527899.5
2025-09-29,INDIAMART,EQ,INE933S01016,INDIAMART INTERMESH LTD,2350.0,2387.0,2321.1,2330.4,2366.8,-1.54,71405,166402205.03
2025-09-29,INDIANB,EQ,INE562A01011,INDIAN BANK,709.55,727.95,706.35,724.6,706.35,2.58,2501755,1812771611.92
2025-09-29,INDIANCARD,EQ,INE061A01014,INDIAN CARD CLOTHING CO.,263.0,267.9,260.0,261.35,261.65,-0.11,2655,693884.27
2025-09-29,INDIANHUME,EQ,INE323C01030,INDIAN HUME PIPE CO. LTD.,366.6,370.35,349.1,355.05,366.6,-3.15,31487,11179458.97
2025-09-29,INDIASHLTR,EQ,INE922K01024,INDIA SHELTER FIN CORP L,868.0,873.2,854.2,865.5,868.25,-0.32,280116,242440398.0
2025-09-29,INDIGO,EQ,INE646L01027,INTERGLOBE AVIATION LTD,5575.0,5785.5,5501.0,5707.0,5561.0,2.63,13795988,78733703516.0
2025-09-29,INDIGOPNTS,EQ,INE09VQ01012,INDIGO PAINTS LIMITED,1090.6,1120.0,1056.4,1069.5,1090.6,-1.93,106570,113976615.0
2025-09-29,INDIQUBE,EQ,INE06ST01018,INDIQUBE SPACES LIMITED,231.98,233.7,224.77,230.0,229.41,0.26,119314,27442220.0
2025-09-29,INDNIPPON,EQ,INE092B01025,INDIA NIPPON ELECT  LTD,946.3,946.3,903.0,907.45,935.8,-3.03,30752,27905902.78
2025-09-29,INDOBORAX,EQ,INE803D01021,INDO BORAX & CHEMICAL LTD,231.0,235.89,225.31,227.89,232.45,-1.96,29725,6774030.23
2025-09-29,INDOCO,EQ,INE873D01024,INDOCO REMEDIES LTD.,291.4,296.0,286.0,289.95,285.8,1.45,54506,15804015.37
2025-09-29,INDOFARM,EQ,INE622H01018,INDO FARM EQUIPMENT LTD,231.65,234.02,223.62,225.48,228.13,-1.16,225352,50812368.0
2025-09-29,INDORAMA,EQ,INE156A01020,INDO RAMA SYNTHETICS LTD,56.0,57.57,55.47,57.57,54.83,5.0,688764,39652143.27
2025-09-29,INDOSTAR,EQ,INE896L01010,INDOSTAR CAPITAL FIN LTD,251.45,254.3,247.2,250.65,252.4,-0.69,73608,18449844.75
2025-09-29,INDOTECH,EQ,INE332H01014,INDO TECH TRANSFORM LTD.,1706.1,1719.2,1675.0,1678.6,1706.1,-1.61,7274,12210136.22
2025-09-29,INDOTHAI,EQ,INE337M01021,INDO THAI SEC LTD,267.99,269.75,262.25,269.17,258.52,4.12,1110617,298944792.8
2025-09-29,INDOUS,EQ,INE250Z01010,INDO US BIOTECH LTD,132.67,138.92,132.32,135.6,132.67,2.21,11186,1516821.67
2025-09-29,INDOWIND,EQ,INE227G01018,INDOWIND ENERGY LTD,16.85,17.0,16.05,16.08,16.3,-1.35,124052,1994756.15
2025-09-29,INDRAMEDCO,EQ,INE681B01017,INDRAPRASTHA MEDICAL CORP,446.85,450.6,438.35,442.05,446.85,-1.07,157362,69561870.18
2025-09-29,INDSWFTLAB,EQ,INE915B01019,IND SWIFT LABORATORIES LT,100.0,102.0,95.1,96.08,99.93,-3.85,52591,5052943.38
2025-09-29,INDTERRAIN,EQ,INE611L01021,IND TERRAIN FASHIONS LTD,32.55,33.55,32.11,33.07,31.88,3.73,35232,1165122.23
2025-09-29,INDUSINDBK,EQ,INE095A01012,INDUSIND BANK LIMITED,717.75,734.85,712.55,723.4,712.75,1.49,41100690,29732240149.43
2025-09-29,INDUSTOWER,EQ,INE121J01017,INDUS TOWERS LIMITED,347.95,350.85,344.9,347.2,346.3,0.26,5564080,1931848643.92
2025-09-29,INFOBEAN,EQ,INE344S01016,INFOBEANS TECHNO. LTD.,127.5,128.12,120.0,121.5,127.16,-4.45,151532,18411138.0
2025-09-29,INFOMEDIA,EQ,INE669A01022,INFOMEDIA PRESS LIMITED,6.73,7.01,6.4,7.0,6.73,4.01,15641,109487.0
2025-09-29,INFRABEES,EQ,INF732E01268,NIP IND ETF INFRA BEES,932.5,938.7,931.71,934.07,931.82,0.24,9670,9032456.97
2025-09-29,INFRAIETF,EQ,INF109KC16E5,ICICIPRAMC - ICICIINFRA,90.33,93.44,90.33,92.99,92.65,0.37,50608,4706037.81
2025-09-29,INFY,EQ,INE009A01021,INFOSYS LIMITED,1460.0,1465.0,1436.5,1441.8,1448.9,-0.49,10513117,15157812603.94
2025-09-29,INGERRAND,EQ,INE177A01018,INGERSOLL-RAND INDIA LTD,4007.5,4015.0,3869.8,3931.4,4007.5,-1.9,10388,40839382.19
2025-09-29,INNOVACAP,EQ,INE0DUT01020,INNOVA CAPTAB LIMITED,845.0,845.05,818.15,828.45,845.05,-1.96,26314,21799833.62
2025-09-29,INNOVANA,EQ,INE403Y01018,INNOVANA THINKLABS LTD,485.25,496.0,485.25,487.1,487.5,-0.08,1574,766695.41
2025-09-29,INOXGREEN,EQ,INE510W01014,INOX GREEN ENERGY SER LTD,209.05,211.8,205.5,207.9,206.62,0.62,3179472,661012209.39
2025-09-29,INOXINDIA,EQ,INE616N01034,INOX INDIA LIMITED,1185.1,1195.0,1156.0,1160.6,1184.0,-1.98,51842,60167823.93
2025-09-29,INOXWIND,EQ,INE066P01011,INOX WIND LIMITED,137.6,142.24,137.6,138.7,137.46,0.9,7485674,1038262960.96
2025-09-29,INSECTICID,EQ,INE070I01018,INSECTICIDES (I) LTD,761.0,777.6,746.6,752.15,761.0,-1.16,21656,16288560.93
2025-09-29,INSPIRISYS,EQ,INE020G01017,INSPIRISYS SOLUTIONS LTD,95.11,98.3,94.4,96.02,96.21,-0.2,7876,756253.49
2025-09-29,INTELLECT,EQ,INE306R01017,INTELLECT DESIGN ARENA,984.0,991.2,951.7,957.4,986.15,-2.92,424608,406519709.57
2025-09-29,INTENTECH,EQ,INE781A01025,INTENSE TECHNOLOGIES LTD,127.0,133.5,120.81,132.27,127.17,4.01,98912,13083090.66
2025-09-29,INTERARCH,EQ,INE00M901018,INTERARCH BLDNG SOLTN LTD,1965.9,2021.9,1902.0,1913.0,1959.7,-2.38,36994,70769522.0
2025-09-29,INTERNET,EQ,INF769K01PB6,MIRAEAMC - INTERNET,13.93,13.93,13.93,13.93,13.91,0.18,0,0.0
2025-09-29,INTLCONV,EQ,INE575C01027,INTL CONVEYORS LIMITED,98.0,102.1,97.1,99.38,97.27,2.17,373175,37086130.48
2025-09-29,INVENTURE,EQ,INE878H01024,INVENTURE GRO & SEC LTD,1.51,1.58,1.51,1.52,1.52,0.0,636623,967666.95
2025-09-29,IOB,EQ,INE565A01014,INDIAN OVERSEAS BANK,38.35,39.1,38.03,38.51,38.2,0.81,13836522,532844439.0
2025-09-29,IOC,EQ,INE242A01010,INDIAN OIL CORP LTD,145.04,149.95,145.04,149.31,145.04,2.94,16918652,2526123888.81
2025-09-29,IOLCP,EQ,INE485C01029,IOL CHEM AND PHARMA LTD,105.0,105.46,100.94,101.27,103.87,-2.5,3112307,315183319.44
2025-09-29,IONEXCHANG,EQ,INE570A01022,ION EXCHANGE (INDIA) LTD,412.0,415.8,399.5,405.0,406.5,-0.37,167246,67734630.0
2025-09-29,IPCALAB,EQ,INE571A01038,IPCA LABORATORIES LTD,1365.0,1366.7,1311.1,1317.0,1371.2,-3.95,116499,153429183.0
2025-09-29,IPL,EQ,INE0D6701023,INDIA PESTICIDES LIMITED,212.09,212.6,206.77,209.0,209.26,-0.12,297530,62183770.0
2025-09-29,IRB,EQ,INE821I01022,IRB INFRA DEV LTD.,20.52,20.63,20.28,20.42,20.5,-0.41,16692134,340853377.55
2025-09-29,IRCON,EQ,INE962Y01021,IRCON INTERNATIONAL LTD,170.7,173.68,168.45,169.11,169.85,-0.44,2222765,375891790.51
2025-09-29,IRCTC,EQ,INE335Y01020,INDIAN RAIL TOUR CORP LTD,703.15,707.95,698.0,699.75,703.1,-0.48,807138,564794815.5
2025-09-29,IREDA,EQ,INE202E01016,INDIAN RENEWABLE ENERGY,146.9,150.62,146.63,148.78,146.28,1.71,6447550,959266481.13
2025-09-29,IRFC,EQ,INE053F01010,INDIAN RAILWAY FIN CORP L,123.13,124.6,122.5,124.26,121.91,1.93,10555581,1311636517.61
2025-09-29,IRIS,EQ,INE864K01010,IRIS REGTECH SOLUTION LTD,316.55,324.95,314.5,316.15,325.0,-2.72,9076,2869377.34
2025-09-29,IRISDOREME,EQ,INE01GN01025,IRIS CLOTHINGS LIMITED,32.55,32.55,31.01,31.3,31.91,-1.91,119374,3736406.11
2025-09-29,IRMENERGY,EQ,INE07U701015,IRM ENERGY LIMITED,355.0,358.95,346.35,350.8,354.65,-1.09,283934,99604043.73
2025-09-29,ISFT,EQ,INE566K01011,INTRASOFT TECH. LTD,101.39,102.01,97.8,98.31,99.07,-0.77,19028,1870642.63
2025-09-29,ISGEC,EQ,INE858B01029,ISGEC HEAVY ENG LTD,897.0,899.4,871.45,875.35,896.3,-2.34,28158,24648104.61
2025-09-29,ISHANCH,EQ,INE561M01018,ISHAN DYES N CHEMICALS L,60.51,63.53,59.24,63.06,60.51,4.21,78589,4955822.45
2025-09-29,IT,EQ,INF174KA1GC5,KOTAKMAMC - KOTAKIT,35.77,37.28,35.77,36.72,36.69,0.08,441755,16221244.14
2025-09-29,ITADD,EQ,INF740KA1SX1,DSPAMC - DSPIT,35.22,35.29,34.94,35.03,35.04,-0.03,35949,1259293.43
2025-09-29,ITAXIS,EQ,INF846K01Y96,AXISAMC-ITAXIS,369.96,369.96,363.95,364.78,365.07,-0.08,2736,998038.08
2025-09-29,ITBEES,EQ,INF204KB15V2,NIP IND ETF IT,36.8,37.29,35.9,36.8,36.83,-0.08,7765764,285780109.28
2025-09-29,ITBETA,EQ,INF789F1AZD8,UTIAMC-ITBETA,348.82,350.3,346.35,348.01,347.96,0.01,2665,927446.68
2025-09-29,ITC,EQ,INE154A01025,ITC LTD,406.9,408.0,403.2,407.25,405.1,0.53,19717660,8030017035.0
2025-09-29,ITCHOTELS,EQ,INE379A01028,ITC HOTELS LIMITED,228.25,237.63,222.93,230.7,224.72,2.66,10931457,2521887096.54
2025-09-29,ITDC,EQ,INE353K01014,INDIA TOUR. DEV. CO. LTD.,592.1,592.15,575.0,576.65,583.35,-1.15,26766,15434614.55
2025-09-29,ITETF,EQ,INF769K01KV5,MIRAEAMC - ITETF,35.0,35.52,34.84,35.04,35.03,0.03,199462,6989148.66
2025-09-29,ITI,EQ,INE248A01017,ITI LTD,304.55,307.75,299.05,301.15,303.35,-0.73,320399,96488156.89
2025-09-29,ITIETF,EQ,INF109KC16I6,ICICIPRAMC - ICICITECH,36.93,37.14,36.69,36.86,36.76,0.27,415643,15320601.23
2025-09-29,IVALUE,EQ,INE056801025,IVALUE INFOSOLUTIONS LTD,280.0,290.0,280.0,285.6,277.15,3.05,1103541,315171316.34
2025-09-29,IVC,EQ,INE050B01023,IL&FS INVESTMENT MANAGERS,8.19,8.22,7.91,8.0,8.07,-0.87,157246,1257968.0
2025-09-29,IVZINGOLD,EQ,INF205KA1BP1,INVESCO INDIA GOLD ETF,10027.95,10120.0,9912.3,10109.25,9893.15,2.18,742,7501063.5
2025-09-29,IVZINNIFTY,EQ,INF205KA1CC7,INVESCO INDIA NIFTY ETF,2803.8,2822.66,2794.36,2809.41,2803.8,0.2,16,44950.56
2025-09-29,IXIGO,EQ,INE0HV901016,LE TRAVENUES TECHNOLOGY L,279.5,280.05,267.75,275.4,279.05,-1.31,1329385,366112620.89
2025-09-29,IZMO,EQ,INE848A01014,IZMO LIMITED,1328.7,1374.7,1281.3,1281.3,1348.7,-5.0,157076,201261486.47
2025-09-29,J&KBANK,EQ,INE168A01041,J & K BANK LTD.,99.55,102.01,99.55,100.46,99.55,0.91,1608800,161620046.53
2025-09-29,JAGRAN,EQ,INE199G01027,JAGRAN PRAKASHAN LIMITED,71.0,71.24,70.7,70.86,70.78,0.11,66416,4706237.8
2025-09-29,JAGSNPHARM,EQ,INE048B01035,JAGSONPAL PHARMACEUTICALS,215.04,229.89,208.0,219.0,214.95,1.88,221244,48452436.0
2025-09-29,JAIBALAJI,EQ,INE091G01026,JAI BALAJI INDUSTRIES LTD,96.28,98.16,95.1,96.46,95.22,1.3,1049769,101260716.78
2025-09-29,JAICORPLTD,EQ,INE070D01027,JAI CORP LIMITED,144.0,145.78,139.25,140.53,143.68,-2.19,1046071,147004356.35
2025-09-29,JAIPURKURT,EQ,INE696V01013,NANDANI CREATION LIMITED,38.0,38.0,35.9,36.24,36.5,-0.71,4547,164783.29
2025-09-29,JAMNAAUTO,EQ,INE039C01032,JAMNA AUTO IND LTD,103.0,103.0,101.0,101.88,103.19,-1.27,784744,79949716.56
2025-09-29,JASH,EQ,INE039O01029,JASH ENGINEERING LIMITED,501.8,509.9,479.1,482.5,501.8,-3.85,166599,80384017.5
2025-09-29,JAYAGROGN,EQ,INE785A01026,JAYANT AGRO ORGANICS LTD,237.0,237.7,230.0,231.91,235.25,-1.42,4603,1067481.75
2025-09-29,JAYBARMARU,EQ,INE571B01036,JAY BHARAT MARUTI LTD,105.36,105.8,101.1,102.97,103.15,-0.17,68640,7067860.88
2025-09-29,JAYNECOIND,EQ,INE854B01010,JAYASWAL NECO INDUSTR LTD,69.3,70.23,67.9,68.47,68.88,-0.6,7873912,539126764.25
2025-09-29,JAYSREETEA,EQ,INE364A01020,JAYSHREE TEA & INDUSTRIES,95.18,95.34,93.25,93.9,94.24,-0.36,21766,2043827.43
2025-09-29,JBMA,EQ,INE927D01051,JBM AUTO LIMITED,686.0,696.0,676.0,678.65,686.0,-1.07,525215,356437172.57
2025-09-29,JETFREIGHT,EQ,INE982V01025,JET FREIGHT LOGISTICS LTD,13.23,13.23,12.8,13.06,12.79,2.11,28238,368788.29
2025-09-29,JGCHEM,EQ,INE0MB501011,J.G.CHEMICALS LIMITED,409.95,412.8,400.7,402.8,409.5,-1.64,95062,38290972.44
2025-09-29,JHS,EQ,INE544H01014,JHS SVEND. LAB. LTD,11.07,11.07,10.74,10.78,10.74,0.37,31223,336583.93
2025-09-29,JINDALPHOT,EQ,INE796G01012,JINDAL PHOTO LIMITED,1100.6,1123.3,1090.1,1101.9,1100.6,0.12,2131,2348148.95
2025-09-29,JINDALPOLY,EQ,INE197D01010,JINDAL POLY FILMS LIMITED,574.0,574.0,554.5,561.9,566.15,-0.75,29517,16585603.02
2025-09-29,JINDALSAW,EQ,INE324A01032,JINDAL SAW LIMITED,206.85,208.08,202.5,202.98,206.32,-1.62,1875057,380599061.85
2025-09-29,JINDALSTEL,EQ,INE749A01030,JINDAL STEEL LIMITED,1035.1,1052.0,1035.1,1043.35,1029.5,1.35,1278211,1333621415.64
2025-09-29,JINDRILL,EQ,INE742C01031,JINDAL DRILLING IND. LTD,609.45,611.0,592.05,598.6,606.05,-1.23,61781,36982105.09
2025-09-29,JINDWORLD,EQ,INE247D01039,JINDAL WORLDWIDE LTD,35.93,36.8,34.6,35.32,35.93,-1.7,771511,27249768.28
2025-09-29,JIOFIN,EQ,INE758E01017,JIO FIN SERVICES LTD,296.0,299.9,293.4,294.2,295.85,-0.56,9607887,2826640472.68
2025-09-29,JISLDVREQS,EQ,IN9175A01010,JAIN DVR EQUITY SHARES,32.97,33.69,32.5,33.15,32.98,0.52,16242,538422.32
2025-09-29,JISLJALEQS,EQ,INE175A01038,JAIN IRRIGATION SYSTEMS,52.25,52.57,51.21,51.73,52.06,-0.63,2302855,119126688.1
2025-09-29,JITFINFRA,EQ,INE863T01013,JITF INFRALOGISTICS LTD,340.0,355.0,340.0,351.65,339.25,3.66,10214,3591753.04
2025-09-29,JKCEMENT,EQ,INE823G01014,JK CEMENT LIMITED,6371.5,6439.0,6301.0,6314.5,6347.5,-0.52,53086,335211547.0
2025-09-29,JKIL,EQ,INE576I01022,JKUMAR INFR.LTD.,626.8,644.0,626.5,635.4,624.7,1.71,120090,76305188.93
2025-09-29,JKLAKSHMI,EQ,INE786A01032,JK LAKSHMI CEMENT LTD,849.45,853.85,836.1,841.3,849.45,-0.96,341430,287245054.83
2025-09-29,JKPAPER,EQ,INE789E01012,JK PAPER LIMITED,372.3,378.5,368.0,373.05,370.4,0.72,145844,54407102.42
2025-09-29,JKTYRE,EQ,INE573A01042,JK TYRE & INDUSTRIES LTD,359.9,362.4,353.65,355.15,358.15,-0.84,324680,115310100.02
2025-09-29,JLHL,EQ,INE682M01020,JUPITER LIFE LINE HOSP L,302.0,302.54,294.06,298.68,302.08,-1.13,146665,43805901.13
2025-09-29,JMA,EQ,INE412C01023,JULLUNDUR MOT AGENCY LTD,90.74,90.74,89.01,89.91,90.74,-0.91,3296,296343.37
2025-09-29,JMFINANCIL,EQ,INE780C01023,JM FINANCIAL LIMITED,162.55,164.38,160.6,161.77,163.3,-0.94,2763013,446972624.81
2025-09-29,JNKINDIA,EQ,INE0OAF01028,JNK INDIA LIMITED,277.6,283.55,272.2,277.55,281.1,-1.26,33850,9395067.09
2025-09-29,JOCIL,EQ,INE839G01010,JOCIL LIMITED,158.89,158.9,154.5,155.7,155.01,0.45,936,145735.2
2025-09-29,JPOLYINVST,EQ,INE147P01019,JIND POL INV & FIN CO LTD,935.0,954.85,925.45,940.35,932.8,0.81,4106,3861077.0
2025-09-29,JPPOWER,EQ,INE351F01018,JAIPRAKASH POWER VEN. LTD,17.58,17.86,17.45,17.53,17.59,-0.34,17481324,306447621.72
2025-09-29,JSFB,EQ,INE953L01027,JANA SMALL FIN BANK LTD,460.5,461.35,454.1,454.75,463.4,-1.87,88367,40184893.25
2025-09-29,JSL,EQ,INE220G01021,JINDAL STAINLESS LIMITED,792.9,792.9,733.95,737.7,789.15,-6.52,972440,717368999.87
2025-09-29,JSLL,EQ,INE0J5801029,JEENA SIKHO LIFECARE LTD,802.1,816.85,790.0,803.75,802.9,0.11,150087,120632426.25
2025-09-29,JSWCEMENT,EQ,INE718I01012,JSW CEMENT LIMITED,141.0,142.76,140.01,140.27,141.36,-0.77,1774082,248850489.72
2025-09-29,JSWDULUX,EQ,INE133A01011,JSW DULUX LIMITED,3350.1,3351.2,3260.1,3291.1,3354.6,-1.89,146569,482373250.21
2025-09-29,JSWENERGY,EQ,INE121E01018,JSW ENERGY LIMITED,521.0,531.85,520.2,528.55,520.1,1.62,1476731,780526152.02
2025-09-29,JSWHL,EQ,INE824G01012,JSW HOLDINGS LIMITED,18249.0,18249.0,17167.0,17167.0,18070.0,-5.0,4256,73062752.0
2025-09-29,JSWINFRA,EQ,INE880J01026,JSW INFRASTRUCTURE LTD,323.9,326.45,317.55,322.75,322.65,0.03,1054182,340237240.5
2025-09-29,JSWSTEEL,EQ,INE019A01038,JSW STEEL LIMITED,1130.0,1143.9,1119.7,1122.2,1130.8,-0.76,2615670,2935304746.28
2025-09-29,JTEKTINDIA,EQ,INE643A01035,JTEKT INDIA LIMITED,168.4,169.58,164.1,164.6,167.04,-1.46,310387,51089702.09
2025-09-29,JTLIND,EQ,INE391J01032,JTL INDUSTRIES LIMITED,70.89,71.55,67.63,68.74,70.93,-3.09,2223834,152866344.41
2025-09-29,JUBLCPL,EQ,INE03CC01015,JUBILANT AGRI N CON PRO L,2385.0,2420.0,2325.0,2329.1,2373.9,-1.89,4716,10984036.06
2025-09-29,JUBLFOOD,EQ,INE797F01020,JUBILANT FOODWORKS LTD,610.0,618.65,604.15,607.05,606.9,0.02,3154893,1915177757.14
2025-09-29,JUBLINGREA,EQ,INE0BY001018,JUBILANT INGREVIA LIMITED,651.0,654.25,633.3,639.7,650.0,-1.58,197415,126286377.91
2025-09-29,JUBLPHARMA,EQ,INE700A01033,JUBILANT PHARMOVA LTD,1070.0,1075.0,1047.1,1061.4,1042.9,1.77,246634,261777333.62
2025-09-29,JUNIORBEES,EQ,INF732E01045,NIP IND ETF JUNIOR BEES,716.0,729.71,716.0,728.95,722.59,0.88,192028,139978812.94
2025-09-29,JUNIPER,EQ,INE696F01016,JUNIPER HOTELS LIMITED,290.5,291.6,278.3,279.8,291.6,-4.05,70358,19686167.54
2025-09-29,JUSTDIAL,EQ,INE599M01018,JUSTDIAL LTD.,822.7,854.4,806.4,830.8,818.15,1.55,371503,308644687.87
2025-09-29,JWL,EQ,INE209L01016,JUPITER WAGONS LIMITED,338.5,340.65,332.3,335.85,336.4,-0.16,1410978,473876969.91
2025-09-29,JYOTHYLAB,EQ,INE668F01031,JYOTHY LABS LIMITED,312.45,313.8,305.9,306.95,310.5,-1.14,289684,88918507.34
2025-09-29,JYOTICNC,EQ,INE980O01024,JYOTI CNC AUTOMATION LTD,878.55,879.65,855.15,861.3,868.95,-0.88,194380,167419491.63
2025-09-29,JYOTISTRUC,EQ,INE197A01024,JYOTI STRUCTURES LTD,15.25,15.27,14.77,14.82,15.15,-2.18,4484624,66462126.31
2025-09-29,KABRAEXTRU,EQ,INE900B01029,KABRA EXTRUSION TECHNIK L,263.85,265.45,258.8,260.75,261.75,-0.38,13326,3474754.5
2025-09-29,KAJARIACER,EQ,INE217B01036,KAJARIA CERAMICS LTD,1186.9,1205.3,1151.2,1163.0,1182.8,-1.67,132393,153973059.0
2025-09-29,KAKATCEM,EQ,INE437B01014,KAKATIYA CEM SUGAR &IND L,148.29,151.0,145.01,146.37,148.29,-1.29,2014,294789.17
2025-09-29,KALAMANDIR,EQ,INE438K01021,SAI SILKS (KALAMANDIR) L,153.17,155.38,150.5,153.77,152.03,1.14,492911,75794926.58
2025-09-29,KALPATARU,EQ,INE227J01012,KALPATARU LIMITED,374.7,379.7,372.0,377.1,374.0,0.83,13294,5013167.48
2025-09-29,KALYANKJIL,EQ,INE303R01014,KALYAN JEWELLERS IND LTD,458.95,459.15,442.25,448.3,455.8,-1.65,7231883,3242053060.62
2025-09-29,KAMATHOTEL,EQ,INE967C01018,KAMAT HOTELS (I) LTD,305.0,306.5,293.9,297.85,300.45,-0.87,142274,42376311.77
2025-09-29,KAMOPAINTS,EQ,INE0BTI01037,KAMDHENU VENTURES LIMITED,8.86,9.15,8.5,8.67,8.86,-2.14,851363,7381317.27
2025-09-29,KANANIIND,EQ,INE879E01037,KANANI INDUSTRIES LTD,1.96,1.99,1.87,1.93,1.96,-1.53,271849,524668.56
2025-09-29,KANPRPLA,EQ,INE694E01014,KANPUR PLASTIPACK LIMITED,210.73,213.51,198.1,202.03,209.72,-3.67,9818,1983530.53
2025-09-29,KANSAINER,EQ,INE531A01024,KANSAI NEROLAC PAINTS LTD,247.89,247.89,243.5,245.12,246.58,-0.59,1682546,412425667.3
2025-09-29,KAPSTON,EQ,INE542Z01028,KAPSTON SERVICES LIMITED,251.68,251.93,245.19,246.1,249.13,-1.22,6227,1532464.74
2025-09-29,KARMAENG,EQ,INE725L01011,KARMA ENERGY LIMITED,61.3,62.69,60.69,60.69,63.89,-5.01,23041,1398358.26
2025-09-29,KARURVYSYA,EQ,INE036D01028,KARUR VYSYA BANK LTD,206.65,218.0,204.8,213.88,205.64,4.01,3280654,701666293.54
2025-09-29,KAYNES,EQ,INE918Z01012,KAYNES TECHNOLOGY IND LTD,7399.0,7489.5,7021.0,7050.5,7341.0,-3.96,695466,4903383033.0
2025-09-29,KCP,EQ,INE805C01028,KCP LTD,195.01,195.8,193.06,194.64,192.69,1.01,79954,15562246.51
2025-09-29,KDDL,EQ,INE291D01011,KDDL LIMITED,2664.0,2679.8,2605.2,2664.8,2664.1,0.03,13325,35508460.65
2025-09-29,KEC,EQ,INE389H01022,KEC INTL. LIMITED,846.0,851.75,828.0,832.35,846.05,-1.62,411364,342398815.36
2025-09-29,KECL,EQ,INE134B01017,KIRLOSKAR ELECTRIC CO LTD,116.11,118.43,113.53,114.11,115.81,-1.47,79632,9086807.57
2025-09-29,KEEPLEARN,EQ,INE055C01020,DSJ KEEP LEARNING LTD,2.78,2.89,2.78,2.78,2.93,-5.12,151387,420855.86
2025-09-29,KEI,EQ,INE878B01027,KEI INDUSTRIES LTD.,4069.2,4111.0,3994.3,4054.2,4049.3,0.12,300514,1218343844.13
2025-09-29,KELLTONTEC,EQ,INE164B01030,KELLTON TECH SOL LTD,24.0,24.75,23.25,23.96,23.96,0.0,2735104,65533089.34
2025-09-29,KERNEX,EQ,INE202H01019,KERNEX MICROSYS(I) LTD,1100.0,1138.5,1032.7,1044.9,1084.3,-3.63,253273,264644963.88
2025-09-29,KEYFINSERV,EQ,INE681C01015,KEYNOTE FIN SERV LTD.,251.7,251.7,237.0,241.1,242.55,-0.6,2056,495701.61
2025-09-29,KFINTECH,EQ,INE138Y01010,KFIN TECHNOLOGIES LIMITED,1070.8,1093.6,1056.1,1062.4,1070.8,-0.78,994466,1056520702.68
2025-09-29,KHAICHEM,EQ,INE745B01028,KHAITAN CHEM & FERT LTD,119.15,126.0,117.03,123.52,118.71,4.05,428995,52989460.96
2025-09-29,KHAITANLTD,EQ,INE731C01018,KHAITAN (INDIA)LTD.,130.15,134.6,129.9,132.24,130.15,1.61,13199,1745435.83
2025-09-29,KHANDSE,EQ,INE060B01014,KHANDWALA SECURITIES LTD,23.53,24.1,22.5,22.92,23.52,-2.55,10518,241072.56
2025-09-29,KICL,EQ,INE029L01018,KALYANI INVEST CO LTD,4875.0,4997.0,4872.3,4928.6,4917.6,0.22,1516,7471757.75
2025-09-29,KIMS,EQ,INE967H01025,KRISHNA INST OF MED SCI L,727.0,732.6,700.0,701.0,726.7,-3.54,473566,331969766.0
2025-09-29,KINGFA,EQ,INE473D01015,KINGFA SCI & TEC IND LTD.,4346.3,4479.9,4175.0,4468.9,4346.3,2.82,4363,19497810.27
2025-09-29,KIOCL,EQ,INE880L01014,KIOCL LIMITED,440.0,447.4,430.25,433.1,438.2,-1.16,591564,256206372.01
2025-09-29,KIRIINDUS,EQ,INE415I01015,KIRI INDUSTRIES LIMITED,571.0,574.9,552.4,554.8,565.6,-1.91,218526,121238222.13
2025-09-29,KIRLOSBROS,EQ,INE732A01036,KIRLOSKAR BROTHERS LTD,1989.0,1989.0,1922.5,1930.3,1954.2,-1.22,55729,107573691.42
2025-09-29,KIRLOSENG,EQ,INE146L01010,KIRLOSKAR OIL ENG LTD,915.2,933.5,906.35,920.3,915.2,0.56,321860,296207754.07
2025-09-29,KIRLOSIND,EQ,INE250A01039,KIRLOSKAR INDUSTRIES LTD,3995.3,4024.9,3871.1,3899.8,3979.4,-2.0,2953,11516109.54
2025-09-29,KIRLPNU,EQ,INE811A01038,KIRLOSKAR PNEUMATIC COM L,605.0,610.7,593.7,597.7,603.05,-0.89,93832,56083387.55
2025-09-29,KITEX,EQ,INE602G01020,KITEX GARMENTS LTD,191.85,193.78,185.1,186.04,190.98,-2.59,833279,155023219.57
2025-09-29,KKCL,EQ,INE401H01017,KEWAL KIRAN CLOTHING LTD,544.0,550.0,531.05,533.7,548.95,-2.78,34712,18525794.82
2025-09-29,KMEW,EQ,INE0CJD01029,KNOWLEDGE MARINE & EN W L,1220.0,1251.25,1166.15,1179.65,1246.0,-5.33,87960,103762016.15
2025-09-29,KMSUGAR,EQ,INE157H01023,K M SUGAR MILLS LTD,27.65,28.0,27.21,27.46,27.67,-0.76,55487,1523672.97
2025-09-29,KNAGRI,EQ,INE0KNW01016,KN AGRI RESOURCES LIMITED,200.8,207.95,200.1,201.95,200.8,0.57,5600,1130919.98
2025-09-29,KNRCON,EQ,INE634I01029,KNR CONSTRU LTD.,198.99,204.95,193.32,197.08,198.09,-0.51,2676715,527526997.1
2025-09-29,KOHINOOR,EQ,INE080B01012,KOHINOOR FOODS LIMITED,34.15,34.15,32.0,32.84,33.41,-1.71,170991,5615344.47
2025-09-29,KOKUYOCMLN,EQ,INE760A01029,KOKUYO CAMLIN LIMITED,109.9,111.14,108.0,108.66,109.95,-1.17,33133,3600231.9
2025-09-29,KOLTEPATIL,EQ,INE094I01018,KOLTE PATIL DEV. LTD.,420.2,445.3,418.8,437.05,425.35,2.75,90312,39470858.5
2025-09-29,KOPRAN,EQ,INE082A01010,KOPRAN LTD,175.08,176.45,169.02,170.64,173.69,-1.76,197392,33682970.76
2025-09-29,KOTAKBANK,EQ,INE237A01036,KOTAK MAHINDRA BANK LTD,399.18,400.74,394.06,398.32,398.96,-0.16,26530510,10567632937.52
2025-09-29,KOTHARIPET,EQ,INE720A01015,KOTHARI PETROCHEM LTD,143.99,146.26,136.4,138.44,142.84,-3.08,47532,6580330.2
2025-09-29,KOTHARIPRO,EQ,INE823A01017,KOTHARI PRODUCTS LTD,83.35,99.42,81.5,95.23,82.85,14.94,1001863,95407416.85
2025-09-29,KPEL,EQ,INE127T01021,K.P. ENERGY LIMITED,405.0,408.0,393.05,398.95,403.8,-1.2,218816,87296645.87
2025-09-29,KPIGREEN,EQ,INE542W01025,KPI GREEN ENERGY LIMITED,449.9,451.05,435.0,441.9,447.4,-1.23,582742,257513686.24
2025-09-29,KPIL,EQ,INE220B01022,KALPATARU PROJECT INT LTD,1241.3,1265.2,1207.5,1226.8,1241.3,-1.17,140256,172066067.65
2025-09-29,KPITTECH,EQ,INE04I401011,KPIT TECHNOLOGIES LIMITED,1215.9,1228.4,1204.6,1209.8,1212.8,-0.25,428466,518358187.72
2025-09-29,KPRMILL,EQ,INE930H01031,KPR MILL LTD.,1080.0,1120.45,1041.6,1103.4,1070.9,3.03,237506,262064126.2
2025-09-29,KRBL,EQ,INE001B01026,KRBL LIMITED,346.0,354.0,342.7,347.1,350.9,-1.08,891980,309606263.44
2025-09-29,KREBSBIO,EQ,INE268B01013,KREBS BIOCHEMICALS & IND,71.4,72.79,71.05,71.19,71.05,0.2,1466,104364.54
2025-09-29,KRIDHANINF,EQ,INE524L01026,KRIDHAN INFRA LIMITED,3.82,3.98,3.82,3.9,3.9,0.0,27581,107565.9
2025-09-29,KRISHANA,EQ,INE506W01020,KRISHANA PHOSCHEM LIMITED,104.2,105.2,90.2,92.53,106.09,-12.78,4819165,445917331.57
2025-09-29,KRISHIVAL,EQ,INE0GGO01015,KRISHIVAL FOODS LIMITED,467.0,467.0,459.95,467.0,461.0,1.3,12595,5881865.0
2025-09-29,KRISHNADEF,EQ,INE0J5601015,KRISHNA DEF AND ALD IND L,804.55,824.0,804.55,809.65,808.6,0.13,11500,9310975.28
2025-09-29,KRITI,EQ,INE479D01038,KRITI INDUSTRIES IND LTD,132.3,132.3,128.0,128.6,129.33,-0.56,12297,1581394.28
2025-09-29,KRITIKA,EQ,INE00Z501029,KRITIKA WIRES LIMITED,8.89,8.89,8.0,8.24,8.8,-6.36,313033,2579391.85
2025-09-29,KRITINUT,EQ,INE798K01010,KRITI NUTRIENTS LIMITED,93.72,94.89,92.91,94.13,92.33,1.95,6733,633777.27
2025-09-29,KRN,EQ,INE0Q3J01015,KRN HEAT EXCHANGE N REF L,837.7,851.65,827.5,845.45,830.9,1.75,328037,277338885.65
2025-09-29,KROSS,EQ,INE0O6601022,KROSS LIMITED,200.9,203.95,196.37,198.3,198.78,-0.24,434700,86201011.33
2025-09-29,KRSNAA,EQ,INE08LI01020,KRSNAA DIAGNOSTICS LTD,791.0,802.8,762.35,769.8,793.35,-2.97,76661,59013636.86
2025-09-29,KRYSTAL,EQ,INE0QN801017,KRYSTAL INTEGRATED SER L,620.1,628.0,612.0,619.85,615.45,0.71,12701,7872714.54
2025-09-29,KSB,EQ,INE999A01023,KSB LIMITED,821.15,837.45,785.15,809.3,819.65,-1.26,678244,548902860.92
2025-09-29,KSCL,EQ,INE455I01029,KAVERI SEED CO. LTD.,1060.0,1065.0,1043.0,1060.3,1052.8,0.71,77215,81871068.27
2025-09-29,KSHITIJPOL,EQ,INE013801027,KSHITIJ POLYLINE LIMITED,3.07,3.07,2.85,3.03,2.97,2.02,248306,752367.17
2025-09-29,KSL,EQ,INE907A01026,KALYANI STEELS LIMITED,784.6,787.7,752.0,760.75,780.8,-2.57,100271,76281163.25
2025-09-29,KSOLVES,EQ,INE0D6I01023,KSOLVES INDIA LIMITED,308.1,313.8,303.3,309.2,311.35,-0.69,24031,7430385.49
2025-09-29,KTKBANK,EQ,INE614B01018,KARNATAKA BANK LIMITED,171.7,173.25,170.5,170.82,171.05,-0.13,631598,107889574.99
2025-09-29,KUANTUM,EQ,INE529I01021,KUANTUM PAPERS LIMITED,111.45,112.86,108.0,109.19,110.87,-1.52,116840,12757759.89
2025-09-29,LAGNAM,EQ,INE548Z01017,LAGNAM SPINTEX LIMITED,88.0,88.0,83.41,84.14,83.43,0.85,3379,284309.06
2025-09-29,LAL,EQ,INE740X01023,LORENZINI APPARELS LTD,10.84,11.06,10.51,10.72,10.63,0.85,8251,88450.72
2025-09-29,LALPATHLAB,EQ,INE600L01024,DR. LAL PATH LABS LTD.,1590.5,1605.35,1551.0,1566.4,1597.25,-1.93,241792,378742994.7
2025-09-29,LAMBODHARA,EQ,INE112F01022,LAMBODHARA TEXTILES LTD.,138.0,142.34,133.1,134.63,136.31,-1.23,229474,30894085.74
2025-09-29,LANDMARK,EQ,INE559R01029,LANDMARK CARS LIMITED,602.6,617.3,599.35,605.35,602.55,0.46,45258,27396929.2
2025-09-29,LANDSMILL,EQ,INE688J01023,LANDSMILL GREEN LIMITED,1.63,1.63,1.63,1.63,1.6,1.87,2612876,4258987.87
2025-09-29,LAOPALA,EQ,INE059D01020,LA OPALA RG LIMITED,243.3,245.1,240.5,241.35,243.3,-0.8,37091,8951913.08
2025-09-29,LATENTVIEW,EQ,INE0I7C01011,LATENT VIEW ANALYTICS LTD,403.0,406.4,398.5,402.0,405.85,-0.95,135418,54438036.0
2025-09-29,LATTEYS,EQ,INE262Z01023,LATTEYS INDUSTRIES LTD,21.4,21.4,19.6,19.72,19.74,-0.1,37936,748097.89
2025-09-29,LAURUSLABS,EQ,INE947Q01028,LAURUS LABS LIMITED,833.4,849.8,826.2,840.95,832.3,1.04,2764351,2324681007.19
2025-09-29,LAXMICOT,EQ,INE801V01019,LAXMI COTSPIN LIMITED,22.76,23.26,22.6,22.6,22.76,-0.7,12246,276759.6
2025-09-29,LAXMIDENTL,EQ,INE0WO601020,LAXMI DENTAL LIMITED,318.15,322.85,314.4,319.05,316.9,0.68,135431,43209258.9
2025-09-29,LAXMIINDIA,EQ,INE06WU01026,LAXMI INDIA FINANCE LTD,148.66,151.56,147.67,149.89,149.45,0.29,406949,60997585.36
2025-09-29,LCCINFOTEC,EQ,INE938A01021,LCC INFOTECH LTD,4.3,4.51,4.28,4.51,4.3,4.88,105243,474645.95
2025-09-29,LEMERITE,EQ,INE0G1L01025,LE MERITE EXPORTS LIMITED,84.69,86.7,84.4,86.17,83.52,3.17,592000,51012638.92
2025-09-29,LEMONTREE,EQ,INE970X01018,LEMON TREE HOTELS LTD,165.4,167.31,160.99,163.37,165.86,-1.5,4268653,697369819.77
2025-09-29,LEXUS,EQ,INE500X01013,LEXUS GRANITO (INDIA) LTD,27.56,28.25,26.2,26.36,27.56,-4.35,11620,306303.21
2025-09-29,LFIC,EQ,INE850E01012,LAKSHMI FIN IND CORP LTD,215.89,215.89,205.0,205.62,206.55,-0.45,4961,1020080.8
2025-09-29,LGBBROSLTD,EQ,INE337A01034,LG BALAKRISHNAN & BROS,1411.6,1411.8,1363.5,1373.8,1406.4,-2.32,19689,27048749.16
2025-09-29,LGHL,EQ,INE258Y01016,LAXMI GOLDORNA HOUSE LTD,383.29,384.17,375.0,375.29,383.29,-2.09,130108,48828446.84
2025-09-29,LIBAS,EQ,INE908V01012,LIBAS CONSU PRODUCTS LTD,12.24,12.89,12.02,12.1,12.24,-1.14,27564,333524.41
2025-09-29,LIBERTSHOE,EQ,INE557B01019,LIBERTY SHOES LTD,330.0,338.0,318.8,329.6,325.35,1.31,27835,9174416.17
2025-09-29,LICHSGFIN,EQ,INE115A01026,LIC HOUSING FINANCE LTD,565.0,572.7,563.5,567.2,564.95,0.4,494815,280659074.04
2025-09-29,LICI,EQ,INE0J1Y01017,LIFE INSURA CORP OF INDIA,436.23,448.25,436.12,447.52,436.23,2.59,1744730,780810282.6
2025-09-29,LICMFGOLD,EQ,INF767K01SM1,LIC MF - LIC GOLD ETF,10347.65,10480.0,10250.0,10468.0,10194.2,2.69,12022,125846296.0
2025-09-29,LICNETFGSC,EQ,INF767K01MV5,LICNAMC - LICNMFET,28.48,28.48,28.29,28.35,28.39,-0.14,7245,205395.75
2025-09-29,LICNETFN50,EQ,INF767K01OS7,LICNAMC - LICNFENGP,275.0,276.59,274.51,274.93,275.08,-0.05,709,194925.36
2025-09-29,LICNETFSEN,EQ,INF767K01OT5,LICNAMC - LICNFESGP,908.3,908.3,902.52,902.52,902.0,0.06,20,18050.4
2025-09-29,LICNFNHGP,EQ,INF767K01PC8,LICNAMC - LICNFNHGP,280.0,280.0,277.65,278.0,277.65,0.13,176,48928.0
2025-09-29,LICNMID100,EQ,INF767K01RN1,LICNAMC - LICNMID100,56.76,58.46,55.8,57.07,56.9,0.3,23633,1348735.3
2025-09-29,LIKHITHA,EQ,INE060901027,LIKHITHA INFRASTRUC LTD,237.2,237.5,231.22,232.98,234.61,-0.69,30563,7120567.61
2025-09-29,LINC,EQ,INE802B01027,LINC LIMITED,119.02,124.48,119.02,122.78,119.47,2.77,56755,6968378.83
2025-09-29,LINCOLN,EQ,INE405C01035,LINCOLN PHARMA LTD,537.0,541.9,530.1,531.75,537.3,-1.03,13551,7205744.25
2025-09-29,LINDEINDIA,EQ,INE473A01011,LINDE INDIA LIMITED,6370.0,6370.0,6176.0,6201.0,6317.0,-1.84,15751,97671951.0
2025-09-29,LIQUID,EQ,INF769K01KS1,MIRAEAMC - LIQUID,999.99,1000.0,999.99,999.99,999.99,0.0,110055,110053898.38
2025-09-29,LIQUID1,EQ,INF174KA1LV5,KOTAKMAMC - KOTAKLIQ,1072.4,1072.4,1068.25,1070.77,1070.61,0.01,322051,344842555.56
2025-09-29,LIQUIDADD,EQ,INF740KA1UM0,DSPAMC - LIQUIDADD,1094.65,1094.65,1092.94,1092.94,1092.79,0.01,732321,800382870.83
2025-09-29,LIQUIDBEES,EQ,INF732E01037,NIP IND ETF LIQUID BEES,1000.0,1000.77,999.56,999.99,1000.0,-0.0,3804834,3804795914.5
2025-09-29,LIQUIDBETF,EQ,INF0QA701854,BFAM - LIQUIDBETF,1049.96,1049.98,1049.96,1049.96,1049.84,0.01,317829,333707724.42
2025-09-29,LIQUIDCASE,EQ,INF0R8F01034,ZERODHAAMC - LIQUIDCASE,111.11,111.11,110.64,110.64,110.64,0.0,12145680,1343798027.79
2025-09-29,LIQUIDETF,EQ,INF740KA1EU7,DSP LIQUID ETF,1000.0,1000.01,999.99,999.99,999.99,0.0,72271,72270276.58
2025-09-29,LIQUIDIETF,EQ,INF109KC1KT9,ICICIPRAMC - ICICILIQ,999.99,1000.01,999.99,999.99,999.99,0.0,183900,183898159.2
2025-09-29,LIQUIDPLUS,EQ,INF769K01MY5,MIRAEAMC - LIQUIDPLUS,1052.36,1052.54,1052.36,1052.52,1052.38,0.01,53908,56739249.21
2025-09-29,LIQUIDSBI,EQ,INF200KA13Z8,SBIAMC - LIQUIDSBI,999.99,1000.01,999.99,999.99,1000.0,-0.0,5412,5411945.83
2025-09-29,LIQUIDSHRI,EQ,INF680P01422,SHRIRAM - LIQUIDSHRI,1072.58,1072.6,1072.58,1072.58,1072.45,0.01,24282,26044386.49
2025-09-29,LLOYDSENGG,EQ,INE093R01011,LLOYDS ENGG WORK LIMITED,59.5,59.7,57.95,58.18,59.03,-1.44,2248368,130810050.93
2025-09-29,LLOYDSENT,EQ,INE080I01025,LLOYDS ENTERPRISES LTD,63.5,64.04,61.59,62.0,63.19,-1.88,1413458,87634396.0
2025-09-29,LLOYDSME,EQ,INE281B01032,LLOYDS METALS N ENERGY L,1231.2,1269.0,1231.2,1256.0,1246.0,0.8,202658,254538448.0
2025-09-29,LMW,EQ,INE269B01029,LMW LIMITED,14630.0,14883.0,14140.0,14173.0,14609.0,-2.98,6089,86299397.0
2025-09-29,LODHA,EQ,INE670K01029,LODHA DEVELOPERS LIMITED,1152.8,1157.0,1139.5,1155.3,1141.1,1.24,1010427,1167346362.44
2025-09-29,LOKESHMACH,EQ,INE397H01017,LOKESH MACHINES LTD,196.95,196.95,190.36,191.96,191.71,0.13,28407,5453007.91
2025-09-29,LORDSCHLO,EQ,INE846D01012,LORDS CHLORO ALKALI LTD,162.8,170.0,157.1,168.99,165.24,2.27,22654,3828299.58
2025-09-29,LOTUSEYE,EQ,INE947I01017,LOTUS EYE HOSP & INST L,118.15,119.9,115.0,117.32,118.19,-0.74,28514,3345262.47
2025-09-29,LOVABLE,EQ,INE597L01014,LOVABLE LINGERIE LTD,92.87,96.99,91.5,92.15,92.5,-0.38,28896,2662766.44
2025-09-29,LOWVOL,EQ,INF769K01JU9,MIRAEAMC - MANV30F,205.43,205.43,204.12,204.46,204.84,-0.19,2147,438975.63
2025-09-29,LOWVOL1,EQ,INF174KA1IY5,KOTAKMAMC - KOTAKLOVOL,20.64,21.4,20.64,21.12,20.93,0.91,26692,563735.06
2025-09-29,LOWVOLIETF,EQ,INF109KC19U5,ICICI PR NIF LW VL 30 ETF,22.22,22.22,21.91,21.97,21.98,-0.05,367057,8064242.04
2025-09-29,LOYALTEX,EQ,INE970D01010,LOYAL TEXTILE MILLS LTD,308.05,308.05,290.0,303.0,293.4,3.27,17,5151.0
2025-09-29,LPDC,EQ,INE197J01017,LANDMARK PR.DEV.CO.LTD,7.6,7.95,7.6,7.72,7.7,0.26,10540,81368.8
2025-09-29,LT,EQ,INE018A01030,LARSEN & TOUBRO LTD.,3738.0,3740.0,3679.6,3688.4,3729.5,-1.1,2599630,9588475038.13
2025-09-29,LTF,EQ,INE498L01015,L&T FINANCE LIMITED,235.05,247.55,235.05,244.84,236.29,3.62,14344044,3511995680.43
2025-09-29,LTFOODS,EQ,INE818H01020,LT FOODS LIMITED,417.75,418.0,402.5,404.3,415.75,-2.75,819502,331324648.6
2025-09-29,LTGILTBEES,EQ,INF204KB1882,NIP IND ETF LONGTERM GILT,28.83,28.9,28.79,28.8,28.88,-0.28,3366050,96942237.43
2025-09-29,LTM,EQ,INE214T01019,LTM LIMITED,5100.0,5187.5,5010.0,5158.0,5075.0,1.64,212172,1094383176.0
2025-09-29,LTTS,EQ,INE010V01017,L&T TECHNOLOGY SER. LTD.,4066.0,4117.7,3951.3,3987.1,4058.9,-1.77,64298,256362562.08
2025-09-29,LUMAXIND,EQ,INE162B01018,LUMAX INDUSTRIES LTD,4863.8,4989.0,4775.0,4955.1,4863.8,1.88,42427,210230031.84
2025-09-29,LUMAXTECH,EQ,INE872H01027,LUMAX AUTO TECH LTD,1324.5,1337.9,1260.0,1322.7,1298.5,1.86,718423,950258067.02
2025-09-29,LUPIN,EQ,INE326A01037,LUPIN LIMITED,1925.6,1958.0,1920.2,1933.2,1919.8,0.7,1513775,2926429756.09
2025-09-29,LUXIND,EQ,INE150G01020,LUX INDUSTRIES LIMITED,1315.0,1329.9,1300.1,1305.1,1307.6,-0.19,13507,17627985.37
2025-09-29,LXCHEM,EQ,INE576O01020,LAXMI ORGANIC INDUS LTD,208.9,210.49,205.1,205.67,208.48,-1.35,570566,117348308.18
2025-09-29,M&M,EQ,INE101A01026,MAHINDRA & MAHINDRA LTD,3419.0,3458.0,3405.0,3418.1,3396.5,0.64,3175716,10854915169.73
2025-09-29,M&MFIN,EQ,INE774D01024,M&M FIN. SERVICES LTD,280.95,280.95,270.15,272.95,279.75,-2.43,3095039,844790932.83
2025-09-29,MAANALU,EQ,INE215I01027,MAAN ALUMINIUM LIMITED,103.01,109.5,103.01,107.78,104.41,3.23,34504,3718841.08
2025-09-29,MACPOWER,EQ,INE155Z01011,MACPOWER CNC MACHINES LTD,820.0,863.2,820.0,822.9,835.0,-1.45,12049,9915122.39
2025-09-29,MADHAV,EQ,INE925C01016,MADHAV MARBLE & GRANITE,42.25,43.97,42.24,43.75,42.25,3.55,6322,276587.5
2025-09-29,MADRASFERT,EQ,INE414A01015,MADRAS FERTILISERS LTD,86.2,86.2,84.4,85.07,85.62,-0.64,155695,13244973.6
2025-09-29,MAFANG,EQ,INF769K01HF4,MIRAEAMC - MAFANG,168.27,168.27,168.27,168.27,169.14,-0.51,123210,20732547.23
2025-09-29,MAGADSUGAR,EQ,INE347W01011,MAGADH SUGAR & ENERGY LTD,544.0,560.15,544.0,550.0,544.9,0.94,6324,3478200.0
2025-09-29,MAGNUM,EQ,INE387I01016,MAGNUM VENTURES LTD.,25.25,25.39,24.5,25.09,24.89,0.8,55824,1400624.17
2025-09-29,MAHABANK,EQ,INE457A01014,BANK OF MAHARASHTRA,54.25,55.54,53.91,54.89,53.99,1.67,7990759,438612756.63
2025-09-29,MAHAPEXLTD,EQ,INE843B01013,MAHA RASHTRA APEX COPR. L,105.8,105.8,99.6,100.38,103.7,-3.2,7506,753452.26
2025-09-29,MAHEPC,EQ,INE215D01010,MAHINDRA EPC IRRIG LTD,150.8,151.5,146.37,147.92,149.2,-0.86,24623,3642234.11
2025-09-29,MAHESHWARI,EQ,INE263W01010,MAHESHWARI LOGISTICS LTD.,57.13,59.0,57.13,58.02,57.67,0.61,5984,347191.68
2025-09-29,MAHKTECH,EQ,INF769K01HS7,MIRAEAMC - MAHKTECH,29.23,29.23,29.13,29.23,28.99,0.83,1385223,40490067.66
2025-09-29,MAHLIFE,EQ,INE813A01018,MAHINDRA LIFESPACE DEVLTD,359.85,366.1,355.6,357.25,359.85,-0.72,101854,36387341.5
2025-09-29,MAHLOG,EQ,INE766P01016,MAHINDRA LOGISTIC LIMITED,345.25,348.0,339.9,345.3,345.25,0.01,60767,20982844.36
2025-09-29,MAHSCOOTER,EQ,INE288A01013,MAHARASHTRA SCOOTERS LTD,17470.0,18098.0,16751.0,17575.0,17470.0,0.6,69863,1227842225.0
2025-09-29,MAHSEAMLES,EQ,INE271B01025,MAHARASHTRA SEAMLESS LTD,596.0,604.6,588.0,591.95,596.8,-0.81,125698,74406932.63
2025-09-29,MAITHANALL,EQ,INE683C01011,MAITHAN ALLOYS LTD,1112.0,1119.9,1098.9,1100.8,1112.0,-1.01,13389,14738611.85
2025-09-29,MAKEINDIA,EQ,INF769K01IB1,MIRAEAMC - MAMFGETF,149.34,151.2,149.34,149.83,149.5,0.22,27891,4178908.58
2025-09-29,MALLCOM,EQ,INE389C01015,MALLCOM (INDIA) LIMITED,1315.2,1315.2,1250.0,1272.1,1299.4,-2.1,4816,6126433.48
2025-09-29,MALUPAPER,EQ,INE383H01017,MALU PAPER MILLS LIMITED,38.1,39.83,38.1,38.18,38.77,-1.52,7497,286235.46
2025-09-29,MAMATA,EQ,INE0TO701015,MAMATA MACHINERY LIMITED,475.5,475.7,444.25,449.9,475.5,-5.38,656553,295383190.69
2025-09-29,MANAKALUCO,EQ,INE859Q01017,MANAK ALUMINIUM CO. LTD.,30.27,33.5,29.65,32.27,29.71,8.62,211562,6827105.84
2025-09-29,MANAKCOAT,EQ,INE830Q01018,MAN COAT METAL & IND LTD,134.99,134.99,129.02,130.95,131.78,-0.63,67394,8825244.09
2025-09-29,MANAKSIA,EQ,INE015D01022,MANAKSIA LTD.,68.4,68.83,66.82,67.25,67.76,-0.75,25352,1704922.0
2025-09-29,MANALIPETC,EQ,INE201A01024,MANALI PETROCHEMICALS LT,64.7,66.25,64.0,64.19,64.54,-0.54,223897,14371948.98
2025-09-29,MANAPPURAM,EQ,INE522D01027,MANAPPURAM FINANCE LTD,277.8,283.3,274.7,282.75,276.9,2.11,5810565,1642937253.75
2025-09-29,MANBA,EQ,INE939X01013,MANBA FINANCE LIMITED,135.85,136.0,132.1,132.86,135.86,-2.21,47022,6247342.95
2025-09-29,MANCREDIT,EQ,INE545L01039,MANGAL CREDIT N FINCORP L,187.42,187.85,182.5,182.71,186.23,-1.89,23498,4293319.74
2025-09-29,MANGALAM,EQ,INE584F01014,MANGALAM DRUG & CHEM LTD,72.06,73.3,70.96,72.79,72.22,0.79,13622,991545.39
2025-09-29,MANGLMCEM,EQ,INE347A01017,MANGALAM CEMENT LTD,759.95,772.0,745.0,747.55,740.05,1.01,171979,128562899.35
2025-09-29,MANINDS,EQ,INE993A01026,MAN INDUSTRIES (I) LTD.,415.05,422.25,398.75,406.7,413.5,-1.64,342177,139163390.08
2025-09-29,MANINFRA,EQ,INE949H01023,MAN INFRA LTD,149.0,150.02,145.59,146.57,149.06,-1.67,191230,28028582.5
2025-09-29,MANKIND,EQ,INE634S01028,MANKIND PHARMA LIMITED,2489.3,2499.7,2453.5,2462.0,2482.9,-0.84,309212,761279944.0
2025-09-29,MANOMAY,EQ,INE784W01015,MANOMAY TEX INDIA LTD,167.74,176.99,166.9,168.27,168.58,-0.18,636,107019.72
2025-09-29,MANORAMA,EQ,INE00VM01036,MANORAMA INDUSTRIES LTD,1404.9,1464.9,1397.0,1421.6,1404.9,1.19,273475,388772053.32
2025-09-29,MANORG,EQ,INE370D01013,MANGALAM ORGANICS LIMITED,517.4,533.3,504.15,532.25,530.65,0.3,1049,558330.25
2025-09-29,MANUGRAPH,EQ,INE867A01022,MANUGRAPH INDIA LIMITED,24.0,24.0,22.02,23.14,22.86,1.22,75760,1753086.35
2025-09-29,MANYAVAR,EQ,INE825V01034,VEDANT FASHIONS LIMITED,704.0,711.45,687.1,693.15,704.0,-1.54,245525,170185659.74
2025-09-29,MAPMYINDIA,EQ,INE0BV301023,C.E. INFO SYSTEMS LIMITED,1622.0,1649.0,1600.1,1638.5,1622.6,0.98,37136,60847336.0
2025-09-29,MARALOVER,EQ,INE882A01013,MARAL OVERSEAS LTD,47.94,47.95,46.48,46.73,46.53,0.43,14768,690108.63
2025-09-29,MARATHON,EQ,INE182D01020,MARATHON NXTGEN REALT LTD,619.05,619.05,595.15,597.45,615.35,-2.91,73354,43825348.2
2025-09-29,MARICO,EQ,INE196A01026,MARICO LIMITED,695.1,703.0,690.3,698.7,698.35,0.05,2398826,1676059755.48
2025-09-29,MARINE,EQ,INE01JE01028,MARINE ELECTRICAL (I) LTD,213.0,221.79,213.0,214.47,212.44,0.96,409351,87793509.47
2025-09-29,MARKSANS,EQ,INE750C01026,MARKSANS PHARMA LIMITED,164.38,169.99,162.8,166.34,164.38,1.19,792581,131837920.64
2025-09-29,MARUTI,EQ,INE585B01010,MARUTI SUZUKI INDIA LTD.,16300.0,16340.0,15950.0,15984.0,16286.0,-1.85,627326,10027178784.0
2025-09-29,MASFIN,EQ,INE348L01012,MAS FINANCIAL SERV LTD,307.2,310.0,295.25,300.2,302.65,-0.81,124439,37356589.32
2025-09-29,MASKINVEST,EQ,INE885F01015,MASK INVESTMENTS LIMITED,152.77,163.0,146.0,151.64,149.05,1.74,1243,188488.52
2025-09-29,MASPTOP50,EQ,INF769K01HP3,MIRAEAMC - MASPTOP50,67.95,67.95,67.95,67.95,68.3,-0.51,43629,2964590.42
2025-09-29,MASTEK,EQ,INE759A01021,MASTEK LTD,2168.4,2290.0,2116.0,2197.0,2165.2,1.47,297114,652759458.0
2025-09-29,MASTERTR,EQ,INE677D01037,MASTER TRUST LIMITED,136.4,144.29,131.49,137.68,138.89,-0.87,376144,51787503.17
2025-09-29,MATRIMONY,EQ,INE866R01028,MATRIMONY.COM LIMITED,509.9,555.0,507.25,550.25,518.75,6.07,75889,41757922.25
2025-09-29,MAWANASUG,EQ,INE636A01039,MAWANA SUGARS LIMITED,90.0,90.0,88.14,88.5,88.03,0.53,16732,1480782.0
2025-09-29,MAXESTATES,EQ,INE03EI01018,MAX ESTATES LIMITED,461.0,467.95,453.3,464.2,459.7,0.98,91723,42577817.72
2025-09-29,MAXHEALTH,EQ,INE027H01010,MAX HEALTHCARE INS LTD,1134.6,1139.5,1103.6,1112.0,1123.4,-1.01,48051997,53433820664.0
2025-09-29,MAXIND,EQ,INE0CG601016,MAX INDIA LIMITED,214.0,221.69,211.33,214.96,215.59,-0.29,149434,32122333.64
2025-09-29,MAYURUNIQ,EQ,INE040D01038,MAYUR UNIQUOTERS LTD,500.0,514.4,499.0,509.25,509.5,-0.05,33910,17268667.5
2025-09-29,MAZDOCK,EQ,INE249Z01020,MAZAGON DOCK SHIPBUIL LTD,2827.6,2866.4,2725.0,2751.1,2827.6,-2.71,3209044,8828401261.78
2025-09-29,MBAPL,EQ,INE900L01028,MADHYA BHARAT AGRO P. LTD,81.74,82.07,76.42,77.25,81.74,-5.49,879995,67979613.75
2025-09-29,MBEL,EQ,INE08N601015,M AND B ENGINEERING LTD,397.1,398.2,385.0,390.1,389.35,0.19,159209,62107431.87
2025-09-29,MBLINFRA,EQ,INE912H01013,MBL INFRASTRUCTURE LTD,41.9,42.5,40.5,40.88,41.55,-1.61,172775,7063042.18
2025-09-29,MCL,EQ,INE813V01022,M TEK COPPER LIMITED,60.0,63.5,57.05,60.27,58.53,2.97,969427,58427365.73
2025-09-29,MCLEODRUSS,EQ,INE942G01012,MCLEOD RUSSEL INDIA LTD.,38.0,38.33,36.54,36.88,37.71,-2.2,532389,19634506.89
2025-09-29,MCLOUD,EQ,INE613C01026,MAGELLANIC CLOUD LIMITED,78.98,79.32,73.96,75.51,79.1,-4.54,3658590,276260138.72
2025-09-29,MCX,EQ,INE745G01043,MULTI COMMODITY EXCHANGE,1599.6,1615.0,1583.3,1588.0,1584.1,0.25,2139380,3397335440.0
2025-09-29,MEDANTA,EQ,INE474Q01031,GLOBAL HEALTH LIMITED,1295.0,1324.3,1286.3,1314.5,1299.7,1.14,167092,219642434.0
2025-09-29,MEDIASSIST,EQ,INE456Z01021,MEDI ASSIST HEALTH SER L,526.8,533.65,517.0,530.55,528.05,0.47,137556,72980334.12
2025-09-29,MEDICO,EQ,INE630Y01024,MEDICO REMEDIES LIMITED,48.6,48.71,47.71,47.98,48.28,-0.62,295023,14155203.4
2025-09-29,MEDPLUS,EQ,INE804L01022,MEDPLUS HEALTH SERV LTD,780.3,798.2,759.45,764.3,786.9,-2.87,114658,87633108.0
2025-09-29,MEGASTAR,EQ,INE00EM01016,MEGASTAR FOODS LIMITED,215.0,219.8,207.0,213.61,210.51,1.47,3070,655782.7
2025-09-29,MEIL,EQ,INE0PKD01011,MANGAL ELECTRICAL IND L,467.0,495.0,456.0,476.1,467.5,1.84,166192,79124012.21
2025-09-29,METAL,EQ,INF769K01LY7,MIRAEAMC - METAL,9.94,10.27,9.85,9.98,9.94,0.4,1151505,11492019.37
2025-09-29,METALIETF,EQ,INF109KC19W1,ICICIPRAMC - METALIETF,10.02,10.05,9.95,9.97,9.93,0.4,2907694,28989709.96
2025-09-29,METROBRAND,EQ,INE317I01021,METRO BRANDS LIMITED,1259.9,1300.0,1200.0,1236.9,1219.0,1.47,110360,136504286.69
2025-09-29,METROPOLIS,EQ,INE112L01020,METROPOLIS HEALTHCARE LTD,500.55,512.3,500.55,505.35,503.65,0.34,90408,45687683.35
2025-09-29,MFML,EQ,INE0US801024,MAHALAXMI FABRIC MILLS LT,29.93,30.93,27.1,28.35,29.1,-2.58,27235,772112.26
2025-09-29,MFSL,EQ,INE180A01020,MAX FINANCIAL SERV LTD,1545.6,1565.0,1535.1,1559.8,1545.6,0.92,711014,1109039671.92
2025-09-29,MGEL,EQ,INE0APB01032,MANGALAM GLOBAL ENT LTD,17.37,17.37,15.85,16.25,17.23,-5.69,13900921,225889966.25
2025-09-29,MGL,EQ,INE002S01010,MAHANAGAR GAS LTD.,1248.0,1263.9,1236.9,1259.6,1237.7,1.77,157530,198424784.15
2025-09-29,MHRIL,EQ,INE998I01010,MAHINDRA HOLIDAYS LTD,356.0,363.95,345.1,348.7,342.1,1.93,311318,108556590.4
2025-09-29,MID150BEES,EQ,INF204KB1V68,NIP IND ETF MIDCAP 150,218.6,218.6,215.0,216.81,216.44,0.17,445697,96631565.48
2025-09-29,MID150CASE,EQ,INF0R8F01059,ZERODHAAMC - MID150CASE,10.52,10.57,10.42,10.49,10.47,0.19,810756,8504830.25
2025-09-29,MIDCAP,EQ,INF174KA1ZC5,KOTAKMAMC - KOTAKMID50,159.55,159.55,159.55,159.55,159.55,0.0,0,0.0
2025-09-29,MIDCAPETF,EQ,INF769K01IC9,MIRAEAMC - MAM150ETF,21.88,21.88,21.32,21.4,21.35,0.23,1492765,31945170.43
2025-09-29,MIDCAPIETF,EQ,INF109KC11W8,ICICIPRAMC - ICICIM150,22.29,22.29,21.6,21.94,21.64,1.39,1110421,24362637.33
2025-09-29,MIDHANI,EQ,INE099Z01011,MISHRA DHATU NIGAM LTD,384.0,388.35,369.25,371.4,384.0,-3.28,706357,262340985.49
2025-09-29,MIDQ50ADD,EQ,INF740KA1ZF3,DSPAMC - DSPQ50ETF,245.0,245.51,242.5,243.51,243.36,0.06,4288,1044170.86
2025-09-29,MIDSELIETF,EQ,INF109KC10W0,ICICI PRUD MIDCAP SEL ETF,17.6,17.6,17.06,17.17,17.09,0.47,183263,3146625.72
2025-09-29,MIDSMALL,EQ,INF769K01LJ8,MIRAEAMC - MIDSMALL,46.99,47.55,46.95,47.16,47.18,-0.04,611957,28859892.03
2025-09-29,MINDACORP,EQ,INE842C01021,MINDA CORPORATION LTD,578.0,591.85,565.1,568.85,571.3,-0.43,1702044,968207687.85
2025-09-29,MINDTECK,EQ,INE110B01017,MINDTECK (INDIA) LIMITED,241.24,248.0,233.0,236.21,241.24,-2.09,15664,3699993.55
2025-09-29,MIRZAINT,EQ,INE771A01026,MIRZA INTERNATIONAL LIMIT,39.92,41.59,39.65,40.3,39.6,1.77,494152,19914325.22
2025-09-29,MITCON,EQ,INE828O01033,MITCON CON & ENG SER LTD,68.17,69.68,66.61,67.39,66.52,1.31,18022,1214502.57
2025-09-29,MITTAL,EQ,INE997Y01027,MITTAL LIFE STYLE LIMITED,1.6,1.62,1.58,1.6,1.59,0.63,516914,827062.41
2025-09-29,MKPL,EQ,INE964W01021,M K PROTEINS LIMITED,6.96,7.1,6.16,6.8,6.96,-2.3,281490,1914132.05
2025-09-29,MMFL,EQ,INE227C01017,MM FORGINGS LTD,305.8,311.6,303.75,305.85,308.65,-0.91,22252,6805774.34
2025-09-29,MMP,EQ,INE511Y01018,MMP INDUSTRIES LIMITED,275.3,284.95,270.55,275.35,279.45,-1.47,13702,3772845.78
2025-09-29,MMTC,EQ,INE123F01029,MMTC LIMITED,65.6,66.39,64.2,64.66,65.51,-1.3,1500545,97025245.2
2025-09-29,MNC,EQ,INF174KA1JF2,KOTAKMAMC - KOTAKMNC,30.81,30.81,30.26,30.38,30.43,-0.16,27640,839703.18
2025-09-29,MOALPHA50,EQ,INF247L01FR8,MOTILALAMC - MOALPHA50,49.11,49.11,49.11,49.11,49.33,-0.45,0,0.0
2025-09-29,MOBIKWIK,EQ,INE0HLU01028,ONE MOBIKWIK SYSTEMS LTD,257.43,258.48,249.07,252.69,254.61,-0.75,3791281,958018805.15
2025-09-29,MODEFENCE,EQ,INF247L01DJ0,MOTILALAMC - MODEFENCE,87.97,89.11,86.4,86.58,87.32,-0.85,2471436,213976933.41
2025-09-29,MODIRUBBER,EQ,INE832A01018,MODI RUBBER LTD,111.1,123.4,111.1,117.53,114.66,2.5,2307,271141.71
2025-09-29,MODTHREAD,EQ,INE794W01014,MODERN THREADS INDIA LTD,44.23,44.48,43.0,43.11,45.13,-4.48,6523,281206.53
2025-09-29,MOGSEC,EQ,INF247L01AK4,MOTILALAMC - G5,62.6,62.6,62.08,62.2,62.22,-0.03,67580,4203476.05
2025-09-29,MOHEALTH,EQ,INF247L01BB1,MOTILALAMC - MOHEALTH,44.8,44.8,43.52,43.73,43.71,0.05,68015,2974295.92
2025-09-29,MOHITIND,EQ,INE954E01012,MOHIT INDUSTRIES LTD,32.25,34.0,32.25,33.03,32.98,0.15,5060,167131.79
2025-09-29,MOIL,EQ,INE490G01020,MOIL LIMITED,354.45,365.7,352.3,360.15,354.4,1.62,728449,262350902.9
2025-09-29,MOINFRA,EQ,INF247L01FL1,MOTILALAMC - MOINFRA,59.99,59.99,59.99,59.99,59.69,0.52,0,0.0
2025-09-29,MOKSH,EQ,INE514Y01020,MOKSH ORNAMENTS LIMITED,14.1,14.32,14.06,14.1,14.1,0.0,91650,1292265.03
2025-09-29,MOL,EQ,INE0CT101020,MEGHMANI ORGANICS LIMITED,81.3,82.24,81.0,81.49,80.87,0.77,232360,18935015.9
2025-09-29,MOLDTKPAC,EQ,INE893J01029,MOLD-TEK PACKAGING LTD,744.7,754.2,735.85,740.85,735.85,0.68,31271,23167119.59
2025-09-29,MOLOWVOL,EQ,INF247L01BL0,MOTILALAMC - MOLOWVOL,38.16,38.16,37.06,37.29,37.23,0.16,5586,208301.95
2025-09-29,MOM100,EQ,INF247L01023,MOTILAL OS MIDCAP100 ETF,60.1,61.78,60.1,60.95,60.81,0.23,377784,23025935.09
2025-09-29,MOM30IETF,EQ,INF109KC17C7,ICICIPRAMC - ICICIMOM30,29.66,31.19,29.66,30.41,30.43,-0.07,522035,15875084.27
2025-09-29,MOM50,EQ,INF247L01536,MOTILAL OSWAL M50 ETF,259.99,260.9,255.16,255.97,257.24,-0.49,7114,1820970.59
2025-09-29,MOMENTUM,EQ,INF209KB14K7,BIRLASLAMC - MOMENTUM,29.53,30.97,29.53,30.22,30.29,-0.23,119235,3603281.62
2025-09-29,MOMENTUM50,EQ,INF247L01DK8,MOTILALAMC - MOMENTUM50,50.58,50.88,50.0,50.34,50.33,0.02,410520,20665576.86
2025-09-29,MOMGF,EQ,INF247L01FK3,MOTILALAMC - MOMGF,146.98,146.98,146.98,146.98,146.93,0.03,0,0.0
2025-09-29,MOMIDMTM,EQ,INF247L01FQ0,MOTILALAMC - MOMIDMTM,59.75,59.75,59.75,59.75,59.73,0.05,0,0.0
2025-09-29,MOMOMENTUM,EQ,INF247L01BK2,MOTILALAMC - MOMOMENTUM,60.93,61.13,60.26,60.73,60.59,0.23,85657,5201949.57
2025-09-29,MON100,EQ,INF247L01AP3,MOTILAL OS NASDAQ100 ETF,216.35,225.0,213.54,219.83,214.53,2.47,1048186,230422730.3
2025-09-29,MON50EQUAL,EQ,INF247L01FC0,MOTILALAMC - MON50EQUAL,31.72,31.72,31.72,31.72,31.74,-0.06,0,0.0
2025-09-29,MONARCH,EQ,INE903D01011,MONARCH NETWORTH CAP LTD,324.7,325.25,316.25,318.25,322.9,-1.44,177579,56514516.75
2025-09-29,MONEXT50,EQ,INF247L01FD8,MOTILALAMC - MONEXT50,67.36,67.36,67.36,67.36,66.73,0.94,0,0.0
2025-09-29,MONIFTY500,EQ,INF247L01BU1,MOTILALAMC - MONIFTY500,23.39,23.45,23.13,23.23,23.2,0.13,440703,10237530.49
2025-09-29,MONQ50,EQ,INF247L01AU3,MOTILALAMC - MONQ50,93.35,100.3,91.35,98.68,92.34,6.87,588025,58026307.18
2025-09-29,MONTECARLO,EQ,INE950M01013,MONTE CARLO FASHIONS LTD.,669.0,684.0,655.5,670.85,666.05,0.72,37416,25100522.69
2025-09-29,MOPSE,EQ,INF247L01FO5,MOTILALAMC - MOPSE,98.36,98.36,98.36,98.36,97.23,1.17,0,0.0
2025-09-29,MOQUALITY,EQ,INF247L01BH8,MOTILALAMC - MOQUALITY,190.77,192.38,190.52,190.82,190.76,0.03,1203,229556.47
2025-09-29,MOREALTY,EQ,INF247L01CI4,MOTILALAMC - MOREALTY,88.39,88.39,86.96,87.78,87.09,0.79,205934,18076886.27
2025-09-29,MOREPENLAB,EQ,INE083A01026,MOREPEN LAB. LTD,49.0,49.25,47.79,48.07,48.87,-1.64,2141688,102950941.51
2025-09-29,MOSCHIP,EQ,INE935B01025,MOSCHIP TECHNOLOGIES LTD,244.54,259.8,241.61,247.21,239.75,3.11,6717637,1660667087.87
2025-09-29,MOSMALL250,EQ,INF247L01CH6,MOTILALAMC - MOSMALL250,16.79,17.04,16.69,16.76,16.79,-0.18,817439,13700277.83
2025-09-29,MOTHERSON,EQ,INE775A01035,SAMVRDHNA MTHRSN INTL LTD,106.0,107.3,105.46,106.88,105.66,1.15,26556235,2838330323.86
2025-09-29,MOTILALOFS,EQ,INE338I01027,MOTILAL OSWAL FIN LTD,912.45,928.85,909.4,916.2,910.75,0.6,659150,603913238.05
2025-09-29,MOTISONS,EQ,INE0FRK01020,MOTISONS JEWELLERS LTD,18.19,18.32,17.55,17.69,18.2,-2.8,2053228,36321604.42
2025-09-29,MOTOGENFIN,EQ,INE861B01023,MOTOR & GENERAL FINANCE L,26.87,26.87,26.08,26.46,26.36,0.38,21324,564233.02
2025-09-29,MOTOUR,EQ,INF247L01FP2,MOTILALAMC - MOTOUR,88.15,88.15,88.15,88.15,87.94,0.24,0,0.0
2025-09-29,MOVALUE,EQ,INF247L01BE5,MOTILALAMC - MOVALUE,100.6,105.45,100.6,105.23,103.18,1.99,42740,4497530.34
2025-09-29,MPHASIS,EQ,INE356A01018,MPHASIS LIMITED,2652.0,2689.0,2634.0,2678.1,2642.4,1.35,458764,1228615913.2
2025-09-29,MPSLTD,EQ,INE943D01017,MPS LIMITED,2200.0,2210.0,2138.0,2148.9,2194.5,-2.08,6755,14515818.84
2025-09-29,MRF,EQ,INE883A01011,MRF LTD,149820.0,149820.0,145070.0,145885.0,148545.0,-1.79,9306,1357605810.0
2025-09-29,MRPL,EQ,INE103A01014,MRPL,128.19,137.6,127.56,134.11,127.39,5.28,15577557,2089106178.78
2025-09-29,MSCIINDIA,EQ,INF174KA1VD2,KOTAKMAMC - MSCIINDIA,29.89,29.89,29.16,29.29,29.24,0.17,4586,134323.94
2025-09-29,MSPL,EQ,INE752G01015,MSP STEEL & POWER LTD.,36.57,37.4,36.1,36.26,36.3,-0.11,440796,15983262.22
2025-09-29,MSTCLTD,EQ,INE255X01014,MSTC LIMITED,484.3,489.25,466.8,473.2,483.55,-2.14,174766,82699273.33
2025-09-29,MSUMI,EQ,INE0FS801015,MOTHERSON SUMI WRNG IND L,47.25,47.47,45.71,46.44,46.85,-0.88,26693107,1239627852.42
2025-09-29,MTNL,EQ,INE153A01019,MAHANAGAR TELEPHONE NIGAM,43.95,44.35,43.05,43.32,42.75,1.33,2685759,116347079.06
2025-09-29,MUFIN,EQ,INE08KJ01020,MUFIN GREEN FINANCE LTD,86.87,88.13,85.3,85.73,86.31,-0.67,113984,9771848.7
2025-09-29,MUFTI,EQ,INE220Q01020,CREDO BRANDS MARKETING L,106.61,107.4,105.0,105.61,106.61,-0.94,229441,24231264.15
2025-09-29,MUKANDLTD,EQ,INE304A01026,MUKAND LTD.,131.0,132.34,128.61,129.89,129.09,0.62,108730,14122939.63
2025-09-29,MULTICAP,EQ,INF769K01LX9,MIRAEAMC - MULTICAP,16.15,16.15,15.87,15.92,15.9,0.13,136401,2171503.93
2025-09-29,MUNJALAU,EQ,INE672B01032,MUNJAL AUTO IND. LTD.,104.4,114.0,103.71,109.08,103.61,5.28,6284327,685494400.67
2025-09-29,MUNJALSHOW,EQ,INE577A01027,MUNJAL SHOWA LTD,137.1,144.8,137.1,140.52,137.67,2.07,114216,16049632.81
2025-09-29,MURUDCERA,EQ,INE692B01014,MURUDESHWAR CERAMICS LTD,41.85,42.54,40.96,41.62,41.33,0.7,27215,1132688.27
2025-09-29,MUTHOOTCAP,EQ,INE296G01013,MUTHOOT CAP SERV LTD,281.0,286.95,279.35,280.3,286.95,-2.32,6142,1721602.53
2025-09-29,MUTHOOTFIN,EQ,INE414G01012,MUTHOOT FINANCE LIMITED,3029.6,3077.4,3013.0,3064.7,3020.3,1.47,455979,1397438819.04
2025-09-29,MUTHOOTMF,EQ,INE046W01019,MUTHOOT MICROFIN LIMITED,160.05,166.68,160.05,164.08,160.99,1.92,128554,21093140.56
2025-09-29,MVGJL,EQ,INE0KNT01012,MANOJ VAIBHAV GEM N JEW L,192.37,196.0,188.0,190.13,190.93,-0.42,71408,13576803.39
2025-09-29,MWL,EQ,INE0JYY01029,MANGALAM WORLDWIDE LTD,22.83,24.74,22.2,23.68,22.66,4.52,253270,5997433.68
2025-09-29,NACLIND,EQ,INE295D01020,NACL INDUSTRIES LIMITED,218.3,219.55,209.7,209.7,220.7,-4.98,270883,56804164.27
2025-09-29,NAGREEKCAP,EQ,INE245I01016,NAGREEKA CAP & INFR.LTD,27.93,27.93,26.87,27.09,27.38,-1.06,7217,195508.53
2025-09-29,NAGREEKEXP,EQ,INE123B01028,NAGREEKA EXPORTS LTD.,32.21,32.9,31.65,32.0,32.56,-1.72,20098,643136.0
2025-09-29,NAHARCAP,EQ,INE049I01012,NAHAR CAP & FIN.,279.25,286.75,279.25,280.5,280.65,-0.05,518,145299.0
2025-09-29,NAHARINDUS,EQ,INE289A01011,NAHAR INDS ENT LTD,122.0,122.0,114.05,115.15,114.25,0.79,18456,2125208.43
2025-09-29,NAHARPOLY,EQ,INE308A01027,NAHAR POLY FILMS LIMITED,304.95,304.95,284.1,293.5,288.25,1.82,7953,2334205.5
2025-09-29,NAHARSPING,EQ,INE290A01027,NAHAR SPINNING MILLS LTD.,209.85,209.85,205.01,205.41,207.84,-1.17,14282,2933665.67
2025-09-29,NAM-INDIA,EQ,INE298J01013,NIPPON L I A M LTD,855.0,879.25,853.65,871.0,855.9,1.76,1053524,917619404.0
2025-09-29,NARMADA,EQ,INE117Z01029,NARMADA AGROBASE LIMITED,11.65,12.65,11.45,12.65,11.5,9.96,816442,10323909.46
2025-09-29,NATCOPHARM,EQ,INE987B01026,NATCO PHARMA LTD.,820.75,824.1,791.0,795.4,820.75,-3.09,727817,578905659.57
2025-09-29,NATHBIOGEN,EQ,INE448G01010,NATH BIO-GENES (I) LTD,169.85,169.85,164.95,166.17,166.35,-0.11,11872,1972770.22
2025-09-29,NATIONALUM,EQ,INE139A01034,NATIONAL ALUMINIUM CO LTD,201.0,206.0,200.83,203.91,200.58,1.66,5885119,1200034636.84
2025-09-29,NAUKRI,EQ,INE663F01032,INFO EDGE (I) LTD,1317.9,1332.1,1299.2,1315.8,1316.2,-0.03,1577060,2075095625.0
2025-09-29,NAVA,EQ,INE725A01030,NAVA LIMITED,684.55,697.95,663.5,666.45,683.15,-2.44,412949,275209866.09
2025-09-29,NAVINFLUOR,EQ,INE048G01026,NAVIN FLUORINE INT. LTD,4575.0,4599.0,4498.5,4552.2,4573.2,-0.46,59950,272904401.71
2025-09-29,NAVKARCORP,EQ,INE278M01019,NAVKAR CORPORATION LTD.,121.7,122.01,118.06,119.25,119.91,-0.55,215242,25667608.5
2025-09-29,NAVNETEDUL,EQ,INE060A01024,NAVNEET EDUCATION LTD,156.55,156.55,151.5,153.54,156.56,-1.93,321693,49392741.06
2025-09-29,NAZARA,EQ,INE418L01047,NAZARA TECHNOLOGIES LTD,279.9,279.9,263.8,266.0,280.0,-5.0,1122019,298457054.0
2025-09-29,NBCC,EQ,INE095N01031,NBCC (INDIA) LIMITED,105.18,108.45,104.96,107.33,105.18,2.04,7865279,844180409.47
2025-09-29,NBIFIN,EQ,INE365I01020,N.B.I. IND. FIN. CO. LTD,2540.1,2550.0,2480.0,2505.5,2498.4,0.28,114,285627.0
2025-09-29,NCC,EQ,INE868B01028,NCC LIMITED,203.5,209.0,202.71,205.94,202.51,1.69,3376139,695282073.9
2025-09-29,NCLIND,EQ,INE732C01016,NCL INDUSTRIES LIMITED,202.6,202.6,196.23,197.15,200.63,-1.73,77133,15206770.48
2025-09-29,NDGL,EQ,INE756C01015,NAGA DHUNSERI GROUP LTD,3950.0,3950.0,3822.0,3845.5,3891.6,-1.18,55,211502.5
2025-09-29,NDL,EQ,INE875G01048,NANDAN DENIM LIMITED,3.4,3.4,3.34,3.35,3.37,-0.59,2368555,7934659.02
2025-09-29,NDLVENTURE,EQ,INE353A01023,NDL VENTURES LIMITED,80.5,83.92,80.5,81.6,83.03,-1.72,4337,353899.19
2025-09-29,NDRAUTO,EQ,INE07OG01012,NDR AUTO COMPONENTS LTD,1041.9,1044.5,1024.0,1029.8,1030.3,-0.05,23206,23897539.93
2025-09-29,NDTV,EQ,INE155G01029,NDTV LTD,120.0,121.14,116.0,117.09,119.02,-1.62,65645,7686372.81
2025-09-29,NECLIFE,EQ,INE023H01027,NECTAR LIFESCIENCES LTD.,14.7,14.7,14.4,14.7,14.42,1.94,492337,7237353.81
2025-09-29,NELCAST,EQ,INE189I01024,NELCAST LIMITED,136.12,137.41,127.0,128.21,138.3,-7.3,272558,34944663.01
2025-09-29,NELCO,EQ,INE045B01015,NELCO LTD,855.0,868.25,843.0,845.9,858.75,-1.5,51877,43882755.57
2025-09-29,NEOGEN,EQ,INE136S01016,NEOGEN CHEMICALS LIMITED,1510.3,1529.9,1495.3,1500.8,1519.2,-1.21,28265,42420113.38
2025-09-29,NESCO,EQ,INE317F01035,NESCO LTD.,1369.1,1371.9,1312.5,1318.6,1369.2,-3.7,204626,269819838.6
2025-09-29,NESTLEIND,EQ,INE239A01024,NESTLE INDIA LIMITED,1160.0,1162.1,1149.2,1152.5,1162.6,-0.87,2130382,2455265255.0
2025-09-29,NETF,EQ,INF277K015R5,TATAAML - NETF,258.98,268.99,258.98,266.32,265.63,0.26,1473,392289.37
2025-09-29,NETWEB,EQ,INE0NT901020,NETWEB TECH INDIA LTD,3700.0,3720.0,3526.0,3585.0,3695.4,-2.99,2135778,7656764130.0
2025-09-29,NETWORK18,EQ,INE870H01013,NETWORK18 MEDIA & INV LTD,51.94,54.21,50.5,51.59,51.68,-0.17,11208134,578227634.77
2025-09-29,NEULANDLAB,EQ,INE794A01010,NEULAND LAB LTD.,14000.0,14550.0,13999.0,14433.0,13966.0,3.34,68275,985413075.0
2025-09-29,NEWGEN,EQ,INE619B01017,NEWGEN SOFTWARE TECH LTD,889.95,890.05,875.1,876.95,888.6,-1.31,210034,184189318.86
2025-09-29,NEXT30ADD,EQ,INF740KA1VE5,DSPAMC - NEXT30ADD,38.75,38.81,38.49,38.65,38.51,0.36,1925,74401.25
2025-09-29,NEXT50,EQ,INF769K01FN2,MIRAEAMC - MANXT50,709.73,709.73,688.87,695.25,689.06,0.9,12519,8703834.75
2025-09-29,NEXT50IETF,EQ,INF109KC1NS5,ICICIPRAMC - ICICINXT50,71.4,71.4,70.57,71.19,70.57,0.88,465773,33158381.01
2025-09-29,NEXTMEDIA,EQ,INE747B01016,NEXT MEDIAWORKS LIMITED,6.21,6.84,6.21,6.3,6.24,0.96,21289,134120.7
2025-09-29,NFL,EQ,INE870D01012,NATIONAL FERT. LTD,92.2,92.99,91.29,92.46,92.27,0.21,900639,83273081.12
2025-09-29,NGIL,EQ,INE236Y01012,NAKODA GROUP OF IND. LTD,29.85,30.09,28.9,29.47,29.28,0.65,109066,3214174.95
2025-09-29,NGLFINE,EQ,INE887E01022,NGL FINE CHEM LIMITED,1388.5,1421.9,1386.6,1415.3,1388.5,1.93,1553,2197960.98
2025-09-29,NH,EQ,INE410P01011,NARAYANA HRUDAYALAYA LTD.,1740.0,1785.0,1721.3,1772.8,1725.0,2.77,401359,711529254.8
2025-09-29,NHPC,EQ,INE848E01016,NHPC LTD,83.7,86.14,83.63,85.87,83.64,2.67,20054016,1722038409.0
2025-09-29,NIACL,EQ,INE470Y01017,THE NEW INDIA ASSU CO LTD,189.9,193.28,185.75,188.07,187.89,0.1,738707,138928630.9
2025-09-29,NIBE,EQ,INE149O01018,NIBE LIMITED,1407.0,1447.8,1386.1,1439.2,1378.9,4.37,334897,481983746.05
2025-09-29,NIBL,EQ,INE047O01014,NRB INDUS. BEARINGS LTD.,27.0,28.6,27.0,27.97,27.66,1.12,10136,283503.91
2025-09-29,NIF100BEES,EQ,INF204K014N5,NIP IND ETF NIFTY 100,267.69,269.5,266.87,267.93,267.69,0.09,37507,10049250.24
2025-09-29,NIF100IETF,EQ,INF109KC16V9,ICICI PRUD NIFTY 100 ETF,28.99,28.99,28.07,28.17,28.15,0.07,92164,2596259.89
2025-09-29,NIFTY1,EQ,INF174K014P6,KOTAK NIFTY ETF,271.1,272.98,270.5,271.18,271.1,0.03,54538,14789614.44
2025-09-29,NIFTYADD,EQ,INF740KA1CL0,DSPAMC - DSPNIFTY,258.72,259.08,256.93,257.36,257.43,-0.03,11509,2961956.07
2025-09-29,NIFTYAXIS,EQ,INF846K01W98,AXISAMC-NIFTYAXIS,271.54,272.36,270.2,270.7,270.79,-0.03,9277,2511284.01
2025-09-29,NIFTYBEES,EQ,INF204KB14I2,NIP IND ETF NIFTY BEES,279.99,280.25,278.19,278.54,278.74,-0.07,4201038,1170157160.42
2025-09-29,NIFTYBETF,EQ,INF0QA701722,BFAM - NIFTYBETF,255.6,255.6,251.43,251.74,251.85,-0.04,2883,725766.44
2025-09-29,NIFTYETF,EQ,INF769K01EG9,MIRAEAMC - MAN50ETF,267.24,267.5,265.2,265.49,266.3,-0.3,176574,46878629.54
2025-09-29,NIFTYIETF,EQ,INF109K012R6,ICICI PRUD NIFTY ETF,279.5,279.5,276.63,277.23,277.24,-0.0,570376,158125344.75
2025-09-29,NIFTYQLITY,EQ,INF209KB15K4,BIRLASLAMC - NIFTYQLITY,21.32,21.38,21.02,21.11,21.22,-0.52,42059,887865.52
2025-09-29,NIITLTD,EQ,INE161A01038,NIIT LIMITED,105.55,106.21,104.79,105.26,105.5,-0.23,297770,31343270.84
2025-09-29,NIITMTS,EQ,INE342G01023,NIIT LEARNING SYSTEMS LTD,329.1,333.55,328.0,331.3,329.1,0.67,84667,28050176.07
2025-09-29,NILAINFRA,EQ,INE937C01029,NILA INFRASTRUCTURES LTD,10.21,11.55,10.06,10.29,9.95,3.42,666590,6859211.07
2025-09-29,NILASPACES,EQ,INE00S901012,NILA SPACES LIMITED,19.0,19.39,17.01,18.06,18.47,-2.22,2604215,47032121.51
2025-09-29,NILKAMAL,EQ,INE310A01015,NILKAMAL LIMITED,1558.0,1558.0,1536.7,1539.5,1549.8,-0.66,1661,2557109.5
2025-09-29,NINSYS,EQ,INE395U01014,NINTEC SYSTEMS LIMITED,436.0,444.95,432.55,440.4,437.6,0.64,3371,1484588.38
2025-09-29,NIPPOBATRY,EQ,INE567A01028,INDO-NATIONAL LIMITED,469.7,469.7,443.9,450.3,450.55,-0.06,1331,599349.28
2025-09-29,NIRAJ,EQ,INE368I01016,NIRAJ CEMENT STRUC LTD,45.2,47.2,45.05,45.53,45.42,0.24,13496,614472.86
2025-09-29,NITCO,EQ,INE858F01012,NITCO LIMITED,112.05,114.99,108.4,110.15,112.05,-1.7,692967,76330316.11
2025-09-29,NITINSPIN,EQ,INE229H01012,NITIN SPINNERS LIMITED,330.25,350.0,326.3,339.95,330.05,3.0,51831,17619949.08
2025-09-29,NITIRAJ,EQ,INE439T01012,NITIRAJ ENGINEERS LTD,200.01,205.0,200.0,200.14,202.43,-1.13,775,155108.5
2025-09-29,NIVABUPA,EQ,INE995S01015,NIVA BUPA HEALTH INS CO L,80.45,83.5,79.83,83.18,80.47,3.37,2452948,204036215.39
2025-09-29,NLCINDIA,EQ,INE589A01014,NLC INDIA LIMITED,280.3,287.47,276.08,284.7,279.53,1.85,5984519,1703792632.35
2025-09-29,NMDC,EQ,INE584A01023,NMDC LTD.,75.24,76.2,74.54,75.03,74.99,0.05,15751009,1181798186.04
2025-09-29,NOCIL,EQ,INE163A01018,NOCIL LIMITED,176.99,177.99,171.76,172.99,176.96,-2.24,973509,168407327.26
2025-09-29,NOIDATOLL,EQ,INE781B01015,NOIDA TOLL BRIDGE CO LTD,3.94,4.22,3.91,4.08,4.02,1.49,21326,87010.08
2025-09-29,NORBTEAEXP,EQ,INE369C01017,NORBEN TEA & EXPORTS LTD,54.0,54.0,51.94,54.0,53.0,1.89,3179,171666.0
2025-09-29,NORTHARC,EQ,INE850M01015,NORTHERN ARC CAPITAL LTD,263.0,270.81,259.31,268.24,262.31,2.26,918636,246414911.67
2025-09-29,NOVAAGRI,EQ,INE02H701025,NOVA AGRITECH LIMITED,47.82,48.2,47.0,47.23,47.81,-1.21,69568,3285696.61
2025-09-29,NPBET,EQ,INF277K010X4,TATAAML - NPBET,272.34,275.59,271.43,274.09,273.95,0.05,146,40017.14
2025-09-29,NPST,EQ,INE0FFK01017,NETWORK PEOPLE SRV TECH L,1917.0,1949.9,1878.8,1899.8,1912.2,-0.65,5755,10933349.28
2025-09-29,NRAIL,EQ,INE740D01017,N R AGARWAL INDS LTD,404.0,440.0,380.05,422.55,385.0,9.75,56326,23800550.61
2025-09-29,NRBBEARING,EQ,INE349A01021,NRB BEARING LIMITED,279.95,281.3,276.05,277.75,279.8,-0.73,92517,25696596.75
2025-09-29,NSIL,EQ,INE023A01030,NALWA SONS INVESTMENT LTD,7373.0,7440.0,7300.5,7364.0,7336.5,0.37,5636,41503504.0
2025-09-29,NSLNISP,EQ,INE0NNS01018,NMDC STEEL LIMITED,45.0,45.95,44.35,44.53,44.86,-0.74,3464725,154284200.02
2025-09-29,NTPC,EQ,INE733E01010,NTPC LTD,339.1,343.75,338.0,340.95,337.9,0.9,16922231,5769634866.02
2025-09-29,NTPCGREEN,EQ,INE0ONG01011,NTPC GREEN ENERGY LIMITED,100.0,100.48,96.86,97.12,99.38,-2.27,7277172,706758964.63
2025-09-29,NUCLEUS,EQ,INE096B01018,NUCLEUS SOFTWARE EXPORTS,1004.4,1017.0,994.8,1000.2,998.4,0.18,12818,12820563.76
2025-09-29,NUVAMA,EQ,INE531F01023,NUVAMA WEALTH MANAGE LTD,1234.8,1259.8,1222.0,1257.4,1223.0,2.81,704505,885844604.2
2025-09-29,NUVOCO,EQ,INE118D01016,NUVOCO VISTAS CORP LTD,419.95,432.95,410.6,422.75,419.9,0.68,1382043,584258678.25
2025-09-29,NV20,EQ,INF174KA1ZE1,KOTAKMAMC - KTKNV20ETF,145.52,147.58,145.38,146.61,145.44,0.8,12582,1844647.03
2025-09-29,NV20BEES,EQ,INF204KB18I3,NIP IND ETF ETF NV20,147.98,147.98,145.75,146.1,146.23,-0.09,10645,1555234.56
2025-09-29,NV20IETF,EQ,INF109KC11V0,ICICI PRUDENTIAL NV20 ETF,13.88,14.38,13.88,14.19,14.24,-0.35,500964,7108678.95
2025-09-29,NYKAA,EQ,INE388Y01029,FSN E COMMERCE VENTURES,230.0,234.8,230.0,231.35,230.62,0.32,3074483,711281660.82
2025-09-29,OAL,EQ,INE959C01023,ORIENTAL AROMATICS LTD,336.0,336.0,325.0,326.55,336.15,-2.86,8788,2869721.29
2025-09-29,OBCL,EQ,INE426Z01016,OBCL LIMITED,54.6,56.0,54.6,55.82,55.14,1.23,4436,247617.52
2025-09-29,OBEROIRLTY,EQ,INE093I01010,OBEROI REALTY LIMITED,1581.0,1610.2,1574.2,1600.8,1577.7,1.46,449206,719088986.73
2025-09-29,ODIGMA,EQ,INE054301028,ODIGMA CONSULTANCY SOL L,43.37,43.37,43.37,43.37,45.66,-5.02,10361,449356.56
2025-09-29,OFSS,EQ,INE881D01027,ORACLE FIN SERV SOFT LTD.,8570.5,8598.5,8425.5,8453.5,8515.0,-0.72,108039,913307686.5
2025-09-29,OIL,EQ,INE274J01014,OIL INDIA LTD,418.0,423.0,415.0,417.25,410.25,1.71,4207568,1755607748.0
2025-09-29,OILIETF,EQ,INF109KC18W3,ICICIPRAMC - OILIETF,11.56,11.56,11.29,11.45,11.28,1.51,3676538,42096359.4
2025-09-29,OLAELEC,EQ,INE0LXG01040,OLA ELECTRIC MOBILITY LTD,54.75,54.88,53.1,54.24,54.92,-1.24,21340221,1157493622.86
2025-09-29,OLECTRA,EQ,INE260D01016,OLECTRA GREENTECH LIMITED,1559.0,1595.0,1553.3,1570.6,1553.6,1.09,506785,795956508.63
2025-09-29,OMAXAUTO,EQ,INE090B01011,OMAX AUTOS LTD,142.57,145.89,138.05,140.0,142.57,-1.8,17872,2502080.0
2025-09-29,OMAXE,EQ,INE800H01010,OMAXE LIMITED,82.85,83.5,80.01,80.45,82.85,-2.9,109678,8823594.77
2025-09-29,OMINFRAL,EQ,INE239D01028,OM INFRA LIMITED,134.0,135.0,127.5,131.76,134.16,-1.79,275779,36336639.53
2025-09-29,ONEPOINT,EQ,INE840Y01029,ONE POINT ONE SOL LTD,44.25,45.3,43.1,44.75,43.85,2.05,469131,20993612.25
2025-09-29,ONESOURCE,EQ,INE013P01021,ONESOURCE SPECL PHARMA L,1805.9,1828.9,1758.6,1798.4,1789.8,0.48,650118,1169172227.07
2025-09-29,ONGC,EQ,INE213A01029,OIL AND NATURAL GAS CORP.,239.0,241.16,238.17,239.98,238.02,0.82,10631271,2551292369.16
2025-09-29,ONIDA,EQ,INE831A01028,ONIDA ELECTRONICS LIMITED,24.99,25.44,24.5,24.75,24.44,1.27,481309,11912397.75
2025-09-29,ONWARDTEC,EQ,INE229A01017,ONWARD TECHNOLOGIES LTD,290.3,292.5,282.5,290.5,290.3,0.07,4537,1317998.5
2025-09-29,OPTIEMUS,EQ,INE350C01017,OPTIEMUS INFRACOM LTD,658.0,663.45,633.75,637.4,656.6,-2.92,331940,211578564.1
2025-09-29,ORCHASP,EQ,INE215B01022,ORCHASP LIMITED,2.62,2.69,2.57,2.68,2.57,4.28,1018495,2729566.67
2025-09-29,ORCHPHARMA,EQ,INE191A01027,ORCHID PHARMA LIMITED,721.45,729.65,706.0,710.45,721.45,-1.52,40683,28903237.85
2025-09-29,ORICONENT,EQ,INE730A01022,ORICON ENTERPRISES LTD,54.9,54.9,53.0,53.09,53.7,-1.14,268671,14263743.43
2025-09-29,ORIENTALTL,EQ,INE998H01012,ORIENTAL TRIMEX LTD,10.06,10.68,10.06,10.46,10.06,3.98,473066,4948270.38
2025-09-29,ORIENTBELL,EQ,INE607D01018,ORIENT BELL LIMITED,299.15,306.75,288.9,291.3,296.85,-1.87,8333,2427402.8
2025-09-29,ORIENTCEM,EQ,INE876N01018,ORIENT CEMENT LTD.,225.95,226.39,217.7,218.83,225.01,-2.75,804145,175971051.82
2025-09-29,ORIENTCER,EQ,INE569C01020,ORIENT CERATECH LIMITED,36.21,36.98,35.76,36.08,36.87,-2.14,121049,4367448.14
2025-09-29,ORIENTELEC,EQ,INE142Z01019,ORIENT ELECTRIC LIMITED,201.98,202.1,193.47,195.3,200.18,-2.44,117026,22855178.16
2025-09-29,ORIENTHOT,EQ,INE750A01020,ORIENT HOTELS LTD,132.14,132.95,129.23,129.95,132.13,-1.65,206871,26882885.82
2025-09-29,ORIENTPPR,EQ,INE592A01026,ORIENT PAPER AND INDS LTD,26.66,27.3,26.65,26.81,26.86,-0.19,303412,8134475.56
2025-09-29,ORIENTTECH,EQ,INE0PPK01015,ORIENT TECHNOLOGIES LTD,316.45,328.73,313.77,319.32,314.95,1.39,499139,159384155.18
2025-09-29,ORISSAMINE,EQ,INE725E01024,ORISSA MIN DEV CO LTD,4820.0,4868.6,4611.0,4661.5,4817.1,-3.23,32160,149913840.0
2025-09-29,ORTINGLOBE,EQ,INE749B01020,ORTIN GLOBAL LIMITED,11.2,11.2,11.17,11.2,11.4,-1.75,1846,20675.2
2025-09-29,OSWALAGRO,EQ,INE142A01012,OSWAL AGRO MILLS LTD,71.9,72.96,69.12,69.78,71.6,-2.54,67910,4738759.72
2025-09-29,OSWALGREEN,EQ,INE143A01010,OSWAL GREENTECH LIMITED,38.66,38.67,37.3,37.49,37.89,-1.06,118185,4430755.85
2025-09-29,OSWALPUMPS,EQ,INE0BYP01024,OSWAL PUMPS LIMITED,727.9,744.65,725.1,730.4,724.6,0.8,385898,281859908.62
2025-09-29,OSWALSEEDS,EQ,INE00IK01029,SHREEOSWAL S AND CHE LTD,14.86,15.59,14.86,15.44,15.59,-0.96,19052,294162.87
2025-09-29,PAGEIND,EQ,INE761H01022,PAGE INDUSTRIES LTD,41240.0,41820.0,40730.0,41085.0,41240.0,-0.38,48213,1980831105.0
2025-09-29,PAISALO,EQ,INE420C01059,PAISALO DIGITAL LIMITED,37.9,37.95,36.41,36.81,37.89,-2.85,13818841,508671556.19
2025-09-29,PAKKA,EQ,INE551D01018,PAKKA LIMITED,151.02,154.69,150.8,151.25,152.16,-0.6,44566,6740607.5
2025-09-29,PALASHSECU,EQ,INE471W01019,PALASH SECURITIES LTD,116.53,120.0,115.51,119.71,115.23,3.89,8189,980305.18
2025-09-29,PALREDTEC,EQ,INE218G01033,PALRED TECHNOLOGIES LTD,50.09,50.09,48.62,49.44,49.11,0.67,1046,51714.24
2025-09-29,PANACEABIO,EQ,INE922B01023,PANACEA BIOTEC LTD,409.9,409.9,401.75,406.05,404.65,0.35,77768,31577695.45
2025-09-29,PANAMAPET,EQ,INE305C01029,PANAMA PETROCHEM LTD,280.5,287.25,274.5,284.25,279.05,1.86,110248,31337994.0
2025-09-29,PANSARI,EQ,INE697V01011,PANSARI DEVELOPERS LTD,280.0,285.9,262.55,283.4,272.5,4.0,13991,3965049.31
2025-09-29,PARACABLES,EQ,INE074B01023,PARAMOUNT COMM LTD,44.59,46.2,44.19,44.58,44.58,0.0,382133,17035489.84
2025-09-29,PARADEEP,EQ,INE088F01024,PARADEEP PHOSPHATES LTD,184.77,196.79,182.35,194.45,182.45,6.58,26068216,5068964521.65
2025-09-29,PARAGMILK,EQ,INE883N01014,PARAG MILK FOODS LTD.,268.6,273.7,261.23,263.51,269.67,-2.28,592399,156103066.28
2025-09-29,PARAS,EQ,INE045601023,PARAS DEF AND SPCE TECH L,697.35,709.8,666.0,670.8,694.8,-3.45,698253,468388103.88
2025-09-29,PARASPETRO,EQ,INE162C01024,PARAS PETROFILS LTD.,2.44,2.44,2.36,2.41,2.44,-1.23,87244,210258.05
2025-09-29,PARKHOTELS,EQ,INE988S01028,PARKHOTELS,148.25,150.01,143.8,145.96,149.99,-2.69,937328,136812401.17
2025-09-29,PASHUPATI,EQ,INE124Y01028,PASHUPATI COTSPIN LIMITED,70.08,70.7,67.5,69.82,70.51,-0.99,4870,339999.06
2025-09-29,PASUPTAC,EQ,INE818B01023,PASUPATI ACRYLON LIMITED,45.3,47.2,45.23,45.93,45.32,1.35,37962,1743594.67
2025-09-29,PATANJALI,EQ,INE619A01035,PATANJALI FOODS LIMITED,590.0,603.1,587.8,597.1,589.0,1.38,615370,367437411.98
2025-09-29,PATELENG,EQ,INE244B01030,PATEL ENGINEERING LTD.,37.99,37.99,36.81,36.96,37.33,-0.99,1984387,73342941.7
2025-09-29,PATELRMART,EQ,INE0R8B01010,PATEL RETAIL LIMITED,223.0,238.4,221.3,234.0,222.65,5.1,485741,113663394.0
2025-09-29,PAVNAIND,EQ,INE07S101038,PAVNA INDUSTRIES LIMITED,37.3,39.0,37.3,37.6,37.25,0.94,102034,3836478.24
2025-09-29,PAYTM,EQ,INE982J01020,ONE 97 COMMUNICATIONS LTD,1130.0,1145.0,1111.5,1119.0,1125.2,-0.55,3429191,3837264729.0
2025-09-29,PCBL,EQ,INE602A01031,PCBL CHEMICAL LIMITED,378.0,380.45,373.0,374.5,375.05,-0.15,339652,127199674.0
2025-09-29,PCJEWELLER,EQ,INE785M01021,PC JEWELLER LTD,12.38,12.38,12.02,12.27,12.15,0.99,69686274,855050613.88
2025-09-29,PDMJEPAPER,EQ,INE865T01018,PUDUMJEE PAPER PRO. LTD,120.0,120.5,117.0,118.78,117.64,0.97,79193,9406544.44
2025-09-29,PDSL,EQ,INE111Q01021,PDS LIMITED,324.0,324.0,311.25,313.15,324.15,-3.39,141464,44299450.74
2025-09-29,PEARLPOLY,EQ,INE844A01013,PEARL POLYMERS LTD,30.02,30.02,28.85,29.32,29.29,0.1,23288,682804.15
2025-09-29,PENIND,EQ,INE932A01024,PENNAR INDUSTRIES LTD,235.99,240.7,233.5,235.91,235.22,0.29,334634,78943508.17
2025-09-29,PENINLAND,EQ,INE138A01028,PENINSULA LAND LIMITED,33.23,33.28,31.41,31.71,32.98,-3.85,352446,11176062.34
2025-09-29,PERSISTENT,EQ,INE262H01021,PERSISTENT SYSTEMS LTD,4980.0,4980.0,4854.0,4870.5,4951.0,-1.63,597302,2909159391.0
2025-09-29,PETRONET,EQ,INE347G01014,PETRONET LNG LIMITED,268.1,280.3,267.45,278.55,266.9,4.36,10076944,2806932628.19
2025-09-29,PFC,EQ,INE134E01011,POWER FIN CORP LTD.,399.0,407.65,398.5,406.45,397.3,2.3,3646754,1482223207.82
2025-09-29,PFIZER,EQ,INE182A01018,PFIZER LTD,4933.0,4997.0,4857.5,4905.5,4931.0,-0.52,15596,76506178.0
2025-09-29,PFOCUS,EQ,INE367G01038,PRIME FOCUS LIMITED,184.4,188.0,181.51,185.2,183.41,0.98,2051385,379916495.74
2025-09-29,PFS,EQ,INE560K01014,PTC INDIA FIN SERV LTD,35.38,35.49,34.85,35.17,35.3,-0.37,832334,29273185.26
2025-09-29,PGEL,EQ,INE457L01029,PG ELECTROPLAST LTD,522.8,526.15,496.75,504.7,514.65,-1.93,7061220,3563797820.2
2025-09-29,PGHH,EQ,INE179A01014,P&G HYGIENE & HEALTH CARE,13648.0,14434.0,13511.0,14214.0,13648.0,4.15,77338,1099282332.0
2025-09-29,PGHL,EQ,INE199A01012,PROCTER & GAMBLE HEALTH L,6320.0,6339.0,6238.5,6301.5,6288.5,0.21,4589,28917583.5
2025-09-29,PGIL,EQ,INE940H01022,PEARL GLOBAL IND LIMITED,640.8,660.0,616.55,621.65,640.25,-2.91,229152,142452346.39
2025-09-29,PHARMABEES,EQ,INF204KC1089,NIPPONAMC - NETFPHARMA,21.9,22.3,21.9,22.02,22.05,-0.14,5233420,115239910.8
2025-09-29,PHOENIXLTD,EQ,INE211B01039,THE PHOENIX MILLS LTD,1554.0,1580.8,1543.0,1548.8,1540.4,0.55,531255,822807769.94
2025-09-29,PICCADIL,EQ,INE546C01010,PICCADILY AGRO INDUSTRI L,680.0,688.2,667.4,678.3,672.6,0.85,86288,58529149.35
2025-09-29,PIDILITIND,EQ,INE318A01026,PIDILITE INDUSTRIES LTD,1479.0,1486.2,1459.8,1466.8,1474.8,-0.54,984535,1444115986.07
2025-09-29,PIGL,EQ,INE557Z01018,POWER INSTRUMENT (G) LTD,182.8,189.7,171.81,171.81,180.86,-5.0,148154,25454338.38
2025-09-29,PIIND,EQ,INE603J01030,PI INDUSTRIES LTD,3509.0,3593.0,3471.0,3492.3,3487.6,0.13,127227,444314858.31
2025-09-29,PILANIINVS,EQ,INE417C01014,PILANI INV & IND COR LTD,5297.0,5326.4,5222.3,5305.4,5270.4,0.66,2282,12106922.58
2025-09-29,PILITA,EQ,INE600A01035,PIL ITALICA LIFESTYLE LTD,13.69,14.12,13.69,13.8,13.66,1.02,185524,2560231.24
2025-09-29,PIONEEREMB,EQ,INE156C01018,PIONEER EMBROIDERIES LTD,35.51,36.6,35.22,35.37,35.49,-0.34,4589,162312.93
2025-09-29,PITTIENG,EQ,INE450D01021,PITTI ENGINEERING LIMITED,1010.05,1025.45,982.95,991.85,1010.05,-1.8,37379,37074360.24
2025-09-29,PIXTRANS,EQ,INE751B01018,PIX TRANSMISSIONS LIMITED,1440.3,1446.0,1431.9,1438.1,1437.9,0.01,9219,13257843.67
2025-09-29,PLASTIBLEN,EQ,INE083C01022,PLASTIBLENDS INDIA LTD,186.75,186.86,180.0,182.49,185.54,-1.64,10620,1938043.86
2025-09-29,PLATIND,EQ,INE0PT501018,PLATINUM INDUSTRIES LTD,313.85,314.85,296.65,300.2,312.55,-3.95,206156,61888033.72
2025-09-29,PLAZACABLE,EQ,INE0INJ01017,PLAZA WIRES LIMITED,56.0,56.0,52.11,53.08,55.04,-3.56,53068,2816849.54
2025-09-29,PNB,EQ,INE160A01022,PUNJAB NATIONAL BANK,107.9,110.23,107.9,109.51,107.79,1.6,16244160,1778897996.3
2025-09-29,PNBGILTS,EQ,INE859A01011,PNB GILTS LIMITED,96.01,97.87,95.55,97.18,96.27,0.95,292413,28416695.43
2025-09-29,PNBHOUSING,EQ,INE572E01012,PNB HOUSING FIN LTD.,866.9,880.0,855.0,870.05,864.1,0.69,1507691,1311766536.15
2025-09-29,PNC,EQ,INE392B01011,PNC MEDIA AND ENT LTD,31.66,32.5,30.11,30.69,31.66,-3.06,1912,58679.28
2025-09-29,PNCINFRA,EQ,INE195J01029,PNC INFRATECH LTD.,295.0,311.0,287.1,292.95,296.85,-1.31,1508405,441887263.16
2025-09-29,PNGJL,EQ,INE953R01016,P N GADGIL JEWELLERS LTD,595.0,610.0,592.0,604.8,594.95,1.66,115472,69837464.19
2025-09-29,POCL,EQ,INE063E01061,PONDY OXIDES & CHEM LTD,467.88,482.68,460.4,464.12,466.56,-0.52,831902,386102352.18
2025-09-29,PODDARMENT,EQ,INE371C01013,PODDAR PIGMENTS LIMITED,285.1,286.4,262.95,266.15,285.1,-6.65,27758,7387791.53
2025-09-29,POKARNA,EQ,INE637C01025,POKARNA LIMITED,790.95,804.9,765.0,768.25,787.6,-2.46,61963,47603074.75
2025-09-29,POLICYBZR,EQ,INE417T01026,PB FINTECH LIMITED,1694.0,1721.2,1678.7,1686.5,1677.1,0.56,1236142,2084753483.0
2025-09-29,POLYCAB,EQ,INE455K01017,POLYCAB INDIA LIMITED,7325.0,7369.5,7259.5,7278.0,7322.5,-0.61,248137,1805941086.0
2025-09-29,POLYMED,EQ,INE205C01021,POLY MEDICURE LIMITED,1974.9,1978.5,1925.1,1934.0,1959.5,-1.3,56826,109901484.0
2025-09-29,POLYPLEX,EQ,INE633B01018,POLYPLEX CORPORATION LTD,1048.7,1052.1,1035.4,1038.4,1051.4,-1.24,43166,44823575.45
2025-09-29,PONNIERODE,EQ,INE838E01017,PONNIE SUGARS (ERODE) LTD,283.75,288.5,283.75,285.7,286.15,-0.16,5848,1670773.67
2025-09-29,POONAWALLA,EQ,INE511C01022,POONAWALLA FINCORP LTD,490.25,506.2,487.25,501.5,485.25,3.35,4087102,2049681653.0
2025-09-29,POWERGRID,EQ,INE752E01010,POWER GRID CORP. LTD.,283.9,286.1,279.95,280.6,282.25,-0.58,14600560,4096917225.11
2025-09-29,POWERINDIA,EQ,INE07Y701011,HITACHI ENERGY INDIA LTD,19300.0,19718.0,18951.0,19247.0,19109.0,0.72,92371,1777864637.0
2025-09-29,POWERMECH,EQ,INE211R01019,POWER MECH PROJECTS LTD.,2686.0,2751.0,2660.0,2683.0,2684.1,-0.04,66071,177268493.0
2025-09-29,PPLPHARMA,EQ,INE0DK501011,PIRAMAL PHARMA LIMITED,189.9,193.3,187.94,191.64,187.73,2.08,5569677,1067372896.88
2025-09-29,PRABHA,EQ,INE0I0M01023,PRABHA ENERGY LIMITED,229.89,237.61,215.6,221.72,216.01,2.64,80787,17912093.74
2025-09-29,PRAENG,EQ,INE505C01016,PRAJAY ENG. SYN. LTD.,24.12,24.64,24.01,24.09,24.12,-0.12,41263,994025.68
2025-09-29,PRAJIND,EQ,INE074A01025,PRAJ INDUSTRIES LTD,350.0,351.0,340.0,341.45,348.4,-1.99,1037668,354311751.27
2025-09-29,PRAKASH,EQ,INE603A01013,PRAKASH INDUSTRIES LTD,170.19,173.29,165.58,166.21,169.84,-2.14,548121,91103195.09
2025-09-29,PRAKASHSTL,EQ,INE696K01024,PRAKASH STEELAGE LTD,5.51,5.6,5.41,5.49,5.51,-0.36,128668,706387.29
2025-09-29,PRAXIS,EQ,INE546Y01022,PRAXIS HOME RETAIL LTD,11.59,11.75,11.59,11.59,11.83,-2.03,65788,762482.93
2025-09-29,PRECAM,EQ,INE484I01029,PRECISION CAMSHAFTS LTD.,199.05,201.15,191.35,194.25,197.05,-1.42,291245,56574341.25
2025-09-29,PRECOT,EQ,INE283A01014,PRECOT LIMITED,439.7,439.7,415.05,415.05,436.9,-5.0,3283,1362609.11
2025-09-29,PRECWIRE,EQ,INE372C01037,PRECISION WIRES INDIA LTD,183.55,189.4,182.85,183.95,181.19,1.52,226111,41593117.76
2025-09-29,PREMEXPLN,EQ,INE863B01029,PREMIER EXPLOSIVES LTD,595.0,609.9,561.15,566.95,588.75,-3.7,882321,500231901.72
2025-09-29,PREMIERENE,EQ,INE0BS701011,PREMIER ENERGIES LIMITED,1031.15,1036.6,1007.65,1020.2,1028.35,-0.79,715732,730189795.14
2025-09-29,PREMIERPOL,EQ,INE309M01020,PREMIER POLYFILM LTD,47.4,47.4,45.82,46.87,45.68,2.61,34082,1597423.3
2025-09-29,PRESTIGE,EQ,INE811K01011,PRESTIGE ESTATE LTD,1505.1,1540.0,1500.8,1520.8,1507.4,0.89,822518,1250885414.56
2025-09-29,PRICOLLTD,EQ,INE726V01018,PRICOL LIMITED,541.3,547.9,533.1,537.9,540.0,-0.39,246525,132605803.52
2025-09-29,PRIMESECU,EQ,INE032B01021,PRIME SECURITIES LIMITED,271.7,272.0,265.05,266.75,270.6,-1.42,33028,8810219.0
2025-09-29,PRIMO,EQ,INE607A01022,PRIMO CHEMICALS LIMITED,24.21,24.95,24.0,24.22,24.15,0.29,47957,1161518.51
2025-09-29,PRINCEPIPE,EQ,INE689W01016,PRINCE PIPES FITTINGS LTD,329.7,332.0,321.65,323.15,329.3,-1.87,98905,31961150.15
2025-09-29,PRITI,EQ,INE974Z01015,PRITI INTERNATIONAL LTD,72.88,72.88,68.0,68.66,70.59,-2.73,26828,1842010.58
2025-09-29,PRIVISCL,EQ,INE959A01019,PRIVI SPECIALITY CHE LTD,2360.0,2493.0,2339.5,2471.9,2362.5,4.63,127471,315095552.45
2025-09-29,PROSTARM,EQ,INE0BX301013,PROSTARM INFO SYSTEMS LTD,199.25,200.5,190.95,193.66,198.12,-2.25,628045,121627197.0
2025-09-29,PROTEAN,EQ,INE004A01022,PROTEAN EGOV TECHNO LTD,901.8,901.8,877.0,880.25,897.1,-1.88,256069,225404737.25
2025-09-29,PROZONER,EQ,INE195N01013,PROZONE REALTY LIMITED,49.28,51.25,49.0,49.95,49.28,1.36,1043451,52120378.25
2025-09-29,PRSMJOHNSN,EQ,INE010A01011,PRISM JOHNSON LIMITED,164.19,164.77,160.0,160.48,163.98,-2.13,242180,38865045.37
2025-09-29,PRUDENT,EQ,INE00F201020,PRUDENT CORP ADV SER LTD,2581.0,2593.0,2512.9,2546.3,2552.8,-0.25,38147,97133707.96
2025-09-29,PSB,EQ,INE608A01012,PUNJAB & SIND BANK,28.9,29.25,28.62,29.15,28.76,1.36,3696226,107744986.49
2025-09-29,PSPPROJECT,EQ,INE488V01015,PSP PROJECTS LIMITED,780.0,782.85,752.5,759.15,773.35,-1.84,96042,72910286.64
2025-09-29,PSUBANK,EQ,INF174KA1A86,KOTAK PSU BANK,734.96,745.0,727.67,738.06,727.5,1.45,19059,14066685.49
2025-09-29,PSUBANKADD,EQ,INF740KA1SY9,DSPAMC - DSPPSBKETF,73.42,74.62,73.42,74.37,73.06,1.79,56907,4232173.75
2025-09-29,PSUBNKBEES,EQ,INF204KB16I7,NIP IND ETF PSU BANK BEES,80.25,82.74,80.25,82.53,80.99,1.9,3706277,305879036.29
2025-09-29,PSUBNKIETF,EQ,INF109KC10S8,ICICIPRAMC - PSUBANKICI,73.76,75.04,73.5,74.79,73.4,1.89,294725,22042483.02
2025-09-29,PTC,EQ,INE877F01012,PTC INDIA LIMITED,166.75,168.01,164.0,164.83,167.13,-1.38,1556968,256635038.29
2025-09-29,PTCIL,EQ,INE596F01018,PTC INDUSTRIES LIMITED,15335.0,15547.0,15120.0,15188.0,15249.0,-0.4,10358,157317304.0
2025-09-29,PTL,EQ,INE034D01049,PTL ENTERPRISES LTD,39.95,40.37,38.72,39.53,39.69,-0.4,106475,4208956.62
2025-09-29,PUNJABCHEM,EQ,INE277B01014,PUNJAB CHEM & CROP PROT L,1277.2,1329.0,1272.6,1318.8,1270.9,3.77,31522,41571215.14
2025-09-29,PURVA,EQ,INE323I01011,PURAVANKARA LIMITED,261.8,280.0,258.3,269.6,261.2,3.22,570999,153941333.89
2025-09-29,PVP,EQ,INE362A01016,PVP VENTURES LIMITED,30.01,32.0,29.56,30.46,30.73,-0.88,397273,12100935.22
2025-09-29,PVRINOX,EQ,INE191H01014,PVR INOX LIMITED,1091.1,1114.9,1091.1,1100.9,1108.5,-0.69,104237,114754515.84
2025-09-29,PVSL,EQ,INE772T01024,POPULAR VEHICLES N SER L,138.87,150.0,136.01,148.35,137.78,7.67,177879,26388350.74
2025-09-29,PVTBANIETF,EQ,INF109KC18U7,ICICIPRAMC - ICICIBANKP,26.66,26.87,26.5,26.57,26.72,-0.56,3480827,92485572.33
2025-09-29,PVTBANKADD,EQ,INF740KA1TA7,DSPAMC - DSPPVBKETF,26.92,26.98,26.72,26.81,26.89,-0.3,4398,117910.38
2025-09-29,PYRAMID,EQ,INE0MIS01010,PYRAMID TECHNOPLAST LTD,164.0,164.0,154.65,156.37,160.13,-2.35,29582,4625737.2
2025-09-29,QGOLDHALF,EQ,INF082J01408,QUANTUM GOLD ETF,95.99,101.3,95.0,96.4,94.09,2.46,142908,13776331.42
2025-09-29,QNIFTY,EQ,INF082J01499,QUANTUM NIFTY 50 ETF,2696.01,2708.0,2688.0,2689.04,2692.93,-0.14,613,1648381.54
2025-09-29,QPOWER,EQ,INE0SII01026,QUALITY POWER ELEC EQUP L,1024.0,1064.9,1013.8,1057.3,1013.45,4.33,735553,777700222.82
2025-09-29,QUADFUTURE,EQ,INE0LRY01011,QUADRANT FUTURE TEK LTD,402.0,410.75,395.6,404.1,400.95,0.79,267394,108053917.03
2025-09-29,QUAL30IETF,EQ,INF109KC18V5,ICICIPRAMC - ICICIQTY30,20.91,21.02,20.76,20.89,20.92,-0.14,49201,1027808.86
2025-09-29,QUESS,EQ,INE615P01015,QUESS CORP LIMITED,254.8,266.0,250.7,259.0,252.8,2.45,703601,182232659.0
2025-09-29,QUICKHEAL,EQ,INE306L01010,QUICK HEAL TECH LTD,297.0,308.3,297.0,300.35,304.85,-1.48,89148,26775602.34
2025-09-29,RACE,EQ,INE084Q01012,RACE ECO CHAIN LIMITED,224.92,229.34,220.0,224.21,219.33,2.22,10272,2303085.19
2025-09-29,RACLGEAR,EQ,INE704B01017,RACL GEARTECH LIMITED,1078.0,1196.5,1056.05,1136.8,1111.2,2.3,437656,497527362.17
2025-09-29,RADAAN,EQ,INE874F01027,RADAAN MEDIAWORKS (I) LTD,3.5,3.55,3.35,3.48,3.45,0.87,16033,55794.84
2025-09-29,RADIANTCMS,EQ,INE855R01021,RADIANT CASH MGMT SER LTD,54.98,55.5,51.72,53.08,54.96,-3.42,171924,9125726.23
2025-09-29,RADICO,EQ,INE944F01028,RADICO KHAITAN LTD,2894.3,2925.5,2861.7,2886.6,2882.8,0.13,143795,415078661.04
2025-09-29,RADIOCITY,EQ,INE919I01024,MUSIC BROADCAST LIMITED,8.5,8.7,8.42,8.55,8.55,0.0,86008,735368.42
2025-09-29,RAILTEL,EQ,INE0DD101019,RAILTEL CORP OF IND LTD,382.15,384.4,370.0,373.4,377.95,-1.2,1266041,472739701.67
2025-09-29,RAIN,EQ,INE855B01025,RAIN INDUSTRIES LIMITED,129.5,131.19,128.0,128.16,129.83,-1.29,658624,84409254.25
2025-09-29,RAINBOW,EQ,INE961O01016,RAINBOW CHILDRENS MED LTD,1365.0,1370.3,1330.5,1340.5,1361.8,-1.56,116015,155518107.5
2025-09-29,RAJMET,EQ,INE00KV01022,RAJNANDINI METAL LIMITED,4.65,4.7,4.56,4.6,4.7,-2.13,372309,1712621.36
2025-09-29,RAJRATAN,EQ,INE451D01029,RAJRATAN GLOBAL WIRE LTD,325.35,325.35,314.2,315.85,323.4,-2.33,58523,18484489.91
2025-09-29,RAJSREESUG,EQ,INE562B01019,RAJSHREE SUGAR & CHEMICAL,39.99,39.99,38.0,39.36,39.46,-0.25,61702,2428590.76
2025-09-29,RAJTV,EQ,INE952H01027,RAJ TV NETWORK LTD,41.3,41.3,40.7,40.88,40.66,0.54,3182,130080.16
2025-09-29,RALLIS,EQ,INE613A01020,RALLIS INDIA LTD,308.25,314.95,305.0,311.25,308.25,0.97,654455,203699118.75
2025-09-29,RAMANEWS,EQ,INE278B01020,SHREE RAMA NEWSPRINT LTD,30.55,33.0,30.55,30.93,31.38,-1.43,57589,1781227.79
2025-09-29,RAMAPHO,EQ,INE809A01032,RAMA PHOSPHATES LIMITED,153.85,153.85,146.99,147.7,153.85,-4.0,28672,4234854.31
2025-09-29,RAMCOCEM,EQ,INE331A01037,THE RAMCO CEMENTS LIMITED,1010.0,1024.8,990.0,996.9,1001.6,-0.47,428654,427325183.07
2025-09-29,RAMCOIND,EQ,INE614A01028,RAMCO INDUSTRIES LIMITED,358.05,361.3,346.1,347.25,357.35,-2.83,329933,114569234.25
2025-09-29,RAMCOSYS,EQ,INE246B01019,RAMCO SYSTEMS LTD.,493.55,520.6,483.35,490.05,496.1,-1.22,73836,36183330.9
2025-09-29,RAMKY,EQ,INE874I01013,RAMKY INFRA LTD,577.9,584.9,562.8,566.85,572.65,-1.01,43154,24461843.85
2025-09-29,RAMRAT,EQ,INE207E01023,RAM RATNA WIRES LIMITED,324.0,324.5,310.0,312.73,321.48,-2.72,138186,43214217.69
2025-09-29,RANASUG,EQ,INE625B01014,RANA SUGARS LTD.,14.16,14.51,14.16,14.19,14.24,-0.35,78900,1119590.97
2025-09-29,RANEHOLDIN,EQ,INE384A01010,RANE HOLDINGS LIMITED,1610.0,1622.4,1570.0,1575.6,1609.5,-2.11,11367,17909844.92
2025-09-29,RATEGAIN,EQ,INE0CLI01024,RATEGAIN TRAVEL TECHN LTD,648.0,648.0,623.75,627.4,649.7,-3.43,399369,250564120.35
2025-09-29,RATNAMANI,EQ,INE703B01027,RATNAMANI MET & TUB LTD.,2413.8,2430.0,2390.0,2411.2,2413.8,-0.11,10915,26318247.47
2025-09-29,RATNAVEER,EQ,INE05CZ01011,RATNAVEER PRECISION ENG L,160.1,162.67,156.0,160.54,163.48,-1.8,983451,157883216.94
2025-09-29,RAYMOND,EQ,INE301A01014,RAYMOND LTD,609.0,609.0,570.0,575.25,607.15,-5.25,767918,441744829.5
2025-09-29,RAYMONDLSL,EQ,INE02ID01020,RAYMOND LIFESTYLE LIMITED,1205.7,1210.4,1142.7,1156.4,1205.7,-4.09,374091,432598841.53
2025-09-29,RAYMONDREL,EQ,INE1SY401010,RAYMOND REALTY LIMITED,623.7,623.7,585.15,589.2,612.9,-3.87,237177,139744691.3
2025-09-29,RBA,EQ,INE07T201019,RESTAURANT BRAND ASIA LTD,80.0,80.0,77.57,77.79,79.2,-1.78,993987,77322249.64
2025-09-29,RBLBANK,EQ,INE976G01028,RBL BANK LIMITED,274.0,279.85,273.1,277.8,272.35,2.0,9385811,2607378181.23
2025-09-29,RCF,EQ,INE027A01015,RASHTRIYA CHEMICALS & FER,145.0,147.12,143.25,144.95,143.75,0.83,1076261,156004028.67
2025-09-29,RECLTD,EQ,INE020B01018,REC LIMITED,367.5,373.8,367.25,372.0,367.4,1.25,4447861,1654604292.0
2025-09-29,REDINGTON,EQ,INE891D01026,REDINGTON LIMITED,268.75,299.89,262.55,291.24,264.83,9.97,17615667,5130386685.05
2025-09-29,REDTAPE,EQ,INE0LXT01019,REDTAPE LIMITED,156.5,156.5,140.47,143.52,146.49,-2.03,1793040,257337108.46
2025-09-29,REFEX,EQ,INE056I01025,REFEX INDUSTRIES LIMITED,373.8,375.75,357.25,359.65,372.8,-3.53,400987,144214972.1
2025-09-29,REGAAL,EQ,INE0MHO01029,REGAAL RESOURCES LIMITED,90.0,91.0,87.61,88.91,89.7,-0.88,1123611,99900258.12
2025-09-29,REGENCERAM,EQ,INE277C01012,REGENCY CERAMICS LTD.,41.07,43.7,41.07,42.82,41.07,4.26,3711,158905.02
2025-09-29,RELAXO,EQ,INE131B01039,RELAXO FOOT LTD.,433.95,473.1,426.8,448.5,430.25,4.24,1161127,520765459.5
2025-09-29,RELCHEMQ,EQ,INE750D01016,RELIANCE CHEMOTEX IND LTD,161.0,161.01,154.02,155.52,155.74,-0.14,9274,1442292.52
2025-09-29,RELIABLE,EQ,INE375Y01018,RELIABLE DATA SERVICE LTD,125.0,126.98,121.5,122.85,121.88,0.8,9574,1176165.89
2025-09-29,RELIANCE,EQ,INE002A01018,RELIANCE INDUSTRIES LTD,1381.6,1389.0,1368.0,1372.8,1377.6,-0.35,14231999,19537688922.12
2025-09-29,RELIGARE,EQ,INE621H01010,RELIGARE ENTER. LTD.,252.25,256.98,251.1,252.59,251.98,0.24,816336,206198307.25
2025-09-29,RELTD,EQ,INE206N01018,RAVINDRA ENERGY LIMITED,167.9,167.9,158.57,159.65,163.97,-2.63,148634,23729417.19
2025-09-29,REMSONSIND,EQ,INE474C01023,REMSONS INDUSTRIES LTD,122.88,123.85,117.06,119.03,121.9,-2.35,103925,12370192.62
2025-09-29,RENUKA,EQ,INE087H01022,SHREE RENUKA SUGARS LTD,30.24,31.77,29.3,30.1,30.24,-0.46,13298265,400277781.57
2025-09-29,REPCOHOME,EQ,INE612J01015,REPCO HOME FINANCE LTD,355.15,358.4,351.0,354.75,353.3,0.41,73850,26198287.5
2025-09-29,REPRO,EQ,INE461B01014,REPRO INDIA LIMITED,450.4,451.0,421.05,426.8,449.15,-4.98,8565,3655541.9
2025-09-29,RESPONIND,EQ,INE688D01026,RESPONSIVE INDUSTRIES LTD,193.33,193.33,176.6,178.1,192.11,-7.29,287635,51227795.26
2025-09-29,RETAIL,EQ,INE03DD01011,JHS SVENDGAARD RETAIL V L,36.0,36.0,33.66,35.24,34.58,1.91,10842,382072.1
2025-09-29,RGL,EQ,INE722H01024,RENAISSANCE GLOBAL LTD,113.15,116.25,111.66,112.29,113.76,-1.29,1252988,140698023.67
2025-09-29,RHETAN,EQ,INE0KKN01029,RHETAN TMT LIMITED,22.1,22.25,21.25,21.4,21.29,0.52,1481639,31707074.03
2025-09-29,RHIM,EQ,INE743M01012,RHI MAGNESITA INDIA LTD,445.3,451.0,440.0,442.3,443.35,-0.24,83101,36755571.29
2025-09-29,RHL,EQ,INE508K01013,ROBUST HOTELS LIMITED,250.05,255.0,248.95,249.35,251.25,-0.76,4393,1095394.58
2025-09-29,RICOAUTO,EQ,INE209B01025,RICO AUTO INDUSTRIES LTD,93.5,95.36,92.5,93.96,93.26,0.75,1101458,103492992.67
2025-09-29,RIIL,EQ,INE046A01015,RELIANCE INDUSTRIAL INFRA,871.9,883.5,865.1,869.05,864.3,0.55,59598,51793641.17
2025-09-29,RISHABH,EQ,INE0N2P01017,RISHABH INSTRUMENTS LTD,397.5,399.95,377.65,384.4,397.5,-3.3,35411,13611988.18
2025-09-29,RITCO,EQ,INE01EG01016,RITCO LOGISTICS LIMITED,268.6,268.6,256.6,260.0,264.0,-1.52,134699,35021740.0
2025-09-29,RITES,EQ,INE320J01015,RITES LIMITED,249.0,252.33,246.7,248.07,248.31,-0.1,1825080,452747608.97
2025-09-29,RKDL,EQ,INE722J01012,RAVI KUMAR DIST. LTD.,27.75,27.75,27.26,27.49,27.37,0.44,4605,126591.45
2025-09-29,RKEC,EQ,INE786W01010,RKEC PROJECTS LIMITED,76.35,76.93,71.5,71.91,76.24,-5.68,85399,6141042.4
2025-09-29,RKFORGE,EQ,INE399G01023,RAMKRISHNA FORGINGS LTD,534.8,539.0,513.2,519.85,532.75,-2.42,851002,442393368.92
2025-09-29,RKSWAMY,EQ,INE0NQ801033,R K SWAMY LIMITED,146.1,149.0,142.0,142.94,145.48,-1.75,20627,2948423.43
2025-09-29,RML,EQ,INE050H01012,RANE (MADRAS) LIMITED,815.1,827.9,811.0,815.25,818.25,-0.37,8683,7078815.75
2025-09-29,ROHLTD,EQ,INE283H01019,ROYAL ORCHID HOTELS LTD,521.9,525.6,515.2,521.6,520.3,0.25,93119,48570868.13
2025-09-29,ROLEXRINGS,EQ,INE645S01024,ROLEX RINGS LIMITED,133.41,133.75,131.0,131.33,132.74,-1.06,260950,34270563.98
2025-09-29,ROML,EQ,INE294G01026,RAJ OIL MILLS LIMITED,47.55,49.48,47.55,48.96,48.3,1.37,1792,87736.32
2025-09-29,ROSSARI,EQ,INE02A801020,ROSSARI BIOTECH LIMITED,626.0,633.5,600.0,613.85,630.4,-2.63,163468,100344827.81
2025-09-29,ROSSELLIND,EQ,INE847C01020,ROSSELL INDIA LIMITED,63.15,64.89,63.01,63.64,63.21,0.68,10636,676875.03
2025-09-29,ROSSTECH,EQ,INE0OJW01016,ROSSELL TECHSYS LIMITED,733.8,755.35,705.0,710.65,729.55,-2.59,153762,109270969.05
2025-09-29,ROTO,EQ,INE535D01037,ROTO PUMPS LIMITED,78.79,78.79,75.0,75.08,78.01,-3.76,224581,16861541.89
2025-09-29,ROUTE,EQ,INE450U01017,ROUTE MOBILE LIMITED,810.0,819.75,780.2,787.7,799.5,-1.48,359184,282929241.18
2025-09-29,RPEL,EQ,INE912T01018,RAGHAV PRODUCTIVITY ENH L,641.0,668.05,638.5,651.65,648.1,0.55,11445,7458134.53
2025-09-29,RPGLIFE,EQ,INE105J01010,RPG LIFE SCIENCES LTD,2305.2,2330.7,2222.2,2244.3,2305.2,-2.64,7266,16307084.15
2025-09-29,RPOWER,EQ,INE614G01033,RELIANCE POWER LTD.,45.02,45.98,44.18,44.89,44.76,0.29,15371397,690022001.95
2025-09-29,RPPINFRA,EQ,INE324L01013,R.P.P INFRA PROJECTS LTD,128.6,131.24,127.5,128.32,130.39,-1.59,87287,11200668.48
2025-09-29,RPSGVENT,EQ,INE425Y01011,RPSG VENTURES LIMITED,840.0,842.75,812.8,820.45,839.85,-2.31,21929,17991648.32
2025-09-29,RPTECH,EQ,INE0J1F01024,RASHI PERIPHERALS LIMITED,316.05,324.9,315.6,322.25,315.45,2.16,97095,31288863.75
2025-09-29,RRKABEL,EQ,INE777K01022,R R KABEL LIMITED,1216.7,1247.0,1181.6,1232.5,1218.3,1.17,140576,173259920.0
2025-09-29,RSSOFTWARE,EQ,INE165B01029,R. S. SOFTWARE (INDIA) LI,70.0,72.0,69.04,69.66,71.22,-2.19,11132,775455.16
2025-09-29,RSYSTEMS,EQ,INE411H01032,R SYS INTERNATIONAL LTD,413.05,418.3,403.75,406.85,416.2,-2.25,95251,38752869.93
2025-09-29,RTNINDIA,EQ,INE834M01019,RATTANINDIA ENT LIMITED,52.96,53.77,51.11,52.02,52.18,-0.31,7856301,408684781.62
2025-09-29,RTNPOWER,EQ,INE399K01017,RATTANINDIA POWER LIMITED,11.54,11.78,11.42,11.49,11.53,-0.35,13623374,156532564.14
2025-09-29,RUBFILA,EQ,INE642C01025,RUBFILA INTERNATIONAL LTD,82.0,83.24,81.05,81.89,81.31,0.71,70118,5741962.98
2025-09-29,RUBYMILLS,EQ,INE301D01026,THE RUBY MILLS LTD,223.61,229.0,221.0,221.83,221.37,0.21,5685,1261103.56
2025-09-29,RUCHINFRA,EQ,INE413B01023,RUCHI INFRASTRUCTURE LTD,7.42,7.75,7.42,7.46,7.52,-0.8,85863,640537.98
2025-09-29,RUCHIRA,EQ,INE803H01014,RUCHIRA PAPERS LIMITED,141.99,144.48,139.31,140.66,141.22,-0.4,130370,18337844.68
2025-09-29,RUPA,EQ,INE895B01021,RUPA & COMPANY LTD,199.2,202.93,198.1,199.97,199.05,0.46,67669,13531770.01
2025-09-29,RUSHIL,EQ,INE573K01025,RUSHIL DECOR LIMITED,29.21,29.21,28.0,28.34,28.8,-1.6,518286,14688225.32
2025-09-29,RUSTOMJEE,EQ,INE263M01029,KEYSTONE REALTORS LIMITED,591.5,601.6,570.1,589.6,598.0,-1.4,24556,14478217.0
2025-09-29,RVHL,EQ,INE09E501017,RAVINDER HEIGHTS LIMITED,54.0,55.0,52.9,53.86,54.22,-0.66,12421,668995.07
2025-09-29,RVNL,EQ,INE415G01027,RAIL VIKAS NIGAM LIMITED,340.0,348.35,339.0,341.65,337.8,1.14,3972955,1357360051.5
2025-09-29,RVTH,EQ,INE0DAB01012,REVATHI EQUIPMENT INDIA L,1113.95,1169.7,1075.2,1111.45,1114.0,-0.23,1942,2158435.81
2025-09-29,S&SPOWER,EQ,INE902B01017,S&S POWER SWITCHGEARS LTD,380.9,392.75,375.15,378.4,388.55,-2.61,3210,1214663.98
2025-09-29,SAATVIKGL,EQ,INE13B501022,SAATVIK GREEN ENERGY LTD,442.25,450.4,432.85,447.0,440.7,1.43,712721,318586287.0
2025-09-29,SADBHAV,EQ,INE226H01026,SADBHAV ENGINEERING LTD,12.75,12.78,12.13,12.21,12.65,-3.48,363455,4437785.56
2025-09-29,SADBHIN,EQ,INE764L01010,SADBHAV INFRA PROJ LTD.,3.96,3.99,3.9,3.93,3.96,-0.76,115092,452311.57
2025-09-29,SAFARI,EQ,INE429E01023,SAFARI IND (INDIA) LTD,2191.2,2220.5,2173.1,2187.3,2191.2,-0.18,22520,49257997.1
2025-09-29,SAGARDEEP,EQ,INE976T01013,SAGARDEEP ALLOYS LIMITED,26.51,27.1,25.75,26.69,26.74,-0.19,9853,262976.58
2025-09-29,SAGCEM,EQ,INE229C01021,SAGAR CEMENTS LIMITED,255.5,255.5,248.5,250.0,252.1,-0.83,33246,8311500.0
2025-09-29,SAGILITY,EQ,INE0W2G01015,SAGILITY LIMITED,43.45,43.75,42.8,42.98,43.15,-0.39,12171458,523129259.27
2025-09-29,SAHYADRI,EQ,INE280H01015,SAHYADRI INDUSTRIES LTD,255.0,268.2,255.0,261.95,258.99,1.14,11996,3142352.35
2025-09-29,SAIL,EQ,INE114A01011,STEEL AUTHORITY OF INDIA,131.4,133.95,131.26,131.71,131.02,0.53,6598940,869146431.7
2025-09-29,SAILIFE,EQ,INE570L01029,SAI LIFE SCIENCES LIMITED,865.0,892.0,859.9,885.2,858.4,3.12,553033,489544818.35
2025-09-29,SAKAR,EQ,INE732S01012,SAKAR HEALTHCARE LIMITED,370.0,370.0,350.25,352.2,356.5,-1.21,11464,4037620.94
2025-09-29,SAKHTISUG,EQ,INE623A01011,SAKTHI SUGARS LTD,20.92,21.25,20.61,20.86,20.92,-0.29,79631,1661102.71
2025-09-29,SAKSOFT,EQ,INE667G01023,SAKSOFT LIMITED,200.39,203.89,197.4,198.03,199.82,-0.9,137980,27324179.23
2025-09-29,SAKUMA,EQ,INE190H01024,SAKUMA EXPORTS LIMITED,2.54,2.54,2.47,2.48,2.5,-0.8,1247171,3092984.1
2025-09-29,SALASAR,EQ,INE170V01027,SALASAR TECHNO ENGG. LTD.,9.0,9.02,8.74,8.81,9.0,-2.11,6714551,59155197.13
2025-09-29,SALONA,EQ,INE498E01010,SALONA COTSPIN LTD.,240.93,249.4,236.45,243.64,242.14,0.62,212,51651.68
2025-09-29,SALSTEEL,EQ,INE658G01014,S.A.L. STEEL LTD.,27.81,29.0,27.12,28.13,27.81,1.15,126306,3552987.67
2025-09-29,SALZERELEC,EQ,INE457F01013,SALZER ELECTRONICS LTD,780.5,786.0,751.0,756.75,779.75,-2.95,48742,36885508.5
2025-09-29,SAMBHAAV,EQ,INE699B01027,SAMBHAAV MEDIA LTD,6.19,6.26,6.06,6.24,6.06,2.97,23805,148543.19
2025-09-29,SAMBHV,EQ,INE12NJ01018,SAMBHV STEEL TUBES LTD,114.0,114.5,107.0,108.09,114.6,-5.68,2981402,322259731.26
2025-09-29,SAMHI,EQ,INE08U801020,SAMHI HOTELS LIMITED,201.0,202.58,195.0,196.86,202.05,-2.57,1113662,219235502.0
2025-09-29,SAMMAANCAP,EQ,INE148I01020,SAMMAAN CAPITAL LIMITED,139.79,155.69,139.76,154.27,137.82,11.94,156720756,24177311697.7
2025-09-29,SAMPANN,EQ,INE735M01018,SAMPANN UTPADAN INDIA LTD,27.52,29.5,26.51,27.54,27.5,0.15,46049,1268189.5
2025-09-29,SANATHAN,EQ,INE0JPD01013,SANATHAN TEXTILES LIMITED,493.6,509.7,487.2,495.8,500.0,-0.84,29538,14644940.04
2025-09-29,SANDESH,EQ,INE583B01015,SANDESH LTD,1170.1,1177.7,1160.0,1163.9,1173.6,-0.83,777,904350.32
2025-09-29,SANDHAR,EQ,INE278H01035,SANDHAR TECHNOLOGIES LTD,454.0,457.05,442.05,449.75,453.55,-0.84,86115,38730221.25
2025-09-29,SANDUMA,EQ,INE149K01016,SANDUR MANG & IRON ORES L,161.8,173.25,160.8,167.95,162.1,3.61,2028014,340604945.11
2025-09-29,SANGAMIND,EQ,INE495C01010,SANGAM (INDIA) LTD,438.8,447.5,430.05,437.6,435.05,0.59,29721,13005909.78
2025-09-29,SANGHVIMOV,EQ,INE989A01032,SANGHVI MOVERS LTD,366.9,376.95,360.0,368.05,365.8,0.62,345634,127210589.48
2025-09-29,SANOFI,EQ,INE058A01010,SANOFI INDIA LIMITED,4796.0,4803.5,4695.0,4705.5,4748.5,-0.91,14896,70093128.0
2025-09-29,SANOFICONR,EQ,INE0UOS01011,SANOFI CONS HEALTHC IND L,4999.0,4999.0,4743.0,4800.5,4940.5,-2.83,19843,95256321.5
2025-09-29,SANSERA,EQ,INE953O01021,SANSERA ENGINEERING LTD,1435.0,1456.0,1393.0,1397.6,1433.0,-2.47,109949,153664719.72
2025-09-29,SANSTAR,EQ,INE08NE01025,SANSTAR LIMITED,94.66,96.08,94.66,95.21,95.02,0.2,241171,22961890.69
2025-09-29,SAPPHIRE,EQ,INE806T01020,SAPPHIRE FOODS INDIA LTD,301.2,305.6,291.6,293.45,301.1,-2.54,271879,79782895.87
2025-09-29,SARDAEN,EQ,INE385C01021,SARDA ENERGY & MIN LTD,572.0,575.5,551.25,553.6,566.4,-2.26,697701,386247256.57
2025-09-29,SAREGAMA,EQ,INE979A01025,SAREGAMA INDIA LIMITED,472.0,476.1,462.35,464.3,472.25,-1.68,268362,124600473.32
2025-09-29,SARLAPOLY,EQ,INE453D01025,SARLA PERF. FIBERS LTD,99.54,100.94,95.77,96.27,99.3,-3.05,100877,9711428.45
2025-09-29,SARVESHWAR,EQ,INE324X01026,SARVESHWAR FOODS LIMITED,6.16,6.2,6.02,6.07,6.12,-0.82,11069284,67190555.78
2025-09-29,SASKEN,EQ,INE231F01020,SASKEN TECHNOLOGIES LTD,1424.9,1441.0,1358.0,1367.0,1390.3,-1.68,13749,18794883.0
2025-09-29,SATIA,EQ,INE170E01023,SATIA INDUSTRIES LIMITED,79.62,80.91,78.4,78.73,79.62,-1.12,39784,3132194.45
2025-09-29,SATIN,EQ,INE836B01017,SATIN CREDIT NET LTD,145.5,147.99,144.12,146.85,145.06,1.23,180803,26550921.65
2025-09-29,SAURASHCEM,EQ,INE626A01014,SAURASHTRA CEMENT LIMITED,108.34,108.75,104.25,105.29,107.53,-2.08,62681,6599682.55
2025-09-29,SBC,EQ,INE04AK01028,SBC EXPORTS LIMITED,21.51,21.62,21.2,21.4,21.59,-0.88,7638247,163458482.89
2025-09-29,SBCL,EQ,INE386D01027,SHIVALIK BIMETAL CON. LTD,537.8,552.0,489.0,501.9,537.7,-6.66,295793,148458504.89
2025-09-29,SBFC,EQ,INE423Y01016,SBFC FINANCE LIMITED,106.95,108.85,105.74,107.43,106.57,0.81,977097,104969531.01
2025-09-29,SBGLP,EQ,INE05ST01028,SURATWWALA BUS GROUP LTD,36.76,36.93,34.16,35.52,36.39,-2.39,84278,2993554.6
2025-09-29,SBICARD,EQ,INE018E01016,SBI CARDS & PAY SER LTD,870.0,881.6,860.0,863.3,873.85,-1.21,672166,580280899.59
2025-09-29,SBIETFCON,EQ,INF200KA1X17,SBIAMC - SBIETFCON,123.35,125.12,123.35,124.52,123.96,0.45,6293,783604.34
2025-09-29,SBIETFIT,EQ,INF200KA1S14,SBIAMC - SBIETFIT,372.0,373.44,365.71,367.23,367.43,-0.05,8531,3132839.22
2025-09-29,SBIETFPB,EQ,INF200KA1S22,SBIAMC - SBIETFPB,270.38,271.1,268.23,270.06,270.37,-0.11,5172,1396750.31
2025-09-29,SBIETFQLTY,EQ,INF200KA1WX6,SBIAMC - SBIETFQLTY,216.66,224.3,216.66,220.38,219.84,0.25,219964,48475667.39
2025-09-29,SBILIFE,EQ,INE123W01016,SBI LIFE INSURANCE CO LTD,1814.0,1814.0,1785.0,1788.7,1798.8,-0.56,1003806,1795507743.19
2025-09-29,SBIN,EQ,INE062A01020,STATE BANK OF INDIA,858.05,873.5,856.0,870.75,856.95,1.61,22641712,19715270724.0
2025-09-29,SBINEQWETF,EQ,INF200KB1282,SBIAMC - SBINEQWETF,32.06,32.12,31.8,31.89,31.82,0.22,19025,606707.24
2025-09-29,SBISILVER,EQ,INF200KB1217,SBIAMC - SBISILVER,140.96,142.99,140.95,142.37,136.33,4.43,3151373,448660958.62
2025-09-29,SCHAEFFLER,EQ,INE513A01022,SCHAEFFLER INDIA LIMITED,3992.1,4280.0,3957.1,4141.1,3992.0,3.73,99635,412598508.23
2025-09-29,SCHAND,EQ,INE807K01035,S CHAND AND COMPANY LTD,185.09,190.64,180.01,181.19,184.17,-1.62,28896,5235666.31
2025-09-29,SCHNEIDER,EQ,INE839M01018,SCHNEIDER ELECTRIC INFRA,812.0,860.45,810.1,845.25,835.5,1.17,257054,217274893.5
2025-09-29,SCI,EQ,INE109A01011,SHIPPING CORP OF INDIA LT,225.95,227.8,218.61,220.44,225.45,-2.22,3527274,777552289.17
2025-09-29,SCILAL,EQ,INE0PB301013,SHIPPING CORP OF ILA LTD,49.67,50.16,48.6,48.79,49.67,-1.77,681702,33260241.2
2025-09-29,SCODATUBES,EQ,INE090501011,SCODA TUBES LIMITED,168.1,171.75,165.5,166.8,170.45,-2.14,166599,27788713.71
2025-09-29,SDBL,EQ,INE480C01038,SOM DIST & BREW LTD,134.99,135.23,128.15,128.62,134.94,-4.68,1211493,155822223.74
2025-09-29,SEAMECLTD,EQ,INE497B01018,SEAMEC LIMITED,900.0,915.05,900.0,903.6,904.05,-0.05,23842,21543630.62
2025-09-29,SECMARK,EQ,INE0BTM01013,SECMARK CONSULTANCY LTD,117.1,123.8,117.1,117.58,118.39,-0.68,1215,142859.7
2025-09-29,SECURKLOUD,EQ,INE650K01021,SECUREKLOUD TECH LIMITED,23.47,23.47,22.2,22.42,22.92,-2.18,13973,313274.66
2025-09-29,SEJALLTD,EQ,INE955I01044,SEJAL GLASS LIMITED,710.0,744.3,710.0,744.3,708.9,4.99,2211,1645647.27
2025-09-29,SELECTIPO,EQ,INF769K01ON4,MIRAEAMC - SELECTIPO,47.93,47.93,47.93,47.93,47.84,0.19,0,0.0
2025-09-29,SEMAC,EQ,INE617A01013,SEMAC CONSTRUCTION LTD,491.0,513.6,491.0,508.95,491.0,3.66,91,46314.45
2025-09-29,SENCO,EQ,INE602W01027,SENCO GOLD LIMITED,339.7,343.65,334.75,341.2,338.4,0.83,379121,129356089.83
2025-09-29,SENORES,EQ,INE0RB801010,SENORES PHARMACEUTICALS L,675.05,711.0,662.45,692.95,673.6,2.87,464482,321862807.57
2025-09-29,SENSEXADD,EQ,INF740KA1SZ6,DSPAMC - DSPSENXETF,82.6,82.66,82.19,82.33,82.57,-0.29,617,50797.61
2025-09-29,SENSEXAXIS,EQ,INF846K010Q0,AXISAMC-SENSEXAXIS,83.23,83.23,82.8,82.88,82.95,-0.08,281,23289.28
2025-09-29,SENSEXETF,EQ,INF769K01KT9,MIRAEAMC - SENSEXETF,82.79,82.79,82.11,82.31,82.37,-0.07,16550,1362230.46
2025-09-29,SENSEXIETF,EQ,INF346A01034,ICICI PRUD SENSEX ETF,941.15,941.15,916.03,917.78,918.2,-0.05,5125,4703622.65
2025-09-29,SEPC,EQ,INE964H01014,SEPC LIMITED,12.06,12.18,11.76,11.87,12.03,-1.33,6093237,72326722.49
2025-09-29,SERVOTECH,EQ,INE782X01033,SERVOTECH REN POW SYS LTD,125.0,126.33,123.0,123.49,124.69,-0.96,344957,42598739.19
2025-09-29,SESHAPAPER,EQ,INE630A01024,SESHASAYEE PAPER & BOARDS,252.1,256.45,250.0,254.75,252.0,1.09,20837,5308225.75
2025-09-29,SETF10GILT,EQ,INF200KA1JT1,SBIAMC - SETF10GILT,261.9,261.9,256.02,256.92,258.76,-0.71,39094,10044031.0
2025-09-29,SETFGOLD,EQ,INF200KA16D8,SBI-ETF GOLD,99.53,99.53,97.11,98.98,97.11,1.93,12152995,1202903485.9
2025-09-29,SETFNIF50,EQ,INF200KA1FS1,SBI-ETF NIFTY 50,266.0,266.0,262.64,263.38,263.42,-0.02,373455,98360579.72
2025-09-29,SETFNIFBK,EQ,INF200KA1580,SBI-ETF NIFTY BANK,561.99,561.99,555.61,556.98,557.51,-0.1,133204,74191961.32
2025-09-29,SETFNN50,EQ,INF200KA1598,SBI-ETF NIFTY NEXT 50,701.02,722.95,694.63,721.47,716.11,0.75,69702,50287899.9
2025-09-29,SETL,EQ,INE0M4D01010,STANDARD ENGNG TCNLGY LTD,180.49,181.98,173.41,176.33,176.5,-0.1,267191,47113789.52
2025-09-29,SFL,EQ,INE916U01025,SHEELA FOAM LIMITED,670.2,682.0,662.1,669.6,666.85,0.41,60990,40838902.51
2025-09-29,SGFIN,EQ,INE618R01015,SG FINSERVE LIMITED,350.1,363.6,339.9,354.0,349.55,1.27,336998,119297292.0
2025-09-29,SGIL,EQ,INE00QT01015,SYNERGY GREEN IND. LTD,522.3,538.85,522.3,530.15,535.95,-1.08,18250,9675237.95
2025-09-29,SGL,EQ,INE353H01010,STL GLOBAL LIMITED,15.26,16.84,15.0,15.35,15.25,0.66,38447,590161.46
2025-09-29,SGMART,EQ,INE385F01024,SG MART LIMITED,362.65,369.4,360.6,364.7,362.95,0.48,62940,22954218.77
2025-09-29,SHAH,EQ,INE482J01021,SHAH METACORP LIMITED,3.99,3.99,3.66,3.69,3.83,-3.66,2392026,8826576.08
2025-09-29,SHAILY,EQ,INE151G01028,SHAILY ENG PLASTICS LTD,2245.0,2285.1,2220.3,2242.3,2243.1,-0.04,109105,244646146.83
2025-09-29,SHAKTIPUMP,EQ,INE908D01010,SHAKTI PUMPS (I) LTD,830.5,838.65,820.0,822.8,827.25,-0.54,172878,142244016.29
2025-09-29,SHALBY,EQ,INE597J01018,SHALBY LIMITED,249.34,254.68,246.91,249.35,247.13,0.9,419113,104505829.11
2025-09-29,SHANKARA,EQ,INE274V01019,SHANKARA BLDG PRODUCT LTD,207.75,207.75,207.75,207.75,218.65,-4.99,10149,2108454.75
2025-09-29,SHANTI,EQ,INE933X01016,SHANTI OVERSEAS INDIA LTD,9.55,10.1,9.55,9.93,9.74,1.95,123751,1228847.47
2025-09-29,SHANTIGEAR,EQ,INE631A01022,SHANTHI GEARS LTD,528.4,535.95,521.25,524.95,528.4,-0.65,20588,10807670.85
2025-09-29,SHANTIGOLD,EQ,INE06ZD01017,SHANTI GOLD INTERNATION L,219.18,219.63,207.1,208.78,218.33,-4.37,460609,96165946.46
2025-09-29,SHARDACROP,EQ,INE221J01015,SHARDA CROPCHEM LTD.,831.7,842.0,821.0,824.45,826.45,-0.24,125491,103461056.48
2025-09-29,SHARDAMOTR,EQ,INE597I01028,SHARDA MOTOR INDS LTD,1048.0,1134.0,1045.2,1067.7,1046.3,2.05,243231,259697726.82
2025-09-29,SHAREINDIA,EQ,INE932X01026,SHARE IND. SECURITIES LTD,129.99,130.9,127.67,129.04,128.03,0.79,306303,39525337.06
2025-09-29,SHARIABEES,EQ,INF732E01128,NIP IND ETF SHARIAH BEES,486.78,487.25,480.0,481.81,483.51,-0.35,13599,6552134.16
2025-09-29,SHILPAMED,EQ,INE790G01031,SHILPA MEDICARE LTD,383.0,391.95,378.27,383.65,385.92,-0.59,150700,57816054.08
2025-09-29,SHIVALIK,EQ,INE788J01021,SHIVALIK RASAYAN LIMITED,440.35,459.8,434.85,443.6,436.8,1.56,16224,7196966.5
2025-09-29,SHIVAMAUTO,EQ,INE637H01024,SHIVAM AUTO.LTD,31.55,31.89,29.66,30.31,31.02,-2.29,344356,10437430.18
2025-09-29,SHIVAMILLS,EQ,INE644Y01017,SHIVA MILLS LIMITED,73.28,73.28,70.13,70.99,70.8,0.27,1759,124871.41
2025-09-29,SHIVATEX,EQ,INE705C01020,SHIVA TEXYARN LIMITED,177.07,186.35,177.07,182.34,186.35,-2.15,2224,405524.15
2025-09-29,SHIVAUM,EQ,INE719F01016,SHIV AUM STEELS LIMITED,297.0,297.0,297.0,297.0,297.0,0.0,0,0.0
2025-09-29,SHK,EQ,INE500L01026,S H KELKAR AND CO. LTD.,230.66,232.89,229.23,230.77,230.66,0.05,123297,28453249.22
2025-09-29,SHOPERSTOP,EQ,INE498B01024,SHOPPERS STOP LIMITED,540.45,540.45,512.0,519.8,540.45,-3.82,349994,181926876.93
2025-09-29,SHRADHA,EQ,INE715Y01031,SHRADHA REALTY LIMITED,45.82,47.59,45.32,45.85,45.82,0.07,50662,2322852.62
2025-09-29,SHREDIGCEM,EQ,INE232A01011,SHREE DIGVIJAY CEM CO LTD,89.11,89.99,89.11,89.38,89.31,0.08,257418,23008020.13
2025-09-29,SHREECEM,EQ,INE070A01015,SHREE CEMENT LIMITED,28910.0,30110.0,28720.0,29735.0,28910.0,2.85,143519,4267537465.0
2025-09-29,SHREEJISPG,EQ,INE1B6101010,SHREEJI SHIPPING GLOBAL L,243.1,245.95,240.0,240.3,246.3,-2.44,226127,54338318.79
2025-09-29,SHREEPUSHK,EQ,INE712K01011,SHRE PUSH CHEM & FERT LTD,439.0,458.1,437.15,440.55,437.15,0.78,254506,112122615.19
2025-09-29,SHREERAMA,EQ,INE879A01019,SHREE RAMA MULTI TECH LTD,58.9,61.4,57.71,60.73,58.54,3.74,153891,9345800.36
2025-09-29,SHREYANIND,EQ,INE231C01019,SHREYANS INDUSTRIES LTD,232.99,234.85,220.0,221.82,226.47,-2.05,4884,1083368.92
2025-09-29,SHRINGARMS,EQ,INE1B3L01017,SHRINGAR HOU OF MANGALS L,182.0,184.9,181.1,182.83,184.29,-0.79,1168524,213641245.06
2025-09-29,SHRIPISTON,EQ,INE526E01018,SPR AUTO TECHNOLOGIES LTD,2690.0,2745.0,2635.0,2701.2,2655.1,1.74,104076,281130086.12
2025-09-29,SHRIRAMFIN,EQ,INE721A01047,SHRIRAM FINANCE LIMITED,608.9,615.5,603.15,611.8,606.05,0.95,4098133,2507237719.37
2025-09-29,SHRIRAMPPS,EQ,INE217L01019,SHRIRAM PROPERTIES LTD,88.25,89.9,87.0,88.27,88.14,0.15,771360,68087944.61
2025-09-29,SHYAMMETL,EQ,INE810G01011,SHYAM METALICS AND ENGY L,912.8,931.4,905.0,908.9,907.25,0.18,199243,181091967.56
2025-09-29,SHYAMTEL,EQ,INE635A01023,SHYAM TELECOM LIMITED,14.45,14.58,13.35,13.7,13.89,-1.37,10127,138739.9
2025-09-29,SIEMENS,EQ,INE003A01024,SIEMENS LTD,3115.0,3147.0,3092.4,3105.2,3096.3,0.29,615998,1912796959.52
2025-09-29,SIGACHI,EQ,INE0D0K01022,SIGACHI INDUSTRIES LTD,38.29,39.49,37.27,38.62,38.09,1.39,9802765,378582773.83
2025-09-29,SIGMA,EQ,INE0A0S01028,SIGMA SOLVE LIMITED,48.56,52.49,48.4,49.78,47.62,4.54,680790,33886323.29
2025-09-29,SIGNATURE,EQ,INE903U01023,SIGNATUREGLOBAL INDIA LTD,1058.8,1093.1,1047.7,1084.5,1055.2,2.78,374229,405851350.5
2025-09-29,SIGNPOST,EQ,INE0KGZ01021,SIGNPOST INDIA LIMITED,270.0,271.9,263.9,268.5,263.9,1.74,25006,6714111.0
2025-09-29,SIL,EQ,INE173A01025,STANDARD INDUSTRIES LTD.,18.71,19.19,18.21,18.48,18.64,-0.86,17104,316081.91
2025-09-29,SILGO,EQ,INE01II01013,SILGO RETAIL LIMITED,64.9,65.6,62.61,64.84,64.05,1.23,19472,1262564.41
2025-09-29,SILINV,EQ,INE923A01015,SIL INVESTMENTS LIMITED,607.8,622.5,601.0,604.9,598.85,1.01,1485,898276.54
2025-09-29,SILVER,EQ,INF209KB19F6,BIRLASLAMC - SILVER,142.88,148.0,142.37,146.34,138.72,5.49,2499048,365710675.17
2025-09-29,SILVER1,EQ,INF174KA1ZD3,KOTAKMAMC - KOTAKSILVE,95.55,95.55,95.55,95.55,95.55,0.0,0,0.0
2025-09-29,SILVERADD,EQ,INF740KA1ZQ0,DSPAMC - DSPSILVETF,13.99,14.02,13.88,13.97,13.39,4.32,12440280,173753390.85
2025-09-29,SILVERAG,EQ,INF769K01KG6,MIRAEAMC - MASILVER,137.0,142.29,137.0,141.8,135.38,4.74,784148,111192188.79
2025-09-29,SILVERAXIS,EQ,INF846K011K1,AXISAMC-SILVERAXIS,142.79,146.0,142.79,144.19,138.26,4.29,1277364,184183118.28
2025-09-29,SILVERBEES,EQ,INF204KC1402,NIPPONAMC - NETFSILVER,138.43,139.37,138.0,139.06,133.01,4.55,46710530,6495566187.76
2025-09-29,SILVERBETA,EQ,INF789F1AYK6,UTIAMC-SILVERBETA,139.4,142.5,138.8,140.82,135.66,3.8,2644962,372463568.21
2025-09-29,SILVERCASE,EQ,INF0R8F01091,ZERODHAAMC - SILVERCASE,14.64,14.64,14.64,14.64,14.06,4.11,0,0.0
2025-09-29,SILVERIETF,EQ,INF109KC1Y56,ICICIPRAMC - ICICISILVE,142.0,146.1,142.0,144.21,138.54,4.09,10899687,1571843935.45
2025-09-29,SILVERTUC,EQ,INE625X01026,SILVER TOUCH TECHNO LTD,714.2,726.95,712.0,715.85,709.7,0.87,3994,2859104.8
2025-09-29,SIMPLEXINF,EQ,INE059B01024,SIMPLEX INFRASTRUCTURES L,285.45,291.0,278.35,281.8,284.75,-1.04,63436,17876264.03
2025-09-29,SINCLAIR,EQ,INE985A01022,SINCLAIRS HOTELS LIMITED,96.0,98.9,96.0,96.81,97.33,-0.53,38823,3758454.54
2025-09-29,SINDHUTRAD,EQ,INE325D01025,SINDHU TRADE LINKS LTD,27.48,27.51,26.51,27.06,26.99,0.26,1649224,44628000.56
2025-09-29,SINTERCOM,EQ,INE129Z01016,SINTERCOM INDIA LIMITED,121.1,124.84,120.0,120.17,121.0,-0.69,4324,519615.07
2025-09-29,SIRCA,EQ,INE792Z01011,SIRCA PAINT INDIA LIMITED,486.8,489.75,469.85,480.0,483.75,-0.78,625220,300105600.0
2025-09-29,SIS,EQ,INE285J01028,SIS LIMITED,345.0,350.0,342.25,345.05,345.2,-0.04,62675,21626007.98
2025-09-29,SIYSIL,EQ,INE076B01028,SIYARAM SILK MILLS LTD,645.0,657.05,640.0,645.65,648.3,-0.41,25537,16487964.67
2025-09-29,SJS,EQ,INE284S01014,SJS ENTERPRISES LIMITED,1463.3,1467.0,1418.1,1460.1,1451.7,0.58,109214,159463358.73
2025-09-29,SJVN,EQ,INE002L01015,SJVN LTD,91.2,91.75,89.61,90.03,91.05,-1.12,4180724,376390576.62
2025-09-29,SKFINDIA,EQ,INE640A01023,SKF INDIA LTD,4761.0,4829.4,4610.0,4625.0,4713.1,-1.87,43950,203268750.0
2025-09-29,SKIPPER,EQ,INE439E01022,SKIPPER LIMITED,514.0,525.0,508.2,512.2,511.35,0.17,291903,149512720.16
2025-09-29,SKMEGGPROD,EQ,INE411D01023,SKM EGG PROD EXPORT(I) LT,157.85,159.15,151.2,151.2,159.15,-5.0,153308,23180169.13
2025-09-29,SKYGOLD,EQ,INE01IU01018,SKY GOLD AND DIAMONDS LTD,275.0,278.0,264.5,266.55,272.5,-2.18,862566,229916956.77
2025-09-29,SMALLCAP,EQ,INF769K01LC3,MIRAEAMC - SMALLCAP,43.52,45.43,43.52,44.55,44.64,-0.2,2885755,128560383.05
2025-09-29,SMARTWORKS,EQ,INE0NAZ01010,SMARTWORKS COWORKING SP L,572.9,580.7,557.15,564.95,575.75,-1.88,99551,56241338.67
2025-09-29,SMCGLOBAL,EQ,INE103C01036,SMC GLOBAL SECURITIES LTD,70.97,70.97,68.81,69.59,70.13,-0.77,683744,47581742.46
2025-09-29,SML100CASE,EQ,INF0R8F01141,ZERODHAAMC - SML100CASE,9.88,9.88,9.88,9.88,9.89,-0.11,0,0.0
2025-09-29,SMLMAH,EQ,INE294B01019,SML MAHINDRA LIMITED,3200.0,3259.9,3109.2,3168.8,3186.2,-0.55,70639,223840866.65
2025-09-29,SMLT,EQ,INE017W01010,SARTHAK METALS LIMITED,109.0,109.0,104.0,104.86,105.57,-0.67,3155,330833.3
2025-09-29,SMSPHARMA,EQ,INE812G01025,SMS PHARMACEUTICALS LTD.,251.87,255.0,243.45,244.3,251.68,-2.93,309219,75542202.64
2025-09-29,SNOWMAN,EQ,INE734N01019,SNOWMAN LOGISTICS LTD.,53.25,54.51,52.31,52.6,53.05,-0.85,177114,9316196.13
2025-09-29,SOBHA,EQ,INE671H01015,SOBHA LIMITED,1549.9,1556.5,1505.1,1519.4,1542.2,-1.48,69793,106043485.9
2025-09-29,SOFTTECH,EQ,INE728Z01015,SOFTTECH ENGINEERS LTD,378.1,382.0,361.75,373.7,370.55,0.85,2730,1020201.03
2025-09-29,SOLARA,EQ,INE624Z01016,SOLARA ACTIVE PHA SCI LTD,617.05,625.0,611.2,617.65,615.3,0.38,109335,67530765.42
2025-09-29,SOLARINDS,EQ,INE343H01029,SOLAR INDUSTRIES (I) LTD,13875.0,13943.0,13472.0,13545.0,13766.0,-1.61,709678,9612588510.0
2025-09-29,SOLEX,EQ,INE880Y01017,SOLEX ENERGY LIMITED,1636.1,1700.0,1605.25,1676.4,1654.55,1.32,39500,66217800.96
2025-09-29,SOMANYCERA,EQ,INE355A01028,SOMANY CERAMICS LIMITED,454.7,460.2,449.45,454.95,452.35,0.57,13059,5941192.21
2025-09-29,SOMATEX,EQ,INE314C01013,SOMA TEXTILES & INDUST LT,66.0,69.41,63.01,69.41,66.11,4.99,33505,2325582.17
2025-09-29,SOMICONVEY,EQ,INE323J01019,SOMI CONVEYOR BELT. LTD.,134.2,135.51,131.95,132.65,133.69,-0.78,4918,652372.67
2025-09-29,SONACOMS,EQ,INE073K01018,SONA BLW PRECISION FRGS L,410.1,411.65,402.3,405.35,407.1,-0.43,2086802,845885203.44
2025-09-29,SONATSOFTW,EQ,INE269A01021,SONATA SOFTWARE LTD,359.3,361.0,340.7,343.15,357.8,-4.09,1498093,514070603.81
2025-09-29,SOTL,EQ,INE035D01020,SAVITA OIL TECHNOLO. LTD,397.35,398.8,394.45,395.9,394.2,0.43,12351,4889760.82
2025-09-29,SOUTHBANK,EQ,INE683A01023,THE SOUTH INDIAN BANK LTD,29.0,29.09,28.5,28.64,28.99,-1.21,9156594,262244846.57
2025-09-29,SOUTHWEST,EQ,INE980Y01015,SOUTH WEST PINNACLE LTD,129.0,133.84,129.0,131.45,130.84,0.47,6721,883475.43
2025-09-29,SPAL,EQ,INE212I01016,S. P. APPARELS LIMITED,711.4,738.0,708.0,728.9,709.85,2.68,22067,16084636.84
2025-09-29,SPANDANA,EQ,INE572J01011,SPANDANA SPHOORTY FIN LTD,250.0,258.59,245.0,247.72,250.39,-1.07,456175,113003671.56
2025-09-29,SPARC,EQ,INE232I01014,SUN PHARMA ADV.RES.CO.LTD,133.0,133.0,128.1,128.78,131.76,-2.26,292891,37718502.62
2025-09-29,SPCENET,EQ,INE970N01027,SPACENET ENTERS IND LTD,6.64,6.9,6.4,6.9,6.58,4.86,581430,4011867.06
2025-09-29,SPENCERS,EQ,INE020801028,SPENCER S RETAIL LIMITED,54.7,55.47,53.77,55.08,53.96,2.08,72093,3970882.57
2025-09-29,SPIC,EQ,INE147A01011,SPIC LTD,92.65,93.81,90.8,91.76,92.05,-0.32,1490348,136754335.66
2025-09-29,SPLIL,EQ,INE978G01016,SPL INDUSTRIES LIMITED,39.26,40.35,38.13,38.36,38.86,-1.29,8518,326750.49
2025-09-29,SPLPETRO,EQ,INE663A01033,SUPREME PETROCHEM LIMITED,870.0,979.0,816.3,843.25,870.1,-3.09,10541845,8889410796.25
2025-09-29,SPMLINFRA,EQ,INE937A01023,SPML INFRA LIMITED,250.05,251.0,240.3,241.8,245.4,-1.47,233178,56382441.11
2025-09-29,SPORTKING,EQ,INE885H01029,SPORTKING INDIA LIMITED,102.0,103.51,96.98,98.34,101.02,-2.65,234402,23051091.82
2025-09-29,SRD,EQ,INE01NE01012,SHANKAR LAL RAMPAL LTD,64.2,66.95,64.2,65.08,66.3,-1.84,91214,5936207.29
2025-09-29,SRF,EQ,INE647A01010,SRF LTD,2798.0,2850.8,2789.0,2798.0,2806.9,-0.32,221510,619784980.0
2025-09-29,SRGHFL,EQ,INE559N01010,SRG HOUSING FINANCE L,290.4,294.0,280.0,281.55,289.75,-2.83,2120,596885.97
2025-09-29,SRHHYPOLTD,EQ,INE917H01012,SREE RAYALSEEMA HHP LTD.,587.15,590.95,562.15,573.75,579.7,-1.03,11373,6525258.75
2025-09-29,SRM,EQ,INE0R6Z01013,SRM CONTRACTORS LIMITED,546.9,552.95,535.0,543.7,546.0,-0.42,83866,45597945.22
2025-09-29,SSDL,EQ,INE0PQ101010,SARASWATI SAREE DEPOT LTD,85.2,88.49,85.2,87.46,87.1,0.41,27936,2443282.53
2025-09-29,SSWL,EQ,INE802C01033,STEEL STRIPS WHEELS LTD.,229.66,233.0,225.0,226.73,229.66,-1.28,124503,28228564.66
2025-09-29,STANLEY,EQ,INE01A001028,STANLEY LIFESTYLES LTD,296.5,301.95,292.0,295.05,296.5,-0.49,33611,9916925.14
2025-09-29,STAR,EQ,INE939A01011,STRIDES PHARMA SCI LTD,819.05,834.65,810.2,815.35,815.5,-0.02,154583,126039245.28
2025-09-29,STARCEMENT,EQ,INE460H01021,STAR CEMENT LIMITED,253.05,264.0,250.55,255.75,253.05,1.07,428074,109479925.5
2025-09-29,STARHEALTH,EQ,INE575P01011,STAR HEALTH & AL INS CO L,446.45,448.5,432.25,438.6,445.85,-1.63,1989019,872383745.54
2025-09-29,STARPAPER,EQ,INE733A01018,STAR PAPER MILLS LTD,168.6,169.6,166.0,166.85,168.56,-1.01,6683,1115058.59
2025-09-29,STARTECK,EQ,INE992I01013,STARTECK FINANCE LIMITED,320.0,320.0,310.05,315.15,314.05,0.35,9062,2855889.24
2025-09-29,STCINDIA,EQ,INE655A01013,THE STATE TRADING CORPN,136.3,144.6,128.0,129.28,134.41,-3.82,215519,27862296.06
2025-09-29,STEELCAS,EQ,INE124E01038,STEELCAST LIMITED,211.5,219.4,211.0,215.33,210.37,2.36,136729,29441855.82
2025-09-29,STEELCITY,EQ,INE395H01011,STEEL CITY SECURITIES LTD,101.99,102.75,101.01,101.75,100.99,0.75,3398,345746.5
2025-09-29,STEELXIND,EQ,INE503B01021,STEEL EXCHANGE INDIA LTD,9.87,9.95,9.51,9.7,9.84,-1.42,1045964,10145850.6
2025-09-29,STEL,EQ,INE577L01016,STEL HOLDINGS LIMITED,442.45,448.8,430.05,435.05,444.45,-2.11,4589,1996444.39
2025-09-29,STLNETWORK,EQ,INE1VXE01018,STL NETWORKS LIMITED,30.0,30.87,29.54,29.91,30.1,-0.63,4013112,120032179.31
2025-09-29,STOVEKRAFT,EQ,INE00IN01015,STOVE KRAFT LIMITED,669.35,688.9,663.2,682.7,669.35,1.99,60494,41299254.54
2025-09-29,STYLAMIND,EQ,INE239C01020,STYLAM INDUSTRIES LIMITED,1652.3,1661.8,1621.0,1629.8,1652.2,-1.36,71605,116701832.5
2025-09-29,STYLEBAAZA,EQ,INE01FR01028,BAAZAR STYLE RETAIL LTD,364.0,377.5,358.25,370.3,360.3,2.78,854923,316577976.46
2025-09-29,STYRENIX,EQ,INE189B01011,STYRENIX PERFORMANCE LTD,2404.6,2415.4,2323.0,2358.8,2387.9,-1.22,135816,320362787.43
2025-09-29,SUBEXLTD,EQ,INE754A01055,SUBEX LTD,12.13,12.16,11.75,11.79,11.99,-1.67,1067903,12590576.33
2025-09-29,SUBROS,EQ,INE287B01021,SUBROS LIMITED,1132.0,1213.7,1129.3,1194.2,1131.05,5.58,1052753,1257197581.2
2025-09-29,SUDARCOLOR,EQ,INE492A01029,SUDARSHAN COLORNT IND LTD,584.0,594.1,551.8,559.25,591.8,-5.5,30269,16927938.25
2025-09-29,SUDARSCHEM,EQ,INE659A01023,SUDARSHAN CHEMICAL INDS L,1401.2,1406.2,1343.8,1355.0,1399.6,-3.19,198532,269010860.0
2025-09-29,SUKHJITS,EQ,INE450E01029,SUKHJIT STARCH & CHEM LTD,166.51,166.51,164.0,164.14,164.09,0.03,1964,322370.96
2025-09-29,SULA,EQ,INE142Q01026,SULA VINEYARDS LIMITED,267.79,267.79,255.51,258.72,264.67,-2.25,727885,188318408.09
2025-09-29,SUMEETINDS,EQ,INE235C01036,SUMEET IND LIMITED,35.8,35.8,32.87,33.04,34.6,-4.5,467690,15452478.03
2025-09-29,SUMICHEM,EQ,INE258G01013,SUMITOMO CHEM INDIA LTD,536.0,543.2,530.0,531.4,535.45,-0.76,424451,225553271.76
2025-09-29,SUMIT,EQ,INE748Z01013,SUMIT WOODS LIMITED,91.7,91.9,85.04,89.71,86.31,3.94,28315,2540138.62
2025-09-29,SUMMITSEC,EQ,INE519C01017,SUMMIT SECURITIES LTD,2165.6,2178.4,2115.1,2132.7,2148.4,-0.73,4831,10303073.46
2025-09-29,SUNCLAY,EQ,INE0Q3R01026,SUNDARAM CLAYTON LIMITED,1676.3,1678.8,1636.1,1641.0,1670.9,-1.79,6223,10211943.0
2025-09-29,SUNDARAM,EQ,INE108E01023,SUNDARAM MULTI PAP LTD,1.95,1.98,1.85,1.95,1.94,0.52,253214,493767.31
2025-09-29,SUNDARMFIN,EQ,INE660A01013,SUNDARAM FINANCE LTD,4485.0,4499.0,4216.4,4265.6,4485.5,-4.9,187422,799467301.5
2025-09-29,SUNDRMFAST,EQ,INE387A01021,SUNDRAM FASTENERS LTD,1000.5,1013.3,972.3,979.6,991.2,-1.17,102158,100073974.31
2025-09-29,SUNDROP,EQ,INE209A01019,SUNDROP BRANDS LIMITED,800.0,809.25,781.5,787.9,801.5,-1.7,30389,23943493.84
2025-09-29,SUNFLAG,EQ,INE947A01014,SUNFLAG IRON AND STEEL CO,257.0,265.0,255.75,262.45,256.9,2.16,386966,101559231.42
2025-09-29,SUNPHARMA,EQ,INE044A01036,SUN PHARMACEUTICAL IND L,1581.0,1618.9,1580.0,1589.3,1586.7,0.16,4180922,6644739538.75
2025-09-29,SUNTECK,EQ,INE805D01034,SUNTECK REALTY LIMITED,415.7,445.0,413.05,421.95,409.6,3.02,1578105,665881424.01
2025-09-29,SUNTV,EQ,INE424H01027,SUN TV NETWORK LIMITED,524.95,535.6,522.15,527.2,523.75,0.66,923095,486655695.27
2025-09-29,SUPERHOUSE,EQ,INE712B01010,SUPERHOUSE LIMITED,175.0,175.0,170.81,172.98,170.92,1.21,5932,1026117.33
2025-09-29,SUPRAJIT,EQ,INE399C01030,SUPRAJIT ENGINEERING LTD,500.0,504.9,449.35,461.4,494.05,-6.61,789207,364140104.98
2025-09-29,SUPREME,EQ,INE822E01011,SUPREME HOLDIN N HOSP I L,86.83,88.49,84.97,87.57,84.01,4.24,218493,19133431.94
2025-09-29,SUPREMEIND,EQ,INE195A01028,SUPREME INDUSTRIES LTD,4234.0,4257.0,4191.5,4218.5,4234.2,-0.37,137451,579837043.5
2025-09-29,SUPREMEINF,EQ,INE550H01011,SUPREME INFRA. LTD.,105.0,109.0,101.26,107.45,104.77,2.56,10005,1075037.22
2025-09-29,SUPRIYA,EQ,INE07RO01027,SUPRIYA LIFESCIENCE LTD,702.0,732.0,702.0,724.05,702.0,3.14,213718,154742515.29
2025-09-29,SURAJEST,EQ,INE843S01025,SURAJ ESTATE DEVELOPERS L,280.15,284.45,276.9,278.05,282.2,-1.47,94505,26277114.1
2025-09-29,SURAJLTD,EQ,INE713C01016,SURAJ LIMITED,306.95,320.0,306.95,319.15,314.5,1.48,1998,637661.69
2025-09-29,SURAKSHA,EQ,INE877V01027,SURAKSHA DIAGNOSTIC LTD,300.0,307.95,297.0,298.45,298.0,0.15,47128,14065352.18
2025-09-29,SURANASOL,EQ,INE272L01022,SURANA SOLAR LIMITED,32.82,32.96,32.0,32.11,32.97,-2.61,113930,3658292.37
2025-09-29,SURANAT&P,EQ,INE130B01031,SURANA TELECOM AND POW LT,20.82,22.71,20.81,22.71,20.65,9.98,423718,9622635.39
2025-09-29,SURYALAXMI,EQ,INE713B01026,SURYALAKSHMI COT MIL LTD,63.45,64.99,61.62,61.99,63.54,-2.44,6489,402253.12
2025-09-29,SURYAROSNI,EQ,INE335A01020,SURYA ROSHNI LTD,290.2,293.0,283.8,284.9,287.15,-0.78,226562,64547512.42
2025-09-29,SURYODAY,EQ,INE428Q01011,SURYODAY SMALL FIN BK LTD,131.05,134.5,130.6,133.62,132.89,0.55,92720,12389245.95
2025-09-29,SUVEN,EQ,INE495B01038,SUVEN LIFE SCIENCES LTD,203.51,206.96,200.0,201.76,209.05,-3.49,299326,60392012.12
2025-09-29,SUVIDHAA,EQ,INE018401013,SUVIDHAA INFOSERVE LTD,4.09,4.15,3.99,3.99,4.07,-1.97,88270,352197.3
2025-09-29,SUYOG,EQ,INE442P01014,SUYOG TELEMATICS LIMITED,796.65,807.55,780.1,782.7,796.65,-1.75,9379,7340943.41
2025-09-29,SUZLON,EQ,INE040H01021,SUZLON ENERGY LIMITED,55.7,56.36,55.15,55.28,55.28,0.0,49687799,2746741468.07
2025-09-29,SVLL,EQ,INE00CE01017,SHREE VASU LOGISTICS LTD,790.0,790.0,761.0,768.05,756.45,1.53,627,481567.34
2025-09-29,SVPGLOB,EQ,INE308E01029,SVP GLOBAL TEXTILES LTD,3.55,3.67,3.55,3.6,3.6,0.0,10142,36511.2
2025-09-29,SWANCORP,EQ,INE665A01038,SWAN CORP LIMITED,469.5,469.5,449.0,451.75,469.95,-3.87,1110586,501707225.5
2025-09-29,SWARAJENG,EQ,INE277A01016,SWARAJ ENGINES LTD,4090.9,4122.9,4031.1,4050.7,4090.9,-0.98,8481,34353986.29
2025-09-29,SWELECTES,EQ,INE409B01013,SWELECT ENERGY SYS LTD,907.0,921.0,887.25,895.8,911.35,-1.71,50597,45324791.98
2025-09-29,SWIGGY,EQ,INE00H001014,SWIGGY LIMITED,423.55,423.6,413.2,416.5,420.65,-0.99,19854203,8269275549.5
2025-09-29,SWSOLAR,EQ,INE00M201021,STRLNG & WIL REN ENE LTD,244.4,250.45,234.95,241.45,242.55,-0.45,3148076,760102940.59
2025-09-29,SYMPHONY,EQ,INE225D01027,SYMPHONY LIMITED,905.8,905.8,892.0,894.1,902.8,-0.96,34856,31164748.75
2025-09-29,SYNCOMF,EQ,INE312C01025,SYNCOM FORMU (I) LTD,16.89,16.93,16.14,16.28,16.59,-1.87,1775866,28911099.7
2025-09-29,SYNGENE,EQ,INE398R01022,SYNGENE INTERNATIONAL LTD,612.45,622.0,607.05,614.3,609.45,0.8,574552,352947286.59
2025-09-29,SYRMA,EQ,INE0DYJ01015,SYRMA SGS TECHNOLOGY LTD,806.0,820.75,791.5,794.95,802.85,-0.98,754781,600013165.16
2025-09-29,TAINWALCHM,EQ,INE123C01018,TAINWALA CHEMICAL AND PLA,210.63,213.61,206.55,209.03,210.63,-0.76,2481,518603.43
2025-09-29,TAJGVK,EQ,INE586B01026,TAJ GVK HOTELS & RESORTS,412.5,415.0,408.0,412.7,412.95,-0.06,164731,67984485.71
2025-09-29,TAKE,EQ,INE142I01023,TAKE LIMITED,10.64,10.95,10.63,10.95,10.43,4.99,122166,1337717.68
2025-09-29,TALBROAUTO,EQ,INE187D01029,TALBROS AUTO. COMP. LTD,298.35,307.9,296.2,302.45,296.55,1.99,173089,52350770.16
2025-09-29,TANLA,EQ,INE483C01032,TANLA PLATFORMS LIMITED,693.3,697.0,654.15,664.7,693.3,-4.13,1924335,1279105497.99
2025-09-29,TARACHAND,EQ,INE555Z01020,TARA CHAND INFRA SOLN LTD,70.0,71.67,68.1,68.76,70.64,-2.66,98958,6804352.29
2025-09-29,TARAPUR,EQ,INE747K01017,TARAPUR TRANSFORMERS LTD,28.4,28.4,26.25,26.77,27.64,-3.15,45891,1228502.09
2025-09-29,TARC,EQ,INE0EK901012,TARC LIMITED,162.75,163.99,157.0,157.69,162.66,-3.06,301446,47535020.48
2025-09-29,TARIL,EQ,INE763I01026,TRANS & RECTI. LTD,498.9,502.45,487.0,489.1,498.3,-1.85,708935,346740112.83
2025-09-29,TARMAT,EQ,INE924H01018,TARMAT LIMITED,48.43,50.94,48.05,49.77,48.43,2.77,38991,1940582.09
2025-09-29,TARSONS,EQ,INE144Z01023,TARSONS PRODUCTS LIMITED,305.05,310.35,303.1,307.45,307.25,0.07,24113,7413542.14
2025-09-29,TASTYBITE,EQ,INE488B01017,TASTY BITE EATABLES LTD,9013.0,9032.5,8819.0,8852.0,8941.5,-1.0,864,7648128.0
2025-09-29,TATACHEM,EQ,INE092A01019,TATA CHEMICALS LTD,935.0,944.0,922.25,925.4,930.8,-0.58,909596,841740160.61
2025-09-29,TATACOMM,EQ,INE151A01013,TATA COMMUNICATIONS LTD,1618.0,1642.8,1597.3,1613.0,1613.7,-0.04,418238,674617894.0
2025-09-29,TATACONSUM,EQ,INE192A01025,TATA CONSUMER PRODUCT LTD,1119.0,1130.4,1103.0,1123.1,1119.0,0.37,1372491,1541444608.59
2025-09-29,TATAELXSI,EQ,INE670A01012,TATA ELXSI LIMITED,5303.0,5369.5,5258.5,5301.0,5303.0,-0.04,131890,699148890.0
2025-09-29,TATAGOLD,EQ,INF277KA1976,TATAAML-TATAGOLD,11.2,11.36,11.02,11.23,11.08,1.35,42740371,479974346.77
2025-09-29,TATAINVEST,EQ,INE672A01026,TATA INVESTMENT CORP LTD,883.05,912.8,878.0,884.3,866.6,2.04,11600000,10257879858.4
2025-09-29,TATAPOWER,EQ,INE245A01021,TATA POWER CO LTD,384.25,389.45,383.25,388.05,383.8,1.11,3592071,1393903107.7
2025-09-29,TATASTEEL,EQ,INE081A01020,TATA STEEL LIMITED,167.6,170.28,167.56,168.98,167.4,0.94,16832342,2844329079.24
2025-09-29,TATATECH,EQ,INE142M01025,TATA TECHNOLOGIES LIMITED,670.0,679.75,666.8,676.2,667.3,1.33,749442,506772689.55
2025-09-29,TATSILV,EQ,INF277KA1984,TATAAML-TATSILV,13.83,14.4,13.58,14.22,13.5,5.33,36449020,518305074.13
2025-09-29,TATVA,EQ,INE0GK401011,TATVA CHIN PHARM CHEM LTD,1024.8,1025.0,981.5,991.5,1010.6,-1.89,42551,42189316.5
2025-09-29,TBOTEK,EQ,INE673O01025,TBO TEK LIMITED,1509.7,1529.1,1467.0,1476.6,1494.7,-1.21,78278,115585292.89
2025-09-29,TBZ,EQ,INE760L01018,TRIB BHIMJI ZAVERI LTD,182.7,185.7,180.3,181.66,180.93,0.4,118498,21526347.11
2025-09-29,TCI,EQ,INE688A01022,TRANSPORT CORPN OF INDIA,1207.0,1207.0,1176.1,1196.7,1196.6,0.01,18788,22483598.68
2025-09-29,TCIEXP,EQ,INE586V01016,TCI EXPRESS LIMITED,726.5,735.0,720.1,728.15,722.65,0.76,9819,7149705.09
2025-09-29,TCIFINANCE,EQ,INE911B01018,TCI FINANCE LTD,12.61,12.61,12.1,12.1,12.36,-2.1,16762,202820.21
2025-09-29,TCPLPACK,EQ,INE822C01015,TCPL PACKAGING LIMITED,3312.6,3349.5,3251.0,3272.1,3312.6,-1.22,2161,7071008.31
2025-09-29,TCS,EQ,INE467B01029,TATA CONSULTANCY SERV LT,2916.0,2929.3,2894.0,2896.1,2899.1,-0.1,3110035,9006972667.21
2025-09-29,TDPOWERSYS,EQ,INE419M01035,TD POWER SYSTEMS LTD.,286.5,291.48,284.02,288.23,286.58,0.58,1124814,324199522.02
2025-09-29,TEAMGTY,EQ,INE289C01025,TEAM INDIA GUARANTY LTD,259.25,259.25,259.25,259.25,264.5,-1.98,153,39665.25
2025-09-29,TEAMLEASE,EQ,INE985S01024,TEAMLEASE SERVICES LTD.,1791.8,1799.7,1756.5,1775.1,1791.8,-0.93,10787,19148003.44
2025-09-29,TECH,EQ,INF209KB11D8,BIRLASLAMC - TECH,36.0,36.24,35.7,35.93,35.96,-0.08,24839,892465.28
2025-09-29,TECHM,EQ,INE669C01036,TECH MAHINDRA LIMITED,1415.0,1425.0,1391.9,1410.7,1407.7,0.21,2708118,3820341930.37
2025-09-29,TECHNOE,EQ,INE285K01026,TECHNO ELEC & ENG CO. LTD,1292.3,1368.0,1281.4,1332.4,1278.2,4.24,701150,934212277.12
2025-09-29,TECILCHEM,EQ,INE014B01011,TECIL CHEMICALS,18.96,19.35,18.96,18.96,19.35,-2.02,91,1725.36
2025-09-29,TEGA,EQ,INE011K01018,TEGA INDUSTRIES LIMITED,1944.8,1945.9,1868.4,1885.6,1942.1,-2.91,488744,921575674.47
2025-09-29,TEJASNET,EQ,INE010J01012,TEJAS NETWORKS LIMITED,614.8,621.9,589.65,593.85,588.8,0.86,3557977,2112904554.59
2025-09-29,TEMBO,EQ,INE869Y01028,TEMBO GLOBAL IND LTD,59.49,59.49,54.26,57.63,56.45,2.09,1033320,59550232.7
2025-09-29,TERASOFT,EQ,INE482B01010,TERA SOFTWARE LIMITED,460.15,460.15,446.9,460.15,451.15,1.99,18584,8551427.49
2025-09-29,TEXINFRA,EQ,INE435C01024,TEXMACO INFRA & HOLDG LTD,97.73,97.9,94.21,95.21,97.35,-2.2,120916,11512412.25
2025-09-29,TEXMOPIPES,EQ,INE141K01013,TEXMO PIPE & PRODUCTS LTD,55.13,57.18,55.05,55.14,56.19,-1.87,24467,1349110.37
2025-09-29,TEXRAIL,EQ,INE621L01012,TEXMACO RAIL & ENG. LTD.,138.9,140.2,136.9,137.45,138.67,-0.88,842160,115754889.43
2025-09-29,TFCILTD,EQ,INE305A01023,TOURISM FINANCE CORP. OF,72.95,72.95,71.8,72.1,72.6,-0.69,2755071,198640614.9
2025-09-29,TFL,EQ,INE804H01012,TRANSWARRANTY FIN. LTD.,14.34,14.78,13.68,14.24,14.41,-1.18,38023,541447.51
2025-09-29,TGBHOTELS,EQ,INE797H01018,TGB BANQUETS&HOTELS LTD,11.84,12.32,11.73,12.06,11.89,1.43,30511,367962.67
2025-09-29,THANGAMAYL,EQ,INE085J01014,THANGAMAYIL JEWELLERY LTD,2002.0,2064.0,1948.0,1996.7,2016.3,-0.97,30984,61865751.29
2025-09-29,THEINVEST,EQ,INE924D01017,THE INVEST TRUST OF IND L,146.6,147.6,141.05,142.89,143.74,-0.59,11987,1712822.42
2025-09-29,THEJO,EQ,INE121N01019,THEJO ENGINEERING LIMITED,1857.4,1857.4,1800.0,1804.5,1821.0,-0.91,2188,3948246.0
2025-09-29,THELEELA,EQ,INE0AQ201015,LEELA PALACES HOTEL LTD,424.8,424.8,403.65,414.9,419.45,-1.08,1143573,474468430.72
2025-09-29,THEMISMED,EQ,INE083B01024,THEMIS MEDICARE LTD.,131.0,143.89,128.71,130.64,131.83,-0.9,418849,54718433.1
2025-09-29,THERMAX,EQ,INE152A01029,THERMAX LTD,3227.7,3227.7,3121.0,3131.5,3197.7,-2.07,77585,242957427.5
2025-09-29,THOMASCOOK,EQ,INE332A01027,THOMAS COOK (INDIA) LTD,163.9,163.9,156.9,157.21,162.73,-3.39,944088,148420080.82
2025-09-29,THOMASCOTT,EQ,INE480M01011,THOMAS SCOTT (INDIA) LTD,348.25,353.2,330.85,332.8,348.25,-4.44,37213,12384485.95
2025-09-29,THYROCARE,EQ,INE594H01019,THYROCARE TECH LTD,374.67,412.33,363.73,391.97,374.73,4.6,966918,378999633.27
2025-09-29,TI,EQ,INE133E01013,TILAKNAGAR INDUSTRIES LTD,444.4,447.95,435.95,447.0,442.5,1.02,671345,300091215.0
2025-09-29,TIGERLOGS,EQ,INE906O01029,TIGER LOGISTICS (INDIA) L,47.01,49.69,47.0,47.87,47.6,0.57,164242,7862264.36
2025-09-29,TIIL,EQ,INE545H01011,TECHNOCRAFT IND LTD,2358.5,2358.5,2150.5,2181.7,2325.0,-6.16,51642,112667348.88
2025-09-29,TIINDIA,EQ,INE974X01010,TUBE INVEST OF INDIA LTD,3136.1,3156.4,3087.6,3098.6,3129.1,-0.97,142335,441039244.9
2025-09-29,TIMETECHNO,EQ,INE508G01029,TIME TECHNOPLAST LTD.,211.1,220.25,209.5,214.3,210.4,1.85,1604081,343754563.2
2025-09-29,TIMKEN,EQ,INE325A01013,TIMKEN INDIA LTD.,2984.6,3007.3,2937.2,2994.2,2998.2,-0.13,80486,240991177.27
2025-09-29,TINNARUBR,EQ,INE015C01016,TINNA RUBBER AND INFR LTD,927.85,982.6,927.85,960.9,927.85,3.56,64970,62429674.59
2025-09-29,TIPSFILMS,EQ,INE0LQS01015,TIPS FILMS LIMITED,443.0,446.95,431.8,432.65,440.7,-1.83,2905,1256848.23
2025-09-29,TIPSMUSIC,EQ,INE716B01029,TIPS MUSIC LIMITED,599.1,624.6,587.0,596.95,586.6,1.76,413435,246800028.3
2025-09-29,TIRUMALCHM,EQ,INE338A01024,THIRUMALAI CHEMICALS LTD,291.5,293.9,276.3,281.3,292.9,-3.96,742465,208855395.44
2025-09-29,TITAGARH,EQ,INE615H01020,TITAGARH RAIL SYSTEMS LTD,883.0,901.1,882.0,884.65,879.25,0.61,695644,615401481.58
2025-09-29,TITAN,EQ,INE280A01028,TITAN COMPANY LIMITED,3327.0,3418.0,3327.0,3401.2,3327.3,2.22,1452636,4940705492.27
2025-09-29,TMB,EQ,INE668A01016,TAMILNAD MERCA BANK LTD,423.85,427.7,421.85,423.0,423.95,-0.22,55113,23312799.0
2025-09-29,TMPV,EQ,INE155A01022,TATA MOTORS PASS VEH LTD,684.0,685.0,670.0,672.5,672.9,-0.06,13014474,8752233765.0
2025-09-29,TNIDETF,EQ,INF277KA1364,TATAAML - TNIDETF,91.39,93.98,90.18,92.7,90.4,2.54,77271,7163021.46
2025-09-29,TNPETRO,EQ,INE148A01019,TAMILNADU PETROPRODUCTS L,105.0,106.34,101.35,104.13,104.35,-0.21,46469,4838816.84
2025-09-29,TNPL,EQ,INE107A01015,TAMILNADU NEWSPRT & PAPER,150.01,150.8,146.77,148.06,149.51,-0.97,56128,8310311.54
2025-09-29,TNTELE,EQ,INE141D01018,TAMILNADU TELECOMMUNICATI,11.35,11.78,10.83,11.2,11.3,-0.88,19562,219094.4
2025-09-29,TOKYOPLAST,EQ,INE932C01012,TOKYO PLAST INTL LTD,123.0,125.0,120.5,122.54,123.48,-0.76,14576,1786143.05
2025-09-29,TOLINS,EQ,INE0RWQ01014,TOLINS TYRES LIMITED,182.0,182.0,170.0,170.53,176.31,-3.28,383129,65334987.9
2025-09-29,TOP100CASE,EQ,INF0R8F01067,ZERODHAAMC - TOP100CASE,10.69,10.69,10.45,10.55,10.54,0.09,330989,3491934.01
2025-09-29,TOP10ADD,EQ,INF740KA1UR9,DSPAMC - TOP10ADD,94.6,94.67,93.58,93.84,94.13,-0.31,184195,17284858.13
2025-09-29,TOP15IETF,EQ,INF109K1A344,ICICIPRAMC - TOP15IETF,10.37,10.37,10.37,10.37,10.4,-0.3,0,0.0
2025-09-29,TORNTPHARM,EQ,INE685A01028,TORRENT PHARMACEUTICALS L,3562.8,3607.4,3541.0,3586.6,3561.0,0.72,249211,893820196.94
2025-09-29,TORNTPOWER,EQ,INE813H01021,TORRENT POWER LTD,1235.1,1244.9,1220.0,1224.2,1233.3,-0.74,380269,465525291.23
2025-09-29,TOUCHWOOD,EQ,INE486Y01013,TOUCHWOOD ENTERTAIN LTD.,104.8,106.99,98.75,99.63,102.79,-3.07,15774,1571563.58
2025-09-29,TPLPLASTEH,EQ,INE413G01022,TPL PLASTECH LIMITED,73.0,73.0,71.51,71.86,72.72,-1.18,14962,1075169.33
2025-09-29,TRACXN,EQ,INE0HMF01019,TRACXN TECHNOLOGIES LTD,50.07,50.32,49.55,49.81,50.06,-0.5,172664,8600394.08
2025-09-29,TRANSRAILL,EQ,INE454P01035,TRANSRAIL LIGHTING LTD,740.0,750.35,729.0,739.05,734.65,0.6,805655,595419317.92
2025-09-29,TRAVELFOOD,EQ,INE103V01028,TRAVEL FOOD SERVICES LTD,1353.0,1353.0,1295.0,1327.0,1335.7,-0.65,100189,132950803.0
2025-09-29,TREEHOUSE,EQ,INE040M01013,TREE HOUSE EDU LTD,7.72,7.94,7.58,7.83,7.72,1.42,12203,95549.49
2025-09-29,TREJHARA,EQ,INE00CA01015,TREJHARA SOLUTIONS LTD,185.55,185.93,175.32,180.59,183.5,-1.59,16713,3018200.61
2025-09-29,TREL,EQ,INE0O3901029,TRANSINDIA REAL ESTATE L,32.1,32.11,30.1,30.58,31.95,-4.29,99940,3056165.19
2025-09-29,TRENT,EQ,INE849A01020,TRENT LTD,4700.0,4747.0,4686.0,4730.5,4679.0,1.1,815624,3858309332.0
2025-09-29,TRF,EQ,INE391D01019,TRF LIMITED,352.0,356.7,340.0,341.5,344.6,-0.9,19332,6601878.0
2025-09-29,TRIDENT,EQ,INE064C01022,TRIDENT LIMITED,28.69,28.76,28.05,28.14,28.69,-1.92,3530300,99342639.85
2025-09-29,TRIGYN,EQ,INE948A01012,TRIGYN TECHNOLOGIES LTD,91.59,91.6,85.06,85.38,89.61,-4.72,60120,5133045.43
2025-09-29,TRITURBINE,EQ,INE152M01016,TRIVENI TURBINE LIMITED,515.65,523.0,511.95,519.05,515.5,0.69,288508,149750073.88
2025-09-29,TRIVENI,EQ,INE256C01024,TRIVENI ENGG. & INDS. LTD,339.7,341.1,331.3,332.85,337.9,-1.49,142827,47539967.82
2025-09-29,TRU,EQ,INE615R01029,TRUCAP FINANCE LIMITED,9.92,10.97,9.92,10.78,10.45,3.16,1173356,12648777.37
2025-09-29,TSFINV,EQ,INE202Z01029,TSF INVESTMENTS LIMITED,580.0,643.7,569.65,634.6,563.85,12.55,1289260,818164364.52
2025-09-29,TTKHLTCARE,EQ,INE910C01018,TTK HEALTHCARE LIMITED,1172.0,1175.0,1130.5,1135.9,1154.6,-1.62,1559,1770868.14
2025-09-29,TTKPRESTIG,EQ,INE690A01028,TTK PRESTIGE LTD,634.95,641.55,625.0,635.4,634.95,0.07,16067,10208972.19
2025-09-29,TTL,EQ,INE592B01024,T T LIMITED,10.67,10.67,10.21,10.3,10.46,-1.53,79367,817480.12
2025-09-29,TTML,EQ,INE517B01013,TATA TELESERV(MAHARASTRA),55.7,56.29,54.8,54.95,55.57,-1.12,782203,42982055.45
2025-09-29,TVSELECT,EQ,INE236G01019,TVS ELECTRONICS LTD,627.0,680.0,611.4,635.35,622.7,2.03,997695,633885493.89
2025-09-29,TVSHLTD,EQ,INE105A01035,TVS HOLDINGS LIMITED,12750.0,12977.0,12616.0,12859.0,12715.0,1.13,8246,106035314.0
2025-09-29,TVSMOTOR,EQ,INE494B01023,TVS MOTOR COMPANY  LTD,3415.9,3451.0,3387.8,3439.6,3414.4,0.74,743356,2556847370.19
2025-09-29,TVSSCS,EQ,INE395N01027,TVS SUPPLY CHAIN SOL L,124.5,126.95,122.8,125.56,123.8,1.42,535166,67195441.65
2025-09-29,TVSSRICHAK,EQ,INE421C01016,TVS SRICHAKRA LIMITED,3327.5,3350.0,3194.4,3209.1,3300.4,-2.77,4959,15913927.38
2025-09-29,TVTODAY,EQ,INE038F01029,TV TODAY NETWORK LTD,143.5,144.79,141.31,142.55,143.96,-0.98,39896,5687174.92
2025-09-29,UBL,EQ,INE686F01025,UNITED BREWERIES LTD,1788.5,1800.0,1762.3,1794.8,1777.2,0.99,81139,145628281.16
2025-09-29,UCOBANK,EQ,INE691A01018,UCO BANK,29.58,30.38,29.29,29.86,29.44,1.43,17734787,529560750.64
2025-09-29,UDS,EQ,INE851I01011,UPDATER SERVICES LIMITED,246.8,253.7,245.0,248.8,244.85,1.61,180728,44965126.95
2025-09-29,UEL,EQ,INE899L01030,UJAAS ENERGY LIMITED,92.32,94.65,92.32,92.42,97.17,-4.89,7314,675935.48
2025-09-29,UFLEX,EQ,INE516A01017,UFLEX LIMITED,549.0,549.0,540.0,540.3,541.45,-0.21,6219,3360125.62
2025-09-29,UFO,EQ,INE527H01019,UFO MOVIEZ INDIA LTD.,76.59,76.59,71.78,72.2,74.58,-3.19,110935,8009506.66
2025-09-29,UGARSUGAR,EQ,INE071E01023,THE UGAR SUGAR WORKS LTD,43.5,43.5,41.49,42.42,42.4,0.05,142305,6036577.84
2025-09-29,UGROCAP,EQ,INE583D01011,UGRO CAPITAL LIMITED,161.01,172.23,161.01,165.33,161.81,2.18,1425053,235604015.1
2025-09-29,UJJIVANSFB,EQ,INE551W01018,UJJIVAN SMALL FINANC BANK,44.54,46.39,43.88,46.08,44.18,4.3,20163696,929143148.6
2025-09-29,ULTRACEMCO,EQ,INE481G01011,ULTRATECH CEMENT LIMITED,12100.0,12146.0,11962.0,12041.0,12070.0,-0.24,214806,2586479046.0
2025-09-29,UMESLTD,EQ,INE240C01028,USHA MARTIN EDU & SOL LTD,5.75,5.87,5.4,5.74,5.55,3.42,32624,187261.75
2025-09-29,UMIYA-MRO,EQ,INE398B01018,UMIYA BUILDCON LIMITED,86.26,91.0,86.26,88.52,86.14,2.76,118166,10460053.92
2025-09-29,UNICHEMLAB,EQ,INE351A01035,UNICHEM LABORATORIES LTD,483.0,484.95,468.3,472.0,478.9,-1.44,19023,8978856.0
2025-09-29,UNIDT,EQ,INE961D01019,UNITED DRILLING TOOLS LTD,195.62,203.8,193.41,199.37,192.61,3.51,6834,1362494.55
2025-09-29,UNIECOM,EQ,INE00U401027,UNICOMMERCE ESOLUTIONS L,140.4,143.8,139.0,141.5,139.23,1.63,469691,66461276.5
2025-09-29,UNIENTER,EQ,INE037A01022,UNIPHOS ENTERPRISES LTD,149.1,154.84,148.0,148.96,148.04,0.62,15737,2344183.63
2025-09-29,UNIINFO,EQ,INE481Z01011,UNIINFO TELECOM SERVI LTD,18.0,18.0,17.5,17.88,17.43,2.58,1822,32577.36
2025-09-29,UNIMECH,EQ,INE0U3I01011,UNIMECH AEROSPACE N MFG L,1057.5,1063.0,1011.0,1022.6,1043.0,-1.96,66977,68490678.56
2025-09-29,UNIONBANK,EQ,INE692A01016,UNION BANK OF INDIA,134.29,136.83,134.26,135.4,134.08,0.98,8531659,1155186576.53
2025-09-29,UNIPARTS,EQ,INE244O01017,UNIPARTS INDIA LIMITED,405.5,410.65,404.9,405.0,405.2,-0.05,39651,16058655.0
2025-09-29,UNITDSPR,EQ,INE854D01024,UNITED SPIRITS LIMITED,1304.6,1313.6,1300.0,1308.5,1297.4,0.86,829604,1085536834.0
2025-09-29,UNITECH,EQ,INE694A01020,UNITECH LTD,7.45,7.45,7.45,7.45,7.1,4.93,1009521,7520931.26
2025-09-29,UNITEDPOLY,EQ,INE368U01029,UNITED POLYFAB GUJ. LTD.,47.14,50.0,47.14,47.14,49.63,-5.02,329843,15548798.82
2025-09-29,UNITEDTEA,EQ,INE458F01011,UNITED NILGIRI TEA LTD,459.35,469.9,455.5,460.05,461.65,-0.35,1591,731939.53
2025-09-29,UNIVCABLES,EQ,INE279A01012,UNIVERSAL CABLES LTD,718.0,746.95,703.85,708.1,717.9,-1.37,27015,19129320.84
2025-09-29,UNOMINDA,EQ,INE405E01023,UNO MINDA LIMITED,1271.0,1296.9,1263.7,1285.3,1268.9,1.29,969418,1245993002.73
2025-09-29,UPL,EQ,INE628A01036,UPL LIMITED,648.0,654.9,643.25,654.2,648.0,0.96,2520967,1649216642.17
2025-09-29,URBANCO,EQ,INE0CAZ01013,URBAN COMPANY LIMITED,173.21,174.78,168.46,169.9,171.63,-1.01,11957021,2031497794.92
2025-09-29,URJA,EQ,INE550C01020,URJA GLOBAL LIMITED,13.09,13.21,12.98,13.04,13.13,-0.69,947245,12352074.76
2025-09-29,USHAMART,EQ,INE228A01035,USHA MARTIN LTD.,451.15,481.9,451.15,476.45,448.9,6.14,4223294,2012188477.85
2025-09-29,USK,EQ,INE0N0Y01013,UDAYSHIVAKUMAR INFRA LTD,30.75,31.5,30.75,30.91,30.96,-0.16,60894,1882233.53
2025-09-29,UTIAMC,EQ,INE094J01016,UTI ASSET MNGMT CO LTD,1315.2,1331.6,1295.0,1308.1,1310.9,-0.21,95606,125062206.27
2025-09-29,UTKARSHBNK,EQ,INE735W01017,UTKARSH SMALL FIN BANK L,21.1,21.5,20.7,20.97,20.9,0.33,672854,14109747.92
2025-09-29,UTTAMSUGAR,EQ,INE786F01031,UTTAM SUGAR MILLS LTD.,247.9,249.75,243.15,248.15,245.0,1.29,43977,10912892.28
2025-09-29,V2RETAIL,EQ,INE945H01021,V2 RETAIL LIMITED,191.9,207.44,191.9,207.4,188.59,9.97,3653040,757640473.7
2025-09-29,VADILALIND,EQ,INE694D01016,VADILAL INDUSTRIES LTD,5450.0,5487.5,5321.5,5340.0,5428.0,-1.62,10988,58675920.0
2025-09-29,VAIBHAVGBL,EQ,INE884A01027,VAIBHAV GLOBAL LIMITED,232.69,233.78,226.11,226.87,232.48,-2.41,189576,43009106.19
2025-09-29,VAISHALI,EQ,INE972X01022,VAISHALI PHARMA LIMITED,12.0,12.0,11.31,11.5,11.81,-2.62,208477,2397485.5
2025-09-29,VAKRANGEE,EQ,INE051B01021,VAKRANGEE LIMITED,8.32,8.32,8.03,8.2,8.18,0.24,3442162,28225727.74
2025-09-29,VAL30IETF,EQ,INF109KC16X5,ICICIPRAMC - VAL30IETF,13.21,13.39,13.21,13.38,13.14,1.83,48365,647123.71
2025-09-29,VARDMNPOLY,EQ,INE835A01029,VARDHMAN POLYTEX LTD.,9.39,9.39,8.55,8.59,8.6,-0.12,323766,2781149.99
2025-09-29,VARROC,EQ,INE665L01035,VARROC ENGINEERING LTD.,620.0,629.6,597.3,602.1,617.85,-2.55,224022,134883640.73
2025-09-29,VASCONEQ,EQ,INE893I01013,VASCON ENGINEERS LTD,61.88,69.45,61.25,69.38,57.88,19.87,69669787,4833689630.71
2025-09-29,VASWANI,EQ,INE590L01019,VASWANI IND LTD,54.75,55.89,54.0,54.43,54.57,-0.26,12788,696050.84
2025-09-29,VBL,EQ,INE200M01039,VARUN BEVERAGES LIMITED,450.0,453.15,445.4,451.7,444.75,1.56,5440921,2457664082.12
2025-09-29,VEDL,EQ,INE205A01025,VEDANTA LIMITED,451.0,457.55,447.65,452.25,447.95,0.96,11707970,5294929432.5
2025-09-29,VEEDOL,EQ,INE484C01030,VEEDOL CORPORATION LTD,1800.2,1810.0,1755.1,1760.2,1807.0,-2.59,15711,27654501.43
2025-09-29,VENKEYS,EQ,INE398A01010,VENKY S (INDIA) LIMITED,1470.3,1497.1,1450.0,1487.2,1460.9,1.8,26780,39827214.69
2025-09-29,VENTIVE,EQ,INE781S01027,VENTIVE HOSPITALITY LTD,739.95,740.65,701.7,710.1,736.6,-3.6,571467,405798702.75
2025-09-29,VENUSPIPES,EQ,INE0JA001018,VENUS PIPES & TUBES LTD,1343.0,1343.0,1245.7,1287.4,1332.4,-3.38,139066,179033571.8
2025-09-29,VERANDA,EQ,INE0IQ001011,VERANDA LEARNING SOL LTD,216.0,220.12,211.61,215.37,214.29,0.5,115205,24811700.29
2025-09-29,VERTOZ,EQ,INE188Y01031,VERTOZ LIMITED,73.85,75.59,73.01,73.57,73.85,-0.38,127004,9343684.24
2025-09-29,VESUVIUS,EQ,INE386A01023,VESUVIUS INDIA LTD,510.0,516.65,506.85,508.5,509.3,-0.16,70740,35971290.0
2025-09-29,VGL,EQ,INE273D01027,VARVEE GLOBAL LIMITED,81.25,83.0,80.75,81.93,81.15,0.95,19738,1617134.35
2025-09-29,VGUARD,EQ,INE951I01027,V-GUARD IND LTD.,370.6,374.2,362.7,367.0,370.6,-0.97,267641,98224247.0
2025-09-29,VHL,EQ,INE701A01023,VARDHMAN HOLDINGS LIMITED,3766.1,3885.0,3766.1,3810.4,3766.1,1.18,1322,5037348.67
2025-09-29,VIDHIING,EQ,INE632C01026,VIDHI SPCLTY F INGRDNTS L,364.4,365.4,351.1,354.85,360.55,-1.58,6529,2316815.69
2025-09-29,VIJAYA,EQ,INE043W01024,VIJAYA DIAGNOSTIC CEN LTD,1020.0,1028.0,1005.0,1018.5,1019.9,-0.14,91158,92844423.0
2025-09-29,VIKASECO,EQ,INE806A01020,VIKAS ECOTECH LIMITED,2.0,2.02,1.98,1.99,2.0,-0.5,2392127,4760332.75
2025-09-29,VIKASLIFE,EQ,INE161L01027,VIKAS LIFECARE LIMITED,2.21,2.23,2.2,2.2,2.21,-0.45,1885701,4148542.29
2025-09-29,VIKRAMSOLR,EQ,INE078V01014,VIKRAM SOLAR LIMITED,325.95,326.5,320.0,321.6,323.3,-0.53,1306446,420153041.57
2025-09-29,VIKRAN,EQ,INE01R501028,VIKRAN ENGINEERING LTD,98.0,101.13,97.36,99.58,96.99,2.67,7337771,730695249.62
2025-09-29,VIMTALABS,EQ,INE579C01029,VIMTA LABS LIMITED,729.0,731.0,687.0,694.85,728.65,-4.64,891697,619595638.68
2025-09-29,VINATIORGA,EQ,INE410B01037,VINATI ORGANICS LTD,1719.4,1849.9,1711.9,1787.1,1720.0,3.9,275819,492916128.17
2025-09-29,VINCOFE,EQ,INE498Q01014,VINTAGE COFFEE N BVRGS L,148.63,148.63,145.0,145.04,147.99,-1.99,1469048,213070712.06
2025-09-29,VINDHYATEL,EQ,INE707A01012,VINDHYA TELELINKS LTD,1428.3,1430.9,1400.0,1402.9,1428.3,-1.78,5319,7462025.23
2025-09-29,VINEETLAB,EQ,INE505Y01010,VINEET LABORATORIES LTD,36.9,42.48,36.9,37.69,35.4,6.47,817256,30802377.52
2025-09-29,VINNY,EQ,INE01KI01027,VINNY OVERSEAS LIMITED,1.31,1.31,1.24,1.26,1.29,-2.33,719710,906834.59
2025-09-29,VINYLINDIA,EQ,INE250B01029,VINYL CHEMICALS (I) LTD.,286.0,291.4,285.55,288.0,281.8,2.2,8721,2511648.0
2025-09-29,VIPCLOTHNG,EQ,INE450G01024,VIP CLOTHING LIMITED,35.55,36.19,33.81,34.03,35.66,-4.57,647937,22049295.32
2025-09-29,VIPIND,EQ,INE054A01027,VIP INDUSTRIES LTD,410.0,422.0,404.05,418.1,409.45,2.11,326963,136703232.3
2025-09-29,VIRINCHI,EQ,INE539B01017,VIRINCHI LIMITED,27.75,28.3,27.0,27.58,27.75,-0.61,89974,2481482.91
2025-09-29,VISACHROME,EQ,INE286H01012,VISA CHROME LIMITED,39.12,39.12,39.12,39.12,41.18,-5.0,6970,272666.39
2025-09-29,VISAKAIND,EQ,INE392A01021,VISAKA INDUSTRIES LIMITED,80.0,80.0,75.88,76.89,79.88,-3.74,88108,6774624.07
2025-09-29,VISHNU,EQ,INE270I01022,VISHNU CHEMICALS LIMITED,474.8,477.3,452.9,455.05,472.45,-3.68,147861,67284146.25
2025-09-29,VISHWARAJ,EQ,INE430N01022,VISHWARAJ SUGAR IND LTD,7.97,8.11,7.9,7.98,7.97,0.13,452933,3614405.35
2025-09-29,VITAL,EQ,INE0L4K01016,VITAL CHEMTECH LIMITED,56.95,58.4,56.95,58.4,56.95,2.55,7200,420480.01
2025-09-29,VIVIANA,EQ,INE0MEG01014,VIVIANA POWER TECH LTD,1600.0,1714.95,1600.0,1645.55,1566.7,5.03,26250,43195688.78
2025-09-29,VIVIDHA,EQ,INE370E01029,VISAGAR POLYTEX LTD,0.81,0.91,0.76,0.81,0.76,6.58,2547664,2063607.85
2025-09-29,VIYASH,EQ,INE807F01027,VIYASH SCIENTIFIC LIMITED,190.43,192.5,183.31,184.18,189.53,-2.82,644859,118770125.9
2025-09-29,VLEGOV,EQ,INE03HW01020,VL E GOV AND IT SOL LTD,29.5,29.57,28.21,28.41,29.7,-4.34,323676,9195635.11
2025-09-29,VLSFINANCE,EQ,INE709A01018,VLS FINANCE LTD,218.0,221.45,216.01,219.26,219.93,-0.3,8973,1967419.93
2025-09-29,VMART,EQ,INE665J01013,VMART RETAIL LTD,717.2,725.2,702.65,707.05,723.4,-2.26,64865,45862797.46
2025-09-29,VMM,EQ,INE01EA01019,VISHAL MEGA MART LIMITED,144.65,149.6,140.8,146.91,143.95,2.06,16693881,2452498118.84
2025-09-29,VMSTMT,EQ,INE0SJA01013,VMS TMT LIMITED,85.42,85.42,85.42,85.42,89.92,-5.0,87822,7501755.08
2025-09-29,VOLTAMP,EQ,INE540H01012,VOLTAMP TRANSFORMERS LTD,6996.0,7180.0,6944.0,7134.0,6997.0,1.96,31783,226739922.0
2025-09-29,VOLTAS,EQ,INE226A01021,VOLTAS LTD,1335.0,1383.0,1333.6,1374.5,1340.2,2.56,1315242,1807800129.0
2025-09-29,VPRPL,EQ,INE0AE001013,VISHNU PRAKASH R PUNGLI L,92.55,96.23,91.72,94.06,93.15,0.98,1870632,175951641.35
2025-09-29,VRAJ,EQ,INE0S2V01010,VRAJ IRON AND STEEL LTD,148.0,150.59,147.05,147.39,148.52,-0.76,16210,2389191.89
2025-09-29,VRLLOG,EQ,INE366I01010,VRL LOGISTICS LIMITED,272.55,276.1,270.0,273.45,271.1,0.87,72445,19810086.13
2025-09-29,VSSL,EQ,INE050M01012,VARDHMAN SPC STEEL LTD,270.3,293.4,264.4,283.35,268.65,5.47,701126,198664056.38
2025-09-29,VSTIND,EQ,INE710A01016,VST INDUSTRIES LTD,262.55,262.55,257.0,257.75,261.0,-1.25,135197,34847026.75
2025-09-29,VSTL,EQ,INE0QTF01015,VIBHOR STEEL TUBES LTD,158.4,158.4,154.7,156.17,155.29,0.57,9940,1552329.78
2025-09-29,VSTTILLERS,EQ,INE764D01017,VST TILLERS TRACTORS LTD,5180.0,5180.0,5027.5,5081.5,5086.5,-0.1,6827,34691400.5
2025-09-29,VTL,EQ,INE825A01020,VARDHMAN TEXTILES LIMITED,417.2,421.85,406.1,409.7,417.2,-1.8,264222,108251756.63
2025-09-29,WAAREEENER,EQ,INE377N01017,WAAREE ENERGIES LIMITED,3225.0,3303.0,3142.7,3280.8,3207.6,2.28,2635871,8647765705.5
2025-09-29,WAAREEINDO,EQ,INE866K01023,INDOSOLAR LIMITED,531.95,531.95,531.95,531.95,506.65,4.99,2361,1255933.98
2025-09-29,WAAREERTL,EQ,INE299N01021,WAAREE RENEWABLE TECH LTD,1011.6,1102.6,1002.7,1062.0,1011.6,4.98,580155,616124610.0
2025-09-29,WABAG,EQ,INE956G01038,VA TECH WABAG LTD,1438.0,1459.8,1412.2,1418.2,1451.6,-2.3,268589,380912906.69
2025-09-29,WALCHANNAG,EQ,INE711A01022,WALCHANDNAGAR INDUSTRIES,193.7,195.0,184.0,186.25,188.91,-1.41,157004,29241995.0
2025-09-29,WANBURY,EQ,INE107F01022,WANBURY LIMITED,246.55,253.9,246.55,250.05,246.55,1.42,66132,16536306.8
2025-09-29,WCIL,EQ,INE0CJF01024,WESTERN CARRIERS (IND) L,131.08,134.5,130.1,132.25,131.08,0.89,257710,34082147.5
2025-09-29,WEALTH,EQ,INE658T01017,WEALTH FRST PORT. MG. LTD,1151.0,1179.8,1151.0,1166.6,1164.0,0.22,2596,3028493.54
2025-09-29,WEBELSOLAR,EQ,INE855C01023,WEBSOL ENERGY SYSTEM LTD,125.29,126.99,123.46,124.85,121.54,2.72,2112560,263753112.78
2025-09-29,WEIZMANIND,EQ,INE080A01014,WEIZMANN LTD,110.94,110.98,108.21,108.65,108.66,-0.01,564,61278.6
2025-09-29,WEL,EQ,INE02WG01024,WONDER ELECTRICALS LTD,148.22,156.5,142.59,143.74,148.96,-3.5,70995,10204821.69
2025-09-29,WELCORP,EQ,INE191B01025,WELSPUN CORP LIMITED,860.9,872.0,840.5,846.1,860.9,-1.72,257306,217706600.32
2025-09-29,WELENT,EQ,INE625G01013,WELSPUN ENTERPRISES LTD.,499.95,511.35,499.95,500.4,499.8,0.12,132846,66476137.59
2025-09-29,WELSPUNLIV,EQ,INE192B01031,WELSPUN LIVING LIMITED,116.8,117.52,114.12,114.67,116.47,-1.55,1202604,137902598.48
2025-09-29,WENDT,EQ,INE274C01019,WENDT (INDIA) LIMITED,8954.0,9000.0,8860.0,8889.0,8850.5,0.44,14862,132108318.0
2025-09-29,WESTLIFE,EQ,INE274F01020,WESTLIFE FOODWORLD LTD,684.1,763.8,656.65,696.55,683.8,1.86,1805311,1257489355.01
2025-09-29,WEWIN,EQ,INE082W01014,WE WIN LIMITED,51.83,51.83,48.68,50.23,49.69,1.09,4944,248337.12
2025-09-29,WHEELS,EQ,INE715A01015,WHEELS INDIA LTD,880.8,918.9,880.45,900.0,863.5,4.23,365926,329333400.0
2025-09-29,WHIRLPOOL,EQ,INE716A01013,WHIRLPOOL OF INDIA LTD,1232.6,1236.1,1189.8,1200.9,1232.6,-2.57,138880,166780995.39
2025-09-29,WILLAMAGOR,EQ,INE210A01017,WILLIAMSON MAGOR,34.4,34.99,32.65,33.4,32.82,1.77,16039,535702.62
2025-09-29,WINDLAS,EQ,INE0H5O01029,WINDLAS BIOTECH LIMITED,918.0,924.8,906.55,907.65,922.7,-1.63,27770,25205441.18
2025-09-29,WINDMACHIN,EQ,INE052A01021,WINDSOR MACHINES LIMITED,287.4,288.05,273.05,286.35,283.95,0.85,96910,27750179.09
2025-09-29,WIPL,EQ,INE215F01023,THE WESTERN INDIA PLY LTD,172.5,172.5,167.0,168.02,168.76,-0.44,963,161803.26
2025-09-29,WIPRO,EQ,INE075A01022,WIPRO LTD,236.88,240.79,236.29,239.64,235.75,1.65,8894412,2131456886.25
2025-09-29,WOCKPHARMA,EQ,INE049B01025,WOCKHARDT LIMITED,1365.0,1588.0,1362.0,1564.4,1336.5,17.05,11265455,17623678077.04
2025-09-29,WONDERLA,EQ,INE066O01014,WONDERLA HOLIDAYS LTD.,612.35,616.6,552.5,563.15,612.35,-8.03,480653,270679748.68
2025-09-29,WORTHPERI,EQ,INE196Y01018,WORTH PERIPHERALS LIMITED,158.4,158.4,150.63,152.64,154.54,-1.23,5365,818913.6
2025-09-29,WSI,EQ,INE100D01014,W.S.INDUSTRIES (I) LTD.,74.45,76.8,74.21,75.7,74.45,1.68,46816,3543971.06
2025-09-29,WSTCSTPAPR,EQ,INE976A01021,WEST COAST PAPER MILLS LT,462.0,467.4,459.9,464.5,462.45,0.44,18343,8520323.5
2025-09-29,XCHANGING,EQ,INE692G01013,XCHANGING SOLUTIONS LTD,83.52,86.5,83.52,85.02,84.43,0.7,55542,4722180.65
2025-09-29,XELPMOC,EQ,INE01P501012,XELPMOC DESIGN & TECH LTD,101.22,102.9,98.32,100.08,101.22,-1.13,21544,2156123.56
2025-09-29,XPROINDIA,EQ,INE445C01015,XPRO INDIA LIMITED,1147.2,1165.9,1117.7,1128.1,1141.5,-1.17,24160,27254895.41
2025-09-29,XTGLOBAL,EQ,INE547B01028,XTGLOBAL INFOTECH LIMITED,40.2,42.31,39.31,39.86,39.69,0.43,62036,2472755.0
2025-09-29,YASHO,EQ,INE616Z01012,YASHO INDUSTRIES LIMITED,1687.0,1687.0,1610.0,1652.1,1654.7,-0.16,11156,18430827.33
2025-09-29,YATHARTH,EQ,INE0JO301016,YATHARTH HOSP & TRA C S L,782.75,784.15,746.45,750.0,781.35,-4.01,624318,468238500.0
2025-09-29,YATRA,EQ,INE0JR601024,YATRA ONLINE LIMITED,141.99,143.4,138.98,141.22,140.55,0.48,634912,89662273.42
2025-09-29,YESBANK,EQ,INE528G01035,YES BANK LIMITED,21.02,21.34,21.01,21.04,20.97,0.33,69388119,1459926087.29
2025-09-29,YUKEN,EQ,INE384C01016,YUKEN INDIA LIMITED,975.9,986.8,955.0,977.8,971.2,0.68,3269,3196428.16
2025-09-29,ZAGGLE,EQ,INE07K301024,ZAGGLE PREPA OCEAN SER L,352.75,353.7,344.55,350.05,348.85,0.34,484466,169587317.39
2025-09-29,ZEEL,EQ,INE256A01028,ZEE ENTERTAINMENT ENT LTD,112.99,114.59,111.8,112.67,112.59,0.07,9346752,1053098530.73
2025-09-29,ZEELEARN,EQ,INE565L01011,ZEE LEARN LIMITED,8.92,9.48,8.92,9.19,9.19,0.0,712355,6546542.15
2025-09-29,ZEEMEDIA,EQ,INE966H01019,ZEE MEDIA CORPORATION LTD,11.79,11.79,11.2,11.32,11.51,-1.65,1643199,18601012.18
2025-09-29,ZENITHEXPO,EQ,INE058B01018,ZENITH EXPORTS LTD,247.05,247.05,240.5,246.15,249.55,-1.36,249,61291.35
2025-09-29,ZENITHSTL,EQ,INE318D01020,ZENITH STEEL PIP IND LTD,7.07,7.1,6.73,6.99,7.05,-0.85,122060,853199.37
2025-09-29,ZENSARTECH,EQ,INE520A01027,ZENSAR TECHNOLOGIES  LTD,782.95,782.95,746.05,749.55,774.4,-3.21,602533,451628602.79
2025-09-29,ZENTEC,EQ,INE251B01027,ZEN TECHNOLOGIES LIMITED,1505.5,1513.2,1425.8,1426.4,1500.8,-4.96,473396,675252065.96
2025-09-29,ZFCVINDIA,EQ,INE342J01019,ZF COM VE CTR SYS IND LTD,2098.5,2115.5,2055.83,2079.33,2096.67,-0.83,184368,383362513.0
2025-09-29,ZIMLAB,EQ,INE518E01015,ZIM LABORATORIES LIMITED,75.99,75.99,71.1,71.52,73.23,-2.34,28729,2054697.98
2025-09-29,ZODIAC,EQ,INE761Y01019,ZODIAC ENERGY LIMITED,387.0,405.9,387.0,390.25,394.45,-1.06,15469,6036777.25
2025-09-29,ZODIACLOTH,EQ,INE206B01013,ZODIAC CLOTHING CO. LTD.,98.91,100.0,94.0,95.65,98.64,-3.03,23462,2244140.34
2025-09-29,ZOTA,EQ,INE358U01012,ZOTA HEALTH CARE LIMITED,1426.2,1430.0,1395.0,1400.5,1429.8,-2.05,39015,54640507.5
2025-09-29,ZUARI,EQ,INE840M01016,ZUARI AGRO CHEMICALS LTD,290.45,291.95,272.8,272.8,287.15,-5.0,477856,130359110.97
2025-09-29,ZUARIIND,EQ,INE217A01012,ZUARI INDUSTRIES LIMITED,377.1,395.85,359.0,363.6,381.7,-4.74,1158510,421234243.07
2025-09-29,ZYDUSLIFE,EQ,INE010B01027,ZYDUS LIFESCIENCES LTD,975.0,995.35,975.0,992.1,975.0,1.75,1029788,1021652649.66
2025-09-29,ZYDUSWELL,EQ,INE768C01028,ZYDUS WELLNESS LIMITED,482.8,498.5,470.1,486.5,482.3,0.87,364292,177228058.0
