date,symbol,series,isin,name,open,high,low,close,prev_close,chg_pct,volume,value
2025-09-23,3IINFOLTD,BE,INE748C01038,3I INFOTECH LIMITED,23.03,23.32,23.03,23.11,23.04,0.29,210740,4869541.52
2025-09-23,AARTECH,BE,INE01C001026,AARTECH SOLONICS LIMITED,55.0,55.66,54.05,54.28,54.99,-1.29,53955,2928677.33
2025-09-23,AARTISURF,BE,INE09EO01013,AARTI SURFACTANTS LIMITED,486.6,489.95,475.05,478.05,484.85,-1.4,8393,4012273.55
2025-09-23,ABAN,BE,INE421A01028,ABAN OFFSHORE LTD.,43.15,43.99,42.95,43.45,43.88,-0.98,50544,2196136.84
2025-09-23,ABINFRA,BE,INE00YB01025,A B INFRABUILD LIMITED,18.88,19.99,18.7,18.84,19.03,-1.0,2289120,43138464.83
2025-09-23,ABMINTLLTD,BE,INE251C01025,ABM INTERNATIONAL LTD,41.87,41.87,41.86,41.87,41.87,0.0,409,17124.83
2025-09-23,ACCURACY,BE,INE648Z01023,ACCURACY SHIPPING LIMITED,7.44,7.44,7.2,7.28,7.25,0.41,66721,485728.89
2025-09-23,AHLWEST,BE,INE915K01010,ASIAN HOTELS (WEST) LTD,144.15,144.15,144.15,144.15,144.15,0.0,0,0.0
2025-09-23,AKI,BE,INE642Z01026,AKI INDIA LIMITED,10.48,10.48,9.53,9.88,10.04,-1.59,118946,1175186.49
2025-09-23,AKSHARCHEM,BE,INE542B01011,AKSHARCHEM INDIA LIMITED,269.25,271.45,262.2,265.4,268.4,-1.12,5851,1552855.36
2025-09-23,AKSHOPTFBR,BE,INE523B01011,AKSH OPTIFIBRE  LTD,7.68,7.94,7.68,7.83,7.75,1.03,101880,797720.39
2025-09-23,ALPHAGEO,BE,INE137C01018,ALPHAGEO (INDIA) LIMITED,254.02,259.18,249.01,249.73,256.47,-2.63,9393,2345713.85
2025-09-23,AMANTA,BE,INE084K01015,AMANTA HEALTHCARE LIMITED,148.15,154.4,145.2,146.82,143.77,2.12,1591935,233727908.36
2025-09-23,AMDIND,BE,INE005I01014,AMD INDUSTRIES LIMITED,63.82,64.8,60.2,61.42,63.83,-3.78,110765,6803186.1
2025-09-23,ANMOL,BE,INE02AR01019,ANMOL INDIA LIMITED,15.89,16.08,15.8,15.93,15.89,0.25,16333,260184.69
2025-09-23,APTECHT,BE,INE266F01018,APTECH LIMITED,129.3,129.3,125.0,126.67,128.56,-1.47,87122,11035743.58
2025-09-23,ARIES,BE,INE298I01015,ARIES AGRO LTD.,405.85,413.05,389.95,392.2,410.4,-4.43,92044,36099657.92
2025-09-23,ASAHISONG,BE,INE228I01012,ASAHI SONGWON COLOR LTD,286.4,289.85,284.05,288.05,284.1,1.39,5864,1689125.13
2025-09-23,ASMS,BE,INE855F01042,AVIO SMART MRKT STACK LTD,15.15,15.65,14.7,15.02,15.4,-2.47,208607,3133277.24
2025-09-23,AVG,BE,INE680Z01018,AVG LOGISTICS LIMITED,238.7,239.46,227.42,230.41,231.11,-0.3,8031,1850422.74
2025-09-23,BAFNAPH,BE,INE878I01022,BAFNA PHARMACEUTICALS LTD,152.0,152.34,148.0,152.34,145.09,5.0,32255,4913726.58
2025-09-23,BASML,BE,INE186H01022,BANNARI AM SPIN MILL LTD.,27.5,27.73,26.66,26.84,27.16,-1.18,333934,8962788.61
2025-09-23,BGRENERGY,BE,INE661I01014,BGR ENERGY SYSTEMS LTD,259.0,259.0,244.44,245.06,257.31,-4.76,429313,105207442.73
2025-09-23,BHAGERIA,BE,INE354C01027,BHAGERIA INDUSTRIES LTD,180.4,184.9,176.5,179.68,179.59,0.05,108859,19559784.32
2025-09-23,BHARATGEAR,BE,INE561C01019,BHARAT GEARS LTD,109.21,109.8,105.3,105.75,109.21,-3.17,94613,10005324.75
2025-09-23,BILVYAPAR,BE,INE071A01013,BIL VYAPAR LIMITED,13.01,13.39,12.95,13.1,12.89,1.63,42451,556108.12
2025-09-23,BLISSGVS,BE,INE416D01022,BLISS GVS PHARMA LTD,151.0,153.0,150.37,151.22,151.52,-0.2,157081,23753789.01
2025-09-23,BURNPUR,BE,INE817H01022,BURNPUR CEMENT LIMITED,33.0,33.0,33.0,33.0,33.0,0.0,0,0.0
2025-09-23,BYKE,BE,INE319B01014,THE BYKE HOSPITALITY LTD,69.0,70.77,68.62,69.27,68.52,1.09,53889,3732890.85
2025-09-23,CALSOFT,BE,INE526B01014,CALIFORNIA SOFTWARE CO LT,14.71,15.4,14.71,14.78,14.94,-1.07,9658,142745.24
2025-09-23,CAPTRUST,BE,INE707C01018,CAPITAL TRUST LIMITED,44.18,44.69,43.0,43.63,44.22,-1.33,11149,486430.88
2025-09-23,CHEMBONDCH,BE,INE0TGX01019,CHEMBOND CHEMICAL LIMITED,188.89,190.15,180.06,181.31,183.64,-1.27,38638,7005455.69
2025-09-23,CHEMCON,BE,INE03YM01018,CHEMCON SPECIAL CHEM LTD,261.69,264.3,246.7,253.61,258.74,-1.98,390801,99111041.85
2025-09-23,CONSOFINVT,BE,INE025A01027,CONSO. FIN. & HOLD. LTD.,195.67,195.67,193.35,193.49,194.92,-0.73,1970,381175.31
2025-09-23,COUNCODOS,BE,INE695B01025,COUNTRY CONDO S LIMITED,7.71,7.72,7.35,7.38,7.63,-3.28,48141,355280.59
2025-09-23,CTE,BE,INE627H01017,CAMBRIDGE TECH ENTER LTD,41.25,42.4,40.15,41.25,41.25,0.0,80274,3311302.5
2025-09-23,CURAA,BE,INE117B01020,CURA TECHNOLOGIES LIMITED,209.2,209.2,209.2,209.2,199.25,4.99,36,7531.2
2025-09-23,CYBERMEDIA,BE,INE278G01037,CYBER MEDIA (INDIA) LTD.,18.98,18.98,18.1,18.32,18.66,-1.82,11186,204927.52
2025-09-23,CYBERTECH,BE,INE214A01019,CYBERTECH SYSTEMS & SOFTW,171.48,172.0,164.21,167.2,164.69,1.52,131142,21926942.0
2025-09-23,DAMODARIND,BE,INE497D01022,DAMODAR INDUSTRIES LTD,36.7,36.7,35.4,35.78,35.88,-0.28,2033,72740.74
2025-09-23,DBSTOCKBRO,BE,INE921B01025,DB (INT) STOCK BROKERS,25.84,26.59,25.6,26.12,25.72,1.56,16143,421655.17
2025-09-23,DELPHIFX,BE,INE726L01027,DELPHI WORLD MONEY LTD,14.56,15.28,14.39,15.24,14.55,4.73,635953,9692218.33
2025-09-23,DIACABS,BE,INE989C01038,DIAMOND POWER INFRA LTD,161.54,167.0,158.83,162.51,161.7,0.5,3238920,526356871.41
2025-09-23,DIGJAMLMTD,BE,INE731U01028,DIGJAM LTD,57.0,59.7,55.6,58.64,56.88,3.09,8455,495801.19
2025-09-23,DPSCLTD,BE,INE360C01024,DPSC LIMITED,12.67,12.86,12.49,12.56,12.67,-0.87,105521,1325343.8
2025-09-23,DPWIRES,BE,INE864X01013,D P WIRES LIMITED,261.34,262.8,255.0,258.97,261.34,-0.91,33229,8605314.17
2025-09-23,DSKULKARNI,BE,INE891A01022,DS KULKARNI DEVELOPERS L,13.55,13.55,13.55,13.55,13.55,0.0,0,0.0
2025-09-23,DTIL,BE,INE341R01014,DHUNSERI TEA & IND. LTD.,192.74,192.74,186.65,187.41,189.63,-1.17,13744,2575763.09
2025-09-23,E2E,BE,INE255Z01027,E2E NETWORKS LIMITED,323.99,335.13,323.0,335.13,319.18,5.0,1900160,636800630.08
2025-09-23,EASTSILK,BE,INE962C01035,EASTERN SILK INDUSTRIES L,40.99,40.99,40.99,40.99,40.99,0.0,0,0.0
2025-09-23,EIFFL,BE,INE546V01010,EURO (I) FRESH FOODS LTD,225.0,229.0,225.0,227.0,230.4,-1.48,9910,2249570.0
2025-09-23,EMAMIPAP,BE,INE830C01026,EMAMI PAPER MILLS LIMITED,102.35,103.46,101.5,101.65,102.03,-0.37,12219,1242061.37
2025-09-23,EMMBI,BE,INE753K01015,EMMBI INDUSTRIES LIMITED,106.65,106.75,104.78,106.72,104.95,1.69,8922,952155.85
2025-09-23,EQUIPPP,BE,INE217G01035,EQUIPPP SOC IMP TECH LTD,20.09,20.64,19.81,20.64,19.66,4.98,21263,438868.31
2025-09-23,ESAFSFB,BE,INE818W01011,ESAF SMALL FINANCE BANK L,29.26,29.49,29.05,29.32,29.25,0.24,212221,6222319.66
2025-09-23,EUROTEXIND,BE,INE022C01012,EUROTEX IND & EXPORTS LTD,16.3,16.3,15.21,15.98,15.18,5.27,816,13039.68
2025-09-23,EVERESTIND,BE,INE295A01018,EVEREST INDUSTRIES LTD,687.95,723.8,687.95,713.65,687.95,3.74,27694,19763823.78
2025-09-23,FAIRCHEMOR,BE,INE0DNW01011,FAIRCHEM ORGANICS LIMITED,815.0,817.95,784.6,792.9,801.25,-1.04,8775,6957697.71
2025-09-23,FLEXITUFF,BE,INE060J01017,FLEXITUFF VENTURES INT L,25.98,25.98,25.25,25.72,25.92,-0.77,3023,77751.56
2025-09-23,FOCUS,BE,INE593W01028,FOCUS LIGHTG & FIXTRS LTD,94.94,95.0,93.24,93.94,94.39,-0.48,17838,1675701.76
2025-09-23,GANESHBE,BE,INE388A01029,GANESH BENZOPLAST LIMITED,92.48,92.9,90.0,91.19,92.48,-1.39,133116,12138848.36
2025-09-23,GATECH,BE,INE224E01028,GACM TECHNOLOGIES LIMITED,0.83,0.89,0.83,0.89,0.81,9.88,45980586,40922720.88
2025-09-23,GATECHDVR,BE,INE224E01036,GACM TECHNOLOGIES LIMITED,0.64,0.64,0.64,0.64,0.61,4.92,848090,542777.59
2025-09-23,GEECEE,BE,INE916G01016,GEECEE VENTURES LIMITED,374.5,376.9,365.75,369.45,368.8,0.18,3568,1318197.64
2025-09-23,GFSTEELS,BE,INE534A01028,GRAND FOUNDRY LTD,10.21,10.21,10.21,10.21,10.21,0.0,0,0.0
2025-09-23,GICL,BE,INE947T01022,GLOBE INTL CARRIERS LTD,149.1,164.95,146.5,153.85,149.9,2.64,88500,13615725.54
2025-09-23,GINNIFILA,BE,INE424C01010,GINNIFILAMENTS LTD.,42.75,45.83,42.62,45.23,43.65,3.62,41046,1856510.56
2025-09-23,GOLDTECH,BE,INE805A01014,AION-TECH SOLUTIONS LTD,69.0,69.0,66.1,67.07,67.58,-0.75,19868,1332546.75
2025-09-23,GULFPETRO,BE,INE586G01017,GP PETROLEUMS LIMITED,41.93,41.93,40.95,41.28,41.14,0.34,26440,1091443.17
2025-09-23,GVKPIL,BE,INE251H01024,GVK POW. & INFRA LTD.,3.75,3.82,3.75,3.75,3.83,-2.09,491006,1841272.5
2025-09-23,GVPTECH,BE,INE382T01030,GVP INFOTECH LIMITED,9.97,10.13,9.73,9.92,10.06,-1.39,56984,565281.28
2025-09-23,HEG,BE,INE545A01024,HEG LIMITED,519.0,529.7,516.35,519.35,517.2,0.42,758187,393764399.94
2025-09-23,HFCL,BE,INE548A01028,HFCL LIMITED,74.89,75.96,73.96,75.34,74.85,0.65,9392547,707634456.58
2025-09-23,HITECHCORP,BE,INE120D01012,HITECH CORPORATION LTD,204.83,206.9,200.8,203.4,205.98,-1.25,3808,774547.18
2025-09-23,HITECHGEAR,BE,INE127B01011,THE HI-TECH GEARS LIMITED,748.55,780.7,747.95,775.9,744.85,4.17,5779,4483926.24
2025-09-23,HMVL,BE,INE871K01015,HINDUSTAN MEDIA VENT LTD,85.32,85.95,85.0,85.0,85.32,-0.38,17802,1513170.0
2025-09-23,HYBRIDFIN,BE,INE965B01022,HYBRID FINANCIAL SERVICE,14.42,14.99,14.26,14.71,14.35,2.51,8207,120724.97
2025-09-23,ICDSLTD,BE,INE613B01010,ICDSLTD,56.49,57.02,54.31,54.94,54.31,1.16,11943,656148.4
2025-09-23,INDOAMIN,BE,INE760F01028,INDO AMINES LIMITED,145.45,145.45,140.7,141.14,144.01,-1.99,74755,10550920.65
2025-09-23,IVP,BE,INE043C01018,IVP LIMITED,167.71,170.05,161.85,163.64,169.85,-3.66,11058,1809531.11
2025-09-23,KALYANIFRG,BE,INE314G01014,KALYANI FORGE LIMITED,692.6,709.4,676.5,682.75,692.6,-1.42,828,565317.0
2025-09-23,KAMDHENU,BE,INE390H01020,KAMDHENU LIMITED,28.35,28.6,27.95,28.19,28.27,-0.28,516144,14550099.64
2025-09-23,KANORICHEM,BE,INE138C01024,KANORIACHEMICALS-,82.5,83.5,81.82,82.76,82.59,0.21,8504,703791.06
2025-09-23,KAUSHALYA,BE,INE234I01028,KAUSHALYA INFRA DEV LTD.,1106.0,1162.7,1069.0,1162.7,1107.4,4.99,1315,1528950.44
2025-09-23,KAVDEFENCE,BE,INE641C01019,KAVVERI DFS & WIR TEC LTD,117.0,121.56,116.0,121.56,115.78,4.99,419922,51045717.29
2025-09-23,KAYA,BE,INE587G01015,KAYA LIMITED,474.0,487.9,450.1,482.45,464.7,3.82,36531,17624381.4
2025-09-23,KCPSUGIND,BE,INE790B01024,KCPSUGARINDUS,32.57,32.69,32.1,32.26,32.57,-0.95,72210,2329494.48
2025-09-23,KESORAMIND,BE,INE087A01019,KESORAM INDUSTRIES LTD,5.95,5.98,5.72,5.72,6.03,-5.14,2052266,11738961.09
2025-09-23,KHADIM,BE,INE834I01025,KHADIM INDIA LIMITED,287.55,292.78,280.63,281.73,288.43,-2.32,112141,31593485.16
2025-09-23,KILITCH,BE,INE729D01010,KILITCH DRUGS INDIA LTD,177.68,178.6,175.05,175.4,176.23,-0.47,14098,2472789.11
2025-09-23,KOTARISUG,BE,INE419A01022,KOTHARI SUG & CHEM LTD.,32.55,33.0,32.0,32.06,32.55,-1.51,33241,1065706.51
2025-09-23,KOTYARK,BE,INE0J0B01017,KOTYARK INDUSTRIES LTD,27.48,27.81,27.0,27.24,27.79,-2.0,39600,1078559.95
2025-09-23,KRONOX,BE,INE0ATZ01017,KRONOX LAB SCIENCES LTD,167.0,168.75,163.85,164.84,167.08,-1.34,56518,9316426.91
2025-09-23,LANCORHOL,BE,INE572G01025,LANCOR HOLDINGS LIMITED,23.26,23.26,22.6,22.84,23.41,-2.43,35817,818060.29
2025-09-23,LOTUSDEV,BE,INE0V9Q01010,SRI LOTUS DEVLPRS N RTY L,188.3,189.5,184.1,185.39,188.3,-1.55,1086524,201430683.7
2025-09-23,LYKALABS,BE,INE933A01014,LYKA LABS LTD.,101.9,101.9,99.22,99.79,99.63,0.16,24977,2492454.85
2025-09-23,MADHUCON,BE,INE378D01032,MADHUCON PROJECTS LTD.,7.4,7.68,7.2,7.26,7.45,-2.55,22576,163901.77
2025-09-23,MAHASTEEL,BE,INE451L01014,MAHAMAYA STEEL INDS LTD,398.75,407.65,393.0,402.5,389.1,3.44,83474,33598285.0
2025-09-23,MANAKSTEEL,BE,INE824Q01011,MANAKSIA STEELS LTD,61.06,63.45,60.5,60.72,61.06,-0.56,31264,1898350.12
2025-09-23,MAZDA,BE,INE885E01042,MAZDA LIMITED,284.05,284.4,275.2,276.1,280.9,-1.71,27805,7676960.67
2025-09-23,MBECL,BE,INE748A01024,MCNALLY BHARAT ENGIN CO L,65.4,65.4,65.4,65.4,65.4,0.0,0,0.0
2025-09-23,MEDICAMEQ,BE,INE646B01010,MEDICAMEN BIOTECH LIMITED,325.0,342.0,324.95,333.2,324.1,2.81,33410,11132212.41
2025-09-23,MENONBE,BE,INE071D01033,MENON BEARINGS LIMITED,129.11,136.79,129.11,135.23,129.8,4.18,152914,20678559.57
2025-09-23,MHLXMIRU,BE,INE112D01035,MAHALAXMI RUBTECH LIMITED,220.01,223.0,218.51,219.5,221.15,-0.75,824,180868.0
2025-09-23,MICEL,BE,INE287C01037,MIC ELECTRONICS LTD,64.18,69.4,62.1,62.85,63.96,-1.74,50821854,3194153446.35
2025-09-23,MODISONLTD,BE,INE737D01021,MODISON LIMITED,160.01,171.8,160.01,167.85,160.7,4.45,309194,51898214.79
2025-09-23,MOLDTECH,BE,INE835B01035,MOLD-TEK TECHNOLOGIES LTD,174.09,174.84,169.02,171.39,174.62,-1.85,135393,23205006.19
2025-09-23,MTARTECH,BE,INE864I01014,MTAR TECHNOLOGIES LIMITED,1812.0,1876.0,1784.0,1869.0,1807.6,3.4,387647,724512243.0
2025-09-23,MTEDUCARE,BE,INE472M01018,MT EDUCARE LTD,1.9,2.05,1.87,2.0,1.96,2.04,21905,43810.0
2025-09-23,MUKKA,BE,INE0CG401037,MUKKA PROTEINS LIMITED,27.85,27.85,27.3,27.5,27.55,-0.18,170125,4678437.5
2025-09-23,MUKTAARTS,BE,INE374B01019,MUKTA ARTS LIMITED,70.7,70.74,69.3,69.93,70.74,-1.15,3730,260838.9
2025-09-23,NATCAPSUQ,BE,INE936B01015,NATURAL CAPSULES LIMITED,233.6,236.8,222.42,225.87,232.18,-2.72,18732,4230996.75
2025-09-23,NAVKARURB,BE,INE268H01044,NAVKAR URBANSTRUCTURE LTD,2.69,2.7,2.69,2.69,2.76,-2.54,396863,1067561.49
2025-09-23,NECCLTD,BE,INE553C01016,NORTH EAST CARRY CORP LTD,21.2,21.32,20.8,20.88,21.09,-1.0,27660,577540.78
2025-09-23,NEUEON,BE,INE333I01044,NEUEON CORPORATION LTD,5.22,5.22,5.22,5.22,5.22,0.0,0,0.0
2025-09-23,NIRAJISPAT,BE,INE326T01011,NIRAJ ISPAT IND LTD,330.2,336.2,330.2,336.15,345.15,-2.61,64,21513.6
2025-09-23,NRL,BE,INE0JM501013,NUPUR RECYCLERS LIMITED,72.8,75.65,72.8,74.76,73.15,2.2,50852,3801695.63
2025-09-23,NURECA,BE,INE0DSF01015,NURECA LIMITED,240.0,242.1,235.0,235.74,239.69,-1.65,25904,6106609.1
2025-09-23,OCCLLTD,BE,INE0PK601023,OCCL LIMITED,139.7,139.7,132.82,133.32,137.63,-3.13,96681,12889511.63
2025-09-23,OILCOUNTUB,BE,INE591A01010,OIL COUNTRY TUBULAR LTD.,76.5,78.19,73.5,74.24,76.5,-2.95,78144,5801410.39
2025-09-23,ONELIFECAP,BE,INE912L01015,ONELIFE CAP ADVISORS LTD,14.65,15.01,14.37,14.96,14.3,4.62,45883,686409.68
2025-09-23,ONMOBILE,BE,INE809I01019,ONMOBILE GLOBAL LTD.,65.14,70.45,64.27,67.47,65.13,3.59,4297927,289981139.94
2025-09-23,ORBTEXP,BE,INE231G01010,ORBIT EXPORTS LIMITED,185.0,186.49,182.5,184.34,187.93,-1.91,6351,1170743.32
2025-09-23,ORIENTLTD,BE,INE609C01024,ORIENT PRESS LIMITED,84.94,86.8,84.94,86.27,84.94,1.57,1426,123021.02
2025-09-23,OSIAHYPER,BE,INE06IR01021,OSIA HYPER RETAIL LIMITED,26.79,29.62,26.79,29.62,28.21,5.0,5006465,148291497.5
2025-09-23,PANACHE,BE,INE895W01019,PANACHE DIGILIFE LIMITED,317.38,349.11,292.01,349.11,317.38,10.0,195169,68135446.73
2025-09-23,PAR,BE,INE04LG01015,PAR DRUGS AND CHEM LTD,112.42,112.42,108.01,109.07,112.42,-2.98,9374,1022422.18
2025-09-23,PARSVNATH,BE,INE561H01026,PARSVNATH DEVELOPER LTD,14.53,15.25,14.31,15.18,14.53,4.47,1735310,26342006.33
2025-09-23,PATINTLOG,BE,INE529D01014,PATEL INT. LOG. LTD,14.8,16.9,14.6,15.9,14.87,6.93,428145,6807505.34
2025-09-23,PKTEA,BE,INE431F01018,THE P K TEA PROD CO LTD,800.0,832.1,798.0,832.1,792.5,5.0,1217,1012665.67
2025-09-23,PPAP,BE,INE095I01015,PPAP AUTOMOTIVE LIMITED,230.16,230.17,225.7,230.16,225.66,1.99,13897,3198533.57
2025-09-23,PPL,BE,INE050001010,PRAKASH PIPES LIMITED,313.0,315.1,309.65,312.05,313.05,-0.32,127792,39877492.04
2025-09-23,PREMIER,BE,INE342A01018,PREMIER LIMITED,3.65,3.65,3.35,3.53,3.49,1.15,3095,10925.35
2025-09-23,PRITIKAUTO,BE,INE583R01029,PRITIKA AUTO INDUS LTD,17.3,17.73,17.26,17.33,17.41,-0.46,93655,1623041.14
2025-09-23,PRUDMOULI,BE,INE024D01016,PRUDENTIAL SUGAR CORPORAT,35.35,36.35,34.01,34.56,35.35,-2.23,92551,3198562.69
2025-09-23,QMSMEDI,BE,INE0FMW01018,QMS MEDICAL ALLIED S LTD,103.9,103.9,98.0,98.85,105.25,-6.08,46000,4547099.93
2025-09-23,RADHIKAJWE,BE,INE583V01021,RADHIKA JEWELTECH LIMITED,92.81,93.5,92.5,92.78,92.66,0.13,284460,26392198.45
2025-09-23,RAJOOENG,BE,INE535F01024,RAJOO ENGINEERS LIMITED,95.35,95.8,92.41,92.97,93.42,-0.48,655941,60982835.57
2025-09-23,RAJRILTD,BE,INE533D01032,RAJ RAYON INDUSTRIES LTD,27.75,27.96,27.75,27.81,27.42,1.42,15755,438146.54
2025-09-23,RAMASTEEL,BE,INE230R01035,RAMA STEEL TUBES LIMITED,10.34,10.34,10.17,10.23,10.25,-0.2,13598920,139116945.37
2025-09-23,RBZJEWEL,BE,INE0PEQ01016,RBZ JEWELLERS LIMITED,142.0,143.95,138.51,141.57,141.21,0.25,104945,14857064.42
2025-09-23,RCOM,BE,INE330H01018,RELIANCE COMMUNICATIONS L,1.46,1.47,1.42,1.44,1.45,-0.69,2176113,3133602.84
2025-09-23,RELINFRA,BE,INE036A01016,RELIANCE INFRASTRUCTU LTD,269.0,273.7,262.0,264.8,265.35,-0.21,1551246,410769921.86
2025-09-23,REPL,BE,INE364Z01019,RUDRABHISHEK ENTERP LTD,145.5,148.21,143.4,144.66,145.78,-0.77,10953,1584461.02
2025-09-23,RMDRIP,BE,INE219Y01026,R M DRIP & SPRINK SYS LTD,46.91,46.91,44.51,44.94,45.97,-2.24,1057011,47505157.5
2025-09-23,RNBDENIMS,BE,INE012Q01039,R&B DENIMS LIMITED,40.54,45.6,37.43,38.51,39.27,-1.94,922566,35528015.11
2025-09-23,ROLLT,BE,INE927A01040,ROLLATAINERS LIMITED,1.3,1.3,1.24,1.28,1.27,0.79,80321,102810.88
2025-09-23,RPPL,BE,INE760W01023,RAJSHREE POLYPACK LTD,23.5,23.5,22.01,22.49,23.38,-3.81,93946,2112845.52
2025-09-23,RSWM,BE,INE611A01016,RSWM LIMITED,156.7,159.2,156.57,158.22,159.02,-0.5,21877,3461378.97
2025-09-23,SADHNANIQ,BE,INE888C01040,SADHANA NITROCHEM LIMITED,10.28,10.28,10.28,10.28,10.08,1.98,314800,3236143.92
2025-09-23,SANGINITA,BE,INE753W01010,SANGINITA CHEMICALS LTD,10.03,10.07,9.72,9.78,9.83,-0.51,27316,267150.47
2025-09-23,SCPL,BE,INE501Y01019,SHEETAL COOL PRODUCTS LTD,252.9,255.88,243.31,244.24,251.05,-2.71,14825,3620858.08
2025-09-23,SETCO,BE,INE878E01021,SETCO AUTOMOTIVE LTD,17.42,18.28,17.05,18.13,17.41,4.14,121959,2211116.57
2025-09-23,SEYAIND,BE,INE573R01012,SEYA INDUSTRIES LIMITED,16.8,17.38,16.08,16.21,16.64,-2.58,2602,42178.42
2025-09-23,SHAHALLOYS,BE,INE640C01011,SHAH ALLOYS LIMITED,70.05,71.27,67.2,69.31,70.05,-1.06,39055,2706901.95
2025-09-23,SHALPAINTS,BE,INE849C01026,SHALIM PAINTS LTD,82.42,84.0,80.25,80.98,82.42,-1.75,169376,13716069.05
2025-09-23,SHEKHAWATI,BE,INE268L01046,SHEKHAWATI INDUSTRIES LTD,23.97,23.97,22.26,22.26,23.44,-5.03,110621,2462423.49
2025-09-23,SHEMAROO,BE,INE363M01019,SHEMAROO ENTER. LTD.,114.97,117.45,113.35,114.62,113.77,0.75,16009,1834951.62
2025-09-23,SHYAMCENT,BE,INE979R01011,SHYAM CENTURY FERROUS LTD,7.35,7.4,7.02,7.09,7.34,-3.41,178939,1268677.54
2025-09-23,SICALLOG,BE,INE075B01020,SICAL LOGISTICS LIMITED,115.22,115.22,110.5,115.15,109.74,4.93,11403,1313055.47
2025-09-23,SIGIND,BE,INE529F01035,SIGNET INDUSTRIES LIMITED,55.2,56.69,54.03,54.96,55.89,-1.66,24431,1342727.74
2025-09-23,SIGMAADV,BE,INE933B01012,SIGMA ADVANCED SYSTEM LTD,172.57,172.57,162.0,169.96,164.36,3.41,1320321,224401766.02
2025-09-23,SIKKO,BE,INE112X01025,SIKKO INDUSTRIES LIMITED,3.42,3.42,3.2,3.39,3.4,-0.34,2720260,9217600.94
2025-09-23,SMARTLINK,BE,INE178C01020,SMARTLINK HOLDINGS LTD,155.0,159.88,154.01,156.06,156.89,-0.53,8209,1281096.52
2025-09-23,SONAMLTD,BE,INE00LM01029,SONAM LIMITED,45.96,46.4,44.64,45.82,45.65,0.37,50803,2327793.44
2025-09-23,SPECIALITY,BE,INE247M01014,SPECIALITY REST LTD,134.0,135.0,130.01,132.67,133.18,-0.38,26874,3565373.53
2025-09-23,SPECTRUM,BE,INE01EO01010,SPECTRUM ELECTRIC IND LTD,1389.2,1399.9,1366.4,1377.3,1379.8,-0.18,721,993033.34
2025-09-23,SREEL,BE,INE099F01013,SREELEATHERS LIMITED,240.0,243.29,236.99,237.5,239.54,-0.85,8166,1939425.0
2025-09-23,STALLION,BE,INE0RYC01010,STALLION IND FLUOROCHEM L,213.44,220.98,207.34,217.37,212.36,2.36,1664483,361808661.58
2025-09-23,STERTOOLS,BE,INE334A01023,STERLING TOOLS LIMITED,332.2,335.7,325.5,327.65,332.2,-1.37,55237,18098402.71
2025-09-23,STLTECH,BE,INE089C01029,STERLITE TECHNOLOGIES LTD,123.26,125.43,122.63,123.51,123.27,0.19,892000,110170921.91
2025-09-23,SUNDRMBRAK,BE,INE073D01013,SUNDARAMBRAKE LININGS LTD,774.65,785.0,767.55,777.2,777.95,-0.1,2274,1767352.83
2025-09-23,SUPERSPIN,BE,INE662A01027,SUPER SPINNING MILLS LTD,9.22,9.42,9.09,9.31,9.03,3.1,77871,724979.04
2025-09-23,SUTLEJTEX,BE,INE645H01027,SUTLEJ TEXT & INDUS LTD,38.56,38.56,37.0,37.14,37.8,-1.75,31197,1158656.56
2025-09-23,SWANDEF,BE,INE542F01020,SWAN DEFENCE N HEVY IND L,577.1,577.1,577.1,577.1,577.1,0.0,0,0.0
2025-09-23,SWARAJ,BE,INE0GMR01016,SWARAJ SUITING LIMITED,170.0,172.5,170.0,170.15,170.0,0.09,15000,2552249.91
2025-09-23,TICL,BE,INE388G01026,TWAMEV CONS AND INFRA LTD,22.0,22.65,21.85,22.22,22.0,1.0,95155,2114344.03
2025-09-23,TIJARIA,BE,INE440L01017,TIJARIA POLYPIPES LTD,6.39,6.39,6.11,6.28,6.12,2.61,14267,89596.76
2025-09-23,TIL,BE,INE806C01018,TIL LTD,331.0,332.05,317.4,319.6,332.5,-3.88,17601,5625279.71
2025-09-23,TIRUPATIFL,BE,INE319Y01024,TIRUPATI FORGE LIMITED,37.5,38.0,36.56,37.52,37.83,-0.82,107409,4029985.73
2025-09-23,TOTAL,BE,INE336X01012,TOTAL TRANSPORT SYS LTD,72.56,73.59,71.33,72.77,72.2,0.79,1255,91326.35
2025-09-23,TPHQ,BE,INE065J01024,TEAMO PRODUCTIONS HQ LTD,0.73,0.74,0.72,0.72,0.73,-1.37,961126,692010.75
2025-09-23,TRANSWORLD,BE,INE757B01015,TRANSWORLD SHIP LINES LTD,263.9,265.14,260.0,260.81,261.18,-0.14,10499,2738244.16
2025-09-23,TVVISION,BE,INE871L01013,TV VISION LIMITED,6.55,6.87,6.33,6.87,6.55,4.89,66076,453942.11
2025-09-23,UCAL,BE,INE139B01016,UCAL LIMITED,140.45,143.75,139.63,142.97,138.95,2.89,12083,1727506.52
2025-09-23,UFBL,BE,INE382M01027,UNITED FOODBRANDS LIMITED,236.45,241.5,230.5,232.2,236.45,-1.8,144315,33509942.56
2025-09-23,UMAEXPORTS,BE,INE0GIU01018,UMA EXPORTS LIMITED,48.4,48.4,48.4,48.4,48.4,0.0,1255,60742.0
2025-09-23,UNIVASTU,BE,INE562X01013,UNIVASTU INDIA LIMITED,82.5,86.6,79.67,82.3,82.53,-0.28,523146,43054917.4
2025-09-23,UNIVPHOTO,BE,INE03V001013,UNIVERSUS IMAGINGS LTD,261.1,261.1,258.05,260.2,259.85,0.13,52,13530.4
2025-09-23,URAVIDEF,BE,INE568Z01015,URAVI DEFENCE &TECH LTD,271.0,271.0,270.75,270.75,285.0,-5.0,15430,4177672.5
2025-09-23,UYFINCORP,BE,INE152C01025,U. Y. FINCORP LIMITED,13.83,14.43,13.53,14.14,13.83,2.24,446332,6311134.63
2025-09-23,VALIANTLAB,BE,INE0JWS01017,VALIANT LABORATORIES LTD,89.0,90.49,87.38,88.04,88.92,-0.99,62029,5461033.22
2025-09-23,VALIANTORG,BE,INE565V01010,VALIANT ORGANICS LIMITED,358.6,359.95,350.25,353.2,358.05,-1.35,5729,2023482.87
2025-09-23,VARDHACRLC,BE,INE116G01013,VARDHAMAN ACRYLICS LTD,45.05,45.06,44.61,44.73,45.15,-0.93,20440,914281.19
2025-09-23,VCL,BE,INE098201036,VAXTEX COTFAB LIMITED,1.13,1.15,1.05,1.05,1.11,-5.41,3202523,3362649.0
2025-09-23,VENUSREM,BE,INE411B01019,VENUS REMEDIES LIMITED,442.05,462.05,442.0,457.4,440.05,3.94,70370,32187237.57
2025-09-23,VETO,BE,INE918N01018,VETO SWITCHGEAR CABLE LTD,120.75,121.81,120.0,121.2,119.31,1.58,19273,2335887.54
2025-09-23,VHLTD,BE,INE048C01025,VICEROY HOTELS LIMITED,121.89,122.56,118.5,120.0,118.93,0.9,24407,2928840.0
2025-09-23,VIJIFIN,BE,INE159N01027,VIJI FINANCE LIMITED,3.01,3.14,2.98,2.98,3.14,-5.1,306848,914407.05
2025-09-23,VIPULLTD,BE,INE946H01037,VIPUL LIMITED,9.81,10.14,9.56,9.68,9.98,-3.01,270641,2619804.96
2025-09-23,VIVIMEDLAB,BE,INE526G01021,VIVIMED LABS LIMITED,4.95,4.95,4.95,4.95,4.95,0.0,0,0.0
2025-09-23,WELINV,BE,INE389K01018,WELSPUN INV & COMM LTD,1022.0,1022.0,1020.0,1022.0,1030.0,-0.78,67,68474.0
2025-09-23,AGSTRA,BZ,INE583L01014,AGS TRANSACT TECH LTD,4.12,4.12,4.1,4.12,4.19,-1.67,432463,1781747.51
2025-09-23,ANKITMETAL,BZ,INE106I01010,ANKIT MET & POW LTD,1.9,1.99,1.85,1.99,1.94,2.58,27043,53815.57
2025-09-23,ANSALAPI,BZ,INE436A01026,ANSAL PROP & INFRA LTD,4.72,4.86,4.72,4.75,4.82,-1.45,6137,29150.75
2025-09-23,ARSHIYA,BZ,INE968D01022,ARSHIYA LIMITED,1.97,1.97,1.87,1.89,1.93,-2.07,49519,93590.91
2025-09-23,ASTRON,BZ,INE646X01014,ASTRON PAPER BORD MIL LTD,16.7,16.7,15.95,15.95,15.93,0.13,34111,544070.44
2025-09-23,COMPINFO,BZ,INE070C01037,COMPUAGE INFOCOM LTD,2.02,2.02,1.92,1.93,1.94,-0.52,14620,28216.6
2025-09-23,DHARAN,BZ,INE278R01034,DHARAN INFRA-EPC LIMITED,0.58,0.58,0.58,0.58,0.57,1.75,17667252,10247005.87
2025-09-23,FEL,BZ,INE623B01027,FUTURE ENTERPRISES LTD,0.61,0.61,0.6,0.61,0.6,1.67,22753,13879.33
2025-09-23,FELDVR,BZ,IN9623B01058,FUTURE ENTERPRISES LTD,3.53,3.65,3.5,3.5,3.53,-0.85,4581,16033.5
2025-09-23,FLFL,BZ,INE452O01016,FUT LIFESTYLE FASH LTD,1.85,1.88,1.76,1.78,1.83,-2.73,24495,43601.1
2025-09-23,GENSOL,BZ,INE06H201014,GENSOL ENGINEERING LTD,43.71,43.71,43.71,43.71,43.71,0.0,0,0.0
2025-09-23,GOLDENTOBC,BZ,INE973A01010,GOLDEN TOBACCO LIMITED,35.11,35.8,34.01,35.1,35.1,0.0,288,10108.8
2025-09-23,HDIL,BZ,INE191I01012,HOUSING DEV & INFRA LTD,3.1,3.2,2.96,3.01,3.1,-2.9,101497,305505.97
2025-09-23,HMT,BZ,INE262A01018,HMT LTD -,64.0,65.0,63.01,63.43,64.09,-1.03,9010,571504.3
2025-09-23,IL&FSENGG,BZ,INE369I01014,IL&FS ENG AND CONS CO LTD,31.28,31.75,29.8,31.29,31.28,0.03,18443,577081.49
2025-09-23,IL&FSTRANS,BZ,INE975G01012,IL&FS TRANS NET LTD,3.23,3.24,3.14,3.14,3.23,-2.79,33719,105877.66
2025-09-23,IMPEXFERRO,BZ,INE691G01015,IMPEX FERRO TECH LIMITED,2.05,2.06,1.99,2.05,2.08,-1.44,18201,37312.05
2025-09-23,LAKPRE,BZ,INE651C01018,LAKSHMI PRE SCRE LTD,5.05,5.05,5.05,5.05,5.05,0.0,0,0.0
2025-09-23,MEP,BZ,INE776I01010,MEP INFRA. DEVELOPERS LTD,1.7,1.7,1.7,1.7,1.67,1.8,51416,87407.2
2025-09-23,RAJESHEXPO,BZ,INE343B01030,RAJESH EXPORTS LTD,195.0,196.01,190.2,192.57,194.35,-0.92,302633,58278039.03
2025-09-23,RHFL,BZ,INE217K01011,RELIANCE HOME FINANCE LTD,4.15,4.15,4.15,4.15,4.37,-5.03,1389345,5765781.88
2025-09-23,SANWARIA,BZ,INE890C01046,SANWARIA CONSUMER LIMITED,0.36,0.36,0.35,0.35,0.35,0.0,425612,148964.2
2025-09-23,SETUINFRA,BZ,INE023M01027,SETUBANDHAN INFRA LTD,0.73,0.73,0.73,0.73,0.73,0.0,0,0.0
2025-09-23,SHRENIK,BZ,INE632X01030,SHRENIK LIMITED,0.54,0.56,0.53,0.54,0.53,1.89,1160169,626491.28
2025-09-23,SIMBHALS,BZ,INE748T01016,SIMBHAOLI SUGARS LTD.,14.0,14.0,13.31,13.52,13.78,-1.89,22137,299292.25
2025-09-23,SITINET,BZ,INE965H01011,SITI NETWORKS LIMITED,0.5,0.5,0.48,0.49,0.49,0.0,796312,390192.89
2025-09-23,SUPREMEENG,BZ,INE319Z01021,SUPREME ENGINEERING LTD,0.91,0.91,0.91,0.91,0.91,0.0,0,0.0
2025-09-23,20MICRONS,EQ,INE144J01027,20 MICRONS LTD,228.5,232.0,225.25,226.24,228.35,-0.92,73388,16603301.52
2025-09-23,21STCENMGM,EQ,INE253B01015,21ST CENTURY MGMT SERVICE,53.39,53.4,51.55,52.87,52.51,0.69,4423,233844.01
2025-09-23,360ONE,EQ,INE466L01038,360 ONE WAM LIMITED,1048.0,1053.3,1015.4,1019.6,1050.4,-2.93,1808589,1844037300.24
2025-09-23,3MINDIA,EQ,INE470A01017,3M INDIA LIMITED,30000.0,30085.0,29780.0,29835.0,29975.0,-0.47,3373,100633455.0
2025-09-23,3PLAND,EQ,INE105C01023,3P LAND HOLDINGS LIMITED,46.8,46.8,44.51,45.47,46.29,-1.77,3932,178788.04
2025-09-23,5PAISA,EQ,INE618L01018,5PAISA CAPITAL LIMITED,360.05,365.45,360.0,361.25,363.2,-0.54,8000,2890000.0
2025-09-23,63MOONS,EQ,INE111B01023,63 MOONS TECHNOLOGIES LTD,918.75,938.9,914.2,925.85,915.5,1.13,90286,83591290.9
2025-09-23,A2ZINFRA,EQ,INE619I01012,A2Z INFRA ENGINEERING LTD,18.0,18.1,18.0,18.0,18.2,-1.1,54173,975114.0
2025-09-23,AAATECH,EQ,INE0D0U01013,AAA TECHNOLOGIES LIMITED,78.01,81.5,78.0,79.84,78.91,1.18,35245,2813960.67
2025-09-23,AADHARHFC,EQ,INE883F01010,AADHAR HOUSING FINANCE L,529.9,538.5,522.55,535.35,527.55,1.48,379297,203056639.69
2025-09-23,AAKASH,EQ,INE087Z01024,AAKASH EXPLORATION SER L,10.0,10.08,9.81,9.92,9.98,-0.6,61468,609762.56
2025-09-23,AAREYDRUGS,EQ,INE198H01019,AAREY DRUGS & PHARM LTD,79.0,80.8,78.1,78.69,79.29,-0.76,26242,2064983.04
2025-09-23,AARON,EQ,INE721Z01010,AARON INDUSTRIES LIMITED,189.7,196.6,189.7,194.67,189.6,2.67,21540,4193191.76
2025-09-23,AARTIDRUGS,EQ,INE767A01016,AARTI DRUGS LTD.,520.25,522.2,505.0,515.85,520.25,-0.85,161536,83328341.66
2025-09-23,AARTIIND,EQ,INE769A01020,AARTI INDUSTRIES LTD,388.05,391.2,385.0,386.55,389.6,-0.78,437684,169186744.86
2025-09-23,AARTIPHARM,EQ,INE0LRU01027,AARTI PHARMALABS LIMITED,900.0,903.9,868.0,871.65,900.0,-3.15,173830,151518923.74
2025-09-23,AARVI,EQ,INE754X01016,AARVI ENCON LIMITED,123.55,126.99,123.55,126.11,124.4,1.37,7522,948599.42
2025-09-23,AAVAS,EQ,INE216P01012,AAVAS FINANCIERS LIMITED,1679.3,1686.0,1653.1,1655.4,1679.3,-1.42,58773,97292825.63
2025-09-23,ABB,EQ,INE117A01022,ABB INDIA LIMITED,5360.2,5375.4,5285.0,5298.7,5362.8,-1.2,167342,886695088.08
2025-09-23,ABBOTINDIA,EQ,INE358A01014,ABBOTT INDIA LIMITED,30340.0,30440.0,30100.0,30225.0,30195.0,0.1,5182,156625950.0
2025-09-23,ABCAPITAL,EQ,INE674K01013,ADITYA BIRLA CAPITAL LTD.,288.9,292.1,285.45,291.45,288.15,1.15,5157975,1503291876.71
2025-09-23,ABCOTS,EQ,INE08PH01015,A B COTSPIN INDIA LIMITED,425.0,464.95,425.0,456.5,425.0,7.41,65750,30014875.0
2025-09-23,ABDL,EQ,INE552Z01027,ALLIED BLEND N DISTILS L,540.9,542.95,530.5,531.7,541.0,-1.72,303516,161379460.91
2025-09-23,ABFRL,EQ,INE647O01011,ADITYA BIRLA FASHION & RT,93.21,93.43,90.85,92.03,93.48,-1.55,6807741,626516395.92
2025-09-23,ABGSEC,EQ,INF209KC1134,BIRLASLAMC - ABGSEC,110.11,110.84,110.11,110.22,110.57,-0.32,33,3637.26
2025-09-23,ABLBL,EQ,INE14LE01019,ADITYA BIRLA LIFES BRAN L,143.89,143.89,139.77,140.0,142.62,-1.84,657624,92067360.0
2025-09-23,ABREL,EQ,INE055A01016,ADITYA BIRLA REAL EST LTD,1895.0,1907.4,1820.1,1846.9,1893.7,-2.47,76095,140539857.36
2025-09-23,ABSLAMC,EQ,INE404A01024,ADIT BIRL SUN LIF AMC LTD,812.1,815.3,802.55,810.75,812.1,-0.17,258695,209736971.25
2025-09-23,ABSLBANETF,EQ,INF209KB17D5,BIRLASLAMC - ABSLBANETF,56.0,56.87,55.99,56.71,56.29,0.75,24039,1363251.67
2025-09-23,ABSLLIQUID,EQ,INF209KB18T9,BIRLASLAMC - ABSLLIQUID,999.99,1000.01,999.99,1000.01,999.99,0.0,1407,1407014.08
2025-09-23,ABSLNN50ET,EQ,INF209KB16D7,BIRLASLAMC - ABSLNN50ET,73.08,73.78,72.41,72.73,73.07,-0.47,7902,574712.49
2025-09-23,ABSLPSE,EQ,INF209KB19Z4,BIRLASLAMC-ABSLPSE,10.18,10.18,10.0,10.1,10.09,0.1,206105,2081660.58
2025-09-23,ACC,EQ,INE012A01025,ACC LIMITED,1896.8,1910.0,1876.0,1878.6,1882.1,-0.19,204617,384393491.2
2025-09-23,ACCELYA,EQ,INE793A01012,ACCELYA SOLN INDIA LTD,1509.9,1515.7,1484.0,1495.0,1498.6,-0.24,24322,36361390.0
2025-09-23,ACE,EQ,INE731H01025,ACTION CONST EQUIP LTD,1154.0,1167.0,1144.0,1155.4,1146.3,0.79,197555,228255051.82
2025-09-23,ACEINTEG,EQ,INE543V01017,ACE INTEGRATED SOLU. LTD.,26.49,26.49,25.3,25.55,25.76,-0.82,8209,209739.94
2025-09-23,ACI,EQ,INE128X01021,ARCHEAN CHEMICAL IND LTD,702.7,714.9,690.5,707.45,705.2,0.32,129236,91428009.78
2025-09-23,ACL,EQ,INE666E01020,ANDHRA CEMENTS LIMITED,92.27,92.27,92.27,92.27,94.16,-2.01,1172,108140.44
2025-09-23,ACMESOLAR,EQ,INE622W01025,ACME SOLAR HOLDINGS LTD,305.0,305.8,282.4,287.55,298.0,-3.51,1642296,472242194.75
2025-09-23,ACUTAAS,EQ,INE00FF01025,ACUTAAS CHEMICALS LIMITED,1455.0,1471.4,1431.1,1450.1,1460.3,-0.7,167791,243313725.0
2025-09-23,ADANIENSOL,EQ,INE931S01010,ADANI ENERGY SOLUTION LTD,941.5,949.2,915.05,925.1,937.4,-1.31,4308383,3985685008.11
2025-09-23,ADANIENT,EQ,INE423A01024,ADANI ENTERPRISES LIMITED,2642.6,2695.0,2593.0,2676.4,2629.5,1.78,5610022,15014662332.95
2025-09-23,ADANIGREEN,EQ,INE364U01010,ADANI GREEN ENERGY LTD,1164.0,1177.3,1120.8,1131.45,1152.15,-1.8,14163567,16025367190.57
2025-09-23,ADANIPORTS,EQ,INE742F01042,ADANI PORT & SEZ LTD,1453.0,1455.0,1423.1,1441.6,1444.2,-0.18,2550337,3676565756.94
2025-09-23,ADANIPOWER,EQ,INE814H01029,ADANI POWER LTD,179.9,182.7,160.25,162.35,170.25,-4.64,192595137,31267821667.46
2025-09-23,ADFFOODS,EQ,INE982B01027,ADF FOODS LIMITED,231.35,231.49,226.43,227.51,230.41,-1.26,47926,10903644.0
2025-09-23,ADL,EQ,INE0CHO01012,ARCHIDPLY DECOR LIMITED,84.7,87.99,83.4,87.68,84.28,4.03,295,25865.6
2025-09-23,ADOR,EQ,INE045A01017,ADOR WELDING LTD,1019.3,1019.3,996.0,1015.45,1013.95,0.15,10139,10295647.67
2025-09-23,ADROITINFO,EQ,INE737B01033,ADROIT INFOTECH LIMITED,10.83,11.38,10.83,10.97,10.78,1.76,32021,351270.38
2025-09-23,ADSL,EQ,INE102I01027,ALLIED DIGITAL SERV. LTD,197.0,203.99,196.01,200.93,196.82,2.09,609701,122507217.46
2025-09-23,ADVANIHOTR,EQ,INE199C01026,ADVANI HOT.& RES.(I) LTD,60.49,61.5,59.57,60.69,59.83,1.44,44697,2712660.87
2025-09-23,ADVENZYMES,EQ,INE837H01020,ADVANCED ENZYME TECH LTD,341.65,341.65,329.8,332.35,338.25,-1.74,250385,83215456.28
2025-09-23,AEGISLOG,EQ,INE208C01025,AEGIS LOGISTICS LIMITED,774.45,786.0,773.0,782.15,772.5,1.25,215311,168405503.91
2025-09-23,AEGISVOPAK,EQ,INE0INX01018,AEGIS VOPAK TERMINALS LTD,249.9,251.51,243.0,247.04,248.97,-0.78,888183,219416722.36
2025-09-23,AEROENTER,EQ,INE065D01027,AEROFLEX ENTERPRISES LTD,84.9,85.74,84.4,85.37,84.87,0.59,53756,4589149.87
2025-09-23,AEROFLEX,EQ,INE024001021,AEROFLEX INDUSTRIES LTD,192.99,194.99,191.37,192.74,192.39,0.18,573573,110550463.17
2025-09-23,AERONEU,EQ,INE035801013,AEROFLEX NEU LIMITED,100.01,102.0,98.04,100.49,99.37,1.13,17755,1784199.91
2025-09-23,AETHER,EQ,INE0BWX01014,AETHER INDUSTRIES LIMITED,751.0,758.35,737.45,740.9,751.5,-1.41,77629,57515328.0
2025-09-23,AFCONS,EQ,INE101I01011,AFCONS INFRASTRUCTURE LTD,459.2,460.0,452.1,455.35,459.2,-0.84,280274,127622767.61
2025-09-23,AFFLE,EQ,INE00WC01027,AFFLE 3I LIMITED,2146.7,2150.2,2070.0,2084.2,2146.7,-2.91,168647,351494069.17
2025-09-23,AFFORDABLE,EQ,INE692Z01013,AFFORD ROBO & AUTO LTD,254.5,254.5,246.0,249.5,249.75,-0.1,381820,95264090.0
2025-09-23,AFIL,EQ,INE916Y01027,AKME FINTRADE (INDIA) LTD,8.0,8.12,7.81,7.92,7.99,-0.88,2862904,22674199.9
2025-09-23,AFSL,EQ,INE00ZE01026,ABANS FINANCIAL SRVCS LTD,210.25,212.0,209.0,210.79,211.6,-0.38,5985,1261578.11
2025-09-23,AGARIND,EQ,INE204E01012,AGARWAL INDS CORP LTD.,951.15,970.8,945.0,959.85,956.55,0.34,33983,32618581.72
2025-09-23,AGARWALEYE,EQ,INE943P01029,DR AGARWALS HEALTH CARE L,455.4,463.2,451.85,460.5,455.4,1.12,281295,129536347.5
2025-09-23,AGI,EQ,INE415A01038,AGI GREENPAC LIMITED,838.0,874.4,838.0,862.1,827.65,4.16,539803,465364153.12
2025-09-23,AGIIL,EQ,INE976R01033,AGI INFRA LIMITED,241.4,242.0,228.72,237.5,240.82,-1.38,8843520,2100336000.0
2025-09-23,AGRITECH,EQ,INE449G01018,AGRI-TECH (INDIA) LIMITED,136.01,141.06,136.01,139.08,137.71,0.99,12878,1791072.26
2025-09-23,AGROPHOS,EQ,INE740V01019,AGRO PHOS INDIA LIMITED,45.21,45.21,45.21,45.21,44.06,2.61,63311,2862290.25
2025-09-23,AHCL,EQ,INE0Y8W01025,ANLON HEALTHCARE LIMITED,14.1,14.29,13.5,14.06,14.01,0.31,6111600,85898539.87
2025-09-23,AHLADA,EQ,INE00PV01013,AHLADA ENGINEERS LIMITED,62.0,72.0,59.15,65.46,60.78,7.7,329381,21561279.96
2025-09-23,AHLEAST,EQ,INE926K01017,ASIAN HOTELS (EAST) LTD,154.69,156.89,149.71,153.9,153.04,0.56,2050,315494.99
2025-09-23,AHLUCONT,EQ,INE758C01029,AHLUWALIA CONT IND LTD,1003.8,1031.0,993.15,1012.8,1003.8,0.9,55951,56667172.12
2025-09-23,AIAENG,EQ,INE212H01026,AIA ENGINEERING LIMITED,3051.0,3066.2,3034.0,3055.7,3049.8,0.19,130583,399022466.72
2025-09-23,AIIL,EQ,INE206F01022,AUTHUM INVEST & INFRA LTD,606.0,615.0,595.68,602.98,607.02,-0.67,1152695,695052008.59
2025-09-23,AIRAN,EQ,INE645W01026,AIRAN LIMITED,26.68,26.68,25.33,25.7,26.12,-1.61,102349,2630369.38
2025-09-23,AIROLAM,EQ,INE801L01010,AIRO LAM LIMITED,109.01,111.98,108.75,109.19,108.93,0.24,703,76760.57
2025-09-23,AJANTPHARM,EQ,INE031B01049,AJANTA PHARMA LIMITED,2539.0,2578.8,2529.0,2544.9,2539.2,0.22,42742,108774111.63
2025-09-23,AJAXENGG,EQ,INE274Y01021,AJAX ENGINEERING LIMITED,656.05,669.0,655.0,656.5,658.45,-0.3,61112,40120028.0
2025-09-23,AJMERA,EQ,INE298G01035,AJMERA REALTY & INF I LTD,206.4,215.8,205.4,214.74,205.64,4.43,707040,151829773.48
2025-09-23,AJOONI,EQ,INE820Y01021,AJOONI BIOTECH LIMITED,5.41,5.5,5.33,5.36,5.44,-1.47,378047,2026331.97
2025-09-23,AKASH,EQ,INE737W01013,AKASH INFRA-PROJECTS LTD,31.73,32.75,31.04,31.64,31.25,1.25,13668,432455.51
2025-09-23,AKG,EQ,INE00Y801016,AKG EXIM LIMITED,12.38,12.9,12.36,12.54,12.43,0.88,35852,449584.08
2025-09-23,AKSHAR,EQ,INE256Z01025,AKSHAR SPINTEX LIMITED,0.59,0.59,0.57,0.57,0.58,-1.72,1589350,905929.49
2025-09-23,AKUMS,EQ,INE09XN01023,AKUMS DRUGS AND PHARMA L,474.5,476.85,467.0,470.65,475.25,-0.97,112280,52844581.31
2025-09-23,ALANKIT,EQ,INE914E01040,ALANKIT LIMITED,13.62,13.74,13.28,13.41,13.62,-1.54,430531,5773420.64
2025-09-23,ALBERTDAVD,EQ,INE155C01010,ALBERT DAVID LIMITED,802.0,804.1,798.0,799.6,802.6,-0.37,1314,1050674.37
2025-09-23,ALEMBICLTD,EQ,INE426A01027,ALEMBIC LIMITED,105.3,105.89,103.6,104.33,105.11,-0.74,184535,19252536.89
2025-09-23,ALICON,EQ,INE062D01024,ALICON CASTALLOY LIMITED,872.5,935.0,860.8,918.9,867.9,5.88,32941,30269485.7
2025-09-23,ALIVUS,EQ,INE03Q201024,ALIVUS LIFE SCIENCES LTD,998.0,1002.8,966.05,983.25,1002.95,-1.96,121703,119664474.75
2025-09-23,ALKALI,EQ,INE773I01017,ALKALI METALS LTD,98.49,98.49,94.91,95.9,96.35,-0.47,46245,4434895.57
2025-09-23,ALKEM,EQ,INE540L01014,ALKEM LABORATORIES LTD.,5549.0,5577.5,5500.0,5544.5,5495.0,0.9,240178,1331666921.0
2025-09-23,ALKYLAMINE,EQ,INE150B01039,ALKYL AMINES CHEM. LTD,2028.0,2039.9,2012.1,2024.4,2028.0,-0.18,15385,31145394.38
2025-09-23,ALLCARGO,EQ,INE418H01029,ALLCARGO LOGISTICS LTD,32.75,33.64,32.75,32.95,32.74,0.64,2787332,91842591.53
2025-09-23,ALLDIGI,EQ,INE835G01018,ALLDIGI TECH LIMITED,927.95,928.0,920.1,924.45,923.35,0.12,2218,2050430.13
2025-09-23,ALLTIME,EQ,INE0GV601021,ALL TIME PLASTICS LIMITED,281.3,283.75,279.55,281.6,282.65,-0.37,159887,45024180.18
2025-09-23,ALMONDZ,EQ,INE326B01035,ALMONDZ GLOBAL SEC LTD,19.82,20.25,19.7,19.73,19.96,-1.15,99551,1964141.18
2025-09-23,ALOKINDS,EQ,INE270A01029,ALOK INDUSTRIES LIMITED,18.45,18.49,18.23,18.3,18.45,-0.81,4202719,76909754.49
2025-09-23,ALPA,EQ,INE385I01010,ALPA LABORATORIES LTD,95.0,95.0,93.38,94.72,94.17,0.58,6557,621079.05
2025-09-23,ALPHA,EQ,INF174KA1IA5,KOTAKMAMC - KOTAKALPHA,48.95,49.9,48.95,49.29,49.34,-0.1,786133,38748496.29
2025-09-23,ALPHAETF,EQ,INF769K01KU7,MIRAEAMC - ALPHAETF,25.49,25.6,25.06,25.18,25.37,-0.75,423293,10658517.87
2025-09-23,ALPL30IETF,EQ,INF109KC17V7,ICICIPRAMC - ICICIALPLV,27.72,27.86,27.45,27.52,27.71,-0.69,301715,8303196.94
2025-09-23,AMBER,EQ,INE371P01015,AMBER ENTERPRISES (I) LTD,8265.0,8345.0,8222.5,8300.5,8310.5,-0.12,243736,2023130668.0
2025-09-23,AMBICAAGAR,EQ,INE792B01012,AMBICA AGAR & AROMAINDLTD,25.7,25.89,24.5,25.62,25.41,0.83,32875,842257.53
2025-09-23,AMBIKCO,EQ,INE540G01014,AMBIKA COTTON MILL LTD.,1479.3,1486.8,1455.0,1463.5,1479.3,-1.07,7950,11634825.0
2025-09-23,AMBUJACEM,EQ,INE079A01024,AMBUJA CEMENTS LTD,591.95,594.65,579.15,591.6,590.3,0.22,2989117,1768361544.22
2025-09-23,AMJLAND,EQ,INE606A01024,AMJ LAND HOLDINGS LIMITED,57.57,57.7,55.52,56.7,56.75,-0.09,52765,2991775.54
2025-09-23,AMNPLST,EQ,INE275D01022,AMINES & PLASTICIZERS LTD,226.48,228.64,225.5,225.54,227.65,-0.93,3323,749469.4
2025-09-23,AMRUTANJAN,EQ,INE098F01031,AMRUTAJAN HEALTH LTD,762.4,765.4,752.2,757.4,759.4,-0.26,13890,10520286.34
2025-09-23,ANANDRATHI,EQ,INE463V01026,ANAND RATHI WEALTH LTD,1523.0,1523.0,1475.75,1486.5,1516.5,-1.98,156416,232512384.0
2025-09-23,ANANTRAJ,EQ,INE242C01024,ANANT RAJ LIMITED,678.95,684.0,662.7,666.2,677.6,-1.68,5072389,3379225613.72
2025-09-23,ANDHRAPAP,EQ,INE435A01051,ANDHRA PAPER LIMITED,80.5,80.61,79.19,79.63,80.19,-0.7,296200,23586405.19
2025-09-23,ANDHRSUGAR,EQ,INE715B01021,ANDHRA SUGARS LTD,76.59,77.29,76.02,76.24,76.58,-0.44,74860,5707326.24
2025-09-23,ANGELONE,EQ,INE732I01021,ANGEL ONE LIMITED,224.0,225.6,218.21,222.79,224.8,-0.89,8067500,1797358270.84
2025-09-23,ANIKINDS,EQ,INE087B01017,ANIK INDUSTRIES LTD,71.98,72.7,67.25,68.6,70.03,-2.04,50363,3454901.72
2025-09-23,ANNAPURNA,EQ,INE0MGM01017,ANNAPURNA SWADISHT LTD,271.5,273.7,268.0,269.6,270.55,-0.35,25500,6874800.16
2025-09-23,ANTELOPUS,EQ,INE818A01017,ANTELOPUS SELAN ENRGY LTD,561.3,579.95,561.3,566.5,563.15,0.59,19429,11006528.5
2025-09-23,ANTGRAPHIC,EQ,INE414B01021,ANTARCTICA LTD,1.1,1.11,1.08,1.08,1.1,-1.82,136944,147899.53
2025-09-23,ANTHEM,EQ,INE0CZ201020,ANTHEM BIOSCIENCES LTD,838.95,838.95,806.0,821.85,831.25,-1.13,608762,500311034.84
2025-09-23,ANUHPHR,EQ,INE489G01022,ANUH PHARMA LIMITED,86.29,87.08,86.1,86.53,85.85,0.79,25866,2238184.95
2025-09-23,ANUP,EQ,INE294Z01018,THE ANUP ENGINEERING LTD,2480.9,2483.6,2422.7,2446.6,2493.5,-1.88,39158,95803966.62
2025-09-23,ANURAS,EQ,INE930P01018,ANUPAM RASAYAN INDIA LTD,1076.0,1115.0,1076.0,1093.2,1081.3,1.1,874487,955989145.7
2025-09-23,AONEGOLD,EQ,INF1J2R01114,AONEAMC - AONEGOLD,10.7,10.7,10.7,10.7,10.49,1.98,0,0.0
2025-09-23,AONELIQUID,EQ,INF1J2R01056,AONEAMC - AONELIQUID,1026.67,1026.67,1026.65,1026.66,1026.5,0.02,10080,10348733.14
2025-09-23,AONENIFTY,EQ,INF1J2R01064,AONEAMC - AONENIFTY,10.35,10.38,10.25,10.3,10.3,0.0,162756,1676386.83
2025-09-23,AONETOTAL,EQ,INF1J2R01015,AONEAMC - AONETOTAL,11.91,11.93,11.82,11.82,11.85,-0.25,1105607,13068274.4
2025-09-23,APARINDS,EQ,INE372A01015,APAR INDUSTRIES LTD.,8725.0,8766.0,8655.0,8676.0,8715.5,-0.45,23495,203842620.0
2025-09-23,APCL,EQ,INE071F01012,ANJANI PORTLAND CEM LTD,139.9,142.27,136.79,138.36,139.9,-1.1,1521,210445.56
2025-09-23,APCOTEXIND,EQ,INE116A01032,APCOTEX INDUSTRIES LIMITE,411.55,414.95,405.0,406.5,411.55,-1.23,18948,7702362.0
2025-09-23,APEX,EQ,INE346W01013,APEX FROZEN FOODS LIMITED,241.8,241.8,234.11,235.4,240.46,-2.1,56423,13281973.86
2025-09-23,APLAPOLLO,EQ,INE702C01027,APL APOLLO TUBES LTD,1676.0,1694.9,1665.2,1683.0,1679.3,0.22,433903,730258749.0
2025-09-23,APLLTD,EQ,INE901L01018,ALEMBIC PHARMA LTD,944.0,954.65,938.1,940.05,950.0,-1.05,27542,25890856.76
2025-09-23,APOLLO,EQ,INE713T01028,APOLLO MICRO SYSTEMS LTD,332.95,341.35,320.5,338.25,332.05,1.87,6823335,2307993063.75
2025-09-23,APOLLOHOSP,EQ,INE437A01024,APOLLO HOSPITALS ENTER. L,7725.0,7749.0,7664.5,7684.0,7739.0,-0.71,443181,3405402804.0
2025-09-23,APOLLOPIPE,EQ,INE126J01016,APOLLO PIPES LIMITED,398.0,399.0,387.95,389.5,396.35,-1.73,78313,30502913.5
2025-09-23,APOLLOTYRE,EQ,INE438A01022,APOLLO TYRES LTD,486.4,497.65,486.35,489.05,486.4,0.54,2074346,1014458885.98
2025-09-23,APOLSINHOT,EQ,INE451F01024,APOLLO SINDOORI HOTEL LTD,1413.5,1443.0,1400.0,1423.7,1409.8,0.99,1103,1570341.05
2025-09-23,APTUS,EQ,INE852O01025,APTUS VALUE HSG FIN I LTD,322.1,324.6,320.5,323.3,322.95,0.11,661607,213897535.02
2025-09-23,AQYLON,EQ,INE416A01051,AQYLON NEXUS LIMITED,1007.0,1007.0,965.0,978.1,977.7,0.04,2415,2362111.44
2025-09-23,ARCHIDPLY,EQ,INE877I01016,ARCHIDPLY IND. LTD,106.73,110.67,104.21,107.85,105.21,2.51,19583,2112026.52
2025-09-23,ARCHIES,EQ,INE731A01020,ARCHIES LTD,20.75,20.8,20.1,20.33,20.19,0.69,52628,1069927.24
2025-09-23,ARE&M,EQ,INE885A01032,AMARA RAJA ENERGY MOB LTD,1002.9,1027.25,997.95,1008.65,1003.8,0.48,678287,684154199.11
2025-09-23,ARENTERP,EQ,INE610C01014,RAJDARSHAN INDUSTRIES LTD,44.97,45.7,43.9,44.09,44.97,-1.96,2888,127331.92
2025-09-23,ARFIN,EQ,INE784R01023,ARFIN INDIA LIMITED,44.16,48.6,44.16,47.49,46.49,2.15,1065615,50606058.14
2025-09-23,ARIHANTCAP,EQ,INE420B01036,ARIHANT CAPITAL MKTS LTD,110.0,113.71,106.44,107.91,108.51,-0.55,503973,54383728.28
2025-09-23,ARIHANTSUP,EQ,INE643K01018,ARIHANT SUPERSTRUCT LTD,406.1,411.7,397.3,403.4,406.75,-0.82,159826,64473807.42
2025-09-23,ARIS,EQ,INE0H9P01028,ARISINFRA SOLUTIONS LTD,171.0,171.66,161.0,162.99,170.48,-4.39,1496836,243969307.86
2025-09-23,ARKADE,EQ,INE0QRL01017,ARKADE DEVELOPERS LIMITED,180.0,180.13,177.1,178.0,179.65,-0.92,531306,94572468.0
2025-09-23,ARMANFIN,EQ,INE109C01017,ARMAN FIN SERV LTD,1465.5,1465.5,1436.9,1454.2,1451.0,0.22,19426,28249288.25
2025-09-23,AROGRANITE,EQ,INE210C01013,ARO GRANITE IND. LTD.,39.0,40.42,37.55,39.04,38.81,0.59,100495,3923324.89
2025-09-23,ARROWGREEN,EQ,INE570D01018,ARROW GREENTECH LIMITED,568.45,568.45,558.0,559.9,568.45,-1.5,10217,5720498.55
2025-09-23,ARTEMISMED,EQ,INE025R01021,ARTEMIS MED SERVICE LTD,247.0,248.89,237.8,243.18,247.18,-1.62,151471,36834716.67
2025-09-23,ARTNIRMAN,EQ,INE738V01013,ART NIRMAN LIMITED,51.0,51.9,49.06,49.09,50.0,-1.82,1633,80163.97
2025-09-23,ARVEE,EQ,INE006Z01016,ARVEE LABORATORIES I LTD,179.01,179.4,172.0,172.12,180.47,-4.63,826,142171.12
2025-09-23,ARVIND,EQ,INE034A01011,ARVIND LIMITED,314.15,316.8,308.35,315.05,315.85,-0.25,220627,69508533.66
2025-09-23,ARVINDFASN,EQ,INE955V01021,ARVIND FASHIONS LIMITED,556.25,561.25,543.25,547.65,554.05,-1.16,193177,105793388.77
2025-09-23,ARVSMART,EQ,INE034S01021,ARVIND SMARTSPACES LTD,650.95,658.0,646.05,654.65,654.2,0.07,33308,21805083.01
2025-09-23,ASAHIINDIA,EQ,INE439A01020,ASAHI INDIA GLASS LIMITED,884.1,920.95,882.65,916.25,885.15,3.51,484489,443913046.25
2025-09-23,ASAL,EQ,INE900C01027,AUTOMOTIVE STAMPINGS & AS,496.75,578.0,492.85,562.2,492.3,14.2,1246964,701043176.02
2025-09-23,ASALCBR,EQ,INE073G01016,ASSO ALCOHOLS & BREW LTD,1002.9,1016.0,996.5,1001.1,999.1,0.2,23783,23809160.72
2025-09-23,ASHAPURMIN,EQ,INE348A01023,ASHAPURA MINECHEM LTD,651.7,672.3,645.4,655.4,651.1,0.66,857415,561949811.93
2025-09-23,ASHIANA,EQ,INE365D01021,ASHIANA HOUSING LTD,308.25,310.3,306.9,308.6,308.75,-0.05,13849,4273801.48
2025-09-23,ASHIMASYN,EQ,INE440A01010,ASHIMA LTD,23.51,24.38,23.25,23.5,23.68,-0.76,131404,3087994.0
2025-09-23,ASHOKA,EQ,INE442H01029,ASHOKA BUILDCON LTD,192.95,195.5,191.6,193.32,193.98,-0.34,537349,103880312.62
2025-09-23,ASHOKAMET,EQ,INE760Y01011,ASHOKA METCAST LIMITED,17.8,18.05,17.71,17.82,17.84,-0.11,24265,432402.29
2025-09-23,ASHOKLEY,EQ,INE208A01029,ASHOK LEYLAND LTD,139.56,144.5,139.56,144.04,139.42,3.31,43630485,6284534766.47
2025-09-23,ASIANENE,EQ,INE276G01015,ASIAN ENERGY SERVICES LTD,355.4,355.45,347.2,347.75,354.1,-1.79,54118,18819534.5
2025-09-23,ASIANHOTNR,EQ,INE363A01022,ASIAN HOTELS (NORTH) LTD,345.0,346.7,331.05,339.85,330.2,2.92,131338,44635220.1
2025-09-23,ASIANPAINT,EQ,INE021A01026,ASIAN PAINTS LIMITED,2472.1,2483.8,2428.0,2446.9,2482.7,-1.44,1332111,3259542275.81
2025-09-23,ASIANTILES,EQ,INE022I01019,ASIAN GRANITO IND. LTD.,63.72,63.95,61.4,62.16,63.21,-1.66,296807,18449523.07
2025-09-23,ASKAUTOLTD,EQ,INE491J01022,ASK AUTOMOTIVE LIMITED,517.0,541.2,516.1,535.5,514.5,4.08,461584,247178232.0
2025-09-23,ASPINWALL,EQ,INE991I01015,ASPINWALL & CO LTD,270.0,270.0,266.25,269.9,269.0,0.33,1619,436968.09
2025-09-23,ASTEC,EQ,INE563J01010,ASTEC LIFESCIENCES LTD,840.3,860.0,828.0,829.9,850.2,-2.39,6964,5779423.77
2025-09-23,ASTERDM,EQ,INE914M01019,ASTER DM QUALITY CARE LTD,644.0,650.65,634.3,636.6,648.5,-1.84,382296,243369624.27
2025-09-23,ASTRAL,EQ,INE006I01046,ASTRAL LIMITED,1438.9,1453.0,1427.0,1436.4,1438.4,-0.14,489921,703722536.36
2025-09-23,ASTRAMICRO,EQ,INE386C01029,ASTRA MICROWAVE LTD,1115.6,1117.0,1091.0,1107.1,1115.0,-0.71,265167,293566379.23
2025-09-23,ASTRAZEN,EQ,INE203A01020,ASTRAZENECA PHARMA IND LT,8865.0,8884.0,8692.0,8761.0,8858.0,-1.1,6649,58251889.0
2025-09-23,ATALREAL,EQ,INE0ALR01029,ATAL REALTECH LIMITED,20.6,21.5,20.6,21.25,20.6,3.16,796696,16929790.0
2025-09-23,ATAM,EQ,INE09KD01013,ATAM VALVES LIMITED,91.5,91.5,89.25,89.73,90.8,-1.18,11530,1034586.94
2025-09-23,ATGL,EQ,INE399L01023,ADANI TOTAL GAS LIMITED,790.0,798.0,716.2,722.95,780.75,-7.4,14832905,10723448850.82
2025-09-23,ATHERENERG,EQ,INE0LEZ01016,ATHER ENERGY LIMITED,593.9,594.45,566.0,572.6,591.55,-3.2,1909319,1093276012.79
2025-09-23,ATL,EQ,INE0NN701020,ALLCARGO TERMINALS LTD,32.0,36.0,31.71,35.35,32.25,9.61,3542759,125236525.24
2025-09-23,ATLANTAA,EQ,INE285H01022,ATLANTAA LIMITED,41.08,42.35,40.4,41.04,41.48,-1.06,110858,4549612.42
2025-09-23,ATLASCYCLE,EQ,INE446A01025,ATLAS CYCLE (HARYANA) LTD,128.0,130.0,124.25,127.99,127.49,0.39,11431,1463053.67
2025-09-23,ATUL,EQ,INE100A01010,ATUL LTD,6260.0,6310.0,6230.0,6259.0,6257.0,0.03,11954,74820086.0
2025-09-23,ATULAUTO,EQ,INE951D01028,ATUL AUTO LIMITED,505.1,535.0,505.1,520.6,501.95,3.72,725848,377876451.08
2025-09-23,AUBANK,EQ,INE949L01017,AU SMALL FINANCE BANK LTD,710.0,734.05,708.9,731.65,706.05,3.63,5080969,3717491092.9
2025-09-23,AURIONPRO,EQ,INE132H01018,AURIONPRO SOLN LTD,1217.0,1223.1,1189.0,1205.2,1209.6,-0.36,150254,181086113.46
2025-09-23,AUROPHARMA,EQ,INE406A01037,AUROBINDO PHARMA LTD,1112.0,1124.0,1099.2,1109.9,1117.4,-0.67,1396979,1550507026.21
2025-09-23,AURUM,EQ,INE898S01029,AURUM PROPTECH LIMITED,169.33,170.92,165.0,166.27,168.66,-1.42,60775,10105059.51
2025-09-23,AURUS,EQ,INE142K01011,AURUS GEM CORP LIMITED,6.71,6.95,6.71,6.78,6.84,-0.88,16685,113124.3
2025-09-23,AUSOMENT,EQ,INE218C01016,AUSOM ENTERPRISE LIMITED,103.21,104.75,102.45,102.99,102.52,0.46,3711,382195.88
2025-09-23,AUTOAXLES,EQ,INE449A01011,AUTOMOTIVE AXLES LIMITED,1791.5,1842.0,1791.5,1813.4,1791.5,1.22,8659,15702230.81
2025-09-23,AUTOBEES,EQ,INF204KC1337,NIPPONAMC - NETFAUTO,281.97,284.48,280.11,280.9,279.25,0.59,634138,178129360.33
2025-09-23,AUTOIETF,EQ,INF109KC10V2,ICICIPRAMC - ICICIAUTO,28.64,28.64,28.09,28.14,27.95,0.68,909997,25607315.02
2025-09-23,AUTOIND,EQ,INE718H01014,AUTOLINE INDUSTRIES LTD,75.8,79.64,75.79,78.28,75.29,3.97,194067,15191564.52
2025-09-23,AVADHSUGAR,EQ,INE349W01017,AVADH SUG & ENERGY LTD,441.2,446.8,440.6,443.15,442.7,0.1,9140,4050390.94
2025-09-23,AVALON,EQ,INE0LCL01028,AVALON TECHNOLOGIES LTD,979.95,1023.0,975.0,1011.85,978.25,3.43,530894,537185080.94
2025-09-23,AVANTEL,EQ,INE005B01027,AVANTEL LIMITED,191.3,196.5,188.25,193.57,189.73,2.02,8126545,1573055375.17
2025-09-23,AVANTIFEED,EQ,INE871C01038,AVANTI FEEDS LIMITED,715.0,715.0,685.2,688.4,711.6,-3.26,427447,294254525.24
2025-09-23,AVL,EQ,INE679V01027,ADITYA VISION LIMITED,565.0,568.75,547.0,559.45,572.85,-2.34,573443,320812693.35
2025-09-23,AVONMORE,EQ,INE323B01024,AVONMORE CAP&MGT SERV LTD,19.71,20.11,19.45,19.48,19.83,-1.77,244340,4759743.09
2025-09-23,AVROIND,EQ,INE652Z01025,AVRO INDIA LIMITED,14.39,14.39,13.81,14.19,13.94,1.82,170060,2413321.46
2025-09-23,AVTNPL,EQ,INE488D01021,AVT NATURAL PRODUCTS LTD,74.2,74.96,73.8,74.08,74.08,0.0,33027,2446640.22
2025-09-23,AWFIS,EQ,INE108V01019,AWFIS SPACE SOLUTIONS LTD,609.8,609.8,595.3,603.05,603.8,-0.12,241711,145763815.6
2025-09-23,AWHCL,EQ,INE01BK01022,ANTONY WASTE HDG CELL LTD,583.0,584.5,572.0,577.95,580.7,-0.47,64492,37273152.19
2025-09-23,AWL,EQ,INE699H01024,AWL AGRI BUSINESS LIMITED,272.2,273.4,259.5,260.1,271.1,-4.06,5377628,1398721075.62
2025-09-23,AXISBANK,EQ,INE238A01034,AXIS BANK LIMITED,1146.0,1172.8,1141.9,1170.8,1144.4,2.31,16079093,18825402869.51
2025-09-23,AXISCADES,EQ,INE555B01013,AXISCADES TECH LTD,1773.3,1779.2,1676.2,1684.2,1764.4,-4.55,191000,321682190.67
2025-09-23,AXITA,EQ,INE02EZ01022,AXITA COTTON LIMITED,8.01,8.02,7.95,7.96,7.99,-0.34,2829731,22534947.44
2025-09-23,AYMSYNTEX,EQ,INE193B01039,AYM SYNTEX LIMITED,194.07,197.1,192.02,195.13,194.0,0.58,14282,2786846.73
2025-09-23,AZAD,EQ,INE02IJ01035,AZAD ENGINEERING LIMITED,1632.0,1634.7,1601.7,1614.1,1634.7,-1.26,87623,141432282.16
2025-09-23,BAGFILMS,EQ,INE116D01028,B.A.G FILMS AND MEDIA LTD,6.94,6.99,6.56,6.77,6.88,-1.6,80327,543813.79
2025-09-23,BAIDFIN,EQ,INE020D01022,BAID FINSERV LIMITED,11.31,11.44,11.15,11.2,11.26,-0.53,78340,877407.99
2025-09-23,BAJAJ-AUTO,EQ,INE917I01010,BAJAJ AUTO LIMITED,9079.0,9225.0,8950.0,8984.5,9054.5,-0.77,451186,4053680617.0
2025-09-23,BAJAJCON,EQ,INE933K01021,BAJAJ CONSUMER CARE LTD,257.5,259.58,252.35,253.84,257.65,-1.48,605160,153613812.18
2025-09-23,BAJAJELEC,EQ,INE193E01025,BAJAJ ELECT.LTD,586.2,586.2,574.1,577.1,583.55,-1.11,43240,24953802.94
2025-09-23,BAJAJFINSV,EQ,INE918I01026,BAJAJ FINSERV LTD.,2068.0,2092.0,2068.0,2084.4,2069.5,0.72,1177350,2454068225.02
2025-09-23,BAJAJHCARE,EQ,INE411U01027,BAJAJ HEALTHCARE LIMITED,423.3,486.0,420.25,463.45,420.4,10.24,2321957,1076110999.99
2025-09-23,BAJAJHFL,EQ,INE377Y01014,BAJAJ HOUSING FINANCE LTD,113.24,113.67,112.5,112.6,113.24,-0.57,3274041,368657011.6
2025-09-23,BAJAJHIND,EQ,INE306A01021,BAJAJ HINDUSTHAN SUGAR LT,21.45,21.61,20.96,21.24,21.59,-1.62,5111206,108562014.27
2025-09-23,BAJAJHLDNG,EQ,INE118A01012,BAJAJ HOLDINGS & INVS LTD,13328.0,13345.0,13175.0,13265.0,13279.0,-0.11,28684,380493260.0
2025-09-23,BAJAJINDEF,EQ,INE0O9T01021,INDEF MANUFACTURING LTD,395.5,405.0,380.1,383.95,394.7,-2.72,11870,4557486.64
2025-09-23,BAJEL,EQ,INE0KQN01018,BAJEL PROJECTS LIMITED,216.0,217.89,212.7,213.41,215.85,-1.13,135737,28967633.67
2025-09-23,BAJFINANCE,EQ,INE296A01032,BAJAJ FINANCE LIMITED,999.0,1028.8,999.0,1025.5,1006.5,1.89,10230040,10490906020.0
2025-09-23,BALAJEE,EQ,INE0S2G01011,SHREE TIRUPATI BALAJEE L,51.97,52.39,50.43,51.86,51.27,1.15,77243,4005822.03
2025-09-23,BALAJITELE,EQ,INE794B01026,BALAJI TELEFILMS LIMITED.,131.92,138.0,131.92,136.93,131.38,4.22,661186,90536194.14
2025-09-23,BALAMINES,EQ,INE050E01027,BALAJI AMINES LIMITED,1480.0,1483.8,1458.4,1462.6,1478.9,-1.1,30898,45191414.05
2025-09-23,BALAXI,EQ,INE618N01022,BALAXI PHARMA LTD,47.6,47.71,44.53,44.84,47.01,-4.62,227257,10190203.91
2025-09-23,BALKRISHNA,EQ,INE875R01011,BALKRISHNA PAPER MILLS L,22.94,23.51,22.26,22.95,22.6,1.55,42414,973401.33
2025-09-23,BALKRISIND,EQ,INE787D01026,BALKRISHNA IND. LTD,2540.0,2551.8,2475.3,2496.5,2536.0,-1.56,68337,170603320.5
2025-09-23,BALMLAWRIE,EQ,INE164A01016,BALMER LAWRIE & CO LTD,215.0,215.28,210.6,211.15,214.75,-1.68,268332,56658300.16
2025-09-23,BALPHARMA,EQ,INE083D01012,BAL PHARMA LTD.,85.59,86.41,84.01,84.37,85.59,-1.43,16592,1399867.09
2025-09-23,BALRAMCHIN,EQ,INE119A01028,BALRAMPUR CHINI MILLS LTD,507.45,507.45,494.0,496.25,504.3,-1.6,235898,117064382.5
2025-09-23,BALUFORGE,EQ,INE011E01029,BALU FORGE INDUSTRIES LTD,642.05,661.55,640.0,642.4,646.15,-0.58,299397,192332640.11
2025-09-23,BANARBEADS,EQ,INE655B01011,BANARAS BEADS LTD,109.39,126.85,104.2,123.36,105.71,16.7,111341,13735025.83
2025-09-23,BANARISUG,EQ,INE459A01010,BANNARI AMMAN SUGARS LTD,3713.8,3713.8,3655.2,3678.1,3677.0,0.03,153,562749.31
2025-09-23,BANCOINDIA,EQ,INE213C01025,BANCO PRODUCTS (I) LTD,816.0,838.0,808.1,815.1,823.75,-1.05,702227,572385210.56
2025-09-23,BANDHANBNK,EQ,INE545U01014,BANDHAN BANK LIMITED,163.5,164.0,158.5,162.09,163.19,-0.67,10403417,1686289823.43
2025-09-23,BANG,EQ,INE863I01016,BANG OVERSEAS LTD.,52.9,53.5,52.0,52.44,52.81,-0.7,4971,260679.23
2025-09-23,BANKA,EQ,INE862Y01015,BANKA BIOLOO LIMITED,87.0,87.63,86.97,87.31,89.2,-2.12,7670,669667.68
2025-09-23,BANKADD,EQ,INF740KA1RX3,DSPAMC - DSPBANK,56.54,56.78,56.27,56.61,56.53,0.14,16925,958124.26
2025-09-23,BANKBARODA,EQ,INE028A01039,BANK OF BARODA,251.14,254.45,249.14,253.23,251.14,0.83,10937835,2769787910.32
2025-09-23,BANKBEES,EQ,INF204KB15I9,NIP IND ETF BANK BEES,572.54,574.4,570.01,572.62,571.02,0.28,277910,159136822.84
2025-09-23,BANKBETF,EQ,INF0QA701714,BFAM - BANKBETF,56.0,56.41,55.44,56.18,56.07,0.2,21607,1213881.27
2025-09-23,BANKETF,EQ,INF769K01KR3,MIRAEAMC - BANKETF,561.0,565.0,559.69,563.16,560.85,0.41,1517,854313.68
2025-09-23,BANKIETF,EQ,INF109KC15I8,ICICIPRAMC - IPRU5008,56.69,56.97,56.48,56.77,56.69,0.14,123421,7006610.23
2025-09-23,BANKINDIA,EQ,INE084A01016,BANK OF INDIA,120.53,121.85,119.27,121.43,120.53,0.75,6971134,846504803.75
2025-09-23,BANKNIFTY1,EQ,INF174KA1ZB7,KOTAKMAMC-KOTAKBKETF,571.3,574.85,569.9,573.17,571.31,0.33,532768,305366625.46
2025-09-23,BANKPSU,EQ,INF769K01LZ4,MIRAEAMC - BANKPSU,73.63,75.02,73.38,74.71,74.08,0.85,6655,497195.04
2025-09-23,BANSALWIRE,EQ,INE0B9K01025,BANSAL WIRE INDUSTRIES L,353.0,362.75,350.7,356.1,355.0,0.31,40892,14561641.45
2025-09-23,BANSWRAS,EQ,INE629D01020,BANSWARA SYNTEX LIMITED,129.0,131.66,126.72,128.12,129.86,-1.34,41689,5341194.48
2025-09-23,BASF,EQ,INE373A01013,BASF INDIA LTD,4630.0,4635.0,4555.0,4599.6,4631.8,-0.7,10779,49579089.45
2025-09-23,BATAINDIA,EQ,INE176A01028,BATA INDIA LTD,1228.0,1231.3,1215.0,1226.5,1227.2,-0.06,52220,64047830.0
2025-09-23,BAYERCROP,EQ,INE462A01022,BAYER CROPSCIENCE LTD,5250.0,5250.5,5048.0,5072.0,5245.0,-3.3,34850,176759200.0
2025-09-23,BBETF0432,EQ,INF754K01OB1,EDELAMC - BBETF0432,1288.0,1290.19,1286.13,1290.0,1288.92,0.08,1514,1953060.0
2025-09-23,BBL,EQ,INE464A01036,BHARAT BIJLEE LTD,3102.9,3135.8,3072.5,3089.7,3102.9,-0.43,15635,48307458.74
2025-09-23,BBNPNBETF,EQ,INF251K01TL6,BARODABNP - BBNPNBETF,53.06,56.67,53.06,56.0,55.56,0.79,2240,125440.0
2025-09-23,BBNPPGOLD,EQ,INF251K01SU9,BARODABNP - BBNPPGOLD,106.55,111.65,106.55,111.5,109.25,2.06,97598,10882177.0
2025-09-23,BBOX,EQ,INE676A01027,BLACK BOX LIMITED,513.0,513.0,492.3,497.45,501.8,-0.87,227198,113019647.87
2025-09-23,BBTC,EQ,INE050A01025,BOMBAY BURMAH TRADING COR,1921.3,1921.9,1875.1,1878.7,1911.7,-1.73,39618,74430334.67
2025-09-23,BBTCL,EQ,INE01EE01011,B&B TRIPLEWALL CONT LTD,212.99,212.99,203.0,203.29,203.22,0.03,9658,1963374.76
2025-09-23,BCG,EQ,INE425B01027,BRIGHTCOM GROUP LIMITED,15.07,15.07,14.57,14.62,14.74,-0.81,5144254,75208992.89
2025-09-23,BCLIND,EQ,INE412G01024,BCL INDUSTRIES LIMITED,43.28,43.36,42.15,42.28,43.16,-2.04,654499,27672216.92
2025-09-23,BCONCEPTS,EQ,INE977Y01011,BRAND CONCEPTS LIMITED,319.8,379.3,310.95,379.3,316.1,19.99,308949,117184351.93
2025-09-23,BDL,EQ,INE171Z01026,BHARAT DYNAMICS LIMITED,1625.0,1633.5,1570.9,1595.4,1627.7,-1.98,1691145,2698052774.29
2025-09-23,BEARDSELL,EQ,INE520H01022,BEARDSELL LIMITED,31.6,32.95,30.63,31.11,31.84,-2.29,70388,2189770.72
2025-09-23,BECTORFOOD,EQ,INE495P01020,MRS BECTORS FOOD SPE LTD,274.9,274.9,270.1,271.5,272.7,-0.44,244525,66388537.5
2025-09-23,BEDMUTHA,EQ,INE844K01012,BEDMUTHA INDUST LTD,140.05,143.55,140.05,140.9,141.51,-0.43,2732,384938.78
2025-09-23,BEL,EQ,INE263A01024,BHARAT ELECTRONICS LTD,406.4,407.7,402.3,404.45,406.4,-0.48,11906108,4815425525.94
2025-09-23,BELLACASA,EQ,INE344T01014,BELLA CASA FASH AND RET L,417.25,417.25,405.0,405.95,415.55,-2.31,5749,2333806.62
2025-09-23,BELRISE,EQ,INE894V01022,BELRISE INDUSTRIES LTD,154.1,164.5,153.77,159.87,153.99,3.82,28617373,4575059281.78
2025-09-23,BEML,EQ,INE258A01024,BEML LIMITED,2169.9,2192.5,2142.55,2167.4,2164.0,0.16,755022,1636434609.07
2025-09-23,BEPL,EQ,INE922A01025,BHANSALI ENG. POLYMERS LT,105.6,105.94,104.35,105.37,105.67,-0.28,281297,29640265.66
2025-09-23,BERGEPAINT,EQ,INE463A01038,BERGER PAINTS (I) LTD,532.05,535.6,529.5,532.6,531.55,0.2,263078,140115336.38
2025-09-23,BESTAGRO,EQ,INE052T01021,BEST AGROLIFE LIMITED,24.08,24.98,24.08,24.77,24.2,2.36,516780,12802362.82
2025-09-23,BETA,EQ,INE351Y01019,BETA DRUGS LIMITED,1845.0,1845.0,1810.1,1822.75,1834.0,-0.61,1575,2870831.25
2025-09-23,BFINVEST,EQ,INE878K01010,BF INVESTMENT LIMITED,469.3,528.0,467.0,472.6,468.3,0.92,2064885,975864663.6
2025-09-23,BFSI,EQ,INF769K01HI8,MIRAEAMC - MAFSETF,27.5,27.53,27.31,27.45,27.37,0.29,203924,5597713.96
2025-09-23,BFUTILITIE,EQ,INE243D01012,BF UTILITIES LIMITED,780.0,898.7,780.0,857.65,778.05,10.23,5261327,4512377230.0
2025-09-23,BHAGCHEM,EQ,INE414D01027,BHAGIRADHA CHEM & INDS L,257.65,258.3,255.0,256.9,256.9,0.0,34609,8891051.89
2025-09-23,BHAGYANGR,EQ,INE458B01036,BHAGYANAGAR INDIA LIMITED,91.75,92.95,90.0,92.2,91.63,0.62,14548,1341325.56
2025-09-23,BHANDARI,EQ,INE474E01029,BHANDARI HOSIERY EXP LTD,4.97,4.99,4.85,4.89,4.91,-0.41,328764,1607655.92
2025-09-23,BHARATFORG,EQ,INE465A01025,BHARAT FORGE LTD,1256.0,1273.8,1247.1,1251.0,1256.0,-0.4,1451840,1816251840.0
2025-09-23,BHARATRAS,EQ,INE838B01021,BHARAT RASAYAN LTD,2496.5,2550.0,2475.5,2510.5,2501.5,0.36,11452,28750246.0
2025-09-23,BHARATSE,EQ,INE415D01024,BHARAT SEATS LIMITED,161.95,168.86,161.1,168.86,160.82,5.0,404590,68319067.65
2025-09-23,BHARATWIRE,EQ,INE316L01019,BHARAT WIRE ROPES LTD.,167.79,167.97,165.21,166.12,167.14,-0.61,67793,11261772.83
2025-09-23,BHARTIARTL,EQ,INE397D01024,BHARTI AIRTEL LIMITED,1950.0,1955.0,1930.1,1938.7,1956.2,-0.89,4348633,8430694584.76
2025-09-23,BHARTIHEXA,EQ,INE343G01021,BHARTI HEXACOM LIMITED,1690.2,1714.0,1685.3,1710.0,1690.4,1.16,144812,247628520.0
2025-09-23,BHEL,EQ,INE257A01026,BHEL,239.6,240.83,236.6,238.73,239.6,-0.36,6141305,1466113716.41
2025-09-23,BIGBLOC,EQ,INE412U01025,BIGBLOC CONSTRUCTION LTD,58.16,58.16,56.56,57.49,57.77,-0.48,100220,5761647.97
2025-09-23,BIKAJI,EQ,INE00E101023,BIKAJI FOODS INTERN LTD,770.0,775.0,765.0,768.0,773.65,-0.73,105005,80643840.0
2025-09-23,BIL,EQ,INE828A01016,BHARTIYA INTERNATIONAL,873.0,878.45,870.0,871.7,882.3,-1.2,349,304223.3
2025-09-23,BIOCON,EQ,INE376G01013,BIOCON LIMITED.,360.65,364.35,358.1,359.5,362.15,-0.73,836722,300801559.0
2025-09-23,BIOFILCHEM,EQ,INE829A01014,BIOFIL CHEM & PHARMA LTD,42.27,44.85,42.15,43.55,42.87,1.59,21946,955748.28
2025-09-23,BIRLACABLE,EQ,INE800A01015,BIRLA CABLE LIMITED,173.0,175.0,171.6,171.65,171.74,-0.05,41324,7093264.35
2025-09-23,BIRLACORPN,EQ,INE340A01012,BIRLA CORPORATION LTD,1319.8,1320.0,1295.0,1299.2,1301.9,-0.21,89153,115827573.25
2025-09-23,BIRLAMONEY,EQ,INE865C01022,ADITYA BIRLA MONEY LTD,179.6,181.37,177.0,178.28,180.66,-1.32,76317,13605794.67
2025-09-23,BIRLANU,EQ,INE557A01011,BIRLANU LIMITED,1980.6,1993.9,1970.2,1979.8,1986.4,-0.33,3155,6246269.15
2025-09-23,BLACKBUCK,EQ,INE0UIZ01018,BLACKBUCK LIMITED,588.35,614.1,583.05,590.7,588.35,0.4,2408277,1422569253.3
2025-09-23,BLAL,EQ,INE0N7W01012,BEML LAND ASSETS LIMITED,222.71,223.89,221.05,221.08,223.08,-0.9,26614,5883823.17
2025-09-23,BLBLIMITED,EQ,INE791A01024,BLB LIMITED,15.45,16.0,15.33,15.8,15.45,2.27,74694,1180165.21
2025-09-23,BLKASHYAP,EQ,INE350H01032,B.L.KASHYAP & SON LTD,65.0,65.5,62.33,62.54,65.13,-3.98,502365,31417907.56
2025-09-23,BLS,EQ,INE153T01027,BLS INTL SERVS LTD,361.05,362.9,352.4,360.0,361.05,-0.29,1001935,360696600.0
2025-09-23,BLSE,EQ,INE0NLT01010,BLS E-SERVICES LIMITED,195.1,203.4,189.78,200.41,195.27,2.63,167627,33594127.68
2025-09-23,BLUECOAST,EQ,INE472B01011,BLUE COAST HOTELS LIMITED,68.07,68.07,68.07,68.07,64.83,5.0,795,54115.65
2025-09-23,BLUEDART,EQ,INE233B01017,BLUE DART EXPRESS LTD,6050.0,6050.0,5720.0,5755.0,5783.0,-0.48,33575,193224125.0
2025-09-23,BLUEJET,EQ,INE0KBH01020,BLUE JET HEALTHCARE LTD,672.95,684.65,671.2,680.9,668.85,1.8,525867,358062853.14
2025-09-23,BLUESTARCO,EQ,INE472A01039,BLUE STAR LIMITED,1996.0,1998.2,1951.1,1964.0,1996.8,-1.64,548671,1077589844.0
2025-09-23,BLUESTONE,EQ,INE304W01038,BLUESTONE JEWEL LFSTL LTD,607.0,607.0,589.25,594.5,600.9,-1.07,147821,87879584.5
2025-09-23,BLUSPRING,EQ,INE0U4101014,BLUSPRING ENTERPRISES LTD,84.0,85.38,82.7,83.17,84.41,-1.47,188183,15651179.77
2025-09-23,BNKETFAXIS,EQ,INF846K01X63,AXISAMC-BNKETFAXIS,567.4,572.47,567.4,570.74,569.83,0.16,3552,2027268.45
2025-09-23,BODALCHEM,EQ,INE338D01028,BODAL CHEMICALS LTD,65.49,66.05,65.01,65.27,65.3,-0.05,88681,5788208.57
2025-09-23,BOHRAIND,EQ,INE802W01023,BOHRA INDUSTRIES LIMITED,26.08,26.66,25.06,25.23,26.25,-3.89,30726,775216.97
2025-09-23,BOMDYEING,EQ,INE032A01023,BOMBAY DYEING & MFG. CO L,182.25,183.35,177.88,180.93,181.98,-0.58,862256,156007971.76
2025-09-23,BORANA,EQ,INE16SF01016,BORANA WEAVES LIMITED,218.9,218.99,216.75,218.42,217.9,0.24,51236,11190967.03
2025-09-23,BOROLTD,EQ,INE02PY01013,BOROSIL LIMITED,352.95,375.95,352.95,373.6,351.85,6.18,1113635,416054042.8
2025-09-23,BORORENEW,EQ,INE666D01022,BOROSIL RENEWABLES LTD,620.0,624.0,600.0,602.85,619.85,-2.74,988183,595726097.42
2025-09-23,BOROSCI,EQ,INE02L001032,BOROSIL SCIENTIFIC LTD,138.61,143.0,137.9,139.56,138.16,1.01,91073,12710147.66
2025-09-23,BOSCH-HCIL,EQ,INE782A01015,BOSCH HOME COMFRT IND LTD,1755.0,1760.2,1741.1,1746.7,1754.5,-0.44,9480,16558715.54
2025-09-23,BOSCHLTD,EQ,INE323A01026,BOSCH LIMITED,39570.0,40055.0,39300.0,39390.0,39570.0,-0.45,30113,1186151070.0
2025-09-23,BPCL,EQ,INE029A01011,BHARAT PETROLEUM CORP  LT,328.7,335.2,326.85,330.4,325.4,1.54,7992615,2640759947.22
2025-09-23,BPL,EQ,INE110A01019,BPL LTD,84.0,84.0,81.5,82.09,82.33,-0.29,66712,5476387.84
2025-09-23,BRIGADE,EQ,INE791I01019,BRIGADE ENTER. LTD,703.5,707.33,684.75,685.76,693.45,-1.11,403355,276605738.11
2025-09-23,BRIGHOTEL,EQ,INE03NU01014,BRIGADE HOTEL VENTURE LTD,84.0,85.7,83.5,83.71,83.68,0.04,163468,13683906.13
2025-09-23,BRITANNIA,EQ,INE216A01030,BRITANNIA INDUSTRIES LTD,6066.5,6069.5,5927.0,5934.0,6056.5,-2.02,333112,1976686608.0
2025-09-23,BRNL,EQ,INE727S01012,BHARAT ROAD NETWORK LTD,21.7,21.99,21.15,21.72,21.6,0.56,146790,3188278.7
2025-09-23,BROOKS,EQ,INE650L01011,BROOKS LAB LIMITED,149.0,152.39,145.51,145.92,147.08,-0.79,18605,2714841.57
2025-09-23,BSE,EQ,INE118H01025,BSE LIMITED,2157.0,2160.0,2086.4,2122.2,2156.2,-1.58,4932424,10467589971.96
2025-09-23,BSE500IETF,EQ,INF109KC1V59,ICICIPRAMC - ICICI500,39.69,39.69,39.31,39.45,39.5,-0.13,86935,3429585.82
2025-09-23,BSHSL,EQ,INE032Z01020,BOMBAY SUPER HYBRID SEEDS,130.51,130.7,129.5,129.84,129.86,-0.02,4084,530266.55
2025-09-23,BSL,EQ,INE594B01012,BSL LTD,163.94,167.35,163.94,164.87,163.94,0.57,5521,910247.24
2025-09-23,BSLGOLDETF,EQ,INF209KB18D3,ADITYBIRLA SL GOLD ETF-GR,101.37,102.52,99.07,101.4,99.12,2.3,980138,99385994.7
2025-09-23,BSLNIFTY,EQ,INF209KB19D1,ADITYBIRLA SL NIF ETF-GR,28.52,29.6,28.52,29.26,29.26,0.0,133533,3907175.61
2025-09-23,BSLSENETFG,EQ,INF209KB10E8,BIRLASLAMC - BSLSENETFG,83.76,83.76,80.75,81.88,82.12,-0.29,1178,96454.64
2025-09-23,BSOFT,EQ,INE836A01035,BIRLASOFT LIMITED,373.45,377.55,371.1,372.35,372.25,0.03,465967,173502815.29
2025-09-23,BTML,EQ,INE0EEJ01023,BODHI TREE MULTIMEDIA LTD,9.43,9.43,9.07,9.16,9.03,1.44,92441,846759.55
2025-09-23,BUTTERFLY,EQ,INE295F01017,BTRFLY GANDHI APPL LTD,710.6,720.0,710.0,713.2,710.55,0.37,9576,6829603.32
2025-09-23,BVCL,EQ,INE139I01011,BARAK VALLEY CEM. LTD.,50.95,53.59,49.31,52.33,51.13,2.35,49246,2577043.27
2025-09-23,CAMLINFINE,EQ,INE052I01032,CAMLIN FINE SCIENCES LTD,229.0,229.0,223.1,226.04,226.95,-0.4,206457,46667538.89
2025-09-23,CAMPUS,EQ,INE278Y01022,CAMPUS ACTIVEWEAR LIMITED,278.85,279.75,273.45,276.4,278.85,-0.88,505061,139598857.32
2025-09-23,CAMS,EQ,INE596I01020,COMPUTER AGE MNGT SER LTD,802.8,808.36,792.92,797.22,802.8,-0.7,1053770,840086488.53
2025-09-23,CANBK,EQ,INE476A01022,CANARA BANK,118.77,122.09,116.93,121.9,118.87,2.55,44544453,5429968888.67
2025-09-23,CANFINHOME,EQ,INE477A01020,CAN FIN HOMES LTD,770.0,785.0,759.35,780.3,771.4,1.15,166824,130172765.16
2025-09-23,CANTABIL,EQ,INE068L01024,CANTABIL RETAIL LTD,270.6,275.55,268.35,272.2,273.35,-0.42,93592,25475743.54
2025-09-23,CAPACITE,EQ,INE264T01014,CAPACITE INFRAPROJECT LTD,311.0,311.0,301.3,302.55,310.0,-2.4,364685,110335442.3
2025-09-23,CAPITALSFB,EQ,INE646H01017,CAPITAL SMALL FIN BANK L,290.0,290.0,283.2,284.7,288.0,-1.15,32922,9372893.8
2025-09-23,CAPLIPOINT,EQ,INE475E01026,CAPLIN POINT LAB LTD.,2313.8,2318.6,2242.0,2253.6,2320.0,-2.86,64060,144365622.26
2025-09-23,CARBORUNIV,EQ,INE120A01034,CARBORUNDUM UNIVERSAL LTD,956.0,978.55,953.1,972.0,951.3,2.18,159826,155350872.0
2025-09-23,CARERATING,EQ,INE752H01013,CARE RATINGS LIMITED,1580.0,1581.3,1545.1,1552.6,1578.9,-1.67,24425,37922254.4
2025-09-23,CARRARO,EQ,INE0V7W01012,CARRARO INDIA LIMITED,471.0,482.45,465.75,468.15,468.3,-0.03,284048,132977069.47
2025-09-23,CARTRADE,EQ,INE290S01011,CARTRADE TECH LIMITED,2391.0,2490.0,2379.4,2404.8,2389.2,0.65,349112,839544554.65
2025-09-23,CARYSIL,EQ,INE482D01024,CARYSIL LIMITED,891.25,905.4,882.5,885.35,896.7,-1.27,64037,56695156.39
2025-09-23,CASTROLIND,EQ,INE172A01027,CASTROL INDIA LIMITED,202.77,204.9,202.01,203.17,202.79,0.19,1021736,207586101.25
2025-09-23,CCAVENUE,EQ,INE483S01020,AVENUESAI LIMITED,16.3,17.09,16.17,16.63,16.25,2.34,25364839,421817251.28
2025-09-23,CCCL,EQ,INE429I01024,CONS. CONST. CONSORT LTD,24.5,25.8,24.1,24.9,24.38,2.13,1849732,46058326.09
2025-09-23,CCHHL,EQ,INE652F01027,COUNTRY CLUB HOSP HOL LTD,17.3,17.3,16.9,16.99,17.03,-0.23,55010,934619.89
2025-09-23,CCL,EQ,INE421D01022,CCL PRODUCTS (I) LTD,900.15,913.95,893.55,899.85,899.3,0.06,91287,82144604.72
2025-09-23,CDSL,EQ,INE736A01011,CENTRAL DEPO SER (I) LTD,1551.0,1559.2,1525.6,1546.6,1558.5,-0.76,1127421,1743669291.08
2025-09-23,CEATLTD,EQ,INE482A01020,CEAT LIMITED,3499.8,3585.0,3461.1,3474.6,3470.6,0.12,243917,847514032.02
2025-09-23,CEIGALL,EQ,INE0AG901020,CEIGALL INDIA LIMITED,280.51,280.55,271.15,272.93,280.55,-2.72,176208,48092448.15
2025-09-23,CELEBRITY,EQ,INE185H01016,CELEBRITY FASHIONS LTD,12.2,12.35,12.03,12.14,12.4,-2.1,73599,893491.89
2025-09-23,CELLO,EQ,INE0LMW01024,CELLO WORLD LIMITED,619.0,619.0,609.25,611.95,618.05,-0.99,72657,44462452.04
2025-09-23,CEMPRO,EQ,INE686A01026,CEMINDIA PROJECTS LIMITED,803.0,835.0,799.75,822.25,801.4,2.6,569655,468398823.75
2025-09-23,CENTENKA,EQ,INE485A01015,CENTURY ENKA LTD,503.2,506.55,495.3,496.6,505.7,-1.8,37445,18595187.23
2025-09-23,CENTEXT,EQ,INE281A01026,CENTURY EXTRUSIONS LTD,25.34,26.0,25.22,25.79,25.22,2.26,133901,3453306.91
2025-09-23,CENTRALBK,EQ,INE483A01010,CENTRAL BANK OF INDIA,37.8,38.19,37.42,37.91,37.84,0.18,5952985,225677660.44
2025-09-23,CENTRUM,EQ,INE660C01027,CENTRUM CAPITAL LIMITED,36.64,37.6,36.6,36.81,36.63,0.49,251148,9244758.22
2025-09-23,CENTUM,EQ,INE320B01020,CENTUM ELECTRONICS LTD,2810.0,2827.9,2765.7,2794.7,2810.2,-0.55,14882,41590724.67
2025-09-23,CENTURYPLY,EQ,INE348B01021,CENTURY PLYBOARDS (I) LTD,808.65,817.0,803.6,810.2,808.65,0.19,43285,35069507.53
2025-09-23,CERA,EQ,INE739E01017,CERA SANITARYWARE LTD,6305.5,6349.5,6169.0,6180.0,6302.0,-1.94,20601,127314180.0
2025-09-23,CESC,EQ,INE486A01021,CESC LTD,168.19,171.36,166.46,166.84,168.19,-0.8,4052011,676037500.4
2025-09-23,CEWATER,EQ,INE037Z01029,CONCORD ENVIRO SYSTEMS L,528.15,534.9,519.25,521.95,528.85,-1.3,40949,21373331.05
2025-09-23,CGCL,EQ,INE180C01042,CAPRI GLOBAL CAPITAL LTD,194.4,198.4,189.24,193.2,193.35,-0.08,3100576,599031273.74
2025-09-23,CGPOWER,EQ,INE067A01029,CG POWER AND IND SOL LTD,771.2,777.7,766.2,773.45,770.2,0.42,1773399,1371635478.2
2025-09-23,CHALET,EQ,INE427F01016,CHALET HOTELS LIMITED,1015.8,1028.6,1006.0,1025.1,1009.8,1.52,155343,159242105.51
2025-09-23,CHAMBLFERT,EQ,INE085A01013,CHAMBAL FERTILIZERS LTD,542.0,542.0,534.6,537.1,539.75,-0.49,572929,307720151.91
2025-09-23,CHEMBOND,EQ,INE995D01025,CHEMBOND MATERIALTECH LTD,182.0,184.4,178.0,179.2,183.62,-2.41,8423,1509401.57
2025-09-23,CHEMFAB,EQ,INE783X01023,CHEMFAB ALKALIS LIMITED,653.85,656.95,636.5,640.35,647.8,-1.15,2989,1914006.08
2025-09-23,CHEMPLASTS,EQ,INE488A01050,CHEMPLAST SANMAR LIMITED,424.8,425.0,418.05,421.6,423.2,-0.38,34646,14606753.81
2025-09-23,CHENNPETRO,EQ,INE178A01016,CHENNAI PETROLEUM CORP LT,755.2,758.45,745.5,751.7,756.0,-0.57,459098,345103972.2
2025-09-23,CHEVIOT,EQ,INE974B01016,CHEVIOT COMPANY LIMITED,1192.0,1196.1,1172.2,1179.6,1192.0,-1.04,1405,1657337.97
2025-09-23,CHOICEIN,EQ,INE102B01014,CHOICE INTERNATIONAL LTD,807.8,818.0,803.45,815.85,805.85,1.24,299891,244666065.03
2025-09-23,CHOLAFIN,EQ,INE121A01024,CHOLAMANDALAM IN & FIN CO,1629.9,1643.7,1610.1,1623.8,1630.0,-0.38,1724892,2800879713.82
2025-09-23,CHOLAHLDNG,EQ,INE149A01033,CHOLAMANDALAM FIN HOL LTD,1999.8,1999.8,1909.0,1922.4,1988.8,-3.34,142963,274832074.69
2025-09-23,CIEINDIA,EQ,INE536H01010,CIE AUTOMOTIVE INDIA LTD,445.9,447.6,427.3,429.5,443.35,-3.12,277261,119083599.5
2025-09-23,CIFL,EQ,INE345H01024,CAPITAL INDIA FINANCE LTD,37.3,37.6,36.3,36.61,37.34,-1.96,116254,4256059.01
2025-09-23,CINELINE,EQ,INE704H01022,CINELINE INDIA LIMITED,87.62,91.95,85.38,90.44,87.24,3.67,53246,4815568.37
2025-09-23,CINEVISTA,EQ,INE039B01026,CINEVISTA LIMITED,18.53,20.5,18.3,18.97,18.43,2.93,157659,2990791.12
2025-09-23,CIPLA,EQ,INE059A01026,CIPLA LTD,1542.2,1550.7,1517.5,1527.1,1542.2,-0.98,1487350,2271332148.69
2025-09-23,CLEAN,EQ,INE227W01023,CLEAN SCIENCE & TECH LTD,1148.7,1148.8,1128.6,1132.4,1143.0,-0.93,371453,420633386.27
2025-09-23,CLEDUCATE,EQ,INE201M01029,CL EDUCATE LIMITED,100.83,101.9,98.0,98.42,100.33,-1.9,23829,2345250.14
2025-09-23,CLSEL,EQ,INE419D01026,CHAMAN LAL SETIA EXP LTD,283.2,283.2,280.0,281.0,283.25,-0.79,32805,9218205.0
2025-09-23,CMSINFO,EQ,INE925R01014,CMS INFO SYSTEMS LIMITED,405.65,405.65,399.3,400.15,401.9,-0.44,1846667,738943788.78
2025-09-23,CNL,EQ,INE985W01018,CREATIVE NEWTECH LIMITED,667.2,705.0,667.2,691.0,665.85,3.78,38513,26612483.0
2025-09-23,COALINDIA,EQ,INE522F01014,COAL INDIA LTD,394.75,395.75,392.1,394.05,394.7,-0.16,4720322,1860042826.48
2025-09-23,COASTCORP,EQ,INE377E01024,COASTAL CORPORATION LTD,35.51,36.28,33.36,33.95,35.66,-4.8,231500,7859425.18
2025-09-23,COCHINSHIP,EQ,INE704P01025,COCHIN SHIPYARD LIMITED,1924.0,1925.0,1876.0,1885.4,1922.9,-1.95,1479948,2790293995.33
2025-09-23,COFFEEDAY,EQ,INE335K01011,COFFEE DAY ENTERPRISE LTD,42.93,44.9,42.03,44.51,42.96,3.61,699501,31134788.34
2025-09-23,COFORGE,EQ,INE591G01025,COFORGE LIMITED,1718.0,1723.2,1662.2,1667.9,1716.9,-2.85,2038607,3400192665.07
2025-09-23,COHANCE,EQ,INE03QK01018,COHANCE LIFESCIENCES LTD,904.0,905.0,882.0,899.35,901.65,-0.26,1024318,921220368.29
2025-09-23,COLPAL,EQ,INE259A01022,COLGATE PALMOLIVE LTD.,2343.7,2344.8,2312.1,2324.9,2344.8,-0.85,484250,1125832777.71
2025-09-23,COMMOIETF,EQ,INF109KC19O8,ICICIPRAMC - ICICICOMMO,92.81,92.84,91.58,92.41,92.34,0.08,697609,64466050.24
2025-09-23,COMPUSOFT,EQ,INE453B01029,COMPUCOM SOFTWARE LTD,19.88,19.88,19.33,19.55,19.62,-0.36,12079,236144.44
2025-09-23,COMSYN,EQ,INE073V01015,COMMERCIAL SYN BAGS LTD,155.4,155.5,153.1,154.64,154.83,-0.12,256836,39717118.88
2025-09-23,CONCOR,EQ,INE111A01025,CONTAINER CORP OF IND LTD,552.7,552.7,542.5,543.75,550.15,-1.16,1229127,668337806.25
2025-09-23,CONCORDBIO,EQ,INE338H01029,CONCORD BIOTECH LIMITED,1620.6,1639.5,1609.7,1624.4,1620.6,0.23,73974,120163367.41
2025-09-23,CONFIPET,EQ,INE552D01024,CONFIDENCE PETRO IND LTD.,47.18,47.51,46.25,46.74,46.95,-0.45,721204,33709076.17
2025-09-23,CONS,EQ,INF174KA1ZF8,KOTAKMAMC - KOTAKCONS,128.1,128.5,126.23,126.32,127.91,-1.24,11786,1488807.52
2025-09-23,CONSUMAXIS,EQ,INF846K016C7,AXISAMC-CONSUMAXIS,128.02,130.13,126.83,127.52,128.02,-0.39,3412,435098.23
2025-09-23,CONSUMBEES,EQ,INF204KA1LD7,NIP IND ETF CONSUMPTION,139.41,139.47,137.82,137.94,138.72,-0.56,217445,29994363.83
2025-09-23,CONSUMER,EQ,INF769K01NS5,MIRAEAMC - CONSUMER,12.45,12.46,12.3,12.34,12.38,-0.32,381691,4710067.0
2025-09-23,CONSUMIETF,EQ,INF109KC1V42,ICICIPRAMC - ICICICONSU,129.0,129.58,127.64,127.74,129.07,-1.03,67539,8627431.72
2025-09-23,CONTROLPR,EQ,INE663B01015,CONTROL PRINT LIMITED,808.0,843.3,805.1,828.6,805.05,2.93,126421,104752437.51
2025-09-23,CORALFINAC,EQ,INE558D01021,CORAL INDIA FIN & HOUS LT,44.92,45.89,44.55,44.67,45.13,-1.02,17160,766537.17
2025-09-23,CORDSCABLE,EQ,INE792I01017,CORDS CABLE INDUS LTD.,179.0,183.43,177.2,179.85,178.37,0.83,15061,2708720.94
2025-09-23,COROMANDEL,EQ,INE169A01031,COROMANDEL INTERNTL. LTD,2273.0,2289.0,2248.2,2255.7,2273.0,-0.76,214845,484625856.01
2025-09-23,COSMOFIRST,EQ,INE757A01017,COSMO FIRST LIMITED,939.0,942.85,915.4,916.55,939.8,-2.47,38387,35183604.38
2025-09-23,CPCAP,EQ,INE521J01018,CP CAPITAL LIMITED,141.74,141.75,136.0,136.6,138.78,-1.57,20215,2761369.12
2025-09-23,CPEDU,EQ,INE0P6P01016,CAREER POINT EDUTECH LTD,262.97,292.0,257.43,274.65,264.63,3.79,172572,47396898.75
2025-09-23,CPPLUS,EQ,INE819V01029,ADITYA INFOTECH LIMITED,1429.9,1433.1,1384.7,1394.6,1422.2,-1.94,90727,126527871.98
2025-09-23,CPSEETF,EQ,INF457M01133,CPSE ETF,93.05,93.5,92.26,93.16,93.03,0.14,2567392,239178248.12
2025-09-23,CRAFTSMAN,EQ,INE00LO01017,CRAFTSMAN AUTOMATION LTD,6800.0,6880.0,6779.0,6804.5,6776.5,0.41,18221,123984794.5
2025-09-23,CREATIVEYE,EQ,INE230B01021,CREATIVE EYE LIMITED,7.75,8.1,7.68,7.72,7.78,-0.77,16800,129696.0
2025-09-23,CREDITACC,EQ,INE741K01010,CREDITACCESS GRAMEEN LTD,1351.0,1365.2,1341.5,1357.5,1360.6,-0.23,96592,131123640.0
2025-09-23,CREST,EQ,INE559D01011,CREST VENTURES LIMITED,379.7,381.75,379.0,379.05,379.0,0.01,3062,1160651.06
2025-09-23,CRESTO,EQ,INE203Y01012,CRESTO TECHNO LIMITED,16.12,16.47,15.8,16.19,16.28,-0.55,7238,117183.22
2025-09-23,CRISIL,EQ,INE007A01025,CRISIL LTD,4951.0,4963.8,4845.8,4851.0,4951.4,-2.03,25840,125349840.0
2025-09-23,CRIZAC,EQ,INE0S4R01014,CRIZAC LIMITED,318.55,327.4,315.5,316.8,316.25,0.17,1081186,342519711.6
2025-09-23,CROMPTON,EQ,INE299U01018,CROMPT GREA CON ELEC LTD,309.3,309.6,302.5,305.35,308.75,-1.1,2832595,864932900.54
2025-09-23,CROWN,EQ,INE491V01019,CROWN LIFTERS LIMITED,168.7,168.7,160.05,161.74,165.86,-2.48,24837,4017136.52
2025-09-23,CSBBANK,EQ,INE679A01013,CSB BANK LIMITED,347.8,355.2,345.5,348.2,347.8,0.12,751528,261682058.77
2025-09-23,CSLFINANCE,EQ,INE718F01018,CSL FINANCE LIMITED,291.55,297.35,291.55,292.0,291.55,0.15,5046,1473432.0
2025-09-23,CUB,EQ,INE491A01021,CITY UNION BANK LTD,155.09,156.25,153.26,153.76,154.66,-0.58,1464569,225188478.74
2025-09-23,CUBEXTUB,EQ,INE144D01012,CUBEX TUBINGS LTD,105.38,107.99,100.11,101.08,105.38,-4.08,35659,3604411.79
2025-09-23,CUMMINSIND,EQ,INE298A01020,CUMMINS INDIA LTD,3990.0,4027.7,3981.4,4005.2,3990.1,0.38,203423,814749789.67
2025-09-23,CUPID,EQ,INE509F01029,CUPID LIMITED,43.66,44.2,42.92,44.02,43.58,1.0,14421145,634818809.5
2025-09-23,CYIENT,EQ,INE136B01020,CYIENT LIMITED,1197.9,1207.2,1185.5,1197.6,1194.8,0.23,337789,404536098.15
2025-09-23,CYIENTDLM,EQ,INE055S01018,CYIENT DLM LIMITED,478.5,482.8,455.55,463.2,478.55,-3.21,158213,73284263.53
2025-09-23,DABUR,EQ,INE016A01026,DABUR INDIA LTD,522.0,522.0,512.65,515.0,522.05,-1.35,3466804,1785404060.0
2025-09-23,DALBHARAT,EQ,INE00R701025,DALMIA BHARAT LIMITED,2378.5,2389.9,2333.3,2339.2,2378.5,-1.65,479593,1121863922.18
2025-09-23,DALMIASUG,EQ,INE495A01022,DALMIA BHARAT SUG IN LTD,372.0,372.25,366.0,366.7,371.55,-1.31,28347,10394845.25
2025-09-23,DAMCAPITAL,EQ,INE284H01025,DAM CAPITAL ADVISORS LTD,260.75,264.9,250.51,253.49,258.43,-1.91,1343560,340579031.78
2025-09-23,DANGEE,EQ,INE688Y01022,DANGEE DUMS LIMITED,4.3,4.44,4.26,4.32,4.37,-1.14,43537,188079.85
2025-09-23,DATAMATICS,EQ,INE365B01017,DATAMATICS GLOBAL SER LTD,874.7,882.9,856.0,858.9,874.8,-1.82,105330,90467939.57
2025-09-23,DATAPATTNS,EQ,INE0IX101010,DATA PATTERNS INDIA LTD,2814.2,2860.0,2764.7,2773.3,2814.2,-1.45,234908,651470367.87
2025-09-23,DAVANGERE,EQ,INE179G01029,DAVANGERE SUGAR COMPANY L,3.86,3.86,3.74,3.79,3.83,-1.04,7285279,27611207.13
2025-09-23,DBCORP,EQ,INE950I01011,D.B.CORP LTD,274.35,278.7,272.05,273.6,274.3,-0.26,36039,9860270.62
2025-09-23,DBEIL,EQ,INE0OPA01027,DEEPAK BUILDERS & ENG I L,17.5,18.36,17.42,17.83,17.33,2.94,7436030,132621588.24
2025-09-23,DBL,EQ,INE917M01012,DILIP BUILDCON LIMITED,560.45,562.7,543.0,555.15,559.45,-0.77,240166,133328160.76
2025-09-23,DBOL,EQ,INE0I3401014,DHAMPUR BIO ORGANICS LTD,84.0,84.0,80.85,81.4,83.22,-2.19,82008,6675451.33
2025-09-23,DBREALTY,EQ,INE879I01012,VALOR ESTATE LIMITED,180.5,180.85,176.51,177.44,179.74,-1.28,804732,142791648.04
2025-09-23,DCAL,EQ,INE385W01011,DISHMAN CARBO AMCIS LTD,317.0,321.95,301.6,307.0,314.4,-2.35,1018130,312565910.0
2025-09-23,DCBBANK,EQ,INE503A01015,DCB BANK LIMITED,129.0,129.64,123.14,125.78,129.16,-2.62,1856417,233500127.99
2025-09-23,DCI,EQ,INE0A1101019,DC INFOTECH AND COMUN LTD,295.52,299.69,283.5,287.37,293.05,-1.94,17209,4945350.25
2025-09-23,DCM,EQ,INE498A01018,DCM LTD,99.01,101.88,98.36,99.72,99.65,0.07,17631,1758163.34
2025-09-23,DCMFINSERV,EQ,INE891B01012,DCM FINANCIAL SERVICES LT,5.81,5.95,5.67,5.73,5.83,-1.72,28287,162084.51
2025-09-23,DCMNVL,EQ,INE08KP01019,DCM NOUVELLE LIMITED,166.65,168.0,162.95,164.03,164.83,-0.49,10395,1705091.84
2025-09-23,DCMSHRIRAM,EQ,INE499A01024,DCM SHRIRAM LIMITED,1237.8,1252.0,1205.1,1210.9,1235.2,-1.97,144399,174852752.63
2025-09-23,DCMSRIND,EQ,INE843D01027,DCM SHRIRAM IND LTD,166.48,176.78,165.01,171.23,166.48,2.85,324771,55610536.94
2025-09-23,DCW,EQ,INE500A01029,DCW LTD,73.89,74.62,73.11,73.5,73.56,-0.08,336062,24700557.0
2025-09-23,DCXINDIA,EQ,INE0KL801015,DCX SYSTEMS LIMITED,273.0,274.4,268.0,269.2,272.8,-1.32,482332,129843780.29
2025-09-23,DDEVPLSTIK,EQ,INE0HR601026,DDEV PLASTIKS IND LTD,347.8,352.0,343.0,345.1,345.5,-0.12,95672,33016407.78
2025-09-23,DECCANCE,EQ,INE583C01021,DECCAN CEMENTS LIMITED,1135.4,1142.9,1085.7,1097.3,1130.3,-2.92,106658,117035828.61
2025-09-23,DEEDEV,EQ,INE841L01016,DEE DEVELOPMENT ENG LTD,282.0,283.85,278.2,279.25,281.9,-0.94,44798,12509841.5
2025-09-23,DEEPAKFERT,EQ,INE501A01019,DEEPAK FERTILIZERS & PETR,1451.7,1547.9,1443.0,1518.6,1453.6,4.47,703222,1067912912.03
2025-09-23,DEEPAKNTR,EQ,INE288B01029,DEEPAK NITRITE LTD,1822.7,1832.0,1805.7,1821.1,1811.3,0.54,138134,251555824.03
2025-09-23,DEEPINDS,EQ,INE0FHS01024,DEEP INDUSTRIES LIMITED,539.6,551.3,533.55,539.6,538.65,0.18,142336,76804502.12
2025-09-23,DELHIVERY,EQ,INE148O01028,DELHIVERY LIMITED,467.85,468.95,457.0,459.05,467.9,-1.89,1903827,873951761.11
2025-09-23,DELTACORP,EQ,INE124G01033,DELTA CORP LIMITED,84.0,84.19,83.05,83.2,83.92,-0.86,832229,69241450.26
2025-09-23,DELTAMAGNT,EQ,INE393A01011,DELTA MANUFACTURING LTD,87.29,89.6,86.0,86.21,86.38,-0.2,5868,505880.27
2025-09-23,DEN,EQ,INE947J01015,DEN NETWORKS LTD,36.01,36.11,35.45,35.58,35.97,-1.08,336988,11990033.66
2025-09-23,DENORA,EQ,INE244A01016,DE NORA INDIA LIMITED,900.0,908.0,866.3,877.6,888.55,-1.23,10605,9306947.74
2025-09-23,DENTA,EQ,INE0R4L01018,DENTA WATER N INFRA SOL L,452.0,478.4,445.4,462.6,454.75,1.73,1280349,592289455.21
2025-09-23,DEVIT,EQ,INE060X01034,DEV INFO TECHNOLOGY LTD,42.48,42.8,41.4,41.71,42.48,-1.81,47484,1980557.6
2025-09-23,DEVX,EQ,INE0VOV01021,DEV ACCELERATOR LIMITED,58.5,58.9,56.88,56.88,59.88,-5.01,713918,40607656.6
2025-09-23,DEVYANI,EQ,INE872J01023,DEVYANI INTERNATIONAL LTD,175.51,176.89,174.0,175.12,175.51,-0.22,912027,159714163.79
2025-09-23,DGCONTENT,EQ,INE03JI01017,DIGICONTENT LIMITED,35.11,35.89,34.5,35.14,35.84,-1.95,22481,789982.33
2025-09-23,DHAMPURSUG,EQ,INE041A01016,DHAMPUR SUGAR MILLS LTD.,140.9,141.03,138.55,140.77,140.88,-0.08,74142,10436969.66
2025-09-23,DHANBANK,EQ,INE680A01011,DHANLAXMI BANK LIMITED,26.11,26.17,25.71,25.81,26.01,-0.77,358599,9255440.0
2025-09-23,DHANUKA,EQ,INE435G01025,DHANUKA AGRITECH LTD,1550.0,1564.9,1531.2,1544.6,1547.6,-0.19,20789,32110688.89
2025-09-23,DHARMAJ,EQ,INE00OQ01016,DHARMAJ CROP GUARD LTD,333.95,336.4,320.05,320.75,332.05,-3.4,56903,18251637.25
2025-09-23,DHRUV,EQ,INE506Z01015,DHRUV CONSULTANCY SER LTD,57.88,57.88,55.7,56.11,57.26,-2.01,19066,1069793.27
2025-09-23,DHUNINV,EQ,INE320L01011,DHUNSERI INVESTMENTS LTD,1431.2,1442.2,1400.0,1409.1,1420.3,-0.79,803,1131507.28
2025-09-23,DIAMINESQ,EQ,INE591D01014,DIAMINES & CHEMICALS LTD,369.0,371.25,356.0,359.15,370.8,-3.14,4986,1790721.87
2025-09-23,DIAMONDYD,EQ,INE393P01035,PRATAAP SNACKS LIMITED,1016.0,1018.95,998.0,1004.5,1016.95,-1.22,39756,39934902.0
2025-09-23,DICIND,EQ,INE303A01010,DIC INDIA LIMITED,564.95,574.9,546.6,553.25,557.45,-0.75,2782,1539141.5
2025-09-23,DIFFNKG,EQ,INE184O01015,DIFFUSION ENGINEERS LTD,396.25,397.75,378.2,381.3,395.0,-3.47,231151,88137873.48
2025-09-23,DIGIDRIVE,EQ,INE0PSC01024,DIGIDRIVE DISTRIBUTORS L,32.7,33.0,32.13,32.53,32.82,-0.88,37454,1218378.57
2025-09-23,DIGISPICE,EQ,INE927C01020,DIGISPICE TECHNOLOGIES LT,29.04,29.75,27.75,28.13,29.04,-3.13,56196,1580793.43
2025-09-23,DIGITIDE,EQ,INE0U4701011,DIGITIDE SOLUTIONS LTD,178.85,183.74,173.46,174.1,177.45,-1.89,340609,59300028.98
2025-09-23,DISHTV,EQ,INE836F01026,DISH TV INDIA LTD.,5.32,5.39,5.31,5.35,5.35,0.0,1947575,10419526.06
2025-09-23,DIVGIITTS,EQ,INE753U01022,DIVGI TORQTRANSFER SYST L,665.0,678.4,656.4,660.85,665.55,-0.71,5163,3411968.42
2025-09-23,DIVISLAB,EQ,INE361B01024,DIVI S LABORATORIES LTD,6092.5,6128.0,6006.5,6051.0,6092.5,-0.68,264356,1599618156.0
2025-09-23,DIVOPPBEES,EQ,INF204KA1MS3,NIP IND ETF DIV OPP,79.7,79.7,76.95,78.22,78.39,-0.22,49389,3863207.64
2025-09-23,DIXON,EQ,INE935N01020,DIXON TECHNO (INDIA) LTD,18150.0,18170.0,17998.0,18130.0,18082.0,0.27,132042,2393921460.0
2025-09-23,DJML,EQ,INE0B1K01014,DJ MEDIAPRINT & LOG LTD,99.9,99.9,95.99,97.46,97.76,-0.31,10003,974892.37
2025-09-23,DLF,EQ,INE271C01023,DLF LIMITED,774.05,775.7,756.1,759.4,773.75,-1.85,3258299,2474352340.15
2025-09-23,DLINKINDIA,EQ,INE250K01012,D-LINK INDIA LTD,496.6,500.0,489.3,493.15,496.45,-0.66,43307,21356846.79
2025-09-23,DMART,EQ,INE192R01011,AVENUE SUPERMARTS LIMITED,4695.8,4711.7,4572.5,4633.9,4671.2,-0.8,398679,1847438579.17
2025-09-23,DMCC,EQ,INE505A01010,DMCC SPECIALITY CHEMICALS,314.8,315.7,307.6,312.9,313.1,-0.06,16018,5012032.1
2025-09-23,DNAMEDIA,EQ,INE016M01021,DILIGENT MEDIA CORP LTD.,4.8,4.99,4.52,4.79,4.91,-2.44,81046,388210.34
2025-09-23,DODLA,EQ,INE021O01019,DODLA DAIRY LIMITED,1405.0,1405.0,1373.1,1385.7,1393.8,-0.58,21578,29900633.55
2025-09-23,DOLATALGO,EQ,INE966A01022,DOLAT ALGOTECH LIMITED,86.0,86.42,84.11,84.54,85.63,-1.27,139884,11825793.49
2025-09-23,DOLLAR,EQ,INE325C01035,DOLLAR INDUSTRIES LIMITED,374.0,377.0,367.85,369.6,373.55,-1.06,78020,28836192.48
2025-09-23,DOLLEX,EQ,INE0JHH01011,DOLLEX AGROTECH LIMITED,41.1,42.3,40.5,42.3,42.2,0.24,20000,845999.98
2025-09-23,DOLPHIN,EQ,INE920A01037,DOLPHIN OFF ENT (IND) L,401.7,403.5,396.0,398.5,398.85,-0.09,1305,520042.5
2025-09-23,DOMS,EQ,INE321T01012,DOMS INDUSTRIES LIMITED,2624.0,2625.0,2600.0,2614.0,2622.6,-0.33,16440,42974160.0
2025-09-23,DONEAR,EQ,INE668D01028,DONEAR IND. LIMITED,95.75,97.0,94.83,96.04,95.73,0.32,25987,2495791.5
2025-09-23,DPABHUSHAN,EQ,INE266Y01019,D. P. ABHUSHAN LIMITED,1538.0,1558.7,1531.5,1535.5,1542.4,-0.45,23847,36617068.5
2025-09-23,DRCSYSTEMS,EQ,INE03RS01027,DRC SYSTEMS INDIA LIMITED,20.5,20.85,19.9,20.25,20.11,0.7,103533,2096543.25
2025-09-23,DREAMFOLKS,EQ,INE0JS101016,DREAMFOLKS SERVICES LTD,106.74,106.74,106.74,106.74,112.36,-5.0,120917,12906680.32
2025-09-23,DREDGECORP,EQ,INE506A01018,DREDGING CORP OF INDIA,695.2,703.3,689.45,694.85,692.8,0.3,71738,49847147.55
2025-09-23,DRREDDY,EQ,INE089A01031,DR. REDDY S LABORATORIES,1300.0,1311.9,1295.2,1308.4,1301.4,0.54,1271238,1663287830.24
2025-09-23,DSSL,EQ,INE417B01040,DYNACONS SYS & SOLN LTD,964.0,970.0,948.0,949.95,966.2,-1.68,23925,22727554.04
2025-09-23,DUCON,EQ,INE741L01018,DUCON INFRATECHNOLOGIES L,5.69,5.69,5.55,5.57,5.69,-2.11,540981,3013264.26
2025-09-23,DVL,EQ,INE477B01010,DHUNSERI VENTURES LIMITED,355.7,360.15,354.1,358.3,358.05,0.07,6121,2193154.23
2025-09-23,DWARKESH,EQ,INE366A01041,DWARIKESH SUGAR IND LTD,41.99,42.08,41.21,41.64,41.53,0.26,227260,9463106.26
2025-09-23,DYCL,EQ,INE600Y01019,DYNAMIC CABLES LIMITED,418.0,421.4,413.0,413.95,417.95,-0.96,100854,41748514.53
2025-09-23,DYNAMATECH,EQ,INE221B01012,DYNAMATIC TECHNOLOGIES,7208.0,7300.0,7037.0,7082.5,7179.5,-1.35,10923,77362147.5
2025-09-23,DYNPRO,EQ,INE256H01015,DYNEMIC PRODUCTS LIMITED,351.6,365.0,346.05,362.35,352.35,2.84,26548,9619667.96
2025-09-23,EASEMYTRIP,EQ,INE07O001026,EASY TRIP PLANNERS LTD,8.64,8.71,8.54,8.55,8.64,-1.04,7257558,62052122.28
2025-09-23,EBANKNIFTY,EQ,INF754K01TE4,EDELAMC - EBANKNIFTY,55.8,55.99,55.5,55.99,55.78,0.38,1186,66404.14
2025-09-23,EBBETF0430,EQ,INF754K01KO2,EDELAMC - EBBETF0430,1543.8,1543.8,1528.77,1533.32,1534.58,-0.08,30761,47166454.87
2025-09-23,EBBETF0431,EQ,INF754K01LE1,EDELAMC - EBBETF0431,1371.99,1377.49,1371.99,1376.74,1371.14,0.41,19134,26342542.97
2025-09-23,EBBETF0433,EQ,INF754K01QX0,EDELAMC - EBBETF0433,1258.39,1258.39,1249.06,1251.92,1251.25,0.05,2526,3162350.03
2025-09-23,EBGNG,EQ,INE18JU01028,GNG ELECTRONICS LIMITED,378.75,379.95,367.2,373.15,376.35,-0.85,336234,125465715.05
2025-09-23,ECAPINSURE,EQ,INF754K01TX4,EDELAMC - ECAPINSURE,23.26,23.26,22.96,23.1,23.15,-0.22,59290,1369599.02
2025-09-23,ECLERX,EQ,INE738I01010,ECLERX SERVICES LTD,2132.5,2167.5,2115.75,2125.45,2132.05,-0.31,61632,130995731.39
2025-09-23,ECOSMOBLTY,EQ,INE06HJ01020,ECOS (INDIA) MOB & HOSP L,285.6,285.65,275.2,276.65,285.65,-3.15,52395,14495076.43
2025-09-23,EDELWEISS,EQ,INE532F01054,EDELWEISS FIN SERV LTD,118.05,118.38,115.1,116.86,118.05,-1.01,6971517,814691480.88
2025-09-23,EFCIL,EQ,INE886D01026,EFC (I) LIMITED,327.5,332.35,320.5,329.85,323.9,1.84,1103962,364141872.44
2025-09-23,EGOLD,EQ,INF754K01SE6,EDELAMC - EGOLD,113.55,119.0,113.1,114.95,112.55,2.13,540154,62090700.65
2025-09-23,EICHERMOT,EQ,INE066A01021,EICHER MOTORS LTD,7015.0,7122.5,6978.5,6990.5,6946.0,0.64,679055,4746933977.5
2025-09-23,EIDPARRY,EQ,INE126A01031,EID PARRY INDIA LTD,1074.5,1076.0,1057.0,1067.1,1074.5,-0.69,113061,120647390.34
2025-09-23,EIEL,EQ,INE0LLY01014,ENVIRO INFRA ENGINEERS L,272.0,272.25,263.5,266.99,271.52,-1.67,1969365,525800742.12
2025-09-23,EIHAHOTELS,EQ,INE276C01014,EIH ASSOCIATED HOTELS LTD,393.25,395.85,387.55,390.25,393.3,-0.78,22130,8636232.5
2025-09-23,EIHOTEL,EQ,INE230A01023,EIH LIMITED,394.0,394.0,384.1,387.2,391.55,-1.11,256046,99141014.33
2025-09-23,EIMCOELECO,EQ,INE158B01016,EIMCO ELECON (INDIA) LTD,2050.0,2050.0,2004.0,2031.2,2042.5,-0.55,10534,21396660.29
2025-09-23,EKC,EQ,INE184H01027,EVEREST KANTO CYLINDERLTD,141.59,148.45,139.15,145.59,141.59,2.83,1799826,262036660.75
2025-09-23,ELDEHSG,EQ,INE668G01021,ELDECO HSG & IND LTD.,795.0,802.0,784.1,800.2,800.1,0.01,2372,1898074.43
2025-09-23,ELECON,EQ,INE205B01031,ELECON ENG. CO. LTD,613.9,615.3,600.55,605.4,613.45,-1.31,245177,148430161.79
2025-09-23,ELECTCAST,EQ,INE086A01029,ELECTROSTEEL CASTINGS LTD,98.75,99.15,97.7,98.21,98.75,-0.55,794623,78039924.1
2025-09-23,ELECTHERM,EQ,INE822G01016,ELECTROTHERM (I) LTD.,1071.95,1119.0,1048.05,1105.15,1066.35,3.64,22703,25090221.0
2025-09-23,ELGIEQUIP,EQ,INE285A01027,ELGI EQUIPMENTS LTD,500.0,508.4,491.55,503.1,496.85,1.26,531334,267314138.64
2025-09-23,ELGIRUBCO,EQ,INE819L01012,ELGI RUBBER CO. LTD,69.1,72.0,69.1,69.57,70.08,-0.73,13846,963266.22
2025-09-23,ELIN,EQ,INE050401020,ELIN ELECTRONICS LIMITED,224.45,234.0,223.0,224.61,223.38,0.55,528737,118759617.89
2025-09-23,ELLEN,EQ,INE236E01022,ELLENBARRIE INDUS GASES L,517.5,522.5,512.9,514.7,518.75,-0.78,68185,35094820.33
2025-09-23,EMAMILTD,EQ,INE548C01032,EMAMI LIMITED,585.9,585.9,574.55,576.55,582.45,-1.01,660408,380758224.34
2025-09-23,EMAMIREAL,EQ,INE778K01012,EMAMI REALTY LIMITED,113.17,114.33,111.82,113.61,113.23,0.34,4724,536693.64
2025-09-23,EMBDL,EQ,INE069I01010,EMBASSY DEVELOPMENTS LTD,98.2,98.24,96.47,97.68,97.75,-0.07,3827734,373893058.29
2025-09-23,EMCURE,EQ,INE168P01015,EMCURE PHARMACEUTICALS L,1317.0,1329.6,1305.2,1325.0,1317.0,0.61,74290,98434250.0
2025-09-23,EMIL,EQ,INE02YR01019,ELECTRONICS MART IND LTD,164.5,164.5,160.2,161.13,163.39,-1.38,1853433,298643668.34
2025-09-23,EMKAY,EQ,INE296H01011,EMKAY GLOBAL FIN SERV LTD,328.78,378.68,298.58,378.68,315.57,20.0,3247851,1229896192.89
2025-09-23,EMSLIMITED,EQ,INE0OV601013,EMS LIMITED,579.85,582.65,571.3,577.95,579.85,-0.33,111993,64726355.72
2025-09-23,EMUDHRA,EQ,INE01QM01018,EMUDHRA LIMITED,678.1,683.55,673.0,674.1,680.65,-0.96,53050,35761003.7
2025-09-23,EMULTIMQ,EQ,INF754K01TF1,EDELAMC - EMULTIMQ,42.65,42.65,41.92,42.11,42.44,-0.78,47019,1979970.12
2025-09-23,ENDURANCE,EQ,INE913H01037,ENDURANCE TECHNO. LTD.,2841.6,2928.0,2841.0,2850.6,2855.8,-0.18,89535,255228479.74
2025-09-23,ENERGYDEV,EQ,INE306C01019,ENERGY DEVE. CO.LTD,20.2,20.8,19.88,20.26,19.87,1.96,49216,997116.17
2025-09-23,ENGINERSIN,EQ,INE510A01028,ENGINEERS INDIA LTD,207.54,208.49,203.05,203.7,207.71,-1.93,1959186,399086182.22
2025-09-23,ENIL,EQ,INE265F01028,ENTERTAIN NET. IND. LTD.,165.81,165.81,158.01,160.61,164.76,-2.52,39322,6315506.44
2025-09-23,ENRIN,EQ,INE1NPP01017,SIEMENS ENERGY INDIA LTD,3566.0,3625.0,3515.9,3606.5,3528.6,2.21,839211,3026614471.5
2025-09-23,ENTERO,EQ,INE010601016,ENTERO HEALTHCARE SOLU L,1125.0,1125.7,1101.4,1104.4,1122.9,-1.65,74050,81780821.81
2025-09-23,EPACK,EQ,INE0G5901015,EPACK DURABLE LIMITED,378.65,382.1,364.1,371.25,378.2,-1.84,769621,285721796.25
2025-09-23,EPIGRAL,EQ,INE071N01016,EPIGRAL LIMITED,1744.0,1759.8,1731.0,1735.1,1745.6,-0.6,21214,36808410.88
2025-09-23,EPL,EQ,INE255A01020,EPL LIMITED,216.6,216.6,213.0,214.38,215.61,-0.57,323348,69319345.82
2025-09-23,EQUAL200,EQ,INF769K01OA1,MIRAEAMC - EQUAL200,13.29,13.29,13.29,13.29,13.34,-0.38,0,0.0
2025-09-23,EQUAL50,EQ,INF769K01OO2,MIRAEAMC - EQUAL50,324.83,324.83,324.83,324.83,325.21,-0.12,0,0.0
2025-09-23,EQUAL50ADD,EQ,INF740KA1QK2,DSPAMC - DSPNEWETF,337.11,337.11,333.47,335.43,335.44,-0.0,2947,988512.19
2025-09-23,EQUITASBNK,EQ,INE063P01018,EQUITAS SMALL FIN BNK LTD,56.49,57.05,55.17,56.85,56.55,0.53,2692712,153080673.09
2025-09-23,ERIS,EQ,INE406M01024,ERIS LIFESCIENCES LIMITED,1644.1,1649.4,1630.0,1634.9,1640.3,-0.33,38744,63342566.55
2025-09-23,ESABINDIA,EQ,INE284A01012,ESAB INDIA LTD,5060.0,5074.5,5030.0,5039.0,5059.0,-0.4,1203,6061917.0
2025-09-23,ESCORTS,EQ,INE042A01014,ESCORTS KUBOTA LIMITED,3672.0,3764.9,3585.0,3739.1,3656.8,2.25,199806,747094634.11
2025-09-23,ESG,EQ,INF769K01GS9,MIRAEAMC - MAESGETF,43.49,43.49,43.05,43.2,43.28,-0.18,4329,187012.8
2025-09-23,ESILVER,EQ,INF754K01SF3,EDELAMC - ESILVER,134.4,148.05,134.4,135.91,133.74,1.62,134642,18299194.71
2025-09-23,ESSARSHPNG,EQ,INE122M01019,ESSAR SHIPPING LTD,27.53,27.54,26.5,26.91,27.49,-2.11,220415,5931367.62
2025-09-23,ESSENTIA,EQ,INE418N01035,INTEGRA ESSENTIA LIMITED,1.91,1.91,1.88,1.89,1.9,-0.53,1131216,2137998.22
2025-09-23,ESTER,EQ,INE778B01029,ESTER INDUSTRIES LTD,115.5,116.8,114.81,115.08,115.58,-0.43,36897,4246106.83
2025-09-23,ETERNAL,EQ,INE758T01015,ETERNAL LIMITED,340.95,341.3,336.7,338.35,341.85,-1.02,15144828,5124252646.24
2025-09-23,ETHOSLTD,EQ,INE04TZ01018,ETHOS LIMITED,2440.0,2520.0,2440.0,2504.4,2450.0,2.22,16265,40734064.41
2025-09-23,EUREKAFORB,EQ,INE0KCE01017,EUREKA FORBES LIMITED,577.0,582.0,572.5,579.05,574.35,0.82,44825,25955915.7
2025-09-23,EUROBOND,EQ,INE505V01016,EURO PANEL PRODUCTS LTD,221.0,221.0,214.0,216.3,216.0,0.14,13657,2954009.14
2025-09-23,EUROPRATIK,EQ,INE198501012,EURO PRATIK SALES LIMITED,272.1,278.0,247.06,248.38,,,11746338,2917555489.8
2025-09-23,EVEREADY,EQ,INE128A01029,EVEREADY INDS. IND.  LTD.,419.4,423.55,414.7,416.1,418.4,-0.55,134382,55916351.02
2025-09-23,EVINDIA,EQ,INF769K01LQ3,MIRAEAMC - EVINDIA,31.99,32.1,31.26,31.78,31.74,0.13,234777,7461213.22
2025-09-23,EXCELINDUS,EQ,INE369A01029,EXCEL INDUSTRIES LTD,1167.7,1168.9,1139.0,1143.9,1168.2,-2.08,5230,5982597.13
2025-09-23,EXICOM,EQ,INE777F01014,EXICOM TELE SYSTEMS LTD,155.81,158.48,153.8,154.83,155.91,-0.69,553336,85673013.89
2025-09-23,EXIDEIND,EQ,INE302A01020,EXIDE INDUSTRIES LTD,404.0,410.5,402.6,403.25,403.85,-0.15,2101382,847382291.5
2025-09-23,EXPLEOSOL,EQ,INE201K01015,EXPLEO SOLUTIONS LIMITED,1033.3,1035.0,984.9,990.4,1030.9,-3.93,24843,24604507.81
2025-09-23,EXXARO,EQ,INE0GFE01026,EXXARO TILES LIMITED,8.75,8.92,8.55,8.79,8.73,0.69,301944,2654087.75
2025-09-23,FACT,EQ,INE188A01015,FACT LTD,990.0,990.3,962.3,973.65,990.45,-1.7,205374,199962400.11
2025-09-23,FAZE3Q,EQ,INE963C01033,FAZE THREE LIMITED,515.0,524.45,507.4,511.4,521.45,-1.93,21985,11243128.87
2025-09-23,FCL,EQ,INE045J01034,FINEOTEX CHEMICAL LIMITED,23.64,23.7,23.17,23.31,23.64,-1.4,1398830,32606726.55
2025-09-23,FCSSOFT,EQ,INE512B01022,FCS SOFTWARE SOLN. LTD.,2.4,2.41,2.37,2.37,2.39,-0.84,2744995,6505637.84
2025-09-23,FDC,EQ,INE258B01022,FDC LIMITED,481.0,483.6,472.8,478.1,484.05,-1.23,127619,61014644.68
2025-09-23,FEDERALBNK,EQ,INE171A01029,FEDERAL BANK LTD,196.0,196.0,193.88,195.13,195.0,0.07,3435579,670384547.05
2025-09-23,FEDFINA,EQ,INE007N01010,FEDBANK FINANCIAL SER L,153.0,156.14,151.06,154.21,152.38,1.2,1438222,221788224.28
2025-09-23,FIBERWEB,EQ,INE296C01020,FIBERWEB INDIA LIMITED,46.68,47.7,45.69,45.99,47.32,-2.81,109738,5046850.8
2025-09-23,FIEMIND,EQ,INE737H01014,FIEM INDUSTRIES LIMITED,2001.9,2035.0,1983.2,2019.6,1994.5,1.26,98959,199857593.98
2025-09-23,FILATEX,EQ,INE816B01035,FILATEX INDIA LTD,55.6,55.92,54.0,54.24,55.84,-2.87,622483,33763478.96
2025-09-23,FILATFASH,EQ,INE185E01021,FILATEX FASHIONS LIMITED,0.63,0.64,0.6,0.61,0.61,0.0,24852277,15159889.33
2025-09-23,FINCABLES,EQ,INE235A01022,FINOLEX CABLES LTD,835.8,840.2,820.5,826.6,835.45,-1.06,347466,287215387.12
2025-09-23,FINEORG,EQ,INE686Y01026,FINE ORGANIC IND. LTD.,4820.0,4833.9,4725.6,4783.6,4787.1,-0.07,7779,37211625.16
2025-09-23,FINIETF,EQ,INF109KC17L8,ICICIPRAMC-ICICIFIN,30.83,30.88,30.62,30.76,30.68,0.26,142858,4394312.11
2025-09-23,FINOPB,EQ,INE02NC01014,FINO PAYMENTS BANK LTD,280.35,282.0,270.0,271.2,279.0,-2.8,128506,34850828.77
2025-09-23,FINPIPE,EQ,INE183A01024,FINOLEX INDUSTRIES LTD,216.0,216.25,211.0,211.49,216.09,-2.13,338842,71661696.44
2025-09-23,FIRSTCRY,EQ,INE02RE01045,BRAINBEES SOLUTIONS LTD,381.6,390.8,374.0,388.25,379.2,2.39,1299148,504394211.0
2025-09-23,FISCHER,EQ,INE771F01041,FISCHER MEDICAL VENTURE L,112.5,118.5,112.0,115.0,112.9,1.86,703496,80902040.0
2025-09-23,FIVESTAR,EQ,INE128S01021,FIVE-STAR BUS FIN LTD,539.0,539.0,521.1,522.85,535.65,-2.39,918828,480409197.37
2025-09-23,FLAIR,EQ,INE00Y201027,FLAIR WRITING INDUST LTD,317.05,322.8,312.2,317.55,315.85,0.54,49591,15747621.44
2025-09-23,FLUOROCHEM,EQ,INE09N301011,GUJARAT FLUOROCHEM LTD,3897.9,3928.4,3823.1,3864.5,3888.7,-0.62,212870,822636115.0
2025-09-23,FMCGIETF,EQ,INF109KC19V3,ICICIPRAMC - ICICIFMCG,60.01,60.09,58.85,59.04,59.8,-1.27,2458206,145132484.49
2025-09-23,FMGOETZE,EQ,INE529A01010,FEDERAL-MOGUL GOETZE (IND,556.95,564.85,545.0,550.5,553.25,-0.5,28889,15903394.5
2025-09-23,FMNL,EQ,INE360L01017,FUTURE MKT NETWORKS LTD,12.65,13.33,12.26,12.69,12.91,-1.7,85133,1080337.73
2025-09-23,FOODSIN,EQ,INE976E01023,FOODS & INNS LIMITED,91.0,92.51,89.9,90.52,91.24,-0.79,109671,9927418.55
2025-09-23,FORCEMOT,EQ,INE451A01017,FORCE MOTORS LIMITED,18200.0,18399.0,17850.0,18111.0,18196.0,-0.47,68311,1237180521.0
2025-09-23,FORTIS,EQ,INE061F01013,FORTIS HEALTHCARE LTD,969.0,979.3,962.7,967.7,966.25,0.15,1333250,1290186041.28
2025-09-23,FOSECOIND,EQ,INE519A01011,FOSECO INDIA LTD,5925.0,5999.5,5774.0,5783.5,5878.5,-1.62,4232,24475772.0
2025-09-23,FSL,EQ,INE684F01012,FIRSTSOURCE SOLU. LTD.,366.5,368.0,360.1,361.8,365.3,-0.96,465956,168582875.11
2025-09-23,FUSION,EQ,INE139R01012,FUSION FINANCE LIMITED,192.26,193.6,186.91,192.0,192.26,-0.14,756646,145276032.0
2025-09-23,GABRIEL,EQ,INE524A01029,GABRIEL INDIA LTD,1288.7,1317.0,1276.8,1289.5,1285.5,0.31,327122,421823819.0
2025-09-23,GAEL,EQ,INE036B01030,GUJARAT AMBUJA EXPORTS LT,109.51,110.8,108.25,109.15,109.98,-0.75,260028,28382056.6
2025-09-23,GAIL,EQ,INE129A01019,GAIL (INDIA) LTD,181.1,181.7,178.15,178.66,180.95,-1.27,6368313,1137762823.9
2025-09-23,GALAPREC,EQ,INE0RE001014,GALA PRECISION ENG LTD,827.3,830.9,804.7,806.7,827.8,-2.55,20765,16751125.75
2025-09-23,GALAXYSURF,EQ,INE600K01018,GALAXY SURFACTANTS LTD,2340.2,2363.0,2275.0,2306.1,2352.5,-1.97,14259,32882681.29
2025-09-23,GALLANTT,EQ,INE297H01019,GALLANTT ISPAT LIMITED,671.0,673.85,658.2,664.3,671.2,-1.03,134206,89153044.16
2025-09-23,GANDHAR,EQ,INE717W01049,GANDHAR OIL REFINE IND L,147.4,147.4,144.75,144.98,146.12,-0.78,92912,13470381.36
2025-09-23,GANDHITUBE,EQ,INE524B01027,GANDHI SPL. TUBES LTD,929.5,935.0,910.05,918.3,928.9,-1.14,9185,8434585.39
2025-09-23,GANECOS,EQ,INE845D01014,GANESHA ECOSPHERE LIMITED,1256.2,1288.0,1256.2,1259.4,1256.8,0.21,28547,35952092.5
2025-09-23,GANESHHOU,EQ,INE460C01014,GANESH HOUSING LIMITED,865.05,875.05,846.0,868.9,865.05,0.45,41329,35910769.11
2025-09-23,GANGAFORGE,EQ,INE691Z01023,GANGA FORGING LIMITED,3.75,3.82,3.7,3.72,3.68,1.09,201777,750610.45
2025-09-23,GANGESSECU,EQ,INE335W01016,GANGES SECURITIES LIMITED,155.01,160.01,151.5,152.34,151.68,0.44,3314,504854.75
2025-09-23,GARFIBRES,EQ,INE276A01018,GARWARE TECH FIBRES LTD,806.05,809.45,775.0,784.1,809.05,-3.08,44751,35089258.01
2025-09-23,GARUDA,EQ,INE0JVO01026,GARUDA CONSTRUCT N ENG L,197.4,201.0,197.4,200.16,196.72,1.75,590357,118165859.28
2025-09-23,GATEWAY,EQ,INE079J01017,GATEWAY DISTRIPARKS LTD,64.25,64.43,63.48,63.81,63.97,-0.25,753439,48076943.62
2025-09-23,GAYAHWS,EQ,INE287Z01012,GAYATRI HIGHWAYS LIMITED,3.11,3.11,3.11,3.11,2.97,4.71,302322,940221.39
2025-09-23,GAYAPROJ,EQ,INE336H01023,GAYATRI PROJECTS LTD,10.99,10.99,10.99,10.99,10.99,0.0,0,0.0
2025-09-23,GCSL,EQ,INE199P01028,GRETEX CORPORATE SERVICES,262.9,299.0,255.2,263.25,261.9,0.52,2999,789486.75
2025-09-23,GEEKAYWIRE,EQ,INE669X01032,GEEKAY WIRES LIMITED,36.8,36.8,36.0,36.19,36.09,0.26,78624,2845009.55
2025-09-23,GEMAROMA,EQ,INE06XZ01023,GEM AROMATICS LIMITED,267.4,270.55,263.15,264.2,266.15,-0.73,210462,55604062.97
2025-09-23,GENCON,EQ,INE854S01022,GENERIC ENG CONS PROJ LTD,45.07,46.97,44.43,45.95,45.07,1.95,90858,4174925.17
2025-09-23,GENESYS,EQ,INE727B01026,GENESYS INTL CORPN LTD,543.05,548.65,535.5,539.1,544.15,-0.93,102047,55013535.21
2025-09-23,GENUSPAPER,EQ,INE949P01018,GENUS P&B LIMITED,17.97,18.0,17.8,17.91,17.81,0.56,43180,773353.79
2025-09-23,GENUSPOWER,EQ,INE955D01029,GENUS POWER INFRASTRU LTD,331.0,332.4,326.2,327.75,330.25,-0.76,267884,87798981.0
2025-09-23,GEOJITFSL,EQ,INE007B01023,GEOJIT FINANCIAL SER L,76.5,85.39,75.92,82.5,76.33,8.08,4045745,333773962.5
2025-09-23,GESHIP,EQ,INE017A01032,THE GE SHPG.LTD,1052.0,1060.0,1035.0,1042.0,1047.85,-0.56,452648,471659216.0
2025-09-23,GFLLIMITED,EQ,INE538A01037,GFL LIMITED,61.22,62.5,61.01,61.34,61.39,-0.08,50776,3114599.85
2025-09-23,GHCL,EQ,INE539A01019,GHCL LIMITED,593.8,605.8,588.0,601.75,592.85,1.5,198403,119389005.25
2025-09-23,GHCLTEXTIL,EQ,INE0PA801013,GHCL TEXTILES LIMITED,80.9,81.35,79.33,79.8,79.88,-0.1,67554,5390809.41
2025-09-23,GICHSGFIN,EQ,INE289B01019,GIC HOUSING FINANCE LTD,175.2,175.2,172.2,174.25,172.62,0.94,35283,6148062.75
2025-09-23,GICRE,EQ,INE481Y01014,GENERAL INS CORP OF INDIA,366.0,369.35,363.0,363.6,363.1,0.14,649197,236048033.16
2025-09-23,GILLANDERS,EQ,INE047B01011,GILLANDERS ARBUTHNOT LTD,119.19,119.19,116.0,116.21,117.83,-1.37,4360,506675.6
2025-09-23,GILLETTE,EQ,INE322A01010,GILLETTE INDIA LTD,10125.0,10174.0,9955.0,10012.0,10148.0,-1.34,13599,136153188.0
2025-09-23,GILT10BETA,EQ,INF789F1AZF3,UTIAMC-GILT10BETA,25.85,26.08,25.85,25.87,25.85,0.08,7878,203803.87
2025-09-23,GILT5BETA,EQ,INF789F1AZE6,UTIAMC-GILT5BETA,63.79,63.79,62.96,63.58,63.79,-0.33,1382,87867.56
2025-09-23,GILT5YBEES,EQ,INF204KC1030,RELCAPAMC - NETFGILT5Y,62.93,63.05,62.91,62.99,62.92,0.11,129115,8132954.07
2025-09-23,GIPCL,EQ,INE162A01010,GUJ IND POW CO. LTD,190.5,192.0,187.25,190.33,190.22,0.06,315444,60038457.1
2025-09-23,GKWLIMITED,EQ,INE528A01020,GKW LIMITED,1670.0,1689.1,1655.5,1661.3,1670.5,-0.55,67,111307.1
2025-09-23,GLAND,EQ,INE068V01023,GLAND PHARMA LIMITED,2023.8,2055.0,1988.2,2017.2,2014.8,0.12,132401,267079290.74
2025-09-23,GLAXO,EQ,INE159A01016,GLAXOSMITHKLINE PHARMA LT,2764.0,2780.0,2730.6,2761.7,2762.3,-0.02,68393,188880944.76
2025-09-23,GLENMARK,EQ,INE935A01035,GLENMARK PHARMACEUTICALS,2020.5,2048.0,2010.5,2016.8,2017.8,-0.05,413502,833950853.79
2025-09-23,GLFL,EQ,INE540A01017,GUJARAT LEASE FINANCING L,5.9,5.9,5.36,5.51,5.62,-1.96,10760,59287.6
2025-09-23,GLOBAL,EQ,INE291W01037,GLOBAL EDUCATION LIMITED,69.5,70.5,67.01,67.92,69.6,-2.41,68321,4640362.19
2025-09-23,GLOBALE,EQ,INE0URU01010,GLOBALE TESSILE LIMITED,13.83,15.22,13.83,13.95,13.84,0.79,8848,123429.6
2025-09-23,GLOBALVECT,EQ,INE792H01019,GLOBAL VEC HELICORP LTD,214.74,220.5,214.05,214.88,213.72,0.54,12940,2780547.26
2025-09-23,GLOBE,EQ,INE581X01021,GLOBE ENTERPRISE (I) LTD,2.24,2.25,2.21,2.24,2.21,1.36,497035,1113358.4
2025-09-23,GLOBECIVIL,EQ,INE0V3U01015,GLOBE CIVIL PROJECTS LTD,75.0,75.99,74.51,74.78,75.06,-0.37,181945,13605846.88
2025-09-23,GLOBUSSPR,EQ,INE615I01010,GLOBUS SPIRITS LTD,1091.7,1099.0,1074.0,1088.6,1089.5,-0.08,50054,54488783.18
2025-09-23,GLOSTERLTD,EQ,INE350Z01018,GLOSTER LIMITED,655.9,666.0,650.05,655.55,648.3,1.12,1459,956447.43
2025-09-23,GMBREW,EQ,INE075D01018,G M BREWERIES LTD,728.0,733.45,714.0,720.35,725.0,-0.64,26959,19419914.99
2025-09-23,GMDCLTD,EQ,INE131A01031,GUJARAT MINERAL DEV CORP,569.5,642.0,565.55,627.4,565.15,11.01,53264312,33418030649.2
2025-09-23,GMMPFAUDLR,EQ,INE541A01023,GMM PFAUDLER LIMITED,1133.4,1133.4,1108.0,1110.5,1123.9,-1.19,50132,55671586.0
2025-09-23,GMRAIRPORT,EQ,INE776C01039,GMR AIRPORTS LIMITED,90.84,91.39,89.93,90.53,91.17,-0.7,5911961,535209822.11
2025-09-23,GMRP&UI,EQ,INE0CU601026,GMR POW AND URBAN INFRA L,123.49,124.1,120.24,121.82,123.4,-1.28,1322543,161112187.86
2025-09-23,GNA,EQ,INE934S01014,GNA AXLES LIMITED,322.0,332.0,315.25,328.3,319.1,2.88,95786,31446542.63
2025-09-23,GNFC,EQ,INE113A01013,GUJ NAR VAL FER & CHEM L,508.0,509.4,503.0,503.65,506.7,-0.6,138106,69557086.06
2025-09-23,GOACARBON,EQ,INE426D01013,GOA CARBON LIMITED,464.0,470.45,452.0,453.9,463.7,-2.11,31707,14391807.11
2025-09-23,GOCLCORP,EQ,INE077F01035,GOCL CORPORATION LIMITED,369.9,372.35,361.05,364.0,369.15,-1.4,62032,22579648.0
2025-09-23,GOCOLORS,EQ,INE0BJS01011,GO FASHION INDIA LTD,727.0,729.25,707.0,712.55,727.05,-1.99,29403,20951107.29
2025-09-23,GODAVARIB,EQ,INE497S01012,GODAVARI BIOREFINERIES L,278.26,285.99,274.93,278.9,276.88,0.73,59447,16579767.94
2025-09-23,GODFRYPHLP,EQ,INE260B01028,GODFREY PHILLIPS INDIA LT,3470.0,3474.0,3331.0,3348.0,3453.0,-3.04,669086,2240099928.0
2025-09-23,GODIGIT,EQ,INE03JT01014,GO DIGIT GENERAL INS LTD,356.0,362.85,351.55,355.95,356.95,-0.28,1089680,387871609.3
2025-09-23,GODREJAGRO,EQ,INE850D01014,GODREJ AGROVET LIMITED,740.0,740.0,720.05,722.85,734.85,-1.63,83887,60637715.9
2025-09-23,GODREJCP,EQ,INE102D01028,GODREJ CONSUMER PRODUCTS,1231.5,1234.4,1188.4,1192.2,1232.2,-3.25,1902576,2268251014.3
2025-09-23,GODREJIND,EQ,INE233A01035,GODREJ INDUSTRIES LTD,1175.2,1185.3,1171.8,1180.2,1177.8,0.2,77110,91005218.23
2025-09-23,GODREJPROP,EQ,INE484J01027,GODREJ PROPERTIES LTD,2095.1,2118.3,2085.5,2103.7,2103.7,0.0,368846,775941312.19
2025-09-23,GOKEX,EQ,INE887G01027,GOKALDAS EXPORTS LTD.,800.9,833.95,786.65,820.8,800.1,2.59,404328,331872417.46
2025-09-23,GOKUL,EQ,INE020J01029,GOKUL REFOILS & SOLV LTD,44.44,44.94,43.1,43.72,44.44,-1.62,24615,1076167.83
2025-09-23,GOKULAGRO,EQ,INE314T01033,GOKUL AGRO RESOURCES LTD,207.32,211.5,204.1,206.2,207.32,-0.54,720444,148555550.6
2025-09-23,GOLD1,EQ,INF174KA1HJ8,KOTAK GOLD ETF,96.15,96.15,94.1,95.78,93.81,2.1,3303089,316369860.39
2025-09-23,GOLDADD,EQ,INF740KA1ZP2,DSPAMC - DSPGOLD,10.96,11.16,10.93,11.15,10.93,2.03,9959950,111033520.24
2025-09-23,GOLDAXIS,EQ,INF846K01W80,AXISAMC-GOLDAXIS,96.14,96.5,94.11,96.0,93.8,2.35,1846152,177230592.0
2025-09-23,GOLDBEES,EQ,INF204KB17I5,NIP IND ETF GOLD BEES,94.13,95.38,93.0,95.13,93.14,2.14,36910438,3511289865.56
2025-09-23,GOLDBETA,EQ,INF789F1AUX7,UTIAMC-UTIGOLDBETA,97.35,97.35,94.8,96.45,94.5,2.06,1230028,118636196.85
2025-09-23,GOLDCASE,EQ,INF0R8F01042,ZERODHAAMC - GOLDCASE,18.03,18.22,17.7,18.06,17.68,2.15,8682200,156800527.36
2025-09-23,GOLDETF,EQ,INF769K01JP9,MIRAEAMC - MAGOLDETF,110.48,111.92,109.63,111.37,109.19,2.0,1450360,161526597.18
2025-09-23,GOLDIAM,EQ,INE025B01025,GOLDIAM INTERNATIONAL LTD,290.25,292.58,283.5,285.34,288.79,-1.19,601081,171510946.17
2025-09-23,GOLDIETF,EQ,INF109KC1NT3,ICICI PRUDENTIAL GOLD ETF,97.24,98.59,96.56,98.36,96.35,2.09,11249290,1106480171.27
2025-09-23,GOODLUCK,EQ,INE127I01024,GOODLUCK INDIA LIMITED,370.0,376.0,365.07,373.17,367.3,1.6,438624,163679851.54
2025-09-23,GOPAL,EQ,INE0L9R01028,GOPAL SNACKS LIMITED,367.85,367.85,361.4,362.6,364.9,-0.63,92898,33684815.37
2025-09-23,GOYALALUM,EQ,INE705X01026,GOYAL ALUMINIUMS LIMITED,7.62,7.73,7.45,7.53,7.6,-0.92,63879,481008.88
2025-09-23,GPIL,EQ,INE177H01039,GODAWARI POW & ISP LTD,264.7,274.6,263.0,268.34,263.58,1.81,8855832,2376373926.45
2025-09-23,GPPL,EQ,INE517F01014,GUJARAT PIPAVAV PORT LTD,157.4,157.96,154.75,155.48,157.97,-1.58,818785,127304688.3
2025-09-23,GPTHEALTH,EQ,INE486R01017,GPT HEALTHCARE LIMITED,150.6,152.12,149.48,149.79,150.96,-0.78,82490,12356176.55
2025-09-23,GPTINFRA,EQ,INE390G01014,GPT INFRAPROJECTS LTD,121.15,122.46,119.0,120.03,122.05,-1.66,114064,13691101.78
2025-09-23,GRANULES,EQ,INE101D01020,GRANULES INDIA LIMITED,526.3,529.2,518.6,523.8,526.3,-0.48,439802,230368282.23
2025-09-23,GRAPHITE,EQ,INE371A01025,GRAPHITE INDIA LTD,569.45,583.2,567.2,573.6,569.45,0.73,740125,424535681.93
2025-09-23,GRASIM,EQ,INE047A01021,GRASIM INDUSTRIES LTD,2858.9,2873.8,2808.1,2813.5,2854.1,-1.42,702680,1976990180.0
2025-09-23,GRAVITA,EQ,INE024L01027,GRAVITA INDIA LIMITED,1680.0,1680.0,1651.0,1660.2,1671.8,-0.69,116767,193856567.7
2025-09-23,GREAVESCOT,EQ,INE224A01026,GREAVES COTTON LTD.,219.05,229.6,217.79,225.4,218.73,3.05,5369060,1210186091.23
2025-09-23,GREENLAM,EQ,INE544R01021,GREENLAM INDUSTRIES LTD.,258.5,259.18,251.2,253.16,259.16,-2.32,81633,20666210.58
2025-09-23,GREENPANEL,EQ,INE08ZM01014,GREENPANEL INDUSTRIES LTD,295.4,297.2,288.55,290.8,295.4,-1.56,125818,36587872.86
2025-09-23,GREENPLY,EQ,INE461C01038,GREENPLY INDUSTRIES LTD,316.0,319.85,314.0,317.35,316.35,0.32,40035,12705107.49
2025-09-23,GREENPOWER,EQ,INE999K01014,ORIENT GREEN POWER CO LTD,13.97,13.99,13.8,13.83,13.99,-1.14,1946767,26923787.46
2025-09-23,GRINDWELL,EQ,INE536A01023,GRINDWELL NORTON LIMITED,1639.7,1655.0,1616.4,1631.0,1639.7,-0.53,33221,54183451.0
2025-09-23,GRINFRA,EQ,INE201P01022,G R INFRAPROJECTS LIMITED,1306.7,1312.4,1280.0,1286.8,1310.3,-1.79,11391,14657939.36
2025-09-23,GRMOVER,EQ,INE192H01020,GRM OVERSEAS LIMITED,118.15,119.73,117.83,118.55,118.15,0.34,764889,90677593.28
2025-09-23,GROBTEA,EQ,INE646C01018,THE GROB TEA COMPANY LTD,1044.9,1236.2,990.0,1082.1,1030.2,5.04,9789,10592676.66
2025-09-23,GROWWDEFNC,EQ,INF666M01IO8,GROWWAMC - GROWWDEFNC,82.57,83.1,81.45,81.89,82.57,-0.82,269201,22044869.73
2025-09-23,GROWWEV,EQ,INF666M01IH2,GROWWAMC - GROWWEV,31.52,32.08,31.51,31.57,31.72,-0.47,300488,9486406.07
2025-09-23,GROWWGOLD,EQ,INF666M01OE7,GROWWAMC - GROWWGOLD,111.37,112.62,109.96,112.47,110.31,1.96,667253,75045945.72
2025-09-23,GROWWLIQID,EQ,INF666M01IP5,GROWWAMC - GROWWLIQID,105.87,105.87,105.86,105.86,105.84,0.02,271268,28716430.65
2025-09-23,GROWWLOVOL,EQ,INF666M01LB9,GROWWAMC - GROWWLOVOL,10.5,10.5,10.5,10.5,10.52,-0.12,0,0.0
2025-09-23,GROWWMOM50,EQ,INF666M01KJ4,GROWWAMC - GROWWMOM50,10.48,10.48,10.48,10.48,10.53,-0.43,0,0.0
2025-09-23,GROWWN200,EQ,INF666M01JV1,GROWWAMC - GROWWN200,11.39,11.39,11.39,11.39,11.41,-0.21,0,0.0
2025-09-23,GROWWNET,EQ,INF666M01LI4,GROWWAMC - GROWWNET,10.83,10.83,10.83,10.83,10.91,-0.72,0,0.0
2025-09-23,GROWWNXT50,EQ,INF666M01LZ8,GROWWAMC - GROWWNXT50,69.65,69.65,69.65,69.65,69.97,-0.45,0,0.0
2025-09-23,GROWWRAIL,EQ,INF666M01JJ6,GROWWAMC - GROWWRAIL,36.39,36.39,35.63,35.83,36.09,-0.72,390054,13975635.53
2025-09-23,GROWWSLVR,EQ,INF666M01OF4,GROWWAMC - GROWWSLVR,133.44,133.44,133.44,133.44,131.25,1.67,0,0.0
2025-09-23,GRPLTD,EQ,INE137I01015,GRP LIMITED,2232.8,2247.8,2182.0,2192.6,2232.8,-1.8,1390,3047714.14
2025-09-23,GRSE,EQ,INE382Z01011,GARDEN REACH SHIP&ENG LTD,2681.0,2695.0,2620.0,2680.8,2668.4,0.46,1515851,4063693434.82
2025-09-23,GRWRHITECH,EQ,INE291A01017,GARWARE HI-TECH FILMS LTD,3303.0,3309.6,3160.0,3176.6,3304.2,-3.86,50009,158858594.28
2025-09-23,GSEC10IETF,EQ,INF109KC18O0,ICICIPRAMC - ICICI10GS,256.86,258.58,256.86,258.52,256.86,0.65,71,18354.92
2025-09-23,GSEC10YEAR,EQ,INF769K01KF8,MIRAEAMC - MAGS813ETF,29.22,29.43,29.2,29.26,29.22,0.14,16128,471905.28
2025-09-23,GSEC5IETF,EQ,INF109KC14A8,ICICIPRAMC - ICICI5GSEC,63.25,63.54,62.0,63.28,63.25,0.05,4266,269952.47
2025-09-23,GSFC,EQ,INE026A01025,GUJ STATE FERT & CHEM LTD,205.5,206.58,202.1,203.04,205.6,-1.25,826771,167867578.29
2025-09-23,GSLSU,EQ,INE0JSX01015,GLOBAL SURFACES LIMITED,103.95,103.95,98.9,99.5,101.96,-2.41,88350,8790825.0
2025-09-23,GSS,EQ,INE871H01011,GSS INFOTECH LIMITED,27.0,27.31,27.0,27.08,26.98,0.37,20045,542818.6
2025-09-23,GTECJAINX,EQ,INE586X01012,G-TEC JAINX EDUCATION LTD,25.97,27.45,25.25,25.37,26.5,-4.26,1665,42241.05
2025-09-23,GTL,EQ,INE043A01012,GTL LTD,9.72,9.74,9.15,9.32,9.66,-3.52,1128416,10516836.78
2025-09-23,GTLINFRA,EQ,INE221H01019,GTL INFRA.LTD,1.52,1.54,1.52,1.52,1.52,0.0,31861837,48429991.63
2025-09-23,GTPL,EQ,INE869I01013,GTPL HATHWAY LIMITED,114.0,114.0,112.5,112.61,114.39,-1.56,22516,2535526.77
2025-09-23,GUFICBIO,EQ,INE742B01025,GUFIC BIOSCIENCES LTD.,368.5,372.55,361.0,371.6,367.55,1.1,42637,15843909.46
2025-09-23,GUJALKALI,EQ,INE186A01019,GUJARAT ALKALIES & CHEM,594.55,594.55,584.4,586.2,594.55,-1.4,26707,15655643.73
2025-09-23,GUJAPOLLO,EQ,INE826C01016,GUJ. APOLLO IND. LTD.,502.0,512.0,485.1,505.45,498.25,1.45,57665,29146774.95
2025-09-23,GUJENERGY,EQ,INE844O01030,GUJARAT ENERGY LIMITED,429.15,440.95,429.15,432.95,429.15,0.89,435135,188391703.56
2025-09-23,GUJRAFFIA,EQ,INE610B01024,GUJARAT RAFFIA INDUST LTD,37.3,40.4,37.3,38.37,38.99,-1.59,49839,1912322.38
2025-09-23,GUJTHEM,EQ,INE942C01045,GUJARAT THEMIS BIOSYN LTD,411.8,419.95,405.5,409.4,410.95,-0.38,154257,63152814.86
2025-09-23,GULFOILLUB,EQ,INE635Q01029,GULF OIL LUB. IND. LTD.,1256.0,1259.9,1219.8,1220.9,1254.4,-2.67,55215,67411994.85
2025-09-23,GULPOLY,EQ,INE255D01024,GULSHAN POLYOLS LIMITED,157.34,157.8,154.61,155.11,156.77,-1.06,49750,7716722.53
2025-09-23,GVPIL,EQ,INE878A01011,GE POWER INDIA LIMITED,349.9,351.9,341.3,344.95,347.2,-0.65,141237,48719704.87
2025-09-23,GVT&D,EQ,INE200A01026,GE VERNOVA T&D INDIA LTD,3014.4,3037.7,2953.8,2996.4,3022.8,-0.87,223789,670561337.75
2025-09-23,HAL,EQ,INE066F01020,HINDUSTAN AERONAUTICS LTD,4814.5,4834.8,4758.1,4799.9,4808.7,-0.18,746869,3584896440.16
2025-09-23,HALEOSLABS,EQ,INE320X01016,HALEOS LABS LIMITED,1236.8,1236.8,1184.8,1198.4,1243.9,-3.66,2975,3565240.07
2025-09-23,HAPPSTMNDS,EQ,INE419U01012,HAPPIEST MINDS TECHNO LTD,564.0,564.3,553.6,556.95,564.2,-1.29,309736,172507468.98
2025-09-23,HAPPYFORGE,EQ,INE330T01021,HAPPY FORGINGS LIMITED,979.1,981.9,962.95,973.85,972.6,0.13,41281,40201500.84
2025-09-23,HARDWYN,EQ,INE626Z01029,HARDWYN INDIA LIMITED,9.64,9.64,9.46,9.58,9.49,0.98,115841,1109591.28
2025-09-23,HARIOMPIPE,EQ,INE00EV01017,HARIOM PIPE INDUSTRIES L,540.3,540.3,504.55,510.2,543.1,-6.06,641879,327486673.64
2025-09-23,HARRMALAYA,EQ,INE544A01019,HARRISON MALAYALAM LTD,209.83,213.76,208.0,209.18,209.76,-0.28,12845,2686917.01
2025-09-23,HARSHA,EQ,INE0JUS01029,HARSHA ENGINEERS INT LTD,417.5,424.0,416.5,421.8,421.3,0.12,32312,13629201.21
2025-09-23,HATHWAY,EQ,INE982F01036,HATHWAY CABLE & DATACOM,14.87,14.9,14.7,14.75,14.86,-0.74,1649408,24328768.0
2025-09-23,HATSUN,EQ,INE473B01035,HATSUN AGRO PRODUCT LTD.,916.95,916.95,900.0,902.5,909.5,-0.77,26099,23554347.5
2025-09-23,HAVELLS,EQ,INE176B01034,HAVELLS INDIA LIMITED,1581.3,1585.4,1565.0,1572.3,1581.3,-0.57,436090,685664328.29
2025-09-23,HAVISHA,EQ,INE293B01029,SRI HAVISHA HOSP & INFR L,1.96,2.1,1.91,2.05,2.0,2.5,81690,167464.5
2025-09-23,HBLENGINE,EQ,INE292B01021,HBL ENGINEERING LTD,819.0,832.0,805.5,812.3,818.5,-0.76,1014656,824205056.41
2025-09-23,HBSL,EQ,INE550B01022,HB STOCKHOLDINGS LIMITED,76.26,78.4,75.88,76.05,76.26,-0.28,853,64870.65
2025-09-23,HCC,EQ,INE549A01026,HINDUSTAN CONSTRUCTION CO,28.63,30.0,27.81,29.46,28.61,2.97,29174186,859471492.85
2025-09-23,HCG,EQ,INE075I01017,HEALTHCARE GLOB. ENT. LTD,661.0,663.1,648.1,659.65,650.65,1.38,253270,167069561.68
2025-09-23,HCL-INSYS,EQ,INE236A01020,HCL INFOSYSTEMS LTD,15.55,15.87,15.5,15.54,15.75,-1.33,166782,2591792.27
2025-09-23,HCLTECH,EQ,INE860A01027,HCL TECHNOLOGIES LTD,1444.2,1444.2,1420.4,1429.8,1439.9,-0.7,3106480,4441645255.68
2025-09-23,HDBFS,EQ,INE756I01012,HDB FINANCIAL SERVICES L,780.05,782.4,773.3,774.6,780.2,-0.72,465488,360566993.44
2025-09-23,HDFCAMC,EQ,INE127D01025,HDFC AMC LIMITED,2915.0,2951.75,2905.5,2941.75,2913.75,0.96,635528,1869564494.0
2025-09-23,HDFCBANK,EQ,INE040A01034,HDFC BANK LTD,967.0,968.2,955.5,957.2,964.2,-0.73,21022298,20122543902.22
2025-09-23,HDFCBSE500,EQ,INF179KC1EZ4,HDFCAMC - HDFCBSE500,38.36,38.36,37.22,37.49,37.43,0.16,16084,602989.19
2025-09-23,HDFCGOLD,EQ,INF179KC1981,HDFC GOLD ETF,97.57,98.47,95.1,98.19,96.07,2.21,6891852,676710964.71
2025-09-23,HDFCGROWTH,EQ,INF179KC1DJ0,HDFCAMC - HDFCGROWTH,125.5,125.6,124.0,124.56,124.96,-0.32,8416,1048296.94
2025-09-23,HDFCLIFE,EQ,INE795G01014,HDFC LIFE INS CO LTD,787.45,791.5,774.0,775.05,787.8,-1.62,2220802,1721232562.99
2025-09-23,HDFCLOWVOL,EQ,INF179KC1HU8,HDFCAMC - HDFCLOWVOL,21.36,21.36,20.82,20.9,20.94,-0.19,281200,5877079.89
2025-09-23,HDFCMID150,EQ,INF179KC1HT0,HDFCAMC - HDFCMID150,22.03,22.39,21.84,21.98,22.02,-0.18,326206,7170007.73
2025-09-23,HDFCMOMENT,EQ,INF179KC1HV6,HDFCAMC - HDFCMOMENT,31.49,31.5,30.94,31.09,31.22,-0.42,180698,5617900.85
2025-09-23,HDFCNEXT50,EQ,INF179KC1HS2,HDFCAMC - HDFCNEXT50,69.43,73.0,69.43,70.92,71.22,-0.42,200935,14250309.83
2025-09-23,HDFCNIF100,EQ,INF179KC1HR4,HDFCAMC - HDFCNIF100,26.48,26.74,26.25,26.65,26.63,0.08,30287,807148.54
2025-09-23,HDFCNIFBAN,EQ,INF179KC1HY0,HDFCAMC - HDFCNIFBAN,56.13,57.16,56.12,56.96,56.78,0.32,35521,2023276.13
2025-09-23,HDFCNIFIT,EQ,INF179KC1IA8,HDFCAMC - HDFCNIFIT,37.67,37.68,36.79,36.89,37.23,-0.91,344594,12712072.45
2025-09-23,HDFCNIFTY,EQ,INF179KC1965,HDFCAMC - HDFCNIFTY,282.99,282.99,280.02,281.23,281.56,-0.12,119030,33474808.21
2025-09-23,HDFCPSUBK,EQ,INF179KC1HW4,HDFCAMC HDFCPSUBK,74.44,75.4,73.74,74.94,74.27,0.9,39555,2964251.8
2025-09-23,HDFCPVTBAN,EQ,INF179KC1HZ7,HDFCAMC - HDFCPVTBAN,27.58,27.58,27.19,27.44,27.33,0.4,662211,18171070.19
2025-09-23,HDFCQUAL,EQ,INF179KC1DL6,HDFCAMC - HDFCQUAL,59.16,59.37,58.54,58.81,59.16,-0.59,24026,1412969.09
2025-09-23,HDFCSENSEX,EQ,INF179KC1HX2,HDFCAMC - HDFCSENSEX,92.71,93.23,92.0,92.13,92.32,-0.21,40599,3740385.76
2025-09-23,HDFCSILVER,EQ,INF179KC1DI2,HDFCAMC - HDFCSILVER,131.89,131.89,128.71,130.19,128.68,1.17,4262355,554916007.86
2025-09-23,HDFCSML250,EQ,INF179KC1FB2,HDFCAMC - HDFCSML250,174.5,174.99,173.2,173.49,174.02,-0.3,1791322,310776463.62
2025-09-23,HDFCVALUE,EQ,INF179KC1DK8,HDFCAMC - HDFCVALUE,136.16,136.16,133.48,134.5,134.03,0.35,16008,2153076.0
2025-09-23,HEADSUP,EQ,INE759V01019,HEADS UP VENTURES LIMITED,10.92,11.49,10.25,10.77,10.92,-1.37,33892,365016.86
2025-09-23,HEALTHADD,EQ,INF740KA1ZG1,DSPAMC - HEALTHADD,148.26,148.3,147.81,147.99,148.19,-0.13,408,60379.92
2025-09-23,HEALTHAXIS,EQ,INF846K01Z12,AXISAMC-HEALTHAXIS,150.08,150.85,148.6,148.96,150.01,-0.7,1595,237591.21
2025-09-23,HEALTHIETF,EQ,INF109KC1Q72,ICICIPRAMC - ICICIPHARM,150.91,151.5,149.68,150.27,150.91,-0.42,94044,14131992.28
2025-09-23,HEALTHX,EQ,INE019J01013,HEALTH X PLATFORM LIMITED,327.95,327.95,317.4,319.85,328.25,-2.56,20086,6424507.22
2025-09-23,HEALTHY,EQ,INF209KB10C2,BIRLASLAMC - HEALTHY,15.47,15.47,15.01,15.06,15.1,-0.26,79887,1203098.25
2025-09-23,HECPROJECT,EQ,INE558R01013,HEC INFRA PROJECTS LTD,142.0,145.42,139.21,145.42,138.5,5.0,15545,2260553.87
2025-09-23,HEIDELBERG,EQ,INE578A01017,HEIDELBERGCEMENT (I) LTD,215.5,215.85,212.2,212.76,215.31,-1.18,51102,10872461.24
2025-09-23,HEMIPROP,EQ,INE0AJG01018,HEMISPHERE PROP IND LTD,175.5,177.0,171.62,173.93,174.94,-0.58,778807,135457895.81
2025-09-23,HERANBA,EQ,INE694N01015,HERANBA INDUSTRIES LTD,317.45,318.7,312.3,313.85,317.45,-1.13,18942,5944946.82
2025-09-23,HERITGFOOD,EQ,INE978A01027,HERITAGE FOODS LTD,532.4,536.0,524.1,533.45,531.75,0.32,508536,271278535.41
2025-09-23,HEROMOTOCO,EQ,INE158A01026,HERO MOTOCORP LIMITED,5450.0,5514.0,5351.0,5370.5,5429.5,-1.09,507377,2724868178.5
2025-09-23,HESTERBIO,EQ,INE782E01017,HESTER BIOSCIENCES LTD,2005.9,2005.9,1957.0,1978.1,1995.4,-0.87,4927,9746098.58
2025-09-23,HEXATRADEX,EQ,INE750M01017,HEXA TRADEX LIMITED,179.0,179.79,176.56,177.68,176.78,0.51,2146,381301.26
2025-09-23,HEXT,EQ,INE093A01041,HEXAWARE TECHNOLOGIES LTD,728.7,733.35,685.5,689.35,726.85,-5.16,2167268,1494006142.89
2025-09-23,HGINFRA,EQ,INE926X01010,H.G.INFRA ENGINEERING LTD,1008.2,1014.0,990.0,992.85,998.2,-0.54,62989,62538627.11
2025-09-23,HGM,EQ,INE596H01014,HANDSON GBL MNGMNT LTD,78.0,79.8,76.02,79.52,78.23,1.65,7038,559661.74
2025-09-23,HGS,EQ,INE170I01016,HINDUJA GLOBAL SOLS. LTD.,522.9,526.4,516.65,517.7,522.9,-0.99,13834,7161861.97
2025-09-23,HIKAL,EQ,INE475B01022,HIKAL LIMITED,263.0,263.05,258.55,260.1,262.9,-1.07,130445,33928745.3
2025-09-23,HILINFRA,EQ,INE00RL01028,HIGHWAY INFRASTRUCTURE L,86.85,87.2,85.6,85.81,86.52,-0.82,316402,27150454.85
2025-09-23,HILTON,EQ,INE788H01017,HILTON METAL FORGING LTD,52.98,53.27,51.75,52.24,51.67,1.1,97448,5090683.68
2025-09-23,HIMATSEIDE,EQ,INE049A01027,HIMATSINGKA SEIDE LTD,127.95,130.49,127.95,129.15,127.95,0.94,278097,35916225.85
2025-09-23,HINDALCO,EQ,INE038A01020,HINDALCO  INDUSTRIES  LTD,745.0,752.25,739.65,745.9,745.7,0.03,3783529,2822134373.47
2025-09-23,HINDCOMPOS,EQ,INE310C01029,HINDUSTAN COMPOSITES LTD.,472.0,477.75,469.0,469.35,472.75,-0.72,3346,1570445.12
2025-09-23,HINDCON,EQ,INE642Y01029,HINDCON CHEMICALS LIMITED,32.1,33.21,32.1,33.02,32.21,2.51,24573,811400.47
2025-09-23,HINDCOPPER,EQ,INE531E01026,HINDUSTAN COPPER LTD,298.1,312.0,293.4,307.43,296.57,3.66,28399927,8730989349.6
2025-09-23,HINDOILEXP,EQ,INE345A01011,HINDUSTAN OIL EXPLORATION,177.5,178.9,174.2,174.59,177.67,-1.73,287528,50199512.47
2025-09-23,HINDPETRO,EQ,INE094A01015,HINDUSTAN PETROLEUM CORP,413.0,425.25,413.0,424.3,412.75,2.8,4865287,2064341214.71
2025-09-23,HINDUNILVR,EQ,INE030A01027,HINDUSTAN UNILEVER LTD.,2568.9,2575.3,2518.2,2522.2,2572.2,-1.94,1430474,3607941452.95
2025-09-23,HINDWAREAP,EQ,INE05AN01011,HINDWARE HME INOVATON LTD,330.7,332.55,321.5,323.6,328.95,-1.63,53550,17328780.33
2025-09-23,HINDZINC,EQ,INE267A01025,HINDUSTAN ZINC LIMITED,461.35,464.25,452.85,461.5,459.25,0.49,4028797,1859289815.5
2025-09-23,HIRECT,EQ,INE835D01023,HIRECT LIMITED,874.0,874.0,837.15,845.8,852.6,-0.8,51204,43308342.57
2025-09-23,HISARMETAL,EQ,INE598C01011,HISAR METAL IND. LIMITED,186.01,186.6,183.0,183.65,183.26,0.21,1048,192465.19
2025-09-23,HITECH,EQ,INE106T01025,HI-TECH PIPES LIMITED,122.6,123.48,120.6,122.09,122.59,-0.41,3304889,403493885.91
2025-09-23,HLEGLAS,EQ,INE461D01028,HLE GLASCOAT LIMITED,512.3,540.0,511.0,531.45,509.65,4.28,390068,207301643.36
2025-09-23,HLVLTD,EQ,INE102A01024,HLV LIMITED,11.84,12.09,11.84,11.95,11.95,0.0,244412,2920723.35
2025-09-23,HMAAGRO,EQ,INE0ECP01024,HMA AGRO INDUSTRIES LTD,33.08,33.3,32.94,33.03,33.01,0.06,298795,9869198.49
2025-09-23,HNDFDS,EQ,INE254N01026,HINDUSTAN FOODS LIMITED,549.1,553.3,542.4,551.1,549.1,0.36,28073,15471029.61
2025-09-23,HNGSNGBEES,EQ,INF204KB19I1,NIP IND ETF HANGSENG BEES,526.75,526.75,522.11,526.15,526.63,-0.09,188047,98940933.64
2025-09-23,HOMEFIRST,EQ,INE481N01025,HOME FIRST FIN CO IND LTD,1265.0,1273.9,1249.8,1266.0,1265.6,0.03,259488,328511808.0
2025-09-23,HONASA,EQ,INE0J5401028,HONASA CONSUMER LIMITED,300.45,302.65,298.25,301.1,300.45,0.22,197976,59610574.81
2025-09-23,HONAUT,EQ,INE671A01010,HONEYWELL AUTOMATION IND,37245.0,37280.0,36530.0,36805.0,36930.0,-0.34,2275,83731375.0
2025-09-23,HONDAPOWER,EQ,INE634A01018,HONDA I POWER PRODUCT LTD,2835.0,2900.0,2814.3,2867.2,2839.0,0.99,7251,20790066.85
2025-09-23,HPAL,EQ,INE0GSL01024,HP ADHESIVES LIMITED,49.78,49.8,47.71,48.04,49.49,-2.93,131771,6330278.96
2025-09-23,HPIL,EQ,INE05X901010,HINDPRAKASH INDUSTRY LTD,135.0,136.99,131.0,131.91,132.52,-0.46,2315,305371.66
2025-09-23,HPL,EQ,INE495S01016,HPL ELECTRIC & POWER LTD,477.1,478.15,469.4,472.95,474.45,-0.32,106883,50550316.15
2025-09-23,HSCL,EQ,INE019C01026,HIMADRI SPECIALITY CHEM L,455.5,460.8,450.0,451.65,455.2,-0.78,592276,267501451.79
2025-09-23,HTMEDIA,EQ,INE501G01024,HT MEDIA LIMITED,26.25,27.4,26.25,26.99,26.42,2.16,142309,3840919.88
2025-09-23,HUBTOWN,EQ,INE703H01016,HUBTOWN LIMITED,322.0,330.7,319.45,323.85,322.95,0.28,878666,284555989.46
2025-09-23,HUDCO,EQ,INE031A01017,HSG & URBAN DEV CORPN LTD,240.0,240.6,235.0,235.23,239.96,-1.97,4416382,1038865518.99
2025-09-23,HUHTAMAKI,EQ,INE275B01026,HUHTAMAKI INDIA LIMITED,241.6,243.8,235.0,236.39,240.31,-1.63,133177,31481710.95
2025-09-23,HYUNDAI,EQ,INE0V6F01027,HYUNDAI MOTOR INDIA LTD,2830.0,2845.0,2694.0,2721.5,2721.7,-0.01,1768867,4813971540.5
2025-09-23,IBULLSLTD,EQ,INE126M01010,INDIABULLS LIMITED,18.75,18.75,18.75,18.75,18.75,0.0,0,0.0
2025-09-23,ICEMAKE,EQ,INE520Y01019,ICE MAKE REFRIGERAT LTD,762.4,785.0,753.1,770.75,763.3,0.98,13544,10439038.0
2025-09-23,ICICIB22,EQ,INF109KB15Y7,ICICIPRAMC - BHARATIWIN,110.9,111.24,110.13,111.0,110.63,0.33,412350,45770850.0
2025-09-23,ICICIBANK,EQ,INE090A01021,ICICI BANK LTD.,1391.0,1403.3,1391.0,1394.3,1401.5,-0.51,12827524,17885417339.54
2025-09-23,ICICIGI,EQ,INE765G01017,ICICI LOMBARD GIC LIMITED,1885.0,1902.6,1871.0,1894.7,1886.3,0.45,891529,1689179952.77
2025-09-23,ICICIPRULI,EQ,INE726G01019,ICICI PRU LIFE INS CO LTD,609.5,610.3,599.4,600.85,609.5,-1.42,420953,252929599.77
2025-09-23,ICIL,EQ,INE483B01026,INDO COUNT INDUSTRIES LTD,294.0,294.0,286.24,288.77,289.64,-0.3,119577,34530248.98
2025-09-23,ICRA,EQ,INE725G01011,ICRA LIMITED,6642.5,6982.0,6576.0,6679.5,6631.5,0.72,11337,75725491.5
2025-09-23,IDBI,EQ,INE008A01015,IDBI BANK LIMITED,93.24,94.15,92.4,93.23,93.2,0.03,4923326,459001699.51
2025-09-23,IDEA,EQ,INE669E01016,VODAFONE IDEA LIMITED,8.39,8.97,8.35,8.72,8.39,3.93,212226885,1850618493.87
2025-09-23,IDEAFORGE,EQ,INE349Y01013,IDEAFORGE TECHNO LTD,539.75,541.95,525.05,532.9,528.7,0.79,417575,222525727.69
2025-09-23,IDFCFIRSTB,EQ,INE092T01019,IDFC FIRST BANK LIMITED,70.92,71.49,70.45,70.51,70.92,-0.58,20655395,1456411945.57
2025-09-23,IDFNIFTYET,EQ,INF194KA1U07,BANDHANAMC - IDFNIFTYET,277.12,277.13,275.62,276.71,277.13,-0.15,136,37632.56
2025-09-23,IEX,EQ,INE022Q01020,INDIAN ENERGY EXC LTD,146.12,146.31,142.87,143.91,146.09,-1.49,4643971,668313883.62
2025-09-23,IFBAGRO,EQ,INE076C01018,IFB AGRO INDUSTRIES LTD,789.8,813.9,789.8,813.9,775.15,5.0,6304,5130825.75
2025-09-23,IFBIND,EQ,INE559A01017,IFB INDUSTRIES LTD,1750.0,1776.5,1711.0,1748.0,1766.7,-1.06,82685,144533380.0
2025-09-23,IFCI,EQ,INE039A01010,IFCI LTD,58.3,58.45,57.02,57.26,58.59,-2.27,4288216,245543240.96
2025-09-23,IFGLEXPOR,EQ,INE133Y01011,IFGL REFRACTORIES LIMITED,244.04,260.0,241.35,253.16,242.23,4.51,49331,12488636.14
2025-09-23,IGARASHI,EQ,INE188B01013,IGARASHI MOTORS INDIA LTD,540.0,542.35,523.05,525.1,529.9,-0.91,59257,31115849.25
2025-09-23,IGCL,EQ,INE05J901018,INDOGULF CROPSCIENCES LTD,109.4,110.73,107.73,108.6,108.55,0.05,279449,30348160.97
2025-09-23,IGIL,EQ,INE0Q9301021,INTL GEMOLOGICAL INST LTD,371.3,371.9,363.0,366.75,369.5,-0.74,289884,106314957.0
2025-09-23,IGL,EQ,INE203G01027,INDRAPRASTHA GAS LTD,211.5,212.85,208.13,208.69,211.56,-1.36,799958,166943236.97
2025-09-23,IGPL,EQ,INE204A01010,I G PETROCHEMICALS LTD,432.6,432.6,421.0,426.6,430.0,-0.79,28388,12110320.97
2025-09-23,IIFL,EQ,INE530B01024,IIFL FINANCE LIMITED,452.0,454.1,442.0,451.0,450.1,0.2,929925,419396175.0
2025-09-23,IIFLCAPS,EQ,INE489L01022,IIFL CAPITAL SERVICES LTD,278.8,307.0,276.35,298.45,278.25,7.26,2893765,863644199.57
2025-09-23,IITL,EQ,INE886A01014,INDUSTRIAL INV TRUST LTD,180.67,184.39,180.67,181.87,182.66,-0.43,705,128218.35
2025-09-23,IKIO,EQ,INE0LOJ01019,IKIO TECHNOLOGIES LIMITED,227.6,227.6,222.89,223.83,223.12,0.32,93640,20959441.37
2025-09-23,IKS,EQ,INE115Q01022,INVENTURUS KNOWLEDGE SO L,1498.3,1526.0,1485.0,1515.5,1498.4,1.14,176675,267750962.5
2025-09-23,IMAGICAA,EQ,INE172N01012,IMAGICAAWORLD ENT LTD,56.11,56.32,55.5,55.69,56.11,-0.75,337461,18793202.63
2025-09-23,IMFA,EQ,INE919H01018,INDIAN METALS & FERRO,1134.5,1176.3,1103.3,1162.2,1113.95,4.33,304282,353636525.54
2025-09-23,IMPAL,EQ,INE547E01014,IND MOTOR PART & ACC LTD,1079.0,1079.0,1050.0,1058.95,1067.8,-0.83,2005,2123194.65
2025-09-23,INCREDIBLE,EQ,INE452L01012,INCREDIBLE INDUSTRIES LTD,45.6,47.5,45.4,46.96,46.56,0.86,12083,567417.67
2025-09-23,INDBANK,EQ,INE841B01017,INDBANK MERCH BANK,32.81,33.49,32.5,32.8,32.81,-0.03,35391,1160824.77
2025-09-23,INDGN,EQ,INE065X01017,INDEGENE LIMITED,575.6,579.9,571.3,574.8,577.6,-0.48,184918,106290864.14
2025-09-23,INDHOTEL,EQ,INE053A01029,THE INDIAN HOTELS CO. LTD,772.35,772.35,746.05,752.0,769.4,-2.26,4312730,3243172960.0
2025-09-23,INDIACEM,EQ,INE383A01012,THE INDIA CEMENTS LIMITED,391.0,392.35,378.9,381.7,391.0,-2.38,547272,208893729.08
2025-09-23,INDIAGLYCO,EQ,INE560A01023,INDIA GLYCOLS LTD,867.0,899.5,863.0,883.3,875.95,0.84,246179,217449907.69
2025-09-23,INDIAMART,EQ,INE933S01016,INDIAMART INTERMESH LTD,2449.3,2456.3,2383.0,2391.0,2449.3,-2.38,87449,209090559.0
2025-09-23,INDIANB,EQ,INE562A01011,INDIAN BANK,703.95,703.95,693.95,695.1,704.55,-1.34,1352536,940147740.58
2025-09-23,INDIANCARD,EQ,INE061A01014,INDIAN CARD CLOTHING CO.,273.0,273.0,269.0,270.9,272.6,-0.62,3490,945440.98
2025-09-23,INDIANHUME,EQ,INE323C01030,INDIAN HUME PIPE CO. LTD.,378.0,380.6,376.65,378.0,378.55,-0.15,8812,3330936.0
2025-09-23,INDIASHLTR,EQ,INE922K01024,INDIA SHELTER FIN CORP L,894.0,904.45,871.05,883.0,893.8,-1.21,137804,121680932.0
2025-09-23,INDIGO,EQ,INE646L01027,INTERGLOBE AVIATION LTD,5765.0,5812.5,5716.0,5732.0,5747.5,-0.27,662077,3795025364.0
2025-09-23,INDIGOPNTS,EQ,INE09VQ01012,INDIGO PAINTS LIMITED,1106.2,1116.0,1093.6,1098.5,1100.4,-0.17,30017,32973674.5
2025-09-23,INDIQUBE,EQ,INE06ST01018,INDIQUBE SPACES LIMITED,233.4,240.0,233.1,237.4,233.16,1.82,648719,154005886.64
2025-09-23,INDNIPPON,EQ,INE092B01025,INDIA NIPPON ELECT  LTD,980.05,1009.7,980.0,1000.0,980.15,2.03,42364,42364000.0
2025-09-23,INDOBORAX,EQ,INE803D01021,INDO BORAX & CHEMICAL LTD,250.0,250.0,240.0,241.89,250.16,-3.31,34597,8368668.31
2025-09-23,INDOCO,EQ,INE873D01024,INDOCO REMEDIES LTD.,299.9,305.9,298.25,301.9,298.7,1.07,70020,21139037.57
2025-09-23,INDOFARM,EQ,INE622H01018,INDO FARM EQUIPMENT LTD,263.15,268.0,260.02,265.43,262.39,1.16,539883,143301140.74
2025-09-23,INDORAMA,EQ,INE156A01020,INDO RAMA SYNTHETICS LTD,54.7,55.89,53.23,55.04,53.8,2.3,123306,6786762.35
2025-09-23,INDOSTAR,EQ,INE896L01010,INDOSTAR CAPITAL FIN LTD,260.0,272.0,258.55,266.45,257.45,3.5,266713,71065682.11
2025-09-23,INDOTECH,EQ,INE332H01014,INDO TECH TRANSFORM LTD.,1778.0,1789.9,1750.5,1781.8,1774.8,0.39,12127,21607889.19
2025-09-23,INDOTHAI,EQ,INE337M01021,INDO THAI SEC LTD,224.0,231.0,216.0,230.8,220.6,4.62,2179824,503103385.85
2025-09-23,INDOUS,EQ,INE250Z01010,INDO US BIOTECH LTD,141.41,141.72,138.22,139.53,141.74,-1.56,9457,1319535.2
2025-09-23,INDOWIND,EQ,INE227G01018,INDOWIND ENERGY LTD,17.08,17.29,16.82,16.93,17.07,-0.82,58526,990845.2
2025-09-23,INDRAMEDCO,EQ,INE681B01017,INDRAPRASTHA MEDICAL CORP,462.5,466.95,460.2,461.95,463.2,-0.27,110793,51180827.7
2025-09-23,INDSWFTLAB,EQ,INE915B01019,IND SWIFT LABORATORIES LT,105.78,105.78,101.3,103.9,104.34,-0.42,20175,2096182.53
2025-09-23,INDTERRAIN,EQ,INE611L01021,IND TERRAIN FASHIONS LTD,35.95,35.95,34.33,34.64,35.36,-2.04,12543,434489.51
2025-09-23,INDUSINDBK,EQ,INE095A01012,INDUSIND BANK LIMITED,735.0,757.0,729.05,755.25,734.3,2.85,4501893,3400054688.25
2025-09-23,INDUSTOWER,EQ,INE121J01017,INDUS TOWERS LIMITED,356.15,360.0,353.35,359.1,356.0,0.87,7194465,2583532425.41
2025-09-23,INFOBEAN,EQ,INE344S01016,INFOBEANS TECHNO. LTD.,132.25,134.5,130.96,133.45,128.77,3.63,232460,31021786.29
2025-09-23,INFOMEDIA,EQ,INE669A01022,INFOMEDIA PRESS LIMITED,6.15,6.74,6.15,6.21,6.43,-3.42,5437,33763.77
2025-09-23,INFRABEES,EQ,INF732E01268,NIP IND ETF INFRA BEES,950.33,953.89,943.22,948.53,950.32,-0.19,9895,9385704.64
2025-09-23,INFRAIETF,EQ,INF109KC16E5,ICICIPRAMC - ICICIINFRA,94.99,94.99,93.79,94.63,94.52,0.12,66754,6316930.84
2025-09-23,INFY,EQ,INE009A01021,INFOSYS LIMITED,1493.0,1513.0,1493.0,1497.5,1499.5,-0.13,9832164,14723665590.0
2025-09-23,INGERRAND,EQ,INE177A01018,INGERSOLL-RAND INDIA LTD,3958.9,4025.0,3950.5,4001.9,3970.2,0.8,7173,28705628.0
2025-09-23,INNOVACAP,EQ,INE0DUT01020,INNOVA CAPTAB LIMITED,874.95,874.95,851.55,869.4,864.0,0.63,31130,27064422.76
2025-09-23,INNOVANA,EQ,INE403Y01018,INNOVANA THINKLABS LTD,522.0,530.95,522.0,524.05,521.45,0.5,1126,590080.29
2025-09-23,INOXGREEN,EQ,INE510W01014,INOX GREEN ENERGY SER LTD,199.89,208.9,196.89,202.63,199.84,1.4,2915645,590797160.59
2025-09-23,INOXINDIA,EQ,INE616N01034,INOX INDIA LIMITED,1216.3,1228.3,1206.3,1211.5,1215.6,-0.34,31552,38225248.0
2025-09-23,INOXWIND,EQ,INE066P01011,INOX WIND LIMITED,152.5,153.39,149.3,149.63,152.43,-1.84,8282682,1239337748.1
2025-09-23,INSECTICID,EQ,INE070I01018,INSECTICIDES (I) LTD,788.7,788.7,770.1,772.1,781.45,-1.2,24549,18954282.3
2025-09-23,INSPIRISYS,EQ,INE020G01017,INSPIRISYS SOLUTIONS LTD,95.9,96.23,93.0,93.73,95.9,-2.26,4435,415692.56
2025-09-23,INTELLECT,EQ,INE306R01017,INTELLECT DESIGN ARENA,1073.0,1078.35,1048.3,1062.65,1072.2,-0.89,290739,308953805.45
2025-09-23,INTENTECH,EQ,INE781A01025,INTENSE TECHNOLOGIES LTD,142.07,149.9,128.21,137.77,139.0,-0.88,2167776,298654508.78
2025-09-23,INTERARCH,EQ,INE00M901018,INTERARCH BLDNG SOLTN LTD,2084.8,2100.9,2050.0,2062.0,2084.8,-1.09,23048,47524976.0
2025-09-23,INTERNET,EQ,INF769K01PB6,MIRAEAMC - INTERNET,14.61,14.61,14.61,14.61,14.71,-0.72,0,0.0
2025-09-23,INTLCONV,EQ,INE575C01027,INTL CONVEYORS LIMITED,108.0,108.0,101.27,102.2,104.75,-2.43,709133,72473390.44
2025-09-23,INVENTURE,EQ,INE878H01024,INVENTURE GRO & SEC LTD,1.61,1.61,1.58,1.58,1.59,-0.63,609540,963073.23
2025-09-23,IOB,EQ,INE565A01014,INDIAN OVERSEAS BANK,39.81,40.0,39.18,39.65,39.8,-0.38,6603921,261845477.73
2025-09-23,IOC,EQ,INE242A01010,INDIAN OIL CORP LTD,148.09,149.14,147.55,148.24,148.3,-0.04,7296186,1081586652.72
2025-09-23,IOLCP,EQ,INE485C01029,IOL CHEM AND PHARMA LTD,117.2,117.2,114.0,114.77,116.74,-1.69,2573442,295353929.7
2025-09-23,IONEXCHANG,EQ,INE570A01022,ION EXCHANGE (INDIA) LTD,430.0,431.0,422.6,424.9,429.4,-1.05,121867,51781287.56
2025-09-23,IPCALAB,EQ,INE571A01038,IPCA LABORATORIES LTD,1400.8,1404.9,1367.1,1395.2,1399.3,-0.29,202440,282444278.12
2025-09-23,IPL,EQ,INE0D6701023,INDIA PESTICIDES LIMITED,228.7,230.21,225.0,226.78,228.38,-0.7,246399,55878364.92
2025-09-23,IRB,EQ,INE821I01022,IRB INFRA DEV LTD.,21.67,21.78,21.45,21.56,21.73,-0.78,8727384,188162394.38
2025-09-23,IRCON,EQ,INE962Y01021,IRCON INTERNATIONAL LTD,182.05,182.48,177.74,179.29,182.05,-1.52,1762031,315914526.16
2025-09-23,IRCTC,EQ,INE335Y01020,INDIAN RAIL TOUR CORP LTD,727.15,730.0,721.0,722.6,727.1,-0.62,571765,413157375.04
2025-09-23,IREDA,EQ,INE202E01016,INDIAN RENEWABLE ENERGY,159.3,159.81,155.0,155.64,159.06,-2.15,8095947,1260053186.14
2025-09-23,IRFC,EQ,INE053F01010,INDIAN RAILWAY FIN CORP L,128.23,128.93,127.0,127.29,128.54,-0.97,5860471,745979358.96
2025-09-23,IRIS,EQ,INE864K01010,IRIS REGTECH SOLUTION LTD,325.05,327.85,317.5,326.2,325.05,0.35,17078,5570843.81
2025-09-23,IRISDOREME,EQ,INE01GN01025,IRIS CLOTHINGS LIMITED,31.52,32.49,31.52,31.95,31.65,0.95,27826,889040.72
2025-09-23,IRMENERGY,EQ,INE07U701015,IRM ENERGY LIMITED,344.9,393.0,342.05,367.35,346.65,5.97,8613938,3164330176.88
2025-09-23,ISFT,EQ,INE566K01011,INTRASOFT TECH. LTD,105.0,107.49,102.5,104.72,105.05,-0.31,31912,3341824.68
2025-09-23,ISGEC,EQ,INE858B01029,ISGEC HEAVY ENG LTD,964.0,972.0,940.0,944.1,957.0,-1.35,40255,38004744.52
2025-09-23,ISHANCH,EQ,INE561M01018,ISHAN DYES N CHEMICALS L,61.0,62.65,60.0,62.2,60.27,3.2,126188,7848893.7
2025-09-23,IT,EQ,INF174KA1GC5,KOTAKMAMC - KOTAKIT,38.99,39.09,38.26,38.34,38.64,-0.78,635945,24382131.4
2025-09-23,ITADD,EQ,INF740KA1SX1,DSPAMC - DSPIT,35.97,37.08,35.91,36.69,36.9,-0.57,24170,886797.27
2025-09-23,ITAXIS,EQ,INF846K01Y96,AXISAMC-ITAXIS,384.97,384.97,381.54,381.98,384.67,-0.7,1419,542029.64
2025-09-23,ITBEES,EQ,INF204KB15V2,NIP IND ETF IT,38.95,38.98,38.43,38.48,38.78,-0.77,13024404,501179059.96
2025-09-23,ITBETA,EQ,INF789F1AZD8,UTIAMC-ITBETA,368.38,375.0,363.1,363.78,366.55,-0.76,3117,1133902.26
2025-09-23,ITC,EQ,INE154A01025,ITC LTD,407.1,408.1,402.1,403.2,406.95,-0.92,14936357,6022339324.73
2025-09-23,ITCHOTELS,EQ,INE379A01028,ITC HOTELS LIMITED,239.2,239.21,236.05,237.1,239.21,-0.88,1445862,342813889.02
2025-09-23,ITDC,EQ,INE353K01014,INDIA TOUR. DEV. CO. LTD.,617.0,627.7,614.1,620.4,614.75,0.92,34622,21479489.65
2025-09-23,ITETF,EQ,INF769K01KV5,MIRAEAMC - ITETF,37.1,37.25,36.55,36.56,36.91,-0.95,1916835,70079490.23
2025-09-23,ITI,EQ,INE248A01017,ITI LTD,324.8,333.25,318.0,322.55,323.25,-0.22,937274,302317717.26
2025-09-23,ITIETF,EQ,INF109KC16I6,ICICIPRAMC - ICICITECH,38.76,38.92,38.34,38.47,38.73,-0.67,3777988,145339202.97
2025-09-23,IVC,EQ,INE050B01023,IL&FS INVESTMENT MANAGERS,8.49,8.49,8.35,8.37,8.38,-0.12,80206,671324.21
2025-09-23,IVZINGOLD,EQ,INF205KA1BP1,INVESCO INDIA GOLD ETF,9771.3,10038.95,9771.3,10004.0,9798.05,2.1,1281,12815124.0
2025-09-23,IVZINNIFTY,EQ,INF205KA1CC7,INVESCO INDIA NIFTY ETF,2862.0,2865.12,2862.0,2865.12,2865.12,0.0,4,11460.48
2025-09-23,IXIGO,EQ,INE0HV901016,LE TRAVENUES TECHNOLOGY L,279.05,285.95,277.5,278.45,278.15,0.11,2144927,597254949.33
2025-09-23,IZMO,EQ,INE848A01014,IZMO LIMITED,1106.0,1165.1,1062.8,1165.1,1109.65,5.0,185585,216225078.97
2025-09-23,J&KBANK,EQ,INE168A01041,J & K BANK LTD.,104.3,105.87,102.84,105.29,104.28,0.97,2216599,233385710.74
2025-09-23,JAGRAN,EQ,INE199G01027,JAGRAN PRAKASHAN LIMITED,72.29,72.29,71.5,71.59,71.9,-0.43,59324,4247004.94
2025-09-23,JAGSNPHARM,EQ,INE048B01035,JAGSONPAL PHARMACEUTICALS,238.15,245.0,236.41,241.89,237.8,1.72,71843,17378103.23
2025-09-23,JAIBALAJI,EQ,INE091G01026,JAI BALAJI INDUSTRIES LTD,100.4,100.9,96.61,99.75,99.92,-0.17,2532361,252603009.75
2025-09-23,JAICORPLTD,EQ,INE070D01027,JAI CORP LIMITED,156.1,160.8,153.04,157.62,156.25,0.88,2064904,325470158.4
2025-09-23,JAIPURKURT,EQ,INE696V01013,NANDANI CREATION LIMITED,37.71,40.5,37.5,37.82,38.48,-1.72,16258,614877.56
2025-09-23,JAMNAAUTO,EQ,INE039C01032,JAMNA AUTO IND LTD,105.0,109.69,104.45,107.31,104.73,2.46,4025369,431962337.56
2025-09-23,JASH,EQ,INE039O01029,JASH ENGINEERING LIMITED,515.95,519.9,512.5,515.25,515.45,-0.04,40880,21063420.0
2025-09-23,JAYAGROGN,EQ,INE785A01026,JAYANT AGRO ORGANICS LTD,250.59,250.59,243.29,247.01,247.85,-0.34,8317,2054382.12
2025-09-23,JAYBARMARU,EQ,INE571B01036,JAY BHARAT MARUTI LTD,102.69,104.0,100.0,104.0,99.05,5.0,268868,27962272.0
2025-09-23,JAYNECOIND,EQ,INE854B01010,JAYASWAL NECO INDUSTR LTD,70.82,72.8,70.6,71.06,70.68,0.54,12720055,903887077.25
2025-09-23,JAYSREETEA,EQ,INE364A01020,JAYSHREE TEA & INDUSTRIES,97.5,97.82,95.75,96.15,97.17,-1.05,36907,3548608.11
2025-09-23,JBMA,EQ,INE927D01051,JBM AUTO LIMITED,750.0,790.0,731.15,738.2,741.7,-0.47,11236046,8294449294.36
2025-09-23,JETFREIGHT,EQ,INE982V01025,JET FREIGHT LOGISTICS LTD,13.23,14.89,13.23,13.38,13.5,-0.89,50510,675823.81
2025-09-23,JGCHEM,EQ,INE0MB501011,J.G.CHEMICALS LIMITED,457.0,458.15,441.35,443.8,457.3,-2.95,87975,39043303.93
2025-09-23,JHS,EQ,INE544H01014,JHS SVEND. LAB. LTD,11.45,11.45,10.91,11.01,11.22,-1.87,60083,661513.84
2025-09-23,JINDALPHOT,EQ,INE796G01012,JINDAL PHOTO LIMITED,1114.3,1114.3,1071.4,1101.6,1114.3,-1.14,3174,3496478.32
2025-09-23,JINDALPOLY,EQ,INE197D01010,JINDAL POLY FILMS LIMITED,597.75,597.8,588.05,595.45,599.3,-0.64,34188,20357245.02
2025-09-23,JINDALSAW,EQ,INE324A01032,JINDAL SAW LIMITED,211.2,216.9,207.81,215.28,210.22,2.41,4102500,883186194.99
2025-09-23,JINDALSTEL,EQ,INE749A01030,JINDAL STEEL LIMITED,1035.0,1069.7,1028.05,1062.7,1032.45,2.93,1889834,2008326499.52
2025-09-23,JINDRILL,EQ,INE742C01031,JINDAL DRILLING IND. LTD,606.5,608.25,600.05,601.45,605.5,-0.67,56441,33946440.14
2025-09-23,JINDWORLD,EQ,INE247D01039,JINDAL WORLDWIDE LTD,38.0,38.0,37.11,37.24,38.0,-2.0,484453,18041030.53
2025-09-23,JIOFIN,EQ,INE758E01017,JIO FIN SERVICES LTD,313.85,315.0,310.75,312.55,313.85,-0.41,11896537,3718262494.13
2025-09-23,JISLDVREQS,EQ,IN9175A01010,JAIN DVR EQUITY SHARES,33.6,35.25,32.06,34.22,33.05,3.54,132408,4531001.92
2025-09-23,JISLJALEQS,EQ,INE175A01038,JAIN IRRIGATION SYSTEMS,55.99,57.7,55.82,56.21,55.99,0.39,3193595,179511972.03
2025-09-23,JITFINFRA,EQ,INE863T01013,JITF INFRALOGISTICS LTD,360.55,365.0,350.0,356.05,360.55,-1.25,15781,5618824.86
2025-09-23,JKCEMENT,EQ,INE823G01014,JK CEMENT LIMITED,6859.5,6922.0,6803.5,6850.5,6859.5,-0.13,32013,219305056.5
2025-09-23,JKIL,EQ,INE576I01022,JKUMAR INFR.LTD.,640.25,642.8,628.25,632.05,640.25,-1.28,85669,54147090.4
2025-09-23,JKLAKSHMI,EQ,INE786A01032,JK LAKSHMI CEMENT LTD,907.65,907.65,876.05,879.75,888.45,-0.98,206506,181673653.5
2025-09-23,JKPAPER,EQ,INE789E01012,JK PAPER LIMITED,388.65,389.15,379.75,386.15,388.65,-0.64,253440,97865854.45
2025-09-23,JKTYRE,EQ,INE573A01042,JK TYRE & INDUSTRIES LTD,380.75,388.35,378.75,381.05,378.35,0.71,2136050,813941826.43
2025-09-23,JLHL,EQ,INE682M01020,JUPITER LIFE LINE HOSP L,298.56,298.8,281.76,297.62,295.6,0.68,214225,63757643.45
2025-09-23,JMA,EQ,INE412C01023,JULLUNDUR MOT AGENCY LTD,93.96,93.96,90.52,92.21,91.79,0.46,8340,769031.39
2025-09-23,JMFINANCIL,EQ,INE780C01023,JM FINANCIAL LIMITED,172.07,176.0,171.41,172.65,171.25,0.82,4742146,818731477.96
2025-09-23,JNKINDIA,EQ,INE0OAF01028,JNK INDIA LIMITED,299.45,301.65,296.2,296.75,299.45,-0.9,15509,4602295.75
2025-09-23,JOCIL,EQ,INE839G01010,JOCIL LIMITED,160.0,160.0,157.0,157.69,158.16,-0.3,3045,480166.06
2025-09-23,JPOLYINVST,EQ,INE147P01019,JIND POL INV & FIN CO LTD,934.95,953.95,916.0,944.4,943.6,0.08,6699,6326535.76
2025-09-23,JPPOWER,EQ,INE351F01018,JAIPRAKASH POWER VEN. LTD,18.57,18.62,18.22,18.32,18.52,-1.08,18543532,339717500.58
2025-09-23,JSFB,EQ,INE953L01027,JANA SMALL FIN BANK LTD,468.5,469.35,460.55,463.3,465.25,-0.42,137983,63927522.22
2025-09-23,JSL,EQ,INE220G01021,JINDAL STAINLESS LIMITED,787.55,804.0,787.0,801.0,787.55,1.71,750145,600866145.0
2025-09-23,JSLL,EQ,INE0J5801029,JEENA SIKHO LIFECARE LTD,821.95,849.5,816.15,829.1,818.4,1.31,199279,165222214.03
2025-09-23,JSWCEMENT,EQ,INE718I01012,JSW CEMENT LIMITED,149.44,150.09,146.7,147.18,149.44,-1.51,2670876,393099510.12
2025-09-23,JSWDULUX,EQ,INE133A01011,JSW DULUX LIMITED,3376.3,3399.8,3376.3,3392.7,3376.3,0.49,11706,39714945.63
2025-09-23,JSWENERGY,EQ,INE121E01018,JSW ENERGY LIMITED,542.5,555.5,541.1,543.85,542.95,0.17,3398352,1848193652.23
2025-09-23,JSWHL,EQ,INE824G01012,JSW HOLDINGS LIMITED,18550.0,18600.0,18010.0,18119.0,18325.0,-1.12,921,16687599.0
2025-09-23,JSWINFRA,EQ,INE880J01026,JSW INFRASTRUCTURE LTD,341.0,343.5,338.65,342.05,338.65,1.0,3155566,1079361311.78
2025-09-23,JSWSTEEL,EQ,INE019A01038,JSW STEEL LIMITED,1125.0,1148.0,1117.1,1138.4,1117.0,1.92,2075493,2362741281.87
2025-09-23,JTEKTINDIA,EQ,INE643A01035,JTEKT INDIA LIMITED,183.4,187.95,178.38,184.86,182.03,1.55,1488605,275183521.21
2025-09-23,JTLIND,EQ,INE391J01032,JTL INDUSTRIES LIMITED,75.0,75.0,72.95,74.8,75.52,-0.95,2183286,163309799.46
2025-09-23,JUBLCPL,EQ,INE03CC01015,JUBILANT AGRI N CON PRO L,2472.0,2472.0,2400.0,2412.3,2480.4,-2.75,7098,17122505.75
2025-09-23,JUBLFOOD,EQ,INE797F01020,JUBILANT FOODWORKS LTD,624.6,625.65,614.5,616.7,622.8,-0.98,1702093,1049680773.88
2025-09-23,JUBLINGREA,EQ,INE0BY001018,JUBILANT INGREVIA LIMITED,685.4,687.6,666.05,671.95,685.4,-1.96,228885,153799278.54
2025-09-23,JUBLPHARMA,EQ,INE700A01033,JUBILANT PHARMOVA LTD,1091.1,1096.7,1073.4,1084.8,1091.1,-0.58,73080,79277187.57
2025-09-23,JUNIORBEES,EQ,INF732E01045,NIP IND ETF JUNIOR BEES,756.89,758.11,745.18,748.22,749.89,-0.22,195576,146333868.99
2025-09-23,JUNIPER,EQ,INE696F01016,JUNIPER HOTELS LIMITED,299.95,306.0,298.0,300.85,298.25,0.87,43838,13188662.57
2025-09-23,JUSTDIAL,EQ,INE599M01018,JUSTDIAL LTD.,838.35,845.35,830.3,834.25,838.35,-0.49,68125,56833281.25
2025-09-23,JWL,EQ,INE209L01016,JUPITER WAGONS LIMITED,334.45,337.9,330.0,331.05,333.9,-0.85,771503,255406058.73
2025-09-23,JYOTHYLAB,EQ,INE668F01031,JYOTHY LABS LIMITED,322.6,322.6,320.0,320.3,322.7,-0.74,212799,68159517.1
2025-09-23,JYOTICNC,EQ,INE980O01024,JYOTI CNC AUTOMATION LTD,938.1,939.75,902.0,913.8,937.25,-2.5,164456,150279890.79
2025-09-23,JYOTISTRUC,EQ,INE197A01024,JYOTI STRUCTURES LTD,16.5,16.52,16.14,16.17,16.46,-1.76,2952752,47746000.07
2025-09-23,KABRAEXTRU,EQ,INE900B01029,KABRA EXTRUSION TECHNIK L,276.85,285.0,275.7,277.6,275.5,0.76,30076,8349097.78
2025-09-23,KAJARIACER,EQ,INE217B01036,KAJARIA CERAMICS LTD,1199.0,1204.7,1179.0,1183.0,1200.0,-1.42,142609,168706447.0
2025-09-23,KAKATCEM,EQ,INE437B01014,KAKATIYA CEM SUGAR &IND L,154.3,154.3,151.25,153.8,152.85,0.62,640,98432.0
2025-09-23,KALAMANDIR,EQ,INE438K01021,SAI SILKS (KALAMANDIR) L,158.56,159.93,155.7,156.75,158.56,-1.14,604057,94685934.75
2025-09-23,KALPATARU,EQ,INE227J01012,KALPATARU LIMITED,387.35,398.0,385.0,389.85,387.35,0.65,46364,18075005.68
2025-09-23,KALYANKJIL,EQ,INE303R01014,KALYAN JEWELLERS IND LTD,506.9,506.9,494.0,494.95,505.25,-2.04,3515718,1740104667.02
2025-09-23,KAMATHOTEL,EQ,INE967C01018,KAMAT HOTELS (I) LTD,322.45,324.0,316.15,321.15,322.45,-0.4,87623,28140125.92
2025-09-23,KAMOPAINTS,EQ,INE0BTI01037,KAMDHENU VENTURES LIMITED,9.13,9.2,9.04,9.07,9.13,-0.66,484047,4390306.14
2025-09-23,KANANIIND,EQ,INE879E01037,KANANI INDUSTRIES LTD,1.95,1.98,1.95,1.96,1.95,0.51,153032,299942.73
2025-09-23,KANPRPLA,EQ,INE694E01014,KANPUR PLASTIPACK LIMITED,218.0,222.0,212.44,218.34,217.79,0.25,9958,2174229.68
2025-09-23,KANSAINER,EQ,INE531A01024,KANSAI NEROLAC PAINTS LTD,253.2,253.47,245.1,246.21,253.0,-2.68,873562,215079705.88
2025-09-23,KAPSTON,EQ,INE542Z01028,KAPSTON SERVICES LIMITED,249.05,264.4,245.11,259.92,247.32,5.09,24152,6277588.16
2025-09-23,KARMAENG,EQ,INE725L01011,KARMA ENERGY LIMITED,64.37,64.37,63.3,64.37,58.52,10.0,37440,2410012.9
2025-09-23,KARURVYSYA,EQ,INE036D01028,KARUR VYSYA BANK LTD,212.76,215.0,212.0,213.43,212.85,0.27,618439,131993431.24
2025-09-23,KAYNES,EQ,INE918Z01012,KAYNES TECHNOLOGY IND LTD,7100.0,7299.0,7100.0,7242.0,7083.5,2.24,433904,3142332768.0
2025-09-23,KCP,EQ,INE805C01028,KCP LTD,202.8,204.05,201.0,201.54,202.8,-0.62,103393,20837824.53
2025-09-23,KDDL,EQ,INE291D01011,KDDL LIMITED,2605.0,2691.1,2595.3,2626.5,2601.0,0.98,14862,39035043.0
2025-09-23,KEC,EQ,INE389H01022,KEC INTL. LIMITED,891.0,937.8,878.1,883.9,866.15,2.05,16870109,14911489756.97
2025-09-23,KECL,EQ,INE134B01017,KIRLOSKAR ELECTRIC CO LTD,122.4,124.9,120.7,122.34,121.89,0.37,179330,21939231.54
2025-09-23,KEEPLEARN,EQ,INE055C01020,DSJ KEEP LEARNING LTD,2.78,2.84,2.7,2.79,2.77,0.72,22367,62403.93
2025-09-23,KEI,EQ,INE878B01027,KEI INDUSTRIES LTD.,4131.4,4210.1,4055.0,4190.3,4131.4,1.43,522204,2188191319.21
2025-09-23,KELLTONTEC,EQ,INE164B01030,KELLTON TECH SOL LTD,25.85,26.06,25.45,25.54,25.85,-1.2,6259012,159855172.21
2025-09-23,KERNEX,EQ,INE202H01019,KERNEX MICROSYS(I) LTD,1082.0,1125.0,1082.0,1106.0,1096.2,0.89,65736,72704016.0
2025-09-23,KEYFINSERV,EQ,INE681C01015,KEYNOTE FIN SERV LTD.,246.45,246.45,235.0,238.4,239.65,-0.52,7056,1682150.36
2025-09-23,KFINTECH,EQ,INE138Y01010,KFIN TECHNOLOGIES LIMITED,1105.9,1118.0,1072.0,1080.4,1093.9,-1.23,1853357,2002366948.05
2025-09-23,KHAICHEM,EQ,INE745B01028,KHAITAN CHEM & FERT LTD,131.11,132.37,129.21,130.5,130.58,-0.06,173748,22674114.0
2025-09-23,KHAITANLTD,EQ,INE731C01018,KHAITAN (INDIA)LTD.,129.1,133.18,124.45,124.61,131.01,-4.89,9060,1128966.61
2025-09-23,KHANDSE,EQ,INE060B01014,KHANDWALA SECURITIES LTD,24.5,24.54,23.86,24.02,24.39,-1.52,4945,118778.9
2025-09-23,KICL,EQ,INE029L01018,KALYANI INVEST CO LTD,5038.0,5139.9,4976.7,5005.8,5018.0,-0.24,3143,15733228.79
2025-09-23,KIMS,EQ,INE967H01025,KRISHNA INST OF MED SCI L,739.2,740.1,730.5,736.4,739.15,-0.37,160772,118392504.73
2025-09-23,KINGFA,EQ,INE473D01015,KINGFA SCI & TEC IND LTD.,4540.0,4540.0,4360.0,4382.7,4487.5,-2.34,1135,4974364.72
2025-09-23,KIOCL,EQ,INE880L01014,KIOCL LIMITED,425.2,455.35,424.65,444.75,422.55,5.25,1621626,721218163.5
2025-09-23,KIRIINDUS,EQ,INE415I01015,KIRI INDUSTRIES LIMITED,603.0,604.0,591.0,595.65,600.8,-0.86,175895,104771861.04
2025-09-23,KIRLOSBROS,EQ,INE732A01036,KIRLOSKAR BROTHERS LTD,2023.7,2031.1,1976.9,1985.2,2018.0,-1.63,34423,68336537.92
2025-09-23,KIRLOSENG,EQ,INE146L01010,KIRLOSKAR OIL ENG LTD,969.15,971.1,950.95,953.5,965.0,-1.19,101433,96716365.5
2025-09-23,KIRLOSIND,EQ,INE250A01039,KIRLOSKAR INDUSTRIES LTD,4175.0,4251.9,4092.9,4159.4,4202.2,-1.02,7470,31070717.27
2025-09-23,KIRLPNU,EQ,INE811A01038,KIRLOSKAR PNEUMATIC COM L,622.25,623.05,615.0,618.0,622.2,-0.68,67394,41649492.0
2025-09-23,KITEX,EQ,INE602G01020,KITEX GARMENTS LTD,214.35,217.5,202.5,206.81,209.83,-1.44,1385644,286565032.26
2025-09-23,KKCL,EQ,INE401H01017,KEWAL KIRAN CLOTHING LTD,585.95,595.0,578.0,592.0,581.85,1.74,68674,40655008.0
2025-09-23,KMEW,EQ,INE0CJD01029,KNOWLEDGE MARINE & EN W L,1269.35,1288.0,1261.05,1280.85,1269.3,0.91,74988,96048377.97
2025-09-23,KMSUGAR,EQ,INE157H01023,K M SUGAR MILLS LTD,28.59,28.59,28.0,28.14,28.3,-0.57,47074,1324662.33
2025-09-23,KNAGRI,EQ,INE0KNW01016,KN AGRI RESOURCES LIMITED,212.95,212.95,204.0,206.85,209.5,-1.26,13600,2813160.08
2025-09-23,KNRCON,EQ,INE634I01029,KNR CONSTRU LTD.,209.65,209.97,205.67,206.35,209.71,-1.6,2165827,446918414.67
2025-09-23,KOHINOOR,EQ,INE080B01012,KOHINOOR FOODS LIMITED,34.34,34.34,33.4,33.9,33.79,0.33,75262,2551381.91
2025-09-23,KOKUYOCMLN,EQ,INE760A01029,KOKUYO CAMLIN LIMITED,113.1,114.23,112.51,112.75,113.53,-0.69,28816,3249004.0
2025-09-23,KOLTEPATIL,EQ,INE094I01018,KOLTE PATIL DEV. LTD.,470.15,471.7,462.5,463.95,468.3,-0.93,50809,23572836.17
2025-09-23,KOPRAN,EQ,INE082A01010,KOPRAN LTD,174.0,180.35,170.99,178.4,173.04,3.1,681508,121581023.04
2025-09-23,KOTAKBANK,EQ,INE237A01036,KOTAK MAHINDRA BANK LTD,404.6,410.62,401.68,409.54,404.34,1.29,25428240,10413881626.88
2025-09-23,KOTHARIPET,EQ,INE720A01015,KOTHARI PETROCHEM LTD,152.52,152.97,148.0,149.27,152.52,-2.13,79734,11901894.52
2025-09-23,KOTHARIPRO,EQ,INE823A01017,KOTHARI PRODUCTS LTD,91.9,92.91,88.4,89.74,90.45,-0.78,35823,3214755.94
2025-09-23,KPEL,EQ,INE127T01021,K.P. ENERGY LIMITED,431.1,434.85,426.1,427.45,431.1,-0.85,126396,54027971.74
2025-09-23,KPIGREEN,EQ,INE542W01025,KPI GREEN ENERGY LIMITED,480.35,482.25,474.95,477.45,480.35,-0.6,449157,214450015.13
2025-09-23,KPIL,EQ,INE220B01022,KALPATARU PROJECT INT LTD,1242.7,1257.6,1235.0,1251.4,1242.7,0.7,75524,94510735.44
2025-09-23,KPITTECH,EQ,INE04I401011,KPIT TECHNOLOGIES LIMITED,1262.4,1275.0,1246.6,1249.7,1262.4,-1.01,1018057,1272265783.19
2025-09-23,KPRMILL,EQ,INE930H01031,KPR MILL LTD.,1127.05,1131.7,1103.9,1119.3,1138.4,-1.68,196376,219803666.39
2025-09-23,KRBL,EQ,INE001B01026,KRBL LIMITED,391.0,392.45,369.45,371.65,389.75,-4.64,1346439,500404046.13
2025-09-23,KREBSBIO,EQ,INE268B01013,KREBS BIOCHEMICALS & IND,78.9,79.6,77.1,77.7,79.96,-2.83,2329,180963.29
2025-09-23,KRIDHANINF,EQ,INE524L01026,KRIDHAN INFRA LIMITED,3.98,3.98,3.66,3.78,3.86,-2.07,141971,536650.38
2025-09-23,KRISHANA,EQ,INE506W01020,KRISHANA PHOSCHEM LIMITED,107.61,109.2,106.2,107.02,107.9,-0.82,380840,40757495.52
2025-09-23,KRISHIVAL,EQ,INE0GGO01015,KRISHIVAL FOODS LIMITED,466.3,468.0,466.3,466.3,468.35,-0.44,9623,4487204.78
2025-09-23,KRISHNADEF,EQ,INE0J5601015,KRISHNA DEF AND ALD IND L,832.5,842.0,813.0,835.4,819.35,1.96,25750,21511550.63
2025-09-23,KRITI,EQ,INE479D01038,KRITI INDUSTRIES IND LTD,140.01,142.34,137.98,137.98,145.25,-5.01,13797,1903710.0
2025-09-23,KRITIKA,EQ,INE00Z501029,KRITIKA WIRES LIMITED,9.49,9.49,9.15,9.18,9.21,-0.33,157243,1443490.79
2025-09-23,KRITINUT,EQ,INE798K01010,KRITI NUTRIENTS LIMITED,97.99,97.99,95.26,95.76,97.06,-1.34,10482,1003756.34
2025-09-23,KRN,EQ,INE0Q3J01015,KRN HEAT EXCHANGE N REF L,877.95,881.0,850.0,854.15,875.65,-2.46,316357,270216339.27
2025-09-23,KROSS,EQ,INE0O6601022,KROSS LIMITED,213.95,220.3,212.53,218.73,213.18,2.6,790265,172854660.07
2025-09-23,KRSNAA,EQ,INE08LI01020,KRSNAA DIAGNOSTICS LTD,856.95,870.0,843.6,866.2,858.35,0.91,67794,58723163.63
2025-09-23,KRYSTAL,EQ,INE0QN801017,KRYSTAL INTEGRATED SER L,649.35,668.0,646.7,656.0,646.75,1.43,19861,13028816.0
2025-09-23,KSB,EQ,INE999A01023,KSB LIMITED,852.0,857.65,834.55,840.95,852.45,-1.35,83318,70066273.12
2025-09-23,KSCL,EQ,INE455I01029,KAVERI SEED CO. LTD.,1151.1,1158.0,1137.4,1141.5,1153.6,-1.05,55999,63922858.5
2025-09-23,KSHITIJPOL,EQ,INE013801027,KSHITIJ POLYLINE LIMITED,3.09,3.09,3.05,3.07,3.05,0.66,130336,400131.51
2025-09-23,KSL,EQ,INE907A01026,KALYANI STEELS LIMITED,812.0,817.95,794.0,796.75,812.85,-1.98,57931,46156524.25
2025-09-23,KSOLVES,EQ,INE0D6I01023,KSOLVES INDIA LIMITED,327.0,327.0,320.55,321.1,322.0,-0.28,24492,7864381.35
2025-09-23,KTKBANK,EQ,INE614B01018,KARNATAKA BANK LIMITED,174.2,174.9,173.65,174.12,174.21,-0.05,639368,111326753.04
2025-09-23,KUANTUM,EQ,INE529I01021,KUANTUM PAPERS LIMITED,111.02,111.93,110.11,110.56,111.02,-0.41,36333,4016976.39
2025-09-23,LAGNAM,EQ,INE548Z01017,LAGNAM SPINTEX LIMITED,87.06,88.8,86.0,86.24,87.05,-0.93,14198,1224435.49
2025-09-23,LAL,EQ,INE740X01023,LORENZINI APPARELS LTD,11.42,11.83,11.1,11.39,11.58,-1.64,13933,158696.87
2025-09-23,LALPATHLAB,EQ,INE600L01024,DR. LAL PATH LABS LTD.,1702.9,1702.9,1652.5,1665.15,1694.25,-1.72,218380,363635462.33
2025-09-23,LAMBODHARA,EQ,INE112F01022,LAMBODHARA TEXTILES LTD.,136.55,136.59,130.11,131.44,134.54,-2.3,29996,3942674.31
2025-09-23,LANDMARK,EQ,INE559R01029,LANDMARK CARS LIMITED,613.75,631.55,610.25,620.0,613.75,1.02,75694,46930280.0
2025-09-23,LANDSMILL,EQ,INE688J01023,LANDSMILL GREEN LIMITED,1.51,1.51,1.51,1.51,1.55,-2.58,16293359,24602971.93
2025-09-23,LAOPALA,EQ,INE059D01020,LA OPALA RG LIMITED,250.1,259.7,248.47,252.78,250.02,1.1,139008,35138442.07
2025-09-23,LATENTVIEW,EQ,INE0I7C01011,LATENT VIEW ANALYTICS LTD,415.0,415.8,406.3,408.75,416.05,-1.75,206479,84398291.25
2025-09-23,LATTEYS,EQ,INE262Z01023,LATTEYS INDUSTRIES LTD,20.61,21.49,20.2,20.3,21.0,-3.33,44996,913418.77
2025-09-23,LAURUSLABS,EQ,INE947Q01028,LAURUS LABS LIMITED,905.1,916.4,890.95,910.05,903.8,0.69,1599124,1455282776.68
2025-09-23,LAXMICOT,EQ,INE801V01019,LAXMI COTSPIN LIMITED,24.0,24.91,24.0,24.77,24.67,0.41,6851,169699.27
2025-09-23,LAXMIDENTL,EQ,INE0WO601020,LAXMI DENTAL LIMITED,337.25,341.9,335.6,340.1,337.0,0.92,275197,93594501.38
2025-09-23,LAXMIINDIA,EQ,INE06WU01026,LAXMI INDIA FINANCE LTD,163.69,164.33,158.0,158.52,162.13,-2.23,838265,132881771.38
2025-09-23,LCCINFOTEC,EQ,INE938A01021,LCC INFOTECH LTD,4.39,4.57,4.3,4.43,4.39,0.91,80474,356499.81
2025-09-23,LEMERITE,EQ,INE0G1L01025,LE MERITE EXPORTS LIMITED,79.95,79.95,78.81,78.99,79.1,-0.14,100000,7898999.79
2025-09-23,LEMONTREE,EQ,INE970X01018,LEMON TREE HOTELS LTD,169.99,171.75,168.62,171.03,169.55,0.87,2342117,400572267.65
2025-09-23,LEXUS,EQ,INE500X01013,LEXUS GRANITO (INDIA) LTD,28.32,29.05,28.27,28.94,28.29,2.3,20634,597147.97
2025-09-23,LFIC,EQ,INE850E01012,LAKSHMI FIN IND CORP LTD,213.29,214.6,212.75,213.99,213.29,0.33,917,196228.84
2025-09-23,LGBBROSLTD,EQ,INE337A01034,LG BALAKRISHNAN & BROS,1436.0,1465.0,1428.1,1441.9,1438.4,0.24,69323,99956835.39
2025-09-23,LGHL,EQ,INE258Y01016,LAXMI GOLDORNA HOUSE LTD,385.42,397.73,382.81,393.96,383.35,2.77,144004,56731577.3
2025-09-23,LIBAS,EQ,INE908V01012,LIBAS CONSU PRODUCTS LTD,13.5,13.74,12.72,13.22,13.29,-0.53,35079,463744.39
2025-09-23,LIBERTSHOE,EQ,INE557B01019,LIBERTY SHOES LTD,365.0,368.8,351.6,357.95,362.4,-1.23,16223,5807023.05
2025-09-23,LICHSGFIN,EQ,INE115A01026,LIC HOUSING FINANCE LTD,587.3,588.25,579.2,582.6,587.3,-0.8,660351,384720476.48
2025-09-23,LICI,EQ,INE0J1Y01017,LIFE INSURA CORP OF INDIA,452.23,454.33,448.23,448.83,452.25,-0.76,4897654,2198189616.34
2025-09-23,LICMFGOLD,EQ,INF767K01SM1,LIC MF - LIC GOLD ETF,10293.0,10375.0,10122.1,10320.7,10121.7,1.97,3485,35967640.18
2025-09-23,LICNETFGSC,EQ,INF767K01MV5,LICNAMC - LICNMFET,28.46,28.47,28.38,28.44,28.37,0.25,32830,933685.22
2025-09-23,LICNETFN50,EQ,INF767K01OS7,LICNAMC - LICNFENGP,280.8,281.98,280.26,281.12,281.37,-0.09,7467,2099123.0
2025-09-23,LICNETFSEN,EQ,INF767K01OT5,LICNAMC - LICNFESGP,922.0,922.48,917.89,919.14,922.0,-0.31,54,49633.56
2025-09-23,LICNFNHGP,EQ,INF767K01PC8,LICNAMC - LICNFNHGP,284.96,284.96,281.43,284.38,283.78,0.21,829,235751.02
2025-09-23,LICNMID100,EQ,INF767K01RN1,LICNAMC - LICNMID100,58.86,58.97,58.46,58.78,58.77,0.02,3563,209433.14
2025-09-23,LIKHITHA,EQ,INE060901027,LIKHITHA INFRASTRUC LTD,239.65,242.0,237.6,241.36,238.69,1.12,53640,12946550.43
2025-09-23,LINC,EQ,INE802B01027,LINC LIMITED,131.69,131.69,127.0,128.35,129.1,-0.58,7547,968657.5
2025-09-23,LINCOLN,EQ,INE405C01035,LINCOLN PHARMA LTD,552.0,553.95,547.0,548.0,550.45,-0.45,23829,13058292.0
2025-09-23,LINDEINDIA,EQ,INE473A01011,LINDE INDIA LIMITED,6373.0,6519.5,6360.5,6480.0,6379.0,1.58,27984,181336320.0
2025-09-23,LIQUID,EQ,INF769K01KS1,MIRAEAMC - LIQUID,999.99,1000.0,999.99,999.99,999.99,0.0,103396,103394965.03
2025-09-23,LIQUID1,EQ,INF174KA1LV5,KOTAKMAMC - KOTAKLIQ,1069.85,1069.85,1069.83,1069.83,1069.69,0.01,189034,202234235.91
2025-09-23,LIQUIDADD,EQ,INF740KA1UM0,DSPAMC - LIQUIDADD,1092.01,1092.03,1092.01,1092.01,1091.87,0.01,554373,605380865.14
2025-09-23,LIQUIDBEES,EQ,INF732E01037,NIP IND ETF LIQUID BEES,999.99,1000.01,999.56,1000.0,999.99,0.0,1942511,1942511000.0
2025-09-23,LIQUIDBETF,EQ,INF0QA701854,BFAM - LIQUIDBETF,1049.12,1049.14,1049.12,1049.12,1048.98,0.01,200475,210322331.02
2025-09-23,LIQUIDCASE,EQ,INF0R8F01034,ZERODHAAMC - LIQUIDCASE,110.57,110.57,110.55,110.56,110.53,0.03,6376876,705027394.99
2025-09-23,LIQUIDETF,EQ,INF740KA1EU7,DSP LIQUID ETF,999.99,1000.01,999.99,999.99,999.99,0.0,287355,287352123.64
2025-09-23,LIQUIDIETF,EQ,INF109KC1KT9,ICICIPRAMC - ICICILIQ,1000.0,1000.01,999.99,999.99,999.99,0.0,332074,332070676.02
2025-09-23,LIQUIDPLUS,EQ,INF769K01MY5,MIRAEAMC - LIQUIDPLUS,1051.63,1051.63,1051.61,1051.62,1051.46,0.02,83275,87573655.09
2025-09-23,LIQUIDSBI,EQ,INF200KA13Z8,SBIAMC - LIQUIDSBI,1000.0,1000.01,999.99,999.99,1000.0,-0.0,4044,4043959.52
2025-09-23,LIQUIDSHRI,EQ,INF680P01422,SHRIRAM - LIQUIDSHRI,1071.72,1071.72,1071.7,1071.71,1071.55,0.01,21906,23476878.4
2025-09-23,LLOYDSENGG,EQ,INE093R01011,LLOYDS ENGG WORK LIMITED,62.82,63.56,62.18,62.33,62.82,-0.78,2146833,133812104.82
2025-09-23,LLOYDSENT,EQ,INE080I01025,LLOYDS ENTERPRISES LTD,67.78,67.78,66.0,66.58,67.34,-1.13,1084124,72180977.91
2025-09-23,LLOYDSME,EQ,INE281B01032,LLOYDS METALS N ENERGY L,1310.0,1325.0,1306.1,1318.0,1313.3,0.36,156488,206251184.0
2025-09-23,LMW,EQ,INE269B01029,LMW LIMITED,15533.0,15698.0,15475.0,15623.0,15600.0,0.15,3204,50056092.0
2025-09-23,LODHA,EQ,INE670K01029,LODHA DEVELOPERS LIMITED,1212.3,1217.7,1194.4,1205.4,1212.3,-0.57,916013,1104162092.56
2025-09-23,LOKESHMACH,EQ,INE397H01017,LOKESH MACHINES LTD,198.8,208.0,190.52,204.03,196.46,3.85,205463,41920615.64
2025-09-23,LORDSCHLO,EQ,INE846D01012,LORDS CHLORO ALKALI LTD,183.0,183.0,175.0,176.74,178.03,-0.72,9003,1591190.27
2025-09-23,LOTUSEYE,EQ,INE947I01017,LOTUS EYE HOSP & INST L,125.0,125.75,117.5,120.93,122.64,-1.39,23311,2818999.24
2025-09-23,LOVABLE,EQ,INE597L01014,LOVABLE LINGERIE LTD,99.6,102.88,99.4,100.43,101.2,-0.76,26017,2612887.32
2025-09-23,LOWVOL,EQ,INF769K01JU9,MIRAEAMC - MANV30F,209.58,209.58,208.5,208.92,210.27,-0.64,2251,470278.92
2025-09-23,LOWVOL1,EQ,INF174KA1IY5,KOTAKMAMC - KOTAKLOVOL,21.21,21.51,21.21,21.33,21.49,-0.74,387354,8262260.79
2025-09-23,LOWVOLIETF,EQ,INF109KC19U5,ICICI PR NIF LW VL 30 ETF,23.27,23.27,22.33,22.44,22.59,-0.66,1697084,38082565.87
2025-09-23,LOYALTEX,EQ,INE970D01010,LOYAL TEXTILE MILLS LTD,302.35,308.95,302.1,308.95,317.95,-2.83,131,40472.45
2025-09-23,LPDC,EQ,INE197J01017,LANDMARK PR.DEV.CO.LTD,7.7,7.89,7.53,7.7,7.72,-0.26,33977,261622.89
2025-09-23,LT,EQ,INE018A01030,LARSEN & TOUBRO LTD.,3646.9,3673.5,3613.2,3657.6,3644.5,0.36,1262120,4616330235.25
2025-09-23,LTF,EQ,INE498L01015,L&T FINANCE LIMITED,248.95,249.73,244.2,246.41,248.09,-0.68,3369508,830280478.62
2025-09-23,LTFOODS,EQ,INE818H01020,LT FOODS LIMITED,459.0,459.0,421.6,429.9,456.65,-5.86,2373426,1020335822.91
2025-09-23,LTGILTBEES,EQ,INF204KB1882,NIP IND ETF LONGTERM GILT,28.88,28.89,28.8,28.87,28.83,0.14,2090117,60341679.54
2025-09-23,LTM,EQ,INE214T01019,LTM LIMITED,5280.5,5299.0,5216.5,5262.5,5260.0,0.05,263293,1385579412.5
2025-09-23,LTTS,EQ,INE010V01017,L&T TECHNOLOGY SER. LTD.,4212.4,4220.0,4165.3,4190.0,4192.2,-0.05,49064,205578160.0
2025-09-23,LUMAXIND,EQ,INE162B01018,LUMAX INDUSTRIES LTD,4286.0,4637.6,4286.0,4597.4,4274.8,7.55,84410,388066525.76
2025-09-23,LUMAXTECH,EQ,INE872H01027,LUMAX AUTO TECH LTD,1102.8,1196.0,1102.8,1176.4,1102.7,6.68,436602,513618603.46
2025-09-23,LUPIN,EQ,INE326A01037,LUPIN LIMITED,2017.0,2020.1,1998.3,2007.0,2004.4,0.13,454836,912855852.0
2025-09-23,LUXIND,EQ,INE150G01020,LUX INDUSTRIES LIMITED,1350.0,1380.0,1340.1,1369.5,1354.2,1.13,24057,32946061.5
2025-09-23,LXCHEM,EQ,INE576O01020,LAXMI ORGANIC INDUS LTD,220.0,222.5,217.5,218.31,219.59,-0.58,591128,129049152.24
2025-09-23,M&M,EQ,INE101A01026,MAHINDRA & MAHINDRA LTD,3610.0,3679.2,3606.8,3614.6,3584.8,0.83,2523224,9120445716.81
2025-09-23,M&MFIN,EQ,INE774D01024,M&M FIN. SERVICES LTD,289.0,289.5,282.5,282.8,290.25,-2.57,761645,215393196.7
2025-09-23,MAANALU,EQ,INE215I01027,MAAN ALUMINIUM LIMITED,110.1,113.97,110.1,112.36,112.99,-0.56,30001,3370912.38
2025-09-23,MACPOWER,EQ,INE155Z01011,MACPOWER CNC MACHINES LTD,842.5,914.9,842.5,869.6,862.2,0.86,15025,13065739.63
2025-09-23,MADHAV,EQ,INE925C01016,MADHAV MARBLE & GRANITE,44.98,45.84,44.35,44.69,45.2,-1.13,4387,196055.02
2025-09-23,MADRASFERT,EQ,INE414A01015,MADRAS FERTILISERS LTD,89.22,89.81,88.47,89.04,89.22,-0.2,137504,12243356.29
2025-09-23,MAFANG,EQ,INF769K01HF4,MIRAEAMC - MAFANG,171.78,171.78,171.01,171.78,169.89,1.11,440774,75716157.18
2025-09-23,MAGADSUGAR,EQ,INE347W01011,MAGADH SUGAR & ENERGY LTD,572.6,572.7,560.1,562.15,570.1,-1.39,1905,1070895.8
2025-09-23,MAGNUM,EQ,INE387I01016,MAGNUM VENTURES LTD.,26.88,26.88,26.0,26.17,26.2,-0.11,34855,912155.35
2025-09-23,MAHABANK,EQ,INE457A01014,BANK OF MAHARASHTRA,57.26,57.42,56.3,57.19,57.26,-0.12,7055472,403502433.99
2025-09-23,MAHAPEXLTD,EQ,INE843B01013,MAHA RASHTRA APEX COPR. L,105.0,108.8,102.01,105.07,104.6,0.45,3417,359024.19
2025-09-23,MAHEPC,EQ,INE215D01010,MAHINDRA EPC IRRIG LTD,155.0,155.66,152.5,153.24,154.79,-1.0,46989,7200594.62
2025-09-23,MAHESHWARI,EQ,INE263W01010,MAHESHWARI LOGISTICS LTD.,59.76,59.8,59.0,59.04,59.52,-0.81,2385,140810.4
2025-09-23,MAHKTECH,EQ,INF769K01HS7,MIRAEAMC - MAHKTECH,28.66,28.66,28.66,28.66,28.57,0.32,472831,13551336.39
2025-09-23,MAHLIFE,EQ,INE813A01018,MAHINDRA LIFESPACE DEVLTD,372.0,378.0,370.15,375.35,373.6,0.47,110102,41326786.37
2025-09-23,MAHLOG,EQ,INE766P01016,MAHINDRA LOGISTIC LIMITED,360.0,364.9,358.5,359.15,364.1,-1.36,88160,31662663.46
2025-09-23,MAHSCOOTER,EQ,INE288A01013,MAHARASHTRA SCOOTERS LTD,17883.0,18199.0,17463.0,17553.0,17868.0,-1.76,9118,160048254.0
2025-09-23,MAHSEAMLES,EQ,INE271B01025,MAHARASHTRA SEAMLESS LTD,614.0,616.65,599.0,600.5,613.95,-2.19,303588,182304594.0
2025-09-23,MAITHANALL,EQ,INE683C01011,MAITHAN ALLOYS LTD,1143.8,1152.5,1124.0,1137.4,1143.8,-0.56,27095,30817853.66
2025-09-23,MAKEINDIA,EQ,INF769K01IB1,MIRAEAMC - MAMFGETF,154.44,154.85,153.26,153.85,153.71,0.09,12005,1846969.32
2025-09-23,MALLCOM,EQ,INE389C01015,MALLCOM (INDIA) LIMITED,1384.9,1384.9,1324.6,1334.8,1336.7,-0.14,5091,6795467.05
2025-09-23,MALUPAPER,EQ,INE383H01017,MALU PAPER MILLS LIMITED,40.1,40.97,39.65,39.72,40.49,-1.9,16918,671982.98
2025-09-23,MAMATA,EQ,INE0TO701015,MAMATA MACHINERY LIMITED,480.0,502.9,470.5,491.6,480.0,2.42,1156339,568456259.46
2025-09-23,MANAKALUCO,EQ,INE859Q01017,MANAK ALUMINIUM CO. LTD.,29.94,30.34,29.87,30.16,29.94,0.73,444562,13407989.85
2025-09-23,MANAKCOAT,EQ,INE830Q01018,MAN COAT METAL & IND LTD,146.73,150.5,142.0,145.51,145.45,0.04,291502,42416454.42
2025-09-23,MANAKSIA,EQ,INE015D01022,MANAKSIA LTD.,70.05,71.5,69.5,71.37,70.07,1.86,39162,2794992.05
2025-09-23,MANALIPETC,EQ,INE201A01024,MANALI PETROCHEMICALS LT,67.74,68.47,66.17,66.83,67.74,-1.34,203595,13606254.22
2025-09-23,MANAPPURAM,EQ,INE522D01027,MANAPPURAM FINANCE LTD,296.0,297.0,288.55,293.25,293.9,-0.22,3071893,900832622.25
2025-09-23,MANBA,EQ,INE939X01013,MANBA FINANCE LIMITED,140.7,140.7,136.9,137.89,138.91,-0.73,94618,13046875.96
2025-09-23,MANCREDIT,EQ,INE545L01039,MANGAL CREDIT N FINCORP L,191.88,191.88,187.35,189.78,191.35,-0.82,24061,4566296.55
2025-09-23,MANGALAM,EQ,INE584F01014,MANGALAM DRUG & CHEM LTD,76.79,76.79,74.15,74.78,75.05,-0.36,10987,821607.85
2025-09-23,MANGLMCEM,EQ,INE347A01017,MANGALAM CEMENT LTD,746.25,751.5,735.9,741.45,746.95,-0.74,40635,30128821.25
2025-09-23,MANINDS,EQ,INE993A01026,MAN INDUSTRIES (I) LTD.,440.0,458.4,438.1,452.7,439.4,3.03,609140,275757685.44
2025-09-23,MANINFRA,EQ,INE949H01023,MAN INFRA LTD,156.35,158.01,154.11,154.48,156.56,-1.33,223970,34598884.64
2025-09-23,MANKIND,EQ,INE634S01028,MANKIND PHARMA LIMITED,2590.5,2615.9,2552.6,2564.3,2594.9,-1.18,291468,747411406.63
2025-09-23,MANOMAY,EQ,INE784W01015,MANOMAY TEX INDIA LTD,170.05,177.94,170.05,170.78,171.15,-0.22,980,167364.4
2025-09-23,MANORAMA,EQ,INE00VM01036,MANORAMA INDUSTRIES LTD,1443.9,1444.0,1411.1,1432.8,1425.2,0.53,62927,90161808.67
2025-09-23,MANORG,EQ,INE370D01013,MANGALAM ORGANICS LIMITED,561.05,561.05,552.3,554.5,560.7,-1.11,2004,1111218.0
2025-09-23,MANUGRAPH,EQ,INE867A01022,MANUGRAPH INDIA LIMITED,21.56,21.89,21.56,21.56,22.0,-2.0,13294,286618.63
2025-09-23,MANYAVAR,EQ,INE825V01034,VEDANT FASHIONS LIMITED,751.8,751.8,719.1,721.8,750.8,-3.86,443406,320050445.39
2025-09-23,MAPMYINDIA,EQ,INE0BV301023,C.E. INFO SYSTEMS LIMITED,1643.5,1643.5,1624.0,1632.6,1634.9,-0.14,25463,41570893.18
2025-09-23,MARALOVER,EQ,INE882A01013,MARAL OVERSEAS LTD,48.95,49.77,47.7,48.04,48.43,-0.81,51536,2475789.49
2025-09-23,MARATHON,EQ,INE182D01020,MARATHON NXTGEN REALT LTD,674.6,680.0,655.45,673.2,670.85,0.35,102184,68790270.05
2025-09-23,MARICO,EQ,INE196A01026,MARICO LIMITED,720.4,721.5,704.5,706.0,716.85,-1.51,1832965,1294073290.0
2025-09-23,MARINE,EQ,INE01JE01028,MARINE ELECTRICAL (I) LTD,229.09,229.94,217.03,217.98,226.7,-3.85,511092,111407831.98
2025-09-23,MARKSANS,EQ,INE750C01026,MARKSANS PHARMA LIMITED,174.25,174.25,169.97,171.32,174.25,-1.68,1087903,186379549.93
2025-09-23,MARUTI,EQ,INE585B01010,MARUTI SUZUKI INDIA LTD.,16120.0,16325.0,16031.0,16097.0,15816.0,1.78,873114,14054516058.0
2025-09-23,MASFIN,EQ,INE348L01012,MAS FINANCIAL SERV LTD,312.5,316.5,311.0,314.4,314.85,-0.14,51914,16321761.28
2025-09-23,MASKINVEST,EQ,INE885F01015,MASK INVESTMENTS LIMITED,168.4,168.4,160.0,164.99,164.56,0.26,757,124897.43
2025-09-23,MASPTOP50,EQ,INF769K01HP3,MIRAEAMC - MASPTOP50,68.36,68.36,68.36,68.36,67.64,1.06,93403,6385029.14
2025-09-23,MASTEK,EQ,INE759A01021,MASTEK LTD,2360.9,2361.0,2284.2,2290.8,2348.0,-2.44,86862,198983473.84
2025-09-23,MASTERTR,EQ,INE677D01037,MASTER TRUST LIMITED,141.98,144.35,139.01,141.15,141.5,-0.25,1089462,153777554.65
2025-09-23,MATRIMONY,EQ,INE866R01028,MATRIMONY.COM LIMITED,507.05,511.55,504.05,507.8,507.05,0.15,6664,3383979.12
2025-09-23,MAWANASUG,EQ,INE636A01039,MAWANA SUGARS LIMITED,91.0,92.43,91.0,91.93,91.48,0.49,14143,1300165.99
2025-09-23,MAXESTATES,EQ,INE03EI01018,MAX ESTATES LIMITED,471.0,473.5,452.55,456.1,472.8,-3.53,90403,41232808.85
2025-09-23,MAXHEALTH,EQ,INE027H01010,MAX HEALTHCARE INS LTD,1174.7,1175.0,1149.0,1157.0,1171.6,-1.25,4729220,5471707540.0
2025-09-23,MAXIND,EQ,INE0CG601016,MAX INDIA LIMITED,209.4,213.0,204.5,205.43,207.31,-0.91,34284,7042961.87
2025-09-23,MAYURUNIQ,EQ,INE040D01038,MAYUR UNIQUOTERS LTD,524.95,531.4,519.1,522.1,525.05,-0.56,35625,18599811.63
2025-09-23,MAZDOCK,EQ,INE249Z01020,MAZAGON DOCK SHIPBUIL LTD,2977.0,2991.3,2914.1,2939.5,2976.4,-1.24,934666,2747450707.0
2025-09-23,MBAPL,EQ,INE900L01028,MADHYA BHARAT AGRO P. LTD,84.4,86.1,84.02,84.5,85.21,-0.83,574315,48529617.5
2025-09-23,MBEL,EQ,INE08N601015,M AND B ENGINEERING LTD,424.9,424.9,412.5,419.4,424.15,-1.12,316536,132755196.47
2025-09-23,MBLINFRA,EQ,INE912H01013,MBL INFRASTRUCTURE LTD,44.84,45.2,43.7,43.99,44.93,-2.09,228507,10052023.31
2025-09-23,MCL,EQ,INE813V01022,M TEK COPPER LIMITED,48.9,48.9,47.55,47.84,48.15,-0.64,20387,975314.08
2025-09-23,MCLEODRUSS,EQ,INE942G01012,MCLEOD RUSSEL INDIA LTD.,36.73,40.38,36.51,37.92,36.71,3.3,1490836,56532498.39
2025-09-23,MCLOUD,EQ,INE613C01026,MAGELLANIC CLOUD LIMITED,83.76,87.0,82.76,85.12,83.77,1.61,6754615,574952847.35
2025-09-23,MCX,EQ,INE745G01043,MULTI COMMODITY EXCHANGE,1597.9,1612.0,1574.0,1607.7,1597.9,0.61,1609060,2586885683.43
2025-09-23,MEDANTA,EQ,INE474Q01031,GLOBAL HEALTH LIMITED,1335.6,1338.4,1311.5,1321.7,1329.3,-0.57,88197,116569970.59
2025-09-23,MEDIASSIST,EQ,INE456Z01021,MEDI ASSIST HEALTH SER L,523.0,524.95,518.1,520.65,523.75,-0.59,86416,44992492.51
2025-09-23,MEDICO,EQ,INE630Y01024,MEDICO REMEDIES LIMITED,43.25,46.5,43.23,45.8,43.23,5.94,1299811,59531342.81
2025-09-23,MEDPLUS,EQ,INE804L01022,MEDPLUS HEALTH SERV LTD,819.25,827.95,803.05,808.15,820.05,-1.45,90077,72795729.75
2025-09-23,MEGASTAR,EQ,INE00EM01016,MEGASTAR FOODS LIMITED,215.41,223.97,215.41,216.22,218.37,-0.98,7342,1587487.25
2025-09-23,MEIL,EQ,INE0PKD01011,MANGAL ELECTRICAL IND L,478.9,490.65,473.0,486.05,476.65,1.97,190788,92732505.07
2025-09-23,METAL,EQ,INF769K01LY7,MIRAEAMC - METAL,10.22,10.22,10.03,10.18,10.08,0.99,583186,5936833.66
2025-09-23,METALIETF,EQ,INF109KC19W1,ICICIPRAMC - METALIETF,10.18,10.45,9.94,10.18,10.04,1.39,9937450,101163244.03
2025-09-23,METROBRAND,EQ,INE317I01021,METRO BRANDS LIMITED,1285.0,1285.0,1261.5,1277.6,1281.1,-0.27,118017,150778516.32
2025-09-23,METROPOLIS,EQ,INE112L01020,METROPOLIS HEALTHCARE LTD,516.25,517.95,509.62,512.53,519.88,-1.41,135908,69656251.02
2025-09-23,MFML,EQ,INE0US801024,MAHALAXMI FABRIC MILLS LT,32.19,34.5,31.5,32.34,32.03,0.97,64547,2087449.99
2025-09-23,MFSL,EQ,INE180A01020,MAX FINANCIAL SERV LTD,1558.7,1591.9,1551.5,1584.5,1556.7,1.79,384921,609907324.5
2025-09-23,MGEL,EQ,INE0APB01032,MANGALAM GLOBAL ENT LTD,16.25,16.48,15.4,16.05,16.04,0.06,5277046,84696584.27
2025-09-23,MGL,EQ,INE002S01010,MAHANAGAR GAS LTD.,1308.9,1329.5,1298.6,1308.2,1306.4,0.14,359892,470810696.83
2025-09-23,MHRIL,EQ,INE998I01010,MAHINDRA HOLIDAYS LTD,362.75,363.3,351.8,354.55,360.5,-1.65,98499,34922819.25
2025-09-23,MID150BEES,EQ,INF204KB1V68,NIP IND ETF MIDCAP 150,226.4,226.4,222.57,223.36,224.69,-0.59,1790854,400005150.53
2025-09-23,MID150CASE,EQ,INF0R8F01059,ZERODHAAMC - MID150CASE,11.18,11.18,10.81,10.84,10.85,-0.09,1287826,13960034.04
2025-09-23,MIDCAP,EQ,INF174KA1ZC5,KOTAKMAMC - KOTAKMID50,159.55,159.55,159.55,159.55,159.55,0.0,0,0.0
2025-09-23,MIDCAPETF,EQ,INF769K01IC9,MIRAEAMC - MAM150ETF,22.47,22.47,21.83,22.12,22.18,-0.27,3963178,87665500.69
2025-09-23,MIDCAPIETF,EQ,INF109KC11W8,ICICIPRAMC - ICICIM150,22.88,22.88,22.21,22.4,22.48,-0.36,1592609,35674440.99
2025-09-23,MIDHANI,EQ,INE099Z01011,MISHRA DHATU NIGAM LTD,401.05,406.95,394.5,404.3,401.05,0.81,456177,184432355.53
2025-09-23,MIDQ50ADD,EQ,INF740KA1ZF3,DSPAMC - DSPQ50ETF,253.63,253.63,250.47,251.54,252.93,-0.55,2753,692489.6
2025-09-23,MIDSELIETF,EQ,INF109KC10W0,ICICI PRUD MIDCAP SEL ETF,18.24,18.24,17.67,17.73,17.8,-0.39,124202,2202101.4
2025-09-23,MIDSMALL,EQ,INF769K01LJ8,MIRAEAMC - MIDSMALL,49.34,49.34,48.76,48.86,49.35,-0.99,177079,8652080.05
2025-09-23,MINDACORP,EQ,INE842C01021,MINDA CORPORATION LTD,532.8,552.85,530.05,534.5,532.8,0.32,537326,287200747.0
2025-09-23,MINDTECK,EQ,INE110B01017,MINDTECK (INDIA) LIMITED,241.3,247.3,235.0,244.0,237.69,2.65,87455,21339020.0
2025-09-23,MIRZAINT,EQ,INE771A01026,MIRZA INTERNATIONAL LIMIT,41.5,41.5,39.6,40.21,41.24,-2.5,330146,13275170.36
2025-09-23,MITCON,EQ,INE828O01033,MITCON CON & ENG SER LTD,67.41,72.0,66.41,69.58,66.09,5.28,45825,3188503.58
2025-09-23,MITTAL,EQ,INE997Y01027,MITTAL LIFE STYLE LIMITED,1.56,1.62,1.56,1.6,1.59,0.63,389820,623712.01
2025-09-23,MKPL,EQ,INE964W01021,M K PROTEINS LIMITED,7.65,7.84,7.5,7.61,7.59,0.26,296060,2253016.64
2025-09-23,MMFL,EQ,INE227C01017,MM FORGINGS LTD,327.8,332.0,319.0,328.25,326.1,0.66,46018,15105408.5
2025-09-23,MMP,EQ,INE511Y01018,MMP INDUSTRIES LIMITED,272.7,284.7,272.7,280.65,276.95,1.34,11871,3331596.08
2025-09-23,MMTC,EQ,INE123F01029,MMTC LIMITED,71.45,71.45,69.21,70.14,70.96,-1.16,2664107,186860463.35
2025-09-23,MNC,EQ,INF174KA1JF2,KOTAKMAMC - KOTAKMNC,31.19,31.26,30.9,30.97,31.04,-0.23,38944,1206095.65
2025-09-23,MOALPHA50,EQ,INF247L01FR8,MOTILALAMC - MOALPHA50,51.28,51.28,51.28,51.28,51.55,-0.52,0,0.0
2025-09-23,MOBIKWIK,EQ,INE0HLU01028,ONE MOBIKWIK SYSTEMS LTD,295.75,297.48,284.4,288.02,294.38,-2.16,3015854,868626235.95
2025-09-23,MODEFENCE,EQ,INF247L01DJ0,MOTILALAMC - MODEFENCE,92.71,92.71,89.2,89.87,90.45,-0.64,5337801,479708190.53
2025-09-23,MODIRUBBER,EQ,INE832A01018,MODI RUBBER LTD,123.6,130.0,118.25,120.63,121.79,-0.95,16737,2018984.26
2025-09-23,MODTHREAD,EQ,INE794W01014,MODERN THREADS INDIA LTD,50.0,50.0,47.26,47.59,49.75,-4.34,11441,544477.19
2025-09-23,MOGSEC,EQ,INF247L01AK4,MOTILALAMC - G5,62.2,62.22,62.11,62.19,62.18,0.02,1175,73073.25
2025-09-23,MOHEALTH,EQ,INF247L01BB1,MOTILALAMC - MOHEALTH,45.96,45.98,45.1,45.2,45.59,-0.86,69395,3136654.05
2025-09-23,MOHITIND,EQ,INE954E01012,MOHIT INDUSTRIES LTD,34.75,34.75,32.35,33.85,33.44,1.23,6333,214372.04
2025-09-23,MOIL,EQ,INE490G01020,MOIL LIMITED,354.0,368.2,350.0,362.4,354.3,2.29,1524774,552578088.29
2025-09-23,MOINFRA,EQ,INF247L01FL1,MOTILALAMC - MOINFRA,61.47,61.47,61.47,61.47,61.48,-0.02,0,0.0
2025-09-23,MOKSH,EQ,INE514Y01020,MOKSH ORNAMENTS LIMITED,14.7,14.99,14.61,14.91,14.96,-0.33,364219,5430505.23
2025-09-23,MOL,EQ,INE0CT101020,MEGHMANI ORGANICS LIMITED,86.0,86.67,85.2,86.0,86.5,-0.58,331014,28467204.0
2025-09-23,MOLDTKPAC,EQ,INE893J01029,MOLD-TEK PACKAGING LTD,812.85,829.8,798.25,801.2,812.8,-1.43,83828,67162994.62
2025-09-23,MOLOWVOL,EQ,INF247L01BL0,MOTILALAMC - MOLOWVOL,38.68,38.68,37.87,37.94,38.16,-0.58,2980,113061.2
2025-09-23,MOM100,EQ,INF247L01023,MOTILAL OS MIDCAP100 ETF,62.8,63.8,62.43,62.84,63.2,-0.57,375466,23594283.5
2025-09-23,MOM30IETF,EQ,INF109KC17C7,ICICIPRAMC - ICICIMOM30,31.95,31.95,31.26,31.35,31.46,-0.35,325150,10193452.62
2025-09-23,MOM50,EQ,INF247L01536,MOTILAL OSWAL M50 ETF,261.49,264.08,259.2,261.39,261.5,-0.04,7942,2075959.5
2025-09-23,MOMENTUM,EQ,INF209KB14K7,BIRLASLAMC - MOMENTUM,31.09,31.54,31.02,31.21,31.27,-0.19,19647,613182.85
2025-09-23,MOMENTUM50,EQ,INF247L01DK8,MOTILALAMC - MOMENTUM50,52.39,52.7,51.53,51.9,52.14,-0.46,300014,15570727.06
2025-09-23,MOMGF,EQ,INF247L01FK3,MOTILALAMC - MOMGF,150.95,150.95,150.95,150.95,150.79,0.11,0,0.0
2025-09-23,MOMIDMTM,EQ,INF247L01FQ0,MOTILALAMC - MOMIDMTM,61.88,61.88,61.88,61.88,62.15,-0.42,0,0.0
2025-09-23,MOMOMENTUM,EQ,INF247L01BK2,MOTILALAMC - MOMOMENTUM,63.11,63.37,62.13,62.32,62.8,-0.76,62613,3902042.14
2025-09-23,MON100,EQ,INF247L01AP3,MOTILAL OS NASDAQ100 ETF,219.97,219.97,215.44,216.98,214.61,1.1,952429,206658040.35
2025-09-23,MON50EQUAL,EQ,INF247L01FC0,MOTILALAMC - MON50EQUAL,32.51,32.51,32.51,32.51,32.55,-0.12,0,0.0
2025-09-23,MONARCH,EQ,INE903D01011,MONARCH NETWORTH CAP LTD,333.05,340.0,328.2,330.55,332.3,-0.53,363137,120034930.92
2025-09-23,MONEXT50,EQ,INF247L01FD8,MOTILALAMC - MONEXT50,69.2,69.2,69.2,69.2,69.52,-0.45,0,0.0
2025-09-23,MONIFTY500,EQ,INF247L01BU1,MOTILALAMC - MONIFTY500,24.09,24.09,23.68,23.82,23.85,-0.13,281975,6716644.41
2025-09-23,MONQ50,EQ,INF247L01AU3,MOTILALAMC - MONQ50,90.25,91.48,90.01,90.6,90.11,0.54,187273,16966933.51
2025-09-23,MONTECARLO,EQ,INE950M01013,MONTE CARLO FASHIONS LTD.,631.0,715.5,630.1,687.3,644.85,6.58,663863,456273031.8
2025-09-23,MOPSE,EQ,INF247L01FO5,MOTILALAMC - MOPSE,99.28,99.28,99.28,99.28,99.06,0.23,0,0.0
2025-09-23,MOQUALITY,EQ,INF247L01BH8,MOTILALAMC - MOQUALITY,197.12,197.19,195.26,195.46,196.32,-0.44,516,100857.36
2025-09-23,MOREALTY,EQ,INF247L01CI4,MOTILALAMC - MOREALTY,92.42,92.96,90.53,91.26,91.97,-0.77,250667,22875870.96
2025-09-23,MOREPENLAB,EQ,INE083A01026,MOREPEN LAB. LTD,53.48,53.48,51.62,51.97,53.18,-2.28,2567333,133424299.14
2025-09-23,MOSCHIP,EQ,INE935B01025,MOSCHIP TECHNOLOGIES LTD,260.99,262.4,248.4,252.67,260.29,-2.93,5103036,1289384096.78
2025-09-23,MOSMALL250,EQ,INF247L01CH6,MOTILALAMC - MOSMALL250,17.49,17.58,17.2,17.26,17.37,-0.63,897686,15494060.57
2025-09-23,MOTHERSON,EQ,INE775A01035,SAMVRDHNA MTHRSN INTL LTD,109.95,112.38,109.37,112.08,109.95,1.94,33790140,3787198953.07
2025-09-23,MOTILALOFS,EQ,INE338I01027,MOTILAL OSWAL FIN LTD,951.0,962.0,943.65,958.35,950.3,0.85,684313,655811346.84
2025-09-23,MOTISONS,EQ,INE0FRK01020,MOTISONS JEWELLERS LTD,19.12,19.2,18.68,18.81,19.12,-1.62,1309384,24629512.34
2025-09-23,MOTOGENFIN,EQ,INE861B01023,MOTOR & GENERAL FINANCE L,26.37,26.99,26.35,26.39,26.72,-1.24,8952,236243.27
2025-09-23,MOTOUR,EQ,INF247L01FP2,MOTILALAMC - MOTOUR,91.36,91.36,91.36,91.36,92.17,-0.88,0,0.0
2025-09-23,MOVALUE,EQ,INF247L01BE5,MOTILALAMC - MOVALUE,104.74,105.94,104.05,105.28,104.73,0.53,45698,4811085.38
2025-09-23,MPHASIS,EQ,INE356A01018,MPHASIS LIMITED,2840.0,2840.0,2753.4,2766.6,2852.4,-3.01,845283,2338560030.35
2025-09-23,MPSLTD,EQ,INE943D01017,MPS LIMITED,2288.9,2303.1,2246.5,2259.0,2284.3,-1.11,6544,14782896.0
2025-09-23,MRF,EQ,INE883A01011,MRF LTD,153000.0,156400.0,152995.0,155935.0,152850.0,2.02,12421,1936868635.0
2025-09-23,MRPL,EQ,INE103A01014,MRPL,130.5,130.71,128.6,129.11,129.88,-0.59,695274,89766826.56
2025-09-23,MSCIINDIA,EQ,INF174KA1VD2,KOTAKMAMC - MSCIINDIA,30.2,30.2,29.9,30.08,30.15,-0.23,7570,227705.6
2025-09-23,MSPL,EQ,INE752G01015,MSP STEEL & POWER LTD.,36.92,38.79,36.92,38.24,37.24,2.69,1128974,43171967.65
2025-09-23,MSTCLTD,EQ,INE255X01014,MSTC LIMITED,534.0,534.0,516.4,517.55,530.85,-2.51,123817,64081486.84
2025-09-23,MSUMI,EQ,INE0FS801015,MOTHERSON SUMI WRNG IND L,47.88,48.52,47.42,48.01,47.58,0.9,9956959,478033584.88
2025-09-23,MTNL,EQ,INE153A01019,MAHANAGAR TELEPHONE NIGAM,44.74,44.89,44.0,44.1,44.71,-1.36,1371276,60473269.51
2025-09-23,MUFIN,EQ,INE08KJ01020,MUFIN GREEN FINANCE LTD,86.09,87.84,86.09,87.1,86.15,1.1,155071,13506683.86
2025-09-23,MUFTI,EQ,INE220Q01020,CREDO BRANDS MARKETING L,116.15,116.94,115.01,115.32,116.28,-0.83,222999,25716244.61
2025-09-23,MUKANDLTD,EQ,INE304A01026,MUKAND LTD.,135.52,141.12,135.52,139.2,135.52,2.72,254055,35364455.22
2025-09-23,MULTICAP,EQ,INF769K01LX9,MIRAEAMC - MULTICAP,16.42,16.46,16.13,16.35,16.42,-0.43,530584,8675048.6
2025-09-23,MUNJALAU,EQ,INE672B01032,MUNJAL AUTO IND. LTD.,90.39,95.0,90.35,93.44,90.38,3.39,656288,61323552.32
2025-09-23,MUNJALSHOW,EQ,INE577A01027,MUNJAL SHOWA LTD,137.55,142.5,137.55,138.3,139.65,-0.97,36557,5055833.21
2025-09-23,MURUDCERA,EQ,INE692B01014,MURUDESHWAR CERAMICS LTD,44.2,44.2,43.04,43.34,43.17,0.39,7955,344769.7
2025-09-23,MUTHOOTCAP,EQ,INE296G01013,MUTHOOT CAP SERV LTD,282.95,287.4,280.95,285.0,282.05,1.05,16832,4797120.0
2025-09-23,MUTHOOTFIN,EQ,INE414G01012,MUTHOOT FINANCE LIMITED,3070.0,3078.1,3031.1,3060.8,3047.6,0.43,576185,1763587076.13
2025-09-23,MUTHOOTMF,EQ,INE046W01019,MUTHOOT MICROFIN LIMITED,169.0,169.85,165.0,165.75,167.84,-1.25,78210,12963307.5
2025-09-23,MVGJL,EQ,INE0KNT01012,MANOJ VAIBHAV GEM N JEW L,200.0,201.4,197.7,198.32,199.22,-0.45,73074,14492036.22
2025-09-23,MWL,EQ,INE0JYY01029,MANGALAM WORLDWIDE LTD,23.99,24.61,23.5,23.83,23.98,-0.65,234620,5589821.68
2025-09-23,NACLIND,EQ,INE295D01020,NACL INDUSTRIES LIMITED,228.85,231.95,219.5,224.65,229.4,-2.07,266865,59951220.62
2025-09-23,NAGREEKCAP,EQ,INE245I01016,NAGREEKA CAP & INFR.LTD,28.14,28.14,26.61,27.3,27.71,-1.48,3728,101774.4
2025-09-23,NAGREEKEXP,EQ,INE123B01028,NAGREEKA EXPORTS LTD.,35.5,35.5,33.0,33.34,34.81,-4.22,24015,800660.1
2025-09-23,NAHARCAP,EQ,INE049I01012,NAHAR CAP & FIN.,295.0,295.0,286.35,292.15,288.95,1.11,1193,348534.94
2025-09-23,NAHARINDUS,EQ,INE289A01011,NAHAR INDS ENT LTD,119.41,130.0,116.71,124.48,118.19,5.32,91031,11331539.19
2025-09-23,NAHARPOLY,EQ,INE308A01027,NAHAR POLY FILMS LIMITED,292.0,298.95,289.85,292.85,291.65,0.41,12900,3777765.08
2025-09-23,NAHARSPING,EQ,INE290A01027,NAHAR SPINNING MILLS LTD.,219.83,220.25,215.05,216.56,218.16,-0.73,10023,2170580.86
2025-09-23,NAM-INDIA,EQ,INE298J01013,NIPPON L I A M LTD,840.0,857.75,833.05,837.85,841.5,-0.43,663635,556026568.55
2025-09-23,NARMADA,EQ,INE117Z01029,NARMADA AGROBASE LIMITED,12.1,12.35,11.88,11.94,12.1,-1.36,242450,2894852.9
2025-09-23,NATCOPHARM,EQ,INE987B01026,NATCO PHARMA LTD.,865.05,868.2,853.4,855.5,864.5,-1.04,277366,237286613.0
2025-09-23,NATHBIOGEN,EQ,INE448G01010,NATH BIO-GENES (I) LTD,178.0,179.7,173.1,175.07,172.9,1.26,24196,4235993.9
2025-09-23,NATIONALUM,EQ,INE139A01034,NATIONAL ALUMINIUM CO LTD,210.9,211.88,207.3,208.84,210.94,-1.0,6350517,1326241947.02
2025-09-23,NAUKRI,EQ,INE663F01032,INFO EDGE (I) LTD,1422.8,1433.6,1389.0,1393.9,1417.7,-1.68,1526034,2127138829.86
2025-09-23,NAVA,EQ,INE725A01030,NAVA LIMITED,712.4,723.0,708.0,710.35,709.55,0.11,246646,175204980.08
2025-09-23,NAVINFLUOR,EQ,INE048G01026,NAVIN FLUORINE INT. LTD,4720.0,4799.0,4651.0,4691.7,4713.3,-0.46,86124,404067987.62
2025-09-23,NAVKARCORP,EQ,INE278M01019,NAVKAR CORPORATION LTD.,127.5,129.49,126.05,126.34,126.69,-0.28,344072,43470055.22
2025-09-23,NAVNETEDUL,EQ,INE060A01024,NAVNEET EDUCATION LTD,163.95,164.2,158.72,159.58,163.87,-2.62,274397,43788273.76
2025-09-23,NAZARA,EQ,INE418L01047,NAZARA TECHNOLOGIES LTD,277.25,278.5,273.92,276.05,276.12,-0.03,901508,248861272.4
2025-09-23,NBCC,EQ,INE095N01031,NBCC (INDIA) LIMITED,115.5,115.5,112.31,112.84,114.95,-1.84,8040918,907337157.67
2025-09-23,NBIFIN,EQ,INE365I01020,N.B.I. IND. FIN. CO. LTD,2550.6,2550.6,2503.0,2514.8,2550.6,-1.4,109,274113.21
2025-09-23,NCC,EQ,INE868B01028,NCC LIMITED,213.93,214.79,211.32,212.01,213.93,-0.9,1381772,292949474.13
2025-09-23,NCLIND,EQ,INE732C01016,NCL INDUSTRIES LIMITED,210.9,211.4,206.64,209.53,210.65,-0.53,75271,15771532.54
2025-09-23,NDGL,EQ,INE756C01015,NAGA DHUNSERI GROUP LTD,3789.5,3850.0,3730.0,3744.2,3789.5,-1.2,203,760072.59
2025-09-23,NDL,EQ,INE875G01048,NANDAN DENIM LIMITED,3.53,3.57,3.47,3.49,3.55,-1.69,1648207,5752242.45
2025-09-23,NDLVENTURE,EQ,INE353A01023,NDL VENTURES LIMITED,86.5,86.5,81.11,84.49,84.93,-0.52,37465,3165417.77
2025-09-23,NDRAUTO,EQ,INE07OG01012,NDR AUTO COMPONENTS LTD,1061.0,1113.6,1061.0,1082.7,1061.0,2.05,57587,62349442.09
2025-09-23,NDTV,EQ,INE155G01029,NDTV LTD,129.39,131.9,125.43,126.36,130.8,-3.39,211286,26698099.09
2025-09-23,NECLIFE,EQ,INE023H01027,NECTAR LIFESCIENCES LTD.,15.34,15.34,15.34,15.34,15.66,-2.04,21687,332678.58
2025-09-23,NELCAST,EQ,INE189I01024,NELCAST LIMITED,144.1,146.0,143.5,144.07,145.27,-0.83,66611,9596647.26
2025-09-23,NELCO,EQ,INE045B01015,NELCO LTD,884.45,896.5,879.0,884.0,877.45,0.75,85990,76015160.0
2025-09-23,NEOGEN,EQ,INE136S01016,NEOGEN CHEMICALS LIMITED,1548.8,1568.4,1534.6,1542.1,1559.9,-1.14,17471,26942028.67
2025-09-23,NESCO,EQ,INE317F01035,NESCO LTD.,1508.1,1512.3,1455.0,1473.0,1500.2,-1.81,55673,82006329.0
2025-09-23,NESTLEIND,EQ,INE239A01024,NESTLE INDIA LIMITED,1189.8,1194.5,1165.0,1168.4,1188.3,-1.67,2114020,2470021019.61
2025-09-23,NETF,EQ,INF277K015R5,TATAAML - NETF,273.29,273.29,271.0,271.08,271.25,-0.06,699,189484.91
2025-09-23,NETWEB,EQ,INE0NT901020,NETWEB TECH INDIA LTD,3535.0,3585.0,3355.4,3540.8,3535.4,0.15,4161875,14736367203.22
2025-09-23,NETWORK18,EQ,INE870H01013,NETWORK18 MEDIA & INV LTD,55.06,55.64,54.01,54.44,55.05,-1.11,3131668,170488001.62
2025-09-23,NEULANDLAB,EQ,INE794A01010,NEULAND LAB LTD.,15306.0,15459.0,14900.0,14985.0,15306.0,-2.1,33213,497696805.0
2025-09-23,NEWGEN,EQ,INE619B01017,NEWGEN SOFTWARE TECH LTD,898.1,899.1,881.7,884.2,898.1,-1.55,203983,180361771.09
2025-09-23,NEXT30ADD,EQ,INF740KA1VE5,DSPAMC - NEXT30ADD,39.83,39.83,39.39,39.45,39.59,-0.35,1256,49549.2
2025-09-23,NEXT50,EQ,INF769K01FN2,MIRAEAMC - MANXT50,721.26,721.26,711.49,714.66,717.8,-0.44,14015,10015959.52
2025-09-23,NEXT50IETF,EQ,INF109KC1NS5,ICICIPRAMC - ICICINXT50,73.9,73.9,72.74,73.07,73.25,-0.25,389705,28475744.23
2025-09-23,NEXTMEDIA,EQ,INE747B01016,NEXT MEDIAWORKS LIMITED,6.43,6.43,6.12,6.33,6.3,0.48,4028,25497.24
2025-09-23,NFL,EQ,INE870D01012,NATIONAL FERT. LTD,97.19,97.19,95.53,95.81,96.97,-1.2,747713,71638380.7
2025-09-23,NGIL,EQ,INE236Y01012,NAKODA GROUP OF IND. LTD,32.7,32.7,31.3,31.76,31.84,-0.25,18559,589433.84
2025-09-23,NGLFINE,EQ,INE887E01022,NGL FINE CHEM LIMITED,1423.0,1480.0,1394.8,1455.2,1423.0,2.26,1771,2577159.11
2025-09-23,NH,EQ,INE410P01011,NARAYANA HRUDAYALAYA LTD.,1747.5,1758.8,1726.1,1733.2,1739.3,-0.35,181344,314305411.95
2025-09-23,NHPC,EQ,INE848E01016,NHPC LTD,87.85,88.3,86.29,86.63,87.73,-1.25,11788276,1021218317.5
2025-09-23,NIACL,EQ,INE470Y01017,THE NEW INDIA ASSU CO LTD,200.0,200.0,195.44,196.14,198.89,-1.38,570211,111841185.19
2025-09-23,NIBE,EQ,INE149O01018,NIBE LIMITED,1369.7,1414.9,1369.7,1387.2,1357.0,2.23,74313,103086989.97
2025-09-23,NIBL,EQ,INE047O01014,NRB INDUS. BEARINGS LTD.,31.18,31.18,28.41,29.58,30.15,-1.89,45483,1345387.14
2025-09-23,NIF100BEES,EQ,INF204K014N5,NIP IND ETF NIFTY 100,273.98,274.82,272.65,273.74,273.45,0.11,5763,1577563.56
2025-09-23,NIF100IETF,EQ,INF109KC16V9,ICICI PRUD NIFTY 100 ETF,28.84,28.95,28.68,28.75,28.83,-0.28,57029,1639583.75
2025-09-23,NIFTY1,EQ,INF174K014P6,KOTAK NIFTY ETF,277.21,278.25,275.9,276.87,277.22,-0.13,29990,8303331.15
2025-09-23,NIFTYADD,EQ,INF740KA1CL0,DSPAMC - DSPNIFTY,264.23,264.23,261.8,262.7,262.92,-0.08,16309,4284374.5
2025-09-23,NIFTYAXIS,EQ,INF846K01W98,AXISAMC-NIFTYAXIS,276.23,277.0,275.69,276.46,276.22,0.09,1547,427683.61
2025-09-23,NIFTYBEES,EQ,INF204KB14I2,NIP IND ETF NIFTY BEES,285.39,285.39,283.01,284.35,284.49,-0.05,4375351,1244131083.56
2025-09-23,NIFTYBETF,EQ,INF0QA701722,BFAM - NIFTYBETF,257.29,259.0,256.16,257.06,257.29,-0.09,1992,512063.52
2025-09-23,NIFTYETF,EQ,INF769K01EG9,MIRAEAMC - MAN50ETF,272.59,272.59,270.5,271.14,271.71,-0.21,107595,29173309.88
2025-09-23,NIFTYIETF,EQ,INF109K012R6,ICICI PRUD NIFTY ETF,286.0,286.0,281.82,283.0,283.1,-0.04,429786,121629438.0
2025-09-23,NIFTYQLITY,EQ,INF209KB15K4,BIRLASLAMC - NIFTYQLITY,21.52,22.21,21.02,21.65,21.79,-0.64,54456,1178972.38
2025-09-23,NIITLTD,EQ,INE161A01038,NIIT LIMITED,110.79,112.0,109.11,109.4,110.71,-1.18,291246,31862312.84
2025-09-23,NIITMTS,EQ,INE342G01023,NIIT LEARNING SYSTEMS LTD,324.2,332.2,320.0,329.05,320.95,2.52,137076,45104856.13
2025-09-23,NILAINFRA,EQ,INE937C01029,NILA INFRASTRUCTURES LTD,10.35,10.42,10.14,10.29,10.27,0.19,385027,3961927.82
2025-09-23,NILASPACES,EQ,INE00S901012,NILA SPACES LIMITED,16.0,16.41,16.0,16.07,16.0,0.44,333349,5356918.33
2025-09-23,NILKAMAL,EQ,INE310A01015,NILKAMAL LIMITED,1580.5,1599.8,1566.6,1578.1,1578.1,0.0,3468,5472850.72
2025-09-23,NINSYS,EQ,INE395U01014,NINTEC SYSTEMS LIMITED,437.45,447.9,430.0,442.3,438.05,0.97,3821,1690028.25
2025-09-23,NIPPOBATRY,EQ,INE567A01028,INDO-NATIONAL LIMITED,476.85,480.6,468.05,469.9,477.3,-1.55,2222,1044117.79
2025-09-23,NIRAJ,EQ,INE368I01016,NIRAJ CEMENT STRUC LTD,46.76,46.76,45.63,45.79,46.11,-0.69,11084,507536.37
2025-09-23,NITCO,EQ,INE858F01012,NITCO LIMITED,117.56,119.8,115.55,116.02,117.56,-1.31,184013,21349187.64
2025-09-23,NITINSPIN,EQ,INE229H01012,NITIN SPINNERS LIMITED,346.1,348.1,343.25,345.25,346.85,-0.46,34338,11855194.5
2025-09-23,NITIRAJ,EQ,INE439T01012,NITIRAJ ENGINEERS LTD,210.05,210.2,206.0,206.44,210.09,-1.74,2109,435381.97
2025-09-23,NIVABUPA,EQ,INE995S01015,NIVA BUPA HEALTH INS CO L,82.71,82.84,81.35,81.73,82.84,-1.34,1455467,118955322.8
2025-09-23,NLCINDIA,EQ,INE589A01014,NLC INDIA LIMITED,265.5,277.45,260.11,276.09,264.25,4.48,9772198,2698006110.03
2025-09-23,NMDC,EQ,INE584A01023,NMDC LTD.,76.88,78.38,76.51,78.1,76.86,1.61,32011480,2500096539.15
2025-09-23,NOCIL,EQ,INE163A01018,NOCIL LIMITED,182.4,183.04,180.7,182.19,181.23,0.53,601769,109636295.58
2025-09-23,NOIDATOLL,EQ,INE781B01015,NOIDA TOLL BRIDGE CO LTD,4.16,4.49,4.16,4.41,4.38,0.68,48479,213792.38
2025-09-23,NORBTEAEXP,EQ,INE369C01017,NORBEN TEA & EXPORTS LTD,51.62,51.62,51.62,51.62,52.68,-2.01,2617,135089.54
2025-09-23,NORTHARC,EQ,INE850M01015,NORTHERN ARC CAPITAL LTD,279.2,283.53,276.06,279.1,279.16,-0.02,1097794,306394312.1
2025-09-23,NOVAAGRI,EQ,INE02H701025,NOVA AGRITECH LIMITED,51.3,51.3,50.2,50.34,50.53,-0.38,72210,3635051.41
2025-09-23,NPBET,EQ,INF277K010X4,TATAAML - NPBET,276.5,278.44,276.5,278.44,278.23,0.08,531,147851.64
2025-09-23,NPST,EQ,INE0FFK01017,NETWORK PEOPLE SRV TECH L,1961.3,2040.9,1960.0,1971.0,1960.4,0.54,17561,34612731.0
2025-09-23,NRAIL,EQ,INE740D01017,N R AGARWAL INDS LTD,386.4,398.95,363.85,368.85,386.2,-4.49,10740,3961449.07
2025-09-23,NRBBEARING,EQ,INE349A01021,NRB BEARING LIMITED,281.1,301.0,278.4,294.65,279.6,5.38,987931,291093863.12
2025-09-23,NSIL,EQ,INE023A01030,NALWA SONS INVESTMENT LTD,7151.0,7151.0,7020.5,7092.5,7068.0,0.35,3479,24674807.5
2025-09-23,NSLNISP,EQ,INE0NNS01018,NMDC STEEL LIMITED,46.68,47.82,46.12,47.1,46.61,1.05,6343048,298757551.12
2025-09-23,NTPC,EQ,INE733E01010,NTPC LTD,339.45,344.1,338.1,343.0,339.2,1.12,10738268,3683225924.0
2025-09-23,NTPCGREEN,EQ,INE0ONG01011,NTPC GREEN ENERGY LIMITED,103.84,103.94,102.8,103.01,103.83,-0.79,19539744,2012789071.18
2025-09-23,NUCLEUS,EQ,INE096B01018,NUCLEUS SOFTWARE EXPORTS,1030.0,1039.9,1005.0,1016.1,1029.9,-1.34,17819,18105885.46
2025-09-23,NUVAMA,EQ,INE531F01023,NUVAMA WEALTH MANAGE LTD,1260.0,1260.6,1231.0,1244.5,1256.1,-0.92,566075,704480337.5
2025-09-23,NUVOCO,EQ,INE118D01016,NUVOCO VISTAS CORP LTD,449.7,450.05,443.8,445.9,447.3,-0.31,110042,49067727.13
2025-09-23,NV20,EQ,INF174KA1ZE1,KOTAKMAMC - KTKNV20ETF,149.69,149.69,148.51,149.0,149.14,-0.09,7314,1089786.0
2025-09-23,NV20BEES,EQ,INF204KB18I3,NIP IND ETF ETF NV20,149.91,149.99,148.58,149.33,149.17,0.11,14269,2130789.8
2025-09-23,NV20IETF,EQ,INF109KC11V0,ICICI PRUDENTIAL NV20 ETF,14.36,14.81,14.36,14.55,14.55,0.0,199460,2902143.04
2025-09-23,NYKAA,EQ,INE388Y01029,FSN E COMMERCE VENTURES,243.1,243.56,237.1,237.71,242.4,-1.93,2661574,632682773.41
2025-09-23,OAL,EQ,INE959C01023,ORIENTAL AROMATICS LTD,352.65,352.65,345.7,347.2,352.15,-1.41,3081,1069723.24
2025-09-23,OBCL,EQ,INE426Z01016,OBCL LIMITED,57.5,58.55,56.16,56.83,57.7,-1.51,4767,270908.62
2025-09-23,OBEROIRLTY,EQ,INE093I01010,OBEROI REALTY LIMITED,1671.5,1677.8,1652.3,1666.0,1673.9,-0.47,379371,632032086.0
2025-09-23,ODIGMA,EQ,INE054301028,ODIGMA CONSULTANCY SOL L,54.4,54.4,53.28,53.28,56.09,-5.01,62793,3345610.96
2025-09-23,OFSS,EQ,INE881D01027,ORACLE FIN SERV SOFT LTD.,9098.0,9211.5,9035.0,9104.0,9056.5,0.52,130689,1189792656.0
2025-09-23,OIL,EQ,INE274J01014,OIL INDIA LTD,409.6,411.0,403.55,404.55,409.25,-1.15,1604703,649182579.06
2025-09-23,OILIETF,EQ,INF109KC18W3,ICICIPRAMC - OILIETF,11.55,11.65,11.4,11.46,11.52,-0.52,1758009,20146783.21
2025-09-23,OLAELEC,EQ,INE0LXG01040,OLA ELECTRIC MOBILITY LTD,58.1,59.2,57.55,58.24,58.01,0.4,16657850,970153211.96
2025-09-23,OLECTRA,EQ,INE260D01016,OLECTRA GREENTECH LIMITED,1663.0,1714.2,1651.0,1671.0,1661.4,0.58,1193379,1994136309.0
2025-09-23,OMAXAUTO,EQ,INE090B01011,OMAX AUTOS LTD,151.0,154.99,148.25,151.48,151.14,0.22,29676,4495320.35
2025-09-23,OMAXE,EQ,INE800H01010,OMAXE LIMITED,86.15,87.88,85.55,85.94,85.81,0.15,298684,25668903.69
2025-09-23,OMINFRAL,EQ,INE239D01028,OM INFRA LIMITED,129.7,144.0,126.01,129.75,121.82,6.51,3179745,412571913.75
2025-09-23,ONEPOINT,EQ,INE840Y01029,ONE POINT ONE SOL LTD,44.1,45.3,43.8,44.32,44.68,-0.81,298285,13219991.11
2025-09-23,ONESOURCE,EQ,INE013P01021,ONESOURCE SPECL PHARMA L,1809.9,1809.9,1767.5,1781.8,1801.9,-1.12,40958,72978966.4
2025-09-23,ONGC,EQ,INE213A01029,OIL AND NATURAL GAS CORP.,237.25,237.59,235.15,236.66,237.47,-0.34,7014239,1659989827.43
2025-09-23,ONIDA,EQ,INE831A01028,ONIDA ELECTRONICS LIMITED,28.31,28.93,28.0,28.06,28.99,-3.21,409552,11492028.9
2025-09-23,ONWARDTEC,EQ,INE229A01017,ONWARD TECHNOLOGIES LTD,308.55,311.65,305.65,309.25,310.1,-0.27,10569,3268463.25
2025-09-23,OPTIEMUS,EQ,INE350C01017,OPTIEMUS INFRACOM LTD,664.05,677.0,658.35,670.95,660.45,1.59,229439,153942099.85
2025-09-23,ORCHASP,EQ,INE215B01022,ORCHASP LIMITED,2.52,2.6,2.52,2.58,2.58,0.0,130816,337505.27
2025-09-23,ORCHPHARMA,EQ,INE191A01027,ORCHID PHARMA LIMITED,766.35,766.4,751.0,754.05,766.35,-1.61,58496,44108908.09
2025-09-23,ORICONENT,EQ,INE730A01022,ORICON ENTERPRISES LTD,54.48,54.48,53.5,53.68,54.02,-0.63,133737,7179002.2
2025-09-23,ORIENTALTL,EQ,INE998H01012,ORIENTAL TRIMEX LTD,10.3,10.46,10.3,10.33,10.34,-0.1,225147,2325768.49
2025-09-23,ORIENTBELL,EQ,INE607D01018,ORIENT BELL LIMITED,310.25,313.6,301.35,305.75,316.55,-3.41,7969,2436521.75
2025-09-23,ORIENTCEM,EQ,INE876N01018,ORIENT CEMENT LTD.,224.9,236.9,221.7,234.83,223.39,5.12,2295735,539107454.25
2025-09-23,ORIENTCER,EQ,INE569C01020,ORIENT CERATECH LIMITED,39.01,39.64,38.4,38.54,39.44,-2.28,38822,1496199.92
2025-09-23,ORIENTELEC,EQ,INE142Z01019,ORIENT ELECTRIC LIMITED,207.4,207.5,203.7,204.81,206.67,-0.9,89709,18373300.07
2025-09-23,ORIENTHOT,EQ,INE750A01020,ORIENT HOTELS LTD,136.01,137.35,135.5,136.21,136.66,-0.33,94306,12845420.89
2025-09-23,ORIENTPPR,EQ,INE592A01026,ORIENT PAPER AND INDS LTD,28.18,28.49,28.0,28.22,28.27,-0.18,339612,9583850.41
2025-09-23,ORIENTTECH,EQ,INE0PPK01015,ORIENT TECHNOLOGIES LTD,330.77,349.36,327.95,334.36,329.95,1.34,1183648,395768862.59
2025-09-23,ORISSAMINE,EQ,INE725E01024,ORISSA MIN DEV CO LTD,4846.0,5247.0,4812.5,5128.6,4842.5,5.91,97178,498387100.29
2025-09-23,ORTINGLOBE,EQ,INE749B01020,ORTIN GLOBAL LIMITED,12.0,12.0,12.0,12.0,12.0,0.0,500,6000.0
2025-09-23,OSWALAGRO,EQ,INE142A01012,OSWAL AGRO MILLS LTD,75.84,75.84,74.01,74.37,74.87,-0.67,57559,4280662.99
2025-09-23,OSWALGREEN,EQ,INE143A01010,OSWAL GREENTECH LIMITED,40.66,40.9,40.01,40.19,40.56,-0.91,119883,4818097.61
2025-09-23,OSWALPUMPS,EQ,INE0BYP01024,OSWAL PUMPS LIMITED,788.0,802.9,781.95,782.9,784.4,-0.19,247294,193606478.64
2025-09-23,OSWALSEEDS,EQ,INE00IK01029,SHREEOSWAL S AND CHE LTD,14.36,14.78,14.09,14.78,14.08,4.97,101266,1496711.45
2025-09-23,PAGEIND,EQ,INE761H01022,PAGE INDUSTRIES LTD,43595.0,43595.0,42600.0,42780.0,43405.0,-1.44,19571,837247380.0
2025-09-23,PAISALO,EQ,INE420C01059,PAISALO DIGITAL LIMITED,38.69,40.67,38.53,40.12,38.53,4.13,25680350,1030295614.57
2025-09-23,PAKKA,EQ,INE551D01018,PAKKA LIMITED,165.5,167.2,162.3,165.07,165.46,-0.24,106480,17576654.38
2025-09-23,PALASHSECU,EQ,INE471W01019,PALASH SECURITIES LTD,123.0,123.0,119.35,119.58,119.47,0.09,6281,751081.99
2025-09-23,PALREDTEC,EQ,INE218G01033,PALRED TECHNOLOGIES LTD,51.4,51.4,48.62,49.36,49.04,0.65,25879,1277387.46
2025-09-23,PANACEABIO,EQ,INE922B01023,PANACEA BIOTEC LTD,416.0,416.0,405.0,407.05,408.75,-0.42,156935,63880389.83
2025-09-23,PANAMAPET,EQ,INE305C01029,PANAMA PETROCHEM LTD,294.0,295.0,287.95,289.85,293.75,-1.33,61598,17854180.68
2025-09-23,PANSARI,EQ,INE697V01011,PANSARI DEVELOPERS LTD,259.95,270.0,253.45,262.45,262.9,-0.17,3207,841677.19
2025-09-23,PARACABLES,EQ,INE074B01023,PARAMOUNT COMM LTD,47.2,47.74,46.76,47.07,47.35,-0.59,425913,20047724.78
2025-09-23,PARADEEP,EQ,INE088F01024,PARADEEP PHOSPHATES LTD,178.5,179.05,173.08,173.74,178.31,-2.56,3358762,583551328.33
2025-09-23,PARAGMILK,EQ,INE883N01014,PARAG MILK FOODS LTD.,293.0,293.6,288.68,290.94,291.39,-0.15,722023,210065373.38
2025-09-23,PARAS,EQ,INE045601023,PARAS DEF AND SPCE TECH L,735.75,736.6,711.55,713.0,734.25,-2.89,517247,368797111.0
2025-09-23,PARASPETRO,EQ,INE162C01024,PARAS PETROFILS LTD.,2.49,2.56,2.46,2.47,2.46,0.41,115292,284771.24
2025-09-23,PARKHOTELS,EQ,INE988S01028,PARKHOTELS,156.11,156.75,154.0,154.36,156.24,-1.2,341668,52739872.69
2025-09-23,PASHUPATI,EQ,INE124Y01028,PASHUPATI COTSPIN LIMITED,70.16,72.3,69.81,71.96,70.46,2.13,27080,1948676.78
2025-09-23,PASUPTAC,EQ,INE818B01023,PASUPATI ACRYLON LIMITED,47.5,47.7,46.5,46.68,46.88,-0.43,55584,2594661.14
2025-09-23,PATANJALI,EQ,INE619A01035,PATANJALI FOODS LIMITED,596.5,603.3,596.5,599.8,597.4,0.4,2129544,1277300465.2
2025-09-23,PATELENG,EQ,INE244B01030,PATEL ENGINEERING LTD.,40.05,40.59,39.63,40.12,40.37,-0.62,2028687,81390920.27
2025-09-23,PATELRMART,EQ,INE0R8B01010,PATEL RETAIL LIMITED,242.0,252.35,236.8,244.0,240.2,1.58,775776,189289344.0
2025-09-23,PAVNAIND,EQ,INE07S101038,PAVNA INDUSTRIES LIMITED,36.6,42.5,36.5,39.8,36.8,8.15,1175505,46785098.1
2025-09-23,PAYTM,EQ,INE982J01020,ONE 97 COMMUNICATIONS LTD,1196.2,1203.9,1177.6,1179.4,1196.2,-1.4,1697633,2002188401.65
2025-09-23,PCBL,EQ,INE602A01031,PCBL CHEMICAL LIMITED,401.0,403.65,391.35,392.6,403.2,-2.63,826275,324395570.04
2025-09-23,PCJEWELLER,EQ,INE785M01021,PC JEWELLER LTD,13.86,13.94,13.35,13.48,13.67,-1.39,62184215,838243189.73
2025-09-23,PDMJEPAPER,EQ,INE865T01018,PUDUMJEE PAPER PRO. LTD,128.85,128.86,125.9,126.66,128.5,-1.43,61007,7727146.84
2025-09-23,PDSL,EQ,INE111Q01021,PDS LIMITED,350.0,350.0,336.7,339.65,346.85,-2.08,49329,16754594.55
2025-09-23,PEARLPOLY,EQ,INE844A01013,PEARL POLYMERS LTD,31.04,31.41,30.85,31.02,30.88,0.45,29211,906125.23
2025-09-23,PENIND,EQ,INE932A01024,PENNAR INDUSTRIES LTD,245.01,246.3,240.12,244.78,245.75,-0.39,723803,177172497.46
2025-09-23,PENINLAND,EQ,INE138A01028,PENINSULA LAND LIMITED,36.3,36.71,35.01,35.48,35.99,-1.42,357361,12679168.12
2025-09-23,PERSISTENT,EQ,INE262H01021,PERSISTENT SYSTEMS LTD,5275.5,5296.5,5194.5,5240.5,5271.0,-0.58,450288,2359734264.0
2025-09-23,PETRONET,EQ,INE347G01014,PETRONET LNG LIMITED,276.05,277.75,274.3,275.95,275.9,0.02,940038,259403497.58
2025-09-23,PFC,EQ,INE134E01011,POWER FIN CORP LTD.,409.1,415.0,409.1,412.9,408.85,0.99,4410834,1821233331.68
2025-09-23,PFIZER,EQ,INE182A01018,PFIZER LTD,5062.0,5100.5,5011.0,5026.0,5066.5,-0.8,13425,67474050.0
2025-09-23,PFOCUS,EQ,INE367G01038,PRIME FOCUS LIMITED,186.0,195.85,183.92,195.6,186.53,4.86,5276071,1031999519.8
2025-09-23,PFS,EQ,INE560K01014,PTC INDIA FIN SERV LTD,37.4,37.85,36.4,37.01,37.52,-1.36,495474,18337491.91
2025-09-23,PGEL,EQ,INE457L01029,PG ELECTROPLAST LTD,561.0,567.0,555.5,558.2,561.0,-0.5,1180388,658892596.01
2025-09-23,PGHH,EQ,INE179A01014,P&G HYGIENE & HEALTH CARE,13534.0,13598.0,13372.0,13408.0,13534.0,-0.93,8699,116636192.0
2025-09-23,PGHL,EQ,INE199A01012,PROCTER & GAMBLE HEALTH L,6237.0,6361.5,6237.0,6290.0,6251.0,0.62,10625,66831250.0
2025-09-23,PGIL,EQ,INE940H01022,PEARL GLOBAL IND LIMITED,688.45,692.55,672.5,679.2,688.45,-1.34,64926,44097739.99
2025-09-23,PHARMABEES,EQ,INF204KC1089,NIPPONAMC - NETFPHARMA,23.49,23.49,22.78,22.86,22.92,-0.26,2835787,64826092.55
2025-09-23,PHOENIXLTD,EQ,INE211B01039,THE PHOENIX MILLS LTD,1646.9,1646.9,1614.5,1626.5,1638.3,-0.72,466468,758710202.0
2025-09-23,PICCADIL,EQ,INE546C01010,PICCADILY AGRO INDUSTRI L,777.6,779.0,738.05,742.4,759.4,-2.24,158349,117558301.47
2025-09-23,PIDILITIND,EQ,INE318A01026,PIDILITE INDUSTRIES LTD,1534.0,1535.7,1482.7,1489.3,1519.0,-1.96,810500,1207077689.58
2025-09-23,PIGL,EQ,INE557Z01018,POWER INSTRUMENT (G) LTD,158.01,158.81,155.0,156.24,158.02,-1.13,102307,15984446.24
2025-09-23,PIIND,EQ,INE603J01030,PI INDUSTRIES LTD,3668.9,3681.0,3592.8,3625.8,3668.9,-1.17,184263,668100794.4
2025-09-23,PILANIINVS,EQ,INE417C01014,PILANI INV & IND COR LTD,5324.1,5350.0,5252.1,5309.5,5355.6,-0.86,2877,15275431.5
2025-09-23,PILITA,EQ,INE600A01035,PIL ITALICA LIFESTYLE LTD,14.21,14.65,14.13,14.2,14.27,-0.49,97289,1381503.78
2025-09-23,PIONEEREMB,EQ,INE156C01018,PIONEER EMBROIDERIES LTD,37.75,39.2,37.33,37.65,38.2,-1.44,7891,297096.16
2025-09-23,PITTIENG,EQ,INE450D01021,PITTI ENGINEERING LIMITED,1015.25,1022.0,995.0,1010.75,1015.25,-0.44,47076,47582067.0
2025-09-23,PIXTRANS,EQ,INE751B01018,PIX TRANSMISSIONS LIMITED,1437.1,1444.6,1422.1,1439.8,1437.1,0.19,9395,13526921.46
2025-09-23,PLASTIBLEN,EQ,INE083C01022,PLASTIBLENDS INDIA LTD,192.14,194.58,189.35,190.81,192.14,-0.69,6300,1202102.98
2025-09-23,PLATIND,EQ,INE0PT501018,PLATINUM INDUSTRIES LTD,313.45,328.1,307.55,325.1,313.25,3.78,854496,277796654.82
2025-09-23,PLAZACABLE,EQ,INE0INJ01017,PLAZA WIRES LIMITED,57.19,57.19,55.72,56.68,56.32,0.64,44528,2523847.05
2025-09-23,PNB,EQ,INE160A01022,PUNJAB NATIONAL BANK,113.09,114.09,112.43,113.43,113.04,0.35,12673502,1437555335.73
2025-09-23,PNBGILTS,EQ,INE859A01011,PNB GILTS LIMITED,102.01,103.45,101.51,102.18,102.38,-0.2,413735,42275442.43
2025-09-23,PNBHOUSING,EQ,INE572E01012,PNB HOUSING FIN LTD.,859.05,896.85,859.05,891.75,859.05,3.81,3932351,3506674004.25
2025-09-23,PNC,EQ,INE392B01011,PNC MEDIA AND ENT LTD,34.21,34.89,33.74,34.74,35.06,-0.91,9652,335310.5
2025-09-23,PNCINFRA,EQ,INE195J01029,PNC INFRATECH LTD.,309.9,309.9,304.2,305.9,307.85,-0.63,221145,67648254.15
2025-09-23,PNGJL,EQ,INE953R01016,P N GADGIL JEWELLERS LTD,635.0,635.95,622.25,624.7,633.9,-1.45,113829,71108977.69
2025-09-23,POCL,EQ,INE063E01061,PONDY OXIDES & CHEM LTD,532.0,532.0,513.2,516.52,524.84,-1.59,545670,281849479.06
2025-09-23,PODDARMENT,EQ,INE371C01013,PODDAR PIGMENTS LIMITED,284.55,289.7,282.1,286.85,284.05,0.99,1957,561365.46
2025-09-23,POKARNA,EQ,INE637C01025,POKARNA LIMITED,855.0,865.55,848.45,850.95,860.75,-1.14,33230,28277068.91
2025-09-23,POLICYBZR,EQ,INE417T01026,PB FINTECH LIMITED,1796.0,1810.3,1771.1,1801.6,1796.6,0.28,811647,1462263215.38
2025-09-23,POLYCAB,EQ,INE455K01017,POLYCAB INDIA LIMITED,7650.0,7697.0,7561.5,7620.0,7657.0,-0.48,317133,2416553460.0
2025-09-23,POLYMED,EQ,INE205C01021,POLY MEDICURE LIMITED,1956.2,1964.8,1931.6,1952.9,1956.2,-0.17,74268,145037979.01
2025-09-23,POLYPLEX,EQ,INE633B01018,POLYPLEX CORPORATION LTD,1062.3,1094.9,1061.6,1085.4,1065.2,1.9,74180,80514973.81
2025-09-23,PONNIERODE,EQ,INE838E01017,PONNIE SUGARS (ERODE) LTD,290.0,304.8,288.0,292.05,290.7,0.46,21282,6215407.84
2025-09-23,POONAWALLA,EQ,INE511C01022,POONAWALLA FINCORP LTD,485.95,489.4,478.45,482.95,484.45,-0.31,1123046,542375079.41
2025-09-23,POWERGRID,EQ,INE752E01010,POWER GRID CORP. LTD.,288.65,289.0,285.4,288.6,286.65,0.68,13619147,3930485907.32
2025-09-23,POWERINDIA,EQ,INE07Y701011,HITACHI ENERGY INDIA LTD,19206.0,19520.0,18878.0,18995.0,19086.0,-0.48,98133,1864036335.0
2025-09-23,POWERMECH,EQ,INE211R01019,POWER MECH PROJECTS LTD.,3006.0,3009.0,2850.0,2869.4,3004.3,-4.49,117358,336747033.74
2025-09-23,PPLPHARMA,EQ,INE0DK501011,PIRAMAL PHARMA LIMITED,202.6,203.42,199.51,200.03,202.71,-1.32,2198637,439793356.43
2025-09-23,PRABHA,EQ,INE0I0M01023,PRABHA ENERGY LIMITED,219.7,231.44,211.4,223.04,210.4,6.01,183163,40852674.29
2025-09-23,PRAENG,EQ,INE505C01016,PRAJAY ENG. SYN. LTD.,24.47,24.58,23.55,24.11,24.29,-0.74,83251,2007181.66
2025-09-23,PRAJIND,EQ,INE074A01025,PRAJ INDUSTRIES LTD,383.0,384.5,379.2,380.35,381.95,-0.42,662685,252052243.79
2025-09-23,PRAKASH,EQ,INE603A01013,PRAKASH INDUSTRIES LTD,167.9,171.83,166.5,168.02,167.21,0.48,1616156,271546538.02
2025-09-23,PRAKASHSTL,EQ,INE696K01024,PRAKASH STEELAGE LTD,5.6,5.7,5.52,5.58,5.6,-0.36,119140,664801.19
2025-09-23,PRAXIS,EQ,INE546Y01022,PRAXIS HOME RETAIL LTD,12.32,12.32,12.32,12.32,12.58,-2.07,66276,816520.3
2025-09-23,PRECAM,EQ,INE484I01029,PRECISION CAMSHAFTS LTD.,219.8,222.28,212.13,214.7,218.41,-1.7,635341,136407710.76
2025-09-23,PRECOT,EQ,INE283A01014,PRECOT LIMITED,492.0,493.5,462.7,469.95,474.7,-1.0,2122,997233.93
2025-09-23,PRECWIRE,EQ,INE372C01037,PRECISION WIRES INDIA LTD,180.85,183.0,179.52,180.11,180.81,-0.39,128861,23209154.79
2025-09-23,PREMEXPLN,EQ,INE863B01029,PREMIER EXPLOSIVES LTD,595.0,596.65,579.6,588.35,595.65,-1.23,454146,267196788.01
2025-09-23,PREMIERENE,EQ,INE0BS701011,PREMIER ENERGIES LIMITED,1025.8,1025.8,1003.7,1012.35,1027.0,-1.43,585032,592257130.92
2025-09-23,PREMIERPOL,EQ,INE309M01020,PREMIER POLYFILM LTD,47.5,48.35,46.81,47.33,47.71,-0.8,143320,6783335.86
2025-09-23,PRESTIGE,EQ,INE811K01011,PRESTIGE ESTATE LTD,1615.5,1625.9,1600.0,1604.9,1617.4,-0.77,507009,813698756.48
2025-09-23,PRICOLLTD,EQ,INE726V01018,PRICOL LIMITED,543.3,556.0,542.45,544.0,541.3,0.5,309708,168481152.0
2025-09-23,PRIMESECU,EQ,INE032B01021,PRIME SECURITIES LIMITED,253.75,261.7,248.0,258.25,254.95,1.29,63456,16387512.0
2025-09-23,PRIMO,EQ,INE607A01022,PRIMO CHEMICALS LIMITED,25.99,25.99,25.43,25.71,25.94,-0.89,37346,960165.63
2025-09-23,PRINCEPIPE,EQ,INE689W01016,PRINCE PIPES FITTINGS LTD,342.6,351.45,340.25,344.95,341.15,1.11,575030,198356605.52
2025-09-23,PRITI,EQ,INE974Z01015,PRITI INTERNATIONAL LTD,76.49,76.49,73.01,74.61,74.79,-0.24,18766,1400131.27
2025-09-23,PRIVISCL,EQ,INE959A01019,PRIVI SPECIALITY CHE LTD,2432.0,2451.0,2401.0,2444.3,2423.7,0.85,29751,72720370.75
2025-09-23,PROSTARM,EQ,INE0BX301013,PROSTARM INFO SYSTEMS LTD,210.0,210.0,203.52,206.22,209.83,-1.72,628175,129542249.27
2025-09-23,PROTEAN,EQ,INE004A01022,PROTEAN EGOV TECHNO LTD,890.8,901.75,882.0,893.85,883.95,1.12,294200,262970662.82
2025-09-23,PROZONER,EQ,INE195N01013,PROZONE REALTY LIMITED,48.64,49.95,48.25,48.47,48.64,-0.35,619494,30026874.94
2025-09-23,PRSMJOHNSN,EQ,INE010A01011,PRISM JOHNSON LIMITED,166.21,172.0,163.1,168.28,165.37,1.76,788823,132743133.48
2025-09-23,PRUDENT,EQ,INE00F201020,PRUDENT CORP ADV SER LTD,2865.0,2912.9,2785.1,2802.6,2884.7,-2.85,28461,79764801.38
2025-09-23,PSB,EQ,INE608A01012,PUNJAB & SIND BANK,30.04,30.24,29.65,30.03,30.04,-0.03,1354673,40680831.12
2025-09-23,PSPPROJECT,EQ,INE488V01015,PSP PROJECTS LIMITED,760.4,792.0,756.35,783.2,767.4,2.06,121606,95241820.68
2025-09-23,PSUBANK,EQ,INF174KA1A86,KOTAK PSU BANK,737.85,748.16,730.3,744.11,737.85,0.85,25608,19055168.5
2025-09-23,PSUBANKADD,EQ,INF740KA1SY9,DSPAMC - DSPPSBKETF,73.78,75.2,73.44,74.97,74.21,1.02,167751,12576292.67
2025-09-23,PSUBNKBEES,EQ,INF204KB16I7,NIP IND ETF PSU BANK BEES,82.9,83.36,81.51,83.03,82.22,0.99,2880132,239137356.44
2025-09-23,PSUBNKIETF,EQ,INF109KC10S8,ICICIPRAMC - PSUBANKICI,74.47,75.6,73.85,75.4,74.41,1.33,1419180,107006174.17
2025-09-23,PTC,EQ,INE877F01012,PTC INDIA LIMITED,174.09,174.3,172.0,172.3,173.73,-0.82,843765,145380712.07
2025-09-23,PTCIL,EQ,INE596F01018,PTC INDUSTRIES LIMITED,15211.0,15364.0,15079.0,15221.0,15211.0,0.07,9543,145254003.0
2025-09-23,PTL,EQ,INE034D01049,PTL ENTERPRISES LTD,39.99,40.7,39.81,40.41,39.94,1.18,92647,3743865.26
2025-09-23,PUNJABCHEM,EQ,INE277B01014,PUNJAB CHEM & CROP PROT L,1299.8,1299.8,1261.2,1277.8,1287.3,-0.74,11953,15273543.98
2025-09-23,PURVA,EQ,INE323I01011,PURAVANKARA LIMITED,270.5,274.8,267.35,273.0,270.45,0.94,143125,39073125.0
2025-09-23,PVP,EQ,INE362A01016,PVP VENTURES LIMITED,28.47,29.0,28.0,28.36,28.49,-0.46,92158,2613600.94
2025-09-23,PVRINOX,EQ,INE191H01014,PVR INOX LIMITED,1112.5,1119.9,1100.0,1115.2,1108.0,0.65,302370,337203009.24
2025-09-23,PVSL,EQ,INE772T01024,POPULAR VEHICLES N SER L,143.0,152.0,141.45,148.11,138.68,6.8,611980,90640358.17
2025-09-23,PVTBANIETF,EQ,INF109KC18U7,ICICIPRAMC - ICICIBANKP,26.43,27.3,26.43,27.25,27.11,0.52,336495,9169488.75
2025-09-23,PVTBANKADD,EQ,INF740KA1TA7,DSPAMC - DSPPVBKETF,27.35,27.48,27.12,27.45,27.32,0.48,143614,3942204.41
2025-09-23,PYRAMID,EQ,INE0MIS01010,PYRAMID TECHNOPLAST LTD,164.5,170.4,164.5,166.05,165.77,0.17,14073,2336821.69
2025-09-23,QGOLDHALF,EQ,INF082J01408,QUANTUM GOLD ETF,90.75,95.18,90.75,95.0,93.08,2.06,202375,19225625.0
2025-09-23,QNIFTY,EQ,INF082J01499,QUANTUM NIFTY 50 ETF,2752.01,2756.0,2740.01,2748.0,2751.06,-0.11,572,1571856.0
2025-09-23,QPOWER,EQ,INE0SII01026,QUALITY POWER ELEC EQUP L,999.85,1054.9,992.0,1046.65,998.25,4.85,970230,1015491253.19
2025-09-23,QUADFUTURE,EQ,INE0LRY01011,QUADRANT FUTURE TEK LTD,426.7,431.75,420.1,421.9,426.05,-0.97,121773,51376027.96
2025-09-23,QUAL30IETF,EQ,INF109KC18V5,ICICIPRAMC - ICICIQTY30,21.69,21.69,21.37,21.45,21.59,-0.65,75569,1620955.11
2025-09-23,QUESS,EQ,INE615P01015,QUESS CORP LIMITED,265.7,265.7,260.6,261.6,263.05,-0.55,183892,48106148.32
2025-09-23,QUICKHEAL,EQ,INE306L01010,QUICK HEAL TECH LTD,329.1,330.6,324.2,325.75,328.1,-0.72,102203,33292627.25
2025-09-23,RACE,EQ,INE084Q01012,RACE ECO CHAIN LIMITED,246.0,246.0,232.35,233.96,236.2,-0.95,26657,6236671.9
2025-09-23,RACLGEAR,EQ,INE704B01017,RACL GEARTECH LIMITED,924.0,947.85,911.45,942.35,914.35,3.06,13320,12552101.67
2025-09-23,RADAAN,EQ,INE874F01027,RADAAN MEDIAWORKS (I) LTD,3.57,3.67,3.57,3.58,3.57,0.28,6773,24247.34
2025-09-23,RADIANTCMS,EQ,INE855R01021,RADIANT CASH MGMT SER LTD,55.15,56.43,55.15,55.96,55.95,0.02,65073,3641485.02
2025-09-23,RADICO,EQ,INE944F01028,RADICO KHAITAN LTD,3030.7,3034.0,2946.8,2957.6,3027.6,-2.31,125042,369824231.41
2025-09-23,RADIOCITY,EQ,INE919I01024,MUSIC BROADCAST LIMITED,9.0,9.0,8.66,8.87,8.88,-0.11,85921,762119.26
2025-09-23,RAILTEL,EQ,INE0DD101019,RAILTEL CORP OF IND LTD,387.35,387.4,380.2,382.45,387.45,-1.29,867746,331869468.29
2025-09-23,RAIN,EQ,INE855B01025,RAIN INDUSTRIES LIMITED,137.65,138.35,135.1,136.05,137.58,-1.11,959729,130571133.38
2025-09-23,RAINBOW,EQ,INE961O01016,RAINBOW CHILDRENS MED LTD,1416.2,1419.0,1393.0,1413.8,1409.5,0.31,173220,244898444.46
2025-09-23,RAJMET,EQ,INE00KV01022,RAJNANDINI METAL LIMITED,4.74,4.8,4.64,4.66,4.72,-1.27,399036,1859507.7
2025-09-23,RAJRATAN,EQ,INE451D01029,RAJRATAN GLOBAL WIRE LTD,349.7,356.0,346.5,347.55,348.75,-0.34,46778,16257693.33
2025-09-23,RAJSREESUG,EQ,INE562B01019,RAJSHREE SUGAR & CHEMICAL,41.85,42.24,40.7,40.76,41.4,-1.55,34987,1426070.06
2025-09-23,RAJTV,EQ,INE952H01027,RAJ TV NETWORK LTD,41.69,42.0,40.5,41.43,41.69,-0.62,6249,258896.07
2025-09-23,RALLIS,EQ,INE613A01020,RALLIS INDIA LTD,330.0,340.0,327.05,328.55,327.35,0.37,1658838,545011204.65
2025-09-23,RAMANEWS,EQ,INE278B01020,SHREE RAMA NEWSPRINT LTD,33.0,34.6,32.49,32.86,33.13,-0.81,572020,18796577.55
2025-09-23,RAMAPHO,EQ,INE809A01032,RAMA PHOSPHATES LIMITED,150.0,150.0,145.0,145.99,151.2,-3.45,25376,3704642.38
2025-09-23,RAMCOCEM,EQ,INE331A01037,THE RAMCO CEMENTS LIMITED,1051.0,1069.5,1044.0,1045.0,1044.4,0.06,282944,295676480.0
2025-09-23,RAMCOIND,EQ,INE614A01028,RAMCO INDUSTRIES LIMITED,390.8,390.8,378.1,385.15,389.8,-1.19,241081,92852345.68
2025-09-23,RAMCOSYS,EQ,INE246B01019,RAMCO SYSTEMS LTD.,519.45,528.7,502.5,506.75,510.75,-0.78,70000,35472500.0
2025-09-23,RAMKY,EQ,INE874I01013,RAMKY INFRA LTD,615.5,618.35,607.0,615.0,614.95,0.01,132900,81733500.0
2025-09-23,RAMRAT,EQ,INE207E01023,RAM RATNA WIRES LIMITED,327.4,329.95,319.8,321.65,327.4,-1.76,90206,29014759.35
2025-09-23,RANASUG,EQ,INE625B01014,RANA SUGARS LTD.,14.65,14.67,14.15,14.47,14.59,-0.82,286792,4149880.32
2025-09-23,RANEHOLDIN,EQ,INE384A01010,RANE HOLDINGS LIMITED,1496.5,1613.9,1496.5,1592.9,1504.0,5.91,60086,95710990.87
2025-09-23,RATEGAIN,EQ,INE0CLI01024,RATEGAIN TRAVEL TECHN LTD,661.2,669.2,650.25,665.45,657.9,1.15,451670,300563807.01
2025-09-23,RATNAMANI,EQ,INE703B01027,RATNAMANI MET & TUB LTD.,2425.0,2489.0,2381.1,2450.1,2415.4,1.44,35086,85964212.03
2025-09-23,RATNAVEER,EQ,INE05CZ01011,RATNAVEER PRECISION ENG L,144.39,148.8,140.58,146.8,142.79,2.81,809576,118845759.27
2025-09-23,RAYMOND,EQ,INE301A01014,RAYMOND LTD,620.95,641.9,619.4,624.7,618.6,0.99,443581,277105056.11
2025-09-23,RAYMONDLSL,EQ,INE02ID01020,RAYMOND LIFESTYLE LIMITED,1248.0,1291.9,1227.3,1267.2,1252.7,1.16,136973,173572178.91
2025-09-23,RAYMONDREL,EQ,INE1SY401010,RAYMOND REALTY LIMITED,679.15,679.15,643.75,648.6,672.3,-3.53,189257,122752085.58
2025-09-23,RBA,EQ,INE07T201019,RESTAURANT BRAND ASIA LTD,83.43,84.09,81.15,82.26,83.43,-1.4,1852724,152405080.2
2025-09-23,RBLBANK,EQ,INE976G01028,RBL BANK LIMITED,270.55,274.35,266.5,268.95,269.7,-0.28,7932080,2133333012.83
2025-09-23,RCF,EQ,INE027A01015,RASHTRIYA CHEMICALS & FER,152.0,152.5,150.33,151.39,151.9,-0.34,947018,143369054.44
2025-09-23,RECLTD,EQ,INE020B01018,REC LIMITED,384.6,389.4,383.95,386.7,384.0,0.7,5784348,2236807442.21
2025-09-23,REDINGTON,EQ,INE891D01026,REDINGTON LIMITED,291.5,292.48,283.27,285.03,290.2,-1.78,3327492,948435040.7
2025-09-23,REDTAPE,EQ,INE0LXT01019,REDTAPE LIMITED,155.8,159.0,153.57,157.8,154.85,1.91,919654,145121404.01
2025-09-23,REFEX,EQ,INE056I01025,REFEX INDUSTRIES LIMITED,348.0,404.4,343.55,390.35,338.05,15.47,17505957,6833450421.8
2025-09-23,REGAAL,EQ,INE0MHO01029,REGAAL RESOURCES LIMITED,102.94,103.49,99.43,99.93,102.7,-2.7,968270,96759221.4
2025-09-23,REGENCERAM,EQ,INE277C01012,REGENCY CERAMICS LTD.,43.0,46.0,41.75,42.25,44.05,-4.09,72169,3049140.25
2025-09-23,RELAXO,EQ,INE131B01039,RELAXO FOOT LTD.,465.3,467.85,453.85,455.2,465.3,-2.17,181167,82467220.61
2025-09-23,RELCHEMQ,EQ,INE750D01016,RELIANCE CHEMOTEX IND LTD,162.0,163.45,158.0,159.51,160.63,-0.7,5329,850028.76
2025-09-23,RELIABLE,EQ,INE375Y01018,RELIABLE DATA SERVICE LTD,127.99,127.99,122.0,124.99,124.58,0.33,10092,1261399.06
2025-09-23,RELIANCE,EQ,INE002A01018,RELIANCE INDUSTRIES LTD,1391.0,1395.0,1376.8,1389.8,1390.6,-0.06,14014702,19477633523.91
2025-09-23,RELIGARE,EQ,INE621H01010,RELIGARE ENTER. LTD.,248.74,264.5,247.34,263.45,248.73,5.92,6104050,1608112047.01
2025-09-23,RELTD,EQ,INE206N01018,RAVINDRA ENERGY LIMITED,181.8,182.8,172.63,173.75,181.72,-4.39,321440,55850200.0
2025-09-23,REMSONSIND,EQ,INE474C01023,REMSONS INDUSTRIES LTD,127.18,138.78,127.18,133.14,126.93,4.89,1366077,181879490.95
2025-09-23,RENUKA,EQ,INE087H01022,SHREE RENUKA SUGARS LTD,31.77,31.9,31.0,31.4,31.77,-1.16,3491308,109627069.87
2025-09-23,REPCOHOME,EQ,INE612J01015,REPCO HOME FINANCE LTD,368.0,376.8,366.1,369.55,369.5,0.01,109970,40639412.16
2025-09-23,REPRO,EQ,INE461B01014,REPRO INDIA LIMITED,447.9,453.15,447.0,448.7,447.9,0.18,51518,23116127.23
2025-09-23,RESPONIND,EQ,INE688D01026,RESPONSIVE INDUSTRIES LTD,198.05,201.9,196.27,197.47,198.3,-0.42,32763,6469709.65
2025-09-23,RETAIL,EQ,INE03DD01011,JHS SVENDGAARD RETAIL V L,37.17,38.5,36.5,36.68,37.17,-1.32,20715,759826.21
2025-09-23,RGL,EQ,INE722H01024,RENAISSANCE GLOBAL LTD,121.26,121.75,118.8,121.04,120.84,0.17,179745,21756334.96
2025-09-23,RHIM,EQ,INE743M01012,RHI MAGNESITA INDIA LTD,476.9,478.2,470.5,472.05,476.1,-0.85,119091,56216905.1
2025-09-23,RHL,EQ,INE508K01013,ROBUST HOTELS LIMITED,270.0,270.0,254.1,255.05,264.5,-3.57,12078,3080493.94
2025-09-23,RICOAUTO,EQ,INE209B01025,RICO AUTO INDUSTRIES LTD,104.34,107.5,103.16,103.57,104.43,-0.82,1273171,131862320.08
2025-09-23,RIIL,EQ,INE046A01015,RELIANCE INDUSTRIAL INFRA,910.0,929.6,903.55,911.7,907.2,0.5,144620,131850055.77
2025-09-23,RISHABH,EQ,INE0N2P01017,RISHABH INSTRUMENTS LTD,401.65,420.95,395.0,420.95,400.95,4.99,33958,14294620.51
2025-09-23,RITCO,EQ,INE01EG01016,RITCO LOGISTICS LIMITED,270.85,272.75,267.85,269.9,271.95,-0.75,31534,8511026.41
2025-09-23,RITES,EQ,INE320J01015,RITES LIMITED,264.7,267.23,260.4,260.91,264.52,-1.36,560162,146151869.47
2025-09-23,RKDL,EQ,INE722J01012,RAVI KUMAR DIST. LTD.,29.26,29.49,28.5,28.68,28.74,-0.21,24387,699419.17
2025-09-23,RKEC,EQ,INE786W01010,RKEC PROJECTS LIMITED,69.32,81.5,69.23,78.02,69.23,12.7,759975,59293246.95
2025-09-23,RKFORGE,EQ,INE399G01023,RAMKRISHNA FORGINGS LTD,560.0,565.0,549.2,563.8,555.6,1.48,405554,228651340.25
2025-09-23,RKSWAMY,EQ,INE0NQ801033,R K SWAMY LIMITED,158.0,158.02,154.0,154.7,157.08,-1.52,66871,10344943.5
2025-09-23,RML,EQ,INE050H01012,RANE (MADRAS) LIMITED,840.3,865.0,836.0,856.8,840.3,1.96,28236,24192604.46
2025-09-23,ROHLTD,EQ,INE283H01019,ROYAL ORCHID HOTELS LTD,513.95,553.8,504.9,545.75,513.35,6.31,635201,346660945.75
2025-09-23,ROLEXRINGS,EQ,INE645S01024,ROLEX RINGS LIMITED,138.97,138.97,137.3,137.73,138.55,-0.59,277560,38228337.61
2025-09-23,ROML,EQ,INE294G01026,RAJ OIL MILLS LIMITED,48.41,50.6,48.0,48.74,48.41,0.68,7669,373787.07
2025-09-23,ROSSARI,EQ,INE02A801020,ROSSARI BIOTECH LIMITED,659.65,664.1,649.4,654.4,659.65,-0.8,33537,21946613.62
2025-09-23,ROSSELLIND,EQ,INE847C01020,ROSSELL INDIA LIMITED,65.47,67.1,64.1,65.27,65.47,-0.31,27777,1813004.7
2025-09-23,ROSSTECH,EQ,INE0OJW01016,ROSSELL TECHSYS LIMITED,798.2,808.0,772.85,779.15,794.05,-1.88,143673,111942821.46
2025-09-23,ROTO,EQ,INE535D01037,ROTO PUMPS LIMITED,81.9,81.91,80.07,81.05,81.1,-0.06,159678,12941902.39
2025-09-23,ROUTE,EQ,INE450U01017,ROUTE MOBILE LIMITED,845.3,850.0,839.0,845.65,841.1,0.54,88423,74774912.11
2025-09-23,RPEL,EQ,INE912T01018,RAGHAV PRODUCTIVITY ENH L,692.5,692.5,677.7,681.5,682.25,-0.11,9226,6287519.0
2025-09-23,RPGLIFE,EQ,INE105J01010,RPG LIFE SCIENCES LTD,2419.0,2432.1,2383.0,2404.3,2404.0,0.01,11119,26733412.24
2025-09-23,RPOWER,EQ,INE614G01033,RELIANCE POWER LTD.,48.99,49.03,47.61,47.84,48.83,-2.03,10414579,498233460.95
2025-09-23,RPPINFRA,EQ,INE324L01013,R.P.P INFRA PROJECTS LTD,138.1,139.5,134.3,137.03,136.75,0.2,99126,13583235.66
2025-09-23,RPSGVENT,EQ,INE425Y01011,RPSG VENTURES LIMITED,881.1,885.75,868.05,875.55,890.0,-1.62,19445,17025069.51
2025-09-23,RPTECH,EQ,INE0J1F01024,RASHI PERIPHERALS LIMITED,321.3,336.0,315.6,332.75,321.3,3.56,579982,192989010.5
2025-09-23,RRKABEL,EQ,INE777K01022,R R KABEL LIMITED,1295.0,1345.8,1277.8,1292.9,1267.2,2.03,725623,938157994.42
2025-09-23,RSSOFTWARE,EQ,INE165B01029,R. S. SOFTWARE (INDIA) LI,82.0,82.0,78.18,80.7,78.18,3.22,59759,4822551.12
2025-09-23,RSYSTEMS,EQ,INE411H01032,R SYS INTERNATIONAL LTD,431.1,432.95,425.1,428.1,429.4,-0.3,144268,61761131.68
2025-09-23,RTNINDIA,EQ,INE834M01019,RATTANINDIA ENT LIMITED,55.98,56.24,54.92,55.15,55.77,-1.11,2604891,143659742.62
2025-09-23,RTNPOWER,EQ,INE399K01017,RATTANINDIA POWER LIMITED,12.25,12.27,12.02,12.09,12.24,-1.23,11952463,144505279.49
2025-09-23,RUBFILA,EQ,INE642C01025,RUBFILA INTERNATIONAL LTD,83.01,84.29,82.2,83.53,83.65,-0.14,36354,3036649.58
2025-09-23,RUBYMILLS,EQ,INE301D01026,THE RUBY MILLS LTD,235.9,235.9,231.8,232.37,233.88,-0.65,10346,2404099.97
2025-09-23,RUCHINFRA,EQ,INE413B01023,RUCHI INFRASTRUCTURE LTD,8.04,8.04,7.67,7.93,7.88,0.63,137492,1090311.54
2025-09-23,RUCHIRA,EQ,INE803H01014,RUCHIRA PAPERS LIMITED,164.59,165.29,157.5,159.6,164.58,-3.03,227634,36330387.79
2025-09-23,RUPA,EQ,INE895B01021,RUPA & COMPANY LTD,204.45,205.1,200.91,203.03,203.51,-0.24,65506,13299683.1
2025-09-23,RUSHIL,EQ,INE573K01025,RUSHIL DECOR LIMITED,32.5,32.6,30.68,31.19,32.18,-3.08,959001,29911241.7
2025-09-23,RUSTOMJEE,EQ,INE263M01029,KEYSTONE REALTORS LIMITED,624.0,630.0,607.55,624.8,624.0,0.13,116163,72578640.98
2025-09-23,RVHL,EQ,INE09E501017,RAVINDER HEIGHTS LIMITED,56.0,58.45,56.0,56.28,58.08,-3.1,7774,437520.71
2025-09-23,RVNL,EQ,INE415G01027,RAIL VIKAS NIGAM LIMITED,362.0,365.0,354.55,357.6,358.9,-0.36,6674464,2386788367.14
2025-09-23,RVTH,EQ,INE0DAB01012,REVATHI EQUIPMENT INDIA L,1241.8,1241.8,1161.0,1241.8,1182.7,5.0,21129,26237993.23
2025-09-23,S&SPOWER,EQ,INE902B01017,S&S POWER SWITCHGEARS LTD,384.3,404.35,383.75,402.8,385.1,4.6,8558,3447162.3
2025-09-23,SADBHAV,EQ,INE226H01026,SADBHAV ENGINEERING LTD,13.19,13.38,13.01,13.24,13.19,0.38,109954,1455790.93
2025-09-23,SADBHIN,EQ,INE764L01010,SADBHAV INFRA PROJ LTD.,3.92,3.96,3.8,3.85,3.95,-2.53,191708,738075.78
2025-09-23,SAFARI,EQ,INE429E01023,SAFARI IND (INDIA) LTD,2249.4,2250.2,2191.0,2204.0,2252.2,-2.14,12278,27060712.0
2025-09-23,SAGARDEEP,EQ,INE976T01013,SAGARDEEP ALLOYS LIMITED,26.54,26.98,26.16,26.66,26.53,0.49,6858,182834.28
2025-09-23,SAGCEM,EQ,INE229C01021,SAGAR CEMENTS LIMITED,274.75,278.4,271.65,272.95,274.85,-0.69,46762,12763688.47
2025-09-23,SAGILITY,EQ,INE0W2G01015,SAGILITY LIMITED,45.0,45.55,44.32,44.61,44.89,-0.62,19288038,860439386.95
2025-09-23,SAHYADRI,EQ,INE280H01015,SAHYADRI INDUSTRIES LTD,270.42,270.42,262.2,263.72,271.98,-3.04,4865,1282997.81
2025-09-23,SAIL,EQ,INE114A01011,STEEL AUTHORITY OF INDIA,135.49,137.75,134.9,137.3,135.49,1.34,10743591,1475095077.09
2025-09-23,SAILIFE,EQ,INE570L01029,SAI LIFE SCIENCES LIMITED,876.9,902.0,876.9,892.25,874.3,2.05,548523,489419646.75
2025-09-23,SAKAR,EQ,INE732S01012,SAKAR HEALTHCARE LIMITED,336.25,363.75,336.25,363.75,346.45,4.99,61288,22293510.0
2025-09-23,SAKHTISUG,EQ,INE623A01011,SAKTHI SUGARS LTD,22.28,22.45,22.1,22.23,22.28,-0.22,109777,2440342.66
2025-09-23,SAKSOFT,EQ,INE667G01023,SAKSOFT LIMITED,210.1,218.9,210.1,215.42,210.9,2.14,368593,79402303.39
2025-09-23,SAKUMA,EQ,INE190H01024,SAKUMA EXPORTS LIMITED,2.58,2.6,2.56,2.58,2.58,0.0,1004090,2590552.12
2025-09-23,SALASAR,EQ,INE170V01027,SALASAR TECHNO ENGG. LTD.,9.76,9.84,9.52,9.59,9.7,-1.13,8602895,82501764.36
2025-09-23,SALONA,EQ,INE498E01010,SALONA COTSPIN LTD.,241.5,250.75,241.46,249.99,245.01,2.03,215,53747.85
2025-09-23,SALSTEEL,EQ,INE658G01014,S.A.L. STEEL LTD.,31.55,31.68,30.09,30.52,31.68,-3.66,348560,10638051.36
2025-09-23,SALZERELEC,EQ,INE457F01013,SALZER ELECTRONICS LTD,811.8,814.5,797.55,801.25,801.8,-0.07,37246,29843357.5
2025-09-23,SAMBHAAV,EQ,INE699B01027,SAMBHAAV MEDIA LTD,6.16,6.59,6.16,6.18,6.27,-1.44,123261,761752.96
2025-09-23,SAMBHV,EQ,INE12NJ01018,SAMBHV STEEL TUBES LTD,121.0,122.43,120.0,120.85,121.64,-0.65,880391,106395251.01
2025-09-23,SAMHI,EQ,INE08U801020,SAMHI HOTELS LIMITED,206.1,206.9,202.54,205.22,206.2,-0.48,650259,133446152.77
2025-09-23,SAMMAANCAP,EQ,INE148I01020,SAMMAAN CAPITAL LIMITED,141.03,141.5,134.5,135.02,141.16,-4.35,23118559,3121467934.95
2025-09-23,SAMPANN,EQ,INE735M01018,SAMPANN UTPADAN INDIA LTD,28.95,28.95,27.53,28.43,28.06,1.32,51103,1452858.31
2025-09-23,SANATHAN,EQ,INE0JPD01013,SANATHAN TEXTILES LIMITED,515.0,517.9,511.1,515.45,515.05,0.08,20602,10619301.15
2025-09-23,SANDESH,EQ,INE583B01015,SANDESH LTD,1191.0,1211.9,1171.9,1199.7,1193.3,0.54,613,735416.07
2025-09-23,SANDHAR,EQ,INE278H01035,SANDHAR TECHNOLOGIES LTD,458.5,466.0,451.5,455.6,457.2,-0.35,82006,37361934.1
2025-09-23,SANDUMA,EQ,INE149K01016,SANDUR MANG & IRON ORES L,159.0,160.0,156.3,158.75,160.05,-0.81,520089,82564128.75
2025-09-23,SANGAMIND,EQ,INE495C01010,SANGAM (INDIA) LTD,428.85,435.9,425.2,434.9,428.85,1.41,45309,19704883.82
2025-09-23,SANGHVIMOV,EQ,INE989A01032,SANGHVI MOVERS LTD,383.0,396.5,379.85,393.95,381.5,3.26,699108,275413605.13
2025-09-23,SANOFI,EQ,INE058A01010,SANOFI INDIA LIMITED,5039.0,5050.0,4990.0,5001.5,5018.0,-0.33,16253,81289379.5
2025-09-23,SANOFICONR,EQ,INE0UOS01011,SANOFI CONS HEALTHC IND L,5120.0,5120.0,5025.0,5048.0,5103.5,-1.09,2436,12296928.0
2025-09-23,SANSERA,EQ,INE953O01021,SANSERA ENGINEERING LTD,1494.0,1503.0,1478.2,1498.2,1495.4,0.19,72627,108809767.85
2025-09-23,SANSTAR,EQ,INE08NE01025,SANSTAR LIMITED,95.47,97.85,94.35,95.0,95.0,0.0,480748,45671060.0
2025-09-23,SAPPHIRE,EQ,INE806T01020,SAPPHIRE FOODS INDIA LTD,315.0,315.5,302.35,306.0,312.7,-2.14,412452,126210312.0
2025-09-23,SARDAEN,EQ,INE385C01021,SARDA ENERGY & MIN LTD,585.0,592.0,580.3,585.15,584.9,0.04,993420,581299737.25
2025-09-23,SAREGAMA,EQ,INE979A01025,SAREGAMA INDIA LIMITED,485.05,488.1,475.0,481.8,484.45,-0.55,289384,139425207.67
2025-09-23,SARLAPOLY,EQ,INE453D01025,SARLA PERF. FIBERS LTD,102.2,102.5,98.5,99.81,101.21,-1.38,88955,8878598.33
2025-09-23,SARVESHWAR,EQ,INE324X01026,SARVESHWAR FOODS LIMITED,6.67,6.71,6.43,6.44,6.63,-2.87,23293275,150008692.33
2025-09-23,SASKEN,EQ,INE231F01020,SASKEN TECHNOLOGIES LTD,1500.9,1530.2,1494.6,1501.0,1500.9,0.01,30586,45909586.0
2025-09-23,SATIA,EQ,INE170E01023,SATIA INDUSTRIES LIMITED,82.6,83.4,80.49,81.65,82.75,-1.33,74489,6082026.96
2025-09-23,SATIN,EQ,INE836B01017,SATIN CREDIT NET LTD,144.99,145.5,143.1,143.82,144.48,-0.46,111518,16038519.58
2025-09-23,SAURASHCEM,EQ,INE626A01014,SAURASHTRA CEMENT LIMITED,108.21,109.32,107.0,107.64,108.54,-0.83,66934,7204775.72
2025-09-23,SBC,EQ,INE04AK01028,SBC EXPORTS LIMITED,21.5,22.05,21.34,21.88,21.41,2.2,8764338,191763708.08
2025-09-23,SBCL,EQ,INE386D01027,SHIVALIK BIMETAL CON. LTD,553.6,575.0,546.55,564.45,553.6,1.96,216631,122277370.59
2025-09-23,SBFC,EQ,INE423Y01016,SBFC FINANCE LIMITED,111.16,113.4,109.99,111.66,109.33,2.13,3922296,437963585.72
2025-09-23,SBGLP,EQ,INE05ST01028,SURATWWALA BUS GROUP LTD,32.94,34.95,32.83,33.51,32.9,1.85,52939,1773985.8
2025-09-23,SBICARD,EQ,INE018E01016,SBI CARDS & PAY SER LTD,874.5,874.85,864.0,870.3,869.05,0.14,520336,452848414.45
2025-09-23,SBIETFCON,EQ,INF200KA1X17,SBIAMC - SBIETFCON,128.43,129.68,127.22,127.48,128.43,-0.74,10143,1293029.67
2025-09-23,SBIETFIT,EQ,INF200KA1S14,SBIAMC - SBIETFIT,388.99,388.99,382.49,384.34,387.02,-0.69,9108,3500568.69
2025-09-23,SBIETFPB,EQ,INF200KA1S22,SBIAMC - SBIETFPB,274.49,276.0,272.43,275.88,274.49,0.51,2224,613557.13
2025-09-23,SBIETFQLTY,EQ,INF200KA1WX6,SBIAMC - SBIETFQLTY,226.01,228.15,224.49,225.72,226.92,-0.53,1295,292307.4
2025-09-23,SBILIFE,EQ,INE123W01016,SBI LIFE INSURANCE CO LTD,1865.0,1865.7,1815.4,1819.4,1857.7,-2.06,737343,1341521872.2
2025-09-23,SBIN,EQ,INE062A01020,STATE BANK OF INDIA,854.6,874.25,851.2,870.6,855.25,1.79,14357863,12499955177.27
2025-09-23,SBINEQWETF,EQ,INF200KB1282,SBIAMC - SBINEQWETF,31.91,32.95,31.91,32.67,32.73,-0.18,20602,673067.3
2025-09-23,SBISILVER,EQ,INF200KB1217,SBIAMC - SBISILVER,132.41,133.17,131.55,132.9,131.51,1.06,3606280,479274589.99
2025-09-23,SCHAEFFLER,EQ,INE513A01022,SCHAEFFLER INDIA LIMITED,4149.0,4149.0,4058.3,4119.4,4138.7,-0.47,20091,82762863.44
2025-09-23,SCHAND,EQ,INE807K01035,S CHAND AND COMPANY LTD,192.27,193.65,187.2,188.42,191.89,-1.81,61615,11609498.19
2025-09-23,SCHNEIDER,EQ,INE839M01018,SCHNEIDER ELECTRIC INFRA,880.0,895.2,868.8,872.05,883.3,-1.27,89222,77806044.01
2025-09-23,SCI,EQ,INE109A01011,SHIPPING CORP OF INDIA LT,226.54,227.41,220.81,223.34,226.53,-1.41,3013194,672966736.93
2025-09-23,SCILAL,EQ,INE0PB301013,SHIPPING CORP OF ILA LTD,51.75,52.0,51.22,51.35,51.69,-0.66,366233,18806063.99
2025-09-23,SCODATUBES,EQ,INE090501011,SCODA TUBES LIMITED,180.98,181.42,174.8,176.64,180.22,-1.99,266962,47156167.52
2025-09-23,SDBL,EQ,INE480C01038,SOM DIST & BREW LTD,140.8,142.6,138.32,140.89,139.89,0.71,929389,130941615.64
2025-09-23,SEAMECLTD,EQ,INE497B01018,SEAMEC LIMITED,962.0,962.55,945.0,947.95,959.3,-1.18,11922,11301460.05
2025-09-23,SECMARK,EQ,INE0BTM01013,SECMARK CONSULTANCY LTD,120.69,123.0,120.69,122.99,120.7,1.9,336,41324.64
2025-09-23,SECURKLOUD,EQ,INE650K01021,SECUREKLOUD TECH LIMITED,23.78,24.77,23.29,23.73,23.78,-0.21,19309,458202.56
2025-09-23,SEJALLTD,EQ,INE955I01044,SEJAL GLASS LIMITED,730.0,760.0,730.0,750.75,763.55,-1.68,29453,22111839.75
2025-09-23,SELECTIPO,EQ,INF769K01ON4,MIRAEAMC - SELECTIPO,49.78,49.78,49.78,49.78,50.1,-0.63,0,0.0
2025-09-23,SEMAC,EQ,INE617A01013,SEMAC CONSTRUCTION LTD,510.05,510.5,507.45,510.05,510.05,0.0,227,115781.35
2025-09-23,SENCO,EQ,INE602W01027,SENCO GOLD LIMITED,369.45,373.0,361.15,362.1,367.8,-1.55,307617,111388117.58
2025-09-23,SENORES,EQ,INE0RB801010,SENORES PHARMACEUTICALS L,703.2,734.3,703.0,717.2,706.4,1.53,381389,273532195.46
2025-09-23,SENSEXADD,EQ,INF740KA1SZ6,DSPAMC - DSPSENXETF,84.14,84.23,83.5,84.05,84.08,-0.04,14916,1253689.85
2025-09-23,SENSEXAXIS,EQ,INF846K010Q0,AXISAMC-SENSEXAXIS,84.6,84.94,83.69,84.56,84.37,0.23,1514,128023.84
2025-09-23,SENSEXETF,EQ,INF769K01KT9,MIRAEAMC - SENSEXETF,84.23,84.28,83.63,84.07,84.11,-0.05,10522,884584.54
2025-09-23,SENSEXIETF,EQ,INF346A01034,ICICI PRUD SENSEX ETF,938.2,940.63,933.01,937.19,938.2,-0.11,51621,48378685.12
2025-09-23,SEPC,EQ,INE964H01014,SEPC LIMITED,13.28,13.4,12.9,12.96,13.12,-1.22,9559919,123896550.6
2025-09-23,SERVOTECH,EQ,INE782X01033,SERVOTECH REN POW SYS LTD,132.44,132.44,129.0,129.58,131.06,-1.13,361515,46845114.36
2025-09-23,SESHAPAPER,EQ,INE630A01024,SESHASAYEE PAPER & BOARDS,261.0,264.2,258.6,260.5,263.5,-1.14,17075,4448037.5
2025-09-23,SETF10GILT,EQ,INF200KA1JT1,SBIAMC - SETF10GILT,258.36,259.23,257.99,258.33,258.35,-0.01,19152,4947535.9
2025-09-23,SETFGOLD,EQ,INF200KA16D8,SBI-ETF GOLD,93.64,98.2,93.64,97.96,96.05,1.99,10125944,991937464.97
2025-09-23,SETFNIF50,EQ,INF200KA1FS1,SBI-ETF NIFTY 50,275.62,275.62,267.6,268.83,268.9,-0.03,262309,70516524.95
2025-09-23,SETFNIFBK,EQ,INF200KA1580,SBI-ETF NIFTY BANK,566.82,570.11,565.26,567.94,566.82,0.2,1055958,599720789.1
2025-09-23,SETFNN50,EQ,INF200KA1598,SBI-ETF NIFTY NEXT 50,750.6,765.87,738.0,741.69,743.56,-0.25,41880,31061977.3
2025-09-23,SETL,EQ,INE0M4D01010,STANDARD ENGNG TCNLGY LTD,193.0,193.57,188.0,188.54,192.37,-1.99,293908,55413412.35
2025-09-23,SFL,EQ,INE916U01025,SHEELA FOAM LIMITED,682.6,684.95,676.7,678.1,679.9,-0.26,65770,44598635.39
2025-09-23,SGFIN,EQ,INE618R01015,SG FINSERVE LIMITED,375.3,378.15,371.45,373.3,378.35,-1.33,84465,31530783.47
2025-09-23,SGIL,EQ,INE00QT01015,SYNERGY GREEN IND. LTD,557.9,562.85,551.2,557.1,563.55,-1.14,7061,3933682.93
2025-09-23,SGL,EQ,INE353H01010,STL GLOBAL LIMITED,18.8,20.79,17.55,18.11,17.86,1.4,2213006,40077540.01
2025-09-23,SGMART,EQ,INE385F01024,SG MART LIMITED,376.45,382.9,374.0,379.55,376.9,0.7,53619,20351090.8
2025-09-23,SHAH,EQ,INE482J01021,SHAH METACORP LIMITED,3.77,3.77,3.41,3.53,3.75,-5.87,1098842,3878912.23
2025-09-23,SHAILY,EQ,INE151G01028,SHAILY ENG PLASTICS LTD,2316.0,2329.2,2235.0,2252.0,2312.8,-2.63,123560,278257120.0
2025-09-23,SHAKTIPUMP,EQ,INE908D01010,SHAKTI PUMPS (I) LTD,877.65,877.7,864.65,867.6,876.65,-1.03,208138,180580523.72
2025-09-23,SHALBY,EQ,INE597J01018,SHALBY LIMITED,263.91,270.86,257.01,266.83,265.62,0.46,1014842,270790277.23
2025-09-23,SHANKARA,EQ,INE274V01019,SHANKARA BLDG PRODUCT LTD,949.9,1021.35,947.2,990.5,946.15,4.69,238010,235748905.0
2025-09-23,SHANTI,EQ,INE933X01016,SHANTI OVERSEAS INDIA LTD,9.7,9.7,9.16,9.42,9.4,0.21,98404,926965.69
2025-09-23,SHANTIGEAR,EQ,INE631A01022,SHANTHI GEARS LTD,557.3,566.0,552.7,555.85,554.4,0.26,29134,16194133.19
2025-09-23,SHANTIGOLD,EQ,INE06ZD01017,SHANTI GOLD INTERNATION L,225.1,227.0,222.1,223.63,224.22,-0.26,303519,67875955.45
2025-09-23,SHARDACROP,EQ,INE221J01015,SHARDA CROPCHEM LTD.,876.0,876.0,850.5,860.6,876.35,-1.8,303118,260863343.4
2025-09-23,SHARDAMOTR,EQ,INE597I01028,SHARDA MOTOR INDS LTD,1092.0,1146.0,1082.2,1133.8,1086.8,4.32,202817,229953924.5
2025-09-23,SHAREINDIA,EQ,INE932X01026,SHARE IND. SECURITIES LTD,142.5,143.16,140.5,141.08,141.37,-0.21,269080,37961806.89
2025-09-23,SHARIABEES,EQ,INF732E01128,NIP IND ETF SHARIAH BEES,501.24,501.28,494.51,497.31,501.29,-0.79,15689,7802296.55
2025-09-23,SHILPAMED,EQ,INE790G01031,SHILPA MEDICARE LTD,412.5,429.67,408.0,412.42,409.23,0.78,704350,290491540.15
2025-09-23,SHIVALIK,EQ,INE788J01021,SHIVALIK RASAYAN LIMITED,473.65,474.95,455.4,463.25,470.55,-1.55,34317,15897350.25
2025-09-23,SHIVAMAUTO,EQ,INE637H01024,SHIVAM AUTO.LTD,32.68,33.23,32.11,32.29,32.69,-1.22,45283,1462188.11
2025-09-23,SHIVAMILLS,EQ,INE644Y01017,SHIVA MILLS LIMITED,72.0,74.72,71.13,71.4,72.39,-1.37,5504,392985.61
2025-09-23,SHIVATEX,EQ,INE705C01020,SHIVA TEXYARN LIMITED,186.0,187.99,184.0,184.24,189.05,-2.54,1582,291467.69
2025-09-23,SHIVAUM,EQ,INE719F01016,SHIV AUM STEELS LIMITED,297.0,297.0,297.0,297.0,297.0,0.0,0,0.0
2025-09-23,SHK,EQ,INE500L01026,S H KELKAR AND CO. LTD.,248.17,250.07,240.1,246.38,248.17,-0.72,248592,61248098.17
2025-09-23,SHOPERSTOP,EQ,INE498B01024,SHOPPERS STOP LIMITED,563.4,563.4,547.45,550.85,557.8,-1.25,12686,6988082.79
2025-09-23,SHRADHA,EQ,INE715Y01031,SHRADHA REALTY LIMITED,51.24,51.24,46.63,47.08,50.04,-5.92,60379,2842643.43
2025-09-23,SHREDIGCEM,EQ,INE232A01011,SHREE DIGVIJAY CEM CO LTD,90.0,90.1,88.78,89.22,89.95,-0.81,405459,36175052.47
2025-09-23,SHREECEM,EQ,INE070A01015,SHREE CEMENT LIMITED,29895.0,30115.0,29690.0,29790.0,29705.0,0.29,33031,983993490.0
2025-09-23,SHREEJISPG,EQ,INE1B6101010,SHREEJI SHIPPING GLOBAL L,255.0,255.05,252.05,252.8,253.55,-0.3,567745,143525937.73
2025-09-23,SHREEPUSHK,EQ,INE712K01011,SHRE PUSH CHEM & FERT LTD,461.8,476.0,444.15,454.75,451.9,0.63,2412057,1096882920.75
2025-09-23,SHREERAMA,EQ,INE879A01019,SHREE RAMA MULTI TECH LTD,60.0,61.62,60.0,60.36,61.03,-1.1,53381,3222077.19
2025-09-23,SHREYANIND,EQ,INE231C01019,SHREYANS INDUSTRIES LTD,238.0,240.29,229.01,233.06,237.76,-1.98,8873,2067941.36
2025-09-23,SHRINGARMS,EQ,INE1B3L01017,SHRINGAR HOU OF MANGALS L,191.8,193.79,189.35,191.67,191.07,0.31,2430170,465790679.45
2025-09-23,SHRIPISTON,EQ,INE526E01018,SPR AUTO TECHNOLOGIES LTD,2591.3,2646.4,2580.0,2602.8,2600.3,0.1,49178,128000500.8
2025-09-23,SHRIRAMFIN,EQ,INE721A01047,SHRIRAM FINANCE LIMITED,628.0,634.4,624.5,628.8,627.85,0.15,3586451,2255160345.02
2025-09-23,SHRIRAMPPS,EQ,INE217L01019,SHRIRAM PROPERTIES LTD,97.0,98.5,94.85,95.44,96.78,-1.38,773357,73809193.97
2025-09-23,SHYAMMETL,EQ,INE810G01011,SHYAM METALICS AND ENGY L,917.0,917.0,901.0,902.85,918.35,-1.69,91819,82898781.91
2025-09-23,SHYAMTEL,EQ,INE635A01023,SHYAM TELECOM LIMITED,14.35,14.35,13.81,14.13,14.37,-1.67,574,8110.62
2025-09-23,SIEMENS,EQ,INE003A01024,SIEMENS LTD,3243.5,3272.9,3225.5,3240.4,3243.5,-0.1,204819,663695467.6
2025-09-23,SIGACHI,EQ,INE0D0K01022,SIGACHI INDUSTRIES LTD,43.0,43.0,41.79,42.21,42.82,-1.42,5869057,247732890.6
2025-09-23,SIGMA,EQ,INE0A0S01028,SIGMA SOLVE LIMITED,48.0,49.15,47.35,48.3,46.75,3.32,332620,16065545.75
2025-09-23,SIGNATURE,EQ,INE903U01023,SIGNATUREGLOBAL INDIA LTD,1113.4,1120.8,1101.0,1106.4,1112.6,-0.56,262677,290625839.21
2025-09-23,SIGNPOST,EQ,INE0KGZ01021,SIGNPOST INDIA LIMITED,296.0,297.7,286.05,288.1,291.35,-1.12,41341,11910342.35
2025-09-23,SIL,EQ,INE173A01025,STANDARD INDUSTRIES LTD.,19.5,19.51,18.93,19.0,19.29,-1.5,26889,510891.0
2025-09-23,SILGO,EQ,INE01II01013,SILGO RETAIL LIMITED,69.35,69.35,67.02,68.2,69.37,-1.69,10917,744539.37
2025-09-23,SILINV,EQ,INE923A01015,SIL INVESTMENTS LIMITED,590.0,614.9,590.0,600.05,593.55,1.1,3739,2243586.9
2025-09-23,SILVER,EQ,INF209KB19F6,BIRLASLAMC - SILVER,136.83,136.83,133.99,135.61,133.5,1.58,2167533,293939151.45
2025-09-23,SILVER1,EQ,INF174KA1ZD3,KOTAKMAMC - KOTAKSILVE,95.55,95.55,95.55,95.55,95.55,0.0,0,0.0
2025-09-23,SILVERADD,EQ,INF740KA1ZQ0,DSPAMC - DSPSILVETF,13.0,13.06,12.85,13.03,12.88,1.17,20887960,272274555.41
2025-09-23,SILVERAG,EQ,INF769K01KG6,MIRAEAMC - MASILVER,132.39,132.83,130.5,132.07,130.31,1.35,586488,77457474.46
2025-09-23,SILVERAXIS,EQ,INF846K011K1,AXISAMC-SILVERAXIS,136.27,136.27,133.41,134.78,132.95,1.38,957805,129092956.73
2025-09-23,SILVERBEES,EQ,INF204KC1402,NIPPONAMC - NETFSILVER,128.51,129.94,128.25,129.74,128.22,1.19,30486985,3955381601.37
2025-09-23,SILVERBETA,EQ,INF789F1AYK6,UTIAMC-SILVERBETA,133.14,133.14,130.0,131.52,129.9,1.25,1368682,180009062.49
2025-09-23,SILVERCASE,EQ,INF0R8F01091,ZERODHAAMC - SILVERCASE,13.75,13.75,13.75,13.75,13.53,1.66,0,0.0
2025-09-23,SILVERIETF,EQ,INF109KC1Y56,ICICIPRAMC - ICICISILVE,136.64,136.64,133.31,135.0,133.31,1.27,5869111,792329985.0
2025-09-23,SILVERTUC,EQ,INE625X01026,SILVER TOUCH TECHNO LTD,731.55,736.05,720.4,725.9,731.55,-0.77,12772,9271195.11
2025-09-23,SIMPLEXINF,EQ,INE059B01024,SIMPLEX INFRASTRUCTURES L,309.3,314.5,306.65,309.55,309.0,0.18,72546,22456613.41
2025-09-23,SINCLAIR,EQ,INE985A01022,SINCLAIRS HOTELS LIMITED,104.8,108.05,102.22,102.72,105.84,-2.95,186322,19138996.07
2025-09-23,SINDHUTRAD,EQ,INE325D01025,SINDHU TRADE LINKS LTD,29.54,30.39,29.04,29.26,29.54,-0.95,1116976,32682718.02
2025-09-23,SINTERCOM,EQ,INE129Z01016,SINTERCOM INDIA LIMITED,122.31,123.5,121.0,121.01,122.32,-1.07,4255,514897.56
2025-09-23,SIRCA,EQ,INE792Z01011,SIRCA PAINT INDIA LIMITED,492.0,504.9,489.1,501.45,489.05,2.54,662656,332288859.29
2025-09-23,SIS,EQ,INE285J01028,SIS LIMITED,342.15,347.4,341.4,345.2,340.8,1.29,32267,11138568.79
2025-09-23,SIYSIL,EQ,INE076B01028,SIYARAM SILK MILLS LTD,671.0,678.45,669.05,671.0,672.95,-0.29,15476,10384396.0
2025-09-23,SJS,EQ,INE284S01014,SJS ENTERPRISES LIMITED,1506.7,1554.4,1494.4,1531.5,1506.7,1.65,324977,497702275.5
2025-09-23,SJVN,EQ,INE002L01015,SJVN LTD,93.9,93.99,92.28,92.7,93.82,-1.19,3836407,355634917.19
2025-09-23,SKFINDIA,EQ,INE640A01023,SKF INDIA LTD,4798.0,4800.1,4725.0,4741.0,4735.3,0.12,8321,39449861.0
2025-09-23,SKIPPER,EQ,INE439E01022,SKIPPER LIMITED,550.0,555.0,536.6,542.65,548.15,-1.0,314974,170920648.79
2025-09-23,SKMEGGPROD,EQ,INE411D01023,SKM EGG PROD EXPORT(I) LT,162.52,166.55,160.65,160.68,169.1,-4.98,160212,25742063.59
2025-09-23,SKYGOLD,EQ,INE01IU01018,SKY GOLD AND DIAMONDS LTD,290.85,292.95,280.0,290.0,290.75,-0.26,607780,176256200.0
2025-09-23,SMALLCAP,EQ,INF769K01LC3,MIRAEAMC - SMALLCAP,46.63,46.87,46.11,46.23,46.63,-0.86,1027230,47488842.43
2025-09-23,SMARTWORKS,EQ,INE0NAZ01010,SMARTWORKS COWORKING SP L,553.05,575.0,524.5,563.6,540.8,4.22,509731,287284379.16
2025-09-23,SMCGLOBAL,EQ,INE103C01036,SMC GLOBAL SECURITIES LTD,70.75,72.0,69.57,70.33,70.21,0.16,213928,15045556.63
2025-09-23,SML100CASE,EQ,INF0R8F01141,ZERODHAAMC - SML100CASE,10.25,10.25,10.25,10.25,10.3,-0.53,0,0.0
2025-09-23,SMLMAH,EQ,INE294B01019,SML MAHINDRA LIMITED,3507.2,3559.8,3378.0,3413.9,3555.7,-3.99,80005,273129061.69
2025-09-23,SMLT,EQ,INE017W01010,SARTHAK METALS LIMITED,109.26,110.7,107.07,109.2,108.27,0.86,7664,836908.78
2025-09-23,SMSPHARMA,EQ,INE812G01025,SMS PHARMACEUTICALS LTD.,285.29,288.5,282.33,286.71,283.4,1.17,212728,60991243.06
2025-09-23,SNOWMAN,EQ,INE734N01019,SNOWMAN LOGISTICS LTD.,55.83,56.73,55.83,56.48,56.35,0.23,138990,7850155.14
2025-09-23,SOBHA,EQ,INE671H01015,SOBHA LIMITED,1594.0,1602.9,1550.5,1578.1,1595.8,-1.11,171501,270645723.91
2025-09-23,SOFTTECH,EQ,INE728Z01015,SOFTTECH ENGINEERS LTD,375.05,375.15,369.95,370.55,370.7,-0.04,873,323490.14
2025-09-23,SOLARA,EQ,INE624Z01016,SOLARA ACTIVE PHA SCI LTD,662.0,664.65,651.15,655.9,660.5,-0.7,78618,51565548.12
2025-09-23,SOLARINDS,EQ,INE343H01029,SOLAR INDUSTRIES (I) LTD,14464.0,14527.0,14100.0,14215.0,14464.0,-1.72,109997,1563607355.0
2025-09-23,SOLEX,EQ,INE880Y01017,SOLEX ENERGY LIMITED,1584.9,1642.95,1584.9,1616.2,1579.6,2.32,41125,66466222.99
2025-09-23,SOMANYCERA,EQ,INE355A01028,SOMANY CERAMICS LIMITED,481.7,485.1,470.0,472.95,479.8,-1.43,44643,21113907.39
2025-09-23,SOMATEX,EQ,INE314C01013,SOMA TEXTILES & INDUST LT,70.7,71.73,70.26,71.73,68.32,4.99,41474,2974930.16
2025-09-23,SOMICONVEY,EQ,INE323J01019,SOMI CONVEYOR BELT. LTD.,139.74,140.4,137.3,138.08,139.09,-0.73,10215,1410487.22
2025-09-23,SONACOMS,EQ,INE073K01018,SONA BLW PRECISION FRGS L,423.5,434.4,420.65,421.35,420.6,0.18,4907137,2067622204.9
2025-09-23,SONATSOFTW,EQ,INE269A01021,SONATA SOFTWARE LTD,392.95,403.0,385.6,386.65,392.65,-1.53,1078881,417149332.07
2025-09-23,SOTL,EQ,INE035D01020,SAVITA OIL TECHNOLO. LTD,407.7,407.7,401.1,404.7,405.55,-0.21,11629,4706256.44
2025-09-23,SOUTHBANK,EQ,INE683A01023,THE SOUTH INDIAN BANK LTD,29.54,30.3,29.33,29.96,29.55,1.39,14567291,436436025.02
2025-09-23,SOUTHWEST,EQ,INE980Y01015,SOUTH WEST PINNACLE LTD,138.1,140.73,137.18,138.14,137.92,0.16,8495,1173499.29
2025-09-23,SPAL,EQ,INE212I01016,S. P. APPARELS LIMITED,746.85,755.7,726.0,728.9,750.05,-2.82,20931,15256606.41
2025-09-23,SPANDANA,EQ,INE572J01011,SPANDANA SPHOORTY FIN LTD,263.0,263.95,254.06,257.0,263.99,-2.65,182683,46949531.0
2025-09-23,SPARC,EQ,INE232I01014,SUN PHARMA ADV.RES.CO.LTD,141.7,141.94,138.91,139.39,141.01,-1.15,238223,33205903.82
2025-09-23,SPCENET,EQ,INE970N01027,SPACENET ENTERS IND LTD,7.32,7.36,7.16,7.18,7.17,0.14,384278,2759115.97
2025-09-23,SPENCERS,EQ,INE020801028,SPENCER S RETAIL LIMITED,57.0,57.15,55.8,56.2,56.69,-0.86,59016,3316699.25
2025-09-23,SPIC,EQ,INE147A01011,SPIC LTD,98.4,98.58,96.23,96.6,98.13,-1.56,772500,74623498.82
2025-09-23,SPLIL,EQ,INE978G01016,SPL INDUSTRIES LIMITED,39.37,40.25,39.1,40.16,39.37,2.01,6557,263329.12
2025-09-23,SPLPETRO,EQ,INE663A01033,SUPREME PETROCHEM LIMITED,853.3,862.0,842.0,860.2,848.85,1.34,51146,43995789.82
2025-09-23,SPMLINFRA,EQ,INE937A01023,SPML INFRA LIMITED,274.75,275.55,266.05,266.75,272.55,-2.13,234617,62584084.75
2025-09-23,SPORTKING,EQ,INE885H01029,SPORTKING INDIA LIMITED,110.0,111.39,108.8,110.1,109.28,0.75,78435,8635693.38
2025-09-23,SRD,EQ,INE01NE01012,SHANKAR LAL RAMPAL LTD,72.69,73.02,68.97,71.7,72.61,-1.25,62007,4445901.71
2025-09-23,SRF,EQ,INE647A01010,SRF LTD,2919.0,2936.5,2866.1,2903.2,2914.0,-0.37,256230,743886923.49
2025-09-23,SRGHFL,EQ,INE559N01010,SRG HOUSING FINANCE L,293.05,301.3,281.35,291.9,287.25,1.62,4857,1417758.27
2025-09-23,SRHHYPOLTD,EQ,INE917H01012,SREE RAYALSEEMA HHP LTD.,616.6,619.95,602.5,605.65,613.55,-1.29,7994,4841566.3
2025-09-23,SRM,EQ,INE0R6Z01013,SRM CONTRACTORS LIMITED,560.95,561.0,543.05,546.7,563.95,-3.06,330044,180435058.83
2025-09-23,SSDL,EQ,INE0PQ101010,SARASWATI SAREE DEPOT LTD,91.0,91.0,87.92,89.28,90.25,-1.07,57513,5134760.57
2025-09-23,SSWL,EQ,INE802C01033,STEEL STRIPS WHEELS LTD.,242.15,244.31,240.01,240.75,241.22,-0.19,105676,25441497.0
2025-09-23,STANLEY,EQ,INE01A001028,STANLEY LIFESTYLES LTD,299.9,320.45,299.9,315.45,300.05,5.13,249692,78765344.45
2025-09-23,STAR,EQ,INE939A01011,STRIDES PHARMA SCI LTD,860.0,863.0,841.0,854.1,856.25,-0.25,209529,178958713.78
2025-09-23,STARCEMENT,EQ,INE460H01021,STAR CEMENT LIMITED,270.6,271.85,268.45,269.65,270.4,-0.28,116350,31373776.79
2025-09-23,STARHEALTH,EQ,INE575P01011,STAR HEALTH & AL INS CO L,448.7,452.25,447.55,450.85,448.7,0.48,309690,139623738.39
2025-09-23,STARPAPER,EQ,INE733A01018,STAR PAPER MILLS LTD,173.0,176.0,173.0,173.9,174.2,-0.17,6777,1178520.26
2025-09-23,STARTECK,EQ,INE992I01013,STARTECK FINANCE LIMITED,324.95,334.75,318.7,324.8,322.95,0.57,12110,3933327.85
2025-09-23,STCINDIA,EQ,INE655A01013,THE STATE TRADING CORPN,140.49,140.49,132.0,132.71,139.2,-4.66,141977,18841768.62
2025-09-23,STEELCAS,EQ,INE124E01038,STEELCAST LIMITED,222.39,222.4,215.02,215.91,221.23,-2.4,97124,20970043.2
2025-09-23,STEELCITY,EQ,INE395H01011,STEEL CITY SECURITIES LTD,104.98,104.98,102.3,103.19,103.84,-0.63,7551,779187.71
2025-09-23,STEELXIND,EQ,INE503B01021,STEEL EXCHANGE INDIA LTD,10.32,10.59,10.11,10.25,10.33,-0.77,1842160,18882140.0
2025-09-23,STEL,EQ,INE577L01016,STEL HOLDINGS LIMITED,482.1,482.4,472.8,478.0,480.5,-0.52,2191,1047298.0
2025-09-23,STLNETWORK,EQ,INE1VXE01018,STL NETWORKS LIMITED,29.38,31.84,28.59,30.54,29.13,4.84,12964926,395948851.91
2025-09-23,STOVEKRAFT,EQ,INE00IN01015,STOVE KRAFT LIMITED,713.6,724.0,707.9,711.4,713.6,-0.31,44676,31782507.49
2025-09-23,STYLAMIND,EQ,INE239C01020,STYLAM INDUSTRIES LIMITED,1694.0,1739.9,1694.0,1729.0,1694.9,2.01,20647,35698663.0
2025-09-23,STYLEBAAZA,EQ,INE01FR01028,BAAZAR STYLE RETAIL LTD,366.0,370.8,356.45,368.8,366.45,0.64,259107,95558658.44
2025-09-23,STYRENIX,EQ,INE189B01011,STYRENIX PERFORMANCE LTD,2510.5,2522.4,2480.0,2485.5,2519.1,-1.33,19985,49672717.5
2025-09-23,SUBEXLTD,EQ,INE754A01055,SUBEX LTD,12.84,12.99,12.67,12.72,12.87,-1.17,811776,10325790.94
2025-09-23,SUBROS,EQ,INE287B01021,SUBROS LIMITED,1027.0,1179.7,1017.15,1128.7,1021.9,10.45,4391359,4956526688.88
2025-09-23,SUDARCOLOR,EQ,INE492A01029,SUDARSHAN COLORNT IND LTD,597.15,597.9,593.2,596.85,597.1,-0.04,13802,8237723.36
2025-09-23,SUDARSCHEM,EQ,INE659A01023,SUDARSHAN CHEMICAL INDS L,1520.0,1533.8,1495.0,1523.8,1513.6,0.67,92580,141073408.52
2025-09-23,SUKHJITS,EQ,INE450E01029,SUKHJIT STARCH & CHEM LTD,169.0,170.59,167.03,169.39,169.25,0.08,2919,494449.41
2025-09-23,SULA,EQ,INE142Q01026,SULA VINEYARDS LIMITED,284.0,285.5,280.0,281.44,284.13,-0.95,536355,150951752.51
2025-09-23,SUMEETINDS,EQ,INE235C01036,SUMEET IND LIMITED,29.56,30.37,29.51,30.31,28.93,4.79,605070,18342091.48
2025-09-23,SUMICHEM,EQ,INE258G01013,SUMITOMO CHEM INDIA LTD,580.1,582.15,563.55,567.2,582.2,-2.58,310930,176359499.8
2025-09-23,SUMIT,EQ,INE748Z01013,SUMIT WOODS LIMITED,89.99,91.0,88.82,90.16,89.97,0.21,8663,781056.11
2025-09-23,SUMMITSEC,EQ,INE519C01017,SUMMIT SECURITIES LTD,2186.3,2230.0,2173.2,2195.0,2178.1,0.78,10048,22055360.0
2025-09-23,SUNCLAY,EQ,INE0Q3R01026,SUNDARAM CLAYTON LIMITED,1769.2,1824.6,1712.4,1743.1,1769.2,-1.48,23232,40495698.63
2025-09-23,SUNDARAM,EQ,INE108E01023,SUNDARAM MULTI PAP LTD,1.97,1.98,1.96,1.96,1.97,-0.51,146465,287071.41
2025-09-23,SUNDARMFIN,EQ,INE660A01013,SUNDARAM FINANCE LTD,4669.0,4738.5,4531.2,4614.0,4664.8,-1.09,71146,328267644.0
2025-09-23,SUNDRMFAST,EQ,INE387A01021,SUNDRAM FASTENERS LTD,1035.6,1047.0,1022.3,1030.1,1030.2,-0.01,65521,67493180.5
2025-09-23,SUNDROP,EQ,INE209A01019,SUNDROP BRANDS LIMITED,822.5,825.15,804.0,818.7,810.35,1.03,12710,10405677.16
2025-09-23,SUNFLAG,EQ,INE947A01014,SUNFLAG IRON AND STEEL CO,265.0,270.0,265.0,267.65,267.2,0.17,302329,80918355.0
2025-09-23,SUNPHARMA,EQ,INE044A01036,SUN PHARMACEUTICAL IND L,1643.2,1644.0,1625.1,1631.2,1644.0,-0.78,1967731,3209762711.12
2025-09-23,SUNTECK,EQ,INE805D01034,SUNTECK REALTY LIMITED,446.2,446.3,437.15,439.1,445.85,-1.51,114821,50417901.8
2025-09-23,SUNTV,EQ,INE424H01027,SUN TV NETWORK LIMITED,558.35,558.35,544.45,548.0,553.5,-0.99,137534,75368632.0
2025-09-23,SUPERHOUSE,EQ,INE712B01010,SUPERHOUSE LIMITED,178.0,184.44,172.01,175.35,177.55,-1.24,12177,2135237.02
2025-09-23,SUPRAJIT,EQ,INE399C01030,SUPRAJIT ENGINEERING LTD,464.85,499.45,464.85,494.0,464.0,6.47,766293,378548742.0
2025-09-23,SUPREME,EQ,INE822E01011,SUPREME HOLDIN N HOSP I L,85.24,91.44,85.24,90.46,85.24,6.12,793766,71804071.63
2025-09-23,SUPREMEIND,EQ,INE195A01028,SUPREME INDUSTRIES LTD,4390.0,4397.4,4320.5,4326.3,4371.9,-1.04,92703,401060970.79
2025-09-23,SUPREMEINF,EQ,INE550H01011,SUPREME INFRA. LTD.,110.13,110.13,107.1,108.31,110.13,-1.65,13383,1449512.7
2025-09-23,SUPRIYA,EQ,INE07RO01027,SUPRIYA LIFESCIENCE LTD,745.9,754.8,737.0,738.7,747.0,-1.11,292463,216042421.67
2025-09-23,SURAJEST,EQ,INE843S01025,SURAJ ESTATE DEVELOPERS L,305.0,305.0,292.15,294.25,295.65,-0.47,195165,57427301.25
2025-09-23,SURAJLTD,EQ,INE713C01016,SURAJ LIMITED,319.95,323.0,317.3,320.0,316.8,1.01,750,240000.0
2025-09-23,SURAKSHA,EQ,INE877V01027,SURAKSHA DIAGNOSTIC LTD,315.5,322.0,314.55,317.35,320.3,-0.92,27976,8878183.77
2025-09-23,SURANASOL,EQ,INE272L01022,SURANA SOLAR LIMITED,34.5,34.83,33.91,34.16,34.52,-1.04,67241,2296952.55
2025-09-23,SURANAT&P,EQ,INE130B01031,SURANA TELECOM AND POW LT,23.05,23.63,22.6,22.89,23.15,-1.12,269218,6162399.86
2025-09-23,SURYALAXMI,EQ,INE713B01026,SURYALAKSHMI COT MIL LTD,64.8,65.98,64.05,64.84,64.71,0.2,6562,425480.06
2025-09-23,SURYAROSNI,EQ,INE335A01020,SURYA ROSHNI LTD,286.2,287.7,283.55,284.5,286.2,-0.59,113449,32276240.5
2025-09-23,SURYODAY,EQ,INE428Q01011,SURYODAY SMALL FIN BK LTD,131.7,134.09,129.5,133.56,132.16,1.06,86484,11550802.83
2025-09-23,SUVEN,EQ,INE495B01038,SUVEN LIFE SCIENCES LTD,233.4,234.45,224.15,224.82,232.3,-3.22,177465,39897682.6
2025-09-23,SUVIDHAA,EQ,INE018401013,SUVIDHAA INFOSERVE LTD,4.06,4.19,4.05,4.11,4.13,-0.48,36425,149706.75
2025-09-23,SUYOG,EQ,INE442P01014,SUYOG TELEMATICS LIMITED,795.25,820.15,787.0,814.9,795.25,2.47,21297,17354925.82
2025-09-23,SUZLON,EQ,INE040H01021,SUZLON ENERGY LIMITED,60.0,60.13,58.63,58.75,59.93,-1.97,43152416,2535204440.0
2025-09-23,SVLL,EQ,INE00CE01017,SHREE VASU LOGISTICS LTD,817.0,817.0,770.0,772.95,809.65,-4.53,3982,3077886.95
2025-09-23,SVPGLOB,EQ,INE308E01029,SVP GLOBAL TEXTILES LTD,3.73,3.75,3.57,3.72,3.64,2.2,83766,311609.52
2025-09-23,SWANCORP,EQ,INE665A01038,SWAN CORP LIMITED,491.5,492.5,479.9,482.0,489.1,-1.45,891453,429680346.0
2025-09-23,SWARAJENG,EQ,INE277A01016,SWARAJ ENGINES LTD,4421.6,4540.0,4409.5,4497.5,4405.8,2.08,32896,147949760.0
2025-09-23,SWELECTES,EQ,INE409B01013,SWELECT ENERGY SYS LTD,889.9,962.65,880.0,923.75,884.0,4.5,256977,237382503.75
2025-09-23,SWIGGY,EQ,INE00H001014,SWIGGY LIMITED,450.7,451.65,445.2,449.2,449.55,-0.08,7987236,3587866508.7
2025-09-23,SWSOLAR,EQ,INE00M201021,STRLNG & WIL REN ENE LTD,266.5,266.5,260.0,260.4,265.3,-1.85,1612269,419834837.76
2025-09-23,SYMPHONY,EQ,INE225D01027,SYMPHONY LIMITED,938.0,938.7,919.0,922.25,937.85,-1.66,81910,75541497.5
2025-09-23,SYNCOMF,EQ,INE312C01025,SYNCOM FORMU (I) LTD,17.53,17.9,17.3,17.37,17.54,-0.97,735330,12772682.72
2025-09-23,SYNGENE,EQ,INE398R01022,SYNGENE INTERNATIONAL LTD,658.0,659.1,642.0,643.65,655.3,-1.78,163168,105023087.18
2025-09-23,SYRMA,EQ,INE0DYJ01015,SYRMA SGS TECHNOLOGY LTD,818.0,836.0,814.2,817.9,815.65,0.28,737589,603274061.11
2025-09-23,TAINWALCHM,EQ,INE123C01018,TAINWALA CHEMICAL AND PLA,214.05,220.7,214.05,214.99,217.1,-0.97,2597,558329.04
2025-09-23,TAJGVK,EQ,INE586B01026,TAJ GVK HOTELS & RESORTS,435.5,450.0,427.5,428.85,429.35,-0.12,799032,342664878.08
2025-09-23,TAKE,EQ,INE142I01023,TAKE LIMITED,10.3,10.86,10.12,10.37,10.5,-1.24,57228,593454.35
2025-09-23,TALBROAUTO,EQ,INE187D01029,TALBROS AUTO. COMP. LTD,308.9,316.0,308.9,310.7,306.45,1.39,356706,110828558.55
2025-09-23,TANLA,EQ,INE483C01032,TANLA PLATFORMS LIMITED,732.95,745.4,725.4,736.45,735.15,0.18,678445,499640828.53
2025-09-23,TARACHAND,EQ,INE555Z01020,TARA CHAND INFRA SOLN LTD,70.3,73.99,70.3,72.98,70.97,2.83,115397,8421673.45
2025-09-23,TARAPUR,EQ,INE747K01017,TARAPUR TRANSFORMERS LTD,27.94,27.94,26.65,26.65,28.06,-5.02,42394,1129800.08
2025-09-23,TARC,EQ,INE0EK901012,TARC LIMITED,175.8,175.8,171.0,172.37,174.29,-1.1,253800,43747504.76
2025-09-23,TARIL,EQ,INE763I01026,TRANS & RECTI. LTD,538.4,552.0,528.0,536.25,535.9,0.07,1849452,991768635.0
2025-09-23,TARMAT,EQ,INE924H01018,TARMAT LIMITED,53.69,53.69,52.1,52.5,52.47,0.06,8008,420420.0
2025-09-23,TARSONS,EQ,INE144Z01023,TARSONS PRODUCTS LIMITED,313.15,313.15,304.45,309.5,308.5,0.32,30456,9426132.0
2025-09-23,TASTYBITE,EQ,INE488B01017,TASTY BITE EATABLES LTD,9306.5,9390.0,9207.0,9243.5,9309.0,-0.7,1012,9354422.0
2025-09-23,TATACHEM,EQ,INE092A01019,TATA CHEMICALS LTD,974.0,982.75,956.9,959.9,973.95,-1.44,528618,507420431.11
2025-09-23,TATACOMM,EQ,INE151A01013,TATA COMMUNICATIONS LTD,1666.4,1675.0,1642.4,1655.3,1652.9,0.15,140911,233249985.18
2025-09-23,TATACONSUM,EQ,INE192A01025,TATA CONSUMER PRODUCT LTD,1131.0,1134.6,1118.4,1128.5,1130.1,-0.14,1082761,1221895788.5
2025-09-23,TATAELXSI,EQ,INE670A01012,TATA ELXSI LIMITED,5595.0,5640.0,5501.0,5555.5,5607.0,-0.92,136231,756831320.5
2025-09-23,TATAGOLD,EQ,INF277KA1976,TATAAML-TATAGOLD,10.63,11.25,10.63,11.18,10.91,2.47,54082248,604639549.14
2025-09-23,TATAINVEST,EQ,INE672A01026,TATA INVESTMENT CORP LTD,738.8,823.8,728.15,813.8,728.1,11.77,17283710,14065482987.02
2025-09-23,TATAPOWER,EQ,INE245A01021,TATA POWER CO LTD,396.5,398.2,394.25,395.5,395.3,0.05,2963511,1172068600.5
2025-09-23,TATASTEEL,EQ,INE081A01020,TATA STEEL LIMITED,171.45,173.81,171.2,173.29,171.39,1.11,24533561,4251420620.97
2025-09-23,TATATECH,EQ,INE142M01025,TATA TECHNOLOGIES LIMITED,702.25,706.7,695.8,697.8,702.25,-0.63,743334,518698456.13
2025-09-23,TATSILV,EQ,INF277KA1984,TATAAML-TATSILV,12.67,13.32,12.67,13.17,13.0,1.31,20649130,271949043.68
2025-09-23,TATVA,EQ,INE0GK401011,TATVA CHIN PHARM CHEM LTD,1104.9,1108.2,1078.6,1093.0,1103.3,-0.93,28220,30844460.0
2025-09-23,TBOTEK,EQ,INE673O01025,TBO TEK LIMITED,1630.0,1634.1,1587.7,1599.0,1638.2,-2.39,74220,118677780.0
2025-09-23,TBZ,EQ,INE760L01018,TRIB BHIMJI ZAVERI LTD,189.28,191.02,188.4,190.25,188.91,0.71,162485,30912771.25
2025-09-23,TCI,EQ,INE688A01022,TRANSPORT CORPN OF INDIA,1151.9,1217.7,1137.0,1201.0,1164.8,3.11,97178,116710778.0
2025-09-23,TCIEXP,EQ,INE586V01016,TCI EXPRESS LIMITED,721.95,769.9,714.3,761.1,719.5,5.78,148608,113105545.17
2025-09-23,TCIFINANCE,EQ,INE911B01018,TCI FINANCE LTD,12.88,13.4,12.5,12.75,12.88,-1.01,37318,475804.5
2025-09-23,TCPLPACK,EQ,INE822C01015,TCPL PACKAGING LIMITED,3390.0,3425.0,3376.2,3404.5,3406.6,-0.06,1819,6192785.5
2025-09-23,TCS,EQ,INE467B01029,TATA CONSULTANCY SERV LT,3070.0,3080.7,3052.0,3062.4,3073.8,-0.37,3177741,9731513728.07
2025-09-23,TDPOWERSYS,EQ,INE419M01035,TD POWER SYSTEMS LTD.,270.95,277.5,270.55,276.58,270.98,2.07,665160,183966635.12
2025-09-23,TEAMGTY,EQ,INE289C01025,TEAM INDIA GUARANTY LTD,241.0,253.45,241.0,253.45,241.4,4.99,1405,356097.25
2025-09-23,TEAMLEASE,EQ,INE985S01024,TEAMLEASE SERVICES LTD.,1858.7,1885.0,1853.6,1868.7,1868.4,0.02,33554,62702358.16
2025-09-23,TECH,EQ,INF209KB11D8,BIRLASLAMC - TECH,38.48,39.08,37.55,37.6,37.85,-0.66,50861,1912373.52
2025-09-23,TECHM,EQ,INE669C01036,TECH MAHINDRA LIMITED,1511.7,1511.7,1468.2,1471.9,1505.4,-2.23,1380054,2031301516.29
2025-09-23,TECHNOE,EQ,INE285K01026,TECHNO ELEC & ENG CO. LTD,1437.5,1440.5,1397.1,1403.7,1428.5,-1.74,273357,383711207.55
2025-09-23,TECILCHEM,EQ,INE014B01011,TECIL CHEMICALS,19.75,20.26,19.75,19.75,20.16,-2.03,572,11297.0
2025-09-23,TEGA,EQ,INE011K01018,TEGA INDUSTRIES LIMITED,1988.0,1988.0,1900.0,1913.6,1972.6,-2.99,362318,693331715.95
2025-09-23,TEJASNET,EQ,INE010J01012,TEJAS NETWORKS LIMITED,600.0,603.95,591.7,596.6,599.85,-0.54,338648,202037388.53
2025-09-23,TEMBO,EQ,INE869Y01028,TEMBO GLOBAL IND LTD,60.01,60.96,58.99,59.06,60.17,-1.84,292680,17287143.8
2025-09-23,TERASOFT,EQ,INE482B01010,TERA SOFTWARE LIMITED,460.55,460.55,460.55,460.55,469.95,-2.0,4900,2256694.94
2025-09-23,TEXINFRA,EQ,INE435C01024,TEXMACO INFRA & HOLDG LTD,94.01,95.41,93.62,94.64,94.4,0.25,57798,5470002.68
2025-09-23,TEXMOPIPES,EQ,INE141K01013,TEXMO PIPE & PRODUCTS LTD,58.02,58.9,57.08,57.74,58.62,-1.5,21115,1219180.14
2025-09-23,TEXRAIL,EQ,INE621L01012,TEXMACO RAIL & ENG. LTD.,146.85,146.85,144.25,144.95,146.85,-1.29,967135,140186215.3
2025-09-23,TFCILTD,EQ,INE305A01023,TOURISM FINANCE CORP. OF,72.05,72.9,71.85,72.8,72.1,0.97,6276757,456947928.76
2025-09-23,TFL,EQ,INE804H01012,TRANSWARRANTY FIN. LTD.,15.7,16.2,15.06,15.83,15.78,0.32,19321,305851.43
2025-09-23,TGBHOTELS,EQ,INE797H01018,TGB BANQUETS&HOTELS LTD,12.8,12.9,12.06,12.56,12.54,0.16,36682,460725.94
2025-09-23,THANGAMAYL,EQ,INE085J01014,THANGAMAYIL JEWELLERY LTD,2106.1,2106.1,2058.3,2065.5,2106.1,-1.93,18043,37267816.5
2025-09-23,THEINVEST,EQ,INE924D01017,THE INVEST TRUST OF IND L,152.89,154.18,150.25,153.04,151.58,0.96,7716,1180856.59
2025-09-23,THEJO,EQ,INE121N01019,THEJO ENGINEERING LIMITED,1885.7,1900.0,1853.0,1874.1,1867.0,0.38,2619,4908267.84
2025-09-23,THELEELA,EQ,INE0AQ201015,LEELA PALACES HOTEL LTD,431.05,445.85,425.05,437.45,432.0,1.26,783363,342682153.91
2025-09-23,THEMISMED,EQ,INE083B01024,THEMIS MEDICARE LTD.,132.0,137.9,131.08,134.8,129.34,4.22,362950,48925661.11
2025-09-23,THERMAX,EQ,INE152A01029,THERMAX LTD,3322.0,3398.4,3298.0,3358.8,3269.8,2.72,212678,714342876.78
2025-09-23,THOMASCOOK,EQ,INE332A01027,THOMAS COOK (INDIA) LTD,168.21,169.88,165.88,166.38,168.57,-1.3,1302158,216653054.4
2025-09-23,THOMASCOTT,EQ,INE480M01011,THOMAS SCOTT (INDIA) LTD,384.05,399.85,366.35,379.6,383.8,-1.09,88618,33639393.34
2025-09-23,THYROCARE,EQ,INE594H01019,THYROCARE TECH LTD,408.4,409.83,398.07,400.07,406.27,-1.53,128505,51410568.83
2025-09-23,TI,EQ,INE133E01013,TILAKNAGAR INDUSTRIES LTD,464.9,465.0,453.0,455.75,462.55,-1.47,448304,204314548.0
2025-09-23,TIGERLOGS,EQ,INE906O01029,TIGER LOGISTICS (INDIA) L,46.5,54.37,46.26,52.04,46.23,12.57,1433032,74574986.59
2025-09-23,TIIL,EQ,INE545H01011,TECHNOCRAFT IND LTD,2502.0,2502.0,2452.1,2466.2,2481.5,-0.62,2925,7213634.86
2025-09-23,TIINDIA,EQ,INE974X01010,TUBE INVEST OF INDIA LTD,3369.0,3394.5,3294.0,3303.0,3350.1,-1.41,179660,593416980.0
2025-09-23,TIMETECHNO,EQ,INE508G01029,TIME TECHNOPLAST LTD.,246.0,249.15,222.2,226.75,238.9,-5.09,1803460,408934555.0
2025-09-23,TIMKEN,EQ,INE325A01013,TIMKEN INDIA LTD.,3054.0,3066.5,3016.6,3046.1,3049.6,-0.11,58511,178230362.81
2025-09-23,TINNARUBR,EQ,INE015C01016,TINNA RUBBER AND INFR LTD,941.0,1006.05,937.55,984.7,918.95,7.15,404900,398705034.94
2025-09-23,TIPSFILMS,EQ,INE0LQS01015,TIPS FILMS LIMITED,456.0,466.45,455.15,458.05,460.15,-0.46,1478,676997.88
2025-09-23,TIPSMUSIC,EQ,INE716B01029,TIPS MUSIC LIMITED,594.2,600.15,581.35,587.85,597.8,-1.66,179684,105627235.01
2025-09-23,TIRUMALCHM,EQ,INE338A01024,THIRUMALAI CHEMICALS LTD,320.0,321.7,314.1,315.45,321.8,-1.97,143398,45234900.85
2025-09-23,TITAGARH,EQ,INE615H01020,TITAGARH RAIL SYSTEMS LTD,930.2,937.0,918.2,921.1,933.9,-1.37,792339,729823433.56
2025-09-23,TITAN,EQ,INE280A01028,TITAN COMPANY LIMITED,3465.2,3465.3,3405.0,3439.2,3457.5,-0.53,1144975,3937797964.09
2025-09-23,TMB,EQ,INE668A01016,TAMILNAD MERCA BANK LTD,430.0,432.9,426.95,430.3,430.35,-0.01,33806,14546721.39
2025-09-23,TMPV,EQ,INE155A01022,TATA MOTORS PASS VEH LTD,701.8,707.8,697.0,701.35,696.25,0.73,11904667,8349337909.81
2025-09-23,TNIDETF,EQ,INF277KA1364,TATAAML - TNIDETF,95.03,95.69,93.77,94.12,95.03,-0.96,47159,4438605.21
2025-09-23,TNPETRO,EQ,INE148A01019,TAMILNADU PETROPRODUCTS L,104.9,106.94,103.02,106.19,103.79,2.31,220634,23429125.0
2025-09-23,TNPL,EQ,INE107A01015,TAMILNADU NEWSPRT & PAPER,155.65,156.62,153.71,154.62,156.2,-1.01,108440,16766992.27
2025-09-23,TNTELE,EQ,INE141D01018,TAMILNADU TELECOMMUNICATI,12.5,13.17,12.47,12.64,12.72,-0.63,35863,453308.33
2025-09-23,TOKYOPLAST,EQ,INE932C01012,TOKYO PLAST INTL LTD,133.66,133.66,128.06,128.56,130.06,-1.15,1346,173041.76
2025-09-23,TOLINS,EQ,INE0RWQ01014,TOLINS TYRES LIMITED,193.33,193.84,185.0,188.35,192.37,-2.09,368365,69381550.0
2025-09-23,TOP100CASE,EQ,INF0R8F01067,ZERODHAAMC - TOP100CASE,11.14,11.14,10.72,10.8,10.82,-0.18,709136,7658668.94
2025-09-23,TOP10ADD,EQ,INF740KA1UR9,DSPAMC - TOP10ADD,95.81,96.02,95.26,95.57,95.81,-0.25,302999,28957614.34
2025-09-23,TOP15IETF,EQ,INF109K1A344,ICICIPRAMC - TOP15IETF,10.58,10.58,10.58,10.58,10.55,0.33,0,0.0
2025-09-23,TORNTPHARM,EQ,INE685A01028,TORRENT PHARMACEUTICALS L,3678.8,3689.2,3640.5,3651.5,3655.9,-0.12,421379,1538665418.5
2025-09-23,TORNTPOWER,EQ,INE813H01021,TORRENT POWER LTD,1268.0,1289.3,1265.4,1279.3,1268.6,0.84,503712,644398786.2
2025-09-23,TOUCHWOOD,EQ,INE486Y01013,TOUCHWOOD ENTERTAIN LTD.,113.95,117.39,110.0,111.78,118.04,-5.3,17237,1926751.84
2025-09-23,TPLPLASTEH,EQ,INE413G01022,TPL PLASTECH LIMITED,76.0,76.27,74.8,75.04,75.76,-0.95,12927,970042.09
2025-09-23,TRACXN,EQ,INE0HMF01019,TRACXN TECHNOLOGIES LTD,51.99,52.02,50.5,50.79,51.7,-1.76,220217,11184821.63
2025-09-23,TRANSRAILL,EQ,INE454P01035,TRANSRAIL LIGHTING LTD,781.5,783.0,761.5,766.8,781.5,-1.88,1081203,829066447.2
2025-09-23,TRAVELFOOD,EQ,INE103V01028,TRAVEL FOOD SERVICES LTD,1359.3,1379.9,1310.5,1332.8,1359.3,-1.95,170841,227696893.14
2025-09-23,TREEHOUSE,EQ,INE040M01013,TREE HOUSE EDU LTD,7.7,8.0,7.7,7.88,7.78,1.29,25684,202389.92
2025-09-23,TREJHARA,EQ,INE00CA01015,TREJHARA SOLUTIONS LTD,201.78,204.5,190.01,193.34,199.42,-3.05,4921,951426.12
2025-09-23,TREL,EQ,INE0O3901029,TRANSINDIA REAL ESTATE L,32.31,33.51,32.17,32.5,32.31,0.59,204442,6644365.0
2025-09-23,TRENT,EQ,INE849A01020,TRENT LTD,5010.5,5019.5,4846.0,4891.0,5010.5,-2.38,2734495,13374415045.0
2025-09-23,TRF,EQ,INE391D01019,TRF LIMITED,355.0,372.0,346.3,359.5,351.3,2.33,114027,40992706.5
2025-09-23,TRIDENT,EQ,INE064C01022,TRIDENT LIMITED,30.42,30.48,29.73,29.86,30.35,-1.61,4545100,135716688.77
2025-09-23,TRIGYN,EQ,INE948A01012,TRIGYN TECHNOLOGIES LTD,92.21,93.84,89.8,90.32,94.27,-4.19,126697,11443273.0
2025-09-23,TRITURBINE,EQ,INE152M01016,TRIVENI TURBINE LIMITED,541.0,542.3,528.05,530.15,539.8,-1.79,836676,443563801.83
2025-09-23,TRIVENI,EQ,INE256C01024,TRIVENI ENGG. & INDS. LTD,349.6,351.35,340.0,343.05,347.4,-1.25,210885,72344096.68
2025-09-23,TRU,EQ,INE615R01029,TRUCAP FINANCE LIMITED,12.97,12.97,12.11,12.2,12.75,-4.31,348983,4257592.53
2025-09-23,TSFINV,EQ,INE202Z01029,TSF INVESTMENTS LIMITED,610.0,612.9,587.0,590.05,603.75,-2.27,211880,125019791.41
2025-09-23,TTKHLTCARE,EQ,INE910C01018,TTK HEALTHCARE LIMITED,1194.0,1205.0,1189.0,1190.0,1190.3,-0.03,2752,3274880.0
2025-09-23,TTKPRESTIG,EQ,INE690A01028,TTK PRESTIGE LTD,659.75,659.8,645.0,649.35,656.8,-1.13,19328,12550636.33
2025-09-23,TTL,EQ,INE592B01024,T T LIMITED,11.25,11.44,11.06,11.07,11.21,-1.25,74160,820951.18
2025-09-23,TTML,EQ,INE517B01013,TATA TELESERV(MAHARASTRA),57.18,57.19,56.8,56.89,57.24,-0.61,794054,45173731.58
2025-09-23,TVSELECT,EQ,INE236G01019,TVS ELECTRONICS LTD,478.0,567.1,476.95,520.7,472.6,10.18,1698483,884400118.83
2025-09-23,TVSHLTD,EQ,INE105A01035,TVS HOLDINGS LIMITED,13478.0,13617.0,13052.0,13077.0,13428.0,-2.61,9150,119654550.0
2025-09-23,TVSMOTOR,EQ,INE494B01023,TVS MOTOR COMPANY  LTD,3538.8,3599.9,3496.4,3512.7,3525.6,-0.37,491046,1724897260.22
2025-09-23,TVSSCS,EQ,INE395N01027,TVS SUPPLY CHAIN SOL L,130.13,131.58,129.69,130.05,130.15,-0.08,318020,41358501.97
2025-09-23,TVSSRICHAK,EQ,INE421C01016,TVS SRICHAKRA LIMITED,3268.1,3377.0,3261.2,3327.7,3268.1,1.82,17477,58158212.05
2025-09-23,TVTODAY,EQ,INE038F01029,TV TODAY NETWORK LTD,149.06,150.52,147.55,148.18,149.57,-0.93,51537,7636752.28
2025-09-23,UBL,EQ,INE686F01025,UNITED BREWERIES LTD,1784.0,1802.9,1773.0,1795.6,1774.9,1.17,87968,157955338.65
2025-09-23,UCOBANK,EQ,INE691A01018,UCO BANK,30.94,30.94,30.25,30.69,30.7,-0.03,8419311,258388659.09
2025-09-23,UDS,EQ,INE851I01011,UPDATER SERVICES LIMITED,257.99,259.79,254.0,254.85,257.44,-1.01,152813,38944393.98
2025-09-23,UEL,EQ,INE899L01030,UJAAS ENERGY LIMITED,97.17,97.17,97.17,97.17,97.17,0.0,0,0.0
2025-09-23,UFLEX,EQ,INE516A01017,UFLEX LIMITED,551.0,555.4,548.0,549.6,550.0,-0.07,5671,3116781.46
2025-09-23,UFO,EQ,INE527H01019,UFO MOVIEZ INDIA LTD.,75.8,75.93,75.0,75.07,75.71,-0.85,48828,3665517.95
2025-09-23,UGARSUGAR,EQ,INE071E01023,THE UGAR SUGAR WORKS LTD,44.7,44.7,43.7,43.82,44.24,-0.95,78279,3430185.76
2025-09-23,UGROCAP,EQ,INE583D01011,UGRO CAPITAL LIMITED,170.29,170.29,167.3,167.98,168.66,-0.4,107922,18128737.1
2025-09-23,UJJIVANSFB,EQ,INE551W01018,UJJIVAN SMALL FINANC BANK,44.99,45.6,44.35,45.21,44.77,0.98,9294787,420217311.76
2025-09-23,ULTRACEMCO,EQ,INE481G01011,ULTRATECH CEMENT LIMITED,12650.0,12698.0,12361.0,12401.0,12650.0,-1.97,403638,5005514838.0
2025-09-23,UMESLTD,EQ,INE240C01028,USHA MARTIN EDU & SOL LTD,5.66,5.7,5.55,5.6,5.62,-0.36,33205,185948.0
2025-09-23,UMIYA-MRO,EQ,INE398B01018,UMIYA BUILDCON LIMITED,82.9,82.9,79.8,80.37,81.87,-1.83,16679,1340491.28
2025-09-23,UNICHEMLAB,EQ,INE351A01035,UNICHEM LABORATORIES LTD,499.35,499.35,492.55,494.7,491.95,0.56,4885,2416609.56
2025-09-23,UNIDT,EQ,INE961D01019,UNITED DRILLING TOOLS LTD,205.5,205.5,202.6,202.83,205.19,-1.15,4644,941942.53
2025-09-23,UNIECOM,EQ,INE00U401027,UNICOMMERCE ESOLUTIONS L,149.5,149.88,143.1,144.11,149.76,-3.77,418743,60345053.99
2025-09-23,UNIENTER,EQ,INE037A01022,UNIPHOS ENTERPRISES LTD,153.61,153.61,148.1,150.69,153.61,-1.9,2254,339655.27
2025-09-23,UNIINFO,EQ,INE481Z01011,UNIINFO TELECOM SERVI LTD,17.7,17.7,17.5,17.68,17.74,-0.34,3709,65575.12
2025-09-23,UNIMECH,EQ,INE0U3I01011,UNIMECH AEROSPACE N MFG L,1067.0,1090.2,1042.0,1047.1,1064.1,-1.6,62701,65654215.57
2025-09-23,UNIONBANK,EQ,INE692A01016,UNION BANK OF INDIA,138.81,141.34,137.11,140.2,138.81,1.0,7618679,1068138772.55
2025-09-23,UNIPARTS,EQ,INE244O01017,UNIPARTS INDIA LIMITED,424.9,433.0,412.05,427.3,420.7,1.57,278892,119170548.2
2025-09-23,UNITDSPR,EQ,INE854D01024,UNITED SPIRITS LIMITED,1339.2,1343.5,1325.0,1341.2,1339.9,0.1,608739,816440717.08
2025-09-23,UNITECH,EQ,INE694A01020,UNITECH LTD,7.27,7.33,7.1,7.14,7.35,-2.86,1937377,13832871.52
2025-09-23,UNITEDPOLY,EQ,INE368U01029,UNITED POLYFAB GUJ. LTD.,44.2,44.2,43.99,44.2,42.1,4.99,124967,5523541.5
2025-09-23,UNITEDTEA,EQ,INE458F01011,UNITED NILGIRI TEA LTD,492.1,492.1,466.1,474.7,484.45,-2.01,3876,1839937.25
2025-09-23,UNIVCABLES,EQ,INE279A01012,UNIVERSAL CABLES LTD,770.0,775.4,754.4,761.55,774.2,-1.63,48103,36632839.06
2025-09-23,UNOMINDA,EQ,INE405E01023,UNO MINDA LIMITED,1319.3,1336.1,1313.5,1317.1,1312.7,0.34,1015364,1337335899.61
2025-09-23,UPL,EQ,INE628A01036,UPL LIMITED,680.0,684.85,670.0,677.2,682.8,-0.82,2559504,1733296140.04
2025-09-23,URBANCO,EQ,INE0CAZ01013,URBAN COMPANY LIMITED,185.3,185.3,176.2,178.57,186.73,-4.37,34010401,6073237555.67
2025-09-23,URJA,EQ,INE550C01020,URJA GLOBAL LIMITED,13.94,13.95,13.73,13.86,13.83,0.22,1095173,15179097.4
2025-09-23,USHAMART,EQ,INE228A01035,USHA MARTIN LTD.,432.0,453.0,426.5,442.75,431.85,2.52,2659706,1177584831.5
2025-09-23,USK,EQ,INE0N0Y01013,UDAYSHIVAKUMAR INFRA LTD,35.17,35.17,33.1,33.25,34.36,-3.23,77864,2588978.0
2025-09-23,UTIAMC,EQ,INE094J01016,UTI ASSET MNGMT CO LTD,1417.0,1418.0,1385.6,1392.6,1399.5,-0.49,87678,122100380.66
2025-09-23,UTKARSHBNK,EQ,INE735W01017,UTKARSH SMALL FIN BANK L,21.94,22.09,21.63,21.7,21.94,-1.09,614679,13338534.77
2025-09-23,UTTAMSUGAR,EQ,INE786F01031,UTTAM SUGAR MILLS LTD.,263.3,263.3,259.8,262.15,263.4,-0.47,24316,6374439.25
2025-09-23,V2RETAIL,EQ,INE945H01021,V2 RETAIL LIMITED,199.0,199.9,195.2,198.76,198.9,-0.07,693990,137937448.59
2025-09-23,VADILALIND,EQ,INE694D01016,VADILAL INDUSTRIES LTD,5885.0,6090.0,5807.0,5923.0,5890.0,0.56,41854,247901242.0
2025-09-23,VAIBHAVGBL,EQ,INE884A01027,VAIBHAV GLOBAL LIMITED,249.75,251.55,245.6,247.16,250.7,-1.41,171792,42460111.35
2025-09-23,VAISHALI,EQ,INE972X01022,VAISHALI PHARMA LIMITED,12.23,12.23,11.92,11.97,12.11,-1.16,122561,1467055.2
2025-09-23,VAKRANGEE,EQ,INE051B01021,VAKRANGEE LIMITED,8.73,8.73,8.48,8.53,8.74,-2.4,4006914,34178975.35
2025-09-23,VAL30IETF,EQ,INF109KC16X5,ICICIPRAMC - VAL30IETF,13.4,13.5,13.33,13.48,13.38,0.75,75780,1021514.37
2025-09-23,VARDMNPOLY,EQ,INE835A01029,VARDHMAN POLYTEX LTD.,8.75,9.1,8.75,8.88,8.74,1.6,223753,1986926.67
2025-09-23,VARROC,EQ,INE665L01035,VARROC ENGINEERING LTD.,645.0,664.15,632.15,638.2,640.15,-0.3,533232,340308668.91
2025-09-23,VASCONEQ,EQ,INE893I01013,VASCON ENGINEERS LTD,61.95,64.18,61.5,63.24,61.72,2.46,2019018,127682701.71
2025-09-23,VASWANI,EQ,INE590L01019,VASWANI IND LTD,56.51,58.92,56.15,56.78,57.38,-1.05,10743,609987.53
2025-09-23,VBL,EQ,INE200M01039,VARUN BEVERAGES LIMITED,464.0,466.4,458.0,458.5,463.95,-1.17,2589988,1187509498.0
2025-09-23,VEDL,EQ,INE205A01025,VEDANTA LIMITED,458.45,459.9,452.25,457.2,458.45,-0.27,6504267,2973750951.8
2025-09-23,VEEDOL,EQ,INE484C01030,VEEDOL CORPORATION LTD,1976.8,1992.9,1910.2,1923.7,1976.8,-2.69,23818,45818685.44
2025-09-23,VENKEYS,EQ,INE398A01010,VENKY S (INDIA) LIMITED,1507.3,1507.3,1488.0,1494.1,1504.6,-0.7,9696,14486793.36
2025-09-23,VENTIVE,EQ,INE781S01027,VENTIVE HOSPITALITY LTD,789.0,789.0,753.0,767.3,779.25,-1.53,124913,95845743.38
2025-09-23,VENUSPIPES,EQ,INE0JA001018,VENUS PIPES & TUBES LTD,1459.0,1505.0,1408.1,1416.0,1451.6,-2.45,92791,131392056.0
2025-09-23,VERANDA,EQ,INE0IQ001011,VERANDA LEARNING SOL LTD,216.4,222.59,215.0,217.98,216.4,0.73,438083,95493330.47
2025-09-23,VERTOZ,EQ,INE188Y01031,VERTOZ LIMITED,79.25,79.74,77.73,77.99,78.94,-1.2,52008,4056103.81
2025-09-23,VESUVIUS,EQ,INE386A01023,VESUVIUS INDIA LTD,515.3,519.8,509.05,517.0,511.2,1.13,331924,171604708.0
2025-09-23,VGL,EQ,INE273D01027,VARVEE GLOBAL LIMITED,82.75,85.99,82.11,82.76,84.65,-2.23,32916,2724128.23
2025-09-23,VGUARD,EQ,INE951I01027,V-GUARD IND LTD.,370.7,372.5,365.25,366.35,369.8,-0.93,60867,22298625.82
2025-09-23,VHL,EQ,INE701A01023,VARDHMAN HOLDINGS LIMITED,3800.0,3881.9,3800.0,3815.4,3810.0,0.14,736,2808134.33
2025-09-23,VIDHIING,EQ,INE632C01026,VIDHI SPCLTY F INGRDNTS L,377.75,379.0,371.55,373.25,378.5,-1.39,4926,1838629.5
2025-09-23,VIJAYA,EQ,INE043W01024,VIJAYA DIAGNOSTIC CEN LTD,1048.0,1055.1,1036.0,1049.8,1049.7,0.01,134519,141218052.77
2025-09-23,VIKASECO,EQ,INE806A01020,VIKAS ECOTECH LIMITED,2.07,2.09,2.05,2.05,2.07,-0.97,2582586,5294301.18
2025-09-23,VIKASLIFE,EQ,INE161L01027,VIKAS LIFECARE LIMITED,2.27,2.29,2.23,2.24,2.27,-1.32,4469836,10012432.68
2025-09-23,VIKRAMSOLR,EQ,INE078V01014,VIKRAM SOLAR LIMITED,333.0,335.45,326.0,326.85,333.0,-1.85,2289066,748181236.07
2025-09-23,VIKRAN,EQ,INE01R501028,VIKRAN ENGINEERING LTD,106.12,109.24,104.76,105.51,109.79,-3.9,12458425,1314488448.36
2025-09-23,VIMTALABS,EQ,INE579C01029,VIMTA LABS LIMITED,765.0,770.7,738.5,750.45,764.2,-1.8,1138524,854405349.7
2025-09-23,VINATIORGA,EQ,INE410B01037,VINATI ORGANICS LTD,1705.0,1719.0,1695.0,1712.4,1696.5,0.94,22837,39106079.36
2025-09-23,VINCOFE,EQ,INE498Q01014,VINTAGE COFFEE N BVRGS L,146.69,149.35,146.37,149.08,146.69,1.63,1519019,226455355.3
2025-09-23,VINDHYATEL,EQ,INE707A01012,VINDHYA TELELINKS LTD,1490.0,1501.5,1484.0,1488.2,1488.8,-0.04,4401,6549567.99
2025-09-23,VINEETLAB,EQ,INE505Y01010,VINEET LABORATORIES LTD,36.1,37.8,35.65,37.29,36.11,3.27,228379,8516253.12
2025-09-23,VINNY,EQ,INE01KI01027,VINNY OVERSEAS LIMITED,1.35,1.35,1.23,1.31,1.33,-1.5,1830139,2397481.99
2025-09-23,VINYLINDIA,EQ,INE250B01029,VINYL CHEMICALS (I) LTD.,296.95,299.9,293.05,294.2,295.95,-0.59,7216,2122947.29
2025-09-23,VIPCLOTHNG,EQ,INE450G01024,VIP CLOTHING LIMITED,40.11,40.51,39.0,39.14,40.11,-2.42,222606,8712798.7
2025-09-23,VIPIND,EQ,INE054A01027,VIP INDUSTRIES LTD,448.05,449.25,437.4,439.5,448.05,-1.91,250268,109992786.0
2025-09-23,VIRINCHI,EQ,INE539B01017,VIRINCHI LIMITED,31.2,31.5,29.91,30.82,30.86,-0.13,306132,9434988.15
2025-09-23,VISACHROME,EQ,INE286H01012,VISA CHROME LIMITED,41.18,41.18,41.18,41.18,41.18,0.0,0,0.0
2025-09-23,VISAKAIND,EQ,INE392A01021,VISAKA INDUSTRIES LIMITED,84.44,84.44,82.0,82.83,84.06,-1.46,57218,4739367.04
2025-09-23,VISHNU,EQ,INE270I01022,VISHNU CHEMICALS LIMITED,503.55,506.1,495.1,495.65,502.6,-1.38,53696,26614422.07
2025-09-23,VISHWARAJ,EQ,INE430N01022,VISHWARAJ SUGAR IND LTD,8.46,8.47,8.25,8.28,8.46,-2.13,670789,5554132.74
2025-09-23,VITAL,EQ,INE0L4K01016,VITAL CHEMTECH LIMITED,54.8,54.85,54.8,54.85,57.45,-4.53,2400,131640.0
2025-09-23,VIVIANA,EQ,INE0MEG01014,VIVIANA POWER TECH LTD,1608.0,1693.9,1608.0,1658.15,1572.25,5.46,27000,44770050.66
2025-09-23,VIVIDHA,EQ,INE370E01029,VISAGAR POLYTEX LTD,0.82,0.85,0.81,0.82,0.81,1.23,397214,325715.48
2025-09-23,VIYASH,EQ,INE807F01027,VIYASH SCIENTIFIC LIMITED,203.59,208.0,201.22,203.42,203.59,-0.08,869077,176787641.75
2025-09-23,VLEGOV,EQ,INE03HW01020,VL E GOV AND IT SOL LTD,32.1,33.19,32.1,32.42,32.56,-0.43,217378,7047394.36
2025-09-23,VLSFINANCE,EQ,INE709A01018,VLS FINANCE LTD,229.3,230.0,227.0,228.3,227.23,0.47,7590,1732797.02
2025-09-23,VMART,EQ,INE665J01013,VMART RETAIL LTD,742.0,742.0,715.5,722.6,736.4,-1.87,168122,121484953.1
2025-09-23,VMM,EQ,INE01EA01019,VISHAL MEGA MART LIMITED,150.25,150.99,149.01,149.94,149.02,0.62,10295893,1543766221.56
2025-09-23,VOLTAMP,EQ,INE540H01012,VOLTAMP TRANSFORMERS LTD,7348.0,7379.0,7158.5,7179.0,7384.0,-2.78,54564,391714956.0
2025-09-23,VOLTAS,EQ,INE226A01021,VOLTAS LTD,1376.2,1386.4,1356.0,1372.7,1376.2,-0.25,799766,1097838749.15
2025-09-23,VPRPL,EQ,INE0AE001013,VISHNU PRAKASH R PUNGLI L,105.18,107.78,102.0,102.7,104.19,-1.43,2090329,214676781.92
2025-09-23,VRAJ,EQ,INE0S2V01010,VRAJ IRON AND STEEL LTD,159.99,159.99,153.7,154.16,157.66,-2.22,27034,4167561.54
2025-09-23,VRLLOG,EQ,INE366I01010,VRL LOGISTICS LIMITED,288.25,288.95,285.05,286.85,287.3,-0.16,104219,29895220.79
2025-09-23,VSSL,EQ,INE050M01012,VARDHMAN SPC STEEL LTD,275.2,277.85,274.2,275.55,274.65,0.33,32392,8925615.2
2025-09-23,VSTIND,EQ,INE710A01016,VST INDUSTRIES LTD,267.1,268.5,266.05,266.5,267.6,-0.41,87765,23389372.5
2025-09-23,VSTL,EQ,INE0QTF01015,VIBHOR STEEL TUBES LTD,161.99,163.79,161.14,161.94,161.04,0.56,11346,1837371.27
2025-09-23,VSTTILLERS,EQ,INE764D01017,VST TILLERS TRACTORS LTD,5186.0,5214.0,5122.0,5135.0,5186.0,-0.98,4915,25238525.0
2025-09-23,VTL,EQ,INE825A01020,VARDHMAN TEXTILES LIMITED,421.6,423.95,415.85,417.7,421.55,-0.91,102710,42901968.25
2025-09-23,WAAREEENER,EQ,INE377N01017,WAAREE ENERGIES LIMITED,3464.0,3520.0,3420.0,3435.1,3454.4,-0.56,1068121,3669102551.41
2025-09-23,WAAREEINDO,EQ,INE866K01023,INDOSOLAR LIMITED,506.65,506.65,506.65,506.65,506.65,0.0,0,0.0
2025-09-23,WAAREERTL,EQ,INE299N01021,WAAREE RENEWABLE TECH LTD,1059.6,1067.0,1043.0,1053.9,1055.4,-0.14,216789,228473932.39
2025-09-23,WABAG,EQ,INE956G01038,VA TECH WABAG LTD,1555.1,1568.8,1520.0,1544.8,1560.4,-1.0,121388,187520188.33
2025-09-23,WALCHANNAG,EQ,INE711A01022,WALCHANDNAGAR INDUSTRIES,209.5,213.79,208.25,209.13,209.08,0.02,135119,28257437.13
2025-09-23,WANBURY,EQ,INE107F01022,WANBURY LIMITED,247.15,252.3,244.1,249.55,249.65,-0.04,56536,14108558.97
2025-09-23,WCIL,EQ,INE0CJF01024,WESTERN CARRIERS (IND) L,144.97,146.97,142.3,142.69,144.87,-1.5,498288,71100715.94
2025-09-23,WEALTH,EQ,INE658T01017,WEALTH FRST PORT. MG. LTD,1220.0,1227.0,1210.0,1214.7,1220.1,-0.44,1911,2321291.61
2025-09-23,WEBELSOLAR,EQ,INE855C01023,WEBSOL ENERGY SYSTEM LTD,126.3,128.5,125.5,126.47,126.19,0.22,1128780,142756807.98
2025-09-23,WEIZMANIND,EQ,INE080A01014,WEIZMANN LTD,109.62,117.9,108.24,111.8,109.62,1.99,22834,2552841.27
2025-09-23,WEL,EQ,INE02WG01024,WONDER ELECTRICALS LTD,160.2,160.7,156.0,157.19,159.8,-1.63,77852,12237556.07
2025-09-23,WELCORP,EQ,INE191B01025,WELSPUN CORP LIMITED,889.3,889.3,881.2,883.15,892.35,-1.03,217436,192028608.71
2025-09-23,WELENT,EQ,INE625G01013,WELSPUN ENTERPRISES LTD.,547.95,552.6,545.1,547.9,548.2,-0.05,138450,75856758.38
2025-09-23,WELSPUNLIV,EQ,INE192B01031,WELSPUN LIVING LIMITED,123.39,123.39,121.12,121.97,123.39,-1.15,1128734,137671687.36
2025-09-23,WENDT,EQ,INE274C01019,WENDT (INDIA) LIMITED,9470.0,9499.5,9364.0,9422.0,9456.0,-0.36,9207,86748354.0
2025-09-23,WESTLIFE,EQ,INE274F01020,WESTLIFE FOODWORLD LTD,704.3,734.9,701.15,712.3,708.85,0.49,131601,93739390.69
2025-09-23,WEWIN,EQ,INE082W01014,WE WIN LIMITED,49.0,50.98,49.0,50.4,48.55,3.81,6902,347860.81
2025-09-23,WHEELS,EQ,INE715A01015,WHEELS INDIA LTD,798.5,816.6,798.0,809.15,797.7,1.44,187741,151910634.73
2025-09-23,WHIRLPOOL,EQ,INE716A01013,WHIRLPOOL OF INDIA LTD,1337.5,1341.4,1314.1,1320.9,1329.2,-0.62,81756,107991502.4
2025-09-23,WILLAMAGOR,EQ,INE210A01017,WILLIAMSON MAGOR,33.98,33.98,31.3,32.34,32.82,-1.46,21693,701551.62
2025-09-23,WINDLAS,EQ,INE0H5O01029,WINDLAS BIOTECH LIMITED,945.6,950.3,939.0,941.4,944.3,-0.31,18644,17551462.06
2025-09-23,WINDMACHIN,EQ,INE052A01021,WINDSOR MACHINES LIMITED,295.35,301.05,291.0,292.2,297.95,-1.93,51094,14929667.42
2025-09-23,WIPL,EQ,INE215F01023,THE WESTERN INDIA PLY LTD,174.39,174.39,170.0,173.47,171.5,1.15,1334,231408.98
2025-09-23,WIPRO,EQ,INE075A01022,WIPRO LTD,250.22,252.0,248.75,249.63,250.33,-0.28,8674114,2165319120.17
2025-09-23,WOCKPHARMA,EQ,INE049B01025,WOCKHARDT LIMITED,1482.5,1494.0,1474.7,1476.9,1481.1,-0.28,133355,196952002.76
2025-09-23,WONDERLA,EQ,INE066O01014,WONDERLA HOLIDAYS LTD.,638.0,639.3,627.0,630.0,639.75,-1.52,24699,15560370.0
2025-09-23,WORTHPERI,EQ,INE196Y01018,WORTH PERIPHERALS LIMITED,161.09,161.09,158.0,159.88,159.23,0.41,10308,1648043.09
2025-09-23,WSI,EQ,INE100D01014,W.S.INDUSTRIES (I) LTD.,77.59,78.9,75.64,77.51,76.74,1.0,66897,5185186.61
2025-09-23,WSTCSTPAPR,EQ,INE976A01021,WEST COAST PAPER MILLS LT,480.05,482.7,470.8,478.7,477.6,0.23,36866,17647754.65
2025-09-23,XCHANGING,EQ,INE692G01013,XCHANGING SOLUTIONS LTD,87.54,89.08,86.83,87.0,87.18,-0.21,80185,6976095.0
2025-09-23,XELPMOC,EQ,INE01P501012,XELPMOC DESIGN & TECH LTD,105.38,109.49,104.22,108.75,105.35,3.23,46153,5019138.75
2025-09-23,XPROINDIA,EQ,INE445C01015,XPRO INDIA LIMITED,1220.9,1231.9,1185.0,1191.0,1215.9,-2.05,42135,50182785.0
2025-09-23,XTGLOBAL,EQ,INE547B01028,XTGLOBAL INFOTECH LIMITED,44.79,45.89,41.4,42.3,44.61,-5.18,309460,13090157.76
2025-09-23,YASHO,EQ,INE616Z01012,YASHO INDUSTRIES LIMITED,1690.0,1704.6,1675.0,1684.8,1692.9,-0.48,8110,13663728.4
2025-09-23,YATHARTH,EQ,INE0JO301016,YATHARTH HOSP & TRA C S L,780.0,792.65,777.0,784.55,774.25,1.33,420462,329873456.97
2025-09-23,YATRA,EQ,INE0JR601024,YATRA ONLINE LIMITED,150.2,151.39,146.18,146.84,149.05,-1.48,1266878,186028360.88
2025-09-23,YESBANK,EQ,INE528G01035,YES BANK LIMITED,21.2,21.45,21.1,21.38,21.21,0.8,82429015,1762332271.52
2025-09-23,YUKEN,EQ,INE384C01016,YUKEN INDIA LIMITED,1002.7,1002.7,990.0,992.4,999.2,-0.68,1762,1748608.84
2025-09-23,ZAGGLE,EQ,INE07K301024,ZAGGLE PREPA OCEAN SER L,360.2,373.6,357.0,360.7,355.35,1.51,1552692,560056023.35
2025-09-23,ZEEL,EQ,INE256A01028,ZEE ENTERTAINMENT ENT LTD,120.0,120.38,117.6,118.14,119.91,-1.48,4470978,528201338.19
2025-09-23,ZEELEARN,EQ,INE565L01011,ZEE LEARN LIMITED,10.45,10.45,9.62,9.69,9.96,-2.71,2723326,26389027.8
2025-09-23,ZEEMEDIA,EQ,INE966H01019,ZEE MEDIA CORPORATION LTD,12.5,12.54,12.31,12.39,12.44,-0.4,2345087,29055628.74
2025-09-23,ZENITHEXPO,EQ,INE058B01018,ZENITH EXPORTS LTD,285.0,285.0,270.35,274.15,279.2,-1.81,592,162296.8
2025-09-23,ZENITHSTL,EQ,INE318D01020,ZENITH STEEL PIP IND LTD,7.4,7.55,7.3,7.44,7.42,0.27,70714,526112.16
2025-09-23,ZENSARTECH,EQ,INE520A01027,ZENSAR TECHNOLOGIES  LTD,811.8,820.0,805.9,808.1,810.3,-0.27,270098,218266187.21
2025-09-23,ZENTEC,EQ,INE251B01027,ZEN TECHNOLOGIES LIMITED,1644.0,1644.0,1590.0,1603.5,1605.4,-0.12,294825,472751887.5
2025-09-23,ZFCVINDIA,EQ,INE342J01019,ZF COM VE CTR SYS IND LTD,2221.67,2230.0,2134.17,2166.5,2221.67,-2.48,134922,292308513.0
2025-09-23,ZIMLAB,EQ,INE518E01015,ZIM LABORATORIES LIMITED,75.29,76.4,74.31,75.87,75.23,0.85,40105,3042766.46
2025-09-23,ZODIAC,EQ,INE761Y01019,ZODIAC ENERGY LIMITED,392.05,402.9,387.0,398.0,392.05,1.52,11629,4628342.0
2025-09-23,ZODIACLOTH,EQ,INE206B01013,ZODIAC CLOTHING CO. LTD.,104.69,105.45,102.16,103.4,103.45,-0.05,8190,846846.01
2025-09-23,ZOTA,EQ,INE358U01012,ZOTA HEALTH CARE LIMITED,1438.0,1475.0,1412.2,1466.2,1422.5,3.07,57953,84970685.77
2025-09-23,ZUARI,EQ,INE840M01016,ZUARI AGRO CHEMICALS LTD,270.95,281.0,268.1,274.2,269.2,1.86,521431,142976386.57
2025-09-23,ZUARIIND,EQ,INE217A01012,ZUARI INDUSTRIES LIMITED,287.95,331.95,287.95,313.4,286.55,9.37,3398144,1064978308.86
2025-09-23,ZYDUSLIFE,EQ,INE010B01027,ZYDUS LIFESCIENCES LTD,1035.5,1048.0,1030.3,1044.85,1035.7,0.88,544814,569248894.6
2025-09-23,ZYDUSWELL,EQ,INE768C01028,ZYDUS WELLNESS LIMITED,496.3,501.3,471.2,473.8,497.6,-4.78,428510,203028032.77
