date,symbol,series,isin,name,open,high,low,close,prev_close,chg_pct,volume,value
2025-12-04,3IINFOLTD,BE,INE748C01038,3I INFOTECH LIMITED,16.75,17.15,16.6,16.7,16.68,0.12,612008,10220534.07
2025-12-04,AARTECH,BE,INE01C001026,AARTECH SOLONICS LIMITED,50.2,51.39,49.71,50.59,49.82,1.55,31326,1584782.34
2025-12-04,AARTISURF,BE,INE09EO01013,AARTI SURFACTANTS LIMITED,412.65,421.0,406.85,408.0,413.75,-1.39,7865,3208920.0
2025-12-04,ABAN,BE,INE421A01028,ABAN OFFSHORE LTD.,33.57,33.97,33.2,33.37,33.9,-1.56,26697,890878.86
2025-12-04,ABINFRA,BE,INE00YB01025,A B INFRABUILD LIMITED,18.6,18.95,18.15,18.23,18.72,-2.62,114313,2083925.94
2025-12-04,ABMINTLLTD,BE,INE251C01025,ABM INTERNATIONAL LTD,43.11,44.9,41.2,42.82,43.11,-0.67,936,40079.52
2025-12-04,ACCURACY,BE,INE648Z01023,ACCURACY SHIPPING LIMITED,5.72,5.81,5.64,5.71,5.63,1.42,94705,540765.55
2025-12-04,AHLWEST,BE,INE915K01010,ASIAN HOTELS (WEST) LTD,144.15,144.15,144.15,144.15,144.15,0.0,0,0.0
2025-12-04,AKI,BE,INE642Z01026,AKI INDIA LIMITED,7.32,7.48,7.19,7.23,7.32,-1.23,129460,935995.8
2025-12-04,AKSHARCHEM,BE,INE542B01011,AKSHARCHEM INDIA LIMITED,254.6,257.0,250.25,252.0,250.65,0.54,916,230832.0
2025-12-04,AKSHOPTFBR,BE,INE523B01011,AKSH OPTIFIBRE  LTD,6.55,6.55,6.29,6.33,6.38,-0.78,132088,836117.03
2025-12-04,ALPHAGEO,BE,INE137C01018,ALPHAGEO (INDIA) LIMITED,233.89,238.79,226.0,229.29,231.57,-0.98,6126,1404630.5
2025-12-04,AMANTA,BE,INE084K01015,AMANTA HEALTHCARE LIMITED,103.0,104.29,101.0,101.82,103.45,-1.58,51966,5291178.1
2025-12-04,AMDIND,BE,INE005I01014,AMD INDUSTRIES LIMITED,53.66,53.75,52.0,52.61,52.58,0.06,7620,400888.2
2025-12-04,ANMOL,BE,INE02AR01019,ANMOL INDIA LIMITED,14.02,14.37,13.26,13.64,14.16,-3.67,63301,863425.66
2025-12-04,APTECHT,BE,INE266F01018,APTECH LIMITED,101.5,102.87,101.05,101.31,101.39,-0.08,38902,3941161.53
2025-12-04,ARIES,BE,INE298I01015,ARIES AGRO LTD.,338.4,339.0,327.1,330.7,333.9,-0.96,19783,6542238.34
2025-12-04,ASAHISONG,BE,INE228I01012,ASAHI SONGWON COLOR LTD,260.7,260.7,255.1,255.8,256.85,-0.41,1156,295704.8
2025-12-04,ASMS,BE,INE855F01042,AVIO SMART MRKT STACK LTD,11.72,11.89,11.31,11.39,11.71,-2.73,114054,1299075.1
2025-12-04,AVG,BE,INE680Z01018,AVG LOGISTICS LIMITED,188.13,190.69,171.99,176.08,188.12,-6.4,101239,17826163.31
2025-12-04,BAFNAPH,BE,INE878I01022,BAFNA PHARMACEUTICALS LTD,145.19,145.19,145.19,145.19,148.16,-2.0,126,18293.94
2025-12-04,BASML,BE,INE186H01022,BANNARI AM SPIN MILL LTD.,30.23,30.5,29.3,29.69,30.03,-1.13,107367,3187726.29
2025-12-04,BGRENERGY,BE,INE661I01014,BGR ENERGY SYSTEMS LTD,416.0,420.0,403.05,410.9,416.0,-1.23,75895,31185255.04
2025-12-04,BHAGERIA,BE,INE354C01027,BHAGERIA INDUSTRIES LTD,182.21,183.74,178.8,179.88,182.16,-1.25,34261,6162868.85
2025-12-04,BHARATGEAR,BE,INE561C01019,BHARAT GEARS LTD,107.94,108.0,105.16,107.06,106.55,0.48,21109,2259929.49
2025-12-04,BILVYAPAR,BE,INE071A01013,BIL VYAPAR LIMITED,7.0,7.46,6.75,7.02,7.11,-1.27,94606,664134.12
2025-12-04,BLISSGVS,BE,INE416D01022,BLISS GVS PHARMA LTD,154.96,175.9,154.96,166.87,154.96,7.69,33036746,5512841643.71
2025-12-04,BURNPUR,BE,INE817H01022,BURNPUR CEMENT LIMITED,33.0,33.0,33.0,33.0,33.0,0.0,0,0.0
2025-12-04,BYKE,BE,INE319B01014,THE BYKE HOSPITALITY LTD,53.37,54.05,52.5,52.89,53.1,-0.4,47284,2500850.73
2025-12-04,CALSOFT,BE,INE526B01014,CALIFORNIA SOFTWARE CO LT,16.4,16.6,16.03,16.09,16.28,-1.17,5003,80498.27
2025-12-04,CAPTRUST,BE,INE707C01018,CAPITAL TRUST LIMITED,11.16,11.99,11.08,11.33,11.67,-2.91,212355,2405982.13
2025-12-04,CHEMBONDCH,BE,INE0TGX01019,CHEMBOND CHEMICAL LIMITED,148.4,152.94,148.4,149.9,151.19,-0.85,3305,495419.48
2025-12-04,CHEMCON,BE,INE03YM01018,CHEMCON SPECIAL CHEM LTD,211.4,212.8,204.37,206.23,210.26,-1.92,36054,7435416.27
2025-12-04,CONSOFINVT,BE,INE025A01027,CONSO. FIN. & HOLD. LTD.,160.89,166.95,157.3,161.32,160.88,0.27,2881,464762.94
2025-12-04,COUNCODOS,BE,INE695B01025,COUNTRY CONDO S LIMITED,6.07,6.26,5.85,6.04,6.19,-2.42,26651,160972.04
2025-12-04,CTE,BE,INE627H01017,CAMBRIDGE TECH ENTER LTD,40.55,41.4,40.06,40.14,42.17,-4.81,52165,2093903.07
2025-12-04,CURAA,BE,INE117B01020,CURA TECHNOLOGIES LIMITED,128.0,141.0,128.0,139.62,134.5,3.81,1263,176340.05
2025-12-04,CYBERMEDIA,BE,INE278G01037,CYBER MEDIA (INDIA) LTD.,16.4,16.94,15.67,16.4,16.4,0.0,2882,47264.8
2025-12-04,CYBERTECH,BE,INE214A01019,CYBERTECH SYSTEMS & SOFTW,142.55,146.1,138.2,142.98,143.71,-0.51,24412,3490427.66
2025-12-04,DAMODARIND,BE,INE497D01022,DAMODAR INDUSTRIES LTD,31.5,34.1,31.5,32.16,31.62,1.71,79046,2542119.35
2025-12-04,DBSTOCKBRO,BE,INE921B01025,DB (INT) STOCK BROKERS,25.02,25.49,24.65,25.0,25.02,-0.08,8110,202750.0
2025-12-04,DELPHIFX,BE,INE726L01027,DELPHI WORLD MONEY LTD,16.4,16.73,15.93,16.57,16.45,0.72,1377195,22822876.23
2025-12-04,DIACABS,BE,INE989C01038,DIAMOND POWER INFRA LTD,143.61,145.17,142.45,143.21,144.2,-0.69,618157,88526268.12
2025-12-04,DIGJAMLMTD,BE,INE731U01028,DIGJAM LTD,40.01,40.01,40.01,40.01,40.01,0.0,0,0.0
2025-12-04,DPSCLTD,BE,INE360C01024,DPSC LIMITED,10.54,10.69,10.41,10.5,10.55,-0.47,101805,1068952.5
2025-12-04,DPWIRES,BE,INE864X01013,D P WIRES LIMITED,203.0,205.45,201.1,201.66,203.44,-0.87,10804,2178734.68
2025-12-04,DSKULKARNI,BE,INE891A01022,DS KULKARNI DEVELOPERS L,13.55,13.55,13.55,13.55,13.55,0.0,0,0.0
2025-12-04,DTIL,BE,INE341R01014,DHUNSERI TEA & IND. LTD.,163.69,163.69,160.03,161.66,161.88,-0.14,4879,788739.16
2025-12-04,E2E,BE,INE255Z01027,E2E NETWORKS LIMITED,217.02,224.99,210.84,220.46,214.24,2.9,1504580,331699716.9
2025-12-04,EASTSILK,BE,INE962C01035,EASTERN SILK INDUSTRIES L,90.03,90.03,90.03,90.03,85.75,4.99,678,61040.34
2025-12-04,EIFFL,BE,INE546V01010,EURO (I) FRESH FOODS LTD,216.78,218.63,213.22,216.82,215.75,0.5,19171,4156656.36
2025-12-04,EMAMIPAP,BE,INE830C01026,EMAMI PAPER MILLS LIMITED,89.4,90.71,89.01,89.36,89.39,-0.03,64025,5721274.04
2025-12-04,EMMBI,BE,INE753K01015,EMMBI INDUSTRIES LIMITED,100.3,103.48,100.3,100.65,101.39,-0.73,10794,1086416.12
2025-12-04,EQUIPPP,BE,INE217G01035,EQUIPPP SOC IMP TECH LTD,20.94,20.94,20.93,20.94,19.95,4.96,22236,465621.85
2025-12-04,ESAFSFB,BE,INE818W01011,ESAF SMALL FINANCE BANK L,26.27,26.5,26.1,26.4,26.26,0.53,140501,3709226.35
2025-12-04,EUROTEXIND,BE,INE022C01012,EUROTEX IND & EXPORTS LTD,21.28,21.28,21.28,21.28,21.28,0.0,0,0.0
2025-12-04,EVERESTIND,BE,INE295A01018,EVEREST INDUSTRIES LTD,518.4,519.2,509.1,515.05,518.4,-0.65,4051,2086467.5
2025-12-04,FAIRCHEMOR,BE,INE0DNW01011,FAIRCHEM ORGANICS LIMITED,678.05,698.15,676.05,695.3,679.0,2.4,23549,16373619.41
2025-12-04,FLEXITUFF,BE,INE060J01017,FLEXITUFF VENTURES INT L,16.6,17.3,16.58,16.58,17.46,-5.04,23500,389630.0
2025-12-04,FOCUS,BE,INE593W01028,FOCUS LIGHTG & FIXTRS LTD,71.28,73.66,70.01,70.67,71.23,-0.79,43547,3077466.41
2025-12-04,GANESHBE,BE,INE388A01029,GANESH BENZOPLAST LIMITED,81.5,82.6,80.5,81.44,82.12,-0.83,59005,4805367.34
2025-12-04,GATECH,BE,INE224E01028,GACM TECHNOLOGIES LIMITED,0.58,0.58,0.55,0.55,0.57,-3.51,8779028,4828465.5
2025-12-04,GATECHDVR,BE,INE224E01036,GACM TECHNOLOGIES LIMITED,0.5,0.51,0.5,0.5,0.5,0.0,347437,173718.5
2025-12-04,GEECEE,BE,INE916G01016,GEECEE VENTURES LIMITED,359.1,377.1,352.1,353.25,355.15,-0.53,3239,1144176.75
2025-12-04,GFSTEELS,BE,INE534A01028,GRAND FOUNDRY LTD,10.72,10.72,10.72,10.72,10.72,0.0,0,0.0
2025-12-04,GICL,BE,INE947T01022,GLOBE INTL CARRIERS LTD,43.45,43.45,42.6,42.6,43.5,-2.07,84000,3578399.87
2025-12-04,GINNIFILA,BE,INE424C01010,GINNIFILAMENTS LTD.,38.49,38.67,37.66,38.21,37.97,0.63,48177,1840843.13
2025-12-04,GOLDTECH,BE,INE805A01014,AION-TECH SOLUTIONS LTD,53.91,54.78,53.53,54.28,54.07,0.39,19022,1032514.14
2025-12-04,GULFPETRO,BE,INE586G01017,GP PETROLEUMS LIMITED,36.47,36.99,35.0,35.75,36.47,-1.97,55879,1997674.25
2025-12-04,GVKPIL,BE,INE251H01024,GVK POW. & INFRA LTD.,3.61,3.61,3.47,3.47,3.55,-2.25,1242769,4312408.47
2025-12-04,GVPTECH,BE,INE382T01030,GVP INFOTECH LIMITED,8.73,9.05,8.73,9.01,9.03,-0.22,18941,170658.41
2025-12-04,HEG,BE,INE545A01024,HEG LIMITED,524.0,535.55,522.0,523.1,523.7,-0.11,883365,462088209.93
2025-12-04,HFCL,BE,INE548A01028,HFCL LIMITED,69.12,72.26,68.72,70.47,68.8,2.43,20826668,1467655319.38
2025-12-04,HITECHCORP,BE,INE120D01012,HITECH CORPORATION LTD,181.28,183.44,181.0,183.44,182.19,0.69,950,174268.0
2025-12-04,HITECHGEAR,BE,INE127B01011,THE HI-TECH GEARS LIMITED,698.9,698.9,673.0,677.6,690.15,-1.82,619,419434.38
2025-12-04,HMVL,BE,INE871K01015,HINDUSTAN MEDIA VENT LTD,65.0,66.34,64.19,64.78,64.89,-0.17,23553,1525763.31
2025-12-04,HYBRIDFIN,BE,INE965B01022,HYBRID FINANCIAL SERVICE,19.5,20.2,19.29,19.79,19.48,1.59,8073,159764.68
2025-12-04,ICDSLTD,BE,INE613B01010,ICDSLTD,42.15,44.98,42.15,43.25,43.01,0.56,449,19419.25
2025-12-04,INDOAMIN,BE,INE760F01028,INDO AMINES LIMITED,118.87,120.0,117.5,118.14,118.61,-0.4,28589,3377504.44
2025-12-04,IVP,BE,INE043C01018,IVP LIMITED,160.25,163.4,160.25,161.1,160.25,0.53,1829,294651.91
2025-12-04,KALYANIFRG,BE,INE314G01014,KALYANI FORGE LIMITED,651.35,660.0,635.0,653.85,639.7,2.21,907,593041.93
2025-12-04,KAMDHENU,BE,INE390H01020,KAMDHENU LIMITED,26.09,26.41,25.0,25.76,26.13,-1.42,501446,12917249.07
2025-12-04,KANORICHEM,BE,INE138C01024,KANORIACHEMICALS-,73.11,75.0,73.11,73.91,73.85,0.08,9551,705914.44
2025-12-04,KAUSHALYA,BE,INE234I01028,KAUSHALYA INFRA DEV LTD.,901.0,903.0,900.0,900.0,907.6,-0.84,138,124200.0
2025-12-04,KAVDEFENCE,BE,INE641C01019,KAVVERI DFS & WIR TEC LTD,81.47,82.8,81.47,81.47,83.14,-2.01,144269,11753595.61
2025-12-04,KAYA,BE,INE587G01015,KAYA LIMITED,393.75,393.75,384.05,387.75,390.05,-0.59,2955,1145801.25
2025-12-04,KCPSUGIND,BE,INE790B01024,KCPSUGARINDUS,26.8,27.8,26.67,26.96,27.16,-0.74,60938,1642888.42
2025-12-04,KESORAMIND,BE,INE087A01019,KESORAM INDUSTRIES LTD,5.3,5.47,5.28,5.45,5.35,1.87,1265186,6895263.46
2025-12-04,KHADIM,BE,INE834I01025,KHADIM INDIA LIMITED,203.61,205.48,200.11,201.17,202.61,-0.71,7675,1543979.74
2025-12-04,KILITCH,BE,INE729D01010,KILITCH DRUGS INDIA LTD,171.27,171.5,168.75,170.88,170.43,0.26,16776,2866599.0
2025-12-04,KOTARISUG,BE,INE419A01022,KOTHARI SUG & CHEM LTD.,28.88,29.0,27.0,27.59,28.88,-4.47,63646,1755993.15
2025-12-04,KOTYARK,BE,INE0J0B01017,KOTYARK INDUSTRIES LTD,20.18,22.15,20.14,22.15,20.14,10.0,105600,2339039.96
2025-12-04,KRONOX,BE,INE0ATZ01017,KRONOX LAB SCIENCES LTD,136.85,140.18,136.41,137.06,137.35,-0.21,44038,6035848.17
2025-12-04,KSR,BE,INE1SPP01016,KSR FOOTWEAR LIMITED,24.95,24.95,24.95,24.95,26.27,-5.02,1510,37674.5
2025-12-04,LANCORHOL,BE,INE572G01025,LANCOR HOLDINGS LIMITED,25.5,26.45,25.0,25.78,25.74,0.16,7133,183888.74
2025-12-04,LOTUSDEV,BE,INE0V9Q01010,SRI LOTUS DEVLPRS N RTY L,163.46,163.75,156.52,156.96,163.46,-3.98,652415,102403062.78
2025-12-04,LYKALABS,BE,INE933A01014,LYKA LABS LTD.,82.7,84.19,80.5,81.16,83.59,-2.91,18968,1539442.95
2025-12-04,MADHUCON,BE,INE378D01032,MADHUCON PROJECTS LTD.,6.2,6.25,6.02,6.03,6.1,-1.15,10663,64297.89
2025-12-04,MAHASTEEL,BE,INE451L01014,MAHAMAYA STEEL INDS LTD,762.0,769.0,746.0,762.0,761.0,0.13,3903,2974086.0
2025-12-04,MANAKSTEEL,BE,INE824Q01011,MANAKSIA STEELS LTD,61.85,62.94,60.37,61.32,62.52,-1.92,5522,338609.04
2025-12-04,MAZDA,BE,INE885E01042,MAZDA LIMITED,232.0,258.74,232.0,239.09,231.7,3.19,77690,18574901.82
2025-12-04,MBECL,BE,INE748A01024,MCNALLY BHARAT ENGIN CO L,65.4,65.4,65.4,65.4,65.4,0.0,0,0.0
2025-12-04,MEDICAMEQ,BE,INE646B01010,MEDICAMEN BIOTECH LIMITED,380.0,391.1,380.0,389.05,387.0,0.53,8030,3124071.4
2025-12-04,MENONBE,BE,INE071D01033,MENON BEARINGS LIMITED,105.78,109.0,104.22,106.88,104.73,2.05,15667,1674488.92
2025-12-04,MHLXMIRU,BE,INE112D01035,MAHALAXMI RUBTECH LIMITED,226.19,234.8,223.77,228.72,223.46,2.35,8329,1905008.89
2025-12-04,MICEL,BE,INE287C01037,MIC ELECTRONICS LTD,45.25,46.74,44.53,44.96,45.34,-0.84,1722962,77464369.94
2025-12-04,MODISONLTD,BE,INE737D01021,MODISON LIMITED,153.0,155.95,149.41,151.4,151.85,-0.3,145845,22080932.11
2025-12-04,MOLDTECH,BE,INE835B01035,MOLD-TEK TECHNOLOGIES LTD,166.0,167.0,159.47,164.95,163.65,0.79,65527,10808678.45
2025-12-04,MTARTECH,BE,INE864I01014,MTAR TECHNOLOGIES LIMITED,2506.5,2544.0,2500.6,2518.2,2505.8,0.49,102730,258694680.98
2025-12-04,MTEDUCARE,BE,INE472M01018,MT EDUCARE LTD,1.92,1.99,1.86,1.89,1.92,-1.56,13419,25361.91
2025-12-04,MUKKA,BE,INE0CG401037,MUKKA PROTEINS LIMITED,27.6,30.26,25.22,25.45,25.22,0.91,20894978,531777206.04
2025-12-04,MUKTAARTS,BE,INE374B01019,MUKTA ARTS LIMITED,63.2,64.99,60.52,62.82,64.16,-2.09,4887,307001.34
2025-12-04,NATCAPSUQ,BE,INE936B01015,NATURAL CAPSULES LIMITED,186.19,195.4,185.0,192.84,186.19,3.57,6430,1239961.18
2025-12-04,NAVKARURB,BE,INE268H01044,NAVKAR URBANSTRUCTURE LTD,1.54,1.59,1.52,1.55,1.56,-0.64,344970,534703.48
2025-12-04,NECCLTD,BE,INE553C01016,NORTH EAST CARRY CORP LTD,19.99,20.2,19.55,20.01,19.55,2.35,67913,1358939.15
2025-12-04,NEUEON,BE,INE333I01044,NEUEON CORPORATION LTD,5.22,5.22,5.22,5.22,5.22,0.0,0,0.0
2025-12-04,NIRAJISPAT,BE,INE326T01011,NIRAJ ISPAT IND LTD,228.0,228.0,208.05,208.73,219.0,-4.69,1135,236908.55
2025-12-04,NRL,BE,INE0JM501013,NUPUR RECYCLERS LIMITED,62.35,62.35,59.6,59.76,60.79,-1.69,29073,1737402.43
2025-12-04,NURECA,BE,INE0DSF01015,NURECA LIMITED,303.0,308.0,299.1,305.65,299.8,1.95,41254,12609284.85
2025-12-04,OCCLLTD,BE,INE0PK601023,OCCL LIMITED,98.1,100.4,97.88,98.86,99.57,-0.71,21612,2136562.33
2025-12-04,OILCOUNTUB,BE,INE591A01010,OIL COUNTRY TUBULAR LTD.,69.06,69.06,65.0,65.71,68.58,-4.18,42683,2804699.89
2025-12-04,OMFREIGHT,BE,INE1BZC01019,OM FREIGHT FORWARDERS LTD,90.7,91.99,89.99,90.12,90.93,-0.89,38214,3443845.78
2025-12-04,ONELIFECAP,BE,INE912L01015,ONELIFE CAP ADVISORS LTD,13.22,14.36,12.99,14.15,13.68,3.44,44305,626915.73
2025-12-04,ONMOBILE,BE,INE809I01019,ONMOBILE GLOBAL LTD.,61.34,61.83,57.77,58.3,62.83,-7.21,3600594,209914627.45
2025-12-04,ORBTEXP,BE,INE231G01010,ORBIT EXPORTS LIMITED,197.35,205.49,197.35,198.92,198.34,0.29,6441,1281243.71
2025-12-04,ORIENTLTD,BE,INE609C01024,ORIENT PRESS LIMITED,81.01,81.35,80.65,81.3,81.24,0.07,721,58617.3
2025-12-04,OSIAHYPER,BE,INE06IR01021,OSIA HYPER RETAIL LIMITED,16.13,17.18,16.13,16.23,16.98,-4.42,684536,11110018.97
2025-12-04,PANACHE,BE,INE895W01019,PANACHE DIGILIFE LIMITED,357.0,381.9,356.55,368.95,375.3,-1.69,4293,1583902.4
2025-12-04,PAR,BE,INE04LG01015,PAR DRUGS AND CHEM LTD,88.2,88.52,86.14,87.85,86.3,1.8,9277,814984.44
2025-12-04,PARSVNATH,BE,INE561H01026,PARSVNATH DEVELOPER LTD,12.99,13.05,12.43,12.55,12.68,-1.03,478474,6004848.79
2025-12-04,PATINTLOG,BE,INE529D01014,PATEL INT. LOG. LTD,14.05,14.2,13.7,13.97,13.99,-0.14,51074,713503.79
2025-12-04,PKTEA,BE,INE431F01018,THE P K TEA PROD CO LTD,770.0,770.0,740.0,764.25,758.0,0.82,429,327863.25
2025-12-04,PPAP,BE,INE095I01015,PPAP AUTOMOTIVE LIMITED,241.6,241.6,235.02,237.69,237.41,0.12,7315,1738702.37
2025-12-04,PPL,BE,INE050001010,PRAKASH PIPES LIMITED,242.0,245.28,234.0,238.74,244.43,-2.33,47587,11360920.64
2025-12-04,PREMIER,BE,INE342A01018,PREMIER LIMITED,3.09,3.09,2.92,2.99,3.08,-2.92,9730,29092.7
2025-12-04,PRITIKAUTO,BE,INE583R01029,PRITIKA AUTO INDUS LTD,14.19,14.23,13.9,13.94,14.05,-0.78,142566,1987369.98
2025-12-04,PRUDMOULI,BE,INE024D01016,PRUDENTIAL SUGAR CORPORAT,24.82,24.82,23.07,24.81,23.64,4.95,30617,759607.75
2025-12-04,QMSMEDI,BE,INE0FMW01018,QMS MEDICAL ALLIED S LTD,92.6,94.5,90.75,91.0,92.05,-1.14,16000,1456000.0
2025-12-04,RADHIKAJWE,BE,INE583V01021,RADHIKA JEWELTECH LIMITED,77.75,81.17,77.0,79.34,77.4,2.51,328393,26054699.42
2025-12-04,RAJOOENG,BE,INE535F01024,RAJOO ENGINEERS LIMITED,70.64,72.24,68.25,69.07,70.64,-2.22,678727,46879673.68
2025-12-04,RAJRILTD,BE,INE533D01032,RAJ RAYON INDUSTRIES LTD,21.6,21.66,21.6,21.66,21.24,1.98,17806,385677.96
2025-12-04,RAMASTEEL,BE,INE230R01035,RAMA STEEL TUBES LIMITED,9.89,9.98,9.85,9.9,9.9,0.0,2687026,26601556.37
2025-12-04,RBZJEWEL,BE,INE0PEQ01016,RBZ JEWELLERS LIMITED,136.35,138.06,135.22,136.3,135.67,0.46,71064,9686023.42
2025-12-04,RCOM,BE,INE330H01018,RELIANCE COMMUNICATIONS L,1.24,1.25,1.21,1.23,1.23,0.0,1853047,2279247.85
2025-12-04,RELINFRA,BE,INE036A01016,RELIANCE INFRASTRUCTU LTD,161.99,162.65,157.99,158.88,160.58,-1.06,553115,87878913.9
2025-12-04,REPL,BE,INE364Z01019,RUDRABHISHEK ENTERP LTD,129.33,135.0,128.43,129.34,129.97,-0.48,6866,888048.41
2025-12-04,RMDRIP,BE,INE219Y01026,R M DRIP & SPRINK SYS LTD,46.74,46.78,46.24,46.54,46.23,0.67,522617,24321724.44
2025-12-04,RNBDENIMS,BE,INE012Q01039,R&B DENIMS LIMITED,39.67,39.67,38.67,38.95,39.9,-2.38,35823,1395186.44
2025-12-04,ROLLT,BE,INE927A01040,ROLLATAINERS LIMITED,1.19,1.21,1.13,1.15,1.17,-1.71,156426,179889.9
2025-12-04,RPPL,BE,INE760W01023,RAJSHREE POLYPACK LTD,18.81,19.34,18.01,18.14,18.96,-4.32,119148,2161344.65
2025-12-04,RSWM,BE,INE611A01016,RSWM LIMITED,154.21,157.38,154.2,155.48,154.23,0.81,20265,3150802.11
2025-12-04,SADHNANIQ,BE,INE888C01040,SADHANA NITROCHEM LIMITED,6.72,6.84,6.5,6.64,6.59,0.76,483711,3211840.98
2025-12-04,SANGINITA,BE,INE753W01010,SANGINITA CHEMICALS LTD,10.25,10.25,9.26,10.0,10.2,-1.96,29580,295800.0
2025-12-04,SCPL,BE,INE501Y01019,SHEETAL COOL PRODUCTS LTD,200.0,202.81,198.0,201.61,197.65,2.0,12252,2470125.73
2025-12-04,SETCO,BE,INE878E01021,SETCO AUTOMOTIVE LTD,16.0,16.15,15.51,15.66,15.87,-1.32,66451,1040622.65
2025-12-04,SEYAIND,BE,INE573R01012,SEYA INDUSTRIES LIMITED,19.53,19.53,19.53,19.53,19.53,0.0,0,0.0
2025-12-04,SHAHALLOYS,BE,INE640C01011,SHAH ALLOYS LIMITED,70.77,71.85,69.1,69.95,71.18,-1.73,14219,994619.01
2025-12-04,SHALPAINTS,BE,INE849C01026,SHALIM PAINTS LTD,65.0,65.3,63.62,64.09,64.42,-0.51,47789,3062796.83
2025-12-04,SHEKHAWATI,BE,INE268L01046,SHEKHAWATI INDUSTRIES LTD,19.94,21.5,19.25,20.86,19.58,6.54,31925,665955.52
2025-12-04,SHEMAROO,BE,INE363M01019,SHEMAROO ENTER. LTD.,108.15,116.5,108.15,113.41,108.81,4.23,12455,1412521.6
2025-12-04,SHYAMCENT,BE,INE979R01011,SHYAM CENTURY FERROUS LTD,6.9,7.03,6.66,6.72,6.82,-1.47,394332,2649910.96
2025-12-04,SICALLOG,BE,INE075B01020,SICAL LOGISTICS LIMITED,88.3,90.99,85.01,88.0,88.03,-0.03,2018,177584.0
2025-12-04,SIGIND,BE,INE529F01035,SIGNET INDUSTRIES LIMITED,51.69,51.69,49.1,49.53,50.09,-1.12,3596,178109.88
2025-12-04,SIGMAADV,BE,INE933B01012,SIGMA ADVANCED SYSTEM LTD,192.05,204.5,192.05,197.66,194.88,1.43,108764,21498292.64
2025-12-04,SIKKO,BE,INE112X01025,SIKKO INDUSTRIES LIMITED,5.62,5.65,5.28,5.61,5.56,0.99,778386,4370637.21
2025-12-04,SMARTLINK,BE,INE178C01020,SMARTLINK HOLDINGS LTD,132.1,136.55,132.1,135.7,136.13,-0.32,1013,137464.1
2025-12-04,SONAMLTD,BE,INE00LM01029,SONAM LIMITED,43.55,44.72,42.56,44.04,43.97,0.16,50191,2210411.69
2025-12-04,SPECIALITY,BE,INE247M01014,SPECIALITY REST LTD,121.96,122.49,118.31,118.87,121.36,-2.05,49455,5878715.99
2025-12-04,SPECTRUM,BE,INE01EO01010,SPECTRUM ELECTRIC IND LTD,1173.2,1189.9,1132.5,1137.2,1164.5,-2.34,5069,5764466.55
2025-12-04,SREEL,BE,INE099F01013,SREELEATHERS LIMITED,226.01,228.3,225.0,226.37,225.94,0.19,946,214146.02
2025-12-04,STALLION,BE,INE0RYC01010,STALLION IND FLUOROCHEM L,166.7,176.12,162.09,176.12,167.74,5.0,381622,67211264.78
2025-12-04,STERTOOLS,BE,INE334A01023,STERLING TOOLS LIMITED,284.0,286.3,278.8,282.85,283.0,-0.05,23791,6729284.5
2025-12-04,STLTECH,BE,INE089C01029,STERLITE TECHNOLOGIES LTD,102.5,103.11,98.97,100.0,103.16,-3.06,1433346,143334600.0
2025-12-04,SUNDRMBRAK,BE,INE073D01013,SUNDARAMBRAKE LININGS LTD,724.3,734.8,710.0,717.8,723.6,-0.8,2629,1887096.17
2025-12-04,SUPERSPIN,BE,INE662A01027,SUPER SPINNING MILLS LTD,8.96,9.24,8.56,8.8,8.97,-1.9,54999,483991.21
2025-12-04,SUTLEJTEX,BE,INE645H01027,SUTLEJ TEXT & INDUS LTD,34.0,34.75,33.05,34.04,34.14,-0.29,29247,995567.91
2025-12-04,SWANDEF,BE,INE542F01020,SWAN DEFENCE N HEVY IND L,1142.2,1142.2,1142.2,1142.2,1142.2,0.0,0,0.0
2025-12-04,SWARAJ,BE,INE0GMR01016,SWARAJ SUITING LIMITED,251.85,258.0,251.55,254.55,251.85,1.07,81500,20745825.25
2025-12-04,SYSTMTXC,BE,INE356B01024,SYSTEMATIX CORP SERVICE L,155.02,159.04,155.01,157.73,157.96,-0.15,81105,12792691.3
2025-12-04,TICL,BE,INE388G01026,TWAMEV CONS AND INFRA LTD,28.15,28.79,26.74,27.24,28.15,-3.23,119620,3258448.77
2025-12-04,TIJARIA,BE,INE440L01017,TIJARIA POLYPIPES LTD,6.48,6.76,5.97,6.2,6.48,-4.32,58236,361063.19
2025-12-04,TIL,BE,INE806C01018,TIL LTD,277.65,280.0,272.05,273.8,281.15,-2.61,18163,4973029.18
2025-12-04,TIRUPATIFL,BE,INE319Y01024,TIRUPATI FORGE LIMITED,33.38,34.9,32.81,33.09,33.38,-0.87,215220,7121629.83
2025-12-04,TOTAL,BE,INE336X01012,TOTAL TRANSPORT SYS LTD,71.6,87.89,71.02,86.05,73.35,17.31,748594,64416515.98
2025-12-04,TPHQ,BE,INE065J01024,TEAMO PRODUCTIONS HQ LTD,0.54,0.55,0.53,0.54,0.54,0.0,1436586,775756.47
2025-12-04,TRANSWORLD,BE,INE757B01015,TRANSWORLD SHIP LINES LTD,180.11,181.69,171.0,173.98,178.47,-2.52,29676,5163030.35
2025-12-04,TVVISION,BE,INE871L01013,TV VISION LIMITED,5.87,5.9,5.71,5.79,5.85,-1.03,9199,53262.21
2025-12-04,UCAL,BE,INE139B01016,UCAL LIMITED,112.0,114.68,108.3,111.49,113.17,-1.48,13914,1551271.83
2025-12-04,UFBL,BE,INE382M01027,UNITED FOODBRANDS LIMITED,181.6,182.42,178.5,180.47,180.61,-0.08,53072,9577903.9
2025-12-04,UMAEXPORTS,BE,INE0GIU01018,UMA EXPORTS LIMITED,40.0,40.61,38.1,39.45,39.04,1.05,33937,1338814.68
2025-12-04,UNIVASTU,BE,INE562X01013,UNIVASTU INDIA LIMITED,69.01,69.01,67.52,67.88,68.47,-0.86,17153,1164345.59
2025-12-04,UNIVPHOTO,BE,INE03V001013,UNIVERSUS IMAGINGS LTD,238.0,245.75,235.5,239.0,240.45,-0.6,1177,281303.0
2025-12-04,URAVIDEF,BE,INE568Z01015,URAVI DEFENCE &TECH LTD,185.0,185.0,175.0,175.57,180.57,-2.77,3082,541106.76
2025-12-04,UYFINCORP,BE,INE152C01025,U. Y. FINCORP LIMITED,14.21,14.7,14.21,14.41,14.4,0.07,4022,57957.02
2025-12-04,VALIANTLAB,BE,INE0JWS01017,VALIANT LABORATORIES LTD,66.38,67.9,64.01,64.57,65.06,-0.75,47431,3062619.66
2025-12-04,VALIANTORG,BE,INE565V01010,VALIANT ORGANICS LIMITED,252.05,268.1,252.05,268.1,255.35,4.99,14558,3902999.89
2025-12-04,VARDHACRLC,BE,INE116G01013,VARDHAMAN ACRYLICS LTD,37.75,38.3,37.51,38.0,37.95,0.13,12720,483360.0
2025-12-04,VCL,BE,INE098201036,VAXTEX COTFAB LIMITED,2.2,2.2,2.2,2.2,2.1,4.76,912328,2007121.64
2025-12-04,VENUSREM,BE,INE411B01019,VENUS REMEDIES LIMITED,779.0,779.0,732.5,764.15,771.05,-0.89,62573,47815159.48
2025-12-04,VETO,BE,INE918N01018,VETO SWITCHGEAR CABLE LTD,108.0,109.97,107.5,107.98,108.65,-0.62,20018,2161543.71
2025-12-04,VHLTD,BE,INE048C01025,VICEROY HOTELS LIMITED,129.0,131.95,124.1,124.67,127.51,-2.23,2450,305441.5
2025-12-04,VIJIFIN,BE,INE159N01027,VIJI FINANCE LIMITED,2.45,2.69,2.41,2.49,2.45,1.63,952237,2371070.14
2025-12-04,VIPULLTD,BE,INE946H01037,VIPUL LIMITED,7.55,8.16,7.55,7.97,7.46,6.84,632152,5038251.31
2025-12-04,VIVIMEDLAB,BE,INE526G01021,VIVIMED LABS LIMITED,4.95,4.95,4.95,4.95,4.95,0.0,0,0.0
2025-12-04,WELINV,BE,INE389K01018,WELSPUN INV & COMM LTD,1297.7,1324.1,1297.7,1307.1,1302.6,0.35,667,871835.68
2025-12-04,AGSTRA,BZ,INE583L01014,AGS TRANSACT TECH LTD,4.25,4.25,4.05,4.1,4.22,-2.84,241938,991945.78
2025-12-04,ANKITMETAL,BZ,INE106I01010,ANKIT MET & POW LTD,1.84,1.84,1.75,1.76,1.79,-1.68,15246,26832.96
2025-12-04,ANSALAPI,BZ,INE436A01026,ANSAL PROP & INFRA LTD,3.43,3.44,3.36,3.42,3.43,-0.29,35335,120845.7
2025-12-04,ARSHIYA,BZ,INE968D01022,ARSHIYA LIMITED,1.46,1.46,1.41,1.43,1.48,-3.38,58591,83785.13
2025-12-04,ASTRON,BZ,INE646X01014,ASTRON PAPER BORD MIL LTD,6.0,6.15,5.86,5.9,6.17,-4.38,156913,925786.71
2025-12-04,COMPINFO,BZ,INE070C01037,COMPUAGE INFOCOM LTD,1.76,1.84,1.75,1.79,1.8,-0.56,9257,16570.03
2025-12-04,DHARAN,BZ,INE278R01034,DHARAN INFRA-EPC LIMITED,0.34,0.35,0.33,0.33,0.35,-5.71,57254844,18894099.27
2025-12-04,FEL,BZ,INE623B01027,FUTURE ENTERPRISES LTD,0.48,0.48,0.48,0.48,0.47,2.13,115272,55330.56
2025-12-04,FELDVR,BZ,IN9623B01058,FUTURE ENTERPRISES LTD,3.0,3.0,2.86,3.0,3.0,0.0,775,2325.0
2025-12-04,FLFL,BZ,INE452O01016,FUT LIFESTYLE FASH LTD,1.37,1.39,1.3,1.39,1.36,2.21,98465,136866.35
2025-12-04,GENSOL,BZ,INE06H201014,GENSOL ENGINEERING LTD,28.9,28.9,27.25,27.63,28.4,-2.71,95228,2631149.56
2025-12-04,GOLDENTOBC,BZ,INE973A01010,GOLDEN TOBACCO LIMITED,34.06,34.06,32.47,32.78,34.18,-4.1,553,18127.34
2025-12-04,HDIL,BZ,INE191I01012,HOUSING DEV & INFRA LTD,2.58,2.58,2.51,2.52,2.58,-2.33,294654,742528.07
2025-12-04,HMT,BZ,INE262A01018,HMT LTD -,49.8,49.8,47.65,48.42,49.4,-1.98,18979,918963.15
2025-12-04,IL&FSENGG,BZ,INE369I01014,IL&FS ENG AND CONS CO LTD,28.03,29.4,27.5,27.54,28.03,-1.75,8635,237807.91
2025-12-04,IL&FSTRANS,BZ,INE975G01012,IL&FS TRANS NET LTD,2.7,2.7,2.6,2.65,2.69,-1.49,46345,122814.25
2025-12-04,IMPEXFERRO,BZ,INE691G01015,IMPEX FERRO TECH LIMITED,1.88,1.88,1.8,1.83,1.8,1.67,6927,12676.41
2025-12-04,LAKPRE,BZ,INE651C01018,LAKSHMI PRE SCRE LTD,5.09,5.29,5.0,5.29,5.09,3.93,3237,17123.73
2025-12-04,MEP,BZ,INE776I01010,MEP INFRA. DEVELOPERS LTD,2.15,2.17,2.09,2.13,2.14,-0.47,25689,54717.57
2025-12-04,RAJESHEXPO,BZ,INE343B01030,RAJESH EXPORTS LTD,192.47,192.6,187.8,188.7,192.47,-1.96,159567,30110292.41
2025-12-04,RHFL,BZ,INE217K01011,RELIANCE HOME FINANCE LTD,3.11,3.18,3.04,3.13,3.11,0.64,629922,1971655.93
2025-12-04,SANWARIA,BZ,INE890C01046,SANWARIA CONSUMER LIMITED,0.27,0.28,0.26,0.27,0.27,0.0,1377093,371815.12
2025-12-04,SETUINFRA,BZ,INE023M01027,SETUBANDHAN INFRA LTD,0.5,0.5,0.48,0.48,0.49,-2.04,25421,12202.08
2025-12-04,SHRENIK,BZ,INE632X01030,SHRENIK LIMITED,0.55,0.57,0.54,0.54,0.55,-1.82,412630,222820.21
2025-12-04,SIMBHALS,BZ,INE748T01016,SIMBHAOLI SUGARS LTD.,9.23,9.67,9.15,9.4,9.51,-1.16,14938,140417.19
2025-12-04,SITINET,BZ,INE965H01011,SITI NETWORKS LIMITED,0.33,0.33,0.32,0.32,0.33,-3.03,1097636,351243.51
2025-12-04,SUPREMEENG,BZ,INE319Z01021,SUPREME ENGINEERING LTD,1.03,1.07,1.03,1.07,1.02,4.9,100191,107204.38
2025-12-04,20MICRONS,EQ,INE144J01027,20 MICRONS LTD,190.6,193.29,188.25,189.92,190.6,-0.36,38690,7348004.73
2025-12-04,21STCENMGM,EQ,INE253B01015,21ST CENTURY MGMT SERVICE,41.39,41.39,41.39,41.39,40.58,2.0,2748,113739.72
2025-12-04,360ONE,EQ,INE466L01038,360 ONE WAM LIMITED,1151.9,1187.8,1123.9,1127.9,1148.1,-1.76,312892,352910894.44
2025-12-04,3MINDIA,EQ,INE470A01017,3M INDIA LIMITED,34760.0,35125.0,34350.0,34750.0,34760.0,-0.03,4288,149008000.0
2025-12-04,3PLAND,EQ,INE105C01023,3P LAND HOLDINGS LIMITED,40.5,40.5,38.01,39.24,39.23,0.03,1376,53994.24
2025-12-04,5PAISA,EQ,INE618L01018,5PAISA CAPITAL LIMITED,321.25,321.25,315.8,317.15,318.7,-0.49,48462,15369723.0
2025-12-04,63MOONS,EQ,INE111B01023,63 MOONS TECHNOLOGIES LTD,843.1,846.8,816.15,819.2,843.1,-2.83,202484,165874895.27
2025-12-04,A2ZINFRA,EQ,INE619I01012,A2Z INFRA ENGINEERING LTD,15.03,15.47,14.64,15.13,15.03,0.67,194099,2936717.89
2025-12-04,AAATECH,EQ,INE0D0U01013,AAA TECHNOLOGIES LIMITED,89.5,95.21,89.5,95.21,90.68,5.0,53236,5068599.51
2025-12-04,AADHARHFC,EQ,INE883F01010,AADHAR HOUSING FINANCE L,481.1,486.8,480.8,481.35,484.35,-0.62,128765,61981033.54
2025-12-04,AAKASH,EQ,INE087Z01024,AAKASH EXPLORATION SER L,8.93,8.93,8.7,8.74,8.83,-1.02,49323,431083.01
2025-12-04,AAREYDRUGS,EQ,INE198H01019,AAREY DRUGS & PHARM LTD,73.49,79.35,73.49,78.83,77.36,1.9,341360,26909409.43
2025-12-04,AARON,EQ,INE721Z01010,AARON INDUSTRIES LIMITED,178.93,185.96,178.91,185.02,178.93,3.4,9674,1789883.52
2025-12-04,AARTIDRUGS,EQ,INE767A01016,AARTI DRUGS LTD.,410.7,412.75,406.15,407.85,410.7,-0.69,127399,51959682.93
2025-12-04,AARTIIND,EQ,INE769A01020,AARTI INDUSTRIES LTD,372.4,372.4,368.15,369.65,370.05,-0.11,388395,143570209.38
2025-12-04,AARTIPHARM,EQ,INE0LRU01027,AARTI PHARMALABS LIMITED,711.0,725.85,703.75,723.45,707.75,2.22,155064,112181052.69
2025-12-04,AARVI,EQ,INE754X01016,AARVI ENCON LIMITED,126.5,128.97,123.81,124.3,123.67,0.51,27583,3428566.98
2025-12-04,AAVAS,EQ,INE216P01012,AAVAS FINANCIERS LIMITED,1467.9,1497.8,1460.0,1482.1,1465.7,1.12,812839,1204708662.06
2025-12-04,ABB,EQ,INE117A01022,ABB INDIA LIMITED,5100.0,5182.0,5095.0,5172.5,5107.0,1.28,90233,466730192.5
2025-12-04,ABBOTINDIA,EQ,INE358A01014,ABBOTT INDIA LIMITED,28890.0,29190.0,28770.0,28850.0,28890.0,-0.14,6556,189140600.0
2025-12-04,ABCAPITAL,EQ,INE674K01013,ADITYA BIRLA CAPITAL LTD.,349.2,350.95,347.7,349.4,350.0,-0.17,1540673,538311136.8
2025-12-04,ABCOTS,EQ,INE08PH01015,A B COTSPIN INDIA LIMITED,418.4,418.9,412.35,418.25,419.0,-0.18,36081,15090878.25
2025-12-04,ABDL,EQ,INE552Z01027,ALLIED BLEND N DISTILS L,624.4,630.3,615.0,628.8,616.75,1.95,392788,246985089.61
2025-12-04,ABFRL,EQ,INE647O01011,ADITYA BIRLA FASHION & RT,76.35,77.17,75.9,76.38,76.74,-0.47,1733537,132407551.3
2025-12-04,ABGSEC,EQ,INF209KC1134,BIRLASLAMC - ABGSEC,111.0,111.25,111.0,111.25,111.0,0.23,246,27367.5
2025-12-04,ABLBL,EQ,INE14LE01019,ADITYA BIRLA LIFES BRAN L,131.51,133.25,130.67,132.24,132.43,-0.14,663234,87706067.8
2025-12-04,ABREL,EQ,INE055A01016,ADITYA BIRLA REAL EST LTD,1767.9,1808.3,1750.1,1777.0,1767.9,0.51,261079,463937383.0
2025-12-04,ABSLAMC,EQ,INE404A01024,ADIT BIRL SUN LIF AMC LTD,720.0,730.0,718.1,727.5,723.15,0.6,114963,83635582.5
2025-12-04,ABSLBANETF,EQ,INF209KB17D5,BIRLASLAMC - ABSLBANETF,61.18,61.18,59.99,60.5,60.58,-0.13,298721,18072620.5
2025-12-04,ABSLLIQUID,EQ,INF209KB18T9,BIRLASLAMC - ABSLLIQUID,1000.01,1000.01,999.99,999.99,1000.0,-0.0,1688,1687983.1
2025-12-04,ABSLNN50ET,EQ,INF209KB16D7,BIRLASLAMC - ABSLNN50ET,71.51,72.1,71.51,71.87,71.78,0.13,6009,431866.85
2025-12-04,ABSLPSE,EQ,INF209KB19Z4,BIRLASLAMC-ABSLPSE,9.97,10.22,9.91,9.94,9.93,0.1,197797,1966102.1
2025-12-04,ACC,EQ,INE012A01025,ACC LIMITED,1838.0,1843.9,1808.0,1815.2,1840.2,-1.36,209730,380701885.76
2025-12-04,ACCELYA,EQ,INE793A01012,ACCELYA SOLN INDIA LTD,1324.0,1329.9,1307.0,1325.4,1316.6,0.67,5449,7222104.73
2025-12-04,ACE,EQ,INE731H01025,ACTION CONST EQUIP LTD,972.85,981.0,965.25,976.65,972.85,0.39,59633,58240570.91
2025-12-04,ACEINTEG,EQ,INE543V01017,ACE INTEGRATED SOLU. LTD.,21.46,22.89,21.43,22.39,21.56,3.85,1465,32801.35
2025-12-04,ACI,EQ,INE128X01021,ARCHEAN CHEMICAL IND LTD,504.95,510.9,500.95,506.6,505.7,0.18,36397,18438720.42
2025-12-04,ACL,EQ,INE666E01020,ANDHRA CEMENTS LIMITED,71.0,73.0,71.0,72.58,72.38,0.28,7343,532954.95
2025-12-04,ACMESOLAR,EQ,INE622W01025,ACME SOLAR HOLDINGS LTD,216.5,221.68,216.5,219.24,218.41,0.38,1391521,305077071.68
2025-12-04,ACUTAAS,EQ,INE00FF01025,ACUTAAS CHEMICALS LIMITED,1738.0,1750.0,1700.0,1709.2,1735.4,-1.51,158067,270168108.68
2025-12-04,ADANIENSOL,EQ,INE931S01010,ADANI ENERGY SOLUTION LTD,970.0,979.25,965.6,971.7,969.5,0.23,612340,595010785.47
2025-12-04,ADANIENT,EQ,INE423A01024,ADANI ENTERPRISES LIMITED,2188.0,2231.7,2183.4,2217.9,2189.8,1.28,2522821,5595364449.53
2025-12-04,ADANIGREEN,EQ,INE364U01010,ADANI GREEN ENERGY LTD,1013.8,1027.1,1006.8,1013.4,1012.6,0.08,1349599,1367683659.55
2025-12-04,ADANIPORTS,EQ,INE742F01042,ADANI PORT & SEZ LTD,1497.7,1509.1,1490.2,1505.6,1497.7,0.53,1591805,2396621569.14
2025-12-04,ADANIPOWER,EQ,INE814H01029,ADANI POWER LTD,145.0,146.84,142.31,142.73,144.97,-1.55,11150119,1591456437.23
2025-12-04,ADFFOODS,EQ,INE982B01027,ADF FOODS LIMITED,205.0,206.95,203.0,203.75,205.31,-0.76,35493,7231698.75
2025-12-04,ADL,EQ,INE0CHO01012,ARCHIDPLY DECOR LIMITED,77.6,77.6,75.5,76.75,76.26,0.64,468,35919.0
2025-12-04,ADOR,EQ,INE045A01017,ADOR WELDING LTD,1065.5,1094.1,1059.0,1071.7,1068.1,0.34,57942,62096438.57
2025-12-04,ADROITINFO,EQ,INE737B01033,ADROIT INFOTECH LIMITED,10.2,10.22,9.87,10.07,10.0,0.7,72743,732521.99
2025-12-04,ADSL,EQ,INE102I01027,ALLIED DIGITAL SERV. LTD,163.0,165.5,161.81,162.3,163.58,-0.78,89034,14450218.47
2025-12-04,ADVANCE,EQ,INE1B0W01010,ADVANCE AGROLIFE LIMITED,121.4,122.8,120.0,121.23,121.4,-0.14,176396,21384487.67
2025-12-04,ADVANIHOTR,EQ,INE199C01026,ADVANI HOT.& RES.(I) LTD,57.86,58.11,57.27,57.45,57.58,-0.23,24110,1385119.52
2025-12-04,ADVENTHTL,EQ,INE28GN01010,ADVENT HOTELS INTERNATI L,208.99,211.0,203.26,204.5,209.39,-2.34,381503,78017363.5
2025-12-04,ADVENZYMES,EQ,INE837H01020,ADVANCED ENZYME TECH LTD,313.15,315.05,310.35,314.0,313.6,0.13,60163,18891182.0
2025-12-04,AEGISLOG,EQ,INE208C01025,AEGIS LOGISTICS LIMITED,767.2,771.65,757.2,761.35,769.3,-1.03,157416,119848667.76
2025-12-04,AEGISVOPAK,EQ,INE0INX01018,AEGIS VOPAK TERMINALS LTD,269.6,275.0,262.25,263.85,269.6,-2.13,465665,122865713.09
2025-12-04,AEROENTER,EQ,INE065D01027,AEROFLEX ENTERPRISES LTD,84.44,85.9,83.0,84.64,84.86,-0.26,138562,11727887.6
2025-12-04,AEROFLEX,EQ,INE024001021,AEROFLEX INDUSTRIES LTD,177.0,181.78,176.9,178.32,177.47,0.48,226675,40420687.66
2025-12-04,AERONEU,EQ,INE035801013,AEROFLEX NEU LIMITED,74.48,77.25,74.0,75.96,74.8,1.55,21123,1604503.06
2025-12-04,AETHER,EQ,INE0BWX01014,AETHER INDUSTRIES LIMITED,875.0,881.9,857.9,864.4,875.05,-1.22,96730,83613414.36
2025-12-04,AFCONS,EQ,INE101I01011,AFCONS INFRASTRUCTURE LTD,401.9,402.4,398.5,400.3,402.8,-0.62,295052,118109312.0
2025-12-04,AFFLE,EQ,INE00WC01027,AFFLE 3I LIMITED,1631.5,1654.0,1620.2,1645.7,1631.4,0.88,199392,328139404.66
2025-12-04,AFFORDABLE,EQ,INE692Z01013,AFFORD ROBO & AUTO LTD,219.0,219.47,212.71,217.57,219.03,-0.67,19749,4296790.07
2025-12-04,AFIL,EQ,INE916Y01027,AKME FINTRADE (INDIA) LTD,7.1,7.22,6.97,7.14,7.05,1.28,930903,6646647.3
2025-12-04,AFSL,EQ,INE00ZE01026,ABANS FINANCIAL SRVCS LTD,203.0,203.5,201.0,201.02,201.03,-0.0,43511,8746581.41
2025-12-04,AGARIND,EQ,INE204E01012,AGARWAL INDS CORP LTD.,748.0,767.0,745.15,749.65,759.4,-1.28,33020,24753443.81
2025-12-04,AGARWALEYE,EQ,INE943P01029,DR AGARWALS HEALTH CARE L,508.25,510.8,498.0,503.35,508.25,-0.96,162661,81875415.34
2025-12-04,AGI,EQ,INE415A01038,AGI GREENPAC LIMITED,762.3,767.15,751.3,754.5,762.3,-1.02,22234,16775553.0
2025-12-04,AGIIL,EQ,INE976R01033,AGI INFRA LIMITED,270.1,273.1,266.0,267.45,271.15,-1.36,65229,17445496.85
2025-12-04,AGRITECH,EQ,INE449G01018,AGRI-TECH (INDIA) LIMITED,122.1,143.2,122.1,136.15,120.07,13.39,520582,70877236.12
2025-12-04,AGROPHOS,EQ,INE740V01019,AGRO PHOS INDIA LIMITED,37.65,38.67,37.65,38.09,38.38,-0.76,13975,532307.75
2025-12-04,AHCL,EQ,INE0Y8W01025,ANLON HEALTHCARE LIMITED,14.35,15.58,14.35,15.16,14.95,1.37,1969350,29853377.43
2025-12-04,AHLADA,EQ,INE00PV01013,AHLADA ENGINEERS LIMITED,52.35,52.8,50.02,52.05,51.0,2.06,4887,254368.35
2025-12-04,AHLEAST,EQ,INE926K01017,ASIAN HOTELS (EAST) LTD,137.05,139.95,135.2,135.32,139.95,-3.31,3286,444661.54
2025-12-04,AHLUCONT,EQ,INE758C01029,AHLUWALIA CONT IND LTD,1005.0,1007.95,993.2,998.3,1008.5,-1.01,25921,25876933.98
2025-12-04,AIAENG,EQ,INE212H01026,AIA ENGINEERING LIMITED,3913.0,3913.0,3810.5,3843.8,3895.3,-1.32,93800,360548444.58
2025-12-04,AIIL,EQ,INE206F01022,AUTHUM INVEST & INFRA LTD,520.0,524.34,515.82,520.02,520.18,-0.03,706250,367264138.79
2025-12-04,AIRAN,EQ,INE645W01026,AIRAN LIMITED,18.35,18.71,18.06,18.33,18.42,-0.49,94555,1733193.14
2025-12-04,AIROLAM,EQ,INE801L01010,AIRO LAM LIMITED,100.08,111.0,100.08,104.61,101.56,3.0,9703,1015030.84
2025-12-04,AJANTPHARM,EQ,INE031B01049,AJANTA PHARMA LIMITED,2582.0,2650.0,2582.0,2628.5,2606.7,0.84,92430,242952255.0
2025-12-04,AJAXENGG,EQ,INE274Y01021,AJAX ENGINEERING LIMITED,622.0,630.0,621.0,624.45,628.85,-0.7,32530,20313358.9
2025-12-04,AJMERA,EQ,INE298G01035,AJMERA REALTY & INF I LTD,197.56,199.78,197.2,197.42,197.56,-0.07,62120,12263730.29
2025-12-04,AJOONI,EQ,INE820Y01021,AJOONI BIOTECH LIMITED,4.67,4.72,4.54,4.56,4.7,-2.98,229436,1046228.15
2025-12-04,AKASH,EQ,INE737W01013,AKASH INFRA-PROJECTS LTD,25.15,25.98,25.02,25.3,25.43,-0.51,4255,107651.5
2025-12-04,AKG,EQ,INE00Y801016,AKG EXIM LIMITED,11.99,12.28,11.9,12.24,11.98,2.17,27597,337787.27
2025-12-04,AKSHAR,EQ,INE256Z01025,AKSHAR SPINTEX LIMITED,0.55,0.56,0.54,0.54,0.55,-1.82,1025070,553537.82
2025-12-04,AKUMS,EQ,INE09XN01023,AKUMS DRUGS AND PHARMA L,424.05,424.05,418.85,420.3,420.85,-0.13,77304,32490870.26
2025-12-04,ALANKIT,EQ,INE914E01040,ALANKIT LIMITED,10.69,10.94,10.69,10.91,10.69,2.06,98472,1074329.5
2025-12-04,ALBERTDAVD,EQ,INE155C01010,ALBERT DAVID LIMITED,786.0,787.55,770.05,772.1,779.6,-0.96,1788,1380514.76
2025-12-04,ALEMBICLTD,EQ,INE426A01027,ALEMBIC LIMITED,103.0,103.29,101.3,102.74,102.6,0.14,284931,29273810.33
2025-12-04,ALICON,EQ,INE062D01024,ALICON CASTALLOY LIMITED,865.0,882.5,865.0,869.2,871.3,-0.24,5117,4447696.46
2025-12-04,ALIVUS,EQ,INE03Q201024,ALIVUS LIFE SCIENCES LTD,875.1,887.2,865.0,872.05,874.05,-0.23,1036792,904134450.94
2025-12-04,ALKALI,EQ,INE773I01017,ALKALI METALS LTD,81.0,81.76,78.51,79.54,80.84,-1.61,3726,296366.04
2025-12-04,ALKEM,EQ,INE540L01014,ALKEM LABORATORIES LTD.,5669.0,5692.5,5638.0,5659.0,5647.5,0.2,87945,497680755.0
2025-12-04,ALKYLAMINE,EQ,INE150B01039,ALKYL AMINES CHEM. LTD,1651.7,1674.7,1640.1,1658.4,1658.4,0.0,18366,30458174.85
2025-12-04,ALLCARGO,EQ,INE418H01029,ALLCARGO LOGISTICS LTD,13.1,13.46,12.94,13.34,13.1,1.83,2869196,38275075.08
2025-12-04,ALLDIGI,EQ,INE835G01018,ALLDIGI TECH LIMITED,830.2,835.7,820.3,824.45,830.2,-0.69,3010,2481594.54
2025-12-04,ALLTIME,EQ,INE0GV601021,ALL TIME PLASTICS LIMITED,276.55,284.65,276.0,280.9,277.4,1.26,71881,20191372.46
2025-12-04,ALMONDZ,EQ,INE326B01035,ALMONDZ GLOBAL SEC LTD,16.8,17.38,16.8,17.18,16.98,1.18,52199,896778.84
2025-12-04,ALOKINDS,EQ,INE270A01029,ALOK INDUSTRIES LIMITED,16.4,16.52,16.3,16.36,16.48,-0.73,2245374,36734320.01
2025-12-04,ALPA,EQ,INE385I01010,ALPA LABORATORIES LTD,87.4,87.4,82.25,82.92,86.69,-4.35,29738,2465874.91
2025-12-04,ALPHA,EQ,INF174KA1IA5,KOTAKMAMC - KOTAKALPHA,49.05,49.48,48.8,48.93,49.32,-0.79,1681425,82272125.76
2025-12-04,ALPHAETF,EQ,INF769K01KU7,MIRAEAMC - ALPHAETF,25.62,25.62,25.43,25.46,25.48,-0.08,205292,5226734.13
2025-12-04,ALPL30IETF,EQ,INF109KC17V7,ICICIPRAMC - ICICIALPLV,27.8,27.99,27.77,27.95,27.77,0.65,232812,6507095.58
2025-12-04,AMBER,EQ,INE371P01015,AMBER ENTERPRISES (I) LTD,7026.5,7087.0,6720.0,6750.0,7026.5,-3.94,330024,2227662000.0
2025-12-04,AMBICAAGAR,EQ,INE792B01012,AMBICA AGAR & AROMAINDLTD,25.65,25.95,25.45,25.45,25.29,0.63,1001,25475.45
2025-12-04,AMBIKCO,EQ,INE540G01014,AMBIKA COTTON MILL LTD.,1250.5,1250.5,1229.0,1234.2,1238.6,-0.36,3212,3964250.24
2025-12-04,AMBUJACEM,EQ,INE079A01024,AMBUJA CEMENTS LTD,535.6,543.5,527.6,536.9,535.35,0.29,2474836,1328739508.82
2025-12-04,AMJLAND,EQ,INE606A01024,AMJ LAND HOLDINGS LIMITED,52.8,52.8,51.1,51.61,51.76,-0.29,15789,814870.3
2025-12-04,AMNPLST,EQ,INE275D01022,AMINES & PLASTICIZERS LTD,196.6,196.6,188.25,189.37,194.39,-2.58,4764,902158.66
2025-12-04,AMRUTANJAN,EQ,INE098F01031,AMRUTAJAN HEALTH LTD,673.0,673.35,665.0,667.0,668.3,-0.19,2773,1849591.0
2025-12-04,ANANDRATHI,EQ,INE463V01026,ANAND RATHI WEALTH LTD,1460.05,1471.65,1445.0,1467.1,1454.5,0.87,125488,184103441.74
2025-12-04,ANANTRAJ,EQ,INE242C01024,ANANT RAJ LIMITED,553.0,553.0,539.5,540.35,553.35,-2.35,1358590,734114073.33
2025-12-04,ANDHRAPAP,EQ,INE435A01051,ANDHRA PAPER LIMITED,67.09,67.8,66.5,66.99,67.08,-0.13,47816,3203193.74
2025-12-04,ANDHRSUGAR,EQ,INE715B01021,ANDHRA SUGARS LTD,77.17,77.33,75.2,75.68,77.17,-1.93,147982,11199277.81
2025-12-04,ANGELONE,EQ,INE732I01021,ANGEL ONE LIMITED,266.03,268.5,261.8,262.5,267.02,-1.69,10428600,2737507500.0
2025-12-04,ANIKINDS,EQ,INE087B01017,ANIK INDUSTRIES LTD,58.0,58.0,54.2,57.14,55.64,2.7,23720,1355360.79
2025-12-04,ANNAPURNA,EQ,INE0MGM01017,ANNAPURNA SWADISHT LTD,235.5,238.3,221.6,226.25,235.35,-3.87,132000,29865000.0
2025-12-04,ANTELOPUS,EQ,INE818A01017,ANTELOPUS SELAN ENRGY LTD,396.75,396.75,385.0,387.25,390.75,-0.9,27835,10779103.75
2025-12-04,ANTGRAPHIC,EQ,INE414B01021,ANTARCTICA LTD,0.95,0.99,0.95,0.96,0.95,1.05,177001,169920.96
2025-12-04,ANTHEM,EQ,INE0CZ201020,ANTHEM BIOSCIENCES LTD,662.8,664.5,656.25,662.0,663.7,-0.26,153757,101787134.0
2025-12-04,ANUHPHR,EQ,INE489G01022,ANUH PHARMA LIMITED,80.5,80.5,79.0,79.29,79.93,-0.8,37863,3002157.3
2025-12-04,ANUP,EQ,INE294Z01018,THE ANUP ENGINEERING LTD,2182.5,2228.8,2168.0,2211.7,2184.8,1.23,20004,44242845.82
2025-12-04,ANURAS,EQ,INE930P01018,ANUPAM RASAYAN INDIA LTD,1255.2,1272.0,1230.0,1251.4,1253.9,-0.2,435842,545412689.44
2025-12-04,AONEGOLD,EQ,INF1J2R01114,AONEAMC - AONEGOLD,11.93,11.93,11.93,11.93,11.97,-0.32,0,0.0
2025-12-04,AONELIQUID,EQ,INF1J2R01056,AONEAMC - AONELIQUID,1037.05,1037.05,1037.03,1037.04,1036.89,0.01,42497,44071090.54
2025-12-04,AONENIFTY,EQ,INF1J2R01064,AONEAMC - AONENIFTY,10.71,10.71,10.59,10.66,10.64,0.19,108219,1153614.52
2025-12-04,AONETOTAL,EQ,INF1J2R01015,AONEAMC - AONETOTAL,12.07,12.07,11.96,12.01,12.01,0.0,214792,2579651.97
2025-12-04,APARINDS,EQ,INE372A01015,APAR INDUSTRIES LTD.,8720.5,8930.0,8714.0,8847.5,8719.0,1.47,36167,319987532.5
2025-12-04,APCL,EQ,INE071F01012,ANJANI PORTLAND CEM LTD,116.51,119.99,116.11,116.44,116.51,-0.06,3671,427451.25
2025-12-04,APCOTEXIND,EQ,INE116A01032,APCOTEX INDUSTRIES LIMITE,393.0,397.45,390.0,390.4,391.65,-0.32,10397,4058988.74
2025-12-04,APEX,EQ,INE346W01013,APEX FROZEN FOODS LIMITED,280.9,282.45,273.5,275.8,279.85,-1.45,365538,100815375.94
2025-12-04,APLAPOLLO,EQ,INE702C01027,APL APOLLO TUBES LTD,1760.0,1776.0,1752.7,1772.9,1752.1,1.19,668646,1185442509.72
2025-12-04,APLLTD,EQ,INE901L01018,ALEMBIC PHARMA LTD,892.3,909.0,892.3,901.75,909.5,-0.85,37607,33912112.25
2025-12-04,APOLLO,EQ,INE713T01028,APOLLO MICRO SYSTEMS LTD,270.8,270.9,265.1,265.95,270.85,-1.81,1636444,435212301.78
2025-12-04,APOLLOHOSP,EQ,INE437A01024,APOLLO HOSPITALS ENTER. L,7184.0,7227.5,7158.0,7201.0,7184.0,0.24,306183,2204823783.0
2025-12-04,APOLLOPIPE,EQ,INE126J01016,APOLLO PIPES LIMITED,298.4,298.8,295.0,295.65,298.4,-0.92,25363,7498570.8
2025-12-04,APOLLOTYRE,EQ,INE438A01022,APOLLO TYRES LTD,531.7,539.2,526.5,530.6,535.2,-0.86,1001462,531375712.75
2025-12-04,APOLSINHOT,EQ,INE451F01024,APOLLO SINDOORI HOTEL LTD,1245.0,1284.0,1245.0,1252.4,1232.8,1.59,344,430825.61
2025-12-04,APTUS,EQ,INE852O01025,APTUS VALUE HSG FIN I LTD,277.45,284.75,274.6,283.95,275.95,2.9,1358120,385638190.58
2025-12-04,AQYLON,EQ,INE416A01051,AQYLON NEXUS LIMITED,1251.0,1331.5,1251.0,1301.1,1301.3,-0.02,82035,106735736.5
2025-12-04,ARCHIDPLY,EQ,INE877I01016,ARCHIDPLY IND. LTD,91.96,92.94,89.65,92.03,90.03,2.22,4376,402723.27
2025-12-04,ARCHIES,EQ,INE731A01020,ARCHIES LTD,18.4,20.4,18.3,18.97,18.4,3.1,44937,852454.86
2025-12-04,ARE&M,EQ,INE885A01032,AMARA RAJA ENERGY MOB LTD,947.35,949.9,939.65,940.3,945.65,-0.57,137906,129673010.12
2025-12-04,ARENTERP,EQ,INE610C01014,RAJDARSHAN INDUSTRIES LTD,58.95,60.0,54.0,59.41,58.3,1.9,4456,264730.96
2025-12-04,ARFIN,EQ,INE784R01023,ARFIN INDIA LIMITED,60.79,60.79,59.0,59.71,60.0,-0.48,110355,6589296.95
2025-12-04,ARIHANTCAP,EQ,INE420B01036,ARIHANT CAPITAL MKTS LTD,99.0,99.01,96.1,96.59,98.31,-1.75,252481,24387138.87
2025-12-04,ARIHANTSUP,EQ,INE643K01018,ARIHANT SUPERSTRUCT LTD,352.7,353.8,333.55,335.1,349.3,-4.07,86505,28987826.03
2025-12-04,ARIS,EQ,INE0H9P01028,ARISINFRA SOLUTIONS LTD,131.45,134.4,130.22,131.75,131.37,0.29,235420,31016585.0
2025-12-04,ARKADE,EQ,INE0QRL01017,ARKADE DEVELOPERS LIMITED,164.45,164.45,161.25,162.14,163.07,-0.57,259937,42146185.02
2025-12-04,ARMANFIN,EQ,INE109C01017,ARMAN FIN SERV LTD,1539.8,1551.9,1502.0,1508.6,1539.8,-2.03,20429,30819188.9
2025-12-04,AROGRANITE,EQ,INE210C01013,ARO GRANITE IND. LTD.,31.5,32.0,30.2,30.34,31.01,-2.16,15033,456101.22
2025-12-04,ARROWGREEN,EQ,INE570D01018,ARROW GREENTECH LIMITED,529.05,532.5,517.0,519.0,524.25,-1.0,10973,5694987.0
2025-12-04,ARSSBL,EQ,INE549H01021,ANAND RATHI SH N STK BR L,631.05,645.95,621.0,624.2,633.65,-1.49,484424,302377466.71
2025-12-04,ARTEMISMED,EQ,INE025R01021,ARTEMIS MED SERVICE LTD,270.05,272.55,264.2,266.1,271.2,-1.88,143217,38110044.57
2025-12-04,ARTNIRMAN,EQ,INE738V01013,ART NIRMAN LIMITED,49.62,50.01,48.77,49.28,51.34,-4.01,1335,65788.8
2025-12-04,ARVEE,EQ,INE006Z01016,ARVEE LABORATORIES I LTD,178.0,178.0,160.5,164.62,162.06,1.58,402,66177.24
2025-12-04,ARVIND,EQ,INE034A01011,ARVIND LIMITED,341.0,344.25,337.4,337.9,342.35,-1.3,160287,54160976.32
2025-12-04,ARVINDFASN,EQ,INE955V01021,ARVIND FASHIONS LIMITED,487.55,495.05,486.05,493.3,485.55,1.6,84090,41481595.97
2025-12-04,ARVSMART,EQ,INE034S01021,ARVIND SMARTSPACES LTD,597.0,606.0,591.75,603.9,599.55,0.73,26265,15861434.14
2025-12-04,ASAHIINDIA,EQ,INE439A01020,ASAHI INDIA GLASS LIMITED,1037.5,1055.0,1032.1,1051.9,1043.3,0.82,64866,68232546.98
2025-12-04,ASAL,EQ,INE900C01027,AUTOMOTIVE STAMPINGS & AS,511.0,516.45,503.5,505.65,513.35,-1.5,12826,6485466.82
2025-12-04,ASALCBR,EQ,INE073G01016,ASSO ALCOHOLS & BREW LTD,967.1,977.95,965.0,969.75,962.25,0.78,11954,11592391.5
2025-12-04,ASHAPURMIN,EQ,INE348A01023,ASHAPURA MINECHEM LTD,696.95,707.0,676.45,682.1,698.65,-2.37,347000,236688691.53
2025-12-04,ASHIANA,EQ,INE365D01021,ASHIANA HOUSING LTD,297.2,299.5,295.0,297.6,296.9,0.24,12862,3827731.28
2025-12-04,ASHIMASYN,EQ,INE440A01010,ASHIMA LTD,19.0,19.0,18.6,18.65,18.68,-0.16,33066,616680.89
2025-12-04,ASHOKA,EQ,INE442H01029,ASHOKA BUILDCON LTD,166.51,167.34,163.66,163.91,166.61,-1.62,646586,105981913.63
2025-12-04,ASHOKAMET,EQ,INE760Y01011,ASHOKA METCAST LIMITED,15.92,15.99,15.55,15.67,15.92,-1.57,9633,150949.11
2025-12-04,ASHOKLEY,EQ,INE208A01029,ASHOK LEYLAND LTD,162.1,163.48,159.85,160.21,162.71,-1.54,12196009,1953922683.77
2025-12-04,ASIANENE,EQ,INE276G01015,ASIAN ENERGY SERVICES LTD,288.7,291.55,277.1,278.6,288.75,-3.52,102781,28634787.23
2025-12-04,ASIANHOTNR,EQ,INE363A01022,ASIAN HOTELS (NORTH) LTD,321.45,326.0,317.05,324.55,321.7,0.89,7515,2438993.16
2025-12-04,ASIANPAINT,EQ,INE021A01026,ASIAN PAINTS LIMITED,2950.0,2985.7,2934.0,2957.2,2953.5,0.13,1466098,4335544934.01
2025-12-04,ASIANTILES,EQ,INE022I01019,ASIAN GRANITO IND. LTD.,63.63,64.95,63.0,63.51,64.04,-0.83,692478,43979276.62
2025-12-04,ASKAUTOLTD,EQ,INE491J01022,ASK AUTOMOTIVE LIMITED,485.5,491.0,477.75,482.75,489.75,-1.43,168604,81393581.0
2025-12-04,ASPINWALL,EQ,INE991I01015,ASPINWALL & CO LTD,239.5,242.0,226.35,228.89,242.1,-5.46,11313,2589432.56
2025-12-04,ASTEC,EQ,INE563J01010,ASTEC LIFESCIENCES LTD,845.0,851.2,805.1,814.9,852.15,-4.37,740856,603723572.49
2025-12-04,ASTERDM,EQ,INE914M01019,ASTER DM QUALITY CARE LTD,660.0,660.8,648.9,653.25,655.45,-0.34,393410,256995082.5
2025-12-04,ASTRAL,EQ,INE006I01046,ASTRAL LIMITED,1404.6,1446.9,1404.6,1440.7,1409.6,2.21,783804,1129226384.53
2025-12-04,ASTRAMICRO,EQ,INE386C01029,ASTRA MICROWAVE LTD,900.0,915.85,882.15,885.9,902.8,-1.87,291898,258592445.33
2025-12-04,ASTRAZEN,EQ,INE203A01020,ASTRAZENECA PHARMA IND LT,9091.0,9264.0,9071.0,9203.0,9118.0,0.93,7411,68203433.0
2025-12-04,ATALREAL,EQ,INE0ALR01029,ATAL REALTECH LIMITED,23.59,24.0,23.3,23.85,23.48,1.58,1544493,36836158.64
2025-12-04,ATAM,EQ,INE09KD01013,ATAM VALVES LIMITED,84.0,84.0,82.7,82.86,83.56,-0.84,7142,591786.12
2025-12-04,ATGL,EQ,INE399L01023,ADANI TOTAL GAS LIMITED,592.8,597.0,591.1,593.0,593.4,-0.07,231421,137232653.0
2025-12-04,ATHERENERG,EQ,INE0LEZ01016,ATHER ENERGY LIMITED,682.3,696.95,654.8,672.2,682.3,-1.48,2315617,1556557775.67
2025-12-04,ATL,EQ,INE0NN701020,ALLCARGO TERMINALS LTD,25.99,27.5,25.57,25.91,25.82,0.35,445279,11537178.82
2025-12-04,ATLANTAA,EQ,INE285H01022,ATLANTAA LIMITED,41.07,42.0,39.55,40.75,41.6,-2.04,84212,3431639.0
2025-12-04,ATLANTAELE,EQ,INE0Z4F01028,ATLANTA ELECTRICALS LTD,896.0,900.05,831.0,892.05,901.5,-1.05,239309,213475590.53
2025-12-04,ATLASCYCLE,EQ,INE446A01025,ATLAS CYCLE (HARYANA) LTD,93.11,96.2,93.11,94.77,95.38,-0.64,1523,144334.7
2025-12-04,ATUL,EQ,INE100A01010,ATUL LTD,5818.0,5829.0,5733.5,5756.0,5773.5,-0.3,18210,104816760.0
2025-12-04,ATULAUTO,EQ,INE951D01028,ATUL AUTO LIMITED,452.05,453.7,448.0,449.3,451.8,-0.55,29736,13360384.44
2025-12-04,AUBANK,EQ,INE949L01017,AU SMALL FINANCE BANK LTD,949.0,954.0,943.65,948.75,948.7,0.01,651215,617840231.25
2025-12-04,AURIONPRO,EQ,INE132H01018,AURIONPRO SOLN LTD,1085.0,1100.0,1076.0,1079.8,1078.2,0.15,60023,64812838.33
2025-12-04,AUROPHARMA,EQ,INE406A01037,AUROBINDO PHARMA LTD,1215.4,1226.8,1209.1,1223.1,1208.9,1.17,740597,905824172.62
2025-12-04,AURUM,EQ,INE898S01029,AURUM PROPTECH LIMITED,165.76,169.63,165.76,168.62,168.0,0.37,25670,4328475.27
2025-12-04,AURUS,EQ,INE142K01011,AURUS GEM CORP LIMITED,5.1,5.14,4.96,5.07,4.98,1.81,20425,103554.75
2025-12-04,AUSOMENT,EQ,INE218C01016,AUSOM ENTERPRISE LIMITED,117.55,120.0,112.1,116.01,118.9,-2.43,28531,3309881.37
2025-12-04,AUTOAXLES,EQ,INE449A01011,AUTOMOTIVE AXLES LIMITED,1800.0,1849.9,1785.0,1817.4,1821.1,-0.2,12103,21995992.5
2025-12-04,AUTOBEES,EQ,INF204KC1337,NIPPONAMC - NETFAUTO,287.27,287.27,275.74,285.16,284.27,0.31,289229,82476542.7
2025-12-04,AUTOIETF,EQ,INF109KC10V2,ICICIPRAMC - ICICIAUTO,28.52,28.68,28.36,28.55,28.47,0.28,606915,17327422.79
2025-12-04,AUTOIND,EQ,INE718H01014,AUTOLINE INDUSTRIES LTD,72.6,75.24,72.2,72.73,72.63,0.14,155745,11327334.37
2025-12-04,AVADHSUGAR,EQ,INE349W01017,AVADH SUG & ENERGY LTD,363.6,365.0,356.0,359.6,362.1,-0.69,14518,5220672.89
2025-12-04,AVALON,EQ,INE0LCL01028,AVALON TECHNOLOGIES LTD,925.0,932.75,888.05,895.55,932.85,-4.0,302012,270466842.91
2025-12-04,AVANTEL,EQ,INE005B01027,AVANTEL LIMITED,153.2,154.88,145.35,151.18,153.05,-1.22,1065718,161115239.43
2025-12-04,AVANTIFEED,EQ,INE871C01038,AVANTI FEEDS LIMITED,830.0,852.55,814.3,818.2,827.8,-1.16,1047579,857129150.59
2025-12-04,AVL,EQ,INE679V01027,ADITYA VISION LIMITED,506.9,514.75,498.7,505.5,505.95,-0.09,282669,142889179.5
2025-12-04,AVONMORE,EQ,INE323B01024,AVONMORE CAP&MGT SERV LTD,17.48,17.48,17.0,17.11,17.04,0.41,328546,5621422.26
2025-12-04,AVROIND,EQ,INE652Z01025,AVRO INDIA LIMITED,13.6,13.81,13.35,13.5,13.69,-1.35,31420,424201.43
2025-12-04,AVTNPL,EQ,INE488D01021,AVT NATURAL PRODUCTS LTD,66.71,67.62,66.71,66.93,67.46,-0.79,35762,2393550.67
2025-12-04,AWFIS,EQ,INE108V01019,AWFIS SPACE SOLUTIONS LTD,511.45,514.35,485.0,491.7,511.45,-3.86,356260,175173046.35
2025-12-04,AWHCL,EQ,INE01BK01022,ANTONY WASTE HDG CELL LTD,448.6,449.8,431.5,434.65,446.65,-2.69,79382,34503385.82
2025-12-04,AWL,EQ,INE699H01024,AWL AGRI BUSINESS LIMITED,247.5,250.25,245.5,249.25,247.55,0.69,1575472,392686396.0
2025-12-04,AXISBANK,EQ,INE238A01034,AXIS BANK LIMITED,1270.7,1282.8,1269.4,1280.0,1270.7,0.73,3216108,4116618240.0
2025-12-04,AXISCADES,EQ,INE555B01013,AXISCADES TECH LTD,1356.9,1400.0,1321.0,1343.9,1358.7,-1.09,32416,43563863.19
2025-12-04,AXITA,EQ,INE02EZ01022,AXITA COTTON LIMITED,9.45,9.6,9.45,9.53,9.35,1.95,3815418,36350525.94
2025-12-04,AYMSYNTEX,EQ,INE193B01039,AYM SYNTEX LIMITED,157.5,159.89,155.01,155.96,159.91,-2.47,9743,1519518.35
2025-12-04,AZAD,EQ,INE02IJ01035,AZAD ENGINEERING LIMITED,1648.0,1651.8,1629.0,1635.0,1652.6,-1.06,224622,367256970.0
2025-12-04,BAGFILMS,EQ,INE116D01028,B.A.G FILMS AND MEDIA LTD,6.55,6.6,6.37,6.54,6.42,1.87,126158,825073.32
2025-12-04,BAIDFIN,EQ,INE020D01022,BAID FINSERV LIMITED,9.9,10.03,9.76,9.9,9.9,0.0,153980,1524401.94
2025-12-04,BAJAJ-AUTO,EQ,INE917I01010,BAJAJ AUTO LIMITED,9005.0,9095.0,8988.0,9085.0,9000.5,0.94,275604,2503862340.0
2025-12-04,BAJAJCON,EQ,INE933K01021,BAJAJ CONSUMER CARE LTD,273.55,275.85,270.3,272.55,273.55,-0.37,335924,91556082.1
2025-12-04,BAJAJELEC,EQ,INE193E01025,BAJAJ ELECT.LTD,480.0,483.9,478.35,479.2,483.2,-0.83,29573,14171381.96
2025-12-04,BAJAJFINSV,EQ,INE918I01026,BAJAJ FINSERV LTD.,2046.0,2061.9,2034.0,2049.2,2046.0,0.16,758590,1554502590.96
2025-12-04,BAJAJHCARE,EQ,INE411U01027,BAJAJ HEALTHCARE LIMITED,420.0,432.0,420.0,424.2,421.9,0.55,59943,25427821.33
2025-12-04,BAJAJHFL,EQ,INE377Y01014,BAJAJ HOUSING FINANCE LTD,96.95,97.36,95.15,96.31,96.97,-0.68,14815863,1426915729.36
2025-12-04,BAJAJHIND,EQ,INE306A01021,BAJAJ HINDUSTHAN SUGAR LT,19.77,20.15,19.68,19.78,19.78,0.0,3467581,68588754.56
2025-12-04,BAJAJHLDNG,EQ,INE118A01012,BAJAJ HOLDINGS & INVS LTD,11249.0,11379.0,11080.0,11118.0,11222.0,-0.93,60360,671082480.0
2025-12-04,BAJAJINDEF,EQ,INE0O9T01021,INDEF MANUFACTURING LTD,320.0,325.7,308.0,314.75,319.9,-1.61,6433,2024786.75
2025-12-04,BAJEL,EQ,INE0KQN01018,BAJEL PROJECTS LIMITED,174.11,175.0,170.91,172.28,174.11,-1.05,69703,12008432.75
2025-12-04,BAJFINANCE,EQ,INE296A01032,BAJAJ FINANCE LIMITED,1018.0,1032.3,1016.0,1029.1,1021.4,0.75,5404918,5562200981.84
2025-12-04,BALAJEE,EQ,INE0S2G01011,SHREE TIRUPATI BALAJEE L,41.96,41.96,39.96,40.62,40.86,-0.59,53027,2153956.68
2025-12-04,BALAJITELE,EQ,INE794B01026,BALAJI TELEFILMS LIMITED.,113.2,114.08,110.42,111.56,113.44,-1.66,65147,7267799.16
2025-12-04,BALAMINES,EQ,INE050E01027,BALAJI AMINES LIMITED,1135.0,1149.9,1130.1,1133.5,1139.4,-0.52,20998,23801233.0
2025-12-04,BALAXI,EQ,INE618N01022,BALAXI PHARMA LTD,35.0,35.44,34.02,34.97,34.34,1.83,76377,2670903.78
2025-12-04,BALKRISHNA,EQ,INE875R01011,BALKRISHNA PAPER MILLS L,21.35,21.35,20.51,20.74,20.85,-0.53,7907,163991.18
2025-12-04,BALKRISIND,EQ,INE787D01026,BALKRISHNA IND. LTD,2381.0,2420.0,2378.2,2403.8,2408.6,-0.2,77893,187239197.2
2025-12-04,BALMLAWRIE,EQ,INE164A01016,BALMER LAWRIE & CO LTD,181.0,183.79,181.0,182.62,181.83,0.43,89691,16379369.98
2025-12-04,BALPHARMA,EQ,INE083D01012,BAL PHARMA LTD.,74.95,74.95,73.6,74.37,73.76,0.83,2528,188007.37
2025-12-04,BALRAMCHIN,EQ,INE119A01028,BALRAMPUR CHINI MILLS LTD,444.0,446.65,440.0,441.9,444.2,-0.52,109264,48283760.93
2025-12-04,BALUFORGE,EQ,INE011E01029,BALU FORGE INDUSTRIES LTD,625.0,629.0,611.0,615.25,630.35,-2.4,416618,256324224.5
2025-12-04,BANARBEADS,EQ,INE655B01011,BANARAS BEADS LTD,129.43,132.35,128.64,129.21,130.2,-0.76,4119,532216.02
2025-12-04,BANARISUG,EQ,INE459A01010,BANNARI AMMAN SUGARS LTD,3620.8,3620.8,3600.0,3600.8,3600.2,0.02,410,1476328.02
2025-12-04,BANCOINDIA,EQ,INE213C01025,BANCO PRODUCTS (I) LTD,667.0,730.6,667.0,722.1,669.25,7.9,6954030,5021504893.22
2025-12-04,BANDHANBNK,EQ,INE545U01014,BANDHAN BANK LIMITED,146.78,147.75,145.68,146.12,146.78,-0.45,3582527,523478827.75
2025-12-04,BANG,EQ,INE863I01016,BANG OVERSEAS LTD.,52.81,54.4,52.81,52.9,53.05,-0.28,10400,550160.02
2025-12-04,BANKA,EQ,INE862Y01015,BANKA BIOLOO LIMITED,63.51,67.76,63.51,67.54,64.54,4.65,14929,1008304.67
2025-12-04,BANKADD,EQ,INF740KA1RX3,DSPAMC - DSPBANK,60.7,60.78,60.25,60.38,60.62,-0.4,467541,28230126.08
2025-12-04,BANKBARODA,EQ,INE028A01039,BANK OF BARODA,286.0,289.85,285.5,288.2,287.0,0.42,8269764,2383346085.75
2025-12-04,BANKBEES,EQ,INF204KB15I9,NIP IND ETF BANK BEES,614.99,614.99,609.1,611.24,613.64,-0.39,1604494,980730896.89
2025-12-04,BANKBETF,EQ,INF0QA701714,BFAM - BANKBETF,60.07,60.35,59.77,59.94,60.22,-0.46,232721,13949296.42
2025-12-04,BANKETF,EQ,INF769K01KR3,MIRAEAMC - BANKETF,601.69,605.14,598.83,601.29,601.69,-0.07,4571,2748496.49
2025-12-04,BANKIETF,EQ,INF109KC15I8,ICICIPRAMC - IPRU5008,60.92,61.0,60.38,60.59,60.82,-0.38,3575650,216648634.05
2025-12-04,BANKINDIA,EQ,INE084A01016,BANK OF INDIA,140.0,142.75,139.72,141.52,140.3,0.87,8328312,1178622749.82
2025-12-04,BANKNIFTY1,EQ,INF174KA1ZB7,KOTAKMAMC-KOTAKBKETF,614.0,615.65,610.0,612.26,614.0,-0.28,37884,23194858.21
2025-12-04,BANKPSU,EQ,INF769K01LZ4,MIRAEAMC - BANKPSU,82.96,83.38,82.6,82.95,82.84,0.13,17352,1439348.35
2025-12-04,BANSALWIRE,EQ,INE0B9K01025,BANSAL WIRE INDUSTRIES L,320.05,334.0,316.0,324.05,319.25,1.5,551324,178656535.47
2025-12-04,BANSWRAS,EQ,INE629D01020,BANSWARA SYNTEX LIMITED,121.63,122.18,118.82,119.56,122.03,-2.02,10716,1281204.93
2025-12-04,BASF,EQ,INE373A01013,BASF INDIA LTD,4036.4,4090.5,4025.0,4063.5,4082.6,-0.47,7171,29139358.5
2025-12-04,BATAINDIA,EQ,INE176A01028,BATA INDIA LTD,980.0,980.0,956.9,960.3,977.45,-1.75,109365,105023208.16
2025-12-04,BAYERCROP,EQ,INE462A01022,BAYER CROPSCIENCE LTD,4512.0,4598.0,4490.1,4506.0,4507.3,-0.03,29368,132332208.0
2025-12-04,BBETF0432,EQ,INF754K01OB1,EDELAMC - BBETF0432,1314.0,1316.99,1311.08,1312.81,1312.86,-0.0,11985,15734028.55
2025-12-04,BBL,EQ,INE464A01036,BHARAT BIJLEE LTD,2875.0,2899.0,2840.1,2885.6,2894.6,-0.31,20171,58205439.57
2025-12-04,BBNPNBETF,EQ,INF251K01TL6,BARODABNP - BBNPNBETF,59.76,59.76,59.35,59.4,59.51,-0.18,547,32491.8
2025-12-04,BBNPPGOLD,EQ,INF251K01SU9,BARODABNP - BBNPPGOLD,125.05,125.05,123.55,123.75,124.7,-0.76,2797,346128.75
2025-12-04,BBOX,EQ,INE676A01027,BLACK BOX LIMITED,527.1,539.7,526.15,533.8,529.75,0.76,305796,163233901.07
2025-12-04,BBTC,EQ,INE050A01025,BOMBAY BURMAH TRADING COR,1870.6,1882.7,1849.9,1857.0,1882.5,-1.35,58799,109189743.0
2025-12-04,BBTCL,EQ,INE01EE01011,B&B TRIPLEWALL CONT LTD,195.38,199.79,195.38,198.78,198.87,-0.05,2299,456995.22
2025-12-04,BCG,EQ,INE425B01027,BRIGHTCOM GROUP LIMITED,11.98,12.02,11.62,11.67,11.79,-1.02,4835415,56429293.42
2025-12-04,BCLIND,EQ,INE412G01024,BCL INDUSTRIES LIMITED,32.37,32.79,32.17,32.52,32.37,0.46,426079,13856089.28
2025-12-04,BCONCEPTS,EQ,INE977Y01011,BRAND CONCEPTS LIMITED,315.35,330.9,310.5,312.5,322.45,-3.09,5374,1679375.0
2025-12-04,BDL,EQ,INE171Z01026,BHARAT DYNAMICS LIMITED,1490.0,1539.0,1482.9,1528.0,1483.0,3.03,1496051,2285965928.0
2025-12-04,BEARDSELL,EQ,INE520H01022,BEARDSELL LIMITED,30.32,30.99,29.8,29.94,30.55,-2.0,19937,596913.79
2025-12-04,BECTORFOOD,EQ,INE495P01020,MRS BECTORS FOOD SPE LTD,258.74,258.9,253.8,255.0,258.24,-1.25,151520,38637600.0
2025-12-04,BEDMUTHA,EQ,INE844K01012,BEDMUTHA INDUST LTD,108.11,108.22,100.12,101.23,109.0,-7.13,41402,4191124.6
2025-12-04,BEL,EQ,INE263A01024,BHARAT ELECTRONICS LTD,405.8,409.5,401.75,407.15,403.95,0.79,10865110,4423729470.18
2025-12-04,BELLACASA,EQ,INE344T01014,BELLA CASA FASH AND RET L,409.0,409.0,395.55,403.45,396.95,1.64,2637,1063897.68
2025-12-04,BELRISE,EQ,INE894V01022,BELRISE INDUSTRIES LTD,166.2,166.2,162.25,163.27,166.9,-2.17,3860186,630252584.71
2025-12-04,BEML,EQ,INE258A01024,BEML LIMITED,1774.0,1806.5,1760.0,1765.3,1774.0,-0.49,222545,392858699.37
2025-12-04,BEPL,EQ,INE922A01025,BHANSALI ENG. POLYMERS LT,91.01,92.8,90.13,90.68,91.01,-0.36,241513,21900398.91
2025-12-04,BERGEPAINT,EQ,INE463A01038,BERGER PAINTS (I) LTD,558.3,561.5,551.0,556.15,558.3,-0.39,698092,388243882.84
2025-12-04,BESTAGRO,EQ,INE052T01021,BEST AGROLIFE LIMITED,26.1,27.67,26.01,26.36,25.93,1.67,7331145,193248986.67
2025-12-04,BETA,EQ,INE351Y01019,BETA DRUGS LIMITED,1734.9,1734.9,1605.0,1671.4,1690.6,-1.14,2328,3891019.26
2025-12-04,BFINVEST,EQ,INE878K01010,BF INVESTMENT LIMITED,425.0,430.5,423.6,424.2,428.15,-0.92,8783,3725748.71
2025-12-04,BFSI,EQ,INF769K01HI8,MIRAEAMC - MAFSETF,28.64,28.64,28.4,28.56,28.58,-0.07,125593,3586936.01
2025-12-04,BFUTILITIE,EQ,INE243D01012,BF UTILITIES LIMITED,618.4,624.0,606.0,611.9,613.1,-0.2,2845,1740855.57
2025-12-04,BHAGCHEM,EQ,INE414D01027,BHAGIRADHA CHEM & INDS L,237.05,240.0,234.11,234.91,236.72,-0.76,11238,2639918.62
2025-12-04,BHAGYANGR,EQ,INE458B01036,BHAGYANAGAR INDIA LIMITED,131.0,132.89,128.1,130.52,133.97,-2.58,111074,14497378.95
2025-12-04,BHANDARI,EQ,INE474E01029,BHANDARI HOSIERY EXP LTD,4.06,4.17,4.04,4.09,4.04,1.24,258212,1056087.12
2025-12-04,BHARATFORG,EQ,INE465A01025,BHARAT FORGE LTD,1405.0,1419.3,1389.7,1394.3,1406.7,-0.88,805774,1123490727.54
2025-12-04,BHARATRAS,EQ,INE838B01021,BHARAT RASAYAN LTD,2617.25,2618.5,2577.75,2590.5,2603.5,-0.5,15660,40567230.0
2025-12-04,BHARATSE,EQ,INE415D01024,BHARAT SEATS LIMITED,175.0,181.2,175.0,179.52,179.14,0.21,44557,7998872.83
2025-12-04,BHARATWIRE,EQ,INE316L01019,BHARAT WIRE ROPES LTD.,173.3,173.52,171.0,171.78,172.55,-0.45,59016,10137768.41
2025-12-04,BHARTIARTL,EQ,INE397D01024,BHARTI AIRTEL LIMITED,2094.8,2108.5,2074.1,2103.8,2086.0,0.85,4611819,9702345037.39
2025-12-04,BHARTIHEXA,EQ,INE343G01021,BHARTI HEXACOM LIMITED,1751.9,1784.4,1740.4,1764.9,1755.2,0.55,119930,211664459.93
2025-12-04,BHEL,EQ,INE257A01026,BHEL,279.0,279.55,274.4,275.75,278.55,-1.01,8033107,2215129255.25
2025-12-04,BIGBLOC,EQ,INE412U01025,BIGBLOC CONSTRUCTION LTD,65.5,67.7,65.5,65.9,65.17,1.12,133306,8784865.6
2025-12-04,BIKAJI,EQ,INE00E101023,BIKAJI FOODS INTERN LTD,694.0,720.7,694.0,712.4,697.8,2.09,241293,171897139.09
2025-12-04,BIL,EQ,INE828A01016,BHARTIYA INTERNATIONAL,824.0,826.45,800.0,806.2,812.25,-0.74,8642,6967180.51
2025-12-04,BIOCON,EQ,INE376G01013,BIOCON LIMITED.,410.0,411.75,384.2,388.35,410.0,-5.28,12104103,4700628473.93
2025-12-04,BIOFILCHEM,EQ,INE829A01014,BIOFIL CHEM & PHARMA LTD,34.88,34.88,33.6,33.98,33.57,1.22,8165,277446.7
2025-12-04,BIRLACABLE,EQ,INE800A01015,BIRLA CABLE LIMITED,145.0,145.48,142.11,142.57,143.3,-0.51,12478,1778988.55
2025-12-04,BIRLACORPN,EQ,INE340A01012,BIRLA CORPORATION LTD,1094.0,1104.0,1051.3,1082.3,1094.0,-1.07,68789,74450338.06
2025-12-04,BIRLAMONEY,EQ,INE865C01022,ADITYA BIRLA MONEY LTD,151.71,153.49,149.9,150.29,151.26,-0.64,30187,4536804.03
2025-12-04,BIRLANU,EQ,INE557A01011,BIRLANU LIMITED,1619.9,1619.9,1600.0,1605.6,1619.9,-0.88,4201,6745125.5
2025-12-04,BLACKBUCK,EQ,INE0UIZ01018,BLACKBUCK LIMITED,668.55,668.55,651.5,661.8,665.0,-0.48,1025153,678446242.89
2025-12-04,BLAL,EQ,INE0N7W01012,BEML LAND ASSETS LIMITED,201.61,204.0,200.1,200.7,201.49,-0.39,16965,3404875.45
2025-12-04,BLBLIMITED,EQ,INE791A01024,BLB LIMITED,15.74,15.74,15.18,15.24,15.41,-1.1,175157,2669392.64
2025-12-04,BLKASHYAP,EQ,INE350H01032,B.L.KASHYAP & SON LTD,47.05,48.5,46.97,48.36,47.3,2.24,176291,8525432.87
2025-12-04,BLS,EQ,INE153T01027,BLS INTL SERVS LTD,325.4,340.4,323.4,331.55,325.5,1.86,4577376,1517628956.92
2025-12-04,BLSE,EQ,INE0NLT01010,BLS E-SERVICES LIMITED,213.85,215.74,205.1,207.36,214.66,-3.4,234058,48534267.02
2025-12-04,BLUECOAST,EQ,INE472B01011,BLUE COAST HOTELS LIMITED,38.86,38.86,37.1,38.57,37.95,1.63,2085,80418.45
2025-12-04,BLUEDART,EQ,INE233B01017,BLUE DART EXPRESS LTD,5629.5,5652.0,5580.0,5592.0,5629.5,-0.67,10062,56266704.0
2025-12-04,BLUEJET,EQ,INE0KBH01020,BLUE JET HEALTHCARE LTD,570.0,577.5,552.0,554.8,569.4,-2.56,261844,145271048.0
2025-12-04,BLUESTARCO,EQ,INE472A01039,BLUE STAR LIMITED,1748.0,1761.0,1735.0,1752.4,1754.5,-0.12,219135,384012179.35
2025-12-04,BLUESTONE,EQ,INE304W01038,BLUESTONE JEWEL LFSTL LTD,542.4,549.25,537.3,547.55,548.25,-0.13,213069,116665928.35
2025-12-04,BLUSPRING,EQ,INE0U4101014,BLUSPRING ENTERPRISES LTD,68.4,70.89,68.1,68.27,68.97,-1.01,64342,4392628.12
2025-12-04,BMWVENTLTD,EQ,INE965W01036,BMW VENTURES LIMITED,60.25,61.84,59.12,60.82,60.42,0.66,233011,14171728.95
2025-12-04,BNKETFAXIS,EQ,INF846K01X63,AXISAMC-BNKETFAXIS,610.08,613.05,607.67,609.55,609.7,-0.02,7921,4828245.45
2025-12-04,BODALCHEM,EQ,INE338D01028,BODAL CHEMICALS LTD,52.44,52.9,52.0,52.16,52.44,-0.53,103321,5389223.34
2025-12-04,BOHRAIND,EQ,INE802W01023,BOHRA INDUSTRIES LIMITED,20.0,20.17,18.85,19.0,19.81,-4.09,25082,476558.0
2025-12-04,BOMDYEING,EQ,INE032A01023,BOMBAY DYEING & MFG. CO L,139.98,141.49,136.94,137.34,140.51,-2.26,632325,86843513.18
2025-12-04,BORANA,EQ,INE16SF01016,BORANA WEAVES LIMITED,276.05,285.0,272.35,282.7,284.3,-0.56,28866,8160418.55
2025-12-04,BOROLTD,EQ,INE02PY01013,BOROSIL LIMITED,310.0,310.8,303.8,305.3,307.4,-0.68,31832,9718309.21
2025-12-04,BORORENEW,EQ,INE666D01022,BOROSIL RENEWABLES LTD,570.0,579.0,565.0,567.15,578.2,-1.91,229599,130217078.46
2025-12-04,BOROSCI,EQ,INE02L001032,BOROSIL SCIENTIFIC LTD,123.5,125.3,122.66,123.4,123.43,-0.02,24765,3056001.04
2025-12-04,BOSCH-HCIL,EQ,INE782A01015,BOSCH HOME COMFRT IND LTD,1570.2,1570.2,1507.0,1515.9,1566.1,-3.21,18031,27333193.34
2025-12-04,BOSCHLTD,EQ,INE323A01026,BOSCH LIMITED,36580.0,37250.0,36570.0,36845.0,36580.0,0.72,38002,1400183690.0
2025-12-04,BPCL,EQ,INE029A01011,BHARAT PETROLEUM CORP  LT,360.0,361.6,353.5,356.0,358.4,-0.67,5798181,2064152436.0
2025-12-04,BPL,EQ,INE110A01019,BPL LTD,62.0,62.5,60.7,61.03,61.65,-1.01,48179,2940364.31
2025-12-04,BRIGADE,EQ,INE791I01019,BRIGADE ENTER. LTD,660.94,672.38,657.08,668.66,664.2,0.67,142697,95416129.28
2025-12-04,BRIGHOTEL,EQ,INE03NU01014,BRIGADE HOTEL VENTURE LTD,75.02,75.77,74.36,74.99,75.35,-0.48,185286,13894596.74
2025-12-04,BRITANNIA,EQ,INE216A01030,BRITANNIA INDUSTRIES LTD,5840.0,5882.5,5824.5,5876.5,5824.5,0.89,239085,1404983002.5
2025-12-04,BRNL,EQ,INE727S01012,BHARAT ROAD NETWORK LTD,23.4,23.93,23.4,23.6,23.69,-0.38,56001,1321623.62
2025-12-04,BROOKS,EQ,INE650L01011,BROOKS LAB LIMITED,98.88,103.01,98.0,98.5,98.88,-0.38,28778,2834633.0
2025-12-04,BSE,EQ,INE118H01025,BSE LIMITED,2753.2,2798.0,2743.0,2765.0,2751.1,0.51,2898317,8013846505.0
2025-12-04,BSE500IETF,EQ,INF109KC1V59,ICICIPRAMC - ICICI500,40.14,40.34,40.01,40.16,40.14,0.05,114201,4586312.14
2025-12-04,BSHSL,EQ,INE032Z01020,BOMBAY SUPER HYBRID SEEDS,106.7,106.7,104.05,104.59,105.6,-0.96,9724,1017033.12
2025-12-04,BSL,EQ,INE594B01012,BSL LTD,168.31,175.0,164.15,171.67,167.46,2.51,12796,2196689.3
2025-12-04,BSLGOLDETF,EQ,INF209KB18D3,ADITYBIRLA SL GOLD ETF-GR,113.27,113.3,112.25,112.59,113.04,-0.4,741752,83513854.96
2025-12-04,BSLNIFTY,EQ,INF209KB19D1,ADITYBIRLA SL NIF ETF-GR,30.45,30.45,30.15,30.3,30.25,0.17,114816,3478924.71
2025-12-04,BSLSENETFG,EQ,INF209KB10E8,BIRLASLAMC - BSLSENETFG,86.49,86.49,84.08,85.17,85.03,0.16,1781,151687.77
2025-12-04,BSOFT,EQ,INE836A01035,BIRLASOFT LIMITED,422.0,438.6,415.45,435.9,422.75,3.11,6127469,2670963699.7
2025-12-04,BTML,EQ,INE0EEJ01023,BODHI TREE MULTIMEDIA LTD,8.35,8.38,8.05,8.19,8.36,-2.03,162561,1331374.52
2025-12-04,BUTTERFLY,EQ,INE295F01017,BTRFLY GANDHI APPL LTD,709.8,709.8,680.05,686.05,701.55,-2.21,14347,9842759.17
2025-12-04,BVCL,EQ,INE139I01011,BARAK VALLEY CEM. LTD.,40.99,42.91,39.37,42.83,40.87,4.8,14357,614910.34
2025-12-04,CAMLINFINE,EQ,INE052I01032,CAMLIN FINE SCIENCES LTD,157.0,160.46,155.0,155.56,158.05,-1.58,133119,20707991.32
2025-12-04,CAMPUS,EQ,INE278Y01022,CAMPUS ACTIVEWEAR LIMITED,271.7,274.95,271.1,273.2,275.0,-0.65,159422,43554092.35
2025-12-04,CAMS,EQ,INE596I01020,COMPUTER AGE MNGT SER LTD,771.92,793.8,771.92,791.34,771.92,2.52,3217640,2546247324.01
2025-12-04,CANBK,EQ,INE476A01022,CANARA BANK,146.08,148.79,145.81,147.39,146.08,0.9,23552476,3471399423.26
2025-12-04,CANFINHOME,EQ,INE477A01020,CAN FIN HOMES LTD,883.1,897.35,883.1,892.75,890.3,0.28,141113,125978630.75
2025-12-04,CANHLIFE,EQ,INE01TY01017,CANARA HSBC LIFE INS CO L,120.6,122.33,120.1,121.06,121.89,-0.68,465170,56313479.06
2025-12-04,CANTABIL,EQ,INE068L01024,CANTABIL RETAIL LTD,246.0,255.9,243.89,254.13,245.85,3.37,430692,109451760.06
2025-12-04,CAPACITE,EQ,INE264T01014,CAPACITE INFRAPROJECT LTD,268.9,272.7,264.25,265.3,268.9,-1.34,256570,68068017.87
2025-12-04,CAPILLARY,EQ,INE0ILV01024,CAPILLARY TECHNO INDIA L,650.0,724.8,640.0,695.7,634.15,9.71,23906002,16631405883.22
2025-12-04,CAPITALSFB,EQ,INE646H01017,CAPITAL SMALL FIN BANK L,271.55,275.75,270.15,270.8,275.4,-1.67,28668,7763294.05
2025-12-04,CAPLIPOINT,EQ,INE475E01026,CAPLIN POINT LAB LTD.,1874.9,1985.0,1872.4,1976.1,1888.2,4.66,122324,241724453.41
2025-12-04,CARBORUNIV,EQ,INE120A01034,CARBORUNDUM UNIVERSAL LTD,893.5,893.5,875.3,879.7,895.7,-1.79,113081,99477357.08
2025-12-04,CARERATING,EQ,INE752H01013,CARE RATINGS LIMITED,1501.0,1538.8,1501.0,1531.5,1525.7,0.38,53514,81956691.0
2025-12-04,CARRARO,EQ,INE0V7W01012,CARRARO INDIA LIMITED,564.7,567.0,548.5,551.15,567.5,-2.88,63612,35059755.35
2025-12-04,CARTRADE,EQ,INE290S01011,CARTRADE TECH LIMITED,3099.8,3120.0,2988.0,3008.3,3095.2,-2.81,210706,633866870.09
2025-12-04,CARYSIL,EQ,INE482D01024,CARYSIL LIMITED,968.0,980.1,956.4,964.8,970.7,-0.61,58255,56204423.29
2025-12-04,CASTROLIND,EQ,INE172A01027,CASTROL INDIA LIMITED,192.0,192.0,190.52,191.28,192.0,-0.38,824820,157771568.59
2025-12-04,CCAVENUE,EQ,INE483S01020,AVENUESAI LIMITED,18.3,18.4,17.86,17.95,18.38,-2.34,6192155,111149186.97
2025-12-04,CCCL,EQ,INE429I01024,CONS. CONST. CONSORT LTD,18.37,19.2,17.52,18.63,18.33,1.64,206883,3854230.12
2025-12-04,CCHHL,EQ,INE652F01027,COUNTRY CLUB HOSP HOL LTD,15.92,16.0,15.66,15.72,15.91,-1.19,17976,282582.72
2025-12-04,CCL,EQ,INE421D01022,CCL PRODUCTS (I) LTD,1000.0,1000.0,968.5,976.8,999.6,-2.28,137480,134290462.32
2025-12-04,CDSL,EQ,INE736A01011,CENTRAL DEPO SER (I) LTD,1549.0,1559.5,1531.0,1536.3,1550.5,-0.92,1554894,2388783728.12
2025-12-04,CEATLTD,EQ,INE482A01020,CEAT LIMITED,3965.0,3975.3,3862.2,3888.7,3982.7,-2.36,111734,434500000.34
2025-12-04,CEIGALL,EQ,INE0AG901020,CEIGALL INDIA LIMITED,236.97,237.0,233.3,234.4,236.68,-0.96,70136,16439877.97
2025-12-04,CELEBRITY,EQ,INE185H01016,CELEBRITY FASHIONS LTD,9.01,9.35,8.7,9.17,9.08,0.99,31343,287415.31
2025-12-04,CELLO,EQ,INE0LMW01024,CELLO WORLD LIMITED,570.8,573.95,565.0,565.8,573.45,-1.33,69457,39298769.75
2025-12-04,CEMPRO,EQ,INE686A01026,CEMINDIA PROJECTS LIMITED,828.5,828.5,811.3,816.1,829.3,-1.59,211081,172263198.95
2025-12-04,CENTENKA,EQ,INE485A01015,CENTURY ENKA LTD,449.15,455.9,441.5,443.55,449.1,-1.24,24531,10880724.75
2025-12-04,CENTEXT,EQ,INE281A01026,CENTURY EXTRUSIONS LTD,23.5,23.99,23.0,23.39,23.72,-1.39,73910,1728754.85
2025-12-04,CENTRALBK,EQ,INE483A01010,CENTRAL BANK OF INDIA,37.19,37.57,36.96,37.06,37.28,-0.59,4818325,178567131.12
2025-12-04,CENTRUM,EQ,INE660C01027,CENTRUM CAPITAL LIMITED,29.8,30.7,29.35,29.48,30.04,-1.86,217950,6425165.9
2025-12-04,CENTUM,EQ,INE320B01020,CENTUM ELECTRONICS LTD,2315.0,2340.0,2250.0,2267.4,2317.4,-2.16,14586,33072294.98
2025-12-04,CENTURYPLY,EQ,INE348B01021,CENTURY PLYBOARDS (I) LTD,805.0,816.25,795.05,798.95,811.8,-1.58,37963,30330539.31
2025-12-04,CERA,EQ,INE739E01017,CERA SANITARYWARE LTD,5487.5,5487.5,5395.0,5405.0,5486.5,-1.49,7299,39451095.0
2025-12-04,CESC,EQ,INE486A01021,CESC LTD,174.46,176.4,173.34,175.87,175.35,0.3,1160361,204072683.4
2025-12-04,CEWATER,EQ,INE037Z01029,CONCORD ENVIRO SYSTEMS L,399.15,399.75,387.2,392.55,395.95,-0.86,162233,63684562.17
2025-12-04,CGCL,EQ,INE180C01042,CAPRI GLOBAL CAPITAL LTD,188.66,190.7,186.73,187.67,187.85,-0.1,801772,150468549.77
2025-12-04,CGPOWER,EQ,INE067A01029,CG POWER AND IND SOL LTD,664.2,667.55,659.4,662.35,664.2,-0.28,1865431,1235568177.31
2025-12-04,CHALET,EQ,INE427F01016,CHALET HOTELS LIMITED,912.0,915.45,891.25,897.0,911.2,-1.56,103979,93269163.0
2025-12-04,CHAMBLFERT,EQ,INE085A01013,CHAMBAL FERTILIZERS LTD,434.35,434.85,429.7,433.4,434.35,-0.22,511741,221788546.28
2025-12-04,CHEMBOND,EQ,INE995D01025,CHEMBOND MATERIALTECH LTD,159.99,162.0,151.6,158.01,157.52,0.31,12907,2039435.0
2025-12-04,CHEMFAB,EQ,INE783X01023,CHEMFAB ALKALIS LIMITED,499.4,530.0,494.0,510.6,493.05,3.56,11632,5939299.27
2025-12-04,CHEMPLASTS,EQ,INE488A01050,CHEMPLAST SANMAR LIMITED,280.0,286.1,272.5,274.1,280.6,-2.32,56684,15537084.75
2025-12-04,CHENNPETRO,EQ,INE178A01016,CHENNAI PETROLEUM CORP LT,936.95,952.35,924.45,930.35,941.6,-1.19,1420313,1321388164.87
2025-12-04,CHEVIOT,EQ,INE974B01016,CHEVIOT COMPANY LIMITED,1055.7,1066.8,1055.5,1061.6,1050.2,1.09,630,668807.98
2025-12-04,CHOICEIN,EQ,INE102B01014,CHOICE INTERNATIONAL LTD,781.05,800.0,765.2,780.7,782.6,-0.24,583897,455848395.03
2025-12-04,CHOLAFIN,EQ,INE121A01024,CHOLAMANDALAM IN & FIN CO,1666.0,1678.8,1651.0,1675.7,1668.9,0.41,1291711,2164520059.63
2025-12-04,CHOLAHLDNG,EQ,INE149A01033,CHOLAMANDALAM FIN HOL LTD,1881.7,1906.1,1863.3,1882.6,1881.7,0.05,162422,305775653.23
2025-12-04,CIEINDIA,EQ,INE536H01010,CIE AUTOMOTIVE INDIA LTD,421.5,428.75,416.3,418.3,420.8,-0.59,113739,47577022.31
2025-12-04,CIFL,EQ,INE345H01024,CAPITAL INDIA FINANCE LTD,35.8,37.44,35.06,36.13,35.56,1.6,1544787,55813155.96
2025-12-04,CINELINE,EQ,INE704H01022,CINELINE INDIA LIMITED,84.95,86.29,84.01,84.91,84.95,-0.05,7413,629437.86
2025-12-04,CINEVISTA,EQ,INE039B01026,CINEVISTA LIMITED,16.38,16.79,15.85,16.34,16.39,-0.31,29397,480346.98
2025-12-04,CIPLA,EQ,INE059A01026,CIPLA LTD,1503.1,1525.7,1503.1,1521.0,1508.0,0.86,726473,1104965433.0
2025-12-04,CLEAN,EQ,INE227W01023,CLEAN SCIENCE & TECH LTD,892.35,896.9,886.35,890.65,895.5,-0.54,149344,133013237.25
2025-12-04,CLEDUCATE,EQ,INE201M01029,CL EDUCATE LIMITED,84.55,86.0,84.07,84.6,85.45,-0.99,11967,1012408.18
2025-12-04,CLSEL,EQ,INE419D01026,CHAMAN LAL SETIA EXP LTD,262.0,269.5,254.1,267.0,257.55,3.67,67522,18028374.0
2025-12-04,CMSINFO,EQ,INE925R01014,CMS INFO SYSTEMS LIMITED,356.0,363.8,353.15,355.2,355.8,-0.17,665117,236249566.52
2025-12-04,CNL,EQ,INE985W01018,CREATIVE NEWTECH LIMITED,719.0,724.7,696.05,711.25,713.8,-0.36,50905,36206181.25
2025-12-04,COALINDIA,EQ,INE522F01014,COAL INDIA LTD,375.0,379.75,373.8,379.05,375.25,1.01,3135061,1188344833.78
2025-12-04,COASTCORP,EQ,INE377E01024,COASTAL CORPORATION LTD,45.5,46.0,43.55,44.43,45.8,-2.99,44814,1991086.03
2025-12-04,COCHINSHIP,EQ,INE704P01025,COCHIN SHIPYARD LIMITED,1622.4,1648.0,1614.0,1640.4,1622.4,1.11,438905,719979772.72
2025-12-04,COFFEEDAY,EQ,INE335K01011,COFFEE DAY ENTERPRISE LTD,34.0,34.73,33.25,33.42,34.21,-2.31,446895,14935230.08
2025-12-04,COFORGE,EQ,INE591G01025,COFORGE LIMITED,1922.0,1986.0,1917.8,1966.2,1912.5,2.81,3120396,6135322462.84
2025-12-04,COHANCE,EQ,INE03QK01018,COHANCE LIFESCIENCES LTD,545.65,550.15,540.35,549.1,543.7,0.99,303345,166566732.09
2025-12-04,COLPAL,EQ,INE259A01022,COLGATE PALMOLIVE LTD.,2101.9,2140.8,2096.2,2138.1,2101.9,1.72,529258,1131606581.49
2025-12-04,COMMOIETF,EQ,INF109KC19O8,ICICIPRAMC - ICICICOMMO,93.45,93.45,92.56,92.92,92.83,0.1,27839,2586799.83
2025-12-04,COMPUSOFT,EQ,INE453B01029,COMPUCOM SOFTWARE LTD,16.57,17.02,16.57,16.89,16.84,0.3,19060,321923.39
2025-12-04,COMSYN,EQ,INE073V01015,COMMERCIAL SYN BAGS LTD,138.01,145.29,138.01,139.65,138.38,0.92,33685,4704110.04
2025-12-04,CONCOR,EQ,INE111A01025,CONTAINER CORP OF IND LTD,506.5,515.1,506.45,512.7,506.5,1.22,1718268,880956024.57
2025-12-04,CONCORDBIO,EQ,INE338H01029,CONCORD BIOTECH LIMITED,1400.2,1424.6,1392.4,1401.6,1405.0,-0.24,63061,88386296.06
2025-12-04,CONFIPET,EQ,INE552D01024,CONFIDENCE PETRO IND LTD.,37.7,37.7,36.5,36.6,37.17,-1.53,474476,17365820.88
2025-12-04,CONS,EQ,INF174KA1ZF8,KOTAKMAMC - KOTAKCONS,126.59,126.73,126.1,126.31,126.47,-0.13,395,49892.45
2025-12-04,CONSUMAXIS,EQ,INF846K016C7,AXISAMC-CONSUMAXIS,126.34,127.16,126.34,126.73,126.86,-0.1,4179,529604.68
2025-12-04,CONSUMBEES,EQ,INF204KA1LD7,NIP IND ETF CONSUMPTION,137.25,137.45,136.67,137.37,137.17,0.15,103264,14185375.18
2025-12-04,CONSUMER,EQ,INF769K01NS5,MIRAEAMC - CONSUMER,11.96,12.0,11.94,11.96,11.98,-0.17,191254,2287397.85
2025-12-04,CONSUMIETF,EQ,INF109KC1V42,ICICIPRAMC - ICICICONSU,127.01,127.81,127.0,127.78,127.56,0.17,15348,1961167.42
2025-12-04,CONTROLPR,EQ,INE663B01015,CONTROL PRINT LIMITED,755.0,755.5,738.9,742.3,753.1,-1.43,8962,6652492.49
2025-12-04,CORALFINAC,EQ,INE558D01021,CORAL INDIA FIN & HOUS LT,38.63,40.9,38.63,39.77,39.21,1.43,26183,1041297.92
2025-12-04,CORDSCABLE,EQ,INE792I01017,CORDS CABLE INDUS LTD.,199.1,207.0,196.0,197.13,202.48,-2.64,41256,8132795.48
2025-12-04,COROMANDEL,EQ,INE169A01031,COROMANDEL INTERNTL. LTD,2310.0,2318.0,2290.0,2303.5,2318.1,-0.63,299916,690856506.0
2025-12-04,COSMOFIRST,EQ,INE757A01017,COSMO FIRST LIMITED,720.05,733.85,720.05,732.9,729.05,0.53,31224,22884070.36
2025-12-04,CPCAP,EQ,INE521J01018,CP CAPITAL LIMITED,110.73,113.5,110.42,110.86,111.49,-0.57,13556,1502818.17
2025-12-04,CPEDU,EQ,INE0P6P01016,CAREER POINT EDUTECH LTD,273.1,284.45,272.7,279.7,273.1,2.42,10936,3058799.33
2025-12-04,CPPLUS,EQ,INE819V01029,ADITYA INFOTECH LIMITED,1530.0,1535.9,1493.9,1515.6,1533.1,-1.14,143643,217705327.29
2025-12-04,CPSEETF,EQ,INF457M01133,CPSE ETF,90.3,91.69,90.3,90.95,90.71,0.26,675126,61402707.64
2025-12-04,CRAFTSMAN,EQ,INE00LO01017,CRAFTSMAN AUTOMATION LTD,7053.5,7100.0,6985.0,7038.5,7053.5,-0.21,23366,164461591.0
2025-12-04,CRAMC,EQ,INE218I01013,CANARA ROBECO AMC LIMITED,295.05,295.95,280.1,281.95,293.15,-3.82,950909,268108804.16
2025-12-04,CREATIVEYE,EQ,INE230B01021,CREATIVE EYE LIMITED,7.57,7.93,6.57,7.29,7.57,-3.7,89689,653832.81
2025-12-04,CREDITACC,EQ,INE741K01010,CREDITACCESS GRAMEEN LTD,1334.1,1353.5,1313.7,1347.0,1334.1,0.97,99054,133425738.0
2025-12-04,CREST,EQ,INE559D01011,CREST VENTURES LIMITED,374.0,377.0,370.0,371.0,375.85,-1.29,3200,1187200.0
2025-12-04,CRESTO,EQ,INE203Y01012,CRESTO TECHNO LIMITED,23.45,24.2,23.45,23.67,23.4,1.15,4918,116409.06
2025-12-04,CRISIL,EQ,INE007A01025,CRISIL LTD,4481.5,4481.5,4377.0,4426.0,4452.5,-0.6,64052,283494152.0
2025-12-04,CRIZAC,EQ,INE0S4R01014,CRIZAC LIMITED,278.3,282.0,271.65,279.7,276.4,1.19,358049,100146309.67
2025-12-04,CROMPTON,EQ,INE299U01018,CROMPT GREA CON ELEC LTD,255.1,261.8,255.1,258.9,255.85,1.19,1906296,493540022.76
2025-12-04,CROWN,EQ,INE491V01019,CROWN LIFTERS LIMITED,133.78,133.99,132.05,132.52,133.11,-0.44,5701,755496.54
2025-12-04,CSBBANK,EQ,INE679A01013,CSB BANK LIMITED,399.4,401.1,388.0,389.95,398.5,-2.15,204471,79733468.95
2025-12-04,CSLFINANCE,EQ,INE718F01018,CSL FINANCE LIMITED,285.0,295.95,285.0,290.3,287.75,0.89,5099,1480239.64
2025-12-04,CUB,EQ,INE491A01021,CITY UNION BANK LTD,206.29,207.23,198.56,202.2,205.54,-1.62,2295587,464167684.39
2025-12-04,CUBEXTUB,EQ,INE144D01012,CUBEX TUBINGS LTD,90.62,90.77,87.31,89.53,88.84,0.78,41832,3745218.91
2025-12-04,CUMMINSIND,EQ,INE298A01020,CUMMINS INDIA LTD,4525.0,4552.5,4430.0,4459.3,4514.1,-1.21,339985,1516095044.1
2025-12-04,CUPID,EQ,INE509F01029,CUPID LIMITED,74.4,74.98,73.11,74.77,73.7,1.45,22810045,1705506988.08
2025-12-04,CYIENT,EQ,INE136B01020,CYIENT LIMITED,1180.6,1193.0,1170.5,1177.2,1180.6,-0.29,234386,275919187.76
2025-12-04,CYIENTDLM,EQ,INE055S01018,CYIENT DLM LIMITED,434.15,440.4,429.05,430.0,434.1,-0.94,107409,46185870.0
2025-12-04,DABUR,EQ,INE016A01026,DABUR INDIA LTD,505.15,510.25,502.55,508.1,506.0,0.42,1371715,696968399.87
2025-12-04,DALBHARAT,EQ,INE00R701025,DALMIA BHARAT LIMITED,1983.5,2002.5,1971.8,1990.3,1983.5,0.34,131741,262204118.73
2025-12-04,DALMIASUG,EQ,INE495A01022,DALMIA BHARAT SUG IN LTD,299.8,302.6,295.0,295.55,297.9,-0.79,33287,9837972.44
2025-12-04,DAMCAPITAL,EQ,INE284H01025,DAM CAPITAL ADVISORS LTD,214.8,216.69,212.44,214.26,214.8,-0.25,319279,68408716.79
2025-12-04,DANGEE,EQ,INE688Y01022,DANGEE DUMS LIMITED,3.77,3.79,3.7,3.75,3.77,-0.53,37870,142012.5
2025-12-04,DATAMATICS,EQ,INE365B01017,DATAMATICS GLOBAL SER LTD,840.0,849.45,829.9,835.3,841.7,-0.76,50196,41928718.19
2025-12-04,DATAPATTNS,EQ,INE0IX101010,DATA PATTERNS INDIA LTD,2887.8,2965.0,2875.0,2896.9,2888.5,0.29,503479,1458528265.93
2025-12-04,DAVANGERE,EQ,INE179G01029,DAVANGERE SUGAR COMPANY L,4.2,4.21,3.85,3.87,4.19,-7.64,21487285,83155790.49
2025-12-04,DBCORP,EQ,INE950I01011,D.B.CORP LTD,258.35,259.2,255.55,255.85,258.35,-0.97,23338,5971027.44
2025-12-04,DBEIL,EQ,INE0OPA01027,DEEPAK BUILDERS & ENG I L,12.69,12.9,12.53,12.8,12.69,0.91,203550,2606254.18
2025-12-04,DBL,EQ,INE917M01012,DILIP BUILDCON LIMITED,454.0,462.2,452.4,456.35,455.3,0.23,157146,71713578.06
2025-12-04,DBOL,EQ,INE0I3401014,DHAMPUR BIO ORGANICS LTD,76.9,78.0,76.25,76.99,76.57,0.55,22449,1728348.46
2025-12-04,DBREALTY,EQ,INE879I01012,VALOR ESTATE LIMITED,127.0,127.0,121.9,122.22,126.46,-3.35,1069561,130721746.73
2025-12-04,DCAL,EQ,INE385W01011,DISHMAN CARBO AMCIS LTD,235.2,235.9,226.35,228.56,236.7,-3.44,103991,23768182.71
2025-12-04,DCBBANK,EQ,INE503A01015,DCB BANK LIMITED,179.82,179.82,173.52,175.69,178.86,-1.77,1270741,223256489.39
2025-12-04,DCI,EQ,INE0A1101019,DC INFOTECH AND COMUN LTD,251.9,251.9,245.05,246.6,246.2,0.16,3264,804902.42
2025-12-04,DCM,EQ,INE498A01018,DCM LTD,95.18,95.19,91.1,93.45,95.04,-1.67,14509,1355866.01
2025-12-04,DCMFINSERV,EQ,INE891B01012,DCM FINANCIAL SERVICES LT,5.41,5.84,5.38,5.41,5.38,0.56,12372,66932.52
2025-12-04,DCMNVL,EQ,INE08KP01019,DCM NOUVELLE LIMITED,131.51,136.51,131.51,134.28,133.16,0.84,16332,2193060.94
2025-12-04,DCMSHRIRAM,EQ,INE499A01024,DCM SHRIRAM LIMITED,1221.4,1232.8,1210.2,1227.0,1221.3,0.47,38728,47519256.0
2025-12-04,DCMSRIND,EQ,INE843D01027,DCM SHRIRAM IND LTD,168.4,168.52,165.88,166.6,168.27,-0.99,31592,5263227.39
2025-12-04,DCW,EQ,INE500A01029,DCW LTD,56.87,58.1,56.13,57.02,56.87,0.26,707824,40360124.8
2025-12-04,DCXINDIA,EQ,INE0KL801015,DCX SYSTEMS LIMITED,175.5,176.5,172.8,173.63,175.63,-1.14,368300,63947930.8
2025-12-04,DDEVPLSTIK,EQ,INE0HR601026,DDEV PLASTIKS IND LTD,283.8,287.9,279.6,287.05,281.95,1.81,102518,29427790.65
2025-12-04,DECCANCE,EQ,INE583C01021,DECCAN CEMENTS LIMITED,736.75,756.1,723.75,735.05,736.0,-0.13,30384,22333758.83
2025-12-04,DEEDEV,EQ,INE841L01016,DEE DEVELOPMENT ENG LTD,202.0,206.59,201.0,201.82,201.94,-0.06,78993,15942367.84
2025-12-04,DEEPAKFERT,EQ,INE501A01019,DEEPAK FERTILIZERS & PETR,1306.2,1337.9,1306.2,1320.7,1309.8,0.83,117176,154754337.48
2025-12-04,DEEPAKNTR,EQ,INE288B01029,DEEPAK NITRITE LTD,1519.7,1548.0,1514.0,1533.8,1522.7,0.73,100438,154051809.3
2025-12-04,DEEPINDS,EQ,INE0FHS01024,DEEP INDUSTRIES LIMITED,441.4,446.35,434.2,438.1,442.35,-0.96,104677,45858994.34
2025-12-04,DELHIVERY,EQ,INE148O01028,DELHIVERY LIMITED,400.0,403.7,397.35,401.6,401.95,-0.09,1276192,512518714.99
2025-12-04,DELTACORP,EQ,INE124G01033,DELTA CORP LIMITED,66.59,71.79,65.8,68.3,66.59,2.57,11673535,797302476.12
2025-12-04,DELTAMAGNT,EQ,INE393A01011,DELTA MANUFACTURING LTD,74.95,74.95,68.2,70.31,73.34,-4.13,9828,691006.66
2025-12-04,DEN,EQ,INE947J01015,DEN NETWORKS LTD,31.77,31.85,31.38,31.53,31.8,-0.85,144227,4547477.41
2025-12-04,DENORA,EQ,INE244A01016,DE NORA INDIA LIMITED,692.15,705.0,686.1,701.05,687.5,1.97,1130,792186.49
2025-12-04,DENTA,EQ,INE0R4L01018,DENTA WATER N INFRA SOL L,357.7,361.35,352.3,354.95,357.7,-0.77,72438,25711868.98
2025-12-04,DEVIT,EQ,INE060X01034,DEV INFO TECHNOLOGY LTD,40.05,40.5,39.11,39.66,40.0,-0.85,36722,1456394.51
2025-12-04,DEVX,EQ,INE0VOV01021,DEV ACCELERATOR LIMITED,43.5,43.5,42.05,42.34,42.81,-1.1,38994,1651005.97
2025-12-04,DEVYANI,EQ,INE872J01023,DEVYANI INTERNATIONAL LTD,137.6,141.14,134.22,138.92,136.93,1.45,2639519,366681974.65
2025-12-04,DGCONTENT,EQ,INE03JI01017,DIGICONTENT LIMITED,32.99,33.44,31.37,31.77,32.19,-1.3,40528,1287574.58
2025-12-04,DHAMPURSUG,EQ,INE041A01016,DHAMPUR SUGAR MILLS LTD.,122.0,122.98,120.33,121.03,122.34,-1.07,177027,21425577.59
2025-12-04,DHANBANK,EQ,INE680A01011,DHANLAXMI BANK LIMITED,26.1,26.28,25.96,26.04,26.09,-0.19,341869,8902269.07
2025-12-04,DHANUKA,EQ,INE435G01025,DHANUKA AGRITECH LTD,1246.7,1257.0,1237.1,1250.5,1250.1,0.03,8607,10763053.5
2025-12-04,DHARMAJ,EQ,INE00OQ01016,DHARMAJ CROP GUARD LTD,234.18,240.58,231.0,238.28,234.18,1.75,43498,10364703.39
2025-12-04,DHRUV,EQ,INE506Z01015,DHRUV CONSULTANCY SER LTD,48.01,49.0,47.42,48.11,48.4,-0.6,74828,3599975.13
2025-12-04,DHUNINV,EQ,INE320L01011,DHUNSERI INVESTMENTS LTD,1205.7,1205.7,1189.8,1196.0,1203.0,-0.58,311,371956.0
2025-12-04,DIAMINESQ,EQ,INE591D01014,DIAMINES & CHEMICALS LTD,268.05,277.9,268.05,272.15,267.95,1.57,7686,2091744.85
2025-12-04,DIAMONDYD,EQ,INE393P01035,PRATAAP SNACKS LIMITED,1080.1,1093.6,1060.1,1068.4,1078.5,-0.94,43732,46723269.87
2025-12-04,DICIND,EQ,INE303A01010,DIC INDIA LIMITED,528.45,528.45,502.05,512.05,505.0,1.4,1859,951900.93
2025-12-04,DIFFNKG,EQ,INE184O01015,DIFFUSION ENGINEERS LTD,275.0,288.0,275.0,281.0,278.4,0.93,57701,16213981.0
2025-12-04,DIGIDRIVE,EQ,INE0PSC01024,DIGIDRIVE DISTRIBUTORS L,27.25,27.94,26.9,27.43,27.59,-0.58,5147,141182.21
2025-12-04,DIGISPICE,EQ,INE927C01020,DIGISPICE TECHNOLOGIES LT,24.9,25.63,24.21,24.69,25.1,-1.63,29171,720232.01
2025-12-04,DIGITIDE,EQ,INE0U4701011,DIGITIDE SOLUTIONS LTD,135.1,139.63,131.58,132.25,136.37,-3.02,277463,36694481.75
2025-12-04,DISHTV,EQ,INE836F01026,DISH TV INDIA LTD.,4.12,4.14,4.05,4.1,4.08,0.49,2291992,9397166.98
2025-12-04,DIVGIITTS,EQ,INE753U01022,DIVGI TORQTRANSFER SYST L,573.7,638.95,573.7,606.9,585.6,3.64,39034,23689735.55
2025-12-04,DIVISLAB,EQ,INE361B01024,DIVI S LABORATORIES LTD,6455.0,6492.5,6413.0,6469.0,6455.0,0.22,200558,1297409702.0
2025-12-04,DIVOPPBEES,EQ,INF204KA1MS3,NIP IND ETF DIV OPP,81.0,81.88,80.68,81.7,81.25,0.55,66760,5454291.8
2025-12-04,DIXON,EQ,INE935N01020,DIXON TECHNO (INDIA) LTD,14080.0,14105.0,13675.0,13707.0,14018.0,-2.22,259494,3556884258.0
2025-12-04,DJML,EQ,INE0B1K01014,DJ MEDIAPRINT & LOG LTD,61.05,61.86,53.76,58.21,61.12,-4.76,305400,17777333.72
2025-12-04,DLF,EQ,INE271C01023,DLF LIMITED,706.6,713.85,705.15,709.35,708.0,0.19,2869711,2035629427.79
2025-12-04,DLINKINDIA,EQ,INE250K01012,D-LINK INDIA LTD,441.75,447.05,438.1,442.4,441.75,0.15,34539,15280053.39
2025-12-04,DMART,EQ,INE192R01011,AVENUE SUPERMARTS LIMITED,3910.3,3935.0,3897.3,3913.3,3909.7,0.09,200117,783117865.87
2025-12-04,DMCC,EQ,INE505A01010,DMCC SPECIALITY CHEMICALS,277.5,279.0,261.0,261.5,272.85,-4.16,15258,3989967.0
2025-12-04,DNAMEDIA,EQ,INE016M01021,DILIGENT MEDIA CORP LTD.,4.17,4.17,3.92,4.03,4.03,0.0,30558,123148.75
2025-12-04,DODLA,EQ,INE021O01019,DODLA DAIRY LIMITED,1230.0,1235.0,1217.0,1225.2,1235.7,-0.85,35295,43243432.28
2025-12-04,DOLATALGO,EQ,INE966A01022,DOLAT ALGOTECH LIMITED,71.62,72.4,69.75,71.93,71.26,0.94,135116,9718893.92
2025-12-04,DOLLAR,EQ,INE325C01035,DOLLAR INDUSTRIES LIMITED,338.8,344.7,336.35,337.95,339.75,-0.53,22725,7679914.03
2025-12-04,DOLLEX,EQ,INE0JHH01011,DOLLEX AGROTECH LIMITED,39.4,40.3,39.4,39.85,40.4,-1.36,8000,318799.99
2025-12-04,DOLPHIN,EQ,INE920A01037,DOLPHIN OFF ENT (IND) L,352.9,357.85,352.25,355.4,352.1,0.94,2317,823461.79
2025-12-04,DOMS,EQ,INE321T01012,DOMS INDUSTRIES LIMITED,2609.0,2639.8,2576.6,2631.5,2609.0,0.86,118158,310932777.0
2025-12-04,DONEAR,EQ,INE668D01028,DONEAR IND. LIMITED,102.83,105.88,101.2,102.98,102.83,0.15,42567,4383549.8
2025-12-04,DPABHUSHAN,EQ,INE266Y01019,D. P. ABHUSHAN LIMITED,1514.2,1569.9,1510.7,1542.0,1519.8,1.46,15616,24079872.0
2025-12-04,DRCSYSTEMS,EQ,INE03RS01027,DRC SYSTEMS INDIA LIMITED,17.29,17.87,17.1,17.23,17.53,-1.71,38181,657858.61
2025-12-04,DREAMFOLKS,EQ,INE0JS101016,DREAMFOLKS SERVICES LTD,117.38,118.31,114.81,115.73,117.38,-1.41,125917,14572374.83
2025-12-04,DREDGECORP,EQ,INE506A01018,DREDGING CORP OF INDIA,874.8,886.6,851.2,858.2,869.65,-1.32,113521,97423723.59
2025-12-04,DRREDDY,EQ,INE089A01031,DR. REDDY S LABORATORIES,1280.6,1284.2,1266.5,1277.6,1280.7,-0.24,1971130,2518315639.88
2025-12-04,DSSL,EQ,INE417B01040,DYNACONS SYS & SOLN LTD,925.2,934.4,900.0,904.05,908.45,-0.48,16838,15222393.69
2025-12-04,DUCON,EQ,INE741L01018,DUCON INFRATECHNOLOGIES L,3.92,4.05,3.62,3.67,3.95,-7.09,1486137,5454122.9
2025-12-04,DVL,EQ,INE477B01010,DHUNSERI VENTURES LIMITED,290.0,294.7,288.0,289.75,290.25,-0.17,7944,2301774.0
2025-12-04,DWARKESH,EQ,INE366A01041,DWARIKESH SUGAR IND LTD,39.45,39.45,38.35,38.45,38.86,-1.06,314658,12098600.34
2025-12-04,DYCL,EQ,INE600Y01019,DYNAMIC CABLES LIMITED,331.9,335.25,324.5,331.75,329.75,0.61,81536,27049568.0
2025-12-04,DYNAMATECH,EQ,INE221B01012,DYNAMATIC TECHNOLOGIES,8914.0,8923.5,8551.0,8593.5,8843.5,-2.83,14485,124476847.5
2025-12-04,DYNPRO,EQ,INE256H01015,DYNEMIC PRODUCTS LIMITED,278.5,278.5,268.75,270.1,278.85,-3.14,17511,4729721.21
2025-12-04,EASEMYTRIP,EQ,INE07O001026,EASY TRIP PLANNERS LTD,7.5,8.45,7.5,8.33,8.2,1.59,96566380,804397938.03
2025-12-04,EBANKNIFTY,EQ,INF754K01TE4,EDELAMC - EBANKNIFTY,59.96,60.05,59.55,59.65,59.83,-0.3,117963,7036493.13
2025-12-04,EBBETF0430,EQ,INF754K01KO2,EDELAMC - EBBETF0430,1569.8,1569.8,1560.0,1562.04,1561.51,0.03,33330,52062794.5
2025-12-04,EBBETF0431,EQ,INF754K01LE1,EDELAMC - EBBETF0431,1397.05,1401.88,1397.05,1399.65,1400.66,-0.07,19043,26653535.41
2025-12-04,EBBETF0433,EQ,INF754K01QX0,EDELAMC - EBBETF0433,1276.59,1277.54,1271.6,1272.3,1274.39,-0.16,16232,20651974.39
2025-12-04,EBGNG,EQ,INE18JU01028,GNG ELECTRONICS LIMITED,319.0,325.4,318.3,323.25,317.9,1.68,68771,22230225.75
2025-12-04,ECAPINSURE,EQ,INF754K01TX4,EDELAMC - ECAPINSURE,24.2,24.2,23.72,23.97,23.86,0.46,17402,417125.93
2025-12-04,ECLERX,EQ,INE738I01010,ECLERX SERVICES LTD,2452.5,2462.2,2414.5,2448.3,2455.7,-0.3,167930,411143027.2
2025-12-04,ECOSMOBLTY,EQ,INE06HJ01020,ECOS (INDIA) MOB & HOSP L,235.0,237.16,231.01,236.02,235.84,0.08,77594,18313736.21
2025-12-04,EDELWEISS,EQ,INE532F01054,EDELWEISS FIN SERV LTD,108.45,109.34,107.0,107.88,109.16,-1.17,2989305,322486215.19
2025-12-04,EFCIL,EQ,INE886D01026,EFC (I) LIMITED,262.15,263.8,257.7,259.55,260.9,-0.52,175986,45677164.15
2025-12-04,EGOLD,EQ,INF754K01SE6,EDELAMC - EGOLD,127.8,128.9,126.9,128.15,128.7,-0.43,472494,60550103.22
2025-12-04,EICHERMOT,EQ,INE066A01021,EICHER MOTORS LTD,7098.0,7167.5,7066.5,7100.0,7081.5,0.26,364672,2589171200.0
2025-12-04,EIDPARRY,EQ,INE126A01031,EID PARRY INDIA LTD,1030.5,1039.0,1027.3,1034.4,1035.6,-0.12,100182,103628263.25
2025-12-04,EIEL,EQ,INE0LLY01014,ENVIRO INFRA ENGINEERS L,209.0,210.0,207.15,208.52,210.13,-0.77,348920,72756799.89
2025-12-04,EIHAHOTELS,EQ,INE276C01014,EIH ASSOCIATED HOTELS LTD,355.2,361.5,355.2,358.85,357.55,0.36,7338,2633241.34
2025-12-04,EIHOTEL,EQ,INE230A01023,EIH LIMITED,376.85,378.8,374.55,378.0,378.7,-0.18,108520,41020560.0
2025-12-04,EIMCOELECO,EQ,INE158B01016,EIMCO ELECON (INDIA) LTD,1609.4,1650.0,1584.6,1609.7,1584.9,1.56,14605,23509667.79
2025-12-04,EKC,EQ,INE184H01027,EVEREST KANTO CYLINDERLTD,117.7,119.09,116.73,117.78,118.13,-0.3,236260,27826702.51
2025-12-04,ELDEHSG,EQ,INE668G01021,ELDECO HSG & IND LTD.,849.0,987.9,839.8,951.0,831.45,14.38,132655,126154905.0
2025-12-04,ELECON,EQ,INE205B01031,ELECON ENG. CO. LTD,484.0,491.5,477.75,479.5,482.2,-0.56,169471,81261344.5
2025-12-04,ELECTCAST,EQ,INE086A01029,ELECTROSTEEL CASTINGS LTD,73.0,73.49,71.7,72.04,73.06,-1.4,719533,51835157.98
2025-12-04,ELECTHERM,EQ,INE822G01016,ELECTROTHERM (I) LTD.,858.8,859.0,835.0,838.0,853.2,-1.78,3118,2612884.0
2025-12-04,ELGIEQUIP,EQ,INE285A01027,ELGI EQUIPMENTS LTD,508.5,508.5,489.85,491.45,506.5,-2.97,442139,217289216.95
2025-12-04,ELGIRUBCO,EQ,INE819L01012,ELGI RUBBER CO. LTD,52.89,53.8,51.21,52.55,52.45,0.19,13125,689718.74
2025-12-04,ELIN,EQ,INE050401020,ELIN ELECTRONICS LIMITED,180.0,180.0,172.51,176.14,175.03,0.63,45708,8051007.09
2025-12-04,ELIQUID,EQ,INF754K01VW2,EDELAMC - ELIQUID,1008.83,1008.83,1008.83,1008.83,1008.69,0.01,0,0.0
2025-12-04,ELLEN,EQ,INE236E01022,ELLENBARRIE INDUS GASES L,371.0,379.0,362.3,363.55,371.25,-2.07,95531,34730293.88
2025-12-04,EMAMILTD,EQ,INE548C01032,EMAMI LIMITED,519.0,520.0,515.75,516.55,520.8,-0.82,333827,172438332.77
2025-12-04,EMAMIREAL,EQ,INE778K01012,EMAMI REALTY LIMITED,82.01,82.46,80.5,80.87,81.99,-1.37,17769,1436979.08
2025-12-04,EMBDL,EQ,INE069I01010,EMBASSY DEVELOPMENTS LTD,73.54,73.8,72.39,72.69,73.91,-1.65,3240956,235585099.55
2025-12-04,EMCURE,EQ,INE168P01015,EMCURE PHARMACEUTICALS L,1399.4,1429.9,1379.1,1403.5,1392.5,0.79,121142,170022797.0
2025-12-04,EMIL,EQ,INE02YR01019,ELECTRONICS MART IND LTD,118.3,118.78,116.83,117.38,118.64,-1.06,335513,39382515.02
2025-12-04,EMKAY,EQ,INE296H01011,EMKAY GLOBAL FIN SERV LTD,292.1,298.45,290.0,294.45,292.9,0.53,5907,1739316.22
2025-12-04,EMMVEE,EQ,INE1C6T01020,EMMVEE PHOTOVOLTAIC PWR L,238.71,239.13,218.16,219.86,242.4,-9.3,6258735,1376045480.92
2025-12-04,EMSLIMITED,EQ,INE0OV601013,EMS LIMITED,427.8,439.65,421.9,427.85,427.8,0.01,146858,62833196.2
2025-12-04,EMUDHRA,EQ,INE01QM01018,EMUDHRA LIMITED,620.05,628.85,617.25,622.65,620.05,0.42,77061,47982033.53
2025-12-04,EMULTIMQ,EQ,INF754K01TF1,EDELAMC - EMULTIMQ,42.21,42.36,42.07,42.3,42.12,0.43,20565,869899.48
2025-12-04,ENDURANCE,EQ,INE913H01037,ENDURANCE TECHNO. LTD.,2680.0,2680.0,2633.0,2651.6,2668.5,-0.63,45232,119937175.62
2025-12-04,ENERGY,EQ,INF769K01PR2,MIRAEAMC - ENERGY,34.99,34.99,34.99,34.99,35.11,-0.34,0,0.0
2025-12-04,ENERGYDEV,EQ,INE306C01019,ENERGY DEVE. CO.LTD,21.2,21.54,20.7,20.81,21.66,-3.92,79028,1644572.64
2025-12-04,ENGINERSIN,EQ,INE510A01028,ENGINEERS INDIA LTD,196.26,202.0,196.0,201.62,198.4,1.62,1822430,367438327.7
2025-12-04,ENIL,EQ,INE265F01028,ENTERTAIN NET. IND. LTD.,121.0,121.6,118.05,118.37,119.78,-1.18,12735,1507441.98
2025-12-04,ENRIN,EQ,INE1NPP01017,SIEMENS ENERGY INDIA LTD,3150.0,3190.0,3090.0,3100.7,3150.5,-1.58,305254,946501062.9
2025-12-04,ENTERO,EQ,INE010601016,ENTERO HEALTHCARE SOLU L,1051.2,1059.9,1029.3,1039.2,1051.2,-1.14,107784,112009127.54
2025-12-04,EPACK,EQ,INE0G5901015,EPACK DURABLE LIMITED,273.0,273.0,260.0,261.35,273.1,-4.3,369161,96480229.6
2025-12-04,EPACKPEB,EQ,INE0MLS01022,EPACK PREFAB TECHN LTD,322.7,324.55,311.0,315.95,323.05,-2.2,1356972,428735319.96
2025-12-04,EPIGRAL,EQ,INE071N01016,EPIGRAL LIMITED,1461.1,1492.1,1457.0,1475.2,1461.8,0.92,13725,20247119.33
2025-12-04,EPL,EQ,INE255A01020,EPL LIMITED,202.0,206.39,200.83,202.57,202.04,0.26,918734,186107953.11
2025-12-04,EQUAL200,EQ,INF769K01OA1,MIRAEAMC - EQUAL200,13.35,13.35,13.35,13.35,13.33,0.1,0,0.0
2025-12-04,EQUAL50,EQ,INF769K01OO2,MIRAEAMC - EQUAL50,332.09,332.09,332.09,332.09,331.02,0.32,0,0.0
2025-12-04,EQUAL50ADD,EQ,INF740KA1QK2,DSPAMC - DSPNEWETF,342.88,343.41,341.15,343.06,341.18,0.55,10241,3513277.43
2025-12-04,EQUITASBNK,EQ,INE063P01018,EQUITAS SMALL FIN BNK LTD,62.9,63.45,62.25,62.31,62.9,-0.94,1119084,69730125.58
2025-12-04,ERIS,EQ,INE406M01024,ERIS LIFESCIENCES LIMITED,1566.0,1569.3,1545.1,1559.9,1561.2,-0.08,77218,120452360.09
2025-12-04,ESABINDIA,EQ,INE284A01012,ESAB INDIA LTD,5798.5,5823.5,5737.0,5778.0,5770.0,0.14,5685,32847930.0
2025-12-04,ESCORTS,EQ,INE042A01014,ESCORTS KUBOTA LIMITED,3771.0,3792.6,3714.1,3733.8,3800.0,-1.74,52201,194908096.35
2025-12-04,ESG,EQ,INF769K01GS9,MIRAEAMC - MAESGETF,44.23,44.44,44.14,44.3,44.15,0.34,9607,425590.09
2025-12-04,ESILVER,EQ,INF754K01SF3,EDELAMC - ESILVER,177.45,178.37,173.25,175.36,176.56,-0.68,41368,7254292.51
2025-12-04,ESSARSHPNG,EQ,INE122M01019,ESSAR SHIPPING LTD,28.01,28.9,28.0,28.29,28.29,0.0,48966,1385248.18
2025-12-04,ESSENTIA,EQ,INE418N01035,INTEGRA ESSENTIA LIMITED,1.61,1.86,1.57,1.72,1.58,8.86,7246608,12464165.97
2025-12-04,ESTER,EQ,INE778B01029,ESTER INDUSTRIES LTD,106.7,107.36,104.51,105.6,106.68,-1.01,61981,6545193.51
2025-12-04,ETERNAL,EQ,INE758T01015,ETERNAL LIMITED,297.6,298.75,292.55,295.75,297.75,-0.67,31947997,9448620112.75
2025-12-04,ETHOSLTD,EQ,INE04TZ01018,ETHOS LIMITED,3093.0,3169.4,3020.0,3114.4,3119.3,-0.16,41869,130396809.51
2025-12-04,EUREKAFORB,EQ,INE0KCE01017,EUREKA FORBES LIMITED,636.05,642.8,630.05,634.25,640.15,-0.92,154899,98244690.75
2025-12-04,EUROBOND,EQ,INE505V01016,EURO PANEL PRODUCTS LTD,181.0,184.2,180.23,181.36,182.23,-0.48,4008,726890.88
2025-12-04,EUROPRATIK,EQ,INE198501012,EURO PRATIK SALES LIMITED,342.25,357.0,342.25,352.35,346.05,1.82,126568,44596235.57
2025-12-04,EVEREADY,EQ,INE128A01029,EVEREADY INDS. IND.  LTD.,322.0,325.0,319.0,321.0,321.8,-0.25,47456,15233376.0
2025-12-04,EVINDIA,EQ,INF769K01LQ3,MIRAEAMC - EVINDIA,31.37,31.5,31.17,31.36,31.23,0.42,137047,4297794.0
2025-12-04,EXCELINDUS,EQ,INE369A01029,EXCEL INDUSTRIES LTD,950.7,950.7,930.4,945.1,936.45,0.92,3580,3383457.91
2025-12-04,EXCELSOFT,EQ,INE606N01019,EXCELSOFT TECHNOLOGIES L,99.78,101.2,96.04,96.8,99.27,-2.49,11899404,1151862343.51
2025-12-04,EXICOM,EQ,INE777F01014,EXICOM TELE SYSTEMS LTD,109.8,112.44,108.65,109.52,109.58,-0.05,310113,33963574.72
2025-12-04,EXIDEIND,EQ,INE302A01020,EXIDE INDUSTRIES LTD,371.7,381.75,371.7,380.35,372.65,2.07,2191657,833596753.33
2025-12-04,EXPLEOSOL,EQ,INE201K01015,EXPLEO SOLUTIONS LIMITED,1040.0,1066.8,1034.0,1044.6,1059.4,-1.4,11390,11897993.72
2025-12-04,EXXARO,EQ,INE0GFE01026,EXXARO TILES LIMITED,8.54,8.54,8.05,8.16,8.32,-1.92,82052,669544.31
2025-12-04,FABTECH,EQ,INE0HF201011,FABTECH TECHNOLOGIES LTD,231.0,238.0,228.6,234.82,232.2,1.13,1052249,247089117.89
2025-12-04,FACT,EQ,INE188A01015,FACT LTD,840.0,847.9,833.3,838.3,843.9,-0.66,40975,34349342.0
2025-12-04,FAZE3Q,EQ,INE963C01033,FAZE THREE LIMITED,480.0,490.0,472.85,476.55,482.85,-1.3,26958,12846834.57
2025-12-04,FCL,EQ,INE045J01034,FINEOTEX CHEMICAL LIMITED,24.33,24.36,23.85,23.97,24.35,-1.56,1564561,37502526.1
2025-12-04,FCSSOFT,EQ,INE512B01022,FCS SOFTWARE SOLN. LTD.,2.02,2.02,1.98,1.99,1.99,0.0,1746323,3475182.79
2025-12-04,FDC,EQ,INE258B01022,FDC LIMITED,416.0,420.5,409.4,414.1,413.1,0.24,349606,144771846.73
2025-12-04,FEDERALBNK,EQ,INE171A01029,FEDERAL BANK LTD,259.0,261.2,257.05,258.65,258.25,0.15,5356973,1385581033.75
2025-12-04,FEDFINA,EQ,INE007N01010,FEDBANK FINANCIAL SER L,144.26,144.26,141.63,142.28,143.49,-0.84,391938,55764938.16
2025-12-04,FIBERWEB,EQ,INE296C01020,FIBERWEB INDIA LIMITED,38.0,38.44,36.97,37.19,37.95,-2.0,34722,1291311.13
2025-12-04,FIEMIND,EQ,INE737H01014,FIEM INDUSTRIES LIMITED,2290.6,2302.3,2250.3,2274.7,2290.6,-0.69,52136,118593756.65
2025-12-04,FILATEX,EQ,INE816B01035,FILATEX INDIA LTD,51.2,51.47,50.21,50.34,51.2,-1.68,458850,23098509.07
2025-12-04,FILATFASH,EQ,INE185E01021,FILATEX FASHIONS LIMITED,0.35,0.39,0.35,0.37,0.35,5.71,121711562,45033278.52
2025-12-04,FINCABLES,EQ,INE235A01022,FINOLEX CABLES LTD,741.8,749.0,737.95,740.65,741.8,-0.16,115719,85707280.18
2025-12-04,FINEORG,EQ,INE686Y01026,FINE ORGANIC IND. LTD.,4424.0,4515.0,4360.4,4499.3,4422.3,1.74,10004,45010995.25
2025-12-04,FINIETF,EQ,INF109KC17L8,ICICIPRAMC-ICICIFIN,32.31,32.42,32.15,32.35,32.25,0.31,456104,14754963.7
2025-12-04,FINKURVE,EQ,INE734I01027,FINKURVE FINANCIAL SERV L,103.88,106.5,102.1,103.03,104.78,-1.67,20433,2105211.97
2025-12-04,FINOPB,EQ,INE02NC01014,FINO PAYMENTS BANK LTD,303.55,309.0,300.35,303.5,304.75,-0.41,435169,132073791.5
2025-12-04,FINPIPE,EQ,INE183A01024,FINOLEX INDUSTRIES LTD,172.26,173.09,169.1,170.48,172.26,-1.03,1045157,178178360.89
2025-12-04,FIRSTCRY,EQ,INE02RE01045,BRAINBEES SOLUTIONS LTD,304.0,304.0,296.25,297.8,300.7,-0.96,951673,283408207.78
2025-12-04,FISCHER,EQ,INE771F01041,FISCHER MEDICAL VENTURE L,48.44,48.44,46.32,46.88,48.09,-2.52,1491617,69927006.55
2025-12-04,FIVESTAR,EQ,INE128S01021,FIVE-STAR BUS FIN LTD,573.0,596.0,566.5,589.95,573.45,2.88,2163890,1276586931.91
2025-12-04,FLAIR,EQ,INE00Y201027,FLAIR WRITING INDUST LTD,289.0,295.3,288.0,292.9,290.4,0.86,52860,15482693.68
2025-12-04,FLUOROCHEM,EQ,INE09N301011,GUJARAT FLUOROCHEM LTD,3363.4,3380.0,3333.3,3348.5,3363.8,-0.45,38510,128950735.0
2025-12-04,FMCGIETF,EQ,INF109KC19V3,ICICIPRAMC - ICICIFMCG,58.76,59.15,58.55,59.08,58.81,0.46,542418,32046056.43
2025-12-04,FMGOETZE,EQ,INE529A01010,FEDERAL-MOGUL GOETZE (IND,479.2,497.8,472.3,478.25,478.7,-0.09,45066,21552814.5
2025-12-04,FMNL,EQ,INE360L01017,FUTURE MKT NETWORKS LTD,9.8,10.28,9.55,9.62,10.04,-4.18,80734,776661.07
2025-12-04,FOODSIN,EQ,INE976E01023,FOODS & INNS LIMITED,74.51,75.94,74.07,75.41,75.35,0.08,55792,4207274.92
2025-12-04,FORCEMOT,EQ,INE451A01017,FORCE MOTORS LIMITED,17583.0,17990.0,17489.0,17568.0,17583.0,-0.09,46492,816771456.0
2025-12-04,FORTIS,EQ,INE061F01013,FORTIS HEALTHCARE LTD,895.0,900.65,884.5,888.55,898.25,-1.08,2075176,1843897609.47
2025-12-04,FOSECOIND,EQ,INE519A01011,FOSECO INDIA LTD,5128.0,5133.5,5028.0,5041.5,5149.5,-2.1,784,3952536.0
2025-12-04,FSL,EQ,INE684F01012,FIRSTSOURCE SOLU. LTD.,348.1,353.7,347.0,350.5,348.1,0.69,511012,179109706.0
2025-12-04,FUSION,EQ,INE139R01012,FUSION FINANCE LIMITED,169.0,171.9,167.81,170.2,170.04,0.09,130210,22161741.6
2025-12-04,GABRIEL,EQ,INE524A01029,GABRIEL INDIA LTD,1005.0,1009.9,957.3,963.9,999.6,-3.57,435765,420033894.14
2025-12-04,GAEL,EQ,INE036B01030,GUJARAT AMBUJA EXPORTS LT,116.7,120.25,115.46,119.44,116.27,2.73,1786148,213337521.48
2025-12-04,GAIL,EQ,INE129A01019,GAIL (INDIA) LTD,170.99,171.87,169.75,170.63,170.27,0.21,7624463,1300962158.92
2025-12-04,GALAPREC,EQ,INE0RE001014,GALA PRECISION ENG LTD,723.2,728.15,719.6,724.5,722.5,0.28,4895,3546427.5
2025-12-04,GALAXYSURF,EQ,INE600K01018,GALAXY SURFACTANTS LTD,2029.0,2125.0,2005.0,2011.0,2029.9,-0.93,57846,116328306.0
2025-12-04,GALLANTT,EQ,INE297H01019,GALLANTT ISPAT LIMITED,589.7,597.2,586.6,590.65,591.1,-0.08,49048,28970202.4
2025-12-04,GANDHAR,EQ,INE717W01049,GANDHAR OIL REFINE IND L,127.8,128.29,124.42,125.22,127.8,-2.02,164441,20591302.22
2025-12-04,GANDHITUBE,EQ,INE524B01027,GANDHI SPL. TUBES LTD,758.25,775.0,745.0,761.0,758.1,0.38,3490,2655890.0
2025-12-04,GANECOS,EQ,INE845D01014,GANESHA ECOSPHERE LIMITED,895.6,896.4,875.05,877.5,891.85,-1.61,52101,45718627.5
2025-12-04,GANESHCP,EQ,INE652V01016,GANESH CONSUMER PRODUCT L,250.95,251.45,239.7,243.45,250.85,-2.95,210342,51207759.26
2025-12-04,GANESHHOU,EQ,INE460C01014,GANESH HOUSING LIMITED,816.0,823.25,806.0,810.1,816.15,-0.74,36229,29349112.02
2025-12-04,GANGAFORGE,EQ,INE691Z01023,GANGA FORGING LIMITED,2.93,2.93,2.7,2.82,2.85,-1.05,921338,2598173.1
2025-12-04,GANGESSECU,EQ,INE335W01016,GANGES SECURITIES LIMITED,148.0,149.99,147.0,149.49,147.0,1.69,464,69363.36
2025-12-04,GARFIBRES,EQ,INE276A01018,GARWARE TECH FIBRES LTD,687.9,687.9,675.0,679.0,683.15,-0.61,37953,25770087.0
2025-12-04,GARUDA,EQ,INE0JVO01026,GARUDA CONSTRUCT N ENG L,210.1,215.8,207.26,208.1,210.99,-1.37,786865,163746611.3
2025-12-04,GATEWAY,EQ,INE079J01017,GATEWAY DISTRIPARKS LTD,57.18,63.49,56.6,60.72,57.18,6.19,3338806,202732304.4
2025-12-04,GAYAHWS,EQ,INE287Z01012,GAYATRI HIGHWAYS LIMITED,2.68,2.79,2.66,2.66,2.81,-5.34,430614,1145433.28
2025-12-04,GAYAPROJ,EQ,INE336H01023,GAYATRI PROJECTS LTD,11.53,11.53,11.53,11.53,11.53,0.0,0,0.0
2025-12-04,GCSL,EQ,INE199P01028,GRETEX CORPORATE SERVICES,337.8,357.85,325.55,342.0,341.6,0.12,6559,2243178.0
2025-12-04,GEEKAYWIRE,EQ,INE669X01032,GEEKAY WIRES LIMITED,33.49,33.49,32.38,32.93,33.01,-0.24,80328,2645201.06
2025-12-04,GEMAROMA,EQ,INE06XZ01023,GEM AROMATICS LIMITED,153.6,158.64,150.31,153.45,154.92,-0.95,242209,37166970.31
2025-12-04,GENCON,EQ,INE854S01022,GENERIC ENG CONS PROJ LTD,44.65,48.5,43.25,44.47,44.3,0.38,1938077,86186286.56
2025-12-04,GENESYS,EQ,INE727B01026,GENESYS INTL CORPN LTD,416.35,416.9,397.05,399.1,416.35,-4.14,224695,89675775.87
2025-12-04,GENUSPAPER,EQ,INE949P01018,GENUS P&B LIMITED,14.08,14.4,13.91,14.25,13.91,2.44,59520,848160.0
2025-12-04,GENUSPOWER,EQ,INE955D01029,GENUS POWER INFRASTRU LTD,306.5,311.05,304.5,305.15,306.5,-0.44,258861,78991432.57
2025-12-04,GEOJITFSL,EQ,INE007B01023,GEOJIT FINANCIAL SER L,70.02,71.48,70.02,71.17,70.51,0.94,324757,23112955.1
2025-12-04,GESHIP,EQ,INE017A01032,THE GE SHPG.LTD,1103.1,1112.0,1092.0,1104.0,1105.0,-0.09,213429,235625616.0
2025-12-04,GFLLIMITED,EQ,INE538A01037,GFL LIMITED,60.0,61.63,58.85,60.68,59.76,1.54,78927,4789290.38
2025-12-04,GHCL,EQ,INE539A01019,GHCL LIMITED,610.75,618.0,604.5,612.2,618.1,-0.95,164100,100462022.0
2025-12-04,GHCLTEXTIL,EQ,INE0PA801013,GHCL TEXTILES LIMITED,73.58,74.9,71.99,74.34,72.99,1.85,294497,21892905.9
2025-12-04,GICHSGFIN,EQ,INE289B01019,GIC HOUSING FINANCE LTD,167.9,167.9,165.25,166.55,165.88,0.4,40846,6802901.42
2025-12-04,GICRE,EQ,INE481Y01014,GENERAL INS CORP OF INDIA,383.5,388.15,382.35,384.4,386.3,-0.49,391851,150627522.01
2025-12-04,GILLANDERS,EQ,INE047B01011,GILLANDERS ARBUTHNOT LTD,110.0,110.82,107.0,107.35,108.0,-0.6,1690,181421.5
2025-12-04,GILLETTE,EQ,INE322A01010,GILLETTE INDIA LTD,8332.0,8600.0,8299.0,8535.0,8332.0,2.44,28336,241847760.0
2025-12-04,GILT10BETA,EQ,INF789F1AZF3,UTIAMC-GILT10BETA,26.32,26.34,26.07,26.18,26.12,0.23,6653,174175.54
2025-12-04,GILT5BETA,EQ,INF789F1AZE6,UTIAMC-GILT5BETA,64.06,64.06,63.43,63.43,63.75,-0.5,641,40658.63
2025-12-04,GILT5YBEES,EQ,INF204KC1030,RELCAPAMC - NETFGILT5Y,62.62,63.74,62.62,63.57,63.65,-0.13,103286,6565890.99
2025-12-04,GIPCL,EQ,INE162A01010,GUJ IND POW CO. LTD,158.01,159.95,157.05,157.73,158.63,-0.57,219030,34547600.96
2025-12-04,GKENERGY,EQ,INE1AG301022,GK ENERGY LIMITED,146.3,150.5,144.69,148.39,146.46,1.32,562437,83460026.09
2025-12-04,GKWLIMITED,EQ,INE528A01020,GKW LIMITED,1702.0,1760.0,1702.0,1712.2,1704.4,0.46,162,277376.39
2025-12-04,GLAND,EQ,INE068V01023,GLAND PHARMA LIMITED,1771.0,1771.0,1715.5,1734.9,1771.0,-2.04,133475,231565780.76
2025-12-04,GLAXO,EQ,INE159A01016,GLAXOSMITHKLINE PHARMA LT,2520.0,2539.0,2494.9,2510.8,2518.9,-0.32,82587,207359443.63
2025-12-04,GLENMARK,EQ,INE935A01035,GLENMARK PHARMACEUTICALS,1960.1,1984.9,1960.1,1973.8,1965.9,0.4,414550,818238810.24
2025-12-04,GLFL,EQ,INE540A01017,GUJARAT LEASE FINANCING L,7.22,7.22,7.22,7.22,7.22,0.0,0,0.0
2025-12-04,GLOBAL,EQ,INE291W01037,GLOBAL EDUCATION LIMITED,90.0,95.0,89.36,93.01,91.73,1.4,219002,20369376.49
2025-12-04,GLOBALE,EQ,INE0URU01010,GLOBALE TESSILE LIMITED,10.53,11.43,10.53,10.92,11.22,-2.67,29379,320818.68
2025-12-04,GLOBALVECT,EQ,INE792H01019,GLOBAL VEC HELICORP LTD,195.43,204.5,193.83,199.25,195.53,1.9,14295,2848278.75
2025-12-04,GLOBE,EQ,INE581X01021,GLOBE ENTERPRISE (I) LTD,2.57,2.66,2.51,2.55,2.51,1.59,555547,1416644.82
2025-12-04,GLOBECIVIL,EQ,INE0V3U01015,GLOBE CIVIL PROJECTS LTD,65.79,67.0,64.0,64.58,65.78,-1.82,68146,4400868.8
2025-12-04,GLOBUSSPR,EQ,INE615I01010,GLOBUS SPIRITS LTD,1047.0,1048.0,992.5,999.1,1035.2,-3.49,82258,82183965.79
2025-12-04,GLOSTERLTD,EQ,INE350Z01018,GLOSTER LIMITED,628.9,635.95,628.0,634.65,633.65,0.16,4116,2612219.5
2025-12-04,GLOTTIS,EQ,INE0TQE01026,GLOTTIS LIMITED,60.76,62.68,59.15,61.09,60.76,0.54,490165,29944179.92
2025-12-04,GMBREW,EQ,INE075D01018,G M BREWERIES LTD,1018.9,1018.9,985.0,992.6,1011.6,-1.88,116279,115418532.56
2025-12-04,GMDCLTD,EQ,INE131A01031,GUJARAT MINERAL DEV CORP,521.0,540.7,519.35,529.6,521.2,1.61,4784295,2533762515.2
2025-12-04,GMMPFAUDLR,EQ,INE541A01023,GMM PFAUDLER LIMITED,1112.0,1117.2,1095.0,1100.5,1111.1,-0.95,45480,50050740.0
2025-12-04,GMRAIRPORT,EQ,INE776C01039,GMR AIRPORTS LIMITED,105.0,105.84,102.84,103.06,105.35,-2.17,23135574,2384352199.96
2025-12-04,GMRP&UI,EQ,INE0CU601026,GMR POW AND URBAN INFRA L,112.65,113.47,111.0,111.36,112.97,-1.43,997004,111026366.05
2025-12-04,GNA,EQ,INE934S01014,GNA AXLES LIMITED,316.45,318.0,311.8,314.1,314.6,-0.16,12150,3816315.07
2025-12-04,GNFC,EQ,INE113A01013,GUJ NAR VAL FER & CHEM L,502.0,508.5,501.1,503.45,504.0,-0.11,210201,105825696.02
2025-12-04,GOACARBON,EQ,INE426D01013,GOA CARBON LIMITED,401.15,405.45,392.15,398.45,403.0,-1.13,7470,2976421.59
2025-12-04,GOCLCORP,EQ,INE077F01035,GOCL CORPORATION LIMITED,305.0,305.0,294.0,295.35,302.05,-2.22,21489,6346776.28
2025-12-04,GOCOLORS,EQ,INE0BJS01011,GO FASHION INDIA LTD,503.15,505.9,496.0,498.45,500.55,-0.42,44265,22063889.79
2025-12-04,GODAVARIB,EQ,INE497S01012,GODAVARI BIOREFINERIES L,238.01,242.69,236.71,238.86,240.01,-0.48,258924,61846586.8
2025-12-04,GODFRYPHLP,EQ,INE260B01028,GODFREY PHILLIPS INDIA LT,2788.0,2828.8,2768.0,2780.7,2788.0,-0.26,182288,506888232.7
2025-12-04,GODIGIT,EQ,INE03JT01014,GO DIGIT GENERAL INS LTD,344.9,347.8,344.3,346.25,344.9,0.39,98955,34263168.75
2025-12-04,GODREJAGRO,EQ,INE850D01014,GODREJ AGROVET LIMITED,590.0,594.0,584.0,587.25,591.05,-0.64,70319,41294832.75
2025-12-04,GODREJCP,EQ,INE102D01028,GODREJ CONSUMER PRODUCTS,1120.6,1138.5,1115.5,1132.6,1120.7,1.06,455483,515880034.68
2025-12-04,GODREJIND,EQ,INE233A01035,GODREJ INDUSTRIES LTD,1035.0,1046.0,1000.0,1000.8,1037.3,-3.52,927630,928372092.68
2025-12-04,GODREJPROP,EQ,INE484J01027,GODREJ PROPERTIES LTD,2078.8,2103.0,2056.0,2079.6,2067.8,0.57,361891,752588558.94
2025-12-04,GOKEX,EQ,INE887G01027,GOKALDAS EXPORTS LTD.,850.0,870.8,849.95,866.15,859.25,0.8,114031,98767953.43
2025-12-04,GOKUL,EQ,INE020J01029,GOKUL REFOILS & SOLV LTD,39.98,40.0,39.6,39.83,39.87,-0.1,14432,574826.59
2025-12-04,GOKULAGRO,EQ,INE314T01033,GOKUL AGRO RESOURCES LTD,204.37,206.6,199.27,200.95,205.15,-2.05,518258,104143943.52
2025-12-04,GOLD1,EQ,INF174KA1HJ8,KOTAK GOLD ETF,108.34,108.34,106.48,106.69,107.14,-0.42,1133259,120907405.48
2025-12-04,GOLDADD,EQ,INF740KA1ZP2,DSPAMC - DSPGOLD,12.52,12.6,12.4,12.45,12.49,-0.37,3876510,48254796.3
2025-12-04,GOLDAXIS,EQ,INF846K01W80,AXISAMC-GOLDAXIS,108.23,108.23,106.4,106.74,107.43,-0.64,1191019,127129365.52
2025-12-04,GOLDBEES,EQ,INF204KB17I5,NIP IND ETF GOLD BEES,106.67,106.96,105.7,105.92,106.51,-0.55,27124243,2872999768.89
2025-12-04,GOLDBETA,EQ,INF789F1AUX7,UTIAMC-UTIGOLDBETA,107.9,108.3,107.25,107.5,107.9,-0.37,730453,78523697.5
2025-12-04,GOLDCASE,EQ,INF0R8F01042,ZERODHAAMC - GOLDCASE,20.81,20.81,20.08,20.11,20.22,-0.54,5440165,109401721.47
2025-12-04,GOLDETF,EQ,INF769K01JP9,MIRAEAMC - MAGOLDETF,124.74,124.99,124.0,124.58,124.74,-0.13,681754,84932914.57
2025-12-04,GOLDIAM,EQ,INE025B01025,GOLDIAM INTERNATIONAL LTD,284.59,289.58,282.75,285.0,285.15,-0.05,286737,81720045.0
2025-12-04,GOLDIETF,EQ,INF109KC1NT3,ICICI PRUDENTIAL GOLD ETF,110.93,110.93,109.36,109.75,110.11,-0.33,4483143,492024944.25
2025-12-04,GOODLUCK,EQ,INE127I01024,GOODLUCK INDIA LIMITED,379.63,383.53,369.67,375.67,377.4,-0.46,231549,86985238.64
2025-12-04,GOPAL,EQ,INE0L9R01028,GOPAL SNACKS LIMITED,325.0,327.6,323.1,324.15,328.0,-1.17,35343,11456433.23
2025-12-04,GOYALALUM,EQ,INE705X01026,GOYAL ALUMINIUMS LIMITED,6.71,6.95,6.71,6.79,6.76,0.44,50009,339561.11
2025-12-04,GPIL,EQ,INE177H01039,GODAWARI POW & ISP LTD,242.5,244.87,235.0,235.9,238.08,-0.92,2350183,554408155.36
2025-12-04,GPPL,EQ,INE517F01014,GUJARAT PIPAVAV PORT LTD,184.39,187.94,182.37,185.88,184.39,0.81,2657597,493994143.34
2025-12-04,GPTHEALTH,EQ,INE486R01017,GPT HEALTHCARE LIMITED,137.65,141.95,137.65,141.0,140.05,0.68,471499,66481359.0
2025-12-04,GPTINFRA,EQ,INE390G01014,GPT INFRAPROJECTS LTD,108.7,110.35,107.93,109.96,109.1,0.79,61720,6786731.14
2025-12-04,GRANULES,EQ,INE101D01020,GRANULES INDIA LIMITED,568.0,574.4,564.5,566.4,568.3,-0.33,700498,396762084.3
2025-12-04,GRAPHITE,EQ,INE371A01025,GRAPHITE INDIA LTD,545.2,548.95,537.2,544.05,545.2,-0.21,298785,162553975.6
2025-12-04,GRASIM,EQ,INE047A01021,GRASIM INDUSTRIES LTD,2720.3,2742.5,2710.0,2730.4,2720.3,0.37,276879,755990394.56
2025-12-04,GRAVITA,EQ,INE024L01027,GRAVITA INDIA LIMITED,1780.0,1818.0,1780.0,1800.3,1788.6,0.65,154839,278756659.26
2025-12-04,GREAVESCOT,EQ,INE224A01026,GREAVES COTTON LTD.,192.0,192.68,187.81,188.63,192.64,-2.08,1053556,198732273.42
2025-12-04,GREENLAM,EQ,INE544R01021,GREENLAM INDUSTRIES LTD.,252.7,252.7,240.9,241.7,249.55,-3.15,3510877,848578960.19
2025-12-04,GREENPANEL,EQ,INE08ZM01014,GREENPANEL INDUSTRIES LTD,245.44,246.01,237.94,241.32,244.84,-1.44,108562,26198182.64
2025-12-04,GREENPLY,EQ,INE461C01038,GREENPLY INDUSTRIES LTD,282.05,288.5,282.05,284.95,285.55,-0.21,133077,37920292.77
2025-12-04,GREENPOWER,EQ,INE999K01014,ORIENT GREEN POWER CO LTD,12.52,12.57,11.98,12.12,12.52,-3.19,5006061,60673458.75
2025-12-04,GRINDWELL,EQ,INE536A01023,GRINDWELL NORTON LIMITED,1573.7,1586.9,1570.6,1581.2,1579.0,0.14,14330,22658595.3
2025-12-04,GRINFRA,EQ,INE201P01022,G R INFRAPROJECTS LIMITED,1040.0,1054.0,1032.9,1046.5,1043.9,0.25,18433,19290134.5
2025-12-04,GRMOVER,EQ,INE192H01020,GRM OVERSEAS LIMITED,156.53,158.92,154.55,156.35,156.9,-0.35,3381456,528690666.24
2025-12-04,GROBTEA,EQ,INE646C01018,THE GROB TEA COMPANY LTD,1029.0,1049.0,1013.3,1022.9,1029.2,-0.61,175,179007.5
2025-12-04,GROWW,EQ,INE0HOQ01053,BILLIONBRAINS GARAGE VN L,154.6,154.9,142.91,145.36,154.79,-6.09,44380853,6451200819.17
2025-12-04,GROWWCAPM,EQ,INF666M01MM4,GROWWAMC - GROWWCAPM,9.82,9.82,9.82,9.82,9.82,0.03,0,0.0
2025-12-04,GROWWDEFNC,EQ,INF666M01IO8,GROWWAMC - GROWWDEFNC,78.01,79.5,77.99,78.63,78.31,0.41,233286,18343277.54
2025-12-04,GROWWEV,EQ,INF666M01IH2,GROWWAMC - GROWWEV,31.29,31.39,31.0,31.18,31.1,0.26,116282,3625672.8
2025-12-04,GROWWGOLD,EQ,INF666M01OE7,GROWWAMC - GROWWGOLD,127.17,127.17,124.64,125.04,125.87,-0.66,250081,31270128.47
2025-12-04,GROWWLIQID,EQ,INF666M01IP5,GROWWAMC - GROWWLIQID,107.4,107.4,106.88,106.88,106.87,0.01,147094,15721406.32
2025-12-04,GROWWLOVOL,EQ,INF666M01LB9,GROWWAMC - GROWWLOVOL,10.69,10.69,10.69,10.69,10.64,0.49,0,0.0
2025-12-04,GROWWMC150,EQ,INF666M01MV5,GROWWAMC - GROWWMC150,221.26,221.26,221.26,221.26,221.35,-0.04,0,0.0
2025-12-04,GROWWMOM50,EQ,INF666M01KJ4,GROWWAMC - GROWWMOM50,10.77,10.77,10.77,10.77,10.78,-0.07,0,0.0
2025-12-04,GROWWN200,EQ,INF666M01JV1,GROWWAMC - GROWWN200,11.7,11.7,11.7,11.7,11.68,0.15,0,0.0
2025-12-04,GROWWNET,EQ,INF666M01LI4,GROWWAMC - GROWWNET,10.7,10.7,10.7,10.7,10.73,-0.35,0,0.0
2025-12-04,GROWWNXT50,EQ,INF666M01LZ8,GROWWAMC - GROWWNXT50,68.55,68.55,68.55,68.55,68.39,0.23,0,0.0
2025-12-04,GROWWRAIL,EQ,INF666M01JJ6,GROWWAMC - GROWWRAIL,33.5,33.55,33.29,33.38,33.28,0.3,395219,13192410.64
2025-12-04,GROWWRLTY,EQ,INF666M01MN2,GROWWAMC - GROWWRLTY,9.97,9.97,9.97,9.97,9.92,0.54,0,0.0
2025-12-04,GROWWSC250,EQ,INF666M01MO0,GROWWAMC - GROWWSC250,9.56,9.56,9.56,9.56,9.58,-0.24,0,0.0
2025-12-04,GROWWSLVR,EQ,INF666M01OF4,GROWWAMC - GROWWSLVR,172.21,172.21,172.21,172.21,174.56,-1.34,0,0.0
2025-12-04,GRPLTD,EQ,INE137I01015,GRP LIMITED,1757.8,1878.0,1675.1,1783.9,1757.8,1.48,6864,12244689.77
2025-12-04,GRSE,EQ,INE382Z01011,GARDEN REACH SHIP&ENG LTD,2571.0,2589.0,2540.0,2551.1,2560.1,-0.35,996024,2540956923.67
2025-12-04,GRWRHITECH,EQ,INE291A01017,GARWARE HI-TECH FILMS LTD,3849.9,3849.9,3675.0,3690.2,3849.8,-4.15,42307,156121289.33
2025-12-04,GSEC10IETF,EQ,INF109KC18O0,ICICIPRAMC - ICICI10GS,258.21,260.45,258.21,260.45,259.58,0.34,2594,675607.33
2025-12-04,GSEC10YEAR,EQ,INF769K01KF8,MIRAEAMC - MAGS813ETF,29.63,29.63,29.5,29.61,29.59,0.07,1113,32955.93
2025-12-04,GSEC5IETF,EQ,INF109KC14A8,ICICIPRAMC - ICICI5GSEC,63.8,63.83,63.66,63.79,63.93,-0.22,8190,522440.11
2025-12-04,GSFC,EQ,INE026A01025,GUJ STATE FERT & CHEM LTD,181.15,183.38,179.8,180.0,181.15,-0.63,859037,154626660.0
2025-12-04,GSLSU,EQ,INE0JSX01015,GLOBAL SURFACES LIMITED,115.99,115.99,112.85,112.85,118.79,-5.0,440169,49673070.98
2025-12-04,GSS,EQ,INE871H01011,GSS INFOTECH LIMITED,17.84,18.3,17.84,18.07,17.85,1.23,46714,844121.97
2025-12-04,GTECJAINX,EQ,INE586X01012,G-TEC JAINX EDUCATION LTD,23.8,24.0,23.32,23.32,23.57,-1.06,652,15204.64
2025-12-04,GTL,EQ,INE043A01012,GTL LTD,8.19,8.19,8.03,8.12,8.12,0.0,215071,1746376.5
2025-12-04,GTLINFRA,EQ,INE221H01019,GTL INFRA.LTD,1.3,1.33,1.3,1.3,1.3,0.0,28306886,36798950.45
2025-12-04,GTPL,EQ,INE869I01013,GTPL HATHWAY LIMITED,98.9,99.8,97.8,98.97,98.11,0.88,11140,1102525.81
2025-12-04,GUFICBIO,EQ,INE742B01025,GUFIC BIOSCIENCES LTD.,349.2,359.9,346.3,358.15,350.95,2.05,38221,13688850.92
2025-12-04,GUJALKALI,EQ,INE186A01019,GUJARAT ALKALIES & CHEM,525.0,527.3,516.2,521.5,523.5,-0.38,13859,7227468.5
2025-12-04,GUJAPOLLO,EQ,INE826C01016,GUJ. APOLLO IND. LTD.,460.0,462.95,450.5,452.8,459.15,-1.38,3554,1609251.16
2025-12-04,GUJENERGY,EQ,INE844O01030,GUJARAT ENERGY LIMITED,415.0,416.4,406.8,409.3,412.9,-0.87,330809,135400119.66
2025-12-04,GUJRAFFIA,EQ,INE610B01024,GUJARAT RAFFIA INDUST LTD,62.8,62.8,62.8,62.8,64.09,-2.01,170,10676.0
2025-12-04,GUJTHEM,EQ,INE942C01045,GUJARAT THEMIS BIOSYN LTD,402.0,402.0,384.0,387.45,398.95,-2.88,110307,42738448.5
2025-12-04,GULFOILLUB,EQ,INE635Q01029,GULF OIL LUB. IND. LTD.,1166.5,1177.0,1147.3,1168.0,1159.6,0.72,30147,35211696.0
2025-12-04,GULPOLY,EQ,INE255D01024,GULSHAN POLYOLS LIMITED,140.0,142.75,139.16,141.04,139.44,1.15,59523,8395123.52
2025-12-04,GVPIL,EQ,INE878A01011,GE POWER INDIA LIMITED,344.05,350.0,341.15,342.8,347.1,-1.24,60717,20813786.86
2025-12-04,GVT&D,EQ,INE200A01026,GE VERNOVA T&D INDIA LTD,2905.8,2916.9,2795.0,2805.1,2900.2,-3.28,700794,1965797317.84
2025-12-04,HAL,EQ,INE066F01020,HINDUSTAN AERONAUTICS LTD,4459.0,4525.0,4422.3,4496.8,4436.3,1.36,1020941,4590967289.4
2025-12-04,HALEOSLABS,EQ,INE320X01016,HALEOS LABS LIMITED,1356.5,1370.0,1306.0,1315.1,1356.5,-3.05,599,787744.89
2025-12-04,HAPPSTMNDS,EQ,INE419U01012,HAPPIEST MINDS TECHNO LTD,498.0,519.9,495.3,511.05,497.15,2.8,1091850,557989929.17
2025-12-04,HAPPYFORGE,EQ,INE330T01021,HAPPY FORGINGS LIMITED,1051.2,1058.8,1030.1,1042.6,1051.2,-0.82,23553,24556357.22
2025-12-04,HARDWYN,EQ,INE626Z01029,HARDWYN INDIA LIMITED,11.86,12.36,11.71,12.2,11.93,2.28,2914037,35551250.84
2025-12-04,HARIOMPIPE,EQ,INE00EV01017,HARIOM PIPE INDUSTRIES L,365.75,365.85,357.2,359.7,366.45,-1.84,178250,64116527.18
2025-12-04,HARRMALAYA,EQ,INE544A01019,HARRISON MALAYALAM LTD,169.46,170.22,166.19,169.18,169.19,-0.01,5334,902406.08
2025-12-04,HARSHA,EQ,INE0JUS01029,HARSHA ENGINEERS INT LTD,382.6,385.5,370.9,377.35,382.65,-1.39,28663,10815983.22
2025-12-04,HATHWAY,EQ,INE982F01036,HATHWAY CABLE & DATACOM,12.85,12.95,12.8,12.84,12.95,-0.85,715827,9191218.79
2025-12-04,HATSUN,EQ,INE473B01035,HATSUN AGRO PRODUCT LTD.,1037.8,1067.4,1036.5,1047.0,1037.8,0.89,74217,77705199.0
2025-12-04,HAVELLS,EQ,INE176B01034,HAVELLS INDIA LIMITED,1416.0,1435.6,1416.0,1433.5,1420.6,0.91,360610,516934435.0
2025-12-04,HAVISHA,EQ,INE293B01029,SRI HAVISHA HOSP & INFR L,1.85,1.86,1.8,1.85,1.81,2.21,19128,35386.8
2025-12-04,HBLENGINE,EQ,INE292B01021,HBL ENGINEERING LTD,844.9,845.8,807.15,810.2,844.15,-4.02,1998595,1619261693.4
2025-12-04,HBSL,EQ,INE550B01022,HB STOCKHOLDINGS LIMITED,76.83,78.65,75.1,76.31,76.34,-0.04,2845,217101.94
2025-12-04,HCC,EQ,INE549A01026,HINDUSTAN CONSTRUCTION CO,22.21,23.15,21.52,21.84,22.23,-1.78,83244562,1817677484.22
2025-12-04,HCG,EQ,INE075I01017,HEALTHCARE GLOB. ENT. LTD,712.75,720.5,710.15,716.55,718.6,-0.29,96998,69503915.72
2025-12-04,HCL-INSYS,EQ,INE236A01020,HCL INFOSYSTEMS LTD,14.1,14.21,13.95,14.06,14.01,0.36,185672,2610548.4
2025-12-04,HCLTECH,EQ,INE860A01027,HCL TECHNOLOGIES LTD,1650.0,1672.0,1645.1,1654.6,1640.5,0.86,3935708,6512022360.71
2025-12-04,HDBFS,EQ,INE756I01012,HDB FINANCIAL SERVICES L,736.85,747.25,734.45,746.5,736.85,1.31,660444,493021446.0
2025-12-04,HDFCAMC,EQ,INE127D01025,HDFC AMC LIMITED,2606.6,2609.0,2583.4,2596.0,2596.2,-0.01,533045,1383784820.0
2025-12-04,HDFCBANK,EQ,INE040A01034,HDFC BANK LTD,1000.0,1004.7,993.0,997.2,1000.5,-0.33,14528169,14487490304.15
2025-12-04,HDFCBSE500,EQ,INF179KC1EZ4,HDFCAMC - HDFCBSE500,37.81,38.29,37.81,38.07,38.02,0.13,17039,648674.72
2025-12-04,HDFCGOLD,EQ,INF179KC1981,HDFC GOLD ETF,107.18,111.13,107.18,109.61,109.93,-0.29,3734082,409292730.3
2025-12-04,HDFCGROWTH,EQ,INF179KC1DJ0,HDFCAMC - HDFCGROWTH,129.21,130.12,128.77,129.84,129.21,0.49,50645,6575746.61
2025-12-04,HDFCLIFE,EQ,INE795G01014,HDFC LIFE INS CO LTD,755.0,766.0,745.2,760.8,751.95,1.18,2649259,2015556214.86
2025-12-04,HDFCLOWVOL,EQ,INF179KC1HU8,HDFCAMC - HDFCLOWVOL,21.47,21.5,21.37,21.48,21.4,0.37,9608,206379.84
2025-12-04,HDFCMID150,EQ,INF179KC1HT0,HDFCAMC - HDFCMID150,22.43,22.49,22.3,22.35,22.37,-0.09,159469,3564132.21
2025-12-04,HDFCMOMENT,EQ,INF179KC1HV6,HDFCAMC - HDFCMOMENT,31.9,32.0,31.71,31.9,31.91,-0.03,129893,4143586.65
2025-12-04,HDFCNEXT50,EQ,INF179KC1HS2,HDFCAMC - HDFCNEXT50,69.78,70.5,69.61,70.01,69.6,0.59,40776,2854727.85
2025-12-04,HDFCNIF100,EQ,INF179KC1HR4,HDFCAMC - HDFCNIF100,27.23,27.42,27.09,27.34,27.22,0.44,58006,1585884.05
2025-12-04,HDFCNIFBAN,EQ,INF179KC1HY0,HDFCAMC - HDFCNIFBAN,61.01,61.2,60.51,60.79,60.94,-0.25,64217,3903751.49
2025-12-04,HDFCNIFIT,EQ,INF179KC1IA8,HDFCAMC - HDFCNIFIT,40.0,40.63,40.0,40.42,39.92,1.25,1110143,44871978.03
2025-12-04,HDFCNIFTY,EQ,INF179KC1965,HDFCAMC - HDFCNIFTY,293.0,293.0,290.1,291.48,290.91,0.2,31858,9285970.19
2025-12-04,HDFCPSUBK,EQ,INF179KC1HW4,HDFCAMC HDFCPSUBK,83.32,83.86,82.81,83.35,83.12,0.28,18384,1532306.37
2025-12-04,HDFCPVTBAN,EQ,INF179KC1HZ7,HDFCAMC - HDFCPVTBAN,29.28,29.35,29.1,29.25,29.14,0.38,134113,3922805.25
2025-12-04,HDFCQUAL,EQ,INF179KC1DL6,HDFCAMC - HDFCQUAL,60.09,60.45,60.05,60.43,60.09,0.57,35472,2143572.97
2025-12-04,HDFCSENSEX,EQ,INF179KC1HX2,HDFCAMC - HDFCSENSEX,95.72,96.29,95.3,95.87,96.0,-0.14,18840,1806190.85
2025-12-04,HDFCSILVER,EQ,INF179KC1DI2,HDFCAMC - HDFCSILVER,172.79,172.79,165.89,167.7,170.56,-1.68,6248085,1047803835.43
2025-12-04,HDFCSML250,EQ,INF179KC1FB2,HDFCAMC - HDFCSML250,167.62,168.07,166.8,167.25,167.61,-0.21,634758,106163275.5
2025-12-04,HDFCVALUE,EQ,INF179KC1DK8,HDFCAMC - HDFCVALUE,138.93,139.05,137.79,138.75,138.24,0.37,15426,2140357.5
2025-12-04,HEADSUP,EQ,INE759V01019,HEADS UP VENTURES LIMITED,9.77,9.77,8.66,9.12,9.4,-2.98,44742,408047.03
2025-12-04,HEALTHADD,EQ,INF740KA1ZG1,DSPAMC - HEALTHADD,148.79,149.68,148.79,149.68,149.47,0.14,869,130071.91
2025-12-04,HEALTHAXIS,EQ,INF846K01Z12,AXISAMC-HEALTHAXIS,150.98,151.04,149.75,150.71,151.01,-0.2,2842,428317.84
2025-12-04,HEALTHIETF,EQ,INF109KC1Q72,ICICIPRAMC - ICICIPHARM,152.05,152.38,151.14,152.31,152.06,0.16,29451,4485681.74
2025-12-04,HEALTHX,EQ,INE019J01013,HEALTH X PLATFORM LIMITED,311.6,318.0,311.0,314.3,311.6,0.87,6964,2188785.11
2025-12-04,HEALTHY,EQ,INF209KB10C2,BIRLASLAMC - HEALTHY,14.99,15.41,14.99,15.24,15.19,0.33,65624,1000109.74
2025-12-04,HECPROJECT,EQ,INE558R01013,HEC INFRA PROJECTS LTD,128.0,129.79,121.15,124.66,124.72,-0.05,8414,1048889.27
2025-12-04,HEIDELBERG,EQ,INE578A01017,HEIDELBERGCEMENT (I) LTD,178.81,179.79,176.01,177.38,179.79,-1.34,100190,17771702.69
2025-12-04,HEMIPROP,EQ,INE0AJG01018,HEMISPHERE PROP IND LTD,134.88,135.79,133.89,134.3,134.88,-0.43,117240,15745332.36
2025-12-04,HERANBA,EQ,INE694N01015,HERANBA INDUSTRIES LTD,250.0,252.2,246.0,248.75,249.45,-0.28,21362,5313797.5
2025-12-04,HERITGFOOD,EQ,INE978A01027,HERITAGE FOODS LTD,479.0,483.0,477.95,482.1,481.15,0.2,80938,39020210.29
2025-12-04,HEROMOTOCO,EQ,INE158A01026,HERO MOTOCORP LIMITED,6248.0,6351.0,6239.5,6340.0,6211.5,2.07,883433,5600965220.0
2025-12-04,HESTERBIO,EQ,INE782E01017,HESTER BIOSCIENCES LTD,1653.0,1655.1,1612.1,1644.4,1642.2,0.13,2392,3933404.86
2025-12-04,HEXATRADEX,EQ,INE750M01017,HEXA TRADEX LIMITED,167.32,167.97,165.4,165.87,167.31,-0.86,571,94711.77
2025-12-04,HEXT,EQ,INE093A01041,HEXAWARE TECHNOLOGIES LTD,756.4,807.75,750.0,788.55,758.2,4.0,2507604,1977371103.59
2025-12-04,HGINFRA,EQ,INE926X01010,H.G.INFRA ENGINEERING LTD,840.0,848.35,834.0,840.3,839.9,0.05,42556,35759806.28
2025-12-04,HGM,EQ,INE596H01014,HANDSON GBL MNGMNT LTD,67.8,68.5,66.75,66.77,67.76,-1.46,4526,302201.0
2025-12-04,HGS,EQ,INE170I01016,HINDUJA GLOBAL SOLS. LTD.,466.85,477.0,466.85,471.7,466.85,1.04,22903,10803345.38
2025-12-04,HIKAL,EQ,INE475B01022,HIKAL LIMITED,248.49,261.0,242.0,252.89,244.17,3.57,20201986,5108880227.21
2025-12-04,HILINFRA,EQ,INE00RL01028,HIGHWAY INFRASTRUCTURE L,65.01,65.91,63.8,63.98,65.0,-1.57,99969,6396016.57
2025-12-04,HILTON,EQ,INE788H01017,HILTON METAL FORGING LTD,41.25,42.38,41.01,41.35,42.03,-1.62,65298,2700072.2
2025-12-04,HIMATSEIDE,EQ,INE049A01027,HIMATSINGKA SEIDE LTD,119.01,119.99,115.78,117.61,118.97,-1.14,320305,37671071.25
2025-12-04,HINDALCO,EQ,INE038A01020,HINDALCO  INDUSTRIES  LTD,824.0,826.25,809.0,810.8,816.3,-0.67,3381601,2741802049.52
2025-12-04,HINDCOMPOS,EQ,INE310C01029,HINDUSTAN COMPOSITES LTD.,438.8,438.8,422.1,424.15,425.0,-0.2,2368,1004387.19
2025-12-04,HINDCON,EQ,INE642Y01029,HINDCON CHEMICALS LIMITED,29.58,30.19,29.58,29.9,29.58,1.08,9703,290119.7
2025-12-04,HINDCOPPER,EQ,INE531E01026,HINDUSTAN COPPER LTD,342.0,368.0,342.0,365.75,339.2,7.83,56781515,20767839111.25
2025-12-04,HINDOILEXP,EQ,INE345A01011,HINDUSTAN OIL EXPLORATION,152.01,155.5,151.01,154.0,153.66,0.22,234109,36052786.0
2025-12-04,HINDPETRO,EQ,INE094A01015,HINDUSTAN PETROLEUM CORP,451.9,453.75,445.0,447.95,450.7,-0.61,3132109,1403028264.78
2025-12-04,HINDUNILVR,EQ,INE030A01027,HINDUSTAN UNILEVER LTD.,2440.0,2483.0,2423.2,2462.2,2448.0,0.58,2587753,6371565310.24
2025-12-04,HINDWAREAP,EQ,INE05AN01011,HINDWARE HME INOVATON LTD,311.7,314.9,302.0,303.5,311.7,-2.63,56929,17277951.5
2025-12-04,HINDZINC,EQ,INE267A01025,HINDUSTAN ZINC LIMITED,504.95,508.2,493.2,496.75,504.4,-1.52,5322624,2644013472.0
2025-12-04,HIRECT,EQ,INE835D01023,HIRECT LIMITED,751.0,761.5,739.2,756.2,744.55,1.56,36140,27329068.44
2025-12-04,HISARMETAL,EQ,INE598C01011,HISAR METAL IND. LIMITED,177.89,177.9,172.37,173.99,176.86,-1.62,583,101436.17
2025-12-04,HITECH,EQ,INE106T01025,HI-TECH PIPES LIMITED,97.0,98.64,96.26,97.82,96.85,1.0,539001,52725077.66
2025-12-04,HLEGLAS,EQ,INE461D01028,HLE GLASCOAT LIMITED,458.25,462.9,447.7,451.45,458.3,-1.49,73611,33231686.85
2025-12-04,HLVLTD,EQ,INE102A01024,HLV LIMITED,9.0,9.2,8.9,9.12,9.04,0.88,299043,2727272.13
2025-12-04,HMAAGRO,EQ,INE0ECP01024,HMA AGRO INDUSTRIES LTD,31.5,31.5,29.75,29.92,29.94,-0.07,483350,14461832.04
2025-12-04,HNDFDS,EQ,INE254N01026,HINDUSTAN FOODS LIMITED,529.0,532.0,526.0,527.0,530.6,-0.68,10159,5353793.0
2025-12-04,HNGSNGBEES,EQ,INF204KB19I1,NIP IND ETF HANGSENG BEES,528.32,528.32,521.06,524.27,523.96,0.06,85320,44730718.07
2025-12-04,HOMEFIRST,EQ,INE481N01025,HOME FIRST FIN CO IND LTD,1096.5,1097.4,1075.6,1084.9,1090.7,-0.53,97154,105402376.97
2025-12-04,HONASA,EQ,INE0J5401028,HONASA CONSUMER LIMITED,281.0,281.8,277.05,278.15,281.25,-1.1,121773,33871159.21
2025-12-04,HONAUT,EQ,INE671A01010,HONEYWELL AUTOMATION IND,35000.0,35430.0,34700.0,34850.0,34990.0,-0.4,1531,53355350.0
2025-12-04,HONDAPOWER,EQ,INE634A01018,HONDA I POWER PRODUCT LTD,2429.0,2473.6,2394.1,2450.8,2411.0,1.65,3570,8749356.17
2025-12-04,HPAL,EQ,INE0GSL01024,HP ADHESIVES LIMITED,43.05,45.5,43.05,43.89,43.53,0.83,92164,4045077.9
2025-12-04,HPIL,EQ,INE05X901010,HINDPRAKASH INDUSTRY LTD,133.01,136.87,132.5,134.01,132.56,1.09,2866,384072.64
2025-12-04,HPL,EQ,INE495S01016,HPL ELECTRIC & POWER LTD,394.5,401.0,392.0,393.6,393.45,0.04,83240,32763264.51
2025-12-04,HSCL,EQ,INE019C01026,HIMADRI SPECIALITY CHEM L,447.65,469.5,445.25,462.35,449.55,2.85,3599088,1664038358.77
2025-12-04,HTMEDIA,EQ,INE501G01024,HT MEDIA LIMITED,22.61,23.91,22.61,23.31,23.35,-0.17,164804,3841581.15
2025-12-04,HUBTOWN,EQ,INE703H01016,HUBTOWN LIMITED,299.5,307.9,297.4,306.45,300.0,2.15,317779,97383378.43
2025-12-04,HUDCO,EQ,INE031A01017,HSG & URBAN DEV CORPN LTD,225.46,226.45,220.55,222.33,225.39,-1.36,4714312,1048132995.59
2025-12-04,HUHTAMAKI,EQ,INE275B01026,HUHTAMAKI INDIA LIMITED,216.61,216.61,213.11,213.63,215.98,-1.09,45458,9711192.76
2025-12-04,HYUNDAI,EQ,INE0V6F01027,HYUNDAI MOTOR INDIA LTD,2377.6,2401.9,2361.0,2372.8,2385.2,-0.52,629392,1493421368.33
2025-12-04,IBULLSLTD,EQ,INE126M01010,INDIABULLS LIMITED,19.02,19.02,19.02,19.02,19.02,0.0,0,0.0
2025-12-04,ICEMAKE,EQ,INE520Y01019,ICE MAKE REFRIGERAT LTD,699.5,699.5,685.0,686.9,695.3,-1.21,6625,4550712.66
2025-12-04,ICICIB22,EQ,INF109KB15Y7,ICICIPRAMC - BHARATIWIN,116.0,116.0,115.02,115.76,115.38,0.33,419699,48584357.14
2025-12-04,ICICIBANK,EQ,INE090A01021,ICICI BANK LTD.,1387.0,1391.6,1379.9,1386.7,1391.5,-0.34,7373909,10225399250.25
2025-12-04,ICICIGI,EQ,INE765G01017,ICICI LOMBARD GIC LIMITED,1976.0,1989.6,1956.6,1983.0,1972.4,0.54,263790,523095570.0
2025-12-04,ICICIPRULI,EQ,INE726G01019,ICICI PRU LIFE INS CO LTD,608.45,617.0,606.4,615.35,611.25,0.67,367145,225922666.79
2025-12-04,ICIL,EQ,INE483B01026,INDO COUNT INDUSTRIES LTD,307.0,319.3,307.0,314.3,310.4,1.26,207917,65348310.56
2025-12-04,ICRA,EQ,INE725G01011,ICRA LIMITED,6099.5,6100.0,5961.0,6049.5,6054.0,-0.07,3767,22788466.5
2025-12-04,IDBI,EQ,INE008A01015,IDBI BANK LIMITED,97.65,98.6,96.89,97.64,97.65,-0.01,5529821,539931719.06
2025-12-04,IDEA,EQ,INE669E01016,VODAFONE IDEA LIMITED,10.63,10.74,10.1,10.68,10.55,1.23,126541370,1351461870.22
2025-12-04,IDEAFORGE,EQ,INE349Y01013,IDEAFORGE TECHNO LTD,453.85,459.4,451.2,452.8,453.8,-0.22,101245,45843734.76
2025-12-04,IDFCFIRSTB,EQ,INE092T01019,IDFC FIRST BANK LIMITED,80.27,80.9,79.72,79.88,80.58,-0.87,11925167,952582307.21
2025-12-04,IDFNIFTYET,EQ,INF194KA1U07,BANDHANAMC - IDFNIFTYET,285.74,286.1,284.71,284.91,284.32,0.21,256,72936.96
2025-12-04,IEX,EQ,INE022Q01020,INDIAN ENERGY EXC LTD,151.0,151.76,147.14,147.93,148.89,-0.64,12842838,1899840931.28
2025-12-04,IFBAGRO,EQ,INE076C01018,IFB AGRO INDUSTRIES LTD,1260.0,1262.0,1220.5,1230.1,1263.2,-2.62,12473,15343037.0
2025-12-04,IFBIND,EQ,INE559A01017,IFB INDUSTRIES LTD,1634.0,1634.0,1595.8,1606.2,1634.5,-1.73,12866,20665368.57
2025-12-04,IFCI,EQ,INE039A01010,IFCI LTD,50.18,50.4,49.55,49.73,50.28,-1.09,2861242,142289563.35
2025-12-04,IFGLEXPOR,EQ,INE133Y01011,IFGL REFRACTORIES LIMITED,211.38,213.31,207.0,207.4,209.65,-1.07,9800,2032519.94
2025-12-04,IGARASHI,EQ,INE188B01013,IGARASHI MOTORS INDIA LTD,439.5,444.4,433.2,440.65,436.8,0.88,50945,22448913.94
2025-12-04,IGCL,EQ,INE05J901018,INDOGULF CROPSCIENCES LTD,85.0,87.38,83.0,83.93,84.53,-0.71,128347,10772163.75
2025-12-04,IGIL,EQ,INE0Q9301021,INTL GEMOLOGICAL INST LTD,327.45,329.0,323.1,324.65,327.6,-0.9,286209,92917750.1
2025-12-04,IGL,EQ,INE203G01027,INDRAPRASTHA GAS LTD,192.5,195.45,192.0,193.71,192.68,0.53,1114938,215974647.47
2025-12-04,IGPL,EQ,INE204A01010,I G PETROCHEMICALS LTD,386.15,400.5,385.0,400.1,392.15,2.03,21832,8734983.33
2025-12-04,IIFL,EQ,INE530B01024,IIFL FINANCE LIMITED,571.9,579.5,565.05,566.35,574.4,-1.4,438498,248343331.59
2025-12-04,IIFLCAPS,EQ,INE489L01022,IIFL CAPITAL SERVICES LTD,323.5,324.15,314.5,317.3,323.5,-1.92,281497,89318994.66
2025-12-04,IITL,EQ,INE886A01014,INDUSTRIAL INV TRUST LTD,165.94,176.75,164.96,166.28,167.71,-0.85,122342,20343027.61
2025-12-04,IKIO,EQ,INE0LOJ01019,IKIO TECHNOLOGIES LIMITED,186.04,187.15,182.32,183.63,185.89,-1.22,37967,6971880.4
2025-12-04,IKS,EQ,INE115Q01022,INVENTURUS KNOWLEDGE SO L,1662.0,1690.8,1653.0,1666.6,1667.5,-0.05,143663,239428752.29
2025-12-04,IMAGICAA,EQ,INE172N01012,IMAGICAAWORLD ENT LTD,48.3,48.59,47.15,47.48,48.39,-1.88,290956,13814590.75
2025-12-04,IMFA,EQ,INE919H01018,INDIAN METALS & FERRO,1353.1,1408.0,1339.7,1402.6,1346.6,4.16,507781,712213618.2
2025-12-04,IMPAL,EQ,INE547E01014,IND MOTOR PART & ACC LTD,1053.6,1053.6,1020.1,1035.1,1044.4,-0.89,1827,1891127.66
2025-12-04,INCREDIBLE,EQ,INE452L01012,INCREDIBLE INDUSTRIES LTD,41.4,41.4,38.01,38.16,39.23,-2.73,3975,151686.0
2025-12-04,INDBANK,EQ,INE841B01017,INDBANK MERCH BANK,35.98,36.5,35.15,35.36,35.98,-1.72,28835,1019605.62
2025-12-04,INDGN,EQ,INE065X01017,INDEGENE LIMITED,527.0,536.8,524.4,535.05,530.85,0.79,166476,89072981.77
2025-12-04,INDHOTEL,EQ,INE053A01029,THE INDIAN HOTELS CO. LTD,734.0,738.2,728.55,729.55,734.6,-0.69,1536712,1121108220.84
2025-12-04,INDIACEM,EQ,INE383A01012,THE INDIA CEMENTS LIMITED,374.0,413.25,373.6,412.15,375.7,9.7,6636166,2735095776.4
2025-12-04,INDIAGLYCO,EQ,INE560A01023,INDIA GLYCOLS LTD,1082.7,1118.0,1080.0,1090.6,1084.5,0.56,219202,239061695.85
2025-12-04,INDIAMART,EQ,INE933S01016,INDIAMART INTERMESH LTD,2315.1,2325.3,2286.0,2292.3,2329.5,-1.6,126589,290179970.88
2025-12-04,INDIANB,EQ,INE562A01011,INDIAN BANK,812.8,819.0,800.5,802.6,812.8,-1.25,2081606,1670696924.78
2025-12-04,INDIANCARD,EQ,INE061A01014,INDIAN CARD CLOTHING CO.,241.55,247.5,238.55,245.85,241.55,1.78,3298,810813.32
2025-12-04,INDIANHUME,EQ,INE323C01030,INDIAN HUME PIPE CO. LTD.,407.0,409.05,399.45,403.0,409.6,-1.61,19209,7741227.0
2025-12-04,INDIASHLTR,EQ,INE922K01024,INDIA SHELTER FIN CORP L,856.3,865.65,842.95,853.35,863.1,-1.13,118513,101133065.66
2025-12-04,INDIGO,EQ,INE646L01027,INTERGLOBE AVIATION LTD,5520.0,5573.0,5397.0,5436.5,5595.5,-2.84,4118078,22387931047.0
2025-12-04,INDIGOPNTS,EQ,INE09VQ01012,INDIGO PAINTS LIMITED,1285.6,1315.0,1277.0,1300.0,1285.6,1.12,153160,199108000.0
2025-12-04,INDIQUBE,EQ,INE06ST01018,INDIQUBE SPACES LIMITED,211.9,212.05,204.61,205.39,207.62,-1.07,22791,4681043.48
2025-12-04,INDNIPPON,EQ,INE092B01025,INDIA NIPPON ELECT  LTD,836.15,847.0,832.2,835.1,836.15,-0.13,8897,7429884.48
2025-12-04,INDOBORAX,EQ,INE803D01021,INDO BORAX & CHEMICAL LTD,237.0,238.77,230.45,237.53,238.59,-0.44,22554,5357251.59
2025-12-04,INDOCO,EQ,INE873D01024,INDOCO REMEDIES LTD.,255.0,256.25,251.6,252.25,255.4,-1.23,21820,5504095.0
2025-12-04,INDOFARM,EQ,INE622H01018,INDO FARM EQUIPMENT LTD,202.0,206.7,200.25,202.6,201.96,0.32,57091,11566636.95
2025-12-04,INDORAMA,EQ,INE156A01020,INDO RAMA SYNTHETICS LTD,49.29,50.0,48.56,48.87,49.24,-0.75,158294,7735827.61
2025-12-04,INDOSTAR,EQ,INE896L01010,INDOSTAR CAPITAL FIN LTD,256.0,262.0,250.0,251.08,263.09,-4.56,91696,23023031.85
2025-12-04,INDOTECH,EQ,INE332H01014,INDO TECH TRANSFORM LTD.,1620.6,1637.7,1589.0,1592.4,1620.6,-1.74,17821,28378160.84
2025-12-04,INDOTHAI,EQ,INE337M01021,INDO THAI SEC LTD,436.0,436.0,411.4,420.0,429.7,-2.26,105768,44422560.0
2025-12-04,INDOUS,EQ,INE250Z01010,INDO US BIOTECH LTD,133.85,134.0,127.51,129.1,131.65,-1.94,37926,4896246.83
2025-12-04,INDOWIND,EQ,INE227G01018,INDOWIND ENERGY LTD,16.14,17.39,16.14,16.95,16.41,3.29,2312456,39196130.96
2025-12-04,INDRAMEDCO,EQ,INE681B01017,INDRAPRASTHA MEDICAL CORP,494.25,497.8,488.5,492.3,494.25,-0.39,100660,49554916.77
2025-12-04,INDSWFTLAB,EQ,INE915B01019,IND SWIFT LABORATORIES LT,94.3,94.36,92.96,93.18,94.75,-1.66,37155,3462102.91
2025-12-04,INDTERRAIN,EQ,INE611L01021,IND TERRAIN FASHIONS LTD,37.2,37.35,36.02,37.15,36.54,1.67,20182,749761.33
2025-12-04,INDUSINDBK,EQ,INE095A01012,INDUSIND BANK LIMITED,846.0,873.0,842.9,863.0,846.9,1.9,4259999,3676379137.0
2025-12-04,INDUSTOWER,EQ,INE121J01017,INDUS TOWERS LIMITED,405.5,408.25,398.55,402.0,404.65,-0.65,3535840,1421407680.0
2025-12-04,INFOBEAN,EQ,INE344S01016,INFOBEANS TECHNO. LTD.,145.75,152.52,145.75,151.59,145.26,4.35,319248,48394004.25
2025-12-04,INFOMEDIA,EQ,INE669A01022,INFOMEDIA PRESS LIMITED,7.16,7.16,6.55,6.78,6.83,-0.73,5221,35398.38
2025-12-04,INFRABEES,EQ,INF732E01268,NIP IND ETF INFRA BEES,982.63,986.82,978.85,982.55,982.63,-0.01,6558,6443562.82
2025-12-04,INFRAIETF,EQ,INF109KC16E5,ICICIPRAMC - ICICIINFRA,97.88,98.19,97.38,97.74,97.88,-0.14,103390,10105338.38
2025-12-04,INFY,EQ,INE009A01021,INFOSYS LIMITED,1568.0,1599.0,1568.0,1597.6,1578.7,1.2,12609619,20145127006.55
2025-12-04,INGERRAND,EQ,INE177A01018,INGERSOLL-RAND INDIA LTD,3625.0,3699.0,3600.0,3682.7,3628.6,1.49,5703,21002437.82
2025-12-04,INNOVACAP,EQ,INE0DUT01020,INNOVA CAPTAB LIMITED,703.0,719.95,703.0,711.8,717.05,-0.73,8671,6172017.69
2025-12-04,INNOVANA,EQ,INE403Y01018,INNOVANA THINKLABS LTD,448.75,458.0,429.1,439.25,449.0,-2.17,20855,9160558.75
2025-12-04,INOXGREEN,EQ,INE510W01014,INOX GREEN ENERGY SER LTD,217.0,217.0,210.0,213.39,216.82,-1.58,616356,131524206.46
2025-12-04,INOXINDIA,EQ,INE616N01034,INOX INDIA LIMITED,1159.0,1162.9,1147.6,1154.3,1157.0,-0.23,40568,46827644.38
2025-12-04,INOXWIND,EQ,INE066P01011,INOX WIND LIMITED,130.95,131.5,129.5,129.84,130.12,-0.22,3933789,510763149.35
2025-12-04,INSECTICID,EQ,INE070I01018,INSECTICIDES (I) LTD,720.3,720.3,710.35,717.1,715.55,0.22,7263,5208297.12
2025-12-04,INSPIRISYS,EQ,INE020G01017,INSPIRISYS SOLUTIONS LTD,90.97,93.2,90.0,91.07,91.02,0.05,8886,809248.02
2025-12-04,INTELLECT,EQ,INE306R01017,INTELLECT DESIGN ARENA,1098.5,1115.8,1082.5,1089.7,1097.4,-0.7,240674,262262446.05
2025-12-04,INTENTECH,EQ,INE781A01025,INTENSE TECHNOLOGIES LTD,125.0,127.0,123.25,124.11,124.87,-0.61,10920,1355281.21
2025-12-04,INTERARCH,EQ,INE00M901018,INTERARCH BLDNG SOLTN LTD,2385.1,2404.6,2334.4,2345.8,2394.8,-2.05,66055,154951822.23
2025-12-04,INTERNET,EQ,INF769K01PB6,MIRAEAMC - INTERNET,14.43,14.43,14.43,14.43,14.48,-0.35,0,0.0
2025-12-04,INTLCONV,EQ,INE575C01027,INTL CONVEYORS LIMITED,85.55,88.11,85.01,86.24,85.55,0.81,62600,5398623.87
2025-12-04,INVENTURE,EQ,INE878H01024,INVENTURE GRO & SEC LTD,1.25,1.26,1.22,1.22,1.25,-2.4,906198,1105561.59
2025-12-04,IOB,EQ,INE565A01014,INDIAN OVERSEAS BANK,38.1,38.16,37.68,37.79,38.16,-0.97,4382999,165633536.22
2025-12-04,IOC,EQ,INE242A01010,INDIAN OIL CORP LTD,164.0,164.7,162.01,162.76,164.11,-0.82,6382061,1038744213.3
2025-12-04,IOLCP,EQ,INE485C01029,IOL CHEM AND PHARMA LTD,87.53,87.74,86.26,86.85,86.94,-0.1,524565,45558469.45
2025-12-04,IONEXCHANG,EQ,INE570A01022,ION EXCHANGE (INDIA) LTD,341.65,342.75,338.05,341.15,341.65,-0.15,71371,24348216.21
2025-12-04,IPCALAB,EQ,INE571A01038,IPCA LABORATORIES LTD,1435.0,1470.1,1433.0,1454.6,1443.8,0.75,825619,1200945377.24
2025-12-04,IPL,EQ,INE0D6701023,INDIA PESTICIDES LIMITED,172.25,173.14,168.74,170.82,172.71,-1.09,161824,27642776.87
2025-12-04,IRB,EQ,INE821I01022,IRB INFRA DEV LTD.,21.5,21.6,21.26,21.5,21.49,0.09,9875006,212361995.74
2025-12-04,IRCON,EQ,INE962Y01021,IRCON INTERNATIONAL LTD,155.2,155.49,153.6,154.15,155.16,-0.65,893496,137732402.95
2025-12-04,IRCTC,EQ,INE335Y01020,INDIAN RAIL TOUR CORP LTD,674.0,680.7,670.5,673.85,674.5,-0.1,1352801,911584920.82
2025-12-04,IREDA,EQ,INE202E01016,INDIAN RENEWABLE ENERGY,137.0,138.8,136.3,136.75,136.84,-0.07,4460457,609967494.75
2025-12-04,IRFC,EQ,INE053F01010,INDIAN RAILWAY FIN CORP L,114.71,115.9,114.4,114.85,114.71,0.12,5895759,677127912.15
2025-12-04,IRIS,EQ,INE864K01010,IRIS REGTECH SOLUTION LTD,315.9,315.9,309.9,310.4,312.2,-0.58,7613,2363075.15
2025-12-04,IRISDOREME,EQ,INE01GN01025,IRIS CLOTHINGS LIMITED,31.81,32.9,31.6,32.48,31.66,2.59,457147,14848134.35
2025-12-04,IRMENERGY,EQ,INE07U701015,IRM ENERGY LIMITED,291.1,297.9,291.0,291.7,294.3,-0.88,30073,8772294.47
2025-12-04,ISFT,EQ,INE566K01011,INTRASOFT TECH. LTD,92.72,92.99,90.15,91.41,90.9,0.56,4699,429535.61
2025-12-04,ISGEC,EQ,INE858B01029,ISGEC HEAVY ENG LTD,804.75,811.05,795.15,798.85,804.75,-0.73,37683,30103063.63
2025-12-04,ISHANCH,EQ,INE561M01018,ISHAN DYES N CHEMICALS L,69.05,69.05,66.0,67.14,68.1,-1.41,13153,883092.41
2025-12-04,IT,EQ,INF174KA1GC5,KOTAKMAMC - KOTAKIT,41.75,42.1,41.48,41.97,41.4,1.38,486580,20421763.19
2025-12-04,ITADD,EQ,INF740KA1SX1,DSPAMC - DSPIT,39.7,40.25,39.7,40.08,39.52,1.42,82417,3303273.51
2025-12-04,ITAXIS,EQ,INF846K01Y96,AXISAMC-ITAXIS,412.86,418.5,412.86,417.26,411.18,1.48,9864,4115852.74
2025-12-04,ITBEES,EQ,INF204KB15V2,NIP IND ETF IT,41.63,42.2,41.44,42.07,41.63,1.06,15450983,650022850.09
2025-12-04,ITBETA,EQ,INF789F1AZD8,UTIAMC-ITBETA,394.6,400.12,394.0,398.67,392.64,1.54,5871,2340591.65
2025-12-04,ITC,EQ,INE154A01025,ITC LTD,400.1,403.55,399.05,403.05,400.5,0.64,8057989,3247772368.09
2025-12-04,ITCHOTELS,EQ,INE379A01028,ITC HOTELS LIMITED,207.67,208.58,206.1,207.72,207.67,0.02,1225163,254490859.86
2025-12-04,ITDC,EQ,INE353K01014,INDIA TOUR. DEV. CO. LTD.,565.2,570.0,560.2,561.95,567.6,-1.0,14321,8047686.12
2025-12-04,ITETF,EQ,INF769K01KV5,MIRAEAMC - ITETF,39.79,40.25,39.67,40.1,39.56,1.37,413477,16580427.07
2025-12-04,ITI,EQ,INE248A01017,ITI LTD,305.2,307.25,302.2,303.0,305.05,-0.67,289139,87609117.0
2025-12-04,ITIETF,EQ,INF109KC16I6,ICICIPRAMC - ICICITECH,41.49,42.28,41.49,42.05,41.45,1.45,4485756,188626036.38
2025-12-04,IVALUE,EQ,INE056801025,IVALUE INFOSOLUTIONS LTD,286.15,294.0,286.15,291.8,288.4,1.18,227477,66377785.82
2025-12-04,IVC,EQ,INE050B01023,IL&FS INVESTMENT MANAGERS,7.83,8.2,7.83,8.08,8.01,0.87,113209,914728.71
2025-12-04,IVZINGOLD,EQ,INF205KA1BP1,INVESCO INDIA GOLD ETF,11140.6,11204.95,11060.0,11080.0,11140.6,-0.54,87,963960.0
2025-12-04,IVZINNIFTY,EQ,INF205KA1CC7,INVESCO INDIA NIFTY ETF,2954.18,2954.18,2954.18,2954.18,2954.18,0.0,0,0.0
2025-12-04,IXIGO,EQ,INE0HV901016,LE TRAVENUES TECHNOLOGY L,255.05,256.0,242.6,245.85,253.8,-3.13,3237527,795946032.71
2025-12-04,IZMO,EQ,INE848A01014,IZMO LIMITED,910.1,914.2,882.3,899.3,907.55,-0.91,36086,32452139.36
2025-12-04,J&KBANK,EQ,INE168A01041,J & K BANK LTD.,104.5,104.99,103.38,103.6,104.16,-0.54,1200002,124320205.37
2025-12-04,JAGRAN,EQ,INE199G01027,JAGRAN PRAKASHAN LIMITED,70.33,71.26,69.92,70.31,70.31,0.0,95594,6721213.91
2025-12-04,JAGSNPHARM,EQ,INE048B01035,JAGSONPAL PHARMACEUTICALS,215.75,219.57,213.58,218.09,215.75,1.08,29715,6480544.24
2025-12-04,JAIBALAJI,EQ,INE091G01026,JAI BALAJI INDUSTRIES LTD,66.64,66.84,65.0,65.38,66.64,-1.89,888362,58081105.12
2025-12-04,JAICORPLTD,EQ,INE070D01027,JAI CORP LIMITED,136.2,136.85,133.0,133.56,135.96,-1.77,550170,73480703.86
2025-12-04,JAINREC,EQ,INE0YD401026,JAIN RESOURCE RECYCLING L,384.45,387.2,373.15,375.65,384.4,-2.28,648275,243524499.79
2025-12-04,JAIPURKURT,EQ,INE696V01013,NANDANI CREATION LIMITED,31.99,32.89,30.1,30.68,30.57,0.36,17159,526438.13
2025-12-04,JAMNAAUTO,EQ,INE039C01032,JAMNA AUTO IND LTD,121.5,124.5,120.17,122.78,121.69,0.9,4013905,492827251.0
2025-12-04,JARO,EQ,INE00YJ01010,JARO INS OF TEC MG N RE L,605.05,607.7,570.1,572.5,606.75,-5.64,141799,81179927.5
2025-12-04,JASH,EQ,INE039O01029,JASH ENGINEERING LIMITED,450.0,455.95,445.05,449.6,454.5,-1.08,62435,28070776.38
2025-12-04,JAYAGROGN,EQ,INE785A01026,JAYANT AGRO ORGANICS LTD,201.05,216.0,201.05,211.85,203.67,4.02,14526,3077333.19
2025-12-04,JAYBARMARU,EQ,INE571B01036,JAY BHARAT MARUTI LTD,87.45,88.0,86.11,86.43,87.0,-0.66,55884,4830054.14
2025-12-04,JAYKAY,EQ,INE903A01025,JAYKAY ENTERPRISES LTD,212.8,218.75,205.0,210.68,211.7,-0.48,109673,23105906.84
2025-12-04,JAYNECOIND,EQ,INE854B01010,JAYASWAL NECO INDUSTR LTD,70.4,70.89,68.76,69.05,70.0,-1.36,3613202,249491609.13
2025-12-04,JAYSREETEA,EQ,INE364A01020,JAYSHREE TEA & INDUSTRIES,88.55,88.77,88.0,88.24,88.6,-0.41,12294,1084822.53
2025-12-04,JBMA,EQ,INE927D01051,JBM AUTO LIMITED,601.05,609.0,599.3,602.35,604.75,-0.4,115767,69732249.62
2025-12-04,JETFREIGHT,EQ,INE982V01025,JET FREIGHT LOGISTICS LTD,20.0,21.39,19.85,20.06,19.95,0.55,448792,9002767.28
2025-12-04,JGCHEM,EQ,INE0MB501011,J.G.CHEMICALS LIMITED,390.0,390.5,381.8,382.85,386.8,-1.02,37266,14267288.33
2025-12-04,JHS,EQ,INE544H01014,JHS SVEND. LAB. LTD,10.71,10.98,10.45,10.68,10.7,-0.19,36390,388645.21
2025-12-04,JINDALPHOT,EQ,INE796G01012,JINDAL PHOTO LIMITED,1544.0,1575.0,1470.1,1506.9,1519.2,-0.81,42332,63790091.83
2025-12-04,JINDALPOLY,EQ,INE197D01010,JINDAL POLY FILMS LIMITED,517.45,517.7,510.0,511.9,514.9,-0.58,13373,6845638.62
2025-12-04,JINDALSAW,EQ,INE324A01032,JINDAL SAW LIMITED,165.0,165.74,163.0,164.0,165.0,-0.61,757578,124242792.0
2025-12-04,JINDALSTEL,EQ,INE749A01030,JINDAL STEEL LIMITED,1020.1,1028.3,1003.0,1005.8,1017.9,-1.19,645481,649224781.92
2025-12-04,JINDRILL,EQ,INE742C01031,JINDAL DRILLING IND. LTD,542.0,544.45,536.0,537.65,542.0,-0.8,41647,22391510.57
2025-12-04,JINDWORLD,EQ,INE247D01039,JINDAL WORLDWIDE LTD,32.1,32.49,31.96,32.22,32.27,-0.15,166144,5353159.88
2025-12-04,JIOFIN,EQ,INE758E01017,JIO FIN SERVICES LTD,301.0,303.45,300.0,302.25,301.0,0.42,5601692,1693111407.0
2025-12-04,JISLDVREQS,EQ,IN9175A01010,JAIN DVR EQUITY SHARES,28.02,28.78,27.86,27.98,28.51,-1.86,20865,583802.69
2025-12-04,JISLJALEQS,EQ,INE175A01038,JAIN IRRIGATION SYSTEMS,44.12,44.25,43.2,43.35,44.07,-1.63,1427861,61897772.17
2025-12-04,JITFINFRA,EQ,INE863T01013,JITF INFRALOGISTICS LTD,306.95,306.95,286.0,289.9,297.1,-2.42,10022,2905377.74
2025-12-04,JKCEMENT,EQ,INE823G01014,JK CEMENT LIMITED,5737.0,5766.0,5607.0,5618.5,5706.5,-1.54,78911,443361453.5
2025-12-04,JKIL,EQ,INE576I01022,JKUMAR INFR.LTD.,557.05,565.95,548.7,555.6,557.05,-0.26,246265,136824827.99
2025-12-04,JKIPL,EQ,INE1FF001016,JINKUSHAL INDUSTRIES LTD,109.0,118.4,108.0,115.63,109.68,5.42,146680,16960608.0
2025-12-04,JKLAKSHMI,EQ,INE786A01032,JK LAKSHMI CEMENT LTD,759.65,765.0,746.95,748.55,759.6,-1.45,126291,94535126.51
2025-12-04,JKPAPER,EQ,INE789E01012,JK PAPER LIMITED,370.1,373.85,368.2,371.1,371.25,-0.04,207659,77062256.17
2025-12-04,JKTYRE,EQ,INE573A01042,JK TYRE & INDUSTRIES LTD,464.5,476.9,459.15,474.0,464.5,2.05,1745186,827218164.0
2025-12-04,JLHL,EQ,INE682M01020,JUPITER LIFE LINE HOSP L,290.02,290.6,286.8,288.1,291.86,-1.29,76370,22002197.47
2025-12-04,JMA,EQ,INE412C01023,JULLUNDUR MOT AGENCY LTD,84.24,85.79,82.81,84.0,84.24,-0.28,4117,345828.0
2025-12-04,JMFINANCIL,EQ,INE780C01023,JM FINANCIAL LIMITED,148.8,149.06,142.74,143.69,149.14,-3.65,4178888,600464426.92
2025-12-04,JNKINDIA,EQ,INE0OAF01028,JNK INDIA LIMITED,236.4,236.43,224.02,226.41,236.43,-4.24,98295,22254971.31
2025-12-04,JOCIL,EQ,INE839G01010,JOCIL LIMITED,155.99,155.99,152.05,154.02,151.69,1.54,2843,437878.87
2025-12-04,JPOLYINVST,EQ,INE147P01019,JIND POL INV & FIN CO LTD,1123.0,1150.0,1095.1,1128.7,1124.8,0.35,31532,35590166.86
2025-12-04,JPPOWER,EQ,INE351F01018,JAIPRAKASH POWER VEN. LTD,19.36,19.45,18.9,19.02,19.36,-1.76,45047370,856800998.02
2025-12-04,JSFB,EQ,INE953L01027,JANA SMALL FIN BANK LTD,454.5,454.9,441.3,442.7,452.35,-2.13,98922,43792770.61
2025-12-04,JSL,EQ,INE220G01021,JINDAL STAINLESS LIMITED,752.4,758.0,745.6,747.85,748.4,-0.07,283865,212288433.32
2025-12-04,JSLL,EQ,INE0J5801029,JEENA SIKHO LIFECARE LTD,701.15,709.45,693.0,699.2,695.6,0.52,146273,102274083.39
2025-12-04,JSWCEMENT,EQ,INE718I01012,JSW CEMENT LIMITED,108.0,114.9,106.65,111.48,108.02,3.2,6618271,737804873.3
2025-12-04,JSWDULUX,EQ,INE133A01011,JSW DULUX LIMITED,3560.0,3628.0,3486.1,3541.7,3529.6,0.34,607790,2152609813.32
2025-12-04,JSWENERGY,EQ,INE121E01018,JSW ENERGY LIMITED,470.2,473.3,457.9,459.85,470.2,-2.2,6057866,2785709717.07
2025-12-04,JSWHL,EQ,INE824G01012,JSW HOLDINGS LIMITED,22000.0,22000.0,20985.0,21025.0,22085.0,-4.8,8056,169377400.0
2025-12-04,JSWINFRA,EQ,INE880J01026,JSW INFRASTRUCTURE LTD,269.6,269.9,267.4,268.45,270.15,-0.63,664083,178273089.46
2025-12-04,JSWSTEEL,EQ,INE019A01038,JSW STEEL LIMITED,1159.0,1165.0,1143.1,1150.6,1143.6,0.61,2285777,2630014960.39
2025-12-04,JTEKTINDIA,EQ,INE643A01035,JTEKT INDIA LIMITED,147.3,148.0,145.2,145.6,147.08,-1.01,52949,7709374.72
2025-12-04,JTLIND,EQ,INE391J01032,JTL INDUSTRIES LIMITED,61.99,62.39,61.31,61.78,62.07,-0.47,421926,26066587.76
2025-12-04,JUBLCPL,EQ,INE03CC01015,JUBILANT AGRI N CON PRO L,2331.0,2380.0,2300.0,2312.3,2332.5,-0.87,1327,3068422.16
2025-12-04,JUBLFOOD,EQ,INE797F01020,JUBILANT FOODWORKS LTD,589.2,592.0,585.75,590.9,589.2,0.29,838723,495601441.18
2025-12-04,JUBLINGREA,EQ,INE0BY001018,JUBILANT INGREVIA LIMITED,706.0,710.0,686.0,688.4,702.7,-2.04,101353,69771407.67
2025-12-04,JUBLPHARMA,EQ,INE700A01033,JUBILANT PHARMOVA LTD,1080.4,1090.0,1058.4,1067.5,1080.5,-1.2,84437,90136497.5
2025-12-04,JUNIORBEES,EQ,INF732E01045,NIP IND ETF JUNIOR BEES,740.73,741.49,732.8,737.87,734.49,0.46,227338,167745888.95
2025-12-04,JUNIPER,EQ,INE696F01016,JUNIPER HOTELS LIMITED,237.31,237.99,229.99,232.18,236.16,-1.69,134201,31158787.2
2025-12-04,JUSTDIAL,EQ,INE599M01018,JUSTDIAL LTD.,722.0,736.85,718.9,731.9,725.25,0.92,58674,42943502.03
2025-12-04,JWL,EQ,INE209L01016,JUPITER WAGONS LIMITED,277.0,279.55,274.4,275.25,278.05,-1.01,517774,142517293.5
2025-12-04,JYOTHYLAB,EQ,INE668F01031,JYOTHY LABS LIMITED,293.25,296.4,288.6,293.45,291.85,0.55,635123,186376852.1
2025-12-04,JYOTICNC,EQ,INE980O01024,JYOTI CNC AUTOMATION LTD,966.4,978.1,955.5,961.7,961.3,0.04,209594,201566552.36
2025-12-04,JYOTISTRUC,EQ,INE197A01024,JYOTI STRUCTURES LTD,11.19,11.33,10.92,11.28,11.19,0.8,7331090,82694693.24
2025-12-04,KABRAEXTRU,EQ,INE900B01029,KABRA EXTRUSION TECHNIK L,235.73,237.71,234.0,234.14,237.43,-1.39,6404,1499432.56
2025-12-04,KAJARIACER,EQ,INE217B01036,KAJARIA CERAMICS LTD,1070.7,1074.5,1058.1,1060.5,1068.6,-0.76,142006,150597363.0
2025-12-04,KAKATCEM,EQ,INE437B01014,KAKATIYA CEM SUGAR &IND L,138.0,139.09,134.0,135.22,138.39,-2.29,2442,330207.24
2025-12-04,KALAMANDIR,EQ,INE438K01021,SAI SILKS (KALAMANDIR) L,158.2,159.44,155.2,156.1,157.28,-0.75,447119,69795278.63
2025-12-04,KALPATARU,EQ,INE227J01012,KALPATARU LIMITED,330.0,335.0,329.0,329.85,330.15,-0.09,25592,8441521.36
2025-12-04,KALYANKJIL,EQ,INE303R01014,KALYAN JEWELLERS IND LTD,491.9,493.85,485.8,490.1,490.0,0.02,1122566,550169603.45
2025-12-04,KAMATHOTEL,EQ,INE967C01018,KAMAT HOTELS (I) LTD,237.5,242.88,237.0,240.02,238.61,0.59,32697,7847934.08
2025-12-04,KAMOPAINTS,EQ,INE0BTI01037,KAMDHENU VENTURES LIMITED,6.95,7.06,6.87,6.9,6.92,-0.29,392924,2711175.64
2025-12-04,KANANIIND,EQ,INE879E01037,KANANI INDUSTRIES LTD,1.75,1.75,1.72,1.74,1.72,1.16,188764,328449.36
2025-12-04,KANPRPLA,EQ,INE694E01014,KANPUR PLASTIPACK LIMITED,195.16,203.68,195.16,201.96,198.24,1.88,6617,1336369.36
2025-12-04,KANSAINER,EQ,INE531A01024,KANSAI NEROLAC PAINTS LTD,231.39,231.9,228.52,229.66,232.67,-1.29,388332,89184328.54
2025-12-04,KAPSTON,EQ,INE542Z01028,KAPSTON SERVICES LIMITED,304.3,306.15,302.05,305.55,302.55,0.99,5281,1613609.49
2025-12-04,KARMAENG,EQ,INE725L01011,KARMA ENERGY LIMITED,52.99,53.15,51.43,52.0,53.15,-2.16,2521,131092.0
2025-12-04,KARURVYSYA,EQ,INE036D01028,KARUR VYSYA BANK LTD,249.0,251.49,245.53,247.03,249.3,-0.91,1518498,375114559.09
2025-12-04,KAYNES,EQ,INE918Z01012,KAYNES TECHNOLOGY IND LTD,5307.0,5307.0,4941.0,4978.0,5307.0,-6.2,2668338,13282986564.0
2025-12-04,KCP,EQ,INE805C01028,KCP LTD,181.16,183.53,178.79,180.62,182.07,-0.8,118219,21352715.2
2025-12-04,KDDL,EQ,INE291D01011,KDDL LIMITED,2391.0,2400.0,2361.0,2372.2,2391.1,-0.79,10762,25529615.87
2025-12-04,KEC,EQ,INE389H01022,KEC INTL. LIMITED,718.75,718.75,702.05,713.6,720.35,-0.94,686910,490178959.23
2025-12-04,KECL,EQ,INE134B01017,KIRLOSKAR ELECTRIC CO LTD,105.33,105.33,103.66,104.25,105.33,-1.03,59278,6179731.5
2025-12-04,KEEPLEARN,EQ,INE055C01020,DSJ KEEP LEARNING LTD,2.22,2.28,2.1,2.25,2.16,4.17,43912,98802.0
2025-12-04,KEI,EQ,INE878B01027,KEI INDUSTRIES LTD.,4157.0,4205.0,4119.2,4185.1,4161.6,0.56,150609,630313740.61
2025-12-04,KELLTONTEC,EQ,INE164B01030,KELLTON TECH SOL LTD,19.2,19.52,19.1,19.14,19.15,-0.05,1250013,23925248.06
2025-12-04,KERNEX,EQ,INE202H01019,KERNEX MICROSYS(I) LTD,1092.0,1111.5,1034.6,1038.2,1095.2,-5.2,144718,150246220.53
2025-12-04,KEYFINSERV,EQ,INE681C01015,KEYNOTE FIN SERV LTD.,281.1,288.1,280.05,284.5,276.9,2.74,3509,998310.5
2025-12-04,KFINTECH,EQ,INE138Y01010,KFIN TECHNOLOGIES LIMITED,1071.4,1092.0,1058.6,1075.5,1071.4,0.38,1584675,1704317962.5
2025-12-04,KHAICHEM,EQ,INE745B01028,KHAITAN CHEM & FERT LTD,82.6,84.3,81.93,83.09,82.58,0.62,156334,12989791.49
2025-12-04,KHAITANLTD,EQ,INE731C01018,KHAITAN (INDIA)LTD.,104.6,104.6,100.0,103.73,102.65,1.05,1155,119808.15
2025-12-04,KHANDSE,EQ,INE060B01014,KHANDWALA SECURITIES LTD,22.0,22.68,21.71,22.15,22.05,0.45,11648,258003.2
2025-12-04,KICL,EQ,INE029L01018,KALYANI INVEST CO LTD,4976.5,5025.0,4971.0,5001.0,5024.0,-0.46,809,4045809.0
2025-12-04,KIMS,EQ,INE967H01025,KRISHNA INST OF MED SCI L,704.75,712.0,695.55,706.55,706.85,-0.04,346152,244573691.37
2025-12-04,KINGFA,EQ,INE473D01015,KINGFA SCI & TEC IND LTD.,4075.2,4075.2,3986.0,4007.8,4052.1,-1.09,958,3839472.45
2025-12-04,KIOCL,EQ,INE880L01014,KIOCL LIMITED,351.35,357.55,342.5,345.15,353.7,-2.42,64748,22347771.8
2025-12-04,KIRIINDUS,EQ,INE415I01015,KIRI INDUSTRIES LIMITED,611.0,630.45,570.55,603.65,615.4,-1.91,1793282,1082514723.08
2025-12-04,KIRLOSBROS,EQ,INE732A01036,KIRLOSKAR BROTHERS LTD,1639.0,1663.0,1630.0,1633.3,1639.0,-0.35,27072,44216698.92
2025-12-04,KIRLOSENG,EQ,INE146L01010,KIRLOSKAR OIL ENG LTD,1085.8,1180.0,1083.3,1165.1,1085.2,7.36,3030054,3530315841.42
2025-12-04,KIRLOSIND,EQ,INE250A01039,KIRLOSKAR INDUSTRIES LTD,3388.0,3388.0,3305.0,3314.0,3367.8,-1.6,3040,10074560.0
2025-12-04,KIRLPNU,EQ,INE811A01038,KIRLOSKAR PNEUMATIC COM L,526.0,536.6,518.5,529.2,526.0,0.61,104212,55148991.67
2025-12-04,KITEX,EQ,INE602G01020,KITEX GARMENTS LTD,202.0,205.4,199.03,200.81,202.27,-0.72,744572,149517501.5
2025-12-04,KKCL,EQ,INE401H01017,KEWAL KIRAN CLOTHING LTD,504.75,513.5,499.45,509.8,507.3,0.49,26234,13374092.88
2025-12-04,KMEW,EQ,INE0CJD01029,KNOWLEDGE MARINE & EN W L,1446.95,1461.45,1393.15,1408.65,1446.4,-2.61,123880,174503565.02
2025-12-04,KMSUGAR,EQ,INE157H01023,K M SUGAR MILLS LTD,26.65,28.48,26.37,27.5,26.65,3.19,183538,5047295.0
2025-12-04,KNAGRI,EQ,INE0KNW01016,KN AGRI RESOURCES LIMITED,203.75,203.75,195.0,197.2,202.2,-2.47,10800,2129759.97
2025-12-04,KNRCON,EQ,INE634I01029,KNR CONSTRU LTD.,151.01,152.75,148.25,149.11,150.74,-1.08,1220321,181962065.05
2025-12-04,KOHINOOR,EQ,INE080B01012,KOHINOOR FOODS LIMITED,27.57,28.38,27.57,27.9,27.73,0.61,45033,1256420.68
2025-12-04,KOKUYOCMLN,EQ,INE760A01029,KOKUYO CAMLIN LIMITED,92.45,93.69,92.01,92.19,92.58,-0.42,24621,2269810.05
2025-12-04,KOLTEPATIL,EQ,INE094I01018,KOLTE PATIL DEV. LTD.,372.35,382.95,370.0,376.45,375.15,0.35,94333,35511659.0
2025-12-04,KOPRAN,EQ,INE082A01010,KOPRAN LTD,141.43,142.5,137.41,139.79,140.55,-0.54,89616,12527420.04
2025-12-04,KOTAKBANK,EQ,INE237A01036,KOTAK MAHINDRA BANK LTD,429.22,429.36,424.3,427.08,429.22,-0.5,12871640,5497219838.36
2025-12-04,KOTHARIPET,EQ,INE720A01015,KOTHARI PETROCHEM LTD,126.65,128.84,125.0,126.09,126.65,-0.44,29712,3746385.97
2025-12-04,KOTHARIPRO,EQ,INE823A01017,KOTHARI PRODUCTS LTD,81.0,81.0,76.05,76.79,77.95,-1.49,10752,825646.09
2025-12-04,KPEL,EQ,INE127T01021,K.P. ENERGY LIMITED,368.8,374.2,365.05,366.95,367.9,-0.26,112111,41139132.82
2025-12-04,KPIGREEN,EQ,INE542W01025,KPI GREEN ENERGY LIMITED,448.8,452.9,437.55,441.75,446.5,-1.06,894461,395128146.75
2025-12-04,KPIL,EQ,INE220B01022,KALPATARU PROJECT INT LTD,1186.0,1204.5,1162.0,1169.2,1185.8,-1.4,166027,194118760.29
2025-12-04,KPITTECH,EQ,INE04I401011,KPIT TECHNOLOGIES LIMITED,1258.7,1284.9,1256.0,1269.8,1258.7,0.88,828119,1051545546.64
2025-12-04,KPRMILL,EQ,INE930H01031,KPR MILL LTD.,1005.6,1010.6,976.0,982.5,1006.2,-2.36,224285,220360012.5
2025-12-04,KRBL,EQ,INE001B01026,KRBL LIMITED,394.75,400.0,392.05,398.3,394.95,0.85,205826,81980493.29
2025-12-04,KREBSBIO,EQ,INE268B01013,KREBS BIOCHEMICALS & IND,65.5,66.56,63.6,65.28,64.54,1.15,5703,372291.83
2025-12-04,KRIDHANINF,EQ,INE524L01026,KRIDHAN INFRA LIMITED,3.77,3.99,3.65,3.81,3.77,1.06,34731,132325.11
2025-12-04,KRISHANA,EQ,INE506W01020,KRISHANA PHOSCHEM LIMITED,100.22,100.94,98.84,99.17,99.72,-0.55,121235,12022874.73
2025-12-04,KRISHIVAL,EQ,INE0GGO01015,KRISHIVAL FOODS LIMITED,476.85,478.0,469.6,471.8,475.55,-0.79,8295,3913580.9
2025-12-04,KRISHNADEF,EQ,INE0J5601015,KRISHNA DEF AND ALD IND L,765.0,765.0,740.0,749.0,760.2,-1.47,25500,19099500.0
2025-12-04,KRITI,EQ,INE479D01038,KRITI INDUSTRIES IND LTD,85.55,89.63,83.25,83.92,86.54,-3.03,30545,2563336.34
2025-12-04,KRITIKA,EQ,INE00Z501029,KRITIKA WIRES LIMITED,7.6,7.71,7.51,7.55,7.56,-0.13,66444,501652.21
2025-12-04,KRITINUT,EQ,INE798K01010,KRITI NUTRIENTS LIMITED,75.62,77.35,74.0,74.14,75.5,-1.8,22887,1696842.17
2025-12-04,KRN,EQ,INE0Q3J01015,KRN HEAT EXCHANGE N REF L,801.0,801.0,770.0,777.15,799.15,-2.75,190411,147977913.3
2025-12-04,KROSS,EQ,INE0O6601022,KROSS LIMITED,167.81,167.87,164.01,165.97,166.48,-0.31,136303,22622209.08
2025-12-04,KRSNAA,EQ,INE08LI01020,KRSNAA DIAGNOSTICS LTD,770.6,782.15,751.15,755.9,766.55,-1.39,132035,99805259.72
2025-12-04,KRYSTAL,EQ,INE0QN801017,KRYSTAL INTEGRATED SER L,550.0,553.95,535.2,545.1,546.15,-0.19,6373,3473922.14
2025-12-04,KSB,EQ,INE999A01023,KSB LIMITED,752.5,758.5,747.05,756.0,758.25,-0.3,33832,25576992.0
2025-12-04,KSCL,EQ,INE455I01029,KAVERI SEED CO. LTD.,984.9,992.2,963.0,968.9,985.15,-1.65,42762,41432102.84
2025-12-04,KSHITIJPOL,EQ,INE013801027,KSHITIJ POLYLINE LIMITED,2.46,2.46,2.37,2.38,2.44,-2.46,91872,218655.37
2025-12-04,KSL,EQ,INE907A01026,KALYANI STEELS LIMITED,756.0,769.05,750.0,767.35,758.6,1.15,13679,10496580.32
2025-12-04,KSOLVES,EQ,INE0D6I01023,KSOLVES INDIA LIMITED,301.4,304.0,298.8,300.7,301.4,-0.23,21997,6614498.17
2025-12-04,KTKBANK,EQ,INE614B01018,KARNATAKA BANK LIMITED,213.6,219.4,209.7,212.49,211.61,0.42,14989206,3185056465.28
2025-12-04,KUANTUM,EQ,INE529I01021,KUANTUM PAPERS LIMITED,95.11,95.39,93.0,93.06,94.36,-1.38,73399,6830510.76
2025-12-04,LAGNAM,EQ,INE548Z01017,LAGNAM SPINTEX LIMITED,71.88,78.8,66.7,73.44,71.88,2.17,92229,6773297.99
2025-12-04,LAL,EQ,INE740X01023,LORENZINI APPARELS LTD,9.59,9.59,9.12,9.16,9.17,-0.11,12083,110680.28
2025-12-04,LALPATHLAB,EQ,INE600L01024,DR. LAL PATH LABS LTD.,1498.0,1533.0,1489.6,1527.05,1497.6,1.97,91344,139486859.66
2025-12-04,LAMBODHARA,EQ,INE112F01022,LAMBODHARA TEXTILES LTD.,129.1,132.25,128.5,129.76,129.1,0.51,12950,1680391.93
2025-12-04,LANDMARK,EQ,INE559R01029,LANDMARK CARS LIMITED,526.2,535.15,518.0,523.65,526.2,-0.48,95043,49769269.27
2025-12-04,LANDSMILL,EQ,INE688J01023,LANDSMILL GREEN LIMITED,1.29,1.29,1.22,1.22,1.29,-5.43,3610590,4404919.9
2025-12-04,LAOPALA,EQ,INE059D01020,LA OPALA RG LIMITED,213.0,213.74,210.5,211.15,212.8,-0.78,21320,4501717.87
2025-12-04,LATENTVIEW,EQ,INE0I7C01011,LATENT VIEW ANALYTICS LTD,458.0,464.0,453.5,457.65,458.1,-0.1,267533,122436475.82
2025-12-04,LATTEYS,EQ,INE262Z01023,LATTEYS INDUSTRIES LTD,24.83,25.22,24.83,24.83,25.34,-2.01,9692,240652.36
2025-12-04,LAURUSLABS,EQ,INE947Q01028,LAURUS LABS LIMITED,1016.5,1021.3,1001.6,1013.5,1016.5,-0.3,971897,985017609.5
2025-12-04,LAXMICOT,EQ,INE801V01019,LAXMI COTSPIN LIMITED,20.11,20.48,19.96,19.99,20.11,-0.6,6803,135991.97
2025-12-04,LAXMIDENTL,EQ,INE0WO601020,LAXMI DENTAL LIMITED,248.0,288.0,244.3,275.5,248.9,10.69,6323734,1742188717.0
2025-12-04,LAXMIINDIA,EQ,INE06WU01026,LAXMI INDIA FINANCE LTD,132.7,138.15,132.59,135.07,132.57,1.89,151854,20510920.89
2025-12-04,LCCINFOTEC,EQ,INE938A01021,LCC INFOTECH LTD,4.53,4.53,4.53,4.53,4.77,-5.03,2333,10568.49
2025-12-04,LEMERITE,EQ,INE0G1L01025,LE MERITE EXPORTS LIMITED,101.6,101.8,99.62,101.46,101.57,-0.11,138000,14001479.87
2025-12-04,LEMONTREE,EQ,INE970X01018,LEMON TREE HOTELS LTD,163.2,164.7,160.24,162.1,162.85,-0.46,1424182,230859910.89
2025-12-04,LENSKART,EQ,INE956O01016,LENSKART SOLUTIONS LTD,410.15,411.25,402.0,405.55,410.15,-1.12,2130780,864137802.99
2025-12-04,LEXUS,EQ,INE500X01013,LEXUS GRANITO (INDIA) LTD,27.65,27.69,27.05,27.2,27.08,0.44,873,23745.6
2025-12-04,LFIC,EQ,INE850E01012,LAKSHMI FIN IND CORP LTD,188.14,188.14,183.5,183.92,188.14,-2.24,372,68418.24
2025-12-04,LGBBROSLTD,EQ,INE337A01034,LG BALAKRISHNAN & BROS,1908.0,1935.9,1895.0,1904.7,1910.9,-0.32,45788,87212401.36
2025-12-04,LGEINDIA,EQ,INE324D01010,LG ELECTRONICS INDIA LTD,1608.0,1625.0,1598.0,1605.6,1609.7,-0.25,714563,1147302335.35
2025-12-04,LGHL,EQ,INE258Y01016,LAXMI GOLDORNA HOUSE LTD,273.8,280.0,272.7,276.0,277.6,-0.58,207533,57279108.0
2025-12-04,LIBAS,EQ,INE908V01012,LIBAS CONSU PRODUCTS LTD,11.01,11.27,10.95,11.09,10.98,1.0,64132,711223.89
2025-12-04,LIBERTSHOE,EQ,INE557B01019,LIBERTY SHOES LTD,294.75,294.75,287.5,288.4,290.85,-0.84,7788,2246059.15
2025-12-04,LICHSGFIN,EQ,INE115A01026,LIC HOUSING FINANCE LTD,549.35,551.2,544.7,546.95,549.4,-0.45,1547387,846343338.54
2025-12-04,LICI,EQ,INE0J1Y01017,LIFE INSURA CORP OF INDIA,435.9,438.77,434.25,438.33,434.02,0.99,1222074,535665600.97
2025-12-04,LICMFGOLD,EQ,INF767K01SM1,LIC MF - LIC GOLD ETF,11667.7,11667.7,11528.45,11563.25,11578.0,-0.13,2313,26745797.25
2025-12-04,LICNETFGSC,EQ,INF767K01MV5,LICNAMC - LICNMFET,28.84,28.84,28.57,28.75,28.77,-0.07,119653,3440023.75
2025-12-04,LICNETFN50,EQ,INF767K01OS7,LICNAMC - LICNFENGP,288.7,290.04,288.63,288.83,288.92,-0.03,1211,349773.11
2025-12-04,LICNETFSEN,EQ,INF767K01OT5,LICNAMC - LICNFESGP,947.65,954.33,947.65,953.11,945.68,0.79,765,729129.14
2025-12-04,LICNFNHGP,EQ,INF767K01PC8,LICNAMC - LICNFNHGP,289.8,289.8,287.0,289.67,284.59,1.79,1124,325589.1
2025-12-04,LICNMID100,EQ,INF767K01RN1,LICNAMC - LICNMID100,59.77,60.32,59.41,59.86,59.76,0.17,39693,2376023.0
2025-12-04,LIKHITHA,EQ,INE060901027,LIKHITHA INFRASTRUC LTD,190.0,191.5,189.0,190.37,190.55,-0.09,24862,4732978.82
2025-12-04,LINC,EQ,INE802B01027,LINC LIMITED,114.32,118.39,114.32,117.68,114.32,2.94,20716,2437858.89
2025-12-04,LINCOLN,EQ,INE405C01035,LINCOLN PHARMA LTD,501.0,501.85,494.0,495.1,503.25,-1.62,12919,6396196.98
2025-12-04,LINDEINDIA,EQ,INE473A01011,LINDE INDIA LIMITED,5741.0,5855.5,5741.0,5800.0,5771.0,0.5,18552,107601600.0
2025-12-04,LIQUID,EQ,INF769K01KS1,MIRAEAMC - LIQUID,1000.0,1000.0,999.99,999.99,999.99,0.0,122097,122095777.84
2025-12-04,LIQUID1,EQ,INF174KA1LV5,KOTAKMAMC - KOTAKLIQ,1080.78,1080.78,1080.76,1080.77,1080.62,0.01,850785,919502921.07
2025-12-04,LIQUIDADD,EQ,INF740KA1UM0,DSPAMC - LIQUIDADD,1102.93,1102.95,1102.93,1102.94,1102.78,0.01,428354,472448735.66
2025-12-04,LIQUIDBEES,EQ,INF732E01037,NIP IND ETF LIQUID BEES,1000.0,1000.01,999.99,999.99,999.99,0.0,2916573,2916543805.79
2025-12-04,LIQUIDBETF,EQ,INF0QA701854,BFAM - LIQUIDBETF,1059.31,1059.32,1059.3,1059.3,1059.17,0.01,213735,226409495.94
2025-12-04,LIQUIDCASE,EQ,INF0R8F01034,ZERODHAAMC - LIQUIDCASE,111.68,111.68,111.66,111.67,111.66,0.01,12532919,1399551041.78
2025-12-04,LIQUIDETF,EQ,INF740KA1EU7,DSP LIQUID ETF,1000.01,1000.01,999.99,1000.0,1000.0,0.0,40256,40256000.0
2025-12-04,LIQUIDIETF,EQ,INF109KC1KT9,ICICIPRAMC - ICICILIQ,999.99,1000.01,999.99,999.99,999.99,0.0,388612,388608110.08
2025-12-04,LIQUIDPLUS,EQ,INF769K01MY5,MIRAEAMC - LIQUIDPLUS,1062.35,1062.37,1062.35,1062.36,1062.21,0.01,62678,66586599.16
2025-12-04,LIQUIDSBI,EQ,INF200KA13Z8,SBIAMC - LIQUIDSBI,1000.0,1000.01,999.99,1000.01,1000.0,0.0,16723,16723167.39
2025-12-04,LIQUIDSHRI,EQ,INF680P01422,SHRIRAM - LIQUIDSHRI,1082.08,1082.1,1082.08,1082.08,1081.94,0.01,24015,25986150.14
2025-12-04,LLOYDSENGG,EQ,INE093R01011,LLOYDS ENGG WORK LIMITED,51.05,51.32,50.0,50.16,51.11,-1.86,1770449,88805721.57
2025-12-04,LLOYDSENT,EQ,INE080I01025,LLOYDS ENTERPRISES LTD,55.56,55.9,53.65,53.96,55.56,-2.88,850793,45908789.5
2025-12-04,LLOYDSME,EQ,INE281B01032,LLOYDS METALS N ENERGY L,1204.2,1211.0,1190.0,1195.8,1204.2,-0.7,136935,163746879.69
2025-12-04,LMW,EQ,INE269B01029,LMW LIMITED,14975.0,15175.0,14928.0,15076.0,15053.0,0.15,939,14156364.0
2025-12-04,LODHA,EQ,INE670K01029,LODHA DEVELOPERS LIMITED,1105.0,1120.0,1093.6,1109.5,1103.9,0.51,962511,1067905954.5
2025-12-04,LOKESHMACH,EQ,INE397H01017,LOKESH MACHINES LTD,147.09,155.75,147.0,150.62,150.27,0.23,56249,8472224.11
2025-12-04,LORDSCHLO,EQ,INE846D01012,LORDS CHLORO ALKALI LTD,177.0,181.99,177.0,180.24,177.63,1.47,9922,1788341.33
2025-12-04,LOTUSEYE,EQ,INE947I01017,LOTUS EYE HOSP & INST L,103.4,108.84,103.4,105.53,105.59,-0.06,6374,672648.21
2025-12-04,LOVABLE,EQ,INE597L01014,LOVABLE LINGERIE LTD,84.7,84.7,80.01,81.61,79.55,2.59,11267,919499.88
2025-12-04,LOWVOL,EQ,INF769K01JU9,MIRAEAMC - MANV30F,215.75,215.75,215.75,215.75,214.76,0.46,1,215.75
2025-12-04,LOWVOL1,EQ,INF174KA1IY5,KOTAKMAMC - KOTAKLOVOL,21.89,22.02,21.82,21.96,21.89,0.32,146685,3221202.47
2025-12-04,LOWVOLIETF,EQ,INF109KC19U5,ICICI PR NIF LW VL 30 ETF,23.01,23.14,23.0,23.12,23.02,0.43,139627,3228176.36
2025-12-04,LOYALTEX,EQ,INE970D01010,LOYAL TEXTILE MILLS LTD,219.39,219.4,211.5,214.44,209.8,2.21,106,22730.64
2025-12-04,LPDC,EQ,INE197J01017,LANDMARK PR.DEV.CO.LTD,7.03,7.36,7.01,7.18,7.16,0.28,45355,325648.89
2025-12-04,LT,EQ,INE018A01030,LARSEN & TOUBRO LTD.,3990.0,4009.2,3961.7,3983.6,3988.0,-0.11,1026968,4091029825.09
2025-12-04,LTF,EQ,INE498L01015,L&T FINANCE LIMITED,302.7,304.6,299.1,300.45,302.8,-0.78,3259199,979226379.34
2025-12-04,LTFOODS,EQ,INE818H01020,LT FOODS LIMITED,400.25,409.65,400.25,408.6,402.05,1.63,345637,141227280.31
2025-12-04,LTGILTBEES,EQ,INF204KB1882,NIP IND ETF LONGTERM GILT,29.22,29.23,29.17,29.21,29.18,0.1,1660890,48514595.38
2025-12-04,LTM,EQ,INE214T01019,LTM LIMITED,6185.0,6289.5,6159.0,6266.0,6159.0,1.74,502306,3147449396.0
2025-12-04,LTTS,EQ,INE010V01017,L&T TECHNOLOGY SER. LTD.,4500.2,4726.0,4476.3,4685.1,4513.1,3.81,589695,2762780102.09
2025-12-04,LUMAXIND,EQ,INE162B01018,LUMAX INDUSTRIES LTD,5695.5,5738.5,5603.5,5702.5,5695.5,0.12,13512,77052180.0
2025-12-04,LUMAXTECH,EQ,INE872H01027,LUMAX AUTO TECH LTD,1554.0,1573.5,1536.0,1563.3,1557.1,0.4,133975,209443124.04
2025-12-04,LUPIN,EQ,INE326A01037,LUPIN LIMITED,2086.8,2095.2,2066.3,2092.0,2080.1,0.57,696481,1457038252.0
2025-12-04,LUXIND,EQ,INE150G01020,LUX INDUSTRIES LIMITED,1169.0,1185.6,1160.6,1164.9,1169.3,-0.38,17493,20377596.13
2025-12-04,LXCHEM,EQ,INE576O01020,LAXMI ORGANIC INDUS LTD,176.04,178.19,174.84,176.04,176.04,0.0,174570,30731301.63
2025-12-04,M&M,EQ,INE101A01026,MAHINDRA & MAHINDRA LTD,3675.0,3678.2,3620.2,3671.6,3649.4,0.61,1984001,7284458265.35
2025-12-04,M&MFIN,EQ,INE774D01024,M&M FIN. SERVICES LTD,355.4,355.4,343.7,347.0,355.5,-2.39,3073831,1066619357.0
2025-12-04,MAANALU,EQ,INE215I01027,MAAN ALUMINIUM LIMITED,154.09,157.25,151.0,153.55,154.09,-0.35,117321,18014639.91
2025-12-04,MACPOWER,EQ,INE155Z01011,MACPOWER CNC MACHINES LTD,1016.95,1016.95,990.0,997.45,1010.65,-1.31,6437,6420585.73
2025-12-04,MADHAV,EQ,INE925C01016,MADHAV MARBLE & GRANITE,43.19,43.7,41.25,41.69,42.46,-1.81,2541,105934.29
2025-12-04,MADRASFERT,EQ,INE414A01015,MADRAS FERTILISERS LTD,75.7,76.74,74.71,74.97,75.85,-1.16,64161,4810150.25
2025-12-04,MAFANG,EQ,INF769K01HF4,MIRAEAMC - MAFANG,176.69,176.7,175.99,176.26,175.36,0.51,641584,113085592.32
2025-12-04,MAGADSUGAR,EQ,INE347W01011,MAGADH SUGAR & ENERGY LTD,487.0,487.0,474.0,476.5,476.6,-0.02,1882,896773.0
2025-12-04,MAGNUM,EQ,INE387I01016,MAGNUM VENTURES LTD.,21.69,25.04,21.01,24.77,20.87,18.69,1698506,42071994.4
2025-12-04,MAHABANK,EQ,INE457A01014,BANK OF MAHARASHTRA,56.44,57.0,55.8,56.95,56.64,0.55,30400987,1731336232.84
2025-12-04,MAHAPEXLTD,EQ,INE843B01013,MAHA RASHTRA APEX COPR. L,82.9,85.86,82.26,83.66,82.75,1.1,2383,199361.79
2025-12-04,MAHEPC,EQ,INE215D01010,MAHINDRA EPC IRRIG LTD,127.04,129.25,124.5,125.07,127.04,-1.55,26170,3273081.89
2025-12-04,MAHESHWARI,EQ,INE263W01010,MAHESHWARI LOGISTICS LTD.,48.11,50.0,40.85,48.69,48.11,1.21,43019,2094595.05
2025-12-04,MAHKTECH,EQ,INF769K01HS7,MIRAEAMC - MAHKTECH,26.07,26.07,26.05,26.06,26.06,0.0,917668,23914427.59
2025-12-04,MAHLIFE,EQ,INE813A01018,MAHINDRA LIFESPACE DEVLTD,417.4,421.0,412.0,417.85,420.5,-0.63,125469,52427222.42
2025-12-04,MAHLOG,EQ,INE766P01016,MAHINDRA LOGISTIC LIMITED,317.85,322.05,314.8,318.95,317.55,0.44,45334,14459279.85
2025-12-04,MAHSCOOTER,EQ,INE288A01013,MAHARASHTRA SCOOTERS LTD,14659.0,14659.0,14225.0,14461.0,14448.0,0.09,3521,50917181.0
2025-12-04,MAHSEAMLES,EQ,INE271B01025,MAHARASHTRA SEAMLESS LTD,561.25,578.0,558.8,572.45,560.0,2.22,122419,70078758.04
2025-12-04,MAITHANALL,EQ,INE683C01011,MAITHAN ALLOYS LTD,927.25,960.0,925.95,958.25,927.25,3.34,30412,29142299.0
2025-12-04,MAKEINDIA,EQ,INF769K01IB1,MIRAEAMC - MAMFGETF,153.51,156.57,153.51,154.12,153.81,0.2,8376,1290909.08
2025-12-04,MALLCOM,EQ,INE389C01015,MALLCOM (INDIA) LIMITED,1187.6,1215.6,1180.5,1207.1,1170.5,3.13,2925,3530767.43
2025-12-04,MALUPAPER,EQ,INE383H01017,MALU PAPER MILLS LIMITED,36.9,38.2,36.76,37.26,36.9,0.98,18905,704400.27
2025-12-04,MAMATA,EQ,INE0TO701015,MAMATA MACHINERY LIMITED,419.9,423.75,413.7,420.35,420.2,0.04,76137,32004188.41
2025-12-04,MANAKALUCO,EQ,INE859Q01017,MANAK ALUMINIUM CO. LTD.,24.85,24.85,23.2,24.42,24.06,1.5,6340,154822.8
2025-12-04,MANAKCOAT,EQ,INE830Q01018,MAN COAT METAL & IND LTD,141.98,144.0,139.2,140.44,140.51,-0.05,68252,9585311.05
2025-12-04,MANAKSIA,EQ,INE015D01022,MANAKSIA LTD.,61.6,61.99,60.0,60.11,61.32,-1.97,31490,1892863.92
2025-12-04,MANALIPETC,EQ,INE201A01024,MANALI PETROCHEMICALS LT,63.02,64.25,62.21,62.63,63.02,-0.62,116730,7310800.02
2025-12-04,MANAPPURAM,EQ,INE522D01027,MANAPPURAM FINANCE LTD,275.85,276.3,273.0,274.3,275.8,-0.54,1057552,290086500.69
2025-12-04,MANBA,EQ,INE939X01013,MANBA FINANCE LIMITED,139.6,142.0,138.99,141.53,139.6,1.38,53548,7578648.37
2025-12-04,MANCREDIT,EQ,INE545L01039,MANGAL CREDIT N FINCORP L,169.5,170.5,162.27,164.27,167.32,-1.82,46700,7671409.2
2025-12-04,MANGALAM,EQ,INE584F01014,MANGALAM DRUG & CHEM LTD,24.05,25.48,24.05,25.4,24.27,4.66,308544,7837017.48
2025-12-04,MANGLMCEM,EQ,INE347A01017,MANGALAM CEMENT LTD,778.0,803.0,772.45,792.35,778.45,1.79,142084,112580253.93
2025-12-04,MANINDS,EQ,INE993A01026,MAN INDUSTRIES (I) LTD.,448.6,450.2,436.0,439.85,450.55,-2.37,193770,85229735.68
2025-12-04,MANINFRA,EQ,INE949H01023,MAN INFRA LTD,135.43,137.41,133.63,136.53,134.46,1.54,836520,114210074.58
2025-12-04,MANKIND,EQ,INE634S01028,MANKIND PHARMA LIMITED,2208.0,2221.7,2195.1,2206.3,2205.6,0.03,409656,903824052.8
2025-12-04,MANOMAY,EQ,INE784W01015,MANOMAY TEX INDIA LTD,217.35,229.9,217.35,221.3,228.75,-3.26,18209,4029651.76
2025-12-04,MANORAMA,EQ,INE00VM01036,MANORAMA INDUSTRIES LTD,1312.6,1388.8,1308.1,1370.6,1318.1,3.98,163227,223718922.21
2025-12-04,MANORG,EQ,INE370D01013,MANGALAM ORGANICS LIMITED,482.3,484.2,472.65,477.7,481.15,-0.72,2805,1339948.53
2025-12-04,MANUGRAPH,EQ,INE867A01022,MANUGRAPH INDIA LIMITED,15.31,16.49,15.31,15.68,15.99,-1.94,38104,597470.73
2025-12-04,MANYAVAR,EQ,INE825V01034,VEDANT FASHIONS LIMITED,602.0,606.3,599.1,604.85,605.25,-0.07,58719,35516185.72
2025-12-04,MAPMYINDIA,EQ,INE0BV301023,C.E. INFO SYSTEMS LIMITED,1704.0,1705.5,1670.1,1679.1,1717.2,-2.22,47511,79775718.94
2025-12-04,MARALOVER,EQ,INE882A01013,MARAL OVERSEAS LTD,46.86,47.8,45.51,46.98,46.18,1.73,9364,439920.72
2025-12-04,MARATHON,EQ,INE182D01020,MARATHON NXTGEN REALT LTD,544.25,547.55,539.95,545.15,543.5,0.3,43707,23826872.12
2025-12-04,MARICO,EQ,INE196A01026,MARICO LIMITED,711.8,715.55,707.25,714.65,710.65,0.56,1425940,1019048055.81
2025-12-04,MARINE,EQ,INE01JE01028,MARINE ELECTRICAL (I) LTD,215.08,217.02,211.0,211.41,215.08,-1.71,306356,64766723.08
2025-12-04,MARKOLINES,EQ,INE0FW001016,MARKOLINES PAVEMENT TEC L,154.79,154.79,150.21,152.51,152.8,-0.19,204332,31162672.2
2025-12-04,MARKSANS,EQ,INE750C01026,MARKSANS PHARMA LIMITED,190.2,190.89,187.0,187.8,190.2,-1.26,529293,99401227.02
2025-12-04,MARUTI,EQ,INE585B01010,MARUTI SUZUKI INDIA LTD.,16058.0,16135.0,15887.0,15994.0,16082.0,-0.55,248812,3979499128.0
2025-12-04,MASFIN,EQ,INE348L01012,MAS FINANCIAL SERV LTD,317.1,321.7,307.4,308.95,320.05,-3.47,76600,23665570.94
2025-12-04,MASKINVEST,EQ,INE885F01015,MASK INVESTMENTS LIMITED,172.73,172.73,172.0,172.73,172.73,0.0,87,15027.51
2025-12-04,MASPTOP50,EQ,INF769K01HP3,MIRAEAMC - MASPTOP50,71.89,71.89,71.59,71.89,71.59,0.42,113332,8147437.41
2025-12-04,MASTEK,EQ,INE759A01021,MASTEK LTD,2163.0,2185.9,2153.7,2169.7,2174.2,-0.21,85755,186062619.31
2025-12-04,MASTERTR,EQ,INE677D01037,MASTER TRUST LIMITED,125.12,128.0,123.21,127.09,124.13,2.38,691963,87941575.14
2025-12-04,MATRIMONY,EQ,INE866R01028,MATRIMONY.COM LIMITED,481.6,482.6,478.0,478.3,481.4,-0.64,4779,2285795.64
2025-12-04,MAWANASUG,EQ,INE636A01039,MAWANA SUGARS LIMITED,83.0,83.01,82.01,82.21,82.17,0.05,11312,929959.51
2025-12-04,MAXESTATES,EQ,INE03EI01018,MAX ESTATES LIMITED,471.05,479.8,465.0,465.9,473.75,-1.66,36205,16867909.28
2025-12-04,MAXHEALTH,EQ,INE027H01010,MAX HEALTHCARE INS LTD,1087.0,1090.0,1070.1,1083.9,1086.0,-0.19,3037781,3292650900.06
2025-12-04,MAXIND,EQ,INE0CG601016,MAX INDIA LIMITED,196.55,197.0,192.83,193.22,194.05,-0.43,12087,2335450.15
2025-12-04,MAYURUNIQ,EQ,INE040D01038,MAYUR UNIQUOTERS LTD,503.5,507.0,500.0,501.5,505.3,-0.75,18665,9360497.5
2025-12-04,MAZDOCK,EQ,INE249Z01020,MAZAGON DOCK SHIPBUIL LTD,2618.0,2665.0,2580.0,2641.2,2617.2,0.92,718508,1897723294.52
2025-12-04,MBAPL,EQ,INE900L01028,MADHYA BHARAT AGRO P. LTD,82.2,82.52,80.31,80.68,82.8,-2.56,358430,28918132.51
2025-12-04,MBEL,EQ,INE08N601015,M AND B ENGINEERING LTD,379.0,382.45,368.65,371.7,379.65,-2.09,202463,75255499.57
2025-12-04,MBLINFRA,EQ,INE912H01013,MBL INFRASTRUCTURE LTD,34.26,37.4,34.26,36.63,35.1,4.36,101921,3733366.34
2025-12-04,MCL,EQ,INE813V01022,M TEK COPPER LIMITED,46.99,47.94,44.99,46.73,45.94,1.72,88981,4158082.09
2025-12-04,MCLEODRUSS,EQ,INE942G01012,MCLEOD RUSSEL INDIA LTD.,49.25,50.7,48.32,48.33,50.87,-4.99,405359,19591001.21
2025-12-04,MCLOUD,EQ,INE613C01026,MAGELLANIC CLOUD LIMITED,23.48,25.51,23.08,25.51,24.3,4.98,36071907,920194355.83
2025-12-04,MCX,EQ,INE745G01043,MULTI COMMODITY EXCHANGE,2043.8,2061.6,1996.4,2024.2,2027.6,-0.17,3413675,6909960768.32
2025-12-04,MEDANTA,EQ,INE474Q01031,GLOBAL HEALTH LIMITED,1208.0,1215.3,1185.0,1200.8,1212.4,-0.96,127324,152890665.42
2025-12-04,MEDIASSIST,EQ,INE456Z01021,MEDI ASSIST HEALTH SER L,465.0,473.3,460.0,470.85,465.8,1.08,92158,43392594.86
2025-12-04,MEDICO,EQ,INE630Y01024,MEDICO REMEDIES LIMITED,52.75,53.99,52.11,53.32,52.99,0.62,156400,8339247.95
2025-12-04,MEDPLUS,EQ,INE804L01022,MEDPLUS HEALTH SERV LTD,793.05,816.0,792.8,812.9,799.5,1.68,127086,103308212.5
2025-12-04,MEGASTAR,EQ,INE00EM01016,MEGASTAR FOODS LIMITED,265.0,269.14,251.1,268.26,256.33,4.65,16711,4482893.02
2025-12-04,MEIL,EQ,INE0PKD01011,MANGAL ELECTRICAL IND L,380.5,380.5,368.0,368.7,376.45,-2.06,58570,21594759.71
2025-12-04,METAL,EQ,INF769K01LY7,MIRAEAMC - METAL,10.1,10.42,10.04,10.33,10.3,0.29,2639609,27267160.77
2025-12-04,METALIETF,EQ,INF109KC19W1,ICICIPRAMC - METALIETF,10.35,10.42,10.3,10.31,10.29,0.19,10288156,106070892.68
2025-12-04,METROBRAND,EQ,INE317I01021,METRO BRANDS LIMITED,1091.5,1105.3,1081.0,1085.8,1101.5,-1.43,33229,36080049.82
2025-12-04,METROPOLIS,EQ,INE112L01020,METROPOLIS HEALTHCARE LTD,487.5,489.3,476.12,482.77,486.42,-0.75,302172,145881085.46
2025-12-04,MFML,EQ,INE0US801024,MAHALAXMI FABRIC MILLS LT,25.26,28.0,25.12,26.54,25.25,5.11,6757,179330.79
2025-12-04,MFSL,EQ,INE180A01020,MAX FINANCIAL SERV LTD,1661.1,1693.5,1648.2,1689.4,1664.8,1.48,529661,894809306.33
2025-12-04,MGEL,EQ,INE0APB01032,MANGALAM GLOBAL ENT LTD,14.8,14.92,14.5,14.73,14.68,0.34,409312,6029165.57
2025-12-04,MGL,EQ,INE002S01010,MAHANAGAR GAS LTD.,1171.0,1178.0,1162.0,1171.1,1175.7,-0.39,126673,148346747.21
2025-12-04,MHRIL,EQ,INE998I01010,MAHINDRA HOLIDAYS LTD,315.4,318.85,311.8,314.3,316.0,-0.54,42006,13202485.29
2025-12-04,MID150BEES,EQ,INF204KB1V68,NIP IND ETF MIDCAP 150,229.99,229.99,228.03,228.41,228.46,-0.02,311452,71138752.46
2025-12-04,MID150CASE,EQ,INF0R8F01059,ZERODHAAMC - MID150CASE,11.13,11.13,10.9,11.06,11.06,0.0,980044,10839287.05
2025-12-04,MIDCAP,EQ,INF174KA1ZC5,KOTAKMAMC - KOTAKMID50,159.55,159.55,159.55,159.55,159.55,0.0,0,0.0
2025-12-04,MIDCAPETF,EQ,INF769K01IC9,MIRAEAMC - MAM150ETF,22.8,22.8,22.49,22.55,22.57,-0.09,915315,20640352.55
2025-12-04,MIDCAPIETF,EQ,INF109KC11W8,ICICIPRAMC - ICICIM150,22.85,22.97,22.74,22.79,22.85,-0.26,1096156,24981396.24
2025-12-04,MIDHANI,EQ,INE099Z01011,MISHRA DHATU NIGAM LTD,311.35,319.0,311.25,317.0,312.8,1.34,285124,90384308.0
2025-12-04,MIDQ50ADD,EQ,INF740KA1ZF3,DSPAMC - DSPQ50ETF,239.82,248.81,239.82,248.15,247.24,0.37,10368,2572819.14
2025-12-04,MIDSELIETF,EQ,INF109KC10W0,ICICI PRUD MIDCAP SEL ETF,18.06,18.58,18.06,18.51,18.43,0.43,125403,2321209.56
2025-12-04,MIDSMALL,EQ,INF769K01LJ8,MIRAEAMC - MIDSMALL,48.67,48.9,48.5,48.71,48.68,0.06,165675,8070029.1
2025-12-04,MIDWESTLTD,EQ,INE0XAD01024,MIDWEST LIMITED,1471.1,1579.7,1450.6,1493.1,1436.1,3.97,1606475,2398627783.28
2025-12-04,MINDACORP,EQ,INE842C01021,MINDA CORPORATION LTD,591.7,593.95,584.0,590.75,590.25,0.08,136418,80588933.5
2025-12-04,MINDTECK,EQ,INE110B01017,MINDTECK (INDIA) LIMITED,212.8,212.8,205.0,205.65,208.13,-1.19,16838,3462734.6
2025-12-04,MIRZAINT,EQ,INE771A01026,MIRZA INTERNATIONAL LIMIT,40.1,40.7,39.65,40.44,40.5,-0.15,204806,8282354.36
2025-12-04,MITCON,EQ,INE828O01033,MITCON CON & ENG SER LTD,72.2,72.2,69.2,70.77,70.97,-0.28,3129,221439.32
2025-12-04,MITTAL,EQ,INE997Y01027,MITTAL LIFE STYLE LIMITED,1.31,1.33,1.29,1.31,1.31,0.0,300485,393635.33
2025-12-04,MKPL,EQ,INE964W01021,M K PROTEINS LIMITED,6.15,6.3,6.08,6.26,6.15,1.79,97480,610224.82
2025-12-04,MMFL,EQ,INE227C01017,MM FORGINGS LTD,352.0,367.0,341.0,363.8,352.1,3.32,531680,193425177.51
2025-12-04,MMP,EQ,INE511Y01018,MMP INDUSTRIES LIMITED,255.35,257.6,251.4,254.65,255.35,-0.27,5163,1314757.92
2025-12-04,MMTC,EQ,INE123F01029,MMTC LIMITED,59.0,59.0,57.51,57.7,58.35,-1.11,693692,40026028.93
2025-12-04,MNC,EQ,INF174KA1JF2,KOTAKMAMC - KOTAKMNC,31.02,31.25,30.9,30.99,31.02,-0.1,22483,696748.16
2025-12-04,MOALPHA50,EQ,INF247L01FR8,MOTILALAMC - MOALPHA50,50.87,50.87,50.87,50.87,51.26,-0.77,0,0.0
2025-12-04,MOBIKWIK,EQ,INE0HLU01028,ONE MOBIKWIK SYSTEMS LTD,231.0,238.8,228.0,233.56,230.35,1.39,1491964,348463108.2
2025-12-04,MODEFENCE,EQ,INF247L01DJ0,MOTILALAMC - MODEFENCE,86.19,86.6,85.51,86.24,85.79,0.52,1858510,160277898.43
2025-12-04,MODIRUBBER,EQ,INE832A01018,MODI RUBBER LTD,109.58,110.0,101.2,108.39,107.41,0.91,4591,497618.49
2025-12-04,MODIS,EQ,INE0L0L01012,MODIS NAVNIRMAN LTD,348.8,348.8,327.9,332.0,324.75,2.23,10214,3391048.0
2025-12-04,MODTHREAD,EQ,INE794W01014,MODERN THREADS INDIA LTD,44.26,45.99,44.26,44.76,44.24,1.18,1788,80030.88
2025-12-04,MOENERGY,EQ,INF247L01GH7,MOTILALAMC - MOENERGY,35.02,35.02,35.02,35.02,35.14,-0.34,0,0.0
2025-12-04,MOGSEC,EQ,INF247L01AK4,MOTILALAMC - G5,62.71,62.85,62.7,62.79,62.55,0.38,3297,207018.63
2025-12-04,MOHEALTH,EQ,INF247L01BB1,MOTILALAMC - MOHEALTH,44.75,45.31,44.75,45.07,45.05,0.04,47393,2136002.5
2025-12-04,MOHITIND,EQ,INE954E01012,MOHIT INDUSTRIES LTD,28.01,29.0,28.01,28.73,28.74,-0.03,3422,98314.06
2025-12-04,MOIL,EQ,INE490G01020,MOIL LIMITED,331.5,333.4,325.2,327.3,331.05,-1.13,513688,168130076.13
2025-12-04,MOINFRA,EQ,INF247L01FL1,MOTILALAMC - MOINFRA,59.12,59.12,59.12,59.12,59.33,-0.35,0,0.0
2025-12-04,MOKSH,EQ,INE514Y01020,MOKSH ORNAMENTS LIMITED,14.2,14.69,14.2,14.36,14.49,-0.9,80763,1159756.65
2025-12-04,MOL,EQ,INE0CT101020,MEGHMANI ORGANICS LIMITED,67.44,67.69,66.0,66.19,67.44,-1.85,365232,24174706.97
2025-12-04,MOLDTKPAC,EQ,INE893J01029,MOLD-TEK PACKAGING LTD,613.5,617.2,599.1,602.7,610.25,-1.24,42709,25740714.82
2025-12-04,MOLOWVOL,EQ,INF247L01BL0,MOTILALAMC - MOLOWVOL,38.89,38.94,38.73,38.83,38.7,0.34,444,17240.52
2025-12-04,MOM100,EQ,INF247L01023,MOTILAL OS MIDCAP100 ETF,64.5,65.34,64.5,64.97,64.97,0.0,192733,12521863.25
2025-12-04,MOM30IETF,EQ,INF109KC17C7,ICICIPRAMC - ICICIMOM30,32.18,32.34,32.08,32.28,32.19,0.28,410291,13244192.98
2025-12-04,MOM50,EQ,INF247L01536,MOTILAL OSWAL M50 ETF,270.39,270.99,269.46,270.1,270.39,-0.11,2486,671468.62
2025-12-04,MOMENTUM,EQ,INF209KB14K7,BIRLASLAMC - MOMENTUM,32.1,32.18,31.95,32.15,31.95,0.63,105058,3377614.86
2025-12-04,MOMENTUM50,EQ,INF247L01DK8,MOTILALAMC - MOMENTUM50,53.57,53.6,53.2,53.32,53.31,0.02,230418,12285887.69
2025-12-04,MOMGF,EQ,INF247L01FK3,MOTILALAMC - MOMGF,151.26,151.26,151.26,151.26,151.18,0.06,0,0.0
2025-12-04,MOMIDMTM,EQ,INF247L01FQ0,MOTILALAMC - MOMIDMTM,63.23,63.23,63.23,63.23,63.36,-0.2,0,0.0
2025-12-04,MOMOMENTUM,EQ,INF247L01BK2,MOTILALAMC - MOMOMENTUM,63.5,64.49,63.5,64.18,64.1,0.12,59228,3801253.06
2025-12-04,MON100,EQ,INF247L01AP3,MOTILAL OS NASDAQ100 ETF,236.64,236.8,233.62,235.31,235.9,-0.25,485917,114341128.08
2025-12-04,MON50EQUAL,EQ,INF247L01FC0,MOTILALAMC - MON50EQUAL,33.23,33.23,33.23,33.23,33.13,0.32,0,0.0
2025-12-04,MONARCH,EQ,INE903D01011,MONARCH NETWORTH CAP LTD,300.5,307.0,298.95,305.75,300.15,1.87,69346,21202539.5
2025-12-04,MONEXT50,EQ,INF247L01FD8,MOTILALAMC - MONEXT50,68.12,68.12,68.12,68.12,67.97,0.23,0,0.0
2025-12-04,MONEYBOXX,EQ,INE296Q01012,MONEYBOXX FINANCE LIMITED,69.32,69.32,67.75,67.88,68.43,-0.8,36340,2466759.1
2025-12-04,MONIFTY100,EQ,INF247L01GG9,MOTILALAMC - MONIFTY100,26.62,26.62,26.62,26.62,26.57,0.19,0,0.0
2025-12-04,MONIFTY500,EQ,INF247L01BU1,MOTILALAMC - MONIFTY500,24.34,24.34,24.13,24.2,24.22,-0.08,397415,9617443.3
2025-12-04,MONQ50,EQ,INF247L01AU3,MOTILALAMC - MONQ50,100.0,100.0,98.28,98.8,99.37,-0.57,118669,11724497.56
2025-12-04,MONTECARLO,EQ,INE950M01013,MONTE CARLO FASHIONS LTD.,732.35,732.35,712.85,716.75,732.35,-2.13,27459,19681238.25
2025-12-04,MOPSE,EQ,INF247L01FO5,MOTILALAMC - MOPSE,97.43,97.43,97.43,97.43,97.17,0.27,0,0.0
2025-12-04,MOQUALITY,EQ,INF247L01BH8,MOTILALAMC - MOQUALITY,197.99,198.15,196.55,196.84,196.35,0.25,2728,536979.51
2025-12-04,MOREALTY,EQ,INF247L01CI4,MOTILALAMC - MOREALTY,89.29,89.58,88.18,89.15,88.52,0.71,418344,37295368.24
2025-12-04,MOREPENLAB,EQ,INE083A01026,MOREPEN LAB. LTD,42.7,43.73,42.37,43.45,42.7,1.76,1402228,60926807.67
2025-12-04,MOSCHIP,EQ,INE935B01025,MOSCHIP TECHNOLOGIES LTD,208.5,213.0,205.54,207.3,208.78,-0.71,1121553,232497940.32
2025-12-04,MOSMALL250,EQ,INF247L01CH6,MOTILALAMC - MOSMALL250,16.76,16.76,16.61,16.67,16.67,0.0,451056,7519103.55
2025-12-04,MOTHERSON,EQ,INE775A01035,SAMVRDHNA MTHRSN INTL LTD,116.57,118.11,116.46,117.56,116.57,0.85,14828624,1743253001.24
2025-12-04,MOTILALOFS,EQ,INE338I01027,MOTILAL OSWAL FIN LTD,927.0,930.5,911.95,916.2,922.2,-0.65,722582,662029637.22
2025-12-04,MOTISONS,EQ,INE0FRK01020,MOTISONS JEWELLERS LTD,16.36,16.96,16.31,16.41,16.38,0.18,2317548,38030962.33
2025-12-04,MOTOGENFIN,EQ,INE861B01023,MOTOR & GENERAL FINANCE L,25.64,26.4,24.8,25.07,25.11,-0.16,177100,4439896.95
2025-12-04,MOTOUR,EQ,INF247L01FP2,MOTILALAMC - MOTOUR,87.12,87.12,87.12,87.12,88.08,-1.09,0,0.0
2025-12-04,MOVALUE,EQ,INF247L01BE5,MOTILALAMC - MOVALUE,112.37,112.68,111.43,112.04,111.82,0.2,62393,6990511.78
2025-12-04,MPHASIS,EQ,INE356A01018,MPHASIS LIMITED,2865.0,2933.1,2865.0,2908.4,2861.0,1.66,866476,2520058713.78
2025-12-04,MPSLTD,EQ,INE943D01017,MPS LIMITED,2122.0,2166.5,2100.0,2143.4,2144.4,-0.05,7650,16397009.25
2025-12-04,MRF,EQ,INE883A01011,MRF LTD,153000.0,153995.0,151735.0,153625.0,152040.0,1.04,3170,486991250.0
2025-12-04,MRPL,EQ,INE103A01014,MRPL,159.18,160.54,156.01,156.73,159.41,-1.68,2099580,329067164.43
2025-12-04,MSCIINDIA,EQ,INF174KA1VD2,KOTAKMAMC - MSCIINDIA,30.82,30.92,30.81,30.89,30.79,0.32,2391,73857.99
2025-12-04,MSPL,EQ,INE752G01015,MSP STEEL & POWER LTD.,38.0,38.0,36.65,37.58,37.6,-0.05,1990766,74812989.93
2025-12-04,MSTCLTD,EQ,INE255X01014,MSTC LIMITED,483.35,485.75,474.0,476.15,484.4,-1.7,86456,41166023.87
2025-12-04,MSUMI,EQ,INE0FS801015,MOTHERSON SUMI WRNG IND L,46.14,46.2,45.45,45.54,46.14,-1.3,1888602,86006936.81
2025-12-04,MTNL,EQ,INE153A01019,MAHANAGAR TELEPHONE NIGAM,37.5,37.9,36.95,37.02,37.5,-1.28,829576,30710903.9
2025-12-04,MUFIN,EQ,INE08KJ01020,MUFIN GREEN FINANCE LTD,107.4,110.5,107.17,107.95,106.96,0.93,327742,35379747.9
2025-12-04,MUFTI,EQ,INE220Q01020,CREDO BRANDS MARKETING L,98.05,99.18,96.0,96.44,98.58,-2.17,141956,13690236.99
2025-12-04,MUKANDLTD,EQ,INE304A01026,MUKAND LTD.,132.1,133.65,131.0,133.15,133.61,-0.34,101170,13470784.88
2025-12-04,MULTICAP,EQ,INF769K01LX9,MIRAEAMC - MULTICAP,16.51,16.58,16.47,16.51,16.49,0.12,182046,3005579.5
2025-12-04,MUNJALAU,EQ,INE672B01032,MUNJAL AUTO IND. LTD.,81.5,81.72,80.41,80.87,81.05,-0.22,54616,4416796.07
2025-12-04,MUNJALSHOW,EQ,INE577A01027,MUNJAL SHOWA LTD,124.65,127.2,124.65,126.48,125.12,1.09,19936,2521505.35
2025-12-04,MURUDCERA,EQ,INE692B01014,MURUDESHWAR CERAMICS LTD,36.35,37.35,35.56,35.88,36.06,-0.5,107117,3843358.07
2025-12-04,MUTHOOTCAP,EQ,INE296G01013,MUTHOOT CAP SERV LTD,274.0,274.45,264.0,266.2,273.7,-2.74,15257,4061413.59
2025-12-04,MUTHOOTFIN,EQ,INE414G01012,MUTHOOT FINANCE LIMITED,3770.0,3778.5,3688.3,3702.0,3763.4,-1.63,330361,1222996422.0
2025-12-04,MUTHOOTMF,EQ,INE046W01019,MUTHOOT MICROFIN LIMITED,183.27,185.9,181.6,182.94,183.27,-0.18,133171,24362303.07
2025-12-04,MVGJL,EQ,INE0KNT01012,MANOJ VAIBHAV GEM N JEW L,188.56,188.97,185.0,185.69,187.72,-1.08,22352,4150542.93
2025-12-04,MWL,EQ,INE0JYY01029,MANGALAM WORLDWIDE LTD,25.85,26.39,25.44,25.85,25.96,-0.4,1198110,30972341.41
2025-12-04,NACLIND,EQ,INE295D01020,NACL INDUSTRIES LIMITED,163.75,166.83,162.26,162.63,166.05,-2.06,123238,20042138.25
2025-12-04,NAGREEKCAP,EQ,INE245I01016,NAGREEKA CAP & INFR.LTD,28.87,28.87,26.65,26.65,27.59,-3.41,1970,52500.5
2025-12-04,NAGREEKEXP,EQ,INE123B01028,NAGREEKA EXPORTS LTD.,27.09,27.99,27.08,27.33,27.06,1.0,6156,168243.48
2025-12-04,NAHARCAP,EQ,INE049I01012,NAHAR CAP & FIN.,266.0,269.7,261.65,264.0,265.45,-0.55,5022,1325808.0
2025-12-04,NAHARINDUS,EQ,INE289A01011,NAHAR INDS ENT LTD,112.02,113.52,110.15,110.44,111.46,-0.92,9754,1077231.78
2025-12-04,NAHARPOLY,EQ,INE308A01027,NAHAR POLY FILMS LIMITED,248.0,254.1,248.0,253.0,252.25,0.3,8710,2203630.0
2025-12-04,NAHARSPING,EQ,INE290A01027,NAHAR SPINNING MILLS LTD.,200.04,202.0,199.0,199.09,199.16,-0.04,5235,1042236.13
2025-12-04,NAM-INDIA,EQ,INE298J01013,NIPPON L I A M LTD,823.0,844.5,822.95,833.85,820.6,1.61,777710,648493464.51
2025-12-04,NARMADA,EQ,INE117Z01029,NARMADA AGROBASE LIMITED,11.2,11.5,11.18,11.37,11.44,-0.66,132460,1506070.18
2025-12-04,NATCOPHARM,EQ,INE987B01026,NATCO PHARMA LTD.,939.6,950.1,910.5,949.25,935.4,1.48,2268798,2153656501.5
2025-12-04,NATHBIOGEN,EQ,INE448G01010,NATH BIO-GENES (I) LTD,151.86,153.0,143.8,145.84,151.0,-3.42,30979,4517977.25
2025-12-04,NATIONALUM,EQ,INE139A01034,NATIONAL ALUMINIUM CO LTD,268.0,270.25,267.25,269.25,266.5,1.03,10377125,2794040906.25
2025-12-04,NAUKRI,EQ,INE663F01032,INFO EDGE (I) LTD,1371.4,1401.0,1371.3,1396.2,1377.2,1.38,1390101,1940858948.32
2025-12-04,NAVA,EQ,INE725A01030,NAVA LIMITED,525.25,535.0,521.05,529.6,526.9,0.51,252357,133648261.04
2025-12-04,NAVINFLUOR,EQ,INE048G01026,NAVIN FLUORINE INT. LTD,5823.0,5835.0,5718.0,5765.0,5828.5,-1.09,74509,429544385.0
2025-12-04,NAVKARCORP,EQ,INE278M01019,NAVKAR CORPORATION LTD.,97.5,99.5,97.5,98.7,97.65,1.08,101249,9993275.99
2025-12-04,NAVNETEDUL,EQ,INE060A01024,NAVNEET EDUCATION LTD,143.1,144.5,142.08,143.04,143.21,-0.12,71424,10216488.48
2025-12-04,NAZARA,EQ,INE418L01047,NAZARA TECHNOLOGIES LTD,244.45,246.9,241.85,242.65,243.8,-0.47,349138,84718333.57
2025-12-04,NBCC,EQ,INE095N01031,NBCC (INDIA) LIMITED,113.18,114.21,111.85,112.52,113.21,-0.61,6596946,742288341.77
2025-12-04,NBIFIN,EQ,INE365I01020,N.B.I. IND. FIN. CO. LTD,2256.0,2320.2,2227.1,2278.6,2294.2,-0.68,111,252924.61
2025-12-04,NCC,EQ,INE868B01028,NCC LIMITED,168.95,170.72,167.76,169.48,168.95,0.31,1620535,274648264.88
2025-12-04,NCLIND,EQ,INE732C01016,NCL INDUSTRIES LIMITED,196.0,199.0,194.51,195.86,194.98,0.45,52394,10261888.87
2025-12-04,NDGL,EQ,INE756C01015,NAGA DHUNSERI GROUP LTD,3127.4,3127.4,3090.0,3093.6,3127.4,-1.08,226,699153.62
2025-12-04,NDL,EQ,INE875G01048,NANDAN DENIM LIMITED,3.1,3.1,3.07,3.07,3.07,0.0,582025,1786816.71
2025-12-04,NDLVENTURE,EQ,INE353A01023,NDL VENTURES LIMITED,98.9,98.9,94.0,94.89,96.85,-2.02,12056,1143993.83
2025-12-04,NDRAUTO,EQ,INE07OG01012,NDR AUTO COMPONENTS LTD,850.65,857.0,837.85,852.15,843.9,0.98,9960,8487414.24
2025-12-04,NDTV,EQ,INE155G01029,NDTV LTD,84.25,84.3,80.16,81.28,83.94,-3.17,123289,10020929.77
2025-12-04,NECLIFE,EQ,INE023H01027,NECTAR LIFESCIENCES LTD.,20.6,21.21,19.72,20.94,17.87,17.18,53179172,1113571890.08
2025-12-04,NELCAST,EQ,INE189I01024,NELCAST LIMITED,109.01,111.78,109.01,109.98,109.76,0.2,31895,3507812.21
2025-12-04,NELCO,EQ,INE045B01015,NELCO LTD,838.0,841.85,825.1,828.8,837.7,-1.06,27687,22946985.26
2025-12-04,NEOGEN,EQ,INE136S01016,NEOGEN CHEMICALS LIMITED,1091.3,1096.8,1062.3,1072.2,1091.3,-1.75,52337,56115728.84
2025-12-04,NESCO,EQ,INE317F01035,NESCO LTD.,1249.0,1252.3,1231.0,1241.2,1238.9,0.19,31475,39066768.46
2025-12-04,NESTLEIND,EQ,INE239A01024,NESTLE INDIA LIMITED,1241.9,1245.0,1233.2,1242.4,1241.9,0.04,664641,825749994.63
2025-12-04,NETF,EQ,INF277K015R5,TATAAML - NETF,283.38,283.38,279.01,281.83,281.34,0.17,2389,673291.84
2025-12-04,NETWEB,EQ,INE0NT901020,NETWEB TECH INDIA LTD,3205.0,3245.0,3110.0,3198.3,3211.0,-0.4,763920,2443245373.3
2025-12-04,NETWORK18,EQ,INE870H01013,NETWORK18 MEDIA & INV LTD,44.55,44.78,42.9,43.47,44.55,-2.42,3154195,137112860.5
2025-12-04,NEULANDLAB,EQ,INE794A01010,NEULAND LAB LTD.,16974.0,17230.0,16798.0,16995.0,16974.0,0.12,55892,949884540.0
2025-12-04,NEWGEN,EQ,INE619B01017,NEWGEN SOFTWARE TECH LTD,884.4,904.0,876.1,901.0,879.85,2.4,588166,529937566.0
2025-12-04,NEXT30ADD,EQ,INF740KA1VE5,DSPAMC - NEXT30ADD,39.88,40.0,39.7,39.99,39.88,0.28,593,23714.07
2025-12-04,NEXT50,EQ,INF769K01FN2,MIRAEAMC - MANXT50,705.08,706.0,701.43,702.95,702.08,0.12,3526,2478601.74
2025-12-04,NEXT50IETF,EQ,INF109KC1NS5,ICICIPRAMC - ICICINXT50,71.4,72.32,71.4,72.07,71.94,0.18,292458,21077447.97
2025-12-04,NEXTMEDIA,EQ,INE747B01016,NEXT MEDIAWORKS LIMITED,5.63,6.02,5.63,5.94,5.86,1.37,2669,15853.86
2025-12-04,NFL,EQ,INE870D01012,NATIONAL FERT. LTD,84.0,84.32,83.6,83.79,84.6,-0.96,453161,37970360.6
2025-12-04,NGIL,EQ,INE236Y01012,NAKODA GROUP OF IND. LTD,26.52,26.95,26.25,26.41,26.38,0.11,1740,45953.4
2025-12-04,NGLFINE,EQ,INE887E01022,NGL FINE CHEM LIMITED,1300.1,1327.0,1290.1,1303.2,1315.5,-0.94,1164,1516924.74
2025-12-04,NH,EQ,INE410P01011,NARAYANA HRUDAYALAYA LTD.,1955.2,1960.2,1927.1,1937.6,1955.2,-0.9,347289,672907157.92
2025-12-04,NHPC,EQ,INE848E01016,NHPC LTD,76.8,77.42,76.62,76.89,76.83,0.08,5539974,425968597.48
2025-12-04,NIACL,EQ,INE470Y01017,THE NEW INDIA ASSU CO LTD,164.5,165.7,162.56,163.34,165.03,-1.02,157629,25747120.28
2025-12-04,NIBE,EQ,INE149O01018,NIBE LIMITED,1021.2,1028.1,990.0,1003.0,1021.4,-1.8,49624,49772872.0
2025-12-04,NIBL,EQ,INE047O01014,NRB INDUS. BEARINGS LTD.,29.69,29.69,28.01,28.24,29.19,-3.25,20863,589171.12
2025-12-04,NIF100BEES,EQ,INF204K014N5,NIP IND ETF NIFTY 100,281.6,281.8,279.2,281.21,280.64,0.2,14377,4042956.05
2025-12-04,NIF100IETF,EQ,INF109KC16V9,ICICI PRUD NIFTY 100 ETF,29.58,29.62,29.33,29.49,29.47,0.07,59219,1746368.3
2025-12-04,NIFTY1,EQ,INF174K014P6,KOTAK NIFTY ETF,285.78,287.99,285.78,286.73,285.79,0.33,186556,53491203.93
2025-12-04,NIFTYADD,EQ,INF740KA1CL0,DSPAMC - DSPNIFTY,272.98,272.98,270.72,272.0,271.98,0.01,8036,2185792.0
2025-12-04,NIFTYAXIS,EQ,INF846K01W98,AXISAMC-NIFTYAXIS,287.49,287.49,285.0,286.04,285.7,0.12,3223,921906.95
2025-12-04,NIFTYBEES,EQ,INF204KB14I2,NIP IND ETF NIFTY BEES,294.24,294.98,293.11,294.37,293.8,0.19,5468826,1609858282.92
2025-12-04,NIFTYBETF,EQ,INF0QA701722,BFAM - NIFTYBETF,265.75,266.82,265.15,266.32,265.75,0.21,473,125969.36
2025-12-04,NIFTYETF,EQ,INF769K01EG9,MIRAEAMC - MAN50ETF,280.12,281.69,279.73,280.71,280.13,0.21,402603,113014684.69
2025-12-04,NIFTYIETF,EQ,INF109K012R6,ICICI PRUD NIFTY ETF,293.26,293.54,291.8,293.14,292.44,0.24,963647,282483495.7
2025-12-04,NIFTYQLITY,EQ,INF209KB15K4,BIRLASLAMC - NIFTYQLITY,22.04,22.26,22.04,22.21,22.1,0.5,40033,889132.89
2025-12-04,NIITLTD,EQ,INE161A01038,NIIT LIMITED,94.45,94.56,92.7,93.49,94.14,-0.69,230213,21522612.88
2025-12-04,NIITMTS,EQ,INE342G01023,NIIT LEARNING SYSTEMS LTD,388.0,396.0,384.2,392.1,389.3,0.72,352042,138035670.35
2025-12-04,NILAINFRA,EQ,INE937C01029,NILA INFRASTRUCTURES LTD,9.4,9.72,9.4,9.44,9.54,-1.05,134076,1265677.38
2025-12-04,NILASPACES,EQ,INE00S901012,NILA SPACES LIMITED,15.85,16.39,15.65,15.93,15.81,0.76,385702,6144232.98
2025-12-04,NILKAMAL,EQ,INE310A01015,NILKAMAL LIMITED,1399.3,1413.7,1380.0,1383.8,1392.1,-0.6,2090,2892142.1
2025-12-04,NINSYS,EQ,INE395U01014,NINTEC SYSTEMS LIMITED,391.0,413.4,390.55,405.1,395.25,2.49,22292,9030489.34
2025-12-04,NIPPOBATRY,EQ,INE567A01028,INDO-NATIONAL LIMITED,422.65,428.0,420.0,422.45,423.2,-0.18,1193,503982.86
2025-12-04,NIRAJ,EQ,INE368I01016,NIRAJ CEMENT STRUC LTD,37.13,37.5,35.0,36.3,36.4,-0.27,93947,3410276.03
2025-12-04,NITCO,EQ,INE858F01012,NITCO LIMITED,81.67,84.0,80.91,82.59,81.99,0.73,120921,9986864.95
2025-12-04,NITINSPIN,EQ,INE229H01012,NITIN SPINNERS LIMITED,320.0,323.8,317.9,321.65,320.95,0.22,20199,6497008.23
2025-12-04,NITIRAJ,EQ,INE439T01012,NITIRAJ ENGINEERS LTD,186.8,190.11,181.02,184.61,192.54,-4.12,2571,474632.31
2025-12-04,NIVABUPA,EQ,INE995S01015,NIVA BUPA HEALTH INS CO L,75.0,75.05,73.7,74.41,74.79,-0.51,574247,42729721.37
2025-12-04,NLCINDIA,EQ,INE589A01014,NLC INDIA LIMITED,239.85,239.85,235.55,237.69,239.88,-0.91,518476,123236561.71
2025-12-04,NMDC,EQ,INE584A01023,NMDC LTD.,76.18,77.14,75.81,75.97,76.05,-0.11,11526558,875672625.33
2025-12-04,NOCIL,EQ,INE163A01018,NOCIL LIMITED,166.44,167.8,164.52,165.55,166.44,-0.53,241971,40058299.79
2025-12-04,NOIDATOLL,EQ,INE781B01015,NOIDA TOLL BRIDGE CO LTD,4.68,4.68,4.46,4.47,4.7,-4.89,156038,697489.83
2025-12-04,NORBTEAEXP,EQ,INE369C01017,NORBEN TEA & EXPORTS LTD,72.72,72.72,72.0,72.72,71.3,1.99,748,54394.56
2025-12-04,NORTHARC,EQ,INE850M01015,NORTHERN ARC CAPITAL LTD,258.0,260.0,256.3,257.15,257.65,-0.19,226782,58316989.92
2025-12-04,NOVAAGRI,EQ,INE02H701025,NOVA AGRITECH LIMITED,41.9,42.39,41.75,41.99,41.94,0.12,89568,3760960.47
2025-12-04,NPBET,EQ,INF277K010X4,TATAAML - NPBET,297.0,297.0,295.03,296.95,295.98,0.33,476,141348.21
2025-12-04,NPST,EQ,INE0FFK01017,NETWORK PEOPLE SRV TECH L,1562.3,1565.8,1495.0,1503.3,1539.2,-2.33,10894,16376950.73
2025-12-04,NRAIL,EQ,INE740D01017,N R AGARWAL INDS LTD,487.9,487.9,464.0,466.8,479.4,-2.63,4858,2267714.34
2025-12-04,NRBBEARING,EQ,INE349A01021,NRB BEARING LIMITED,291.8,293.15,281.75,282.9,290.15,-2.5,238741,67539827.44
2025-12-04,NSIL,EQ,INE023A01030,NALWA SONS INVESTMENT LTD,6625.5,6647.0,6580.0,6619.5,6625.5,-0.09,3138,20771991.0
2025-12-04,NSLNISP,EQ,INE0NNS01018,NMDC STEEL LIMITED,41.55,42.0,41.25,41.44,41.53,-0.22,1089738,45158741.22
2025-12-04,NTPC,EQ,INE733E01010,NTPC LTD,322.9,324.3,321.1,322.95,322.95,0.0,5965357,1926512115.97
2025-12-04,NTPCGREEN,EQ,INE0ONG01011,NTPC GREEN ENERGY LIMITED,91.74,92.1,90.8,91.18,91.74,-0.61,3185553,290458723.51
2025-12-04,NUCLEUS,EQ,INE096B01018,NUCLEUS SOFTWARE EXPORTS,915.3,922.55,910.0,913.85,911.0,0.31,3879,3544824.06
2025-12-04,NUVAMA,EQ,INE531F01023,NUVAMA WEALTH MANAGE LTD,1423.6,1427.8,1407.6,1415.7,1415.5,0.01,203010,287401247.09
2025-12-04,NUVOCO,EQ,INE118D01016,NUVOCO VISTAS CORP LTD,352.0,355.8,347.2,352.75,352.35,0.11,229564,80978701.0
2025-12-04,NV20,EQ,INF174KA1ZE1,KOTAKMAMC - KTKNV20ETF,153.28,154.42,153.26,153.66,153.74,-0.05,6179,949465.16
2025-12-04,NV20BEES,EQ,INF204KB18I3,NIP IND ETF ETF NV20,154.11,154.39,153.66,154.13,153.61,0.34,16275,2508465.83
2025-12-04,NV20IETF,EQ,INF109KC11V0,ICICI PRUDENTIAL NV20 ETF,14.98,15.04,14.85,15.01,14.98,0.2,404184,6066801.93
2025-12-04,NYKAA,EQ,INE388Y01029,FSN E COMMERCE VENTURES,257.2,258.8,254.7,255.5,258.1,-1.01,3296361,842220235.5
2025-12-04,OAL,EQ,INE959C01023,ORIENTAL AROMATICS LTD,305.0,305.0,301.0,301.1,304.7,-1.18,2615,787376.52
2025-12-04,OBCL,EQ,INE426Z01016,OBCL LIMITED,55.2,55.27,55.0,55.02,55.86,-1.5,6508,358070.16
2025-12-04,OBEROIRLTY,EQ,INE093I01010,OBEROI REALTY LIMITED,1633.0,1675.5,1630.6,1663.7,1640.6,1.41,221691,368827305.88
2025-12-04,ODIGMA,EQ,INE054301028,ODIGMA CONSULTANCY SOL L,33.49,33.49,32.25,32.59,33.04,-1.36,7959,259383.81
2025-12-04,OFSS,EQ,INE881D01027,ORACLE FIN SERV SOFT LTD.,8091.0,8225.0,8058.5,8191.5,8075.5,1.44,76182,624044853.0
2025-12-04,OIL,EQ,INE274J01014,OIL INDIA LTD,411.65,411.75,407.05,408.15,410.7,-0.62,2221247,906601949.49
2025-12-04,OILIETF,EQ,INF109KC18W3,ICICIPRAMC - OILIETF,12.07,12.14,12.0,12.06,12.06,0.0,1414670,17060920.79
2025-12-04,OLAELEC,EQ,INE0LXG01040,OLA ELECTRIC MOBILITY LTD,38.03,38.32,36.12,36.12,38.03,-5.02,90074041,3253474264.71
2025-12-04,OLECTRA,EQ,INE260D01016,OLECTRA GREENTECH LIMITED,1210.0,1248.0,1198.9,1239.4,1208.8,2.53,337169,417887266.83
2025-12-04,OMAXAUTO,EQ,INE090B01011,OMAX AUTOS LTD,89.0,89.5,87.25,87.73,89.25,-1.7,10663,935465.03
2025-12-04,OMAXE,EQ,INE800H01010,OMAXE LIMITED,70.0,70.35,68.02,68.46,70.04,-2.26,70441,4822390.8
2025-12-04,OMINFRAL,EQ,INE239D01028,OM INFRA LIMITED,105.11,108.0,104.88,107.17,105.92,1.18,43997,4715158.41
2025-12-04,ONEPOINT,EQ,INE840Y01029,ONE POINT ONE SOL LTD,54.24,54.8,53.01,54.26,54.24,0.04,1208904,65595129.01
2025-12-04,ONESOURCE,EQ,INE013P01021,ONESOURCE SPECL PHARMA L,1641.0,1678.5,1627.9,1667.8,1648.4,1.18,100642,167850732.51
2025-12-04,ONGC,EQ,INE213A01029,OIL AND NATURAL GAS CORP.,240.5,242.7,239.69,242.23,240.02,0.92,10825420,2622241440.35
2025-12-04,ONIDA,EQ,INE831A01028,ONIDA ELECTRONICS LIMITED,23.7,24.62,23.02,24.0,23.53,2.0,311549,7477176.0
2025-12-04,ONWARDTEC,EQ,INE229A01017,ONWARD TECHNOLOGIES LTD,282.0,295.05,282.0,288.4,285.35,1.07,21221,6120136.27
2025-12-04,OPTIEMUS,EQ,INE350C01017,OPTIEMUS INFRACOM LTD,549.95,555.0,542.0,551.65,546.5,0.94,39039,21535865.3
2025-12-04,ORCHASP,EQ,INE215B01022,ORCHASP LIMITED,2.76,2.87,2.76,2.83,2.82,0.35,128126,362596.57
2025-12-04,ORCHPHARMA,EQ,INE191A01027,ORCHID PHARMA LIMITED,856.9,870.0,837.55,865.15,852.65,1.47,95316,82462639.73
2025-12-04,ORICONENT,EQ,INE730A01022,ORICON ENTERPRISES LTD,58.54,60.3,58.11,58.62,58.55,0.12,14725,863179.48
2025-12-04,ORIENTALTL,EQ,INE998H01012,ORIENTAL TRIMEX LTD,8.46,8.52,8.0,8.21,8.42,-2.49,229416,1883505.37
2025-12-04,ORIENTBELL,EQ,INE607D01018,ORIENT BELL LIMITED,276.3,285.0,275.3,279.75,278.75,0.36,4503,1259714.25
2025-12-04,ORIENTCEM,EQ,INE876N01018,ORIENT CEMENT LTD.,164.0,166.08,161.61,162.54,164.11,-0.96,327664,53258504.36
2025-12-04,ORIENTCER,EQ,INE569C01020,ORIENT CERATECH LIMITED,46.0,47.64,45.45,45.73,45.95,-0.48,140160,6409516.74
2025-12-04,ORIENTELEC,EQ,INE142Z01019,ORIENT ELECTRIC LIMITED,184.91,185.51,181.91,182.99,184.96,-1.07,223941,40978964.82
2025-12-04,ORIENTHOT,EQ,INE750A01020,ORIENT HOTELS LTD,111.29,114.97,111.02,112.76,111.43,1.19,140919,15890026.74
2025-12-04,ORIENTPPR,EQ,INE592A01026,ORIENT PAPER AND INDS LTD,23.02,23.59,23.02,23.47,23.13,1.47,222719,5227214.78
2025-12-04,ORIENTTECH,EQ,INE0PPK01015,ORIENT TECHNOLOGIES LTD,312.73,328.64,312.73,317.82,316.64,0.37,388185,123372248.76
2025-12-04,ORISSAMINE,EQ,INE725E01024,ORISSA MIN DEV CO LTD,4819.1,4899.8,4814.0,4837.2,4849.1,-0.25,3715,17970198.73
2025-12-04,ORKLAINDIA,EQ,INE16NZ01023,ORKLA INDIA LIMITED,615.0,625.0,603.05,618.8,610.85,1.3,324321,200689830.84
2025-12-04,ORTINGLOBE,EQ,INE749B01020,ORTIN GLOBAL LIMITED,14.49,14.49,14.49,14.49,13.8,5.0,24874,360424.25
2025-12-04,OSWALAGRO,EQ,INE142A01012,OSWAL AGRO MILLS LTD,58.33,60.9,58.33,59.29,59.9,-1.02,28703,1701800.9
2025-12-04,OSWALGREEN,EQ,INE143A01010,OSWAL GREENTECH LIMITED,34.99,34.99,33.16,33.55,34.51,-2.78,182852,6134684.46
2025-12-04,OSWALPUMPS,EQ,INE0BYP01024,OSWAL PUMPS LIMITED,524.5,529.6,506.3,508.85,527.5,-3.54,367037,186766779.69
2025-12-04,OSWALSEEDS,EQ,INE00IK01029,SHREEOSWAL S AND CHE LTD,13.85,14.01,13.35,13.45,13.96,-3.65,25009,336371.05
2025-12-04,PACEDIGITK,EQ,INE0S3G01027,PACE DIGITEK LIMITED,216.0,218.0,210.16,211.55,212.09,-0.25,1761014,372542517.07
2025-12-04,PAGEIND,EQ,INE761H01022,PAGE INDUSTRIES LTD,37320.0,37750.0,37165.0,37505.0,37240.0,0.71,24162,906195810.0
2025-12-04,PAISALO,EQ,INE420C01059,PAISALO DIGITAL LIMITED,37.0,37.15,36.0,36.8,37.18,-1.02,4990899,183665079.39
2025-12-04,PAKKA,EQ,INE551D01018,PAKKA LIMITED,113.0,113.0,110.4,110.69,111.96,-1.13,40596,4493571.34
2025-12-04,PALASHSECU,EQ,INE471W01019,PALASH SECURITIES LTD,113.39,114.95,110.21,111.68,110.99,0.62,822,91800.96
2025-12-04,PALREDTEC,EQ,INE218G01033,PALRED TECHNOLOGIES LTD,41.01,42.69,40.1,41.25,41.23,0.05,4862,200557.5
2025-12-04,PANACEABIO,EQ,INE922B01023,PANACEA BIOTEC LTD,350.35,351.7,343.0,347.2,350.35,-0.9,74720,25942784.91
2025-12-04,PANAMAPET,EQ,INE305C01029,PANAMA PETROCHEM LTD,292.8,293.4,288.25,290.6,292.95,-0.8,21487,6244122.33
2025-12-04,PANSARI,EQ,INE697V01011,PANSARI DEVELOPERS LTD,309.0,312.95,299.2,301.5,312.95,-3.66,254,76581.0
2025-12-04,PARACABLES,EQ,INE074B01023,PARAMOUNT COMM LTD,38.5,38.8,37.02,37.48,38.13,-1.7,406570,15238243.41
2025-12-04,PARADEEP,EQ,INE088F01024,PARADEEP PHOSPHATES LTD,155.4,157.83,154.64,156.91,156.23,0.44,2905562,455911744.06
2025-12-04,PARAGMILK,EQ,INE883N01014,PARAG MILK FOODS LTD.,322.8,322.8,310.1,311.3,321.75,-3.25,644736,200706308.93
2025-12-04,PARAS,EQ,INE045601023,PARAS DEF AND SPCE TECH L,695.0,707.7,694.05,703.9,698.1,0.83,353851,249075727.54
2025-12-04,PARASPETRO,EQ,INE162C01024,PARAS PETROFILS LTD.,1.99,2.05,1.97,1.97,1.99,-1.01,128712,253562.64
2025-12-04,PARKHOTELS,EQ,INE988S01028,PARKHOTELS,133.5,135.5,131.69,134.77,133.1,1.25,254937,34357860.58
2025-12-04,PASHUPATI,EQ,INE124Y01028,PASHUPATI COTSPIN LIMITED,82.5,82.5,80.0,80.74,81.66,-1.13,13520,1091604.77
2025-12-04,PASUPTAC,EQ,INE818B01023,PASUPATI ACRYLON LIMITED,56.66,57.74,55.21,56.05,56.95,-1.58,202057,11325294.7
2025-12-04,PATANJALI,EQ,INE619A01035,PATANJALI FOODS LIMITED,552.0,558.35,521.0,528.75,555.15,-4.76,1644469,869512983.75
2025-12-04,PATELENG,EQ,INE244B01030,PATEL ENGINEERING LTD.,33.5,33.5,31.76,33.0,33.81,-2.39,13604465,448947345.0
2025-12-04,PATELRMART,EQ,INE0R8B01010,PATEL RETAIL LIMITED,228.0,234.2,224.05,226.0,224.3,0.76,337609,76299634.0
2025-12-04,PAUSHAKLTD,EQ,INE111F01024,PAUSHAK LIMITED,578.65,584.9,569.1,571.6,573.15,-0.27,9392,5368466.97
2025-12-04,PAVNAIND,EQ,INE07S101038,PAVNA INDUSTRIES LIMITED,28.7,29.17,28.05,28.45,28.89,-1.52,45764,1301985.83
2025-12-04,PAYTM,EQ,INE982J01020,ONE 97 COMMUNICATIONS LTD,1338.9,1348.0,1320.0,1328.6,1338.9,-0.77,1454122,1931946453.7
2025-12-04,PCBL,EQ,INE602A01031,PCBL CHEMICAL LIMITED,320.9,320.9,314.0,315.65,320.7,-1.57,346027,109223420.44
2025-12-04,PCJEWELLER,EQ,INE785M01021,PC JEWELLER LTD,10.4,11.38,10.3,11.07,10.32,7.27,224491032,2485115655.73
2025-12-04,PDMJEPAPER,EQ,INE865T01018,PUDUMJEE PAPER PRO. LTD,101.5,101.5,97.02,98.6,99.76,-1.16,44485,4386220.93
2025-12-04,PDSL,EQ,INE111Q01021,PDS LIMITED,346.55,355.0,346.55,353.15,350.55,0.74,52318,18476101.38
2025-12-04,PEARLPOLY,EQ,INE844A01013,PEARL POLYMERS LTD,24.39,24.48,22.91,23.02,23.76,-3.11,31912,734614.25
2025-12-04,PENIND,EQ,INE932A01024,PENNAR INDUSTRIES LTD,213.95,216.0,210.88,212.58,214.36,-0.83,1413841,300554322.37
2025-12-04,PENINLAND,EQ,INE138A01028,PENINSULA LAND LIMITED,27.88,29.99,27.15,27.72,27.56,0.58,1049745,29098930.68
2025-12-04,PERSISTENT,EQ,INE262H01021,PERSISTENT SYSTEMS LTD,6380.0,6528.5,6334.0,6452.0,6331.0,1.91,668828,4315278256.0
2025-12-04,PETRONET,EQ,INE347G01014,PETRONET LNG LIMITED,271.45,281.4,271.1,280.95,268.75,4.54,12174889,3420535213.17
2025-12-04,PFC,EQ,INE134E01011,POWER FIN CORP LTD.,352.15,354.65,350.6,352.05,351.95,0.03,3426935,1206452424.92
2025-12-04,PFIZER,EQ,INE182A01018,PFIZER LTD,4972.5,5030.0,4959.1,5001.0,4972.5,0.57,28762,143838762.0
2025-12-04,PFOCUS,EQ,INE367G01038,PRIME FOCUS LIMITED,175.86,181.99,175.21,178.0,176.18,1.03,3256702,579692956.0
2025-12-04,PFS,EQ,INE560K01014,PTC INDIA FIN SERV LTD,33.6,33.75,32.91,33.03,33.0,0.09,329448,10881667.04
2025-12-04,PGEL,EQ,INE457L01029,PG ELECTROPLAST LTD,572.1,589.85,569.15,579.05,572.1,1.21,2158733,1250014317.3
2025-12-04,PGHH,EQ,INE179A01014,P&G HYGIENE & HEALTH CARE,12676.0,12800.0,12612.0,12671.0,12639.0,0.25,5373,68081283.0
2025-12-04,PGHL,EQ,INE199A01012,PROCTER & GAMBLE HEALTH L,5820.0,5870.0,5774.0,5854.0,5833.0,0.36,3672,21495888.0
2025-12-04,PGIL,EQ,INE940H01022,PEARL GLOBAL IND LIMITED,821.0,835.0,810.0,818.55,828.8,-1.24,126088,103209330.86
2025-12-04,PHARMABEES,EQ,INF204KC1089,NIPPONAMC - NETFPHARMA,23.26,23.61,23.26,23.49,23.45,0.17,4336981,101875682.7
2025-12-04,PHOENIXLTD,EQ,INE211B01039,THE PHOENIX MILLS LTD,1730.0,1739.0,1715.6,1734.1,1721.2,0.75,228660,396519300.42
2025-12-04,PICCADIL,EQ,INE546C01010,PICCADILY AGRO INDUSTRI L,581.8,591.5,571.65,589.75,581.8,1.37,52190,30779052.5
2025-12-04,PIDILITIND,EQ,INE318A01026,PIDILITE INDUSTRIES LTD,1478.0,1487.0,1475.6,1484.7,1478.6,0.41,308126,457474657.15
2025-12-04,PIGL,EQ,INE557Z01018,POWER INSTRUMENT (G) LTD,148.6,148.6,145.0,145.22,147.18,-1.33,15618,2268045.98
2025-12-04,PIIND,EQ,INE603J01030,PI INDUSTRIES LTD,3370.0,3416.9,3370.0,3409.7,3374.6,1.04,120547,411029100.01
2025-12-04,PILANIINVS,EQ,INE417C01014,PILANI INV & IND COR LTD,5181.0,5205.0,5121.5,5158.5,5185.0,-0.51,1339,6907231.5
2025-12-04,PILITA,EQ,INE600A01035,PIL ITALICA LIFESTYLE LTD,11.08,11.79,10.85,11.05,11.3,-2.21,335079,3702623.01
2025-12-04,PINELABS,EQ,INE15B701018,PINE LABS LIMITED,249.99,254.06,235.25,242.53,247.56,-2.03,9573467,2321852939.82
2025-12-04,PIONEEREMB,EQ,INE156C01018,PIONEER EMBROIDERIES LTD,31.98,33.25,31.49,32.49,31.68,2.56,19626,637648.77
2025-12-04,PIRAMALFIN,EQ,INE202B01038,PIRAMAL FINANCE LIMITED,1493.0,1522.3,1475.0,1500.8,1512.9,-0.8,145729,218710090.32
2025-12-04,PITTIENG,EQ,INE450D01021,PITTI ENGINEERING LIMITED,819.8,829.35,801.0,805.25,819.8,-1.77,29081,23417475.25
2025-12-04,PIXTRANS,EQ,INE751B01018,PIX TRANSMISSIONS LIMITED,1457.0,1463.6,1441.0,1456.2,1455.7,0.03,9446,13755264.74
2025-12-04,PLASTIBLEN,EQ,INE083C01022,PLASTIBLENDS INDIA LTD,163.5,166.5,163.0,164.69,164.61,0.05,3288,541500.73
2025-12-04,PLATIND,EQ,INE0PT501018,PLATINUM INDUSTRIES LTD,258.5,262.4,255.1,257.0,260.5,-1.34,76710,19714470.0
2025-12-04,PLAZACABLE,EQ,INE0INJ01017,PLAZA WIRES LIMITED,40.6,42.09,40.01,41.07,40.02,2.62,70301,2887262.05
2025-12-04,PNB,EQ,INE160A01022,PUNJAB NATIONAL BANK,119.8,120.78,118.79,119.53,119.8,-0.23,14258192,1704281672.35
2025-12-04,PNBGILTS,EQ,INE859A01011,PNB GILTS LIMITED,83.1,87.1,82.99,85.5,83.14,2.84,373913,31969561.5
2025-12-04,PNBHOUSING,EQ,INE572E01012,PNB HOUSING FIN LTD.,880.0,893.8,878.45,882.25,878.05,0.48,405898,358103510.5
2025-12-04,PNC,EQ,INE392B01011,PNC MEDIA AND ENT LTD,26.63,26.64,25.3,25.81,26.51,-2.64,4344,112118.64
2025-12-04,PNCINFRA,EQ,INE195J01029,PNC INFRATECH LTD.,242.0,245.74,241.58,244.12,241.79,0.96,229511,56028224.2
2025-12-04,PNGJL,EQ,INE953R01016,P N GADGIL JEWELLERS LTD,619.95,622.8,615.0,620.75,623.05,-0.37,54536,33853222.0
2025-12-04,POCL,EQ,INE063E01061,PONDY OXIDES & CHEM LTD,500.0,513.48,496.36,511.68,498.48,2.65,407110,208310041.82
2025-12-04,PODDARMENT,EQ,INE371C01013,PODDAR PIGMENTS LIMITED,257.2,261.15,254.4,255.45,255.9,-0.18,1378,352010.1
2025-12-04,POKARNA,EQ,INE637C01025,POKARNA LIMITED,879.9,887.7,858.1,861.3,870.15,-1.02,67052,57751886.78
2025-12-04,POLICYBZR,EQ,INE417T01026,PB FINTECH LIMITED,1840.0,1889.0,1840.0,1854.3,1839.1,0.83,1751302,3247439384.11
2025-12-04,POLYCAB,EQ,INE455K01017,POLYCAB INDIA LIMITED,7250.0,7382.5,7233.0,7348.5,7227.0,1.68,179869,1321767346.5
2025-12-04,POLYMED,EQ,INE205C01021,POLY MEDICURE LIMITED,1919.9,1926.0,1899.1,1910.8,1916.9,-0.32,56275,107530272.75
2025-12-04,POLYPLEX,EQ,INE633B01018,POLYPLEX CORPORATION LTD,825.0,830.55,819.6,821.65,826.5,-0.59,36297,29823430.94
2025-12-04,PONNIERODE,EQ,INE838E01017,PONNIE SUGARS (ERODE) LTD,285.5,285.5,276.2,277.15,284.0,-2.41,9132,2530933.74
2025-12-04,POONAWALLA,EQ,INE511C01022,POONAWALLA FINCORP LTD,461.25,469.0,458.7,463.95,462.5,0.31,590000,273730507.2
2025-12-04,POWERGRID,EQ,INE752E01010,POWER GRID CORP. LTD.,266.55,270.2,265.6,269.1,268.45,0.24,5103204,1373272227.55
2025-12-04,POWERINDIA,EQ,INE07Y701011,HITACHI ENERGY INDIA LTD,21805.0,21805.0,20000.0,20085.0,21850.0,-8.08,352238,7074700230.0
2025-12-04,POWERMECH,EQ,INE211R01019,POWER MECH PROJECTS LTD.,2305.3,2310.4,2244.0,2254.4,2301.3,-2.04,36519,82328430.03
2025-12-04,PPLPHARMA,EQ,INE0DK501011,PIRAMAL PHARMA LIMITED,182.48,182.5,179.6,180.85,182.05,-0.66,4307960,779094592.29
2025-12-04,PRABHA,EQ,INE0I0M01023,PRABHA ENERGY LIMITED,191.5,194.72,187.0,191.11,188.68,1.29,44382,8481844.05
2025-12-04,PRAENG,EQ,INE505C01016,PRAJAY ENG. SYN. LTD.,30.2,31.49,29.5,29.74,30.2,-1.52,20626,613417.24
2025-12-04,PRAJIND,EQ,INE074A01025,PRAJ INDUSTRIES LTD,313.7,318.2,310.35,314.85,313.7,0.37,504885,158963045.33
2025-12-04,PRAKASH,EQ,INE603A01013,PRAKASH INDUSTRIES LTD,134.5,134.99,131.1,132.13,134.35,-1.65,331331,43778766.65
2025-12-04,PRAKASHSTL,EQ,INE696K01024,PRAKASH STEELAGE LTD,4.19,4.29,4.13,4.16,4.19,-0.72,157299,654363.82
2025-12-04,PRAXIS,EQ,INE546Y01022,PRAXIS HOME RETAIL LTD,9.5,9.66,9.4,9.63,9.5,1.37,41242,397160.46
2025-12-04,PRECAM,EQ,INE484I01029,PRECISION CAMSHAFTS LTD.,171.0,173.98,167.62,168.72,170.81,-1.22,116559,19665834.62
2025-12-04,PRECOT,EQ,INE283A01014,PRECOT LIMITED,412.6,413.9,400.8,403.2,408.5,-1.3,694,279820.81
2025-12-04,PRECWIRE,EQ,INE372C01037,PRECISION WIRES INDIA LTD,242.6,244.8,233.1,234.95,242.6,-3.15,433323,101809237.53
2025-12-04,PREMEXPLN,EQ,INE863B01029,PREMIER EXPLOSIVES LTD,537.9,539.05,531.7,534.95,537.15,-0.41,157454,84230019.22
2025-12-04,PREMIERENE,EQ,INE0BS701011,PREMIER ENERGIES LIMITED,971.1,971.1,935.0,941.95,971.1,-3.0,772498,727654500.53
2025-12-04,PREMIERPOL,EQ,INE309M01020,PREMIER POLYFILM LTD,45.01,45.97,44.5,44.66,45.4,-1.63,22063,985333.58
2025-12-04,PRESTIGE,EQ,INE811K01011,PRESTIGE ESTATE LTD,1642.0,1667.1,1629.3,1659.2,1642.2,1.04,188376,312553450.0
2025-12-04,PRICOLLTD,EQ,INE726V01018,PRICOL LIMITED,625.0,639.05,607.25,619.2,623.8,-0.74,515506,319201321.49
2025-12-04,PRIMESECU,EQ,INE032B01021,PRIME SECURITIES LIMITED,285.5,318.7,277.8,287.15,283.7,1.22,435402,125025681.64
2025-12-04,PRIMO,EQ,INE607A01022,PRIMO CHEMICALS LIMITED,24.05,24.69,23.57,23.93,24.05,-0.5,62408,1493423.46
2025-12-04,PRINCEPIPE,EQ,INE689W01016,PRINCE PIPES FITTINGS LTD,268.65,271.0,258.0,258.85,268.65,-3.65,243224,62958533.88
2025-12-04,PRITI,EQ,INE974Z01015,PRITI INTERNATIONAL LTD,61.0,62.97,60.0,62.18,61.01,1.92,28957,1800546.27
2025-12-04,PRIVISCL,EQ,INE959A01019,PRIVI SPECIALITY CHE LTD,3265.0,3287.0,3158.1,3210.4,3256.1,-1.4,48935,157100919.22
2025-12-04,PROSTARM,EQ,INE0BX301013,PROSTARM INFO SYSTEMS LTD,186.0,187.8,179.11,180.98,187.02,-3.23,1817468,328925350.87
2025-12-04,PROTEAN,EQ,INE004A01022,PROTEAN EGOV TECHNO LTD,815.85,819.95,793.5,796.2,817.9,-2.65,118739,94539993.25
2025-12-04,PROZONER,EQ,INE195N01013,PROZONE REALTY LIMITED,50.42,51.42,50.41,50.42,51.42,-1.94,85143,4292909.9
2025-12-04,PRSMJOHNSN,EQ,INE010A01011,PRISM JOHNSON LIMITED,135.65,136.6,132.8,133.62,135.83,-1.63,69396,9272693.18
2025-12-04,PRUDENT,EQ,INE00F201020,PRUDENT CORP ADV SER LTD,2466.0,2613.0,2464.1,2578.6,2478.6,4.03,62892,162173317.34
2025-12-04,PSB,EQ,INE608A01012,PUNJAB & SIND BANK,28.51,28.84,28.23,28.31,28.46,-0.53,1510127,42751694.56
2025-12-04,PSPPROJECT,EQ,INE488V01015,PSP PROJECTS LIMITED,912.0,913.7,873.05,878.25,912.0,-3.7,82165,72161411.25
2025-12-04,PSUBANK,EQ,INF174KA1A86,KOTAK PSU BANK,827.87,827.87,822.0,826.22,823.76,0.3,90325,74628318.85
2025-12-04,PSUBANKADD,EQ,INF740KA1SY9,DSPAMC - DSPPSBKETF,84.8,84.8,82.8,83.16,82.9,0.31,66363,5518747.32
2025-12-04,PSUBNKBEES,EQ,INF204KB16I7,NIP IND ETF PSU BANK BEES,92.85,92.85,91.52,92.03,92.08,-0.05,2796169,257331429.66
2025-12-04,PSUBNKIETF,EQ,INF109KC10S8,ICICIPRAMC - PSUBANKICI,83.58,84.1,83.13,83.61,83.59,0.02,148488,12415081.77
2025-12-04,PTC,EQ,INE877F01012,PTC INDIA LIMITED,156.5,157.6,155.2,157.13,156.57,0.36,565021,88781752.49
2025-12-04,PTCIL,EQ,INE596F01018,PTC INDUSTRIES LIMITED,18385.0,18888.0,18170.0,18260.0,18376.0,-0.63,33502,611746520.0
2025-12-04,PTL,EQ,INE034D01049,PTL ENTERPRISES LTD,39.51,40.02,39.51,39.92,39.86,0.15,54590,2179232.7
2025-12-04,PUNJABCHEM,EQ,INE277B01014,PUNJAB CHEM & CROP PROT L,1361.0,1361.6,1341.2,1344.1,1360.2,-1.18,2048,2752716.75
2025-12-04,PURVA,EQ,INE323I01011,PURAVANKARA LIMITED,240.8,246.34,237.0,238.74,239.77,-0.43,58051,13859096.06
2025-12-04,PVP,EQ,INE362A01016,PVP VENTURES LIMITED,34.18,34.18,34.18,34.18,34.88,-2.01,76789,2624648.04
2025-12-04,PVRINOX,EQ,INE191H01014,PVR INOX LIMITED,1130.0,1131.0,1085.1,1097.4,1129.7,-2.86,251405,275891853.14
2025-12-04,PVSL,EQ,INE772T01024,POPULAR VEHICLES N SER L,127.92,132.39,127.15,128.62,128.92,-0.23,41081,5283838.02
2025-12-04,PVTBANIETF,EQ,INF109KC18U7,ICICIPRAMC - ICICIBANKP,29.04,29.07,28.82,28.93,28.98,-0.17,518564,15002056.68
2025-12-04,PVTBANKADD,EQ,INF740KA1TA7,DSPAMC - DSPPVBKETF,29.13,29.21,28.96,29.04,29.0,0.14,10184,295743.37
2025-12-04,PWL,EQ,INE0LP301011,PHYSICSWALLAH LIMITED,136.29,138.88,133.91,135.86,134.94,0.68,20817682,2828290289.23
2025-12-04,PYRAMID,EQ,INE0MIS01010,PYRAMID TECHNOPLAST LTD,163.33,163.33,159.07,162.19,162.05,0.09,17258,2799075.06
2025-12-04,QGOLDHALF,EQ,INF082J01408,QUANTUM GOLD ETF,105.12,107.52,105.12,105.89,106.32,-0.4,92225,9765705.19
2025-12-04,QNIFTY,EQ,INF082J01499,QUANTUM NIFTY 50 ETF,2832.0,2850.99,2828.0,2845.15,2837.87,0.26,1473,4190905.81
2025-12-04,QPOWER,EQ,INE0SII01026,QUALITY POWER ELEC EQUP L,731.05,754.0,720.05,726.2,735.45,-1.26,266766,193725472.46
2025-12-04,QUADFUTURE,EQ,INE0LRY01011,QUADRANT FUTURE TEK LTD,286.1,291.9,282.3,290.35,286.1,1.49,156296,45380544.55
2025-12-04,QUAL30IETF,EQ,INF109KC18V5,ICICIPRAMC - ICICIQTY30,21.95,22.11,21.82,22.04,21.85,0.87,64698,1425943.98
2025-12-04,QUESS,EQ,INE615P01015,QUESS CORP LIMITED,207.0,209.96,204.05,204.59,207.43,-1.37,296799,60722106.32
2025-12-04,QUICKHEAL,EQ,INE306L01010,QUICK HEAL TECH LTD,290.25,296.9,286.75,292.35,290.1,0.78,126454,36968827.67
2025-12-04,RACE,EQ,INE084Q01012,RACE ECO CHAIN LIMITED,153.0,159.73,148.06,149.67,153.5,-2.5,8542,1278481.12
2025-12-04,RACLGEAR,EQ,INE704B01017,RACL GEARTECH LIMITED,1040.0,1058.9,1024.5,1033.4,1043.3,-0.95,5403,5583460.33
2025-12-04,RADAAN,EQ,INE874F01027,RADAAN MEDIAWORKS (I) LTD,3.24,3.34,3.24,3.31,3.3,0.3,39543,130887.33
2025-12-04,RADIANTCMS,EQ,INE855R01021,RADIANT CASH MGMT SER LTD,52.55,54.1,52.55,52.89,53.11,-0.41,68265,3610535.81
2025-12-04,RADICO,EQ,INE944F01028,RADICO KHAITAN LTD,3260.7,3265.7,3207.3,3216.0,3260.7,-1.37,143040,460016640.0
2025-12-04,RADIOCITY,EQ,INE919I01024,MUSIC BROADCAST LIMITED,6.79,6.9,6.3,6.48,6.57,-1.37,120472,780658.56
2025-12-04,RAILTEL,EQ,INE0DD101019,RAILTEL CORP OF IND LTD,333.7,337.95,329.25,330.5,332.05,-0.47,552854,182718247.0
2025-12-04,RAIN,EQ,INE855B01025,RAIN INDUSTRIES LIMITED,106.7,108.3,105.04,105.55,106.9,-1.26,1295924,136784782.15
2025-12-04,RAINBOW,EQ,INE961O01016,RAINBOW CHILDRENS MED LTD,1348.3,1358.9,1343.5,1347.6,1348.1,-0.04,38979,52528099.45
2025-12-04,RAJMET,EQ,INE00KV01022,RAJNANDINI METAL LIMITED,4.04,4.26,4.02,4.05,4.04,0.25,228042,923570.14
2025-12-04,RAJRATAN,EQ,INE451D01029,RAJRATAN GLOBAL WIRE LTD,432.9,459.0,430.0,447.6,437.6,2.29,174394,78058755.46
2025-12-04,RAJSREESUG,EQ,INE562B01019,RAJSHREE SUGAR & CHEMICAL,35.5,35.92,34.5,34.63,35.5,-2.45,30503,1056318.92
2025-12-04,RAJTV,EQ,INE952H01027,RAJ TV NETWORK LTD,42.42,42.79,41.9,42.25,42.03,0.52,2775,117243.75
2025-12-04,RALLIS,EQ,INE613A01020,RALLIS INDIA LTD,260.15,260.15,254.3,255.6,261.75,-2.35,521574,133314317.58
2025-12-04,RAMANEWS,EQ,INE278B01020,SHREE RAMA NEWSPRINT LTD,30.92,30.92,29.95,29.99,30.09,-0.33,34798,1043592.01
2025-12-04,RAMAPHO,EQ,INE809A01032,RAMA PHOSPHATES LIMITED,163.6,173.0,163.0,167.65,162.79,2.99,128776,21589295.61
2025-12-04,RAMCOCEM,EQ,INE331A01037,THE RAMCO CEMENTS LIMITED,1017.0,1027.3,1010.0,1015.4,1027.5,-1.18,133997,136060557.07
2025-12-04,RAMCOIND,EQ,INE614A01028,RAMCO INDUSTRIES LIMITED,317.0,319.5,312.3,314.2,317.5,-1.04,66786,20984162.02
2025-12-04,RAMCOSYS,EQ,INE246B01019,RAMCO SYSTEMS LTD.,571.45,599.0,571.45,586.5,571.45,2.63,89225,52330462.5
2025-12-04,RAMKY,EQ,INE874I01013,RAMKY INFRA LTD,563.1,574.6,563.1,567.25,567.05,0.04,27662,15691269.5
2025-12-04,RAMRAT,EQ,INE207E01023,RAM RATNA WIRES LIMITED,308.95,308.95,302.62,305.5,304.75,0.25,25264,7718152.0
2025-12-04,RANASUG,EQ,INE625B01014,RANA SUGARS LTD.,13.11,13.55,13.11,13.21,13.28,-0.53,95983,1267935.43
2025-12-04,RANEHOLDIN,EQ,INE384A01010,RANE HOLDINGS LIMITED,1405.1,1431.0,1405.1,1417.8,1417.1,0.05,4628,6561578.63
2025-12-04,RATEGAIN,EQ,INE0CLI01024,RATEGAIN TRAVEL TECHN LTD,684.85,695.0,681.05,684.2,686.25,-0.3,192701,131846026.55
2025-12-04,RATNAMANI,EQ,INE703B01027,RATNAMANI MET & TUB LTD.,2355.0,2395.9,2352.0,2381.4,2372.5,0.38,9681,23054332.45
2025-12-04,RATNAVEER,EQ,INE05CZ01011,RATNAVEER PRECISION ENG L,154.26,165.0,151.8,160.17,153.04,4.66,3258636,521935722.15
2025-12-04,RAYMOND,EQ,INE301A01014,RAYMOND LTD,468.0,472.0,463.0,466.45,468.0,-0.33,143173,66783047.6
2025-12-04,RAYMONDLSL,EQ,INE02ID01020,RAYMOND LIFESTYLE LIMITED,1073.9,1074.2,1058.0,1066.7,1068.0,-0.12,45121,48130568.5
2025-12-04,RAYMONDREL,EQ,INE1SY401010,RAYMOND REALTY LIMITED,500.0,507.3,492.45,499.3,496.15,0.63,141289,70545595.98
2025-12-04,RBA,EQ,INE07T201019,RESTAURANT BRAND ASIA LTD,61.18,63.8,60.6,62.54,61.18,2.22,2482301,155243106.81
2025-12-04,RBLBANK,EQ,INE976G01028,RBL BANK LIMITED,304.05,304.3,296.2,298.45,304.3,-1.92,4816287,1437420913.94
2025-12-04,RCF,EQ,INE027A01015,RASHTRIYA CHEMICALS & FER,135.21,136.54,134.6,135.49,135.83,-0.25,637033,86311604.67
2025-12-04,RECLTD,EQ,INE020B01018,REC LIMITED,350.3,354.6,350.1,352.75,350.3,0.7,8305258,2929679759.5
2025-12-04,REDINGTON,EQ,INE891D01026,REDINGTON LIMITED,276.4,280.35,275.25,278.6,275.4,1.16,1456989,405917144.29
2025-12-04,REDTAPE,EQ,INE0LXT01019,REDTAPE LIMITED,129.24,129.24,127.25,127.66,129.24,-1.22,101896,13008043.73
2025-12-04,REFEX,EQ,INE056I01025,REFEX INDUSTRIES LIMITED,334.15,341.7,327.5,336.1,334.15,0.58,435251,146287863.76
2025-12-04,REGAAL,EQ,INE0MHO01029,REGAAL RESOURCES LIMITED,71.99,73.36,70.5,72.57,71.01,2.2,451336,32753453.38
2025-12-04,REGENCERAM,EQ,INE277C01012,REGENCY CERAMICS LTD.,42.51,45.95,42.51,44.39,43.27,2.59,2722,120829.58
2025-12-04,RELAXO,EQ,INE131B01039,RELAXO FOOT LTD.,408.0,410.1,404.0,408.2,406.15,0.5,55522,22664081.08
2025-12-04,RELCHEMQ,EQ,INE750D01016,RELIANCE CHEMOTEX IND LTD,148.9,149.38,143.37,146.71,148.9,-1.47,2334,342421.16
2025-12-04,RELIABLE,EQ,INE375Y01018,RELIABLE DATA SERVICE LTD,158.8,158.8,148.85,154.07,154.33,-0.17,23428,3609552.13
2025-12-04,RELIANCE,EQ,INE002A01018,RELIANCE INDUSTRIES LTD,1536.0,1560.5,1517.6,1535.6,1538.8,-0.21,11867930,18224393018.26
2025-12-04,RELIGARE,EQ,INE621H01010,RELIGARE ENTER. LTD.,235.41,239.0,235.01,235.89,235.94,-0.02,305583,72083973.68
2025-12-04,RELTD,EQ,INE206N01018,RAVINDRA ENERGY LIMITED,151.0,155.0,150.0,150.17,152.52,-1.54,97856,14695035.34
2025-12-04,REMSONSIND,EQ,INE474C01023,REMSONS INDUSTRIES LTD,120.2,120.2,115.0,118.1,119.32,-1.02,156085,18433638.26
2025-12-04,RENUKA,EQ,INE087H01022,SHREE RENUKA SUGARS LTD,26.7,27.06,26.55,26.77,26.7,0.26,1596333,42733835.14
2025-12-04,REPCOHOME,EQ,INE612J01015,REPCO HOME FINANCE LTD,401.9,408.9,398.5,405.35,400.15,1.3,71268,28888484.23
2025-12-04,REPRO,EQ,INE461B01014,REPRO INDIA LIMITED,477.75,477.75,458.0,460.95,479.8,-3.93,10189,4696619.67
2025-12-04,RESPONIND,EQ,INE688D01026,RESPONSIVE INDUSTRIES LTD,214.0,216.99,212.2,213.25,217.45,-1.93,29830,6361247.5
2025-12-04,RETAIL,EQ,INE03DD01011,JHS SVENDGAARD RETAIL V L,29.01,29.01,26.85,27.89,29.47,-5.36,17330,483333.69
2025-12-04,RGL,EQ,INE722H01024,RENAISSANCE GLOBAL LTD,121.2,127.47,120.0,126.59,122.26,3.54,1997962,252922002.26
2025-12-04,RHETAN,EQ,INE0KKN01029,RHETAN TMT LIMITED,23.39,24.3,23.39,24.19,23.39,3.42,4487197,108545297.83
2025-12-04,RHIM,EQ,INE743M01012,RHI MAGNESITA INDIA LTD,458.8,459.35,450.75,452.6,458.15,-1.21,56221,25445624.94
2025-12-04,RHL,EQ,INE508K01013,ROBUST HOTELS LIMITED,216.0,216.0,208.55,211.89,218.73,-3.13,27473,5821253.95
2025-12-04,RICOAUTO,EQ,INE209B01025,RICO AUTO INDUSTRIES LTD,121.4,121.8,114.0,115.31,121.4,-5.02,7157318,825310321.11
2025-12-04,RIIL,EQ,INE046A01015,RELIANCE INDUSTRIAL INFRA,855.45,857.4,846.3,848.55,855.45,-0.81,29099,24691956.09
2025-12-04,RISHABH,EQ,INE0N2P01017,RISHABH INSTRUMENTS LTD,415.0,426.95,410.55,418.65,419.55,-0.21,47241,19777444.36
2025-12-04,RITCO,EQ,INE01EG01016,RITCO LOGISTICS LIMITED,266.0,278.95,266.0,274.2,265.7,3.2,149088,40879931.42
2025-12-04,RITES,EQ,INE320J01015,RITES LIMITED,230.6,231.88,229.0,229.26,231.63,-1.02,225016,51587166.92
2025-12-04,RKDL,EQ,INE722J01012,RAVI KUMAR DIST. LTD.,25.15,25.98,25.15,25.54,25.32,0.87,4356,111252.24
2025-12-04,RKEC,EQ,INE786W01010,RKEC PROJECTS LIMITED,53.2,54.1,52.25,52.73,53.2,-0.88,46257,2439131.59
2025-12-04,RKFORGE,EQ,INE399G01023,RAMKRISHNA FORGINGS LTD,532.65,536.0,529.3,531.4,534.35,-0.55,130363,69274901.38
2025-12-04,RKSWAMY,EQ,INE0NQ801033,R K SWAMY LIMITED,113.15,126.0,113.15,117.81,113.15,4.12,182845,21540969.0
2025-12-04,RML,EQ,INE050H01012,RANE (MADRAS) LIMITED,764.05,776.5,751.7,756.2,763.3,-0.93,6978,5276763.69
2025-12-04,ROHLTD,EQ,INE283H01019,ROYAL ORCHID HOTELS LTD,415.95,415.95,410.25,412.8,415.2,-0.58,18003,7431638.18
2025-12-04,ROLEXRINGS,EQ,INE645S01024,ROLEX RINGS LIMITED,101.98,107.83,101.7,105.96,101.98,3.9,1944704,206060834.06
2025-12-04,ROML,EQ,INE294G01026,RAJ OIL MILLS LIMITED,50.66,51.4,50.24,50.33,50.64,-0.61,6928,348686.25
2025-12-04,ROSSARI,EQ,INE02A801020,ROSSARI BIOTECH LIMITED,600.3,616.1,598.5,601.95,605.8,-0.64,64387,38757755.44
2025-12-04,ROSSELLIND,EQ,INE847C01020,ROSSELL INDIA LIMITED,54.51,57.26,54.51,56.4,55.31,1.97,11504,648825.62
2025-12-04,ROSSTECH,EQ,INE0OJW01016,ROSSELL TECHSYS LIMITED,770.3,775.0,730.05,737.85,764.2,-3.45,159513,117696663.16
2025-12-04,ROTO,EQ,INE535D01037,ROTO PUMPS LIMITED,60.3,63.5,60.0,62.29,60.8,2.45,207771,12942055.78
2025-12-04,ROUTE,EQ,INE450U01017,ROUTE MOBILE LIMITED,710.8,722.45,705.5,718.0,704.3,1.95,1336184,959380112.0
2025-12-04,RPEL,EQ,INE912T01018,RAGHAV PRODUCTIVITY ENH L,1032.2,1058.7,971.0,992.0,1053.8,-5.86,88424,87716608.0
2025-12-04,RPGLIFE,EQ,INE105J01010,RPG LIFE SCIENCES LTD,2195.0,2243.9,2195.0,2208.3,2210.6,-0.1,3251,7179183.46
2025-12-04,RPOWER,EQ,INE614G01033,RELIANCE POWER LTD.,38.8,38.9,37.93,38.18,38.41,-0.6,19759320,754410843.63
2025-12-04,RPPINFRA,EQ,INE324L01013,R.P.P INFRA PROJECTS LTD,110.0,110.35,107.36,108.28,110.13,-1.68,42089,4557396.87
2025-12-04,RPSGVENT,EQ,INE425Y01011,RPSG VENTURES LIMITED,785.15,793.6,775.25,785.9,793.6,-0.97,17455,13717884.93
2025-12-04,RPTECH,EQ,INE0J1F01024,RASHI PERIPHERALS LIMITED,331.0,332.3,327.3,329.05,329.1,-0.02,58669,19305033.73
2025-12-04,RRKABEL,EQ,INE777K01022,R R KABEL LIMITED,1394.6,1400.0,1385.9,1395.1,1391.9,0.23,79157,110431928.77
2025-12-04,RSSOFTWARE,EQ,INE165B01029,R. S. SOFTWARE (INDIA) LI,50.41,51.7,49.82,51.07,50.16,1.81,18914,965937.97
2025-12-04,RSYSTEMS,EQ,INE411H01032,R SYS INTERNATIONAL LTD,407.3,423.0,401.6,420.55,405.25,3.78,160430,67468834.54
2025-12-04,RTNINDIA,EQ,INE834M01019,RATTANINDIA ENT LIMITED,42.4,42.55,41.83,41.95,42.55,-1.41,800294,33572333.91
2025-12-04,RTNPOWER,EQ,INE399K01017,RATTANINDIA POWER LIMITED,9.74,9.89,9.64,9.79,9.73,0.62,11314171,110765733.66
2025-12-04,RUBFILA,EQ,INE642C01025,RUBFILA INTERNATIONAL LTD,75.5,75.5,74.12,74.47,74.04,0.58,8514,634037.59
2025-12-04,RUBICON,EQ,INE506V01022,RUBICON RESEARCH LIMITED,630.85,633.95,620.0,624.3,630.85,-1.04,144192,90019063.84
2025-12-04,RUBYMILLS,EQ,INE301D01026,THE RUBY MILLS LTD,215.01,219.86,213.0,218.38,216.08,1.06,11608,2534955.1
2025-12-04,RUCHINFRA,EQ,INE413B01023,RUCHI INFRASTRUCTURE LTD,6.65,7.0,6.45,6.91,6.63,4.22,104485,721991.33
2025-12-04,RUCHIRA,EQ,INE803H01014,RUCHIRA PAPERS LIMITED,121.9,121.9,120.1,120.72,121.09,-0.31,25161,3037435.95
2025-12-04,RUPA,EQ,INE895B01021,RUPA & COMPANY LTD,169.58,170.39,167.55,169.25,169.41,-0.09,99586,16854930.5
2025-12-04,RUSHIL,EQ,INE573K01025,RUSHIL DECOR LIMITED,22.8,23.18,22.66,22.84,23.0,-0.7,271602,6203389.72
2025-12-04,RUSTOMJEE,EQ,INE263M01029,KEYSTONE REALTORS LIMITED,535.0,541.5,531.3,535.55,537.5,-0.36,17311,9270905.84
2025-12-04,RVHL,EQ,INE09E501017,RAVINDER HEIGHTS LIMITED,54.51,56.28,53.0,55.25,54.51,1.36,22500,1243125.0
2025-12-04,RVNL,EQ,INE415G01027,RAIL VIKAS NIGAM LIMITED,313.25,316.4,310.7,312.4,311.65,0.24,4042661,1262927271.73
2025-12-04,RVTH,EQ,INE0DAB01012,REVATHI EQUIPMENT INDIA L,756.75,758.05,748.65,755.6,742.75,1.73,144,108806.4
2025-12-04,S&SPOWER,EQ,INE902B01017,S&S POWER SWITCHGEARS LTD,241.28,241.28,232.0,234.9,237.62,-1.14,929,218222.09
2025-12-04,SAATVIKGL,EQ,INE13B501022,SAATVIK GREEN ENERGY LTD,391.95,393.75,385.5,387.3,391.95,-1.19,171408,66386316.31
2025-12-04,SADBHAV,EQ,INE226H01026,SADBHAV ENGINEERING LTD,10.76,11.1,10.16,10.41,10.8,-3.61,664691,6919433.21
2025-12-04,SADBHIN,EQ,INE764L01010,SADBHAV INFRA PROJ LTD.,3.76,3.76,3.6,3.63,3.73,-2.68,123851,449579.14
2025-12-04,SAFARI,EQ,INE429E01023,SAFARI IND (INDIA) LTD,2417.3,2454.9,2374.2,2390.1,2440.3,-2.06,18958,45311517.65
2025-12-04,SAGARDEEP,EQ,INE976T01013,SAGARDEEP ALLOYS LIMITED,25.88,26.37,25.73,26.18,25.88,1.16,2879,75372.22
2025-12-04,SAGCEM,EQ,INE229C01021,SAGAR CEMENTS LIMITED,205.83,211.48,205.1,207.96,205.83,1.03,636839,132437042.72
2025-12-04,SAGILITY,EQ,INE0W2G01015,SAGILITY LIMITED,50.2,50.52,49.7,50.03,49.94,0.18,21112985,1056282613.78
2025-12-04,SAHYADRI,EQ,INE280H01015,SAHYADRI INDUSTRIES LTD,254.5,256.0,248.3,252.8,252.55,0.1,2573,650454.41
2025-12-04,SAIL,EQ,INE114A01011,STEEL AUTHORITY OF INDIA,132.0,134.3,131.66,132.14,131.92,0.17,13313343,1759225135.89
2025-12-04,SAILIFE,EQ,INE570L01029,SAI LIFE SCIENCES LIMITED,866.0,879.2,862.0,867.5,871.95,-0.51,165341,143433317.5
2025-12-04,SAKAR,EQ,INE732S01012,SAKAR HEALTHCARE LIMITED,385.9,388.5,381.0,385.55,386.05,-0.13,13217,5095814.19
2025-12-04,SAKHTISUG,EQ,INE623A01011,SAKTHI SUGARS LTD,19.58,19.6,19.13,19.49,19.3,0.98,63042,1228688.57
2025-12-04,SAKSOFT,EQ,INE667G01023,SAKSOFT LIMITED,199.8,199.9,197.0,197.45,200.52,-1.53,69102,13644189.69
2025-12-04,SAKUMA,EQ,INE190H01024,SAKUMA EXPORTS LIMITED,2.37,2.37,2.33,2.34,2.34,0.0,695306,1627015.98
2025-12-04,SALASAR,EQ,INE170V01027,SALASAR TECHNO ENGG. LTD.,9.2,9.3,9.05,9.13,9.2,-0.76,7942066,72511063.49
2025-12-04,SALONA,EQ,INE498E01010,SALONA COTSPIN LTD.,272.4,276.85,272.4,274.75,273.0,0.64,595,163476.25
2025-12-04,SALSTEEL,EQ,INE658G01014,S.A.L. STEEL LTD.,33.25,35.3,33.25,35.13,34.96,0.49,130704,4591631.66
2025-12-04,SALZERELEC,EQ,INE457F01013,SALZER ELECTRONICS LTD,711.8,735.0,704.0,718.3,712.3,0.84,88022,63226201.53
2025-12-04,SAMBHAAV,EQ,INE699B01027,SAMBHAAV MEDIA LTD,9.9,10.23,9.48,9.89,9.8,0.92,220310,2178865.98
2025-12-04,SAMBHV,EQ,INE12NJ01018,SAMBHV STEEL TUBES LTD,99.69,101.89,99.0,99.94,99.52,0.42,459982,45970602.2
2025-12-04,SAMHI,EQ,INE08U801020,SAMHI HOTELS LIMITED,186.3,188.42,185.0,185.95,185.14,0.44,896686,166738758.96
2025-12-04,SAMMAANCAP,EQ,INE148I01020,SAMMAAN CAPITAL LIMITED,153.02,156.37,149.05,149.69,153.47,-2.46,9944805,1488637884.73
2025-12-04,SAMPANN,EQ,INE735M01018,SAMPANN UTPADAN INDIA LTD,32.48,32.48,31.0,32.26,31.61,2.06,33513,1081129.32
2025-12-04,SANATHAN,EQ,INE0JPD01013,SANATHAN TEXTILES LIMITED,461.9,464.15,451.0,455.35,461.55,-1.34,44341,20190674.62
2025-12-04,SANDESH,EQ,INE583B01015,SANDESH LTD,1114.9,1125.0,1072.0,1088.6,1106.7,-1.64,635,691260.98
2025-12-04,SANDHAR,EQ,INE278H01035,SANDHAR TECHNOLOGIES LTD,567.0,571.0,561.05,562.7,571.1,-1.47,83540,47007959.02
2025-12-04,SANDUMA,EQ,INE149K01016,SANDUR MANG & IRON ORES L,207.0,210.39,205.1,205.87,207.48,-0.78,968446,199373973.29
2025-12-04,SANGAMIND,EQ,INE495C01010,SANGAM (INDIA) LTD,431.4,439.5,428.95,430.9,432.95,-0.47,21950,9458254.87
2025-12-04,SANGHVIMOV,EQ,INE989A01032,SANGHVI MOVERS LTD,319.6,328.8,319.6,321.65,320.35,0.41,130737,42051555.25
2025-12-04,SANOFI,EQ,INE058A01010,SANOFI INDIA LIMITED,4399.2,4400.1,4359.1,4372.8,4399.4,-0.6,8004,34999889.64
2025-12-04,SANOFICONR,EQ,INE0UOS01011,SANOFI CONS HEALTHC IND L,4668.9,4730.0,4649.3,4673.6,4653.6,0.43,1567,7323531.35
2025-12-04,SANSERA,EQ,INE953O01021,SANSERA ENGINEERING LTD,1681.6,1710.0,1681.6,1703.0,1681.6,1.27,194542,331305026.0
2025-12-04,SANSTAR,EQ,INE08NE01025,SANSTAR LIMITED,88.51,91.1,87.74,90.17,88.8,1.54,318813,28747367.63
2025-12-04,SAPPHIRE,EQ,INE806T01020,SAPPHIRE FOODS INDIA LTD,255.0,257.05,248.95,254.31,256.14,-0.71,879863,223757957.38
2025-12-04,SARDAEN,EQ,INE385C01021,SARDA ENERGY & MIN LTD,485.0,486.15,476.25,480.75,482.8,-0.42,219151,105356843.25
2025-12-04,SAREGAMA,EQ,INE979A01025,SAREGAMA INDIA LIMITED,371.95,371.95,366.0,368.15,370.65,-0.67,541953,199519993.64
2025-12-04,SARLAPOLY,EQ,INE453D01025,SARLA PERF. FIBERS LTD,89.79,89.8,87.9,87.98,88.78,-0.9,42471,3736598.72
2025-12-04,SARVESHWAR,EQ,INE324X01026,SARVESHWAR FOODS LIMITED,4.32,4.32,4.27,4.28,4.29,-0.23,2173669,9303303.78
2025-12-04,SASKEN,EQ,INE231F01020,SASKEN TECHNOLOGIES LTD,1288.0,1288.0,1247.5,1253.6,1289.7,-2.8,25709,32228801.77
2025-12-04,SATIA,EQ,INE170E01023,SATIA INDUSTRIES LIMITED,67.3,72.24,67.01,70.63,67.58,4.51,438781,30991100.82
2025-12-04,SATIN,EQ,INE836B01017,SATIN CREDIT NET LTD,150.0,150.1,145.65,147.06,149.93,-1.91,120980,17791318.5
2025-12-04,SAURASHCEM,EQ,INE626A01014,SAURASHTRA CEMENT LIMITED,87.2,88.9,85.8,86.03,86.77,-0.85,70604,6074062.03
2025-12-04,SBC,EQ,INE04AK01028,SBC EXPORTS LIMITED,26.6,27.15,26.6,26.93,26.62,1.16,10671031,287370868.09
2025-12-04,SBCL,EQ,INE386D01027,SHIVALIK BIMETAL CON. LTD,437.85,445.15,432.65,444.25,439.4,1.1,40846,18145835.5
2025-12-04,SBFC,EQ,INE423Y01016,SBFC FINANCE LIMITED,106.14,106.65,105.56,105.92,106.14,-0.21,397790,42133916.07
2025-12-04,SBGLP,EQ,INE05ST01028,SURATWWALA BUS GROUP LTD,27.78,27.78,25.41,27.26,27.91,-2.33,74543,2032042.2
2025-12-04,SBICARD,EQ,INE018E01016,SBI CARDS & PAY SER LTD,870.0,874.95,853.85,855.9,867.95,-1.39,573572,490920288.8
2025-12-04,SBIETFCON,EQ,INF200KA1X17,SBIAMC - SBIETFCON,124.07,127.37,124.07,127.3,126.92,0.3,3548,451660.41
2025-12-04,SBIETFIT,EQ,INF200KA1S14,SBIAMC - SBIETFIT,418.48,422.0,414.99,420.28,414.1,1.49,15736,6613526.06
2025-12-04,SBIETFPB,EQ,INF200KA1S22,SBIAMC - SBIETFPB,292.51,294.14,291.21,292.6,292.58,0.01,14076,4118637.69
2025-12-04,SBIETFQLTY,EQ,INF200KA1WX6,SBIAMC - SBIETFQLTY,230.65,232.39,230.65,231.5,230.65,0.37,3792,877848.0
2025-12-04,SBILIFE,EQ,INE123W01016,SBI LIFE INSURANCE CO LTD,1970.2,2009.0,1959.0,2002.9,1972.8,1.53,660360,1322635060.12
2025-12-04,SBIN,EQ,INE062A01020,STATE BANK OF INDIA,951.05,952.55,944.45,948.1,951.05,-0.31,13622724,12915704291.81
2025-12-04,SBINEQWETF,EQ,INF200KB1282,SBIAMC - SBINEQWETF,33.34,33.44,33.1,33.32,33.23,0.27,21524,717179.67
2025-12-04,SBISILVER,EQ,INF200KB1217,SBIAMC - SBISILVER,179.3,179.3,169.85,171.73,174.08,-1.35,2370858,407147434.21
2025-12-04,SCHAEFFLER,EQ,INE513A01022,SCHAEFFLER INDIA LIMITED,3873.0,3929.0,3873.0,3889.8,3885.1,0.12,51613,200764249.92
2025-12-04,SCHAND,EQ,INE807K01035,S CHAND AND COMPANY LTD,162.35,165.87,159.9,160.89,164.22,-2.03,44827,7212216.0
2025-12-04,SCHNEIDER,EQ,INE839M01018,SCHNEIDER ELECTRIC INFRA,770.5,772.95,751.15,762.45,773.8,-1.47,172032,131165800.5
2025-12-04,SCI,EQ,INE109A01011,SHIPPING CORP OF INDIA LT,228.42,233.8,227.37,228.67,228.42,0.11,2430360,555750416.75
2025-12-04,SCILAL,EQ,INE0PB301013,SHIPPING CORP OF ILA LTD,47.89,47.93,47.01,47.13,47.81,-1.42,186025,8767358.45
2025-12-04,SCODATUBES,EQ,INE090501011,SCODA TUBES LIMITED,163.1,166.98,163.1,164.75,164.87,-0.07,61090,10064577.5
2025-12-04,SDBL,EQ,INE480C01038,SOM DIST & BREW LTD,114.5,114.5,111.04,111.74,111.53,0.19,459796,51377604.06
2025-12-04,SEAMECLTD,EQ,INE497B01018,SEAMEC LIMITED,980.0,1004.25,971.1,971.75,987.85,-1.63,31863,30962870.25
2025-12-04,SECMARK,EQ,INE0BTM01013,SECMARK CONSULTANCY LTD,118.36,118.36,112.36,116.9,114.39,2.19,1083,126602.7
2025-12-04,SECURKLOUD,EQ,INE650K01021,SECUREKLOUD TECH LIMITED,26.55,26.55,24.26,26.13,25.3,3.28,44999,1175823.83
2025-12-04,SEJALLTD,EQ,INE955I01044,SEJAL GLASS LIMITED,877.55,889.5,848.0,851.15,881.95,-3.49,4718,4015725.82
2025-12-04,SELECTIPO,EQ,INF769K01ON4,MIRAEAMC - SELECTIPO,47.18,47.18,47.18,47.18,47.44,-0.54,0,0.0
2025-12-04,SEMAC,EQ,INE617A01013,SEMAC CONSTRUCTION LTD,314.45,339.3,314.45,331.65,326.85,1.47,186,61686.9
2025-12-04,SENCO,EQ,INE602W01027,SENCO GOLD LIMITED,303.5,310.8,299.95,308.8,303.95,1.6,345894,106812062.98
2025-12-04,SENORES,EQ,INE0RB801010,SENORES PHARMACEUTICALS L,782.0,795.0,777.0,786.5,785.55,0.12,137074,107808701.0
2025-12-04,SENSEXADD,EQ,INF740KA1SZ6,DSPAMC - DSPSENXETF,87.45,87.66,87.06,87.48,87.27,0.24,785,68671.8
2025-12-04,SENSEXAXIS,EQ,INF846K010Q0,AXISAMC-SENSEXAXIS,87.7,88.16,87.59,87.7,87.7,0.0,3500,306949.99
2025-12-04,SENSEXETF,EQ,INF769K01KT9,MIRAEAMC - SENSEXETF,87.26,87.6,87.1,87.38,87.25,0.15,6046,528299.46
2025-12-04,SENSEXIETF,EQ,INF346A01034,ICICI PRUD SENSEX ETF,968.09,976.98,968.09,975.23,972.94,0.24,53654,52324989.37
2025-12-04,SEPC,EQ,INE964H01014,SEPC LIMITED,9.13,9.15,8.97,8.99,9.12,-1.43,9883010,88848257.64
2025-12-04,SERVOTECH,EQ,INE782X01033,SERVOTECH REN POW SYS LTD,84.05,92.01,83.26,86.93,84.05,3.43,2259075,196381390.44
2025-12-04,SESHAPAPER,EQ,INE630A01024,SESHASAYEE PAPER & BOARDS,238.01,242.3,237.24,237.9,240.24,-0.97,9404,2237211.54
2025-12-04,SETF10GILT,EQ,INF200KA1JT1,SBIAMC - SETF10GILT,259.51,260.92,258.6,259.83,259.66,0.07,13185,3425858.37
2025-12-04,SETFGOLD,EQ,INF200KA16D8,SBI-ETF GOLD,110.91,110.91,108.93,109.37,109.71,-0.31,4577068,500593939.73
2025-12-04,SETFNIF50,EQ,INF200KA1FS1,SBI-ETF NIFTY 50,278.28,278.84,277.23,278.51,277.91,0.22,435195,121206163.7
2025-12-04,SETFNIFBK,EQ,INF200KA1580,SBI-ETF NIFTY BANK,609.79,610.0,604.4,606.26,608.7,-0.4,647728,392691583.61
2025-12-04,SETFNN50,EQ,INF200KA1598,SBI-ETF NIFTY NEXT 50,731.64,733.96,728.97,731.04,729.65,0.19,22353,16340936.63
2025-12-04,SETL,EQ,INE0M4D01010,STANDARD ENGNG TCNLGY LTD,156.9,156.9,152.35,152.58,155.44,-1.84,84445,12884618.25
2025-12-04,SFL,EQ,INE916U01025,SHEELA FOAM LIMITED,608.5,611.2,601.3,605.3,608.5,-0.53,188765,114259452.2
2025-12-04,SGFIN,EQ,INE618R01015,SG FINSERVE LIMITED,402.25,412.7,402.1,402.9,405.25,-0.58,136463,54980941.87
2025-12-04,SGIL,EQ,INE00QT01015,SYNERGY GREEN IND. LTD,554.8,555.0,539.5,552.7,552.75,-0.01,6293,3478141.18
2025-12-04,SGL,EQ,INE353H01010,STL GLOBAL LIMITED,13.49,13.49,13.0,13.04,13.17,-0.99,5836,76101.44
2025-12-04,SGMART,EQ,INE385F01024,SG MART LIMITED,345.05,349.0,342.15,347.0,347.5,-0.14,57067,19802249.0
2025-12-04,SHAH,EQ,INE482J01021,SHAH METACORP LIMITED,4.65,4.75,4.39,4.57,4.53,0.88,2233990,10209334.68
2025-12-04,SHAILY,EQ,INE151G01028,SHAILY ENG PLASTICS LTD,2536.9,2609.0,2519.7,2597.3,2523.5,2.92,198644,515938070.9
2025-12-04,SHAKTIPUMP,EQ,INE908D01010,SHAKTI PUMPS (I) LTD,636.0,640.7,614.15,618.8,634.15,-2.42,588707,364291884.41
2025-12-04,SHALBY,EQ,INE597J01018,SHALBY LIMITED,204.0,204.01,200.05,200.64,203.89,-1.59,70621,14169397.4
2025-12-04,SHANKARA,EQ,INE274V01019,SHANKARA BLDG PRODUCT LTD,114.22,117.0,114.22,115.64,115.87,-0.2,35089,4057691.94
2025-12-04,SHANTI,EQ,INE933X01016,SHANTI OVERSEAS INDIA LTD,9.29,9.42,9.15,9.18,9.1,0.88,12490,114658.2
2025-12-04,SHANTIGEAR,EQ,INE631A01022,SHANTHI GEARS LTD,470.0,473.95,469.75,471.4,471.05,0.07,18735,8831678.89
2025-12-04,SHANTIGOLD,EQ,INE06ZD01017,SHANTI GOLD INTERNATION L,207.0,210.5,203.0,203.96,208.04,-1.96,195615,39897636.71
2025-12-04,SHARDACROP,EQ,INE221J01015,SHARDA CROPCHEM LTD.,887.7,909.0,874.2,891.4,885.95,0.62,391818,349266574.77
2025-12-04,SHARDAMOTR,EQ,INE597I01028,SHARDA MOTOR INDS LTD,968.3,971.3,958.45,961.3,967.8,-0.67,19892,19122179.36
2025-12-04,SHAREINDIA,EQ,INE932X01026,SHARE IND. SECURITIES LTD,163.1,164.39,159.25,160.83,163.57,-1.68,115056,18504456.69
2025-12-04,SHARIABEES,EQ,INF732E01128,NIP IND ETF SHARIAH BEES,510.85,516.65,510.85,516.11,512.22,0.76,16539,8535943.05
2025-12-04,SHILCTECH,EQ,INE024F01011,SHILCHAR TECHNOLOGIES LTD,3883.7,3911.2,3761.0,3778.4,3883.7,-2.71,17473,66019981.49
2025-12-04,SHILPAMED,EQ,INE790G01031,SHILPA MEDICARE LTD,333.0,339.9,331.35,333.45,334.95,-0.45,65518,21846977.9
2025-12-04,SHIVALIK,EQ,INE788J01021,SHIVALIK RASAYAN LIMITED,384.1,409.7,384.1,391.9,387.55,1.12,6157,2412928.26
2025-12-04,SHIVAMAUTO,EQ,INE637H01024,SHIVAM AUTO.LTD,26.99,28.5,26.78,27.58,27.04,2.0,89584,2470726.71
2025-12-04,SHIVAMILLS,EQ,INE644Y01017,SHIVA MILLS LIMITED,69.0,69.0,61.32,63.47,62.47,1.6,21947,1392976.12
2025-12-04,SHIVATEX,EQ,INE705C01020,SHIVA TEXYARN LIMITED,189.44,190.2,183.0,184.19,189.95,-3.03,6978,1285277.84
2025-12-04,SHIVAUM,EQ,INE719F01016,SHIV AUM STEELS LIMITED,282.0,282.0,282.0,282.0,281.0,0.36,8,2256.0
2025-12-04,SHK,EQ,INE500L01026,S H KELKAR AND CO. LTD.,166.98,169.53,165.9,168.04,166.8,0.74,159517,26805235.61
2025-12-04,SHOPERSTOP,EQ,INE498B01024,SHOPPERS STOP LIMITED,409.9,425.0,403.0,406.25,409.9,-0.89,73284,29771625.0
2025-12-04,SHRADHA,EQ,INE715Y01031,SHRADHA REALTY LIMITED,41.3,43.27,41.3,43.0,42.37,1.49,16822,723346.0
2025-12-04,SHREDIGCEM,EQ,INE232A01011,SHREE DIGVIJAY CEM CO LTD,90.25,90.65,90.09,90.12,90.12,0.0,307553,27716677.2
2025-12-04,SHREECEM,EQ,INE070A01015,SHREE CEMENT LIMITED,26270.0,26490.0,26180.0,26450.0,26300.0,0.57,9275,245323750.0
2025-12-04,SHREEJISPG,EQ,INE1B6101010,SHREEJI SHIPPING GLOBAL L,342.9,344.55,336.0,340.55,341.4,-0.25,1722269,586518686.93
2025-12-04,SHREEPUSHK,EQ,INE712K01011,SHRE PUSH CHEM & FERT LTD,397.85,405.0,395.15,401.95,397.1,1.22,42591,17119452.97
2025-12-04,SHREERAMA,EQ,INE879A01019,SHREE RAMA MULTI TECH LTD,51.85,51.85,50.0,51.48,50.69,1.56,41357,2129058.34
2025-12-04,SHREYANIND,EQ,INE231C01019,SHREYANS INDUSTRIES LTD,179.01,183.79,174.99,177.06,180.26,-1.78,9150,1620098.98
2025-12-04,SHRINGARMS,EQ,INE1B3L01017,SHRINGAR HOU OF MANGALS L,221.88,223.9,220.2,221.35,221.75,-0.18,447964,99156834.13
2025-12-04,SHRIPISTON,EQ,INE526E01018,SPR AUTO TECHNOLOGIES LTD,2620.0,2660.0,2591.0,2625.1,2609.1,0.61,16592,43555660.82
2025-12-04,SHRIRAMFIN,EQ,INE721A01047,SHRIRAM FINANCE LIMITED,830.45,836.0,821.0,828.15,828.1,0.01,11436899,9471468186.07
2025-12-04,SHRIRAMPPS,EQ,INE217L01019,SHRIRAM PROPERTIES LTD,88.4,88.89,86.4,86.66,88.2,-1.75,218337,18921085.22
2025-12-04,SHYAMMETL,EQ,INE810G01011,SHYAM METALICS AND ENGY L,804.0,806.0,795.15,801.2,804.75,-0.44,57805,46313366.71
2025-12-04,SHYAMTEL,EQ,INE635A01023,SHYAM TELECOM LIMITED,12.22,13.1,12.22,12.57,12.69,-0.95,984,12368.88
2025-12-04,SIEMENS,EQ,INE003A01024,SIEMENS LTD,3332.9,3375.0,3313.0,3362.5,3329.9,0.98,268367,902384037.5
2025-12-04,SIGACHI,EQ,INE0D0K01022,SIGACHI INDUSTRIES LTD,35.2,35.6,34.38,35.06,35.13,-0.2,3824210,134076807.85
2025-12-04,SIGMA,EQ,INE0A0S01028,SIGMA SOLVE LIMITED,50.5,52.84,50.5,52.1,51.44,1.28,28543,1487090.26
2025-12-04,SIGNATURE,EQ,INE903U01023,SIGNATUREGLOBAL INDIA LTD,1119.4,1128.8,1105.5,1118.5,1119.4,-0.08,259366,290100871.0
2025-12-04,SIGNPOST,EQ,INE0KGZ01021,SIGNPOST INDIA LIMITED,205.15,210.83,204.4,209.3,205.18,2.01,19619,4106256.76
2025-12-04,SIL,EQ,INE173A01025,STANDARD INDUSTRIES LTD.,16.22,16.85,16.22,16.5,16.5,0.0,14290,235785.0
2025-12-04,SILGO,EQ,INE01II01013,SILGO RETAIL LIMITED,69.75,71.91,68.89,69.58,68.81,1.12,298291,20755088.33
2025-12-04,SILINV,EQ,INE923A01015,SIL INVESTMENTS LIMITED,537.0,537.0,520.5,525.65,528.2,-0.48,3036,1595873.47
2025-12-04,SILVER,EQ,INF209KB19F6,BIRLASLAMC - SILVER,177.74,177.77,172.79,174.4,176.74,-1.32,1875233,327040623.75
2025-12-04,SILVER1,EQ,INF174KA1ZD3,KOTAKMAMC - KOTAKSILVE,173.0,173.09,167.75,169.81,171.97,-1.26,937313,159165118.24
2025-12-04,SILVERADD,EQ,INF740KA1ZQ0,DSPAMC - DSPSILVETF,17.52,17.52,16.71,16.84,17.09,-1.45,5446750,91734158.35
2025-12-04,SILVERAG,EQ,INF769K01KG6,MIRAEAMC - MASILVER,168.81,173.98,168.68,170.11,173.14,-1.75,616371,104850871.19
2025-12-04,SILVERAXIS,EQ,INF846K011K1,AXISAMC-SILVERAXIS,176.3,177.27,172.3,173.73,176.3,-1.46,571814,99341243.78
2025-12-04,SILVERBEES,EQ,INF204KC1402,NIPPONAMC - NETFSILVER,169.78,170.95,165.63,167.22,169.78,-1.51,42611431,7125483543.84
2025-12-04,SILVERBETA,EQ,INF789F1AYK6,UTIAMC-SILVERBETA,170.97,172.3,166.69,169.08,170.97,-1.11,2210158,373693518.69
2025-12-04,SILVERCASE,EQ,INF0R8F01091,ZERODHAAMC - SILVERCASE,17.78,17.78,17.78,17.78,18.02,-1.37,0,0.0
2025-12-04,SILVERIETF,EQ,INF109KC1Y56,ICICIPRAMC - ICICISILVE,181.23,181.23,172.85,174.54,176.81,-1.28,6134344,1070688360.57
2025-12-04,SILVERTUC,EQ,INE625X01026,SILVER TOUCH TECHNO LTD,760.0,762.0,735.0,746.2,756.7,-1.39,71654,53468215.67
2025-12-04,SIMPLEXINF,EQ,INE059B01024,SIMPLEX INFRASTRUCTURES L,272.1,275.7,270.1,270.6,274.65,-1.47,69092,18696295.62
2025-12-04,SINCLAIR,EQ,INE985A01022,SINCLAIRS HOTELS LIMITED,86.41,86.41,83.25,83.51,85.45,-2.27,38334,3201272.42
2025-12-04,SINDHUTRAD,EQ,INE325D01025,SINDHU TRADE LINKS LTD,23.37,23.68,23.05,23.16,23.25,-0.39,373955,8660797.74
2025-12-04,SINTERCOM,EQ,INE129Z01016,SINTERCOM INDIA LIMITED,112.2,120.0,112.2,118.9,118.63,0.23,3097,368233.3
2025-12-04,SIRCA,EQ,INE792Z01011,SIRCA PAINT INDIA LIMITED,505.95,510.75,498.2,501.3,505.4,-0.81,272437,136572664.77
2025-12-04,SIS,EQ,INE285J01028,SIS LIMITED,327.25,331.0,325.85,329.95,328.9,0.32,49811,16435140.06
2025-12-04,SIYSIL,EQ,INE076B01028,SIYARAM SILK MILLS LTD,694.35,696.35,681.1,685.5,692.5,-1.01,37370,25617135.0
2025-12-04,SJS,EQ,INE284S01014,SJS ENTERPRISES LIMITED,1691.0,1702.3,1644.5,1662.4,1702.4,-2.35,57778,96050148.61
2025-12-04,SJVN,EQ,INE002L01015,SJVN LTD,76.0,76.1,75.0,75.38,75.99,-0.8,2123823,160093771.91
2025-12-04,SKFINDIA,EQ,INE640A01023,SKF INDIA LTD,1949.9,1962.0,1885.0,1891.8,1940.5,-2.51,68422,129440742.94
2025-12-04,SKIPPER,EQ,INE439E01022,SKIPPER LIMITED,459.75,464.0,451.2,454.85,459.05,-0.91,110378,50205433.97
2025-12-04,SKMEGGPROD,EQ,INE411D01023,SKM EGG PROD EXPORT(I) LT,203.05,208.95,201.9,203.3,203.05,0.12,153808,31269166.87
2025-12-04,SKYGOLD,EQ,INE01IU01018,SKY GOLD AND DIAMONDS LTD,343.0,343.0,331.25,335.45,343.85,-2.44,407421,136669379.42
2025-12-04,SMALLCAP,EQ,INF769K01LC3,MIRAEAMC - SMALLCAP,44.53,44.53,44.11,44.31,44.29,0.05,1021963,45283181.93
2025-12-04,SMARTWORKS,EQ,INE0NAZ01010,SMARTWORKS COWORKING SP L,459.95,460.15,440.85,452.55,454.7,-0.47,145442,65819775.32
2025-12-04,SMCGLOBAL,EQ,INE103C01036,SMC GLOBAL SECURITIES LTD,61.94,73.6,61.65,73.48,61.34,19.79,7764914,570565906.79
2025-12-04,SML100CASE,EQ,INF0R8F01141,ZERODHAAMC - SML100CASE,9.93,9.93,9.93,9.93,9.95,-0.23,0,0.0
2025-12-04,SMLMAH,EQ,INE294B01019,SML MAHINDRA LIMITED,3570.1,3634.0,3480.1,3520.0,3532.5,-0.35,120197,423093440.0
2025-12-04,SMLT,EQ,INE017W01010,SARTHAK METALS LIMITED,95.7,96.78,94.02,95.59,95.57,0.02,10552,1008665.64
2025-12-04,SMSPHARMA,EQ,INE812G01025,SMS PHARMACEUTICALS LTD.,323.0,329.5,315.65,322.45,320.05,0.75,798311,257415391.7
2025-12-04,SNOWMAN,EQ,INE734N01019,SNOWMAN LOGISTICS LTD.,41.75,41.79,41.11,41.43,41.28,0.36,224967,9320382.88
2025-12-04,SOBHA,EQ,INE671H01015,SOBHA LIMITED,1515.2,1545.0,1510.4,1538.9,1528.2,0.7,49251,75792365.1
2025-12-04,SOFTTECH,EQ,INE728Z01015,SOFTTECH ENGINEERS LTD,315.0,329.4,315.0,320.25,325.8,-1.7,5942,1902925.5
2025-12-04,SOLARA,EQ,INE624Z01016,SOLARA ACTIVE PHA SCI LTD,555.0,560.0,540.4,550.05,557.65,-1.36,161796,88995887.82
2025-12-04,SOLARINDS,EQ,INE343H01029,SOLAR INDUSTRIES (I) LTD,12879.0,12989.0,12702.0,12941.0,12835.0,0.83,83946,1086345186.0
2025-12-04,SOLARWORLD,EQ,INE0TY101024,SOLARWORLD ENERGY SOL LTD,291.6,292.95,288.05,290.25,292.95,-0.92,68984,20022606.0
2025-12-04,SOLEX,EQ,INE880Y01017,SOLEX ENERGY LIMITED,1580.0,1647.9,1526.5,1563.4,1599.6,-2.26,51767,80932529.06
2025-12-04,SOMANYCERA,EQ,INE355A01028,SOMANY CERAMICS LIMITED,417.0,420.0,415.0,417.3,419.5,-0.52,7873,3285402.8
2025-12-04,SOMATEX,EQ,INE314C01013,SOMA TEXTILES & INDUST LT,111.17,111.17,111.17,111.17,113.44,-2.0,2556,284150.52
2025-12-04,SOMICONVEY,EQ,INE323J01019,SOMI CONVEYOR BELT. LTD.,133.78,151.97,131.51,133.91,131.04,2.19,100936,13516340.13
2025-12-04,SONACOMS,EQ,INE073K01018,SONA BLW PRECISION FRGS L,493.0,504.8,491.65,499.65,491.65,1.63,1353456,676254282.14
2025-12-04,SONATSOFTW,EQ,INE269A01021,SONATA SOFTWARE LTD,365.0,374.8,363.75,365.55,364.45,0.3,1934702,707230292.48
2025-12-04,SOTL,EQ,INE035D01020,SAVITA OIL TECHNOLO. LTD,368.85,375.0,366.6,370.55,367.95,0.71,20467,7584046.6
2025-12-04,SOUTHBANK,EQ,INE683A01023,THE SOUTH INDIAN BANK LTD,39.58,40.24,39.46,39.97,39.66,0.78,21651344,865404246.11
2025-12-04,SOUTHWEST,EQ,INE980Y01015,SOUTH WEST PINNACLE LTD,194.56,199.9,194.56,194.56,204.81,-5.0,105656,20556431.1
2025-12-04,SPAL,EQ,INE212I01016,S. P. APPARELS LIMITED,770.8,786.85,761.6,770.6,780.15,-1.22,24826,19130914.99
2025-12-04,SPANDANA,EQ,INE572J01011,SPANDANA SPHOORTY FIN LTD,255.95,261.4,253.0,259.95,255.95,1.56,164408,42737861.61
2025-12-04,SPARC,EQ,INE232I01014,SUN PHARMA ADV.RES.CO.LTD,152.0,159.95,146.94,152.1,151.55,0.36,62346931,9482968585.64
2025-12-04,SPCENET,EQ,INE970N01027,SPACENET ENTERS IND LTD,7.58,7.85,7.52,7.64,7.58,0.79,233993,1787706.49
2025-12-04,SPENCERS,EQ,INE020801028,SPENCER S RETAIL LIMITED,42.95,44.24,42.86,43.15,42.88,0.63,78475,3386196.37
2025-12-04,SPIC,EQ,INE147A01011,SPIC LTD,82.28,82.84,81.5,82.02,82.28,-0.32,240129,19695379.77
2025-12-04,SPLIL,EQ,INE978G01016,SPL INDUSTRIES LIMITED,37.8,38.5,37.61,37.71,38.0,-0.76,12765,481368.14
2025-12-04,SPLPETRO,EQ,INE663A01033,SUPREME PETROCHEM LIMITED,632.6,642.8,627.4,635.0,632.6,0.38,15298,9714230.0
2025-12-04,SPMLINFRA,EQ,INE937A01023,SPML INFRA LIMITED,189.01,195.0,185.68,189.78,187.7,1.11,96719,18355331.7
2025-12-04,SPORTKING,EQ,INE885H01029,SPORTKING INDIA LIMITED,90.1,91.96,90.1,91.12,90.85,0.3,52585,4791545.34
2025-12-04,SRD,EQ,INE01NE01012,SHANKAR LAL RAMPAL LTD,67.39,67.39,65.1,66.1,67.39,-1.91,22852,1510517.17
2025-12-04,SRF,EQ,INE647A01010,SRF LTD,2820.0,2849.0,2815.3,2840.1,2830.0,0.36,117234,332956294.85
2025-12-04,SRGHFL,EQ,INE559N01010,SRG HOUSING FINANCE L,271.95,277.0,268.0,268.85,275.9,-2.56,2339,628840.16
2025-12-04,SRHHYPOLTD,EQ,INE917H01012,SREE RAYALSEEMA HHP LTD.,511.3,511.3,497.0,503.1,511.25,-1.59,13229,6655509.98
2025-12-04,SRM,EQ,INE0R6Z01013,SRM CONTRACTORS LIMITED,549.0,555.0,530.1,531.85,553.1,-3.84,137772,73274034.84
2025-12-04,SSDL,EQ,INE0PQ101010,SARASWATI SAREE DEPOT LTD,80.55,81.15,79.8,80.19,80.68,-0.61,15506,1243426.18
2025-12-04,SSWL,EQ,INE802C01033,STEEL STRIPS WHEELS LTD.,194.0,196.2,192.92,194.55,193.99,0.29,67388,13110335.61
2025-12-04,STANLEY,EQ,INE01A001028,STANLEY LIFESTYLES LTD,232.75,232.75,226.0,226.59,229.88,-1.43,43773,9918523.91
2025-12-04,STAR,EQ,INE939A01011,STRIDES PHARMA SCI LTD,888.0,894.75,880.0,887.1,894.45,-0.82,167525,148611423.41
2025-12-04,STARCEMENT,EQ,INE460H01021,STAR CEMENT LIMITED,222.9,223.9,220.0,222.52,222.16,0.16,115467,25693717.33
2025-12-04,STARHEALTH,EQ,INE575P01011,STAR HEALTH & AL INS CO L,471.0,475.7,463.95,465.0,471.55,-1.39,487950,226896750.0
2025-12-04,STARPAPER,EQ,INE733A01018,STAR PAPER MILLS LTD,163.51,165.87,163.51,163.92,163.9,0.01,10163,1665918.94
2025-12-04,STARTECK,EQ,INE992I01013,STARTECK FINANCE LIMITED,282.95,304.5,271.4,278.15,282.95,-1.7,10030,2789844.44
2025-12-04,STCINDIA,EQ,INE655A01013,THE STATE TRADING CORPN,114.29,116.8,113.51,113.91,113.33,0.51,13922,1585855.07
2025-12-04,STEELCAS,EQ,INE124E01038,STEELCAST LIMITED,216.3,220.0,213.01,217.79,215.19,1.21,54196,11803346.48
2025-12-04,STEELCITY,EQ,INE395H01011,STEEL CITY SECURITIES LTD,98.01,98.79,97.0,97.84,97.77,0.07,8866,867449.41
2025-12-04,STEELXIND,EQ,INE503B01021,STEEL EXCHANGE INDIA LTD,8.73,8.74,8.53,8.58,8.69,-1.27,607230,5210033.35
2025-12-04,STEL,EQ,INE577L01016,STEL HOLDINGS LIMITED,532.3,633.3,527.0,613.45,542.6,13.06,136255,83585631.41
2025-12-04,STLNETWORK,EQ,INE1VXE01018,STL NETWORKS LIMITED,22.66,22.98,22.17,22.27,22.67,-1.76,759302,16909655.89
2025-12-04,STOVEKRAFT,EQ,INE00IN01015,STOVE KRAFT LIMITED,594.0,609.6,591.0,597.2,602.55,-0.89,98992,59118023.61
2025-12-04,STUDDS,EQ,INE00Q601028,STUDDS ACCESSORIES LTD,540.65,545.2,539.4,542.5,545.75,-0.6,115752,62795460.0
2025-12-04,STYL,EQ,INE04VU01023,SESHAASAI TECHNOLOGIES L,314.7,326.8,308.0,318.25,316.1,0.68,211972,67460089.0
2025-12-04,STYLAMIND,EQ,INE239C01020,STYLAM INDUSTRIES LIMITED,2125.0,2141.0,2095.0,2111.9,2122.0,-0.48,37345,78868901.85
2025-12-04,STYLEBAAZA,EQ,INE01FR01028,BAAZAR STYLE RETAIL LTD,288.45,288.45,280.75,282.15,286.1,-1.38,79831,22524316.16
2025-12-04,STYRENIX,EQ,INE189B01011,STYRENIX PERFORMANCE LTD,2066.1,2095.6,2056.0,2074.1,2066.1,0.39,19987,41455038.65
2025-12-04,SUBEXLTD,EQ,INE754A01055,SUBEX LTD,12.0,12.1,11.8,11.89,11.86,0.25,1423776,16928697.13
2025-12-04,SUBROS,EQ,INE287B01021,SUBROS LIMITED,881.6,894.9,867.4,872.3,877.0,-0.54,115459,100714884.29
2025-12-04,SUDARCOLOR,EQ,INE492A01029,SUDARSHAN COLORNT IND LTD,439.95,443.85,432.55,435.35,435.9,-0.13,6713,2922504.59
2025-12-04,SUDARSCHEM,EQ,INE659A01023,SUDARSHAN CHEMICAL INDS L,1015.0,1015.0,994.5,1004.2,1014.2,-0.99,42536,42714651.72
2025-12-04,SUDEEPPHRM,EQ,INE0QPI01025,SUDEEP PHARMA LIMITED,679.0,714.7,658.2,669.2,681.15,-1.75,5777481,3866290355.73
2025-12-04,SUKHJITS,EQ,INE450E01029,SUKHJIT STARCH & CHEM LTD,149.89,150.34,145.1,145.96,146.57,-0.42,5346,780302.2
2025-12-04,SULA,EQ,INE142Q01026,SULA VINEYARDS LIMITED,223.2,226.79,221.6,224.28,224.03,0.11,246767,55344902.46
2025-12-04,SUMEETINDS,EQ,INE235C01036,SUMEET IND LIMITED,30.9,31.99,30.1,31.47,30.6,2.84,45942,1445794.71
2025-12-04,SUMICHEM,EQ,INE258G01013,SUMITOMO CHEM INDIA LTD,460.0,467.6,456.5,465.35,462.15,0.69,125574,58435861.67
2025-12-04,SUMIT,EQ,INE748Z01013,SUMIT WOODS LIMITED,71.78,74.76,71.5,73.68,71.8,2.62,58802,4332531.38
2025-12-04,SUMMITSEC,EQ,INE519C01017,SUMMIT SECURITIES LTD,2042.0,2075.7,2041.0,2052.9,2066.8,-0.67,2674,5489454.34
2025-12-04,SUNCLAY,EQ,INE0Q3R01026,SUNDARAM CLAYTON LIMITED,1248.0,1255.9,1230.1,1252.1,1248.6,0.28,4683,5863584.19
2025-12-04,SUNDARAM,EQ,INE108E01023,SUNDARAM MULTI PAP LTD,1.83,1.83,1.74,1.81,1.83,-1.09,441967,799960.24
2025-12-04,SUNDARMFIN,EQ,INE660A01013,SUNDARAM FINANCE LTD,4688.1,4720.0,4632.5,4667.7,4690.2,-0.48,44715,208716214.23
2025-12-04,SUNDRMFAST,EQ,INE387A01021,SUNDRAM FASTENERS LTD,930.0,942.6,928.0,937.8,934.5,0.35,38798,36384763.93
2025-12-04,SUNDROP,EQ,INE209A01019,SUNDROP BRANDS LIMITED,734.3,737.0,725.0,730.3,733.0,-0.37,1914,1397794.18
2025-12-04,SUNFLAG,EQ,INE947A01014,SUNFLAG IRON AND STEEL CO,247.85,253.45,247.85,252.6,250.1,1.0,43727,11045440.47
2025-12-04,SUNPHARMA,EQ,INE044A01036,SUN PHARMACEUTICAL IND L,1808.4,1823.2,1798.3,1818.3,1806.7,0.64,1713961,3116495369.99
2025-12-04,SUNTECK,EQ,INE805D01034,SUNTECK REALTY LIMITED,420.4,420.4,410.2,412.45,418.1,-1.35,57731,23811151.65
2025-12-04,SUNTV,EQ,INE424H01027,SUN TV NETWORK LIMITED,550.0,555.0,548.8,553.75,551.6,0.39,81556,45161635.0
2025-12-04,SUPERHOUSE,EQ,INE712B01010,SUPERHOUSE LIMITED,153.1,156.99,150.25,151.32,153.76,-1.59,1674,253309.69
2025-12-04,SUPRAJIT,EQ,INE399C01030,SUPRAJIT ENGINEERING LTD,468.95,474.95,456.15,459.7,467.05,-1.57,144075,66231279.26
2025-12-04,SUPREME,EQ,INE822E01011,SUPREME HOLDIN N HOSP I L,80.88,81.64,80.0,80.37,80.88,-0.63,12878,1035004.9
2025-12-04,SUPREMEIND,EQ,INE195A01028,SUPREME INDUSTRIES LTD,3285.0,3345.0,3285.0,3341.1,3297.4,1.33,62801,209824427.23
2025-12-04,SUPREMEINF,EQ,INE550H01011,SUPREME INFRA. LTD.,86.5,88.84,83.65,84.96,87.5,-2.9,15854,1346955.83
2025-12-04,SUPRIYA,EQ,INE07RO01027,SUPRIYA LIFESCIENCE LTD,744.95,751.35,741.6,745.3,748.55,-0.43,68336,50930819.97
2025-12-04,SURAJEST,EQ,INE843S01025,SURAJ ESTATE DEVELOPERS L,280.25,290.0,280.0,287.25,285.5,0.61,182070,52299607.5
2025-12-04,SURAJLTD,EQ,INE713C01016,SURAJ LIMITED,269.4,273.4,267.1,272.1,269.35,1.02,495,134689.5
2025-12-04,SURAKSHA,EQ,INE877V01027,SURAKSHA DIAGNOSTIC LTD,278.0,281.3,277.1,280.2,279.8,0.14,9701,2718220.32
2025-12-04,SURANASOL,EQ,INE272L01022,SURANA SOLAR LIMITED,27.98,28.61,27.46,27.82,27.98,-0.57,43171,1201017.21
2025-12-04,SURANAT&P,EQ,INE130B01031,SURANA TELECOM AND POW LT,19.5,20.1,19.41,19.53,19.53,0.0,46801,914023.56
2025-12-04,SURYALAXMI,EQ,INE713B01026,SURYALAKSHMI COT MIL LTD,58.02,59.01,57.5,57.97,59.0,-1.75,13845,802594.67
2025-12-04,SURYAROSNI,EQ,INE335A01020,SURYA ROSHNI LTD,264.0,264.7,260.05,262.0,262.85,-0.32,322192,84414304.0
2025-12-04,SURYODAY,EQ,INE428Q01011,SURYODAY SMALL FIN BK LTD,139.5,140.95,137.32,137.67,140.91,-2.3,56448,7771196.06
2025-12-04,SUVEN,EQ,INE495B01038,SUVEN LIFE SCIENCES LTD,172.45,172.93,166.98,171.6,173.05,-0.84,181947,31222106.31
2025-12-04,SUVIDHAA,EQ,INE018401013,SUVIDHAA INFOSERVE LTD,3.84,3.84,3.7,3.77,3.74,0.8,66892,252182.84
2025-12-04,SUYOG,EQ,INE442P01014,SUYOG TELEMATICS LIMITED,631.45,660.0,622.0,646.3,627.5,3.0,23728,15335406.11
2025-12-04,SUZLON,EQ,INE040H01021,SUZLON ENERGY LIMITED,52.65,52.84,50.6,50.85,52.59,-3.31,76794810,3905015971.32
2025-12-04,SVLL,EQ,INE00CE01017,SHREE VASU LOGISTICS LTD,709.4,710.0,672.2,700.0,691.5,1.23,1768,1237600.0
2025-12-04,SVPGLOB,EQ,INE308E01029,SVP GLOBAL TEXTILES LTD,5.59,5.59,5.59,5.59,5.89,-5.09,39640,221587.61
2025-12-04,SWANCORP,EQ,INE665A01038,SWAN CORP LIMITED,445.75,457.0,443.3,453.75,446.65,1.59,569441,258383853.75
2025-12-04,SWARAJENG,EQ,INE277A01016,SWARAJ ENGINES LTD,3779.0,3802.5,3725.7,3752.4,3773.2,-0.55,4958,18604398.72
2025-12-04,SWELECTES,EQ,INE409B01013,SWELECT ENERGY SYS LTD,642.05,674.45,642.05,669.4,654.2,2.32,9663,6468412.44
2025-12-04,SWIGGY,EQ,INE00H001014,SWIGGY LIMITED,400.0,406.65,398.15,401.55,403.25,-0.42,4482233,1799840606.44
2025-12-04,SWSOLAR,EQ,INE00M201021,STRLNG & WIL REN ENE LTD,227.1,227.16,223.15,224.58,227.15,-1.13,960287,215661256.22
2025-12-04,SYMPHONY,EQ,INE225D01027,SYMPHONY LIMITED,858.1,868.0,847.4,861.35,858.1,0.38,37608,32393649.88
2025-12-04,SYNCOMF,EQ,INE312C01025,SYNCOM FORMU (I) LTD,15.2,15.48,15.2,15.31,15.36,-0.33,979887,15002070.38
2025-12-04,SYNGENE,EQ,INE398R01022,SYNGENE INTERNATIONAL LTD,631.0,644.95,631.0,642.35,636.2,0.97,337969,217094378.9
2025-12-04,SYRMA,EQ,INE0DYJ01015,SYRMA SGS TECHNOLOGY LTD,794.6,802.0,782.85,786.25,795.35,-1.14,1094288,860383940.0
2025-12-04,TAINWALCHM,EQ,INE123C01018,TAINWALA CHEMICAL AND PLA,181.0,183.0,175.37,179.42,181.29,-1.03,1760,315779.2
2025-12-04,TAJGVK,EQ,INE586B01026,TAJ GVK HOTELS & RESORTS,390.5,393.6,384.15,385.55,391.4,-1.49,84288,32497237.37
2025-12-04,TAKE,EQ,INE142I01023,TAKE LIMITED,33.36,34.0,33.15,33.47,33.29,0.54,1667466,55810089.06
2025-12-04,TALBROAUTO,EQ,INE187D01029,TALBROS AUTO. COMP. LTD,280.05,284.9,278.0,281.75,280.95,0.28,60832,17139416.0
2025-12-04,TANLA,EQ,INE483C01032,TANLA PLATFORMS LIMITED,559.15,569.7,553.05,557.8,559.15,-0.24,231108,128912039.58
2025-12-04,TARACHAND,EQ,INE555Z01020,TARA CHAND INFRA SOLN LTD,74.0,74.5,72.26,72.48,74.22,-2.34,74610,5407733.05
2025-12-04,TARAPUR,EQ,INE747K01017,TARAPUR TRANSFORMERS LTD,32.5,33.12,31.42,31.92,32.66,-2.27,26036,831069.12
2025-12-04,TARC,EQ,INE0EK901012,TARC LIMITED,152.0,154.5,149.82,152.96,152.92,0.03,507304,77597223.25
2025-12-04,TARIL,EQ,INE763I01026,TRANS & RECTI. LTD,248.3,251.75,243.05,244.4,247.85,-1.39,3311668,809371638.99
2025-12-04,TARMAT,EQ,INE924H01018,TARMAT LIMITED,53.84,55.45,53.11,54.61,53.84,1.43,25417,1388022.39
2025-12-04,TARSONS,EQ,INE144Z01023,TARSONS PRODUCTS LIMITED,231.82,243.8,225.0,227.89,231.82,-1.7,646162,147253857.79
2025-12-04,TASTYBITE,EQ,INE488B01017,TASTY BITE EATABLES LTD,8319.0,8319.0,8160.0,8197.5,8250.0,-0.64,581,4762747.5
2025-12-04,TATACAP,EQ,INE976I01016,TATA CAPITAL LIMITED,321.05,323.0,321.05,322.05,322.5,-0.14,976548,314497271.48
2025-12-04,TATACHEM,EQ,INE092A01019,TATA CHEMICALS LTD,783.1,788.4,780.2,782.1,783.1,-0.13,152764,119476720.67
2025-12-04,TATACOMM,EQ,INE151A01013,TATA COMMUNICATIONS LTD,1864.9,1868.9,1831.2,1846.8,1864.9,-0.97,143925,265800697.03
2025-12-04,TATACONSUM,EQ,INE192A01025,TATA CONSUMER PRODUCT LTD,1153.0,1154.0,1137.1,1148.4,1140.0,0.74,703643,808063638.38
2025-12-04,TATAELXSI,EQ,INE670A01012,TATA ELXSI LIMITED,5171.5,5258.0,5170.5,5216.5,5174.5,0.81,273807,1428314215.5
2025-12-04,TATAGOLD,EQ,INF277KA1976,TATAAML-TATAGOLD,12.52,12.55,12.4,12.42,12.47,-0.4,33352596,414239244.86
2025-12-04,TATAINVEST,EQ,INE672A01026,TATA INVESTMENT CORP LTD,728.0,728.25,710.0,715.5,723.9,-1.16,358937,256819423.5
2025-12-04,TATAPOWER,EQ,INE245A01021,TATA POWER CO LTD,383.6,386.85,382.0,384.45,383.65,0.21,3786100,1455566191.22
2025-12-04,TATASTEEL,EQ,INE081A01020,TATA STEEL LIMITED,167.8,167.97,166.2,166.77,166.92,-0.09,11419966,1904507778.61
2025-12-04,TATATECH,EQ,INE142M01025,TATA TECHNOLOGIES LIMITED,671.8,679.15,671.15,674.45,671.15,0.49,350063,236099994.62
2025-12-04,TATSILV,EQ,INF277KA1984,TATAAML-TATSILV,17.22,17.38,16.84,16.99,17.22,-1.34,42018080,713887169.58
2025-12-04,TATVA,EQ,INE0GK401011,TATVA CHIN PHARM CHEM LTD,1435.0,1444.0,1410.3,1421.5,1432.6,-0.77,50917,72378515.5
2025-12-04,TBOTEK,EQ,INE673O01025,TBO TEK LIMITED,1685.0,1699.0,1654.4,1671.3,1689.8,-1.09,42267,70640839.16
2025-12-04,TBZ,EQ,INE760L01018,TRIB BHIMJI ZAVERI LTD,171.1,173.56,170.35,171.33,171.07,0.15,89590,15349454.86
2025-12-04,TCI,EQ,INE688A01022,TRANSPORT CORPN OF INDIA,1090.4,1090.4,1065.0,1070.5,1081.1,-0.98,7609,8145434.5
2025-12-04,TCIEXP,EQ,INE586V01016,TCI EXPRESS LIMITED,572.05,590.0,567.35,583.85,576.8,1.22,18835,10996814.29
2025-12-04,TCIFINANCE,EQ,INE911B01018,TCI FINANCE LTD,11.09,11.39,10.95,11.34,11.09,2.25,6726,76272.84
2025-12-04,TCPLPACK,EQ,INE822C01015,TCPL PACKAGING LIMITED,3111.0,3117.6,3060.6,3077.5,3126.6,-1.57,3135,9647962.5
2025-12-04,TCS,EQ,INE467B01029,TATA CONSULTANCY SERV LT,3194.0,3250.0,3187.4,3229.2,3180.0,1.55,5025905,16229652180.59
2025-12-04,TDPOWERSYS,EQ,INE419M01035,TD POWER SYSTEMS LTD.,382.25,389.8,360.65,362.67,382.12,-5.09,2383546,864452516.45
2025-12-04,TEAMGTY,EQ,INE289C01025,TEAM INDIA GUARANTY LTD,265.0,288.95,260.0,269.35,265.7,1.37,1741,468938.36
2025-12-04,TEAMLEASE,EQ,INE985S01024,TEAMLEASE SERVICES LTD.,1617.0,1622.9,1592.9,1611.8,1612.0,-0.01,66839,107731103.46
2025-12-04,TECH,EQ,INF209KB11D8,BIRLASLAMC - TECH,41.08,41.45,40.64,41.16,40.65,1.25,1373737,56543014.71
2025-12-04,TECHM,EQ,INE669C01036,TECH MAHINDRA LIMITED,1545.1,1577.9,1541.1,1562.3,1541.7,1.34,2422663,3784926523.19
2025-12-04,TECHNOE,EQ,INE285K01026,TECHNO ELEC & ENG CO. LTD,1145.0,1145.0,1102.4,1107.7,1141.4,-2.95,187332,207507647.25
2025-12-04,TECILCHEM,EQ,INE014B01011,TECIL CHEMICALS,17.5,18.43,16.86,18.38,17.56,4.67,1963,36079.94
2025-12-04,TEGA,EQ,INE011K01018,TEGA INDUSTRIES LIMITED,1920.0,1946.0,1893.2,1899.1,1933.0,-1.75,177886,337823298.26
2025-12-04,TEJASNET,EQ,INE010J01012,TEJAS NETWORKS LIMITED,509.75,509.75,501.0,502.45,510.25,-1.53,442353,222260270.25
2025-12-04,TEMBO,EQ,INE869Y01028,TEMBO GLOBAL IND LTD,73.5,73.5,70.5,72.61,72.74,-0.17,404570,29375827.95
2025-12-04,TENNIND,EQ,INE19RI01016,TENNECO CLEAN AIR INDIA L,491.9,502.95,487.0,490.2,492.6,-0.49,1867762,915576955.2
2025-12-04,TERASOFT,EQ,INE482B01010,TERA SOFTWARE LIMITED,489.4,506.5,475.6,488.15,493.4,-1.06,14129,6897071.26
2025-12-04,TEXINFRA,EQ,INE435C01024,TEXMACO INFRA & HOLDG LTD,104.2,106.25,103.15,105.8,105.38,0.4,113322,11989467.95
2025-12-04,TEXMOPIPES,EQ,INE141K01013,TEXMO PIPE & PRODUCTS LTD,50.31,50.59,49.71,49.91,49.72,0.38,9577,477988.07
2025-12-04,TEXRAIL,EQ,INE621L01012,TEXMACO RAIL & ENG. LTD.,126.0,126.01,124.1,124.37,125.75,-1.1,477388,59372746.87
2025-12-04,TFCILTD,EQ,INE305A01023,TOURISM FINANCE CORP. OF,65.0,65.9,64.0,64.15,65.07,-1.41,2295022,147225664.8
2025-12-04,TFL,EQ,INE804H01012,TRANSWARRANTY FIN. LTD.,13.82,14.44,13.36,13.45,13.55,-0.74,5503,74015.35
2025-12-04,TGBHOTELS,EQ,INE797H01018,TGB BANQUETS&HOTELS LTD,10.6,10.65,9.67,9.96,10.36,-3.86,50414,502123.44
2025-12-04,THANGAMAYL,EQ,INE085J01014,THANGAMAYIL JEWELLERY LTD,3277.8,3280.0,3201.1,3241.2,3277.8,-1.12,48371,156780082.84
2025-12-04,THEINVEST,EQ,INE924D01017,THE INVEST TRUST OF IND L,122.99,122.99,119.15,120.33,121.67,-1.1,2399,288671.67
2025-12-04,THEJO,EQ,INE121N01019,THEJO ENGINEERING LIMITED,1659.9,1685.0,1642.1,1660.1,1648.0,0.73,22670,37634466.45
2025-12-04,THELEELA,EQ,INE0AQ201015,LEELA PALACES HOTEL LTD,404.65,409.2,401.4,404.25,404.65,-0.1,39747,16067724.75
2025-12-04,THEMISMED,EQ,INE083B01024,THEMIS MEDICARE LTD.,104.0,106.6,104.0,106.45,104.25,2.11,37775,4021148.63
2025-12-04,THERMAX,EQ,INE152A01029,THERMAX LTD,2889.6,2890.0,2845.9,2869.1,2889.6,-0.71,60335,173107154.39
2025-12-04,THOMASCOOK,EQ,INE332A01027,THOMAS COOK (INDIA) LTD,143.0,143.74,139.7,140.71,143.49,-1.94,873568,122919759.15
2025-12-04,THOMASCOTT,EQ,INE480M01011,THOMAS SCOTT (INDIA) LTD,341.6,354.25,340.0,342.35,346.65,-1.24,12093,4140038.62
2025-12-04,THYROCARE,EQ,INE594H01019,THYROCARE TECH LTD,430.0,432.55,418.9,428.2,433.45,-1.21,1010041,432499568.53
2025-12-04,TI,EQ,INE133E01013,TILAKNAGAR INDUSTRIES LTD,461.05,463.1,444.8,451.3,461.05,-2.11,914520,412722864.84
2025-12-04,TIGERLOGS,EQ,INE906O01029,TIGER LOGISTICS (INDIA) L,39.69,40.14,39.1,39.34,39.06,0.72,27461,1080315.74
2025-12-04,TIIL,EQ,INE545H01011,TECHNOCRAFT IND LTD,2314.0,2330.0,2278.0,2287.5,2313.9,-1.14,2403,5496862.5
2025-12-04,TIINDIA,EQ,INE974X01010,TUBE INVEST OF INDIA LTD,2733.8,2742.5,2692.8,2703.6,2740.5,-1.35,354251,957753038.19
2025-12-04,TIMETECHNO,EQ,INE508G01029,TIME TECHNOPLAST LTD.,190.55,190.55,185.92,188.54,189.53,-0.52,1964789,370441304.87
2025-12-04,TIMKEN,EQ,INE325A01013,TIMKEN INDIA LTD.,3075.9,3149.0,3054.0,3134.1,3075.9,1.89,39860,124925229.89
2025-12-04,TINNARUBR,EQ,INE015C01016,TINNA RUBBER AND INFR LTD,827.2,832.5,813.15,815.85,824.85,-1.09,9808,8001856.56
2025-12-04,TIPSFILMS,EQ,INE0LQS01015,TIPS FILMS LIMITED,409.5,409.7,393.05,402.0,413.45,-2.77,8662,3482124.0
2025-12-04,TIPSMUSIC,EQ,INE716B01029,TIPS MUSIC LIMITED,561.0,561.0,538.25,544.25,559.2,-2.67,188633,102663510.25
2025-12-04,TIRUMALCHM,EQ,INE338A01024,THIRUMALAI CHEMICALS LTD,228.6,233.16,224.25,231.68,230.7,0.42,219112,50763866.56
2025-12-04,TITAGARH,EQ,INE615H01020,TITAGARH RAIL SYSTEMS LTD,794.2,802.0,782.5,788.7,794.2,-0.69,698086,550580436.72
2025-12-04,TITAN,EQ,INE280A01028,TITAN COMPANY LIMITED,3805.0,3830.0,3778.0,3800.4,3817.8,-0.46,776693,2951744001.35
2025-12-04,TMB,EQ,INE668A01016,TAMILNAD MERCA BANK LTD,536.95,537.05,531.7,534.25,535.8,-0.29,92311,49317151.75
2025-12-04,TMCV,EQ,INE1TAE01010,TATA MOTORS LIMITED,357.75,361.5,354.15,356.45,360.4,-1.1,7199260,2566176314.88
2025-12-04,TMPV,EQ,INE155A01022,TATA MOTORS PASS VEH LTD,357.0,359.5,354.3,356.45,356.85,-0.11,9173145,3269767647.23
2025-12-04,TNIDETF,EQ,INF277KA1364,TATAAML - TNIDETF,99.22,99.82,98.22,99.69,98.73,0.97,64288,6408870.88
2025-12-04,TNPETRO,EQ,INE148A01019,TAMILNADU PETROPRODUCTS L,104.21,107.8,104.0,105.5,105.02,0.46,235433,24838181.5
2025-12-04,TNPL,EQ,INE107A01015,TAMILNADU NEWSPRT & PAPER,140.11,142.01,139.51,140.47,139.97,0.36,26135,3671183.48
2025-12-04,TNTELE,EQ,INE141D01018,TAMILNADU TELECOMMUNICATI,10.02,10.35,9.7,10.22,10.02,2.0,27622,282296.85
2025-12-04,TOKYOPLAST,EQ,INE932C01012,TOKYO PLAST INTL LTD,118.69,118.7,118.02,118.5,118.7,-0.17,1544,182964.0
2025-12-04,TOLINS,EQ,INE0RWQ01014,TOLINS TYRES LIMITED,143.23,146.09,141.8,142.31,143.23,-0.64,81491,11596984.01
2025-12-04,TOP100CASE,EQ,INF0R8F01067,ZERODHAAMC - TOP100CASE,11.24,11.24,10.91,11.09,11.07,0.18,570210,6323628.99
2025-12-04,TOP10ADD,EQ,INF740KA1UR9,DSPAMC - TOP10ADD,101.22,102.03,100.91,101.74,101.22,0.51,552722,56233935.1
2025-12-04,TOP15IETF,EQ,INF109K1A344,ICICIPRAMC - TOP15IETF,11.06,11.06,11.06,11.06,11.03,0.3,0,0.0
2025-12-04,TORNTPHARM,EQ,INE685A01028,TORRENT PHARMACEUTICALS L,3733.5,3807.9,3720.0,3795.7,3720.9,2.01,561605,2131684071.08
2025-12-04,TORNTPOWER,EQ,INE813H01021,TORRENT POWER LTD,1302.0,1310.9,1285.2,1299.7,1302.2,-0.19,342447,445078349.18
2025-12-04,TOUCHWOOD,EQ,INE486Y01013,TOUCHWOOD ENTERTAIN LTD.,100.1,105.99,100.1,103.53,103.0,0.51,2928,303135.84
2025-12-04,TPLPLASTEH,EQ,INE413G01022,TPL PLASTECH LIMITED,66.51,67.49,66.5,67.2,66.43,1.16,58523,3932745.42
2025-12-04,TRACXN,EQ,INE0HMF01019,TRACXN TECHNOLOGIES LTD,42.2,42.88,41.29,41.56,42.97,-3.28,220883,9179897.78
2025-12-04,TRANSRAILL,EQ,INE454P01035,TRANSRAIL LIGHTING LTD,625.65,628.85,597.4,601.85,622.35,-3.29,646197,388913648.67
2025-12-04,TRAVELFOOD,EQ,INE103V01028,TRAVEL FOOD SERVICES LTD,1308.0,1337.0,1297.1,1329.1,1313.7,1.17,67935,90292406.84
2025-12-04,TREEHOUSE,EQ,INE040M01013,TREE HOUSE EDU LTD,8.9,8.9,8.19,8.48,8.72,-2.75,47905,406234.38
2025-12-04,TREJHARA,EQ,INE00CA01015,TREJHARA SOLUTIONS LTD,269.0,275.4,252.0,270.1,263.1,2.66,8997,2430089.75
2025-12-04,TREL,EQ,INE0O3901029,TRANSINDIA REAL ESTATE L,25.25,25.98,25.17,25.5,25.24,1.03,93118,2374509.0
2025-12-04,TRENT,EQ,INE849A01020,TRENT LTD,4188.1,4234.8,4161.1,4215.8,4188.2,0.66,427254,1801217329.75
2025-12-04,TRF,EQ,INE391D01019,TRF LIMITED,306.15,306.35,301.0,301.7,304.95,-1.07,3979,1200464.35
2025-12-04,TRIDENT,EQ,INE064C01022,TRIDENT LIMITED,28.02,28.15,27.9,27.98,28.12,-0.5,2508877,70198377.31
2025-12-04,TRIGYN,EQ,INE948A01012,TRIGYN TECHNOLOGIES LTD,69.0,73.64,69.0,71.25,70.14,1.58,73237,5218136.25
2025-12-04,TRITURBINE,EQ,INE152M01016,TRIVENI TURBINE LIMITED,542.7,542.95,536.2,538.25,545.3,-1.29,236770,127441452.5
2025-12-04,TRIVENI,EQ,INE256C01024,TRIVENI ENGG. & INDS. LTD,357.0,358.7,352.55,353.85,356.85,-0.84,296976,105084959.41
2025-12-04,TRU,EQ,INE615R01029,TRUCAP FINANCE LIMITED,8.21,8.7,8.21,8.58,8.45,1.54,210329,1804622.8
2025-12-04,TRUALT,EQ,INE0MWH01014,TRUALT BIOENERGY LIMITED,419.9,433.85,416.95,430.7,419.85,2.58,139891,60251055.41
2025-12-04,TSFINV,EQ,INE202Z01029,TSF INVESTMENTS LIMITED,484.0,488.0,471.25,482.05,483.25,-0.25,178162,85882989.93
2025-12-04,TTKHLTCARE,EQ,INE910C01018,TTK HEALTHCARE LIMITED,1103.5,1103.5,1084.0,1086.2,1086.7,-0.05,2016,2189779.1
2025-12-04,TTKPRESTIG,EQ,INE690A01028,TTK PRESTIGE LTD,637.55,644.25,636.95,640.25,640.75,-0.08,8699,5569534.75
2025-12-04,TTL,EQ,INE592B01024,T T LIMITED,9.01,9.21,8.9,8.99,9.1,-1.21,77013,692346.85
2025-12-04,TTML,EQ,INE517B01013,TATA TELESERV(MAHARASTRA),50.7,51.05,50.05,50.32,50.73,-0.81,772997,38897208.8
2025-12-04,TVSELECT,EQ,INE236G01019,TVS ELECTRONICS LTD,530.0,530.65,496.5,499.9,525.25,-4.83,91097,45539389.74
2025-12-04,TVSHLTD,EQ,INE105A01035,TVS HOLDINGS LIMITED,14746.0,14763.0,14276.0,14601.0,14764.0,-1.1,3414,49847814.0
2025-12-04,TVSMOTOR,EQ,INE494B01023,TVS MOTOR COMPANY  LTD,3640.0,3675.0,3623.5,3646.4,3631.8,0.4,602960,2198633285.12
2025-12-04,TVSSCS,EQ,INE395N01027,TVS SUPPLY CHAIN SOL L,107.01,107.33,105.0,106.03,106.93,-0.84,426952,45269720.04
2025-12-04,TVSSRICHAK,EQ,INE421C01016,TVS SRICHAKRA LIMITED,4643.0,4775.0,4606.6,4725.7,4615.1,2.4,18675,88252451.15
2025-12-04,TVTODAY,EQ,INE038F01029,TV TODAY NETWORK LTD,136.5,137.29,136.01,136.14,136.26,-0.09,18764,2554530.95
2025-12-04,UBL,EQ,INE686F01025,UNITED BREWERIES LTD,1710.2,1740.7,1680.1,1693.3,1701.2,-0.46,656237,1111206144.14
2025-12-04,UCOBANK,EQ,INE691A01018,UCO BANK,29.9,30.14,29.46,29.67,29.95,-0.93,7189149,213302051.38
2025-12-04,UDS,EQ,INE851I01011,UPDATER SERVICES LIMITED,179.16,180.7,173.0,173.96,178.26,-2.41,157635,27422185.66
2025-12-04,UEL,EQ,INE899L01030,UJAAS ENERGY LIMITED,141.75,143.01,140.0,143.01,136.2,5.0,19783,2829166.72
2025-12-04,UFLEX,EQ,INE516A01017,UFLEX LIMITED,480.0,485.4,475.7,478.05,477.45,0.13,13647,6523948.18
2025-12-04,UFO,EQ,INE527H01019,UFO MOVIEZ INDIA LTD.,80.5,80.79,76.01,76.76,80.14,-4.22,231158,17743688.57
2025-12-04,UGARSUGAR,EQ,INE071E01023,THE UGAR SUGAR WORKS LTD,41.64,42.0,41.09,41.3,41.12,0.44,83217,3436862.04
2025-12-04,UGROCAP,EQ,INE583D01011,UGRO CAPITAL LIMITED,171.81,174.39,170.81,173.42,172.58,0.49,117974,20459050.86
2025-12-04,UJJIVANSFB,EQ,INE551W01018,UJJIVAN SMALL FINANC BANK,53.83,54.45,53.2,54.0,53.83,0.32,5886385,317864790.0
2025-12-04,ULTRACEMCO,EQ,INE481G01011,ULTRATECH CEMENT LIMITED,11580.0,11631.0,11524.0,11608.0,11591.0,0.15,159687,1853646696.0
2025-12-04,UMESLTD,EQ,INE240C01028,USHA MARTIN EDU & SOL LTD,4.97,5.12,4.95,5.09,4.95,2.83,17279,87950.11
2025-12-04,UMIYA-MRO,EQ,INE398B01018,UMIYA BUILDCON LIMITED,89.28,90.98,87.81,90.05,89.25,0.9,19522,1757956.16
2025-12-04,UNICHEMLAB,EQ,INE351A01035,UNICHEM LABORATORIES LTD,453.3,454.55,446.6,450.0,451.1,-0.24,5730,2578500.0
2025-12-04,UNIDT,EQ,INE961D01019,UNITED DRILLING TOOLS LTD,193.01,197.95,191.26,192.74,195.17,-1.25,3530,680372.22
2025-12-04,UNIECOM,EQ,INE00U401027,UNICOMMERCE ESOLUTIONS L,123.99,126.94,123.04,123.35,123.72,-0.3,117921,14545555.17
2025-12-04,UNIENTER,EQ,INE037A01022,UNIPHOS ENTERPRISES LTD,142.79,144.5,140.31,142.18,143.67,-1.04,1899,269999.81
2025-12-04,UNIINFO,EQ,INE481Z01011,UNIINFO TELECOM SERVI LTD,17.25,17.25,16.5,17.02,17.04,-0.12,2495,42464.9
2025-12-04,UNIMECH,EQ,INE0U3I01011,UNIMECH AEROSPACE N MFG L,994.5,1039.1,975.15,991.9,971.4,2.11,827123,820423323.89
2025-12-04,UNIONBANK,EQ,INE692A01016,UNION BANK OF INDIA,150.8,153.27,150.15,152.43,151.38,0.69,11671955,1779156015.16
2025-12-04,UNIPARTS,EQ,INE244O01017,UNIPARTS INDIA LIMITED,490.2,498.0,485.0,488.8,490.75,-0.4,45921,22446184.24
2025-12-04,UNITDSPR,EQ,INE854D01024,UNITED SPIRITS LIMITED,1425.0,1437.3,1415.3,1431.9,1421.3,0.75,756367,1083041925.77
2025-12-04,UNITECH,EQ,INE694A01020,UNITECH LTD,5.95,6.06,5.95,5.98,5.95,0.5,2113204,12636959.96
2025-12-04,UNITEDPOLY,EQ,INE368U01029,UNITED POLYFAB GUJ. LTD.,37.64,37.7,37.0,37.0,38.1,-2.89,30612,1132644.0
2025-12-04,UNITEDTEA,EQ,INE458F01011,UNITED NILGIRI TEA LTD,447.3,449.45,445.0,445.05,445.05,0.0,450,200272.49
2025-12-04,UNIVCABLES,EQ,INE279A01012,UNIVERSAL CABLES LTD,959.2,961.8,919.8,924.6,958.2,-3.51,147595,136466333.4
2025-12-04,UNOMINDA,EQ,INE405E01023,UNO MINDA LIMITED,1266.9,1279.4,1260.1,1271.9,1266.9,0.39,173540,220725530.24
2025-12-04,UPL,EQ,INE628A01036,UPL LIMITED,748.0,758.95,745.25,756.45,743.0,1.81,2855120,2159755558.85
2025-12-04,URBANCO,EQ,INE0CAZ01013,URBAN COMPANY LIMITED,130.95,132.0,129.61,130.0,130.25,-0.19,2655373,345198490.0
2025-12-04,URJA,EQ,INE550C01020,URJA GLOBAL LIMITED,11.9,12.03,11.75,11.84,12.04,-1.66,680613,8058458.02
2025-12-04,USHAMART,EQ,INE228A01035,USHA MARTIN LTD.,422.0,448.9,421.85,436.15,424.2,2.82,5299021,2311167976.81
2025-12-04,USK,EQ,INE0N0Y01013,UDAYSHIVAKUMAR INFRA LTD,24.2,25.53,24.2,24.96,24.89,0.28,31450,784991.97
2025-12-04,UTIAMC,EQ,INE094J01016,UTI ASSET MNGMT CO LTD,1131.1,1147.4,1127.6,1144.2,1131.4,1.13,89693,102626726.22
2025-12-04,UTKARSHBNK,EQ,INE735W01017,UTKARSH SMALL FIN BANK L,16.1,16.26,16.01,16.04,16.24,-1.23,3352187,53769082.55
2025-12-04,UTLSOLAR,EQ,INE12UR01024,FUJIYAMA POWER SYSTEMS L,196.2,212.0,196.2,205.17,199.15,3.02,1834435,376371025.59
2025-12-04,UTTAMSUGAR,EQ,INE786F01031,UTTAM SUGAR MILLS LTD.,232.67,233.85,229.31,230.9,234.26,-1.43,8378,1934480.15
2025-12-04,V2RETAIL,EQ,INE945H01021,V2 RETAIL LIMITED,232.5,233.1,223.71,226.04,234.07,-3.43,994570,224812596.12
2025-12-04,VADILALIND,EQ,INE694D01016,VADILAL INDUSTRIES LTD,5360.0,5700.0,5360.0,5577.0,5374.5,3.77,26767,149279559.0
2025-12-04,VAIBHAVGBL,EQ,INE884A01027,VAIBHAV GLOBAL LIMITED,233.9,238.4,232.77,234.87,234.49,0.16,219810,51626773.63
2025-12-04,VAISHALI,EQ,INE972X01022,VAISHALI PHARMA LIMITED,8.9,8.9,8.25,8.64,8.64,0.0,352769,3047924.28
2025-12-04,VAKRANGEE,EQ,INE051B01021,VAKRANGEE LIMITED,7.85,7.99,7.85,7.94,7.98,-0.5,1301600,10334704.07
2025-12-04,VAL30IETF,EQ,INF109KC16X5,ICICIPRAMC - VAL30IETF,14.26,14.27,14.12,14.21,14.15,0.42,28728,408224.88
2025-12-04,VARDMNPOLY,EQ,INE835A01029,VARDHMAN POLYTEX LTD.,6.79,6.79,6.46,6.5,6.72,-3.27,243257,1581170.5
2025-12-04,VARROC,EQ,INE665L01035,VARROC ENGINEERING LTD.,649.0,650.1,639.0,641.85,648.0,-0.95,197854,126992585.07
2025-12-04,VASCONEQ,EQ,INE893I01013,VASCON ENGINEERS LTD,48.77,49.26,48.19,48.4,48.77,-0.76,945503,45762346.64
2025-12-04,VASWANI,EQ,INE590L01019,VASWANI IND LTD,53.99,55.5,53.21,54.14,54.32,-0.33,34598,1873135.7
2025-12-04,VBL,EQ,INE200M01039,VARUN BEVERAGES LIMITED,475.1,489.9,475.1,479.9,477.5,0.5,3925680,1883933808.04
2025-12-04,VEDL,EQ,INE205A01025,VEDANTA LIMITED,534.7,543.0,528.25,529.65,532.8,-0.59,14735849,7804842782.61
2025-12-04,VEEDOL,EQ,INE484C01030,VEEDOL CORPORATION LTD,1631.2,1644.0,1611.1,1624.0,1629.6,-0.34,5056,8210944.0
2025-12-04,VENKEYS,EQ,INE398A01010,VENKY S (INDIA) LIMITED,1358.0,1358.0,1338.0,1343.7,1352.8,-0.67,10652,14313091.88
2025-12-04,VENTIVE,EQ,INE781S01027,VENTIVE HOSPITALITY LTD,715.2,727.0,710.0,720.6,714.3,0.88,22719,16371310.85
2025-12-04,VENUSPIPES,EQ,INE0JA001018,VENUS PIPES & TUBES LTD,1253.0,1265.0,1245.4,1250.1,1257.3,-0.57,21155,26445864.98
2025-12-04,VERANDA,EQ,INE0IQ001011,VERANDA LEARNING SOL LTD,211.86,211.86,206.8,207.44,210.8,-1.59,87818,18216966.13
2025-12-04,VERTOZ,EQ,INE188Y01031,VERTOZ LIMITED,72.5,72.5,70.84,71.15,72.28,-1.56,196724,13996912.9
2025-12-04,VESUVIUS,EQ,INE386A01023,VESUVIUS INDIA LTD,482.75,489.0,475.6,477.3,480.4,-0.65,100868,48144295.17
2025-12-04,VGL,EQ,INE273D01027,VARVEE GLOBAL LIMITED,78.36,78.36,71.68,74.86,77.57,-3.49,81536,6103377.55
2025-12-04,VGUARD,EQ,INE951I01027,V-GUARD IND LTD.,340.5,341.85,337.1,338.0,339.4,-0.41,88496,29911648.0
2025-12-04,VHL,EQ,INE701A01023,VARDHMAN HOLDINGS LIMITED,3635.0,3660.6,3606.2,3627.8,3659.1,-0.86,344,1247963.22
2025-12-04,VIDHIING,EQ,INE632C01026,VIDHI SPCLTY F INGRDNTS L,336.6,343.0,331.0,337.3,333.65,1.09,7183,2422825.81
2025-12-04,VIJAYA,EQ,INE043W01024,VIJAYA DIAGNOSTIC CEN LTD,1010.0,1112.4,1003.05,1080.0,1001.85,7.8,6217531,6714933480.0
2025-12-04,VIKASECO,EQ,INE806A01020,VIKAS ECOTECH LIMITED,1.6,1.6,1.57,1.57,1.58,-0.63,1305695,2049941.22
2025-12-04,VIKASLIFE,EQ,INE161L01027,VIKAS LIFECARE LIMITED,1.85,1.86,1.82,1.83,1.86,-1.61,2048485,3748727.64
2025-12-04,VIKRAMSOLR,EQ,INE078V01014,VIKRAM SOLAR LIMITED,250.75,260.15,246.95,251.25,250.6,0.26,1794187,450789483.75
2025-12-04,VIKRAN,EQ,INE01R501028,VIKRAN ENGINEERING LTD,96.6,97.9,95.0,95.72,96.65,-0.96,4374687,418745044.98
2025-12-04,VIMTALABS,EQ,INE579C01029,VIMTA LABS LIMITED,611.1,615.0,605.65,607.85,611.9,-0.66,59153,35956149.61
2025-12-04,VINATIORGA,EQ,INE410B01037,VINATI ORGANICS LTD,1575.5,1582.5,1560.9,1568.8,1579.9,-0.7,12158,19073470.99
2025-12-04,VINCOFE,EQ,INE498Q01014,VINTAGE COFFEE N BVRGS L,162.5,163.5,160.06,161.92,162.59,-0.41,4057613,657008689.53
2025-12-04,VINDHYATEL,EQ,INE707A01012,VINDHYA TELELINKS LTD,1534.4,1534.4,1501.2,1505.6,1518.2,-0.83,3756,5655033.51
2025-12-04,VINEETLAB,EQ,INE505Y01010,VINEET LABORATORIES LTD,40.73,41.75,40.73,41.19,40.7,1.2,43345,1785380.49
2025-12-04,VINNY,EQ,INE01KI01027,VINNY OVERSEAS LIMITED,1.27,1.28,1.26,1.27,1.26,0.79,183204,232669.08
2025-12-04,VINYLINDIA,EQ,INE250B01029,VINYL CHEMICALS (I) LTD.,241.7,249.6,241.7,246.94,244.17,1.13,7411,1830072.36
2025-12-04,VIPCLOTHNG,EQ,INE450G01024,VIP CLOTHING LIMITED,32.11,37.0,32.11,36.0,32.16,11.94,906115,32620140.0
2025-12-04,VIPIND,EQ,INE054A01027,VIP INDUSTRIES LTD,356.1,360.35,350.0,350.45,360.9,-2.9,108415,37994038.07
2025-12-04,VIRINCHI,EQ,INE539B01017,VIRINCHI LIMITED,22.4,22.89,22.3,22.51,22.57,-0.27,49418,1112399.19
2025-12-04,VISACHROME,EQ,INE286H01012,VISA CHROME LIMITED,52.15,55.45,51.25,54.4,53.15,2.35,19653,1069123.23
2025-12-04,VISAKAIND,EQ,INE392A01021,VISAKA INDUSTRIES LIMITED,68.14,68.14,65.25,65.87,67.31,-2.14,87953,5793464.35
2025-12-04,VISHNU,EQ,INE270I01022,VISHNU CHEMICALS LIMITED,500.5,519.55,499.0,502.95,503.0,-0.01,124692,62713842.92
2025-12-04,VISHWARAJ,EQ,INE430N01022,VISHWARAJ SUGAR IND LTD,6.97,6.98,6.87,6.9,6.89,0.15,197672,1363936.82
2025-12-04,VITAL,EQ,INE0L4K01016,VITAL CHEMTECH LIMITED,57.5,57.5,57.5,57.5,57.5,0.0,0,0.0
2025-12-04,VIVIANA,EQ,INE0MEG01014,VIVIANA POWER TECH LTD,804.5,834.95,788.0,826.45,804.55,2.72,15600,12892620.19
2025-12-04,VIVIDHA,EQ,INE370E01029,VISAGAR POLYTEX LTD,0.72,0.75,0.7,0.71,0.72,-1.39,324775,230590.24
2025-12-04,VIYASH,EQ,INE807F01027,VIYASH SCIENTIFIC LIMITED,210.0,211.92,206.05,207.43,212.63,-2.45,1548561,321217996.89
2025-12-04,VLEGOV,EQ,INE03HW01020,VL E GOV AND IT SOL LTD,22.35,22.94,21.72,21.8,22.31,-2.29,140680,3066823.89
2025-12-04,VLSFINANCE,EQ,INE709A01018,VLS FINANCE LTD,317.95,328.85,317.0,327.4,316.45,3.46,289210,94687352.23
2025-12-04,VMART,EQ,INE665J01013,VMART RETAIL LTD,773.75,791.95,771.55,788.7,773.75,1.93,32441,25586217.1
2025-12-04,VMM,EQ,INE01EA01019,VISHAL MEGA MART LIMITED,134.0,134.31,132.7,133.81,134.49,-0.51,3909061,523071442.87
2025-12-04,VMSTMT,EQ,INE0SJA01013,VMS TMT LIMITED,55.82,56.4,53.97,54.11,55.82,-3.06,219966,11902360.39
2025-12-04,VOLTAMP,EQ,INE540H01012,VOLTAMP TRANSFORMERS LTD,7922.0,8028.0,7805.0,8000.5,7918.5,1.04,39399,315211699.5
2025-12-04,VOLTAS,EQ,INE226A01021,VOLTAS LTD,1329.5,1343.4,1325.6,1329.4,1335.9,-0.49,509272,677026209.23
2025-12-04,VPRPL,EQ,INE0AE001013,VISHNU PRAKASH R PUNGLI L,79.4,80.25,78.66,79.4,79.4,0.0,284167,22562860.23
2025-12-04,VRAJ,EQ,INE0S2V01010,VRAJ IRON AND STEEL LTD,132.3,133.08,130.0,130.29,132.3,-1.52,10314,1343810.99
2025-12-04,VRLLOG,EQ,INE366I01010,VRL LOGISTICS LIMITED,273.5,275.85,269.3,270.75,272.4,-0.61,201704,54611358.0
2025-12-04,VSSL,EQ,INE050M01012,VARDHMAN SPC STEEL LTD,277.1,284.1,275.45,280.05,277.15,1.05,19523,5467415.91
2025-12-04,VSTIND,EQ,INE710A01016,VST INDUSTRIES LTD,253.25,256.0,251.55,254.65,255.0,-0.14,118380,30145466.28
2025-12-04,VSTL,EQ,INE0QTF01015,VIBHOR STEEL TUBES LTD,132.26,133.98,129.1,131.47,132.26,-0.6,11934,1568962.99
2025-12-04,VSTTILLERS,EQ,INE764D01017,VST TILLERS TRACTORS LTD,5750.0,5750.0,5620.5,5656.0,5643.0,0.23,8164,46175584.0
2025-12-04,VTL,EQ,INE825A01020,VARDHMAN TEXTILES LIMITED,428.25,433.6,427.55,432.1,430.8,0.3,70295,30374469.93
2025-12-04,WAAREEENER,EQ,INE377N01017,WAAREE ENERGIES LIMITED,3110.0,3118.0,2965.0,2984.3,3108.6,-4.0,1026599,3063679445.83
2025-12-04,WAAREEINDO,EQ,INE866K01023,INDOSOLAR LIMITED,542.05,554.05,526.4,526.4,554.1,-5.0,107033,56342173.81
2025-12-04,WAAREERTL,EQ,INE299N01021,WAAREE RENEWABLE TECH LTD,1035.0,1037.8,1005.6,1009.2,1038.8,-2.85,295213,297928963.2
2025-12-04,WABAG,EQ,INE956G01038,VA TECH WABAG LTD,1400.9,1402.3,1383.2,1387.0,1405.1,-1.29,98594,136749878.0
2025-12-04,WALCHANNAG,EQ,INE711A01022,WALCHANDNAGAR INDUSTRIES,166.22,169.7,161.51,164.38,166.68,-1.38,212142,34871903.0
2025-12-04,WANBURY,EQ,INE107F01022,WANBURY LIMITED,241.45,252.0,235.15,245.85,239.55,2.63,76831,18888901.82
2025-12-04,WCIL,EQ,INE0CJF01024,WESTERN CARRIERS (IND) L,119.85,121.68,119.11,120.38,119.85,0.44,72421,8718039.78
2025-12-04,WEALTH,EQ,INE658T01017,WEALTH FRST PORT. MG. LTD,1026.25,1027.45,1005.0,1008.7,1031.45,-2.21,1086,1095448.21
2025-12-04,WEBELSOLAR,EQ,INE855C01023,WEBSOL ENERGY SYSTEM LTD,109.0,113.09,106.54,110.43,108.83,1.47,11756041,1298219611.22
2025-12-04,WEIZMANIND,EQ,INE080A01014,WEIZMANN LTD,106.84,106.85,104.1,105.0,106.85,-1.73,608,63840.0
2025-12-04,WEL,EQ,INE02WG01024,WONDER ELECTRICALS LTD,177.0,179.98,176.87,177.37,177.6,-0.13,79272,14060474.25
2025-12-04,WELCORP,EQ,INE191B01025,WELSPUN CORP LIMITED,833.15,838.0,826.45,827.55,833.15,-0.67,167044,138237260.16
2025-12-04,WELENT,EQ,INE625G01013,WELSPUN ENTERPRISES LTD.,523.65,523.65,513.2,516.3,519.9,-0.69,60782,31381745.86
2025-12-04,WELSPUNLIV,EQ,INE192B01031,WELSPUN LIVING LIMITED,139.0,139.44,136.01,136.75,140.39,-2.59,2585409,353554680.75
2025-12-04,WENDT,EQ,INE274C01019,WENDT (INDIA) LIMITED,8020.5,8108.5,7956.0,7975.0,8010.0,-0.44,4006,31947850.0
2025-12-04,WESTLIFE,EQ,INE274F01020,WESTLIFE FOODWORLD LTD,586.2,586.2,571.05,576.2,587.9,-1.99,40155,23137311.49
2025-12-04,WEWIN,EQ,INE082W01014,WE WIN LIMITED,47.2,47.43,46.5,47.09,47.43,-0.72,634,29855.06
2025-12-04,WEWORK,EQ,INE085001019,WEWORK INDIA MANAGEMENT L,598.15,602.0,578.15,596.95,598.15,-0.2,144597,86317180.92
2025-12-04,WHEELS,EQ,INE715A01015,WHEELS INDIA LTD,844.9,844.95,829.6,837.5,841.45,-0.47,18372,15386550.0
2025-12-04,WHIRLPOOL,EQ,INE716A01013,WHIRLPOOL OF INDIA LTD,980.0,1001.0,966.0,979.1,982.4,-0.34,877741,859396191.67
2025-12-04,WILLAMAGOR,EQ,INE210A01017,WILLIAMSON MAGOR,31.2,33.7,30.3,31.29,31.2,0.29,50684,1585902.41
2025-12-04,WINDLAS,EQ,INE0H5O01029,WINDLAS BIOTECH LIMITED,790.0,795.95,774.0,790.15,785.85,0.55,30064,23755070.33
2025-12-04,WINDMACHIN,EQ,INE052A01021,WINDSOR MACHINES LIMITED,264.2,295.0,262.1,278.55,262.35,6.17,1313278,365813570.87
2025-12-04,WIPL,EQ,INE215F01023,THE WESTERN INDIA PLY LTD,174.97,178.0,160.1,161.45,160.87,0.36,17535,2831025.7
2025-12-04,WIPRO,EQ,INE075A01022,WIPRO LTD,256.0,258.8,255.5,256.93,254.69,0.88,10687381,2745908722.05
2025-12-04,WOCKPHARMA,EQ,INE049B01025,WOCKHARDT LIMITED,1400.0,1435.4,1324.1,1331.9,1415.3,-5.89,2440874,3251000140.19
2025-12-04,WONDERLA,EQ,INE066O01014,WONDERLA HOLIDAYS LTD.,559.2,560.65,553.05,556.25,556.25,0.0,34350,19107187.5
2025-12-04,WORTHPERI,EQ,INE196Y01018,WORTH PERIPHERALS LIMITED,142.0,145.0,139.0,143.34,140.05,2.35,21376,3064035.76
2025-12-04,WSI,EQ,INE100D01014,W.S.INDUSTRIES (I) LTD.,77.65,80.4,75.25,75.93,77.48,-2.0,77285,5868250.07
2025-12-04,WSTCSTPAPR,EQ,INE976A01021,WEST COAST PAPER MILLS LT,419.4,420.05,414.45,418.25,416.25,0.48,13650,5709112.5
2025-12-04,XCHANGING,EQ,INE692G01013,XCHANGING SOLUTIONS LTD,85.5,85.88,84.6,84.99,85.34,-0.41,52347,4448971.42
2025-12-04,XELPMOC,EQ,INE01P501012,XELPMOC DESIGN & TECH LTD,124.69,125.0,118.66,123.28,123.57,-0.23,19818,2443163.02
2025-12-04,XPROINDIA,EQ,INE445C01015,XPRO INDIA LIMITED,999.0,1002.4,971.9,982.0,999.3,-1.73,9324,9156168.0
2025-12-04,XTGLOBAL,EQ,INE547B01028,XTGLOBAL INFOTECH LIMITED,36.5,36.5,34.73,35.27,35.28,-0.03,41711,1471146.99
2025-12-04,YASHO,EQ,INE616Z01012,YASHO INDUSTRIES LIMITED,1588.0,1609.6,1575.0,1589.2,1572.7,1.05,4724,7507380.57
2025-12-04,YATHARTH,EQ,INE0JO301016,YATHARTH HOSP & TRA C S L,687.0,698.4,680.1,683.7,688.1,-0.64,738881,505172948.72
2025-12-04,YATRA,EQ,INE0JR601024,YATRA ONLINE LIMITED,174.5,190.45,174.1,179.56,174.97,2.62,11448000,2055602852.05
2025-12-04,YESBANK,EQ,INE528G01035,YES BANK LIMITED,22.49,22.97,22.33,22.76,22.4,1.61,135564479,3085447573.07
2025-12-04,YUKEN,EQ,INE384C01016,YUKEN INDIA LIMITED,871.1,871.1,851.35,853.6,860.75,-0.83,2352,2007667.14
2025-12-04,ZAGGLE,EQ,INE07K301024,ZAGGLE PREPA OCEAN SER L,362.5,375.0,361.2,366.1,365.35,0.21,644568,235976348.73
2025-12-04,ZEEL,EQ,INE256A01028,ZEE ENTERTAINMENT ENT LTD,99.5,99.97,97.5,97.84,99.74,-1.9,3815282,373287176.91
2025-12-04,ZEELEARN,EQ,INE565L01011,ZEE LEARN LIMITED,7.05,7.19,6.87,6.9,7.02,-1.71,208833,1440947.72
2025-12-04,ZEEMEDIA,EQ,INE966H01019,ZEE MEDIA CORPORATION LTD,9.1,9.14,8.9,8.98,9.13,-1.64,1627834,14617948.57
2025-12-04,ZENITHEXPO,EQ,INE058B01018,ZENITH EXPORTS LTD,233.4,237.5,226.35,228.15,237.0,-3.73,995,227009.24
2025-12-04,ZENITHSTL,EQ,INE318D01020,ZENITH STEEL PIP IND LTD,7.66,7.94,7.57,7.63,7.63,0.0,101607,775261.42
2025-12-04,ZENSARTECH,EQ,INE520A01027,ZENSAR TECHNOLOGIES  LTD,735.0,756.2,734.95,750.75,738.4,1.67,514249,386072436.75
2025-12-04,ZENTEC,EQ,INE251B01027,ZEN TECHNOLOGIES LIMITED,1382.0,1389.0,1372.1,1374.7,1380.1,-0.39,156649,215345372.65
2025-12-04,ZFCVINDIA,EQ,INE342J01019,ZF COM VE CTR SYS IND LTD,2431.17,2491.5,2428.5,2477.5,2464.5,0.53,111474,276176835.0
2025-12-04,ZIMLAB,EQ,INE518E01015,ZIM LABORATORIES LIMITED,72.13,72.13,69.76,71.0,70.38,0.88,43633,3097943.0
2025-12-04,ZODIAC,EQ,INE761Y01019,ZODIAC ENERGY LIMITED,326.0,333.05,322.0,322.75,326.9,-1.27,8428,2720137.0
2025-12-04,ZODIACLOTH,EQ,INE206B01013,ZODIAC CLOTHING CO. LTD.,89.99,90.0,88.0,88.48,88.46,0.02,8968,793488.67
2025-12-04,ZOTA,EQ,INE358U01012,ZOTA HEALTH CARE LIMITED,1610.1,1634.4,1586.0,1593.9,1618.6,-1.53,26256,41849439.04
2025-12-04,ZUARI,EQ,INE840M01016,ZUARI AGRO CHEMICALS LTD,262.05,267.65,261.35,262.65,263.65,-0.38,74643,19604983.49
2025-12-04,ZUARIIND,EQ,INE217A01012,ZUARI INDUSTRIES LIMITED,311.0,314.9,307.7,309.1,309.9,-0.26,57060,17637246.35
2025-12-04,ZYDUSLIFE,EQ,INE010B01027,ZYDUS LIFESCIENCES LTD,938.0,944.15,932.55,935.75,934.95,0.09,874529,818340511.75
2025-12-04,ZYDUSWELL,EQ,INE768C01028,ZYDUS WELLNESS LIMITED,419.0,422.6,414.0,416.1,419.7,-0.86,106626,44367079.25
