date,symbol,series,isin,name,open,high,low,close,prev_close,chg_pct,volume,value
2025-12-09,3IINFOLTD,BE,INE748C01038,3I INFOTECH LIMITED,16.29,16.46,15.6,15.96,16.29,-2.03,682395,10891024.23
2025-12-09,AARTECH,BE,INE01C001026,AARTECH SOLONICS LIMITED,50.1,50.5,48.33,49.43,49.21,0.45,21254,1050585.23
2025-12-09,AARTISURF,BE,INE09EO01013,AARTI SURFACTANTS LIMITED,387.0,399.4,385.5,392.8,392.4,0.1,10207,4009309.48
2025-12-09,ABAN,BE,INE421A01028,ABAN OFFSHORE LTD.,31.51,33.38,31.51,32.91,32.09,2.56,64455,2121214.04
2025-12-09,ABINFRA,BE,INE00YB01025,A B INFRABUILD LIMITED,19.0,19.73,18.69,19.6,19.0,3.16,294847,5779001.31
2025-12-09,ABMINTLLTD,BE,INE251C01025,ABM INTERNATIONAL LTD,44.79,44.95,44.0,44.95,45.94,-2.15,23,1033.85
2025-12-09,ACCURACY,BE,INE648Z01023,ACCURACY SHIPPING LIMITED,5.64,5.75,5.55,5.66,5.58,1.43,80372,454905.51
2025-12-09,AHLWEST,BE,INE915K01010,ASIAN HOTELS (WEST) LTD,144.15,144.15,144.15,144.15,144.15,0.0,0,0.0
2025-12-09,AKI,BE,INE642Z01026,AKI INDIA LIMITED,8.0,8.19,7.49,7.84,7.55,3.84,153527,1203651.7
2025-12-09,AKSHARCHEM,BE,INE542B01011,AKSHARCHEM INDIA LIMITED,246.8,248.9,241.15,247.6,249.05,-0.58,2282,565023.21
2025-12-09,AKSHOPTFBR,BE,INE523B01011,AKSH OPTIFIBRE  LTD,6.08,6.31,5.55,6.15,6.1,0.82,351321,2160624.18
2025-12-09,ALPHAGEO,BE,INE137C01018,ALPHAGEO (INDIA) LIMITED,217.05,226.93,215.15,221.3,218.61,1.23,5082,1124646.62
2025-12-09,AMANTA,BE,INE084K01015,AMANTA HEALTHCARE LIMITED,101.0,104.98,97.75,99.07,100.77,-1.69,375021,37153330.36
2025-12-09,AMDIND,BE,INE005I01014,AMD INDUSTRIES LIMITED,49.0,52.79,48.9,51.89,50.2,3.37,3889,201800.21
2025-12-09,ANMOL,BE,INE02AR01019,ANMOL INDIA LIMITED,13.99,14.0,13.75,13.86,14.01,-1.07,15263,211545.17
2025-12-09,APTECHT,BE,INE266F01018,APTECH LIMITED,96.8,101.0,96.0,100.62,98.02,2.65,91226,9179160.37
2025-12-09,ARIES,BE,INE298I01015,ARIES AGRO LTD.,316.2,326.25,309.75,325.0,317.9,2.23,46830,15219750.0
2025-12-09,ASAHISONG,BE,INE228I01012,ASAHI SONGWON COLOR LTD,245.4,252.45,245.4,246.55,248.35,-0.72,6797,1675800.37
2025-12-09,ASMS,BE,INE855F01042,AVIO SMART MRKT STACK LTD,11.01,11.5,11.01,11.42,11.09,2.98,78685,898582.71
2025-12-09,AVG,BE,INE680Z01018,AVG LOGISTICS LIMITED,160.69,170.0,158.0,168.64,160.69,4.95,26907,4537596.46
2025-12-09,BAFNAPH,BE,INE878I01022,BAFNA PHARMACEUTICALS LTD,137.48,137.48,137.48,137.48,140.28,-2.0,859,118095.32
2025-12-09,BASML,BE,INE186H01022,BANNARI AM SPIN MILL LTD.,28.4,28.4,27.5,27.93,27.96,-0.11,152167,4250024.36
2025-12-09,BGRENERGY,BE,INE661I01014,BGR ENERGY SYSTEMS LTD,363.15,377.3,360.0,362.45,378.9,-4.34,407078,147545426.07
2025-12-09,BHAGERIA,BE,INE354C01027,BHAGERIA INDUSTRIES LTD,173.55,179.9,169.39,178.79,174.42,2.51,60052,10736696.68
2025-12-09,BHARATGEAR,BE,INE561C01019,BHARAT GEARS LTD,99.99,104.9,96.15,102.42,100.78,1.63,33324,3413044.02
2025-12-09,BILVYAPAR,BE,INE071A01013,BIL VYAPAR LIMITED,7.0,7.0,6.41,6.97,6.73,3.57,15554,108411.38
2025-12-09,BLISSGVS,BE,INE416D01022,BLISS GVS PHARMA LTD,160.86,162.99,157.55,162.19,160.73,0.91,1051132,170483101.65
2025-12-09,BURNPUR,BE,INE817H01022,BURNPUR CEMENT LIMITED,33.0,33.0,33.0,33.0,33.0,0.0,0,0.0
2025-12-09,BYKE,BE,INE319B01014,THE BYKE HOSPITALITY LTD,51.64,52.6,49.51,51.68,51.41,0.53,59859,3093513.14
2025-12-09,CALSOFT,BE,INE526B01014,CALIFORNIA SOFTWARE CO LT,16.21,16.92,16.17,16.42,16.78,-2.15,30720,504422.4
2025-12-09,CAPTRUST,BE,INE707C01018,CAPITAL TRUST LIMITED,12.19,12.19,11.15,11.83,11.72,0.94,72886,862241.37
2025-12-09,CHEMBONDCH,BE,INE0TGX01019,CHEMBOND CHEMICAL LIMITED,146.6,148.88,140.29,146.33,144.43,1.32,13769,2014817.8
2025-12-09,CHEMCON,BE,INE03YM01018,CHEMCON SPECIAL CHEM LTD,198.23,206.79,194.88,202.72,198.23,2.27,56659,11485912.55
2025-12-09,CONSOFINVT,BE,INE025A01027,CONSO. FIN. & HOLD. LTD.,155.4,162.8,152.0,160.05,159.37,0.43,6125,980306.27
2025-12-09,COUNCODOS,BE,INE695B01025,COUNTRY CONDO S LIMITED,5.64,5.98,5.46,5.89,5.64,4.43,41404,243869.55
2025-12-09,CTE,BE,INE627H01017,CAMBRIDGE TECH ENTER LTD,37.41,39.7,37.01,37.49,38.38,-2.32,30138,1129873.67
2025-12-09,CURAA,BE,INE117B01020,CURA TECHNOLOGIES LIMITED,131.4,131.4,131.4,131.4,134.08,-2.0,3,394.2
2025-12-09,CYBERMEDIA,BE,INE278G01037,CYBER MEDIA (INDIA) LTD.,15.41,16.55,14.99,16.39,15.77,3.93,12968,212545.51
2025-12-09,CYBERTECH,BE,INE214A01019,CYBERTECH SYSTEMS & SOFTW,145.0,148.99,143.0,147.77,146.19,1.08,17993,2658825.69
2025-12-09,DAMODARIND,BE,INE497D01022,DAMODAR INDUSTRIES LTD,31.5,32.44,30.0,30.59,30.89,-0.97,10087,308561.33
2025-12-09,DBSTOCKBRO,BE,INE921B01025,DB (INT) STOCK BROKERS,25.0,25.35,24.72,24.99,25.0,-0.04,11769,294107.31
2025-12-09,DELPHIFX,BE,INE726L01027,DELPHI WORLD MONEY LTD,16.66,16.8,16.4,16.7,16.62,0.49,2138340,35710279.63
2025-12-09,DIACABS,BE,INE989C01038,DIAMOND POWER INFRA LTD,141.38,143.1,138.11,141.73,141.97,-0.17,1498167,212335202.51
2025-12-09,DIGJAMLMTD,BE,INE731U01028,DIGJAM LTD,42.0,42.01,42.0,42.01,40.01,5.0,903,37935.03
2025-12-09,DPSCLTD,BE,INE360C01024,DPSC LIMITED,10.48,10.59,10.0,10.31,10.48,-1.62,129091,1330928.26
2025-12-09,DPWIRES,BE,INE864X01013,D P WIRES LIMITED,191.59,196.0,189.05,193.55,192.55,0.52,16322,3159123.15
2025-12-09,DSKULKARNI,BE,INE891A01022,DS KULKARNI DEVELOPERS L,13.55,13.55,13.55,13.55,13.55,0.0,0,0.0
2025-12-09,DTIL,BE,INE341R01014,DHUNSERI TEA & IND. LTD.,162.14,162.44,160.0,161.99,161.33,0.41,582,94278.18
2025-12-09,E2E,BE,INE255Z01027,E2E NETWORKS LIMITED,201.2,219.96,198.3,215.01,202.3,6.28,1821160,391567601.6
2025-12-09,EASTSILK,BE,INE962C01035,EASTERN SILK INDUSTRIES L,91.51,91.51,91.51,91.51,91.51,0.0,0,0.0
2025-12-09,EIFFL,BE,INE546V01010,EURO (I) FRESH FOODS LTD,209.13,212.8,204.98,208.43,209.12,-0.33,37182,7749843.99
2025-12-09,EMAMIPAP,BE,INE830C01026,EMAMI PAPER MILLS LIMITED,87.78,89.24,87.01,87.97,87.78,0.22,6922,608928.35
2025-12-09,EMMBI,BE,INE753K01015,EMMBI INDUSTRIES LIMITED,96.01,97.9,93.29,96.82,96.95,-0.13,33744,3267094.07
2025-12-09,EQUIPPP,BE,INE217G01035,EQUIPPP SOC IMP TECH LTD,21.04,21.48,20.5,21.05,21.14,-0.43,4785,100724.25
2025-12-09,ESAFSFB,BE,INE818W01011,ESAF SMALL FINANCE BANK L,25.35,25.66,24.8,25.05,24.74,1.25,598624,14995530.74
2025-12-09,EUROTEXIND,BE,INE022C01012,EUROTEX IND & EXPORTS LTD,20.22,20.22,20.22,20.22,21.28,-4.98,46,930.12
2025-12-09,EVERESTIND,BE,INE295A01018,EVEREST INDUSTRIES LTD,498.05,515.0,490.5,499.5,500.55,-0.21,7438,3715281.0
2025-12-09,FAIRCHEMOR,BE,INE0DNW01011,FAIRCHEM ORGANICS LIMITED,680.0,682.1,667.2,679.95,678.25,0.25,8230,5595988.6
2025-12-09,FLEXITUFF,BE,INE060J01017,FLEXITUFF VENTURES INT L,14.8,15.64,14.7,15.3,15.03,1.8,13620,208386.0
2025-12-09,FOCUS,BE,INE593W01028,FOCUS LIGHTG & FIXTRS LTD,69.0,70.37,66.2,66.98,67.02,-0.06,76565,5128323.96
2025-12-09,GANESHBE,BE,INE388A01029,GANESH BENZOPLAST LIMITED,78.0,79.56,77.13,78.68,78.51,0.22,102780,8086730.43
2025-12-09,GATECH,BE,INE224E01028,GACM TECHNOLOGIES LIMITED,0.56,0.57,0.54,0.55,0.56,-1.79,10782920,5930606.13
2025-12-09,GATECHDVR,BE,INE224E01036,GACM TECHNOLOGIES LIMITED,0.51,0.51,0.48,0.49,0.49,0.0,596252,292163.49
2025-12-09,GEECEE,BE,INE916G01016,GEECEE VENTURES LIMITED,348.15,350.0,341.9,345.5,348.3,-0.8,2716,938378.0
2025-12-09,GFSTEELS,BE,INE534A01028,GRAND FOUNDRY LTD,10.72,10.72,10.72,10.72,10.72,0.0,0,0.0
2025-12-09,GICL,BE,INE947T01022,GLOBE INTL CARRIERS LTD,44.0,44.25,43.0,43.55,42.9,1.52,723000,31486649.45
2025-12-09,GINNIFILA,BE,INE424C01010,GINNIFILAMENTS LTD.,38.3,39.7,37.6,39.02,38.06,2.52,75971,2964388.45
2025-12-09,GOLDTECH,BE,INE805A01014,AION-TECH SOLUTIONS LTD,52.9,53.38,49.05,50.6,52.1,-2.88,53784,2721470.32
2025-12-09,GULFPETRO,BE,INE586G01017,GP PETROLEUMS LIMITED,35.0,36.4,34.51,35.61,34.92,1.98,35830,1275906.32
2025-12-09,GVKPIL,BE,INE251H01024,GVK POW. & INFRA LTD.,3.27,3.28,3.27,3.27,3.33,-1.8,269948,882729.95
2025-12-09,GVPTECH,BE,INE382T01030,GVP INFOTECH LIMITED,8.89,10.35,8.85,8.98,8.99,-0.11,63819,573094.59
2025-12-09,HEG,BE,INE545A01024,HEG LIMITED,521.0,538.5,510.75,536.75,521.3,2.96,1009924,542076707.0
2025-12-09,HFCL,BE,INE548A01028,HFCL LIMITED,66.5,67.48,64.95,67.21,66.49,1.08,15322290,1029811096.87
2025-12-09,HITECHCORP,BE,INE120D01012,HITECH CORPORATION LTD,171.99,175.15,169.02,170.22,169.15,0.63,6146,1046172.13
2025-12-09,HITECHGEAR,BE,INE127B01011,THE HI-TECH GEARS LIMITED,631.05,674.0,627.9,673.2,647.1,4.03,1813,1220511.62
2025-12-09,HMVL,BE,INE871K01015,HINDUSTAN MEDIA VENT LTD,63.27,66.3,62.0,66.21,62.68,5.63,33871,2242598.88
2025-12-09,HYBRIDFIN,BE,INE965B01022,HYBRID FINANCIAL SERVICE,18.75,19.6,17.95,19.0,18.89,0.58,20994,398886.0
2025-12-09,ICDSLTD,BE,INE613B01010,ICDSLTD,42.4,46.8,40.99,45.47,42.55,6.86,8347,379538.1
2025-12-09,INDOAMIN,BE,INE760F01028,INDO AMINES LIMITED,112.77,116.95,112.01,115.7,114.49,1.06,51197,5923492.74
2025-12-09,IVP,BE,INE043C01018,IVP LIMITED,139.65,153.4,138.05,147.4,140.41,4.98,31270,4609197.81
2025-12-09,KALYANIFRG,BE,INE314G01014,KALYANI FORGE LIMITED,630.4,667.9,625.15,638.85,627.2,1.86,860,549410.98
2025-12-09,KAMDHENU,BE,INE390H01020,KAMDHENU LIMITED,24.94,25.68,23.19,25.12,24.94,0.72,1327663,33350895.67
2025-12-09,KANORICHEM,BE,INE138C01024,KANORIACHEMICALS-,71.01,72.6,69.51,71.93,72.16,-0.32,9942,715128.06
2025-12-09,KAUSHALYA,BE,INE234I01028,KAUSHALYA INFRA DEV LTD.,914.85,930.0,890.0,927.4,901.7,2.85,478,443297.21
2025-12-09,KAVDEFENCE,BE,INE641C01019,KAVVERI DFS & WIR TEC LTD,79.8,79.8,79.8,79.8,81.42,-1.99,47425,3784515.14
2025-12-09,KAYA,BE,INE587G01015,KAYA LIMITED,370.0,370.0,345.0,356.35,362.15,-1.6,20447,7286288.57
2025-12-09,KCPSUGIND,BE,INE790B01024,KCPSUGARINDUS,25.29,26.48,24.26,26.14,25.29,3.36,139977,3658998.69
2025-12-09,KESORAMIND,BE,INE087A01019,KESORAM INDUSTRIES LTD,8.22,8.49,7.31,7.93,7.84,1.15,33227088,263490802.14
2025-12-09,KHADIM,BE,INE834I01025,KHADIM INDIA LIMITED,180.0,190.41,175.82,185.29,179.46,3.25,22246,4121961.19
2025-12-09,KILITCH,BE,INE729D01010,KILITCH DRUGS INDIA LTD,160.88,169.5,160.88,166.43,161.68,2.94,24110,4012506.82
2025-12-09,KOTARISUG,BE,INE419A01022,KOTHARI SUG & CHEM LTD.,26.74,28.25,26.0,27.85,26.74,4.15,48158,1341200.32
2025-12-09,KOTYARK,BE,INE0J0B01017,KOTYARK INDUSTRIES LTD,22.09,23.27,21.47,23.25,23.69,-1.84,100100,2327325.0
2025-12-09,KRONOX,BE,INE0ATZ01017,KRONOX LAB SCIENCES LTD,131.05,139.99,130.3,136.39,133.1,2.47,64310,8771240.86
2025-12-09,KSR,BE,INE1SPP01016,KSR FOOTWEAR LIMITED,21.39,21.39,21.39,21.39,22.51,-4.98,2528,54073.92
2025-12-09,LANCORHOL,BE,INE572G01025,LANCOR HOLDINGS LIMITED,23.91,25.48,23.84,24.09,25.09,-3.99,117451,2829394.61
2025-12-09,LOTUSDEV,BE,INE0V9Q01010,SRI LOTUS DEVLPRS N RTY L,153.6,159.8,151.98,158.06,156.88,0.75,947927,149829339.31
2025-12-09,LYKALABS,BE,INE933A01014,LYKA LABS LTD.,74.95,77.98,72.2,76.59,74.26,3.14,77728,5953187.24
2025-12-09,MADHUCON,BE,INE378D01032,MADHUCON PROJECTS LTD.,6.06,6.24,5.71,5.89,6.0,-1.83,28379,167152.31
2025-12-09,MAHASTEEL,BE,INE451L01014,MAHAMAYA STEEL INDS LTD,775.0,775.0,754.6,775.0,770.0,0.65,20647,16001425.0
2025-12-09,MANAKSTEEL,BE,INE824Q01011,MANAKSIA STEELS LTD,59.54,59.99,57.09,58.66,57.98,1.17,28620,1678849.2
2025-12-09,MAZDA,BE,INE885E01042,MAZDA LIMITED,215.01,222.58,215.01,219.8,217.25,1.17,26533,5831953.48
2025-12-09,MBECL,BE,INE748A01024,MCNALLY BHARAT ENGIN CO L,65.4,65.4,65.4,65.4,65.4,0.0,0,0.0
2025-12-09,MEDICAMEQ,BE,INE646B01010,MEDICAMEN BIOTECH LIMITED,360.0,380.15,357.0,378.75,364.3,3.97,37801,14317128.75
2025-12-09,MENONBE,BE,INE071D01033,MENON BEARINGS LIMITED,106.2,107.94,103.41,106.94,106.65,0.27,14208,1519403.55
2025-12-09,MHLXMIRU,BE,INE112D01035,MAHALAXMI RUBTECH LIMITED,228.0,230.46,221.51,227.48,226.45,0.45,9036,2055509.24
2025-12-09,MICEL,BE,INE287C01037,MIC ELECTRONICS LTD,43.5,44.5,41.66,44.18,43.62,1.28,1729512,76409840.69
2025-12-09,MODISONLTD,BE,INE737D01021,MODISON LIMITED,140.0,141.5,136.0,140.4,142.07,-1.18,64993,9125016.8
2025-12-09,MOLDTECH,BE,INE835B01035,MOLD-TEK TECHNOLOGIES LTD,152.29,159.6,150.6,157.74,154.78,1.91,29510,4654907.56
2025-12-09,MTARTECH,BE,INE864I01014,MTAR TECHNOLOGIES LIMITED,2302.0,2349.1,2268.1,2332.4,2328.3,0.18,171122,399124936.09
2025-12-09,MTEDUCARE,BE,INE472M01018,MT EDUCARE LTD,1.86,1.94,1.85,1.86,1.86,0.0,4307,8011.02
2025-12-09,MUKKA,BE,INE0CG401037,MUKKA PROTEINS LIMITED,24.77,24.96,23.75,24.76,24.65,0.45,1288718,31908657.97
2025-12-09,MUKTAARTS,BE,INE374B01019,MUKTA ARTS LIMITED,62.61,63.75,60.0,60.43,61.38,-1.55,5441,328799.63
2025-12-09,NATCAPSUQ,BE,INE936B01015,NATURAL CAPSULES LIMITED,183.26,188.0,179.4,184.96,183.26,0.93,2849,526951.06
2025-12-09,NAVKARURB,BE,INE268H01044,NAVKAR URBANSTRUCTURE LTD,1.55,1.59,1.52,1.57,1.52,3.29,31368743,49248928.16
2025-12-09,NECCLTD,BE,INE553C01016,NORTH EAST CARRY CORP LTD,18.97,19.2,18.26,19.01,18.89,0.64,41736,793401.37
2025-12-09,NEUEON,BE,INE333I01044,NEUEON CORPORATION LTD,5.22,5.22,5.22,5.22,5.22,0.0,0,0.0
2025-12-09,NIRAJISPAT,BE,INE326T01011,NIRAJ ISPAT IND LTD,212.1,224.4,191.15,217.62,210.0,3.63,410,89224.2
2025-12-09,NRL,BE,INE0JM501013,NUPUR RECYCLERS LIMITED,57.0,58.0,55.8,56.6,57.6,-1.74,65473,3705771.7
2025-12-09,NURECA,BE,INE0DSF01015,NURECA LIMITED,305.0,307.9,301.05,306.7,305.55,0.38,36215,11107140.94
2025-12-09,OCCLLTD,BE,INE0PK601023,OCCL LIMITED,90.16,94.9,88.8,92.81,90.16,2.94,73367,6809191.09
2025-12-09,OILCOUNTUB,BE,INE591A01010,OIL COUNTRY TUBULAR LTD.,63.65,64.6,61.08,64.14,62.32,2.92,14747,945872.57
2025-12-09,OMFREIGHT,BE,INE1BZC01019,OM FREIGHT FORWARDERS LTD,87.39,92.0,85.1,91.39,87.39,4.58,72741,6647799.95
2025-12-09,ONELIFECAP,BE,INE912L01015,ONELIFE CAP ADVISORS LTD,15.23,16.24,14.77,16.09,15.54,3.54,38071,612562.4
2025-12-09,ONMOBILE,BE,INE809I01019,ONMOBILE GLOBAL LTD.,56.2,57.52,54.56,56.73,57.0,-0.47,545213,30929933.24
2025-12-09,ORBTEXP,BE,INE231G01010,ORBIT EXPORTS LIMITED,189.9,189.9,176.85,181.4,187.17,-3.08,21291,3862187.27
2025-12-09,ORIENTLTD,BE,INE609C01024,ORIENT PRESS LIMITED,79.6,80.6,75.1,79.95,80.6,-0.81,7266,580916.68
2025-12-09,OSIAHYPER,BE,INE06IR01021,OSIA HYPER RETAIL LIMITED,16.8,16.8,15.66,15.85,16.48,-3.82,1050861,16656147.25
2025-12-09,PANACHE,BE,INE895W01019,PANACHE DIGILIFE LIMITED,341.9,354.55,325.0,350.65,341.9,2.56,5946,2084964.86
2025-12-09,PAR,BE,INE04LG01015,PAR DRUGS AND CHEM LTD,100.0,101.18,95.7,97.68,101.34,-3.61,20667,2018752.57
2025-12-09,PARSVNATH,BE,INE561H01026,PARSVNATH DEVELOPER LTD,12.15,12.33,11.71,12.02,12.02,0.0,2530585,30417632.86
2025-12-09,PATINTLOG,BE,INE529D01014,PATEL INT. LOG. LTD,13.47,13.62,13.01,13.33,13.47,-1.04,92519,1233278.26
2025-12-09,PKTEA,BE,INE431F01018,THE P K TEA PROD CO LTD,737.4,745.0,732.0,732.0,738.0,-0.81,153,111996.0
2025-12-09,PPAP,BE,INE095I01015,PPAP AUTOMOTIVE LIMITED,219.0,220.72,212.1,214.58,218.01,-1.57,11765,2524533.72
2025-12-09,PPL,BE,INE050001010,PRAKASH PIPES LIMITED,224.42,234.9,220.32,231.99,225.54,2.86,86093,19972715.54
2025-12-09,PREMIER,BE,INE342A01018,PREMIER LIMITED,2.95,2.95,2.81,2.81,2.95,-4.75,16427,46159.87
2025-12-09,PRITIKAUTO,BE,INE583R01029,PRITIKA AUTO INDUS LTD,14.0,14.0,13.6,13.63,13.82,-1.37,145384,1981583.94
2025-12-09,PRUDMOULI,BE,INE024D01016,PRUDENTIAL SUGAR CORPORAT,25.98,25.98,24.06,24.47,24.75,-1.13,21616,528943.51
2025-12-09,QMSMEDI,BE,INE0FMW01018,QMS MEDICAL ALLIED S LTD,90.8,94.85,90.8,94.85,89.0,6.57,5000,474249.99
2025-12-09,RADHIKAJWE,BE,INE583V01021,RADHIKA JEWELTECH LIMITED,74.6,76.0,72.2,74.99,74.81,0.24,279331,20947031.09
2025-12-09,RAJOOENG,BE,INE535F01024,RAJOO ENGINEERS LIMITED,65.95,67.47,64.18,66.0,66.61,-0.92,1013953,66920898.0
2025-12-09,RAJRILTD,BE,INE533D01032,RAJ RAYON INDUSTRIES LTD,21.5,21.5,21.0,21.34,21.4,-0.28,8507,181539.38
2025-12-09,RAMASTEEL,BE,INE230R01035,RAMA STEEL TUBES LIMITED,9.84,10.15,9.6,10.05,9.87,1.82,11955478,120152556.18
2025-12-09,RBZJEWEL,BE,INE0PEQ01016,RBZ JEWELLERS LIMITED,134.34,142.0,132.9,139.96,134.34,4.18,151782,21243409.74
2025-12-09,RCOM,BE,INE330H01018,RELIANCE COMMUNICATIONS L,1.15,1.19,1.15,1.17,1.18,-0.85,2559947,2995137.88
2025-12-09,RELINFRA,BE,INE036A01016,RELIANCE INFRASTRUCTU LTD,139.63,148.0,139.63,139.66,146.97,-4.97,3804840,531383968.33
2025-12-09,REPL,BE,INE364Z01019,RUDRABHISHEK ENTERP LTD,126.0,141.8,122.02,123.28,124.04,-0.61,148419,18297094.14
2025-12-09,RMDRIP,BE,INE219Y01026,R M DRIP & SPRINK SYS LTD,46.14,47.3,46.12,46.65,46.47,0.4,416137,19414871.23
2025-12-09,RNBDENIMS,BE,INE012Q01039,R&B DENIMS LIMITED,41.33,42.14,39.22,40.96,40.97,-0.03,121734,4986224.53
2025-12-09,ROLLT,BE,INE927A01040,ROLLATAINERS LIMITED,1.26,1.29,1.2,1.26,1.29,-2.33,133111,167719.86
2025-12-09,RPPL,BE,INE760W01023,RAJSHREE POLYPACK LTD,16.7,17.38,16.56,17.13,16.99,0.82,118230,2025279.8
2025-12-09,RSWM,BE,INE611A01016,RSWM LIMITED,147.15,152.5,147.15,151.2,150.56,0.43,23818,3601281.53
2025-12-09,SADHNANIQ,BE,INE888C01040,SADHANA NITROCHEM LIMITED,6.2,6.35,5.86,6.08,6.08,0.0,832029,5058736.26
2025-12-09,SANGINITA,BE,INE753W01010,SANGINITA CHEMICALS LTD,9.62,9.92,9.62,9.85,9.86,-0.1,6568,64694.8
2025-12-09,SCPL,BE,INE501Y01019,SHEETAL COOL PRODUCTS LTD,190.03,232.01,190.03,226.61,194.1,16.75,198430,44966222.42
2025-12-09,SETCO,BE,INE878E01021,SETCO AUTOMOTIVE LTD,15.32,15.99,15.32,15.76,15.79,-0.19,65854,1037859.06
2025-12-09,SEYAIND,BE,INE573R01012,SEYA INDUSTRIES LIMITED,18.55,18.55,18.55,18.55,18.55,0.0,0,0.0
2025-12-09,SHAHALLOYS,BE,INE640C01011,SHAH ALLOYS LIMITED,64.44,69.02,63.12,67.91,66.1,2.74,18297,1242549.34
2025-12-09,SHALPAINTS,BE,INE849C01026,SHALIM PAINTS LTD,58.0,60.8,58.0,60.12,59.97,0.25,103816,6241417.81
2025-12-09,SHEKHAWATI,BE,INE268L01046,SHEKHAWATI INDUSTRIES LTD,20.96,21.84,19.46,21.61,20.96,3.1,37277,805555.99
2025-12-09,SHEMAROO,BE,INE363M01019,SHEMAROO ENTER. LTD.,106.73,106.73,101.2,102.76,106.72,-3.71,11541,1185953.18
2025-12-09,SHYAMCENT,BE,INE979R01011,SHYAM CENTURY FERROUS LTD,6.0,6.3,5.8,6.13,6.15,-0.33,198797,1218625.63
2025-12-09,SICALLOG,BE,INE075B01020,SICAL LOGISTICS LIMITED,83.0,85.0,82.5,85.0,83.4,1.92,455,38675.0
2025-12-09,SIGIND,BE,INE529F01035,SIGNET INDUSTRIES LIMITED,49.66,51.0,47.72,49.96,51.03,-2.1,45961,2296211.52
2025-12-09,SIGMAADV,BE,INE933B01012,SIGMA ADVANCED SYSTEM LTD,184.6,193.9,178.52,189.11,187.91,0.64,154750,29264772.59
2025-12-09,SIKKO,BE,INE112X01025,SIKKO INDUSTRIES LIMITED,5.96,6.07,5.91,6.07,5.79,4.84,498652,3026817.73
2025-12-09,SMARTLINK,BE,INE178C01020,SMARTLINK HOLDINGS LTD,131.6,135.04,130.02,131.75,132.08,-0.25,8453,1113682.75
2025-12-09,SONAMLTD,BE,INE00LM01029,SONAM LIMITED,45.94,45.94,42.64,43.28,44.66,-3.09,71685,3102526.71
2025-12-09,SPECIALITY,BE,INE247M01014,SPECIALITY REST LTD,117.23,117.29,114.89,116.91,117.23,-0.27,39032,4563231.26
2025-12-09,SPECTRUM,BE,INE01EO01010,SPECTRUM ELECTRIC IND LTD,1091.9,1175.0,1061.7,1145.6,1092.4,4.87,4141,4743929.5
2025-12-09,SREEL,BE,INE099F01013,SREELEATHERS LIMITED,224.96,228.6,218.0,225.42,226.03,-0.27,6413,1445618.45
2025-12-09,STALLION,BE,INE0RYC01010,STALLION IND FLUOROCHEM L,196.0,203.86,186.09,203.86,194.16,5.0,563656,114906912.5
2025-12-09,STERTOOLS,BE,INE334A01023,STERLING TOOLS LIMITED,264.6,273.0,260.0,272.0,266.2,2.18,48349,13150928.0
2025-12-09,STLTECH,BE,INE089C01029,STERLITE TECHNOLOGIES LTD,95.0,104.0,92.92,97.34,95.83,1.58,1296729,126223596.11
2025-12-09,SUNDRMBRAK,BE,INE073D01013,SUNDARAMBRAKE LININGS LTD,686.05,693.75,660.5,672.3,690.05,-2.57,2337,1571165.07
2025-12-09,SUPERSPIN,BE,INE662A01027,SUPER SPINNING MILLS LTD,8.71,8.93,8.01,8.34,8.68,-3.92,50722,423021.49
2025-12-09,SUTLEJTEX,BE,INE645H01027,SUTLEJ TEXT & INDUS LTD,33.0,33.44,32.71,33.03,32.88,0.46,34439,1137520.13
2025-12-09,SWANDEF,BE,INE542F01020,SWAN DEFENCE N HEVY IND L,1199.3,1199.3,1199.3,1199.3,1199.3,0.0,0,0.0
2025-12-09,SWARAJ,BE,INE0GMR01016,SWARAJ SUITING LIMITED,247.5,254.5,242.7,253.4,248.5,1.97,72000,18244799.56
2025-12-09,SYSTMTXC,BE,INE356B01024,SYSTEMATIX CORP SERVICE L,156.25,167.0,156.25,163.58,158.62,3.13,67010,10961495.92
2025-12-09,TICL,BE,INE388G01026,TWAMEV CONS AND INFRA LTD,25.09,25.09,23.88,23.88,25.13,-4.97,151306,3613187.15
2025-12-09,TIJARIA,BE,INE440L01017,TIJARIA POLYPIPES LTD,6.56,6.59,6.05,6.09,6.46,-5.73,36558,222638.23
2025-12-09,TIL,BE,INE806C01018,TIL LTD,263.0,267.2,258.9,264.75,260.65,1.57,14152,3746742.0
2025-12-09,TIRUPATIFL,BE,INE319Y01024,TIRUPATI FORGE LIMITED,31.7,32.87,30.76,32.33,31.75,1.83,275679,8912702.57
2025-12-09,TOTAL,BE,INE336X01012,TOTAL TRANSPORT SYS LTD,75.24,86.45,75.24,78.19,75.24,3.92,89830,7023807.92
2025-12-09,TPHQ,BE,INE065J01024,TEAMO PRODUCTIONS HQ LTD,0.54,0.55,0.54,0.54,0.54,0.0,571077,308381.59
2025-12-09,TRANSWORLD,BE,INE757B01015,TRANSWORLD SHIP LINES LTD,172.6,175.24,169.05,173.0,170.88,1.24,17395,3009335.0
2025-12-09,TVVISION,BE,INE871L01013,TV VISION LIMITED,5.65,5.95,5.16,5.72,5.69,0.53,38467,220031.23
2025-12-09,UCAL,BE,INE139B01016,UCAL LIMITED,109.02,110.79,108.0,109.82,109.95,-0.12,4797,526806.54
2025-12-09,UFBL,BE,INE382M01027,UNITED FOODBRANDS LIMITED,177.5,181.8,173.75,178.8,176.59,1.25,30548,5461982.49
2025-12-09,UMAEXPORTS,BE,INE0GIU01018,UMA EXPORTS LIMITED,39.65,40.5,37.91,38.76,39.19,-1.1,38183,1479973.02
2025-12-09,UNIVASTU,BE,INE562X01013,UNIVASTU INDIA LIMITED,66.25,66.25,63.02,65.32,64.66,1.02,20018,1307575.75
2025-12-09,UNIVPHOTO,BE,INE03V001013,UNIVERSUS IMAGINGS LTD,254.95,254.95,234.9,243.55,243.9,-0.14,3917,953985.36
2025-12-09,URAVIDEF,BE,INE568Z01015,URAVI DEFENCE &TECH LTD,167.9,167.9,152.82,153.36,160.86,-4.66,14395,2207617.21
2025-12-09,UYFINCORP,BE,INE152C01025,U. Y. FINCORP LIMITED,14.42,14.64,14.0,14.57,14.42,1.04,30701,447313.56
2025-12-09,VALIANTLAB,BE,INE0JWS01017,VALIANT LABORATORIES LTD,69.9,70.85,66.61,67.14,68.49,-1.97,16586,1113584.03
2025-12-09,VALIANTORG,BE,INE565V01010,VALIANT ORGANICS LIMITED,260.5,275.0,255.0,266.9,260.7,2.38,25411,6782195.74
2025-12-09,VARDHACRLC,BE,INE116G01013,VARDHAMAN ACRYLICS LTD,36.97,38.26,36.53,37.54,36.97,1.54,21209,796185.88
2025-12-09,VCL,BE,INE098201036,VAXTEX COTFAB LIMITED,2.54,2.54,2.54,2.54,2.42,4.96,557172,1415216.86
2025-12-09,VENUSREM,BE,INE411B01019,VENUS REMEDIES LIMITED,760.0,760.0,724.8,758.0,762.9,-0.64,43432,32921456.0
2025-12-09,VETO,BE,INE918N01018,VETO SWITCHGEAR CABLE LTD,106.1,109.39,103.53,108.29,108.04,0.23,22472,2433492.9
2025-12-09,VHLTD,BE,INE048C01025,VICEROY HOTELS LIMITED,126.45,128.0,120.13,120.44,126.45,-4.75,8616,1037711.06
2025-12-09,VIJIFIN,BE,INE159N01027,VIJI FINANCE LIMITED,2.42,2.59,2.4,2.51,2.42,3.72,167272,419852.72
2025-12-09,VIPULLTD,BE,INE946H01037,VIPUL LIMITED,7.81,8.15,7.81,7.94,7.88,0.76,217395,1726116.31
2025-12-09,VIVIMEDLAB,BE,INE526G01021,VIVIMED LABS LIMITED,4.95,4.95,4.95,4.95,4.95,0.0,0,0.0
2025-12-09,WELINV,BE,INE389K01018,WELSPUN INV & COMM LTD,1340.0,1385.9,1282.0,1307.4,1336.1,-2.15,1988,2599111.25
2025-12-09,AGSTRA,BZ,INE583L01014,AGS TRANSACT TECH LTD,4.5,4.55,4.26,4.3,4.46,-3.59,199845,859333.54
2025-12-09,ANKITMETAL,BZ,INE106I01010,ANKIT MET & POW LTD,1.75,1.76,1.7,1.73,1.77,-2.26,3507,6067.11
2025-12-09,ANSALAPI,BZ,INE436A01026,ANSAL PROP & INFRA LTD,3.32,3.4,3.31,3.39,3.37,0.59,16913,57335.07
2025-12-09,ARSHIYA,BZ,INE968D01022,ARSHIYA LIMITED,1.42,1.42,1.35,1.35,1.42,-4.93,184625,249243.75
2025-12-09,ASTRON,BZ,INE646X01014,ASTRON PAPER BORD MIL LTD,6.26,6.44,5.96,6.3,6.14,2.61,71961,453354.31
2025-12-09,COMPINFO,BZ,INE070C01037,COMPUAGE INFOCOM LTD,1.75,1.79,1.71,1.75,1.75,0.0,7423,12990.25
2025-12-09,DHARAN,BZ,INE278R01034,DHARAN INFRA-EPC LIMITED,0.32,0.32,0.31,0.31,0.32,-3.12,40361627,12512104.47
2025-12-09,FEL,BZ,INE623B01027,FUTURE ENTERPRISES LTD,0.51,0.51,0.49,0.51,0.5,2.0,837133,426937.82
2025-12-09,FELDVR,BZ,IN9623B01058,FUTURE ENTERPRISES LTD,2.96,3.1,2.96,2.99,3.11,-3.86,995,2975.05
2025-12-09,FLFL,BZ,INE452O01016,FUT LIFESTYLE FASH LTD,1.31,1.37,1.3,1.33,1.35,-1.48,33329,44327.57
2025-12-09,GENSOL,BZ,INE06H201014,GENSOL ENGINEERING LTD,27.85,27.85,25.8,26.33,27.06,-2.7,103800,2733053.99
2025-12-09,GOLDENTOBC,BZ,INE973A01010,GOLDEN TOBACCO LIMITED,30.5,33.6,30.5,33.19,32.09,3.43,1520,50448.8
2025-12-09,HDIL,BZ,INE191I01012,HOUSING DEV & INFRA LTD,2.45,2.45,2.33,2.4,2.44,-1.64,132113,317071.21
2025-12-09,HMT,BZ,INE262A01018,HMT LTD -,45.3,46.8,44.5,46.14,45.47,1.47,18487,852990.17
2025-12-09,IL&FSENGG,BZ,INE369I01014,IL&FS ENG AND CONS CO LTD,27.0,28.49,27.0,27.3,27.35,-0.18,2735,74665.5
2025-12-09,IL&FSTRANS,BZ,INE975G01012,IL&FS TRANS NET LTD,2.54,2.6,2.42,2.6,2.48,4.84,73055,189942.99
2025-12-09,IMPEXFERRO,BZ,INE691G01015,IMPEX FERRO TECH LIMITED,1.8,1.88,1.8,1.81,1.85,-2.16,6094,11030.14
2025-12-09,LAKPRE,BZ,INE651C01018,LAKSHMI PRE SCRE LTD,5.3,5.3,5.21,5.21,5.39,-3.34,588,3063.48
2025-12-09,MEP,BZ,INE776I01010,MEP INFRA. DEVELOPERS LTD,2.12,2.14,2.08,2.09,2.12,-1.42,100857,210791.12
2025-12-09,RAJESHEXPO,BZ,INE343B01030,RAJESH EXPORTS LTD,181.12,188.95,179.1,188.42,181.12,4.03,390910,73655261.48
2025-12-09,RHFL,BZ,INE217K01011,RELIANCE HOME FINANCE LTD,3.0,3.12,2.94,3.08,3.06,0.65,570325,1756600.96
2025-12-09,SANWARIA,BZ,INE890C01046,SANWARIA CONSUMER LIMITED,0.28,0.28,0.26,0.26,0.27,-3.7,1194609,310598.33
2025-12-09,SETUINFRA,BZ,INE023M01027,SETUBANDHAN INFRA LTD,0.49,0.5,0.47,0.5,0.48,4.17,28795,14397.5
2025-12-09,SHRENIK,BZ,INE632X01030,SHRENIK LIMITED,0.52,0.57,0.51,0.52,0.52,0.0,1049776,545883.5
2025-12-09,SIMBHALS,BZ,INE748T01016,SIMBHAOLI SUGARS LTD.,9.5,9.5,9.05,9.12,9.25,-1.41,6713,61222.56
2025-12-09,SITINET,BZ,INE965H01011,SITI NETWORKS LIMITED,0.35,0.35,0.34,0.35,0.34,2.94,619702,216895.7
2025-12-09,SUPREMEENG,BZ,INE319Z01021,SUPREME ENGINEERING LTD,1.22,1.22,1.22,1.22,1.17,4.27,63299,77224.78
2025-12-09,20MICRONS,EQ,INE144J01027,20 MICRONS LTD,182.8,193.52,182.6,189.11,185.58,1.9,94186,17811514.52
2025-12-09,21STCENMGM,EQ,INE253B01015,21ST CENTURY MGMT SERVICE,43.88,43.91,42.22,42.79,43.05,-0.6,12651,541336.3
2025-12-09,360ONE,EQ,INE466L01038,360 ONE WAM LIMITED,1130.2,1142.5,1111.0,1117.9,1128.2,-0.91,1731802,1935981498.08
2025-12-09,3MINDIA,EQ,INE470A01017,3M INDIA LIMITED,34650.0,34745.0,34155.0,34495.0,34915.0,-1.2,3747,129252765.0
2025-12-09,3PLAND,EQ,INE105C01023,3P LAND HOLDINGS LIMITED,38.3,39.48,35.86,37.66,38.33,-1.75,15662,589830.92
2025-12-09,5PAISA,EQ,INE618L01018,5PAISA CAPITAL LIMITED,299.65,308.0,290.35,304.5,302.35,0.71,117102,35657559.0
2025-12-09,63MOONS,EQ,INE111B01023,63 MOONS TECHNOLOGIES LTD,767.5,778.0,750.0,772.8,763.65,1.2,210110,162373005.44
2025-12-09,A2ZINFRA,EQ,INE619I01012,A2Z INFRA ENGINEERING LTD,15.0,15.82,14.55,14.95,15.0,-0.33,154340,2307382.97
2025-12-09,AAATECH,EQ,INE0D0U01013,AAA TECHNOLOGIES LIMITED,97.5,99.5,96.52,96.98,97.78,-0.82,32185,3121301.41
2025-12-09,AADHARHFC,EQ,INE883F01010,AADHAR HOUSING FINANCE L,483.5,489.85,480.9,487.95,485.65,0.47,196601,95931460.35
2025-12-09,AAKASH,EQ,INE087Z01024,AAKASH EXPLORATION SER L,9.21,9.21,8.65,8.89,8.85,0.45,53443,475108.29
2025-12-09,AAREYDRUGS,EQ,INE198H01019,AAREY DRUGS & PHARM LTD,68.24,70.9,68.24,68.24,71.83,-5.0,41835,2854820.31
2025-12-09,AARON,EQ,INE721Z01010,AARON INDUSTRIES LIMITED,176.75,179.0,174.0,178.52,176.75,1.0,8918,1592041.4
2025-12-09,AARTIDRUGS,EQ,INE767A01016,AARTI DRUGS LTD.,395.1,402.7,388.9,397.95,397.75,0.05,304923,121344111.57
2025-12-09,AARTIIND,EQ,INE769A01020,AARTI INDUSTRIES LTD,351.8,355.15,345.05,349.7,351.15,-0.41,867839,303483308.89
2025-12-09,AARTIPHARM,EQ,INE0LRU01027,AARTI PHARMALABS LIMITED,697.25,728.5,686.4,724.75,697.25,3.94,144164,104482859.0
2025-12-09,AARVI,EQ,INE754X01016,AARVI ENCON LIMITED,121.21,123.7,119.0,122.79,122.1,0.57,32288,3964643.55
2025-12-09,AAVAS,EQ,INE216P01012,AAVAS FINANCIERS LIMITED,1496.5,1554.1,1482.3,1549.8,1496.5,3.56,149136,231130980.08
2025-12-09,ABB,EQ,INE117A01022,ABB INDIA LIMITED,5051.0,5128.0,4981.0,5117.0,5057.5,1.18,113585,581214445.0
2025-12-09,ABBOTINDIA,EQ,INE358A01014,ABBOTT INDIA LIMITED,28700.0,28700.0,28020.0,28075.0,28725.0,-2.26,12732,357450900.0
2025-12-09,ABCAPITAL,EQ,INE674K01013,ADITYA BIRLA CAPITAL LTD.,356.7,366.8,353.2,364.05,357.1,1.95,5835578,2124442099.66
2025-12-09,ABCOTS,EQ,INE08PH01015,A B COTSPIN INDIA LIMITED,412.55,417.95,410.75,415.85,414.05,0.43,7252,3015744.24
2025-12-09,ABDL,EQ,INE552Z01027,ALLIED BLEND N DISTILS L,612.0,623.3,595.85,613.6,607.6,0.99,438837,269270372.49
2025-12-09,ABFRL,EQ,INE647O01011,ADITYA BIRLA FASHION & RT,74.65,76.09,73.65,75.89,74.58,1.76,3721714,282440873.19
2025-12-09,ABGSEC,EQ,INF209KC1134,BIRLASLAMC - ABGSEC,111.51,111.51,110.84,110.84,111.54,-0.63,509,56417.56
2025-12-09,ABLBL,EQ,INE14LE01019,ADITYA BIRLA LIFES BRAN L,128.0,129.5,126.0,129.15,128.54,0.47,959734,123949640.24
2025-12-09,ABREL,EQ,INE055A01016,ADITYA BIRLA REAL EST LTD,1659.9,1662.6,1610.0,1632.1,1657.5,-1.53,713344,1164248724.98
2025-12-09,ABSLAMC,EQ,INE404A01024,ADIT BIRL SUN LIF AMC LTD,721.5,736.0,710.3,732.85,725.45,1.02,162966,119429629.12
2025-12-09,ABSLBANETF,EQ,INF209KB17D5,BIRLASLAMC - ABSLBANETF,60.33,60.61,60.17,60.41,60.48,-0.12,1076684,65042480.28
2025-12-09,ABSLLIQUID,EQ,INF209KB18T9,BIRLASLAMC - ABSLLIQUID,999.99,1000.01,999.99,1000.01,1000.0,0.0,825,825008.26
2025-12-09,ABSLNN50ET,EQ,INF209KB16D7,BIRLASLAMC - ABSLNN50ET,69.9,71.54,69.6,70.96,70.58,0.54,9944,705626.23
2025-12-09,ABSLPSE,EQ,INF209KB19Z4,BIRLASLAMC-ABSLPSE,9.72,9.94,9.64,9.8,9.71,0.93,180288,1766822.43
2025-12-09,ACC,EQ,INE012A01025,ACC LIMITED,1796.0,1796.4,1770.4,1785.0,1796.0,-0.61,171828,306712980.0
2025-12-09,ACCELYA,EQ,INE793A01012,ACCELYA SOLN INDIA LTD,1275.0,1320.0,1270.1,1303.6,1291.5,0.94,13296,17332665.28
2025-12-09,ACE,EQ,INE731H01025,ACTION CONST EQUIP LTD,924.9,945.2,909.0,938.5,923.9,1.58,199437,187171624.5
2025-12-09,ACEINTEG,EQ,INE543V01017,ACE INTEGRATED SOLU. LTD.,21.51,22.42,21.41,22.23,21.61,2.87,1445,32122.35
2025-12-09,ACI,EQ,INE128X01021,ARCHEAN CHEMICAL IND LTD,490.0,509.0,487.0,499.15,492.8,1.29,117226,58513357.18
2025-12-09,ACL,EQ,INE666E01020,ANDHRA CEMENTS LIMITED,71.01,72.06,68.1,70.55,72.07,-2.11,31043,2190083.74
2025-12-09,ACMESOLAR,EQ,INE622W01025,ACME SOLAR HOLDINGS LTD,209.1,224.16,204.16,217.19,210.25,3.3,2231481,484655363.84
2025-12-09,ACUTAAS,EQ,INE00FF01025,ACUTAAS CHEMICALS LIMITED,1650.0,1692.4,1613.2,1666.2,1651.0,0.92,436217,726824744.1
2025-12-09,ADANIENSOL,EQ,INE931S01010,ADANI ENERGY SOLUTION LTD,954.5,976.95,946.35,974.6,960.5,1.47,891748,869097579.03
2025-12-09,ADANIENT,EQ,INE423A01024,ADANI ENTERPRISES LIMITED,2216.2,2257.0,2178.4,2245.2,2216.2,1.31,1227728,2756494845.65
2025-12-09,ADANIGREEN,EQ,INE364U01010,ADANI GREEN ENERGY LTD,993.9,1010.5,980.6,998.9,993.8,0.51,2593247,2590394491.61
2025-12-09,ADANIPORTS,EQ,INE742F01042,ADANI PORT & SEZ LTD,1476.9,1499.2,1460.9,1497.2,1480.5,1.13,1327921,1988163256.36
2025-12-09,ADANIPOWER,EQ,INE814H01029,ADANI POWER LTD,139.04,142.85,135.0,141.8,139.04,1.99,20828393,2953466190.96
2025-12-09,ADFFOODS,EQ,INE982B01027,ADF FOODS LIMITED,201.28,206.0,196.06,204.28,201.28,1.49,247824,50625486.42
2025-12-09,ADL,EQ,INE0CHO01012,ARCHIDPLY DECOR LIMITED,70.57,75.5,70.57,74.92,70.56,6.18,456,34163.52
2025-12-09,ADOR,EQ,INE045A01017,ADOR WELDING LTD,1040.0,1069.0,1029.0,1064.1,1049.0,1.44,7499,7979685.72
2025-12-09,ADROITINFO,EQ,INE737B01033,ADROIT INFOTECH LIMITED,10.1,10.25,9.8,10.09,10.0,0.9,68809,694282.82
2025-12-09,ADSL,EQ,INE102I01027,ALLIED DIGITAL SERV. LTD,153.03,160.0,150.82,158.45,153.96,2.92,186251,29511470.38
2025-12-09,ADVANCE,EQ,INE1B0W01010,ADVANCE AGROLIFE LIMITED,114.44,116.63,110.59,114.69,115.6,-0.79,288264,33060998.86
2025-12-09,ADVANIHOTR,EQ,INE199C01026,ADVANI HOT.& RES.(I) LTD,55.49,56.19,54.5,55.74,55.51,0.41,24955,1390991.74
2025-12-09,ADVENTHTL,EQ,INE28GN01010,ADVENT HOTELS INTERNATI L,196.78,236.13,190.17,235.37,196.78,19.61,7354816,1731103006.01
2025-12-09,ADVENZYMES,EQ,INE837H01020,ADVANCED ENZYME TECH LTD,304.0,311.75,300.0,307.8,304.05,1.23,127291,39180168.25
2025-12-09,AEGISLOG,EQ,INE208C01025,AEGIS LOGISTICS LIMITED,730.0,755.8,722.7,752.65,729.9,3.12,552061,415508725.13
2025-12-09,AEGISVOPAK,EQ,INE0INX01018,AEGIS VOPAK TERMINALS LTD,242.8,244.05,235.35,239.65,242.8,-1.3,891972,213761084.36
2025-12-09,AEROENTER,EQ,INE065D01027,AEROFLEX ENTERPRISES LTD,78.5,81.19,76.5,80.13,79.07,1.34,160335,12847643.11
2025-12-09,AEROFLEX,EQ,INE024001021,AEROFLEX INDUSTRIES LTD,166.96,173.9,165.85,172.89,168.75,2.45,421844,72932608.9
2025-12-09,AERONEU,EQ,INE035801013,AEROFLEX NEU LIMITED,72.25,76.9,71.5,74.82,73.8,1.38,20591,1540618.61
2025-12-09,AETHER,EQ,INE0BWX01014,AETHER INDUSTRIES LIMITED,815.9,876.05,800.45,849.25,815.9,4.09,509881,433016439.25
2025-12-09,AFCONS,EQ,INE101I01011,AFCONS INFRASTRUCTURE LTD,385.2,408.75,381.7,401.9,388.3,3.5,573939,230666080.6
2025-12-09,AFFLE,EQ,INE00WC01027,AFFLE 3I LIMITED,1592.9,1648.6,1579.6,1642.0,1610.1,1.98,201208,330383536.0
2025-12-09,AFFORDABLE,EQ,INE692Z01013,AFFORD ROBO & AUTO LTD,207.0,212.45,204.0,211.52,207.52,1.93,19908,4210940.25
2025-12-09,AFIL,EQ,INE916Y01027,AKME FINTRADE (INDIA) LTD,6.92,7.07,6.7,7.04,6.87,2.47,897452,6318062.05
2025-12-09,AFSL,EQ,INE00ZE01026,ABANS FINANCIAL SRVCS LTD,202.82,202.82,201.0,201.4,201.11,0.14,9996,2013194.34
2025-12-09,AGARIND,EQ,INE204E01012,AGARWAL INDS CORP LTD.,685.5,736.1,667.85,710.0,691.25,2.71,67294,47778740.0
2025-12-09,AGARWALEYE,EQ,INE943P01029,DR AGARWALS HEALTH CARE L,495.1,500.45,478.0,486.1,499.7,-2.72,164070,79754428.0
2025-12-09,AGI,EQ,INE415A01038,AGI GREENPAC LIMITED,711.5,744.95,692.0,737.4,711.65,3.62,112532,82981099.55
2025-12-09,AGIIL,EQ,INE976R01033,AGI INFRA LIMITED,270.0,274.05,265.3,268.9,270.65,-0.65,117393,31566976.98
2025-12-09,AGRITECH,EQ,INE449G01018,AGRI-TECH (INDIA) LIMITED,126.7,131.39,126.0,126.76,126.82,-0.05,7694,975291.46
2025-12-09,AGROPHOS,EQ,INE740V01019,AGRO PHOS INDIA LIMITED,37.25,37.25,34.21,35.57,36.7,-3.08,40383,1436423.3
2025-12-09,AHCL,EQ,INE0Y8W01025,ANLON HEALTHCARE LIMITED,14.1,14.56,13.81,14.45,14.24,1.47,1364710,19718695.28
2025-12-09,AHLADA,EQ,INE00PV01013,AHLADA ENGINEERS LIMITED,49.0,50.8,47.87,50.54,49.19,2.74,13964,705740.57
2025-12-09,AHLEAST,EQ,INE926K01017,ASIAN HOTELS (EAST) LTD,133.89,137.89,130.11,134.81,133.34,1.1,1728,232951.68
2025-12-09,AHLUCONT,EQ,INE758C01029,AHLUWALIA CONT IND LTD,948.5,975.0,935.0,970.9,957.25,1.43,51592,50090674.06
2025-12-09,AIAENG,EQ,INE212H01026,AIA ENGINEERING LIMITED,3630.0,3819.0,3630.0,3798.8,3659.5,3.81,35805,136016035.75
2025-12-09,AIIL,EQ,INE206F01022,AUTHUM INVEST & INFRA LTD,515.0,519.36,506.0,507.92,517.8,-1.91,556845,282832719.88
2025-12-09,AIRAN,EQ,INE645W01026,AIRAN LIMITED,17.4,17.9,17.12,17.68,17.79,-0.62,108986,1926872.51
2025-12-09,AIROLAM,EQ,INE801L01010,AIRO LAM LIMITED,102.01,105.67,99.55,100.81,100.49,0.32,20358,2052289.93
2025-12-09,AJANTPHARM,EQ,INE031B01049,AJANTA PHARMA LIMITED,2640.0,2649.3,2580.1,2621.1,2658.3,-1.4,49075,128630487.29
2025-12-09,AJAXENGG,EQ,INE274Y01021,AJAX ENGINEERING LIMITED,607.5,631.75,606.15,621.2,604.7,2.73,104616,64987460.48
2025-12-09,AJMERA,EQ,INE298G01035,AJMERA REALTY & INF I LTD,188.0,198.0,184.62,196.52,188.5,4.25,510485,100320514.38
2025-12-09,AJOONI,EQ,INE820Y01021,AJOONI BIOTECH LIMITED,4.4,4.54,4.36,4.49,4.48,0.22,252373,1133154.71
2025-12-09,AKASH,EQ,INE737W01013,AKASH INFRA-PROJECTS LTD,25.77,25.77,24.9,25.59,24.84,3.02,3841,98291.19
2025-12-09,AKG,EQ,INE00Y801016,AKG EXIM LIMITED,11.71,12.0,11.71,11.81,11.73,0.68,115708,1366511.53
2025-12-09,AKSHAR,EQ,INE256Z01025,AKSHAR SPINTEX LIMITED,0.53,0.54,0.53,0.53,0.53,0.0,490359,259890.26
2025-12-09,AKUMS,EQ,INE09XN01023,AKUMS DRUGS AND PHARMA L,416.0,423.25,415.05,421.6,418.35,0.78,102793,43337529.43
2025-12-09,ALANKIT,EQ,INE914E01040,ALANKIT LIMITED,10.63,10.88,10.38,10.77,10.67,0.94,225843,2432329.21
2025-12-09,ALBERTDAVD,EQ,INE155C01010,ALBERT DAVID LIMITED,751.8,776.35,751.8,759.65,755.55,0.54,3031,2302499.22
2025-12-09,ALEMBICLTD,EQ,INE426A01027,ALEMBIC LIMITED,97.97,98.39,94.83,98.06,97.96,0.1,359715,35273652.02
2025-12-09,ALICON,EQ,INE062D01024,ALICON CASTALLOY LIMITED,836.0,847.4,817.95,841.15,838.95,0.26,11558,9722011.98
2025-12-09,ALIVUS,EQ,INE03Q201024,ALIVUS LIFE SCIENCES LTD,850.7,885.85,849.6,878.6,860.05,2.16,76473,67189175.93
2025-12-09,ALKALI,EQ,INE773I01017,ALKALI METALS LTD,77.9,79.83,76.03,78.12,78.44,-0.41,5622,439190.66
2025-12-09,ALKEM,EQ,INE540L01014,ALKEM LABORATORIES LTD.,5570.0,5678.5,5550.0,5667.5,5599.0,1.22,78016,442155680.0
2025-12-09,ALKYLAMINE,EQ,INE150B01039,ALKYL AMINES CHEM. LTD,1591.1,1623.9,1584.5,1614.9,1607.0,0.49,18431,29764222.35
2025-12-09,ALLCARGO,EQ,INE418H01029,ALLCARGO LOGISTICS LTD,12.32,13.0,12.32,12.54,12.32,1.79,4644380,58240525.02
2025-12-09,ALLDIGI,EQ,INE835G01018,ALLDIGI TECH LIMITED,800.0,829.1,800.0,822.65,823.8,-0.14,3295,2710631.83
2025-12-09,ALLTIME,EQ,INE0GV601021,ALL TIME PLASTICS LIMITED,265.65,268.35,256.95,266.4,266.9,-0.19,105195,28023947.36
2025-12-09,ALMONDZ,EQ,INE326B01035,ALMONDZ GLOBAL SEC LTD,16.85,16.85,15.8,16.03,16.51,-2.91,123663,1982317.97
2025-12-09,ALOKINDS,EQ,INE270A01029,ALOK INDUSTRIES LIMITED,15.6,16.34,15.41,16.24,15.75,3.11,4661468,75702239.25
2025-12-09,ALPA,EQ,INE385I01010,ALPA LABORATORIES LTD,79.18,83.49,77.25,82.45,79.18,4.13,54755,4514549.58
2025-12-09,ALPHA,EQ,INF174KA1IA5,KOTAKMAMC - KOTAKALPHA,47.88,48.31,47.0,48.21,47.87,0.71,1756739,84692385.58
2025-12-09,ALPHAETF,EQ,INF769K01KU7,MIRAEAMC - ALPHAETF,25.57,25.57,24.76,25.11,25.2,-0.36,406300,10202193.25
2025-12-09,ALPL30IETF,EQ,INF109KC17V7,ICICIPRAMC - ICICIALPLV,27.86,27.88,27.61,27.72,27.86,-0.5,1785755,49501127.37
2025-12-09,AMBER,EQ,INE371P01015,AMBER ENTERPRISES (I) LTD,6445.5,6708.5,6340.0,6682.5,6451.0,3.59,482532,3224520090.0
2025-12-09,AMBICAAGAR,EQ,INE792B01012,AMBICA AGAR & AROMAINDLTD,25.01,25.5,24.52,25.26,25.23,0.12,7314,184751.64
2025-12-09,AMBIKCO,EQ,INE540G01014,AMBIKA COTTON MILL LTD.,1207.1,1249.0,1201.0,1228.4,1218.1,0.85,6458,7933007.36
2025-12-09,AMBUJACEM,EQ,INE079A01024,AMBUJA CEMENTS LTD,528.1,534.5,523.4,533.05,528.95,0.78,2139922,1140685395.98
2025-12-09,AMJLAND,EQ,INE606A01024,AMJ LAND HOLDINGS LIMITED,51.1,51.98,50.68,51.2,51.26,-0.12,39251,2009651.23
2025-12-09,AMNPLST,EQ,INE275D01022,AMINES & PLASTICIZERS LTD,176.0,179.29,173.0,175.35,177.63,-1.28,4976,872541.63
2025-12-09,AMRUTANJAN,EQ,INE098F01031,AMRUTAJAN HEALTH LTD,631.7,677.0,629.8,661.45,640.45,3.28,14178,9378038.27
2025-12-09,ANANDRATHI,EQ,INE463V01026,ANAND RATHI WEALTH LTD,1410.0,1441.9,1396.5,1434.0,1419.75,1.0,5645988,8096346792.0
2025-12-09,ANANTRAJ,EQ,INE242C01024,ANANT RAJ LIMITED,503.1,513.95,484.0,504.65,503.15,0.3,4915480,2480596952.0
2025-12-09,ANDHRAPAP,EQ,INE435A01051,ANDHRA PAPER LIMITED,66.2,66.98,64.87,65.58,65.74,-0.24,73655,4830295.03
2025-12-09,ANDHRSUGAR,EQ,INE715B01021,ANDHRA SUGARS LTD,73.94,77.0,72.9,76.07,73.94,2.88,206302,15693393.08
2025-12-09,ANGELONE,EQ,INE732I01021,ANGEL ONE LIMITED,253.3,254.04,245.92,253.35,254.26,-0.36,5069230,1284289451.44
2025-12-09,ANIKINDS,EQ,INE087B01017,ANIK INDUSTRIES LTD,53.99,53.99,50.39,52.18,52.3,-0.23,5300,276554.0
2025-12-09,ANNAPURNA,EQ,INE0MGM01017,ANNAPURNA SWADISHT LTD,215.25,221.5,208.0,214.0,216.5,-1.15,53250,11395500.0
2025-12-09,ANTELOPUS,EQ,INE818A01017,ANTELOPUS SELAN ENRGY LTD,371.1,379.4,363.8,374.35,371.1,0.88,57922,21683101.05
2025-12-09,ANTGRAPHIC,EQ,INE414B01021,ANTARCTICA LTD,0.99,0.99,0.94,0.95,0.97,-2.06,142936,135789.2
2025-12-09,ANTHEM,EQ,INE0CZ201020,ANTHEM BIOSCIENCES LTD,644.9,662.0,634.2,658.55,648.9,1.49,394358,259704456.09
2025-12-09,ANUHPHR,EQ,INE489G01022,ANUH PHARMA LIMITED,78.45,80.0,77.3,79.12,78.45,0.85,41278,3265915.47
2025-12-09,ANUP,EQ,INE294Z01018,THE ANUP ENGINEERING LTD,2237.2,2237.7,2178.0,2218.4,2248.4,-1.33,13125,29116498.72
2025-12-09,ANURAS,EQ,INE930P01018,ANUPAM RASAYAN INDIA LTD,1235.0,1309.3,1224.2,1294.6,1241.3,4.29,560200,725234906.32
2025-12-09,AONEGOLD,EQ,INF1J2R01114,AONEAMC - AONEGOLD,11.96,11.96,11.96,11.96,11.98,-0.2,0,0.0
2025-12-09,AONELIQUID,EQ,INF1J2R01056,AONEAMC - AONELIQUID,1037.73,1037.73,1037.71,1037.72,1037.58,0.01,56708,58847024.1
2025-12-09,AONENIFTY,EQ,INF1J2R01064,AONEAMC - AONENIFTY,10.68,10.68,10.54,10.59,10.63,-0.38,209229,2215735.14
2025-12-09,AONETOTAL,EQ,INF1J2R01015,AONEAMC - AONETOTAL,12.0,12.0,11.74,11.88,11.88,0.0,481580,5721170.46
2025-12-09,APARINDS,EQ,INE372A01015,APAR INDUSTRIES LTD.,8637.5,8830.0,8490.0,8783.5,8643.0,1.63,31491,276601198.5
2025-12-09,APCL,EQ,INE071F01012,ANJANI PORTLAND CEM LTD,113.6,123.0,112.05,118.67,115.33,2.9,6173,732549.9
2025-12-09,APCOTEXIND,EQ,INE116A01032,APCOTEX INDUSTRIES LIMITE,373.0,380.8,368.0,378.45,372.6,1.57,9696,3669451.32
2025-12-09,APEX,EQ,INE346W01013,APEX FROZEN FOODS LIMITED,265.0,265.0,251.4,261.85,262.4,-0.21,242309,63448613.13
2025-12-09,APLAPOLLO,EQ,INE702C01027,APL APOLLO TUBES LTD,1728.0,1745.1,1717.2,1740.8,1736.1,0.27,375983,654511224.76
2025-12-09,APLLTD,EQ,INE901L01018,ALEMBIC PHARMA LTD,880.0,894.2,850.5,886.85,880.6,0.71,49209,43641000.45
2025-12-09,APOLLO,EQ,INE713T01028,APOLLO MICRO SYSTEMS LTD,242.0,244.0,236.4,240.2,248.8,-3.46,4637115,1113835008.85
2025-12-09,APOLLOHOSP,EQ,INE437A01024,APOLLO HOSPITALS ENTER. L,7100.0,7181.5,7059.0,7091.0,7096.0,-0.07,560843,3976937713.0
2025-12-09,APOLLOPIPE,EQ,INE126J01016,APOLLO PIPES LIMITED,285.55,297.0,277.15,284.5,285.55,-0.37,75804,21566238.0
2025-12-09,APOLLOTYRE,EQ,INE438A01022,APOLLO TYRES LTD,520.35,531.0,519.0,524.6,520.35,0.82,1168279,612879134.88
2025-12-09,APOLSINHOT,EQ,INE451F01024,APOLLO SINDOORI HOTEL LTD,1230.1,1230.1,1185.0,1209.1,1207.8,0.11,458,553767.79
2025-12-09,APTUS,EQ,INE852O01025,APTUS VALUE HSG FIN I LTD,279.25,289.5,276.1,288.8,278.75,3.61,1044553,301666893.65
2025-12-09,AQYLON,EQ,INE416A01051,AQYLON NEXUS LIMITED,1505.4,1505.4,1428.0,1502.6,1433.8,4.8,433179,650894754.82
2025-12-09,ARCHIDPLY,EQ,INE877I01016,ARCHIDPLY IND. LTD,87.9,92.0,87.88,89.97,87.88,2.38,7943,714631.72
2025-12-09,ARCHIES,EQ,INE731A01020,ARCHIES LTD,18.47,19.25,18.35,18.58,18.47,0.6,14230,264393.4
2025-12-09,ARE&M,EQ,INE885A01032,AMARA RAJA ENERGY MOB LTD,927.8,942.0,911.15,938.0,927.8,1.1,257013,241078194.0
2025-12-09,ARENTERP,EQ,INE610C01014,RAJDARSHAN INDUSTRIES LTD,53.1,53.1,45.0,46.61,50.19,-7.13,3068,142999.48
2025-12-09,ARFIN,EQ,INE784R01023,ARFIN INDIA LIMITED,62.28,63.0,61.0,61.74,62.13,-0.63,61987,3827077.48
2025-12-09,ARIHANTCAP,EQ,INE420B01036,ARIHANT CAPITAL MKTS LTD,93.29,94.6,90.03,94.23,93.29,1.01,385933,36366467.89
2025-12-09,ARIHANTSUP,EQ,INE643K01018,ARIHANT SUPERSTRUCT LTD,326.05,326.05,315.5,318.2,324.15,-1.84,23511,7481200.49
2025-12-09,ARIS,EQ,INE0H9P01028,ARISINFRA SOLUTIONS LTD,121.59,126.9,118.5,126.56,122.94,2.94,453407,57383188.81
2025-12-09,ARKADE,EQ,INE0QRL01017,ARKADE DEVELOPERS LIMITED,158.34,158.51,151.59,155.67,157.92,-1.42,511046,79554529.88
2025-12-09,ARMANFIN,EQ,INE109C01017,ARMAN FIN SERV LTD,1460.0,1501.0,1420.0,1450.0,1453.8,-0.26,38442,55740900.0
2025-12-09,AROGRANITE,EQ,INE210C01013,ARO GRANITE IND. LTD.,29.69,32.47,28.15,30.47,29.06,4.85,41494,1264322.15
2025-12-09,ARROWGREEN,EQ,INE570D01018,ARROW GREENTECH LIMITED,497.4,522.9,484.2,519.7,497.4,4.48,34096,17719691.62
2025-12-09,ARSSBL,EQ,INE549H01021,ANAND RATHI SH N STK BR L,611.05,621.0,593.0,613.05,611.35,0.28,721524,442330279.39
2025-12-09,ARTEMISMED,EQ,INE025R01021,ARTEMIS MED SERVICE LTD,268.1,273.3,266.25,270.9,270.55,0.13,186398,50495217.06
2025-12-09,ARTNIRMAN,EQ,INE738V01013,ART NIRMAN LIMITED,47.48,47.48,45.03,46.85,45.92,2.03,4001,187446.84
2025-12-09,ARVEE,EQ,INE006Z01016,ARVEE LABORATORIES I LTD,216.04,216.04,193.1,203.01,228.32,-11.09,125938,25566672.69
2025-12-09,ARVIND,EQ,INE034A01011,ARVIND LIMITED,324.35,329.4,316.75,327.25,324.35,0.89,233490,76409602.5
2025-12-09,ARVINDFASN,EQ,INE955V01021,ARVIND FASHIONS LIMITED,466.9,487.0,463.5,484.0,470.3,2.91,131785,63783940.0
2025-12-09,ARVSMART,EQ,INE034S01021,ARVIND SMARTSPACES LTD,592.0,595.1,570.0,585.85,597.25,-1.91,29383,17214029.83
2025-12-09,ASAHIINDIA,EQ,INE439A01020,ASAHI INDIA GLASS LIMITED,1028.3,1031.0,989.8,1005.4,1028.3,-2.23,187471,188483347.98
2025-12-09,ASAL,EQ,INE900C01027,AUTOMOTIVE STAMPINGS & AS,501.0,506.75,488.75,499.25,501.7,-0.49,17734,8853699.5
2025-12-09,ASALCBR,EQ,INE073G01016,ASSO ALCOHOLS & BREW LTD,935.3,963.9,915.1,954.55,939.95,1.55,43967,41968699.31
2025-12-09,ASHAPURMIN,EQ,INE348A01023,ASHAPURA MINECHEM LTD,683.95,720.25,679.05,715.15,684.65,4.45,1395327,997868138.12
2025-12-09,ASHIANA,EQ,INE365D01021,ASHIANA HOUSING LTD,293.45,296.35,290.75,293.35,294.5,-0.39,22868,6708327.94
2025-12-09,ASHIMASYN,EQ,INE440A01010,ASHIMA LTD,16.5,19.98,16.42,19.49,16.72,16.57,569334,11096319.53
2025-12-09,ASHOKA,EQ,INE442H01029,ASHOKA BUILDCON LTD,163.7,168.9,159.23,167.49,164.52,1.81,2186610,366235320.91
2025-12-09,ASHOKAMET,EQ,INE760Y01011,ASHOKA METCAST LIMITED,15.63,15.63,14.86,15.45,15.48,-0.19,48393,747671.84
2025-12-09,ASHOKLEY,EQ,INE208A01029,ASHOK LEYLAND LTD,159.17,160.29,155.55,159.58,159.28,0.19,13146291,2097885141.85
2025-12-09,ASIANENE,EQ,INE276G01015,ASIAN ENERGY SERVICES LTD,270.0,278.0,258.0,274.0,267.85,2.3,275673,75534402.0
2025-12-09,ASIANHOTNR,EQ,INE363A01022,ASIAN HOTELS (NORTH) LTD,333.2,338.65,318.45,327.1,321.65,1.69,8314,2719509.45
2025-12-09,ASIANPAINT,EQ,INE021A01026,ASIAN PAINTS LIMITED,2910.0,2913.5,2788.5,2796.0,2928.3,-4.52,1839391,5142937236.0
2025-12-09,ASIANTILES,EQ,INE022I01019,ASIAN GRANITO IND. LTD.,60.0,61.35,58.72,60.67,60.74,-0.12,649834,39425427.59
2025-12-09,ASKAUTOLTD,EQ,INE491J01022,ASK AUTOMOTIVE LIMITED,455.0,470.3,446.15,469.15,457.9,2.46,701139,328939357.57
2025-12-09,ASPINWALL,EQ,INE991I01015,ASPINWALL & CO LTD,225.01,231.01,218.0,228.98,227.72,0.55,1286,294468.27
2025-12-09,ASTEC,EQ,INE563J01010,ASTEC LIFESCIENCES LTD,714.95,778.7,699.75,748.55,713.55,4.91,1466978,1098106363.99
2025-12-09,ASTERDM,EQ,INE914M01019,ASTER DM QUALITY CARE LTD,617.0,627.5,605.8,623.2,618.65,0.74,651416,405962459.15
2025-12-09,ASTRAL,EQ,INE006I01046,ASTRAL LIMITED,1422.0,1440.0,1421.0,1428.4,1433.3,-0.34,495324,707520813.69
2025-12-09,ASTRAMICRO,EQ,INE386C01029,ASTRA MICROWAVE LTD,870.0,903.95,865.6,899.9,880.3,2.23,210938,189823111.35
2025-12-09,ASTRAZEN,EQ,INE203A01020,ASTRAZENECA PHARMA IND LT,8954.0,9140.0,8930.0,9033.5,9041.5,-0.09,7839,70813606.5
2025-12-09,ATALREAL,EQ,INE0ALR01029,ATAL REALTECH LIMITED,23.95,24.2,22.89,23.92,24.2,-1.16,2145997,51332248.4
2025-12-09,ATAM,EQ,INE09KD01013,ATAM VALVES LIMITED,81.7,82.86,80.25,80.73,81.24,-0.63,12425,1003070.29
2025-12-09,ATGL,EQ,INE399L01023,ADANI TOTAL GAS LIMITED,574.0,594.0,570.4,590.1,577.05,2.26,635126,374787837.09
2025-12-09,ATHERENERG,EQ,INE0LEZ01016,ATHER ENERGY LIMITED,673.55,674.5,638.3,648.65,678.75,-4.43,3688017,2392232317.09
2025-12-09,ATL,EQ,INE0NN701020,ALLCARGO TERMINALS LTD,25.6,26.52,25.6,26.38,26.19,0.73,298236,7867465.43
2025-12-09,ATLANTAA,EQ,INE285H01022,ATLANTAA LIMITED,39.9,41.39,38.5,40.46,39.97,1.23,61116,2472753.3
2025-12-09,ATLANTAELE,EQ,INE0Z4F01028,ATLANTA ELECTRICALS LTD,820.1,872.0,814.0,863.9,828.0,4.34,84169,72713601.15
2025-12-09,ATLASCYCLE,EQ,INE446A01025,ATLAS CYCLE (HARYANA) LTD,97.5,97.5,88.84,92.33,94.38,-2.17,4901,452509.34
2025-12-09,ATUL,EQ,INE100A01010,ATUL LTD,5703.0,5890.0,5606.0,5862.5,5731.0,2.29,37920,222306000.0
2025-12-09,ATULAUTO,EQ,INE951D01028,ATUL AUTO LIMITED,428.0,436.45,420.0,434.8,428.25,1.53,88112,38311096.52
2025-12-09,AUBANK,EQ,INE949L01017,AU SMALL FINANCE BANK LTD,950.05,973.7,948.2,972.05,952.55,2.05,1880632,1828068312.64
2025-12-09,AURIONPRO,EQ,INE132H01018,AURIONPRO SOLN LTD,1030.0,1084.8,1005.9,1077.2,1030.2,4.56,149582,161129723.1
2025-12-09,AUROPHARMA,EQ,INE406A01037,AUROBINDO PHARMA LTD,1175.0,1178.3,1160.5,1163.6,1177.4,-1.17,585926,681783479.3
2025-12-09,AURUM,EQ,INE898S01029,AURUM PROPTECH LIMITED,168.63,172.0,164.35,168.37,166.98,0.83,31205,5253985.7
2025-12-09,AURUS,EQ,INE142K01011,AURUS GEM CORP LIMITED,4.95,5.06,4.65,4.91,4.95,-0.81,46259,227131.68
2025-12-09,AUSOMENT,EQ,INE218C01016,AUSOM ENTERPRISE LIMITED,110.53,111.56,105.03,109.55,110.64,-0.99,9732,1066140.63
2025-12-09,AUTOAXLES,EQ,INE449A01011,AUTOMOTIVE AXLES LIMITED,1838.1,1850.0,1793.6,1839.0,1838.1,0.05,9659,17762901.0
2025-12-09,AUTOBEES,EQ,INF204KC1337,NIPPONAMC - NETFAUTO,283.42,283.91,278.15,281.69,283.42,-0.61,268849,75732075.47
2025-12-09,AUTOIETF,EQ,INF109KC10V2,ICICIPRAMC - ICICIAUTO,28.4,28.48,27.93,28.22,28.4,-0.63,512197,14454198.99
2025-12-09,AUTOIND,EQ,INE718H01014,AUTOLINE INDUSTRIES LTD,69.01,70.99,67.88,68.83,70.57,-2.47,63333,4359210.51
2025-12-09,AVADHSUGAR,EQ,INE349W01017,AVADH SUG & ENERGY LTD,348.9,356.85,341.55,355.95,347.05,2.56,19712,7016486.64
2025-12-09,AVALON,EQ,INE0LCL01028,AVALON TECHNOLOGIES LTD,862.0,917.75,848.75,900.75,862.95,4.38,445292,401096769.0
2025-12-09,AVANTEL,EQ,INE005B01027,AVANTEL LIMITED,140.6,143.75,136.92,142.54,142.5,0.03,1715012,244457798.97
2025-12-09,AVANTIFEED,EQ,INE871C01038,AVANTI FEEDS LIMITED,800.0,803.45,777.4,794.75,804.1,-1.16,493140,391923015.0
2025-12-09,AVL,EQ,INE679V01027,ADITYA VISION LIMITED,500.7,514.45,498.25,507.45,503.15,0.85,122980,62406202.5
2025-12-09,AVONMORE,EQ,INE323B01024,AVONMORE CAP&MGT SERV LTD,17.0,17.0,16.5,16.72,16.94,-1.3,152678,2552776.06
2025-12-09,AVROIND,EQ,INE652Z01025,AVRO INDIA LIMITED,11.96,12.16,10.9,11.32,11.96,-5.31,969170,10974881.43
2025-12-09,AVTNPL,EQ,INE488D01021,AVT NATURAL PRODUCTS LTD,64.5,68.0,64.12,67.49,65.36,3.26,73619,4968546.15
2025-12-09,AWFIS,EQ,INE108V01019,AWFIS SPACE SOLUTIONS LTD,478.25,489.0,472.55,486.15,484.2,0.4,398748,193851337.77
2025-12-09,AWHCL,EQ,INE01BK01022,ANTONY WASTE HDG CELL LTD,417.3,426.75,408.05,423.75,417.3,1.55,79594,33727957.5
2025-12-09,AWL,EQ,INE699H01024,AWL AGRI BUSINESS LIMITED,249.95,250.5,245.0,246.05,250.6,-1.82,1076367,264840103.63
2025-12-09,AXISBANK,EQ,INE238A01034,AXIS BANK LIMITED,1272.0,1281.4,1263.2,1275.9,1273.8,0.16,4239279,5408896179.6
2025-12-09,AXISCADES,EQ,INE555B01013,AXISCADES TECH LTD,1267.0,1356.6,1230.0,1353.8,1292.0,4.78,70970,96079189.47
2025-12-09,AXITA,EQ,INE02EZ01022,AXITA COTTON LIMITED,9.95,9.99,9.95,9.96,9.85,1.11,2833971,28236656.61
2025-12-09,AYMSYNTEX,EQ,INE193B01039,AYM SYNTEX LIMITED,149.98,172.5,145.01,163.26,150.17,8.72,36272,5921766.52
2025-12-09,AZAD,EQ,INE02IJ01035,AZAD ENGINEERING LIMITED,1562.0,1642.8,1525.0,1637.4,1562.0,4.83,152796,250188174.13
2025-12-09,BAGFILMS,EQ,INE116D01028,B.A.G FILMS AND MEDIA LTD,6.25,6.35,6.2,6.27,6.25,0.32,40878,256305.06
2025-12-09,BAIDFIN,EQ,INE020D01022,BAID FINSERV LIMITED,9.81,9.99,9.76,9.89,10.0,-1.1,86707,857532.26
2025-12-09,BAJAJ-AUTO,EQ,INE917I01010,BAJAJ AUTO LIMITED,8990.0,9034.5,8880.0,8961.0,9026.0,-0.72,373015,3342587415.0
2025-12-09,BAJAJCON,EQ,INE933K01021,BAJAJ CONSUMER CARE LTD,257.0,262.9,251.0,257.45,257.85,-0.16,900807,231912773.15
2025-12-09,BAJAJELEC,EQ,INE193E01025,BAJAJ ELECT.LTD,476.0,477.0,458.15,472.45,480.4,-1.65,371464,175498171.33
2025-12-09,BAJAJFINSV,EQ,INE918I01026,BAJAJ FINSERV LTD.,2050.0,2081.8,2039.0,2069.5,2059.2,0.5,1176704,2435188928.0
2025-12-09,BAJAJHCARE,EQ,INE411U01027,BAJAJ HEALTHCARE LIMITED,401.1,418.5,399.45,415.6,406.5,2.24,134333,55828795.62
2025-12-09,BAJAJHFL,EQ,INE377Y01014,BAJAJ HOUSING FINANCE LTD,93.45,96.38,92.1,95.53,93.65,2.01,18628273,1779558896.95
2025-12-09,BAJAJHIND,EQ,INE306A01021,BAJAJ HINDUSTHAN SUGAR LT,18.7,19.1,18.19,19.0,18.73,1.44,5590141,106212679.0
2025-12-09,BAJAJHLDNG,EQ,INE118A01012,BAJAJ HOLDINGS & INVS LTD,10988.0,11127.0,10880.0,11063.0,10968.0,0.87,60470,668979610.0
2025-12-09,BAJAJINDEF,EQ,INE0O9T01021,INDEF MANUFACTURING LTD,332.15,332.15,313.45,319.5,325.6,-1.87,33439,10683760.5
2025-12-09,BAJEL,EQ,INE0KQN01018,BAJEL PROJECTS LIMITED,167.9,171.9,163.46,168.14,169.58,-0.85,180689,30381048.35
2025-12-09,BAJFINANCE,EQ,INE296A01032,BAJAJ FINANCE LIMITED,1025.0,1026.0,1013.7,1016.7,1026.4,-0.95,5968501,6068175039.56
2025-12-09,BALAJEE,EQ,INE0S2G01011,SHREE TIRUPATI BALAJEE L,40.4,40.4,39.46,39.96,40.0,-0.1,35625,1423574.97
2025-12-09,BALAJITELE,EQ,INE794B01026,BALAJI TELEFILMS LIMITED.,105.52,107.35,102.5,103.95,105.52,-1.49,82642,8590635.65
2025-12-09,BALAMINES,EQ,INE050E01027,BALAJI AMINES LIMITED,1100.2,1149.9,1080.0,1142.2,1098.8,3.95,91666,104700900.72
2025-12-09,BALAXI,EQ,INE618N01022,BALAXI PHARMA LTD,31.55,32.8,31.4,32.13,32.67,-1.65,48268,1550850.89
2025-12-09,BALKRISHNA,EQ,INE875R01011,BALKRISHNA PAPER MILLS L,20.04,20.5,19.52,19.94,20.03,-0.45,9317,185780.98
2025-12-09,BALKRISIND,EQ,INE787D01026,BALKRISHNA IND. LTD,2343.0,2357.0,2307.0,2324.6,2356.7,-1.36,55431,128854908.01
2025-12-09,BALMLAWRIE,EQ,INE164A01016,BALMER LAWRIE & CO LTD,176.74,178.19,172.5,176.16,176.74,-0.33,230531,40610341.8
2025-12-09,BALPHARMA,EQ,INE083D01012,BAL PHARMA LTD.,72.84,73.99,70.8,73.33,72.84,0.67,10046,736673.2
2025-12-09,BALRAMCHIN,EQ,INE119A01028,BALRAMPUR CHINI MILLS LTD,429.0,430.8,407.8,416.35,429.05,-2.96,1418681,590667843.01
2025-12-09,BALUFORGE,EQ,INE011E01029,BALU FORGE INDUSTRIES LTD,585.0,656.65,574.05,641.35,592.3,8.28,1823136,1169268229.09
2025-12-09,BANARBEADS,EQ,INE655B01011,BANARAS BEADS LTD,126.26,132.16,126.26,128.73,128.84,-0.09,3946,507968.56
2025-12-09,BANARISUG,EQ,INE459A01010,BANNARI AMMAN SUGARS LTD,3619.7,3619.7,3600.0,3601.4,3600.1,0.04,535,1926748.95
2025-12-09,BANCOINDIA,EQ,INE213C01025,BANCO PRODUCTS (I) LTD,701.25,734.7,692.5,728.5,705.95,3.19,635626,463053541.0
2025-12-09,BANDHANBNK,EQ,INE545U01014,BANDHAN BANK LIMITED,135.71,141.4,134.25,141.0,135.47,4.08,9961299,1404543159.0
2025-12-09,BANG,EQ,INE863I01016,BANG OVERSEAS LTD.,51.71,53.45,50.0,50.85,51.71,-1.66,26704,1357898.36
2025-12-09,BANKA,EQ,INE862Y01015,BANKA BIOLOO LIMITED,66.05,67.0,63.96,65.58,67.32,-2.58,6982,457879.57
2025-12-09,BANKADD,EQ,INF740KA1RX3,DSPAMC - DSPBANK,60.36,60.54,60.12,60.29,60.36,-0.12,51397,3098725.18
2025-12-09,BANKBARODA,EQ,INE028A01039,BANK OF BARODA,282.85,290.35,281.35,289.85,285.2,1.63,7821588,2267087329.54
2025-12-09,BANKBEES,EQ,INF204KB15I9,NIP IND ETF BANK BEES,610.75,611.99,608.04,610.28,611.47,-0.19,1128527,688717490.62
2025-12-09,BANKBETF,EQ,INF0QA701714,BFAM - BANKBETF,59.96,60.5,59.66,59.92,59.96,-0.07,17378,1041289.73
2025-12-09,BANKETF,EQ,INF769K01KR3,MIRAEAMC - BANKETF,598.26,602.05,598.0,600.47,600.0,0.08,2136,1282603.86
2025-12-09,BANKIETF,EQ,INF109KC15I8,ICICIPRAMC - IPRU5008,59.13,60.73,59.13,60.5,60.65,-0.25,181909,11005494.5
2025-12-09,BANKINDIA,EQ,INE084A01016,BANK OF INDIA,137.93,141.9,136.71,141.64,138.15,2.53,10059178,1424781965.78
2025-12-09,BANKNIFTY1,EQ,INF174KA1ZB7,KOTAKMAMC-KOTAKBKETF,609.98,613.51,608.5,611.85,611.49,0.06,10667,6526603.69
2025-12-09,BANKPSU,EQ,INF769K01LZ4,MIRAEAMC - BANKPSU,81.7,82.97,81.05,82.73,81.76,1.19,19988,1653607.31
2025-12-09,BANSALWIRE,EQ,INE0B9K01025,BANSAL WIRE INDUSTRIES L,312.85,319.0,303.7,316.9,311.1,1.86,84621,26816394.38
2025-12-09,BANSWRAS,EQ,INE629D01020,BANSWARA SYNTEX LIMITED,114.98,121.95,111.0,115.99,113.5,2.19,57762,6699814.26
2025-12-09,BASF,EQ,INE373A01013,BASF INDIA LTD,4020.2,4085.0,3979.9,4021.4,4024.1,-0.07,16519,66429504.99
2025-12-09,BATAINDIA,EQ,INE176A01028,BATA INDIA LTD,951.2,996.85,942.0,984.2,948.5,3.76,168663,165998126.66
2025-12-09,BAYERCROP,EQ,INE462A01022,BAYER CROPSCIENCE LTD,4435.6,4464.7,4385.5,4389.7,4435.6,-1.03,22152,97240638.73
2025-12-09,BBETF0432,EQ,INF754K01OB1,EDELAMC - BBETF0432,1316.38,1318.4,1313.63,1316.05,1316.38,-0.03,5135,6757917.0
2025-12-09,BBL,EQ,INE464A01036,BHARAT BIJLEE LTD,2737.5,2809.0,2737.5,2785.1,2779.2,0.21,20444,56938586.4
2025-12-09,BBNPNBETF,EQ,INF251K01TL6,BARODABNP - BBNPNBETF,60.7,60.7,59.19,59.64,59.67,-0.05,924,55107.36
2025-12-09,BBNPPGOLD,EQ,INF251K01SU9,BARODABNP - BBNPPGOLD,122.3,125.65,122.3,124.05,124.8,-0.6,43018,5336383.03
2025-12-09,BBOX,EQ,INE676A01027,BLACK BOX LIMITED,515.05,536.75,510.8,526.1,521.9,0.8,995182,523565225.9
2025-12-09,BBTC,EQ,INE050A01025,BOMBAY BURMAH TRADING COR,1801.0,1900.0,1798.1,1893.4,1812.8,4.45,130456,247005393.58
2025-12-09,BBTCL,EQ,INE01EE01011,B&B TRIPLEWALL CONT LTD,195.0,199.9,191.22,195.12,194.17,0.49,2749,536384.87
2025-12-09,BCG,EQ,INE425B01027,BRIGHTCOM GROUP LIMITED,11.08,11.58,10.8,11.39,11.1,2.61,9422085,107317551.38
2025-12-09,BCLIND,EQ,INE412G01024,BCL INDUSTRIES LIMITED,30.7,32.13,30.41,31.93,30.77,3.77,832401,26578564.18
2025-12-09,BCONCEPTS,EQ,INE977Y01011,BRAND CONCEPTS LIMITED,287.2,306.95,277.75,306.85,292.35,4.96,6001,1841406.89
2025-12-09,BDL,EQ,INE171Z01026,BHARAT DYNAMICS LIMITED,1422.0,1434.9,1385.4,1427.4,1423.1,0.3,1923537,2745656760.76
2025-12-09,BEARDSELL,EQ,INE520H01022,BEARDSELL LIMITED,27.96,30.61,27.96,30.23,28.43,6.33,76446,2310962.55
2025-12-09,BECTORFOOD,EQ,INE495P01020,MRS BECTORS FOOD SPE LTD,258.2,262.16,252.08,259.98,258.38,0.62,924285,240295624.45
2025-12-09,BEDMUTHA,EQ,INE844K01012,BEDMUTHA INDUST LTD,98.0,102.41,95.0,101.36,99.68,1.69,7876,798311.36
2025-12-09,BEL,EQ,INE263A01024,BHARAT ELECTRONICS LTD,385.05,391.0,380.55,389.45,386.4,0.79,19270896,7505050682.44
2025-12-09,BELLACASA,EQ,INE344T01014,BELLA CASA FASH AND RET L,372.9,411.0,366.4,401.9,374.85,7.22,19204,7718087.48
2025-12-09,BELRISE,EQ,INE894V01022,BELRISE INDUSTRIES LTD,159.0,160.22,156.06,158.54,160.99,-1.52,8508970,1349012046.67
2025-12-09,BEML,EQ,INE258A01024,BEML LIMITED,1649.2,1687.5,1601.0,1683.6,1641.3,2.58,407931,686792621.64
2025-12-09,BEPL,EQ,INE922A01025,BHANSALI ENG. POLYMERS LT,89.0,89.99,88.0,88.23,89.74,-1.68,391863,34574073.81
2025-12-09,BERGEPAINT,EQ,INE463A01038,BERGER PAINTS (I) LTD,535.1,543.85,529.05,539.95,539.1,0.16,475084,256521611.6
2025-12-09,BESTAGRO,EQ,INE052T01021,BEST AGROLIFE LIMITED,24.33,25.0,23.9,24.85,24.62,0.91,1570635,39025043.78
2025-12-09,BETA,EQ,INE351Y01019,BETA DRUGS LIMITED,1612.0,1650.1,1590.1,1630.7,1624.7,0.37,9411,15346517.24
2025-12-09,BFINVEST,EQ,INE878K01010,BF INVESTMENT LIMITED,399.3,411.2,394.55,406.0,404.95,0.26,18084,7342104.0
2025-12-09,BFSI,EQ,INF769K01HI8,MIRAEAMC - MAFSETF,28.5,28.59,28.36,28.48,28.6,-0.42,130654,3721025.86
2025-12-09,BFUTILITIE,EQ,INE243D01012,BF UTILITIES LIMITED,584.0,593.0,565.0,583.75,582.65,0.19,17001,9924333.75
2025-12-09,BHAGCHEM,EQ,INE414D01027,BHAGIRADHA CHEM & INDS L,231.89,239.0,226.1,236.05,231.89,1.79,76096,17962461.03
2025-12-09,BHAGYANGR,EQ,INE458B01036,BHAGYANAGAR INDIA LIMITED,125.9,127.99,120.01,123.85,126.0,-1.71,81497,10093403.33
2025-12-09,BHANDARI,EQ,INE474E01029,BHANDARI HOSIERY EXP LTD,4.14,4.14,4.0,4.05,4.1,-1.22,226317,916583.89
2025-12-09,BHARATFORG,EQ,INE465A01025,BHARAT FORGE LTD,1368.0,1390.8,1347.5,1383.3,1373.6,0.71,700847,969481689.32
2025-12-09,BHARATRAS,EQ,INE838B01021,BHARAT RASAYAN LTD,2491.5,2504.25,2437.75,2492.0,2475.75,0.66,28120,70075040.0
2025-12-09,BHARATSE,EQ,INE415D01024,BHARAT SEATS LIMITED,162.0,172.0,158.6,168.88,164.96,2.38,141769,23941949.41
2025-12-09,BHARATWIRE,EQ,INE316L01019,BHARAT WIRE ROPES LTD.,171.12,176.5,168.7,175.03,171.12,2.28,76954,13469258.53
2025-12-09,BHARTIARTL,EQ,INE397D01024,BHARTI AIRTEL LIMITED,2086.8,2100.4,2080.4,2089.7,2086.2,0.17,5139229,10739446590.36
2025-12-09,BHARTIHEXA,EQ,INE343G01021,BHARTI HEXACOM LIMITED,1727.9,1736.4,1682.1,1695.8,1727.9,-1.86,151256,256499932.19
2025-12-09,BHEL,EQ,INE257A01026,BHEL,269.4,280.55,268.9,277.0,269.7,2.71,9945144,2754804888.0
2025-12-09,BIGBLOC,EQ,INE412U01025,BIGBLOC CONSTRUCTION LTD,65.0,66.49,62.51,65.91,65.18,1.12,218992,14433763.52
2025-12-09,BIKAJI,EQ,INE00E101023,BIKAJI FOODS INTERN LTD,702.45,707.2,693.4,705.0,708.25,-0.46,170669,120321645.0
2025-12-09,BIL,EQ,INE828A01016,BHARTIYA INTERNATIONAL,770.0,776.2,743.7,768.8,763.15,0.74,2980,2291023.96
2025-12-09,BIOCON,EQ,INE376G01013,BIOCON LIMITED.,383.0,386.9,375.55,383.65,383.8,-0.04,4551712,1746264281.02
2025-12-09,BIOFILCHEM,EQ,INE829A01014,BIOFIL CHEM & PHARMA LTD,33.66,35.6,33.12,33.8,33.66,0.42,9448,319342.39
2025-12-09,BIRLACABLE,EQ,INE800A01015,BIRLA CABLE LIMITED,132.45,135.5,129.74,134.32,132.43,1.43,26951,3620058.52
2025-12-09,BIRLACORPN,EQ,INE340A01012,BIRLA CORPORATION LTD,1062.0,1066.8,1041.6,1044.5,1057.3,-1.21,143490,149875305.0
2025-12-09,BIRLAMONEY,EQ,INE865C01022,ADITYA BIRLA MONEY LTD,145.25,149.34,145.0,147.54,147.4,0.09,27300,4027841.82
2025-12-09,BIRLANU,EQ,INE557A01011,BIRLANU LIMITED,1555.0,1615.0,1511.1,1590.6,1554.2,2.34,12015,19111058.71
2025-12-09,BLACKBUCK,EQ,INE0UIZ01018,BLACKBUCK LIMITED,623.5,634.4,606.0,626.15,630.15,-0.63,830923,520282456.74
2025-12-09,BLAL,EQ,INE0N7W01012,BEML LAND ASSETS LIMITED,197.0,205.6,196.26,203.92,196.43,3.81,46139,9408664.8
2025-12-09,BLBLIMITED,EQ,INE791A01024,BLB LIMITED,14.28,14.85,13.84,14.44,14.35,0.63,182763,2639097.64
2025-12-09,BLKASHYAP,EQ,INE350H01032,B.L.KASHYAP & SON LTD,45.52,47.26,45.11,46.71,45.73,2.14,194884,9103031.46
2025-12-09,BLS,EQ,INE153T01027,BLS INTL SERVS LTD,313.75,321.0,304.3,319.9,314.9,1.59,1498240,479286966.86
2025-12-09,BLSE,EQ,INE0NLT01010,BLS E-SERVICES LIMITED,209.0,211.7,205.21,207.94,209.96,-0.96,216697,45059974.71
2025-12-09,BLUECOAST,EQ,INE472B01011,BLUE COAST HOTELS LIMITED,38.01,38.99,37.0,38.57,38.5,0.18,9485,365836.45
2025-12-09,BLUEDART,EQ,INE233B01017,BLUE DART EXPRESS LTD,5461.5,5467.0,5391.0,5421.0,5461.5,-0.74,16094,87245574.0
2025-12-09,BLUEJET,EQ,INE0KBH01020,BLUE JET HEALTHCARE LTD,544.9,554.95,533.25,547.5,548.8,-0.24,286990,157127025.0
2025-12-09,BLUESTARCO,EQ,INE472A01039,BLUE STAR LIMITED,1723.3,1752.0,1705.0,1738.6,1723.2,0.89,225965,392862743.48
2025-12-09,BLUESTONE,EQ,INE304W01038,BLUESTONE JEWEL LFSTL LTD,537.95,556.15,524.65,552.85,533.3,3.67,205386,113547645.09
2025-12-09,BLUSPRING,EQ,INE0U4101014,BLUSPRING ENTERPRISES LTD,65.16,66.5,62.61,65.9,65.12,1.2,307790,20283361.47
2025-12-09,BMWVENTLTD,EQ,INE965W01036,BMW VENTURES LIMITED,60.8,62.5,58.0,61.52,59.83,2.82,938453,57733628.99
2025-12-09,BNKETFAXIS,EQ,INF846K01X63,AXISAMC-BNKETFAXIS,607.37,609.9,606.44,608.25,609.17,-0.15,321,195248.25
2025-12-09,BODALCHEM,EQ,INE338D01028,BODAL CHEMICALS LTD,50.79,52.01,49.5,51.38,50.77,1.2,167537,8608051.24
2025-12-09,BOHRAIND,EQ,INE802W01023,BOHRA INDUSTRIES LIMITED,20.4,21.78,18.31,20.28,19.8,2.42,71698,1454035.49
2025-12-09,BOMDYEING,EQ,INE032A01023,BOMBAY DYEING & MFG. CO L,128.0,132.8,125.0,131.24,128.41,2.2,889573,116747565.41
2025-12-09,BORANA,EQ,INE16SF01016,BORANA WEAVES LIMITED,268.0,283.9,266.0,282.0,271.05,4.04,33138,9344916.0
2025-12-09,BOROLTD,EQ,INE02PY01013,BOROSIL LIMITED,299.8,310.0,292.25,307.0,300.1,2.3,55622,17075954.0
2025-12-09,BORORENEW,EQ,INE666D01022,BOROSIL RENEWABLES LTD,534.0,554.0,525.0,546.7,536.2,1.96,502251,274580627.83
2025-12-09,BOROSCI,EQ,INE02L001032,BOROSIL SCIENTIFIC LTD,121.52,125.0,120.5,123.71,121.52,1.8,34728,4296200.85
2025-12-09,BOSCH-HCIL,EQ,INE782A01015,BOSCH HOME COMFRT IND LTD,1378.0,1449.9,1350.0,1417.3,1395.2,1.58,29823,42268139.36
2025-12-09,BOSCHLTD,EQ,INE323A01026,BOSCH LIMITED,36660.0,36885.0,36285.0,36780.0,36595.0,0.51,15770,580020600.0
2025-12-09,BPCL,EQ,INE029A01011,BHARAT PETROLEUM CORP  LT,357.55,358.75,352.95,355.05,357.55,-0.7,5612269,1992636039.94
2025-12-09,BPL,EQ,INE110A01019,BPL LTD,51.24,58.69,50.6,55.79,51.34,8.67,561402,31320618.09
2025-12-09,BRIGADE,EQ,INE791I01019,BRIGADE ENTER. LTD,645.0,645.94,628.88,641.96,645.49,-0.55,1386766,890251802.13
2025-12-09,BRIGHOTEL,EQ,INE03NU01014,BRIGADE HOTEL VENTURE LTD,73.6,73.94,72.06,72.83,74.57,-2.33,174748,12726897.16
2025-12-09,BRITANNIA,EQ,INE216A01030,BRITANNIA INDUSTRIES LTD,5850.0,5893.0,5780.0,5884.0,5847.5,0.62,174714,1028017176.0
2025-12-09,BRNL,EQ,INE727S01012,BHARAT ROAD NETWORK LTD,22.94,22.94,21.86,22.55,22.3,1.12,141563,3192245.54
2025-12-09,BROOKS,EQ,INE650L01011,BROOKS LAB LIMITED,97.57,99.0,93.51,96.71,95.24,1.54,43087,4166943.73
2025-12-09,BSE,EQ,INE118H01025,BSE LIMITED,2795.0,2795.0,2630.0,2715.8,2798.8,-2.97,7832840,21272427254.46
2025-12-09,BSE500IETF,EQ,INF109KC1V59,ICICIPRAMC - ICICI500,39.61,39.85,39.35,39.78,39.79,-0.03,163877,6519026.86
2025-12-09,BSHSL,EQ,INE032Z01020,BOMBAY SUPER HYBRID SEEDS,98.13,98.13,94.15,96.91,98.13,-1.24,18388,1781981.15
2025-12-09,BSL,EQ,INE594B01012,BSL LTD,163.64,163.64,156.0,158.42,158.02,0.25,10273,1627448.64
2025-12-09,BSLGOLDETF,EQ,INF209KB18D3,ADITYBIRLA SL GOLD ETF-GR,114.34,114.34,111.83,112.59,113.35,-0.67,178274,20071869.01
2025-12-09,BSLNIFTY,EQ,INF209KB19D1,ADITYBIRLA SL NIF ETF-GR,30.98,30.98,29.97,30.1,30.23,-0.43,218707,6583080.78
2025-12-09,BSLSENETFG,EQ,INF209KB10E8,BIRLASLAMC - BSLSENETFG,86.7,86.7,84.52,84.83,85.29,-0.54,1290,109430.7
2025-12-09,BSOFT,EQ,INE836A01035,BIRLASOFT LIMITED,427.5,434.8,419.0,430.4,428.15,0.53,2322782,999725358.62
2025-12-09,BTML,EQ,INE0EEJ01023,BODHI TREE MULTIMEDIA LTD,8.5,8.65,8.3,8.36,8.31,0.6,92042,769471.09
2025-12-09,BUTTERFLY,EQ,INE295F01017,BTRFLY GANDHI APPL LTD,643.0,671.55,632.0,667.35,650.8,2.54,5944,3966728.25
2025-12-09,BVCL,EQ,INE139I01011,BARAK VALLEY CEM. LTD.,41.5,41.5,39.73,40.06,41.82,-4.21,13862,555311.74
2025-12-09,CAMLINFINE,EQ,INE052I01032,CAMLIN FINE SCIENCES LTD,145.25,150.0,141.0,149.35,145.73,2.48,239766,35809053.56
2025-12-09,CAMPUS,EQ,INE278Y01022,CAMPUS ACTIVEWEAR LIMITED,265.0,271.5,260.15,270.85,266.25,1.73,214124,57995486.71
2025-12-09,CAMS,EQ,INE596I01020,COMPUTER AGE MNGT SER LTD,745.9,754.5,733.0,749.5,753.4,-0.52,1307977,980328761.5
2025-12-09,CANBK,EQ,INE476A01022,CANARA BANK,142.55,146.49,141.11,146.19,142.84,2.35,30373958,4440368994.18
2025-12-09,CANFINHOME,EQ,INE477A01020,CAN FIN HOMES LTD,915.05,915.95,891.35,906.85,913.0,-0.67,270182,245014540.1
2025-12-09,CANHLIFE,EQ,INE01TY01017,CANARA HSBC LIFE INS CO L,122.0,123.98,119.65,122.58,121.89,0.57,1289924,158118886.28
2025-12-09,CANTABIL,EQ,INE068L01024,CANTABIL RETAIL LTD,268.36,272.9,260.23,267.56,268.36,-0.3,663170,177437763.58
2025-12-09,CAPACITE,EQ,INE264T01014,CAPACITE INFRAPROJECT LTD,252.1,262.7,247.3,259.7,251.65,3.2,408517,106091869.89
2025-12-09,CAPILLARY,EQ,INE0ILV01024,CAPILLARY TECHNO INDIA L,651.0,715.95,628.75,705.55,660.95,6.75,9588344,6765055992.15
2025-12-09,CAPITALSFB,EQ,INE646H01017,CAPITAL SMALL FIN BANK L,268.75,271.8,265.1,268.45,270.1,-0.61,26950,7234727.83
2025-12-09,CAPLIPOINT,EQ,INE475E01026,CAPLIN POINT LAB LTD.,1945.0,1956.8,1869.0,1904.8,1927.6,-1.18,116362,221646343.28
2025-12-09,CARBORUNIV,EQ,INE120A01034,CARBORUNDUM UNIVERSAL LTD,841.6,885.0,822.1,871.0,848.75,2.62,230290,200582590.0
2025-12-09,CARERATING,EQ,INE752H01013,CARE RATINGS LIMITED,1545.5,1560.5,1519.0,1550.1,1550.6,-0.03,54992,85243097.86
2025-12-09,CARRARO,EQ,INE0V7W01012,CARRARO INDIA LIMITED,513.7,521.1,503.0,515.4,513.2,0.43,122533,63153511.19
2025-12-09,CARTRADE,EQ,INE290S01011,CARTRADE TECH LIMITED,2764.6,2764.6,2605.5,2716.5,2760.5,-1.59,718410,1951560765.0
2025-12-09,CARYSIL,EQ,INE482D01024,CARYSIL LIMITED,908.1,942.5,902.2,936.8,913.7,2.53,83123,77869625.39
2025-12-09,CASTROLIND,EQ,INE172A01027,CASTROL INDIA LIMITED,187.6,190.0,185.21,188.71,189.1,-0.21,1345969,253997819.03
2025-12-09,CCAVENUE,EQ,INE483S01020,AVENUESAI LIMITED,16.95,18.88,16.54,17.71,16.99,4.24,11068429,196021867.46
2025-12-09,CCCL,EQ,INE429I01024,CONS. CONST. CONSORT LTD,17.7,18.35,17.5,17.69,17.68,0.06,251927,4456588.76
2025-12-09,CCHHL,EQ,INE652F01027,COUNTRY CLUB HOSP HOL LTD,15.15,16.35,15.02,15.42,15.19,1.51,28844,444774.48
2025-12-09,CCL,EQ,INE421D01022,CCL PRODUCTS (I) LTD,941.9,978.9,926.6,975.3,941.6,3.58,309618,301970431.62
2025-12-09,CDSL,EQ,INE736A01011,CENTRAL DEPO SER (I) LTD,1505.0,1523.9,1458.4,1517.2,1520.9,-0.24,2122000,3219498296.39
2025-12-09,CEATLTD,EQ,INE482A01020,CEAT LIMITED,3839.9,3867.4,3709.3,3849.4,3833.0,0.43,97343,374712134.69
2025-12-09,CEIGALL,EQ,INE0AG901020,CEIGALL INDIA LIMITED,228.96,230.0,222.61,226.39,229.8,-1.48,159863,36191384.47
2025-12-09,CELEBRITY,EQ,INE185H01016,CELEBRITY FASHIONS LTD,8.87,8.95,8.26,8.57,8.83,-2.94,18388,157585.15
2025-12-09,CELLO,EQ,INE0LMW01024,CELLO WORLD LIMITED,541.1,548.0,534.0,539.55,546.5,-1.27,391530,211250006.72
2025-12-09,CEMPRO,EQ,INE686A01026,CEMINDIA PROJECTS LIMITED,791.1,829.4,783.0,822.7,789.7,4.18,393586,323803207.0
2025-12-09,CENTENKA,EQ,INE485A01015,CENTURY ENKA LTD,416.0,429.4,415.0,424.15,416.55,1.82,15907,6746953.95
2025-12-09,CENTEXT,EQ,INE281A01026,CENTURY EXTRUSIONS LTD,20.77,22.0,20.17,21.82,21.23,2.78,171861,3750006.97
2025-12-09,CENTRALBK,EQ,INE483A01010,CENTRAL BANK OF INDIA,36.19,36.56,35.52,36.48,36.27,0.58,5614834,204829141.75
2025-12-09,CENTRUM,EQ,INE660C01027,CENTRUM CAPITAL LIMITED,28.9,29.69,28.5,29.49,29.19,1.03,130582,3850863.15
2025-12-09,CENTUM,EQ,INE320B01020,CENTUM ELECTRONICS LTD,2146.2,2280.0,2111.0,2242.0,2167.8,3.42,56367,126374814.0
2025-12-09,CENTURYPLY,EQ,INE348B01021,CENTURY PLYBOARDS (I) LTD,781.6,800.4,775.65,797.85,788.75,1.15,51074,40749389.65
2025-12-09,CERA,EQ,INE739E01017,CERA SANITARYWARE LTD,5328.0,5328.0,5231.0,5265.0,5320.5,-1.04,20391,107358615.0
2025-12-09,CESC,EQ,INE486A01021,CESC LTD,168.3,168.48,165.2,165.98,168.42,-1.45,1087403,180487145.29
2025-12-09,CEWATER,EQ,INE037Z01029,CONCORD ENVIRO SYSTEMS L,354.05,412.9,349.65,393.95,354.4,11.16,924059,364033054.33
2025-12-09,CGCL,EQ,INE180C01042,CAPRI GLOBAL CAPITAL LTD,186.0,187.23,182.37,183.39,185.79,-1.29,1687617,309492080.6
2025-12-09,CGPOWER,EQ,INE067A01029,CG POWER AND IND SOL LTD,641.0,670.35,634.65,667.8,647.15,3.19,3303762,2206252223.27
2025-12-09,CHALET,EQ,INE427F01016,CHALET HOTELS LIMITED,890.0,893.6,871.1,879.2,892.55,-1.5,396340,348462132.84
2025-12-09,CHAMBLFERT,EQ,INE085A01013,CHAMBAL FERTILIZERS LTD,418.85,420.8,410.2,419.85,420.9,-0.25,944961,396741881.62
2025-12-09,CHEMBOND,EQ,INE995D01025,CHEMBOND MATERIALTECH LTD,157.94,163.7,153.68,158.36,157.94,0.27,4597,727980.92
2025-12-09,CHEMFAB,EQ,INE783X01023,CHEMFAB ALKALIS LIMITED,461.8,494.8,459.65,461.55,471.5,-2.11,22190,10241794.23
2025-12-09,CHEMPLASTS,EQ,INE488A01050,CHEMPLAST SANMAR LIMITED,259.0,271.0,255.85,264.85,259.0,2.26,145292,38480587.09
2025-12-09,CHENNPETRO,EQ,INE178A01016,CHENNAI PETROLEUM CORP LT,930.05,930.85,878.45,919.1,929.45,-1.11,1778001,1634160675.69
2025-12-09,CHEVIOT,EQ,INE974B01016,CHEVIOT COMPANY LIMITED,1046.1,1046.1,1021.3,1032.6,1047.6,-1.43,1318,1360966.77
2025-12-09,CHOICEIN,EQ,INE102B01014,CHOICE INTERNATIONAL LTD,741.0,743.5,720.0,723.6,743.65,-2.7,1022890,740163179.03
2025-12-09,CHOLAFIN,EQ,INE121A01024,CHOLAMANDALAM IN & FIN CO,1710.0,1735.2,1690.0,1731.2,1724.4,0.39,1381604,2391832777.34
2025-12-09,CHOLAHLDNG,EQ,INE149A01033,CHOLAMANDALAM FIN HOL LTD,1885.0,1948.7,1839.3,1940.1,1881.9,3.09,168673,327242483.18
2025-12-09,CIEINDIA,EQ,INE536H01010,CIE AUTOMOTIVE INDIA LTD,405.15,416.0,401.35,408.65,405.15,0.86,195011,79691243.96
2025-12-09,CIFL,EQ,INE345H01024,CAPITAL INDIA FINANCE LTD,36.2,36.2,34.47,35.49,35.66,-0.48,404297,14348501.21
2025-12-09,CINELINE,EQ,INE704H01022,CINELINE INDIA LIMITED,82.1,89.0,82.1,88.07,84.73,3.94,19495,1716924.64
2025-12-09,CINEVISTA,EQ,INE039B01026,CINEVISTA LIMITED,15.33,15.33,14.5,14.82,15.2,-2.5,28876,427942.31
2025-12-09,CIPLA,EQ,INE059A01026,CIPLA LTD,1497.6,1502.4,1486.5,1490.6,1497.6,-0.47,1646840,2454779663.79
2025-12-09,CLEAN,EQ,INE227W01023,CLEAN SCIENCE & TECH LTD,888.15,895.6,878.2,889.2,892.6,-0.38,242968,216047148.57
2025-12-09,CLEDUCATE,EQ,INE201M01029,CL EDUCATE LIMITED,80.57,83.39,77.62,82.28,79.81,3.09,37745,3105658.55
2025-12-09,CLSEL,EQ,INE419D01026,CHAMAN LAL SETIA EXP LTD,252.0,259.5,248.5,257.75,255.15,1.02,30535,7870396.25
2025-12-09,CMSINFO,EQ,INE925R01014,CMS INFO SYSTEMS LIMITED,347.1,353.0,343.4,351.05,347.7,0.96,345720,121365001.78
2025-12-09,CNL,EQ,INE985W01018,CREATIVE NEWTECH LIMITED,656.55,749.0,656.55,739.4,675.6,9.44,65786,48642170.01
2025-12-09,COALINDIA,EQ,INE522F01014,COAL INDIA LTD,375.1,381.2,373.35,379.35,377.35,0.53,4242651,1609449682.75
2025-12-09,COASTCORP,EQ,INE377E01024,COASTAL CORPORATION LTD,41.83,43.78,39.74,42.97,41.83,2.73,45824,1969057.34
2025-12-09,COCHINSHIP,EQ,INE704P01025,COCHIN SHIPYARD LIMITED,1615.0,1625.0,1561.0,1617.9,1616.0,0.12,883922,1430097425.38
2025-12-09,COFFEEDAY,EQ,INE335K01011,COFFEE DAY ENTERPRISE LTD,31.68,32.1,30.32,31.75,31.91,-0.5,881862,27999118.5
2025-12-09,COFORGE,EQ,INE591G01025,COFORGE LIMITED,1938.1,1938.1,1855.2,1873.5,1951.3,-3.99,2178634,4081670799.0
2025-12-09,COHANCE,EQ,INE03QK01018,COHANCE LIFESCIENCES LTD,528.0,538.45,521.3,535.0,530.2,0.91,390792,209073720.0
2025-12-09,COLPAL,EQ,INE259A01022,COLGATE PALMOLIVE LTD.,2146.0,2173.3,2137.0,2158.9,2146.4,0.58,272053,587335195.13
2025-12-09,COMMOIETF,EQ,INF109KC19O8,ICICIPRAMC - ICICICOMMO,92.03,92.29,90.5,91.83,92.02,-0.21,588063,54001826.37
2025-12-09,COMPUSOFT,EQ,INE453B01029,COMPUCOM SOFTWARE LTD,17.1,17.1,16.53,16.68,17.0,-1.88,27189,453512.53
2025-12-09,COMSYN,EQ,INE073V01015,COMMERCIAL SYN BAGS LTD,138.01,139.99,138.0,138.27,138.01,0.19,21522,2975847.03
2025-12-09,CONCOR,EQ,INE111A01025,CONTAINER CORP OF IND LTD,498.0,509.5,493.35,505.65,500.15,1.1,2303371,1164699532.09
2025-12-09,CONCORDBIO,EQ,INE338H01029,CONCORD BIOTECH LIMITED,1362.6,1409.5,1334.2,1391.4,1362.6,2.11,153622,213749654.55
2025-12-09,CONFIPET,EQ,INE552D01024,CONFIDENCE PETRO IND LTD.,34.99,35.0,32.66,33.33,34.63,-3.75,2174713,72483188.27
2025-12-09,CONS,EQ,INF174KA1ZF8,KOTAKMAMC - KOTAKCONS,124.24,125.0,123.26,124.5,124.86,-0.29,174123,21678313.5
2025-12-09,CONSUMAXIS,EQ,INF846K016C7,AXISAMC-CONSUMAXIS,127.85,127.85,123.63,124.68,124.74,-0.05,1836,228912.48
2025-12-09,CONSUMBEES,EQ,INF204KA1LD7,NIP IND ETF CONSUMPTION,135.48,135.55,133.95,135.06,135.37,-0.23,118452,15998126.83
2025-12-09,CONSUMER,EQ,INF769K01NS5,MIRAEAMC - CONSUMER,11.81,11.81,11.57,11.76,11.73,0.26,185403,2180339.32
2025-12-09,CONSUMIETF,EQ,INF109KC1V42,ICICIPRAMC - ICICICONSU,125.26,125.92,124.42,125.77,125.58,0.15,25593,3218831.52
2025-12-09,CONTROLPR,EQ,INE663B01015,CONTROL PRINT LIMITED,709.0,716.75,694.15,712.75,709.85,0.41,30222,21540730.5
2025-12-09,CORALFINAC,EQ,INE558D01021,CORAL INDIA FIN & HOUS LT,38.81,41.4,38.36,39.85,39.05,2.05,32512,1295603.15
2025-12-09,CORDSCABLE,EQ,INE792I01017,CORDS CABLE INDUS LTD.,180.1,188.72,180.1,184.2,182.34,1.02,56671,10438798.03
2025-12-09,COROMANDEL,EQ,INE169A01031,COROMANDEL INTERNTL. LTD,2315.0,2394.2,2270.0,2368.1,2314.7,2.31,427685,1012800890.27
2025-12-09,COSMOFIRST,EQ,INE757A01017,COSMO FIRST LIMITED,673.0,759.8,659.95,744.45,673.0,10.62,502448,374047419.73
2025-12-09,CPCAP,EQ,INE521J01018,CP CAPITAL LIMITED,107.29,109.99,102.62,107.82,106.28,1.45,8824,951403.68
2025-12-09,CPEDU,EQ,INE0P6P01016,CAREER POINT EDUTECH LTD,266.85,267.85,255.0,259.75,263.85,-1.55,12554,3260901.5
2025-12-09,CPPLUS,EQ,INE819V01029,ADITYA INFOTECH LIMITED,1490.5,1498.6,1451.9,1483.5,1499.0,-1.03,130805,194049217.5
2025-12-09,CPSEETF,EQ,INF457M01133,CPSE ETF,89.3,89.72,88.0,89.6,89.3,0.34,889023,79656459.44
2025-12-09,CRAFTSMAN,EQ,INE00LO01017,CRAFTSMAN AUTOMATION LTD,6865.0,7100.0,6723.0,7076.0,6909.0,2.42,25464,180183264.0
2025-12-09,CRAMC,EQ,INE218I01013,CANARA ROBECO AMC LIMITED,277.15,281.0,274.3,278.2,281.45,-1.15,501825,139607721.13
2025-12-09,CREATIVEYE,EQ,INE230B01021,CREATIVE EYE LIMITED,6.97,7.32,6.6,6.94,6.91,0.43,38705,268612.7
2025-12-09,CREDITACC,EQ,INE741K01010,CREDITACCESS GRAMEEN LTD,1240.3,1275.0,1232.8,1268.4,1250.3,1.45,127738,162022882.32
2025-12-09,CREST,EQ,INE559D01011,CREST VENTURES LIMITED,359.35,359.35,355.15,356.85,358.3,-0.4,4997,1783179.48
2025-12-09,CRESTO,EQ,INE203Y01012,CRESTO TECHNO LIMITED,23.75,23.98,23.01,23.31,24.18,-3.6,18729,436572.98
2025-12-09,CRISIL,EQ,INE007A01025,CRISIL LTD,4349.0,4420.0,4282.0,4398.2,4345.4,1.22,66115,290787005.91
2025-12-09,CRIZAC,EQ,INE0S4R01014,CRIZAC LIMITED,266.9,279.0,260.05,275.65,266.65,3.38,276256,76149964.71
2025-12-09,CROMPTON,EQ,INE299U01018,CROMPT GREA CON ELEC LTD,252.3,254.85,250.1,253.15,252.7,0.18,1704967,431612385.64
2025-12-09,CROWN,EQ,INE491V01019,CROWN LIFTERS LIMITED,134.72,135.72,129.05,130.5,132.09,-1.2,8725,1138612.5
2025-12-09,CSBBANK,EQ,INE679A01013,CSB BANK LIMITED,377.1,398.0,377.1,395.95,382.0,3.65,240611,95269928.39
2025-12-09,CSLFINANCE,EQ,INE718F01018,CSL FINANCE LIMITED,281.0,294.0,275.15,288.2,281.15,2.51,19100,5504620.23
2025-12-09,CUB,EQ,INE491A01021,CITY UNION BANK LTD,198.9,199.99,195.79,198.3,198.68,-0.19,2346599,465330588.86
2025-12-09,CUBEXTUB,EQ,INE144D01012,CUBEX TUBINGS LTD,89.98,89.98,85.3,86.4,86.66,-0.3,19075,1648080.03
2025-12-09,CUMMINSIND,EQ,INE298A01020,CUMMINS INDIA LTD,4460.1,4496.0,4412.1,4479.1,4467.0,0.27,405777,1817515800.33
2025-12-09,CUPID,EQ,INE509F01029,CUPID LIMITED,76.5,78.4,74.64,78.31,76.0,3.04,26808130,2099344594.85
2025-12-09,CYIENT,EQ,INE136B01020,CYIENT LIMITED,1143.9,1153.4,1123.6,1131.6,1141.9,-0.9,201211,227690362.69
2025-12-09,CYIENTDLM,EQ,INE055S01018,CYIENT DLM LIMITED,417.0,429.5,414.0,420.65,417.65,0.72,139056,58493905.55
2025-12-09,DABUR,EQ,INE016A01026,DABUR INDIA LTD,500.35,505.95,498.0,503.6,504.45,-0.17,1423785,717018134.69
2025-12-09,DALBHARAT,EQ,INE00R701025,DALMIA BHARAT LIMITED,1983.9,1993.5,1951.5,1968.0,1993.8,-1.29,165524,325751232.0
2025-12-09,DALMIASUG,EQ,INE495A01022,DALMIA BHARAT SUG IN LTD,291.55,291.55,278.6,281.7,291.55,-3.38,220679,62165276.99
2025-12-09,DAMCAPITAL,EQ,INE284H01025,DAM CAPITAL ADVISORS LTD,204.7,213.73,201.89,211.82,205.88,2.89,505138,106998334.86
2025-12-09,DANGEE,EQ,INE688Y01022,DANGEE DUMS LIMITED,3.58,3.58,3.4,3.44,3.56,-3.37,119774,412022.57
2025-12-09,DATAMATICS,EQ,INE365B01017,DATAMATICS GLOBAL SER LTD,799.9,828.0,777.0,821.65,799.9,2.72,87349,71770307.98
2025-12-09,DATAPATTNS,EQ,INE0IX101010,DATA PATTERNS INDIA LTD,2579.1,2634.4,2511.7,2623.6,2587.4,1.4,537066,1409046410.05
2025-12-09,DAVANGERE,EQ,INE179G01029,DAVANGERE SUGAR COMPANY L,3.88,3.93,3.85,3.86,3.9,-1.03,3741123,14440734.39
2025-12-09,DBCORP,EQ,INE950I01011,D.B.CORP LTD,241.4,248.0,233.2,244.45,241.4,1.26,163839,40050443.05
2025-12-09,DBEIL,EQ,INE0OPA01027,DEEPAK BUILDERS & ENG I L,12.09,12.4,11.71,12.2,11.91,2.4,332230,4051877.11
2025-12-09,DBL,EQ,INE917M01012,DILIP BUILDCON LIMITED,441.0,469.9,433.0,463.45,442.2,4.81,318522,147619024.79
2025-12-09,DBOL,EQ,INE0I3401014,DHAMPUR BIO ORGANICS LTD,76.8,78.4,74.47,78.0,76.81,1.55,93555,7297290.0
2025-12-09,DBREALTY,EQ,INE879I01012,VALOR ESTATE LIMITED,116.0,119.89,112.7,117.32,116.16,1.0,3000455,352013379.68
2025-12-09,DCAL,EQ,INE385W01011,DISHMAN CARBO AMCIS LTD,218.25,226.94,214.99,223.7,220.44,1.48,405723,90760233.86
2025-12-09,DCBBANK,EQ,INE503A01015,DCB BANK LIMITED,168.0,173.3,166.29,172.46,169.33,1.85,1370199,236304528.74
2025-12-09,DCI,EQ,INE0A1101019,DC INFOTECH AND COMUN LTD,247.7,247.7,240.0,243.25,245.2,-0.8,5798,1410363.5
2025-12-09,DCM,EQ,INE498A01018,DCM LTD,92.0,94.4,91.5,91.78,91.74,0.04,3522,323249.16
2025-12-09,DCMFINSERV,EQ,INE891B01012,DCM FINANCIAL SERVICES LT,5.22,5.33,5.21,5.33,5.31,0.38,7058,37619.14
2025-12-09,DCMNVL,EQ,INE08KP01019,DCM NOUVELLE LIMITED,129.0,134.25,126.11,131.59,129.46,1.65,43424,5714164.0
2025-12-09,DCMSHRIRAM,EQ,INE499A01024,DCM SHRIRAM LIMITED,1196.5,1229.0,1186.9,1224.7,1202.6,1.84,36118,44233712.84
2025-12-09,DCMSRIND,EQ,INE843D01027,DCM SHRIRAM IND LTD,162.54,172.87,159.5,169.91,162.54,4.53,383798,65211119.59
2025-12-09,DCW,EQ,INE500A01029,DCW LTD,52.0,55.29,51.26,54.5,52.08,4.65,1543673,84130178.5
2025-12-09,DCXINDIA,EQ,INE0KL801015,DCX SYSTEMS LIMITED,159.97,161.8,155.91,160.56,160.22,0.21,1014892,162951057.04
2025-12-09,DDEVPLSTIK,EQ,INE0HR601026,DDEV PLASTIKS IND LTD,280.0,293.5,280.0,290.9,274.65,5.92,381374,110941694.27
2025-12-09,DECCANCE,EQ,INE583C01021,DECCAN CEMENTS LIMITED,739.95,778.0,731.15,762.25,743.2,2.56,32784,24989604.0
2025-12-09,DEEDEV,EQ,INE841L01016,DEE DEVELOPMENT ENG LTD,205.55,210.0,199.52,208.12,205.55,1.25,136255,28357389.93
2025-12-09,DEEPAKFERT,EQ,INE501A01019,DEEPAK FERTILIZERS & PETR,1235.8,1253.0,1211.0,1249.0,1233.6,1.25,251486,314106014.0
2025-12-09,DEEPAKNTR,EQ,INE288B01029,DEEPAK NITRITE LTD,1544.6,1548.9,1520.1,1526.3,1544.6,-1.18,151335,230982617.89
2025-12-09,DEEPINDS,EQ,INE0FHS01024,DEEP INDUSTRIES LIMITED,414.95,434.0,411.5,431.2,414.95,3.92,157406,67873469.12
2025-12-09,DELHIVERY,EQ,INE148O01028,DELHIVERY LIMITED,395.05,417.45,395.0,415.3,398.05,4.33,4147364,1722400218.57
2025-12-09,DELTACORP,EQ,INE124G01033,DELTA CORP LIMITED,67.02,72.28,66.22,71.68,67.53,6.15,3372804,241762591.75
2025-12-09,DELTAMAGNT,EQ,INE393A01011,DELTA MANUFACTURING LTD,67.55,73.0,67.55,71.69,68.7,4.35,4187,300166.04
2025-12-09,DEN,EQ,INE947J01015,DEN NETWORKS LTD,30.35,30.89,29.92,30.75,30.59,0.52,319794,9833665.5
2025-12-09,DENORA,EQ,INE244A01016,DE NORA INDIA LIMITED,685.65,700.45,680.1,690.8,681.05,1.43,1963,1356040.38
2025-12-09,DENTA,EQ,INE0R4L01018,DENTA WATER N INFRA SOL L,331.25,346.0,325.35,341.65,332.85,2.64,183020,62528781.88
2025-12-09,DEVIT,EQ,INE060X01034,DEV INFO TECHNOLOGY LTD,39.99,39.99,37.36,38.08,38.2,-0.31,50135,1909140.89
2025-12-09,DEVX,EQ,INE0VOV01021,DEV ACCELERATOR LIMITED,42.98,43.99,42.21,43.0,42.3,1.65,103722,4460046.0
2025-12-09,DEVYANI,EQ,INE872J01023,DEVYANI INTERNATIONAL LTD,133.5,135.6,132.2,134.84,133.96,0.66,1366687,184284070.08
2025-12-09,DGCONTENT,EQ,INE03JI01017,DIGICONTENT LIMITED,31.99,31.99,29.16,30.25,30.0,0.83,28325,856831.25
2025-12-09,DHAMPURSUG,EQ,INE041A01016,DHAMPUR SUGAR MILLS LTD.,116.0,117.12,113.8,116.02,116.77,-0.64,335806,38960210.99
2025-12-09,DHANBANK,EQ,INE680A01011,DHANLAXMI BANK LIMITED,24.8,25.44,24.5,25.21,25.04,0.68,527429,13296484.61
2025-12-09,DHANUKA,EQ,INE435G01025,DHANUKA AGRITECH LTD,1208.6,1221.9,1191.6,1213.6,1214.4,-0.07,23408,28407948.23
2025-12-09,DHARMAJ,EQ,INE00OQ01016,DHARMAJ CROP GUARD LTD,236.7,245.0,234.89,244.11,234.4,4.14,26836,6550935.98
2025-12-09,DHRUV,EQ,INE506Z01015,DHRUV CONSULTANCY SER LTD,48.97,50.4,47.13,48.53,48.31,0.46,9137,443418.6
2025-12-09,DHUNINV,EQ,INE320L01011,DHUNSERI INVESTMENTS LTD,1124.2,1140.0,1080.0,1126.6,1102.8,2.16,510,574565.99
2025-12-09,DIAMINESQ,EQ,INE591D01014,DIAMINES & CHEMICALS LTD,260.0,266.45,256.85,262.0,261.45,0.21,9517,2493454.0
2025-12-09,DIAMONDYD,EQ,INE393P01035,PRATAAP SNACKS LIMITED,1050.0,1053.1,1024.4,1039.3,1056.3,-1.61,92605,96244381.02
2025-12-09,DICIND,EQ,INE303A01010,DIC INDIA LIMITED,491.0,511.9,482.8,489.4,496.95,-1.52,1428,698863.19
2025-12-09,DIFFNKG,EQ,INE184O01015,DIFFUSION ENGINEERS LTD,280.0,296.0,275.8,293.8,283.4,3.67,78123,22952536.45
2025-12-09,DIGIDRIVE,EQ,INE0PSC01024,DIGIDRIVE DISTRIBUTORS L,25.02,26.94,25.02,26.46,25.62,3.28,34423,910832.55
2025-12-09,DIGISPICE,EQ,INE927C01020,DIGISPICE TECHNOLOGIES LT,24.37,24.75,23.55,23.95,24.37,-1.72,34527,826921.68
2025-12-09,DIGITIDE,EQ,INE0U4701011,DIGITIDE SOLUTIONS LTD,130.1,135.0,126.1,133.7,129.46,3.28,352702,47156256.32
2025-12-09,DISHTV,EQ,INE836F01026,DISH TV INDIA LTD.,3.86,4.1,3.78,4.06,3.81,6.56,11730819,47627124.47
2025-12-09,DIVGIITTS,EQ,INE753U01022,DIVGI TORQTRANSFER SYST L,591.5,618.1,583.95,607.15,600.5,1.11,4576,2778318.51
2025-12-09,DIVISLAB,EQ,INE361B01024,DIVI S LABORATORIES LTD,6320.0,6341.5,6265.0,6294.0,6328.5,-0.55,236524,1488682056.0
2025-12-09,DIVOPPBEES,EQ,INF204KA1MS3,NIP IND ETF DIV OPP,81.99,81.99,80.36,81.37,81.37,0.0,38753,3153331.72
2025-12-09,DIXON,EQ,INE935N01020,DIXON TECHNO (INDIA) LTD,13435.0,13630.0,13275.0,13517.0,13563.0,-0.34,235886,3188471062.0
2025-12-09,DJML,EQ,INE0B1K01014,DJ MEDIAPRINT & LOG LTD,56.0,58.7,53.86,57.48,56.16,2.35,209836,12061373.18
2025-12-09,DLF,EQ,INE271C01023,DLF LIMITED,684.5,699.0,679.5,690.05,687.45,0.38,3060901,2112174697.69
2025-12-09,DLINKINDIA,EQ,INE250K01012,D-LINK INDIA LTD,415.8,428.8,408.05,426.95,415.8,2.68,58528,24988530.31
2025-12-09,DMART,EQ,INE192R01011,AVENUE SUPERMARTS LIMITED,3867.6,3920.0,3841.7,3910.0,3867.6,1.1,255693,999759630.0
2025-12-09,DMCC,EQ,INE505A01010,DMCC SPECIALITY CHEMICALS,257.5,265.9,255.7,261.25,258.8,0.95,10324,2697145.0
2025-12-09,DNAMEDIA,EQ,INE016M01021,DILIGENT MEDIA CORP LTD.,3.94,4.06,3.94,3.96,3.92,1.02,11698,46324.08
2025-12-09,DODLA,EQ,INE021O01019,DODLA DAIRY LIMITED,1210.4,1223.3,1191.0,1218.9,1220.4,-0.12,16270,19831503.4
2025-12-09,DOLATALGO,EQ,INE966A01022,DOLAT ALGOTECH LIMITED,77.0,88.0,76.54,85.34,74.98,13.82,22429971,1914173643.0
2025-12-09,DOLLAR,EQ,INE325C01035,DOLLAR INDUSTRIES LIMITED,336.0,340.0,331.8,337.4,335.65,0.52,31955,10781616.8
2025-12-09,DOLLEX,EQ,INE0JHH01011,DOLLEX AGROTECH LIMITED,38.7,39.35,38.0,39.35,39.95,-1.5,40000,1573999.94
2025-12-09,DOLPHIN,EQ,INE920A01037,DOLPHIN OFF ENT (IND) L,348.9,355.15,324.0,332.9,342.55,-2.82,207037,68922616.04
2025-12-09,DOMS,EQ,INE321T01012,DOMS INDUSTRIES LIMITED,2572.1,2572.1,2485.1,2536.8,2578.1,-1.6,47978,121710592.74
2025-12-09,DONEAR,EQ,INE668D01028,DONEAR IND. LIMITED,99.53,99.53,96.74,98.48,97.78,0.72,25390,2500407.29
2025-12-09,DPABHUSHAN,EQ,INE266Y01019,D. P. ABHUSHAN LIMITED,1470.0,1500.0,1444.3,1483.9,1453.1,2.12,12384,18376617.9
2025-12-09,DRCSYSTEMS,EQ,INE03RS01027,DRC SYSTEMS INDIA LIMITED,17.38,18.4,17.0,17.81,17.11,4.09,30421,541797.99
2025-12-09,DREAMFOLKS,EQ,INE0JS101016,DREAMFOLKS SERVICES LTD,109.32,112.36,107.51,111.7,110.21,1.35,135777,15166290.49
2025-12-09,DREDGECORP,EQ,INE506A01018,DREDGING CORP OF INDIA,979.95,1055.0,946.7,1029.05,1006.5,2.24,4838187,4978736568.59
2025-12-09,DRREDDY,EQ,INE089A01031,DR. REDDY S LABORATORIES,1266.5,1267.4,1241.3,1246.2,1266.5,-1.6,2118272,2639790462.97
2025-12-09,DSSL,EQ,INE417B01040,DYNACONS SYS & SOLN LTD,859.0,881.0,840.1,869.5,859.2,1.2,24996,21734022.0
2025-12-09,DUCON,EQ,INE741L01018,DUCON INFRATECHNOLOGIES L,3.63,3.8,3.6,3.64,3.63,0.28,720092,2621134.96
2025-12-09,DVL,EQ,INE477B01010,DHUNSERI VENTURES LIMITED,279.7,282.1,274.2,276.85,274.75,0.76,12664,3506028.48
2025-12-09,DWARKESH,EQ,INE366A01041,DWARIKESH SUGAR IND LTD,36.8,37.9,36.35,37.5,36.77,1.99,659052,24714450.0
2025-12-09,DYCL,EQ,INE600Y01019,DYNAMIC CABLES LIMITED,322.55,330.15,310.0,328.15,323.8,1.34,155894,51156615.15
2025-12-09,DYNAMATECH,EQ,INE221B01012,DYNAMATIC TECHNOLOGIES,8965.0,9773.5,8652.0,9667.5,9094.5,6.3,125110,1209500925.0
2025-12-09,DYNPRO,EQ,INE256H01015,DYNEMIC PRODUCTS LIMITED,255.2,270.85,253.55,267.1,259.05,3.11,34781,9290005.31
2025-12-09,EASEMYTRIP,EQ,INE07O001026,EASY TRIP PLANNERS LTD,7.77,7.81,7.58,7.73,7.8,-0.9,18717915,144689483.31
2025-12-09,EBANKNIFTY,EQ,INF754K01TE4,EDELAMC - EBANKNIFTY,59.7,59.78,59.38,59.74,59.7,0.07,100772,6020119.45
2025-12-09,EBBETF0430,EQ,INF754K01KO2,EDELAMC - EBBETF0430,1571.2,1571.2,1559.0,1562.04,1564.03,-0.13,23011,35944103.34
2025-12-09,EBBETF0431,EQ,INF754K01LE1,EDELAMC - EBBETF0431,1400.99,1402.98,1396.08,1402.13,1400.88,0.09,8184,11475031.96
2025-12-09,EBBETF0433,EQ,INF754K01QX0,EDELAMC - EBBETF0433,1275.31,1279.0,1275.31,1277.8,1276.0,0.14,1649,2107092.28
2025-12-09,EBGNG,EQ,INE18JU01028,GNG ELECTRONICS LIMITED,300.0,304.15,287.1,290.0,302.95,-4.27,377450,109460500.0
2025-12-09,ECAPINSURE,EQ,INF754K01TX4,EDELAMC - ECAPINSURE,23.72,23.79,23.4,23.76,23.72,0.17,99666,2368064.18
2025-12-09,ECLERX,EQ,INE738I01010,ECLERX SERVICES LTD,2384.3,2384.3,2237.5,2249.45,2380.15,-5.49,451632,1015923580.35
2025-12-09,ECOSMOBLTY,EQ,INE06HJ01020,ECOS (INDIA) MOB & HOSP L,221.05,233.64,215.2,230.01,221.05,4.05,324760,74698045.82
2025-12-09,EDELWEISS,EQ,INE532F01054,EDELWEISS FIN SERV LTD,100.03,105.27,98.0,104.09,100.43,3.64,7812098,813161252.21
2025-12-09,EFCIL,EQ,INE886D01026,EFC (I) LIMITED,262.35,274.1,259.25,270.5,263.25,2.75,400487,108331733.5
2025-12-09,EGOLD,EQ,INF754K01SE6,EDELAMC - EGOLD,129.45,129.45,126.55,128.5,128.95,-0.35,915832,117684412.0
2025-12-09,EICHERMOT,EQ,INE066A01021,EICHER MOTORS LTD,7142.0,7196.0,7052.0,7123.0,7142.0,-0.27,436443,3108783489.0
2025-12-09,EIDPARRY,EQ,INE126A01031,EID PARRY INDIA LTD,1008.0,1021.0,974.0,1009.5,1009.0,0.05,320967,324016186.5
2025-12-09,EIEL,EQ,INE0LLY01014,ENVIRO INFRA ENGINEERS L,194.3,203.9,191.12,201.59,195.43,3.15,887571,178925434.64
2025-12-09,EIHAHOTELS,EQ,INE276C01014,EIH ASSOCIATED HOTELS LTD,351.0,359.0,340.0,353.0,351.05,0.56,20382,7194846.0
2025-12-09,EIHOTEL,EQ,INE230A01023,EIH LIMITED,371.1,384.9,369.0,381.25,373.0,2.21,278206,106066037.5
2025-12-09,EIMCOELECO,EQ,INE158B01016,EIMCO ELECON (INDIA) LTD,1560.0,1632.9,1530.2,1609.0,1566.8,2.69,36585,58865265.0
2025-12-09,EKC,EQ,INE184H01027,EVEREST KANTO CYLINDERLTD,110.9,118.83,108.45,117.78,111.17,5.95,315630,37174901.01
2025-12-09,ELDEHSG,EQ,INE668G01021,ELDECO HSG & IND LTD.,956.0,956.0,875.5,909.85,968.35,-6.04,5680,5167947.86
2025-12-09,ELECON,EQ,INE205B01031,ELECON ENG. CO. LTD,470.75,479.3,461.0,476.95,473.1,0.81,232601,110939049.79
2025-12-09,ELECTCAST,EQ,INE086A01029,ELECTROSTEEL CASTINGS LTD,66.95,71.99,66.22,71.18,67.01,6.22,2417806,172099431.82
2025-12-09,ELECTHERM,EQ,INE822G01016,ELECTROTHERM (I) LTD.,790.95,827.8,778.5,818.65,793.2,3.21,16136,13209736.79
2025-12-09,ELGIEQUIP,EQ,INE285A01027,ELGI EQUIPMENTS LTD,484.1,496.15,476.3,492.75,483.25,1.97,408257,201168636.75
2025-12-09,ELGIRUBCO,EQ,INE819L01012,ELGI RUBBER CO. LTD,48.7,48.82,47.0,47.73,47.07,1.4,93017,4439701.37
2025-12-09,ELIN,EQ,INE050401020,ELIN ELECTRONICS LIMITED,163.95,175.0,161.0,173.45,165.62,4.73,86327,14973417.89
2025-12-09,ELIQUID,EQ,INF754K01VW2,EDELAMC - ELIQUID,1009.52,1009.52,1009.52,1009.52,1009.38,0.01,0,0.0
2025-12-09,ELLEN,EQ,INE236E01022,ELLENBARRIE INDUS GASES L,345.0,356.65,338.0,351.35,348.05,0.95,181107,63631945.56
2025-12-09,EMAMILTD,EQ,INE548C01032,EMAMI LIMITED,522.45,524.85,510.8,519.75,522.45,-0.52,391905,203692623.75
2025-12-09,EMAMIREAL,EQ,INE778K01012,EMAMI REALTY LIMITED,81.6,87.0,81.01,86.41,82.49,4.75,15674,1354390.4
2025-12-09,EMBDL,EQ,INE069I01010,EMBASSY DEVELOPMENTS LTD,67.48,70.85,65.24,69.73,67.69,3.01,10569791,737031561.91
2025-12-09,EMCURE,EQ,INE168P01015,EMCURE PHARMACEUTICALS L,1377.0,1445.0,1377.0,1415.7,1383.5,2.33,205651,291140110.66
2025-12-09,EMIL,EQ,INE02YR01019,ELECTRONICS MART IND LTD,110.0,113.55,108.41,112.89,111.53,1.22,513959,58020831.2
2025-12-09,EMKAY,EQ,INE296H01011,EMKAY GLOBAL FIN SERV LTD,278.0,286.95,264.6,265.4,278.4,-4.67,144455,38338356.12
2025-12-09,EMMVEE,EQ,INE1C6T01020,EMMVEE PHOTOVOLTAIC PWR L,204.5,205.8,194.81,201.68,202.61,-0.46,2718353,548237413.13
2025-12-09,EMSLIMITED,EQ,INE0OV601013,EMS LIMITED,404.75,418.9,396.15,414.4,404.75,2.38,154011,63822157.46
2025-12-09,EMUDHRA,EQ,INE01QM01018,EMUDHRA LIMITED,611.95,615.2,599.05,606.75,608.9,-0.35,59767,36263627.25
2025-12-09,EMULTIMQ,EQ,INF754K01TF1,EDELAMC - EMULTIMQ,42.17,42.17,41.03,41.65,41.78,-0.31,108137,4503906.22
2025-12-09,ENDURANCE,EQ,INE913H01037,ENDURANCE TECHNO. LTD.,2643.9,2658.7,2566.3,2624.5,2659.2,-1.3,47069,123532590.5
2025-12-09,ENERGY,EQ,INF769K01PR2,MIRAEAMC - ENERGY,34.67,34.67,34.67,34.67,34.45,0.64,0,0.0
2025-12-09,ENERGYDEV,EQ,INE306C01019,ENERGY DEVE. CO.LTD,19.99,20.8,19.2,20.55,20.04,2.54,49789,1023163.91
2025-12-09,ENGINERSIN,EQ,INE510A01028,ENGINEERS INDIA LTD,190.11,198.18,189.15,197.14,189.84,3.85,3077963,606789623.94
2025-12-09,ENIL,EQ,INE265F01028,ENTERTAIN NET. IND. LTD.,116.04,119.0,114.0,117.89,116.03,1.6,41787,4926269.4
2025-12-09,ENRIN,EQ,INE1NPP01017,SIEMENS ENERGY INDIA LTD,2952.0,3042.7,2933.0,3032.8,2953.8,2.67,563954,1710359718.74
2025-12-09,ENTERO,EQ,INE010601016,ENTERO HEALTHCARE SOLU L,1003.0,1025.0,987.6,1015.6,999.1,1.65,62759,63738038.87
2025-12-09,EPACK,EQ,INE0G5901015,EPACK DURABLE LIMITED,252.1,263.5,245.65,259.55,254.4,2.02,501904,130269177.07
2025-12-09,EPACKPEB,EQ,INE0MLS01022,EPACK PREFAB TECHN LTD,294.0,311.0,287.6,301.25,293.95,2.48,2471293,744477016.25
2025-12-09,EPIGRAL,EQ,INE071N01016,EPIGRAL LIMITED,1433.8,1450.0,1404.2,1444.8,1431.6,0.92,46619,67355133.48
2025-12-09,EPL,EQ,INE255A01020,EPL LIMITED,195.6,206.7,192.6,203.03,196.44,3.35,1440996,292565416.12
2025-12-09,EQUAL200,EQ,INF769K01OA1,MIRAEAMC - EQUAL200,13.21,13.21,13.21,13.21,13.17,0.31,0,0.0
2025-12-09,EQUAL50,EQ,INF769K01OO2,MIRAEAMC - EQUAL50,328.55,328.55,328.55,328.55,329.82,-0.38,0,0.0
2025-12-09,EQUAL50ADD,EQ,INF740KA1QK2,DSPAMC - DSPNEWETF,339.07,340.44,336.99,338.92,340.61,-0.5,16582,5619971.66
2025-12-09,EQUITASBNK,EQ,INE063P01018,EQUITAS SMALL FIN BNK LTD,58.94,59.8,58.15,58.48,59.1,-1.05,4384725,256418715.99
2025-12-09,ERIS,EQ,INE406M01024,ERIS LIFESCIENCES LIMITED,1537.9,1740.0,1537.9,1701.3,1533.9,10.91,3842853,6537845996.54
2025-12-09,ESABINDIA,EQ,INE284A01012,ESAB INDIA LTD,5676.5,5863.5,5576.0,5839.5,5676.5,2.87,5665,33080767.5
2025-12-09,ESCORTS,EQ,INE042A01014,ESCORTS KUBOTA LIMITED,3670.0,3694.3,3584.2,3674.8,3676.2,-0.04,66430,244116967.24
2025-12-09,ESG,EQ,INF769K01GS9,MIRAEAMC - MAESGETF,44.06,44.07,43.65,43.89,44.2,-0.7,229285,10063318.51
2025-12-09,ESILVER,EQ,INF754K01SF3,EDELAMC - ESILVER,184.19,184.19,175.92,178.55,178.83,-0.16,53467,9546533.01
2025-12-09,ESSARSHPNG,EQ,INE122M01019,ESSAR SHIPPING LTD,28.71,28.84,27.3,28.14,28.71,-1.99,114020,3208522.73
2025-12-09,ESSENTIA,EQ,INE418N01035,INTEGRA ESSENTIA LIMITED,1.59,1.64,1.58,1.62,1.6,1.25,1087252,1761348.25
2025-12-09,ESTER,EQ,INE778B01029,ESTER INDUSTRIES LTD,104.27,109.56,101.55,106.5,104.27,2.14,158973,16930624.5
2025-12-09,ETERNAL,EQ,INE758T01015,ETERNAL LIMITED,284.55,292.3,280.3,291.7,285.25,2.26,27053864,7891612459.05
2025-12-09,ETHOSLTD,EQ,INE04TZ01018,ETHOS LIMITED,2865.0,3121.0,2789.3,3044.7,2894.9,5.17,59342,180678584.5
2025-12-09,EUREKAFORB,EQ,INE0KCE01017,EUREKA FORBES LIMITED,629.0,648.0,620.8,646.2,629.05,2.73,243581,157402045.17
2025-12-09,EUROBOND,EQ,INE505V01016,EURO PANEL PRODUCTS LTD,180.0,182.99,177.54,182.16,182.43,-0.15,10305,1877158.84
2025-12-09,EUROPRATIK,EQ,INE198501012,EURO PRATIK SALES LIMITED,316.45,321.05,309.3,319.1,316.0,0.98,137789,43968470.74
2025-12-09,EVEREADY,EQ,INE128A01029,EVEREADY INDS. IND.  LTD.,317.6,321.9,310.55,320.9,317.6,1.04,48663,15615956.4
2025-12-09,EVINDIA,EQ,INF769K01LQ3,MIRAEAMC - EVINDIA,30.96,31.59,30.44,30.89,30.96,-0.23,181226,5598071.03
2025-12-09,EXCELINDUS,EQ,INE369A01029,EXCEL INDUSTRIES LTD,918.0,934.9,897.8,926.45,921.7,0.52,7539,6984506.64
2025-12-09,EXCELSOFT,EQ,INE606N01019,EXCELSOFT TECHNOLOGIES L,88.98,99.87,87.16,96.23,88.71,8.48,53731182,5170551824.23
2025-12-09,EXICOM,EQ,INE777F01014,EXICOM TELE SYSTEMS LTD,102.3,107.38,101.41,106.67,103.85,2.72,352290,37578773.65
2025-12-09,EXIDEIND,EQ,INE302A01020,EXIDE INDUSTRIES LTD,371.55,374.55,367.0,373.4,373.25,0.04,1172173,437689391.05
2025-12-09,EXPLEOSOL,EQ,INE201K01015,EXPLEO SOLUTIONS LIMITED,1000.5,1026.9,996.0,1023.2,1006.9,1.62,8221,8411727.3
2025-12-09,EXXARO,EQ,INE0GFE01026,EXXARO TILES LIMITED,7.97,8.18,7.8,8.06,7.97,1.13,153258,1235259.54
2025-12-09,FABTECH,EQ,INE0HF201011,FABTECH TECHNOLOGIES LTD,233.0,236.85,226.27,235.63,233.1,1.09,473987,111685559.12
2025-12-09,FACT,EQ,INE188A01015,FACT LTD,795.4,817.0,775.0,811.8,795.55,2.04,97096,78822531.61
2025-12-09,FAZE3Q,EQ,INE963C01033,FAZE THREE LIMITED,446.6,462.0,431.05,456.45,446.55,2.22,40654,18556518.8
2025-12-09,FCL,EQ,INE045J01034,FINEOTEX CHEMICAL LIMITED,24.81,25.5,24.35,25.12,24.95,0.68,2070700,52015985.74
2025-12-09,FCSSOFT,EQ,INE512B01022,FCS SOFTWARE SOLN. LTD.,1.92,1.99,1.88,1.95,1.93,1.04,2572578,5016527.22
2025-12-09,FDC,EQ,INE258B01022,FDC LIMITED,414.7,419.9,410.0,417.75,415.0,0.66,48458,20243329.5
2025-12-09,FEDERALBNK,EQ,INE171A01029,FEDERAL BANK LTD,256.45,263.2,255.6,260.85,257.45,1.32,11474245,2993056878.28
2025-12-09,FEDFINA,EQ,INE007N01010,FEDBANK FINANCIAL SER L,141.72,144.17,139.0,143.55,141.72,1.29,530149,76102890.57
2025-12-09,FIBERWEB,EQ,INE296C01020,FIBERWEB INDIA LIMITED,36.34,36.84,35.52,36.27,36.34,-0.19,20837,755758.0
2025-12-09,FIEMIND,EQ,INE737H01014,FIEM INDUSTRIES LIMITED,2271.4,2294.0,2200.6,2273.7,2266.3,0.33,103256,234773162.16
2025-12-09,FILATEX,EQ,INE816B01035,FILATEX INDIA LTD,49.51,51.98,48.61,51.08,49.82,2.53,1318428,67345304.65
2025-12-09,FILATFASH,EQ,INE185E01021,FILATEX FASHIONS LIMITED,0.38,0.44,0.37,0.42,0.39,7.69,119386029,50142130.61
2025-12-09,FINCABLES,EQ,INE235A01022,FINOLEX CABLES LTD,720.0,732.0,707.3,726.45,717.2,1.29,262557,190734535.86
2025-12-09,FINEORG,EQ,INE686Y01026,FINE ORGANIC IND. LTD.,4344.5,4375.6,4251.5,4336.7,4374.5,-0.86,24304,105399161.55
2025-12-09,FINIETF,EQ,INF109KC17L8,ICICIPRAMC-ICICIFIN,33.13,33.13,31.73,32.18,32.33,-0.46,471237,15164406.8
2025-12-09,FINKURVE,EQ,INE734I01027,FINKURVE FINANCIAL SERV L,104.33,105.0,99.02,104.04,102.06,1.94,35104,3652220.19
2025-12-09,FINOPB,EQ,INE02NC01014,FINO PAYMENTS BANK LTD,276.9,282.0,265.0,274.05,276.9,-1.03,1726588,473171420.32
2025-12-09,FINPIPE,EQ,INE183A01024,FINOLEX INDUSTRIES LTD,164.75,166.9,162.26,165.76,165.19,0.35,1063000,176202874.16
2025-12-09,FIRSTCRY,EQ,INE02RE01045,BRAINBEES SOLUTIONS LTD,279.95,300.0,278.0,290.15,279.95,3.64,4157060,1206170933.63
2025-12-09,FISCHER,EQ,INE771F01041,FISCHER MEDICAL VENTURE L,42.6,45.28,42.14,44.76,43.89,1.98,1158741,51865245.22
2025-12-09,FIVESTAR,EQ,INE128S01021,FIVE-STAR BUS FIN LTD,570.0,582.3,561.4,578.4,572.3,1.07,596896,345244660.97
2025-12-09,FLAIR,EQ,INE00Y201027,FLAIR WRITING INDUST LTD,280.2,295.0,270.2,289.0,281.8,2.56,93622,27056758.0
2025-12-09,FLUOROCHEM,EQ,INE09N301011,GUJARAT FLUOROCHEM LTD,3301.0,3540.5,3229.5,3485.4,3317.9,5.05,157190,547870010.65
2025-12-09,FMCGIETF,EQ,INF109KC19V3,ICICIPRAMC - ICICIFMCG,59.0,59.0,57.95,58.36,58.39,-0.05,1014284,59193614.86
2025-12-09,FMGOETZE,EQ,INE529A01010,FEDERAL-MOGUL GOETZE (IND,467.0,478.6,456.3,472.95,462.75,2.2,44369,20984319.09
2025-12-09,FMNL,EQ,INE360L01017,FUTURE MKT NETWORKS LTD,9.7,9.7,9.11,9.17,9.44,-2.86,98294,901355.99
2025-12-09,FOODSIN,EQ,INE976E01023,FOODS & INNS LIMITED,73.39,74.23,72.5,73.73,73.75,-0.03,51642,3807564.83
2025-12-09,FORCEMOT,EQ,INE451A01017,FORCE MOTORS LIMITED,17200.0,17600.0,16907.0,17112.0,17205.0,-0.54,42456,726507072.0
2025-12-09,FORTIS,EQ,INE061F01013,FORTIS HEALTHCARE LTD,860.7,867.4,845.4,863.85,860.8,0.35,2095907,1810549210.78
2025-12-09,FOSECOIND,EQ,INE519A01011,FOSECO INDIA LTD,5124.0,5290.0,5001.5,5119.5,5088.0,0.62,1693,8667313.5
2025-12-09,FSL,EQ,INE684F01012,FIRSTSOURCE SOLU. LTD.,337.0,344.0,332.0,341.05,338.4,0.78,623438,212623522.29
2025-12-09,FUSION,EQ,INE139R01012,FUSION FINANCE LIMITED,160.0,162.9,157.05,161.58,160.75,0.52,156633,25308760.43
2025-12-09,GABRIEL,EQ,INE524A01029,GABRIEL INDIA LTD,919.0,989.1,906.1,976.2,928.5,5.14,453543,442748682.14
2025-12-09,GAEL,EQ,INE036B01030,GUJARAT AMBUJA EXPORTS LT,117.62,118.88,114.83,118.06,118.21,-0.13,1059126,125040412.97
2025-12-09,GAIL,EQ,INE129A01019,GAIL (INDIA) LTD,165.42,168.62,164.22,167.89,166.81,0.65,12988637,2180662258.0
2025-12-09,GALAPREC,EQ,INE0RE001014,GALA PRECISION ENG LTD,694.7,723.25,694.7,717.0,705.3,1.66,6562,4704954.0
2025-12-09,GALAXYSURF,EQ,INE600K01018,GALAXY SURFACTANTS LTD,2005.0,2005.0,1955.4,1969.7,2002.3,-1.63,43842,86355585.26
2025-12-09,GALLANTT,EQ,INE297H01019,GALLANTT ISPAT LIMITED,595.95,604.0,590.0,599.15,596.25,0.49,88727,53160784.22
2025-12-09,GANDHAR,EQ,INE717W01049,GANDHAR OIL REFINE IND L,123.08,125.0,120.56,121.88,123.06,-0.96,182876,22288926.38
2025-12-09,GANDHITUBE,EQ,INE524B01027,GANDHI SPL. TUBES LTD,731.15,744.1,726.0,735.5,730.2,0.73,3062,2252101.0
2025-12-09,GANECOS,EQ,INE845D01014,GANESHA ECOSPHERE LIMITED,896.9,899.9,873.0,892.2,900.45,-0.92,72291,64498031.08
2025-12-09,GANESHCP,EQ,INE652V01016,GANESH CONSUMER PRODUCT L,247.2,247.2,237.2,240.85,247.2,-2.57,93029,22406035.22
2025-12-09,GANESHHOU,EQ,INE460C01014,GANESH HOUSING LIMITED,789.0,848.95,779.15,835.2,791.6,5.51,140249,117135966.51
2025-12-09,GANGAFORGE,EQ,INE691Z01023,GANGA FORGING LIMITED,3.03,3.09,2.85,3.04,3.0,1.33,62622,190370.88
2025-12-09,GANGESSECU,EQ,INE335W01016,GANGES SECURITIES LIMITED,146.01,149.99,143.11,145.5,146.66,-0.79,2040,296820.0
2025-12-09,GARFIBRES,EQ,INE276A01018,GARWARE TECH FIBRES LTD,660.05,695.0,654.6,690.1,659.1,4.7,118898,82051506.9
2025-12-09,GARUDA,EQ,INE0JVO01026,GARUDA CONSTRUCT N ENG L,200.0,206.62,194.28,204.58,199.99,2.3,1125797,230315552.32
2025-12-09,GATEWAY,EQ,INE079J01017,GATEWAY DISTRIPARKS LTD,57.82,61.99,57.02,61.57,57.36,7.34,3051377,187873280.96
2025-12-09,GAYAHWS,EQ,INE287Z01012,GAYATRI HIGHWAYS LIMITED,3.05,3.06,3.01,3.06,2.92,4.79,282685,865016.08
2025-12-09,GAYAPROJ,EQ,INE336H01023,GAYATRI PROJECTS LTD,11.53,11.53,11.53,11.53,11.53,0.0,0,0.0
2025-12-09,GCSL,EQ,INE199P01028,GRETEX CORPORATE SERVICES,330.05,356.85,330.0,339.0,340.0,-0.29,568,192552.0
2025-12-09,GEEKAYWIRE,EQ,INE669X01032,GEEKAY WIRES LIMITED,31.81,32.3,31.46,32.01,32.12,-0.34,44046,1409912.39
2025-12-09,GEMAROMA,EQ,INE06XZ01023,GEM AROMATICS LIMITED,136.25,150.77,133.0,143.82,136.55,5.32,847661,121910611.23
2025-12-09,GENCON,EQ,INE854S01022,GENERIC ENG CONS PROJ LTD,46.85,48.76,46.59,48.01,47.22,1.67,1183276,56809078.77
2025-12-09,GENESYS,EQ,INE727B01026,GENESYS INTL CORPN LTD,417.0,434.5,402.3,428.45,424.4,0.95,651381,279084197.4
2025-12-09,GENUSPAPER,EQ,INE949P01018,GENUS P&B LIMITED,13.84,13.84,13.11,13.37,13.64,-1.98,168653,2254890.59
2025-12-09,GENUSPOWER,EQ,INE955D01029,GENUS POWER INFRASTRU LTD,297.9,310.0,294.3,307.6,299.3,2.77,802192,246754264.1
2025-12-09,GEOJITFSL,EQ,INE007B01023,GEOJIT FINANCIAL SER L,68.9,69.83,67.71,69.67,69.05,0.9,406927,28350603.34
2025-12-09,GESHIP,EQ,INE017A01032,THE GE SHPG.LTD,1071.7,1080.0,1057.1,1076.8,1071.4,0.5,202552,218108003.49
2025-12-09,GFLLIMITED,EQ,INE538A01037,GFL LIMITED,58.7,59.29,57.33,57.96,58.92,-1.63,68895,3993154.14
2025-12-09,GHCL,EQ,INE539A01019,GHCL LIMITED,586.05,606.65,586.05,594.2,586.35,1.34,609600,362224327.44
2025-12-09,GHCLTEXTIL,EQ,INE0PA801013,GHCL TEXTILES LIMITED,72.85,73.1,71.0,72.52,71.74,1.09,234437,17001370.45
2025-12-09,GICHSGFIN,EQ,INE289B01019,GIC HOUSING FINANCE LTD,161.4,165.75,158.3,164.51,161.4,1.93,70793,11646156.04
2025-12-09,GICRE,EQ,INE481Y01014,GENERAL INS CORP OF INDIA,376.95,380.4,368.05,378.1,376.15,0.52,438588,165830125.48
2025-12-09,GILLANDERS,EQ,INE047B01011,GILLANDERS ARBUTHNOT LTD,101.0,108.7,99.5,102.79,103.39,-0.58,5866,602966.15
2025-12-09,GILLETTE,EQ,INE322A01010,GILLETTE INDIA LTD,8228.5,8401.0,8033.5,8351.0,8178.5,2.11,24805,207146555.0
2025-12-09,GILT10BETA,EQ,INF789F1AZF3,UTIAMC-GILT10BETA,26.39,26.39,25.87,25.91,26.2,-1.11,708,18344.28
2025-12-09,GILT5BETA,EQ,INF789F1AZE6,UTIAMC-GILT5BETA,63.98,64.15,63.36,63.5,63.85,-0.55,698,44323.0
2025-12-09,GILT5YBEES,EQ,INF204KC1030,RELCAPAMC - NETFGILT5Y,65.23,65.23,63.45,63.56,63.64,-0.13,154899,9845380.65
2025-12-09,GIPCL,EQ,INE162A01010,GUJ IND POW CO. LTD,146.0,147.0,140.02,144.46,146.2,-1.19,880268,127163521.19
2025-12-09,GKENERGY,EQ,INE1AG301022,GK ENERGY LIMITED,133.0,140.6,129.0,137.51,135.29,1.64,1150435,158196310.53
2025-12-09,GKWLIMITED,EQ,INE528A01020,GKW LIMITED,1672.0,1729.0,1662.0,1679.0,1678.1,0.05,110,184690.0
2025-12-09,GLAND,EQ,INE068V01023,GLAND PHARMA LIMITED,1685.0,1720.0,1678.4,1714.4,1699.6,0.87,77589,133018583.49
2025-12-09,GLAXO,EQ,INE159A01016,GLAXOSMITHKLINE PHARMA LT,2534.3,2569.5,2491.0,2559.2,2544.3,0.59,118147,302361796.63
2025-12-09,GLENMARK,EQ,INE935A01035,GLENMARK PHARMACEUTICALS,1912.0,1951.0,1892.7,1938.5,1921.9,0.86,782469,1516816156.5
2025-12-09,GLFL,EQ,INE540A01017,GUJARAT LEASE FINANCING L,7.0,7.0,7.0,7.0,7.0,0.0,0,0.0
2025-12-09,GLOBAL,EQ,INE291W01037,GLOBAL EDUCATION LIMITED,87.0,91.22,85.3,90.97,86.88,4.71,113158,10293983.4
2025-12-09,GLOBALE,EQ,INE0URU01010,GLOBALE TESSILE LIMITED,10.7,12.2,10.51,11.04,10.73,2.89,30896,341091.84
2025-12-09,GLOBALVECT,EQ,INE792H01019,GLOBAL VEC HELICORP LTD,195.92,197.12,192.4,196.0,195.92,0.04,13331,2612876.0
2025-12-09,GLOBE,EQ,INE581X01021,GLOBE ENTERPRISE (I) LTD,2.3,2.55,2.28,2.47,2.41,2.49,813026,2008174.24
2025-12-09,GLOBECIVIL,EQ,INE0V3U01015,GLOBE CIVIL PROJECTS LTD,61.78,63.0,59.5,62.29,61.08,1.98,87728,5464577.2
2025-12-09,GLOBUSSPR,EQ,INE615I01010,GLOBUS SPIRITS LTD,940.0,990.1,908.4,981.9,945.9,3.81,122438,120221875.19
2025-12-09,GLOSTERLTD,EQ,INE350Z01018,GLOSTER LIMITED,659.5,659.5,631.35,641.0,638.35,0.42,2661,1705701.0
2025-12-09,GLOTTIS,EQ,INE0TQE01026,GLOTTIS LIMITED,57.0,59.95,56.24,59.37,57.38,3.47,415816,24686995.48
2025-12-09,GMBREW,EQ,INE075D01018,G M BREWERIES LTD,948.0,1043.9,912.5,1011.0,949.0,6.53,399826,404224086.0
2025-12-09,GMDCLTD,EQ,INE131A01031,GUJARAT MINERAL DEV CORP,489.8,495.7,473.7,491.45,489.8,0.34,4069535,1999973025.43
2025-12-09,GMMPFAUDLR,EQ,INE541A01023,GMM PFAUDLER LIMITED,1056.0,1086.5,1048.3,1065.3,1064.8,0.05,131185,139751386.91
2025-12-09,GMRAIRPORT,EQ,INE776C01039,GMR AIRPORTS LIMITED,98.0,100.99,98.0,100.41,98.71,1.72,22493544,2258576835.41
2025-12-09,GMRP&UI,EQ,INE0CU601026,GMR POW AND URBAN INFRA L,106.16,108.73,104.1,106.53,106.71,-0.17,10865554,1157507454.36
2025-12-09,GNA,EQ,INE934S01014,GNA AXLES LIMITED,300.35,309.5,298.5,306.15,300.4,1.91,25603,7838358.29
2025-12-09,GNFC,EQ,INE113A01013,GUJ NAR VAL FER & CHEM L,495.0,510.95,493.65,501.25,498.45,0.56,670373,336024466.25
2025-12-09,GOACARBON,EQ,INE426D01013,GOA CARBON LIMITED,388.3,391.95,375.05,390.75,382.3,2.21,4920,1922490.0
2025-12-09,GOCLCORP,EQ,INE077F01035,GOCL CORPORATION LIMITED,283.3,296.3,278.85,293.45,286.25,2.52,51302,15054572.53
2025-12-09,GOCOLORS,EQ,INE0BJS01011,GO FASHION INDIA LTD,468.0,473.2,458.6,462.6,471.45,-1.88,123131,56960401.35
2025-12-09,GODAVARIB,EQ,INE497S01012,GODAVARI BIOREFINERIES L,234.0,253.0,227.42,244.25,234.91,3.98,314604,76842027.0
2025-12-09,GODFRYPHLP,EQ,INE260B01028,GODFREY PHILLIPS INDIA LT,2629.9,2789.9,2572.0,2772.1,2645.8,4.77,535725,1485083324.82
2025-12-09,GODIGIT,EQ,INE03JT01014,GO DIGIT GENERAL INS LTD,346.25,346.25,332.55,340.4,346.25,-1.69,343746,117011136.3
2025-12-09,GODREJAGRO,EQ,INE850D01014,GODREJ AGROVET LIMITED,572.1,609.3,566.15,595.7,575.7,3.47,834043,496839425.28
2025-12-09,GODREJCP,EQ,INE102D01028,GODREJ CONSUMER PRODUCTS,1116.0,1134.8,1109.2,1128.8,1121.6,0.64,417028,470741226.76
2025-12-09,GODREJIND,EQ,INE233A01035,GODREJ INDUSTRIES LTD,1014.0,1021.0,1000.1,1018.3,1014.2,0.4,45295,46123897.95
2025-12-09,GODREJPROP,EQ,INE484J01027,GODREJ PROPERTIES LTD,1970.0,2051.4,1952.0,2043.0,1975.1,3.44,1296198,2648132514.0
2025-12-09,GOKEX,EQ,INE887G01027,GOKALDAS EXPORTS LTD.,835.6,837.9,808.8,824.25,835.6,-1.36,388912,320560716.0
2025-12-09,GOKUL,EQ,INE020J01029,GOKUL REFOILS & SOLV LTD,38.71,40.2,38.7,39.95,38.71,3.2,19720,787814.02
2025-12-09,GOKULAGRO,EQ,INE314T01033,GOKUL AGRO RESOURCES LTD,190.0,195.78,185.12,194.39,190.84,1.86,1134342,220504740.69
2025-12-09,GOLD1,EQ,INF174KA1HJ8,KOTAK GOLD ETF,107.35,107.46,106.26,107.09,107.46,-0.34,1902690,203759065.13
2025-12-09,GOLDADD,EQ,INF740KA1ZP2,DSPAMC - DSPGOLD,12.57,12.57,12.39,12.47,12.53,-0.47,4258560,53117017.06
2025-12-09,GOLDAXIS,EQ,INF846K01W80,AXISAMC-GOLDAXIS,107.54,107.55,106.26,107.01,107.73,-0.67,1733450,185496488.2
2025-12-09,GOLDBEES,EQ,INF204KB17I5,NIP IND ETF GOLD BEES,106.76,106.76,105.5,106.28,106.85,-0.53,22835801,2426988902.4
2025-12-09,GOLDBETA,EQ,INF789F1AUX7,UTIAMC-UTIGOLDBETA,108.85,108.9,107.25,108.0,108.45,-0.41,741346,80065368.0
2025-12-09,GOLDCASE,EQ,INF0R8F01042,ZERODHAAMC - GOLDCASE,20.87,20.87,20.0,20.18,20.26,-0.39,6446710,130094609.77
2025-12-09,GOLDETF,EQ,INF769K01JP9,MIRAEAMC - MAGOLDETF,124.42,125.17,124.02,124.7,125.16,-0.37,605696,75530289.35
2025-12-09,GOLDIAM,EQ,INE025B01025,GOLDIAM INTERNATIONAL LTD,271.5,283.46,271.5,280.35,274.46,2.15,450237,126223945.7
2025-12-09,GOLDIETF,EQ,INF109KC1NT3,ICICI PRUDENTIAL GOLD ETF,110.39,110.5,109.1,110.01,110.74,-0.66,5536453,609065206.36
2025-12-09,GOODLUCK,EQ,INE127I01024,GOODLUCK INDIA LIMITED,368.33,372.33,356.97,364.97,369.57,-1.24,258711,94420893.41
2025-12-09,GOPAL,EQ,INE0L9R01028,GOPAL SNACKS LIMITED,322.7,328.95,317.95,324.1,325.0,-0.28,43018,13942134.06
2025-12-09,GOYALALUM,EQ,INE705X01026,GOYAL ALUMINIUMS LIMITED,6.36,6.62,6.36,6.47,6.36,1.73,81209,525422.21
2025-12-09,GPIL,EQ,INE177H01039,GODAWARI POW & ISP LTD,226.0,232.0,221.21,230.59,227.07,1.55,2262120,521622242.52
2025-12-09,GPPL,EQ,INE517F01014,GUJARAT PIPAVAV PORT LTD,182.4,190.47,178.3,188.89,182.14,3.71,3788262,715564806.87
2025-12-09,GPTHEALTH,EQ,INE486R01017,GPT HEALTHCARE LIMITED,138.45,139.43,136.0,137.34,139.85,-1.79,123649,16981953.21
2025-12-09,GPTINFRA,EQ,INE390G01014,GPT INFRAPROJECTS LTD,105.3,107.4,101.98,104.93,106.38,-1.36,55079,5779439.49
2025-12-09,GRANULES,EQ,INE101D01020,GRANULES INDIA LIMITED,545.0,564.4,541.1,560.45,543.95,3.03,2356196,1320530076.96
2025-12-09,GRAPHITE,EQ,INE371A01025,GRAPHITE INDIA LTD,523.9,542.4,516.2,540.8,526.15,2.78,361680,195596539.58
2025-12-09,GRASIM,EQ,INE047A01021,GRASIM INDUSTRIES LTD,2740.0,2779.6,2726.5,2746.0,2744.2,0.07,419760,1152660960.0
2025-12-09,GRAVITA,EQ,INE024L01027,GRAVITA INDIA LIMITED,1780.0,1820.0,1730.0,1802.4,1796.7,0.32,310084,558895409.17
2025-12-09,GREAVESCOT,EQ,INE224A01026,GREAVES COTTON LTD.,181.5,184.14,177.11,181.28,181.44,-0.09,1194481,216535514.22
2025-12-09,GREENLAM,EQ,INE544R01021,GREENLAM INDUSTRIES LTD.,234.95,245.0,231.95,240.4,234.95,2.32,25189,6055435.45
2025-12-09,GREENPANEL,EQ,INE08ZM01014,GREENPANEL INDUSTRIES LTD,231.85,231.85,223.0,228.19,232.66,-1.92,466752,106508140.02
2025-12-09,GREENPLY,EQ,INE461C01038,GREENPLY INDUSTRIES LTD,278.25,278.8,269.4,270.5,276.7,-2.24,171206,46311223.0
2025-12-09,GREENPOWER,EQ,INE999K01014,ORIENT GREEN POWER CO LTD,11.85,12.0,11.42,11.94,11.69,2.14,3390597,40483726.76
2025-12-09,GRINDWELL,EQ,INE536A01023,GRINDWELL NORTON LIMITED,1525.0,1622.0,1505.9,1602.8,1536.9,4.29,38681,61997908.69
2025-12-09,GRINFRA,EQ,INE201P01022,G R INFRAPROJECTS LIMITED,1052.0,1052.0,990.0,1016.6,1050.4,-3.22,119504,121487763.48
2025-12-09,GRMOVER,EQ,INE192H01020,GRM OVERSEAS LIMITED,153.0,155.48,146.33,154.98,154.93,0.03,2195109,340205318.78
2025-12-09,GROBTEA,EQ,INE646C01018,THE GROB TEA COMPANY LTD,1007.0,1017.8,986.4,1002.6,1012.0,-0.93,110,110286.0
2025-12-09,GROWW,EQ,INE0HOQ01053,BILLIONBRAINS GARAGE VN L,152.0,152.29,144.2,149.45,151.64,-1.44,50413777,7534338818.8
2025-12-09,GROWWCAPM,EQ,INF666M01MM4,GROWWAMC - GROWWCAPM,9.66,9.66,9.66,9.66,9.71,-0.53,0,0.0
2025-12-09,GROWWDEFNC,EQ,INF666M01IO8,GROWWAMC - GROWWDEFNC,75.5,75.99,73.59,75.79,75.26,0.7,450503,34143622.78
2025-12-09,GROWWEV,EQ,INF666M01IH2,GROWWAMC - GROWWEV,30.98,30.99,30.24,30.7,30.94,-0.78,161729,4965080.42
2025-12-09,GROWWGOLD,EQ,INF666M01OE7,GROWWAMC - GROWWGOLD,125.98,126.2,124.86,125.62,126.0,-0.3,207839,26108735.75
2025-12-09,GROWWLIQID,EQ,INF666M01IP5,GROWWAMC - GROWWLIQID,107.0,107.0,106.95,106.95,106.94,0.01,142602,15251283.46
2025-12-09,GROWWLOVOL,EQ,INF666M01LB9,GROWWAMC - GROWWLOVOL,10.63,10.63,10.63,10.63,10.66,-0.32,0,0.0
2025-12-09,GROWWMC150,EQ,INF666M01MV5,GROWWAMC - GROWWMC150,219.18,219.18,219.18,219.18,218.38,0.37,0,0.0
2025-12-09,GROWWMOM50,EQ,INF666M01KJ4,GROWWAMC - GROWWMOM50,10.64,10.64,10.64,10.64,10.63,0.17,0,0.0
2025-12-09,GROWWN200,EQ,INF666M01JV1,GROWWAMC - GROWWN200,11.6,11.6,11.6,11.6,11.62,-0.19,0,0.0
2025-12-09,GROWWNET,EQ,INF666M01LI4,GROWWAMC - GROWWNET,10.62,10.62,10.62,10.62,10.48,1.3,0,0.0
2025-12-09,GROWWNXT50,EQ,INF666M01LZ8,GROWWAMC - GROWWNXT50,67.69,67.69,67.69,67.69,67.3,0.59,0,0.0
2025-12-09,GROWWRAIL,EQ,INF666M01JJ6,GROWWAMC - GROWWRAIL,32.81,33.15,32.1,33.04,32.56,1.47,594971,19657842.38
2025-12-09,GROWWRLTY,EQ,INF666M01MN2,GROWWAMC - GROWWRLTY,9.74,9.74,9.74,9.74,9.65,0.95,0,0.0
2025-12-09,GROWWSC250,EQ,INF666M01MO0,GROWWAMC - GROWWSC250,9.39,9.39,9.39,9.39,9.29,1.01,0,0.0
2025-12-09,GROWWSLVR,EQ,INF666M01OF4,GROWWAMC - GROWWSLVR,175.36,175.36,175.36,175.36,175.35,0.01,0,0.0
2025-12-09,GRPLTD,EQ,INE137I01015,GRP LIMITED,1700.0,1790.0,1697.4,1750.0,1699.2,2.99,5954,10419500.0
2025-12-09,GRSE,EQ,INE382Z01011,GARDEN REACH SHIP&ENG LTD,2352.0,2456.2,2290.0,2446.0,2363.6,3.49,1954181,4779926726.0
2025-12-09,GRWRHITECH,EQ,INE291A01017,GARWARE HI-TECH FILMS LTD,3559.0,3694.0,3455.2,3644.9,3561.8,2.33,49563,180652173.86
2025-12-09,GSEC10IETF,EQ,INF109KC18O0,ICICIPRAMC - ICICI10GS,259.69,259.69,258.45,258.8,260.19,-0.53,1736,449276.78
2025-12-09,GSEC10YEAR,EQ,INF769K01KF8,MIRAEAMC - MAGS813ETF,30.35,30.35,29.5,29.55,29.61,-0.2,2112,62409.6
2025-12-09,GSEC5IETF,EQ,INF109KC14A8,ICICIPRAMC - ICICI5GSEC,63.93,63.99,63.66,63.78,63.97,-0.3,3297,210282.66
2025-12-09,GSFC,EQ,INE026A01025,GUJ STATE FERT & CHEM LTD,170.99,173.5,167.01,172.49,170.99,0.88,1312854,226454193.67
2025-12-09,GSLSU,EQ,INE0JSX01015,GLOBAL SURFACES LIMITED,112.62,115.0,107.07,110.72,112.7,-1.76,177992,19707274.46
2025-12-09,GSS,EQ,INE871H01011,GSS INFOTECH LIMITED,19.0,19.39,17.71,17.87,19.36,-7.7,220993,3949145.1
2025-12-09,GTECJAINX,EQ,INE586X01012,G-TEC JAINX EDUCATION LTD,23.0,23.5,22.31,22.78,23.51,-3.11,1813,41300.14
2025-12-09,GTL,EQ,INE043A01012,GTL LTD,7.76,7.77,7.65,7.74,7.76,-0.26,278019,2151867.0
2025-12-09,GTLINFRA,EQ,INE221H01019,GTL INFRA.LTD,1.25,1.31,1.24,1.29,1.25,3.2,54146086,69848448.87
2025-12-09,GTPL,EQ,INE869I01013,GTPL HATHWAY LIMITED,97.55,99.42,97.3,98.96,97.73,1.26,11976,1185144.95
2025-12-09,GUFICBIO,EQ,INE742B01025,GUFIC BIOSCIENCES LTD.,343.6,354.8,343.6,351.7,346.8,1.41,29084,10228843.16
2025-12-09,GUJALKALI,EQ,INE186A01019,GUJARAT ALKALIES & CHEM,506.9,512.4,495.0,511.05,506.05,0.99,27520,14064095.66
2025-12-09,GUJAPOLLO,EQ,INE826C01016,GUJ. APOLLO IND. LTD.,405.15,415.0,364.35,409.5,402.8,1.66,81089,33205945.5
2025-12-09,GUJENERGY,EQ,INE844O01030,GUJARAT ENERGY LIMITED,400.9,403.5,395.6,398.4,400.4,-0.5,230162,91696539.4
2025-12-09,GUJRAFFIA,EQ,INE610B01024,GUJARAT RAFFIA INDUST LTD,59.1,59.1,59.1,59.1,60.3,-1.99,1045,61759.5
2025-12-09,GUJTHEM,EQ,INE942C01045,GUJARAT THEMIS BIOSYN LTD,372.2,393.0,362.65,384.5,377.85,1.76,147446,56692987.0
2025-12-09,GULFOILLUB,EQ,INE635Q01029,GULF OIL LUB. IND. LTD.,1121.0,1200.0,1117.0,1139.4,1130.0,0.83,46160,52594705.13
2025-12-09,GULPOLY,EQ,INE255D01024,GULSHAN POLYOLS LIMITED,133.01,139.57,129.5,138.67,134.3,3.25,69173,9592219.78
2025-12-09,GVPIL,EQ,INE878A01011,GE POWER INDIA LIMITED,316.0,324.0,310.95,322.1,318.95,0.99,169563,54616243.33
2025-12-09,GVT&D,EQ,INE200A01026,GE VERNOVA T&D INDIA LTD,2730.0,2920.0,2696.1,2912.5,2757.0,5.64,705987,2056187137.5
2025-12-09,HAL,EQ,INE066F01020,HINDUSTAN AERONAUTICS LTD,4272.5,4314.0,4187.0,4303.0,4287.1,0.37,1674288,7204461264.0
2025-12-09,HALEOSLABS,EQ,INE320X01016,HALEOS LABS LIMITED,1349.6,1365.0,1349.6,1365.0,1356.3,0.64,173,236145.0
2025-12-09,HAPPSTMNDS,EQ,INE419U01012,HAPPIEST MINDS TECHNO LTD,491.65,498.55,487.0,492.65,491.65,0.2,390303,192282770.57
2025-12-09,HAPPYFORGE,EQ,INE330T01021,HAPPY FORGINGS LIMITED,1001.0,1039.9,1000.1,1034.0,1013.4,2.03,19355,20013070.0
2025-12-09,HARDWYN,EQ,INE626Z01029,HARDWYN INDIA LIMITED,12.42,12.51,12.0,12.16,12.57,-3.3,786998,9567646.19
2025-12-09,HARIOMPIPE,EQ,INE00EV01017,HARIOM PIPE INDUSTRIES L,345.2,365.0,336.8,359.9,345.2,4.26,227537,81890564.91
2025-12-09,HARRMALAYA,EQ,INE544A01019,HARRISON MALAYALAM LTD,162.74,164.89,157.41,162.22,162.73,-0.31,14501,2352352.24
2025-12-09,HARSHA,EQ,INE0JUS01029,HARSHA ENGINEERS INT LTD,368.0,378.8,367.05,370.4,370.95,-0.15,38344,14202617.37
2025-12-09,HATHWAY,EQ,INE982F01036,HATHWAY CABLE & DATACOM,12.3,12.77,12.02,12.52,12.36,1.29,16206575,202906326.42
2025-12-09,HATSUN,EQ,INE473B01035,HATSUN AGRO PRODUCT LTD.,1001.0,1034.0,993.6,1030.2,1004.6,2.55,35923,37007872.85
2025-12-09,HAVELLS,EQ,INE176B01034,HAVELLS INDIA LIMITED,1396.0,1422.8,1391.0,1419.8,1407.3,0.89,730475,1037128440.67
2025-12-09,HAVISHA,EQ,INE293B01029,SRI HAVISHA HOSP & INFR L,1.8,1.8,1.72,1.75,1.79,-2.23,6795,11891.25
2025-12-09,HBLENGINE,EQ,INE292B01021,HBL ENGINEERING LTD,804.0,814.1,785.1,811.95,803.55,1.05,1614195,1310645649.95
2025-12-09,HBSL,EQ,INE550B01022,HB STOCKHOLDINGS LIMITED,75.0,75.0,72.1,74.28,75.0,-0.96,4075,302691.0
2025-12-09,HCC,EQ,INE549A01026,HINDUSTAN CONSTRUCTION CO,18.28,18.99,17.76,18.58,18.39,1.03,44376994,824524545.13
2025-12-09,HCG,EQ,INE075I01017,HEALTHCARE GLOB. ENT. LTD,700.25,704.9,696.1,698.4,704.85,-0.92,97380,68010194.38
2025-12-09,HCL-INSYS,EQ,INE236A01020,HCL INFOSYSTEMS LTD,13.4,14.1,13.27,13.66,13.96,-2.15,283955,3878825.26
2025-12-09,HCLTECH,EQ,INE860A01027,HCL TECHNOLOGIES LTD,1687.0,1687.0,1656.4,1657.6,1688.6,-1.84,2817704,4670626081.61
2025-12-09,HDBFS,EQ,INE756I01012,HDB FINANCIAL SERVICES L,738.4,743.9,725.65,740.7,743.45,-0.37,528179,391222191.75
2025-12-09,HDFCAMC,EQ,INE127D01025,HDFC AMC LIMITED,2548.5,2565.0,2510.0,2558.9,2551.5,0.29,809645,2071800511.43
2025-12-09,HDFCBANK,EQ,INE040A01034,HDFC BANK LTD,994.9,1002.8,994.0,997.1,1003.1,-0.6,15294322,15249968092.8
2025-12-09,HDFCBSE500,EQ,INF179KC1EZ4,HDFCAMC - HDFCBSE500,38.66,38.66,37.35,37.76,37.72,0.11,32154,1214134.99
2025-12-09,HDFCGOLD,EQ,INF179KC1981,HDFC GOLD ETF,109.42,110.18,108.93,109.7,110.25,-0.5,3747553,411106552.66
2025-12-09,HDFCGROWTH,EQ,INF179KC1DJ0,HDFCAMC - HDFCGROWTH,128.5,129.08,127.37,128.25,129.46,-0.93,15856,2033532.0
2025-12-09,HDFCLIFE,EQ,INE795G01014,HDFC LIFE INS CO LTD,763.9,765.3,753.5,762.9,764.05,-0.15,1965538,1499508988.19
2025-12-09,HDFCLIQUID,EQ,INF179KC1JG3,HDFCAMC - HDFCLIQUID,1039.39,1039.43,1039.39,1039.42,1039.29,0.01,8344,8672920.85
2025-12-09,HDFCLOWVOL,EQ,INF179KC1HU8,HDFCAMC - HDFCLOWVOL,21.39,21.44,21.24,21.27,21.44,-0.79,67503,1435788.84
2025-12-09,HDFCMID150,EQ,INF179KC1HT0,HDFCAMC - HDFCMID150,22.14,22.23,21.7,22.14,22.14,0.0,474987,10516211.89
2025-12-09,HDFCMOMENT,EQ,INF179KC1HV6,HDFCAMC - HDFCMOMENT,31.97,31.97,31.25,31.61,31.73,-0.38,141033,4458053.22
2025-12-09,HDFCNEXT50,EQ,INF179KC1HS2,HDFCAMC - HDFCNEXT50,68.25,69.02,67.46,68.96,68.81,0.22,120287,8294991.41
2025-12-09,HDFCNIF100,EQ,INF179KC1HR4,HDFCAMC - HDFCNIF100,27.23,27.36,26.95,27.1,27.23,-0.48,80823,2190303.33
2025-12-09,HDFCNIFBAN,EQ,INF179KC1HY0,HDFCAMC - HDFCNIFBAN,62.3,62.3,60.4,60.62,60.79,-0.28,2076086,125852331.1
2025-12-09,HDFCNIFIT,EQ,INF179KC1IA8,HDFCAMC - HDFCNIFIT,40.95,40.95,40.03,40.26,40.75,-1.2,65245,2626763.59
2025-12-09,HDFCNIFTY,EQ,INF179KC1965,HDFCAMC - HDFCNIFTY,290.38,292.5,288.1,289.36,290.49,-0.39,277648,80340221.21
2025-12-09,HDFCPSUBK,EQ,INF179KC1HW4,HDFCAMC HDFCPSUBK,82.62,83.35,81.16,83.12,82.21,1.11,48973,4070635.89
2025-12-09,HDFCPVTBAN,EQ,INF179KC1HZ7,HDFCAMC - HDFCPVTBAN,29.28,29.28,28.84,28.99,29.14,-0.51,133999,3884630.98
2025-12-09,HDFCQUAL,EQ,INF179KC1DL6,HDFCAMC - HDFCQUAL,60.16,60.16,59.23,59.67,59.87,-0.33,8681,517995.25
2025-12-09,HDFCSENSEX,EQ,INF179KC1HX2,HDFCAMC - HDFCSENSEX,93.68,95.77,93.68,95.51,95.78,-0.28,41772,3989643.81
2025-12-09,HDFCSILVER,EQ,INF179KC1DI2,HDFCAMC - HDFCSILVER,170.43,172.12,168.85,171.75,171.71,0.02,5215997,895847484.75
2025-12-09,HDFCSML250,EQ,INF179KC1FB2,HDFCAMC - HDFCSML250,163.0,164.29,159.9,164.07,162.52,0.95,2244148,368197378.8
2025-12-09,HDFCVALUE,EQ,INF179KC1DK8,HDFCAMC - HDFCVALUE,138.36,138.84,137.62,138.49,138.9,-0.3,16260,2251847.49
2025-12-09,HEADSUP,EQ,INE759V01019,HEADS UP VENTURES LIMITED,9.23,10.44,9.06,9.48,9.42,0.64,37703,357424.42
2025-12-09,HEALTHADD,EQ,INF740KA1ZG1,DSPAMC - HEALTHADD,147.0,147.57,145.84,147.03,147.79,-0.51,2370,348461.1
2025-12-09,HEALTHAXIS,EQ,INF846K01Z12,AXISAMC-HEALTHAXIS,147.94,149.54,147.5,148.27,148.68,-0.28,2351,348582.78
2025-12-09,HEALTHIETF,EQ,INF109KC1Q72,ICICIPRAMC - ICICIPHARM,150.01,150.12,148.51,149.4,150.14,-0.49,67880,10141271.59
2025-12-09,HEALTHX,EQ,INE019J01013,HEALTH X PLATFORM LIMITED,306.0,310.45,293.3,306.2,308.1,-0.62,48294,14787623.39
2025-12-09,HEALTHY,EQ,INF209KB10C2,BIRLASLAMC - HEALTHY,15.2,15.2,14.9,14.98,15.17,-1.25,416734,6242675.13
2025-12-09,HECPROJECT,EQ,INE558R01013,HEC INFRA PROJECTS LTD,131.0,131.0,125.01,127.48,131.04,-2.72,8941,1139798.71
2025-12-09,HEIDELBERG,EQ,INE578A01017,HEIDELBERGCEMENT (I) LTD,171.55,173.16,168.94,172.59,173.57,-0.56,96183,16600223.62
2025-12-09,HEMIPROP,EQ,INE0AJG01018,HEMISPHERE PROP IND LTD,125.35,130.5,125.0,130.05,126.6,2.73,290960,37839348.89
2025-12-09,HERANBA,EQ,INE694N01015,HERANBA INDUSTRIES LTD,237.0,245.65,232.4,238.4,238.1,0.13,66777,15919636.39
2025-12-09,HERITGFOOD,EQ,INE978A01027,HERITAGE FOODS LTD,459.1,470.0,450.1,465.45,457.75,1.68,206016,95890149.71
2025-12-09,HEROMOTOCO,EQ,INE158A01026,HERO MOTOCORP LIMITED,6164.0,6164.0,5966.0,6001.0,6167.0,-2.69,1186776,7121842776.0
2025-12-09,HESTERBIO,EQ,INE782E01017,HESTER BIOSCIENCES LTD,1593.5,1610.0,1554.2,1603.5,1601.5,0.12,9003,14436310.5
2025-12-09,HEXATRADEX,EQ,INE750M01017,HEXA TRADEX LIMITED,163.0,165.0,160.3,164.85,164.05,0.49,593,97756.05
2025-12-09,HEXT,EQ,INE093A01041,HEXAWARE TECHNOLOGIES LTD,750.0,764.7,742.65,760.45,753.9,0.87,242095,184101145.71
2025-12-09,HGINFRA,EQ,INE926X01010,H.G.INFRA ENGINEERING LTD,794.0,796.4,758.3,763.55,794.45,-3.89,268670,205142975.22
2025-12-09,HGM,EQ,INE596H01014,HANDSON GBL MNGMNT LTD,64.67,67.99,60.1,64.93,65.02,-0.14,4781,310430.33
2025-12-09,HGS,EQ,INE170I01016,HINDUJA GLOBAL SOLS. LTD.,449.55,464.0,443.8,445.6,452.45,-1.51,52212,23265667.52
2025-12-09,HIKAL,EQ,INE475B01022,HIKAL LIMITED,231.68,239.34,228.81,233.25,234.05,-0.34,995515,232203873.75
2025-12-09,HILINFRA,EQ,INE00RL01028,HIGHWAY INFRASTRUCTURE L,61.45,62.6,59.58,62.14,60.98,1.9,219613,13646751.69
2025-12-09,HILTON,EQ,INE788H01017,HILTON METAL FORGING LTD,39.59,40.9,38.49,40.17,40.38,-0.52,123196,4948783.09
2025-12-09,HIMATSEIDE,EQ,INE049A01027,HIMATSINGKA SEIDE LTD,113.0,116.15,110.62,114.35,113.04,1.16,527316,60298583.8
2025-12-09,HINDALCO,EQ,INE038A01020,HINDALCO  INDUSTRIES  LTD,819.0,819.4,803.1,812.9,819.45,-0.8,3394966,2759767944.28
2025-12-09,HINDCOMPOS,EQ,INE310C01029,HINDUSTAN COMPOSITES LTD.,416.75,419.75,408.8,412.5,416.0,-0.84,2716,1120350.0
2025-12-09,HINDCON,EQ,INE642Y01029,HINDCON CHEMICALS LIMITED,27.1,27.99,27.1,27.84,27.74,0.36,10912,303790.08
2025-12-09,HINDCOPPER,EQ,INE531E01026,HINDUSTAN COPPER LTD,361.5,366.0,349.5,362.85,363.5,-0.18,12597995,4571182562.64
2025-12-09,HINDOILEXP,EQ,INE345A01011,HINDUSTAN OIL EXPLORATION,156.7,158.5,151.65,153.66,156.62,-1.89,941859,144726057.39
2025-12-09,HINDPETRO,EQ,INE094A01015,HINDUSTAN PETROLEUM CORP,445.15,453.9,442.3,448.75,445.95,0.63,6794529,3049044888.75
2025-12-09,HINDUNILVR,EQ,INE030A01027,HINDUSTAN UNILEVER LTD.,2318.0,2330.4,2298.1,2306.5,2314.0,-0.32,1471488,3393987072.0
2025-12-09,HINDWAREAP,EQ,INE05AN01011,HINDWARE HME INOVATON LTD,288.5,293.8,276.6,286.25,288.05,-0.62,751407,215090253.75
2025-12-09,HINDZINC,EQ,INE267A01025,HINDUSTAN ZINC LIMITED,489.0,494.8,482.0,491.45,490.45,0.2,2767639,1360156220.33
2025-12-09,HIRECT,EQ,INE835D01023,HIRECT LIMITED,730.0,748.45,710.55,744.3,728.65,2.15,41980,31245713.49
2025-12-09,HISARMETAL,EQ,INE598C01011,HISAR METAL IND. LIMITED,168.47,173.45,168.47,168.99,168.46,0.31,1150,194338.51
2025-12-09,HITECH,EQ,INE106T01025,HI-TECH PIPES LIMITED,94.35,95.38,92.0,94.21,94.85,-0.67,733845,69135536.78
2025-12-09,HLEGLAS,EQ,INE461D01028,HLE GLASCOAT LIMITED,433.65,458.75,427.9,455.8,435.75,4.6,158392,72195071.67
2025-12-09,HLVLTD,EQ,INE102A01024,HLV LIMITED,8.8,9.0,8.6,8.94,8.75,2.17,310679,2777470.13
2025-12-09,HMAAGRO,EQ,INE0ECP01024,HMA AGRO INDUSTRIES LTD,29.23,29.9,27.75,29.48,29.22,0.89,2965517,87423439.8
2025-12-09,HNDFDS,EQ,INE254N01026,HINDUSTAN FOODS LIMITED,519.0,523.15,513.0,520.85,520.15,0.13,19563,10189388.07
2025-12-09,HNGSNGBEES,EQ,INF204KB19I1,NIP IND ETF HANGSENG BEES,528.5,528.5,498.74,506.64,516.64,-1.94,291319,147593862.43
2025-12-09,HOMEFIRST,EQ,INE481N01025,HOME FIRST FIN CO IND LTD,1124.2,1168.0,1104.2,1161.5,1118.2,3.87,247141,287054271.5
2025-12-09,HONASA,EQ,INE0J5401028,HONASA CONSUMER LIMITED,256.1,262.35,250.7,260.6,256.4,1.64,2381580,620639762.54
2025-12-09,HONAUT,EQ,INE671A01010,HONEYWELL AUTOMATION IND,34250.0,34525.0,34100.0,34190.0,34250.0,-0.18,2974,101681060.0
2025-12-09,HONDAPOWER,EQ,INE634A01018,HONDA I POWER PRODUCT LTD,2312.0,2379.9,2251.7,2319.6,2329.1,-0.41,4687,10871965.66
2025-12-09,HPAL,EQ,INE0GSL01024,HP ADHESIVES LIMITED,42.08,42.93,41.31,42.28,42.29,-0.02,46698,1974391.38
2025-12-09,HPIL,EQ,INE05X901010,HINDPRAKASH INDUSTRY LTD,125.0,127.0,116.37,125.36,125.22,0.11,5528,692990.08
2025-12-09,HPL,EQ,INE495S01016,HPL ELECTRIC & POWER LTD,374.0,388.0,369.2,386.05,378.3,2.05,126747,48930677.8
2025-12-09,HSCL,EQ,INE019C01026,HIMADRI SPECIALITY CHEM L,458.7,461.2,452.35,457.1,462.25,-1.11,1038584,474736752.74
2025-12-09,HTMEDIA,EQ,INE501G01024,HT MEDIA LIMITED,22.56,23.37,22.31,23.0,22.55,2.0,165990,3817770.0
2025-12-09,HUBTOWN,EQ,INE703H01016,HUBTOWN LIMITED,287.9,287.9,272.4,281.25,285.25,-1.4,551232,155034000.0
2025-12-09,HUDCO,EQ,INE031A01017,HSG & URBAN DEV CORPN LTD,211.3,215.7,208.38,213.48,212.79,0.32,4044264,863369461.44
2025-12-09,HUHTAMAKI,EQ,INE275B01026,HUHTAMAKI INDIA LIMITED,209.02,215.2,203.0,213.07,209.02,1.94,142669,30398484.87
2025-12-09,HYUNDAI,EQ,INE0V6F01027,HYUNDAI MOTOR INDIA LTD,2265.0,2289.0,2256.7,2282.0,2275.0,0.31,1128328,2574844496.0
2025-12-09,IBULLSLTD,EQ,INE126M01010,INDIABULLS LIMITED,17.16,18.73,17.16,18.25,18.06,1.05,619825,11311806.25
2025-12-09,ICEMAKE,EQ,INE520Y01019,ICE MAKE REFRIGERAT LTD,688.0,716.3,676.0,710.9,687.35,3.43,13742,9769188.14
2025-12-09,ICICIB22,EQ,INF109KB15Y7,ICICIPRAMC - BHARATIWIN,116.0,116.0,113.61,114.97,114.91,0.05,268921,30917847.7
2025-12-09,ICICIBANK,EQ,INE090A01021,ICICI BANK LTD.,1379.9,1384.3,1373.4,1375.2,1389.6,-1.04,10492030,14428639143.69
2025-12-09,ICICIGI,EQ,INE765G01017,ICICI LOMBARD GIC LIMITED,1947.0,1966.8,1928.5,1945.3,1961.1,-0.81,452828,880886330.51
2025-12-09,ICICIPRULI,EQ,INE726G01019,ICICI PRU LIFE INS CO LTD,616.25,631.25,614.9,623.6,616.25,1.19,1276946,796303494.42
2025-12-09,ICIL,EQ,INE483B01026,INDO COUNT INDUSTRIES LTD,279.95,296.0,276.2,289.65,281.35,2.95,649354,188085382.14
2025-12-09,ICRA,EQ,INE725G01011,ICRA LIMITED,5980.0,5985.0,5892.0,5928.0,5995.5,-1.13,2295,13604760.0
2025-12-09,IDBI,EQ,INE008A01015,IDBI BANK LIMITED,94.5,95.93,92.52,95.37,94.78,0.62,9616176,917094731.53
2025-12-09,IDEA,EQ,INE669E01016,VODAFONE IDEA LIMITED,10.3,10.81,10.1,10.74,10.29,4.37,889952074,9558085071.07
2025-12-09,IDEAFORGE,EQ,INE349Y01013,IDEAFORGE TECHNO LTD,424.0,439.8,415.35,435.0,423.75,2.65,167181,72723735.0
2025-12-09,IDFCFIRSTB,EQ,INE092T01019,IDFC FIRST BANK LIMITED,78.9,81.15,78.34,80.91,79.12,2.26,24746063,2002204047.95
2025-12-09,IDFNIFTYET,EQ,INF194KA1U07,BANDHANAMC - IDFNIFTYET,289.89,289.9,281.5,287.48,285.11,0.83,1897,545349.58
2025-12-09,IEX,EQ,INE022Q01020,INDIAN ENERGY EXC LTD,141.0,142.4,140.11,141.19,141.91,-0.51,4741807,669495741.91
2025-12-09,IFBAGRO,EQ,INE076C01018,IFB AGRO INDUSTRIES LTD,1177.1,1309.0,1156.1,1284.9,1194.8,7.54,36248,46575056.08
2025-12-09,IFBIND,EQ,INE559A01017,IFB INDUSTRIES LTD,1535.3,1598.7,1520.5,1543.9,1535.3,0.56,152658,235688689.93
2025-12-09,IFCI,EQ,INE039A01010,IFCI LTD,47.05,48.65,46.25,48.38,47.43,2.0,5074589,245508621.24
2025-12-09,IFGLEXPOR,EQ,INE133Y01011,IFGL REFRACTORIES LIMITED,192.44,204.25,189.01,202.87,192.44,5.42,50207,10185493.84
2025-12-09,IGARASHI,EQ,INE188B01013,IGARASHI MOTORS INDIA LTD,423.15,435.0,414.0,432.75,422.9,2.33,46770,20239717.5
2025-12-09,IGCL,EQ,INE05J901018,INDOGULF CROPSCIENCES LTD,82.45,83.0,78.5,82.33,81.21,1.38,213091,17543782.42
2025-12-09,IGIL,EQ,INE0Q9301021,INTL GEMOLOGICAL INST LTD,316.85,327.75,308.0,325.05,315.3,3.09,626922,203780988.45
2025-12-09,IGL,EQ,INE203G01027,INDRAPRASTHA GAS LTD,184.49,186.8,183.01,183.64,185.02,-0.75,983993,180700473.92
2025-12-09,IGPL,EQ,INE204A01010,I G PETROCHEMICALS LTD,383.5,391.95,375.9,389.4,387.05,0.61,17999,7008810.49
2025-12-09,IIFL,EQ,INE530B01024,IIFL FINANCE LIMITED,552.05,569.15,546.35,567.25,554.65,2.27,962048,545721728.0
2025-12-09,IIFLCAPS,EQ,INE489L01022,IIFL CAPITAL SERVICES LTD,307.0,324.9,303.7,322.65,310.55,3.9,984654,317698607.09
2025-12-09,IITL,EQ,INE886A01014,INDUSTRIAL INV TRUST LTD,172.0,172.0,167.44,170.82,168.89,1.14,13326,2276347.42
2025-12-09,IKIO,EQ,INE0LOJ01019,IKIO TECHNOLOGIES LIMITED,172.94,177.5,170.45,175.05,174.3,0.43,164230,28748462.0
2025-12-09,IKS,EQ,INE115Q01022,INVENTURUS KNOWLEDGE SO L,1586.5,1594.9,1565.1,1575.5,1594.9,-1.22,180035,283645142.5
2025-12-09,IMAGICAA,EQ,INE172N01012,IMAGICAAWORLD ENT LTD,47.8,51.06,47.05,50.71,48.09,5.45,765046,38795481.96
2025-12-09,IMFA,EQ,INE919H01018,INDIAN METALS & FERRO,1300.0,1398.0,1293.6,1376.8,1311.0,5.02,247219,340371131.27
2025-12-09,IMPAL,EQ,INE547E01014,IND MOTOR PART & ACC LTD,1018.3,1043.0,1015.9,1036.4,1023.4,1.27,1254,1299645.63
2025-12-09,INCREDIBLE,EQ,INE452L01012,INCREDIBLE INDUSTRIES LTD,38.98,45.6,38.98,39.49,38.08,3.7,343385,13560274.23
2025-12-09,INDBANK,EQ,INE841B01017,INDBANK MERCH BANK,33.1,35.3,33.1,35.05,34.14,2.67,61091,2141239.5
2025-12-09,INDGN,EQ,INE065X01017,INDEGENE LIMITED,525.0,533.5,519.5,528.75,525.6,0.6,241500,127693125.0
2025-12-09,INDHOTEL,EQ,INE053A01029,THE INDIAN HOTELS CO. LTD,719.4,729.8,707.8,727.75,718.1,1.34,3074691,2237606375.25
2025-12-09,INDIACEM,EQ,INE383A01012,THE INDIA CEMENTS LIMITED,408.0,411.9,404.0,408.0,414.5,-1.57,346981,141568248.0
2025-12-09,INDIAGLYCO,EQ,INE560A01023,INDIA GLYCOLS LTD,1009.0,1063.7,995.0,1056.5,1010.2,4.58,297283,314079489.5
2025-12-09,INDIAMART,EQ,INE933S01016,INDIAMART INTERMESH LTD,2262.1,2298.0,2240.0,2257.8,2273.4,-0.69,125235,282755589.11
2025-12-09,INDIANB,EQ,INE562A01011,INDIAN BANK,779.1,795.9,766.05,793.9,779.1,1.9,2041877,1621046200.15
2025-12-09,INDIANCARD,EQ,INE061A01014,INDIAN CARD CLOTHING CO.,242.2,246.55,238.1,242.25,242.15,0.04,3562,862894.5
2025-12-09,INDIANHUME,EQ,INE323C01030,INDIAN HUME PIPE CO. LTD.,388.4,409.55,383.1,405.9,392.55,3.4,51087,20736212.99
2025-12-09,INDIASHLTR,EQ,INE922K01024,INDIA SHELTER FIN CORP L,843.0,862.75,831.55,849.2,849.55,-0.04,116418,98862167.02
2025-12-09,INDIGO,EQ,INE646L01027,INTERGLOBE AVIATION LTD,4901.0,5017.0,4817.0,4967.5,4923.5,0.89,10230467,50819844822.5
2025-12-09,INDIGOPNTS,EQ,INE09VQ01012,INDIGO PAINTS LIMITED,1203.8,1220.0,1184.5,1200.9,1203.8,-0.24,104148,125071335.74
2025-12-09,INDIQUBE,EQ,INE06ST01018,INDIQUBE SPACES LIMITED,197.01,197.01,191.12,193.63,197.47,-1.94,48073,9308375.22
2025-12-09,INDNIPPON,EQ,INE092B01025,INDIA NIPPON ELECT  LTD,786.5,810.0,764.85,800.0,786.45,1.72,20775,16620000.0
2025-12-09,INDOBORAX,EQ,INE803D01021,INDO BORAX & CHEMICAL LTD,241.1,265.5,241.0,260.73,247.85,5.2,244581,63769606.82
2025-12-09,INDOCO,EQ,INE873D01024,INDOCO REMEDIES LTD.,251.5,252.0,237.85,239.5,252.5,-5.15,128355,30741022.5
2025-12-09,INDOFARM,EQ,INE622H01018,INDO FARM EQUIPMENT LTD,188.35,193.0,182.6,191.19,188.34,1.51,98499,18832024.05
2025-12-09,INDORAMA,EQ,INE156A01020,INDO RAMA SYNTHETICS LTD,46.1,48.3,45.35,47.7,46.5,2.58,206988,9873327.76
2025-12-09,INDOSTAR,EQ,INE896L01010,INDOSTAR CAPITAL FIN LTD,251.18,253.01,242.61,250.55,251.55,-0.4,68156,17076486.01
2025-12-09,INDOTECH,EQ,INE332H01014,INDO TECH TRANSFORM LTD.,1500.0,1617.4,1499.5,1604.4,1546.0,3.78,17937,28778123.24
2025-12-09,INDOTHAI,EQ,INE337M01021,INDO THAI SEC LTD,380.0,380.0,364.35,375.1,383.5,-2.19,206414,77425892.66
2025-12-09,INDOUS,EQ,INE250Z01010,INDO US BIOTECH LTD,127.5,131.9,126.12,128.14,128.8,-0.51,28889,3701836.44
2025-12-09,INDOWIND,EQ,INE227G01018,INDOWIND ENERGY LTD,16.1,16.39,14.67,14.95,15.95,-6.27,2328257,34807441.71
2025-12-09,INDRAMEDCO,EQ,INE681B01017,INDRAPRASTHA MEDICAL CORP,450.05,463.4,441.0,459.65,453.4,1.38,292108,134267440.42
2025-12-09,INDSWFTLAB,EQ,INE915B01019,IND SWIFT LABORATORIES LT,91.5,92.48,88.24,90.53,91.35,-0.9,66554,6025133.54
2025-12-09,INDTERRAIN,EQ,INE611L01021,IND TERRAIN FASHIONS LTD,34.45,36.75,34.0,35.84,34.5,3.88,21419,767656.96
2025-12-09,INDUSINDBK,EQ,INE095A01012,INDUSIND BANK LIMITED,841.45,848.7,832.15,844.35,841.4,0.35,3015385,2546040251.13
2025-12-09,INDUSTOWER,EQ,INE121J01017,INDUS TOWERS LIMITED,400.9,404.95,396.5,403.05,403.0,0.01,5453366,2197979099.73
2025-12-09,INFOBEAN,EQ,INE344S01016,INFOBEANS TECHNO. LTD.,158.75,169.19,154.39,158.34,159.91,-0.98,643820,101940845.32
2025-12-09,INFOMEDIA,EQ,INE669A01022,INFOMEDIA PRESS LIMITED,6.86,6.86,6.52,6.63,6.67,-0.6,6425,42597.75
2025-12-09,INFRABEES,EQ,INF732E01268,NIP IND ETF INFRA BEES,972.75,983.01,964.0,971.0,974.48,-0.36,34905,33892755.0
2025-12-09,INFRAIETF,EQ,INF109KC16E5,ICICIPRAMC - ICICIINFRA,96.51,97.24,95.84,96.99,96.81,0.19,968703,93954501.9
2025-12-09,INFY,EQ,INE009A01021,INFOSYS LIMITED,1601.2,1606.9,1582.4,1599.0,1610.8,-0.73,6957599,11125200801.0
2025-12-09,INGERRAND,EQ,INE177A01018,INGERSOLL-RAND INDIA LTD,3589.4,3605.0,3561.0,3587.0,3607.4,-0.57,6739,24172793.0
2025-12-09,INNOVACAP,EQ,INE0DUT01020,INNOVA CAPTAB LIMITED,660.05,776.9,660.0,726.15,668.55,8.62,85796,62300767.49
2025-12-09,INNOVANA,EQ,INE403Y01018,INNOVANA THINKLABS LTD,427.0,437.5,412.0,427.5,418.0,2.27,5148,2200770.0
2025-12-09,INOXGREEN,EQ,INE510W01014,INOX GREEN ENERGY SER LTD,197.03,205.5,187.07,198.53,197.03,0.76,3441764,683293402.72
2025-12-09,INOXINDIA,EQ,INE616N01034,INOX INDIA LIMITED,1126.0,1159.7,1108.2,1154.6,1127.7,2.39,58639,67704587.97
2025-12-09,INOXWIND,EQ,INE066P01011,INOX WIND LIMITED,124.48,124.78,121.21,124.32,124.48,-0.13,6653499,827162993.65
2025-12-09,INSECTICID,EQ,INE070I01018,INSECTICIDES (I) LTD,697.0,718.0,685.65,712.65,697.25,2.21,14908,10624186.56
2025-12-09,INSPIRISYS,EQ,INE020G01017,INSPIRISYS SOLUTIONS LTD,87.36,92.49,86.73,91.57,87.35,4.83,4184,383128.88
2025-12-09,INTELLECT,EQ,INE306R01017,INTELLECT DESIGN ARENA,1022.6,1044.0,1003.5,1039.3,1022.6,1.63,240736,250196936.55
2025-12-09,INTENTECH,EQ,INE781A01025,INTENSE TECHNOLOGIES LTD,115.97,117.37,111.22,115.74,115.97,-0.2,16296,1886099.01
2025-12-09,INTERARCH,EQ,INE00M901018,INTERARCH BLDNG SOLTN LTD,2283.4,2450.0,2279.0,2397.7,2304.3,4.05,248389,595562293.17
2025-12-09,INTERNET,EQ,INF769K01PB6,MIRAEAMC - INTERNET,14.33,14.33,14.33,14.33,14.14,1.31,0,0.0
2025-12-09,INTLCONV,EQ,INE575C01027,INTL CONVEYORS LIMITED,85.4,88.35,82.51,86.28,85.65,0.74,124193,10715371.89
2025-12-09,INVENTURE,EQ,INE878H01024,INVENTURE GRO & SEC LTD,1.2,1.2,1.17,1.18,1.2,-1.67,829858,979232.4
2025-12-09,IOB,EQ,INE565A01014,INDIAN OVERSEAS BANK,36.7,37.0,35.84,36.81,36.85,-0.11,7194057,264813248.05
2025-12-09,IOC,EQ,INE242A01010,INDIAN OIL CORP LTD,162.2,163.33,160.33,163.01,162.1,0.56,10272407,1674505008.64
2025-12-09,IOLCP,EQ,INE485C01029,IOL CHEM AND PHARMA LTD,82.06,83.6,79.07,82.55,82.04,0.62,1376162,113602177.3
2025-12-09,IONEXCHANG,EQ,INE570A01022,ION EXCHANGE (INDIA) LTD,335.0,365.0,330.95,361.35,335.0,7.87,332441,120127557.38
2025-12-09,IPCALAB,EQ,INE571A01038,IPCA LABORATORIES LTD,1430.0,1469.9,1395.0,1451.0,1447.7,0.23,196937,285755587.0
2025-12-09,IPL,EQ,INE0D6701023,INDIA PESTICIDES LIMITED,170.01,176.8,167.94,170.88,171.06,-0.11,332782,56865789.78
2025-12-09,IRB,EQ,INE821I01022,IRB INFRA DEV LTD.,20.76,20.93,20.41,20.7,20.94,-1.17,15336570,317467010.7
2025-12-09,IRCON,EQ,INE962Y01021,IRCON INTERNATIONAL LTD,146.3,153.0,143.14,151.65,146.85,3.27,3064235,464691219.05
2025-12-09,IRCTC,EQ,INE335Y01020,INDIAN RAIL TOUR CORP LTD,661.3,671.5,658.3,669.95,661.3,1.31,711148,476433611.28
2025-12-09,IREDA,EQ,INE202E01016,INDIAN RENEWABLE ENERGY,131.0,134.98,129.11,134.46,131.21,2.48,10090650,1356788866.75
2025-12-09,IRFC,EQ,INE053F01010,INDIAN RAILWAY FIN CORP L,111.4,113.87,109.9,113.64,111.36,2.05,9736504,1106456308.62
2025-12-09,IRIS,EQ,INE864K01010,IRIS REGTECH SOLUTION LTD,300.0,310.95,298.8,304.4,305.45,-0.34,11787,3587962.73
2025-12-09,IRISDOREME,EQ,INE01GN01025,IRIS CLOTHINGS LIMITED,32.54,33.7,32.05,33.17,32.54,1.94,650609,21580699.34
2025-12-09,IRMENERGY,EQ,INE07U701015,IRM ENERGY LIMITED,284.95,289.8,274.6,286.6,282.95,1.29,67712,19406259.61
2025-12-09,ISFT,EQ,INE566K01011,INTRASOFT TECH. LTD,86.89,94.95,86.0,92.28,86.89,6.2,94328,8704587.72
2025-12-09,ISGEC,EQ,INE858B01029,ISGEC HEAVY ENG LTD,754.0,864.95,748.05,841.7,756.35,11.28,202060,170073904.47
2025-12-09,ISHANCH,EQ,INE561M01018,ISHAN DYES N CHEMICALS L,62.5,66.87,62.49,64.69,63.67,1.6,7198,465638.64
2025-12-09,IT,EQ,INF174KA1GC5,KOTAKMAMC - KOTAKIT,42.01,42.1,41.47,41.84,42.24,-0.95,414468,17341341.18
2025-12-09,ITADD,EQ,INF740KA1SX1,DSPAMC - DSPIT,39.5,40.88,39.5,39.85,40.34,-1.21,42325,1686651.19
2025-12-09,ITAXIS,EQ,INF846K01Y96,AXISAMC-ITAXIS,420.13,420.13,412.94,415.92,420.12,-1.0,3186,1325121.16
2025-12-09,ITBEES,EQ,INF204KB15V2,NIP IND ETF IT,42.37,42.37,41.65,41.89,42.37,-1.13,13757646,576307782.54
2025-12-09,ITBETA,EQ,INF789F1AZD8,UTIAMC-ITBETA,397.29,398.32,393.74,396.62,400.14,-0.88,1521,603259.01
2025-12-09,ITC,EQ,INE154A01025,ITC LTD,402.0,404.5,400.0,401.05,402.3,-0.31,9426717,3780584737.78
2025-12-09,ITCHOTELS,EQ,INE379A01028,ITC HOTELS LIMITED,204.8,205.39,194.0,199.02,205.45,-3.13,9405038,1871790702.94
2025-12-09,ITDC,EQ,INE353K01014,INDIA TOUR. DEV. CO. LTD.,546.0,555.9,530.0,553.2,541.9,2.09,24271,13426717.5
2025-12-09,ITETF,EQ,INF769K01KV5,MIRAEAMC - ITETF,40.63,40.63,39.65,39.89,40.32,-1.07,438456,17490009.57
2025-12-09,ITI,EQ,INE248A01017,ITI LTD,304.5,306.0,296.0,304.8,306.0,-0.39,800474,243984465.43
2025-12-09,ITIETF,EQ,INF109KC16I6,ICICIPRAMC - ICICITECH,42.38,42.38,41.59,41.89,42.29,-0.95,689078,28865477.0
2025-12-09,IVALUE,EQ,INE056801025,IVALUE INFOSOLUTIONS LTD,284.0,293.2,272.9,289.75,283.95,2.04,292379,84716815.25
2025-12-09,IVC,EQ,INE050B01023,IL&FS INVESTMENT MANAGERS,8.13,8.13,7.91,8.07,8.06,0.12,165065,1332074.5
2025-12-09,IVZINGOLD,EQ,INF205KA1BP1,INVESCO INDIA GOLD ETF,11220.05,11277.0,11070.05,11147.7,11220.0,-0.64,306,3411196.26
2025-12-09,IVZINNIFTY,EQ,INF205KA1CC7,INVESCO INDIA NIFTY ETF,2981.44,2981.44,2949.77,2960.01,2966.61,-0.22,13,38480.13
2025-12-09,IXIGO,EQ,INE0HV901016,LE TRAVENUES TECHNOLOGY L,235.9,271.0,233.05,263.8,239.5,10.15,10568669,2788014753.19
2025-12-09,IZMO,EQ,INE848A01014,IZMO LIMITED,788.4,875.4,777.05,875.4,795.85,10.0,153887,134712683.56
2025-12-09,J&KBANK,EQ,INE168A01041,J & K BANK LTD.,100.0,102.39,98.83,101.85,100.05,1.8,2578320,262601888.07
2025-12-09,JAGRAN,EQ,INE199G01027,JAGRAN PRAKASHAN LIMITED,69.5,70.45,68.75,69.61,69.45,0.23,112538,7833770.25
2025-12-09,JAGSNPHARM,EQ,INE048B01035,JAGSONPAL PHARMACEUTICALS,199.44,206.85,194.01,204.0,199.44,2.29,44559,9090036.0
2025-12-09,JAIBALAJI,EQ,INE091G01026,JAI BALAJI INDUSTRIES LTD,62.51,64.6,61.1,63.4,63.03,0.59,4017462,254707096.93
2025-12-09,JAICORPLTD,EQ,INE070D01027,JAI CORP LIMITED,124.0,129.7,121.87,128.92,125.38,2.82,707871,91258728.02
2025-12-09,JAINREC,EQ,INE0YD401026,JAIN RESOURCE RECYCLING L,382.4,399.45,369.05,395.05,383.15,3.11,2319098,916159636.59
2025-12-09,JAIPURKURT,EQ,INE696V01013,NANDANI CREATION LIMITED,30.8,32.0,30.0,30.42,30.11,1.03,5728,174245.76
2025-12-09,JAMNAAUTO,EQ,INE039C01032,JAMNA AUTO IND LTD,117.05,124.35,115.71,122.47,116.84,4.82,10908787,1335999157.21
2025-12-09,JARO,EQ,INE00YJ01010,JARO INS OF TEC MG N RE L,544.55,564.9,525.45,555.1,541.85,2.45,154579,85806799.13
2025-12-09,JASH,EQ,INE039O01029,JASH ENGINEERING LIMITED,433.15,440.0,429.35,435.75,437.55,-0.41,52835,23022851.25
2025-12-09,JAYAGROGN,EQ,INE785A01026,JAYANT AGRO ORGANICS LTD,204.2,207.37,200.98,203.14,205.22,-1.01,8920,1812008.79
2025-12-09,JAYBARMARU,EQ,INE571B01036,JAY BHARAT MARUTI LTD,80.3,85.0,80.3,84.51,81.6,3.57,87741,7414992.1
2025-12-09,JAYKAY,EQ,INE903A01025,JAYKAY ENTERPRISES LTD,194.99,203.0,191.5,201.52,194.95,3.37,120048,24192073.47
2025-12-09,JAYNECOIND,EQ,INE854B01010,JAYASWAL NECO INDUSTR LTD,67.59,70.15,66.4,69.84,67.64,3.25,4820980,336697225.55
2025-12-09,JAYSREETEA,EQ,INE364A01020,JAYSHREE TEA & INDUSTRIES,83.05,85.02,82.08,83.34,83.0,0.41,41676,3473277.69
2025-12-09,JBMA,EQ,INE927D01051,JBM AUTO LIMITED,565.0,580.0,551.7,571.5,567.3,0.74,272731,155865766.5
2025-12-09,JETFREIGHT,EQ,INE982V01025,JET FREIGHT LOGISTICS LTD,17.94,19.82,17.94,18.18,18.88,-3.71,127616,2320058.92
2025-12-09,JGCHEM,EQ,INE0MB501011,J.G.CHEMICALS LIMITED,353.0,367.95,343.2,364.15,353.6,2.98,112763,41062645.76
2025-12-09,JHS,EQ,INE544H01014,JHS SVEND. LAB. LTD,10.25,10.64,10.1,10.43,10.34,0.87,39376,410691.69
2025-12-09,JINDALPHOT,EQ,INE796G01012,JINDAL PHOTO LIMITED,1472.0,1532.0,1465.7,1501.8,1500.0,0.12,17111,25697300.64
2025-12-09,JINDALPOLY,EQ,INE197D01010,JINDAL POLY FILMS LIMITED,490.1,492.0,475.45,483.35,492.75,-1.91,61990,29962866.88
2025-12-09,JINDALSAW,EQ,INE324A01032,JINDAL SAW LIMITED,156.27,160.8,153.0,158.44,157.05,0.89,1373951,217688799.79
2025-12-09,JINDALSTEL,EQ,INE749A01030,JINDAL STEEL LIMITED,996.0,1009.7,977.1,1002.8,997.5,0.53,1274066,1277633369.25
2025-12-09,JINDRILL,EQ,INE742C01031,JINDAL DRILLING IND. LTD,505.0,512.65,504.35,509.1,508.8,0.06,106462,54199804.85
2025-12-09,JINDWORLD,EQ,INE247D01039,JINDAL WORLDWIDE LTD,29.73,30.5,29.13,30.39,29.73,2.22,448922,13642739.31
2025-12-09,JIOFIN,EQ,INE758E01017,JIO FIN SERVICES LTD,296.15,296.8,288.75,293.2,297.2,-1.35,13376328,3921939532.89
2025-12-09,JISLDVREQS,EQ,IN9175A01010,JAIN DVR EQUITY SHARES,27.7,27.7,26.5,27.35,27.41,-0.22,6058,165686.3
2025-12-09,JISLJALEQS,EQ,INE175A01038,JAIN IRRIGATION SYSTEMS,40.62,41.52,39.2,40.86,40.62,0.59,6963537,284530126.07
2025-12-09,JITFINFRA,EQ,INE863T01013,JITF INFRALOGISTICS LTD,272.3,280.95,272.3,274.55,282.45,-2.8,10588,2906935.27
2025-12-09,JKCEMENT,EQ,INE823G01014,JK CEMENT LIMITED,5507.5,5590.0,5370.0,5548.0,5507.5,0.74,118140,655440720.0
2025-12-09,JKIL,EQ,INE576I01022,JKUMAR INFR.LTD.,546.0,580.95,540.0,576.15,549.15,4.92,181388,104506700.63
2025-12-09,JKIPL,EQ,INE1FF001016,JINKUSHAL INDUSTRIES LTD,110.24,112.0,107.17,111.51,110.24,1.15,47952,5347127.62
2025-12-09,JKLAKSHMI,EQ,INE786A01032,JK LAKSHMI CEMENT LTD,757.9,789.8,745.5,784.5,756.1,3.76,184723,144915193.5
2025-12-09,JKPAPER,EQ,INE789E01012,JK PAPER LIMITED,357.0,374.4,354.35,368.75,357.65,3.1,514031,189548931.25
2025-12-09,JKTYRE,EQ,INE573A01042,JK TYRE & INDUSTRIES LTD,449.65,449.65,438.0,445.75,449.65,-0.87,1054568,470073686.0
2025-12-09,JLHL,EQ,INE682M01020,JUPITER LIFE LINE HOSP L,286.2,286.24,281.1,282.08,284.8,-0.96,95195,26852604.32
2025-12-09,JMA,EQ,INE412C01023,JULLUNDUR MOT AGENCY LTD,80.99,81.0,78.02,79.17,79.83,-0.83,11690,925497.28
2025-12-09,JMFINANCIL,EQ,INE780C01023,JM FINANCIAL LIMITED,138.0,140.7,134.2,139.93,138.27,1.2,4642576,649635625.68
2025-12-09,JNKINDIA,EQ,INE0OAF01028,JNK INDIA LIMITED,211.25,225.0,211.25,223.97,214.47,4.43,126948,28432543.71
2025-12-09,JOCIL,EQ,INE839G01010,JOCIL LIMITED,148.0,157.69,148.0,149.33,148.14,0.8,2222,331811.26
2025-12-09,JPOLYINVST,EQ,INE147P01019,JIND POL INV & FIN CO LTD,1080.0,1087.7,1045.4,1066.2,1085.4,-1.77,13350,14233769.35
2025-12-09,JPPOWER,EQ,INE351F01018,JAIPRAKASH POWER VEN. LTD,18.2,18.8,17.93,18.71,18.29,2.3,59261193,1108776866.77
2025-12-09,JSFB,EQ,INE953L01027,JANA SMALL FIN BANK LTD,437.8,444.35,431.3,441.5,437.8,0.85,81278,35884237.0
2025-12-09,JSL,EQ,INE220G01021,JINDAL STAINLESS LIMITED,768.0,775.0,748.0,773.95,766.85,0.93,538870,417058443.08
2025-12-09,JSLL,EQ,INE0J5801029,JEENA SIKHO LIFECARE LTD,665.15,693.15,663.15,682.65,673.8,1.31,163521,111627614.64
2025-12-09,JSWCEMENT,EQ,INE718I01012,JSW CEMENT LIMITED,111.0,112.9,109.2,112.29,110.97,1.19,2640037,296449757.15
2025-12-09,JSWDULUX,EQ,INE133A01011,JSW DULUX LIMITED,3468.9,3618.0,3407.5,3565.9,3489.7,2.18,110486,393982016.61
2025-12-09,JSWENERGY,EQ,INE121E01018,JSW ENERGY LIMITED,453.5,456.9,442.7,451.2,453.85,-0.58,21783593,9828757427.51
2025-12-09,JSWHL,EQ,INE824G01012,JSW HOLDINGS LIMITED,20440.0,20515.0,19570.0,20270.0,20390.0,-0.59,3657,74127390.0
2025-12-09,JSWINFRA,EQ,INE880J01026,JSW INFRASTRUCTURE LTD,264.2,267.9,258.1,266.4,262.95,1.31,1269983,338323463.45
2025-12-09,JSWSTEEL,EQ,INE019A01038,JSW STEEL LIMITED,1118.0,1120.6,1099.3,1107.8,1119.1,-1.01,1947088,2156984181.47
2025-12-09,JTEKTINDIA,EQ,INE643A01035,JTEKT INDIA LIMITED,139.3,147.3,137.54,145.99,141.44,3.22,80152,11701390.92
2025-12-09,JTLIND,EQ,INE391J01032,JTL INDUSTRIES LIMITED,60.6,61.9,58.94,61.52,60.61,1.5,796364,48992313.64
2025-12-09,JUBLCPL,EQ,INE03CC01015,JUBILANT AGRI N CON PRO L,2197.8,2550.0,2110.0,2421.7,2207.3,9.71,18003,43597864.22
2025-12-09,JUBLFOOD,EQ,INE797F01020,JUBILANT FOODWORKS LTD,580.0,588.45,575.0,583.5,584.2,-0.12,740390,432017565.0
2025-12-09,JUBLINGREA,EQ,INE0BY001018,JUBILANT INGREVIA LIMITED,651.8,684.5,650.0,680.85,657.8,3.5,176513,120178871.74
2025-12-09,JUBLPHARMA,EQ,INE700A01033,JUBILANT PHARMOVA LTD,1040.0,1075.0,1011.0,1061.3,1040.3,2.02,194969,206920609.22
2025-12-09,JUNIORBEES,EQ,INF732E01045,NIP IND ETF JUNIOR BEES,727.49,729.49,714.8,728.77,724.49,0.59,430196,313513947.32
2025-12-09,JUNIPER,EQ,INE696F01016,JUNIPER HOTELS LIMITED,225.08,230.0,220.8,228.11,225.08,1.35,78856,17987842.21
2025-12-09,JUSTDIAL,EQ,INE599M01018,JUSTDIAL LTD.,706.15,717.0,704.25,713.55,714.55,-0.14,83715,59734837.23
2025-12-09,JWL,EQ,INE209L01016,JUPITER WAGONS LIMITED,254.65,262.5,247.15,260.85,254.45,2.52,1741860,454364191.63
2025-12-09,JYOTHYLAB,EQ,INE668F01031,JYOTHY LABS LIMITED,282.9,286.85,279.0,285.95,282.9,1.08,182573,52206751.58
2025-12-09,JYOTICNC,EQ,INE980O01024,JYOTI CNC AUTOMATION LTD,911.6,942.4,907.8,930.0,911.6,2.02,341813,317886090.0
2025-12-09,JYOTISTRUC,EQ,INE197A01024,JYOTI STRUCTURES LTD,10.36,10.59,10.11,10.4,10.36,0.39,10273240,106841692.08
2025-12-09,KABRAEXTRU,EQ,INE900B01029,KABRA EXTRUSION TECHNIK L,220.0,233.0,215.76,230.19,220.05,4.61,21942,5050829.03
2025-12-09,KAJARIACER,EQ,INE217B01036,KAJARIA CERAMICS LTD,1031.0,1048.8,1024.1,1043.5,1041.8,0.16,363253,379054505.5
2025-12-09,KAKATCEM,EQ,INE437B01014,KAKATIYA CEM SUGAR &IND L,130.01,132.5,130.0,131.92,130.29,1.25,522,68862.24
2025-12-09,KALAMANDIR,EQ,INE438K01021,SAI SILKS (KALAMANDIR) L,150.61,153.42,145.5,152.16,150.61,1.03,1063647,161844531.42
2025-12-09,KALPATARU,EQ,INE227J01012,KALPATARU LIMITED,339.0,343.5,330.05,340.0,339.7,0.09,53254,18106360.0
2025-12-09,KALYANKJIL,EQ,INE303R01014,KALYAN JEWELLERS IND LTD,470.0,475.8,459.05,473.35,475.05,-0.36,2486218,1176851305.47
2025-12-09,KAMATHOTEL,EQ,INE967C01018,KAMAT HOTELS (I) LTD,228.0,234.6,223.59,232.83,230.47,1.02,53147,12374216.11
2025-12-09,KAMOPAINTS,EQ,INE0BTI01037,KAMDHENU VENTURES LIMITED,6.61,6.87,6.56,6.7,6.67,0.45,560852,3757708.29
2025-12-09,KANANIIND,EQ,INE879E01037,KANANI INDUSTRIES LTD,1.67,1.68,1.6,1.65,1.65,0.0,143626,236982.9
2025-12-09,KANPRPLA,EQ,INE694E01014,KANPUR PLASTIPACK LIMITED,195.13,200.0,187.46,199.85,194.15,2.94,24612,4918708.35
2025-12-09,KANSAINER,EQ,INE531A01024,KANSAI NEROLAC PAINTS LTD,222.0,224.5,220.05,221.91,221.85,0.03,389814,86503626.17
2025-12-09,KAPSTON,EQ,INE542Z01028,KAPSTON SERVICES LIMITED,295.9,302.5,258.0,300.65,298.9,0.59,18927,5690402.43
2025-12-09,KARMAENG,EQ,INE725L01011,KARMA ENERGY LIMITED,49.22,53.99,47.1,52.07,49.23,5.77,13620,709193.4
2025-12-09,KARURVYSYA,EQ,INE036D01028,KARUR VYSYA BANK LTD,241.0,243.6,236.63,243.01,242.3,0.29,1286990,312751432.83
2025-12-09,KAYNES,EQ,INE918Z01012,KAYNES TECHNOLOGY IND LTD,3920.0,4435.0,3712.5,4331.0,3807.0,13.76,18448771,79901627201.0
2025-12-09,KCP,EQ,INE805C01028,KCP LTD,174.81,179.0,172.51,178.0,174.81,1.82,186562,33208036.0
2025-12-09,KDDL,EQ,INE291D01011,KDDL LIMITED,2280.5,2305.7,2225.3,2290.2,2301.6,-0.5,12393,28382447.99
2025-12-09,KEC,EQ,INE389H01022,KEC INTL. LIMITED,679.5,688.4,668.7,684.35,681.55,0.41,646861,442679309.56
2025-12-09,KECL,EQ,INE134B01017,KIRLOSKAR ELECTRIC CO LTD,99.3,101.99,97.02,100.46,100.83,-0.37,93517,9394717.73
2025-12-09,KEEPLEARN,EQ,INE055C01020,DSJ KEEP LEARNING LTD,2.65,2.79,2.55,2.64,2.54,3.94,101210,267194.41
2025-12-09,KEI,EQ,INE878B01027,KEI INDUSTRIES LTD.,4051.1,4090.0,3987.0,4073.0,4095.2,-0.54,167542,682398566.0
2025-12-09,KELLTONTEC,EQ,INE164B01030,KELLTON TECH SOL LTD,17.83,18.6,17.51,18.46,17.91,3.07,1814000,33486438.34
2025-12-09,KERNEX,EQ,INE202H01019,KERNEX MICROSYS(I) LTD,968.3,1043.8,950.0,1038.7,968.3,7.27,408288,424088725.66
2025-12-09,KEYFINSERV,EQ,INE681C01015,KEYNOTE FIN SERV LTD.,308.0,314.9,301.0,307.45,305.85,0.52,20587,6329473.4
2025-12-09,KFINTECH,EQ,INE138Y01010,KFIN TECHNOLOGIES LIMITED,1041.9,1047.4,1018.0,1039.6,1042.0,-0.23,576368,599192158.73
2025-12-09,KHAICHEM,EQ,INE745B01028,KHAITAN CHEM & FERT LTD,80.03,83.11,77.12,82.57,80.83,2.15,191919,15846751.77
2025-12-09,KHAITANLTD,EQ,INE731C01018,KHAITAN (INDIA)LTD.,99.99,101.0,96.61,101.0,100.01,0.99,2577,260277.0
2025-12-09,KHANDSE,EQ,INE060B01014,KHANDWALA SECURITIES LTD,23.45,23.45,21.55,21.98,22.29,-1.39,10101,222019.98
2025-12-09,KICL,EQ,INE029L01018,KALYANI INVEST CO LTD,4800.0,4995.0,4753.5,4923.5,4823.0,2.08,2088,10280268.0
2025-12-09,KIMS,EQ,INE967H01025,KRISHNA INST OF MED SCI L,672.0,680.95,663.85,677.2,676.65,0.08,602502,408014361.75
2025-12-09,KINGFA,EQ,INE473D01015,KINGFA SCI & TEC IND LTD.,3721.0,3832.7,3649.9,3776.4,3778.8,-0.06,4800,18126719.53
2025-12-09,KIOCL,EQ,INE880L01014,KIOCL LIMITED,330.6,335.0,322.55,333.0,335.0,-0.6,78362,26094546.0
2025-12-09,KIRIINDUS,EQ,INE415I01015,KIRI INDUSTRIES LIMITED,580.0,583.3,565.0,569.2,586.3,-2.92,732379,416870135.74
2025-12-09,KIRLOSBROS,EQ,INE732A01036,KIRLOSKAR BROTHERS LTD,1537.5,1629.0,1512.5,1611.5,1537.5,4.81,67955,109509482.5
2025-12-09,KIRLOSENG,EQ,INE146L01010,KIRLOSKAR OIL ENG LTD,1098.8,1140.0,1078.1,1123.4,1096.8,2.43,456314,512623158.74
2025-12-09,KIRLOSIND,EQ,INE250A01039,KIRLOSKAR INDUSTRIES LTD,3222.0,3299.0,3165.1,3279.5,3212.8,2.08,5232,17158344.0
2025-12-09,KIRLPNU,EQ,INE811A01038,KIRLOSKAR PNEUMATIC COM L,502.25,533.25,495.05,523.9,499.75,4.83,213226,111709106.61
2025-12-09,KITEX,EQ,INE602G01020,KITEX GARMENTS LTD,200.85,202.5,194.0,201.35,201.23,0.06,852491,171649068.05
2025-12-09,KKCL,EQ,INE401H01017,KEWAL KIRAN CLOTHING LTD,499.5,506.0,490.0,495.75,503.35,-1.51,28380,14069385.0
2025-12-09,KMEW,EQ,INE0CJD01029,KNOWLEDGE MARINE & EN W L,1558.45,1669.05,1506.25,1628.8,1578.45,3.19,468416,762956003.67
2025-12-09,KMSUGAR,EQ,INE157H01023,K M SUGAR MILLS LTD,25.75,25.93,25.02,25.63,25.59,0.16,95377,2444512.43
2025-12-09,KNAGRI,EQ,INE0KNW01016,KN AGRI RESOURCES LIMITED,196.0,207.0,189.0,203.25,193.7,4.93,7748,1574781.0
2025-12-09,KNRCON,EQ,INE634I01029,KNR CONSTRU LTD.,145.5,153.41,143.4,151.91,145.98,4.06,1699547,258178190.99
2025-12-09,KOHINOOR,EQ,INE080B01012,KOHINOOR FOODS LIMITED,26.2,27.9,26.1,27.67,27.17,1.84,123073,3405429.92
2025-12-09,KOKUYOCMLN,EQ,INE760A01029,KOKUYO CAMLIN LIMITED,91.5,92.39,89.0,89.92,91.47,-1.69,46582,4188653.35
2025-12-09,KOLTEPATIL,EQ,INE094I01018,KOLTE PATIL DEV. LTD.,370.75,377.0,366.45,375.55,372.55,0.81,108885,40891760.42
2025-12-09,KOPRAN,EQ,INE082A01010,KOPRAN LTD,132.0,134.5,129.0,132.6,131.92,0.52,106792,14160619.85
2025-12-09,KOTAKBANK,EQ,INE237A01036,KOTAK MAHINDRA BANK LTD,424.0,426.68,421.78,425.54,426.32,-0.18,16037550,6824619164.04
2025-12-09,KOTHARIPET,EQ,INE720A01015,KOTHARI PETROCHEM LTD,119.0,124.0,116.49,122.21,120.68,1.27,60512,7395171.46
2025-12-09,KOTHARIPRO,EQ,INE823A01017,KOTHARI PRODUCTS LTD,74.15,74.69,70.26,72.5,74.15,-2.23,22377,1622332.5
2025-12-09,KPEL,EQ,INE127T01021,K.P. ENERGY LIMITED,339.05,351.0,326.85,345.6,339.05,1.93,362574,125305576.61
2025-12-09,KPIGREEN,EQ,INE542W01025,KPI GREEN ENERGY LIMITED,395.0,406.9,386.8,399.15,395.1,1.03,2612982,1042971749.35
2025-12-09,KPIL,EQ,INE220B01022,KALPATARU PROJECT INT LTD,1140.1,1177.5,1135.0,1172.9,1154.4,1.6,147433,172924169.3
2025-12-09,KPITTECH,EQ,INE04I401011,KPIT TECHNOLOGIES LIMITED,1208.0,1223.0,1194.0,1206.1,1220.5,-1.18,547606,660467583.23
2025-12-09,KPRMILL,EQ,INE930H01031,KPR MILL LTD.,965.0,981.1,940.0,977.6,973.8,0.39,191780,187484123.32
2025-12-09,KRBL,EQ,INE001B01026,KRBL LIMITED,373.3,396.1,371.3,392.8,381.15,3.06,2146086,842982554.6
2025-12-09,KREBSBIO,EQ,INE268B01013,KREBS BIOCHEMICALS & IND,66.8,66.95,64.6,66.08,66.74,-0.99,6613,436987.05
2025-12-09,KRIDHANINF,EQ,INE524L01026,KRIDHAN INFRA LIMITED,3.88,3.97,3.61,3.84,3.83,0.26,55443,212901.12
2025-12-09,KRISHANA,EQ,INE506W01020,KRISHANA PHOSCHEM LIMITED,95.39,100.38,94.0,99.15,95.39,3.94,521630,51719615.3
2025-12-09,KRISHIVAL,EQ,INE0GGO01015,KRISHIVAL FOODS LIMITED,414.53,456.37,414.49,435.66,414.91,5.0,72833,31730678.43
2025-12-09,KRISHNADEF,EQ,INE0J5601015,KRISHNA DEF AND ALD IND L,709.0,744.95,694.25,735.9,693.25,6.15,44750,32931526.09
2025-12-09,KRITI,EQ,INE479D01038,KRITI INDUSTRIES IND LTD,75.99,91.57,73.0,73.94,76.31,-3.11,214004,15823456.28
2025-12-09,KRITIKA,EQ,INE00Z501029,KRITIKA WIRES LIMITED,7.46,7.52,7.17,7.49,7.46,0.4,103773,777259.75
2025-12-09,KRITINUT,EQ,INE798K01010,KRITI NUTRIENTS LIMITED,70.65,72.01,68.0,68.57,71.31,-3.84,74222,5089402.52
2025-12-09,KRN,EQ,INE0Q3J01015,KRN HEAT EXCHANGE N REF L,756.0,777.85,743.1,774.7,757.6,2.26,100406,77784529.43
2025-12-09,KROSS,EQ,INE0O6601022,KROSS LIMITED,161.0,163.48,156.32,162.32,160.89,0.89,193560,31418660.62
2025-12-09,KRSNAA,EQ,INE08LI01020,KRSNAA DIAGNOSTICS LTD,721.0,743.3,712.35,736.8,724.3,1.73,92911,68456823.67
2025-12-09,KRYSTAL,EQ,INE0QN801017,KRYSTAL INTEGRATED SER L,530.0,545.95,520.0,539.0,528.45,2.0,10496,5657344.0
2025-12-09,KSB,EQ,INE999A01023,KSB LIMITED,735.0,743.0,725.0,741.05,737.0,0.55,22590,16740319.22
2025-12-09,KSCL,EQ,INE455I01029,KAVERI SEED CO. LTD.,949.3,969.95,924.15,966.5,947.95,1.96,62542,60446843.0
2025-12-09,KSHITIJPOL,EQ,INE013801027,KSHITIJ POLYLINE LIMITED,2.25,2.32,2.06,2.23,2.25,-0.89,177684,396235.32
2025-12-09,KSL,EQ,INE907A01026,KALYANI STEELS LIMITED,719.0,719.0,687.5,711.3,714.9,-0.5,131368,93442056.8
2025-12-09,KSOLVES,EQ,INE0D6I01023,KSOLVES INDIA LIMITED,290.0,291.45,278.1,286.45,287.6,-0.4,57790,16553946.21
2025-12-09,KTKBANK,EQ,INE614B01018,KARNATAKA BANK LIMITED,205.0,211.23,201.75,206.51,205.2,0.64,8345149,1723356674.15
2025-12-09,KUANTUM,EQ,INE529I01021,KUANTUM PAPERS LIMITED,88.57,92.99,87.59,88.89,88.57,0.36,108003,9600386.6
2025-12-09,LAGNAM,EQ,INE548Z01017,LAGNAM SPINTEX LIMITED,73.36,73.36,67.11,68.73,69.58,-1.22,13629,936721.22
2025-12-09,LAL,EQ,INE740X01023,LORENZINI APPARELS LTD,9.72,9.72,8.76,9.18,9.09,0.99,27605,253413.91
2025-12-09,LALPATHLAB,EQ,INE600L01024,DR. LAL PATH LABS LTD.,1467.5,1474.35,1446.15,1457.25,1483.85,-1.79,226952,330725802.0
2025-12-09,LAMBODHARA,EQ,INE112F01022,LAMBODHARA TEXTILES LTD.,126.5,126.5,121.68,124.76,124.56,0.16,8274,1032264.26
2025-12-09,LANDMARK,EQ,INE559R01029,LANDMARK CARS LIMITED,508.55,528.0,502.3,520.3,511.0,1.82,39287,20441025.62
2025-12-09,LANDSMILL,EQ,INE688J01023,LANDSMILL GREEN LIMITED,1.18,1.24,1.15,1.15,1.21,-4.96,15637580,17983216.63
2025-12-09,LAOPALA,EQ,INE059D01020,LA OPALA RG LIMITED,206.0,208.0,197.21,199.85,206.58,-3.26,182427,36458037.06
2025-12-09,LATENTVIEW,EQ,INE0I7C01011,LATENT VIEW ANALYTICS LTD,493.95,505.0,476.35,502.1,497.35,0.96,7693278,3862794930.76
2025-12-09,LATTEYS,EQ,INE262Z01023,LATTEYS INDUSTRIES LTD,23.37,23.37,23.37,23.37,23.84,-1.97,5595,130755.15
2025-12-09,LAURUSLABS,EQ,INE947Q01028,LAURUS LABS LIMITED,1003.2,1026.9,985.9,1021.4,1004.1,1.72,1464780,1496126327.76
2025-12-09,LAXMICOT,EQ,INE801V01019,LAXMI COTSPIN LIMITED,20.38,20.38,19.0,19.22,19.1,0.63,10343,198792.45
2025-12-09,LAXMIDENTL,EQ,INE0WO601020,LAXMI DENTAL LIMITED,255.05,269.55,253.5,267.05,258.55,3.29,330823,88346278.11
2025-12-09,LAXMIINDIA,EQ,INE06WU01026,LAXMI INDIA FINANCE LTD,128.05,132.0,124.24,130.75,128.48,1.77,224908,29406721.0
2025-12-09,LCCINFOTEC,EQ,INE938A01021,LCC INFOTECH LTD,3.9,4.28,3.9,4.0,4.08,-1.96,89623,358492.0
2025-12-09,LEMERITE,EQ,INE0G1L01025,LE MERITE EXPORTS LIMITED,101.6,102.0,101.0,101.53,102.12,-0.58,130000,13198899.84
2025-12-09,LEMONTREE,EQ,INE970X01018,LEMON TREE HOTELS LTD,159.86,165.49,157.98,164.9,159.86,3.15,2220700,366193416.45
2025-12-09,LENSKART,EQ,INE956O01016,LENSKART SOLUTIONS LTD,408.6,417.85,402.0,408.45,407.9,0.13,2266469,925739290.72
2025-12-09,LEXUS,EQ,INE500X01013,LEXUS GRANITO (INDIA) LTD,26.64,27.39,25.8,27.11,27.4,-1.06,10888,295173.69
2025-12-09,LFIC,EQ,INE850E01012,LAKSHMI FIN IND CORP LTD,171.39,176.38,168.0,171.39,171.05,0.2,314,53816.46
2025-12-09,LGBBROSLTD,EQ,INE337A01034,LG BALAKRISHNAN & BROS,1821.7,1926.0,1804.0,1909.5,1835.6,4.03,117157,223711291.5
2025-12-09,LGEINDIA,EQ,INE324D01010,LG ELECTRONICS INDIA LTD,1560.0,1603.0,1533.2,1600.4,1566.1,2.19,955382,1528993376.12
2025-12-09,LGHL,EQ,INE258Y01016,LAXMI GOLDORNA HOUSE LTD,264.0,274.05,263.4,270.8,271.3,-0.18,210615,57034539.43
2025-12-09,LIBAS,EQ,INE908V01012,LIBAS CONSU PRODUCTS LTD,10.95,11.15,10.35,10.65,10.97,-2.92,35920,382547.99
2025-12-09,LIBERTSHOE,EQ,INE557B01019,LIBERTY SHOES LTD,283.75,283.75,275.1,280.9,279.45,0.52,13160,3696643.92
2025-12-09,LICHSGFIN,EQ,INE115A01026,LIC HOUSING FINANCE LTD,522.4,535.9,518.55,533.2,522.8,1.99,1208513,644379146.35
2025-12-09,LICI,EQ,INE0J1Y01017,LIFE INSURA CORP OF INDIA,428.0,431.33,421.7,430.48,428.77,0.4,1838812,791562606.92
2025-12-09,LICMFGOLD,EQ,INF767K01SM1,LIC MF - LIC GOLD ETF,11683.7,11683.7,11500.05,11550.95,11640.55,-0.77,1175,13572366.48
2025-12-09,LICNETFGSC,EQ,INF767K01MV5,LICNAMC - LICNMFET,28.77,28.77,28.63,28.7,28.78,-0.28,12921,370832.71
2025-12-09,LICNETFN50,EQ,INF767K01OS7,LICNAMC - LICNFENGP,290.21,290.21,286.67,287.4,288.77,-0.47,707,203191.8
2025-12-09,LICNETFSEN,EQ,INF767K01OT5,LICNAMC - LICNFESGP,950.35,952.27,945.68,946.66,959.82,-1.37,71,67212.86
2025-12-09,LICNFNHGP,EQ,INF767K01PC8,LICNAMC - LICNFNHGP,286.15,288.3,285.51,287.85,288.56,-0.25,336,96717.6
2025-12-09,LICNMID100,EQ,INF767K01RN1,LICNAMC - LICNMID100,59.63,60.01,58.92,59.84,59.63,0.35,25683,1536870.72
2025-12-09,LIKHITHA,EQ,INE060901027,LIKHITHA INFRASTRUC LTD,180.2,188.0,175.66,186.22,179.21,3.91,82003,15270598.76
2025-12-09,LINC,EQ,INE802B01027,LINC LIMITED,116.0,117.99,110.15,113.99,116.27,-1.96,23931,2727894.64
2025-12-09,LINCOLN,EQ,INE405C01035,LINCOLN PHARMA LTD,476.45,494.4,470.0,487.6,482.8,0.99,14276,6960977.69
2025-12-09,LINDEINDIA,EQ,INE473A01011,LINDE INDIA LIMITED,5849.0,5944.5,5765.0,5923.0,5854.0,1.18,20289,120171747.0
2025-12-09,LIQUID,EQ,INF769K01KS1,MIRAEAMC - LIQUID,999.99,1000.0,999.99,999.99,999.99,0.0,123220,123218766.6
2025-12-09,LIQUID1,EQ,INF174KA1LV5,KOTAKMAMC - KOTAKLIQ,1081.36,1081.51,1081.36,1081.5,1081.36,0.01,538570,582463455.0
2025-12-09,LIQUIDADD,EQ,INF740KA1UM0,DSPAMC - LIQUIDADD,1103.64,1103.67,1103.64,1103.66,1103.5,0.01,570983,630171117.3
2025-12-09,LIQUIDBEES,EQ,INF732E01037,NIP IND ETF LIQUID BEES,1000.0,1000.01,999.99,999.99,1000.0,-0.0,4335018,4334974607.49
2025-12-09,LIQUIDBETF,EQ,INF0QA701854,BFAM - LIQUIDBETF,1060.01,1060.02,1060.0,1060.0,1059.88,0.01,281310,298188600.0
2025-12-09,LIQUIDCASE,EQ,INF0R8F01034,ZERODHAAMC - LIQUIDCASE,111.76,111.76,111.74,111.74,111.72,0.02,13345227,1491195636.47
2025-12-09,LIQUIDETF,EQ,INF740KA1EU7,DSP LIQUID ETF,999.99,1000.01,999.99,999.99,1000.0,-0.0,161979,161977378.63
2025-12-09,LIQUIDIETF,EQ,INF109KC1KT9,ICICIPRAMC - ICICILIQ,999.99,1000.01,999.99,999.99,999.99,0.0,383068,383064165.58
2025-12-09,LIQUIDPLUS,EQ,INF769K01MY5,MIRAEAMC - LIQUIDPLUS,1063.07,1063.09,1063.07,1063.07,1062.94,0.01,81426,86561533.45
2025-12-09,LIQUIDSBI,EQ,INF200KA13Z8,SBIAMC - LIQUIDSBI,999.99,1000.01,999.99,999.99,999.99,0.0,2783,2782972.14
2025-12-09,LIQUIDSHRI,EQ,INF680P01422,SHRIRAM - LIQUIDSHRI,1082.77,1082.79,1082.77,1082.79,1082.64,0.01,9612,10407777.86
2025-12-09,LLOYDSENGG,EQ,INE093R01011,LLOYDS ENGG WORK LIMITED,50.4,52.37,48.76,51.62,50.78,1.65,6671393,344377299.53
2025-12-09,LLOYDSENT,EQ,INE080I01025,LLOYDS ENTERPRISES LTD,52.08,59.0,50.74,57.03,52.08,9.5,16440241,937586924.16
2025-12-09,LLOYDSME,EQ,INE281B01032,LLOYDS METALS N ENERGY L,1215.0,1252.9,1185.7,1240.0,1219.5,1.68,364185,451589400.0
2025-12-09,LMW,EQ,INE269B01029,LMW LIMITED,14855.0,15324.0,14601.0,15272.0,14745.0,3.57,2723,41585656.0
2025-12-09,LODHA,EQ,INE670K01029,LODHA DEVELOPERS LIMITED,1072.0,1078.5,1056.2,1076.0,1072.0,0.37,1064805,1145730180.0
2025-12-09,LOKESHMACH,EQ,INE397H01017,LOKESH MACHINES LTD,142.8,149.49,138.96,148.7,142.8,4.13,54739,8139689.13
2025-12-09,LORDSCHLO,EQ,INE846D01012,LORDS CHLORO ALKALI LTD,166.1,175.17,166.1,174.31,169.05,3.11,11155,1944428.02
2025-12-09,LOTUSEYE,EQ,INE947I01017,LOTUS EYE HOSP & INST L,107.34,115.0,101.5,112.68,105.12,7.19,26126,2943877.69
2025-12-09,LOVABLE,EQ,INE597L01014,LOVABLE LINGERIE LTD,79.51,81.08,78.02,79.18,79.12,0.08,6977,552438.86
2025-12-09,LOWVOL,EQ,INF769K01JU9,MIRAEAMC - MANV30F,213.71,214.55,213.0,213.11,214.42,-0.61,1348,287272.28
2025-12-09,LOWVOL1,EQ,INF174KA1IY5,KOTAKMAMC - KOTAKLOVOL,21.92,21.92,21.66,21.76,21.91,-0.68,35463,771674.89
2025-12-09,LOWVOLIETF,EQ,INF109KC19U5,ICICI PR NIF LW VL 30 ETF,23.48,23.48,22.62,22.94,23.08,-0.61,1759683,40367128.96
2025-12-09,LOYALTEX,EQ,INE970D01010,LOYAL TEXTILE MILLS LTD,208.5,220.0,205.0,206.5,206.45,0.02,343,70829.5
2025-12-09,LPDC,EQ,INE197J01017,LANDMARK PR.DEV.CO.LTD,7.15,7.15,6.98,7.01,7.01,0.0,32569,228308.7
2025-12-09,LT,EQ,INE018A01030,LARSEN & TOUBRO LTD.,3990.0,4019.9,3949.1,3997.5,3996.7,0.02,1788464,7149384840.0
2025-12-09,LTF,EQ,INE498L01015,L&T FINANCE LIMITED,298.0,310.2,294.8,307.3,299.3,2.67,8915028,2739587995.57
2025-12-09,LTFOODS,EQ,INE818H01020,LT FOODS LIMITED,380.0,397.0,362.2,390.7,393.5,-0.71,3907191,1526539571.4
2025-12-09,LTGILTBEES,EQ,INF204KB1882,NIP IND ETF LONGTERM GILT,29.22,29.24,29.1,29.12,29.21,-0.31,1720137,50090390.88
2025-12-09,LTM,EQ,INE214T01019,LTM LIMITED,6225.0,6255.5,6160.0,6245.5,6256.0,-0.17,282890,1766789495.0
2025-12-09,LTTS,EQ,INE010V01017,L&T TECHNOLOGY SER. LTD.,4539.4,4570.0,4428.4,4548.9,4540.1,0.19,123394,561306954.55
2025-12-09,LUMAXIND,EQ,INE162B01018,LUMAX INDUSTRIES LTD,5600.0,5794.5,5436.0,5755.0,5630.0,2.22,23680,136278400.0
2025-12-09,LUMAXTECH,EQ,INE872H01027,LUMAX AUTO TECH LTD,1452.0,1518.0,1415.2,1511.7,1487.9,1.6,265413,401224819.14
2025-12-09,LUPIN,EQ,INE326A01037,LUPIN LIMITED,2070.0,2073.0,2036.7,2051.8,2070.7,-0.91,948623,1946384717.72
2025-12-09,LUXIND,EQ,INE150G01020,LUX INDUSTRIES LIMITED,1100.6,1151.9,1074.4,1131.3,1099.0,2.94,38877,43981552.0
2025-12-09,LXCHEM,EQ,INE576O01020,LAXMI ORGANIC INDUS LTD,166.2,174.79,166.2,171.87,169.1,1.64,614894,105681828.78
2025-12-09,M&M,EQ,INE101A01026,MAHINDRA & MAHINDRA LTD,3658.0,3674.4,3604.5,3635.9,3681.7,-1.24,3901255,14184572673.52
2025-12-09,M&MFIN,EQ,INE774D01024,M&M FIN. SERVICES LTD,350.9,354.75,344.0,353.4,351.4,0.57,3206538,1133190509.63
2025-12-09,MAANALU,EQ,INE215I01027,MAAN ALUMINIUM LIMITED,141.25,158.85,137.76,147.78,143.81,2.76,754954,111567101.2
2025-12-09,MACPOWER,EQ,INE155Z01011,MACPOWER CNC MACHINES LTD,881.1,1020.0,872.9,999.6,890.0,12.31,98039,97999782.01
2025-12-09,MADHAV,EQ,INE925C01016,MADHAV MARBLE & GRANITE,42.87,42.87,40.52,41.05,41.0,0.12,6456,265018.8
2025-12-09,MADRASFERT,EQ,INE414A01015,MADRAS FERTILISERS LTD,72.9,73.68,70.5,72.72,72.9,-0.25,64530,4692621.68
2025-12-09,MAFANG,EQ,INF769K01HF4,MIRAEAMC - MAFANG,176.2,176.2,176.06,176.2,176.06,0.08,289634,51033509.92
2025-12-09,MAGADSUGAR,EQ,INE347W01011,MAGADH SUGAR & ENERGY LTD,470.0,480.9,462.1,478.6,462.9,3.39,4098,1961302.83
2025-12-09,MAGNUM,EQ,INE387I01016,MAGNUM VENTURES LTD.,23.85,25.25,23.11,24.17,23.85,1.34,145131,3507816.28
2025-12-09,MAHABANK,EQ,INE457A01014,BANK OF MAHARASHTRA,56.14,57.15,55.51,57.03,56.22,1.44,17081289,974145890.82
2025-12-09,MAHAPEXLTD,EQ,INE843B01013,MAHA RASHTRA APEX COPR. L,75.99,76.98,69.05,74.61,74.32,0.39,20899,1559274.4
2025-12-09,MAHEPC,EQ,INE215D01010,MAHINDRA EPC IRRIG LTD,121.44,131.59,118.67,125.1,121.44,3.01,79757,9977600.58
2025-12-09,MAHESHWARI,EQ,INE263W01010,MAHESHWARI LOGISTICS LTD.,48.2,48.69,47.15,47.39,48.34,-1.97,1649,78146.11
2025-12-09,MAHKTECH,EQ,INF769K01HS7,MIRAEAMC - MAHKTECH,26.11,26.3,26.11,26.3,26.07,0.88,974098,25618776.66
2025-12-09,MAHLIFE,EQ,INE813A01018,MAHINDRA LIFESPACE DEVLTD,396.05,411.7,386.65,404.55,396.05,2.15,261831,105923727.85
2025-12-09,MAHLOG,EQ,INE766P01016,MAHINDRA LOGISTIC LIMITED,303.0,332.8,300.0,325.6,305.5,6.58,148014,48193359.3
2025-12-09,MAHSCOOTER,EQ,INE288A01013,MAHARASHTRA SCOOTERS LTD,13969.0,14179.0,13811.0,13954.0,14110.0,-1.11,2774,38708396.0
2025-12-09,MAHSEAMLES,EQ,INE271B01025,MAHARASHTRA SEAMLESS LTD,566.05,567.15,542.55,552.05,564.8,-2.26,518391,286177745.22
2025-12-09,MAITHANALL,EQ,INE683C01011,MAITHAN ALLOYS LTD,905.15,934.75,900.0,930.95,905.4,2.82,20416,19006275.45
2025-12-09,MAKEINDIA,EQ,INF769K01IB1,MIRAEAMC - MAMFGETF,155.39,155.39,149.86,151.54,151.6,-0.04,30740,4658339.39
2025-12-09,MALLCOM,EQ,INE389C01015,MALLCOM (INDIA) LIMITED,1109.0,1173.2,1089.7,1163.1,1124.8,3.41,5601,6514522.96
2025-12-09,MALUPAPER,EQ,INE383H01017,MALU PAPER MILLS LIMITED,36.09,36.74,35.5,36.1,36.09,0.03,18901,682326.07
2025-12-09,MAMATA,EQ,INE0TO701015,MAMATA MACHINERY LIMITED,418.0,425.8,405.25,424.2,421.65,0.6,140098,59429573.31
2025-12-09,MANAKALUCO,EQ,INE859Q01017,MANAK ALUMINIUM CO. LTD.,23.6,23.98,22.61,23.2,23.75,-2.32,22161,514135.22
2025-12-09,MANAKCOAT,EQ,INE830Q01018,MAN COAT METAL & IND LTD,130.6,139.71,130.6,136.46,132.57,2.93,262037,35757570.78
2025-12-09,MANAKSIA,EQ,INE015D01022,MANAKSIA LTD.,60.0,61.06,59.0,60.82,61.37,-0.9,18199,1106863.17
2025-12-09,MANALIPETC,EQ,INE201A01024,MANALI PETROCHEMICALS LT,59.94,61.0,58.45,60.68,59.94,1.23,155578,9440473.09
2025-12-09,MANAPPURAM,EQ,INE522D01027,MANAPPURAM FINANCE LTD,272.0,277.5,268.5,275.2,271.75,1.27,2546678,700845816.69
2025-12-09,MANBA,EQ,INE939X01013,MANBA FINANCE LIMITED,138.89,138.89,136.4,137.91,137.93,-0.01,34881,4810438.84
2025-12-09,MANCREDIT,EQ,INE545L01039,MANGAL CREDIT N FINCORP L,166.68,172.0,164.2,166.16,168.39,-1.32,57387,9535424.13
2025-12-09,MANGALAM,EQ,INE584F01014,MANGALAM DRUG & CHEM LTD,24.85,24.95,23.55,24.87,24.78,0.36,130518,3245982.77
2025-12-09,MANGLMCEM,EQ,INE347A01017,MANGALAM CEMENT LTD,746.05,766.7,736.8,759.25,756.85,0.32,88418,67131366.5
2025-12-09,MANINDS,EQ,INE993A01026,MAN INDUSTRIES (I) LTD.,436.9,444.0,423.1,441.25,437.1,0.95,250243,110419723.75
2025-12-09,MANINFRA,EQ,INE949H01023,MAN INFRA LTD,129.8,135.6,128.11,134.17,131.11,2.33,727064,97550175.55
2025-12-09,MANKIND,EQ,INE634S01028,MANKIND PHARMA LIMITED,2172.0,2189.6,2160.3,2180.4,2185.5,-0.23,194411,423893725.41
2025-12-09,MANOMAY,EQ,INE784W01015,MANOMAY TEX INDIA LTD,225.0,229.8,218.0,227.4,225.05,1.04,49366,11225828.1
2025-12-09,MANORAMA,EQ,INE00VM01036,MANORAMA INDUSTRIES LTD,1302.0,1355.0,1300.5,1343.8,1309.8,2.6,87180,117152488.26
2025-12-09,MANORG,EQ,INE370D01013,MANGALAM ORGANICS LIMITED,468.3,495.0,461.05,484.5,477.55,1.46,2713,1314448.5
2025-12-09,MANUGRAPH,EQ,INE867A01022,MANUGRAPH INDIA LIMITED,16.15,17.0,15.9,16.24,15.99,1.56,11189,181709.36
2025-12-09,MANYAVAR,EQ,INE825V01034,VEDANT FASHIONS LIMITED,585.0,616.9,580.4,610.05,588.65,3.64,213318,130134643.3
2025-12-09,MAPMYINDIA,EQ,INE0BV301023,C.E. INFO SYSTEMS LIMITED,1630.0,1660.5,1605.0,1642.2,1638.1,0.25,61492,100982159.4
2025-12-09,MARALOVER,EQ,INE882A01013,MARAL OVERSEAS LTD,44.51,46.49,44.0,45.6,44.88,1.6,10799,492434.38
2025-12-09,MARATHON,EQ,INE182D01020,MARATHON NXTGEN REALT LTD,546.8,565.0,536.1,554.35,553.8,0.1,55086,30536922.76
2025-12-09,MARICO,EQ,INE196A01026,MARICO LIMITED,725.0,735.0,722.4,730.5,729.3,0.16,1120548,818560314.0
2025-12-09,MARINE,EQ,INE01JE01028,MARINE ELECTRICAL (I) LTD,199.0,206.25,192.63,205.41,200.06,2.67,457952,94067922.0
2025-12-09,MARKOLINES,EQ,INE0FW001016,MARKOLINES PAVEMENT TEC L,152.15,157.0,149.1,155.35,149.9,3.64,423230,65748783.08
2025-12-09,MARKSANS,EQ,INE750C01026,MARKSANS PHARMA LIMITED,183.28,191.8,180.85,190.11,184.2,3.21,1040621,197832458.95
2025-12-09,MARUTI,EQ,INE585B01010,MARUTI SUZUKI INDIA LTD.,16051.0,16226.0,15985.0,16020.0,16187.0,-1.03,276388,4427735760.0
2025-12-09,MASFIN,EQ,INE348L01012,MAS FINANCIAL SERV LTD,308.0,318.0,306.35,317.0,311.05,1.91,114464,36285088.0
2025-12-09,MASKINVEST,EQ,INE885F01015,MASK INVESTMENTS LIMITED,172.34,172.34,172.34,172.34,172.34,0.0,0,0.0
2025-12-09,MASPTOP50,EQ,INF769K01HP3,MIRAEAMC - MASPTOP50,72.21,72.21,71.22,72.21,72.24,-0.04,291042,21016142.55
2025-12-09,MASTEK,EQ,INE759A01021,MASTEK LTD,2129.4,2212.1,2085.0,2191.8,2129.4,2.93,75800,166138443.7
2025-12-09,MASTERTR,EQ,INE677D01037,MASTER TRUST LIMITED,114.99,120.0,110.02,115.64,116.13,-0.42,1141568,132010922.82
2025-12-09,MATRIMONY,EQ,INE866R01028,MATRIMONY.COM LIMITED,526.0,532.0,520.0,528.45,525.35,0.59,139623,73783776.05
2025-12-09,MAWANASUG,EQ,INE636A01039,MAWANA SUGARS LIMITED,78.74,81.0,78.74,80.53,78.74,2.27,24855,2001573.12
2025-12-09,MAXESTATES,EQ,INE03EI01018,MAX ESTATES LIMITED,444.4,468.3,440.55,457.3,448.95,1.86,188854,86362931.89
2025-12-09,MAXHEALTH,EQ,INE027H01010,MAX HEALTHCARE INS LTD,1079.4,1079.9,1061.1,1074.7,1079.4,-0.44,2945816,3165868311.36
2025-12-09,MAXIND,EQ,INE0CG601016,MAX INDIA LIMITED,190.96,201.0,190.8,195.08,192.91,1.12,30995,6046504.66
2025-12-09,MAYURUNIQ,EQ,INE040D01038,MAYUR UNIQUOTERS LTD,492.3,494.75,479.95,483.45,491.5,-1.64,50446,24388119.32
2025-12-09,MAZDOCK,EQ,INE249Z01020,MAZAGON DOCK SHIPBUIL LTD,2460.0,2505.0,2405.2,2489.1,2483.7,0.22,1499888,3733371367.27
2025-12-09,MBAPL,EQ,INE900L01028,MADHYA BHARAT AGRO P. LTD,77.6,80.1,76.56,79.57,78.78,1.0,238620,18986993.33
2025-12-09,MBEL,EQ,INE08N601015,M AND B ENGINEERING LTD,351.85,392.0,349.85,379.5,352.05,7.8,1190618,451839531.0
2025-12-09,MBLINFRA,EQ,INE912H01013,MBL INFRASTRUCTURE LTD,34.1,34.94,32.7,33.17,33.97,-2.36,165472,5488705.94
2025-12-09,MCL,EQ,INE813V01022,M TEK COPPER LIMITED,45.47,46.5,44.31,45.66,44.63,2.31,39410,1799460.59
2025-12-09,MCLEODRUSS,EQ,INE942G01012,MCLEOD RUSSEL INDIA LTD.,43.02,46.12,41.74,46.12,43.93,4.99,620754,28629173.82
2025-12-09,MCLOUD,EQ,INE613C01026,MAGELLANIC CLOUD LIMITED,29.19,29.51,29.0,29.51,28.11,4.98,3421074,100955894.52
2025-12-09,MCX,EQ,INE745G01043,MULTI COMMODITY EXCHANGE,2037.0,2075.4,1990.0,2071.6,2036.6,1.72,2600650,5387506793.97
2025-12-09,MEDANTA,EQ,INE474Q01031,GLOBAL HEALTH LIMITED,1159.9,1184.0,1145.6,1170.4,1159.9,0.91,302714,354296472.99
2025-12-09,MEDIASSIST,EQ,INE456Z01021,MEDI ASSIST HEALTH SER L,469.65,491.5,465.25,488.1,470.15,3.82,313740,153136495.91
2025-12-09,MEDICO,EQ,INE630Y01024,MEDICO REMEDIES LIMITED,51.75,52.99,50.52,52.45,52.26,0.36,188694,9897000.44
2025-12-09,MEDPLUS,EQ,INE804L01022,MEDPLUS HEALTH SERV LTD,805.65,820.0,793.1,813.6,810.1,0.43,102036,83016487.11
2025-12-09,MEGASTAR,EQ,INE00EM01016,MEGASTAR FOODS LIMITED,247.0,249.15,241.1,249.15,247.13,0.82,658,163940.7
2025-12-09,MEIL,EQ,INE0PKD01011,MANGAL ELECTRICAL IND L,358.75,373.65,355.0,369.7,358.75,3.05,85447,31589756.94
2025-12-09,METAL,EQ,INF769K01LY7,MIRAEAMC - METAL,10.43,10.43,10.01,10.15,10.18,-0.29,898040,9115105.66
2025-12-09,METALIETF,EQ,INF109KC19W1,ICICIPRAMC - METALIETF,10.43,10.43,10.0,10.15,10.18,-0.29,8042754,81633950.03
2025-12-09,METROBRAND,EQ,INE317I01021,METRO BRANDS LIMITED,1090.0,1110.0,1082.2,1085.4,1100.5,-1.37,26908,29205943.86
2025-12-09,METROPOLIS,EQ,INE112L01020,METROPOLIS HEALTHCARE LTD,475.25,482.25,472.8,480.45,480.05,0.08,60792,29207517.14
2025-12-09,MFML,EQ,INE0US801024,MAHALAXMI FABRIC MILLS LT,24.39,26.73,23.76,26.53,24.89,6.59,14504,384791.13
2025-12-09,MFSL,EQ,INE180A01020,MAX FINANCIAL SERV LTD,1705.0,1705.0,1665.1,1690.9,1695.3,-0.26,471550,797343906.51
2025-12-09,MGEL,EQ,INE0APB01032,MANGALAM GLOBAL ENT LTD,14.45,14.8,14.0,14.56,14.31,1.75,298009,4339011.17
2025-12-09,MGL,EQ,INE002S01010,MAHANAGAR GAS LTD.,1122.0,1123.6,1092.3,1105.6,1122.4,-1.5,247906,274084867.55
2025-12-09,MHRIL,EQ,INE998I01010,MAHINDRA HOLIDAYS LTD,309.1,312.05,303.8,309.6,308.85,0.24,125255,38778948.76
2025-12-09,MID150BEES,EQ,INF204KB1V68,NIP IND ETF MIDCAP 150,229.68,229.68,221.9,226.24,225.35,0.39,541277,122458511.45
2025-12-09,MID150CASE,EQ,INF0R8F01059,ZERODHAAMC - MID150CASE,11.25,11.25,10.74,10.95,10.92,0.27,2169450,23755477.09
2025-12-09,MIDCAP,EQ,INF174KA1ZC5,KOTAKMAMC - KOTAKMID50,159.55,159.55,159.55,159.55,159.55,0.0,0,0.0
2025-12-09,MIDCAPETF,EQ,INF769K01IC9,MIRAEAMC - MAM150ETF,22.24,22.41,21.9,22.35,22.24,0.49,5544598,123921767.42
2025-12-09,MIDCAPIETF,EQ,INF109KC11W8,ICICIPRAMC - ICICIM150,22.53,22.65,22.19,22.61,22.55,0.27,1442377,32612144.85
2025-12-09,MIDHANI,EQ,INE099Z01011,MISHRA DHATU NIGAM LTD,293.35,304.8,288.65,303.45,295.2,2.79,387626,117625114.43
2025-12-09,MIDQ50ADD,EQ,INF740KA1ZF3,DSPAMC - DSPQ50ETF,243.04,248.0,240.05,244.13,244.04,0.04,10585,2584116.1
2025-12-09,MIDSELIETF,EQ,INF109KC10W0,ICICI PRUD MIDCAP SEL ETF,18.62,18.62,18.04,18.3,18.28,0.11,299646,5483521.57
2025-12-09,MIDSMALL,EQ,INF769K01LJ8,MIRAEAMC - MIDSMALL,47.9,47.94,46.95,47.82,47.9,-0.17,500176,23918416.17
2025-12-09,MIDWESTLTD,EQ,INE0XAD01024,MIDWEST LIMITED,1405.3,1487.3,1374.4,1422.1,1405.3,1.2,246933,351163413.27
2025-12-09,MINDACORP,EQ,INE842C01021,MINDA CORPORATION LTD,577.0,583.55,557.25,581.4,582.1,-0.12,330726,192284104.47
2025-12-09,MINDTECK,EQ,INE110B01017,MINDTECK (INDIA) LIMITED,190.01,199.9,183.85,198.58,192.26,3.29,68402,13583269.29
2025-12-09,MIRZAINT,EQ,INE771A01026,MIRZA INTERNATIONAL LIMIT,40.75,40.75,39.5,40.4,40.14,0.65,279247,11281579.23
2025-12-09,MITCON,EQ,INE828O01033,MITCON CON & ENG SER LTD,65.3,68.0,65.3,67.03,67.8,-1.14,5689,381333.66
2025-12-09,MITTAL,EQ,INE997Y01027,MITTAL LIFE STYLE LIMITED,1.26,1.3,1.16,1.28,1.26,1.59,1056735,1352620.77
2025-12-09,MKPL,EQ,INE964W01021,M K PROTEINS LIMITED,6.05,6.05,5.63,5.97,5.96,0.17,249857,1491646.24
2025-12-09,MMFL,EQ,INE227C01017,MM FORGINGS LTD,348.0,363.35,341.35,360.0,350.95,2.58,231162,83218320.0
2025-12-09,MMP,EQ,INE511Y01018,MMP INDUSTRIES LIMITED,246.6,257.0,246.6,252.5,251.6,0.36,5307,1340017.5
2025-12-09,MMTC,EQ,INE123F01029,MMTC LIMITED,54.0,54.7,51.23,53.67,54.49,-1.5,4289641,230225024.62
2025-12-09,MNC,EQ,INF174KA1JF2,KOTAKMAMC - KOTAKMNC,30.79,30.8,30.11,30.48,30.4,0.26,29321,893704.07
2025-12-09,MOALPHA50,EQ,INF247L01FR8,MOTILALAMC - MOALPHA50,50.24,50.24,50.24,50.24,49.87,0.75,0,0.0
2025-12-09,MOBIKWIK,EQ,INE0HLU01028,ONE MOBIKWIK SYSTEMS LTD,227.9,231.9,222.6,230.74,228.36,1.04,885700,204366422.87
2025-12-09,MODEFENCE,EQ,INF247L01DJ0,MOTILALAMC - MODEFENCE,84.6,84.6,80.94,83.26,82.54,0.87,3077064,256196355.21
2025-12-09,MODIRUBBER,EQ,INE832A01018,MODI RUBBER LTD,104.37,105.13,101.11,102.58,105.07,-2.37,1156,118582.48
2025-12-09,MODIS,EQ,INE0L0L01012,MODIS NAVNIRMAN LTD,330.0,333.0,308.15,325.8,315.2,3.36,7066,2302102.71
2025-12-09,MODTHREAD,EQ,INE794W01014,MODERN THREADS INDIA LTD,43.62,44.05,43.62,44.04,44.2,-0.36,144,6341.76
2025-12-09,MOENERGY,EQ,INF247L01GH7,MOTILALAMC - MOENERGY,34.7,34.7,34.7,34.7,34.48,0.63,0,0.0
2025-12-09,MOGSEC,EQ,INF247L01AK4,MOTILALAMC - G5,63.1,63.1,62.67,62.98,62.79,0.3,3540,222949.2
2025-12-09,MOHEALTH,EQ,INF247L01BB1,MOTILALAMC - MOHEALTH,45.07,45.07,43.85,44.32,44.34,-0.05,52232,2314922.22
2025-12-09,MOHITIND,EQ,INE954E01012,MOHIT INDUSTRIES LTD,28.49,29.39,28.05,28.24,28.03,0.75,14145,399454.8
2025-12-09,MOIL,EQ,INE490G01020,MOIL LIMITED,314.35,320.7,308.75,318.55,314.35,1.34,517752,164929893.28
2025-12-09,MOINFRA,EQ,INF247L01FL1,MOTILALAMC - MOINFRA,57.92,57.92,57.92,57.92,57.61,0.53,0,0.0
2025-12-09,MOKSH,EQ,INE514Y01020,MOKSH ORNAMENTS LIMITED,13.92,14.5,13.75,14.23,14.09,0.99,108826,1548593.93
2025-12-09,MOL,EQ,INE0CT101020,MEGHMANI ORGANICS LIMITED,63.25,64.19,61.51,63.83,63.25,0.92,462088,29495077.89
2025-12-09,MOLDTKPAC,EQ,INE893J01029,MOLD-TEK PACKAGING LTD,567.3,594.0,557.05,590.25,572.5,3.1,79102,46689955.5
2025-12-09,MOLOWVOL,EQ,INF247L01BL0,MOTILALAMC - MOLOWVOL,38.98,38.98,38.27,38.62,38.61,0.03,6364,245777.67
2025-12-09,MOM100,EQ,INF247L01023,MOTILAL OS MIDCAP100 ETF,64.28,64.39,63.03,64.2,64.09,0.17,378623,24307595.44
2025-12-09,MOM30IETF,EQ,INF109KC17C7,ICICIPRAMC - ICICIMOM30,32.02,32.03,31.55,31.8,32.01,-0.66,1446908,46011673.3
2025-12-09,MOM50,EQ,INF247L01536,MOTILAL OSWAL M50 ETF,268.52,269.68,267.5,268.82,270.0,-0.44,3688,991408.19
2025-12-09,MOMENTUM,EQ,INF209KB14K7,BIRLASLAMC - MOMENTUM,32.09,32.09,31.38,31.75,31.83,-0.25,41638,1322006.5
2025-12-09,MOMENTUM50,EQ,INF247L01DK8,MOTILALAMC - MOMENTUM50,54.02,54.5,51.82,53.12,52.71,0.78,586467,31153126.41
2025-12-09,MOMGF,EQ,INF247L01FK3,MOTILALAMC - MOMGF,148.98,148.98,148.98,148.98,149.13,-0.1,0,0.0
2025-12-09,MOMIDMTM,EQ,INF247L01FQ0,MOTILALAMC - MOMIDMTM,62.82,62.82,62.82,62.82,62.79,0.06,0,0.0
2025-12-09,MOMOMENTUM,EQ,INF247L01BK2,MOTILALAMC - MOMOMENTUM,65.43,65.43,62.73,63.4,63.84,-0.69,110354,6996443.77
2025-12-09,MON100,EQ,INF247L01AP3,MOTILAL OS NASDAQ100 ETF,241.95,241.95,231.0,234.51,236.05,-0.65,745708,174875978.98
2025-12-09,MON50EQUAL,EQ,INF247L01FC0,MOTILALAMC - MON50EQUAL,32.88,32.88,32.88,32.88,33.01,-0.38,0,0.0
2025-12-09,MONARCH,EQ,INE903D01011,MONARCH NETWORTH CAP LTD,299.5,301.0,294.25,300.0,299.1,0.3,143501,43050300.0
2025-12-09,MONEXT50,EQ,INF247L01FD8,MOTILALAMC - MONEXT50,67.27,67.27,67.27,67.27,66.88,0.59,0,0.0
2025-12-09,MONEYBOXX,EQ,INE296Q01012,MONEYBOXX FINANCE LIMITED,68.0,68.0,66.31,66.93,66.89,0.06,62730,4198205.44
2025-12-09,MONIFTY100,EQ,INF247L01GG9,MOTILALAMC - MONIFTY100,26.4,26.4,26.4,26.4,26.48,-0.3,0,0.0
2025-12-09,MONIFTY500,EQ,INF247L01BU1,MOTILALAMC - MONIFTY500,23.93,24.09,23.75,23.85,24.02,-0.71,1706414,40697974.55
2025-12-09,MONQ50,EQ,INF247L01AU3,MOTILALAMC - MONQ50,98.38,99.8,98.38,99.34,99.23,0.11,87180,8660460.88
2025-12-09,MONTECARLO,EQ,INE950M01013,MONTE CARLO FASHIONS LTD.,684.95,709.8,670.1,698.5,685.65,1.87,32375,22613937.5
2025-12-09,MOPSE,EQ,INF247L01FO5,MOTILALAMC - MOPSE,95.87,95.87,95.87,95.87,95.48,0.41,0,0.0
2025-12-09,MOQUALITY,EQ,INF247L01BH8,MOTILALAMC - MOQUALITY,195.69,196.24,194.0,196.0,196.33,-0.17,689,135044.0
2025-12-09,MOREALTY,EQ,INF247L01CI4,MOTILALAMC - MOREALTY,87.92,87.92,85.2,87.13,86.26,1.01,677686,59046779.32
2025-12-09,MOREPENLAB,EQ,INE083A01026,MOREPEN LAB. LTD,40.75,41.69,40.01,41.36,40.84,1.27,1704246,70487615.6
2025-12-09,MOSCHIP,EQ,INE935B01025,MOSCHIP TECHNOLOGIES LTD,195.71,205.65,192.05,204.64,196.26,4.27,1442380,295168642.32
2025-12-09,MOSMALL250,EQ,INF247L01CH6,MOTILALAMC - MOSMALL250,16.3,16.73,15.95,16.33,16.22,0.68,22339318,364801061.24
2025-12-09,MOTHERSON,EQ,INE775A01035,SAMVRDHNA MTHRSN INTL LTD,114.5,117.61,113.13,116.75,115.3,1.26,14546773,1698335747.75
2025-12-09,MOTILALOFS,EQ,INE338I01027,MOTILAL OSWAL FIN LTD,845.0,858.55,821.2,849.7,845.0,0.56,1686372,1432910308.99
2025-12-09,MOTISONS,EQ,INE0FRK01020,MOTISONS JEWELLERS LTD,16.1,16.23,15.15,16.16,16.06,0.62,3272824,52888835.34
2025-12-09,MOTOGENFIN,EQ,INE861B01023,MOTOR & GENERAL FINANCE L,24.99,24.99,24.05,24.42,24.47,-0.2,24340,594382.8
2025-12-09,MOTOUR,EQ,INF247L01FP2,MOTILALAMC - MOTOUR,84.52,84.52,84.52,84.52,83.88,0.76,0,0.0
2025-12-09,MOVALUE,EQ,INF247L01BE5,MOTILALAMC - MOVALUE,110.82,112.48,109.2,111.25,110.82,0.39,63671,7083398.75
2025-12-09,MPHASIS,EQ,INE356A01018,MPHASIS LIMITED,2890.0,2919.1,2841.8,2878.8,2896.8,-0.62,368244,1060100845.18
2025-12-09,MPSLTD,EQ,INE943D01017,MPS LIMITED,2075.0,2125.0,2050.2,2110.0,2075.1,1.68,15313,32310430.0
2025-12-09,MRF,EQ,INE883A01011,MRF LTD,153490.0,153490.0,151600.0,152345.0,153500.0,-0.75,3580,545395100.0
2025-12-09,MRPL,EQ,INE103A01014,MRPL,149.76,155.35,146.14,153.71,150.51,2.13,5266920,809578308.56
2025-12-09,MSCIINDIA,EQ,INF174KA1VD2,KOTAKMAMC - MSCIINDIA,30.66,31.11,30.37,30.77,30.67,0.33,49790,1532038.32
2025-12-09,MSPL,EQ,INE752G01015,MSP STEEL & POWER LTD.,34.93,36.29,34.18,35.38,34.93,1.29,1712410,60585067.63
2025-12-09,MSTCLTD,EQ,INE255X01014,MSTC LIMITED,449.0,490.0,443.0,482.0,450.2,7.06,303727,146396414.0
2025-12-09,MSUMI,EQ,INE0FS801015,MOTHERSON SUMI WRNG IND L,44.8,45.12,43.86,44.75,44.8,-0.11,4165860,186422235.0
2025-12-09,MTNL,EQ,INE153A01019,MAHANAGAR TELEPHONE NIGAM,35.07,38.62,34.0,36.34,34.97,3.92,7570363,275106992.58
2025-12-09,MUFIN,EQ,INE08KJ01020,MUFIN GREEN FINANCE LTD,106.9,110.35,105.15,109.91,107.16,2.57,484088,53206113.85
2025-12-09,MUFTI,EQ,INE220Q01020,CREDO BRANDS MARKETING L,93.87,95.95,91.32,95.32,93.14,2.34,177630,16931691.55
2025-12-09,MUKANDLTD,EQ,INE304A01026,MUKAND LTD.,130.75,131.87,128.15,131.21,130.63,0.44,83261,10924676.37
2025-12-09,MULTICAP,EQ,INF769K01LX9,MIRAEAMC - MULTICAP,16.35,16.35,16.08,16.32,16.29,0.18,1451534,23689034.44
2025-12-09,MUNJALAU,EQ,INE672B01032,MUNJAL AUTO IND. LTD.,76.82,78.8,74.67,78.35,77.2,1.49,179987,14101981.18
2025-12-09,MUNJALSHOW,EQ,INE577A01027,MUNJAL SHOWA LTD,122.5,123.75,122.0,123.32,122.59,0.6,11122,1371565.04
2025-12-09,MURUDCERA,EQ,INE692B01014,MURUDESHWAR CERAMICS LTD,34.0,35.0,33.67,34.38,34.32,0.17,68110,2341621.87
2025-12-09,MUTHOOTCAP,EQ,INE296G01013,MUTHOOT CAP SERV LTD,268.2,275.0,264.3,274.2,266.75,2.79,14773,4050756.78
2025-12-09,MUTHOOTFIN,EQ,INE414G01012,MUTHOOT FINANCE LIMITED,3753.1,3767.6,3712.0,3742.1,3775.7,-0.89,668721,2502420919.4
2025-12-09,MUTHOOTMF,EQ,INE046W01019,MUTHOOT MICROFIN LIMITED,180.73,180.86,173.29,177.93,179.31,-0.77,460000,81847796.63
2025-12-09,MVGJL,EQ,INE0KNT01012,MANOJ VAIBHAV GEM N JEW L,181.84,188.0,180.01,184.67,182.75,1.05,33090,6110730.24
2025-12-09,MWL,EQ,INE0JYY01029,MANGALAM WORLDWIDE LTD,26.15,26.49,25.6,26.26,26.14,0.48,712510,18711937.0
2025-12-09,NACLIND,EQ,INE295D01020,NACL INDUSTRIES LIMITED,151.72,159.25,146.68,159.25,151.67,5.0,232133,36966429.33
2025-12-09,NAGREEKCAP,EQ,INE245I01016,NAGREEKA CAP & INFR.LTD,25.75,27.33,25.75,26.62,27.0,-1.41,1945,51775.9
2025-12-09,NAGREEKEXP,EQ,INE123B01028,NAGREEKA EXPORTS LTD.,26.29,26.79,26.28,26.39,26.28,0.42,5120,135116.8
2025-12-09,NAHARCAP,EQ,INE049I01012,NAHAR CAP & FIN.,258.85,274.0,252.1,254.75,251.7,1.21,37857,9644070.75
2025-12-09,NAHARINDUS,EQ,INE289A01011,NAHAR INDS ENT LTD,102.2,109.21,102.2,106.72,105.55,1.11,11175,1192596.01
2025-12-09,NAHARPOLY,EQ,INE308A01027,NAHAR POLY FILMS LIMITED,233.65,244.0,233.55,242.25,237.65,1.94,22297,5401448.25
2025-12-09,NAHARSPING,EQ,INE290A01027,NAHAR SPINNING MILLS LTD.,192.45,198.55,190.05,197.95,192.86,2.64,5458,1080411.08
2025-12-09,NAM-INDIA,EQ,INE298J01013,NIPPON L I A M LTD,810.0,824.9,796.85,818.7,809.5,1.14,604840,495182515.38
2025-12-09,NARMADA,EQ,INE117Z01029,NARMADA AGROBASE LIMITED,11.0,11.45,10.7,10.97,11.26,-2.53,67694,742603.2
2025-12-09,NATCOPHARM,EQ,INE987B01026,NATCO PHARMA LTD.,895.0,902.75,880.1,892.8,897.75,-0.55,703288,627895517.81
2025-12-09,NATHBIOGEN,EQ,INE448G01010,NATH BIO-GENES (I) LTD,141.05,148.89,141.05,147.88,142.93,3.46,15775,2332807.08
2025-12-09,NATIONALUM,EQ,INE139A01034,NATIONAL ALUMINIUM CO LTD,266.55,267.0,259.3,265.65,268.35,-1.01,6100471,1620590083.92
2025-12-09,NAUKRI,EQ,INE663F01032,INFO EDGE (I) LTD,1351.6,1379.8,1344.3,1376.3,1372.1,0.31,836641,1151469049.15
2025-12-09,NAVA,EQ,INE725A01030,NAVA LIMITED,514.1,566.5,512.05,557.25,515.95,8.0,3225796,1797574821.0
2025-12-09,NAVINFLUOR,EQ,INE048G01026,NAVIN FLUORINE INT. LTD,5519.5,5740.0,5440.0,5707.0,5563.0,2.59,204296,1165917272.0
2025-12-09,NAVKARCORP,EQ,INE278M01019,NAVKAR CORPORATION LTD.,96.5,98.88,92.0,97.94,95.3,2.77,335169,32826452.68
2025-12-09,NAVNETEDUL,EQ,INE060A01024,NAVNEET EDUCATION LTD,140.6,142.0,139.0,140.44,141.02,-0.41,93052,13068223.11
2025-12-09,NAZARA,EQ,INE418L01047,NAZARA TECHNOLOGIES LTD,224.45,228.15,221.35,225.7,225.0,0.31,890149,200906626.58
2025-12-09,NBCC,EQ,INE095N01031,NBCC (INDIA) LIMITED,107.9,108.9,105.65,108.1,107.98,0.11,9028489,975979647.12
2025-12-09,NBIFIN,EQ,INE365I01020,N.B.I. IND. FIN. CO. LTD,2224.1,2313.0,2224.1,2296.6,2224.2,3.26,318,730318.83
2025-12-09,NCC,EQ,INE868B01028,NCC LIMITED,161.99,164.0,159.6,162.68,162.89,-0.13,2946070,479266646.02
2025-12-09,NCLIND,EQ,INE732C01016,NCL INDUSTRIES LIMITED,197.2,204.94,192.37,202.07,196.14,3.02,152913,30899131.03
2025-12-09,NDGL,EQ,INE756C01015,NAGA DHUNSERI GROUP LTD,2970.0,3000.0,2867.0,2980.1,2988.7,-0.29,206,613900.62
2025-12-09,NDL,EQ,INE875G01048,NANDAN DENIM LIMITED,2.98,2.99,2.9,2.94,2.97,-1.01,1747079,5136412.36
2025-12-09,NDLVENTURE,EQ,INE353A01023,NDL VENTURES LIMITED,91.1,96.9,86.3,89.52,92.98,-3.72,41698,3732804.82
2025-12-09,NDRAUTO,EQ,INE07OG01012,NDR AUTO COMPONENTS LTD,796.0,827.95,782.1,823.5,800.0,2.94,24679,20323156.5
2025-12-09,NDTV,EQ,INE155G01029,NDTV LTD,78.03,82.9,77.11,81.15,78.91,2.84,336757,27327831.06
2025-12-09,NECLIFE,EQ,INE023H01027,NECTAR LIFESCIENCES LTD.,20.52,20.99,20.2,20.9,20.45,2.2,3042008,63577966.04
2025-12-09,NELCAST,EQ,INE189I01024,NELCAST LIMITED,107.2,109.45,102.2,107.91,107.2,0.66,83015,8958148.95
2025-12-09,NELCO,EQ,INE045B01015,NELCO LTD,775.0,775.5,740.0,758.25,778.4,-2.59,111340,84423555.0
2025-12-09,NEOGEN,EQ,INE136S01016,NEOGEN CHEMICALS LIMITED,997.8,1007.7,977.7,979.8,1006.1,-2.61,196265,192300444.6
2025-12-09,NESCO,EQ,INE317F01035,NESCO LTD.,1201.0,1232.5,1182.0,1225.9,1207.0,1.57,42251,51795501.93
2025-12-09,NESTLEIND,EQ,INE239A01024,NESTLE INDIA LIMITED,1214.9,1221.5,1207.3,1215.8,1214.8,0.08,810028,984832081.95
2025-12-09,NETF,EQ,INF277K015R5,TATAAML - NETF,281.8,281.8,278.08,279.29,280.4,-0.4,2521,704090.11
2025-12-09,NETWEB,EQ,INE0NT901020,NETWEB TECH INDIA LTD,3020.0,3147.8,2942.4,3127.8,3038.0,2.96,853670,2670109067.68
2025-12-09,NETWORK18,EQ,INE870H01013,NETWORK18 MEDIA & INV LTD,42.14,43.08,41.33,42.75,42.14,1.45,3016405,128951313.75
2025-12-09,NEULANDLAB,EQ,INE794A01010,NEULAND LAB LTD.,16107.0,17145.0,16103.0,16674.0,16078.0,3.71,155227,2588254998.0
2025-12-09,NEWGEN,EQ,INE619B01017,NEWGEN SOFTWARE TECH LTD,840.0,850.95,816.05,844.9,845.75,-0.1,442418,373798979.0
2025-12-09,NEXT30ADD,EQ,INF740KA1VE5,DSPAMC - NEXT30ADD,39.33,39.43,38.98,39.37,39.42,-0.13,3783,148936.71
2025-12-09,NEXT50,EQ,INF769K01FN2,MIRAEAMC - MANXT50,689.94,695.82,682.0,695.65,689.93,0.83,25030,17412120.11
2025-12-09,NEXT50IETF,EQ,INF109KC1NS5,ICICIPRAMC - ICICINXT50,70.9,71.25,69.8,71.03,70.76,0.38,806915,57315171.46
2025-12-09,NEXTMEDIA,EQ,INE747B01016,NEXT MEDIAWORKS LIMITED,6.22,6.45,5.85,6.27,6.22,0.8,6437,40359.99
2025-12-09,NFL,EQ,INE870D01012,NATIONAL FERT. LTD,84.69,86.74,82.54,86.33,85.86,0.55,1091324,94214002.92
2025-12-09,NGIL,EQ,INE236Y01012,NAKODA GROUP OF IND. LTD,29.8,29.8,28.1,28.45,28.97,-1.79,19445,553210.26
2025-12-09,NGLFINE,EQ,INE887E01022,NGL FINE CHEM LIMITED,1285.2,1352.5,1285.1,1294.7,1286.4,0.65,12071,15628323.11
2025-12-09,NH,EQ,INE410P01011,NARAYANA HRUDAYALAYA LTD.,1925.0,1929.0,1875.3,1889.3,1924.6,-1.83,458431,866113710.68
2025-12-09,NHPC,EQ,INE848E01016,NHPC LTD,76.2,76.63,75.05,76.47,76.43,0.05,8071171,617202456.22
2025-12-09,NIACL,EQ,INE470Y01017,THE NEW INDIA ASSU CO LTD,156.29,159.83,154.13,159.17,156.29,1.84,282674,44993220.06
2025-12-09,NIBE,EQ,INE149O01018,NIBE LIMITED,995.8,1019.8,959.3,1009.8,995.8,1.41,36716,37075816.35
2025-12-09,NIBL,EQ,INE047O01014,NRB INDUS. BEARINGS LTD.,27.39,29.0,26.01,27.57,27.31,0.95,21287,586882.58
2025-12-09,NIF100BEES,EQ,INF204K014N5,NIP IND ETF NIFTY 100,279.34,280.01,276.14,278.88,279.7,-0.29,31476,8778027.03
2025-12-09,NIF100IETF,EQ,INF109KC16V9,ICICI PRUD NIFTY 100 ETF,30.33,30.33,29.11,29.33,29.45,-0.41,108973,3196178.08
2025-12-09,NIFTY1,EQ,INF174K014P6,KOTAK NIFTY ETF,284.86,287.57,283.47,284.39,285.76,-0.48,242601,68993301.94
2025-12-09,NIFTYADD,EQ,INF740KA1CL0,DSPAMC - DSPNIFTY,264.79,271.32,264.79,270.49,271.58,-0.4,12226,3307010.62
2025-12-09,NIFTYAXIS,EQ,INF846K01W98,AXISAMC-NIFTYAXIS,286.74,286.74,283.03,284.48,285.32,-0.29,5076,1444020.54
2025-12-09,NIFTYBEES,EQ,INF204KB14I2,NIP IND ETF NIFTY BEES,302.25,302.25,291.3,292.35,293.45,-0.37,7015783,2051064202.87
2025-12-09,NIFTYBETF,EQ,INF0QA701722,BFAM - NIFTYBETF,266.16,266.16,262.78,263.44,264.84,-0.53,3649,961292.57
2025-12-09,NIFTYETF,EQ,INF769K01EG9,MIRAEAMC - MAN50ETF,279.9,280.3,278.0,279.19,280.25,-0.38,74848,20896813.3
2025-12-09,NIFTYIETF,EQ,INF109K012R6,ICICI PRUD NIFTY ETF,291.98,291.98,289.75,290.98,292.25,-0.43,1370432,398768318.42
2025-12-09,NIFTYQLITY,EQ,INF209KB15K4,BIRLASLAMC - NIFTYQLITY,22.01,22.01,21.69,21.92,22.0,-0.36,39388,863384.96
2025-12-09,NIITLTD,EQ,INE161A01038,NIIT LIMITED,88.59,89.92,85.6,89.02,88.64,0.43,332518,29600751.24
2025-12-09,NIITMTS,EQ,INE342G01023,NIIT LEARNING SYSTEMS LTD,360.5,400.0,355.35,395.4,366.0,8.03,170767,67521270.76
2025-12-09,NILAINFRA,EQ,INE937C01029,NILA INFRASTRUCTURES LTD,9.2,10.15,8.88,9.84,9.08,8.37,7481189,73614900.9
2025-12-09,NILASPACES,EQ,INE00S901012,NILA SPACES LIMITED,15.74,16.5,15.3,16.23,15.89,2.14,389561,6322574.85
2025-12-09,NILKAMAL,EQ,INE310A01015,NILKAMAL LIMITED,1355.1,1391.9,1330.7,1378.2,1361.9,1.2,1886,2599285.11
2025-12-09,NINSYS,EQ,INE395U01014,NINTEC SYSTEMS LIMITED,390.0,400.0,381.55,397.95,401.3,-0.83,3972,1580657.45
2025-12-09,NIPPOBATRY,EQ,INE567A01028,INDO-NATIONAL LIMITED,409.95,423.1,403.9,413.95,408.45,1.35,2009,831625.57
2025-12-09,NIRAJ,EQ,INE368I01016,NIRAJ CEMENT STRUC LTD,34.65,35.5,34.35,35.02,34.45,1.65,39767,1392640.36
2025-12-09,NITCO,EQ,INE858F01012,NITCO LIMITED,79.45,82.82,78.11,82.13,80.26,2.33,1551325,127410317.99
2025-12-09,NITINSPIN,EQ,INE229H01012,NITIN SPINNERS LIMITED,314.6,317.4,308.95,313.95,314.6,-0.21,48034,15080274.89
2025-12-09,NITIRAJ,EQ,INE439T01012,NITIRAJ ENGINEERS LTD,180.0,184.0,179.0,183.57,184.99,-0.77,1041,191096.38
2025-12-09,NIVABUPA,EQ,INE995S01015,NIVA BUPA HEALTH INS CO L,75.42,75.47,73.8,74.58,75.42,-1.11,1262203,94135102.05
2025-12-09,NLCINDIA,EQ,INE589A01014,NLC INDIA LIMITED,234.0,242.0,230.2,239.23,236.85,1.0,844517,202033798.3
2025-12-09,NMDC,EQ,INE584A01023,NMDC LTD.,74.45,75.21,73.22,74.83,74.66,0.23,10618027,794546979.85
2025-12-09,NOCIL,EQ,INE163A01018,NOCIL LIMITED,165.77,165.78,158.81,161.56,165.77,-2.54,956959,154606293.7
2025-12-09,NOIDATOLL,EQ,INE781B01015,NOIDA TOLL BRIDGE CO LTD,4.48,4.58,4.34,4.44,4.56,-2.63,180659,802125.97
2025-12-09,NORBTEAEXP,EQ,INE369C01017,NORBEN TEA & EXPORTS LTD,74.4,74.46,71.54,74.4,73.0,1.92,13322,991156.82
2025-12-09,NORTHARC,EQ,INE850M01015,NORTHERN ARC CAPITAL LTD,254.65,263.6,250.5,260.55,253.35,2.84,713160,185813829.29
2025-12-09,NOVAAGRI,EQ,INE02H701025,NOVA AGRITECH LIMITED,41.26,41.97,39.97,41.58,41.69,-0.26,152206,6328725.76
2025-12-09,NPBET,EQ,INF277K010X4,TATAAML - NPBET,294.0,295.64,293.63,295.64,295.72,-0.03,40,11825.6
2025-12-09,NPST,EQ,INE0FFK01017,NETWORK PEOPLE SRV TECH L,1402.9,1525.0,1402.9,1481.6,1424.3,4.02,17135,25387215.58
2025-12-09,NRAIL,EQ,INE740D01017,N R AGARWAL INDS LTD,441.0,477.95,436.0,471.5,449.0,5.01,13695,6457192.5
2025-12-09,NRBBEARING,EQ,INE349A01021,NRB BEARING LIMITED,273.5,283.9,267.6,278.3,276.0,0.83,306372,85263323.86
2025-12-09,NSIL,EQ,INE023A01030,NALWA SONS INVESTMENT LTD,6425.0,6540.5,6350.0,6495.5,6466.0,0.46,5030,32672365.0
2025-12-09,NSLNISP,EQ,INE0NNS01018,NMDC STEEL LIMITED,39.76,40.44,39.25,40.19,39.76,1.08,2509361,100851215.14
2025-12-09,NTPC,EQ,INE733E01010,NTPC LTD,317.45,321.4,315.55,319.85,319.5,0.11,7152584,2287754036.06
2025-12-09,NTPCGREEN,EQ,INE0ONG01011,NTPC GREEN ENERGY LIMITED,90.0,91.28,88.5,90.83,90.27,0.62,3418480,310500544.66
2025-12-09,NUCLEUS,EQ,INE096B01018,NUCLEUS SOFTWARE EXPORTS,900.0,919.9,896.4,915.95,910.15,0.64,8735,8000823.36
2025-12-09,NUVAMA,EQ,INE531F01023,NUVAMA WEALTH MANAGE LTD,1420.5,1424.4,1394.5,1414.8,1425.4,-0.74,373910,529007886.26
2025-12-09,NUVOCO,EQ,INE118D01016,NUVOCO VISTAS CORP LTD,340.35,345.65,336.0,342.15,340.3,0.54,178774,61167523.01
2025-12-09,NV20,EQ,INF174KA1ZE1,KOTAKMAMC - KTKNV20ETF,155.9,155.9,152.7,153.43,154.43,-0.65,18916,2902281.74
2025-12-09,NV20BEES,EQ,INF204KB18I3,NIP IND ETF ETF NV20,155.15,155.97,152.89,153.46,154.38,-0.6,53825,8259984.86
2025-12-09,NV20IETF,EQ,INF109KC11V0,ICICI PRUDENTIAL NV20 ETF,15.16,15.16,14.92,15.01,15.05,-0.27,365521,5486470.29
2025-12-09,NYKAA,EQ,INE388Y01029,FSN E COMMERCE VENTURES,251.55,253.55,246.15,252.95,252.6,0.14,14534774,3676571038.94
2025-12-09,OAL,EQ,INE959C01023,ORIENTAL AROMATICS LTD,291.8,291.8,274.1,278.05,284.2,-2.16,34716,9652783.38
2025-12-09,OBCL,EQ,INE426Z01016,OBCL LIMITED,55.0,55.79,54.99,55.05,55.0,0.09,9407,517855.34
2025-12-09,OBEROIRLTY,EQ,INE093I01010,OBEROI REALTY LIMITED,1612.9,1650.0,1611.0,1628.0,1610.0,1.12,776484,1264115952.0
2025-12-09,ODIGMA,EQ,INE054301028,ODIGMA CONSULTANCY SOL L,31.8,32.75,30.25,31.3,31.82,-1.63,16719,523304.69
2025-12-09,OFSS,EQ,INE881D01027,ORACLE FIN SERV SOFT LTD.,7970.5,8088.5,7915.5,8062.0,8026.0,0.45,82888,668243056.0
2025-12-09,OIL,EQ,INE274J01014,OIL INDIA LTD,401.1,406.15,398.0,401.9,403.95,-0.51,3705448,1489219528.58
2025-12-09,OILIETF,EQ,INF109KC18W3,ICICIPRAMC - OILIETF,11.98,12.0,11.84,11.96,11.98,-0.17,992774,11873577.08
2025-12-09,OLAELEC,EQ,INE0LXG01040,OLA ELECTRIC MOBILITY LTD,34.11,35.25,33.2,34.74,34.11,1.85,85504366,2970421818.36
2025-12-09,OLECTRA,EQ,INE260D01016,OLECTRA GREENTECH LIMITED,1163.6,1222.9,1152.3,1206.0,1167.3,3.32,516003,622299618.0
2025-12-09,OMAXAUTO,EQ,INE090B01011,OMAX AUTOS LTD,86.2,90.0,85.23,88.6,86.61,2.3,25641,2271792.56
2025-12-09,OMAXE,EQ,INE800H01010,OMAXE LIMITED,64.2,65.35,62.5,64.62,64.29,0.51,329970,21322662.31
2025-12-09,OMINFRAL,EQ,INE239D01028,OM INFRA LIMITED,100.69,104.63,99.0,102.36,101.19,1.16,336341,34427864.97
2025-12-09,ONEPOINT,EQ,INE840Y01029,ONE POINT ONE SOL LTD,53.35,53.35,51.72,52.58,53.5,-1.72,1575315,82830065.58
2025-12-09,ONESOURCE,EQ,INE013P01021,ONESOURCE SPECL PHARMA L,1659.0,1669.0,1610.1,1657.6,1666.5,-0.53,287711,476909746.58
2025-12-09,ONGC,EQ,INE213A01029,OIL AND NATURAL GAS CORP.,237.7,240.2,236.83,239.84,238.52,0.55,9026401,2164891982.78
2025-12-09,ONIDA,EQ,INE831A01028,ONIDA ELECTRONICS LIMITED,21.8,23.98,21.5,23.98,21.8,10.0,394197,9452843.88
2025-12-09,ONWARDTEC,EQ,INE229A01017,ONWARD TECHNOLOGIES LTD,284.7,286.0,274.15,280.85,280.5,0.12,16846,4731199.2
2025-12-09,OPTIEMUS,EQ,INE350C01017,OPTIEMUS INFRACOM LTD,520.65,541.0,510.7,535.75,517.9,3.45,227346,121800619.5
2025-12-09,ORCHASP,EQ,INE215B01022,ORCHASP LIMITED,2.94,2.95,2.75,2.84,2.84,0.0,128187,364051.07
2025-12-09,ORCHPHARMA,EQ,INE191A01027,ORCHID PHARMA LIMITED,835.05,840.25,804.7,834.2,844.5,-1.22,55854,46593407.48
2025-12-09,ORICONENT,EQ,INE730A01022,ORICON ENTERPRISES LTD,56.69,56.69,52.34,55.0,55.09,-0.16,150200,8261000.0
2025-12-09,ORIENTALTL,EQ,INE998H01012,ORIENTAL TRIMEX LTD,8.64,8.84,8.34,8.53,8.54,-0.12,269767,2301112.44
2025-12-09,ORIENTBELL,EQ,INE607D01018,ORIENT BELL LIMITED,273.05,274.95,265.5,268.4,271.55,-1.16,5695,1528537.97
2025-12-09,ORIENTCEM,EQ,INE876N01018,ORIENT CEMENT LTD.,158.57,158.78,150.65,153.26,158.57,-3.35,1140857,174847737.55
2025-12-09,ORIENTCER,EQ,INE569C01020,ORIENT CERATECH LIMITED,41.37,42.8,40.22,41.91,41.57,0.82,110679,4638556.87
2025-12-09,ORIENTELEC,EQ,INE142Z01019,ORIENT ELECTRIC LIMITED,180.0,182.78,173.17,179.46,179.24,0.12,413760,74253372.38
2025-12-09,ORIENTHOT,EQ,INE750A01020,ORIENT HOTELS LTD,109.0,110.03,104.15,107.82,109.5,-1.53,225808,24346618.49
2025-12-09,ORIENTPPR,EQ,INE592A01026,ORIENT PAPER AND INDS LTD,22.8,23.35,22.45,23.18,23.0,0.78,178676,4141709.73
2025-12-09,ORIENTTECH,EQ,INE0PPK01015,ORIENT TECHNOLOGIES LTD,298.18,310.36,289.09,308.09,297.32,3.62,298812,92061261.56
2025-12-09,ORISSAMINE,EQ,INE725E01024,ORISSA MIN DEV CO LTD,4601.0,4647.0,4489.9,4603.5,4623.4,-0.43,8236,37914426.0
2025-12-09,ORKLAINDIA,EQ,INE16NZ01023,ORKLA INDIA LIMITED,609.0,618.85,597.2,613.7,609.3,0.72,211534,129818418.38
2025-12-09,ORTINGLOBE,EQ,INE749B01020,ORTIN GLOBAL LIMITED,16.95,17.46,15.22,15.41,16.31,-5.52,80777,1244773.56
2025-12-09,OSWALAGRO,EQ,INE142A01012,OSWAL AGRO MILLS LTD,57.98,58.98,55.0,58.07,56.59,2.62,78662,4567902.32
2025-12-09,OSWALGREEN,EQ,INE143A01010,OSWAL GREENTECH LIMITED,32.19,33.19,31.26,32.58,32.02,1.75,408978,13324503.99
2025-12-09,OSWALPUMPS,EQ,INE0BYP01024,OSWAL PUMPS LIMITED,499.8,516.5,492.2,513.45,499.8,2.73,248529,127607218.08
2025-12-09,OSWALSEEDS,EQ,INE00IK01029,SHREEOSWAL S AND CHE LTD,13.0,13.92,13.0,13.61,13.22,2.95,39093,532055.72
2025-12-09,PACEDIGITK,EQ,INE0S3G01027,PACE DIGITEK LIMITED,201.28,204.8,195.71,200.16,200.93,-0.38,1239991,248196603.1
2025-12-09,PAGEIND,EQ,INE761H01022,PAGE INDUSTRIES LTD,37230.0,37390.0,36705.0,37195.0,37235.0,-0.11,16225,603488875.0
2025-12-09,PAISALO,EQ,INE420C01059,PAISALO DIGITAL LIMITED,35.74,37.95,35.29,37.37,36.33,2.86,5628736,210345858.31
2025-12-09,PAKKA,EQ,INE551D01018,PAKKA LIMITED,103.0,106.99,101.22,105.41,103.03,2.31,165862,17483514.03
2025-12-09,PALASHSECU,EQ,INE471W01019,PALASH SECURITIES LTD,108.01,111.39,106.55,110.61,107.97,2.45,2076,229626.36
2025-12-09,PALREDTEC,EQ,INE218G01033,PALRED TECHNOLOGIES LTD,39.15,39.95,37.03,39.87,38.05,4.78,13263,528795.8
2025-12-09,PANACEABIO,EQ,INE922B01023,PANACEA BIOTEC LTD,325.0,341.7,325.0,337.25,326.8,3.2,71031,23955204.75
2025-12-09,PANAMAPET,EQ,INE305C01029,PANAMA PETROCHEM LTD,282.5,289.0,273.4,287.1,281.05,2.15,24673,7083618.45
2025-12-09,PANSARI,EQ,INE697V01011,PANSARI DEVELOPERS LTD,299.5,311.0,299.5,310.5,301.0,3.16,236,73278.0
2025-12-09,PARACABLES,EQ,INE074B01023,PARAMOUNT COMM LTD,34.62,36.3,33.96,35.99,35.11,2.51,750384,27006321.42
2025-12-09,PARADEEP,EQ,INE088F01024,PARADEEP PHOSPHATES LTD,151.93,155.99,148.3,155.26,153.36,1.24,3714618,576731570.27
2025-12-09,PARAGMILK,EQ,INE883N01014,PARAG MILK FOODS LTD.,300.6,305.8,290.85,303.2,300.8,0.8,882566,267594021.97
2025-12-09,PARAS,EQ,INE045601023,PARAS DEF AND SPCE TECH L,660.05,675.0,649.5,671.95,662.6,1.41,562372,377885872.26
2025-12-09,PARASPETRO,EQ,INE162C01024,PARAS PETROFILS LTD.,1.98,2.02,1.93,1.94,1.98,-2.02,187720,364176.81
2025-12-09,PARKHOTELS,EQ,INE988S01028,PARKHOTELS,131.86,132.34,128.4,130.76,131.86,-0.83,377374,49345422.17
2025-12-09,PASHUPATI,EQ,INE124Y01028,PASHUPATI COTSPIN LIMITED,82.5,83.5,81.82,82.36,81.5,1.06,2950,242962.0
2025-12-09,PASUPTAC,EQ,INE818B01023,PASUPATI ACRYLON LIMITED,51.89,55.6,51.15,52.19,52.11,0.15,354159,18483557.72
2025-12-09,PATANJALI,EQ,INE619A01035,PATANJALI FOODS LIMITED,547.85,548.4,536.15,539.0,547.85,-1.62,7237663,3901100357.0
2025-12-09,PATELENG,EQ,INE244B01030,PATEL ENGINEERING LTD.,29.9,31.09,29.67,30.91,30.7,0.68,6894882,213120801.57
2025-12-09,PATELRMART,EQ,INE0R8B01010,PATEL RETAIL LIMITED,210.0,214.95,203.35,212.55,211.9,0.31,200020,42514251.61
2025-12-09,PAUSHAKLTD,EQ,INE111F01024,PAUSHAK LIMITED,552.05,608.0,541.55,592.2,558.15,6.1,15602,9239504.59
2025-12-09,PAVNAIND,EQ,INE07S101038,PAVNA INDUSTRIES LIMITED,27.25,29.56,26.2,27.76,27.26,1.83,55250,1533740.01
2025-12-09,PAYTM,EQ,INE982J01020,ONE 97 COMMUNICATIONS LTD,1314.8,1321.5,1288.6,1316.7,1321.0,-0.33,2744749,3614010874.28
2025-12-09,PCBL,EQ,INE602A01031,PCBL CHEMICAL LIMITED,308.7,315.4,306.8,312.15,310.0,0.69,878034,274078307.74
2025-12-09,PCJEWELLER,EQ,INE785M01021,PC JEWELLER LTD,10.83,11.19,10.6,11.07,10.91,1.47,61701803,683038940.38
2025-12-09,PDMJEPAPER,EQ,INE865T01018,PUDUMJEE PAPER PRO. LTD,94.2,98.0,93.11,97.29,95.31,2.08,91686,8920131.02
2025-12-09,PDSL,EQ,INE111Q01021,PDS LIMITED,340.0,357.05,335.2,353.05,345.0,2.33,103785,36641292.98
2025-12-09,PEARLPOLY,EQ,INE844A01013,PEARL POLYMERS LTD,20.26,21.65,20.26,21.29,20.57,3.5,17876,380580.06
2025-12-09,PENIND,EQ,INE932A01024,PENNAR INDUSTRIES LTD,199.99,204.0,193.63,198.24,200.63,-1.19,1507879,298921941.24
2025-12-09,PENINLAND,EQ,INE138A01028,PENINSULA LAND LIMITED,25.0,27.18,24.85,26.69,25.3,5.49,600948,16039302.44
2025-12-09,PERSISTENT,EQ,INE262H01021,PERSISTENT SYSTEMS LTD,6336.5,6358.0,6217.0,6302.0,6347.0,-0.71,482730,3042164460.0
2025-12-09,PETRONET,EQ,INE347G01014,PETRONET LNG LIMITED,270.4,270.7,266.5,269.25,270.8,-0.57,2495347,671872179.75
2025-12-09,PFC,EQ,INE134E01011,POWER FIN CORP LTD.,341.8,344.0,334.85,342.5,342.45,0.01,8160700,2795039750.0
2025-12-09,PFIZER,EQ,INE182A01018,PFIZER LTD,4965.4,5008.1,4951.7,4979.6,4965.4,0.29,18595,92595663.82
2025-12-09,PFOCUS,EQ,INE367G01038,PRIME FOCUS LIMITED,188.47,193.93,178.6,192.52,189.09,1.81,8470146,1630672544.11
2025-12-09,PFS,EQ,INE560K01014,PTC INDIA FIN SERV LTD,31.96,32.8,31.82,32.61,32.07,1.68,701806,22885894.09
2025-12-09,PGEL,EQ,INE457L01029,PG ELECTROPLAST LTD,529.65,566.5,521.25,556.45,529.6,5.07,9378408,5218615246.08
2025-12-09,PGHH,EQ,INE179A01014,P&G HYGIENE & HEALTH CARE,12726.0,12726.0,12471.0,12598.0,12726.0,-1.01,5491,69175618.0
2025-12-09,PGHL,EQ,INE199A01012,PROCTER & GAMBLE HEALTH L,5654.0,5656.0,5559.0,5623.5,5639.0,-0.27,4497,25288879.5
2025-12-09,PGIL,EQ,INE940H01022,PEARL GLOBAL IND LIMITED,782.5,792.5,762.15,785.1,782.3,0.36,137872,108243303.83
2025-12-09,PHARMABEES,EQ,INF204KC1089,NIPPONAMC - NETFPHARMA,23.5,23.5,22.92,23.05,23.19,-0.6,3983705,91824397.21
2025-12-09,PHOENIXLTD,EQ,INE211B01039,THE PHOENIX MILLS LTD,1700.0,1753.0,1698.5,1739.2,1721.1,1.05,518714,902147363.47
2025-12-09,PICCADIL,EQ,INE546C01010,PICCADILY AGRO INDUSTRI L,568.25,568.25,533.15,563.15,563.4,-0.04,155639,87648106.65
2025-12-09,PIDILITIND,EQ,INE318A01026,PIDILITE INDUSTRIES LTD,1456.1,1463.9,1439.0,1459.8,1456.1,0.25,325894,475740077.11
2025-12-09,PIGL,EQ,INE557Z01018,POWER INSTRUMENT (G) LTD,140.1,140.99,133.7,134.97,140.66,-4.05,72930,9843362.19
2025-12-09,PIIND,EQ,INE603J01030,PI INDUSTRIES LTD,3300.1,3354.8,3260.2,3343.0,3329.7,0.4,223733,747939419.0
2025-12-09,PILANIINVS,EQ,INE417C01014,PILANI INV & IND COR LTD,5110.0,5190.0,5081.0,5167.0,5136.5,0.59,4468,23086156.0
2025-12-09,PILITA,EQ,INE600A01035,PIL ITALICA LIFESTYLE LTD,10.5,11.25,10.5,10.88,10.62,2.45,32822,357103.36
2025-12-09,PINELABS,EQ,INE15B701018,PINE LABS LIMITED,240.0,243.8,236.86,242.65,240.61,0.85,1625674,394469786.18
2025-12-09,PIONEEREMB,EQ,INE156C01018,PIONEER EMBROIDERIES LTD,28.9,29.4,28.26,28.98,28.95,0.1,39483,1144217.32
2025-12-09,PIRAMALFIN,EQ,INE202B01038,PIRAMAL FINANCE LIMITED,1448.1,1527.0,1424.1,1506.4,1473.6,2.23,318389,479621197.37
2025-12-09,PITTIENG,EQ,INE450D01021,PITTI ENGINEERING LIMITED,779.4,803.55,753.3,794.95,783.0,1.53,49448,39308688.2
2025-12-09,PIXTRANS,EQ,INE751B01018,PIX TRANSMISSIONS LIMITED,1435.7,1459.0,1426.5,1450.7,1450.0,0.05,9899,14360478.82
2025-12-09,PLASTIBLEN,EQ,INE083C01022,PLASTIBLENDS INDIA LTD,161.0,164.36,157.1,159.39,160.76,-0.85,7682,1224433.98
2025-12-09,PLATIND,EQ,INE0PT501018,PLATINUM INDUSTRIES LTD,237.9,256.75,234.6,254.45,237.9,6.96,224392,57096543.72
2025-12-09,PLAZACABLE,EQ,INE0INJ01017,PLAZA WIRES LIMITED,39.96,41.49,39.07,40.83,39.32,3.84,78769,3216138.41
2025-12-09,PNB,EQ,INE160A01022,PUNJAB NATIONAL BANK,115.47,118.1,115.13,117.83,116.0,1.58,15676171,1847123257.63
2025-12-09,PNBGILTS,EQ,INE859A01011,PNB GILTS LIMITED,80.0,83.9,78.11,81.17,80.67,0.62,534381,43375704.79
2025-12-09,PNBHOUSING,EQ,INE572E01012,PNB HOUSING FIN LTD.,868.5,886.8,854.85,882.6,873.15,1.08,1043109,920647977.93
2025-12-09,PNC,EQ,INE392B01011,PNC MEDIA AND ENT LTD,24.53,26.5,22.79,25.99,24.41,6.47,25698,667891.01
2025-12-09,PNCINFRA,EQ,INE195J01029,PNC INFRATECH LTD.,243.78,257.44,242.31,254.85,243.78,4.54,893660,227749256.45
2025-12-09,PNGJL,EQ,INE953R01016,P N GADGIL JEWELLERS LTD,599.65,605.05,581.0,600.4,599.6,0.13,199605,119842846.87
2025-12-09,POCL,EQ,INE063E01061,PONDY OXIDES & CHEM LTD,510.8,527.96,499.8,525.68,514.88,2.1,598715,314732496.81
2025-12-09,PODDARMENT,EQ,INE371C01013,PODDAR PIGMENTS LIMITED,255.75,258.0,252.0,253.8,255.25,-0.57,620,157356.0
2025-12-09,POKARNA,EQ,INE637C01025,POKARNA LIMITED,812.0,838.0,787.55,827.5,811.5,1.97,83596,69175690.0
2025-12-09,POLICYBZR,EQ,INE417T01026,PB FINTECH LIMITED,1913.0,1964.2,1873.0,1957.3,1913.9,2.27,2321894,4544643239.57
2025-12-09,POLYCAB,EQ,INE455K01017,POLYCAB INDIA LIMITED,7025.0,7214.5,6932.0,7194.0,7025.0,2.41,222653,1601765682.0
2025-12-09,POLYMED,EQ,INE205C01021,POLY MEDICURE LIMITED,1864.9,1919.4,1848.1,1909.3,1858.1,2.76,69587,132862462.5
2025-12-09,POLYPLEX,EQ,INE633B01018,POLYPLEX CORPORATION LTD,801.9,803.85,774.0,795.5,801.9,-0.8,131326,104469833.0
2025-12-09,PONNIERODE,EQ,INE838E01017,PONNIE SUGARS (ERODE) LTD,270.9,279.4,266.3,275.5,269.45,2.25,12607,3473228.5
2025-12-09,POONAWALLA,EQ,INE511C01022,POONAWALLA FINCORP LTD,447.0,459.0,441.3,455.3,446.65,1.94,1095234,498660026.83
2025-12-09,POWERGRID,EQ,INE752E01010,POWER GRID CORP. LTD.,264.1,265.75,262.9,264.55,265.2,-0.25,10686557,2827128523.9
2025-12-09,POWERINDIA,EQ,INE07Y701011,HITACHI ENERGY INDIA LTD,19045.0,19700.0,18670.0,19500.0,19040.0,2.42,218199,4254880500.0
2025-12-09,POWERMECH,EQ,INE211R01019,POWER MECH PROJECTS LTD.,2121.0,2205.4,2097.0,2193.6,2140.0,2.5,49951,109572518.48
2025-12-09,PPLPHARMA,EQ,INE0DK501011,PIRAMAL PHARMA LIMITED,174.65,174.69,170.4,173.34,174.65,-0.75,3116307,540180643.97
2025-12-09,PRABHA,EQ,INE0I0M01023,PRABHA ENERGY LIMITED,189.0,189.8,182.0,185.04,185.66,-0.33,10206,1888518.17
2025-12-09,PRAENG,EQ,INE505C01016,PRAJAY ENG. SYN. LTD.,27.19,28.49,26.5,27.8,27.89,-0.32,65557,1822484.55
2025-12-09,PRAJIND,EQ,INE074A01025,PRAJ INDUSTRIES LTD,300.1,312.8,293.4,311.0,301.05,3.31,913753,284177183.0
2025-12-09,PRAKASH,EQ,INE603A01013,PRAKASH INDUSTRIES LTD,122.6,134.0,121.26,133.11,123.04,8.18,1093052,145496152.39
2025-12-09,PRAKASHSTL,EQ,INE696K01024,PRAKASH STEELAGE LTD,4.17,4.22,4.0,4.07,4.14,-1.69,468059,1905000.21
2025-12-09,PRAXIS,EQ,INE546Y01022,PRAXIS HOME RETAIL LTD,9.28,9.28,8.85,9.17,9.05,1.33,108810,997787.71
2025-12-09,PRECAM,EQ,INE484I01029,PRECISION CAMSHAFTS LTD.,154.27,156.42,149.27,153.75,153.51,0.16,211937,32585313.75
2025-12-09,PRECOT,EQ,INE283A01014,PRECOT LIMITED,448.8,448.8,420.0,440.65,450.95,-2.28,8567,3775048.5
2025-12-09,PRECWIRE,EQ,INE372C01037,PRECISION WIRES INDIA LTD,231.45,239.75,225.2,238.5,232.55,2.56,280709,66949096.5
2025-12-09,PREMEXPLN,EQ,INE863B01029,PREMIER EXPLOSIVES LTD,494.5,514.0,489.25,510.1,502.45,1.52,227152,115870236.59
2025-12-09,PREMIERENE,EQ,INE0BS701011,PREMIER ENERGIES LIMITED,863.95,880.95,849.4,869.55,869.7,-0.02,1779517,1547378985.63
2025-12-09,PREMIERPOL,EQ,INE309M01020,PREMIER POLYFILM LTD,41.02,45.5,38.16,42.62,41.54,2.6,274209,11686787.29
2025-12-09,PRESTIGE,EQ,INE811K01011,PRESTIGE ESTATE LTD,1600.0,1648.8,1588.1,1632.9,1610.0,1.42,488428,797554093.12
2025-12-09,PRICOLLTD,EQ,INE726V01018,PRICOL LIMITED,608.15,639.0,589.75,626.1,608.4,2.91,713542,446748628.78
2025-12-09,PRIMESECU,EQ,INE032B01021,PRIME SECURITIES LIMITED,274.0,284.95,259.95,281.4,275.5,2.14,116809,32870051.89
2025-12-09,PRIMO,EQ,INE607A01022,PRIMO CHEMICALS LIMITED,22.13,23.7,21.51,23.03,22.28,3.37,124540,2868156.29
2025-12-09,PRINCEPIPE,EQ,INE689W01016,PRINCE PIPES FITTINGS LTD,248.85,254.0,246.75,251.2,252.0,-0.32,204549,51382708.18
2025-12-09,PRITI,EQ,INE974Z01015,PRITI INTERNATIONAL LTD,58.0,60.11,56.0,58.41,57.72,1.2,26293,1535774.13
2025-12-09,PRIVISCL,EQ,INE959A01019,PRIVI SPECIALITY CHE LTD,3056.2,3145.0,3030.1,3120.8,3079.6,1.34,30104,93948564.67
2025-12-09,PROSTARM,EQ,INE0BX301013,PROSTARM INFO SYSTEMS LTD,180.15,186.69,176.2,181.77,183.06,-0.7,1347766,244983431.58
2025-12-09,PROTEAN,EQ,INE004A01022,PROTEAN EGOV TECHNO LTD,768.0,784.0,755.0,772.3,768.85,0.45,216315,167060071.86
2025-12-09,PROZONER,EQ,INE195N01013,PROZONE REALTY LIMITED,44.59,49.27,44.59,46.7,46.93,-0.49,197463,9221522.25
2025-12-09,PRSMJOHNSN,EQ,INE010A01011,PRISM JOHNSON LIMITED,127.21,132.88,123.16,129.21,128.51,0.54,489965,63308380.94
2025-12-09,PRUDENT,EQ,INE00F201020,PRUDENT CORP ADV SER LTD,2560.0,2698.0,2520.1,2672.2,2582.6,3.47,273678,731322338.24
2025-12-09,PSB,EQ,INE608A01012,PUNJAB & SIND BANK,27.3,27.99,26.81,27.59,27.36,0.84,2923073,80647584.52
2025-12-09,PSPPROJECT,EQ,INE488V01015,PSP PROJECTS LIMITED,836.1,872.9,824.6,865.05,843.65,2.54,110334,95444425.35
2025-12-09,PSUBANK,EQ,INF174KA1A86,KOTAK PSU BANK,833.23,833.23,804.8,821.69,812.91,1.08,21082,17322868.63
2025-12-09,PSUBANKADD,EQ,INF740KA1SY9,DSPAMC - DSPPSBKETF,82.5,83.15,81.0,83.07,82.01,1.29,196595,16331146.59
2025-12-09,PSUBNKBEES,EQ,INF204KB16I7,NIP IND ETF PSU BANK BEES,91.37,92.4,89.7,92.09,90.83,1.39,5744405,529002235.41
2025-12-09,PSUBNKIETF,EQ,INF109KC10S8,ICICIPRAMC - PSUBANKICI,82.35,83.64,81.53,83.55,82.51,1.26,284166,23742070.17
2025-12-09,PTC,EQ,INE877F01012,PTC INDIA LIMITED,151.26,154.4,150.87,153.55,152.57,0.64,969981,148940585.51
2025-12-09,PTCIL,EQ,INE596F01018,PTC INDUSTRIES LIMITED,18939.0,19028.0,18324.0,18908.0,18913.0,-0.03,26353,498282524.0
2025-12-09,PTL,EQ,INE034D01049,PTL ENTERPRISES LTD,38.75,39.65,38.58,39.08,38.95,0.33,24398,953473.88
2025-12-09,PUNJABCHEM,EQ,INE277B01014,PUNJAB CHEM & CROP PROT L,1295.0,1295.1,1245.1,1268.7,1286.5,-1.38,7633,9683986.73
2025-12-09,PURVA,EQ,INE323I01011,PURAVANKARA LIMITED,234.95,242.52,226.55,238.36,232.95,2.32,343063,81772496.89
2025-12-09,PVP,EQ,INE362A01016,PVP VENTURES LIMITED,31.54,34.69,31.46,33.96,33.11,2.57,325546,11055541.86
2025-12-09,PVRINOX,EQ,INE191H01014,PVR INOX LIMITED,1088.0,1092.8,1045.9,1081.9,1088.0,-0.56,412075,445823952.56
2025-12-09,PVSL,EQ,INE772T01024,POPULAR VEHICLES N SER L,125.03,127.94,118.7,124.06,125.03,-0.78,70132,8700575.75
2025-12-09,PVTBANIETF,EQ,INF109KC18U7,ICICIPRAMC - ICICIBANKP,28.81,28.89,28.61,28.77,28.84,-0.24,607103,17466353.59
2025-12-09,PVTBANKADD,EQ,INF740KA1TA7,DSPAMC - DSPPVBKETF,28.95,29.01,28.79,28.9,29.01,-0.38,14457,417807.29
2025-12-09,PWL,EQ,INE0LP301011,PHYSICSWALLAH LIMITED,142.75,145.6,135.0,137.89,138.44,-0.4,82074266,11317220488.65
2025-12-09,PYRAMID,EQ,INE0MIS01010,PYRAMID TECHNOPLAST LTD,159.07,172.88,153.44,169.81,159.07,6.75,133434,22658427.21
2025-12-09,QGOLDHALF,EQ,INF082J01408,QUANTUM GOLD ETF,109.47,109.47,105.14,106.3,106.8,-0.47,225091,23927173.99
2025-12-09,QNIFTY,EQ,INF082J01499,QUANTUM NIFTY 50 ETF,2826.0,2836.0,2816.0,2831.47,2837.18,-0.2,1891,5354309.71
2025-12-09,QPOWER,EQ,INE0SII01026,QUALITY POWER ELEC EQUP L,682.0,720.0,668.55,709.15,686.15,3.35,361738,256526511.53
2025-12-09,QUADFUTURE,EQ,INE0LRY01011,QUADRANT FUTURE TEK LTD,268.45,269.8,254.4,264.3,268.8,-1.67,382135,100998275.84
2025-12-09,QUAL30IETF,EQ,INF109KC18V5,ICICIPRAMC - ICICIQTY30,21.7,22.04,21.49,21.72,21.79,-0.32,117907,2560939.96
2025-12-09,QUESS,EQ,INE615P01015,QUESS CORP LIMITED,201.65,209.0,198.1,207.89,204.7,1.56,492135,102309944.85
2025-12-09,QUICKHEAL,EQ,INE306L01010,QUICK HEAL TECH LTD,279.0,284.95,270.0,282.45,280.3,0.77,77183,21800339.29
2025-12-09,RACE,EQ,INE084Q01012,RACE ECO CHAIN LIMITED,150.0,158.84,145.01,147.08,146.83,0.17,6489,954402.13
2025-12-09,RACLGEAR,EQ,INE704B01017,RACL GEARTECH LIMITED,1047.0,1052.7,1004.3,1029.1,1041.2,-1.16,15374,15821383.02
2025-12-09,RADAAN,EQ,INE874F01027,RADAAN MEDIAWORKS (I) LTD,3.28,3.34,3.22,3.25,3.28,-0.91,6622,21521.5
2025-12-09,RADIANTCMS,EQ,INE855R01021,RADIANT CASH MGMT SER LTD,52.1,53.3,51.5,52.96,52.32,1.22,64945,3439487.14
2025-12-09,RADICO,EQ,INE944F01028,RADICO KHAITAN LTD,3140.0,3218.3,3092.9,3209.2,3148.1,1.94,238790,766324856.34
2025-12-09,RADIOCITY,EQ,INE919I01024,MUSIC BROADCAST LIMITED,6.8,6.8,6.32,6.48,6.6,-1.82,79315,513961.2
2025-12-09,RAILTEL,EQ,INE0DD101019,RAILTEL CORP OF IND LTD,317.0,325.0,311.05,323.9,317.0,2.18,912948,295703851.63
2025-12-09,RAIN,EQ,INE855B01025,RAIN INDUSTRIES LIMITED,101.0,104.85,99.9,104.15,101.48,2.63,1231608,128271975.08
2025-12-09,RAINBOW,EQ,INE961O01016,RAINBOW CHILDRENS MED LTD,1340.1,1356.7,1323.8,1351.8,1344.4,0.55,82393,111378861.42
2025-12-09,RAJMET,EQ,INE00KV01022,RAJNANDINI METAL LIMITED,3.97,4.06,3.93,4.02,3.96,1.52,265514,1067366.27
2025-12-09,RAJRATAN,EQ,INE451D01029,RAJRATAN GLOBAL WIRE LTD,424.0,454.9,420.95,441.9,425.3,3.9,144487,63848804.42
2025-12-09,RAJSREESUG,EQ,INE562B01019,RAJSHREE SUGAR & CHEMICAL,31.0,32.49,30.5,32.0,31.23,2.47,39501,1264032.0
2025-12-09,RAJTV,EQ,INE952H01027,RAJ TV NETWORK LTD,42.34,42.34,41.07,41.81,41.6,0.5,2874,120161.94
2025-12-09,RALLIS,EQ,INE613A01020,RALLIS INDIA LTD,243.5,259.55,241.15,257.1,244.95,4.96,1274498,327673443.58
2025-12-09,RAMANEWS,EQ,INE278B01020,SHREE RAMA NEWSPRINT LTD,29.8,30.84,29.8,30.28,29.99,0.97,118916,3600776.56
2025-12-09,RAMAPHO,EQ,INE809A01032,RAMA PHOSPHATES LIMITED,149.1,159.99,144.71,158.0,150.91,4.7,191071,30189218.0
2025-12-09,RAMCOCEM,EQ,INE331A01037,THE RAMCO CEMENTS LIMITED,995.9,1004.9,980.9,999.5,995.9,0.36,88320,88275840.0
2025-12-09,RAMCOIND,EQ,INE614A01028,RAMCO INDUSTRIES LIMITED,301.4,306.0,288.6,304.0,298.1,1.98,88691,26962064.0
2025-12-09,RAMCOSYS,EQ,INE246B01019,RAMCO SYSTEMS LTD.,599.5,617.5,583.0,612.1,602.35,1.62,87767,53722178.56
2025-12-09,RAMKY,EQ,INE874I01013,RAMKY INFRA LTD,531.8,550.0,520.5,548.35,532.95,2.89,63122,34612947.16
2025-12-09,RAMRAT,EQ,INE207E01023,RAM RATNA WIRES LIMITED,303.5,309.88,299.1,307.85,303.83,1.32,34574,10643606.11
2025-12-09,RANASUG,EQ,INE625B01014,RANA SUGARS LTD.,13.0,13.04,12.71,12.73,12.86,-1.01,152338,1939262.67
2025-12-09,RANEHOLDIN,EQ,INE384A01010,RANE HOLDINGS LIMITED,1322.0,1323.3,1277.3,1282.5,1315.7,-2.52,13035,16717387.5
2025-12-09,RATEGAIN,EQ,INE0CLI01024,RATEGAIN TRAVEL TECHN LTD,656.9,673.65,642.0,667.6,660.15,1.13,242421,161840253.68
2025-12-09,RATNAMANI,EQ,INE703B01027,RATNAMANI MET & TUB LTD.,2385.0,2429.8,2370.7,2413.4,2401.2,0.51,8865,21394790.13
2025-12-09,RATNAVEER,EQ,INE05CZ01011,RATNAVEER PRECISION ENG L,162.08,163.81,153.21,160.89,160.79,0.06,3165866,509356178.81
2025-12-09,RAYMOND,EQ,INE301A01014,RAYMOND LTD,440.0,455.0,433.05,451.8,445.35,1.45,240747,108769491.66
2025-12-09,RAYMONDLSL,EQ,INE02ID01020,RAYMOND LIFESTYLE LIMITED,1052.4,1190.0,1016.5,1149.7,1047.5,9.76,196880,226352926.39
2025-12-09,RAYMONDREL,EQ,INE1SY401010,RAYMOND REALTY LIMITED,466.0,486.0,463.15,482.45,472.1,2.19,169886,81961502.77
2025-12-09,RBA,EQ,INE07T201019,RESTAURANT BRAND ASIA LTD,60.51,65.96,60.51,63.67,60.8,4.72,6670057,424682516.98
2025-12-09,RBLBANK,EQ,INE976G01028,RBL BANK LIMITED,299.4,304.7,294.0,304.1,300.0,1.37,4941665,1502760356.66
2025-12-09,RCF,EQ,INE027A01015,RASHTRIYA CHEMICALS & FER,134.5,141.0,132.78,139.17,136.71,1.8,1793571,249611272.79
2025-12-09,RECLTD,EQ,INE020B01018,REC LIMITED,341.0,344.45,336.5,342.85,342.6,0.07,5469753,1875304849.43
2025-12-09,REDINGTON,EQ,INE891D01026,REDINGTON LIMITED,267.0,277.0,265.3,275.3,267.9,2.76,2999026,825631821.19
2025-12-09,REDTAPE,EQ,INE0LXT01019,REDTAPE LIMITED,124.65,129.0,122.15,127.53,124.75,2.23,311284,39698048.14
2025-12-09,REFEX,EQ,INE056I01025,REFEX INDUSTRIES LIMITED,316.4,328.65,313.05,327.15,317.15,3.15,317377,103829883.61
2025-12-09,REGAAL,EQ,INE0MHO01029,REGAAL RESOURCES LIMITED,69.75,72.5,69.1,71.63,70.81,1.16,389970,27933550.03
2025-12-09,REGENCERAM,EQ,INE277C01012,REGENCY CERAMICS LTD.,45.5,48.49,42.82,47.4,45.27,4.71,9014,427263.61
2025-12-09,RELAXO,EQ,INE131B01039,RELAXO FOOT LTD.,399.0,425.95,393.0,420.9,397.85,5.79,178746,75234190.31
2025-12-09,RELCHEMQ,EQ,INE750D01016,RELIANCE CHEMOTEX IND LTD,145.0,145.0,139.0,140.5,140.44,0.04,5249,737484.5
2025-12-09,RELIABLE,EQ,INE375Y01018,RELIABLE DATA SERVICE LTD,160.16,164.9,156.0,162.05,159.37,1.68,26769,4337916.53
2025-12-09,RELIANCE,EQ,INE002A01018,RELIANCE INDUSTRIES LTD,1540.3,1542.5,1520.1,1529.4,1543.0,-0.88,11503971,17594173528.26
2025-12-09,RELIGARE,EQ,INE621H01010,RELIGARE ENTER. LTD.,225.1,234.27,222.88,231.46,227.73,1.64,1936509,448224386.14
2025-12-09,RELTD,EQ,INE206N01018,RAVINDRA ENERGY LIMITED,148.0,156.94,142.99,155.61,147.11,5.78,220616,34330055.89
2025-12-09,REMSONSIND,EQ,INE474C01023,REMSONS INDUSTRIES LTD,113.0,124.0,110.46,120.43,112.89,6.68,228842,27559442.13
2025-12-09,RENUKA,EQ,INE087H01022,SHREE RENUKA SUGARS LTD,25.69,26.12,25.02,26.01,25.86,0.58,3699560,96225556.45
2025-12-09,REPCOHOME,EQ,INE612J01015,REPCO HOME FINANCE LTD,391.8,400.0,384.6,396.9,391.8,1.3,88354,35067702.06
2025-12-09,REPRO,EQ,INE461B01014,REPRO INDIA LIMITED,446.5,474.95,444.25,462.9,450.5,2.75,7358,3406018.16
2025-12-09,RESPONIND,EQ,INE688D01026,RESPONSIVE INDUSTRIES LTD,194.0,199.48,190.6,193.7,196.93,-1.64,181786,35211947.65
2025-12-09,RETAIL,EQ,INE03DD01011,JHS SVENDGAARD RETAIL V L,25.9,27.95,25.16,26.0,26.12,-0.46,11757,305682.0
2025-12-09,RGL,EQ,INE722H01024,RENAISSANCE GLOBAL LTD,127.75,129.5,123.0,129.16,127.16,1.57,527315,68108007.33
2025-12-09,RHETAN,EQ,INE0KKN01029,RHETAN TMT LIMITED,23.48,24.39,23.48,23.99,23.55,1.87,3724890,89360110.25
2025-12-09,RHIM,EQ,INE743M01012,RHI MAGNESITA INDIA LTD,443.95,451.65,433.9,448.0,444.0,0.9,96495,43229760.0
2025-12-09,RHL,EQ,INE508K01013,ROBUST HOTELS LIMITED,216.94,216.94,205.2,205.87,209.91,-1.92,7247,1491939.85
2025-12-09,RICOAUTO,EQ,INE209B01025,RICO AUTO INDUSTRIES LTD,104.71,106.98,100.72,103.67,104.71,-0.99,5339457,553541497.41
2025-12-09,RIIL,EQ,INE046A01015,RELIANCE INDUSTRIAL INFRA,815.75,820.95,796.3,817.4,817.8,-0.05,52505,42917588.28
2025-12-09,RISHABH,EQ,INE0N2P01017,RISHABH INSTRUMENTS LTD,384.0,410.0,379.95,405.65,388.7,4.36,80779,32768000.86
2025-12-09,RITCO,EQ,INE01EG01016,RITCO LOGISTICS LIMITED,276.6,287.0,276.6,282.75,279.4,1.2,120684,34123401.0
2025-12-09,RITES,EQ,INE320J01015,RITES LIMITED,221.15,230.8,217.12,228.22,222.36,2.64,804997,183716416.32
2025-12-09,RKDL,EQ,INE722J01012,RAVI KUMAR DIST. LTD.,24.02,25.45,23.33,24.52,24.75,-0.93,11895,291665.41
2025-12-09,RKEC,EQ,INE786W01010,RKEC PROJECTS LIMITED,46.4,54.97,46.4,53.24,45.81,16.22,668369,35583966.68
2025-12-09,RKFORGE,EQ,INE399G01023,RAMKRISHNA FORGINGS LTD,524.0,534.4,514.5,525.45,524.8,0.12,239587,125890992.07
2025-12-09,RKSWAMY,EQ,INE0NQ801033,R K SWAMY LIMITED,111.14,116.66,110.0,113.91,111.14,2.49,78353,8925190.52
2025-12-09,RML,EQ,INE050H01012,RANE (MADRAS) LIMITED,720.75,737.3,710.75,730.4,724.35,0.84,8516,6220086.61
2025-12-09,ROHLTD,EQ,INE283H01019,ROYAL ORCHID HOTELS LTD,382.0,392.0,371.6,388.0,387.8,0.05,181256,70327328.0
2025-12-09,ROLEXRINGS,EQ,INE645S01024,ROLEX RINGS LIMITED,122.5,128.9,115.35,123.73,123.67,0.05,21306111,2636205185.55
2025-12-09,ROML,EQ,INE294G01026,RAJ OIL MILLS LIMITED,51.68,51.68,49.0,50.14,49.15,2.01,6144,308060.16
2025-12-09,ROSSARI,EQ,INE02A801020,ROSSARI BIOTECH LIMITED,591.0,594.95,566.2,581.7,594.1,-2.09,98212,57129921.6
2025-12-09,ROSSELLIND,EQ,INE847C01020,ROSSELL INDIA LIMITED,54.7,55.79,53.1,54.95,54.69,0.48,11952,656762.41
2025-12-09,ROSSTECH,EQ,INE0OJW01016,ROSSELL TECHSYS LIMITED,666.7,702.0,651.0,689.15,670.05,2.85,203051,139932601.61
2025-12-09,ROTO,EQ,INE535D01037,ROTO PUMPS LIMITED,58.5,61.38,57.65,59.47,58.6,1.48,341219,20292294.35
2025-12-09,ROUTE,EQ,INE450U01017,ROUTE MOBILE LIMITED,655.3,700.0,645.0,691.6,656.05,5.42,393628,272233115.19
2025-12-09,RPEL,EQ,INE912T01018,RAGHAV PRODUCTIVITY ENH L,970.0,970.0,927.4,944.5,959.5,-1.56,37445,35366802.5
2025-12-09,RPGLIFE,EQ,INE105J01010,RPG LIFE SCIENCES LTD,2241.1,2305.9,2190.2,2298.3,2244.9,2.38,15459,35529420.45
2025-12-09,RPOWER,EQ,INE614G01033,RELIANCE POWER LTD.,35.4,36.11,34.5,35.62,35.4,0.62,39897531,1421150011.6
2025-12-09,RPPINFRA,EQ,INE324L01013,R.P.P INFRA PROJECTS LTD,106.0,106.04,100.1,105.06,103.84,1.17,63421,6663010.11
2025-12-09,RPSGVENT,EQ,INE425Y01011,RPSG VENTURES LIMITED,758.1,767.6,748.6,758.9,769.65,-1.4,35670,27069963.87
2025-12-09,RPTECH,EQ,INE0J1F01024,RASHI PERIPHERALS LIMITED,329.5,329.5,321.2,327.0,327.1,-0.03,131092,42867084.0
2025-12-09,RRKABEL,EQ,INE777K01022,R R KABEL LIMITED,1350.3,1397.8,1341.0,1384.9,1360.3,1.81,160950,222899658.93
2025-12-09,RSSOFTWARE,EQ,INE165B01029,R. S. SOFTWARE (INDIA) LI,49.1,50.5,48.41,49.53,49.86,-0.66,29514,1461828.38
2025-12-09,RSYSTEMS,EQ,INE411H01032,R SYS INTERNATIONAL LTD,400.0,411.75,399.0,408.75,403.8,1.23,51353,20990538.75
2025-12-09,RTNINDIA,EQ,INE834M01019,RATTANINDIA ENT LIMITED,39.6,41.46,39.11,40.35,40.11,0.6,2058617,83065192.81
2025-12-09,RTNPOWER,EQ,INE399K01017,RATTANINDIA POWER LIMITED,9.34,9.64,9.1,9.57,9.34,2.46,17635358,168770370.68
2025-12-09,RUBFILA,EQ,INE642C01025,RUBFILA INTERNATIONAL LTD,70.25,73.5,70.25,73.15,71.9,1.74,25648,1876151.24
2025-12-09,RUBICON,EQ,INE506V01022,RUBICON RESEARCH LIMITED,613.0,640.0,609.25,635.3,615.2,3.27,230931,146710461.48
2025-12-09,RUBYMILLS,EQ,INE301D01026,THE RUBY MILLS LTD,205.0,209.99,203.0,208.99,207.1,0.91,7440,1554885.64
2025-12-09,RUCHINFRA,EQ,INE413B01023,RUCHI INFRASTRUCTURE LTD,6.56,6.72,6.48,6.61,6.67,-0.9,31744,209827.84
2025-12-09,RUCHIRA,EQ,INE803H01014,RUCHIRA PAPERS LIMITED,117.62,119.4,116.0,118.67,118.21,0.39,48721,5781720.98
2025-12-09,RUPA,EQ,INE895B01021,RUPA & COMPANY LTD,162.1,164.0,159.5,162.41,162.56,-0.09,159021,25826601.19
2025-12-09,RUSHIL,EQ,INE573K01025,RUSHIL DECOR LIMITED,22.59,22.95,22.01,22.81,22.59,0.97,302363,6896899.87
2025-12-09,RUSTOMJEE,EQ,INE263M01029,KEYSTONE REALTORS LIMITED,530.5,545.0,520.8,540.65,535.8,0.91,25544,13810364.22
2025-12-09,RVHL,EQ,INE09E501017,RAVINDER HEIGHTS LIMITED,53.17,55.8,50.65,54.84,53.17,3.14,14882,816128.88
2025-12-09,RVNL,EQ,INE415G01027,RAIL VIKAS NIGAM LIMITED,304.0,313.7,301.2,312.7,307.15,1.81,4741731,1482739341.58
2025-12-09,RVTH,EQ,INE0DAB01012,REVATHI EQUIPMENT INDIA L,731.25,732.1,702.05,725.7,731.0,-0.73,576,418003.21
2025-12-09,S&SPOWER,EQ,INE902B01017,S&S POWER SWITCHGEARS LTD,207.19,223.0,193.5,213.81,204.18,4.72,12943,2767342.8
2025-12-09,SAATVIKGL,EQ,INE13B501022,SAATVIK GREEN ENERGY LTD,366.9,380.0,350.6,371.0,363.2,2.15,329653,122301263.0
2025-12-09,SADBHAV,EQ,INE226H01026,SADBHAV ENGINEERING LTD,10.4,11.3,10.05,10.55,10.28,2.63,273637,2886870.4
2025-12-09,SADBHIN,EQ,INE764L01010,SADBHAV INFRA PROJ LTD.,3.64,3.69,3.52,3.6,3.64,-1.1,63415,228293.99
2025-12-09,SAFARI,EQ,INE429E01023,SAFARI IND (INDIA) LTD,2313.0,2390.3,2304.7,2375.1,2332.7,1.82,16696,39654671.23
2025-12-09,SAGARDEEP,EQ,INE976T01013,SAGARDEEP ALLOYS LIMITED,26.03,26.69,25.9,26.53,26.07,1.76,1164,30880.92
2025-12-09,SAGCEM,EQ,INE229C01021,SAGAR CEMENTS LIMITED,203.6,213.29,202.5,210.22,203.63,3.24,305949,64316599.15
2025-12-09,SAGILITY,EQ,INE0W2G01015,SAGILITY LIMITED,47.81,49.67,47.05,49.38,48.06,2.75,33557629,1657075755.86
2025-12-09,SAHYADRI,EQ,INE280H01015,SAHYADRI INDUSTRIES LTD,242.95,244.9,231.3,243.7,242.95,0.31,7203,1755371.08
2025-12-09,SAIL,EQ,INE114A01011,STEEL AUTHORITY OF INDIA,129.0,129.92,126.8,129.15,129.75,-0.46,11367505,1468113201.37
2025-12-09,SAILIFE,EQ,INE570L01029,SAI LIFE SCIENCES LIMITED,856.0,884.0,845.6,881.35,860.1,2.47,218153,192269141.22
2025-12-09,SAKAR,EQ,INE732S01012,SAKAR HEALTHCARE LIMITED,364.85,396.45,364.85,390.95,364.85,7.15,68352,26722215.23
2025-12-09,SAKHTISUG,EQ,INE623A01011,SAKTHI SUGARS LTD,19.18,19.18,18.37,18.96,18.98,-0.11,84698,1605874.0
2025-12-09,SAKSOFT,EQ,INE667G01023,SAKSOFT LIMITED,188.0,192.64,183.0,191.26,189.12,1.13,222195,42497014.48
2025-12-09,SAKUMA,EQ,INE190H01024,SAKUMA EXPORTS LIMITED,2.2,2.27,2.11,2.22,2.21,0.45,2219919,4928220.24
2025-12-09,SALASAR,EQ,INE170V01027,SALASAR TECHNO ENGG. LTD.,8.99,9.2,8.76,9.06,9.03,0.33,6254172,56662800.94
2025-12-09,SALONA,EQ,INE498E01010,SALONA COTSPIN LTD.,269.0,276.9,263.55,270.0,273.85,-1.41,296,79920.0
2025-12-09,SALSTEEL,EQ,INE658G01014,S.A.L. STEEL LTD.,34.7,34.7,33.1,33.8,34.79,-2.85,143885,4863312.89
2025-12-09,SALZERELEC,EQ,INE457F01013,SALZER ELECTRONICS LTD,690.0,702.1,676.05,698.45,689.35,1.32,76687,53562036.09
2025-12-09,SAMBHAAV,EQ,INE699B01027,SAMBHAAV MEDIA LTD,9.82,9.98,9.51,9.81,9.86,-0.51,79144,776402.67
2025-12-09,SAMBHV,EQ,INE12NJ01018,SAMBHV STEEL TUBES LTD,91.0,97.86,86.89,96.75,91.41,5.84,1756334,169925314.5
2025-12-09,SAMHI,EQ,INE08U801020,SAMHI HOTELS LIMITED,180.06,180.8,174.61,177.69,181.48,-2.09,1252837,222616609.59
2025-12-09,SAMMAANCAP,EQ,INE148I01020,SAMMAAN CAPITAL LIMITED,141.0,143.48,138.82,141.59,141.43,0.11,17224757,2438853280.55
2025-12-09,SAMPANN,EQ,INE735M01018,SAMPANN UTPADAN INDIA LTD,30.0,31.5,28.3,31.07,29.69,4.65,63197,1963530.77
2025-12-09,SANATHAN,EQ,INE0JPD01013,SANATHAN TEXTILES LIMITED,429.2,472.1,419.65,448.55,429.2,4.51,61973,27797988.39
2025-12-09,SANDESH,EQ,INE583B01015,SANDESH LTD,1040.0,1073.0,1040.0,1072.0,1066.8,0.49,38,40736.0
2025-12-09,SANDHAR,EQ,INE278H01035,SANDHAR TECHNOLOGIES LTD,524.9,564.05,522.05,560.3,529.85,5.75,271011,151847459.99
2025-12-09,SANDUMA,EQ,INE149K01016,SANDUR MANG & IRON ORES L,196.39,199.0,190.6,196.26,197.63,-0.69,1550031,304209075.55
2025-12-09,SANGAMIND,EQ,INE495C01010,SANGAM (INDIA) LTD,424.65,427.35,419.45,423.3,424.25,-0.22,10259,4342634.57
2025-12-09,SANGHVIMOV,EQ,INE989A01032,SANGHVI MOVERS LTD,296.95,306.25,290.0,304.75,297.95,2.28,312678,95288620.5
2025-12-09,SANOFI,EQ,INE058A01010,SANOFI INDIA LIMITED,4290.0,4350.0,4219.5,4345.4,4271.0,1.74,15300,66484618.51
2025-12-09,SANOFICONR,EQ,INE0UOS01011,SANOFI CONS HEALTHC IND L,4595.1,4656.5,4554.5,4623.2,4641.5,-0.39,1582,7313902.71
2025-12-09,SANSERA,EQ,INE953O01021,SANSERA ENGINEERING LTD,1621.0,1687.4,1597.6,1681.5,1629.4,3.2,104711,176071546.5
2025-12-09,SANSTAR,EQ,INE08NE01025,SANSTAR LIMITED,86.25,91.9,85.55,91.4,86.45,5.73,385632,35246765.39
2025-12-09,SAPPHIRE,EQ,INE806T01020,SAPPHIRE FOODS INDIA LTD,240.2,240.82,232.03,236.67,239.62,-1.23,652867,154514031.69
2025-12-09,SARDAEN,EQ,INE385C01021,SARDA ENERGY & MIN LTD,472.05,483.0,456.2,480.9,474.45,1.36,662449,318571720.06
2025-12-09,SAREGAMA,EQ,INE979A01025,SAREGAMA INDIA LIMITED,344.0,363.8,340.3,361.45,347.9,3.89,1045163,377774179.11
2025-12-09,SARLAPOLY,EQ,INE453D01025,SARLA PERF. FIBERS LTD,83.5,88.79,82.25,87.2,84.72,2.93,114852,10015094.05
2025-12-09,SARVESHWAR,EQ,INE324X01026,SARVESHWAR FOODS LIMITED,4.0,4.24,3.82,4.15,4.01,3.49,17266752,71657022.45
2025-12-09,SASKEN,EQ,INE231F01020,SASKEN TECHNOLOGIES LTD,1204.8,1230.0,1180.8,1208.7,1205.5,0.27,13347,16132518.25
2025-12-09,SATIA,EQ,INE170E01023,SATIA INDUSTRIES LIMITED,69.0,69.0,65.02,67.83,68.55,-1.05,111097,7535709.71
2025-12-09,SATIN,EQ,INE836B01017,SATIN CREDIT NET LTD,141.0,141.0,135.81,137.25,140.56,-2.35,571719,78468432.75
2025-12-09,SAURASHCEM,EQ,INE626A01014,SAURASHTRA CEMENT LIMITED,83.58,86.72,81.7,82.43,83.17,-0.89,122814,10123558.06
2025-12-09,SBC,EQ,INE04AK01028,SBC EXPORTS LIMITED,27.1,27.58,26.62,27.42,27.1,1.18,10824428,296805816.59
2025-12-09,SBCL,EQ,INE386D01027,SHIVALIK BIMETAL CON. LTD,435.0,442.7,425.4,440.0,435.0,1.15,36955,16260200.0
2025-12-09,SBFC,EQ,INE423Y01016,SBFC FINANCE LIMITED,103.71,105.59,103.2,105.02,104.64,0.36,880828,92504553.6
2025-12-09,SBGLP,EQ,INE05ST01028,SURATWWALA BUS GROUP LTD,30.45,31.99,29.0,29.36,29.9,-1.81,50459,1481476.27
2025-12-09,SBICARD,EQ,INE018E01016,SBI CARDS & PAY SER LTD,866.55,868.75,856.45,865.35,870.1,-0.55,419540,363048928.76
2025-12-09,SBIETFCON,EQ,INF200KA1X17,SBIAMC - SBIETFCON,127.25,127.25,123.96,124.97,125.37,-0.32,15306,1912790.84
2025-12-09,SBIETFIT,EQ,INF200KA1S14,SBIAMC - SBIETFIT,420.71,422.69,415.48,417.38,422.69,-1.26,10565,4409619.75
2025-12-09,SBIETFPB,EQ,INF200KA1S22,SBIAMC - SBIETFPB,290.0,292.42,288.54,291.88,291.59,0.1,3545,1034714.62
2025-12-09,SBIETFQLTY,EQ,INF200KA1WX6,SBIAMC - SBIETFQLTY,228.11,230.35,223.47,228.3,229.21,-0.4,4471,1020729.31
2025-12-09,SBILIFE,EQ,INE123W01016,SBI LIFE INSURANCE CO LTD,2019.0,2028.2,1990.4,2006.2,2020.7,-0.72,887191,1779882540.88
2025-12-09,SBIN,EQ,INE062A01020,STATE BANK OF INDIA,954.8,964.0,950.45,959.35,956.4,0.31,9580294,9190854815.01
2025-12-09,SBINEQWETF,EQ,INF200KB1282,SBIAMC - SBINEQWETF,33.65,33.65,32.55,32.94,33.19,-0.75,66609,2194100.37
2025-12-09,SBISILVER,EQ,INF200KB1217,SBIAMC - SBISILVER,175.68,176.0,172.23,175.49,175.31,0.1,2219253,389456721.16
2025-12-09,SCHAEFFLER,EQ,INE513A01022,SCHAEFFLER INDIA LIMITED,3800.1,3925.0,3759.8,3863.6,3793.3,1.85,122674,473963278.38
2025-12-09,SCHAND,EQ,INE807K01035,S CHAND AND COMPANY LTD,157.5,160.0,155.0,158.99,157.6,0.88,54258,8626479.72
2025-12-09,SCHNEIDER,EQ,INE839M01018,SCHNEIDER ELECTRIC INFRA,736.05,753.3,719.1,747.55,741.2,0.86,234505,175304209.89
2025-12-09,SCI,EQ,INE109A01011,SHIPPING CORP OF INDIA LT,222.85,228.35,219.75,227.14,223.73,1.52,2627221,596746976.34
2025-12-09,SCILAL,EQ,INE0PB301013,SHIPPING CORP OF ILA LTD,45.91,47.3,45.18,46.76,46.08,1.48,539953,25248201.37
2025-12-09,SCODATUBES,EQ,INE090501011,SCODA TUBES LIMITED,156.0,159.0,152.51,157.03,156.26,0.49,179099,28123915.75
2025-12-09,SDBL,EQ,INE480C01038,SOM DIST & BREW LTD,105.18,108.9,102.69,107.31,105.6,1.62,1027080,110215952.29
2025-12-09,SEAMECLTD,EQ,INE497B01018,SEAMEC LIMITED,982.0,998.9,953.2,997.3,993.2,0.41,33414,33323781.79
2025-12-09,SECMARK,EQ,INE0BTM01013,SECMARK CONSULTANCY LTD,115.0,118.0,111.61,117.14,115.97,1.01,1902,222800.28
2025-12-09,SECURKLOUD,EQ,INE650K01021,SECUREKLOUD TECH LIMITED,25.99,26.0,24.51,25.76,25.66,0.39,41328,1064609.29
2025-12-09,SEJALLTD,EQ,INE955I01044,SEJAL GLASS LIMITED,809.7,829.9,800.0,822.75,813.05,1.19,4660,3834015.0
2025-12-09,SELECTIPO,EQ,INF769K01ON4,MIRAEAMC - SELECTIPO,46.29,46.29,46.29,46.29,45.95,0.76,0,0.0
2025-12-09,SEMAC,EQ,INE617A01013,SEMAC CONSTRUCTION LTD,329.0,329.0,275.0,295.3,301.65,-2.11,6546,1933033.72
2025-12-09,SENCO,EQ,INE602W01027,SENCO GOLD LIMITED,310.45,315.0,301.2,312.35,312.35,0.0,411299,128469245.16
2025-12-09,SENORES,EQ,INE0RB801010,SENORES PHARMACEUTICALS L,740.0,784.65,738.1,770.75,752.65,2.4,273652,210917279.0
2025-12-09,SENSEXADD,EQ,INF740KA1SZ6,DSPAMC - DSPSENXETF,86.86,87.01,86.32,86.61,87.02,-0.47,354,30659.94
2025-12-09,SENSEXAXIS,EQ,INF846K010Q0,AXISAMC-SENSEXAXIS,87.8,87.98,86.9,87.4,87.54,-0.16,1173,102520.2
2025-12-09,SENSEXETF,EQ,INF769K01KT9,MIRAEAMC - SENSEXETF,87.63,87.63,86.35,86.85,87.19,-0.39,23470,2038369.46
2025-12-09,SENSEXIETF,EQ,INF346A01034,ICICI PRUD SENSEX ETF,968.77,972.2,964.01,968.28,970.98,-0.28,40010,38740883.97
2025-12-09,SEPC,EQ,INE964H01014,SEPC LIMITED,8.9,8.97,8.51,8.9,8.92,-0.22,12135433,108005349.07
2025-12-09,SERVOTECH,EQ,INE782X01033,SERVOTECH REN POW SYS LTD,81.0,85.0,79.0,84.49,81.13,4.14,1064822,89966808.51
2025-12-09,SESHAPAPER,EQ,INE630A01024,SESHASAYEE PAPER & BOARDS,230.0,231.0,226.19,229.58,229.98,-0.17,10310,2366969.82
2025-12-09,SETF10GILT,EQ,INF200KA1JT1,SBIAMC - SETF10GILT,260.81,260.81,259.02,259.19,260.03,-0.32,6969,1806295.13
2025-12-09,SETFGOLD,EQ,INF200KA16D8,SBI-ETF GOLD,111.98,111.98,108.8,109.58,110.11,-0.48,6445559,706304367.02
2025-12-09,SETFNIF50,EQ,INF200KA1FS1,SBI-ETF NIFTY 50,277.58,277.58,275.06,276.43,277.75,-0.48,725118,200444363.43
2025-12-09,SETFNIFBK,EQ,INF200KA1580,SBI-ETF NIFTY BANK,603.98,607.25,603.18,605.71,606.36,-0.11,12282,7439330.49
2025-12-09,SETFNN50,EQ,INF200KA1598,SBI-ETF NIFTY NEXT 50,718.0,722.46,708.0,721.99,717.66,0.6,54621,39435815.26
2025-12-09,SETL,EQ,INE0M4D01010,STANDARD ENGNG TCNLGY LTD,150.85,154.9,143.99,151.87,149.74,1.42,241620,36694828.22
2025-12-09,SFL,EQ,INE916U01025,SHEELA FOAM LIMITED,586.0,594.6,578.25,589.3,588.65,0.11,66915,39433008.68
2025-12-09,SGFIN,EQ,INE618R01015,SG FINSERVE LIMITED,385.95,389.55,376.5,383.4,386.75,-0.87,93585,35880488.43
2025-12-09,SGIL,EQ,INE00QT01015,SYNERGY GREEN IND. LTD,554.9,554.9,540.0,548.85,553.05,-0.76,54407,29861280.62
2025-12-09,SGL,EQ,INE353H01010,STL GLOBAL LIMITED,13.1,13.6,12.43,12.94,12.89,0.39,7870,101837.8
2025-12-09,SGMART,EQ,INE385F01024,SG MART LIMITED,339.3,341.15,331.65,333.1,337.95,-1.44,83554,27831837.91
2025-12-09,SHAH,EQ,INE482J01021,SHAH METACORP LIMITED,4.27,4.33,4.1,4.17,4.23,-1.42,1103551,4601807.75
2025-12-09,SHAILY,EQ,INE151G01028,SHAILY ENG PLASTICS LTD,2445.0,2546.5,2425.8,2524.0,2448.0,3.1,187320,472795680.0
2025-12-09,SHAKTIPUMP,EQ,INE908D01010,SHAKTI PUMPS (I) LTD,575.0,582.2,556.15,572.15,574.2,-0.36,1222061,699202230.99
2025-12-09,SHALBY,EQ,INE597J01018,SHALBY LIMITED,191.1,194.99,186.75,193.3,192.2,0.57,122111,23604056.67
2025-12-09,SHANKARA,EQ,INE274V01019,SHANKARA BLDG PRODUCT LTD,112.0,114.9,109.32,113.45,112.3,1.02,56594,6420589.13
2025-12-09,SHANTI,EQ,INE933X01016,SHANTI OVERSEAS INDIA LTD,9.39,9.39,9.02,9.32,9.06,2.87,104502,973958.61
2025-12-09,SHANTIGEAR,EQ,INE631A01022,SHANTHI GEARS LTD,470.0,472.0,469.95,470.45,470.15,0.06,21790,10251105.77
2025-12-09,SHANTIGOLD,EQ,INE06ZD01017,SHANTI GOLD INTERNATION L,194.0,199.95,192.12,198.56,194.15,2.27,292889,58156039.12
2025-12-09,SHARDACROP,EQ,INE221J01015,SHARDA CROPCHEM LTD.,846.6,912.0,831.2,908.3,849.1,6.97,711560,646309939.31
2025-12-09,SHARDAMOTR,EQ,INE597I01028,SHARDA MOTOR INDS LTD,949.0,970.0,940.55,964.85,949.05,1.66,25349,24457982.03
2025-12-09,SHAREINDIA,EQ,INE932X01026,SHARE IND. SECURITIES LTD,150.0,163.0,148.81,162.28,152.6,6.34,534768,86782150.39
2025-12-09,SHARIABEES,EQ,INF732E01128,NIP IND ETF SHARIAH BEES,515.61,516.84,506.92,510.33,514.27,-0.77,8873,4528157.97
2025-12-09,SHILCTECH,EQ,INE024F01011,SHILCHAR TECHNOLOGIES LTD,3816.2,4050.0,3675.1,4008.5,3800.3,5.48,19285,77303922.5
2025-12-09,SHILPAMED,EQ,INE790G01031,SHILPA MEDICARE LTD,324.95,335.5,322.85,333.75,323.5,3.17,235057,78450273.75
2025-12-09,SHIVALIK,EQ,INE788J01021,SHIVALIK RASAYAN LIMITED,364.0,374.6,351.1,366.65,363.9,0.76,31177,11431046.86
2025-12-09,SHIVAMAUTO,EQ,INE637H01024,SHIVAM AUTO.LTD,26.89,27.16,25.8,26.26,26.61,-1.32,110767,2908741.45
2025-12-09,SHIVAMILLS,EQ,INE644Y01017,SHIVA MILLS LIMITED,63.94,63.94,60.0,62.28,60.3,3.28,3499,217917.72
2025-12-09,SHIVATEX,EQ,INE705C01020,SHIVA TEXYARN LIMITED,179.49,179.49,174.35,175.92,179.48,-1.98,8274,1455562.06
2025-12-09,SHIVAUM,EQ,INE719F01016,SHIV AUM STEELS LIMITED,282.0,282.0,282.0,282.0,282.0,0.0,0,0.0
2025-12-09,SHK,EQ,INE500L01026,S H KELKAR AND CO. LTD.,159.5,166.89,157.12,166.16,160.95,3.24,329814,54801895.45
2025-12-09,SHOPERSTOP,EQ,INE498B01024,SHOPPERS STOP LIMITED,398.0,413.2,398.0,410.6,400.5,2.52,47317,19428360.49
2025-12-09,SHRADHA,EQ,INE715Y01031,SHRADHA REALTY LIMITED,41.76,43.05,41.15,42.06,41.93,0.31,7771,326848.27
2025-12-09,SHREDIGCEM,EQ,INE232A01011,SHREE DIGVIJAY CEM CO LTD,90.11,90.4,89.8,90.12,90.13,-0.01,401413,36175340.66
2025-12-09,SHREECEM,EQ,INE070A01015,SHREE CEMENT LIMITED,26135.0,26350.0,25750.0,26100.0,26135.0,-0.13,117831,3075389100.0
2025-12-09,SHREEJISPG,EQ,INE1B6101010,SHREEJI SHIPPING GLOBAL L,323.05,340.75,315.25,334.05,325.1,2.75,1233065,411905348.2
2025-12-09,SHREEPUSHK,EQ,INE712K01011,SHRE PUSH CHEM & FERT LTD,378.45,392.0,368.15,388.1,378.5,2.54,67844,26330256.81
2025-12-09,SHREERAMA,EQ,INE879A01019,SHREE RAMA MULTI TECH LTD,48.46,48.99,46.15,46.61,48.47,-3.84,119404,5565420.51
2025-12-09,SHREYANIND,EQ,INE231C01019,SHREYANS INDUSTRIES LTD,173.0,177.97,169.4,174.02,174.07,-0.03,6294,1095281.91
2025-12-09,SHRINGARMS,EQ,INE1B3L01017,SHRINGAR HOU OF MANGALS L,204.0,209.4,199.05,207.9,205.1,1.37,978086,203344073.43
2025-12-09,SHRIPISTON,EQ,INE526E01018,SPR AUTO TECHNOLOGIES LTD,2999.8,3175.0,2961.0,3126.9,3044.5,2.71,830089,2595605213.04
2025-12-09,SHRIRAMFIN,EQ,INE721A01047,SHRIRAM FINANCE LIMITED,830.0,849.0,817.8,846.7,834.25,1.49,5737027,4857540830.93
2025-12-09,SHRIRAMPPS,EQ,INE217L01019,SHRIRAM PROPERTIES LTD,82.35,85.56,82.35,84.59,83.37,1.46,375109,31730468.94
2025-12-09,SHYAMMETL,EQ,INE810G01011,SHYAM METALICS AND ENGY L,798.15,824.3,776.4,816.45,799.8,2.08,166194,135689093.33
2025-12-09,SHYAMTEL,EQ,INE635A01023,SHYAM TELECOM LIMITED,13.44,13.45,12.2,12.5,12.36,1.13,7365,92062.5
2025-12-09,SIEMENS,EQ,INE003A01024,SIEMENS LTD,3200.0,3210.0,3125.0,3142.8,3204.2,-1.92,387788,1218740145.33
2025-12-09,SIGACHI,EQ,INE0D0K01022,SIGACHI INDUSTRIES LTD,33.8,36.36,33.08,34.66,33.95,2.09,3372682,116897157.61
2025-12-09,SIGMA,EQ,INE0A0S01028,SIGMA SOLVE LIMITED,49.5,51.9,49.0,50.25,50.15,0.2,40982,2059345.5
2025-12-09,SIGNATURE,EQ,INE903U01023,SIGNATUREGLOBAL INDIA LTD,1111.0,1123.8,1100.1,1118.4,1111.4,0.63,261640,292618182.39
2025-12-09,SIGNPOST,EQ,INE0KGZ01021,SIGNPOST INDIA LIMITED,207.8,214.0,200.51,212.55,208.15,2.11,36932,7849896.71
2025-12-09,SIL,EQ,INE173A01025,STANDARD INDUSTRIES LTD.,16.4,16.4,15.85,16.15,16.14,0.06,18930,305719.49
2025-12-09,SILGO,EQ,INE01II01013,SILGO RETAIL LIMITED,73.65,73.8,71.65,71.9,72.6,-0.96,237113,17048425.06
2025-12-09,SILINV,EQ,INE923A01015,SIL INVESTMENTS LIMITED,515.55,523.9,503.05,521.85,515.55,1.22,1159,604824.12
2025-12-09,SILVER,EQ,INF209KB19F6,BIRLASLAMC - SILVER,178.32,186.43,175.24,178.62,178.32,0.17,1547738,276456954.0
2025-12-09,SILVER1,EQ,INF174KA1ZD3,KOTAKMAMC - KOTAKSILVE,173.45,174.04,170.34,173.2,173.46,-0.15,578439,100185633.03
2025-12-09,SILVERADD,EQ,INF740KA1ZQ0,DSPAMC - DSPSILVETF,17.29,17.29,16.96,17.29,17.23,0.35,5322110,92008638.25
2025-12-09,SILVERAG,EQ,INF769K01KG6,MIRAEAMC - MASILVER,173.98,174.98,171.33,174.69,173.98,0.41,463183,80913439.4
2025-12-09,SILVERAXIS,EQ,INF846K011K1,AXISAMC-SILVERAXIS,178.36,178.36,175.0,177.8,177.39,0.23,479311,85221497.26
2025-12-09,SILVERBEES,EQ,INF204KC1402,NIPPONAMC - NETFSILVER,170.84,171.5,168.33,171.11,170.84,0.16,31668039,5418718172.62
2025-12-09,SILVERBETA,EQ,INF789F1AYK6,UTIAMC-SILVERBETA,173.77,174.77,170.07,172.81,172.74,0.04,1266872,218928147.23
2025-12-09,SILVERCASE,EQ,INF0R8F01091,ZERODHAAMC - SILVERCASE,18.11,18.11,18.11,18.11,18.11,0.05,0,0.0
2025-12-09,SILVERIETF,EQ,INF109KC1Y56,ICICIPRAMC - ICICISILVE,174.5,182.63,174.5,178.78,178.18,0.34,5015170,896612086.48
2025-12-09,SILVERTUC,EQ,INE625X01026,SILVER TOUCH TECHNO LTD,720.0,744.0,708.15,740.25,726.05,1.96,94324,69823341.0
2025-12-09,SIMPLEXINF,EQ,INE059B01024,SIMPLEX INFRASTRUCTURES L,264.9,279.5,253.35,276.3,261.85,5.52,138002,38129950.92
2025-12-09,SINCLAIR,EQ,INE985A01022,SINCLAIRS HOTELS LIMITED,83.77,85.25,81.42,84.63,84.25,0.45,23080,1953260.34
2025-12-09,SINDHUTRAD,EQ,INE325D01025,SINDHU TRADE LINKS LTD,22.4,23.2,22.0,22.93,22.65,1.24,291635,6687190.64
2025-12-09,SINTERCOM,EQ,INE129Z01016,SINTERCOM INDIA LIMITED,112.2,115.95,111.97,115.07,116.0,-0.8,507,58340.49
2025-12-09,SIRCA,EQ,INE792Z01011,SIRCA PAINT INDIA LIMITED,470.15,474.75,465.8,469.9,469.6,0.06,248451,116747123.38
2025-12-09,SIS,EQ,INE285J01028,SIS LIMITED,325.75,329.0,321.05,328.05,325.8,0.69,26096,8560792.48
2025-12-09,SIYSIL,EQ,INE076B01028,SIYARAM SILK MILLS LTD,655.25,674.5,639.95,671.25,657.05,2.16,73894,49601347.5
2025-12-09,SJS,EQ,INE284S01014,SJS ENTERPRISES LIMITED,1653.0,1709.0,1629.8,1702.1,1661.3,2.46,155429,264555697.11
2025-12-09,SJVN,EQ,INE002L01015,SJVN LTD,71.25,77.2,70.0,73.8,71.24,3.59,5613560,414280745.13
2025-12-09,SKFINDIA,EQ,INE640A01023,SKF INDIA LTD,1805.1,1825.1,1785.0,1810.0,1805.1,0.27,63845,115559450.0
2025-12-09,SKFINDUS,EQ,INE2J8701016,SKF IND (INDUSTRIAL) LTD,2694.0,2755.0,2656.0,2702.3,2693.0,0.35,61495,166177941.5
2025-12-09,SKIPPER,EQ,INE439E01022,SKIPPER LIMITED,434.3,442.0,424.5,438.3,438.25,0.01,176901,77535706.14
2025-12-09,SKMEGGPROD,EQ,INE411D01023,SKM EGG PROD EXPORT(I) LT,191.45,209.5,186.25,206.52,192.15,7.48,282442,58331332.33
2025-12-09,SKYGOLD,EQ,INE01IU01018,SKY GOLD AND DIAMONDS LTD,323.0,331.0,309.9,327.05,324.8,0.69,581512,190183492.5
2025-12-09,SMALLCAP,EQ,INF769K01LC3,MIRAEAMC - SMALLCAP,43.07,43.55,42.31,43.44,43.06,0.88,4155006,180493454.93
2025-12-09,SMARTWORKS,EQ,INE0NAZ01010,SMARTWORKS COWORKING SP L,432.6,452.0,423.1,446.05,437.6,1.93,205873,91829649.14
2025-12-09,SMCGLOBAL,EQ,INE103C01036,SMC GLOBAL SECURITIES LTD,70.1,75.0,70.0,74.25,71.83,3.37,597361,44354054.25
2025-12-09,SML100CASE,EQ,INF0R8F01141,ZERODHAAMC - SML100CASE,9.73,9.73,9.73,9.73,9.62,1.16,0,0.0
2025-12-09,SMLMAH,EQ,INE294B01019,SML MAHINDRA LIMITED,3489.0,3639.7,3441.2,3639.7,3466.4,5.0,64650,235306601.84
2025-12-09,SMLT,EQ,INE017W01010,SARTHAK METALS LIMITED,87.0,91.18,86.4,89.08,88.32,0.86,9594,854633.54
2025-12-09,SMSPHARMA,EQ,INE812G01025,SMS PHARMACEUTICALS LTD.,318.95,330.0,312.0,326.6,319.85,2.11,439314,143479955.08
2025-12-09,SNOWMAN,EQ,INE734N01019,SNOWMAN LOGISTICS LTD.,40.2,41.21,39.76,41.0,40.36,1.59,182427,7479507.0
2025-12-09,SOBHA,EQ,INE671H01015,SOBHA LIMITED,1458.0,1470.9,1415.3,1426.5,1471.4,-3.05,536132,764792298.0
2025-12-09,SOFTTECH,EQ,INE728Z01015,SOFTTECH ENGINEERS LTD,317.4,337.2,310.1,317.45,311.45,1.93,10988,3488140.73
2025-12-09,SOLARA,EQ,INE624Z01016,SOLARA ACTIVE PHA SCI LTD,556.95,622.6,550.15,606.15,550.3,10.15,3824121,2317991037.51
2025-12-09,SOLARINDS,EQ,INE343H01029,SOLAR INDUSTRIES (I) LTD,12315.0,12616.0,12210.0,12588.0,12436.0,1.22,127407,1603799316.0
2025-12-09,SOLARWORLD,EQ,INE0TY101024,SOLARWORLD ENERGY SOL LTD,288.0,297.7,272.35,291.75,284.55,2.53,498508,145439709.0
2025-12-09,SOLEX,EQ,INE880Y01017,SOLEX ENERGY LIMITED,1456.2,1529.8,1422.7,1474.6,1456.2,1.26,58597,86407134.77
2025-12-09,SOMANYCERA,EQ,INE355A01028,SOMANY CERAMICS LIMITED,411.55,421.95,404.9,419.65,411.2,2.05,17729,7439974.74
2025-12-09,SOMATEX,EQ,INE314C01013,SOMA TEXTILES & INDUST LT,108.53,108.53,108.53,108.53,110.74,-2.0,1037,112545.61
2025-12-09,SOMICONVEY,EQ,INE323J01019,SOMI CONVEYOR BELT. LTD.,126.75,133.79,126.69,129.76,127.38,1.87,10532,1366632.26
2025-12-09,SONACOMS,EQ,INE073K01018,SONA BLW PRECISION FRGS L,485.0,487.15,476.0,479.15,486.35,-1.48,1515002,725913199.05
2025-12-09,SONATSOFTW,EQ,INE269A01021,SONATA SOFTWARE LTD,355.4,355.9,345.0,348.85,354.75,-1.66,493734,172239108.91
2025-12-09,SOTL,EQ,INE035D01020,SAVITA OIL TECHNOLO. LTD,352.75,370.6,346.5,367.5,352.75,4.18,20230,7434525.0
2025-12-09,SOUTHBANK,EQ,INE683A01023,THE SOUTH INDIAN BANK LTD,38.59,39.94,37.85,39.78,38.62,3.0,30514785,1213878110.05
2025-12-09,SOUTHWEST,EQ,INE980Y01015,SOUTH WEST PINNACLE LTD,195.65,205.0,188.0,198.94,195.65,1.68,86716,17251281.25
2025-12-09,SPAL,EQ,INE212I01016,S. P. APPARELS LIMITED,713.0,727.75,698.2,710.65,718.85,-1.14,56630,40244110.88
2025-12-09,SPANDANA,EQ,INE572J01011,SPANDANA SPHOORTY FIN LTD,250.0,258.6,247.9,257.15,252.35,1.9,178166,45815385.81
2025-12-09,SPARC,EQ,INE232I01014,SUN PHARMA ADV.RES.CO.LTD,141.0,144.24,136.9,142.19,139.95,1.6,7622773,1083882111.48
2025-12-09,SPCENET,EQ,INE970N01027,SPACENET ENTERS IND LTD,7.24,7.3,6.85,6.96,7.21,-3.47,306515,2133344.41
2025-12-09,SPENCERS,EQ,INE020801028,SPENCER S RETAIL LIMITED,40.91,41.51,39.86,41.13,40.21,2.29,84112,3459526.65
2025-12-09,SPIC,EQ,INE147A01011,SPIC LTD,79.42,80.98,78.13,80.4,79.78,0.78,660065,53069227.01
2025-12-09,SPLIL,EQ,INE978G01016,SPL INDUSTRIES LIMITED,37.09,38.39,36.88,37.09,37.27,-0.48,1936,71806.24
2025-12-09,SPLPETRO,EQ,INE663A01033,SUPREME PETROCHEM LIMITED,619.3,687.7,619.25,674.15,623.25,8.17,125945,84905824.82
2025-12-09,SPMLINFRA,EQ,INE937A01023,SPML INFRA LIMITED,181.5,185.95,177.0,181.12,186.29,-2.78,1252713,226891372.44
2025-12-09,SPORTKING,EQ,INE885H01029,SPORTKING INDIA LIMITED,85.2,88.11,84.19,87.11,86.48,0.73,103024,8974420.7
2025-12-09,SRD,EQ,INE01NE01012,SHANKAR LAL RAMPAL LTD,63.3,69.79,61.2,68.39,63.87,7.08,59066,4039523.7
2025-12-09,SRF,EQ,INE647A01010,SRF LTD,2830.0,2901.9,2808.7,2894.8,2831.9,2.22,336135,973043614.41
2025-12-09,SRGHFL,EQ,INE559N01010,SRG HOUSING FINANCE L,270.8,270.85,255.9,263.15,266.3,-1.18,464,122101.6
2025-12-09,SRHHYPOLTD,EQ,INE917H01012,SREE RAYALSEEMA HHP LTD.,483.55,497.95,475.05,488.65,478.85,2.05,14858,7260361.61
2025-12-09,SRM,EQ,INE0R6Z01013,SRM CONTRACTORS LIMITED,473.3,544.65,465.85,532.25,473.3,12.46,629427,335012520.75
2025-12-09,SSDL,EQ,INE0PQ101010,SARASWATI SAREE DEPOT LTD,78.0,79.7,77.05,78.73,78.48,0.32,21821,1717967.4
2025-12-09,SSWL,EQ,INE802C01033,STEEL STRIPS WHEELS LTD.,188.0,188.0,183.5,184.66,189.52,-2.56,1038790,191822965.2
2025-12-09,STANLEY,EQ,INE01A001028,STANLEY LIFESTYLES LTD,226.26,229.14,222.77,226.64,226.26,0.17,56972,12912134.05
2025-12-09,STAR,EQ,INE939A01011,STRIDES PHARMA SCI LTD,858.5,896.45,836.75,891.25,862.55,3.33,471997,420667326.25
2025-12-09,STARCEMENT,EQ,INE460H01021,STAR CEMENT LIMITED,216.0,221.0,214.55,220.47,217.99,1.14,106934,23575739.11
2025-12-09,STARHEALTH,EQ,INE575P01011,STAR HEALTH & AL INS CO L,461.7,471.9,456.55,470.4,461.7,1.88,999170,470009561.9
2025-12-09,STARPAPER,EQ,INE733A01018,STAR PAPER MILLS LTD,160.02,163.79,160.02,161.93,161.67,0.16,3391,549104.61
2025-12-09,STARTECK,EQ,INE992I01013,STARTECK FINANCE LIMITED,277.05,297.85,263.95,290.55,268.65,8.15,10939,3178326.32
2025-12-09,STCINDIA,EQ,INE655A01013,THE STATE TRADING CORPN,106.85,111.99,105.0,109.68,106.85,2.65,50015,5485645.22
2025-12-09,STEELCAS,EQ,INE124E01038,STEELCAST LIMITED,211.9,219.0,207.4,216.04,213.88,1.01,55998,12097807.54
2025-12-09,STEELCITY,EQ,INE395H01011,STEEL CITY SECURITIES LTD,99.79,99.99,98.44,99.35,98.44,0.92,23491,2333830.81
2025-12-09,STEELXIND,EQ,INE503B01021,STEEL EXCHANGE INDIA LTD,8.34,8.48,8.12,8.35,8.35,0.0,772846,6453264.39
2025-12-09,STEL,EQ,INE577L01016,STEL HOLDINGS LIMITED,552.2,553.0,533.0,549.9,552.2,-0.42,13973,7683753.04
2025-12-09,STLNETWORK,EQ,INE1VXE01018,STL NETWORKS LIMITED,21.67,21.96,21.35,21.49,21.79,-1.38,1616546,34739573.17
2025-12-09,STOVEKRAFT,EQ,INE00IN01015,STOVE KRAFT LIMITED,569.0,591.7,556.0,588.75,569.4,3.4,86447,50895671.25
2025-12-09,STUDDS,EQ,INE00Q601028,STUDDS ACCESSORIES LTD,522.9,522.9,503.0,518.35,523.0,-0.89,242420,125658401.08
2025-12-09,STYL,EQ,INE04VU01023,SESHAASAI TECHNOLOGIES L,293.2,299.45,290.2,296.75,297.8,-0.35,68285,20263573.75
2025-12-09,STYLAMIND,EQ,INE239C01020,STYLAM INDUSTRIES LIMITED,2100.0,2164.0,2075.1,2141.2,2103.0,1.82,50719,108599520.32
2025-12-09,STYLEBAAZA,EQ,INE01FR01028,BAAZAR STYLE RETAIL LTD,263.6,287.8,257.5,284.65,264.25,7.72,371761,105821766.38
2025-12-09,STYRENIX,EQ,INE189B01011,STYRENIX PERFORMANCE LTD,2018.0,2100.0,2004.1,2084.4,2029.8,2.69,26945,56164155.37
2025-12-09,SUBEXLTD,EQ,INE754A01055,SUBEX LTD,11.42,11.9,11.21,11.8,11.45,3.06,1002001,11823611.99
2025-12-09,SUBROS,EQ,INE287B01021,SUBROS LIMITED,844.0,857.0,826.65,851.8,845.7,0.72,54979,46831111.53
2025-12-09,SUDARCOLOR,EQ,INE492A01029,SUDARSHAN COLORNT IND LTD,440.9,448.8,432.0,438.7,440.7,-0.45,5004,2195254.86
2025-12-09,SUDARSCHEM,EQ,INE659A01023,SUDARSHAN CHEMICAL INDS L,962.9,990.5,944.0,979.2,974.3,0.5,189518,185576027.91
2025-12-09,SUDEEPPHRM,EQ,INE0QPI01025,SUDEEP PHARMA LIMITED,650.85,678.85,631.45,670.1,651.0,2.93,1341760,899113343.24
2025-12-09,SUKHJITS,EQ,INE450E01029,SUKHJIT STARCH & CHEM LTD,151.65,151.65,145.0,150.77,147.71,2.07,4672,704397.46
2025-12-09,SULA,EQ,INE142Q01026,SULA VINEYARDS LIMITED,216.1,222.6,213.1,218.33,218.13,0.09,334339,72996234.48
2025-12-09,SUMEETINDS,EQ,INE235C01036,SUMEET IND LIMITED,29.3,30.6,27.93,30.24,29.4,2.86,113109,3420416.13
2025-12-09,SUMICHEM,EQ,INE258G01013,SUMITOMO CHEM INDIA LTD,450.0,460.35,447.0,454.5,452.35,0.48,198502,90219159.0
2025-12-09,SUMIT,EQ,INE748Z01013,SUMIT WOODS LIMITED,71.92,73.89,68.7,70.7,71.92,-1.7,40081,2833726.58
2025-12-09,SUMMITSEC,EQ,INE519C01017,SUMMIT SECURITIES LTD,1970.9,1970.9,1876.2,1941.4,1941.8,-0.02,10691,20755507.66
2025-12-09,SUNCLAY,EQ,INE0Q3R01026,SUNDARAM CLAYTON LIMITED,1195.1,1232.9,1182.0,1226.1,1199.4,2.23,12667,15531008.39
2025-12-09,SUNDARAM,EQ,INE108E01023,SUNDARAM MULTI PAP LTD,1.7,1.83,1.68,1.76,1.7,3.53,830521,1461716.95
2025-12-09,SUNDARMFIN,EQ,INE660A01013,SUNDARAM FINANCE LTD,4719.8,4777.0,4637.9,4722.8,4719.2,0.08,68086,321556547.5
2025-12-09,SUNDRMFAST,EQ,INE387A01021,SUNDRAM FASTENERS LTD,916.6,945.95,906.6,939.65,922.7,1.84,91678,86145234.94
2025-12-09,SUNDROP,EQ,INE209A01019,SUNDROP BRANDS LIMITED,715.05,735.9,700.05,734.0,718.6,2.14,10807,7932338.0
2025-12-09,SUNFLAG,EQ,INE947A01014,SUNFLAG IRON AND STEEL CO,248.85,258.0,248.15,256.15,248.85,2.93,113863,29166006.76
2025-12-09,SUNPHARMA,EQ,INE044A01036,SUN PHARMACEUTICAL IND L,1796.0,1801.2,1772.0,1776.0,1796.2,-1.12,2401728,4265468928.0
2025-12-09,SUNTECK,EQ,INE805D01034,SUNTECK REALTY LIMITED,402.0,407.25,395.0,404.35,406.3,-0.48,92959,37587972.22
2025-12-09,SUNTV,EQ,INE424H01027,SUN TV NETWORK LIMITED,541.85,562.35,533.8,557.25,546.55,1.96,290080,161647080.0
2025-12-09,SUPERHOUSE,EQ,INE712B01010,SUPERHOUSE LIMITED,147.75,149.49,140.16,149.49,147.86,1.1,3212,480161.9
2025-12-09,SUPRAJIT,EQ,INE399C01030,SUPRAJIT ENGINEERING LTD,445.0,461.3,442.75,459.1,447.9,2.5,57512,26403759.55
2025-12-09,SUPREME,EQ,INE822E01011,SUPREME HOLDIN N HOSP I L,81.48,82.9,80.1,81.91,81.41,0.61,11059,905842.73
2025-12-09,SUPREMEIND,EQ,INE195A01028,SUPREME INDUSTRIES LTD,3348.0,3348.4,3301.4,3329.6,3348.4,-0.56,77489,258007381.97
2025-12-09,SUPREMEINF,EQ,INE550H01011,SUPREME INFRA. LTD.,81.0,85.39,81.0,84.99,83.57,1.7,4563,387809.36
2025-12-09,SUPRIYA,EQ,INE07RO01027,SUPRIYA LIFESCIENCE LTD,720.0,744.4,706.85,739.95,720.55,2.69,128861,95350698.52
2025-12-09,SURAJEST,EQ,INE843S01025,SURAJ ESTATE DEVELOPERS L,262.2,269.8,256.35,266.1,265.1,0.38,193084,51379653.58
2025-12-09,SURAJLTD,EQ,INE713C01016,SURAJ LIMITED,252.5,268.0,252.5,266.9,264.1,1.06,1125,300262.49
2025-12-09,SURAKSHA,EQ,INE877V01027,SURAKSHA DIAGNOSTIC LTD,272.25,280.0,268.0,278.55,272.75,2.13,25393,7073219.84
2025-12-09,SURANASOL,EQ,INE272L01022,SURANA SOLAR LIMITED,26.25,27.58,26.25,26.77,26.36,1.56,81427,2179800.83
2025-12-09,SURANAT&P,EQ,INE130B01031,SURANA TELECOM AND POW LT,19.12,19.9,19.12,19.59,19.6,-0.05,69564,1362758.77
2025-12-09,SURYALAXMI,EQ,INE713B01026,SURYALAKSHMI COT MIL LTD,56.1,58.5,54.75,57.98,57.44,0.94,10909,632503.82
2025-12-09,SURYAROSNI,EQ,INE335A01020,SURYA ROSHNI LTD,250.3,253.6,246.0,251.9,251.25,0.26,356614,89831064.42
2025-12-09,SURYODAY,EQ,INE428Q01011,SURYODAY SMALL FIN BK LTD,132.0,137.5,130.02,133.85,133.69,0.12,237511,31790848.8
2025-12-09,SUVEN,EQ,INE495B01038,SUVEN LIFE SCIENCES LTD,164.45,169.5,160.53,168.29,164.64,2.22,156430,26325603.65
2025-12-09,SUVIDHAA,EQ,INE018401013,SUVIDHAA INFOSERVE LTD,3.69,3.79,3.57,3.68,3.7,-0.54,85815,315799.21
2025-12-09,SUYOG,EQ,INE442P01014,SUYOG TELEMATICS LIMITED,590.0,603.0,585.55,596.55,601.95,-0.9,61545,36714669.0
2025-12-09,SUZLON,EQ,INE040H01021,SUZLON ENERGY LIMITED,51.99,52.77,51.0,52.55,51.78,1.49,64804664,3405485043.76
2025-12-09,SVLL,EQ,INE00CE01017,SHREE VASU LOGISTICS LTD,672.2,707.0,652.0,667.0,677.85,-1.6,1183,789061.0
2025-12-09,SVPGLOB,EQ,INE308E01029,SVP GLOBAL TEXTILES LTD,4.79,4.79,4.79,4.79,5.04,-4.96,99029,474348.91
2025-12-09,SWANCORP,EQ,INE665A01038,SWAN CORP LIMITED,440.0,459.25,435.1,455.0,444.0,2.48,973986,443163630.0
2025-12-09,SWARAJENG,EQ,INE277A01016,SWARAJ ENGINES LTD,3625.0,3710.0,3575.0,3691.9,3648.4,1.19,13671,50471963.56
2025-12-09,SWELECTES,EQ,INE409B01013,SWELECT ENERGY SYS LTD,601.6,641.95,601.5,633.7,608.85,4.08,26039,16500914.62
2025-12-09,SWIGGY,EQ,INE00H001014,SWIGGY LIMITED,384.0,400.0,380.15,398.05,385.9,3.15,8414782,3349503872.38
2025-12-09,SWSOLAR,EQ,INE00M201021,STRLNG & WIL REN ENE LTD,202.8,208.31,197.64,206.71,203.3,1.68,2619946,541569055.25
2025-12-09,SYMPHONY,EQ,INE225D01027,SYMPHONY LIMITED,880.0,894.5,855.05,890.35,878.8,1.31,79530,70809533.56
2025-12-09,SYNCOMF,EQ,INE312C01025,SYNCOM FORMU (I) LTD,14.71,15.25,14.54,15.15,14.85,2.02,1551119,23499452.26
2025-12-09,SYNGENE,EQ,INE398R01022,SYNGENE INTERNATIONAL LTD,628.0,635.0,623.65,627.15,632.15,-0.79,194493,121976289.7
2025-12-09,SYRMA,EQ,INE0DYJ01015,SYRMA SGS TECHNOLOGY LTD,726.5,762.7,715.0,757.3,728.9,3.9,1807427,1368764445.04
2025-12-09,TAINWALCHM,EQ,INE123C01018,TAINWALA CHEMICAL AND PLA,160.5,165.99,160.5,161.16,164.79,-2.2,3848,620143.69
2025-12-09,TAJGVK,EQ,INE586B01026,TAJ GVK HOTELS & RESORTS,376.0,385.25,372.5,382.8,376.55,1.66,124156,47526915.28
2025-12-09,TAKE,EQ,INE142I01023,TAKE LIMITED,33.71,33.99,33.65,33.69,33.61,0.24,1461759,49246658.7
2025-12-09,TALBROAUTO,EQ,INE187D01029,TALBROS AUTO. COMP. LTD,278.6,285.45,269.85,281.15,280.0,0.41,103506,29100711.27
2025-12-09,TANLA,EQ,INE483C01032,TANLA PLATFORMS LIMITED,532.7,558.0,522.75,551.25,533.9,3.25,488981,269550776.25
2025-12-09,TARACHAND,EQ,INE555Z01020,TARA CHAND INFRA SOLN LTD,72.99,73.2,69.41,72.32,71.66,0.92,213256,15422673.85
2025-12-09,TARAPUR,EQ,INE747K01017,TARAPUR TRANSFORMERS LTD,28.79,29.33,27.92,28.65,29.38,-2.48,37032,1060966.79
2025-12-09,TARC,EQ,INE0EK901012,TARC LIMITED,143.0,146.01,139.0,145.2,145.16,0.03,802865,116575995.55
2025-12-09,TARIL,EQ,INE763I01026,TRANS & RECTI. LTD,240.75,248.45,232.3,245.3,240.25,2.1,3529226,865719148.57
2025-12-09,TARMAT,EQ,INE924H01018,TARMAT LIMITED,52.48,53.9,51.61,53.2,52.52,1.29,15001,798053.21
2025-12-09,TARSONS,EQ,INE144Z01023,TARSONS PRODUCTS LIMITED,220.0,229.04,218.2,226.98,220.7,2.85,189362,42981385.95
2025-12-09,TASTYBITE,EQ,INE488B01017,TASTY BITE EATABLES LTD,8048.0,8159.5,7917.0,8114.0,7993.0,1.51,694,5631116.0
2025-12-09,TATACAP,EQ,INE976I01016,TATA CAPITAL LIMITED,323.05,327.05,320.15,326.6,323.0,1.11,1778391,580822511.45
2025-12-09,TATACHEM,EQ,INE092A01019,TATA CHEMICALS LTD,762.4,763.2,747.0,749.4,762.95,-1.78,636614,477078547.14
2025-12-09,TATACOMM,EQ,INE151A01013,TATA COMMUNICATIONS LTD,1810.2,1823.5,1781.1,1806.4,1811.8,-0.3,301851,545263653.77
2025-12-09,TATACONSUM,EQ,INE192A01025,TATA CONSUMER PRODUCT LTD,1140.6,1151.1,1131.9,1146.7,1145.8,0.08,851746,976697096.61
2025-12-09,TATAELXSI,EQ,INE670A01012,TATA ELXSI LIMITED,5034.0,5035.0,4948.0,4979.5,5034.5,-1.09,146223,728117428.5
2025-12-09,TATAGOLD,EQ,INF277KA1976,TATAAML-TATAGOLD,12.51,12.7,12.39,12.47,12.51,-0.32,37461241,467141685.27
2025-12-09,TATAINVEST,EQ,INE672A01026,TATA INVESTMENT CORP LTD,719.8,723.95,704.55,717.35,716.45,0.13,630809,452510820.75
2025-12-09,TATAPOWER,EQ,INE245A01021,TATA POWER CO LTD,373.5,378.35,369.8,376.25,374.15,0.56,2822828,1062089035.0
2025-12-09,TATASTEEL,EQ,INE081A01020,TATA STEEL LIMITED,163.39,163.39,160.06,160.67,163.47,-1.71,25766371,4139882781.39
2025-12-09,TATATECH,EQ,INE142M01025,TATA TECHNOLOGIES LIMITED,650.1,655.55,641.0,652.1,650.85,0.19,528621,344713741.19
2025-12-09,TATSILV,EQ,INF277KA1984,TATAAML-TATSILV,17.39,17.51,17.12,17.4,17.39,0.06,42677710,742592137.72
2025-12-09,TATVA,EQ,INE0GK401011,TATVA CHIN PHARM CHEM LTD,1373.5,1459.5,1323.0,1452.7,1368.7,6.14,161127,234069185.03
2025-12-09,TBOTEK,EQ,INE673O01025,TBO TEK LIMITED,1587.0,1680.0,1582.5,1653.8,1605.8,2.99,78676,130114372.64
2025-12-09,TBZ,EQ,INE760L01018,TRIB BHIMJI ZAVERI LTD,162.1,166.0,159.0,163.11,163.85,-0.45,210334,34307578.87
2025-12-09,TCI,EQ,INE688A01022,TRANSPORT CORPN OF INDIA,1044.3,1056.2,1030.1,1049.4,1042.7,0.64,14270,14974938.35
2025-12-09,TCIEXP,EQ,INE586V01016,TCI EXPRESS LIMITED,565.0,570.0,550.05,566.2,569.35,-0.55,34731,19664692.62
2025-12-09,TCIFINANCE,EQ,INE911B01018,TCI FINANCE LTD,10.52,11.39,10.52,11.07,11.14,-0.63,4365,48320.55
2025-12-09,TCPLPACK,EQ,INE822C01015,TCPL PACKAGING LIMITED,3020.0,3085.8,3003.1,3045.3,3046.2,-0.03,2525,7689382.62
2025-12-09,TCS,EQ,INE467B01029,TATA CONSULTANCY SERV LT,3230.0,3233.7,3181.2,3208.3,3236.5,-0.87,2734893,8774357345.44
2025-12-09,TDPOWERSYS,EQ,INE419M01035,TD POWER SYSTEMS LTD.,335.55,352.5,330.38,346.85,337.4,2.8,1636798,567723396.29
2025-12-09,TEAMGTY,EQ,INE289C01025,TEAM INDIA GUARANTY LTD,304.85,304.85,288.05,291.55,312.0,-6.55,20825,6071528.5
2025-12-09,TEAMLEASE,EQ,INE985S01024,TEAMLEASE SERVICES LTD.,1611.0,1641.5,1579.9,1618.2,1612.9,0.33,47497,76859643.08
2025-12-09,TECH,EQ,INF209KB11D8,BIRLASLAMC - TECH,42.0,42.45,40.88,41.02,41.46,-1.06,26409,1083297.19
2025-12-09,TECHM,EQ,INE669C01036,TECH MAHINDRA LIMITED,1579.1,1586.0,1559.0,1561.6,1591.8,-1.9,1533609,2394883776.96
2025-12-09,TECHNOE,EQ,INE285K01026,TECHNO ELEC & ENG CO. LTD,1050.0,1102.4,1049.0,1093.2,1062.6,2.88,235555,257508714.5
2025-12-09,TECILCHEM,EQ,INE014B01011,TECIL CHEMICALS,19.94,19.94,18.03,18.11,19.46,-6.94,2864,51867.04
2025-12-09,TEGA,EQ,INE011K01018,TEGA INDUSTRIES LIMITED,1870.0,1888.0,1862.0,1881.6,1881.0,0.03,56564,106430821.02
2025-12-09,TEJASNET,EQ,INE010J01012,TEJAS NETWORKS LIMITED,472.15,475.95,456.05,469.8,472.15,-0.5,922634,433453441.94
2025-12-09,TEMBO,EQ,INE869Y01028,TEMBO GLOBAL IND LTD,70.62,72.01,68.01,71.13,70.62,0.72,409130,29101415.78
2025-12-09,TENNIND,EQ,INE19RI01016,TENNECO CLEAN AIR INDIA L,485.0,499.85,477.9,491.65,491.35,0.06,1990862,978807290.15
2025-12-09,TERASOFT,EQ,INE482B01010,TERA SOFTWARE LIMITED,465.2,490.85,444.15,487.65,467.5,4.31,28281,13791229.48
2025-12-09,TEXINFRA,EQ,INE435C01024,TEXMACO INFRA & HOLDG LTD,102.9,104.5,100.25,103.87,103.96,-0.09,95403,9909509.87
2025-12-09,TEXMOPIPES,EQ,INE141K01013,TEXMO PIPE & PRODUCTS LTD,46.91,48.68,46.6,48.12,47.62,1.05,20073,965912.74
2025-12-09,TEXRAIL,EQ,INE621L01012,TEXMACO RAIL & ENG. LTD.,117.78,129.75,116.0,128.86,117.7,9.48,3519627,453539137.37
2025-12-09,TFCILTD,EQ,INE305A01023,TOURISM FINANCE CORP. OF,63.1,66.2,62.52,65.55,63.36,3.46,9840238,645027630.93
2025-12-09,TFL,EQ,INE804H01012,TRANSWARRANTY FIN. LTD.,14.65,14.65,13.25,14.04,14.29,-1.75,27502,386128.08
2025-12-09,TGBHOTELS,EQ,INE797H01018,TGB BANQUETS&HOTELS LTD,9.71,10.2,9.61,9.95,9.79,1.63,21372,212651.4
2025-12-09,THANGAMAYL,EQ,INE085J01014,THANGAMAYIL JEWELLERY LTD,3131.0,3295.0,3090.4,3252.9,3157.8,3.01,300393,977148360.36
2025-12-09,THEINVEST,EQ,INE924D01017,THE INVEST TRUST OF IND L,119.94,119.94,115.0,116.13,118.76,-2.21,4900,569036.99
2025-12-09,THEJO,EQ,INE121N01019,THEJO ENGINEERING LIMITED,1609.9,1646.0,1589.6,1640.1,1622.6,1.08,8967,14706776.48
2025-12-09,THELEELA,EQ,INE0AQ201015,LEELA PALACES HOTEL LTD,389.65,399.0,384.5,391.95,389.65,0.59,93298,36568152.24
2025-12-09,THEMISMED,EQ,INE083B01024,THEMIS MEDICARE LTD.,101.9,106.9,99.11,104.51,101.1,3.37,112243,11730516.17
2025-12-09,THERMAX,EQ,INE152A01029,THERMAX LTD,2805.6,2892.4,2745.1,2833.7,2805.6,1.0,59508,168627816.69
2025-12-09,THOMASCOOK,EQ,INE332A01027,THOMAS COOK (INDIA) LTD,136.71,140.2,134.01,139.35,137.48,1.36,1128165,157209799.64
2025-12-09,THOMASCOTT,EQ,INE480M01011,THOMAS SCOTT (INDIA) LTD,330.25,347.95,330.25,341.4,333.55,2.35,25280,8630591.85
2025-12-09,THYROCARE,EQ,INE594H01019,THYROCARE TECH LTD,422.2,431.95,412.8,430.25,422.2,1.91,583020,250844355.0
2025-12-09,TI,EQ,INE133E01013,TILAKNAGAR INDUSTRIES LTD,437.9,460.0,430.1,457.25,438.6,4.25,1008287,461039230.75
2025-12-09,TIGERLOGS,EQ,INE906O01029,TIGER LOGISTICS (INDIA) L,36.61,38.5,36.61,38.21,36.79,3.86,54380,2077859.75
2025-12-09,TIIL,EQ,INE545H01011,TECHNOCRAFT IND LTD,2201.3,2220.0,2135.0,2163.3,2212.3,-2.21,15352,33210982.35
2025-12-09,TIINDIA,EQ,INE974X01010,TUBE INVEST OF INDIA LTD,2572.4,2665.1,2536.6,2655.4,2566.8,3.45,675085,1792620643.07
2025-12-09,TIMETECHNO,EQ,INE508G01029,TIME TECHNOPLAST LTD.,178.0,187.0,173.31,184.58,179.23,2.98,3184942,587876600.19
2025-12-09,TIMKEN,EQ,INE325A01013,TIMKEN INDIA LTD.,2985.0,3077.3,2940.1,3031.5,3015.3,0.54,58914,178597791.0
2025-12-09,TINNARUBR,EQ,INE015C01016,TINNA RUBBER AND INFR LTD,790.0,815.0,765.0,799.4,788.35,1.4,26961,21552624.06
2025-12-09,TIPSFILMS,EQ,INE0LQS01015,TIPS FILMS LIMITED,381.6,381.6,370.0,376.05,381.6,-1.45,6284,2363098.12
2025-12-09,TIPSMUSIC,EQ,INE716B01029,TIPS MUSIC LIMITED,513.6,542.5,505.6,534.1,517.2,3.27,171820,91769057.81
2025-12-09,TIRUMALCHM,EQ,INE338A01024,THIRUMALAI CHEMICALS LTD,214.57,225.75,209.25,222.77,217.33,2.5,324034,72185055.56
2025-12-09,TITAGARH,EQ,INE615H01020,TITAGARH RAIL SYSTEMS LTD,760.0,778.0,746.4,773.85,763.05,1.42,861124,666380786.38
2025-12-09,TITAN,EQ,INE280A01028,TITAN COMPANY LIMITED,3775.0,3874.0,3751.0,3849.0,3767.0,2.18,1121068,4314990732.0
2025-12-09,TMB,EQ,INE668A01016,TAMILNAD MERCA BANK LTD,513.0,515.95,503.15,509.35,513.0,-0.71,117875,60039631.97
2025-12-09,TMCV,EQ,INE1TAE01010,TATA MOTORS LIMITED,357.1,381.95,353.5,373.1,360.35,3.54,16119717,6014266511.09
2025-12-09,TMPV,EQ,INE155A01022,TATA MOTORS PASS VEH LTD,348.5,348.65,341.7,344.7,348.3,-1.03,9143402,3151730781.01
2025-12-09,TNIDETF,EQ,INF277KA1364,TATAAML - TNIDETF,100.64,100.64,97.88,98.83,99.16,-0.33,30293,2993857.25
2025-12-09,TNPETRO,EQ,INE148A01019,TAMILNADU PETROPRODUCTS L,101.2,106.06,99.0,105.56,101.73,3.76,256855,27113613.17
2025-12-09,TNPL,EQ,INE107A01015,TAMILNADU NEWSPRT & PAPER,136.0,140.94,134.0,140.42,136.11,3.17,56234,7896378.18
2025-12-09,TNTELE,EQ,INE141D01018,TAMILNADU TELECOMMUNICATI,10.38,10.38,9.81,9.9,10.11,-2.08,30133,298316.69
2025-12-09,TOKYOPLAST,EQ,INE932C01012,TOKYO PLAST INTL LTD,105.69,123.01,105.07,113.48,106.22,6.83,29886,3391463.38
2025-12-09,TOLINS,EQ,INE0RWQ01014,TOLINS TYRES LIMITED,133.97,136.6,128.0,135.52,133.15,1.78,184557,25011165.43
2025-12-09,TOP100CASE,EQ,INF0R8F01067,ZERODHAAMC - TOP100CASE,11.36,11.36,10.7,11.0,11.03,-0.27,691380,7605180.0
2025-12-09,TOP10ADD,EQ,INF740KA1UR9,DSPAMC - TOP10ADD,101.46,102.23,100.73,101.28,101.73,-0.44,315066,31909884.1
2025-12-09,TOP15IETF,EQ,INF109K1A344,ICICIPRAMC - TOP15IETF,11.0,11.0,11.0,11.0,11.05,-0.49,0,0.0
2025-12-09,TORNTPHARM,EQ,INE685A01028,TORRENT PHARMACEUTICALS L,3760.0,3778.6,3714.5,3763.9,3760.0,0.1,210622,792760125.23
2025-12-09,TORNTPOWER,EQ,INE813H01021,TORRENT POWER LTD,1250.0,1263.4,1231.7,1259.0,1255.1,0.31,249340,313919060.0
2025-12-09,TOUCHWOOD,EQ,INE486Y01013,TOUCHWOOD ENTERTAIN LTD.,103.0,104.89,99.2,102.54,102.03,0.5,1627,166832.58
2025-12-09,TPLPLASTEH,EQ,INE413G01022,TPL PLASTECH LIMITED,65.8,72.1,64.75,68.51,64.82,5.69,70663,4841122.28
2025-12-09,TRACXN,EQ,INE0HMF01019,TRACXN TECHNOLOGIES LTD,40.0,42.59,39.88,40.97,40.73,0.59,429361,17590920.69
2025-12-09,TRANSRAILL,EQ,INE454P01035,TRANSRAIL LIGHTING LTD,560.0,591.75,543.85,581.6,557.85,4.26,1426683,829758797.97
2025-12-09,TRAVELFOOD,EQ,INE103V01028,TRAVEL FOOD SERVICES LTD,1268.0,1294.7,1224.7,1276.1,1275.5,0.05,174524,222710072.14
2025-12-09,TREEHOUSE,EQ,INE040M01013,TREE HOUSE EDU LTD,8.2,8.55,8.06,8.08,8.17,-1.1,40393,326375.44
2025-12-09,TREJHARA,EQ,INE00CA01015,TREJHARA SOLUTIONS LTD,250.0,257.45,247.2,248.65,259.6,-4.22,11975,2977583.68
2025-12-09,TREL,EQ,INE0O3901029,TRANSINDIA REAL ESTATE L,25.25,25.42,23.91,24.74,24.56,0.73,171060,4232024.36
2025-12-09,TRENT,EQ,INE849A01020,TRENT LTD,4049.6,4118.1,3988.0,4085.4,4090.5,-0.12,1671211,6827565256.2
2025-12-09,TRF,EQ,INE391D01019,TRF LIMITED,282.0,292.0,272.25,290.15,282.0,2.89,14052,4077187.71
2025-12-09,TRIDENT,EQ,INE064C01022,TRIDENT LIMITED,27.0,27.85,26.65,27.7,27.11,2.18,3963306,109783579.22
2025-12-09,TRIGYN,EQ,INE948A01012,TRIGYN TECHNOLOGIES LTD,67.25,69.79,67.25,68.09,67.92,0.25,31521,2146264.77
2025-12-09,TRITURBINE,EQ,INE152M01016,TRIVENI TURBINE LIMITED,537.15,554.0,532.35,549.55,537.15,2.31,563199,309506003.58
2025-12-09,TRIVENI,EQ,INE256C01024,TRIVENI ENGG. & INDS. LTD,337.0,372.0,335.65,365.05,338.0,8.0,6123636,2235433247.05
2025-12-09,TRU,EQ,INE615R01029,TRUCAP FINANCE LIMITED,8.48,8.48,7.81,7.96,8.16,-2.45,262495,2089460.21
2025-12-09,TRUALT,EQ,INE0MWH01014,TRUALT BIOENERGY LIMITED,400.7,412.0,388.45,403.9,399.9,1.0,468679,189299445.24
2025-12-09,TSFINV,EQ,INE202Z01029,TSF INVESTMENTS LIMITED,463.15,475.9,451.9,474.4,463.15,2.43,108697,51565856.14
2025-12-09,TTKHLTCARE,EQ,INE910C01018,TTK HEALTHCARE LIMITED,1081.9,1088.0,1048.0,1079.6,1066.3,1.25,2493,2691442.74
2025-12-09,TTKPRESTIG,EQ,INE690A01028,TTK PRESTIGE LTD,638.75,641.0,622.75,630.6,633.55,-0.47,82712,52158185.18
2025-12-09,TTL,EQ,INE592B01024,T T LIMITED,8.85,8.9,8.4,8.75,8.68,0.81,46890,410287.5
2025-12-09,TTML,EQ,INE517B01013,TATA TELESERV(MAHARASTRA),45.95,54.78,45.66,53.77,45.65,17.79,115198841,6194241733.3
2025-12-09,TVSELECT,EQ,INE236G01019,TVS ELECTRONICS LTD,445.0,453.0,431.25,443.5,451.15,-1.7,45022,19967257.0
2025-12-09,TVSHLTD,EQ,INE105A01035,TVS HOLDINGS LIMITED,14350.0,14995.0,14222.0,14848.0,14421.0,2.96,7060,104826880.0
2025-12-09,TVSMOTOR,EQ,INE494B01023,TVS MOTOR COMPANY  LTD,3588.0,3622.4,3543.0,3614.5,3612.7,0.05,606495,2192176177.5
2025-12-09,TVSSCS,EQ,INE395N01027,TVS SUPPLY CHAIN SOL L,101.8,104.95,100.01,103.29,101.89,1.37,668810,69081385.51
2025-12-09,TVSSRICHAK,EQ,INE421C01016,TVS SRICHAKRA LIMITED,4410.0,4449.9,4325.4,4372.6,4486.5,-2.54,8870,38784962.87
2025-12-09,TVTODAY,EQ,INE038F01029,TV TODAY NETWORK LTD,133.06,134.09,130.57,132.52,133.06,-0.41,41113,5448294.94
2025-12-09,UBL,EQ,INE686F01025,UNITED BREWERIES LTD,1666.0,1682.9,1616.0,1659.4,1676.4,-1.01,415828,690024993.35
2025-12-09,UCOBANK,EQ,INE691A01018,UCO BANK,28.22,29.2,27.99,29.11,28.6,1.78,8735021,254276466.64
2025-12-09,UDS,EQ,INE851I01011,UPDATER SERVICES LIMITED,169.49,173.58,164.18,171.82,167.53,2.56,207323,35622239.38
2025-12-09,UEL,EQ,INE899L01030,UJAAS ENERGY LIMITED,157.66,157.66,157.66,157.66,157.66,0.0,0,0.0
2025-12-09,UFLEX,EQ,INE516A01017,UFLEX LIMITED,475.8,480.0,465.0,473.8,473.35,0.1,28680,13588583.65
2025-12-09,UFO,EQ,INE527H01019,UFO MOVIEZ INDIA LTD.,75.6,78.34,74.26,77.77,74.86,3.89,184239,14328266.41
2025-12-09,UGARSUGAR,EQ,INE071E01023,THE UGAR SUGAR WORKS LTD,41.0,41.29,40.1,41.16,40.74,1.03,71921,2960268.35
2025-12-09,UGROCAP,EQ,INE583D01011,UGRO CAPITAL LIMITED,170.0,172.19,168.18,170.18,170.17,0.01,271076,46131711.69
2025-12-09,UJJIVANSFB,EQ,INE551W01018,UJJIVAN SMALL FINANC BANK,51.3,53.03,50.0,52.44,51.94,0.96,13751099,721107612.68
2025-12-09,ULTRACEMCO,EQ,INE481G01011,ULTRATECH CEMENT LIMITED,11500.0,11525.0,11379.0,11414.0,11540.0,-1.09,274482,3132937548.0
2025-12-09,UMESLTD,EQ,INE240C01028,USHA MARTIN EDU & SOL LTD,4.85,5.09,4.85,4.95,4.96,-0.2,8845,43782.75
2025-12-09,UMIYA-MRO,EQ,INE398B01018,UMIYA BUILDCON LIMITED,85.2,87.56,81.63,86.4,86.77,-0.43,37748,3261427.26
2025-12-09,UNICHEMLAB,EQ,INE351A01035,UNICHEM LABORATORIES LTD,445.9,450.0,432.05,443.6,441.55,0.46,14892,6606091.29
2025-12-09,UNIDT,EQ,INE961D01019,UNITED DRILLING TOOLS LTD,193.24,195.99,190.25,193.76,193.43,0.17,7350,1424135.96
2025-12-09,UNIECOM,EQ,INE00U401027,UNICOMMERCE ESOLUTIONS L,116.35,118.7,114.12,117.94,118.11,-0.14,230217,27151793.54
2025-12-09,UNIENTER,EQ,INE037A01022,UNIPHOS ENTERPRISES LTD,139.0,139.0,132.15,136.19,136.43,-0.18,6076,827490.45
2025-12-09,UNIINFO,EQ,INE481Z01011,UNIINFO TELECOM SERVI LTD,16.1,16.75,16.1,16.65,16.31,2.08,1462,24342.3
2025-12-09,UNIMECH,EQ,INE0U3I01011,UNIMECH AEROSPACE N MFG L,928.75,980.0,928.75,973.0,942.0,3.29,58650,57066450.0
2025-12-09,UNIONBANK,EQ,INE692A01016,UNION BANK OF INDIA,147.45,150.75,145.87,150.43,148.36,1.4,13392204,2014589149.63
2025-12-09,UNIPARTS,EQ,INE244O01017,UNIPARTS INDIA LIMITED,467.05,484.0,457.95,482.75,465.0,3.82,68389,33014789.75
2025-12-09,UNITDSPR,EQ,INE854D01024,UNITED SPIRITS LIMITED,1425.0,1440.3,1410.2,1435.4,1429.4,0.42,404040,579959025.86
2025-12-09,UNITECH,EQ,INE694A01020,UNITECH LTD,5.99,6.04,5.8,5.96,5.99,-0.5,3779884,22528108.78
2025-12-09,UNITEDPOLY,EQ,INE368U01029,UNITED POLYFAB GUJ. LTD.,35.51,38.1,35.0,35.0,36.84,-4.99,105654,3697890.0
2025-12-09,UNITEDTEA,EQ,INE458F01011,UNITED NILGIRI TEA LTD,418.1,449.95,418.1,444.85,436.05,2.02,3467,1542294.97
2025-12-09,UNIVCABLES,EQ,INE279A01012,UNIVERSAL CABLES LTD,876.15,913.35,866.55,892.3,889.5,0.31,137424,122623433.52
2025-12-09,UNOMINDA,EQ,INE405E01023,UNO MINDA LIMITED,1251.1,1253.5,1228.1,1231.7,1258.2,-2.11,842281,1037437466.57
2025-12-09,UPL,EQ,INE628A01036,UPL LIMITED,740.0,741.65,729.6,739.7,739.85,-0.02,2172777,1607203173.42
2025-12-09,URBANCO,EQ,INE0CAZ01013,URBAN COMPANY LIMITED,127.11,130.53,125.28,129.5,126.88,2.06,2553485,330676307.5
2025-12-09,URJA,EQ,INE550C01020,URJA GLOBAL LIMITED,11.35,12.0,11.2,11.78,11.5,2.43,1160893,13675319.23
2025-12-09,USHAMART,EQ,INE228A01035,USHA MARTIN LTD.,418.1,439.6,411.35,435.05,417.35,4.24,428508,186422400.17
2025-12-09,USK,EQ,INE0N0Y01013,UDAYSHIVAKUMAR INFRA LTD,23.95,23.95,21.98,22.75,22.99,-1.04,79536,1809444.0
2025-12-09,UTIAMC,EQ,INE094J01016,UTI ASSET MNGMT CO LTD,1112.8,1123.0,1099.4,1120.6,1112.8,0.7,66844,74905384.77
2025-12-09,UTKARSHBNK,EQ,INE735W01017,UTKARSH SMALL FIN BANK L,14.56,15.18,14.0,15.0,14.44,3.88,18105025,271575375.0
2025-12-09,UTLSOLAR,EQ,INE12UR01024,FUJIYAMA POWER SYSTEMS L,205.78,209.99,198.4,203.57,199.93,1.82,4239953,863127263.26
2025-12-09,UTTAMSUGAR,EQ,INE786F01031,UTTAM SUGAR MILLS LTD.,220.0,222.85,213.65,221.97,221.18,0.36,31481,6987837.61
2025-12-09,V2RETAIL,EQ,INE945H01021,V2 RETAIL LIMITED,215.0,225.7,212.5,223.03,217.74,2.43,987680,220282269.19
2025-12-09,VADILALIND,EQ,INE694D01016,VADILAL INDUSTRIES LTD,5161.0,5250.0,5118.5,5244.5,5189.5,1.06,3902,20464039.0
2025-12-09,VAIBHAVGBL,EQ,INE884A01027,VAIBHAV GLOBAL LIMITED,227.0,238.26,225.1,236.7,228.46,3.61,348659,82527584.24
2025-12-09,VAISHALI,EQ,INE972X01022,VAISHALI PHARMA LIMITED,8.68,8.68,7.82,8.18,8.35,-2.04,188450,1541521.06
2025-12-09,VAKRANGEE,EQ,INE051B01021,VAKRANGEE LIMITED,7.88,7.88,7.62,7.82,7.88,-0.76,2043395,15979349.25
2025-12-09,VAL30IETF,EQ,INF109KC16X5,ICICIPRAMC - VAL30IETF,14.08,14.16,13.85,14.06,14.04,0.14,56445,793616.72
2025-12-09,VARDMNPOLY,EQ,INE835A01029,VARDHMAN POLYTEX LTD.,6.2,6.39,6.02,6.19,6.07,1.98,302687,1873632.55
2025-12-09,VARROC,EQ,INE665L01035,VARROC ENGINEERING LTD.,618.0,643.35,610.4,637.7,621.65,2.58,204437,130369477.4
2025-12-09,VASCONEQ,EQ,INE893I01013,VASCON ENGINEERS LTD,44.81,46.45,43.7,46.06,44.91,2.56,1547886,71295631.29
2025-12-09,VASWANI,EQ,INE590L01019,VASWANI IND LTD,52.01,53.98,51.5,53.68,51.85,3.53,35181,1888516.09
2025-12-09,VBL,EQ,INE200M01039,VARUN BEVERAGES LIMITED,464.5,473.0,457.4,471.55,469.8,0.37,5508110,2597349203.26
2025-12-09,VEDL,EQ,INE205A01025,VEDANTA LIMITED,509.9,517.6,502.35,516.15,511.25,0.96,7594795,3920053624.67
2025-12-09,VEEDOL,EQ,INE484C01030,VEEDOL CORPORATION LTD,1555.0,1615.3,1554.5,1598.9,1573.7,1.6,7730,12359497.19
2025-12-09,VENKEYS,EQ,INE398A01010,VENKY S (INDIA) LIMITED,1360.9,1403.4,1352.8,1396.2,1358.9,2.74,68582,95754185.05
2025-12-09,VENTIVE,EQ,INE781S01027,VENTIVE HOSPITALITY LTD,711.0,718.9,699.6,707.6,713.55,-0.83,76576,54185175.73
2025-12-09,VENUSPIPES,EQ,INE0JA001018,VENUS PIPES & TUBES LTD,1211.6,1239.5,1197.1,1231.7,1211.6,1.66,49784,61318950.37
2025-12-09,VERANDA,EQ,INE0IQ001011,VERANDA LEARNING SOL LTD,198.24,200.4,193.7,194.38,199.23,-2.43,269002,52288610.07
2025-12-09,VERTOZ,EQ,INE188Y01031,VERTOZ LIMITED,71.93,72.55,70.55,71.96,71.93,0.04,206826,14883198.77
2025-12-09,VESUVIUS,EQ,INE386A01023,VESUVIUS INDIA LTD,476.9,486.4,469.3,481.55,477.15,0.92,49373,23775567.55
2025-12-09,VGL,EQ,INE273D01027,VARVEE GLOBAL LIMITED,68.47,69.89,66.56,68.98,68.13,1.25,162372,11200421.11
2025-12-09,VGUARD,EQ,INE951I01027,V-GUARD IND LTD.,337.8,339.8,327.6,337.35,336.05,0.39,151119,50979995.57
2025-12-09,VHL,EQ,INE701A01023,VARDHMAN HOLDINGS LIMITED,3430.0,3549.9,3430.0,3533.3,3497.6,1.02,565,1996314.53
2025-12-09,VIDHIING,EQ,INE632C01026,VIDHI SPCLTY F INGRDNTS L,330.05,364.8,328.05,344.2,333.25,3.29,379837,130739900.04
2025-12-09,VIJAYA,EQ,INE043W01024,VIJAYA DIAGNOSTIC CEN LTD,1015.0,1042.4,1001.05,1030.6,1015.65,1.47,202801,209006705.65
2025-12-09,VIKASECO,EQ,INE806A01020,VIKAS ECOTECH LIMITED,1.58,1.61,1.52,1.59,1.58,0.63,2486281,3953186.87
2025-12-09,VIKASLIFE,EQ,INE161L01027,VIKAS LIFECARE LIMITED,1.78,1.85,1.74,1.83,1.78,2.81,2838884,5195157.84
2025-12-09,VIKRAMSOLR,EQ,INE078V01014,VIKRAM SOLAR LIMITED,233.15,238.2,228.1,234.95,236.15,-0.51,1739614,408722303.99
2025-12-09,VIKRAN,EQ,INE01R501028,VIKRAN ENGINEERING LTD,92.0,95.54,90.38,94.62,92.41,2.39,3951291,373871165.27
2025-12-09,VIMTALABS,EQ,INE579C01029,VIMTA LABS LIMITED,590.3,600.0,577.0,597.7,592.35,0.9,194296,116130721.57
2025-12-09,VINATIORGA,EQ,INE410B01037,VINATI ORGANICS LTD,1571.0,1598.5,1563.3,1589.0,1581.4,0.48,16524,26256636.0
2025-12-09,VINCOFE,EQ,INE498Q01014,VINTAGE COFFEE N BVRGS L,163.85,164.9,158.35,163.02,164.49,-0.89,2053066,334690828.09
2025-12-09,VINDHYATEL,EQ,INE707A01012,VINDHYA TELELINKS LTD,1400.1,1437.7,1387.9,1422.1,1414.7,0.52,9596,13646471.37
2025-12-09,VINEETLAB,EQ,INE505Y01010,VINEET LABORATORIES LTD,40.71,41.28,39.82,40.56,40.44,0.3,34871,1414367.81
2025-12-09,VINNY,EQ,INE01KI01027,VINNY OVERSEAS LIMITED,1.22,1.28,1.2,1.27,1.22,4.1,753986,957562.21
2025-12-09,VINYLINDIA,EQ,INE250B01029,VINYL CHEMICALS (I) LTD.,230.05,242.49,230.0,237.62,233.77,1.65,10933,2597899.41
2025-12-09,VIPCLOTHNG,EQ,INE450G01024,VIP CLOTHING LIMITED,33.52,33.99,32.05,33.44,33.37,0.21,119083,3982135.36
2025-12-09,VIPIND,EQ,INE054A01027,VIP INDUSTRIES LTD,345.0,353.75,341.0,351.6,347.95,1.05,120895,42506682.74
2025-12-09,VIRINCHI,EQ,INE539B01017,VIRINCHI LIMITED,21.27,21.81,20.8,21.56,21.27,1.36,83511,1800497.12
2025-12-09,VISACHROME,EQ,INE286H01012,VISA CHROME LIMITED,50.0,52.9,48.26,51.13,50.56,1.13,13033,666377.3
2025-12-09,VISAKAIND,EQ,INE392A01021,VISAKA INDUSTRIES LIMITED,66.0,67.3,64.53,66.87,66.06,1.23,100390,6713079.58
2025-12-09,VISHNU,EQ,INE270I01022,VISHNU CHEMICALS LIMITED,481.0,494.15,474.55,490.1,485.2,1.01,148603,72830331.21
2025-12-09,VISHWARAJ,EQ,INE430N01022,VISHWARAJ SUGAR IND LTD,6.52,6.73,6.42,6.62,6.68,-0.9,406212,2689123.39
2025-12-09,VITAL,EQ,INE0L4K01016,VITAL CHEMTECH LIMITED,57.2,57.2,57.2,57.2,57.2,0.0,1200,68640.0
2025-12-09,VIVIANA,EQ,INE0MEG01014,VIVIANA POWER TECH LTD,683.75,790.0,683.75,769.65,680.35,13.13,64600,49719391.58
2025-12-09,VIVIDHA,EQ,INE370E01029,VISAGAR POLYTEX LTD,0.75,0.75,0.72,0.72,0.74,-2.7,101971,73419.12
2025-12-09,VIYASH,EQ,INE807F01027,VIYASH SCIENTIFIC LIMITED,193.0,204.0,193.0,203.51,195.19,4.26,1253435,255086549.96
2025-12-09,VLEGOV,EQ,INE03HW01020,VL E GOV AND IT SOL LTD,21.6,23.49,20.84,22.59,21.51,5.02,1149102,25958214.36
2025-12-09,VLSFINANCE,EQ,INE709A01018,VLS FINANCE LTD,322.0,332.75,312.25,331.75,321.25,3.27,183406,60844940.5
2025-12-09,VMART,EQ,INE665J01013,VMART RETAIL LTD,740.0,749.9,732.95,744.9,745.0,-0.01,83589,62265448.14
2025-12-09,VMM,EQ,INE01EA01019,VISHAL MEGA MART LIMITED,128.7,131.75,125.32,131.07,130.01,0.82,14803420,1940284367.82
2025-12-09,VMSTMT,EQ,INE0SJA01013,VMS TMT LIMITED,50.99,53.89,50.59,53.12,51.49,3.17,247567,13150758.78
2025-12-09,VOLTAMP,EQ,INE540H01012,VOLTAMP TRANSFORMERS LTD,7600.0,8035.0,7549.5,7995.5,7682.5,4.07,40893,326959981.5
2025-12-09,VOLTAS,EQ,INE226A01021,VOLTAS LTD,1315.0,1339.9,1310.0,1335.9,1322.5,1.01,529692,707615555.73
2025-12-09,VPRPL,EQ,INE0AE001013,VISHNU PRAKASH R PUNGLI L,74.7,75.09,72.0,73.91,74.71,-1.07,1113340,82286963.48
2025-12-09,VRAJ,EQ,INE0S2V01010,VRAJ IRON AND STEEL LTD,126.04,127.63,122.99,126.41,125.56,0.68,21803,2756117.31
2025-12-09,VRLLOG,EQ,INE366I01010,VRL LOGISTICS LIMITED,268.65,271.0,261.8,269.05,267.2,0.69,93547,25168819.21
2025-12-09,VSSL,EQ,INE050M01012,VARDHMAN SPC STEEL LTD,278.0,288.3,275.0,285.15,278.95,2.22,57633,16434049.6
2025-12-09,VSTIND,EQ,INE710A01016,VST INDUSTRIES LTD,246.7,248.7,239.4,245.25,248.7,-1.39,484086,118722091.5
2025-12-09,VSTL,EQ,INE0QTF01015,VIBHOR STEEL TUBES LTD,120.95,124.17,117.02,124.05,121.38,2.2,21159,2624774.01
2025-12-09,VSTTILLERS,EQ,INE764D01017,VST TILLERS TRACTORS LTD,5479.5,5730.0,5460.5,5704.0,5535.0,3.05,18123,103373592.0
2025-12-09,VTL,EQ,INE825A01020,VARDHMAN TEXTILES LIMITED,430.1,440.0,422.1,438.1,430.1,1.86,106155,46506506.15
2025-12-09,WAAREEENER,EQ,INE377N01017,WAAREE ENERGIES LIMITED,2884.4,2919.0,2825.0,2909.5,2884.1,0.88,1094866,3185512627.0
2025-12-09,WAAREEINDO,EQ,INE866K01023,INDOSOLAR LIMITED,451.35,451.35,451.35,451.35,475.1,-5.0,13978,6308970.39
2025-12-09,WAAREERTL,EQ,INE299N01021,WAAREE RENEWABLE TECH LTD,939.0,960.1,920.5,948.6,943.1,0.58,433244,410975247.82
2025-12-09,WABAG,EQ,INE956G01038,VA TECH WABAG LTD,1310.6,1329.5,1286.4,1312.4,1310.1,0.18,324960,426477511.93
2025-12-09,WALCHANNAG,EQ,INE711A01022,WALCHANDNAGAR INDUSTRIES,151.89,161.0,148.45,159.99,151.69,5.47,301446,48228347.2
2025-12-09,WANBURY,EQ,INE107F01022,WANBURY LIMITED,234.1,243.0,231.0,234.15,236.45,-0.97,56021,13117316.81
2025-12-09,WCIL,EQ,INE0CJF01024,WESTERN CARRIERS (IND) L,120.15,126.07,119.52,122.88,120.75,1.76,300670,36946328.77
2025-12-09,WEALTH,EQ,INE658T01017,WEALTH FRST PORT. MG. LTD,1002.1,1009.6,980.0,1005.4,1003.9,0.15,2146,2157588.45
2025-12-09,WEBELSOLAR,EQ,INE855C01023,WEBSOL ENERGY SYSTEM LTD,92.0,99.15,87.65,97.89,96.48,1.46,13690340,1340147374.24
2025-12-09,WEIZMANIND,EQ,INE080A01014,WEIZMANN LTD,102.08,102.08,100.0,100.57,102.04,-1.44,1081,108716.17
2025-12-09,WEL,EQ,INE02WG01024,WONDER ELECTRICALS LTD,175.94,176.0,171.04,172.06,175.65,-2.04,84798,14590343.67
2025-12-09,WELCORP,EQ,INE191B01025,WELSPUN CORP LIMITED,805.0,817.2,786.2,807.05,797.8,1.16,1036451,836467766.9
2025-12-09,WELENT,EQ,INE625G01013,WELSPUN ENTERPRISES LTD.,516.6,519.8,504.2,514.8,516.6,-0.35,387471,199470066.07
2025-12-09,WELSPUNLIV,EQ,INE192B01031,WELSPUN LIVING LIMITED,132.28,132.48,128.15,131.84,132.04,-0.15,1651580,217744301.15
2025-12-09,WENDT,EQ,INE274C01019,WENDT (INDIA) LIMITED,7658.5,7959.0,7575.0,7899.0,7651.0,3.24,11557,91288743.0
2025-12-09,WESTLIFE,EQ,INE274F01020,WESTLIFE FOODWORLD LTD,547.0,557.7,533.75,551.5,547.0,0.82,96002,52945103.0
2025-12-09,WEWIN,EQ,INE082W01014,WE WIN LIMITED,45.51,46.0,45.46,46.0,47.85,-3.87,1805,83030.0
2025-12-09,WEWORK,EQ,INE085001019,WEWORK INDIA MANAGEMENT L,585.1,615.0,580.0,611.25,590.25,3.56,102596,62711805.0
2025-12-09,WHEELS,EQ,INE715A01015,WHEELS INDIA LTD,808.3,835.0,797.9,821.6,812.35,1.14,44528,36584203.71
2025-12-09,WHIRLPOOL,EQ,INE716A01013,WHIRLPOOL OF INDIA LTD,914.6,920.5,887.7,911.2,914.6,-0.37,1086864,990350490.07
2025-12-09,WILLAMAGOR,EQ,INE210A01017,WILLIAMSON MAGOR,30.5,31.47,29.55,30.08,30.48,-1.31,10798,324803.84
2025-12-09,WINDLAS,EQ,INE0H5O01029,WINDLAS BIOTECH LIMITED,759.2,769.3,741.45,752.85,753.55,-0.09,90198,67905562.1
2025-12-09,WINDMACHIN,EQ,INE052A01021,WINDSOR MACHINES LIMITED,264.05,286.0,260.25,282.0,266.7,5.74,115386,32538852.0
2025-12-09,WIPL,EQ,INE215F01023,THE WESTERN INDIA PLY LTD,157.0,164.79,152.0,156.21,158.97,-1.74,7690,1201254.95
2025-12-09,WIPRO,EQ,INE075A01022,WIPRO LTD,261.38,261.82,257.05,257.41,261.38,-1.52,8560580,2203578929.15
2025-12-09,WOCKPHARMA,EQ,INE049B01025,WOCKHARDT LIMITED,1317.8,1343.4,1291.5,1321.9,1315.4,0.49,775123,1024635112.62
2025-12-09,WONDERLA,EQ,INE066O01014,WONDERLA HOLIDAYS LTD.,546.8,560.0,536.1,548.4,546.8,0.29,47571,26087937.56
2025-12-09,WORTHPERI,EQ,INE196Y01018,WORTH PERIPHERALS LIMITED,139.1,140.51,137.48,139.01,140.1,-0.78,9761,1356876.56
2025-12-09,WSI,EQ,INE100D01014,W.S.INDUSTRIES (I) LTD.,76.24,76.98,74.5,76.09,75.61,0.63,31026,2360768.23
2025-12-09,WSTCSTPAPR,EQ,INE976A01021,WEST COAST PAPER MILLS LT,398.45,410.2,397.4,402.45,400.55,0.47,71356,28717223.07
2025-12-09,XCHANGING,EQ,INE692G01013,XCHANGING SOLUTIONS LTD,80.4,84.3,80.4,82.18,81.92,0.32,102236,8401754.51
2025-12-09,XELPMOC,EQ,INE01P501012,XELPMOC DESIGN & TECH LTD,131.65,131.67,131.4,131.66,125.4,4.99,72520,9547983.47
2025-12-09,XPROINDIA,EQ,INE445C01015,XPRO INDIA LIMITED,943.0,980.4,934.5,971.0,947.7,2.46,20997,20388087.0
2025-12-09,XTGLOBAL,EQ,INE547B01028,XTGLOBAL INFOTECH LIMITED,38.01,40.0,37.0,37.38,38.89,-3.88,38180,1427168.44
2025-12-09,YASHO,EQ,INE616Z01012,YASHO INDUSTRIES LIMITED,1555.0,1650.0,1530.0,1620.8,1557.3,4.08,9312,15092890.05
2025-12-09,YATHARTH,EQ,INE0JO301016,YATHARTH HOSP & TRA C S L,665.0,708.5,665.0,702.95,673.55,4.36,444319,312334046.47
2025-12-09,YATRA,EQ,INE0JR601024,YATRA ONLINE LIMITED,161.0,170.99,156.56,168.24,161.63,4.09,3162477,532055147.85
2025-12-09,YESBANK,EQ,INE528G01035,YES BANK LIMITED,21.79,22.18,21.58,22.02,21.9,0.55,75695676,1666818820.17
2025-12-09,YUKEN,EQ,INE384C01016,YUKEN INDIA LIMITED,836.0,884.9,821.3,853.75,841.75,1.43,16259,13881121.25
2025-12-09,ZAGGLE,EQ,INE07K301024,ZAGGLE PREPA OCEAN SER L,337.7,348.5,332.1,345.55,339.3,1.84,602587,208223930.49
2025-12-09,ZEEL,EQ,INE256A01028,ZEE ENTERTAINMENT ENT LTD,93.84,94.08,91.64,92.73,93.67,-1.0,7585367,703391107.37
2025-12-09,ZEELEARN,EQ,INE565L01011,ZEE LEARN LIMITED,6.95,7.85,6.95,7.54,6.97,8.18,488807,3685604.76
2025-12-09,ZEEMEDIA,EQ,INE966H01019,ZEE MEDIA CORPORATION LTD,8.75,9.31,8.57,9.06,8.72,3.9,3564473,32294126.88
2025-12-09,ZENITHEXPO,EQ,INE058B01018,ZENITH EXPORTS LTD,231.5,234.4,231.5,234.4,234.4,0.0,160,37504.0
2025-12-09,ZENITHSTL,EQ,INE318D01020,ZENITH STEEL PIP IND LTD,7.58,7.6,7.16,7.53,7.51,0.27,80245,604244.87
2025-12-09,ZENSARTECH,EQ,INE520A01027,ZENSAR TECHNOLOGIES  LTD,730.2,730.3,712.4,726.35,730.2,-0.53,241226,175214499.21
2025-12-09,ZENTEC,EQ,INE251B01027,ZEN TECHNOLOGIES LIMITED,1350.0,1355.1,1318.0,1345.1,1362.2,-1.26,284530,382721296.05
2025-12-09,ZFCVINDIA,EQ,INE342J01019,ZF COM VE CTR SYS IND LTD,2430.0,2449.83,2375.0,2400.17,2452.83,-2.15,160152,384391505.03
2025-12-09,ZIMLAB,EQ,INE518E01015,ZIM LABORATORIES LIMITED,70.0,73.0,69.5,72.54,69.6,4.22,50446,3659352.89
2025-12-09,ZODIAC,EQ,INE761Y01019,ZODIAC ENERGY LIMITED,291.0,312.2,288.2,301.7,297.95,1.26,36910,11135747.45
2025-12-09,ZODIACLOTH,EQ,INE206B01013,ZODIAC CLOTHING CO. LTD.,84.5,89.17,83.01,86.4,83.28,3.75,4127,356572.81
2025-12-09,ZOTA,EQ,INE358U01012,ZOTA HEALTH CARE LIMITED,1580.0,1600.0,1521.1,1581.0,1587.5,-0.41,93913,148476453.0
2025-12-09,ZUARI,EQ,INE840M01016,ZUARI AGRO CHEMICALS LTD,275.0,301.0,273.6,288.95,280.55,2.99,1644976,475315835.28
2025-12-09,ZUARIIND,EQ,INE217A01012,ZUARI INDUSTRIES LIMITED,304.05,318.8,300.5,314.2,307.25,2.26,296439,93141137.42
2025-12-09,ZYDUSLIFE,EQ,INE010B01027,ZYDUS LIFESCIENCES LTD,924.6,927.25,912.6,920.25,924.6,-0.47,1334688,1228246632.0
2025-12-09,ZYDUSWELL,EQ,INE768C01028,ZYDUS WELLNESS LIMITED,411.05,426.5,406.35,423.85,412.4,2.78,118670,50298280.22
