date,symbol,series,isin,name,open,high,low,close,prev_close,chg_pct,volume,value
2025-11-26,3IINFOLTD,BE,INE748C01038,3I INFOTECH LIMITED,17.1,17.15,16.9,17.0,16.97,0.18,357993,6085881.0
2025-11-26,AARTECH,BE,INE01C001026,AARTECH SOLONICS LIMITED,48.9,49.64,48.41,48.76,48.13,1.31,24244,1182137.4
2025-11-26,AARTISURF,BE,INE09EO01013,AARTI SURFACTANTS LIMITED,426.05,434.4,426.0,428.2,425.4,0.66,5580,2389356.07
2025-11-26,ABAN,BE,INE421A01028,ABAN OFFSHORE LTD.,34.55,35.64,34.5,34.77,34.62,0.43,23973,833541.22
2025-11-26,ABINFRA,BE,INE00YB01025,A B INFRABUILD LIMITED,19.14,19.39,18.35,18.57,18.68,-0.59,634830,11788792.91
2025-11-26,ABMINTLLTD,BE,INE251C01025,ABM INTERNATIONAL LTD,47.89,47.89,45.6,47.79,47.89,-0.21,228,10896.12
2025-11-26,ACCURACY,BE,INE648Z01023,ACCURACY SHIPPING LIMITED,6.0,6.15,6.0,6.09,6.03,1.0,79034,481317.07
2025-11-26,AHLWEST,BE,INE915K01010,ASIAN HOTELS (WEST) LTD,144.15,144.15,144.15,144.15,144.15,0.0,0,0.0
2025-11-26,AKI,BE,INE642Z01026,AKI INDIA LIMITED,7.79,8.02,7.62,7.68,7.64,0.52,21082,161909.76
2025-11-26,AKSHARCHEM,BE,INE542B01011,AKSHARCHEM INDIA LIMITED,278.95,289.0,272.05,284.35,271.15,4.87,14514,4127055.99
2025-11-26,AKSHOPTFBR,BE,INE523B01011,AKSH OPTIFIBRE  LTD,6.65,6.98,6.65,6.7,6.69,0.15,277218,1857360.55
2025-11-26,ALPHAGEO,BE,INE137C01018,ALPHAGEO (INDIA) LIMITED,224.6,237.9,224.6,232.55,224.6,3.54,6154,1431112.72
2025-11-26,AMANTA,BE,INE084K01015,AMANTA HEALTHCARE LIMITED,111.8,113.88,111.12,112.96,111.16,1.62,214613,24242684.28
2025-11-26,AMDIND,BE,INE005I01014,AMD INDUSTRIES LIMITED,55.5,55.5,53.53,54.72,53.53,2.22,14049,768761.3
2025-11-26,ANMOL,BE,INE02AR01019,ANMOL INDIA LIMITED,14.99,14.99,14.2,14.68,14.49,1.31,17198,252466.65
2025-11-26,APTECHT,BE,INE266F01018,APTECH LIMITED,102.98,103.9,101.11,102.78,101.59,1.17,93637,9624010.75
2025-11-26,ARIES,BE,INE298I01015,ARIES AGRO LTD.,347.5,356.0,344.65,349.7,347.3,0.69,23387,8178434.19
2025-11-26,ASAHISONG,BE,INE228I01012,ASAHI SONGWON COLOR LTD,255.95,263.0,249.65,254.5,247.0,3.04,11757,2992156.5
2025-11-26,ASMS,BE,INE855F01042,AVIO SMART MRKT STACK LTD,11.99,12.15,11.62,12.07,11.9,1.43,215567,2601893.62
2025-11-26,AVG,BE,INE680Z01018,AVG LOGISTICS LIMITED,198.22,200.93,195.25,196.56,197.23,-0.34,5916,1162848.95
2025-11-26,BAFNAPH,BE,INE878I01022,BAFNA PHARMACEUTICALS LTD,157.5,157.5,157.5,157.5,160.72,-2.0,205,32287.5
2025-11-26,BASML,BE,INE186H01022,BANNARI AM SPIN MILL LTD.,28.49,29.55,28.21,29.3,28.29,3.57,217299,6366860.53
2025-11-26,BGRENERGY,BE,INE661I01014,BGR ENERGY SYSTEMS LTD,418.9,432.0,401.5,423.7,414.7,2.17,108919,46148981.63
2025-11-26,BHAGERIA,BE,INE354C01027,BHAGERIA INDUSTRIES LTD,184.03,188.0,183.4,185.13,183.5,0.89,88803,16440099.82
2025-11-26,BHARATGEAR,BE,INE561C01019,BHARAT GEARS LTD,108.0,110.0,107.1,108.69,109.26,-0.52,14783,1606764.31
2025-11-26,BILVYAPAR,BE,INE071A01013,BIL VYAPAR LIMITED,9.22,9.22,9.22,9.22,9.71,-5.05,4906,45233.32
2025-11-26,BLISSGVS,BE,INE416D01022,BLISS GVS PHARMA LTD,172.88,173.25,165.61,166.62,172.42,-3.36,648261,108013244.65
2025-11-26,BURNPUR,BE,INE817H01022,BURNPUR CEMENT LIMITED,33.0,33.0,33.0,33.0,33.0,0.0,0,0.0
2025-11-26,BYKE,BE,INE319B01014,THE BYKE HOSPITALITY LTD,58.41,58.55,56.0,57.19,56.83,0.63,72554,4149363.16
2025-11-26,CALSOFT,BE,INE526B01014,CALIFORNIA SOFTWARE CO LT,16.76,17.0,16.21,16.65,16.76,-0.66,13543,225490.94
2025-11-26,CAPTRUST,BE,INE707C01018,CAPITAL TRUST LIMITED,13.7,15.15,13.7,13.7,14.43,-5.06,3048232,41760777.82
2025-11-26,CHEMBONDCH,BE,INE0TGX01019,CHEMBOND CHEMICAL LIMITED,150.0,152.99,148.2,150.24,149.43,0.54,14551,2186142.32
2025-11-26,CHEMCON,BE,INE03YM01018,CHEMCON SPECIAL CHEM LTD,217.1,225.0,217.03,223.53,216.12,3.43,41139,9195800.62
2025-11-26,CONSOFINVT,BE,INE025A01027,CONSO. FIN. & HOLD. LTD.,164.96,169.76,163.37,166.44,164.95,0.9,3606,600182.65
2025-11-26,COUNCODOS,BE,INE695B01025,COUNTRY CONDO S LIMITED,6.15,6.29,6.15,6.16,6.19,-0.48,58880,362700.79
2025-11-26,CTE,BE,INE627H01017,CAMBRIDGE TECH ENTER LTD,42.5,43.77,42.5,43.77,41.69,4.99,4781,209264.37
2025-11-26,CURAA,BE,INE117B01020,CURA TECHNOLOGIES LIMITED,126.0,126.0,114.16,114.16,120.17,-5.0,404,46120.64
2025-11-26,CYBERMEDIA,BE,INE278G01037,CYBER MEDIA (INDIA) LTD.,17.29,17.29,16.55,17.12,16.81,1.84,1254,21468.48
2025-11-26,CYBERTECH,BE,INE214A01019,CYBERTECH SYSTEMS & SOFTW,146.0,146.9,142.55,144.45,144.18,0.19,20206,2918756.64
2025-11-26,DAMODARIND,BE,INE497D01022,DAMODAR INDUSTRIES LTD,30.89,30.89,28.6,30.31,30.39,-0.26,7352,222839.12
2025-11-26,DBSTOCKBRO,BE,INE921B01025,DB (INT) STOCK BROKERS,25.01,27.25,24.71,24.93,24.72,0.85,231718,5776729.81
2025-11-26,DELPHIFX,BE,INE726L01027,DELPHI WORLD MONEY LTD,14.6,14.62,14.24,14.45,14.53,-0.54,407745,5891915.17
2025-11-26,DIACABS,BE,INE989C01038,DIAMOND POWER INFRA LTD,140.3,144.48,139.51,141.67,140.11,1.11,1086644,153944853.49
2025-11-26,DIGJAMLMTD,BE,INE731U01028,DIGJAM LTD,41.51,41.51,41.51,41.51,41.51,0.0,0,0.0
2025-11-26,DPSCLTD,BE,INE360C01024,DPSC LIMITED,10.57,10.7,10.53,10.59,10.57,0.19,67305,712759.96
2025-11-26,DPWIRES,BE,INE864X01013,D P WIRES LIMITED,206.27,214.98,204.61,209.8,206.07,1.81,24917,5227586.68
2025-11-26,DSKULKARNI,BE,INE891A01022,DS KULKARNI DEVELOPERS L,13.55,13.55,13.55,13.55,13.55,0.0,0,0.0
2025-11-26,DTIL,BE,INE341R01014,DHUNSERI TEA & IND. LTD.,161.0,161.0,158.5,159.0,158.81,0.12,3208,510072.0
2025-11-26,E2E,BE,INE255Z01027,E2E NETWORKS LIMITED,233.7,240.8,231.52,234.57,232.58,0.86,768640,180299890.43
2025-11-26,EASTSILK,BE,INE962C01035,EASTERN SILK INDUSTRIES L,74.09,74.09,74.09,74.09,74.09,0.0,0,0.0
2025-11-26,EIFFL,BE,INE546V01010,EURO (I) FRESH FOODS LTD,223.74,229.89,221.01,221.89,223.73,-0.82,22628,5020926.91
2025-11-26,EMAMIPAP,BE,INE830C01026,EMAMI PAPER MILLS LIMITED,91.25,92.99,90.11,91.29,90.56,0.81,16175,1476615.76
2025-11-26,EMMBI,BE,INE753K01015,EMMBI INDUSTRIES LIMITED,102.49,103.99,102.1,102.83,101.86,0.95,6915,711069.46
2025-11-26,EQUIPPP,BE,INE217G01035,EQUIPPP SOC IMP TECH LTD,17.78,17.78,17.26,17.68,17.27,2.37,2633,46551.44
2025-11-26,ESAFSFB,BE,INE818W01011,ESAF SMALL FINANCE BANK L,26.0,26.79,26.0,26.69,26.18,1.95,180967,4830009.33
2025-11-26,EUROTEXIND,BE,INE022C01012,EUROTEX IND & EXPORTS LTD,21.28,21.28,21.28,21.28,21.28,0.0,0,0.0
2025-11-26,EVERESTIND,BE,INE295A01018,EVEREST INDUSTRIES LTD,539.95,539.95,513.8,524.15,528.05,-0.74,22436,11759829.95
2025-11-26,FAIRCHEMOR,BE,INE0DNW01011,FAIRCHEM ORGANICS LIMITED,650.5,658.0,642.55,646.1,653.3,-1.1,72596,46904273.83
2025-11-26,FLEXITUFF,BE,INE060J01017,FLEXITUFF VENTURES INT L,15.14,15.14,15.14,15.14,14.42,4.99,291,4405.74
2025-11-26,FOCUS,BE,INE593W01028,FOCUS LIGHTG & FIXTRS LTD,73.82,74.85,71.5,72.59,72.28,0.43,16923,1228440.51
2025-11-26,GANESHBE,BE,INE388A01029,GANESH BENZOPLAST LIMITED,82.5,89.7,81.37,84.64,81.62,3.7,524061,44356522.72
2025-11-26,GATECH,BE,INE224E01028,GACM TECHNOLOGIES LIMITED,0.59,0.61,0.59,0.6,0.59,1.69,8152666,4891599.79
2025-11-26,GATECHDVR,BE,INE224E01036,GACM TECHNOLOGIES LIMITED,0.5,0.52,0.5,0.51,0.5,2.0,684949,349323.98
2025-11-26,GEECEE,BE,INE916G01016,GEECEE VENTURES LIMITED,362.0,374.5,362.0,366.8,370.55,-1.01,5869,2152749.13
2025-11-26,GFSTEELS,BE,INE534A01028,GRAND FOUNDRY LTD,10.72,10.72,10.72,10.72,10.72,0.0,0,0.0
2025-11-26,GICL,BE,INE947T01022,GLOBE INTL CARRIERS LTD,51.5,51.5,42.9,43.3,43.0,0.7,174000,7534199.87
2025-11-26,GINNIFILA,BE,INE424C01010,GINNIFILAMENTS LTD.,38.49,39.7,35.92,38.17,38.32,-0.39,108181,4129268.57
2025-11-26,GOLDTECH,BE,INE805A01014,AION-TECH SOLUTIONS LTD,56.6,56.75,54.27,54.64,55.22,-1.05,54368,2970667.49
2025-11-26,GULFPETRO,BE,INE586G01017,GP PETROLEUMS LIMITED,35.81,38.55,35.67,37.37,35.97,3.89,68034,2542430.51
2025-11-26,GVKPIL,BE,INE251H01024,GVK POW. & INFRA LTD.,3.26,3.26,3.23,3.26,3.2,1.87,938897,3060804.21
2025-11-26,GVPTECH,BE,INE382T01030,GVP INFOTECH LIMITED,9.19,9.25,9.0,9.0,9.01,-0.11,54349,489141.0
2025-11-26,HEG,BE,INE545A01024,HEG LIMITED,524.0,550.0,517.45,547.65,525.4,4.23,3789827,2075498849.08
2025-11-26,HFCL,BE,INE548A01028,HFCL LIMITED,70.8,72.19,70.75,71.72,70.71,1.43,5181489,371616397.41
2025-11-26,HITECHCORP,BE,INE120D01012,HITECH CORPORATION LTD,181.52,181.52,173.55,174.78,179.76,-2.77,11663,2038459.13
2025-11-26,HITECHGEAR,BE,INE127B01011,THE HI-TECH GEARS LIMITED,738.0,738.0,701.0,705.65,709.55,-0.55,1337,943454.08
2025-11-26,HMVL,BE,INE871K01015,HINDUSTAN MEDIA VENT LTD,68.7,68.79,66.0,66.79,66.88,-0.13,83756,5594063.32
2025-11-26,HYBRIDFIN,BE,INE965B01022,HYBRID FINANCIAL SERVICE,21.25,21.8,20.1,21.78,20.77,4.86,15609,339964.03
2025-11-26,ICDSLTD,BE,INE613B01010,ICDSLTD,45.99,45.99,43.88,45.07,46.19,-2.42,214,9644.98
2025-11-26,INDOAMIN,BE,INE760F01028,INDO AMINES LIMITED,124.6,124.9,122.0,124.1,123.68,0.34,29107,3612178.66
2025-11-26,IVP,BE,INE043C01018,IVP LIMITED,165.0,168.47,162.09,164.81,164.39,0.26,2097,345606.56
2025-11-26,KALYANIFRG,BE,INE314G01014,KALYANI FORGE LIMITED,667.7,669.9,640.05,664.1,649.9,2.18,1300,863329.97
2025-11-26,KAMDHENU,BE,INE390H01020,KAMDHENU LIMITED,25.86,26.8,25.85,26.14,25.92,0.85,1566461,40947289.58
2025-11-26,KANORICHEM,BE,INE138C01024,KANORIACHEMICALS-,72.69,76.0,72.69,75.81,72.19,5.01,17669,1339486.85
2025-11-26,KAUSHALYA,BE,INE234I01028,KAUSHALYA INFRA DEV LTD.,932.6,970.0,900.0,913.3,932.6,-2.07,270,246591.0
2025-11-26,KAVDEFENCE,BE,INE641C01019,KAVVERI DFS & WIR TEC LTD,92.0,95.75,92.0,92.0,93.88,-2.0,138811,12770612.0
2025-11-26,KAYA,BE,INE587G01015,KAYA LIMITED,394.55,414.2,393.9,410.8,394.55,4.12,14544,5974675.02
2025-11-26,KCPSUGIND,BE,INE790B01024,KCPSUGARINDUS,26.61,27.96,26.52,27.78,26.61,4.4,104264,2896453.99
2025-11-26,KESORAMIND,BE,INE087A01019,KESORAM INDUSTRIES LTD,5.26,5.28,5.11,5.21,5.24,-0.57,431146,2246270.68
2025-11-26,KHADIM,BE,INE834I01025,KHADIM INDIA LIMITED,205.23,213.92,205.23,210.99,205.23,2.81,39881,8414492.41
2025-11-26,KILITCH,BE,INE729D01010,KILITCH DRUGS INDIA LTD,178.25,180.2,175.1,176.95,176.7,0.14,88428,15647334.33
2025-11-26,KOTARISUG,BE,INE419A01022,KOTHARI SUG & CHEM LTD.,28.29,28.85,27.75,28.55,28.37,0.63,25872,738645.58
2025-11-26,KOTYARK,BE,INE0J0B01017,KOTYARK INDUSTRIES LTD,21.18,22.05,21.18,21.85,21.18,3.13,33000,720899.96
2025-11-26,KRONOX,BE,INE0ATZ01017,KRONOX LAB SCIENCES LTD,145.6,148.9,142.85,143.75,143.57,0.13,64422,9260662.5
2025-11-26,LANCORHOL,BE,INE572G01025,LANCOR HOLDINGS LIMITED,26.45,28.0,26.21,26.37,27.59,-4.42,143774,3791320.5
2025-11-26,LOTUSDEV,BE,INE0V9Q01010,SRI LOTUS DEVLPRS N RTY L,170.55,170.99,168.98,169.42,170.19,-0.45,232026,39309844.5
2025-11-26,LYKALABS,BE,INE933A01014,LYKA LABS LTD.,84.7,85.5,82.4,82.87,83.49,-0.74,34205,2834568.44
2025-11-26,MADHUCON,BE,INE378D01032,MADHUCON PROJECTS LTD.,6.18,6.32,6.0,6.0,6.02,-0.33,24339,146034.0
2025-11-26,MAHASTEEL,BE,INE451L01014,MAHAMAYA STEEL INDS LTD,708.9,708.9,697.0,708.9,695.0,2.0,10932,7749695.07
2025-11-26,MANAKSTEEL,BE,INE824Q01011,MANAKSIA STEELS LTD,60.82,61.98,59.46,60.12,60.88,-1.25,11061,664987.31
2025-11-26,MAZDA,BE,INE885E01042,MAZDA LIMITED,238.55,241.95,233.4,239.8,233.65,2.63,25145,6029771.08
2025-11-26,MBECL,BE,INE748A01024,MCNALLY BHARAT ENGIN CO L,65.4,65.4,65.4,65.4,65.4,0.0,0,0.0
2025-11-26,MEDICAMEQ,BE,INE646B01010,MEDICAMEN BIOTECH LIMITED,420.0,423.15,409.0,412.45,415.95,-0.84,67469,27827589.87
2025-11-26,MENONBE,BE,INE071D01033,MENON BEARINGS LIMITED,109.36,111.44,109.08,109.51,109.35,0.15,31536,3453507.43
2025-11-26,MHLXMIRU,BE,INE112D01035,MAHALAXMI RUBTECH LIMITED,220.01,227.47,216.0,217.67,221.46,-1.71,6103,1328440.0
2025-11-26,MICEL,BE,INE287C01037,MIC ELECTRONICS LTD,43.7,43.94,42.25,42.83,43.23,-0.93,1447594,62000453.67
2025-11-26,MODISONLTD,BE,INE737D01021,MODISON LIMITED,140.5,144.28,140.5,142.49,141.35,0.81,37220,5303478.0
2025-11-26,MOLDTECH,BE,INE835B01035,MOLD-TEK TECHNOLOGIES LTD,168.0,168.0,162.35,163.4,162.03,0.85,25730,4204281.84
2025-11-26,MTARTECH,BE,INE864I01014,MTAR TECHNOLOGIES LIMITED,2542.0,2548.4,2460.0,2468.0,2539.0,-2.8,285049,703500932.0
2025-11-26,MTEDUCARE,BE,INE472M01018,MT EDUCARE LTD,2.03,2.05,1.95,2.01,2.03,-0.99,9902,19903.02
2025-11-26,MUKKA,BE,INE0CG401037,MUKKA PROTEINS LIMITED,25.14,25.84,24.75,24.84,24.97,-0.52,355412,8828434.13
2025-11-26,MUKTAARTS,BE,INE374B01019,MUKTA ARTS LIMITED,64.0,65.8,62.5,63.0,63.06,-0.1,1549,97587.0
2025-11-26,NATCAPSUQ,BE,INE936B01015,NATURAL CAPSULES LIMITED,179.0,179.0,175.0,176.14,179.19,-1.7,1205,212248.7
2025-11-26,NAVKARURB,BE,INE268H01044,NAVKAR URBANSTRUCTURE LTD,1.54,1.62,1.5,1.61,1.55,3.87,3466091,5580406.56
2025-11-26,NECCLTD,BE,INE553C01016,NORTH EAST CARRY CORP LTD,20.01,20.6,19.9,20.08,20.01,0.35,50455,1013136.4
2025-11-26,NEUEON,BE,INE333I01044,NEUEON CORPORATION LTD,5.22,5.22,5.22,5.22,5.22,0.0,0,0.0
2025-11-26,NIRAJISPAT,BE,INE326T01011,NIRAJ ISPAT IND LTD,219.0,219.0,219.0,219.0,219.0,0.0,0,0.0
2025-11-26,NRL,BE,INE0JM501013,NUPUR RECYCLERS LIMITED,62.99,62.99,61.34,62.17,61.56,0.99,83932,5218052.29
2025-11-26,NURECA,BE,INE0DSF01015,NURECA LIMITED,262.75,262.75,262.75,262.75,250.25,5.0,4682,1230195.5
2025-11-26,OCCLLTD,BE,INE0PK601023,OCCL LIMITED,103.52,106.02,101.11,104.52,103.52,0.97,64209,6711124.46
2025-11-26,OILCOUNTUB,BE,INE591A01010,OIL COUNTRY TUBULAR LTD.,63.08,65.59,62.33,64.05,62.18,3.01,14998,960621.95
2025-11-26,OMFREIGHT,BE,INE1BZC01019,OM FREIGHT FORWARDERS LTD,88.7,91.05,88.7,89.39,88.69,0.79,46460,4153059.37
2025-11-26,ONELIFECAP,BE,INE912L01015,ONELIFE CAP ADVISORS LTD,12.9,12.9,11.86,12.18,12.39,-1.69,6171,75162.78
2025-11-26,ONMOBILE,BE,INE809I01019,ONMOBILE GLOBAL LTD.,57.67,58.5,57.1,58.05,57.52,0.92,132570,7695688.4
2025-11-26,ORBTEXP,BE,INE231G01010,ORBIT EXPORTS LIMITED,203.01,208.9,201.99,202.93,205.01,-1.01,14111,2863545.13
2025-11-26,ORIENTLTD,BE,INE609C01024,ORIENT PRESS LIMITED,83.0,87.7,81.0,82.86,81.76,1.35,18716,1550807.77
2025-11-26,OSIAHYPER,BE,INE06IR01021,OSIA HYPER RETAIL LIMITED,18.21,18.91,18.1,18.61,18.48,0.7,158651,2952495.21
2025-11-26,PANACHE,BE,INE895W01019,PANACHE DIGILIFE LIMITED,348.0,365.45,344.0,359.95,348.55,3.27,8129,2926033.65
2025-11-26,PAR,BE,INE04LG01015,PAR DRUGS AND CHEM LTD,92.5,93.0,90.06,90.56,89.97,0.66,3814,345395.83
2025-11-26,PARSVNATH,BE,INE561H01026,PARSVNATH DEVELOPER LTD,13.88,14.28,13.88,14.04,13.88,1.15,373905,5249626.19
2025-11-26,PATINTLOG,BE,INE529D01014,PATEL INT. LOG. LTD,14.49,14.49,13.85,13.99,14.23,-1.69,58275,815267.24
2025-11-26,PKTEA,BE,INE431F01018,THE P K TEA PROD CO LTD,750.0,768.0,741.0,766.9,741.0,3.5,190,145711.0
2025-11-26,PPAP,BE,INE095I01015,PPAP AUTOMOTIVE LIMITED,228.8,240.0,223.0,231.95,222.45,4.27,30937,7175837.06
2025-11-26,PPL,BE,INE050001010,PRAKASH PIPES LIMITED,250.2,257.6,248.6,255.5,248.7,2.73,49645,12684297.5
2025-11-26,PREMIER,BE,INE342A01018,PREMIER LIMITED,3.25,3.25,3.2,3.23,3.2,0.94,4515,14583.45
2025-11-26,PRITIKAUTO,BE,INE583R01029,PRITIKA AUTO INDUS LTD,14.69,15.15,14.69,14.91,14.79,0.81,117711,1755070.99
2025-11-26,PRUDMOULI,BE,INE024D01016,PRUDENTIAL SUGAR CORPORAT,25.15,25.46,24.15,24.45,25.15,-2.78,16682,407874.91
2025-11-26,QMSMEDI,BE,INE0FMW01018,QMS MEDICAL ALLIED S LTD,94.5,97.0,94.5,96.95,97.0,-0.05,5000,484749.98
2025-11-26,RADHIKAJWE,BE,INE583V01021,RADHIKA JEWELTECH LIMITED,79.99,81.22,79.99,80.55,79.99,0.7,114873,9253020.5
2025-11-26,RAJOOENG,BE,INE535F01024,RAJOO ENGINEERS LIMITED,73.25,74.95,72.19,74.45,72.72,2.38,478552,35628194.94
2025-11-26,RAJRILTD,BE,INE533D01032,RAJ RAYON INDUSTRIES LTD,23.11,23.94,23.09,23.12,23.57,-1.91,19879,459602.5
2025-11-26,RAMASTEEL,BE,INE230R01035,RAMA STEEL TUBES LIMITED,10.2,10.24,9.96,10.01,10.09,-0.79,4187875,41920629.71
2025-11-26,RBZJEWEL,BE,INE0PEQ01016,RBZ JEWELLERS LIMITED,139.0,142.11,139.0,141.17,139.7,1.05,61646,8702565.71
2025-11-26,RCOM,BE,INE330H01018,RELIANCE COMMUNICATIONS L,1.22,1.26,1.2,1.23,1.21,1.65,2384298,2932686.59
2025-11-26,RELINFRA,BE,INE036A01016,RELIANCE INFRASTRUCTU LTD,150.45,157.96,150.45,157.96,150.44,5.0,476849,75323071.24
2025-11-26,REPL,BE,INE364Z01019,RUDRABHISHEK ENTERP LTD,128.69,129.57,127.0,127.81,126.77,0.82,2544,325148.63
2025-11-26,RMDRIP,BE,INE219Y01026,R M DRIP & SPRINK SYS LTD,46.61,48.38,46.11,47.28,46.15,2.44,1021997,48319167.02
2025-11-26,RNBDENIMS,BE,INE012Q01039,R&B DENIMS LIMITED,43.0,44.0,42.27,43.29,43.26,0.08,62862,2721505.38
2025-11-26,ROLLT,BE,INE927A01040,ROLLATAINERS LIMITED,1.18,1.21,1.16,1.19,1.17,1.71,79645,94777.55
2025-11-26,RPPL,BE,INE760W01023,RAJSHREE POLYPACK LTD,18.1,18.74,17.62,18.63,18.1,2.93,45035,839002.01
2025-11-26,RSWM,BE,INE611A01016,RSWM LIMITED,153.0,161.69,151.93,160.22,151.93,5.46,46389,7432445.64
2025-11-26,SADHNANIQ,BE,INE888C01040,SADHANA NITROCHEM LIMITED,5.65,6.13,5.59,6.13,5.84,4.97,1039560,6372502.92
2025-11-26,SANGINITA,BE,INE753W01010,SANGINITA CHEMICALS LTD,10.0,10.95,10.0,10.42,10.07,3.48,36863,384112.46
2025-11-26,SCPL,BE,INE501Y01019,SHEETAL COOL PRODUCTS LTD,209.96,215.09,207.46,209.27,209.96,-0.33,6726,1407550.05
2025-11-26,SETCO,BE,INE878E01021,SETCO AUTOMOTIVE LTD,15.2,15.89,15.2,15.89,15.14,4.95,31497,500487.34
2025-11-26,SEYAIND,BE,INE573R01012,SEYA INDUSTRIES LIMITED,21.65,21.65,21.65,21.65,21.65,0.0,0,0.0
2025-11-26,SHAHALLOYS,BE,INE640C01011,SHAH ALLOYS LIMITED,81.5,81.5,74.0,75.37,77.7,-3.0,36249,2732087.23
2025-11-26,SHALPAINTS,BE,INE849C01026,SHALIM PAINTS LTD,67.29,67.9,65.76,67.2,66.42,1.17,105055,7059695.68
2025-11-26,SHEKHAWATI,BE,INE268L01046,SHEKHAWATI INDUSTRIES LTD,19.4,20.13,18.98,19.71,19.17,2.82,28578,563272.35
2025-11-26,SHEMAROO,BE,INE363M01019,SHEMAROO ENTER. LTD.,114.44,114.44,111.55,111.8,113.22,-1.25,69324,7750423.41
2025-11-26,SHYAMCENT,BE,INE979R01011,SHYAM CENTURY FERROUS LTD,6.59,6.95,5.45,5.54,6.51,-14.9,2286242,12665780.59
2025-11-26,SICALLOG,BE,INE075B01020,SICAL LOGISTICS LIMITED,92.8,96.95,92.79,93.0,97.68,-4.79,9442,878106.0
2025-11-26,SIGIND,BE,INE529F01035,SIGNET INDUSTRIES LIMITED,53.79,53.79,51.15,51.92,50.78,2.24,3629,188417.67
2025-11-26,SIGMAADV,BE,INE933B01012,SIGMA ADVANCED SYSTEM LTD,190.14,190.14,190.14,190.14,181.09,5.0,34723,6602231.2
2025-11-26,SIKKO,BE,INE112X01025,SIKKO INDUSTRIES LIMITED,5.72,5.72,5.45,5.57,5.65,-1.36,1452600,8093160.65
2025-11-26,SMARTLINK,BE,INE178C01020,SMARTLINK HOLDINGS LTD,135.9,135.9,130.81,133.83,132.55,0.97,2632,352240.56
2025-11-26,SONAMLTD,BE,INE00LM01029,SONAM LIMITED,44.68,45.5,43.5,45.27,44.02,2.84,160620,7271267.47
2025-11-26,SPECIALITY,BE,INE247M01014,SPECIALITY REST LTD,124.79,131.0,124.16,129.89,124.66,4.2,43082,5595920.95
2025-11-26,SPECTRUM,BE,INE01EO01010,SPECTRUM ELECTRIC IND LTD,1209.0,1249.2,1166.7,1232.0,1200.0,2.67,8243,10155376.0
2025-11-26,SREEL,BE,INE099F01013,SREELEATHERS LIMITED,226.0,232.0,226.0,227.37,225.06,1.03,4974,1130938.36
2025-11-26,STALLION,BE,INE0RYC01010,STALLION IND FLUOROCHEM L,196.4,196.6,186.8,187.2,196.6,-4.78,578739,108339939.03
2025-11-26,STERTOOLS,BE,INE334A01023,STERLING TOOLS LIMITED,283.0,284.4,278.75,279.9,283.75,-1.36,31285,8756671.31
2025-11-26,STLTECH,BE,INE089C01029,STERLITE TECHNOLOGIES LTD,106.98,109.0,105.63,108.59,105.63,2.8,1112756,120834169.96
2025-11-26,SUNDRMBRAK,BE,INE073D01013,SUNDARAMBRAKE LININGS LTD,740.45,749.7,740.1,743.95,737.7,0.85,307,228392.65
2025-11-26,SUPERSPIN,BE,INE662A01027,SUPER SPINNING MILLS LTD,9.38,9.38,9.04,9.21,9.13,0.88,15933,146742.93
2025-11-26,SUTLEJTEX,BE,INE645H01027,SUTLEJ TEXT & INDUS LTD,33.42,34.3,32.65,34.04,33.51,1.58,31191,1061741.67
2025-11-26,SWANDEF,BE,INE542F01020,SWAN DEFENCE N HEVY IND L,1087.85,1087.85,1087.85,1087.85,1087.85,0.0,0,0.0
2025-11-26,SWARAJ,BE,INE0GMR01016,SWARAJ SUITING LIMITED,253.0,275.0,243.5,272.1,253.0,7.55,386500,105166652.36
2025-11-26,SYSTMTXC,BE,INE356B01024,SYSTEMATIX CORP SERVICE L,162.25,170.0,159.81,167.29,160.34,4.33,95486,15973852.3
2025-11-26,TICL,BE,INE388G01026,TWAMEV CONS AND INFRA LTD,29.6,29.6,28.36,29.16,28.88,0.97,24109,703018.44
2025-11-26,TIJARIA,BE,INE440L01017,TIJARIA POLYPIPES LTD,6.87,6.87,6.36,6.67,6.79,-1.77,65084,434110.28
2025-11-26,TIL,BE,INE806C01018,TIL LTD,280.9,284.5,273.55,278.9,280.9,-0.71,26565,7408978.34
2025-11-26,TIRUPATIFL,BE,INE319Y01024,TIRUPATI FORGE LIMITED,36.65,39.4,36.65,37.42,36.46,2.63,1279119,47864630.64
2025-11-26,TOTAL,BE,INE336X01012,TOTAL TRANSPORT SYS LTD,66.0,66.0,64.22,65.5,65.77,-0.41,1620,106110.0
2025-11-26,TPHQ,BE,INE065J01024,TEAMO PRODUCTIONS HQ LTD,0.55,0.56,0.54,0.54,0.55,-1.82,907462,490029.5
2025-11-26,TRANSWORLD,BE,INE757B01015,TRANSWORLD SHIP LINES LTD,218.99,221.9,214.0,214.87,217.66,-1.28,40255,8649591.65
2025-11-26,TVVISION,BE,INE871L01013,TV VISION LIMITED,5.97,5.97,5.66,5.84,5.81,0.52,17272,100868.48
2025-11-26,UCAL,BE,INE139B01016,UCAL LIMITED,122.42,124.77,121.81,122.28,123.06,-0.63,3546,433604.88
2025-11-26,UFBL,BE,INE382M01027,UNITED FOODBRANDS LIMITED,189.3,193.57,188.1,190.61,190.01,0.32,52291,9967187.54
2025-11-26,UMAEXPORTS,BE,INE0GIU01018,UMA EXPORTS LIMITED,40.04,41.14,40.0,40.14,40.04,0.25,20139,808379.45
2025-11-26,UNIVASTU,BE,INE562X01013,UNIVASTU INDIA LIMITED,68.0,68.0,65.0,65.59,66.51,-1.38,40999,2689124.26
2025-11-26,UNIVPHOTO,BE,INE03V001013,UNIVERSUS IMAGINGS LTD,275.0,295.0,275.0,278.95,262.95,6.08,82095,22900401.25
2025-11-26,URAVIDEF,BE,INE568Z01015,URAVI DEFENCE &TECH LTD,199.99,199.99,192.66,193.08,193.51,-0.22,2078,401220.24
2025-11-26,UYFINCORP,BE,INE152C01025,U. Y. FINCORP LIMITED,14.4,14.96,14.4,14.42,14.4,0.14,24834,358106.28
2025-11-26,VALIANTLAB,BE,INE0JWS01017,VALIANT LABORATORIES LTD,71.42,71.59,69.44,70.09,70.01,0.11,37380,2619964.06
2025-11-26,VALIANTORG,BE,INE565V01010,VALIANT ORGANICS LIMITED,254.95,263.6,250.05,253.15,251.35,0.72,31493,7972452.76
2025-11-26,VARDHACRLC,BE,INE116G01013,VARDHAMAN ACRYLICS LTD,39.89,39.89,38.5,38.81,39.44,-1.6,25286,981349.69
2025-11-26,VCL,BE,INE098201036,VAXTEX COTFAB LIMITED,1.66,1.66,1.66,1.66,1.59,4.4,670143,1112437.36
2025-11-26,VENUSREM,BE,INE411B01019,VENUS REMEDIES LIMITED,677.95,699.0,657.4,697.5,677.3,2.98,116322,81134595.0
2025-11-26,VETO,BE,INE918N01018,VETO SWITCHGEAR CABLE LTD,111.7,114.84,110.35,112.3,111.81,0.44,123287,13845130.48
2025-11-26,VHLTD,BE,INE048C01025,VICEROY HOTELS LIMITED,134.0,134.0,128.4,128.98,130.4,-1.09,10815,1394918.65
2025-11-26,VIJIFIN,BE,INE159N01027,VIJI FINANCE LIMITED,2.89,2.89,2.52,2.54,2.8,-9.29,1602885,4071327.84
2025-11-26,VIPULLTD,BE,INE946H01037,VIPUL LIMITED,9.01,9.05,8.7,8.97,8.64,3.82,142361,1276978.21
2025-11-26,VIVIMEDLAB,BE,INE526G01021,VIVIMED LABS LIMITED,4.95,4.95,4.95,4.95,4.95,0.0,0,0.0
2025-11-26,WELINV,BE,INE389K01018,WELSPUN INV & COMM LTD,1275.0,1275.0,1212.0,1226.7,1219.6,0.58,1516,1859677.13
2025-11-26,AGSTRA,BZ,INE583L01014,AGS TRANSACT TECH LTD,4.82,5.0,4.63,4.87,4.82,1.04,210228,1023810.34
2025-11-26,ANKITMETAL,BZ,INE106I01010,ANKIT MET & POW LTD,1.81,1.87,1.77,1.86,1.81,2.76,3486,6483.96
2025-11-26,ANSALAPI,BZ,INE436A01026,ANSAL PROP & INFRA LTD,3.4,3.44,3.33,3.42,3.4,0.59,36667,125401.14
2025-11-26,ARSHIYA,BZ,INE968D01022,ARSHIYA LIMITED,1.2,1.26,1.19,1.26,1.2,5.0,144460,182019.6
2025-11-26,ASTRON,BZ,INE646X01014,ASTRON PAPER BORD MIL LTD,7.19,7.22,6.9,7.16,7.05,1.56,68372,489543.51
2025-11-26,COMPINFO,BZ,INE070C01037,COMPUAGE INFOCOM LTD,1.95,1.95,1.85,1.85,1.95,-5.13,36034,66662.9
2025-11-26,DHARAN,BZ,INE278R01034,DHARAN INFRA-EPC LIMITED,0.39,0.4,0.38,0.38,0.39,-2.56,14297229,5432946.95
2025-11-26,FEL,BZ,INE623B01027,FUTURE ENTERPRISES LTD,0.43,0.43,0.42,0.43,0.42,2.38,167229,71908.47
2025-11-26,FELDVR,BZ,IN9623B01058,FUTURE ENTERPRISES LTD,3.08,3.08,3.08,3.08,3.08,0.0,1312,4040.96
2025-11-26,FLFL,BZ,INE452O01016,FUT LIFESTYLE FASH LTD,1.4,1.42,1.33,1.37,1.39,-1.44,115488,158218.56
2025-11-26,GENSOL,BZ,INE06H201014,GENSOL ENGINEERING LTD,28.2,28.76,26.95,27.41,28.2,-2.8,115021,3152725.59
2025-11-26,GOLDENTOBC,BZ,INE973A01010,GOLDEN TOBACCO LIMITED,35.0,35.0,33.01,33.56,34.19,-1.84,873,29297.88
2025-11-26,HDIL,BZ,INE191I01012,HOUSING DEV & INFRA LTD,2.65,2.75,2.61,2.63,2.65,-0.75,102237,268883.32
2025-11-26,HMT,BZ,INE262A01018,HMT LTD -,49.89,52.0,49.1,50.51,49.89,1.24,8611,434941.6
2025-11-26,IL&FSENGG,BZ,INE369I01014,IL&FS ENG AND CONS CO LTD,26.95,26.97,25.71,26.97,25.69,4.98,63174,1703802.74
2025-11-26,IL&FSTRANS,BZ,INE975G01012,IL&FS TRANS NET LTD,3.08,3.08,2.85,3.02,2.99,1.0,53264,160857.28
2025-11-26,IMPEXFERRO,BZ,INE691G01015,IMPEX FERRO TECH LIMITED,1.83,1.88,1.83,1.86,1.86,0.0,1203,2237.58
2025-11-26,LAKPRE,BZ,INE651C01018,LAKSHMI PRE SCRE LTD,5.16,5.16,5.16,5.16,5.16,0.0,0,0.0
2025-11-26,MEP,BZ,INE776I01010,MEP INFRA. DEVELOPERS LTD,2.11,2.2,2.11,2.2,2.16,1.85,243190,535018.01
2025-11-26,RAJESHEXPO,BZ,INE343B01030,RAJESH EXPORTS LTD,188.0,189.2,186.99,187.89,187.49,0.21,154330,28997063.61
2025-11-26,RHFL,BZ,INE217K01011,RELIANCE HOME FINANCE LTD,3.16,3.28,3.15,3.2,3.16,1.27,527384,1687628.83
2025-11-26,SANWARIA,BZ,INE890C01046,SANWARIA CONSUMER LIMITED,0.28,0.29,0.28,0.28,0.28,0.0,437898,122611.44
2025-11-26,SETUINFRA,BZ,INE023M01027,SETUBANDHAN INFRA LTD,0.48,0.5,0.47,0.5,0.48,4.17,8588,4294.0
2025-11-26,SHRENIK,BZ,INE632X01030,SHRENIK LIMITED,0.53,0.53,0.51,0.51,0.51,0.0,348176,177569.76
2025-11-26,SIMBHALS,BZ,INE748T01016,SIMBHAOLI SUGARS LTD.,9.5,9.99,9.35,9.58,9.61,-0.31,10414,99766.12
2025-11-26,SITINET,BZ,INE965H01011,SITI NETWORKS LIMITED,0.38,0.39,0.37,0.37,0.38,-2.63,1481990,548336.31
2025-11-26,SUPREMEENG,BZ,INE319Z01021,SUPREME ENGINEERING LTD,0.95,0.99,0.9,0.99,0.95,4.21,121578,120362.22
2025-11-26,20MICRONS,EQ,INE144J01027,20 MICRONS LTD,191.99,197.59,187.11,195.62,187.98,4.06,63500,12421869.69
2025-11-26,21STCENMGM,EQ,INE253B01015,21ST CENTURY MGMT SERVICE,37.35,37.35,36.77,36.77,37.53,-2.03,25812,949107.25
2025-11-26,360ONE,EQ,INE466L01038,360 ONE WAM LIMITED,1121.9,1158.4,1121.9,1150.0,1120.0,2.68,1023674,1177225100.0
2025-11-26,3MINDIA,EQ,INE470A01017,3M INDIA LIMITED,35300.0,35750.0,35255.0,35520.0,35290.0,0.65,4581,162717120.0
2025-11-26,3PLAND,EQ,INE105C01023,3P LAND HOLDINGS LIMITED,40.0,40.6,34.05,39.49,40.01,-1.3,48066,1898126.42
2025-11-26,5PAISA,EQ,INE618L01018,5PAISA CAPITAL LIMITED,335.0,349.8,333.55,343.85,333.55,3.09,257867,88667569.52
2025-11-26,63MOONS,EQ,INE111B01023,63 MOONS TECHNOLOGIES LTD,722.55,771.3,722.0,759.25,722.55,5.08,118553,90011365.25
2025-11-26,A2ZINFRA,EQ,INE619I01012,A2Z INFRA ENGINEERING LTD,15.11,15.9,15.11,15.71,15.28,2.81,118081,1855052.51
2025-11-26,AAATECH,EQ,INE0D0U01013,AAA TECHNOLOGIES LIMITED,89.6,90.45,88.75,89.52,89.6,-0.09,14513,1299203.71
2025-11-26,AADHARHFC,EQ,INE883F01010,AADHAR HOUSING FINANCE L,490.0,491.05,481.0,486.85,487.05,-0.04,441630,215007568.2
2025-11-26,AAKASH,EQ,INE087Z01024,AAKASH EXPLORATION SER L,9.27,9.27,8.18,8.77,8.8,-0.34,68572,601376.47
2025-11-26,AAREYDRUGS,EQ,INE198H01019,AAREY DRUGS & PHARM LTD,90.9,91.8,88.0,88.7,90.9,-2.42,9622,853471.37
2025-11-26,AARON,EQ,INE721Z01010,AARON INDUSTRIES LIMITED,186.64,189.99,182.64,184.07,186.64,-1.38,24764,4558309.66
2025-11-26,AARTIDRUGS,EQ,INE767A01016,AARTI DRUGS LTD.,430.05,444.45,428.8,442.3,428.2,3.29,155225,68656015.61
2025-11-26,AARTIIND,EQ,INE769A01020,AARTI INDUSTRIES LTD,380.95,382.0,376.65,377.95,379.75,-0.47,328550,124175476.51
2025-11-26,AARTIPHARM,EQ,INE0LRU01027,AARTI PHARMALABS LIMITED,692.0,730.75,681.25,710.45,678.9,4.65,916886,651401669.89
2025-11-26,AARVI,EQ,INE754X01016,AARVI ENCON LIMITED,130.48,135.0,130.48,131.54,130.48,0.81,26613,3500673.84
2025-11-26,AAVAS,EQ,INE216P01012,AAVAS FINANCIERS LIMITED,1631.6,1631.7,1589.7,1593.6,1618.7,-1.55,129603,206535337.64
2025-11-26,ABB,EQ,INE117A01022,ABB INDIA LIMITED,5070.5,5206.5,5058.0,5197.5,5070.5,2.5,157689,819588577.5
2025-11-26,ABBOTINDIA,EQ,INE358A01014,ABBOTT INDIA LIMITED,30250.0,30250.0,29950.0,30025.0,30205.0,-0.6,3918,117637950.0
2025-11-26,ABCAPITAL,EQ,INE674K01013,ADITYA BIRLA CAPITAL LTD.,346.95,350.8,344.4,349.8,345.45,1.26,5456898,1908822853.79
2025-11-26,ABCOTS,EQ,INE08PH01015,A B COTSPIN INDIA LIMITED,412.0,415.5,408.45,412.15,408.8,0.82,6575,2709886.21
2025-11-26,ABDL,EQ,INE552Z01027,ALLIED BLEND N DISTILS L,661.0,662.75,648.55,652.15,660.6,-1.28,320192,208813220.62
2025-11-26,ABFRL,EQ,INE647O01011,ADITYA BIRLA FASHION & RT,75.54,77.4,75.54,76.94,75.43,2.0,1880492,144685059.07
2025-11-26,ABGSEC,EQ,INF209KC1134,BIRLASLAMC - ABGSEC,111.49,111.55,111.07,111.37,111.51,-0.13,1462,162822.94
2025-11-26,ABLBL,EQ,INE14LE01019,ADITYA BIRLA LIFES BRAN L,130.0,132.97,130.0,132.65,129.15,2.71,769179,102031589.66
2025-11-26,ABREL,EQ,INE055A01016,ADITYA BIRLA REAL EST LTD,1735.0,1779.5,1731.6,1773.3,1733.7,2.28,90746,160919886.23
2025-11-26,ABSLAMC,EQ,INE404A01024,ADIT BIRL SUN LIF AMC LTD,723.05,732.9,717.45,730.85,725.7,0.71,146087,106767680.38
2025-11-26,ABSLBANETF,EQ,INF209KB17D5,BIRLASLAMC - ABSLBANETF,60.23,60.84,60.23,60.77,60.04,1.22,81199,4934463.27
2025-11-26,ABSLLIQUID,EQ,INF209KB18T9,BIRLASLAMC - ABSLLIQUID,999.99,1000.01,999.99,1000.0,1000.01,-0.0,1088,1088000.0
2025-11-26,ABSLNN50ET,EQ,INF209KB16D7,BIRLASLAMC - ABSLNN50ET,70.81,72.36,70.81,72.22,71.47,1.05,100913,7287936.98
2025-11-26,ABSLPSE,EQ,INF209KB19Z4,BIRLASLAMC-ABSLPSE,9.96,10.15,9.92,10.12,10.01,1.1,118183,1196011.95
2025-11-26,ACC,EQ,INE012A01025,ACC LIMITED,1869.1,1888.0,1856.3,1884.5,1869.1,0.82,204008,384453076.0
2025-11-26,ACCELYA,EQ,INE793A01012,ACCELYA SOLN INDIA LTD,1297.4,1308.7,1279.0,1283.8,1297.4,-1.05,94371,121153494.41
2025-11-26,ACE,EQ,INE731H01025,ACTION CONST EQUIP LTD,978.9,978.9,967.5,974.3,969.3,0.52,54284,52888900.54
2025-11-26,ACEINTEG,EQ,INE543V01017,ACE INTEGRATED SOLU. LTD.,22.23,22.99,21.92,22.14,22.22,-0.36,1522,33697.08
2025-11-26,ACI,EQ,INE128X01021,ARCHEAN CHEMICAL IND LTD,534.9,535.5,514.6,517.75,531.45,-2.58,181563,94004243.25
2025-11-26,ACL,EQ,INE666E01020,ANDHRA CEMENTS LIMITED,75.0,75.0,72.4,72.6,73.0,-0.55,21117,1533094.17
2025-11-26,ACMESOLAR,EQ,INE622W01025,ACME SOLAR HOLDINGS LTD,236.7,239.2,232.4,233.7,236.85,-1.33,579623,135457893.33
2025-11-26,ACUTAAS,EQ,INE00FF01025,ACUTAAS CHEMICALS LIMITED,1793.5,1799.9,1759.0,1794.8,1784.1,0.6,224591,403095937.77
2025-11-26,ADANIENSOL,EQ,INE931S01010,ADANI ENERGY SOLUTION LTD,975.95,998.0,974.7,991.2,971.5,2.03,646270,640582831.89
2025-11-26,ADANIENT,EQ,INE423A01024,ADANI ENTERPRISES LIMITED,2321.2,2357.0,2310.0,2315.0,2332.9,-0.77,1026965,2377423975.0
2025-11-26,ADANIGREEN,EQ,INE364U01010,ADANI GREEN ENERGY LTD,1016.0,1036.4,1012.5,1034.4,1011.6,2.25,1318167,1363511976.98
2025-11-26,ADANIPORTS,EQ,INE742F01042,ADANI PORT & SEZ LTD,1484.3,1523.0,1484.3,1506.2,1483.9,1.5,3986754,6004848680.13
2025-11-26,ADANIPOWER,EQ,INE814H01029,ADANI POWER LTD,147.2,148.9,146.35,148.62,146.84,1.21,10550909,1568076044.06
2025-11-26,ADFFOODS,EQ,INE982B01027,ADF FOODS LIMITED,204.9,211.5,204.76,210.55,203.84,3.29,59095,12442452.43
2025-11-26,ADL,EQ,INE0CHO01012,ARCHIDPLY DECOR LIMITED,78.0,78.0,72.2,75.9,73.45,3.34,532,40378.8
2025-11-26,ADOR,EQ,INE045A01017,ADOR WELDING LTD,1088.0,1100.8,1086.4,1093.6,1091.1,0.23,18251,19959293.15
2025-11-26,ADROITINFO,EQ,INE737B01033,ADROIT INFOTECH LIMITED,10.4,10.73,10.13,10.18,10.22,-0.39,25312,257676.17
2025-11-26,ADSL,EQ,INE102I01027,ALLIED DIGITAL SERV. LTD,162.48,163.0,160.7,161.73,160.51,0.76,74716,12083818.36
2025-11-26,ADVANCE,EQ,INE1B0W01010,ADVANCE AGROLIFE LIMITED,123.74,127.0,123.5,125.64,123.73,1.54,363509,45671270.54
2025-11-26,ADVANIHOTR,EQ,INE199C01026,ADVANI HOT.& RES.(I) LTD,54.0,54.64,53.5,54.11,53.77,0.63,37357,2021387.29
2025-11-26,ADVENTHTL,EQ,INE28GN01010,ADVENT HOTELS INTERNATI L,244.4,245.9,233.1,238.9,241.15,-0.93,305229,72919206.24
2025-11-26,ADVENZYMES,EQ,INE837H01020,ADVANCED ENZYME TECH LTD,312.15,317.65,312.15,314.95,312.45,0.8,87687,27617021.72
2025-11-26,AEGISLOG,EQ,INE208C01025,AEGIS LOGISTICS LIMITED,766.55,771.0,757.65,761.5,766.55,-0.66,189851,144571536.5
2025-11-26,AEGISVOPAK,EQ,INE0INX01018,AEGIS VOPAK TERMINALS LTD,255.1,263.5,254.8,261.7,254.95,2.65,148658,38903800.41
2025-11-26,AEROENTER,EQ,INE065D01027,AEROFLEX ENTERPRISES LTD,85.4,87.99,85.05,86.95,85.4,1.81,228137,19836511.45
2025-11-26,AEROFLEX,EQ,INE024001021,AEROFLEX INDUSTRIES LTD,183.32,185.27,182.28,183.22,184.37,-0.62,204406,37451267.57
2025-11-26,AERONEU,EQ,INE035801013,AEROFLEX NEU LIMITED,76.71,79.39,75.6,78.52,76.7,2.37,27424,2153332.39
2025-11-26,AETHER,EQ,INE0BWX01014,AETHER INDUSTRIES LIMITED,892.0,907.7,886.5,901.05,892.25,0.99,254263,229103673.05
2025-11-26,AFCONS,EQ,INE101I01011,AFCONS INFRASTRUCTURE LTD,402.0,406.5,400.1,405.3,402.0,0.82,300507,121795483.43
2025-11-26,AFFLE,EQ,INE00WC01027,AFFLE 3I LIMITED,1681.0,1688.4,1665.0,1669.1,1680.9,-0.7,183222,305815835.73
2025-11-26,AFFORDABLE,EQ,INE692Z01013,AFFORD ROBO & AUTO LTD,218.0,220.0,215.0,217.95,213.85,1.92,26903,5863508.77
2025-11-26,AFIL,EQ,INE916Y01027,AKME FINTRADE (INDIA) LTD,7.55,7.75,7.24,7.34,7.25,1.24,765052,5615481.8
2025-11-26,AFSL,EQ,INE00ZE01026,ABANS FINANCIAL SRVCS LTD,203.38,205.06,201.2,204.9,201.26,1.81,7903,1619324.65
2025-11-26,AGARIND,EQ,INE204E01012,AGARWAL INDS CORP LTD.,775.95,781.4,765.4,769.8,774.95,-0.66,38665,29764316.53
2025-11-26,AGARWALEYE,EQ,INE943P01029,DR AGARWALS HEALTH CARE L,506.35,513.0,500.6,510.8,506.35,0.88,51127,26115670.98
2025-11-26,AGI,EQ,INE415A01038,AGI GREENPAC LIMITED,757.9,790.0,755.95,778.8,756.65,2.93,95050,74024938.84
2025-11-26,AGIIL,EQ,INE976R01033,AGI INFRA LIMITED,284.7,284.7,274.05,275.5,283.7,-2.89,164350,45278425.0
2025-11-26,AGRITECH,EQ,INE449G01018,AGRI-TECH (INDIA) LIMITED,105.17,111.99,105.17,107.4,107.06,0.32,13565,1456881.02
2025-11-26,AGROPHOS,EQ,INE740V01019,AGRO PHOS INDIA LIMITED,38.7,40.0,37.5,39.12,38.7,1.09,31975,1250861.97
2025-11-26,AHCL,EQ,INE0Y8W01025,ANLON HEALTHCARE LIMITED,16.28,16.7,15.9,16.33,15.92,2.59,2510470,41003506.97
2025-11-26,AHLADA,EQ,INE00PV01013,AHLADA ENGINEERS LIMITED,52.06,52.85,51.4,51.9,52.05,-0.29,7262,376897.81
2025-11-26,AHLEAST,EQ,INE926K01017,ASIAN HOTELS (EAST) LTD,139.87,142.38,138.01,140.77,138.37,1.73,29874,4205363.11
2025-11-26,AHLUCONT,EQ,INE758C01029,AHLUWALIA CONT IND LTD,979.0,1014.15,976.7,1007.65,973.85,3.47,115423,116305988.77
2025-11-26,AIAENG,EQ,INE212H01026,AIA ENGINEERING LIMITED,3844.0,3869.0,3732.5,3763.1,3825.5,-1.63,59717,224721048.53
2025-11-26,AIIL,EQ,INE206F01022,AUTHUM INVEST & INFRA LTD,534.0,545.0,525.8,537.24,524.96,2.34,860515,462303070.2
2025-11-26,AIRAN,EQ,INE645W01026,AIRAN LIMITED,19.99,20.25,19.7,19.83,19.69,0.71,86428,1713867.23
2025-11-26,AIROLAM,EQ,INE801L01010,AIRO LAM LIMITED,104.45,106.99,102.6,103.0,104.39,-1.33,1963,202189.0
2025-11-26,AJANTPHARM,EQ,INE031B01049,AJANTA PHARMA LIMITED,2522.0,2549.7,2501.0,2535.1,2509.2,1.03,66279,168023899.37
2025-11-26,AJAXENGG,EQ,INE274Y01021,AJAX ENGINEERING LIMITED,629.2,642.0,625.5,632.1,628.15,0.63,30277,19138090.96
2025-11-26,AJMERA,EQ,INE298G01035,AJMERA REALTY & INF I LTD,199.42,203.64,197.92,202.16,199.62,1.27,239225,48361726.88
2025-11-26,AJOONI,EQ,INE820Y01021,AJOONI BIOTECH LIMITED,4.37,4.87,4.36,4.82,4.37,10.3,476275,2295645.58
2025-11-26,AKASH,EQ,INE737W01013,AKASH INFRA-PROJECTS LTD,25.61,26.37,25.2,25.86,25.61,0.98,4050,104733.0
2025-11-26,AKG,EQ,INE00Y801016,AKG EXIM LIMITED,12.71,12.77,12.35,12.61,12.65,-0.32,22312,281354.31
2025-11-26,AKSHAR,EQ,INE256Z01025,AKSHAR SPINTEX LIMITED,0.56,0.57,0.55,0.55,0.55,0.0,1336275,734951.27
2025-11-26,AKUMS,EQ,INE09XN01023,AKUMS DRUGS AND PHARMA L,423.35,430.0,421.15,426.25,424.4,0.44,170703,72762153.75
2025-11-26,ALANKIT,EQ,INE914E01040,ALANKIT LIMITED,11.19,11.19,10.9,10.97,10.96,0.09,123787,1357943.42
2025-11-26,ALBERTDAVD,EQ,INE155C01010,ALBERT DAVID LIMITED,789.3,794.0,785.0,790.05,784.1,0.76,1228,970181.39
2025-11-26,ALEMBICLTD,EQ,INE426A01027,ALEMBIC LIMITED,97.9,99.9,97.73,99.02,97.77,1.28,113918,11280159.98
2025-11-26,ALICON,EQ,INE062D01024,ALICON CASTALLOY LIMITED,891.3,903.7,884.15,897.15,892.2,0.55,9390,8424238.73
2025-11-26,ALIVUS,EQ,INE03Q201024,ALIVUS LIFE SCIENCES LTD,881.6,910.15,881.6,903.5,884.75,2.12,63408,57289128.0
2025-11-26,ALKALI,EQ,INE773I01017,ALKALI METALS LTD,84.67,84.67,82.16,82.43,83.07,-0.77,4064,334995.52
2025-11-26,ALKEM,EQ,INE540L01014,ALKEM LABORATORIES LTD.,5645.5,5782.5,5645.5,5773.0,5701.0,1.26,85479,493470267.0
2025-11-26,ALKYLAMINE,EQ,INE150B01039,ALKYL AMINES CHEM. LTD,1708.0,1723.7,1700.0,1707.5,1714.1,-0.39,35273,60228647.5
2025-11-26,ALLCARGO,EQ,INE418H01029,ALLCARGO LOGISTICS LTD,12.21,13.24,11.79,12.88,13.27,-2.94,5492850,70747908.63
2025-11-26,ALLDIGI,EQ,INE835G01018,ALLDIGI TECH LIMITED,834.6,836.1,821.9,828.3,825.85,0.3,3570,2957030.96
2025-11-26,ALLTIME,EQ,INE0GV601021,ALL TIME PLASTICS LIMITED,275.55,281.9,275.0,275.2,275.55,-0.13,108060,29738113.32
2025-11-26,ALMONDZ,EQ,INE326B01035,ALMONDZ GLOBAL SEC LTD,17.1,17.17,16.8,17.02,16.99,0.18,27442,467062.85
2025-11-26,ALOKINDS,EQ,INE270A01029,ALOK INDUSTRIES LIMITED,16.6,16.94,16.59,16.87,16.6,1.63,2948017,49733049.26
2025-11-26,ALPA,EQ,INE385I01010,ALPA LABORATORIES LTD,75.55,79.39,75.55,77.56,76.74,1.07,12324,955849.41
2025-11-26,ALPHA,EQ,INF174KA1IA5,KOTAKMAMC - KOTAKALPHA,49.05,50.0,49.05,49.95,49.04,1.86,1019670,50932517.28
2025-11-26,ALPHAETF,EQ,INF769K01KU7,MIRAEAMC - ALPHAETF,25.54,25.96,25.54,25.91,25.52,1.53,439067,11376225.9
2025-11-26,ALPL30IETF,EQ,INF109KC17V7,ICICIPRAMC - ICICIALPLV,27.67,27.99,27.62,27.95,27.59,1.3,160070,4473956.62
2025-11-26,AMBER,EQ,INE371P01015,AMBER ENTERPRISES (I) LTD,7140.0,7319.5,7100.0,7302.0,7138.0,2.3,172342,1258441284.0
2025-11-26,AMBICAAGAR,EQ,INE792B01012,AMBICA AGAR & AROMAINDLTD,25.85,25.9,24.1,25.58,25.49,0.35,13007,332719.06
2025-11-26,AMBIKCO,EQ,INE540G01014,AMBIKA COTTON MILL LTD.,1303.0,1308.8,1288.8,1294.1,1295.5,-0.11,4665,6036976.39
2025-11-26,AMBUJACEM,EQ,INE079A01024,AMBUJA CEMENTS LTD,546.5,552.0,544.55,550.0,545.85,0.76,948636,521749800.0
2025-11-26,AMJLAND,EQ,INE606A01024,AMJ LAND HOLDINGS LIMITED,52.01,53.79,52.01,53.34,52.15,2.28,9458,504489.72
2025-11-26,AMNPLST,EQ,INE275D01022,AMINES & PLASTICIZERS LTD,200.09,204.7,198.0,198.56,199.4,-0.42,2993,594290.07
2025-11-26,AMRUTANJAN,EQ,INE098F01031,AMRUTAJAN HEALTH LTD,681.3,689.0,680.05,684.9,683.2,0.25,6007,4114194.45
2025-11-26,ANANDRATHI,EQ,INE463V01026,ANAND RATHI WEALTH LTD,1450.45,1466.7,1440.0,1447.8,1444.4,0.24,148566,215093862.05
2025-11-26,ANANTRAJ,EQ,INE242C01024,ANANT RAJ LIMITED,594.35,615.0,590.05,605.1,594.4,1.8,6960205,4211619875.57
2025-11-26,ANDHRAPAP,EQ,INE435A01051,ANDHRA PAPER LIMITED,68.6,69.08,67.8,68.52,68.06,0.68,66187,4535133.02
2025-11-26,ANDHRSUGAR,EQ,INE715B01021,ANDHRA SUGARS LTD,76.33,79.93,75.53,78.42,75.32,4.12,326851,25631654.82
2025-11-26,ANGELONE,EQ,INE732I01021,ANGEL ONE LIMITED,269.4,276.0,268.25,274.95,268.77,2.3,4565080,1255168801.73
2025-11-26,ANIKINDS,EQ,INE087B01017,ANIK INDUSTRIES LTD,66.9,67.51,64.99,66.56,65.83,1.11,13883,924052.45
2025-11-26,ANNAPURNA,EQ,INE0MGM01017,ANNAPURNA SWADISHT LTD,239.75,240.0,236.0,237.9,236.45,0.61,39250,9337574.76
2025-11-26,ANTELOPUS,EQ,INE818A01017,ANTELOPUS SELAN ENRGY LTD,406.4,423.85,406.0,417.0,403.5,3.35,108705,45329985.0
2025-11-26,ANTGRAPHIC,EQ,INE414B01021,ANTARCTICA LTD,0.99,1.0,0.95,0.99,0.96,3.13,164606,162959.94
2025-11-26,ANTHEM,EQ,INE0CZ201020,ANTHEM BIOSCIENCES LTD,634.05,641.0,630.2,632.6,634.3,-0.27,260057,164512051.85
2025-11-26,ANUHPHR,EQ,INE489G01022,ANUH PHARMA LIMITED,76.8,78.0,76.6,76.88,77.23,-0.45,30966,2380665.99
2025-11-26,ANUP,EQ,INE294Z01018,THE ANUP ENGINEERING LTD,2274.9,2326.9,2269.1,2308.9,2272.2,1.62,10777,24883014.25
2025-11-26,ANURAS,EQ,INE930P01018,ANUPAM RASAYAN INDIA LTD,1238.6,1242.8,1214.0,1231.8,1225.0,0.56,293470,361496360.33
2025-11-26,AONEGOLD,EQ,INF1J2R01114,AONEAMC - AONEGOLD,11.77,11.77,11.77,11.77,11.68,0.76,0,0.0
2025-11-26,AONELIQUID,EQ,INF1J2R01056,AONEAMC - AONELIQUID,1035.9,1035.9,1035.88,1035.89,1035.75,0.01,13201,13674784.08
2025-11-26,AONENIFTY,EQ,INF1J2R01064,AONEAMC - AONENIFTY,10.9,10.9,10.64,10.71,10.61,0.94,408827,4378537.19
2025-11-26,AONETOTAL,EQ,INF1J2R01015,AONEAMC - AONETOTAL,12.0,12.11,11.93,12.08,11.96,1.0,580131,7007982.44
2025-11-26,APARINDS,EQ,INE372A01015,APAR INDUSTRIES LTD.,8915.0,9176.0,8908.5,9156.5,8932.0,2.51,34440,315349860.0
2025-11-26,APCL,EQ,INE071F01012,ANJANI PORTLAND CEM LTD,124.0,124.0,120.0,120.34,120.22,0.1,17125,2060822.44
2025-11-26,APCOTEXIND,EQ,INE116A01032,APCOTEX INDUSTRIES LIMITE,403.0,409.0,396.95,403.85,403.35,0.12,27259,11008547.32
2025-11-26,APEX,EQ,INE346W01013,APEX FROZEN FOODS LIMITED,311.75,321.9,307.27,309.27,311.75,-0.8,929946,287604389.2
2025-11-26,APLAPOLLO,EQ,INE702C01027,APL APOLLO TUBES LTD,1699.9,1736.4,1692.9,1732.8,1698.4,2.03,219892,381028868.34
2025-11-26,APLLTD,EQ,INE901L01018,ALEMBIC PHARMA LTD,906.0,919.6,906.0,914.75,905.15,1.06,53748,49165983.0
2025-11-26,APOLLO,EQ,INE713T01028,APOLLO MICRO SYSTEMS LTD,273.1,277.3,270.0,271.3,272.65,-0.5,2769588,751389190.59
2025-11-26,APOLLOHOSP,EQ,INE437A01024,APOLLO HOSPITALS ENTER. L,7341.5,7402.0,7308.5,7393.0,7330.5,0.85,272489,2014511177.0
2025-11-26,APOLLOPIPE,EQ,INE126J01016,APOLLO PIPES LIMITED,297.65,303.95,290.0,301.55,300.3,0.42,60262,18172005.36
2025-11-26,APOLLOTYRE,EQ,INE438A01022,APOLLO TYRES LTD,524.25,526.65,518.1,521.45,522.05,-0.11,535179,279069096.08
2025-11-26,APOLSINHOT,EQ,INE451F01024,APOLLO SINDOORI HOTEL LTD,1309.9,1309.9,1285.0,1285.0,1295.4,-0.8,299,384215.0
2025-11-26,APTUS,EQ,INE852O01025,APTUS VALUE HSG FIN I LTD,282.6,285.9,279.3,281.2,280.5,0.25,1077229,302916807.95
2025-11-26,AQYLON,EQ,INE416A01051,AQYLON NEXUS LIMITED,1365.0,1418.0,1333.0,1392.5,1357.05,2.61,58308,81193890.0
2025-11-26,ARCHIDPLY,EQ,INE877I01016,ARCHIDPLY IND. LTD,90.0,93.17,90.0,90.25,89.97,0.31,4298,387894.5
2025-11-26,ARCHIES,EQ,INE731A01020,ARCHIES LTD,19.22,19.34,18.4,18.96,19.03,-0.37,28256,535733.73
2025-11-26,ARE&M,EQ,INE885A01032,AMARA RAJA ENERGY MOB LTD,946.0,951.5,941.0,949.8,945.6,0.44,146017,138686944.82
2025-11-26,ARENTERP,EQ,INE610C01014,RAJDARSHAN INDUSTRIES LTD,52.22,53.79,51.63,52.5,52.22,0.54,1973,103582.5
2025-11-26,ARFIN,EQ,INE784R01023,ARFIN INDIA LIMITED,56.96,58.66,56.5,57.19,57.73,-0.94,359529,20561463.02
2025-11-26,ARIHANTCAP,EQ,INE420B01036,ARIHANT CAPITAL MKTS LTD,99.99,101.9,98.57,100.76,98.92,1.86,1248795,125828586.87
2025-11-26,ARIHANTSUP,EQ,INE643K01018,ARIHANT SUPERSTRUCT LTD,353.7,354.9,346.25,350.55,349.35,0.34,19165,6718290.52
2025-11-26,ARIS,EQ,INE0H9P01028,ARISINFRA SOLUTIONS LTD,141.99,143.93,141.1,142.62,142.22,0.28,234438,33435546.42
2025-11-26,ARKADE,EQ,INE0QRL01017,ARKADE DEVELOPERS LIMITED,164.0,168.0,162.24,164.69,161.8,1.79,728331,119948834.17
2025-11-26,ARMANFIN,EQ,INE109C01017,ARMAN FIN SERV LTD,1649.0,1662.0,1620.2,1630.5,1634.1,-0.22,23252,37912386.0
2025-11-26,AROGRANITE,EQ,INE210C01013,ARO GRANITE IND. LTD.,36.0,36.01,33.0,33.32,35.07,-4.99,201262,6706049.78
2025-11-26,ARROWGREEN,EQ,INE570D01018,ARROW GREENTECH LIMITED,534.85,544.85,534.85,542.55,534.3,1.54,7487,4062071.76
2025-11-26,ARSSBL,EQ,INE549H01021,ANAND RATHI SH N STK BR L,718.6,728.85,701.65,708.5,715.75,-1.01,808463,572796035.5
2025-11-26,ARTEMISMED,EQ,INE025R01021,ARTEMIS MED SERVICE LTD,289.6,290.59,281.2,286.62,288.1,-0.51,230591,66091991.29
2025-11-26,ARTNIRMAN,EQ,INE738V01013,ART NIRMAN LIMITED,51.9,51.9,48.01,49.05,49.5,-0.91,1822,89369.1
2025-11-26,ARVEE,EQ,INE006Z01016,ARVEE LABORATORIES I LTD,163.77,163.77,163.7,163.7,163.77,-0.04,491,80376.7
2025-11-26,ARVIND,EQ,INE034A01011,ARVIND LIMITED,357.05,361.6,353.6,359.9,357.05,0.8,285274,102670110.86
2025-11-26,ARVINDFASN,EQ,INE955V01021,ARVIND FASHIONS LIMITED,509.65,527.95,507.0,523.6,507.6,3.15,241247,126316923.31
2025-11-26,ARVSMART,EQ,INE034S01021,ARVIND SMARTSPACES LTD,585.0,585.0,575.0,575.85,579.6,-0.65,31307,18028135.19
2025-11-26,ASAHIINDIA,EQ,INE439A01020,ASAHI INDIA GLASS LIMITED,1027.6,1036.7,1005.0,1028.3,1029.25,-0.09,151901,156199805.72
2025-11-26,ASAL,EQ,INE900C01027,AUTOMOTIVE STAMPINGS & AS,519.7,527.85,511.0,513.9,517.05,-0.61,21708,11155741.73
2025-11-26,ASALCBR,EQ,INE073G01016,ASSO ALCOHOLS & BREW LTD,982.5,1002.0,975.7,990.0,974.7,1.57,40952,40542480.0
2025-11-26,ASHAPURMIN,EQ,INE348A01023,ASHAPURA MINECHEM LTD,704.0,708.8,691.55,701.85,701.55,0.04,393929,276479059.03
2025-11-26,ASHIANA,EQ,INE365D01021,ASHIANA HOUSING LTD,298.0,304.3,298.0,301.65,301.55,0.03,19868,5993182.08
2025-11-26,ASHIMASYN,EQ,INE440A01010,ASHIMA LTD,18.9,19.94,18.9,19.63,19.22,2.13,83679,1642618.7
2025-11-26,ASHOKA,EQ,INE442H01029,ASHOKA BUILDCON LTD,177.75,180.9,175.35,178.0,177.7,0.17,596332,106147096.0
2025-11-26,ASHOKAMET,EQ,INE760Y01011,ASHOKA METCAST LIMITED,15.77,15.98,15.61,15.87,15.77,0.63,42488,674284.56
2025-11-26,ASHOKLEY,EQ,INE208A01029,ASHOK LEYLAND LTD,146.85,149.75,145.0,148.95,145.83,2.14,17859160,2660121827.5
2025-11-26,ASIANENE,EQ,INE276G01015,ASIAN ENERGY SERVICES LTD,304.0,311.8,295.8,299.2,300.95,-0.58,114984,34403214.2
2025-11-26,ASIANHOTNR,EQ,INE363A01022,ASIAN HOTELS (NORTH) LTD,329.75,329.9,321.25,323.35,329.05,-1.73,5663,1831131.08
2025-11-26,ASIANPAINT,EQ,INE021A01026,ASIAN PAINTS LIMITED,2880.0,2896.2,2857.6,2874.0,2875.8,-0.06,570376,1639260624.0
2025-11-26,ASIANTILES,EQ,INE022I01019,ASIAN GRANITO IND. LTD.,66.0,67.0,65.1,65.87,65.82,0.08,638699,42071104.88
2025-11-26,ASKAUTOLTD,EQ,INE491J01022,ASK AUTOMOTIVE LIMITED,483.95,495.4,480.0,493.5,476.6,3.55,587808,290083248.0
2025-11-26,ASPINWALL,EQ,INE991I01015,ASPINWALL & CO LTD,246.7,259.95,245.2,245.75,246.65,-0.36,6074,1492685.5
2025-11-26,ASTEC,EQ,INE563J01010,ASTEC LIFESCIENCES LTD,905.0,941.75,865.0,891.75,918.75,-2.94,5561392,4959371316.0
2025-11-26,ASTERDM,EQ,INE914M01019,ASTER DM QUALITY CARE LTD,660.1,668.5,657.0,665.45,660.0,0.83,438255,291636795.1
2025-11-26,ASTRAL,EQ,INE006I01046,ASTRAL LIMITED,1465.0,1481.4,1457.7,1466.0,1465.5,0.03,650660,953867560.0
2025-11-26,ASTRAMICRO,EQ,INE386C01029,ASTRA MICROWAVE LTD,944.1,953.9,938.1,945.9,943.7,0.23,119168,112721014.11
2025-11-26,ASTRAZEN,EQ,INE203A01020,ASTRAZENECA PHARMA IND LT,9071.0,9076.0,8976.0,9042.0,9026.0,0.18,5133,46412586.0
2025-11-26,ATALREAL,EQ,INE0ALR01029,ATAL REALTECH LIMITED,23.1,23.3,22.95,23.19,23.18,0.04,1741500,40385385.93
2025-11-26,ATAM,EQ,INE09KD01013,ATAM VALVES LIMITED,83.49,84.95,83.48,84.1,83.64,0.55,10878,914839.78
2025-11-26,ATGL,EQ,INE399L01023,ADANI TOTAL GAS LIMITED,607.15,609.2,604.6,605.75,604.75,0.17,233339,141345099.25
2025-11-26,ATHERENERG,EQ,INE0LEZ01016,ATHER ENERGY LIMITED,683.0,699.3,671.2,692.5,684.95,1.1,2257179,1563096457.5
2025-11-26,ATL,EQ,INE0NN701020,ALLCARGO TERMINALS LTD,27.83,27.97,27.0,27.32,27.09,0.85,228615,6245761.73
2025-11-26,ATLANTAA,EQ,INE285H01022,ATLANTAA LIMITED,40.91,42.95,40.02,42.95,40.91,4.99,110450,4743827.58
2025-11-26,ATLANTAELE,EQ,INE0Z4F01028,ATLANTA ELECTRICALS LTD,979.0,979.0,958.0,966.05,972.95,-0.71,68907,66567606.51
2025-11-26,ATLASCYCLE,EQ,INE446A01025,ATLAS CYCLE (HARYANA) LTD,93.01,95.9,93.0,94.18,91.7,2.7,5164,486345.52
2025-11-26,ATUL,EQ,INE100A01010,ATUL LTD,5940.0,5995.0,5910.0,5939.0,5971.5,-0.54,17794,105678566.0
2025-11-26,ATULAUTO,EQ,INE951D01028,ATUL AUTO LIMITED,449.75,466.5,449.75,460.85,449.3,2.57,102911,47426534.98
2025-11-26,AUBANK,EQ,INE949L01017,AU SMALL FINANCE BANK LTD,943.0,962.65,941.0,953.75,944.05,1.03,2849853,2718047298.75
2025-11-26,AURIONPRO,EQ,INE132H01018,AURIONPRO SOLN LTD,1070.0,1109.0,1064.0,1105.2,1069.2,3.37,83398,92171465.53
2025-11-26,AUROPHARMA,EQ,INE406A01037,AUROBINDO PHARMA LTD,1210.0,1237.3,1195.7,1227.4,1208.0,1.61,1126656,1382857601.91
2025-11-26,AURUM,EQ,INE898S01029,AURUM PROPTECH LIMITED,167.59,167.59,161.05,161.99,161.93,0.04,49537,8024498.9
2025-11-26,AURUS,EQ,INE142K01011,AURUS GEM CORP LIMITED,5.08,5.15,4.92,5.04,5.08,-0.79,14677,73972.08
2025-11-26,AUSOMENT,EQ,INE218C01016,AUSOM ENTERPRISE LIMITED,108.0,113.73,104.0,109.13,109.47,-0.31,19833,2164375.24
2025-11-26,AUTOAXLES,EQ,INE449A01011,AUTOMOTIVE AXLES LIMITED,1590.0,1619.9,1590.0,1609.4,1594.9,0.91,2092,3366864.85
2025-11-26,AUTOBEES,EQ,INF204KC1337,NIPPONAMC - NETFAUTO,281.98,293.0,279.96,284.94,280.57,1.56,264287,75305938.43
2025-11-26,AUTOIETF,EQ,INF109KC10V2,ICICIPRAMC - ICICIAUTO,28.25,28.53,28.2,28.48,28.19,1.03,674372,19206114.25
2025-11-26,AUTOIND,EQ,INE718H01014,AUTOLINE INDUSTRIES LTD,63.21,67.03,62.9,66.65,63.21,5.44,102176,6810030.56
2025-11-26,AVADHSUGAR,EQ,INE349W01017,AVADH SUG & ENERGY LTD,386.8,386.8,377.65,384.0,381.1,0.76,26136,10036224.0
2025-11-26,AVALON,EQ,INE0LCL01028,AVALON TECHNOLOGIES LTD,968.9,1001.5,964.0,991.8,968.9,2.36,143527,142350076.85
2025-11-26,AVANTEL,EQ,INE005B01027,AVANTEL LIMITED,160.0,160.0,150.0,153.7,151.21,1.65,1657253,254719781.04
2025-11-26,AVANTIFEED,EQ,INE871C01038,AVANTI FEEDS LIMITED,829.9,846.0,825.0,836.25,826.35,1.2,519913,434777246.25
2025-11-26,AVL,EQ,INE679V01027,ADITYA VISION LIMITED,535.05,542.1,531.45,539.45,534.95,0.84,51778,27931642.73
2025-11-26,AVONMORE,EQ,INE323B01024,AVONMORE CAP&MGT SERV LTD,18.16,19.0,18.1,18.19,18.5,-1.68,186258,3388033.12
2025-11-26,AVROIND,EQ,INE652Z01025,AVRO INDIA LIMITED,12.92,14.7,12.7,14.04,13.02,7.84,198780,2791070.05
2025-11-26,AVTNPL,EQ,INE488D01021,AVT NATURAL PRODUCTS LTD,68.9,70.5,68.48,68.82,68.93,-0.16,37604,2587907.27
2025-11-26,AWFIS,EQ,INE108V01019,AWFIS SPACE SOLUTIONS LTD,535.75,548.0,533.95,546.15,537.25,1.66,192217,104979319.24
2025-11-26,AWHCL,EQ,INE01BK01022,ANTONY WASTE HDG CELL LTD,455.0,468.0,455.0,463.4,456.1,1.6,46220,21418347.72
2025-11-26,AWL,EQ,INE699H01024,AWL AGRI BUSINESS LIMITED,272.5,274.0,262.1,264.25,271.45,-2.65,2653613,701217235.25
2025-11-26,AXISBANK,EQ,INE238A01034,AXIS BANK LIMITED,1271.9,1292.8,1269.3,1290.2,1266.3,1.89,4842021,6247175257.77
2025-11-26,AXISCADES,EQ,INE555B01013,AXISCADES TECH LTD,1412.2,1436.0,1412.2,1428.6,1415.7,0.91,19286,27551979.13
2025-11-26,AXITA,EQ,INE02EZ01022,AXITA COTTON LIMITED,7.58,8.73,7.57,8.44,7.49,12.62,6981334,58897069.39
2025-11-26,AYMSYNTEX,EQ,INE193B01039,AYM SYNTEX LIMITED,164.35,173.99,160.04,166.66,164.35,1.41,21398,3566190.76
2025-11-26,AZAD,EQ,INE02IJ01035,AZAD ENGINEERING LIMITED,1622.7,1660.0,1622.7,1633.3,1622.4,0.67,119939,195896374.56
2025-11-26,BAGFILMS,EQ,INE116D01028,B.A.G FILMS AND MEDIA LTD,6.33,6.33,6.07,6.15,6.18,-0.49,101863,626457.46
2025-11-26,BAIDFIN,EQ,INE020D01022,BAID FINSERV LIMITED,10.02,10.3,10.01,10.13,10.17,-0.39,74975,759496.76
2025-11-26,BAJAJ-AUTO,EQ,INE917I01010,BAJAJ AUTO LIMITED,9054.0,9180.0,9028.0,9164.0,9048.0,1.28,354143,3245366452.0
2025-11-26,BAJAJCON,EQ,INE933K01021,BAJAJ CONSUMER CARE LTD,262.2,268.7,260.45,266.8,262.2,1.75,1037544,276816726.53
2025-11-26,BAJAJELEC,EQ,INE193E01025,BAJAJ ELECT.LTD,491.4,492.7,486.95,488.3,488.8,-0.1,108880,53166102.67
2025-11-26,BAJAJFINSV,EQ,INE918I01026,BAJAJ FINSERV LTD.,2035.0,2088.5,2030.9,2085.1,2030.2,2.7,928388,1935781909.46
2025-11-26,BAJAJHCARE,EQ,INE411U01027,BAJAJ HEALTHCARE LIMITED,428.0,433.05,425.0,426.85,429.25,-0.56,34722,14821085.91
2025-11-26,BAJAJHFL,EQ,INE377Y01014,BAJAJ HOUSING FINANCE LTD,105.0,105.71,104.85,105.0,104.96,0.04,4718237,495414885.0
2025-11-26,BAJAJHIND,EQ,INE306A01021,BAJAJ HINDUSTHAN SUGAR LT,20.38,21.2,20.35,20.97,20.35,3.05,4466864,93670135.01
2025-11-26,BAJAJHLDNG,EQ,INE118A01012,BAJAJ HOLDINGS & INVS LTD,11690.0,11818.0,11425.0,11734.0,11640.0,0.81,65740,771393160.0
2025-11-26,BAJAJINDEF,EQ,INE0O9T01021,INDEF MANUFACTURING LTD,340.7,342.1,331.45,333.3,333.5,-0.06,7385,2461420.41
2025-11-26,BAJEL,EQ,INE0KQN01018,BAJEL PROJECTS LIMITED,178.0,182.27,176.93,177.32,178.12,-0.45,105559,18717722.65
2025-11-26,BAJFINANCE,EQ,INE296A01032,BAJAJ FINANCE LIMITED,986.2,1012.8,981.3,1010.7,986.2,2.48,9772235,9876798033.79
2025-11-26,BALAJEE,EQ,INE0S2G01011,SHREE TIRUPATI BALAJEE L,40.9,42.0,40.71,41.77,40.55,3.01,53066,2216566.84
2025-11-26,BALAJITELE,EQ,INE794B01026,BALAJI TELEFILMS LIMITED.,116.84,121.0,116.84,119.07,116.52,2.19,126186,15024966.98
2025-11-26,BALAMINES,EQ,INE050E01027,BALAJI AMINES LIMITED,1174.9,1174.9,1140.1,1163.0,1171.9,-0.76,108225,125865675.0
2025-11-26,BALAXI,EQ,INE618N01022,BALAXI PHARMA LTD,38.29,38.9,37.85,38.0,38.18,-0.47,88669,3369422.0
2025-11-26,BALKRISHNA,EQ,INE875R01011,BALKRISHNA PAPER MILLS L,22.34,22.34,21.05,21.36,21.01,1.67,9175,195978.01
2025-11-26,BALKRISIND,EQ,INE787D01026,BALKRISHNA IND. LTD,2323.0,2328.7,2273.0,2313.0,2304.8,0.36,103409,239185017.0
2025-11-26,BALMLAWRIE,EQ,INE164A01016,BALMER LAWRIE & CO LTD,185.31,190.17,185.31,186.98,185.21,0.96,104930,19619810.95
2025-11-26,BALPHARMA,EQ,INE083D01012,BAL PHARMA LTD.,74.11,76.99,74.0,76.7,74.21,3.36,5465,419165.48
2025-11-26,BALRAMCHIN,EQ,INE119A01028,BALRAMPUR CHINI MILLS LTD,448.0,455.1,448.0,453.1,449.85,0.72,105760,47919856.65
2025-11-26,BALUFORGE,EQ,INE011E01029,BALU FORGE INDUSTRIES LTD,624.9,632.1,620.45,625.95,623.15,0.45,355166,222316162.04
2025-11-26,BANARBEADS,EQ,INE655B01011,BANARAS BEADS LTD,130.01,134.0,130.01,131.67,128.77,2.25,5369,706936.22
2025-11-26,BANARISUG,EQ,INE459A01010,BANNARI AMMAN SUGARS LTD,3601.8,3631.4,3600.0,3604.3,3601.8,0.07,240,865032.01
2025-11-26,BANCOINDIA,EQ,INE213C01025,BANCO PRODUCTS (I) LTD,674.0,686.5,670.1,684.45,673.65,1.6,434308,297262115.9
2025-11-26,BANDHANBNK,EQ,INE545U01014,BANDHAN BANK LIMITED,150.0,152.5,149.72,151.18,149.63,1.04,4999472,755820140.34
2025-11-26,BANG,EQ,INE863I01016,BANG OVERSEAS LTD.,53.8,55.9,52.32,53.19,53.14,0.09,25980,1381876.16
2025-11-26,BANKA,EQ,INE862Y01015,BANKA BIOLOO LIMITED,72.6,74.98,72.6,74.23,73.78,0.61,2243,166497.9
2025-11-26,BANKADD,EQ,INF740KA1RX3,DSPAMC - DSPBANK,60.36,60.75,60.36,60.65,59.95,1.17,26268,1593154.24
2025-11-26,BANKBARODA,EQ,INE028A01039,BANK OF BARODA,287.0,293.0,286.95,288.4,287.25,0.4,5874557,1694222202.94
2025-11-26,BANKBEES,EQ,INF204KB15I9,NIP IND ETF BANK BEES,608.98,614.85,608.25,614.22,606.43,1.28,916895,563175220.04
2025-11-26,BANKBETF,EQ,INF0QA701714,BFAM - BANKBETF,59.69,60.26,59.68,60.22,59.45,1.3,11610,699154.21
2025-11-26,BANKETF,EQ,INF769K01KR3,MIRAEAMC - BANKETF,600.85,604.39,600.5,603.97,596.23,1.3,6625,4001301.06
2025-11-26,BANKIETF,EQ,INF109KC15I8,ICICIPRAMC - IPRU5008,60.24,60.91,60.24,60.82,60.1,1.2,209533,12743797.0
2025-11-26,BANKINDIA,EQ,INE084A01016,BANK OF INDIA,148.0,151.43,147.52,148.85,147.21,1.11,11556248,1720147585.33
2025-11-26,BANKNIFTY1,EQ,INF174KA1ZB7,KOTAKMAMC-KOTAKBKETF,610.92,616.66,610.91,615.98,608.54,1.22,15088,9293905.95
2025-11-26,BANKPSU,EQ,INF769K01LZ4,MIRAEAMC - BANKPSU,85.56,86.89,85.56,85.79,85.25,0.63,24448,2097393.94
2025-11-26,BANSALWIRE,EQ,INE0B9K01025,BANSAL WIRE INDUSTRIES L,318.9,321.85,315.2,316.65,318.85,-0.69,31714,10042237.91
2025-11-26,BANSWRAS,EQ,INE629D01020,BANSWARA SYNTEX LIMITED,122.0,122.0,118.01,119.27,119.79,-0.43,4344,518108.87
2025-11-26,BASF,EQ,INE373A01013,BASF INDIA LTD,4239.4,4239.4,4193.0,4199.2,4228.2,-0.69,59854,251338928.49
2025-11-26,BATAINDIA,EQ,INE176A01028,BATA INDIA LTD,1002.3,1006.9,998.2,1000.3,1006.3,-0.6,103203,103233959.64
2025-11-26,BAYERCROP,EQ,INE462A01022,BAYER CROPSCIENCE LTD,4624.9,4624.9,4571.9,4587.5,4607.5,-0.43,21457,98433987.5
2025-11-26,BBETF0432,EQ,INF754K01OB1,EDELAMC - BBETF0432,1309.5,1311.0,1308.5,1310.35,1309.98,0.03,10924,14314263.13
2025-11-26,BBL,EQ,INE464A01036,BHARAT BIJLEE LTD,2862.8,2940.0,2862.7,2893.8,2852.0,1.47,8729,25259980.63
2025-11-26,BBNPNBETF,EQ,INF251K01TL6,BARODABNP - BBNPNBETF,59.4,59.77,59.4,59.7,59.33,0.62,895,53431.5
2025-11-26,BBNPPGOLD,EQ,INF251K01SU9,BARODABNP - BBNPPGOLD,120.3,122.4,120.3,122.2,120.9,1.08,29625,3620174.91
2025-11-26,BBOX,EQ,INE676A01027,BLACK BOX LIMITED,516.25,542.05,516.05,542.05,516.25,5.0,1045075,566482890.99
2025-11-26,BBTC,EQ,INE050A01025,BOMBAY BURMAH TRADING COR,1844.0,1859.1,1821.4,1842.0,1828.7,0.73,65576,120790992.0
2025-11-26,BBTCL,EQ,INE01EE01011,B&B TRIPLEWALL CONT LTD,209.8,209.8,205.0,207.21,204.16,1.49,815,168876.16
2025-11-26,BCG,EQ,INE425B01027,BRIGHTCOM GROUP LIMITED,12.9,13.0,12.85,12.9,12.9,0.0,3462090,44660959.68
2025-11-26,BCLIND,EQ,INE412G01024,BCL INDUSTRIES LIMITED,34.95,34.95,33.97,34.26,34.38,-0.35,583041,19974983.68
2025-11-26,BCONCEPTS,EQ,INE977Y01011,BRAND CONCEPTS LIMITED,328.65,334.0,325.0,332.5,328.65,1.17,5075,1687437.5
2025-11-26,BDL,EQ,INE171Z01026,BHARAT DYNAMICS LIMITED,1472.2,1493.1,1469.7,1487.6,1462.4,1.72,617077,917963730.13
2025-11-26,BEARDSELL,EQ,INE520H01022,BEARDSELL LIMITED,30.74,30.74,29.27,29.5,30.24,-2.45,63262,1866229.0
2025-11-26,BECTORFOOD,EQ,INE495P01020,MRS BECTORS FOOD SPE LTD,256.98,260.0,255.38,256.98,254.94,0.8,190160,48867318.89
2025-11-26,BEDMUTHA,EQ,INE844K01012,BEDMUTHA INDUST LTD,104.99,105.0,100.0,101.61,102.15,-0.53,19531,1984544.92
2025-11-26,BEL,EQ,INE263A01024,BHARAT ELECTRONICS LTD,410.25,416.5,408.5,415.3,410.25,1.23,8339381,3463344827.5
2025-11-26,BELLACASA,EQ,INE344T01014,BELLA CASA FASH AND RET L,427.95,428.5,409.75,417.15,421.15,-0.95,3887,1621462.03
2025-11-26,BELRISE,EQ,INE894V01022,BELRISE INDUSTRIES LTD,158.36,161.69,158.11,158.93,157.92,0.64,2765052,439449694.11
2025-11-26,BEML,EQ,INE258A01024,BEML LIMITED,1854.9,1881.9,1839.7,1875.1,1841.3,1.84,130010,243781747.83
2025-11-26,BEPL,EQ,INE922A01025,BHANSALI ENG. POLYMERS LT,91.0,92.05,90.85,91.7,91.21,0.54,139317,12775368.47
2025-11-26,BERGEPAINT,EQ,INE463A01038,BERGER PAINTS (I) LTD,570.0,578.0,558.85,575.65,569.15,1.14,319450,183891400.3
2025-11-26,BESTAGRO,EQ,INE052T01021,BEST AGROLIFE LIMITED,20.67,24.13,20.67,24.13,20.11,19.99,24162210,583114664.93
2025-11-26,BETA,EQ,INE351Y01019,BETA DRUGS LIMITED,1669.95,1669.95,1620.1,1659.6,1636.6,1.41,5533,9182566.66
2025-11-26,BFINVEST,EQ,INE878K01010,BF INVESTMENT LIMITED,441.2,444.4,437.6,441.95,437.15,1.1,9684,4279843.92
2025-11-26,BFSI,EQ,INF769K01HI8,MIRAEAMC - MAFSETF,28.43,28.77,28.35,28.74,28.34,1.41,166768,4792912.28
2025-11-26,BFUTILITIE,EQ,INE243D01012,BF UTILITIES LIMITED,642.45,654.0,639.0,645.3,647.75,-0.38,8979,5794148.59
2025-11-26,BHAGCHEM,EQ,INE414D01027,BHAGIRADHA CHEM & INDS L,249.0,255.0,247.06,249.38,248.45,0.37,24746,6171157.6
2025-11-26,BHAGYANGR,EQ,INE458B01036,BHAGYANAGAR INDIA LIMITED,135.91,140.99,132.5,138.12,136.71,1.03,48723,6729620.52
2025-11-26,BHANDARI,EQ,INE474E01029,BHANDARI HOSIERY EXP LTD,4.34,4.4,4.26,4.32,4.34,-0.46,212918,919805.8
2025-11-26,BHARATFORG,EQ,INE465A01025,BHARAT FORGE LTD,1408.0,1436.0,1405.3,1431.3,1409.7,1.53,567619,812433102.42
2025-11-26,BHARATRAS,EQ,INE838B01021,BHARAT RASAYAN LTD,2567.75,2615.0,2562.25,2602.75,2566.25,1.42,12388,32242867.0
2025-11-26,BHARATSE,EQ,INE415D01024,BHARAT SEATS LIMITED,175.49,176.78,172.05,174.06,174.89,-0.47,113728,19795495.4
2025-11-26,BHARATWIRE,EQ,INE316L01019,BHARAT WIRE ROPES LTD.,175.0,183.5,175.0,182.38,178.94,1.92,91728,16729353.09
2025-11-26,BHARTIARTL,EQ,INE397D01024,BHARTI AIRTEL LIMITED,2104.0,2134.9,2097.5,2126.8,2161.6,-1.61,43174047,91822565267.71
2025-11-26,BHARTIHEXA,EQ,INE343G01021,BHARTI HEXACOM LIMITED,1763.6,1796.0,1742.6,1778.8,1777.4,0.08,213605,379960584.43
2025-11-26,BHEL,EQ,INE257A01026,BHEL,282.8,290.25,282.15,289.7,282.9,2.4,11134915,3225785011.42
2025-11-26,BIGBLOC,EQ,INE412U01025,BIGBLOC CONSTRUCTION LTD,57.35,68.4,56.1,66.11,57.35,15.27,2615518,172911896.58
2025-11-26,BIKAJI,EQ,INE00E101023,BIKAJI FOODS INTERN LTD,708.2,713.75,703.95,710.5,705.5,0.71,54177,38492758.5
2025-11-26,BIL,EQ,INE828A01016,BHARTIYA INTERNATIONAL,813.05,836.95,800.0,806.65,815.45,-1.08,2870,2315085.57
2025-11-26,BIOCON,EQ,INE376G01013,BIOCON LIMITED.,394.15,400.0,392.5,398.45,393.25,1.32,1595568,635754089.08
2025-11-26,BIOFILCHEM,EQ,INE829A01014,BIOFIL CHEM & PHARMA LTD,37.01,38.48,36.16,37.33,37.0,0.89,3288,122741.05
2025-11-26,BIRLACABLE,EQ,INE800A01015,BIRLA CABLE LIMITED,145.75,148.85,144.0,147.42,145.0,1.67,15834,2334248.25
2025-11-26,BIRLACORPN,EQ,INE340A01012,BIRLA CORPORATION LTD,1125.0,1134.0,1123.5,1131.6,1125.8,0.52,26526,30016820.95
2025-11-26,BIRLAMONEY,EQ,INE865C01022,ADITYA BIRLA MONEY LTD,154.0,158.69,154.0,155.26,154.39,0.56,30531,4740242.89
2025-11-26,BIRLANU,EQ,INE557A01011,BIRLANU LIMITED,1655.3,1700.0,1655.0,1691.2,1675.8,0.92,15702,26555221.63
2025-11-26,BLACKBUCK,EQ,INE0UIZ01018,BLACKBUCK LIMITED,662.25,681.25,659.45,678.1,662.5,2.35,604770,410094522.24
2025-11-26,BLAL,EQ,INE0N7W01012,BEML LAND ASSETS LIMITED,203.5,204.54,200.8,202.1,201.66,0.22,33349,6739833.1
2025-11-26,BLBLIMITED,EQ,INE791A01024,BLB LIMITED,16.62,17.18,16.42,16.57,16.7,-0.78,28159,466594.62
2025-11-26,BLKASHYAP,EQ,INE350H01032,B.L.KASHYAP & SON LTD,48.49,49.28,47.61,47.78,47.69,0.19,843875,40320346.47
2025-11-26,BLS,EQ,INE153T01027,BLS INTL SERVS LTD,313.2,318.0,312.4,313.75,312.95,0.26,1136496,356575620.0
2025-11-26,BLSE,EQ,INE0NLT01010,BLS E-SERVICES LIMITED,219.31,224.0,215.31,221.95,217.57,2.01,755896,167771114.89
2025-11-26,BLUECOAST,EQ,INE472B01011,BLUE COAST HOTELS LIMITED,42.45,44.3,40.35,41.09,42.45,-3.2,5826,239390.34
2025-11-26,BLUEDART,EQ,INE233B01017,BLUE DART EXPRESS LTD,5715.0,5771.0,5715.0,5750.5,5714.5,0.63,11056,63577528.0
2025-11-26,BLUEJET,EQ,INE0KBH01020,BLUE JET HEALTHCARE LTD,563.05,573.6,558.25,570.65,564.4,1.11,184726,105413896.41
2025-11-26,BLUESTARCO,EQ,INE472A01039,BLUE STAR LIMITED,1760.5,1780.0,1750.0,1775.9,1746.7,1.67,299463,531816349.01
2025-11-26,BLUESTONE,EQ,INE304W01038,BLUESTONE JEWEL LFSTL LTD,561.4,567.9,552.2,558.5,556.95,0.28,83780,46791130.0
2025-11-26,BLUSPRING,EQ,INE0U4101014,BLUSPRING ENTERPRISES LTD,72.06,73.97,71.0,71.9,72.06,-0.22,123399,8872388.29
2025-11-26,BMWVENTLTD,EQ,INE965W01036,BMW VENTURES LIMITED,65.47,66.0,64.31,64.7,65.47,-1.18,305362,19756920.47
2025-11-26,BNKETFAXIS,EQ,INF846K01X63,AXISAMC-BNKETFAXIS,609.59,612.64,609.43,611.7,603.77,1.31,637,389652.91
2025-11-26,BODALCHEM,EQ,INE338D01028,BODAL CHEMICALS LTD,54.05,55.24,54.05,54.44,53.93,0.95,124122,6757201.51
2025-11-26,BOHRAIND,EQ,INE802W01023,BOHRA INDUSTRIES LIMITED,19.49,20.04,19.05,20.04,19.09,4.98,34083,683023.35
2025-11-26,BOMDYEING,EQ,INE032A01023,BOMBAY DYEING & MFG. CO L,143.26,147.0,143.26,146.05,143.2,1.99,481327,70297809.82
2025-11-26,BORANA,EQ,INE16SF01016,BORANA WEAVES LIMITED,296.49,298.0,289.75,291.66,290.72,0.32,88401,25783035.98
2025-11-26,BOROLTD,EQ,INE02PY01013,BOROSIL LIMITED,328.95,328.95,320.4,321.35,323.85,-0.77,31312,10062111.39
2025-11-26,BORORENEW,EQ,INE666D01022,BOROSIL RENEWABLES LTD,587.4,603.0,583.8,600.9,583.05,3.06,421672,253382715.09
2025-11-26,BOROSCI,EQ,INE02L001032,BOROSIL SCIENTIFIC LTD,127.2,127.77,124.75,125.53,125.32,0.17,28244,3545469.29
2025-11-26,BOSCH-HCIL,EQ,INE782A01015,BOSCH HOME COMFRT IND LTD,1746.2,1746.2,1700.0,1716.0,1746.2,-1.73,10323,17714268.0
2025-11-26,BOSCHLTD,EQ,INE323A01026,BOSCH LIMITED,35925.0,36590.0,35805.0,36485.0,35770.0,2.0,14212,518524820.0
2025-11-26,BPCL,EQ,INE029A01011,BHARAT PETROLEUM CORP  LT,356.8,368.0,356.1,367.65,355.85,3.32,7651793,2813181649.75
2025-11-26,BPL,EQ,INE110A01019,BPL LTD,60.78,63.45,60.6,61.06,60.78,0.46,106589,6508324.49
2025-11-26,BRIGADE,EQ,INE791I01019,BRIGADE ENTER. LTD,677.03,686.17,668.25,683.7,674.4,1.38,233594,159708220.65
2025-11-26,BRIGHOTEL,EQ,INE03NU01014,BRIGADE HOTEL VENTURE LTD,78.3,79.65,77.73,78.51,77.99,0.67,68433,5372674.98
2025-11-26,BRITANNIA,EQ,INE216A01030,BRITANNIA INDUSTRIES LTD,5865.0,5904.5,5843.0,5880.5,5867.0,0.23,157291,924949725.5
2025-11-26,BRNL,EQ,INE727S01012,BHARAT ROAD NETWORK LTD,25.1,25.1,24.37,24.69,24.36,1.35,69062,1705140.82
2025-11-26,BROOKS,EQ,INE650L01011,BROOKS LAB LIMITED,101.34,106.7,99.95,105.13,99.93,5.2,53254,5598592.87
2025-11-26,BSE,EQ,INE118H01025,BSE LIMITED,2840.6,2906.8,2828.8,2886.7,2840.6,1.62,3135392,9050935933.3
2025-11-26,BSE500IETF,EQ,INF109KC1V59,ICICIPRAMC - ICICI500,40.21,40.38,40.01,40.33,40.01,0.8,124611,5025561.86
2025-11-26,BSHSL,EQ,INE032Z01020,BOMBAY SUPER HYBRID SEEDS,109.19,113.49,105.9,110.25,109.19,0.97,26813,2956133.25
2025-11-26,BSL,EQ,INE594B01012,BSL LTD,173.11,178.06,171.0,175.03,175.52,-0.28,19634,3436539.0
2025-11-26,BSLGOLDETF,EQ,INF209KB18D3,ADITYBIRLA SL GOLD ETF-GR,111.17,111.17,110.32,110.96,110.06,0.82,1993331,221180005.94
2025-11-26,BSLNIFTY,EQ,INF209KB19D1,ADITYBIRLA SL NIF ETF-GR,30.26,30.48,30.03,30.43,30.11,1.06,158233,4815030.24
2025-11-26,BSLSENETFG,EQ,INF209KB10E8,BIRLASLAMC - BSLSENETFG,86.47,86.47,84.92,85.46,84.93,0.62,2379,203309.34
2025-11-26,BSOFT,EQ,INE836A01035,BIRLASOFT LIMITED,381.6,388.45,378.3,386.6,380.0,1.74,690952,267122047.42
2025-11-26,BTML,EQ,INE0EEJ01023,BODHI TREE MULTIMEDIA LTD,8.79,9.25,8.52,8.66,8.54,1.41,258916,2242212.52
2025-11-26,BUTTERFLY,EQ,INE295F01017,BTRFLY GANDHI APPL LTD,709.9,713.9,702.2,709.9,701.7,1.17,1995,1416250.55
2025-11-26,BVCL,EQ,INE139I01011,BARAK VALLEY CEM. LTD.,41.26,43.39,41.2,41.45,42.79,-3.13,20104,833310.82
2025-11-26,CAMLINFINE,EQ,INE052I01032,CAMLIN FINE SCIENCES LTD,152.17,160.94,151.22,158.53,152.07,4.25,348582,55260704.03
2025-11-26,CAMPUS,EQ,INE278Y01022,CAMPUS ACTIVEWEAR LIMITED,273.65,275.8,271.75,274.8,273.7,0.4,232925,64007787.16
2025-11-26,CAMS,EQ,INE596I01020,COMPUTER AGE MNGT SER LTD,782.2,794.0,780.5,786.76,778.88,1.01,1562110,1229005678.85
2025-11-26,CANBK,EQ,INE476A01022,CANARA BANK,149.69,152.5,148.92,150.16,148.69,0.99,30511761,4581646143.5
2025-11-26,CANFINHOME,EQ,INE477A01020,CAN FIN HOMES LTD,886.0,905.9,884.1,889.85,883.3,0.74,201907,179666939.02
2025-11-26,CANHLIFE,EQ,INE01TY01017,CANARA HSBC LIFE INS CO L,122.4,127.54,122.4,125.0,122.82,1.77,1047936,130992000.0
2025-11-26,CANTABIL,EQ,INE068L01024,CANTABIL RETAIL LTD,251.5,255.0,248.0,248.65,252.35,-1.47,117754,29279531.38
2025-11-26,CAPACITE,EQ,INE264T01014,CAPACITE INFRAPROJECT LTD,276.15,286.8,276.0,283.65,275.65,2.9,252439,71604320.81
2025-11-26,CAPILLARY,EQ,INE0ILV01024,CAPILLARY TECHNO INDIA L,726.85,798.95,666.75,689.3,732.15,-5.85,44194333,30463153197.42
2025-11-26,CAPITALSFB,EQ,INE646H01017,CAPITAL SMALL FIN BANK L,278.1,280.6,276.4,278.75,278.1,0.23,15353,4279648.75
2025-11-26,CAPLIPOINT,EQ,INE475E01026,CAPLIN POINT LAB LTD.,1903.9,1922.1,1886.0,1918.5,1905.0,0.71,52179,100105411.5
2025-11-26,CARBORUNIV,EQ,INE120A01034,CARBORUNDUM UNIVERSAL LTD,836.0,933.0,836.0,876.55,835.15,4.96,6981690,6119800284.27
2025-11-26,CARERATING,EQ,INE752H01013,CARE RATINGS LIMITED,1501.0,1548.0,1501.0,1537.0,1509.8,1.8,33747,51869139.0
2025-11-26,CARRARO,EQ,INE0V7W01012,CARRARO INDIA LIMITED,548.0,555.5,538.05,540.6,544.65,-0.74,505041,273025152.27
2025-11-26,CARTRADE,EQ,INE290S01011,CARTRADE TECH LIMITED,3099.9,3189.0,3068.2,3175.8,3091.5,2.73,225727,716863817.62
2025-11-26,CARYSIL,EQ,INE482D01024,CARYSIL LIMITED,968.5,1003.8,963.25,1000.1,958.85,4.3,146606,146620657.02
2025-11-26,CASTROLIND,EQ,INE172A01027,CASTROL INDIA LIMITED,191.65,192.82,190.33,192.0,191.64,0.19,817981,157052352.0
2025-11-26,CCAVENUE,EQ,INE483S01020,AVENUESAI LIMITED,19.23,19.88,19.08,19.65,19.23,2.18,12324131,242169169.45
2025-11-26,CCCL,EQ,INE429I01024,CONS. CONST. CONSORT LTD,19.86,20.4,18.75,19.43,19.47,-0.21,168858,3280910.99
2025-11-26,CCHHL,EQ,INE652F01027,COUNTRY CLUB HOSP HOL LTD,16.0,16.28,15.71,16.0,15.72,1.78,11288,180608.0
2025-11-26,CCL,EQ,INE421D01022,CCL PRODUCTS (I) LTD,985.9,1035.0,985.9,1022.75,983.3,4.01,515928,527665362.0
2025-11-26,CDSL,EQ,INE736A01011,CENTRAL DEPO SER (I) LTD,1580.0,1625.8,1577.8,1619.9,1574.1,2.91,1900973,3079386209.11
2025-11-26,CEATLTD,EQ,INE482A01020,CEAT LIMITED,3899.0,3899.0,3856.9,3888.2,3872.9,0.4,53261,207089417.6
2025-11-26,CEIGALL,EQ,INE0AG901020,CEIGALL INDIA LIMITED,241.25,241.9,238.1,239.1,238.2,0.38,114439,27362365.6
2025-11-26,CELEBRITY,EQ,INE185H01016,CELEBRITY FASHIONS LTD,10.03,10.45,9.9,10.0,10.19,-1.86,51886,518860.0
2025-11-26,CELLO,EQ,INE0LMW01024,CELLO WORLD LIMITED,590.0,602.35,585.55,598.95,589.3,1.64,90555,54237918.36
2025-11-26,CEMPRO,EQ,INE686A01026,CEMINDIA PROJECTS LIMITED,780.45,795.0,772.9,791.95,771.85,2.6,190866,151156331.03
2025-11-26,CENTENKA,EQ,INE485A01015,CENTURY ENKA LTD,459.0,461.95,454.0,459.85,456.45,0.74,10476,4817388.66
2025-11-26,CENTEXT,EQ,INE281A01026,CENTURY EXTRUSIONS LTD,23.55,24.55,23.55,24.08,23.84,1.01,45865,1104429.2
2025-11-26,CENTRALBK,EQ,INE483A01010,CENTRAL BANK OF INDIA,38.49,39.47,38.35,38.75,38.34,1.07,8590361,332876488.75
2025-11-26,CENTRUM,EQ,INE660C01027,CENTRUM CAPITAL LIMITED,29.3,30.0,28.51,29.42,29.12,1.03,1077053,31686899.34
2025-11-26,CENTUM,EQ,INE320B01020,CENTUM ELECTRONICS LTD,2431.0,2431.0,2348.2,2413.2,2399.7,0.56,11993,28941507.01
2025-11-26,CENTURYPLY,EQ,INE348B01021,CENTURY PLYBOARDS (I) LTD,785.4,818.0,780.0,815.9,789.95,3.29,332903,271615565.83
2025-11-26,CERA,EQ,INE739E01017,CERA SANITARYWARE LTD,5500.0,5578.0,5439.5,5552.0,5467.0,1.55,11653,64697456.0
2025-11-26,CESC,EQ,INE486A01021,CESC LTD,167.39,173.99,167.39,173.44,167.13,3.78,1567833,271924959.35
2025-11-26,CEWATER,EQ,INE037Z01029,CONCORD ENVIRO SYSTEMS L,415.2,419.9,411.35,415.9,410.05,1.43,20188,8396189.08
2025-11-26,CGCL,EQ,INE180C01042,CAPRI GLOBAL CAPITAL LTD,190.0,190.5,186.06,188.65,188.1,0.29,1071244,202090174.06
2025-11-26,CGPOWER,EQ,INE067A01029,CG POWER AND IND SOL LTD,681.0,695.0,677.6,688.4,682.55,0.86,3691086,2540943692.51
2025-11-26,CHALET,EQ,INE427F01016,CHALET HOTELS LIMITED,889.65,889.65,872.5,876.7,881.9,-0.59,70685,61969540.36
2025-11-26,CHAMBLFERT,EQ,INE085A01013,CHAMBAL FERTILIZERS LTD,445.0,447.35,440.55,442.15,446.7,-1.02,1065043,470908755.95
2025-11-26,CHEMBOND,EQ,INE995D01025,CHEMBOND MATERIALTECH LTD,166.8,169.78,162.0,166.66,163.4,2.0,5990,998293.42
2025-11-26,CHEMFAB,EQ,INE783X01023,CHEMFAB ALKALIS LIMITED,500.9,520.0,499.95,518.7,500.9,3.55,6735,3493444.58
2025-11-26,CHEMPLASTS,EQ,INE488A01050,CHEMPLAST SANMAR LIMITED,288.8,294.6,286.8,291.55,288.35,1.11,81023,23622254.66
2025-11-26,CHENNPETRO,EQ,INE178A01016,CHENNAI PETROLEUM CORP LT,1018.2,1018.45,890.0,896.6,1018.8,-11.99,7809945,7002396496.33
2025-11-26,CHEVIOT,EQ,INE974B01016,CHEVIOT COMPANY LIMITED,1086.2,1097.8,1085.1,1095.0,1080.5,1.34,1771,1939245.0
2025-11-26,CHOICEIN,EQ,INE102B01014,CHOICE INTERNATIONAL LTD,780.05,814.9,780.05,811.05,780.25,3.95,628626,509847109.63
2025-11-26,CHOLAFIN,EQ,INE121A01024,CHOLAMANDALAM IN & FIN CO,1688.0,1725.8,1686.0,1712.9,1685.4,1.63,908178,1555618118.37
2025-11-26,CHOLAHLDNG,EQ,INE149A01033,CHOLAMANDALAM FIN HOL LTD,1860.9,1871.9,1830.0,1850.8,1845.0,0.31,114692,212271959.2
2025-11-26,CIEINDIA,EQ,INE536H01010,CIE AUTOMOTIVE INDIA LTD,411.65,417.35,403.05,413.45,411.4,0.5,116107,48004440.57
2025-11-26,CIFL,EQ,INE345H01024,CAPITAL INDIA FINANCE LTD,31.99,34.0,31.31,33.63,31.26,7.58,466851,15700199.63
2025-11-26,CINELINE,EQ,INE704H01022,CINELINE INDIA LIMITED,83.41,84.09,82.9,83.5,83.4,0.12,20903,1745400.5
2025-11-26,CINEVISTA,EQ,INE039B01026,CINEVISTA LIMITED,15.64,16.33,15.57,15.95,15.64,1.98,18440,294118.0
2025-11-26,CIPLA,EQ,INE059A01026,CIPLA LTD,1505.0,1525.5,1505.0,1523.8,1507.5,1.08,1087736,1657492169.91
2025-11-26,CLEAN,EQ,INE227W01023,CLEAN SCIENCE & TECH LTD,926.1,927.7,917.0,919.5,926.1,-0.71,367193,337633963.5
2025-11-26,CLEDUCATE,EQ,INE201M01029,CL EDUCATE LIMITED,86.79,86.79,84.05,85.55,85.53,0.02,16248,1390016.45
2025-11-26,CLSEL,EQ,INE419D01026,CHAMAN LAL SETIA EXP LTD,255.0,261.5,254.4,261.0,254.55,2.53,24350,6355350.0
2025-11-26,CMSINFO,EQ,INE925R01014,CMS INFO SYSTEMS LIMITED,350.45,359.9,347.7,357.75,348.75,2.58,388227,138888209.25
2025-11-26,CNL,EQ,INE985W01018,CREATIVE NEWTECH LIMITED,677.0,692.7,677.0,682.85,692.85,-1.44,7474,5103620.72
2025-11-26,COALINDIA,EQ,INE522F01014,COAL INDIA LTD,371.85,377.7,371.3,377.35,370.05,1.97,4102285,1547997269.79
2025-11-26,COASTCORP,EQ,INE377E01024,COASTAL CORPORATION LTD,44.99,46.49,43.82,44.55,44.54,0.02,106071,4725462.97
2025-11-26,COCHINSHIP,EQ,INE704P01025,COCHIN SHIPYARD LIMITED,1682.5,1701.7,1671.5,1677.2,1682.5,-0.32,588822,987572229.65
2025-11-26,COFFEEDAY,EQ,INE335K01011,COFFEE DAY ENTERPRISE LTD,36.2,36.59,35.16,35.83,36.09,-0.72,239096,8566810.12
2025-11-26,COFORGE,EQ,INE591G01025,COFORGE LIMITED,1845.7,1873.0,1830.2,1871.1,1831.7,2.15,902345,1688377707.47
2025-11-26,COHANCE,EQ,INE03QK01018,COHANCE LIFESCIENCES LTD,560.0,576.1,556.35,568.15,560.8,1.31,997252,566588748.15
2025-11-26,COLPAL,EQ,INE259A01022,COLGATE PALMOLIVE LTD.,2167.7,2189.0,2160.6,2185.0,2167.7,0.8,457001,998547185.0
2025-11-26,COMMOIETF,EQ,INF109KC19O8,ICICIPRAMC - ICICICOMMO,92.03,95.0,92.03,94.01,92.23,1.93,52803,4964010.14
2025-11-26,COMPUSOFT,EQ,INE453B01029,COMPUCOM SOFTWARE LTD,16.82,17.29,16.82,16.96,16.78,1.07,13349,226399.03
2025-11-26,COMSYN,EQ,INE073V01015,COMMERCIAL SYN BAGS LTD,138.3,140.99,138.0,138.11,140.07,-1.4,4919,679363.09
2025-11-26,CONCOR,EQ,INE111A01025,CONTAINER CORP OF IND LTD,513.5,523.9,512.7,518.6,512.5,1.19,1680398,871454361.77
2025-11-26,CONCORDBIO,EQ,INE338H01029,CONCORD BIOTECH LIMITED,1402.7,1447.1,1400.8,1439.8,1402.2,2.68,30142,43398453.07
2025-11-26,CONFIPET,EQ,INE552D01024,CONFIDENCE PETRO IND LTD.,38.8,39.17,38.32,38.89,38.2,1.81,359914,13997055.24
2025-11-26,CONS,EQ,INF174KA1ZF8,KOTAKMAMC - KOTAKCONS,127.46,128.07,126.95,127.68,127.33,0.27,2057,262637.76
2025-11-26,CONSUMAXIS,EQ,INF846K016C7,AXISAMC-CONSUMAXIS,128.0,128.28,128.0,128.27,127.64,0.49,1070,137248.9
2025-11-26,CONSUMBEES,EQ,INF204KA1LD7,NIP IND ETF CONSUMPTION,137.75,138.71,137.51,138.58,137.57,0.73,122189,16932951.84
2025-11-26,CONSUMER,EQ,INF769K01NS5,MIRAEAMC - CONSUMER,12.04,12.17,12.03,12.16,12.02,1.16,96021,1167615.35
2025-11-26,CONSUMIETF,EQ,INF109KC1V42,ICICIPRAMC - ICICICONSU,127.92,129.02,127.52,128.74,127.85,0.7,9240,1189557.65
2025-11-26,CONTROLPR,EQ,INE663B01015,CONTROL PRINT LIMITED,739.9,773.7,732.9,760.7,729.9,4.22,54831,41709942.37
2025-11-26,CORALFINAC,EQ,INE558D01021,CORAL INDIA FIN & HOUS LT,37.52,40.5,37.52,38.95,37.51,3.84,12232,476436.41
2025-11-26,CORDSCABLE,EQ,INE792I01017,CORDS CABLE INDUS LTD.,184.52,187.85,182.66,185.8,182.66,1.72,12679,2355758.24
2025-11-26,COROMANDEL,EQ,INE169A01031,COROMANDEL INTERNTL. LTD,2304.1,2304.1,2272.5,2298.0,2304.1,-0.26,277618,637966164.0
2025-11-26,COSMOFIRST,EQ,INE757A01017,COSMO FIRST LIMITED,706.0,731.45,706.0,711.55,706.9,0.66,42506,30245143.78
2025-11-26,CPCAP,EQ,INE521J01018,CP CAPITAL LIMITED,116.6,118.32,113.9,114.78,118.33,-3.0,15155,1739490.88
2025-11-26,CPEDU,EQ,INE0P6P01016,CAREER POINT EDUTECH LTD,277.3,284.4,276.9,279.95,277.3,0.96,10369,2902801.68
2025-11-26,CPPLUS,EQ,INE819V01029,ADITYA INFOTECH LIMITED,1631.7,1651.5,1577.2,1586.4,1625.3,-2.39,137308,217825414.55
2025-11-26,CPSEETF,EQ,INF457M01133,CPSE ETF,91.88,92.46,91.36,92.34,91.47,0.95,947151,87459919.87
2025-11-26,CRAFTSMAN,EQ,INE00LO01017,CRAFTSMAN AUTOMATION LTD,7000.0,7135.0,6945.5,7101.0,7021.0,1.14,90347,641554047.0
2025-11-26,CRAMC,EQ,INE218I01013,CANARA ROBECO AMC LIMITED,301.5,304.2,299.0,300.6,301.45,-0.28,611126,183704479.33
2025-11-26,CREATIVEYE,EQ,INE230B01021,CREATIVE EYE LIMITED,6.78,6.83,6.45,6.8,6.69,1.64,25983,176684.4
2025-11-26,CREDITACC,EQ,INE741K01010,CREDITACCESS GRAMEEN LTD,1387.0,1392.5,1354.8,1370.0,1389.2,-1.38,146205,200300850.0
2025-11-26,CREST,EQ,INE559D01011,CREST VENTURES LIMITED,348.0,372.35,346.0,350.4,350.5,-0.03,11019,3861057.53
2025-11-26,CRESTO,EQ,INE203Y01012,CRESTO TECHNO LIMITED,24.81,24.81,23.0,24.41,24.21,0.83,11365,277419.65
2025-11-26,CRISIL,EQ,INE007A01025,CRISIL LTD,4500.0,4558.6,4450.2,4532.5,4463.8,1.54,25986,117781545.0
2025-11-26,CRIZAC,EQ,INE0S4R01014,CRIZAC LIMITED,264.2,278.95,261.25,277.6,264.1,5.11,488168,135515439.78
2025-11-26,CROMPTON,EQ,INE299U01018,CROMPT GREA CON ELEC LTD,265.95,271.85,264.4,268.35,265.05,1.25,2945617,790456339.93
2025-11-26,CROWN,EQ,INE491V01019,CROWN LIFTERS LIMITED,144.9,144.9,139.01,140.66,145.15,-3.09,42338,5955263.24
2025-11-26,CSBBANK,EQ,INE679A01013,CSB BANK LIMITED,425.0,432.15,420.65,423.9,421.8,0.5,463844,196623468.77
2025-11-26,CSLFINANCE,EQ,INE718F01018,CSL FINANCE LIMITED,279.0,293.7,278.6,288.8,278.7,3.62,10140,2928431.88
2025-11-26,CUB,EQ,INE491A01021,CITY UNION BANK LTD,205.37,211.04,202.23,208.98,205.37,1.76,4915838,1027311804.24
2025-11-26,CUBEXTUB,EQ,INE144D01012,CUBEX TUBINGS LTD,89.5,91.59,87.25,90.68,87.21,3.98,30207,2739170.77
2025-11-26,CUMMINSIND,EQ,INE298A01020,CUMMINS INDIA LTD,4325.5,4420.0,4311.5,4408.2,4311.3,2.25,393579,1734975024.67
2025-11-26,CUPID,EQ,INE509F01029,CUPID LIMITED,67.2,67.88,60.8,63.99,67.3,-4.92,13879835,888170664.95
2025-11-26,CYIENT,EQ,INE136B01020,CYIENT LIMITED,1109.4,1120.7,1103.6,1118.4,1103.6,1.34,311613,348507986.81
2025-11-26,CYIENTDLM,EQ,INE055S01018,CYIENT DLM LIMITED,432.0,435.45,425.45,431.95,432.85,-0.21,186535,80573795.53
2025-11-26,DABUR,EQ,INE016A01026,DABUR INDIA LTD,514.15,520.05,513.85,517.2,514.4,0.54,914828,473149052.77
2025-11-26,DALBHARAT,EQ,INE00R701025,DALMIA BHARAT LIMITED,2002.3,2057.0,2002.3,2026.6,2019.9,0.33,140880,285507404.56
2025-11-26,DALMIASUG,EQ,INE495A01022,DALMIA BHARAT SUG IN LTD,315.4,316.35,309.95,312.45,314.2,-0.56,29753,9296325.21
2025-11-26,DAMCAPITAL,EQ,INE284H01025,DAM CAPITAL ADVISORS LTD,228.0,232.49,227.5,229.57,227.07,1.1,378768,86953772.53
2025-11-26,DANGEE,EQ,INE688Y01022,DANGEE DUMS LIMITED,3.78,3.89,3.77,3.77,3.78,-0.26,46753,176258.81
2025-11-26,DATAMATICS,EQ,INE365B01017,DATAMATICS GLOBAL SER LTD,845.15,860.0,845.15,854.0,845.15,1.05,53827,45968258.0
2025-11-26,DATAPATTNS,EQ,INE0IX101010,DATA PATTERNS INDIA LTD,2956.1,2999.9,2927.3,2941.8,2946.4,-0.16,408211,1200875139.73
2025-11-26,DAVANGERE,EQ,INE179G01029,DAVANGERE SUGAR COMPANY L,3.63,3.65,3.57,3.6,3.59,0.28,1791512,6449443.03
2025-11-26,DBCORP,EQ,INE950I01011,D.B.CORP LTD,257.35,259.65,256.95,258.7,258.3,0.15,55413,14335343.78
2025-11-26,DBEIL,EQ,INE0OPA01027,DEEPAK BUILDERS & ENG I L,13.77,13.77,13.46,13.54,13.42,0.9,177110,2398777.78
2025-11-26,DBL,EQ,INE917M01012,DILIP BUILDCON LIMITED,469.85,475.0,465.0,467.4,468.4,-0.21,272086,127172994.74
2025-11-26,DBOL,EQ,INE0I3401014,DHAMPUR BIO ORGANICS LTD,70.97,77.4,70.63,73.72,70.97,3.87,269144,19841296.01
2025-11-26,DBREALTY,EQ,INE879I01012,VALOR ESTATE LIMITED,135.0,137.4,133.25,135.52,134.03,1.11,905254,122680025.95
2025-11-26,DCAL,EQ,INE385W01011,DISHMAN CARBO AMCIS LTD,239.0,244.9,237.05,244.2,240.0,1.75,108870,26586053.67
2025-11-26,DCBBANK,EQ,INE503A01015,DCB BANK LIMITED,181.61,187.34,181.23,185.82,181.47,2.4,1892358,351637977.42
2025-11-26,DCI,EQ,INE0A1101019,DC INFOTECH AND COMUN LTD,247.85,247.85,241.9,244.55,243.0,0.64,5680,1389044.02
2025-11-26,DCM,EQ,INE498A01018,DCM LTD,96.47,96.57,93.9,94.5,95.63,-1.18,7875,744187.5
2025-11-26,DCMFINSERV,EQ,INE891B01012,DCM FINANCIAL SERVICES LT,5.23,5.56,5.23,5.5,5.36,2.61,5713,31421.5
2025-11-26,DCMNVL,EQ,INE08KP01019,DCM NOUVELLE LIMITED,138.46,143.94,137.11,137.45,138.45,-0.72,17152,2357542.35
2025-11-26,DCMSHRIRAM,EQ,INE499A01024,DCM SHRIRAM LIMITED,1189.0,1279.0,1180.3,1259.0,1189.7,5.83,174473,219661507.0
2025-11-26,DCMSRIND,EQ,INE843D01027,DCM SHRIRAM IND LTD,171.46,172.0,170.11,171.19,171.46,-0.16,49607,8492222.45
2025-11-26,DCW,EQ,INE500A01029,DCW LTD,64.03,64.84,62.85,63.02,63.99,-1.52,1898785,119661431.57
2025-11-26,DCXINDIA,EQ,INE0KL801015,DCX SYSTEMS LIMITED,185.9,188.0,184.56,186.89,184.87,1.09,379425,70910738.02
2025-11-26,DDEVPLSTIK,EQ,INE0HR601026,DDEV PLASTIKS IND LTD,274.0,279.8,273.9,277.35,272.85,1.65,37124,10296341.63
2025-11-26,DECCANCE,EQ,INE583C01021,DECCAN CEMENTS LIMITED,769.0,769.0,750.0,756.0,760.5,-0.59,79579,60161724.0
2025-11-26,DEEDEV,EQ,INE841L01016,DEE DEVELOPMENT ENG LTD,217.1,222.0,217.0,217.85,219.1,-0.57,49862,10862437.0
2025-11-26,DEEPAKFERT,EQ,INE501A01019,DEEPAK FERTILIZERS & PETR,1376.0,1396.9,1348.5,1391.7,1377.2,1.05,244704,340554544.85
2025-11-26,DEEPAKNTR,EQ,INE288B01029,DEEPAK NITRITE LTD,1575.0,1595.0,1565.0,1569.5,1580.5,-0.7,189341,297170699.5
2025-11-26,DEEPINDS,EQ,INE0FHS01024,DEEP INDUSTRIES LIMITED,460.0,472.2,457.85,469.15,460.85,1.8,54176,25416670.07
2025-11-26,DELHIVERY,EQ,INE148O01028,DELHIVERY LIMITED,411.25,420.5,410.9,419.4,410.65,2.13,1423515,597022182.31
2025-11-26,DELTACORP,EQ,INE124G01033,DELTA CORP LIMITED,67.75,68.9,67.68,67.98,67.7,0.41,1439628,97865916.27
2025-11-26,DELTAMAGNT,EQ,INE393A01011,DELTA MANUFACTURING LTD,64.9,66.5,64.51,64.92,64.9,0.03,2580,167493.6
2025-11-26,DEN,EQ,INE947J01015,DEN NETWORKS LTD,30.82,31.65,30.81,31.47,30.74,2.37,258242,8126875.56
2025-11-26,DENORA,EQ,INE244A01016,DE NORA INDIA LIMITED,683.15,713.7,683.15,692.9,676.4,2.44,5067,3510924.42
2025-11-26,DENTA,EQ,INE0R4L01018,DENTA WATER N INFRA SOL L,361.2,386.0,361.2,380.8,361.2,5.43,218756,83302282.13
2025-11-26,DEVIT,EQ,INE060X01034,DEV INFO TECHNOLOGY LTD,40.5,40.88,40.05,40.15,40.14,0.02,40273,1616961.01
2025-11-26,DEVX,EQ,INE0VOV01021,DEV ACCELERATOR LIMITED,47.0,47.0,45.81,46.21,46.77,-1.2,92111,4256449.23
2025-11-26,DEVYANI,EQ,INE872J01023,DEVYANI INTERNATIONAL LTD,139.5,142.3,138.24,139.2,139.7,-0.36,1224646,170470719.46
2025-11-26,DGCONTENT,EQ,INE03JI01017,DIGICONTENT LIMITED,34.3,35.47,33.7,34.74,33.88,2.54,19305,670655.73
2025-11-26,DHAMPURSUG,EQ,INE041A01016,DHAMPUR SUGAR MILLS LTD.,126.0,129.0,126.0,128.07,125.85,1.76,99968,12802902.49
2025-11-26,DHANBANK,EQ,INE680A01011,DHANLAXMI BANK LIMITED,27.04,27.54,27.0,27.46,27.04,1.55,870659,23908295.34
2025-11-26,DHANUKA,EQ,INE435G01025,DHANUKA AGRITECH LTD,1234.8,1255.0,1224.0,1250.0,1228.4,1.76,34053,42566250.0
2025-11-26,DHARMAJ,EQ,INE00OQ01016,DHARMAJ CROP GUARD LTD,245.25,248.35,243.5,245.5,245.2,0.12,45412,11148646.0
2025-11-26,DHRUV,EQ,INE506Z01015,DHRUV CONSULTANCY SER LTD,47.5,50.99,47.5,49.86,47.28,5.46,5546,276523.56
2025-11-26,DHUNINV,EQ,INE320L01011,DHUNSERI INVESTMENTS LTD,1210.0,1249.0,1200.9,1224.5,1226.9,-0.2,1573,1926138.5
2025-11-26,DIAMINESQ,EQ,INE591D01014,DIAMINES & CHEMICALS LTD,268.6,272.25,265.0,266.4,263.85,0.97,920,245087.99
2025-11-26,DIAMONDYD,EQ,INE393P01035,PRATAAP SNACKS LIMITED,1004.4,1047.9,1004.4,1040.9,1003.4,3.74,58466,60857260.83
2025-11-26,DICIND,EQ,INE303A01010,DIC INDIA LIMITED,506.2,543.2,503.25,527.25,507.4,3.91,3224,1699854.0
2025-11-26,DIFFNKG,EQ,INE184O01015,DIFFUSION ENGINEERS LTD,299.7,305.9,296.4,297.8,297.2,0.2,150377,44782268.76
2025-11-26,DIGIDRIVE,EQ,INE0PSC01024,DIGIDRIVE DISTRIBUTORS L,27.1,28.7,27.1,27.69,27.4,1.06,53627,1484931.66
2025-11-26,DIGISPICE,EQ,INE927C01020,DIGISPICE TECHNOLOGIES LT,22.99,23.48,22.7,23.0,22.94,0.26,19990,459770.0
2025-11-26,DIGITIDE,EQ,INE0U4701011,DIGITIDE SOLUTIONS LTD,139.3,142.33,139.3,140.77,139.57,0.86,114712,16148008.73
2025-11-26,DISHTV,EQ,INE836F01026,DISH TV INDIA LTD.,4.06,4.16,4.06,4.13,4.06,1.72,1645316,6795155.27
2025-11-26,DIVGIITTS,EQ,INE753U01022,DIVGI TORQTRANSFER SYST L,590.8,601.7,581.1,591.3,589.3,0.34,5121,3028047.24
2025-11-26,DIVISLAB,EQ,INE361B01024,DIVI S LABORATORIES LTD,6417.5,6530.0,6411.5,6510.0,6412.0,1.53,126970,826574700.0
2025-11-26,DIVOPPBEES,EQ,INF204KA1MS3,NIP IND ETF DIV OPP,81.81,81.81,80.85,81.76,81.0,0.94,68008,5560334.23
2025-11-26,DIXON,EQ,INE935N01020,DIXON TECHNO (INDIA) LTD,14473.0,14877.0,14374.0,14825.0,14401.0,2.94,286601,4248859825.0
2025-11-26,DJML,EQ,INE0B1K01014,DJ MEDIAPRINT & LOG LTD,72.35,74.16,70.58,71.97,73.57,-2.17,102472,7374909.97
2025-11-26,DLF,EQ,INE271C01023,DLF LIMITED,724.3,733.9,720.25,730.75,721.3,1.31,1965769,1436485696.75
2025-11-26,DLINKINDIA,EQ,INE250K01012,D-LINK INDIA LTD,424.0,435.95,423.5,435.25,422.9,2.92,51795,22543773.75
2025-11-26,DMART,EQ,INE192R01011,AVENUE SUPERMARTS LIMITED,3999.9,4029.9,3980.0,4019.1,3988.6,0.76,360542,1449054387.41
2025-11-26,DMCC,EQ,INE505A01010,DMCC SPECIALITY CHEMICALS,264.0,264.0,258.05,259.75,258.9,0.33,14196,3687411.0
2025-11-26,DNAMEDIA,EQ,INE016M01021,DILIGENT MEDIA CORP LTD.,4.15,4.15,4.02,4.14,4.06,1.97,24127,99885.78
2025-11-26,DODLA,EQ,INE021O01019,DODLA DAIRY LIMITED,1212.2,1275.4,1212.1,1253.7,1204.2,4.11,119373,149657924.27
2025-11-26,DOLATALGO,EQ,INE966A01022,DOLAT ALGOTECH LIMITED,70.12,71.26,69.0,70.13,70.07,0.09,251251,17620231.94
2025-11-26,DOLLAR,EQ,INE325C01035,DOLLAR INDUSTRIES LIMITED,357.0,361.25,353.2,353.9,354.8,-0.25,38729,13706192.86
2025-11-26,DOLLEX,EQ,INE0JHH01011,DOLLEX AGROTECH LIMITED,40.0,41.05,40.0,40.9,39.0,4.87,52000,2126800.08
2025-11-26,DOLPHIN,EQ,INE920A01037,DOLPHIN OFF ENT (IND) L,351.1,364.9,345.6,353.9,352.35,0.44,27025,9564147.34
2025-11-26,DOMS,EQ,INE321T01012,DOMS INDUSTRIES LIMITED,2535.3,2575.0,2527.3,2549.4,2525.9,0.93,22618,57662326.99
2025-11-26,DONEAR,EQ,INE668D01028,DONEAR IND. LIMITED,100.0,101.0,99.51,100.4,100.12,0.28,25245,2534598.04
2025-11-26,DPABHUSHAN,EQ,INE266Y01019,D. P. ABHUSHAN LIMITED,1540.3,1562.4,1522.0,1529.0,1538.8,-0.64,15958,24399782.0
2025-11-26,DRCSYSTEMS,EQ,INE03RS01027,DRC SYSTEMS INDIA LIMITED,18.35,18.53,17.96,18.12,17.97,0.83,45838,830584.6
2025-11-26,DREAMFOLKS,EQ,INE0JS101016,DREAMFOLKS SERVICES LTD,125.35,125.35,121.93,122.5,123.75,-1.01,98889,12113902.5
2025-11-26,DREDGECORP,EQ,INE506A01018,DREDGING CORP OF INDIA,837.0,837.0,814.8,819.85,824.8,-0.6,98820,81017574.59
2025-11-26,DRREDDY,EQ,INE089A01031,DR. REDDY S LABORATORIES,1236.1,1251.0,1234.6,1248.0,1236.1,0.96,809816,1010650368.0
2025-11-26,DSSL,EQ,INE417B01040,DYNACONS SYS & SOLN LTD,925.0,953.8,922.05,936.2,924.9,1.22,10890,10195218.13
2025-11-26,DUCON,EQ,INE741L01018,DUCON INFRATECHNOLOGIES L,4.46,4.99,4.35,4.38,4.42,-0.9,1003832,4396784.27
2025-11-26,DVL,EQ,INE477B01010,DHUNSERI VENTURES LIMITED,293.5,298.0,292.6,296.15,292.7,1.18,13443,3981144.37
2025-11-26,DWARKESH,EQ,INE366A01041,DWARIKESH SUGAR IND LTD,40.85,41.29,40.53,41.17,40.82,0.86,254071,10460102.6
2025-11-26,DYCL,EQ,INE600Y01019,DYNAMIC CABLES LIMITED,353.8,358.95,336.2,338.9,352.05,-3.74,400071,135584059.46
2025-11-26,DYNAMATECH,EQ,INE221B01012,DYNAMATIC TECHNOLOGIES,9100.0,9176.0,8975.0,9051.0,9010.5,0.45,14726,133285026.0
2025-11-26,DYNPRO,EQ,INE256H01015,DYNEMIC PRODUCTS LIMITED,267.4,272.9,266.75,271.4,263.8,2.88,16310,4426533.9
2025-11-26,EASEMYTRIP,EQ,INE07O001026,EASY TRIP PLANNERS LTD,7.13,7.23,7.1,7.13,7.13,0.0,10973724,78242653.38
2025-11-26,EBANKNIFTY,EQ,INF754K01TE4,EDELAMC - EBANKNIFTY,59.68,60.0,59.65,59.75,59.35,0.67,2724,162759.0
2025-11-26,EBBETF0430,EQ,INF754K01KO2,EDELAMC - EBBETF0430,1556.3,1564.97,1552.0,1561.06,1561.29,-0.01,12897,20132991.58
2025-11-26,EBBETF0431,EQ,INF754K01LE1,EDELAMC - EBBETF0431,1400.07,1400.08,1393.3,1394.03,1397.72,-0.26,8132,11336252.2
2025-11-26,EBBETF0433,EQ,INF754K01QX0,EDELAMC - EBBETF0433,1272.01,1273.88,1271.01,1271.25,1270.14,0.09,1492,1896705.0
2025-11-26,EBGNG,EQ,INE18JU01028,GNG ELECTRONICS LIMITED,335.0,337.85,329.7,331.8,334.45,-0.79,110835,36775051.65
2025-11-26,ECAPINSURE,EQ,INF754K01TX4,EDELAMC - ECAPINSURE,23.9,24.41,23.75,24.37,24.02,1.46,181671,4427322.42
2025-11-26,ECLERX,EQ,INE738I01010,ECLERX SERVICES LTD,2239.15,2239.15,2193.65,2214.4,2214.1,0.01,90520,200447479.16
2025-11-26,ECOSMOBLTY,EQ,INE06HJ01020,ECOS (INDIA) MOB & HOSP L,240.9,245.58,237.94,242.28,240.29,0.83,422297,102314116.64
2025-11-26,EDELWEISS,EQ,INE532F01054,EDELWEISS FIN SERV LTD,110.69,112.99,109.83,112.39,110.69,1.54,2453542,275753583.88
2025-11-26,EFCIL,EQ,INE886D01026,EFC (I) LIMITED,267.0,269.25,262.75,264.85,262.75,0.8,213726,56605332.4
2025-11-26,EGOLD,EQ,INF754K01SE6,EDELAMC - EGOLD,125.3,125.95,124.95,125.65,124.5,0.92,13452,1690243.82
2025-11-26,EICHERMOT,EQ,INE066A01021,EICHER MOTORS LTD,7258.0,7273.0,7180.0,7198.5,7218.5,-0.28,313545,2257053682.5
2025-11-26,EIDPARRY,EQ,INE126A01031,EID PARRY INDIA LTD,1023.2,1039.9,1021.1,1032.6,1025.8,0.66,72236,74590891.84
2025-11-26,EIEL,EQ,INE0LLY01014,ENVIRO INFRA ENGINEERS L,213.8,217.15,212.55,216.35,212.95,1.6,502060,108620684.06
2025-11-26,EIHAHOTELS,EQ,INE276C01014,EIH ASSOCIATED HOTELS LTD,361.45,363.55,357.0,360.7,357.5,0.9,13640,4919948.17
2025-11-26,EIHOTEL,EQ,INE230A01023,EIH LIMITED,375.4,381.75,373.65,375.25,374.95,0.08,154131,57837657.75
2025-11-26,EIMCOELECO,EQ,INE158B01016,EIMCO ELECON (INDIA) LTD,1581.0,1638.3,1581.0,1628.3,1592.8,2.23,19197,31258476.04
2025-11-26,EKC,EQ,INE184H01027,EVEREST KANTO CYLINDERLTD,121.98,123.95,120.5,122.37,121.64,0.6,234281,28668966.61
2025-11-26,ELDEHSG,EQ,INE668G01021,ELDECO HSG & IND LTD.,790.0,820.0,770.15,774.55,773.35,0.16,425,329183.74
2025-11-26,ELECON,EQ,INE205B01031,ELECON ENG. CO. LTD,501.0,507.4,498.6,503.15,497.75,1.08,222045,111721940.39
2025-11-26,ELECTCAST,EQ,INE086A01029,ELECTROSTEEL CASTINGS LTD,73.37,75.75,73.0,75.46,73.09,3.24,973355,73449367.41
2025-11-26,ELECTHERM,EQ,INE822G01016,ELECTROTHERM (I) LTD.,849.15,878.9,849.15,872.5,842.65,3.54,9942,8674395.0
2025-11-26,ELGIEQUIP,EQ,INE285A01027,ELGI EQUIPMENTS LTD,486.0,510.0,483.05,498.65,480.5,3.78,3670073,1830081879.05
2025-11-26,ELGIRUBCO,EQ,INE819L01012,ELGI RUBBER CO. LTD,52.48,52.48,50.22,51.02,52.48,-2.78,37695,1923198.92
2025-11-26,ELIN,EQ,INE050401020,ELIN ELECTRONICS LIMITED,184.1,188.45,180.13,185.42,182.52,1.59,75728,14041485.62
2025-11-26,ELIQUID,EQ,INF754K01VW2,EDELAMC - ELIQUID,1007.72,1007.72,1007.72,1007.72,1007.58,0.01,0,0.0
2025-11-26,ELLEN,EQ,INE236E01022,ELLENBARRIE INDUS GASES L,397.95,401.5,394.3,397.15,394.75,0.61,48096,19101326.11
2025-11-26,EMAMILTD,EQ,INE548C01032,EMAMI LIMITED,516.0,517.6,510.45,514.05,515.55,-0.29,658499,338501402.91
2025-11-26,EMAMIREAL,EQ,INE778K01012,EMAMI REALTY LIMITED,80.74,81.79,79.0,81.61,80.73,1.09,11954,975565.95
2025-11-26,EMBDL,EQ,INE069I01010,EMBASSY DEVELOPMENTS LTD,79.4,80.11,78.66,79.18,79.2,-0.03,2663738,210914775.65
2025-11-26,EMCURE,EQ,INE168P01015,EMCURE PHARMACEUTICALS L,1312.3,1412.5,1312.3,1397.2,1421.5,-1.71,221830,309940865.17
2025-11-26,EMIL,EQ,INE02YR01019,ELECTRONICS MART IND LTD,120.69,122.66,119.53,121.51,120.55,0.8,448877,54543045.23
2025-11-26,EMKAY,EQ,INE296H01011,EMKAY GLOBAL FIN SERV LTD,287.75,302.05,287.75,302.05,287.7,4.99,9059,2736270.84
2025-11-26,EMMVEE,EQ,INE1C6T01020,EMMVEE PHOTOVOLTAIC PWR L,214.77,215.0,210.0,210.63,214.77,-1.93,2061951,434308749.2
2025-11-26,EMSLIMITED,EQ,INE0OV601013,EMS LIMITED,438.65,448.5,438.65,447.05,438.65,1.91,102134,45659003.45
2025-11-26,EMUDHRA,EQ,INE01QM01018,EMUDHRA LIMITED,615.5,620.65,612.75,616.3,612.3,0.65,18279,11265347.48
2025-11-26,EMULTIMQ,EQ,INF754K01TF1,EDELAMC - EMULTIMQ,43.29,43.29,42.43,42.72,42.44,0.66,20708,884645.79
2025-11-26,ENDURANCE,EQ,INE913H01037,ENDURANCE TECHNO. LTD.,2695.0,2701.7,2661.9,2683.4,2695.2,-0.44,41352,110963952.76
2025-11-26,ENERGY,EQ,INF769K01PR2,MIRAEAMC - ENERGY,35.97,35.97,35.97,35.97,35.35,1.73,0,0.0
2025-11-26,ENERGYDEV,EQ,INE306C01019,ENERGY DEVE. CO.LTD,23.79,24.62,23.0,23.96,23.29,2.88,282677,6772940.66
2025-11-26,ENGINERSIN,EQ,INE510A01028,ENGINEERS INDIA LTD,195.5,200.9,195.5,199.34,195.43,2.0,1627855,324496609.74
2025-11-26,ENIL,EQ,INE265F01028,ENTERTAIN NET. IND. LTD.,127.63,129.39,125.25,127.1,128.19,-0.85,12957,1646834.68
2025-11-26,ENRIN,EQ,INE1NPP01017,SIEMENS ENERGY INDIA LTD,3130.0,3156.9,3097.8,3113.7,3097.5,0.52,934038,2908314074.99
2025-11-26,ENTERO,EQ,INE010601016,ENTERO HEALTHCARE SOLU L,1052.0,1059.9,1042.6,1050.1,1059.9,-0.92,72550,76184753.23
2025-11-26,EPACK,EQ,INE0G5901015,EPACK DURABLE LIMITED,259.35,269.0,258.1,263.65,258.0,2.19,533584,140679418.34
2025-11-26,EPACKPEB,EQ,INE0MLS01022,EPACK PREFAB TECHN LTD,304.8,319.5,301.7,314.8,302.5,4.07,2352447,740550286.88
2025-11-26,EPIGRAL,EQ,INE071N01016,EPIGRAL LIMITED,1436.2,1486.9,1435.0,1468.4,1436.2,2.24,20126,29553018.89
2025-11-26,EPL,EQ,INE255A01020,EPL LIMITED,203.25,205.0,201.89,204.04,202.92,0.55,527829,107698225.62
2025-11-26,EQUAL200,EQ,INF769K01OA1,MIRAEAMC - EQUAL200,13.53,13.53,13.53,13.53,13.36,1.22,0,0.0
2025-11-26,EQUAL50,EQ,INF769K01OO2,MIRAEAMC - EQUAL50,335.24,335.24,335.24,335.24,331.05,1.27,0,0.0
2025-11-26,EQUAL50ADD,EQ,INF740KA1QK2,DSPAMC - DSPNEWETF,340.6,346.27,340.6,345.07,341.65,1.0,9079,3132890.6
2025-11-26,EQUITASBNK,EQ,INE063P01018,EQUITAS SMALL FIN BNK LTD,64.0,66.05,64.0,65.63,64.27,2.12,4171824,273796797.66
2025-11-26,ERIS,EQ,INE406M01024,ERIS LIFESCIENCES LIMITED,1652.1,1652.1,1604.0,1616.6,1652.1,-2.15,157989,255405013.54
2025-11-26,ESABINDIA,EQ,INE284A01012,ESAB INDIA LTD,5725.5,5751.0,5524.2,5619.6,5721.6,-1.78,7142,40135183.9
2025-11-26,ESCORTS,EQ,INE042A01014,ESCORTS KUBOTA LIMITED,3648.5,3719.6,3620.1,3686.6,3637.6,1.35,91653,337887958.75
2025-11-26,ESG,EQ,INF769K01GS9,MIRAEAMC - MAESGETF,43.94,44.52,43.94,44.43,43.89,1.23,208539,9265387.83
2025-11-26,ESILVER,EQ,INF754K01SF3,EDELAMC - ESILVER,157.5,158.94,155.01,158.68,156.19,1.59,124461,19749470.57
2025-11-26,ESSARSHPNG,EQ,INE122M01019,ESSAR SHIPPING LTD,28.9,29.92,28.21,29.14,28.51,2.21,119059,3469379.19
2025-11-26,ESSENTIA,EQ,INE418N01035,INTEGRA ESSENTIA LIMITED,1.64,1.66,1.62,1.63,1.62,0.62,822784,1341137.92
2025-11-26,ESTER,EQ,INE778B01029,ESTER INDUSTRIES LTD,107.34,108.5,107.1,107.86,107.45,0.38,58353,6293954.62
2025-11-26,ETERNAL,EQ,INE758T01015,ETERNAL LIMITED,300.3,307.15,300.3,306.85,302.3,1.51,14488702,4445858297.13
2025-11-26,ETHOSLTD,EQ,INE04TZ01018,ETHOS LIMITED,3056.0,3245.0,3030.0,3178.7,3055.4,4.04,86847,276060554.66
2025-11-26,EUREKAFORB,EQ,INE0KCE01017,EUREKA FORBES LIMITED,586.0,599.0,577.25,591.25,582.9,1.43,273710,161831037.5
2025-11-26,EUROBOND,EQ,INE505V01016,EURO PANEL PRODUCTS LTD,180.63,181.83,177.05,179.84,178.7,0.64,23040,4143513.52
2025-11-26,EUROPRATIK,EQ,INE198501012,EURO PRATIK SALES LIMITED,362.3,366.0,358.6,364.15,362.15,0.55,117777,42888493.83
2025-11-26,EVEREADY,EQ,INE128A01029,EVEREADY INDS. IND.  LTD.,327.95,340.0,326.1,338.65,327.65,3.36,93828,31774851.63
2025-11-26,EVINDIA,EQ,INF769K01LQ3,MIRAEAMC - EVINDIA,31.11,31.35,30.94,31.3,30.96,1.1,217035,6793195.33
2025-11-26,EXCELINDUS,EQ,INE369A01029,EXCEL INDUSTRIES LTD,933.6,954.9,933.0,942.7,932.7,1.07,7759,7314409.39
2025-11-26,EXCELSOFT,EQ,INE606N01019,EXCELSOFT TECHNOLOGIES L,135.0,142.59,125.13,125.97,,,78134073,9842549271.19
2025-11-26,EXICOM,EQ,INE777F01014,EXICOM TELE SYSTEMS LTD,114.0,117.88,110.49,116.48,111.76,4.22,640754,74635028.07
2025-11-26,EXIDEIND,EQ,INE302A01020,EXIDE INDUSTRIES LTD,362.0,366.15,360.1,365.15,361.85,0.91,2430013,887319232.12
2025-11-26,EXPLEOSOL,EQ,INE201K01015,EXPLEO SOLUTIONS LIMITED,1059.3,1109.2,1057.0,1103.8,1060.4,4.09,18609,20540615.11
2025-11-26,EXXARO,EQ,INE0GFE01026,EXXARO TILES LIMITED,8.0,8.4,7.76,8.32,8.09,2.84,128510,1069203.16
2025-11-26,FABTECH,EQ,INE0HF201011,FABTECH TECHNOLOGIES LTD,243.5,251.49,237.32,242.99,240.97,0.84,2119722,515071260.42
2025-11-26,FACT,EQ,INE188A01015,FACT LTD,866.5,878.0,865.8,874.9,866.5,0.97,28484,24920652.3
2025-11-26,FAZE3Q,EQ,INE963C01033,FAZE THREE LIMITED,542.9,556.0,536.0,547.0,544.7,0.42,34055,18628085.0
2025-11-26,FCL,EQ,INE045J01034,FINEOTEX CHEMICAL LIMITED,24.05,24.56,24.05,24.25,24.12,0.54,1458718,35373911.5
2025-11-26,FCSSOFT,EQ,INE512B01022,FCS SOFTWARE SOLN. LTD.,2.05,2.05,2.0,2.01,2.03,-0.99,3086214,6203290.11
2025-11-26,FDC,EQ,INE258B01022,FDC LIMITED,417.9,421.0,414.95,418.8,417.1,0.41,48739,20411892.61
2025-11-26,FEDERALBNK,EQ,INE171A01029,FEDERAL BANK LTD,255.5,258.8,253.74,256.37,255.99,0.15,10148728,2601829347.81
2025-11-26,FEDFINA,EQ,INE007N01010,FEDBANK FINANCIAL SER L,147.99,152.0,146.16,147.0,144.95,1.41,3027512,445044264.0
2025-11-26,FIBERWEB,EQ,INE296C01020,FIBERWEB INDIA LIMITED,37.58,38.24,37.0,37.76,36.92,2.28,24627,929915.48
2025-11-26,FIEMIND,EQ,INE737H01014,FIEM INDUSTRIES LIMITED,2250.7,2289.0,2240.0,2282.6,2244.2,1.71,45843,104641236.28
2025-11-26,FILATEX,EQ,INE816B01035,FILATEX INDIA LTD,53.14,54.2,53.14,54.04,53.14,1.69,453553,24510004.54
2025-11-26,FILATFASH,EQ,INE185E01021,FILATEX FASHIONS LIMITED,0.4,0.41,0.39,0.39,0.4,-2.5,67826098,26452177.25
2025-11-26,FINCABLES,EQ,INE235A01022,FINOLEX CABLES LTD,756.35,760.0,751.25,756.4,753.4,0.4,98635,74607516.41
2025-11-26,FINEORG,EQ,INE686Y01026,FINE ORGANIC IND. LTD.,4370.0,4530.1,4365.5,4464.1,4410.0,1.23,8919,39815308.77
2025-11-26,FINIETF,EQ,INF109KC17L8,ICICIPRAMC-ICICIFIN,32.32,32.81,32.11,32.78,32.07,2.21,742437,24337083.95
2025-11-26,FINKURVE,EQ,INE734I01027,FINKURVE FINANCIAL SERV L,105.59,108.02,104.01,105.89,105.22,0.64,20812,2203782.67
2025-11-26,FINOPB,EQ,INE02NC01014,FINO PAYMENTS BANK LTD,269.45,305.2,269.45,292.15,266.1,9.79,14888552,4349690375.93
2025-11-26,FINPIPE,EQ,INE183A01024,FINOLEX INDUSTRIES LTD,186.97,186.97,182.96,184.51,185.12,-0.33,709751,130956153.11
2025-11-26,FIRSTCRY,EQ,INE02RE01045,BRAINBEES SOLUTIONS LTD,311.35,316.25,306.45,315.2,307.85,2.39,580249,182894491.88
2025-11-26,FISCHER,EQ,INE771F01041,FISCHER MEDICAL VENTURE L,45.19,47.22,43.87,46.53,45.16,3.03,8393470,390548148.85
2025-11-26,FIVESTAR,EQ,INE128S01021,FIVE-STAR BUS FIN LTD,605.05,617.6,602.5,605.0,605.95,-0.16,973062,588702510.0
2025-11-26,FLAIR,EQ,INE00Y201027,FLAIR WRITING INDUST LTD,302.85,306.55,298.0,300.8,299.8,0.33,69172,20806936.76
2025-11-26,FLUOROCHEM,EQ,INE09N301011,GUJARAT FLUOROCHEM LTD,3397.0,3495.4,3388.7,3445.3,3397.0,1.42,57892,199455310.43
2025-11-26,FMCGIETF,EQ,INF109KC19V3,ICICIPRAMC - ICICIFMCG,58.99,59.3,58.82,59.23,58.85,0.65,418159,24767557.38
2025-11-26,FMGOETZE,EQ,INE529A01010,FEDERAL-MOGUL GOETZE (IND,465.0,477.0,460.85,471.95,459.2,2.78,113937,53772568.54
2025-11-26,FMNL,EQ,INE360L01017,FUTURE MKT NETWORKS LTD,9.84,9.99,9.5,9.83,9.84,-0.1,27522,270541.26
2025-11-26,FOODSIN,EQ,INE976E01023,FOODS & INNS LIMITED,74.36,76.0,73.41,75.06,74.36,0.94,73438,5512256.1
2025-11-26,FORCEMOT,EQ,INE451A01017,FORCE MOTORS LIMITED,16839.0,17175.0,16800.0,16959.0,16795.0,0.98,32371,548979789.0
2025-11-26,FORTIS,EQ,INE061F01013,FORTIS HEALTHCARE LTD,925.7,935.4,921.0,932.9,920.4,1.36,1562116,1457298054.54
2025-11-26,FOSECOIND,EQ,INE519A01011,FOSECO INDIA LTD,5106.0,5197.0,5100.0,5162.5,5097.5,1.28,1298,6700925.0
2025-11-26,FSL,EQ,INE684F01012,FIRSTSOURCE SOLU. LTD.,350.4,354.5,348.85,352.6,350.4,0.63,425085,149884973.59
2025-11-26,FUSION,EQ,INE139R01012,FUSION FINANCE LIMITED,167.0,178.6,166.31,177.19,165.94,6.78,597458,105863584.48
2025-11-26,GABRIEL,EQ,INE524A01029,GABRIEL INDIA LTD,1039.3,1063.9,1028.5,1057.0,1030.5,2.57,348980,368871860.0
2025-11-26,GAEL,EQ,INE036B01030,GUJARAT AMBUJA EXPORTS LT,108.99,109.16,106.5,108.44,109.07,-0.58,358275,38851341.87
2025-11-26,GAIL,EQ,INE129A01019,GAIL (INDIA) LTD,180.1,185.58,180.0,185.16,180.22,2.74,7831961,1450165927.44
2025-11-26,GALAPREC,EQ,INE0RE001014,GALA PRECISION ENG LTD,724.0,740.0,720.2,728.3,718.1,1.42,5724,4168789.13
2025-11-26,GALAXYSURF,EQ,INE600K01018,GALAXY SURFACTANTS LTD,2030.1,2046.3,2017.4,2026.1,2036.6,-0.52,37000,74965699.1
2025-11-26,GALLANTT,EQ,INE297H01019,GALLANTT ISPAT LIMITED,593.9,615.05,585.0,591.85,588.5,0.57,250329,148157212.54
2025-11-26,GANDHAR,EQ,INE717W01049,GANDHAR OIL REFINE IND L,131.5,133.29,131.0,131.39,131.09,0.23,109335,14365525.58
2025-11-26,GANDHITUBE,EQ,INE524B01027,GANDHI SPL. TUBES LTD,758.95,772.95,755.05,764.35,755.25,1.2,4774,3649006.78
2025-11-26,GANECOS,EQ,INE845D01014,GANESHA ECOSPHERE LIMITED,875.0,982.8,867.0,945.1,869.7,8.67,900726,851276120.61
2025-11-26,GANESHCP,EQ,INE652V01016,GANESH CONSUMER PRODUCT L,269.7,272.9,265.9,270.05,269.45,0.22,69447,18754161.5
2025-11-26,GANESHHOU,EQ,INE460C01014,GANESH HOUSING LIMITED,805.1,816.0,798.4,803.4,805.95,-0.32,20252,16270457.29
2025-11-26,GANGAFORGE,EQ,INE691Z01023,GANGA FORGING LIMITED,3.27,3.39,3.2,3.3,3.19,3.45,137553,453924.89
2025-11-26,GANGESSECU,EQ,INE335W01016,GANGES SECURITIES LIMITED,154.29,157.95,149.32,151.27,149.06,1.48,1482,224182.15
2025-11-26,GARFIBRES,EQ,INE276A01018,GARWARE TECH FIBRES LTD,705.15,714.65,701.65,703.7,702.1,0.23,80045,56327667.48
2025-11-26,GARUDA,EQ,INE0JVO01026,GARUDA CONSTRUCT N ENG L,220.09,224.8,216.0,223.66,217.17,2.99,1169730,261621816.08
2025-11-26,GATEWAY,EQ,INE079J01017,GATEWAY DISTRIPARKS LTD,58.73,60.0,58.56,59.72,58.64,1.84,421776,25188463.23
2025-11-26,GAYAHWS,EQ,INE287Z01012,GAYATRI HIGHWAYS LIMITED,3.55,3.6,3.4,3.47,3.52,-1.42,182166,632116.03
2025-11-26,GAYAPROJ,EQ,INE336H01023,GAYATRI PROJECTS LTD,11.53,11.53,11.53,11.53,11.53,0.0,0,0.0
2025-11-26,GCSL,EQ,INE199P01028,GRETEX CORPORATE SERVICES,366.0,377.0,360.0,365.59,366.02,-0.12,4918,1797971.6
2025-11-26,GEEKAYWIRE,EQ,INE669X01032,GEEKAY WIRES LIMITED,31.86,32.34,31.5,31.77,31.22,1.76,59092,1877352.87
2025-11-26,GEMAROMA,EQ,INE06XZ01023,GEM AROMATICS LIMITED,171.0,175.55,170.05,171.8,170.96,0.49,159449,27393338.69
2025-11-26,GENCON,EQ,INE854S01022,GENERIC ENG CONS PROJ LTD,43.3,44.0,42.1,43.35,43.04,0.72,406847,17636816.83
2025-11-26,GENESYS,EQ,INE727B01026,GENESYS INTL CORPN LTD,438.45,447.95,436.45,438.55,436.7,0.42,100235,43958058.03
2025-11-26,GENUSPAPER,EQ,INE949P01018,GENUS P&B LIMITED,14.49,14.68,14.15,14.48,14.25,1.61,62300,902103.97
2025-11-26,GENUSPOWER,EQ,INE955D01029,GENUS POWER INFRASTRU LTD,323.2,327.0,321.6,323.05,322.3,0.23,355291,114776753.21
2025-11-26,GEOJITFSL,EQ,INE007B01023,GEOJIT FINANCIAL SER L,70.02,73.1,70.02,72.16,70.4,2.5,761884,54977552.23
2025-11-26,GESHIP,EQ,INE017A01032,THE GE SHPG.LTD,1066.8,1098.0,1065.3,1093.9,1064.0,2.81,251856,275505284.55
2025-11-26,GFLLIMITED,EQ,INE538A01037,GFL LIMITED,59.0,61.5,59.0,60.74,59.38,2.29,27203,1652310.27
2025-11-26,GHCL,EQ,INE539A01019,GHCL LIMITED,562.0,574.0,562.0,567.8,570.65,-0.5,68262,38759162.77
2025-11-26,GHCLTEXTIL,EQ,INE0PA801013,GHCL TEXTILES LIMITED,75.12,80.25,74.72,79.12,75.12,5.32,219052,17331394.84
2025-11-26,GICHSGFIN,EQ,INE289B01019,GIC HOUSING FINANCE LTD,172.5,175.9,171.0,171.73,173.44,-0.99,146048,25080822.42
2025-11-26,GICRE,EQ,INE481Y01014,GENERAL INS CORP OF INDIA,380.45,393.5,380.2,392.5,382.15,2.71,1941255,761942587.5
2025-11-26,GILLANDERS,EQ,INE047B01011,GILLANDERS ARBUTHNOT LTD,119.99,119.99,116.32,118.02,117.53,0.42,888,104801.76
2025-11-26,GILLETTE,EQ,INE322A01010,GILLETTE INDIA LTD,8449.0,8472.0,8363.5,8428.0,8406.0,0.26,18142,152900776.0
2025-11-26,GILT10BETA,EQ,INF789F1AZF3,UTIAMC-GILT10BETA,26.19,26.46,25.97,26.1,26.11,-0.04,9328,243460.8
2025-11-26,GILT5BETA,EQ,INF789F1AZE6,UTIAMC-GILT5BETA,63.22,63.98,63.22,63.93,63.9,0.05,1035,66167.55
2025-11-26,GILT5YBEES,EQ,INF204KC1030,RELCAPAMC - NETFGILT5Y,63.53,63.93,63.5,63.71,63.52,0.3,194531,12393569.83
2025-11-26,GIPCL,EQ,INE162A01010,GUJ IND POW CO. LTD,161.3,166.57,161.11,165.74,161.46,2.65,277161,45936665.66
2025-11-26,GKENERGY,EQ,INE1AG301022,GK ENERGY LIMITED,173.0,173.15,167.0,169.92,171.3,-0.81,536356,91137610.54
2025-11-26,GKWLIMITED,EQ,INE528A01020,GKW LIMITED,1703.1,1797.0,1703.1,1785.6,1701.5,4.94,1706,3046233.56
2025-11-26,GLAND,EQ,INE068V01023,GLAND PHARMA LIMITED,1775.1,1812.9,1775.1,1795.8,1783.3,0.7,41660,74813030.03
2025-11-26,GLAXO,EQ,INE159A01016,GLAXOSMITHKLINE PHARMA LT,2483.0,2509.9,2459.7,2489.3,2486.1,0.13,65730,163621692.21
2025-11-26,GLENMARK,EQ,INE935A01035,GLENMARK PHARMACEUTICALS,1880.0,1927.4,1875.6,1921.3,1881.5,2.12,833315,1601048150.19
2025-11-26,GLFL,EQ,INE540A01017,GUJARAT LEASE FINANCING L,7.61,7.61,7.61,7.61,7.61,0.0,0,0.0
2025-11-26,GLOBAL,EQ,INE291W01037,GLOBAL EDUCATION LIMITED,80.0,82.2,79.0,81.49,79.76,2.17,264510,21554919.33
2025-11-26,GLOBALE,EQ,INE0URU01010,GLOBALE TESSILE LIMITED,12.5,12.74,12.5,12.5,12.5,0.0,7353,91912.5
2025-11-26,GLOBALVECT,EQ,INE792H01019,GLOBAL VEC HELICORP LTD,193.12,200.93,193.12,197.57,196.24,0.68,10908,2155093.64
2025-11-26,GLOBE,EQ,INE581X01021,GLOBE ENTERPRISE (I) LTD,2.92,2.94,2.82,2.82,2.88,-2.08,667680,1882857.56
2025-11-26,GLOBECIVIL,EQ,INE0V3U01015,GLOBE CIVIL PROJECTS LTD,63.68,75.3,63.5,72.17,62.8,14.92,933290,67355537.59
2025-11-26,GLOBUSSPR,EQ,INE615I01010,GLOBUS SPIRITS LTD,1052.8,1064.9,1042.1,1061.3,1047.3,1.34,36584,38826600.99
2025-11-26,GLOSTERLTD,EQ,INE350Z01018,GLOSTER LIMITED,620.0,629.65,610.55,619.4,615.05,0.71,4398,2724121.31
2025-11-26,GLOTTIS,EQ,INE0TQE01026,GLOTTIS LIMITED,66.99,67.64,66.7,66.97,66.79,0.27,155527,10415643.38
2025-11-26,GMBREW,EQ,INE075D01018,G M BREWERIES LTD,1002.9,1059.0,985.2,1032.5,994.9,3.78,643710,664630575.0
2025-11-26,GMDCLTD,EQ,INE131A01031,GUJARAT MINERAL DEV CORP,492.35,534.8,487.75,528.1,488.05,8.21,11323019,5979686057.46
2025-11-26,GMMPFAUDLR,EQ,INE541A01023,GMM PFAUDLER LIMITED,1166.4,1167.6,1147.1,1157.0,1160.5,-0.3,52631,60894067.0
2025-11-26,GMRAIRPORT,EQ,INE776C01039,GMR AIRPORTS LIMITED,104.98,107.07,104.61,106.76,104.21,2.45,27688034,2955974568.99
2025-11-26,GMRP&UI,EQ,INE0CU601026,GMR POW AND URBAN INFRA L,122.84,126.0,121.71,124.64,121.71,2.41,2590161,322837665.46
2025-11-26,GNA,EQ,INE934S01014,GNA AXLES LIMITED,307.95,309.6,306.4,307.45,306.45,0.33,12107,3722297.3
2025-11-26,GNFC,EQ,INE113A01013,GUJ NAR VAL FER & CHEM L,485.25,489.65,482.75,489.0,485.15,0.79,167380,81848820.0
2025-11-26,GOACARBON,EQ,INE426D01013,GOA CARBON LIMITED,407.9,411.45,404.05,405.9,404.75,0.28,12067,4897995.23
2025-11-26,GOCLCORP,EQ,INE077F01035,GOCL CORPORATION LIMITED,309.9,315.8,302.0,305.3,306.35,-0.34,56389,17215561.01
2025-11-26,GOCOLORS,EQ,INE0BJS01011,GO FASHION INDIA LTD,530.0,535.0,523.5,529.1,529.95,-0.16,75441,39915831.26
2025-11-26,GODAVARIB,EQ,INE497S01012,GODAVARI BIOREFINERIES L,254.0,256.0,248.5,253.35,249.8,1.42,38736,9813765.84
2025-11-26,GODFRYPHLP,EQ,INE260B01028,GODFREY PHILLIPS INDIA LT,2876.0,2905.0,2853.1,2896.7,2873.7,0.8,221432,641422063.59
2025-11-26,GODIGIT,EQ,INE03JT01014,GO DIGIT GENERAL INS LTD,356.15,358.35,352.25,356.9,355.85,0.3,123983,44249531.94
2025-11-26,GODREJAGRO,EQ,INE850D01014,GODREJ AGROVET LIMITED,573.4,598.4,571.6,595.7,571.15,4.3,502527,299355340.03
2025-11-26,GODREJCP,EQ,INE102D01028,GODREJ CONSUMER PRODUCTS,1147.0,1167.5,1142.1,1154.2,1144.5,0.85,1448380,1671720125.28
2025-11-26,GODREJIND,EQ,INE233A01035,GODREJ INDUSTRIES LTD,1022.3,1065.5,1016.1,1055.6,1022.3,3.26,62058,65508423.28
2025-11-26,GODREJPROP,EQ,INE484J01027,GODREJ PROPERTIES LTD,2085.0,2118.7,2080.6,2114.4,2094.0,0.97,427311,903506336.67
2025-11-26,GOKEX,EQ,INE887G01027,GOKALDAS EXPORTS LTD.,931.95,936.85,920.85,928.5,924.05,0.48,164722,152944377.0
2025-11-26,GOKUL,EQ,INE020J01029,GOKUL REFOILS & SOLV LTD,40.0,40.45,39.0,40.14,40.16,-0.05,28217,1132630.36
2025-11-26,GOKULAGRO,EQ,INE314T01033,GOKUL AGRO RESOURCES LTD,197.8,211.0,196.91,205.65,197.0,4.39,1731926,356170571.33
2025-11-26,GOLD1,EQ,INF174KA1HJ8,KOTAK GOLD ETF,107.33,107.33,104.2,105.17,104.2,0.93,1042494,109639092.07
2025-11-26,GOLDADD,EQ,INF740KA1ZP2,DSPAMC - DSPGOLD,12.23,12.26,12.16,12.24,12.11,1.06,2625790,32142295.85
2025-11-26,GOLDAXIS,EQ,INF846K01W80,AXISAMC-GOLDAXIS,105.39,105.39,104.33,104.98,103.99,0.95,835727,87734623.27
2025-11-26,GOLDBEES,EQ,INF204KB17I5,NIP IND ETF GOLD BEES,103.91,104.35,103.91,104.18,103.46,0.7,23022226,2398455511.71
2025-11-26,GOLDBETA,EQ,INF789F1AUX7,UTIAMC-UTIGOLDBETA,105.8,106.0,105.55,105.75,104.9,0.81,520698,55063813.5
2025-11-26,GOLDCASE,EQ,INF0R8F01042,ZERODHAAMC - GOLDCASE,20.19,20.19,19.61,19.79,19.61,0.92,3404543,67375909.09
2025-11-26,GOLDETF,EQ,INF769K01JP9,MIRAEAMC - MAGOLDETF,121.48,122.5,121.47,122.35,121.31,0.86,824929,100930061.89
2025-11-26,GOLDIAM,EQ,INE025B01025,GOLDIAM INTERNATIONAL LTD,280.58,301.27,279.0,299.02,279.6,6.95,1431070,427925698.02
2025-11-26,GOLDIETF,EQ,INF109KC1NT3,ICICI PRUDENTIAL GOLD ETF,107.56,108.02,107.55,107.68,106.95,0.68,4547627,489688476.75
2025-11-26,GOODLUCK,EQ,INE127I01024,GOODLUCK INDIA LIMITED,373.2,388.33,373.07,385.8,372.57,3.55,264117,101896335.38
2025-11-26,GOPAL,EQ,INE0L9R01028,GOPAL SNACKS LIMITED,329.8,333.4,326.05,331.55,327.4,1.27,75766,25120216.38
2025-11-26,GOYALALUM,EQ,INE705X01026,GOYAL ALUMINIUMS LIMITED,6.85,6.96,6.84,6.92,6.82,1.47,41430,286695.6
2025-11-26,GPIL,EQ,INE177H01039,GODAWARI POW & ISP LTD,236.9,244.0,236.1,237.2,236.9,0.13,1841153,436721485.98
2025-11-26,GPPL,EQ,INE517F01014,GUJARAT PIPAVAV PORT LTD,179.0,181.9,178.17,180.15,178.84,0.73,1521164,274037685.32
2025-11-26,GPTHEALTH,EQ,INE486R01017,GPT HEALTHCARE LIMITED,141.0,142.88,140.65,142.21,142.01,0.14,34647,4927150.1
2025-11-26,GPTINFRA,EQ,INE390G01014,GPT INFRAPROJECTS LTD,111.12,111.12,108.7,109.06,110.24,-1.07,301229,32852034.0
2025-11-26,GRANULES,EQ,INE101D01020,GRANULES INDIA LIMITED,548.9,553.5,544.9,545.9,545.9,0.0,1500636,819197229.04
2025-11-26,GRAPHITE,EQ,INE371A01025,GRAPHITE INDIA LTD,554.0,563.9,549.3,558.2,552.4,1.05,545170,304313900.65
2025-11-26,GRASIM,EQ,INE047A01021,GRASIM INDUSTRIES LTD,2686.8,2746.6,2686.8,2744.0,2686.8,2.13,444974,1221008656.0
2025-11-26,GRAVITA,EQ,INE024L01027,GRAVITA INDIA LIMITED,1811.0,1903.3,1809.5,1851.9,1816.1,1.97,1160082,2148355884.12
2025-11-26,GREAVESCOT,EQ,INE224A01026,GREAVES COTTON LTD.,201.65,204.8,201.5,202.06,201.65,0.2,1062644,214717844.05
2025-11-26,GREENLAM,EQ,INE544R01021,GREENLAM INDUSTRIES LTD.,244.25,249.1,241.35,245.3,241.75,1.47,48541,11907107.45
2025-11-26,GREENPANEL,EQ,INE08ZM01014,GREENPANEL INDUSTRIES LTD,255.5,264.3,254.05,258.25,253.15,2.01,203654,52593645.5
2025-11-26,GREENPLY,EQ,INE461C01038,GREENPLY INDUSTRIES LTD,289.45,294.95,287.0,288.0,289.45,-0.5,58606,16878528.0
2025-11-26,GREENPOWER,EQ,INE999K01014,ORIENT GREEN POWER CO LTD,12.98,13.1,12.92,13.0,12.86,1.09,1684272,21895536.0
2025-11-26,GRINDWELL,EQ,INE536A01023,GRINDWELL NORTON LIMITED,1564.0,1596.0,1563.9,1575.9,1564.3,0.74,10196,16067876.65
2025-11-26,GRINFRA,EQ,INE201P01022,G R INFRAPROJECTS LIMITED,1083.4,1093.1,1075.0,1091.8,1081.7,0.93,10766,11754319.33
2025-11-26,GRMOVER,EQ,INE192H01020,GRM OVERSEAS LIMITED,155.02,157.92,155.02,156.97,154.75,1.43,281565,44196317.5
2025-11-26,GROBTEA,EQ,INE646C01018,THE GROB TEA COMPANY LTD,1049.0,1049.0,1021.2,1026.3,1029.0,-0.26,116,119050.81
2025-11-26,GROWW,EQ,INE0HOQ01053,BILLIONBRAINS GARAGE VN L,161.99,165.45,158.88,162.89,161.12,1.1,67776516,11040116649.87
2025-11-26,GROWWDEFNC,EQ,INF666M01IO8,GROWWAMC - GROWWDEFNC,79.13,80.35,79.07,80.21,79.13,1.36,132999,10667849.67
2025-11-26,GROWWEV,EQ,INF666M01IH2,GROWWAMC - GROWWEV,30.99,31.3,30.81,31.17,30.78,1.27,141430,4408373.11
2025-11-26,GROWWGOLD,EQ,INF666M01OE7,GROWWAMC - GROWWGOLD,123.32,123.48,122.76,123.24,122.29,0.78,202230,24922824.77
2025-11-26,GROWWLIQID,EQ,INF666M01IP5,GROWWAMC - GROWWLIQID,106.77,106.78,106.77,106.77,106.75,0.02,341651,36478076.12
2025-11-26,GROWWLOVOL,EQ,INF666M01LB9,GROWWAMC - GROWWLOVOL,10.73,10.73,10.73,10.73,10.62,1.08,0,0.0
2025-11-26,GROWWMC150,EQ,INF666M01MV5,GROWWAMC - GROWWMC150,224.22,224.22,224.22,224.22,221.42,1.27,0,0.0
2025-11-26,GROWWMOM50,EQ,INF666M01KJ4,GROWWAMC - GROWWMOM50,11.01,11.01,11.01,11.01,10.83,1.66,0,0.0
2025-11-26,GROWWN200,EQ,INF666M01JV1,GROWWAMC - GROWWN200,11.79,11.79,11.79,11.79,11.64,1.27,0,0.0
2025-11-26,GROWWNET,EQ,INF666M01LI4,GROWWAMC - GROWWNET,10.73,10.73,10.73,10.73,10.62,1.08,0,0.0
2025-11-26,GROWWNXT50,EQ,INF666M01LZ8,GROWWAMC - GROWWNXT50,69.18,69.18,69.18,69.18,68.15,1.5,0,0.0
2025-11-26,GROWWRAIL,EQ,INF666M01JJ6,GROWWAMC - GROWWRAIL,34.0,34.15,33.8,34.12,33.8,0.95,242618,8278125.9
2025-11-26,GROWWSC250,EQ,INF666M01MO0,GROWWAMC - GROWWSC250,9.7,9.7,9.7,9.7,9.59,1.18,0,0.0
2025-11-26,GROWWSLVR,EQ,INF666M01OF4,GROWWAMC - GROWWSLVR,156.15,156.15,156.15,156.15,153.47,1.75,0,0.0
2025-11-26,GRPLTD,EQ,INE137I01015,GRP LIMITED,1908.0,2079.1,1898.0,1993.8,1896.8,5.11,15425,30754365.75
2025-11-26,GRSE,EQ,INE382Z01011,GARDEN REACH SHIP&ENG LTD,2725.0,2778.6,2725.0,2757.8,2710.1,1.76,809480,2232383983.53
2025-11-26,GRWRHITECH,EQ,INE291A01017,GARWARE HI-TECH FILMS LTD,3825.1,3957.0,3773.5,3912.4,3809.2,2.71,70201,274654385.54
2025-11-26,GSEC10IETF,EQ,INF109KC18O0,ICICIPRAMC - ICICI10GS,259.63,259.99,259.63,259.63,259.63,0.0,422,109563.86
2025-11-26,GSEC10YEAR,EQ,INF769K01KF8,MIRAEAMC - MAGS813ETF,29.6,29.66,29.51,29.66,29.6,0.2,5451,161676.66
2025-11-26,GSEC5IETF,EQ,INF109KC14A8,ICICIPRAMC - ICICI5GSEC,63.9,64.04,63.72,63.99,63.82,0.27,4719,301968.82
2025-11-26,GSFC,EQ,INE026A01025,GUJ STATE FERT & CHEM LTD,184.55,185.49,183.68,184.98,183.69,0.7,541415,100150944.39
2025-11-26,GSLSU,EQ,INE0JSX01015,GLOBAL SURFACES LIMITED,126.4,134.5,126.2,127.93,125.68,1.79,470054,60134008.36
2025-11-26,GSS,EQ,INE871H01011,GSS INFOTECH LIMITED,20.39,20.39,19.59,19.69,20.12,-2.14,118161,2326590.15
2025-11-26,GTECJAINX,EQ,INE586X01012,G-TEC JAINX EDUCATION LTD,23.51,24.43,22.75,22.9,24.46,-6.38,2179,49899.1
2025-11-26,GTL,EQ,INE043A01012,GTL LTD,8.01,8.27,8.01,8.19,8.01,2.25,301642,2470447.85
2025-11-26,GTLINFRA,EQ,INE221H01019,GTL INFRA.LTD,1.33,1.38,1.33,1.35,1.33,1.5,55483797,74903127.27
2025-11-26,GTPL,EQ,INE869I01013,GTPL HATHWAY LIMITED,98.97,100.85,98.97,99.82,99.2,0.63,16576,1654616.31
2025-11-26,GUFICBIO,EQ,INE742B01025,GUFIC BIOSCIENCES LTD.,355.05,371.0,351.05,368.45,357.2,3.15,110133,40578505.19
2025-11-26,GUJALKALI,EQ,INE186A01019,GUJARAT ALKALIES & CHEM,531.0,539.0,530.25,533.75,530.95,0.53,15881,8476483.75
2025-11-26,GUJAPOLLO,EQ,INE826C01016,GUJ. APOLLO IND. LTD.,448.95,455.4,440.1,450.3,448.95,0.3,2726,1227517.77
2025-11-26,GUJENERGY,EQ,INE844O01030,GUJARAT ENERGY LIMITED,398.85,402.0,395.65,400.75,398.85,0.48,127342,51032306.5
2025-11-26,GUJRAFFIA,EQ,INE610B01024,GUJARAT RAFFIA INDUST LTD,56.95,57.67,54.93,57.67,54.93,4.99,19142,1103919.1
2025-11-26,GUJTHEM,EQ,INE942C01045,GUJARAT THEMIS BIOSYN LTD,408.65,424.0,407.45,417.1,410.75,1.55,73337,30588863.15
2025-11-26,GULFOILLUB,EQ,INE635Q01029,GULF OIL LUB. IND. LTD.,1179.9,1195.0,1170.4,1187.8,1178.9,0.75,39299,46679354.12
2025-11-26,GULPOLY,EQ,INE255D01024,GULSHAN POLYOLS LIMITED,137.0,140.0,135.0,138.41,135.04,2.5,118973,16467053.37
2025-11-26,GVPIL,EQ,INE878A01011,GE POWER INDIA LIMITED,345.0,359.9,343.1,355.1,346.6,2.45,183690,65228320.12
2025-11-26,GVT&D,EQ,INE200A01026,GE VERNOVA T&D INDIA LTD,2863.8,3005.4,2819.9,2984.0,2855.5,4.5,681518,2033649712.0
2025-11-26,HAL,EQ,INE066F01020,HINDUSTAN AERONAUTICS LTD,4457.0,4522.0,4449.9,4517.8,4441.6,1.72,717411,3241119275.68
2025-11-26,HALEOSLABS,EQ,INE320X01016,HALEOS LABS LIMITED,1427.8,1428.0,1352.7,1361.6,1380.1,-1.34,3372,4591315.12
2025-11-26,HAPPSTMNDS,EQ,INE419U01012,HAPPIEST MINDS TECHNO LTD,500.0,503.4,496.0,500.65,497.85,0.56,142388,71286551.33
2025-11-26,HAPPYFORGE,EQ,INE330T01021,HAPPY FORGINGS LIMITED,1030.5,1039.9,1024.3,1038.0,1030.5,0.73,21867,22697946.0
2025-11-26,HARDWYN,EQ,INE626Z01029,HARDWYN INDIA LIMITED,11.61,12.71,11.6,12.53,11.76,6.56,8207371,102826631.35
2025-11-26,HARIOMPIPE,EQ,INE00EV01017,HARIOM PIPE INDUSTRIES L,340.4,348.85,339.05,346.35,341.4,1.45,80524,27889487.89
2025-11-26,HARRMALAYA,EQ,INE544A01019,HARRISON MALAYALAM LTD,173.81,178.0,173.01,174.43,172.12,1.34,8324,1451955.26
2025-11-26,HARSHA,EQ,INE0JUS01029,HARSHA ENGINEERS INT LTD,387.45,395.95,386.0,391.45,387.4,1.05,19797,7749535.89
2025-11-26,HATHWAY,EQ,INE982F01036,HATHWAY CABLE & DATACOM,13.07,13.25,12.95,13.12,13.03,0.69,1559612,20462109.26
2025-11-26,HATSUN,EQ,INE473B01035,HATSUN AGRO PRODUCT LTD.,1049.9,1076.1,1041.6,1061.8,1051.1,1.02,40101,42579243.76
2025-11-26,HAVELLS,EQ,INE176B01034,HAVELLS INDIA LIMITED,1423.0,1443.0,1418.0,1439.8,1419.4,1.44,609827,878028944.38
2025-11-26,HAVISHA,EQ,INE293B01029,SRI HAVISHA HOSP & INFR L,1.95,1.95,1.86,1.92,1.92,0.0,12544,24084.48
2025-11-26,HBLENGINE,EQ,INE292B01021,HBL ENGINEERING LTD,885.0,889.4,873.8,884.5,881.6,0.33,1507766,1333619027.0
2025-11-26,HBSL,EQ,INE550B01022,HB STOCKHOLDINGS LIMITED,77.49,79.15,77.11,77.82,77.49,0.43,8898,692442.36
2025-11-26,HCC,EQ,INE549A01026,HINDUSTAN CONSTRUCTION CO,23.71,24.42,23.61,23.87,23.45,1.79,9477378,226225020.81
2025-11-26,HCG,EQ,INE075I01017,HEALTHCARE GLOB. ENT. LTD,725.75,737.8,719.5,731.4,726.1,0.73,480775,351638846.74
2025-11-26,HCL-INSYS,EQ,INE236A01020,HCL INFOSYSTEMS LTD,14.17,14.55,14.01,14.07,14.17,-0.71,336214,4730530.88
2025-11-26,HCLTECH,EQ,INE860A01027,HCL TECHNOLOGIES LTD,1601.1,1627.5,1601.1,1617.9,1601.1,1.05,1243303,2011539954.05
2025-11-26,HDBFS,EQ,INE756I01012,HDB FINANCIAL SERVICES L,757.0,766.0,753.85,754.85,755.6,-0.1,888544,670717416.71
2025-11-26,HDFCAMC,EQ,INE127D01025,HDFC AMC LIMITED,2682.0,2697.5,2658.5,2679.0,2668.25,0.4,430478,1153250562.0
2025-11-26,HDFCBANK,EQ,INE040A01034,HDFC BANK LTD,981.3,1006.95,981.3,1003.9,989.8,1.42,19494356,19570384464.34
2025-11-26,HDFCBSE500,EQ,INF179KC1EZ4,HDFCAMC - HDFCBSE500,38.14,38.38,37.96,38.32,37.96,0.95,51228,1963056.94
2025-11-26,HDFCGOLD,EQ,INF179KC1981,HDFC GOLD ETF,107.32,107.79,107.31,107.65,106.8,0.8,2447748,263500075.93
2025-11-26,HDFCGROWTH,EQ,INF179KC1DJ0,HDFCAMC - HDFCGROWTH,127.56,128.78,127.55,128.61,127.24,1.08,9398,1208676.79
2025-11-26,HDFCLIFE,EQ,INE795G01014,HDFC LIFE INS CO LTD,763.6,788.5,762.75,787.55,766.55,2.74,3006211,2367541436.35
2025-11-26,HDFCLOWVOL,EQ,INF179KC1HU8,HDFCAMC - HDFCLOWVOL,21.57,21.57,21.37,21.52,21.37,0.7,15407,331558.65
2025-11-26,HDFCMID150,EQ,INF179KC1HT0,HDFCAMC - HDFCMID150,22.44,22.7,22.29,22.65,22.38,1.21,310581,7034659.53
2025-11-26,HDFCMOMENT,EQ,INF179KC1HV6,HDFCAMC - HDFCMOMENT,31.94,32.47,31.94,32.42,31.93,1.53,211674,6862470.69
2025-11-26,HDFCNEXT50,EQ,INF179KC1HS2,HDFCAMC - HDFCNEXT50,69.68,70.52,69.31,70.33,69.25,1.56,41561,2922985.21
2025-11-26,HDFCNIF100,EQ,INF179KC1HR4,HDFCAMC - HDFCNIF100,27.21,27.51,27.2,27.5,27.2,1.1,17504,481360.0
2025-11-26,HDFCNIFBAN,EQ,INF179KC1HY0,HDFCAMC - HDFCNIFBAN,60.65,61.03,60.41,60.99,60.35,1.06,57396,3500582.14
2025-11-26,HDFCNIFIT,EQ,INF179KC1IA8,HDFCAMC - HDFCNIFIT,38.92,39.38,38.92,39.34,38.92,1.08,45721,1798664.15
2025-11-26,HDFCNIFTY,EQ,INF179KC1965,HDFCAMC - HDFCNIFTY,290.49,292.98,290.22,292.82,289.42,1.17,128119,37515806.52
2025-11-26,HDFCPSUBK,EQ,INF179KC1HW4,HDFCAMC HDFCPSUBK,85.46,87.17,85.46,86.24,85.46,0.91,23313,2010513.07
2025-11-26,HDFCPVTBAN,EQ,INF179KC1HZ7,HDFCAMC - HDFCPVTBAN,28.79,29.2,28.7,29.14,28.7,1.53,46047,1341809.55
2025-11-26,HDFCQUAL,EQ,INF179KC1DL6,HDFCAMC - HDFCQUAL,59.55,60.17,59.23,60.12,59.55,0.96,25251,1518090.09
2025-11-26,HDFCSENSEX,EQ,INF179KC1HX2,HDFCAMC - HDFCSENSEX,94.85,96.47,94.45,96.25,95.43,0.86,31326,3015127.5
2025-11-26,HDFCSILVER,EQ,INF179KC1DI2,HDFCAMC - HDFCSILVER,151.77,152.25,151.12,152.03,149.82,1.48,1978717,300824343.09
2025-11-26,HDFCSML250,EQ,INF179KC1FB2,HDFCAMC - HDFCSML250,167.83,170.25,167.7,169.69,167.69,1.19,1198029,203293543.93
2025-11-26,HDFCVALUE,EQ,INF179KC1DK8,HDFCAMC - HDFCVALUE,137.05,138.5,137.05,138.13,136.94,0.87,8251,1139710.67
2025-11-26,HEADSUP,EQ,INE759V01019,HEADS UP VENTURES LIMITED,10.5,10.82,10.02,10.2,10.52,-3.04,48502,494720.39
2025-11-26,HEALTHADD,EQ,INF740KA1ZG1,DSPAMC - HEALTHADD,150.01,151.09,149.86,150.71,149.44,0.85,2622,395161.64
2025-11-26,HEALTHAXIS,EQ,INF846K01Z12,AXISAMC-HEALTHAXIS,151.0,151.95,150.96,151.73,150.71,0.68,822,124722.06
2025-11-26,HEALTHIETF,EQ,INF109KC1Q72,ICICIPRAMC - ICICIPHARM,151.75,153.5,151.39,152.87,151.7,0.77,38654,5909036.79
2025-11-26,HEALTHX,EQ,INE019J01013,HEALTH X PLATFORM LIMITED,318.85,328.75,318.85,326.3,318.85,2.34,17006,5549057.59
2025-11-26,HEALTHY,EQ,INF209KB10C2,BIRLASLAMC - HEALTHY,15.01,15.35,15.01,15.32,15.2,0.79,107656,1649289.89
2025-11-26,HECPROJECT,EQ,INE558R01013,HEC INFRA PROJECTS LTD,130.51,134.89,125.0,128.99,130.51,-1.16,27754,3579988.61
2025-11-26,HEIDELBERG,EQ,INE578A01017,HEIDELBERGCEMENT (I) LTD,182.7,184.95,182.7,183.8,183.94,-0.08,29107,5349866.69
2025-11-26,HEMIPROP,EQ,INE0AJG01018,HEMISPHERE PROP IND LTD,137.75,140.7,137.75,140.18,137.75,1.76,171628,24058811.78
2025-11-26,HERANBA,EQ,INE694N01015,HERANBA INDUSTRIES LTD,253.2,261.9,252.55,257.05,251.95,2.02,30228,7770107.03
2025-11-26,HERITGFOOD,EQ,INE978A01027,HERITAGE FOODS LTD,464.05,482.2,463.25,479.0,464.05,3.22,227397,108923163.0
2025-11-26,HEROMOTOCO,EQ,INE158A01026,HERO MOTOCORP LIMITED,6083.5,6146.0,6052.0,6136.5,6081.5,0.9,452071,2774133691.5
2025-11-26,HESTERBIO,EQ,INE782E01017,HESTER BIOSCIENCES LTD,1644.6,1660.0,1631.2,1652.5,1646.9,0.34,2781,4595602.5
2025-11-26,HEXATRADEX,EQ,INE750M01017,HEXA TRADEX LIMITED,168.96,171.5,165.0,167.73,167.66,0.04,8503,1426208.15
2025-11-26,HEXT,EQ,INE093A01041,HEXAWARE TECHNOLOGIES LTD,726.25,758.55,725.4,756.05,726.45,4.07,462856,349942273.15
2025-11-26,HGINFRA,EQ,INE926X01010,H.G.INFRA ENGINEERING LTD,874.5,898.0,871.0,888.05,873.1,1.71,142141,126228313.31
2025-11-26,HGM,EQ,INE596H01014,HANDSON GBL MNGMNT LTD,70.01,71.9,70.0,70.25,69.23,1.47,2585,181596.25
2025-11-26,HGS,EQ,INE170I01016,HINDUJA GLOBAL SOLS. LTD.,481.95,488.4,476.8,481.55,480.9,0.14,9443,4547276.53
2025-11-26,HIKAL,EQ,INE475B01022,HIKAL LIMITED,224.74,226.25,220.51,221.05,224.74,-1.64,112708,24914103.74
2025-11-26,HILINFRA,EQ,INE00RL01028,HIGHWAY INFRASTRUCTURE L,65.63,68.0,65.63,67.25,65.62,2.48,283086,19037533.5
2025-11-26,HILTON,EQ,INE788H01017,HILTON METAL FORGING LTD,42.52,43.93,42.5,43.19,42.52,1.58,56017,2419374.15
2025-11-26,HIMATSEIDE,EQ,INE049A01027,HIMATSINGKA SEIDE LTD,121.01,125.25,120.39,124.5,119.67,4.04,353843,44053453.5
2025-11-26,HINDALCO,EQ,INE038A01020,HINDALCO  INDUSTRIES  LTD,790.15,803.0,787.2,800.8,789.35,1.45,3842280,3076897777.1
2025-11-26,HINDCOMPOS,EQ,INE310C01029,HINDUSTAN COMPOSITES LTD.,457.55,457.55,447.1,453.55,446.9,1.49,1722,781013.08
2025-11-26,HINDCON,EQ,INE642Y01029,HINDCON CHEMICALS LIMITED,29.53,30.0,29.27,29.59,28.98,2.1,20692,612276.28
2025-11-26,HINDCOPPER,EQ,INE531E01026,HINDUSTAN COPPER LTD,324.8,330.85,322.5,329.1,320.2,2.78,8010595,2636286863.39
2025-11-26,HINDOILEXP,EQ,INE345A01011,HINDUSTAN OIL EXPLORATION,141.3,143.17,139.92,142.07,140.9,0.83,410681,58345452.68
2025-11-26,HINDPETRO,EQ,INE094A01015,HINDUSTAN PETROLEUM CORP,457.1,467.7,457.05,466.25,455.25,2.42,3690761,1720817316.25
2025-11-26,HINDUNILVR,EQ,INE030A01027,HINDUSTAN UNILEVER LTD.,2412.0,2427.7,2409.0,2425.2,2414.1,0.46,1242683,3013754750.92
2025-11-26,HINDWAREAP,EQ,INE05AN01011,HINDWARE HME INOVATON LTD,334.45,344.0,328.1,329.95,336.1,-1.83,131597,43420431.76
2025-11-26,HINDZINC,EQ,INE267A01025,HINDUSTAN ZINC LIMITED,465.0,470.9,463.2,470.25,462.6,1.65,2138803,1005772110.75
2025-11-26,HIRECT,EQ,INE835D01023,HIRECT LIMITED,730.0,759.2,723.0,755.7,725.0,4.23,95494,72164816.97
2025-11-26,HISARMETAL,EQ,INE598C01011,HISAR METAL IND. LIMITED,177.0,179.4,172.92,177.13,171.57,3.24,1061,187934.94
2025-11-26,HITECH,EQ,INE106T01025,HI-TECH PIPES LIMITED,100.71,103.45,99.9,103.09,100.48,2.6,721910,74421699.26
2025-11-26,HLEGLAS,EQ,INE461D01028,HLE GLASCOAT LIMITED,458.5,469.3,454.0,464.25,454.1,2.24,112025,52007606.25
2025-11-26,HLVLTD,EQ,INE102A01024,HLV LIMITED,9.65,9.95,9.4,9.8,9.44,3.81,333225,3265605.06
2025-11-26,HMAAGRO,EQ,INE0ECP01024,HMA AGRO INDUSTRIES LTD,29.85,30.48,29.85,30.15,29.93,0.74,254314,7667567.0
2025-11-26,HNDFDS,EQ,INE254N01026,HINDUSTAN FOODS LIMITED,541.9,545.0,538.05,541.1,541.85,-0.14,28404,15369403.71
2025-11-26,HNGSNGBEES,EQ,INF204KB19I1,NIP IND ETF HANGSENG BEES,508.03,515.9,500.75,510.2,503.01,1.43,153198,78161621.47
2025-11-26,HOMEFIRST,EQ,INE481N01025,HOME FIRST FIN CO IND LTD,1125.0,1150.6,1112.1,1129.9,1120.2,0.87,117154,132372307.46
2025-11-26,HONASA,EQ,INE0J5401028,HONASA CONSUMER LIMITED,295.05,296.8,289.5,293.65,295.05,-0.47,306474,89996088.23
2025-11-26,HONAUT,EQ,INE671A01010,HONEYWELL AUTOMATION IND,34955.0,36000.0,34700.0,35745.0,34955.0,2.26,5403,193130235.0
2025-11-26,HONDAPOWER,EQ,INE634A01018,HONDA I POWER PRODUCT LTD,2440.1,2445.9,2397.0,2424.5,2437.7,-0.54,5749,13938450.5
2025-11-26,HPAL,EQ,INE0GSL01024,HP ADHESIVES LIMITED,46.49,46.96,46.17,46.44,46.33,0.24,37169,1726128.31
2025-11-26,HPIL,EQ,INE05X901010,HINDPRAKASH INDUSTRY LTD,137.46,140.02,136.11,136.54,137.46,-0.67,3268,446212.7
2025-11-26,HPL,EQ,INE495S01016,HPL ELECTRIC & POWER LTD,422.95,425.0,418.85,420.95,420.45,0.12,64802,27278402.69
2025-11-26,HSCL,EQ,INE019C01026,HIMADRI SPECIALITY CHEM L,440.7,448.0,434.35,446.45,440.65,1.32,785002,350464152.48
2025-11-26,HTMEDIA,EQ,INE501G01024,HT MEDIA LIMITED,24.0,24.99,24.0,24.46,24.41,0.2,13676,334514.95
2025-11-26,HUBTOWN,EQ,INE703H01016,HUBTOWN LIMITED,307.45,319.0,305.0,317.35,305.8,3.78,360701,114468464.55
2025-11-26,HUDCO,EQ,INE031A01017,HSG & URBAN DEV CORPN LTD,232.0,239.7,231.51,239.17,230.76,3.64,5617672,1343578601.95
2025-11-26,HUHTAMAKI,EQ,INE275B01026,HUHTAMAKI INDIA LIMITED,219.65,225.0,218.6,223.06,219.65,1.55,165286,36868694.76
2025-11-26,HYUNDAI,EQ,INE0V6F01027,HYUNDAI MOTOR INDIA LTD,2304.0,2320.0,2275.0,2306.7,2300.8,0.26,1069176,2466268226.99
2025-11-26,IBULLSLTD,EQ,INE126M01010,INDIABULLS LIMITED,19.96,19.96,19.96,19.96,19.96,0.0,0,0.0
2025-11-26,ICEMAKE,EQ,INE520Y01019,ICE MAKE REFRIGERAT LTD,673.4,693.9,673.35,691.0,672.75,2.71,9428,6514748.0
2025-11-26,ICICIB22,EQ,INF109KB15Y7,ICICIPRAMC - BHARATIWIN,115.7,117.2,115.69,117.1,115.68,1.23,240181,28125194.73
2025-11-26,ICICIBANK,EQ,INE090A01021,ICICI BANK LTD.,1360.0,1377.0,1359.9,1375.0,1357.8,1.27,9659004,13281130500.0
2025-11-26,ICICIGI,EQ,INE765G01017,ICICI LOMBARD GIC LIMITED,2003.7,2026.0,1985.5,2010.3,1999.0,0.57,380955,765833855.1
2025-11-26,ICICIPRULI,EQ,INE726G01019,ICICI PRU LIFE INS CO LTD,615.0,623.0,613.3,621.9,612.25,1.58,284416,176878317.34
2025-11-26,ICIL,EQ,INE483B01026,INDO COUNT INDUSTRIES LTD,315.0,318.3,309.2,312.45,314.35,-0.6,128589,40177634.62
2025-11-26,ICRA,EQ,INE725G01011,ICRA LIMITED,6249.5,6249.5,6151.5,6174.0,6174.5,-0.01,5159,31851666.0
2025-11-26,IDBI,EQ,INE008A01015,IDBI BANK LIMITED,101.72,103.57,101.3,101.95,101.2,0.74,9233555,941360904.07
2025-11-26,IDEA,EQ,INE669E01016,VODAFONE IDEA LIMITED,10.11,10.29,10.05,10.08,10.05,0.3,392221239,3953590059.2
2025-11-26,IDEAFORGE,EQ,INE349Y01013,IDEAFORGE TECHNO LTD,465.95,470.0,465.2,468.4,465.45,0.63,101366,47479833.78
2025-11-26,IDFCFIRSTB,EQ,INE092T01019,IDFC FIRST BANK LIMITED,79.51,80.76,79.5,80.37,79.35,1.29,17479553,1404831722.62
2025-11-26,IDFNIFTYET,EQ,INF194KA1U07,BANDHANAMC - IDFNIFTYET,284.5,289.97,279.0,285.14,284.5,0.22,2329,664091.09
2025-11-26,IEX,EQ,INE022Q01020,INDIAN ENERGY EXC LTD,140.4,142.94,140.0,141.76,140.24,1.08,3500889,496286005.41
2025-11-26,IFBAGRO,EQ,INE076C01018,IFB AGRO INDUSTRIES LTD,1470.0,1475.0,1406.0,1416.1,1445.6,-2.04,22857,32367797.14
2025-11-26,IFBIND,EQ,INE559A01017,IFB INDUSTRIES LTD,1701.0,1731.7,1699.2,1705.1,1717.8,-0.74,16596,28297839.19
2025-11-26,IFCI,EQ,INE039A01010,IFCI LTD,50.29,51.99,50.29,51.78,50.28,2.98,4647535,240649356.63
2025-11-26,IFGLEXPOR,EQ,INE133Y01011,IFGL REFRACTORIES LIMITED,217.89,219.11,211.62,215.58,216.19,-0.28,36255,7815852.97
2025-11-26,IGARASHI,EQ,INE188B01013,IGARASHI MOTORS INDIA LTD,435.2,522.0,435.2,483.45,435.2,11.09,4028024,1947348251.97
2025-11-26,IGCL,EQ,INE05J901018,INDOGULF CROPSCIENCES LTD,88.99,92.0,88.98,90.88,88.71,2.45,81946,7447252.25
2025-11-26,IGIL,EQ,INE0Q9301021,INTL GEMOLOGICAL INST LTD,323.15,329.5,321.3,327.0,321.65,1.66,364757,119275539.0
2025-11-26,IGL,EQ,INE203G01027,INDRAPRASTHA GAS LTD,196.4,199.48,195.9,199.23,194.85,2.25,1416640,282237181.15
2025-11-26,IGPL,EQ,INE204A01010,I G PETROCHEMICALS LTD,379.9,382.0,373.95,377.7,376.7,0.27,16631,6281528.9
2025-11-26,IIFL,EQ,INE530B01024,IIFL FINANCE LIMITED,560.0,577.5,557.05,570.75,557.4,2.4,3045743,1738357817.25
2025-11-26,IIFLCAPS,EQ,INE489L01022,IIFL CAPITAL SERVICES LTD,295.4,311.5,293.65,309.5,295.2,4.84,472005,146085547.5
2025-11-26,IITL,EQ,INE886A01014,INDUSTRIAL INV TRUST LTD,175.0,178.0,169.5,170.83,174.8,-2.27,120097,20516170.73
2025-11-26,IKIO,EQ,INE0LOJ01019,IKIO TECHNOLOGIES LIMITED,187.61,195.0,187.46,190.32,187.9,1.29,45693,8696292.09
2025-11-26,IKS,EQ,INE115Q01022,INVENTURUS KNOWLEDGE SO L,1629.8,1697.0,1629.7,1680.6,1629.8,3.12,438444,736848975.7
2025-11-26,IMAGICAA,EQ,INE172N01012,IMAGICAAWORLD ENT LTD,48.04,49.02,47.92,48.24,48.01,0.48,404676,19521570.92
2025-11-26,IMFA,EQ,INE919H01018,INDIAN METALS & FERRO,1255.6,1284.9,1240.2,1247.1,1252.8,-0.45,141325,176246404.05
2025-11-26,IMPAL,EQ,INE547E01014,IND MOTOR PART & ACC LTD,1041.0,1060.0,1041.0,1049.1,1045.7,0.33,1605,1683805.46
2025-11-26,INCREDIBLE,EQ,INE452L01012,INCREDIBLE INDUSTRIES LTD,41.99,41.99,40.0,40.36,40.67,-0.76,4228,170642.08
2025-11-26,INDBANK,EQ,INE841B01017,INDBANK MERCH BANK,36.75,36.94,35.9,36.2,36.07,0.36,36313,1314530.63
2025-11-26,INDGN,EQ,INE065X01017,INDEGENE LIMITED,516.0,525.5,513.8,523.4,515.25,1.58,170088,89024063.35
2025-11-26,INDHOTEL,EQ,INE053A01029,THE INDIAN HOTELS CO. LTD,728.15,735.5,724.05,731.4,726.5,0.67,1350259,987579465.57
2025-11-26,INDIACEM,EQ,INE383A01012,THE INDIA CEMENTS LIMITED,400.0,404.95,395.05,397.4,399.55,-0.54,163897,65132666.8
2025-11-26,INDIAGLYCO,EQ,INE560A01023,INDIA GLYCOLS LTD,1103.0,1113.55,1075.8,1106.4,1103.8,0.24,215908,238880616.47
2025-11-26,INDIAMART,EQ,INE933S01016,INDIAMART INTERMESH LTD,2359.5,2359.8,2310.0,2339.5,2359.5,-0.85,48238,112852801.0
2025-11-26,INDIANB,EQ,INE562A01011,INDIAN BANK,875.0,892.4,871.6,886.75,873.1,1.56,1680454,1490142584.5
2025-11-26,INDIANCARD,EQ,INE061A01014,INDIAN CARD CLOTHING CO.,252.4,259.9,252.25,252.85,253.65,-0.32,1545,390653.26
2025-11-26,INDIANHUME,EQ,INE323C01030,INDIAN HUME PIPE CO. LTD.,384.9,397.8,382.3,395.65,382.3,3.49,64903,25678871.55
2025-11-26,INDIASHLTR,EQ,INE922K01024,INDIA SHELTER FIN CORP L,861.5,881.4,855.95,878.85,861.4,2.03,169559,149016923.01
2025-11-26,INDIGO,EQ,INE646L01027,INTERGLOBE AVIATION LTD,5799.0,5923.0,5781.0,5913.0,5775.0,2.39,520063,3075132519.0
2025-11-26,INDIGOPNTS,EQ,INE09VQ01012,INDIGO PAINTS LIMITED,1275.8,1323.45,1268.4,1306.65,1276.5,2.36,94967,124088632.87
2025-11-26,INDIQUBE,EQ,INE06ST01018,INDIQUBE SPACES LIMITED,224.0,232.01,222.31,229.99,225.88,1.82,251602,57865945.36
2025-11-26,INDNIPPON,EQ,INE092B01025,INDIA NIPPON ELECT  LTD,836.0,862.0,836.0,855.1,833.9,2.54,16799,14364824.49
2025-11-26,INDOBORAX,EQ,INE803D01021,INDO BORAX & CHEMICAL LTD,249.7,249.7,241.6,243.5,245.55,-0.83,12910,3143585.0
2025-11-26,INDOCO,EQ,INE873D01024,INDOCO REMEDIES LTD.,250.1,262.8,250.1,261.3,254.95,2.49,38575,10079647.03
2025-11-26,INDOFARM,EQ,INE622H01018,INDO FARM EQUIPMENT LTD,209.84,211.35,205.5,207.41,208.17,-0.37,134472,27890838.01
2025-11-26,INDORAMA,EQ,INE156A01020,INDO RAMA SYNTHETICS LTD,52.45,53.6,51.86,52.55,52.48,0.13,230360,12105417.82
2025-11-26,INDOSTAR,EQ,INE896L01010,INDOSTAR CAPITAL FIN LTD,216.9,232.73,216.55,230.25,217.86,5.69,172230,39655957.5
2025-11-26,INDOTECH,EQ,INE332H01014,INDO TECH TRANSFORM LTD.,1720.0,1764.1,1680.0,1699.7,1684.7,0.89,17910,30441626.13
2025-11-26,INDOTHAI,EQ,INE337M01021,INDO THAI SEC LTD,458.5,464.9,456.0,458.65,460.4,-0.38,417697,191576726.5
2025-11-26,INDOUS,EQ,INE250Z01010,INDO US BIOTECH LTD,110.0,132.58,109.5,132.58,110.49,19.99,103467,13717655.05
2025-11-26,INDOWIND,EQ,INE227G01018,INDOWIND ENERGY LTD,15.59,17.99,15.26,16.86,15.26,10.48,1836670,30966257.32
2025-11-26,INDRAMEDCO,EQ,INE681B01017,INDRAPRASTHA MEDICAL CORP,510.75,515.95,506.85,514.25,506.7,1.49,129899,66800560.75
2025-11-26,INDSWFTLAB,EQ,INE915B01019,IND SWIFT LABORATORIES LT,94.46,98.29,94.45,96.23,94.04,2.33,111775,10756108.63
2025-11-26,INDTERRAIN,EQ,INE611L01021,IND TERRAIN FASHIONS LTD,35.1,35.83,34.56,35.55,35.42,0.37,31402,1116341.08
2025-11-26,INDUSINDBK,EQ,INE095A01012,INDUSIND BANK LIMITED,844.9,858.7,841.0,850.7,839.9,1.29,2939823,2500907461.99
2025-11-26,INDUSTOWER,EQ,INE121J01017,INDUS TOWERS LIMITED,406.0,409.8,403.65,405.6,403.6,0.5,3963301,1607514909.79
2025-11-26,INFOBEAN,EQ,INE344S01016,INFOBEANS TECHNO. LTD.,139.5,146.48,139.48,146.48,139.5,5.0,149108,21840595.21
2025-11-26,INFOMEDIA,EQ,INE669A01022,INFOMEDIA PRESS LIMITED,6.35,6.8,6.35,6.78,6.48,4.63,12856,87163.68
2025-11-26,INFRABEES,EQ,INF732E01268,NIP IND ETF INFRA BEES,990.82,1001.0,990.82,999.85,990.82,0.91,5649,5648152.51
2025-11-26,INFRAIETF,EQ,INF109KC16E5,ICICIPRAMC - ICICIINFRA,98.53,99.5,98.36,99.43,98.99,0.44,103675,10308405.28
2025-11-26,INFY,EQ,INE009A01021,INFOSYS LIMITED,1532.1,1560.3,1532.1,1557.9,1530.6,1.78,7575038,11801151885.14
2025-11-26,INGERRAND,EQ,INE177A01018,INGERSOLL-RAND INDIA LTD,3837.4,3858.0,3789.5,3815.5,3849.9,-0.89,12072,46060716.0
2025-11-26,INNOVACAP,EQ,INE0DUT01020,INNOVA CAPTAB LIMITED,715.0,746.9,715.0,733.15,721.2,1.66,25674,18822893.73
2025-11-26,INNOVANA,EQ,INE403Y01018,INNOVANA THINKLABS LTD,457.2,468.0,457.2,465.7,456.4,2.04,15503,7219747.29
2025-11-26,INOXGREEN,EQ,INE510W01014,INOX GREEN ENERGY SER LTD,219.95,228.0,218.55,219.6,218.6,0.46,1018171,223590357.81
2025-11-26,INOXINDIA,EQ,INE616N01034,INOX INDIA LIMITED,1172.3,1181.5,1165.0,1178.4,1175.5,0.25,57676,67965399.81
2025-11-26,INOXWIND,EQ,INE066P01011,INOX WIND LIMITED,135.06,138.67,135.06,136.75,134.7,1.52,6782899,927561438.25
2025-11-26,INSECTICID,EQ,INE070I01018,INSECTICIDES (I) LTD,709.15,747.0,709.15,731.55,709.15,3.16,47572,34801296.02
2025-11-26,INSPIRISYS,EQ,INE020G01017,INSPIRISYS SOLUTIONS LTD,93.6,96.37,93.6,96.07,92.23,4.16,6758,649241.06
2025-11-26,INTELLECT,EQ,INE306R01017,INTELLECT DESIGN ARENA,1089.8,1109.4,1086.8,1098.8,1088.8,0.92,292215,321085856.27
2025-11-26,INTENTECH,EQ,INE781A01025,INTENSE TECHNOLOGIES LTD,129.64,131.0,125.75,129.66,129.64,0.02,691272,89630330.05
2025-11-26,INTERARCH,EQ,INE00M901018,INTERARCH BLDNG SOLTN LTD,2429.4,2462.9,2423.5,2440.2,2422.4,0.73,44442,108447366.23
2025-11-26,INTERNET,EQ,INF769K01PB6,MIRAEAMC - INTERNET,14.48,14.48,14.48,14.48,14.32,1.08,0,0.0
2025-11-26,INTLCONV,EQ,INE575C01027,INTL CONVEYORS LIMITED,87.5,89.31,87.41,88.02,87.57,0.51,82041,7221248.54
2025-11-26,INVENTURE,EQ,INE878H01024,INVENTURE GRO & SEC LTD,1.27,1.31,1.26,1.26,1.27,-0.79,910581,1147332.05
2025-11-26,IOB,EQ,INE565A01014,INDIAN OVERSEAS BANK,39.83,40.3,39.36,39.52,38.84,1.75,16297544,644078946.34
2025-11-26,IOC,EQ,INE242A01010,INDIAN OIL CORP LTD,164.12,166.0,163.57,165.59,164.12,0.9,5855993,969693859.42
2025-11-26,IOLCP,EQ,INE485C01029,IOL CHEM AND PHARMA LTD,90.75,92.48,90.5,91.6,90.25,1.5,670179,61388395.38
2025-11-26,IONEXCHANG,EQ,INE570A01022,ION EXCHANGE (INDIA) LTD,345.9,354.0,342.85,348.55,345.9,0.77,130716,45561060.2
2025-11-26,IPCALAB,EQ,INE571A01038,IPCA LABORATORIES LTD,1406.0,1415.2,1386.3,1408.9,1406.2,0.19,104259,146890507.65
2025-11-26,IPL,EQ,INE0D6701023,INDIA PESTICIDES LIMITED,177.0,180.62,175.32,176.03,175.91,0.07,146414,25773256.24
2025-11-26,IRB,EQ,INE821I01022,IRB INFRA DEV LTD.,21.64,21.88,21.49,21.64,21.64,0.0,11861442,256681597.64
2025-11-26,IRCON,EQ,INE962Y01021,IRCON INTERNATIONAL LTD,160.84,162.7,160.55,161.81,160.83,0.61,1154896,186873718.94
2025-11-26,IRCTC,EQ,INE335Y01020,INDIAN RAIL TOUR CORP LTD,678.45,689.8,677.75,688.5,677.5,1.62,606666,417689541.0
2025-11-26,IREDA,EQ,INE202E01016,INDIAN RENEWABLE ENERGY,142.11,144.79,142.1,144.35,141.36,2.12,3691030,532800203.03
2025-11-26,IRFC,EQ,INE053F01010,INDIAN RAILWAY FIN CORP L,116.85,118.58,116.66,118.08,116.74,1.15,4487936,529935491.1
2025-11-26,IRIS,EQ,INE864K01010,IRIS REGTECH SOLUTION LTD,318.0,325.8,311.05,323.4,310.3,4.22,24126,7802348.25
2025-11-26,IRISDOREME,EQ,INE01GN01025,IRIS CLOTHINGS LIMITED,34.39,34.39,32.15,33.07,33.85,-2.3,415235,13731821.32
2025-11-26,IRMENERGY,EQ,INE07U701015,IRM ENERGY LIMITED,298.0,299.45,291.65,292.95,290.4,0.88,46516,13626862.77
2025-11-26,ISFT,EQ,INE566K01011,INTRASOFT TECH. LTD,86.75,87.0,84.01,86.7,83.78,3.49,34733,3011350.99
2025-11-26,ISGEC,EQ,INE858B01029,ISGEC HEAVY ENG LTD,817.95,833.0,814.2,827.8,810.6,2.12,11732,9711749.46
2025-11-26,ISHANCH,EQ,INE561M01018,ISHAN DYES N CHEMICALS L,66.05,69.35,66.05,68.45,66.05,3.63,31191,2135023.85
2025-11-26,IT,EQ,INF174KA1GC5,KOTAKMAMC - KOTAKIT,40.29,40.99,40.29,40.87,40.29,1.44,185731,7590825.77
2025-11-26,ITADD,EQ,INF740KA1SX1,DSPAMC - DSPIT,38.61,39.06,38.53,39.0,38.55,1.17,44646,1741194.0
2025-11-26,ITAXIS,EQ,INF846K01Y96,AXISAMC-ITAXIS,405.1,406.7,403.17,406.32,401.09,1.3,3106,1262029.94
2025-11-26,ITBEES,EQ,INF204KB15V2,NIP IND ETF IT,40.89,41.0,40.5,40.98,40.42,1.39,8516804,349018624.02
2025-11-26,ITBETA,EQ,INF789F1AZD8,UTIAMC-ITBETA,383.99,387.51,383.99,387.48,382.27,1.36,3604,1396477.96
2025-11-26,ITC,EQ,INE154A01025,ITC LTD,401.0,403.95,400.95,402.3,400.8,0.37,11443953,4603902152.2
2025-11-26,ITCHOTELS,EQ,INE379A01028,ITC HOTELS LIMITED,207.35,210.1,206.85,209.35,207.48,0.9,1475704,308938641.41
2025-11-26,ITDC,EQ,INE353K01014,INDIA TOUR. DEV. CO. LTD.,574.85,583.8,574.85,577.55,573.85,0.64,12473,7203781.0
2025-11-26,ITETF,EQ,INF769K01KV5,MIRAEAMC - ITETF,38.69,39.14,38.62,39.12,38.55,1.48,333926,13063184.76
2025-11-26,ITI,EQ,INE248A01017,ITI LTD,308.0,313.15,306.6,309.6,311.05,-0.47,1040434,322118372.75
2025-11-26,ITIETF,EQ,INF109KC16I6,ICICIPRAMC - ICICITECH,40.52,41.05,40.47,40.99,40.47,1.28,291487,11948052.62
2025-11-26,IVALUE,EQ,INE056801025,IVALUE INFOSOLUTIONS LTD,308.0,317.0,308.0,311.15,307.8,1.09,219264,68223992.26
2025-11-26,IVC,EQ,INE050B01023,IL&FS INVESTMENT MANAGERS,8.05,8.17,8.04,8.12,8.05,0.87,225633,1832139.93
2025-11-26,IVZINGOLD,EQ,INF205KA1BP1,INVESCO INDIA GOLD ETF,10929.95,10970.0,10901.05,10954.2,10828.4,1.16,273,2990496.65
2025-11-26,IVZINNIFTY,EQ,INF205KA1CC7,INVESCO INDIA NIFTY ETF,2960.0,2979.71,2957.18,2971.88,2951.47,0.69,44,130762.71
2025-11-26,IXIGO,EQ,INE0HV901016,LE TRAVENUES TECHNOLOGY L,275.25,278.7,269.0,277.0,277.15,-0.05,1609942,445953934.0
2025-11-26,IZMO,EQ,INE848A01014,IZMO LIMITED,880.0,927.0,880.0,915.2,882.95,3.65,33324,30498125.21
2025-11-26,J&KBANK,EQ,INE168A01041,J & K BANK LTD.,105.54,107.93,105.4,106.46,105.29,1.11,2392595,254715661.51
2025-11-26,JAGRAN,EQ,INE199G01027,JAGRAN PRAKASHAN LIMITED,69.5,70.32,69.5,69.96,69.55,0.59,92575,6476546.92
2025-11-26,JAGSNPHARM,EQ,INE048B01035,JAGSONPAL PHARMACEUTICALS,196.55,204.47,196.55,203.34,196.67,3.39,25583,5202047.13
2025-11-26,JAIBALAJI,EQ,INE091G01026,JAI BALAJI INDUSTRIES LTD,67.32,69.47,66.71,68.54,67.03,2.25,907798,62220475.75
2025-11-26,JAICORPLTD,EQ,INE070D01027,JAI CORP LIMITED,142.99,143.8,142.0,143.01,141.46,1.1,394837,56465637.2
2025-11-26,JAINREC,EQ,INE0YD401026,JAIN RESOURCE RECYCLING L,407.0,413.25,396.8,399.0,404.8,-1.43,1362696,543715704.0
2025-11-26,JAIPURKURT,EQ,INE696V01013,NANDANI CREATION LIMITED,31.08,31.98,30.1,31.56,31.07,1.58,20661,652061.15
2025-11-26,JAMNAAUTO,EQ,INE039C01032,JAMNA AUTO IND LTD,104.0,110.0,103.88,109.57,104.0,5.36,2553515,279788637.77
2025-11-26,JARO,EQ,INE00YJ01010,JARO INS OF TEC MG N RE L,661.0,669.0,651.0,661.55,660.45,0.17,51681,34189564.92
2025-11-26,JASH,EQ,INE039O01029,JASH ENGINEERING LIMITED,458.2,472.9,458.2,468.55,463.6,1.07,76306,35753175.37
2025-11-26,JAYAGROGN,EQ,INE785A01026,JAYANT AGRO ORGANICS LTD,214.7,218.7,214.0,214.45,213.91,0.25,14563,3123035.31
2025-11-26,JAYBARMARU,EQ,INE571B01036,JAY BHARAT MARUTI LTD,88.5,91.9,87.6,89.05,86.82,2.57,102074,9089690.01
2025-11-26,JAYNECOIND,EQ,INE854B01010,JAYASWAL NECO INDUSTR LTD,70.39,73.04,70.05,71.9,70.35,2.2,4080091,293358549.13
2025-11-26,JAYSREETEA,EQ,INE364A01020,JAYSHREE TEA & INDUSTRIES,92.8,93.93,92.51,92.91,92.57,0.37,24111,2240153.1
2025-11-26,JBMA,EQ,INE927D01051,JBM AUTO LIMITED,606.4,618.9,604.05,617.25,606.5,1.77,139417,86055143.25
2025-11-26,JETFREIGHT,EQ,INE982V01025,JET FREIGHT LOGISTICS LTD,18.0,18.25,16.7,17.9,17.92,-0.11,609139,10903587.87
2025-11-26,JGCHEM,EQ,INE0MB501011,J.G.CHEMICALS LIMITED,395.5,409.0,395.5,407.5,395.3,3.09,55893,22776397.5
2025-11-26,JHS,EQ,INE544H01014,JHS SVEND. LAB. LTD,11.45,12.75,10.71,11.31,10.65,6.2,1093669,12369396.85
2025-11-26,JINDALPHOT,EQ,INE796G01012,JINDAL PHOTO LIMITED,1475.0,1490.0,1451.0,1471.6,1465.5,0.42,9942,14630646.96
2025-11-26,JINDALPOLY,EQ,INE197D01010,JINDAL POLY FILMS LIMITED,525.15,529.5,522.55,527.05,522.45,0.88,12427,6549650.2
2025-11-26,JINDALSAW,EQ,INE324A01032,JINDAL SAW LIMITED,163.55,169.77,161.84,167.02,162.21,2.97,2411431,402757215.92
2025-11-26,JINDALSTEL,EQ,INE749A01030,JINDAL STEEL LIMITED,1029.0,1048.3,1023.8,1042.4,1022.6,1.94,1580115,1647111914.58
2025-11-26,JINDRILL,EQ,INE742C01031,JINDAL DRILLING IND. LTD,569.05,570.1,566.45,568.35,569.0,-0.11,60443,34352777.57
2025-11-26,JINDWORLD,EQ,INE247D01039,JINDAL WORLDWIDE LTD,32.02,33.49,31.8,33.09,32.02,3.34,578699,19149150.0
2025-11-26,JIOFIN,EQ,INE758E01017,JIO FIN SERVICES LTD,301.5,308.65,301.5,308.0,300.8,2.39,8885249,2736656692.0
2025-11-26,JISLDVREQS,EQ,IN9175A01010,JAIN DVR EQUITY SHARES,29.48,29.79,28.53,29.21,29.04,0.59,14786,431899.05
2025-11-26,JISLJALEQS,EQ,INE175A01038,JAIN IRRIGATION SYSTEMS,46.07,46.55,45.67,45.82,46.0,-0.39,1098765,50345411.96
2025-11-26,JITFINFRA,EQ,INE863T01013,JITF INFRALOGISTICS LTD,296.6,304.0,294.55,300.1,296.6,1.18,7528,2259152.85
2025-11-26,JKCEMENT,EQ,INE823G01014,JK CEMENT LIMITED,5610.0,5959.5,5580.5,5925.0,5585.0,6.09,194107,1150083975.0
2025-11-26,JKIL,EQ,INE576I01022,JKUMAR INFR.LTD.,587.3,603.45,582.9,589.4,587.3,0.36,114646,67572355.2
2025-11-26,JKIPL,EQ,INE1FF001016,JINKUSHAL INDUSTRIES LTD,111.92,113.98,111.0,111.23,111.92,-0.62,99345,11050144.68
2025-11-26,JKLAKSHMI,EQ,INE786A01032,JK LAKSHMI CEMENT LTD,785.0,790.25,762.65,764.6,781.65,-2.18,181561,138821536.17
2025-11-26,JKPAPER,EQ,INE789E01012,JK PAPER LIMITED,365.45,369.0,364.15,366.65,364.25,0.66,102021,37405999.03
2025-11-26,JKTYRE,EQ,INE573A01042,JK TYRE & INDUSTRIES LTD,443.75,458.35,442.25,456.0,441.7,3.24,727259,331630104.0
2025-11-26,JLHL,EQ,INE682M01020,JUPITER LIFE LINE HOSP L,295.0,296.5,289.0,295.68,292.9,0.95,95500,28237439.3
2025-11-26,JMA,EQ,INE412C01023,JULLUNDUR MOT AGENCY LTD,88.99,89.0,87.0,88.02,88.78,-0.86,5946,523366.9
2025-11-26,JMFINANCIL,EQ,INE780C01023,JM FINANCIAL LIMITED,140.4,146.03,139.9,145.56,139.9,4.05,4769271,694215075.12
2025-11-26,JNKINDIA,EQ,INE0OAF01028,JNK INDIA LIMITED,254.4,256.2,249.1,254.75,251.4,1.33,134728,34321958.0
2025-11-26,JOCIL,EQ,INE839G01010,JOCIL LIMITED,155.9,156.0,150.0,152.48,148.32,2.8,9293,1416996.6
2025-11-26,JPOLYINVST,EQ,INE147P01019,JIND POL INV & FIN CO LTD,969.95,978.5,960.05,972.4,967.25,0.53,2489,2420303.66
2025-11-26,JPPOWER,EQ,INE351F01018,JAIPRAKASH POWER VEN. LTD,19.92,19.92,19.14,19.22,19.65,-2.19,79967185,1536969240.79
2025-11-26,JSFB,EQ,INE953L01027,JANA SMALL FIN BANK LTD,447.95,456.0,445.0,453.5,446.5,1.57,85101,38593303.5
2025-11-26,JSL,EQ,INE220G01021,JINDAL STAINLESS LIMITED,749.7,772.7,746.1,764.15,746.55,2.36,710467,542903375.4
2025-11-26,JSLL,EQ,INE0J5801029,JEENA SIKHO LIFECARE LTD,728.0,749.2,723.0,743.35,728.0,2.11,227133,168839310.0
2025-11-26,JSWCEMENT,EQ,INE718I01012,JSW CEMENT LIMITED,117.4,118.99,115.51,115.93,116.17,-0.21,3148118,364961320.7
2025-11-26,JSWDULUX,EQ,INE133A01011,JSW DULUX LIMITED,3393.0,3443.2,3384.6,3418.8,3397.5,0.63,25174,86064872.43
2025-11-26,JSWENERGY,EQ,INE121E01018,JSW ENERGY LIMITED,476.6,489.6,473.8,487.25,476.6,2.23,1486994,724537826.5
2025-11-26,JSWHL,EQ,INE824G01012,JSW HOLDINGS LIMITED,18569.0,19440.0,18370.0,19334.0,18569.0,4.12,6436,124433624.0
2025-11-26,JSWINFRA,EQ,INE880J01026,JSW INFRASTRUCTURE LTD,267.3,270.25,267.3,269.75,267.3,0.92,974062,262753224.5
2025-11-26,JSWSTEEL,EQ,INE019A01038,JSW STEEL LIMITED,1112.0,1157.0,1112.0,1154.4,1112.0,3.81,2167703,2502396396.12
2025-11-26,JTEKTINDIA,EQ,INE643A01035,JTEKT INDIA LIMITED,153.39,153.39,148.85,150.08,151.33,-0.83,51161,7678242.97
2025-11-26,JTLIND,EQ,INE391J01032,JTL INDUSTRIES LIMITED,63.1,69.8,62.85,68.14,63.2,7.82,5678729,386948590.59
2025-11-26,JUBLCPL,EQ,INE03CC01015,JUBILANT AGRI N CON PRO L,2320.0,2344.0,2280.0,2335.0,2299.2,1.56,1057,2468095.0
2025-11-26,JUBLFOOD,EQ,INE797F01020,JUBILANT FOODWORKS LTD,593.0,609.4,592.1,605.0,593.05,2.02,1896432,1147341360.0
2025-11-26,JUBLINGREA,EQ,INE0BY001018,JUBILANT INGREVIA LIMITED,732.0,755.8,725.7,729.0,725.0,0.55,533184,388691136.0
2025-11-26,JUBLPHARMA,EQ,INE700A01033,JUBILANT PHARMOVA LTD,1089.5,1106.4,1081.4,1105.2,1087.8,1.6,73140,80834324.43
2025-11-26,JUNIORBEES,EQ,INF732E01045,NIP IND ETF JUNIOR BEES,755.59,755.59,730.0,743.82,733.58,1.4,260104,193470559.19
2025-11-26,JUNIPER,EQ,INE696F01016,JUNIPER HOTELS LIMITED,238.65,244.5,237.6,242.7,238.65,1.7,50129,12166308.15
2025-11-26,JUSTDIAL,EQ,INE599M01018,JUSTDIAL LTD.,741.0,749.0,741.0,745.05,742.4,0.36,89890,66972543.4
2025-11-26,JWL,EQ,INE209L01016,JUPITER WAGONS LIMITED,290.2,293.0,289.05,291.95,289.0,1.02,458108,133744636.19
2025-11-26,JYOTHYLAB,EQ,INE668F01031,JYOTHY LABS LIMITED,303.8,309.4,302.75,308.3,302.65,1.87,169338,52206903.33
2025-11-26,JYOTICNC,EQ,INE980O01024,JYOTI CNC AUTOMATION LTD,1036.4,1047.0,1024.0,1041.75,1038.9,0.27,359766,374786230.5
2025-11-26,JYOTISTRUC,EQ,INE197A01024,JYOTI STRUCTURES LTD,11.49,11.49,11.18,11.25,11.15,0.9,4210791,47371398.75
2025-11-26,KABRAEXTRU,EQ,INE900B01029,KABRA EXTRUSION TECHNIK L,236.94,243.68,234.91,237.66,237.19,0.2,32153,7641482.1
2025-11-26,KAJARIACER,EQ,INE217B01036,KAJARIA CERAMICS LTD,1091.6,1099.0,1083.8,1096.0,1087.6,0.77,85692,93918432.0
2025-11-26,KAKATCEM,EQ,INE437B01014,KAKATIYA CEM SUGAR &IND L,137.6,139.7,135.01,137.03,134.53,1.86,1345,184305.35
2025-11-26,KALAMANDIR,EQ,INE438K01021,SAI SILKS (KALAMANDIR) L,167.49,170.23,166.25,166.91,167.13,-0.13,887430,148120944.55
2025-11-26,KALPATARU,EQ,INE227J01012,KALPATARU LIMITED,358.05,360.45,353.0,357.85,356.4,0.41,73767,26397521.4
2025-11-26,KALYANKJIL,EQ,INE303R01014,KALYAN JEWELLERS IND LTD,482.8,498.8,481.5,497.55,482.8,3.06,1696869,844277150.24
2025-11-26,KAMATHOTEL,EQ,INE967C01018,KAMAT HOTELS (I) LTD,236.0,246.6,236.0,245.3,236.25,3.83,35963,8821724.01
2025-11-26,KAMOPAINTS,EQ,INE0BTI01037,KAMDHENU VENTURES LIMITED,6.93,7.33,6.93,6.96,6.96,0.0,623933,4342573.7
2025-11-26,KANANIIND,EQ,INE879E01037,KANANI INDUSTRIES LTD,1.8,1.8,1.74,1.75,1.75,0.0,165661,289906.75
2025-11-26,KANPRPLA,EQ,INE694E01014,KANPUR PLASTIPACK LIMITED,202.39,210.58,202.39,204.03,207.08,-1.47,10220,2085186.59
2025-11-26,KANSAINER,EQ,INE531A01024,KANSAI NEROLAC PAINTS LTD,231.4,234.4,230.03,234.01,231.02,1.29,271702,63580983.53
2025-11-26,KAPSTON,EQ,INE542Z01028,KAPSTON SERVICES LIMITED,315.0,325.0,308.0,311.45,315.75,-1.36,32881,10240787.85
2025-11-26,KARMAENG,EQ,INE725L01011,KARMA ENERGY LIMITED,56.5,56.5,53.15,53.44,55.4,-3.54,2182,116606.08
2025-11-26,KARURVYSYA,EQ,INE036D01028,KARUR VYSYA BANK LTD,248.0,252.6,247.36,251.84,247.95,1.57,1752587,441371503.66
2025-11-26,KAYNES,EQ,INE918Z01012,KAYNES TECHNOLOGY IND LTD,5830.0,5962.0,5772.0,5796.5,5777.5,0.33,1447755,8391911857.5
2025-11-26,KCP,EQ,INE805C01028,KCP LTD,183.16,186.0,181.9,185.07,183.16,1.04,83288,15414110.77
2025-11-26,KDDL,EQ,INE291D01011,KDDL LIMITED,2469.7,2518.2,2445.0,2503.0,2467.2,1.45,17437,43644811.0
2025-11-26,KEC,EQ,INE389H01022,KEC INTL. LIMITED,704.75,709.75,698.1,700.55,699.75,0.11,1804034,1263815996.68
2025-11-26,KECL,EQ,INE134B01017,KIRLOSKAR ELECTRIC CO LTD,104.11,107.5,104.11,106.49,104.6,1.81,133718,14239629.53
2025-11-26,KEEPLEARN,EQ,INE055C01020,DSJ KEEP LEARNING LTD,2.49,2.62,2.4,2.43,2.4,1.25,67141,163152.63
2025-11-26,KEI,EQ,INE878B01027,KEI INDUSTRIES LTD.,4073.9,4157.6,4040.0,4133.1,4071.5,1.51,165192,682755071.33
2025-11-26,KELLTONTEC,EQ,INE164B01030,KELLTON TECH SOL LTD,18.98,19.4,18.9,19.32,18.88,2.33,1671292,32289360.93
2025-11-26,KERNEX,EQ,INE202H01019,KERNEX MICROSYS(I) LTD,1213.6,1221.9,1128.1,1180.4,1208.8,-2.35,232100,273970845.67
2025-11-26,KEYFINSERV,EQ,INE681C01015,KEYNOTE FIN SERV LTD.,300.0,314.7,285.0,288.45,295.7,-2.45,11417,3293233.79
2025-11-26,KFINTECH,EQ,INE138Y01010,KFIN TECHNOLOGIES LIMITED,1055.0,1079.1,1055.0,1070.5,1050.4,1.91,822473,880457346.5
2025-11-26,KHAICHEM,EQ,INE745B01028,KHAITAN CHEM & FERT LTD,85.79,88.56,84.8,86.13,85.29,0.98,360476,31047796.89
2025-11-26,KHAITANLTD,EQ,INE731C01018,KHAITAN (INDIA)LTD.,97.96,104.5,96.0,102.69,97.96,4.83,5181,532036.9
2025-11-26,KHANDSE,EQ,INE060B01014,KHANDWALA SECURITIES LTD,21.81,22.59,21.8,22.01,21.8,0.96,1308,28789.08
2025-11-26,KICL,EQ,INE029L01018,KALYANI INVEST CO LTD,5091.0,5184.0,5060.0,5133.5,5086.0,0.93,1293,6637615.5
2025-11-26,KIMS,EQ,INE967H01025,KRISHNA INST OF MED SCI L,675.05,686.0,669.15,684.15,675.15,1.33,268587,183753802.61
2025-11-26,KINGFA,EQ,INE473D01015,KINGFA SCI & TEC IND LTD.,4085.0,4196.2,3925.0,4191.6,3996.4,4.88,3165,13266414.31
2025-11-26,KIOCL,EQ,INE880L01014,KIOCL LIMITED,337.45,354.3,337.45,354.3,337.45,4.99,115122,40787723.19
2025-11-26,KIRIINDUS,EQ,INE415I01015,KIRI INDUSTRIES LIMITED,566.95,598.0,565.65,578.95,581.2,-0.39,1730549,1001901364.67
2025-11-26,KIRLOSBROS,EQ,INE732A01036,KIRLOSKAR BROTHERS LTD,1687.0,1725.0,1674.2,1707.5,1680.7,1.59,30640,52317800.0
2025-11-26,KIRLOSENG,EQ,INE146L01010,KIRLOSKAR OIL ENG LTD,1157.95,1167.1,1142.15,1147.85,1157.5,-0.83,114689,131645765.85
2025-11-26,KIRLOSIND,EQ,INE250A01039,KIRLOSKAR INDUSTRIES LTD,3492.0,3630.7,3492.0,3525.9,3515.1,0.31,3340,11776505.67
2025-11-26,KIRLPNU,EQ,INE811A01038,KIRLOSKAR PNEUMATIC COM L,534.3,548.05,532.5,546.3,532.3,2.63,66832,36510320.78
2025-11-26,KITEX,EQ,INE602G01020,KITEX GARMENTS LTD,215.3,215.72,209.53,211.92,211.19,0.35,1130784,239635743.21
2025-11-26,KKCL,EQ,INE401H01017,KEWAL KIRAN CLOTHING LTD,500.9,509.3,497.05,502.9,498.25,0.93,17068,8583497.1
2025-11-26,KMEW,EQ,INE0CJD01029,KNOWLEDGE MARINE & EN W L,1416.6,1438.5,1352.5,1372.4,1414.45,-2.97,117632,161438159.67
2025-11-26,KMSUGAR,EQ,INE157H01023,K M SUGAR MILLS LTD,26.6,27.86,26.6,27.3,26.83,1.75,52509,1433495.66
2025-11-26,KNAGRI,EQ,INE0KNW01016,KN AGRI RESOURCES LIMITED,209.9,211.35,205.6,207.25,206.25,0.48,14000,2901500.0
2025-11-26,KNRCON,EQ,INE634I01029,KNR CONSTRU LTD.,162.9,166.22,162.0,163.97,162.62,0.83,493731,80957072.67
2025-11-26,KOHINOOR,EQ,INE080B01012,KOHINOOR FOODS LIMITED,28.09,28.97,27.9,28.4,28.09,1.1,71632,2034348.77
2025-11-26,KOKUYOCMLN,EQ,INE760A01029,KOKUYO CAMLIN LIMITED,94.64,96.1,93.98,94.39,94.63,-0.25,32723,3088723.95
2025-11-26,KOLTEPATIL,EQ,INE094I01018,KOLTE PATIL DEV. LTD.,385.65,396.55,376.25,383.3,385.65,-0.61,234433,89858166.04
2025-11-26,KOPRAN,EQ,INE082A01010,KOPRAN LTD,131.19,136.0,130.0,133.54,130.15,2.6,351414,46927823.2
2025-11-26,KOTAKBANK,EQ,INE237A01036,KOTAK MAHINDRA BANK LTD,415.0,422.0,414.82,420.76,413.98,1.64,14896715,6267941948.88
2025-11-26,KOTHARIPET,EQ,INE720A01015,KOTHARI PETROCHEM LTD,137.32,139.99,137.32,139.46,137.49,1.43,27533,3839752.36
2025-11-26,KOTHARIPRO,EQ,INE823A01017,KOTHARI PRODUCTS LTD,83.85,84.0,81.46,82.09,81.2,1.1,22755,1867957.87
2025-11-26,KPEL,EQ,INE127T01021,K.P. ENERGY LIMITED,389.9,394.7,387.6,392.45,387.95,1.16,156116,61267726.11
2025-11-26,KPIGREEN,EQ,INE542W01025,KPI GREEN ENERGY LIMITED,441.9,445.45,440.15,443.05,441.05,0.45,372001,164815038.51
2025-11-26,KPIL,EQ,INE220B01022,KALPATARU PROJECT INT LTD,1226.4,1236.0,1214.4,1225.0,1226.4,-0.11,62817,76950825.0
2025-11-26,KPITTECH,EQ,INE04I401011,KPIT TECHNOLOGIES LIMITED,1172.5,1197.5,1168.1,1194.9,1172.0,1.95,476916,569866940.04
2025-11-26,KPRMILL,EQ,INE930H01031,KPR MILL LTD.,1078.9,1099.9,1053.1,1095.7,1079.0,1.55,258875,283649324.86
2025-11-26,KRBL,EQ,INE001B01026,KRBL LIMITED,416.9,416.9,410.5,413.5,412.85,0.16,312734,129315509.0
2025-11-26,KREBSBIO,EQ,INE268B01013,KREBS BIOCHEMICALS & IND,65.75,68.0,65.16,65.35,65.72,-0.56,1231,80445.85
2025-11-26,KRIDHANINF,EQ,INE524L01026,KRIDHAN INFRA LIMITED,3.71,3.86,3.71,3.82,3.71,2.96,50058,191221.56
2025-11-26,KRISHANA,EQ,INE506W01020,KRISHANA PHOSCHEM LIMITED,100.16,101.64,100.15,101.05,100.36,0.69,141185,14266744.68
2025-11-26,KRISHIVAL,EQ,INE0GGO01015,KRISHIVAL FOODS LIMITED,471.85,478.0,471.4,476.0,472.3,0.78,45964,21878864.0
2025-11-26,KRISHNADEF,EQ,INE0J5601015,KRISHNA DEF AND ALD IND L,797.6,797.9,779.0,785.15,788.45,-0.42,17250,13543837.92
2025-11-26,KRITI,EQ,INE479D01038,KRITI INDUSTRIES IND LTD,97.55,97.55,91.96,92.4,92.97,-0.61,17086,1578746.43
2025-11-26,KRITIKA,EQ,INE00Z501029,KRITIKA WIRES LIMITED,7.65,7.65,7.39,7.42,7.54,-1.59,148081,1098761.03
2025-11-26,KRITINUT,EQ,INE798K01010,KRITI NUTRIENTS LIMITED,82.12,82.13,80.11,80.37,81.24,-1.07,9272,745190.67
2025-11-26,KRN,EQ,INE0Q3J01015,KRN HEAT EXCHANGE N REF L,825.0,843.0,817.05,829.3,826.45,0.34,156721,129968723.39
2025-11-26,KROSS,EQ,INE0O6601022,KROSS LIMITED,161.5,162.8,157.7,158.76,160.65,-1.18,243559,38667425.5
2025-11-26,KRSNAA,EQ,INE08LI01020,KRSNAA DIAGNOSTICS LTD,806.1,814.0,803.0,811.45,806.1,0.66,20013,16239549.09
2025-11-26,KRYSTAL,EQ,INE0QN801017,KRYSTAL INTEGRATED SER L,555.0,562.0,548.0,555.55,552.75,0.51,14923,8290472.47
2025-11-26,KSB,EQ,INE999A01023,KSB LIMITED,748.25,748.25,730.55,740.15,748.25,-1.08,74966,55486086.73
2025-11-26,KSCL,EQ,INE455I01029,KAVERI SEED CO. LTD.,1001.0,1001.0,970.0,972.7,1002.1,-2.93,86624,84259165.86
2025-11-26,KSHITIJPOL,EQ,INE013801027,KSHITIJ POLYLINE LIMITED,2.57,2.65,2.57,2.63,2.57,2.33,89034,234159.43
2025-11-26,KSL,EQ,INE907A01026,KALYANI STEELS LIMITED,769.95,778.8,769.95,774.95,768.05,0.9,10729,8314438.68
2025-11-26,KSOLVES,EQ,INE0D6I01023,KSOLVES INDIA LIMITED,300.0,307.5,300.0,302.95,301.0,0.65,19045,5769682.98
2025-11-26,KTKBANK,EQ,INE614B01018,KARNATAKA BANK LIMITED,216.64,218.4,208.1,210.95,215.59,-2.15,23040795,4860455634.94
2025-11-26,KUANTUM,EQ,INE529I01021,KUANTUM PAPERS LIMITED,99.1,101.8,98.05,98.85,99.09,-0.24,26876,2656692.56
2025-11-26,LAGNAM,EQ,INE548Z01017,LAGNAM SPINTEX LIMITED,79.41,79.41,76.02,76.46,76.41,0.07,10792,825156.31
2025-11-26,LAL,EQ,INE740X01023,LORENZINI APPARELS LTD,9.43,9.69,9.19,9.37,8.98,4.34,32506,304581.22
2025-11-26,LALPATHLAB,EQ,INE600L01024,DR. LAL PATH LABS LTD.,1561.5,1565.0,1544.05,1549.05,1571.2,-1.41,208718,323314628.09
2025-11-26,LAMBODHARA,EQ,INE112F01022,LAMBODHARA TEXTILES LTD.,133.0,134.87,131.1,133.72,132.54,0.89,12294,1643953.7
2025-11-26,LANDMARK,EQ,INE559R01029,LANDMARK CARS LIMITED,539.2,546.0,536.55,540.85,539.2,0.31,24624,13317889.8
2025-11-26,LANDSMILL,EQ,INE688J01023,LANDSMILL GREEN LIMITED,1.42,1.47,1.42,1.45,1.44,0.69,1330413,1929098.91
2025-11-26,LAOPALA,EQ,INE059D01020,LA OPALA RG LIMITED,219.8,222.35,216.08,221.35,220.04,0.6,52011,11512635.17
2025-11-26,LATENTVIEW,EQ,INE0I7C01011,LATENT VIEW ANALYTICS LTD,499.0,509.0,490.6,493.65,499.2,-1.11,682700,337014850.83
2025-11-26,LATTEYS,EQ,INE262Z01023,LATTEYS INDUSTRIES LTD,22.79,23.44,22.6,23.44,22.33,4.97,48899,1146192.59
2025-11-26,LAURUSLABS,EQ,INE947Q01028,LAURUS LABS LIMITED,981.0,989.45,973.35,986.6,977.55,0.93,2951910,2912354333.93
2025-11-26,LAXMICOT,EQ,INE801V01019,LAXMI COTSPIN LIMITED,20.08,20.43,19.95,19.96,20.07,-0.55,20601,411195.94
2025-11-26,LAXMIDENTL,EQ,INE0WO601020,LAXMI DENTAL LIMITED,292.0,292.0,280.0,280.65,284.7,-1.42,136864,38410880.76
2025-11-26,LAXMIINDIA,EQ,INE06WU01026,LAXMI INDIA FINANCE LTD,135.0,136.6,134.25,135.38,134.7,0.5,132650,17958157.65
2025-11-26,LCCINFOTEC,EQ,INE938A01021,LCC INFOTECH LTD,5.12,5.12,4.98,5.12,4.88,4.92,218612,1119293.41
2025-11-26,LEMERITE,EQ,INE0G1L01025,LE MERITE EXPORTS LIMITED,97.0,97.3,95.4,95.99,96.4,-0.43,120000,11518799.74
2025-11-26,LEMONTREE,EQ,INE970X01018,LEMON TREE HOTELS LTD,150.49,151.95,149.25,151.54,150.0,1.03,1519162,230213799.28
2025-11-26,LENSKART,EQ,INE956O01016,LENSKART SOLUTIONS LTD,417.9,423.9,403.0,405.0,414.95,-2.4,2012117,814907385.0
2025-11-26,LEXUS,EQ,INE500X01013,LEXUS GRANITO (INDIA) LTD,27.04,27.68,26.05,27.02,27.04,-0.07,2996,80951.92
2025-11-26,LFIC,EQ,INE850E01012,LAKSHMI FIN IND CORP LTD,196.01,199.7,191.6,193.11,193.24,-0.07,951,183647.61
2025-11-26,LGBBROSLTD,EQ,INE337A01034,LG BALAKRISHNAN & BROS,1851.5,1888.2,1842.2,1879.4,1851.5,1.51,73210,137590875.79
2025-11-26,LGEINDIA,EQ,INE324D01010,LG ELECTRONICS INDIA LTD,1629.0,1644.0,1624.0,1640.6,1628.2,0.76,656382,1076860293.18
2025-11-26,LGHL,EQ,INE258Y01016,LAXMI GOLDORNA HOUSE LTD,279.95,283.8,268.55,276.25,271.45,1.77,227595,62873118.75
2025-11-26,LIBAS,EQ,INE908V01012,LIBAS CONSU PRODUCTS LTD,11.33,11.63,11.21,11.29,11.33,-0.35,80624,910244.96
2025-11-26,LIBERTSHOE,EQ,INE557B01019,LIBERTY SHOES LTD,300.5,302.2,296.55,297.25,296.1,0.39,10712,3184142.0
2025-11-26,LICHSGFIN,EQ,INE115A01026,LIC HOUSING FINANCE LTD,549.8,557.85,547.85,555.8,548.1,1.4,1867914,1038186578.4
2025-11-26,LICI,EQ,INE0J1Y01017,LIFE INSURA CORP OF INDIA,448.48,450.95,446.8,447.4,448.83,-0.32,1695090,758383255.65
2025-11-26,LICMFGOLD,EQ,INF767K01SM1,LIC MF - LIC GOLD ETF,11250.0,11349.85,11248.85,11300.6,11192.85,0.96,981,11085888.22
2025-11-26,LICNETFGSC,EQ,INF767K01MV5,LICNAMC - LICNMFET,28.97,28.97,28.8,28.82,28.84,-0.07,264646,7627097.64
2025-11-26,LICNETFN50,EQ,INF767K01OS7,LICNAMC - LICNFENGP,289.0,290.8,289.0,290.56,287.38,1.11,443,128718.08
2025-11-26,LICNETFSEN,EQ,INF767K01OT5,LICNAMC - LICNFESGP,955.0,959.82,941.67,955.57,953.22,0.25,262,250359.34
2025-11-26,LICNFNHGP,EQ,INF767K01PC8,LICNAMC - LICNFNHGP,288.0,288.37,285.58,288.36,287.0,0.47,659,190029.23
2025-11-26,LICNMID100,EQ,INF767K01RN1,LICNAMC - LICNMID100,60.41,60.48,60.14,60.47,60.14,0.55,3623,219082.81
2025-11-26,LIKHITHA,EQ,INE060901027,LIKHITHA INFRASTRUC LTD,204.1,205.2,201.2,202.45,203.02,-0.28,21951,4443979.88
2025-11-26,LINC,EQ,INE802B01027,LINC LIMITED,119.49,120.45,116.25,118.1,119.52,-1.19,17020,2010061.97
2025-11-26,LINCOLN,EQ,INE405C01035,LINCOLN PHARMA LTD,521.05,522.35,514.55,516.15,520.1,-0.76,13800,7122870.34
2025-11-26,LINDEINDIA,EQ,INE473A01011,LINDE INDIA LIMITED,5909.0,6074.0,5871.0,5908.0,5890.0,0.31,142346,840980168.0
2025-11-26,LIQUID,EQ,INF769K01KS1,MIRAEAMC - LIQUID,999.99,1000.0,999.99,999.99,999.99,0.0,221856,221853779.27
2025-11-26,LIQUID1,EQ,INF174KA1LV5,KOTAKMAMC - KOTAKLIQ,1079.58,1082.7,1079.56,1079.57,1079.42,0.01,244429,263878202.4
2025-11-26,LIQUIDADD,EQ,INF740KA1UM0,DSPAMC - LIQUIDADD,1101.75,1101.75,1101.73,1101.73,1101.58,0.01,229604,252961610.44
2025-11-26,LIQUIDBEES,EQ,INF732E01037,NIP IND ETF LIQUID BEES,1000.0,1000.01,999.99,999.99,1000.0,-0.0,1977815,1977795202.54
2025-11-26,LIQUIDBETF,EQ,INF0QA701854,BFAM - LIQUIDBETF,1058.2,1058.2,1058.18,1058.19,1058.04,0.01,564521,597370443.91
2025-11-26,LIQUIDCASE,EQ,INF0R8F01034,ZERODHAAMC - LIQUIDCASE,111.54,111.56,111.54,111.55,111.54,0.01,11631381,1297480586.05
2025-11-26,LIQUIDETF,EQ,INF740KA1EU7,DSP LIQUID ETF,1000.0,1000.01,999.99,1000.0,1000.0,0.0,45908,45908000.0
2025-11-26,LIQUIDIETF,EQ,INF109KC1KT9,ICICIPRAMC - ICICILIQ,1000.0,1000.01,999.99,999.99,999.99,0.0,687042,687035122.87
2025-11-26,LIQUIDPLUS,EQ,INF769K01MY5,MIRAEAMC - LIQUIDPLUS,1061.17,1061.19,1061.17,1061.17,1061.03,0.01,125142,132796941.64
2025-11-26,LIQUIDSBI,EQ,INF200KA13Z8,SBIAMC - LIQUIDSBI,999.99,1000.01,999.99,1000.01,1000.01,0.0,24294,24294243.18
2025-11-26,LIQUIDSHRI,EQ,INF680P01422,SHRIRAM - LIQUIDSHRI,1080.95,1080.95,1080.93,1080.93,1080.8,0.01,8903,9623520.27
2025-11-26,LLOYDSENGG,EQ,INE093R01011,LLOYDS ENGG WORK LIMITED,52.22,54.4,52.14,54.19,52.13,3.95,2408258,130503497.71
2025-11-26,LLOYDSENT,EQ,INE080I01025,LLOYDS ENTERPRISES LTD,56.7,58.5,56.7,58.26,56.65,2.84,730459,42556540.11
2025-11-26,LLOYDSME,EQ,INE281B01032,LLOYDS METALS N ENERGY L,1194.7,1251.9,1183.3,1241.0,1188.8,4.39,518172,643051452.0
2025-11-26,LMW,EQ,INE269B01029,LMW LIMITED,14992.0,15500.0,14992.0,15477.0,14992.0,3.24,2304,35659008.0
2025-11-26,LODHA,EQ,INE670K01029,LODHA DEVELOPERS LIMITED,1165.0,1175.0,1157.9,1163.6,1160.2,0.29,833164,969469610.06
2025-11-26,LOKESHMACH,EQ,INE397H01017,LOKESH MACHINES LTD,161.41,161.74,158.48,161.21,157.69,2.23,37343,6020065.28
2025-11-26,LORDSCHLO,EQ,INE846D01012,LORDS CHLORO ALKALI LTD,179.69,182.34,176.03,178.68,179.69,-0.56,8891,1588643.81
2025-11-26,LOTUSEYE,EQ,INE947I01017,LOTUS EYE HOSP & INST L,107.49,109.25,105.5,106.02,107.49,-1.37,4942,523950.82
2025-11-26,LOVABLE,EQ,INE597L01014,LOVABLE LINGERIE LTD,84.1,85.18,82.59,82.96,83.29,-0.4,7058,585531.67
2025-11-26,LOWVOL,EQ,INF769K01JU9,MIRAEAMC - MANV30F,214.78,215.87,214.78,215.87,213.87,0.94,2106,454622.21
2025-11-26,LOWVOL1,EQ,INF174KA1IY5,KOTAKMAMC - KOTAKLOVOL,21.26,22.05,21.26,21.95,21.81,0.64,58738,1289299.14
2025-11-26,LOWVOLIETF,EQ,INF109KC19U5,ICICI PR NIF LW VL 30 ETF,23.19,23.27,22.97,23.18,22.96,0.96,725261,16811550.2
2025-11-26,LOYALTEX,EQ,INE970D01010,LOYAL TEXTILE MILLS LTD,228.0,228.0,218.0,220.0,218.02,0.91,343,75460.0
2025-11-26,LPDC,EQ,INE197J01017,LANDMARK PR.DEV.CO.LTD,9.1,9.46,8.5,9.0,7.89,14.07,3941578,35474202.0
2025-11-26,LT,EQ,INE018A01030,LARSEN & TOUBRO LTD.,3999.0,4074.6,3998.0,4062.0,3996.7,1.63,2058237,8360558694.0
2025-11-26,LTF,EQ,INE498L01015,L&T FINANCE LIMITED,298.0,308.8,297.35,307.6,296.9,3.6,11140520,3426824020.0
2025-11-26,LTFOODS,EQ,INE818H01020,LT FOODS LIMITED,409.75,409.75,403.6,405.0,404.75,0.06,173793,70386165.0
2025-11-26,LTGILTBEES,EQ,INF204KB1882,NIP IND ETF LONGTERM GILT,29.2,29.32,29.2,29.24,29.19,0.17,1577834,46135865.8
2025-11-26,LTM,EQ,INE214T01019,LTM LIMITED,5833.0,5902.0,5832.0,5890.0,5833.0,0.98,287745,1694818050.0
2025-11-26,LTTS,EQ,INE010V01017,L&T TECHNOLOGY SER. LTD.,4305.0,4305.0,4238.0,4275.9,4262.8,0.31,61973,264990344.65
2025-11-26,LUMAXIND,EQ,INE162B01018,LUMAX INDUSTRIES LTD,5677.3,5764.0,5452.0,5479.6,5542.1,-1.13,119164,652971066.04
2025-11-26,LUMAXTECH,EQ,INE872H01027,LUMAX AUTO TECH LTD,1472.0,1524.0,1461.9,1505.2,1473.8,2.13,380124,572162626.24
2025-11-26,LUPIN,EQ,INE326A01037,LUPIN LIMITED,2042.3,2074.0,2035.3,2071.6,2042.3,1.43,615108,1274257792.87
2025-11-26,LUXIND,EQ,INE150G01020,LUX INDUSTRIES LIMITED,1154.0,1172.0,1148.2,1164.2,1153.9,0.89,16357,19042818.6
2025-11-26,LXCHEM,EQ,INE576O01020,LAXMI ORGANIC INDUS LTD,184.5,185.4,181.47,182.42,182.98,-0.31,259761,47385601.14
2025-11-26,M&M,EQ,INE101A01026,MAHINDRA & MAHINDRA LTD,3681.0,3708.0,3669.3,3686.4,3669.3,0.47,2116524,7802353866.91
2025-11-26,M&MFIN,EQ,INE774D01024,M&M FIN. SERVICES LTD,361.95,363.05,347.55,349.85,360.35,-2.91,3040276,1063640577.16
2025-11-26,MAANALU,EQ,INE215I01027,MAAN ALUMINIUM LIMITED,133.76,136.21,133.76,135.57,133.76,1.35,34359,4658049.88
2025-11-26,MACPOWER,EQ,INE155Z01011,MACPOWER CNC MACHINES LTD,970.0,970.0,940.0,944.55,954.05,-1.0,5768,5448164.33
2025-11-26,MADHAV,EQ,INE925C01016,MADHAV MARBLE & GRANITE,42.01,43.69,41.16,43.25,42.75,1.17,10228,442361.0
2025-11-26,MADRASFERT,EQ,INE414A01015,MADRAS FERTILISERS LTD,76.14,77.63,76.14,76.86,76.14,0.95,45774,3518189.67
2025-11-26,MAFANG,EQ,INF769K01HF4,MIRAEAMC - MAFANG,166.93,171.75,166.93,169.8,165.28,2.73,965750,163984352.95
2025-11-26,MAGADSUGAR,EQ,INE347W01011,MAGADH SUGAR & ENERGY LTD,491.45,504.0,490.05,503.45,491.4,2.45,2826,1422749.73
2025-11-26,MAGNUM,EQ,INE387I01016,MAGNUM VENTURES LTD.,22.05,25.0,21.52,24.41,22.04,10.75,124418,3037043.36
2025-11-26,MAHABANK,EQ,INE457A01014,BANK OF MAHARASHTRA,60.0,60.93,59.63,59.95,59.61,0.57,14322935,858659964.18
2025-11-26,MAHAPEXLTD,EQ,INE843B01013,MAHA RASHTRA APEX COPR. L,90.0,92.81,88.2,89.02,89.9,-0.98,2091,186140.81
2025-11-26,MAHEPC,EQ,INE215D01010,MAHINDRA EPC IRRIG LTD,129.99,130.0,128.01,128.95,127.05,1.5,12184,1571126.76
2025-11-26,MAHESHWARI,EQ,INE263W01010,MAHESHWARI LOGISTICS LTD.,49.0,50.87,48.12,50.84,49.1,3.54,2902,147537.68
2025-11-26,MAHKTECH,EQ,INF769K01HS7,MIRAEAMC - MAHKTECH,25.54,25.54,25.54,25.54,24.9,2.57,165155,4218058.85
2025-11-26,MAHLIFE,EQ,INE813A01018,MAHINDRA LIFESPACE DEVLTD,390.1,407.6,388.05,405.75,390.9,3.8,210387,85364525.25
2025-11-26,MAHLOG,EQ,INE766P01016,MAHINDRA LOGISTIC LIMITED,320.15,329.5,320.15,326.5,320.45,1.89,34603,11297879.5
2025-11-26,MAHSCOOTER,EQ,INE288A01013,MAHARASHTRA SCOOTERS LTD,14100.0,14521.0,14050.0,14427.0,14034.0,2.8,3791,54692757.0
2025-11-26,MAHSEAMLES,EQ,INE271B01025,MAHARASHTRA SEAMLESS LTD,587.65,587.65,575.75,579.45,585.0,-0.95,480038,278158024.96
2025-11-26,MAITHANALL,EQ,INE683C01011,MAITHAN ALLOYS LTD,955.8,969.7,955.0,964.8,955.7,0.95,19975,19271879.76
2025-11-26,MAKEINDIA,EQ,INF769K01IB1,MIRAEAMC - MAMFGETF,153.91,155.57,153.81,155.23,153.24,1.3,27586,4282174.66
2025-11-26,MALLCOM,EQ,INE389C01015,MALLCOM (INDIA) LIMITED,1231.9,1270.4,1222.1,1252.9,1215.4,3.09,6065,7598838.65
2025-11-26,MALUPAPER,EQ,INE383H01017,MALU PAPER MILLS LIMITED,38.0,38.48,37.22,37.4,37.45,-0.13,33586,1256116.45
2025-11-26,MAMATA,EQ,INE0TO701015,MAMATA MACHINERY LIMITED,418.0,423.8,412.6,420.7,411.55,2.22,101786,42821371.44
2025-11-26,MANAKALUCO,EQ,INE859Q01017,MANAK ALUMINIUM CO. LTD.,24.29,25.3,24.02,24.57,24.29,1.15,18523,455110.1
2025-11-26,MANAKCOAT,EQ,INE830Q01018,MAN COAT METAL & IND LTD,134.37,145.8,134.36,141.45,133.99,5.57,632676,89492018.27
2025-11-26,MANAKSIA,EQ,INE015D01022,MANAKSIA LTD.,62.04,64.6,62.04,63.29,62.17,1.8,20642,1306432.2
2025-11-26,MANALIPETC,EQ,INE201A01024,MANALI PETROCHEMICALS LT,65.81,67.5,65.81,66.77,65.77,1.52,192300,12839870.35
2025-11-26,MANAPPURAM,EQ,INE522D01027,MANAPPURAM FINANCE LTD,279.95,288.5,279.45,287.8,279.05,3.14,3733700,1074558814.42
2025-11-26,MANBA,EQ,INE939X01013,MANBA FINANCE LIMITED,137.01,137.92,135.0,135.25,136.22,-0.71,75608,10225982.0
2025-11-26,MANCREDIT,EQ,INE545L01039,MANGAL CREDIT N FINCORP L,175.42,176.47,172.5,173.44,176.25,-1.59,55146,9564522.37
2025-11-26,MANGALAM,EQ,INE584F01014,MANGALAM DRUG & CHEM LTD,33.01,35.13,32.68,32.68,36.32,-10.02,1884888,61598140.42
2025-11-26,MANGLMCEM,EQ,INE347A01017,MANGALAM CEMENT LTD,696.2,698.0,688.4,691.75,688.3,0.5,25529,17659685.75
2025-11-26,MANINDS,EQ,INE993A01026,MAN INDUSTRIES (I) LTD.,475.0,491.0,469.45,484.7,470.5,3.02,1227447,594943575.88
2025-11-26,MANINFRA,EQ,INE949H01023,MAN INFRA LTD,122.99,129.5,122.99,128.37,122.39,4.89,1737951,223100761.38
2025-11-26,MANKIND,EQ,INE634S01028,MANKIND PHARMA LIMITED,2250.1,2300.4,2243.7,2258.9,2241.9,0.76,591887,1337013486.5
2025-11-26,MANOMAY,EQ,INE784W01015,MANOMAY TEX INDIA LTD,230.65,238.99,226.21,230.02,230.62,-0.26,123024,28297981.01
2025-11-26,MANORAMA,EQ,INE00VM01036,MANORAMA INDUSTRIES LTD,1325.0,1331.2,1300.0,1305.0,1321.3,-1.23,61048,79667640.0
2025-11-26,MANORG,EQ,INE370D01013,MANGALAM ORGANICS LIMITED,456.0,466.95,450.0,460.45,459.05,0.3,3570,1643806.54
2025-11-26,MANUGRAPH,EQ,INE867A01022,MANUGRAPH INDIA LIMITED,16.35,16.4,16.0,16.37,15.63,4.73,26471,433330.29
2025-11-26,MANYAVAR,EQ,INE825V01034,VEDANT FASHIONS LIMITED,615.0,619.95,603.5,606.8,611.9,-0.83,433404,262989541.91
2025-11-26,MAPMYINDIA,EQ,INE0BV301023,C.E. INFO SYSTEMS LIMITED,1668.9,1682.0,1657.2,1664.5,1660.2,0.26,39916,66440182.0
2025-11-26,MARALOVER,EQ,INE882A01013,MARAL OVERSEAS LTD,47.98,48.0,47.0,47.11,47.03,0.17,9704,457155.45
2025-11-26,MARATHON,EQ,INE182D01020,MARATHON NXTGEN REALT LTD,555.3,564.9,555.0,563.15,553.8,1.69,39819,22424070.82
2025-11-26,MARICO,EQ,INE196A01026,MARICO LIMITED,731.05,737.5,727.4,734.1,731.35,0.38,1984835,1457067325.04
2025-11-26,MARINE,EQ,INE01JE01028,MARINE ELECTRICAL (I) LTD,229.8,235.85,227.4,229.8,229.15,0.28,290799,66825611.09
2025-11-26,MARKOLINES,EQ,INE0FW001016,MARKOLINES PAVEMENT TEC L,152.3,153.56,148.48,151.95,149.82,1.42,112368,17074317.26
2025-11-26,MARKSANS,EQ,INE750C01026,MARKSANS PHARMA LIMITED,189.5,192.49,188.55,191.31,188.55,1.46,666664,127539488.21
2025-11-26,MARUTI,EQ,INE585B01010,MARUTI SUZUKI INDIA LTD.,15950.0,16210.0,15950.0,16156.0,15889.0,1.68,314946,5088267576.0
2025-11-26,MASFIN,EQ,INE348L01012,MAS FINANCIAL SERV LTD,307.75,311.85,305.9,307.5,307.65,-0.05,62026,19072995.0
2025-11-26,MASKINVEST,EQ,INE885F01015,MASK INVESTMENTS LIMITED,158.0,166.0,158.0,162.93,158.65,2.7,1041,169610.12
2025-11-26,MASPTOP50,EQ,INF769K01HP3,MIRAEAMC - MASPTOP50,69.46,70.16,68.76,69.47,68.3,1.71,308807,21452822.67
2025-11-26,MASTEK,EQ,INE759A01021,MASTEK LTD,2232.6,2256.0,2228.0,2236.8,2229.0,0.35,33356,74610702.43
2025-11-26,MASTERTR,EQ,INE677D01037,MASTER TRUST LIMITED,110.46,112.98,109.76,111.11,110.46,0.59,234605,26066961.69
2025-11-26,MATRIMONY,EQ,INE866R01028,MATRIMONY.COM LIMITED,485.2,494.35,480.65,488.0,484.7,0.68,5824,2842112.0
2025-11-26,MAWANASUG,EQ,INE636A01039,MAWANA SUGARS LIMITED,82.44,83.49,82.44,83.04,82.44,0.73,18444,1531589.78
2025-11-26,MAXESTATES,EQ,INE03EI01018,MAX ESTATES LIMITED,463.95,482.95,460.35,477.85,462.75,3.26,85982,41086499.22
2025-11-26,MAXHEALTH,EQ,INE027H01010,MAX HEALTHCARE INS LTD,1158.3,1171.9,1154.7,1162.6,1158.1,0.39,1121189,1303494304.03
2025-11-26,MAXIND,EQ,INE0CG601016,MAX INDIA LIMITED,199.0,208.0,196.84,205.14,196.98,4.14,40153,8236986.4
2025-11-26,MAYURUNIQ,EQ,INE040D01038,MAYUR UNIQUOTERS LTD,493.45,503.95,493.0,499.3,493.45,1.19,31476,15715966.42
2025-11-26,MAZDOCK,EQ,INE249Z01020,MAZAGON DOCK SHIPBUIL LTD,2650.0,2700.0,2650.0,2696.5,2643.0,2.02,503194,1356862621.0
2025-11-26,MBAPL,EQ,INE900L01028,MADHYA BHARAT AGRO P. LTD,78.38,80.8,78.38,80.43,78.46,2.51,282505,22721877.24
2025-11-26,MBEL,EQ,INE08N601015,M AND B ENGINEERING LTD,384.1,398.95,384.0,393.95,382.1,3.1,298517,117600775.79
2025-11-26,MBLINFRA,EQ,INE912H01013,MBL INFRASTRUCTURE LTD,34.55,38.9,34.55,37.69,34.55,9.09,133142,5018121.8
2025-11-26,MCL,EQ,INE813V01022,M TEK COPPER LIMITED,42.93,43.49,42.51,43.05,42.93,0.28,28487,1226365.33
2025-11-26,MCLEODRUSS,EQ,INE942G01012,MCLEOD RUSSEL INDIA LTD.,53.3,54.36,53.3,53.3,54.39,-2.0,252933,13481328.71
2025-11-26,MCLOUD,EQ,INE613C01026,MAGELLANIC CLOUD LIMITED,48.5,48.87,36.96,36.96,46.21,-20.02,157949584,5837816480.03
2025-11-26,MCX,EQ,INE745G01043,MULTI COMMODITY EXCHANGE,1977.6,2062.2,1976.2,2056.6,1973.4,4.22,4051170,8331636617.62
2025-11-26,MEDANTA,EQ,INE474Q01031,GLOBAL HEALTH LIMITED,1260.0,1268.7,1245.1,1263.3,1249.6,1.1,114140,144193067.57
2025-11-26,MEDIASSIST,EQ,INE456Z01021,MEDI ASSIST HEALTH SER L,484.4,499.85,482.75,497.9,481.8,3.34,127448,63456358.42
2025-11-26,MEDICO,EQ,INE630Y01024,MEDICO REMEDIES LIMITED,48.8,50.2,46.87,49.8,48.95,1.74,177661,8847517.66
2025-11-26,MEDPLUS,EQ,INE804L01022,MEDPLUS HEALTH SERV LTD,785.0,794.0,780.0,786.8,788.8,-0.25,51452,40482432.97
2025-11-26,MEGASTAR,EQ,INE00EM01016,MEGASTAR FOODS LIMITED,257.7,257.75,249.5,249.5,248.0,0.6,1764,440118.0
2025-11-26,MEIL,EQ,INE0PKD01011,MANGAL ELECTRICAL IND L,404.95,417.95,403.85,408.95,403.85,1.26,73587,30093404.55
2025-11-26,METAL,EQ,INF769K01LY7,MIRAEAMC - METAL,10.18,10.35,10.15,10.33,10.12,2.08,1392753,14387138.38
2025-11-26,METALIETF,EQ,INF109KC19W1,ICICIPRAMC - METALIETF,10.13,10.34,10.13,10.32,10.12,1.98,6300276,65018846.4
2025-11-26,METROBRAND,EQ,INE317I01021,METRO BRANDS LIMITED,1160.0,1180.0,1144.8,1175.2,1154.8,1.77,38513,45260475.72
2025-11-26,METROPOLIS,EQ,INE112L01020,METROPOLIS HEALTHCARE LTD,485.77,489.6,483.75,485.25,488.02,-0.57,28740,13946085.0
2025-11-26,MFML,EQ,INE0US801024,MAHALAXMI FABRIC MILLS LT,26.8,27.58,26.06,26.84,26.8,0.15,1506,40421.04
2025-11-26,MFSL,EQ,INE180A01020,MAX FINANCIAL SERV LTD,1710.0,1740.8,1704.9,1736.7,1697.9,2.29,827564,1437230358.39
2025-11-26,MGEL,EQ,INE0APB01032,MANGALAM GLOBAL ENT LTD,14.18,15.9,14.15,15.56,14.24,9.27,3681789,57288638.38
2025-11-26,MGL,EQ,INE002S01010,MAHANAGAR GAS LTD.,1210.0,1225.2,1206.2,1222.4,1206.8,1.29,135127,165179248.1
2025-11-26,MHRIL,EQ,INE998I01010,MAHINDRA HOLIDAYS LTD,316.35,324.95,316.35,322.4,317.5,1.54,89775,28943459.45
2025-11-26,MID150BEES,EQ,INF204KB1V68,NIP IND ETF MIDCAP 150,229.99,230.88,227.64,230.7,227.75,1.3,747941,172549986.42
2025-11-26,MID150CASE,EQ,INF0R8F01059,ZERODHAAMC - MID150CASE,11.25,11.25,11.0,11.19,11.05,1.27,1122889,12565127.44
2025-11-26,MIDCAP,EQ,INF174KA1ZC5,KOTAKMAMC - KOTAKMID50,159.55,159.55,159.55,159.55,159.55,0.0,0,0.0
2025-11-26,MIDCAPETF,EQ,INF769K01IC9,MIRAEAMC - MAM150ETF,22.65,22.88,22.54,22.85,22.56,1.29,4803202,109753167.53
2025-11-26,MIDCAPIETF,EQ,INF109KC11W8,ICICIPRAMC - ICICIM150,22.95,23.12,22.79,23.1,22.84,1.14,1874682,43305154.92
2025-11-26,MIDHANI,EQ,INE099Z01011,MISHRA DHATU NIGAM LTD,329.5,335.2,325.0,328.9,329.5,-0.18,368262,121121369.55
2025-11-26,MIDQ50ADD,EQ,INF740KA1ZF3,DSPAMC - DSPQ50ETF,248.09,255.2,247.36,250.33,247.35,1.2,1230,307905.9
2025-11-26,MIDSELIETF,EQ,INF109KC10W0,ICICI PRUD MIDCAP SEL ETF,18.72,18.72,18.35,18.64,18.35,1.58,315952,5889345.09
2025-11-26,MIDSMALL,EQ,INF769K01LJ8,MIRAEAMC - MIDSMALL,49.01,49.62,49.01,49.53,48.9,1.29,129103,6394471.43
2025-11-26,MIDWESTLTD,EQ,INE0XAD01024,MIDWEST LIMITED,1187.3,1238.0,1187.3,1198.4,1187.7,0.9,57484,68888827.0
2025-11-26,MINDACORP,EQ,INE842C01021,MINDA CORPORATION LTD,597.0,608.0,592.15,595.65,593.4,0.38,261604,155824428.99
2025-11-26,MINDTECK,EQ,INE110B01017,MINDTECK (INDIA) LIMITED,212.15,219.7,211.0,214.75,211.25,1.66,36029,7737227.75
2025-11-26,MIRZAINT,EQ,INE771A01026,MIRZA INTERNATIONAL LIMIT,40.45,41.5,39.61,40.18,40.11,0.17,371971,14945794.89
2025-11-26,MITCON,EQ,INE828O01033,MITCON CON & ENG SER LTD,73.9,73.9,69.11,71.14,70.64,0.71,6219,442419.66
2025-11-26,MITTAL,EQ,INE997Y01027,MITTAL LIFE STYLE LIMITED,1.35,1.35,1.31,1.34,1.35,-0.74,909198,1218325.35
2025-11-26,MKPL,EQ,INE964W01021,M K PROTEINS LIMITED,6.21,6.54,6.21,6.23,6.22,0.16,85756,534259.88
2025-11-26,MMFL,EQ,INE227C01017,MM FORGINGS LTD,322.4,326.9,318.0,324.15,320.7,1.08,47387,15360495.76
2025-11-26,MMP,EQ,INE511Y01018,MMP INDUSTRIES LIMITED,254.95,262.45,254.1,258.55,254.05,1.77,18553,4796877.92
2025-11-26,MMTC,EQ,INE123F01029,MMTC LIMITED,61.01,61.62,60.5,61.29,60.28,1.68,850913,52152458.55
2025-11-26,MNC,EQ,INF174KA1JF2,KOTAKMAMC - KOTAKMNC,30.76,31.0,30.75,30.96,30.65,1.01,41720,1291651.16
2025-11-26,MOALPHA50,EQ,INF247L01FR8,MOTILALAMC - MOALPHA50,52.11,52.11,52.11,52.11,51.15,1.88,0,0.0
2025-11-26,MOBIKWIK,EQ,INE0HLU01028,ONE MOBIKWIK SYSTEMS LTD,240.5,240.5,233.15,237.7,238.0,-0.13,1156006,274782622.67
2025-11-26,MODEFENCE,EQ,INF247L01DJ0,MOTILALAMC - MODEFENCE,87.14,88.37,87.14,88.14,87.06,1.24,1396651,123100818.29
2025-11-26,MODIRUBBER,EQ,INE832A01018,MODI RUBBER LTD,115.0,115.0,110.5,110.73,111.37,-0.57,4029,446131.18
2025-11-26,MODIS,EQ,INE0L0L01012,MODIS NAVNIRMAN LTD,375.95,375.95,366.3,370.35,372.9,-0.68,4471,1655834.88
2025-11-26,MODTHREAD,EQ,INE794W01014,MODERN THREADS INDIA LTD,44.55,44.56,44.02,44.08,44.77,-1.54,349,15383.92
2025-11-26,MOENERGY,EQ,INF247L01GH7,MOTILALAMC - MOENERGY,36.0,36.0,36.0,36.0,35.39,1.73,0,0.0
2025-11-26,MOGSEC,EQ,INF247L01AK4,MOTILALAMC - G5,62.66,62.95,62.66,62.78,62.74,0.06,3694,231909.32
2025-11-26,MOHEALTH,EQ,INF247L01BB1,MOTILALAMC - MOHEALTH,45.29,45.49,44.64,45.33,44.92,0.91,46324,2099867.0
2025-11-26,MOHITIND,EQ,INE954E01012,MOHIT INDUSTRIES LTD,29.0,29.84,28.61,29.72,29.02,2.41,7149,212468.28
2025-11-26,MOIL,EQ,INE490G01020,MOIL LIMITED,325.0,331.3,322.05,327.8,322.3,1.71,507677,166416514.4
2025-11-26,MOINFRA,EQ,INF247L01FL1,MOTILALAMC - MOINFRA,60.82,60.82,60.82,60.82,60.03,1.32,0,0.0
2025-11-26,MOKSH,EQ,INE514Y01020,MOKSH ORNAMENTS LIMITED,13.96,14.54,13.56,13.98,14.06,-0.57,1532120,21419036.9
2025-11-26,MOL,EQ,INE0CT101020,MEGHMANI ORGANICS LIMITED,69.35,69.67,67.5,68.65,67.68,1.43,530914,36447246.91
2025-11-26,MOLDTKPAC,EQ,INE893J01029,MOLD-TEK PACKAGING LTD,618.1,627.75,612.6,619.25,612.6,1.09,65646,40651285.5
2025-11-26,MOLOWVOL,EQ,INF247L01BL0,MOTILALAMC - MOLOWVOL,38.77,39.24,38.77,39.13,38.96,0.44,68264,2671170.39
2025-11-26,MOM100,EQ,INF247L01023,MOTILAL OS MIDCAP100 ETF,65.27,65.82,64.5,65.76,64.93,1.28,541585,35614630.76
2025-11-26,MOM30IETF,EQ,INF109KC17C7,ICICIPRAMC - ICICIMOM30,32.45,32.73,32.23,32.67,32.22,1.4,676769,22110041.99
2025-11-26,MOM50,EQ,INF247L01536,MOTILAL OSWAL M50 ETF,269.01,271.7,269.01,271.65,269.01,0.98,5033,1367214.42
2025-11-26,MOMENTUM,EQ,INF209KB14K7,BIRLASLAMC - MOMENTUM,32.19,32.59,32.12,32.5,32.02,1.5,42384,1377480.0
2025-11-26,MOMENTUM50,EQ,INF247L01DK8,MOTILALAMC - MOMENTUM50,53.77,54.48,53.72,54.38,53.51,1.63,383617,20861092.87
2025-11-26,MOMGF,EQ,INF247L01FK3,MOTILALAMC - MOMGF,152.52,152.52,152.52,152.52,150.25,1.51,0,0.0
2025-11-26,MOMIDMTM,EQ,INF247L01FQ0,MOTILALAMC - MOMIDMTM,64.68,64.68,64.68,64.68,63.78,1.41,0,0.0
2025-11-26,MOMOMENTUM,EQ,INF247L01BK2,MOTILALAMC - MOMOMENTUM,64.35,65.25,64.19,65.1,64.16,1.47,136155,8863690.29
2025-11-26,MON100,EQ,INF247L01AP3,MOTILAL OS NASDAQ100 ETF,232.49,234.8,230.82,232.74,230.9,0.8,924693,215213053.9
2025-11-26,MON50EQUAL,EQ,INF247L01FC0,MOTILALAMC - MON50EQUAL,33.55,33.55,33.55,33.55,33.13,1.27,0,0.0
2025-11-26,MONARCH,EQ,INE903D01011,MONARCH NETWORTH CAP LTD,301.45,306.4,300.75,304.4,300.35,1.35,42974,13081285.34
2025-11-26,MONEXT50,EQ,INF247L01FD8,MOTILALAMC - MONEXT50,68.75,68.75,68.75,68.75,67.73,1.5,0,0.0
2025-11-26,MONEYBOXX,EQ,INE296Q01012,MONEYBOXX FINANCE LIMITED,67.5,67.89,66.75,67.5,67.04,0.69,46312,3126291.43
2025-11-26,MONIFTY100,EQ,INF247L01GG9,MOTILALAMC - MONIFTY100,26.8,26.8,26.8,26.8,26.47,1.28,0,0.0
2025-11-26,MONIFTY500,EQ,INF247L01BU1,MOTILALAMC - MONIFTY500,24.26,24.37,24.09,24.34,24.14,0.83,346943,8444592.67
2025-11-26,MONQ50,EQ,INF247L01AU3,MOTILALAMC - MONQ50,98.47,99.9,98.16,99.23,98.13,1.12,177545,17617790.95
2025-11-26,MONTECARLO,EQ,INE950M01013,MONTE CARLO FASHIONS LTD.,787.05,799.7,785.5,794.7,789.05,0.72,23630,18778761.29
2025-11-26,MOPSE,EQ,INF247L01FO5,MOTILALAMC - MOPSE,99.41,99.41,99.41,99.41,98.07,1.37,0,0.0
2025-11-26,MOQUALITY,EQ,INF247L01BH8,MOTILALAMC - MOQUALITY,195.9,198.14,195.82,197.98,195.89,1.07,353,69886.94
2025-11-26,MOREALTY,EQ,INF247L01CI4,MOTILALAMC - MOREALTY,90.66,91.55,90.2,91.41,90.21,1.33,845796,77314215.46
2025-11-26,MOREPENLAB,EQ,INE083A01026,MOREPEN LAB. LTD,43.19,44.94,43.1,44.26,42.89,3.19,1903541,84250721.46
2025-11-26,MOSCHIP,EQ,INE935B01025,MOSCHIP TECHNOLOGIES LTD,210.3,219.8,209.5,215.95,209.35,3.15,1097264,236954157.45
2025-11-26,MOSMALL250,EQ,INF247L01CH6,MOTILALAMC - MOSMALL250,16.71,16.98,16.63,16.92,16.71,1.26,980115,16583545.87
2025-11-26,MOTHERSON,EQ,INE775A01035,SAMVRDHNA MTHRSN INTL LTD,110.21,112.0,109.9,111.81,110.21,1.45,13388286,1496944224.97
2025-11-26,MOTILALOFS,EQ,INE338I01027,MOTILAL OSWAL FIN LTD,951.05,969.0,946.3,959.65,945.9,1.45,465130,446362015.86
2025-11-26,MOTISONS,EQ,INE0FRK01020,MOTISONS JEWELLERS LTD,16.48,16.8,16.21,16.68,16.44,1.46,1460042,24353501.01
2025-11-26,MOTOGENFIN,EQ,INE861B01023,MOTOR & GENERAL FINANCE L,25.3,25.3,24.55,24.61,24.46,0.61,7105,174854.05
2025-11-26,MOTOUR,EQ,INF247L01FP2,MOTILALAMC - MOTOUR,89.4,89.4,89.4,89.4,88.21,1.35,0,0.0
2025-11-26,MOVALUE,EQ,INF247L01BE5,MOTILALAMC - MOVALUE,110.52,114.72,110.52,114.61,112.89,1.52,65497,7506611.21
2025-11-26,MPHASIS,EQ,INE356A01018,MPHASIS LIMITED,2802.3,2820.9,2775.9,2800.2,2797.2,0.11,671295,1879760226.22
2025-11-26,MPSLTD,EQ,INE943D01017,MPS LIMITED,2099.5,2138.4,2090.0,2112.9,2078.1,1.67,20790,43927188.97
2025-11-26,MRF,EQ,INE883A01011,MRF LTD,155200.0,155700.0,153515.0,154490.0,154780.0,-0.19,3665,566205850.0
2025-11-26,MRPL,EQ,INE103A01014,MRPL,166.64,167.4,158.1,160.62,165.79,-3.12,7942141,1275666648.64
2025-11-26,MSCIINDIA,EQ,INF174KA1VD2,KOTAKMAMC - MSCIINDIA,30.77,31.08,30.67,30.93,30.69,0.78,15101,467073.93
2025-11-26,MSPL,EQ,INE752G01015,MSP STEEL & POWER LTD.,33.55,35.31,33.55,34.82,33.63,3.54,2343939,81615955.26
2025-11-26,MSTCLTD,EQ,INE255X01014,MSTC LIMITED,481.5,498.4,481.5,495.95,481.5,3.0,107917,53521437.47
2025-11-26,MSUMI,EQ,INE0FS801015,MOTHERSON SUMI WRNG IND L,46.83,46.94,45.9,45.98,46.79,-1.73,3878284,178323496.54
2025-11-26,MTNL,EQ,INE153A01019,MAHANAGAR TELEPHONE NIGAM,38.3,38.68,38.03,38.4,37.96,1.16,575940,22116096.88
2025-11-26,MUFIN,EQ,INE08KJ01020,MUFIN GREEN FINANCE LTD,112.5,112.5,110.11,110.74,111.08,-0.31,214359,23738115.2
2025-11-26,MUFTI,EQ,INE220Q01020,CREDO BRANDS MARKETING L,100.0,101.4,99.06,100.88,99.1,1.8,60421,6095270.31
2025-11-26,MUKANDLTD,EQ,INE304A01026,MUKAND LTD.,132.11,134.75,131.7,133.76,131.58,1.66,57129,7641574.73
2025-11-26,MULTICAP,EQ,INF769K01LX9,MIRAEAMC - MULTICAP,16.51,16.68,16.47,16.66,16.47,1.15,416205,6933975.24
2025-11-26,MUNJALAU,EQ,INE672B01032,MUNJAL AUTO IND. LTD.,80.97,82.79,80.97,82.29,80.89,1.73,107739,8865842.41
2025-11-26,MUNJALSHOW,EQ,INE577A01027,MUNJAL SHOWA LTD,124.87,126.48,123.3,124.86,124.61,0.2,21356,2666510.17
2025-11-26,MURUDCERA,EQ,INE692B01014,MURUDESHWAR CERAMICS LTD,36.1,36.85,35.85,36.12,35.86,0.73,25746,929945.49
2025-11-26,MUTHOOTCAP,EQ,INE296G01013,MUTHOOT CAP SERV LTD,267.8,273.0,266.4,269.55,266.4,1.18,6404,1726198.12
2025-11-26,MUTHOOTFIN,EQ,INE414G01012,MUTHOOT FINANCE LIMITED,3709.9,3735.0,3690.0,3725.6,3681.4,1.2,334780,1247256400.69
2025-11-26,MUTHOOTMF,EQ,INE046W01019,MUTHOOT MICROFIN LIMITED,195.0,195.98,189.7,193.43,192.28,0.6,1034104,200026729.15
2025-11-26,MVGJL,EQ,INE0KNT01012,MANOJ VAIBHAV GEM N JEW L,197.89,197.89,192.57,193.08,194.56,-0.76,47965,9261082.29
2025-11-26,MWL,EQ,INE0JYY01029,MANGALAM WORLDWIDE LTD,23.9,24.39,23.22,23.6,23.71,-0.47,223620,5278103.0
2025-11-26,NACLIND,EQ,INE295D01020,NACL INDUSTRIES LIMITED,178.1,186.7,178.1,186.7,177.81,5.0,162041,30253054.21
2025-11-26,NAGREEKCAP,EQ,INE245I01016,NAGREEKA CAP & INFR.LTD,26.65,27.98,26.65,27.08,26.65,1.61,5192,140599.36
2025-11-26,NAGREEKEXP,EQ,INE123B01028,NAGREEKA EXPORTS LTD.,27.28,28.5,27.06,27.23,27.28,-0.18,15798,430179.53
2025-11-26,NAHARCAP,EQ,INE049I01012,NAHAR CAP & FIN.,264.05,270.9,264.05,268.7,262.85,2.23,1848,496557.62
2025-11-26,NAHARINDUS,EQ,INE289A01011,NAHAR INDS ENT LTD,112.98,118.79,112.7,116.65,110.97,5.12,24222,2825496.34
2025-11-26,NAHARPOLY,EQ,INE308A01027,NAHAR POLY FILMS LIMITED,256.0,268.85,256.0,263.9,255.4,3.33,7815,2062378.45
2025-11-26,NAHARSPING,EQ,INE290A01027,NAHAR SPINNING MILLS LTD.,197.2,204.73,197.2,203.64,197.8,2.95,9084,1849865.75
2025-11-26,NAM-INDIA,EQ,INE298J01013,NIPPON L I A M LTD,858.3,868.0,853.5,859.4,858.3,0.13,620601,533344514.55
2025-11-26,NARMADA,EQ,INE117Z01029,NARMADA AGROBASE LIMITED,11.75,12.25,11.5,11.78,11.88,-0.76,50382,593751.86
2025-11-26,NATCOPHARM,EQ,INE987B01026,NATCO PHARMA LTD.,834.0,938.15,834.0,927.4,834.0,11.2,19483069,18068598666.26
2025-11-26,NATHBIOGEN,EQ,INE448G01010,NATH BIO-GENES (I) LTD,152.0,157.49,151.5,155.54,150.27,3.51,14864,2311946.46
2025-11-26,NATIONALUM,EQ,INE139A01034,NATIONAL ALUMINIUM CO LTD,255.5,259.43,255.11,258.18,253.97,1.66,8640403,2230779183.26
2025-11-26,NAUKRI,EQ,INE663F01032,INFO EDGE (I) LTD,1330.0,1354.2,1325.3,1341.5,1332.0,0.71,590377,791990745.5
2025-11-26,NAVA,EQ,INE725A01030,NAVA LIMITED,514.0,529.0,512.35,527.9,515.45,2.42,169413,89433126.84
2025-11-26,NAVINFLUOR,EQ,INE048G01026,NAVIN FLUORINE INT. LTD,5800.0,5878.5,5776.5,5822.0,5782.5,0.68,47401,275968622.0
2025-11-26,NAVKARCORP,EQ,INE278M01019,NAVKAR CORPORATION LTD.,99.5,102.5,99.3,102.2,100.11,2.09,325266,33242184.21
2025-11-26,NAVNETEDUL,EQ,INE060A01024,NAVNEET EDUCATION LTD,148.44,151.0,148.3,149.3,148.29,0.68,70735,10560735.72
2025-11-26,NAZARA,EQ,INE418L01047,NAZARA TECHNOLOGIES LTD,254.0,256.1,252.65,253.55,253.3,0.1,1814808,460144573.94
2025-11-26,NBCC,EQ,INE095N01031,NBCC (INDIA) LIMITED,117.2,119.29,117.2,118.51,117.59,0.78,11921723,1412843418.2
2025-11-26,NBIFIN,EQ,INE365I01020,N.B.I. IND. FIN. CO. LTD,2270.0,2322.0,2251.0,2277.5,2270.2,0.32,432,983880.0
2025-11-26,NCC,EQ,INE868B01028,NCC LIMITED,179.29,179.35,173.8,175.75,173.23,1.45,13355045,2347149158.75
2025-11-26,NCLIND,EQ,INE732C01016,NCL INDUSTRIES LIMITED,201.25,204.0,200.59,203.02,201.06,0.97,32441,6586171.96
2025-11-26,NDGL,EQ,INE756C01015,NAGA DHUNSERI GROUP LTD,3379.0,3419.9,3350.0,3419.7,3362.0,1.72,130,444560.99
2025-11-26,NDL,EQ,INE875G01048,NANDAN DENIM LIMITED,3.06,3.14,3.04,3.1,3.05,1.64,2054076,6367635.4
2025-11-26,NDLVENTURE,EQ,INE353A01023,NDL VENTURES LIMITED,98.0,100.0,94.09,98.08,99.05,-0.98,96391,9454029.46
2025-11-26,NDRAUTO,EQ,INE07OG01012,NDR AUTO COMPONENTS LTD,851.75,861.95,848.05,857.05,851.75,0.62,7383,6327600.06
2025-11-26,NDTV,EQ,INE155G01029,NDTV LTD,83.97,85.72,83.5,84.96,83.66,1.55,134157,11397978.6
2025-11-26,NECLIFE,EQ,INE023H01027,NECTAR LIFESCIENCES LTD.,15.19,15.54,14.9,15.0,15.19,-1.25,573927,8608905.0
2025-11-26,NELCAST,EQ,INE189I01024,NELCAST LIMITED,107.09,112.77,107.09,108.68,106.56,1.99,39756,4320682.09
2025-11-26,NELCO,EQ,INE045B01015,NELCO LTD,858.9,882.8,850.05,854.8,834.1,2.48,358708,306623594.02
2025-11-26,NEOGEN,EQ,INE136S01016,NEOGEN CHEMICALS LIMITED,1187.0,1209.4,1175.0,1183.7,1187.0,-0.28,60687,71835198.94
2025-11-26,NESCO,EQ,INE317F01035,NESCO LTD.,1267.3,1292.0,1260.9,1286.1,1260.7,2.01,53497,68802490.39
2025-11-26,NESTLEIND,EQ,INE239A01024,NESTLE INDIA LIMITED,1257.1,1282.7,1257.1,1276.8,1263.2,1.08,810809,1035240970.79
2025-11-26,NETF,EQ,INF277K015R5,TATAAML - NETF,279.6,282.75,279.6,282.56,279.61,1.06,4190,1183926.39
2025-11-26,NETWEB,EQ,INE0NT901020,NETWEB TECH INDIA LTD,3315.0,3329.0,3277.4,3291.9,3297.4,-0.17,438508,1443524442.38
2025-11-26,NETWORK18,EQ,INE870H01013,NETWORK18 MEDIA & INV LTD,44.69,45.34,44.62,45.14,44.54,1.35,1671845,75467082.28
2025-11-26,NEULANDLAB,EQ,INE794A01010,NEULAND LAB LTD.,16884.0,16899.0,16587.0,16650.0,16846.0,-1.16,31142,518514300.0
2025-11-26,NEWGEN,EQ,INE619B01017,NEWGEN SOFTWARE TECH LTD,874.0,897.85,865.8,892.5,873.95,2.12,304533,271795702.5
2025-11-26,NEXT30ADD,EQ,INF740KA1VE5,DSPAMC - NEXT30ADD,40.15,40.58,40.15,40.55,39.96,1.48,125809,5101554.85
2025-11-26,NEXT50,EQ,INF769K01FN2,MIRAEAMC - MANXT50,701.61,710.7,700.22,710.34,700.23,1.44,12292,8731499.61
2025-11-26,NEXT50IETF,EQ,INF109KC1NS5,ICICIPRAMC - ICICINXT50,71.98,72.8,71.71,72.74,71.67,1.49,673403,48983332.78
2025-11-26,NEXTMEDIA,EQ,INE747B01016,NEXT MEDIAWORKS LIMITED,6.24,6.53,6.1,6.28,6.06,3.63,35710,224258.81
2025-11-26,NFL,EQ,INE870D01012,NATIONAL FERT. LTD,83.29,85.9,83.29,85.16,83.29,2.25,686831,58490530.48
2025-11-26,NGIL,EQ,INE236Y01012,NAKODA GROUP OF IND. LTD,27.7,28.47,27.7,27.77,27.95,-0.64,8364,232268.28
2025-11-26,NGLFINE,EQ,INE887E01022,NGL FINE CHEM LIMITED,1360.0,1360.0,1325.0,1328.3,1333.1,-0.36,1096,1455816.85
2025-11-26,NH,EQ,INE410P01011,NARAYANA HRUDAYALAYA LTD.,1961.1,1987.5,1946.3,1967.1,1957.3,0.5,372667,733073246.6
2025-11-26,NHPC,EQ,INE848E01016,NHPC LTD,77.23,77.97,76.61,77.43,77.23,0.26,12028891,931397033.8
2025-11-26,NIACL,EQ,INE470Y01017,THE NEW INDIA ASSU CO LTD,172.7,175.5,171.61,173.2,172.93,0.16,434802,75307705.07
2025-11-26,NIBE,EQ,INE149O01018,NIBE LIMITED,1088.5,1118.1,1058.5,1112.2,1064.9,4.44,45238,50313701.39
2025-11-26,NIBL,EQ,INE047O01014,NRB INDUS. BEARINGS LTD.,32.22,32.22,31.0,31.13,32.23,-3.41,29280,911486.38
2025-11-26,NIF100BEES,EQ,INF204K014N5,NIP IND ETF NIFTY 100,279.52,282.75,279.51,282.15,279.51,0.94,24997,7052903.4
2025-11-26,NIF100IETF,EQ,INF109KC16V9,ICICI PRUD NIFTY 100 ETF,29.21,29.7,29.21,29.67,29.42,0.85,56142,1665733.14
2025-11-26,NIFTY1,EQ,INF174K014P6,KOTAK NIFTY ETF,285.31,288.49,285.31,288.24,285.31,1.03,43919,12659212.13
2025-11-26,NIFTYADD,EQ,INF740KA1CL0,DSPAMC - DSPNIFTY,271.67,273.79,271.46,273.68,270.8,1.06,8312,2274828.1
2025-11-26,NIFTYAXIS,EQ,INF846K01W98,AXISAMC-NIFTYAXIS,275.79,287.5,275.79,287.36,284.32,1.07,7515,2159510.29
2025-11-26,NIFTYBEES,EQ,INF204KB14I2,NIP IND ETF NIFTY BEES,293.99,296.2,291.91,296.01,292.68,1.14,5102629,1510429260.12
2025-11-26,NIFTYBETF,EQ,INF0QA701722,BFAM - NIFTYBETF,265.51,267.95,265.44,267.82,263.83,1.51,2662,712936.86
2025-11-26,NIFTYETF,EQ,INF769K01EG9,MIRAEAMC - MAN50ETF,279.88,283.04,279.88,282.81,279.68,1.12,613749,173574353.19
2025-11-26,NIFTYIETF,EQ,INF109K012R6,ICICI PRUD NIFTY ETF,282.54,294.74,282.54,294.59,291.28,1.14,1196011,352332876.11
2025-11-26,NIFTYQLITY,EQ,INF209KB15K4,BIRLASLAMC - NIFTYQLITY,22.04,22.2,21.86,22.14,21.96,0.82,29095,644163.28
2025-11-26,NIITLTD,EQ,INE161A01038,NIIT LIMITED,96.3,97.89,96.25,97.26,96.04,1.27,186123,18102323.38
2025-11-26,NIITMTS,EQ,INE342G01023,NIIT LEARNING SYSTEMS LTD,379.15,391.45,373.85,389.95,379.15,2.85,243094,94794508.27
2025-11-26,NILAINFRA,EQ,INE937C01029,NILA INFRASTRUCTURES LTD,9.44,9.62,9.4,9.45,9.43,0.21,230899,2181995.51
2025-11-26,NILASPACES,EQ,INE00S901012,NILA SPACES LIMITED,16.75,16.85,16.2,16.44,16.57,-0.78,219220,3603976.92
2025-11-26,NILKAMAL,EQ,INE310A01015,NILKAMAL LIMITED,1428.4,1438.4,1395.8,1406.3,1420.9,-1.03,8257,11611819.5
2025-11-26,NINSYS,EQ,INE395U01014,NINTEC SYSTEMS LIMITED,419.75,420.0,402.1,412.0,411.5,0.12,5315,2189780.0
2025-11-26,NIPPOBATRY,EQ,INE567A01028,INDO-NATIONAL LIMITED,416.9,425.9,416.9,421.15,417.15,0.96,1325,558023.74
2025-11-26,NIRAJ,EQ,INE368I01016,NIRAJ CEMENT STRUC LTD,38.3,39.0,37.3,37.51,37.64,-0.35,125246,4697977.25
2025-11-26,NITCO,EQ,INE858F01012,NITCO LIMITED,85.04,91.9,85.04,87.14,84.14,3.57,914111,79655631.98
2025-11-26,NITINSPIN,EQ,INE229H01012,NITIN SPINNERS LIMITED,327.25,333.9,327.25,331.5,326.9,1.41,35195,11667142.5
2025-11-26,NITIRAJ,EQ,INE439T01012,NITIRAJ ENGINEERS LTD,186.98,191.0,182.55,188.27,186.94,0.71,750,141202.5
2025-11-26,NIVABUPA,EQ,INE995S01015,NIVA BUPA HEALTH INS CO L,76.08,76.83,75.12,75.71,76.08,-0.49,769421,58252863.21
2025-11-26,NLCINDIA,EQ,INE589A01014,NLC INDIA LIMITED,240.25,247.85,240.15,246.9,240.05,2.85,1445656,356932457.58
2025-11-26,NMDC,EQ,INE584A01023,NMDC LTD.,73.6,74.45,72.89,74.29,72.7,2.19,13223415,982367512.46
2025-11-26,NOCIL,EQ,INE163A01018,NOCIL LIMITED,174.1,175.99,172.56,175.51,174.15,0.78,246960,43343948.24
2025-11-26,NOIDATOLL,EQ,INE781B01015,NOIDA TOLL BRIDGE CO LTD,4.44,4.44,4.27,4.31,4.31,0.0,63228,272512.68
2025-11-26,NORBTEAEXP,EQ,INE369C01017,NORBEN TEA & EXPORTS LTD,71.4,71.4,71.4,71.4,70.0,2.0,4684,334437.61
2025-11-26,NORTHARC,EQ,INE850M01015,NORTHERN ARC CAPITAL LTD,258.0,268.7,258.0,266.35,258.05,3.22,565630,150655553.95
2025-11-26,NOVAAGRI,EQ,INE02H701025,NOVA AGRITECH LIMITED,43.85,45.05,43.27,43.72,43.05,1.56,51098,2234004.62
2025-11-26,NPBET,EQ,INF277K010X4,TATAAML - NPBET,292.94,296.0,292.94,296.0,292.13,1.32,1007,298072.0
2025-11-26,NPST,EQ,INE0FFK01017,NETWORK PEOPLE SRV TECH L,1598.8,1639.9,1594.9,1621.4,1586.1,2.23,28754,46621736.3
2025-11-26,NRAIL,EQ,INE740D01017,N R AGARWAL INDS LTD,488.0,495.0,474.15,486.6,478.7,1.65,8757,4261156.25
2025-11-26,NRBBEARING,EQ,INE349A01021,NRB BEARING LIMITED,285.0,288.5,284.4,287.35,284.1,1.14,62347,17915410.83
2025-11-26,NSIL,EQ,INE023A01030,NALWA SONS INVESTMENT LTD,6721.0,6848.0,6721.0,6810.5,6721.5,1.32,2712,18470076.0
2025-11-26,NSLNISP,EQ,INE0NNS01018,NMDC STEEL LIMITED,41.14,44.16,41.1,42.81,40.99,4.44,13785549,590159371.62
2025-11-26,NTPC,EQ,INE733E01010,NTPC LTD,324.3,327.8,324.0,326.1,323.7,0.74,7101095,2315667122.84
2025-11-26,NTPCGREEN,EQ,INE0ONG01011,NTPC GREEN ENERGY LIMITED,95.0,95.9,94.02,94.55,94.75,-0.21,5333988,504328581.68
2025-11-26,NUCLEUS,EQ,INE096B01018,NUCLEUS SOFTWARE EXPORTS,915.1,938.1,911.1,926.9,923.1,0.41,6140,5691166.15
2025-11-26,NUVAMA,EQ,INE531F01023,NUVAMA WEALTH MANAGE LTD,1398.0,1469.9,1394.5,1462.6,1394.5,4.88,1268485,1855286130.03
2025-11-26,NUVOCO,EQ,INE118D01016,NUVOCO VISTAS CORP LTD,352.85,357.9,347.0,349.05,355.05,-1.69,632880,220906756.27
2025-11-26,NV20,EQ,INF174KA1ZE1,KOTAKMAMC - KTKNV20ETF,152.97,153.44,152.23,153.38,151.62,1.16,14227,2182137.33
2025-11-26,NV20BEES,EQ,INF204KB18I3,NIP IND ETF ETF NV20,152.69,153.72,152.47,153.63,152.06,1.03,20459,3143116.27
2025-11-26,NV20IETF,EQ,INF109KC11V0,ICICI PRUDENTIAL NV20 ETF,14.96,14.99,14.8,14.96,14.83,0.88,310913,4651258.49
2025-11-26,NYKAA,EQ,INE388Y01029,FSN E COMMERCE VENTURES,270.0,271.67,263.25,264.45,270.45,-2.22,3154248,834140922.1
2025-11-26,OAL,EQ,INE959C01023,ORIENTAL AROMATICS LTD,321.65,323.95,319.6,320.1,320.6,-0.16,8194,2622899.45
2025-11-26,OBCL,EQ,INE426Z01016,OBCL LIMITED,56.4,58.05,54.99,56.47,55.14,2.41,26068,1472059.99
2025-11-26,OBEROIRLTY,EQ,INE093I01010,OBEROI REALTY LIMITED,1637.6,1666.4,1631.7,1662.8,1629.6,2.04,166675,277147198.14
2025-11-26,ODIGMA,EQ,INE054301028,ODIGMA CONSULTANCY SOL L,33.1,34.56,33.05,33.87,33.55,0.95,9686,328064.81
2025-11-26,OFSS,EQ,INE881D01027,ORACLE FIN SERV SOFT LTD.,8120.0,8220.0,8076.0,8177.5,8084.0,1.16,167920,1373165800.0
2025-11-26,OIL,EQ,INE274J01014,OIL INDIA LTD,419.1,424.95,417.9,423.15,421.05,0.5,844279,357256653.7
2025-11-26,OILIETF,EQ,INF109KC18W3,ICICIPRAMC - OILIETF,12.2,12.37,12.14,12.35,12.14,1.73,1555915,19215550.84
2025-11-26,OLAELEC,EQ,INE0LXG01040,OLA ELECTRIC MOBILITY LTD,40.9,41.75,40.0,40.76,40.59,0.42,13608648,554688469.64
2025-11-26,OLECTRA,EQ,INE260D01016,OLECTRA GREENTECH LIMITED,1274.0,1294.0,1271.0,1283.5,1269.0,1.14,196389,252065281.5
2025-11-26,OMAXAUTO,EQ,INE090B01011,OMAX AUTOS LTD,91.92,91.92,87.54,88.9,87.1,2.07,70538,6270828.31
2025-11-26,OMAXE,EQ,INE800H01010,OMAXE LIMITED,68.7,74.72,68.0,69.01,68.49,0.76,431583,29783543.75
2025-11-26,OMINFRAL,EQ,INE239D01028,OM INFRA LIMITED,106.0,107.5,105.3,106.86,105.7,1.1,61515,6573492.94
2025-11-26,ONEPOINT,EQ,INE840Y01029,ONE POINT ONE SOL LTD,52.5,53.21,51.51,52.61,51.84,1.49,1354495,71259982.78
2025-11-26,ONESOURCE,EQ,INE013P01021,ONESOURCE SPECL PHARMA L,1622.9,1634.3,1599.4,1624.8,1609.4,0.96,107067,173962466.83
2025-11-26,ONGC,EQ,INE213A01029,OIL AND NATURAL GAS CORP.,245.35,248.0,245.05,247.7,245.35,0.96,7232643,1791525649.03
2025-11-26,ONIDA,EQ,INE831A01028,ONIDA ELECTRONICS LIMITED,23.13,24.76,23.13,24.76,23.59,4.96,1179315,29199839.67
2025-11-26,ONWARDTEC,EQ,INE229A01017,ONWARD TECHNOLOGIES LTD,273.0,297.2,272.1,289.05,272.45,6.09,58544,16922142.49
2025-11-26,OPTIEMUS,EQ,INE350C01017,OPTIEMUS INFRACOM LTD,536.0,580.8,534.15,568.15,533.55,6.48,209814,119205829.22
2025-11-26,ORCHASP,EQ,INE215B01022,ORCHASP LIMITED,2.91,3.02,2.81,2.97,2.88,3.12,334711,994091.68
2025-11-26,ORCHPHARMA,EQ,INE191A01027,ORCHID PHARMA LIMITED,837.9,899.0,837.0,871.95,842.1,3.54,252793,220422859.44
2025-11-26,ORICONENT,EQ,INE730A01022,ORICON ENTERPRISES LTD,55.52,59.7,55.25,58.46,56.86,2.81,473153,27660523.95
2025-11-26,ORIENTALTL,EQ,INE998H01012,ORIENTAL TRIMEX LTD,8.72,8.79,8.54,8.72,8.72,0.0,144723,1261984.6
2025-11-26,ORIENTBELL,EQ,INE607D01018,ORIENT BELL LIMITED,285.05,290.7,284.05,286.5,288.45,-0.68,4678,1340247.0
2025-11-26,ORIENTCEM,EQ,INE876N01018,ORIENT CEMENT LTD.,173.0,173.5,168.23,170.68,172.6,-1.11,582045,99343436.34
2025-11-26,ORIENTCER,EQ,INE569C01020,ORIENT CERATECH LIMITED,40.49,44.65,39.62,43.22,40.32,7.19,336065,14524729.71
2025-11-26,ORIENTELEC,EQ,INE142Z01019,ORIENT ELECTRIC LIMITED,203.5,203.5,184.37,189.96,199.45,-4.76,9418679,1789172326.08
2025-11-26,ORIENTHOT,EQ,INE750A01020,ORIENT HOTELS LTD,120.94,122.48,119.52,121.36,120.63,0.61,162248,19690417.38
2025-11-26,ORIENTPPR,EQ,INE592A01026,ORIENT PAPER AND INDS LTD,23.45,23.7,23.12,23.22,23.39,-0.73,199952,4642885.3
2025-11-26,ORIENTTECH,EQ,INE0PPK01015,ORIENT TECHNOLOGIES LTD,335.18,339.32,329.18,331.23,332.82,-0.48,225326,74634114.58
2025-11-26,ORISSAMINE,EQ,INE725E01024,ORISSA MIN DEV CO LTD,4879.5,4999.0,4879.5,4974.0,4871.5,2.1,13369,66497406.0
2025-11-26,ORKLAINDIA,EQ,INE16NZ01023,ORKLA INDIA LIMITED,657.9,667.8,655.65,661.35,655.55,0.88,140884,93173629.96
2025-11-26,ORTINGLOBE,EQ,INE749B01020,ORTIN GLOBAL LIMITED,12.38,12.39,11.55,11.55,11.93,-3.19,2015,23273.25
2025-11-26,OSWALAGRO,EQ,INE142A01012,OSWAL AGRO MILLS LTD,61.64,63.5,61.64,62.6,62.55,0.08,27066,1694331.56
2025-11-26,OSWALGREEN,EQ,INE143A01010,OSWAL GREENTECH LIMITED,35.0,35.16,34.3,34.66,34.65,0.03,344948,11955897.63
2025-11-26,OSWALPUMPS,EQ,INE0BYP01024,OSWAL PUMPS LIMITED,569.9,580.7,565.3,569.85,565.6,0.75,312713,178199495.42
2025-11-26,OSWALSEEDS,EQ,INE00IK01029,SHREEOSWAL S AND CHE LTD,14.39,14.6,13.75,14.1,14.39,-2.02,149014,2101097.46
2025-11-26,PACEDIGITK,EQ,INE0S3G01027,PACE DIGITEK LIMITED,217.25,223.7,214.8,215.86,217.13,-0.58,1581124,341301427.61
2025-11-26,PAGEIND,EQ,INE761H01022,PAGE INDUSTRIES LTD,38585.0,39055.0,38310.0,39000.0,38535.0,1.21,26059,1016301000.0
2025-11-26,PAISALO,EQ,INE420C01059,PAISALO DIGITAL LIMITED,34.56,36.57,34.13,35.97,34.6,3.96,5815837,209195663.99
2025-11-26,PAKKA,EQ,INE551D01018,PAKKA LIMITED,116.49,118.45,115.21,116.17,115.75,0.36,57822,6717181.63
2025-11-26,PALASHSECU,EQ,INE471W01019,PALASH SECURITIES LTD,117.99,117.99,111.0,112.3,113.57,-1.12,882,99048.6
2025-11-26,PALREDTEC,EQ,INE218G01033,PALRED TECHNOLOGIES LTD,43.5,44.49,42.0,42.82,42.44,0.9,22482,962679.23
2025-11-26,PANACEABIO,EQ,INE922B01023,PANACEA BIOTEC LTD,346.05,388.5,346.05,373.45,345.15,8.2,336825,125787300.36
2025-11-26,PANAMAPET,EQ,INE305C01029,PANAMA PETROCHEM LTD,296.85,299.0,294.05,294.95,296.05,-0.37,53243,15704023.5
2025-11-26,PANSARI,EQ,INE697V01011,PANSARI DEVELOPERS LTD,291.9,295.35,280.0,285.15,281.3,1.37,1875,534656.24
2025-11-26,PARACABLES,EQ,INE074B01023,PARAMOUNT COMM LTD,40.84,40.84,39.5,39.66,39.25,1.04,762477,30239837.7
2025-11-26,PARADEEP,EQ,INE088F01024,PARADEEP PHOSPHATES LTD,157.7,157.89,154.25,155.84,156.8,-0.61,3096157,482505095.54
2025-11-26,PARAGMILK,EQ,INE883N01014,PARAG MILK FOODS LTD.,325.2,344.9,325.2,338.9,324.9,4.31,1416191,479947121.26
2025-11-26,PARAS,EQ,INE045601023,PARAS DEF AND SPCE TECH L,713.0,721.0,710.65,718.6,710.45,1.15,494917,355647344.12
2025-11-26,PARASPETRO,EQ,INE162C01024,PARAS PETROFILS LTD.,2.0,2.28,1.99,2.14,1.98,8.08,200240,428513.62
2025-11-26,PARKHOTELS,EQ,INE988S01028,PARKHOTELS,139.08,139.4,135.95,136.7,137.28,-0.42,340699,46573552.26
2025-11-26,PASHUPATI,EQ,INE124Y01028,PASHUPATI COTSPIN LIMITED,82.08,83.49,80.0,80.74,81.11,-0.46,85000,6862475.05
2025-11-26,PASUPTAC,EQ,INE818B01023,PASUPATI ACRYLON LIMITED,58.0,62.9,56.73,61.92,57.96,6.83,2374246,147013307.97
2025-11-26,PATANJALI,EQ,INE619A01035,PATANJALI FOODS LIMITED,568.0,575.4,567.55,569.65,569.35,0.05,1058621,603043478.5
2025-11-26,PATELENG,EQ,INE244B01030,PATEL ENGINEERING LTD.,32.08,33.48,32.08,33.17,31.95,3.82,3320723,110148375.83
2025-11-26,PATELRMART,EQ,INE0R8B01010,PATEL RETAIL LIMITED,247.0,260.0,244.12,256.44,245.88,4.29,1032713,264828924.24
2025-11-26,PAVNAIND,EQ,INE07S101038,PAVNA INDUSTRIES LIMITED,31.75,31.99,30.57,31.41,31.06,1.13,90324,2837076.83
2025-11-26,PAYTM,EQ,INE982J01020,ONE 97 COMMUNICATIONS LTD,1250.0,1288.9,1245.0,1286.5,1241.4,3.63,2425988,3121033562.0
2025-11-26,PCBL,EQ,INE602A01031,PCBL CHEMICAL LIMITED,328.0,334.25,327.3,329.25,326.2,0.94,441302,145298683.5
2025-11-26,PCJEWELLER,EQ,INE785M01021,PC JEWELLER LTD,10.22,10.33,10.13,10.18,10.17,0.1,41708188,424589366.57
2025-11-26,PDMJEPAPER,EQ,INE865T01018,PUDUMJEE PAPER PRO. LTD,100.95,103.96,100.21,102.23,101.45,0.77,63937,6536279.72
2025-11-26,PDSL,EQ,INE111Q01021,PDS LIMITED,370.05,371.5,363.55,366.65,369.55,-0.78,125323,45949677.19
2025-11-26,PEARLPOLY,EQ,INE844A01013,PEARL POLYMERS LTD,22.89,24.0,22.36,22.75,22.58,0.75,31325,712643.75
2025-11-26,PENIND,EQ,INE932A01024,PENNAR INDUSTRIES LTD,223.95,233.5,221.95,229.4,223.25,2.75,1277111,292969255.61
2025-11-26,PENINLAND,EQ,INE138A01028,PENINSULA LAND LIMITED,29.4,29.75,28.51,28.77,29.12,-1.2,488403,14051354.53
2025-11-26,PERSISTENT,EQ,INE262H01021,PERSISTENT SYSTEMS LTD,6404.5,6421.5,6360.0,6415.0,6370.5,0.7,167018,1071420470.0
2025-11-26,PETRONET,EQ,INE347G01014,PETRONET LNG LIMITED,271.75,276.35,271.55,275.1,272.15,1.08,3032466,834231415.11
2025-11-26,PFC,EQ,INE134E01011,POWER FIN CORP LTD.,359.0,364.7,357.55,362.4,361.4,0.28,5145168,1864608851.8
2025-11-26,PFIZER,EQ,INE182A01018,PFIZER LTD,5001.0,5060.0,4965.0,4985.0,5000.0,-0.3,21338,106369930.0
2025-11-26,PFOCUS,EQ,INE367G01038,PRIME FOCUS LIMITED,171.4,173.99,168.72,171.22,170.12,0.65,1858535,318218364.97
2025-11-26,PFS,EQ,INE560K01014,PTC INDIA FIN SERV LTD,34.1,35.0,33.95,34.53,34.12,1.2,312896,10804298.5
2025-11-26,PGEL,EQ,INE457L01029,PG ELECTROPLAST LTD,575.0,607.1,569.3,604.2,570.35,5.93,5281182,3190890228.87
2025-11-26,PGHH,EQ,INE179A01014,P&G HYGIENE & HEALTH CARE,12824.0,12825.0,12752.0,12776.0,12824.0,-0.37,6067,77511992.0
2025-11-26,PGHL,EQ,INE199A01012,PROCTER & GAMBLE HEALTH L,5810.0,5847.5,5782.5,5815.5,5825.5,-0.17,4565,26547757.5
2025-11-26,PGIL,EQ,INE940H01022,PEARL GLOBAL IND LIMITED,857.8,887.8,851.15,877.3,854.6,2.66,258132,226459200.45
2025-11-26,PHARMABEES,EQ,INF204KC1089,NIPPONAMC - NETFPHARMA,23.36,23.41,22.94,23.38,23.17,0.91,5399538,126241193.91
2025-11-26,PHOENIXLTD,EQ,INE211B01039,THE PHOENIX MILLS LTD,1731.7,1762.0,1729.1,1751.7,1731.7,1.15,440793,772137076.58
2025-11-26,PICCADIL,EQ,INE546C01010,PICCADILY AGRO INDUSTRI L,612.0,615.0,603.8,609.55,607.9,0.27,41025,25006788.25
2025-11-26,PIDILITIND,EQ,INE318A01026,PIDILITE INDUSTRIES LTD,1461.1,1490.0,1460.9,1484.4,1466.6,1.21,371398,551303200.27
2025-11-26,PIGL,EQ,INE557Z01018,POWER INSTRUMENT (G) LTD,153.97,153.97,148.02,150.2,149.38,0.55,27422,4118784.32
2025-11-26,PIIND,EQ,INE603J01030,PI INDUSTRIES LTD,3450.5,3451.9,3412.9,3438.1,3448.5,-0.3,144038,495217061.87
2025-11-26,PILANIINVS,EQ,INE417C01014,PILANI INV & IND COR LTD,5119.0,5180.0,5119.0,5141.0,5119.5,0.42,3108,15978228.0
2025-11-26,PILITA,EQ,INE600A01035,PIL ITALICA LIFESTYLE LTD,11.49,11.71,11.46,11.62,11.48,1.22,22835,265342.7
2025-11-26,PINELABS,EQ,INE15B701018,PINE LABS LIMITED,245.05,245.1,239.31,240.37,245.92,-2.26,1731555,416213866.9
2025-11-26,PIONEEREMB,EQ,INE156C01018,PIONEER EMBROIDERIES LTD,28.48,28.48,28.0,28.3,27.79,1.84,10999,311271.69
2025-11-26,PIRAMALFIN,EQ,INE202B01038,PIRAMAL FINANCE LIMITED,1634.9,1638.0,1571.0,1596.0,1619.3,-1.44,203120,324179520.0
2025-11-26,PITTIENG,EQ,INE450D01021,PITTI ENGINEERING LIMITED,869.5,904.9,869.05,897.95,869.5,3.27,22985,20639381.03
2025-11-26,PIXTRANS,EQ,INE751B01018,PIX TRANSMISSIONS LIMITED,1450.1,1468.0,1447.0,1458.7,1451.4,0.5,9002,13131216.96
2025-11-26,PLASTIBLEN,EQ,INE083C01022,PLASTIBLENDS INDIA LTD,164.49,170.0,162.9,167.59,163.68,2.39,5416,907667.42
2025-11-26,PLATIND,EQ,INE0PT501018,PLATINUM INDUSTRIES LTD,273.5,278.35,272.8,277.2,273.55,1.33,61099,16936643.55
2025-11-26,PLAZACABLE,EQ,INE0INJ01017,PLAZA WIRES LIMITED,41.75,42.99,40.25,40.83,41.18,-0.85,148172,6049863.03
2025-11-26,PNB,EQ,INE160A01022,PUNJAB NATIONAL BANK,123.64,126.06,123.35,124.99,123.05,1.58,19458499,2432117748.44
2025-11-26,PNBGILTS,EQ,INE859A01011,PNB GILTS LIMITED,84.8,86.52,84.55,85.99,84.78,1.43,224313,19288674.39
2025-11-26,PNBHOUSING,EQ,INE572E01012,PNB HOUSING FIN LTD.,881.45,918.3,881.45,915.9,881.45,3.91,924269,846537999.67
2025-11-26,PNC,EQ,INE392B01011,PNC MEDIA AND ENT LTD,26.5,27.62,26.31,26.87,26.31,2.13,3199,85957.13
2025-11-26,PNCINFRA,EQ,INE195J01029,PNC INFRATECH LTD.,251.1,254.8,248.9,252.0,248.9,1.25,219414,55292328.0
2025-11-26,PNGJL,EQ,INE953R01016,P N GADGIL JEWELLERS LTD,618.15,628.6,615.0,616.45,618.2,-0.28,101411,62514812.19
2025-11-26,POCL,EQ,INE063E01061,PONDY OXIDES & CHEM LTD,525.2,541.96,522.96,534.04,523.68,1.98,509825,272266931.8
2025-11-26,PODDARMENT,EQ,INE371C01013,PODDAR PIGMENTS LIMITED,260.0,267.75,252.5,256.35,260.05,-1.42,4286,1098716.13
2025-11-26,POKARNA,EQ,INE637C01025,POKARNA LIMITED,917.5,947.0,910.0,940.7,915.05,2.8,134164,126208076.44
2025-11-26,POLICYBZR,EQ,INE417T01026,PB FINTECH LIMITED,1773.5,1802.7,1766.5,1787.1,1765.9,1.2,816676,1459481659.66
2025-11-26,POLYCAB,EQ,INE455K01017,POLYCAB INDIA LIMITED,7429.5,7568.5,7416.0,7539.0,7439.0,1.34,132131,996135609.0
2025-11-26,POLYMED,EQ,INE205C01021,POLY MEDICURE LIMITED,1919.9,1919.9,1886.0,1899.4,1908.8,-0.49,74325,141172906.81
2025-11-26,POLYPLEX,EQ,INE633B01018,POLYPLEX CORPORATION LTD,841.8,859.25,831.45,850.75,834.3,1.97,32545,27687658.75
2025-11-26,PONNIERODE,EQ,INE838E01017,PONNIE SUGARS (ERODE) LTD,279.0,284.9,279.0,284.45,281.25,1.14,2709,770575.08
2025-11-26,POONAWALLA,EQ,INE511C01022,POONAWALLA FINCORP LTD,459.0,473.0,459.0,469.35,459.75,2.09,584519,274343996.22
2025-11-26,POWERGRID,EQ,INE752E01010,POWER GRID CORP. LTD.,274.0,276.95,273.5,275.05,273.45,0.59,8352869,2297456516.49
2025-11-26,POWERINDIA,EQ,INE07Y701011,HITACHI ENERGY INDIA LTD,21740.0,22280.0,21551.0,22204.0,21742.0,2.12,81145,1801743580.0
2025-11-26,POWERMECH,EQ,INE211R01019,POWER MECH PROJECTS LTD.,2350.0,2393.0,2326.0,2384.5,2334.6,2.14,31858,75965401.0
2025-11-26,PPLPHARMA,EQ,INE0DK501011,PIRAMAL PHARMA LIMITED,185.5,189.07,184.63,187.38,184.87,1.36,2454457,459916164.64
2025-11-26,PRABHA,EQ,INE0I0M01023,PRABHA ENERGY LIMITED,196.79,197.0,190.01,195.16,192.11,1.59,10955,2137977.84
2025-11-26,PRAENG,EQ,INE505C01016,PRAJAY ENG. SYN. LTD.,31.4,32.58,31.4,32.18,31.06,3.61,132155,4252747.94
2025-11-26,PRAJIND,EQ,INE074A01025,PRAJ INDUSTRIES LTD,323.65,329.35,322.7,325.2,322.6,0.81,413443,134451668.65
2025-11-26,PRAKASH,EQ,INE603A01013,PRAKASH INDUSTRIES LTD,132.5,138.67,132.03,137.78,131.81,4.53,645739,88969918.63
2025-11-26,PRAKASHSTL,EQ,INE696K01024,PRAKASH STEELAGE LTD,4.68,4.87,4.6,4.63,4.61,0.43,349870,1619898.14
2025-11-26,PRAXIS,EQ,INE546Y01022,PRAXIS HOME RETAIL LTD,8.88,9.74,8.83,9.37,9.3,0.75,390421,3658244.73
2025-11-26,PRECAM,EQ,INE484I01029,PRECISION CAMSHAFTS LTD.,174.73,177.96,174.73,176.99,173.69,1.9,62975,11145945.6
2025-11-26,PRECOT,EQ,INE283A01014,PRECOT LIMITED,447.15,459.7,436.05,452.65,447.1,1.24,1159,524621.34
2025-11-26,PRECWIRE,EQ,INE372C01037,PRECISION WIRES INDIA LTD,251.03,256.19,249.02,252.55,248.27,1.72,254445,64260085.53
2025-11-26,PREMEXPLN,EQ,INE863B01029,PREMIER EXPLOSIVES LTD,537.0,545.5,529.15,543.25,532.1,2.1,209394,113753290.5
2025-11-26,PREMIERENE,EQ,INE0BS701011,PREMIER ENERGIES LIMITED,970.2,987.0,970.1,981.4,967.4,1.45,698312,685323413.85
2025-11-26,PREMIERPOL,EQ,INE309M01020,PREMIER POLYFILM LTD,43.3,46.35,43.3,45.41,44.15,2.85,137943,6263991.61
2025-11-26,PRESTIGE,EQ,INE811K01011,PRESTIGE ESTATE LTD,1635.9,1684.4,1635.9,1667.8,1655.9,0.72,679574,1133393550.38
2025-11-26,PRICOLLTD,EQ,INE726V01018,PRICOL LIMITED,623.0,639.9,621.0,624.95,624.75,0.03,423101,264416975.11
2025-11-26,PRIMESECU,EQ,INE032B01021,PRIME SECURITIES LIMITED,307.15,308.2,302.65,304.0,303.75,0.08,15476,4704704.0
2025-11-26,PRIMO,EQ,INE607A01022,PRIMO CHEMICALS LIMITED,24.4,25.5,23.52,24.97,24.03,3.91,337287,8422056.16
2025-11-26,PRINCEPIPE,EQ,INE689W01016,PRINCE PIPES FITTINGS LTD,278.1,289.0,278.1,283.0,277.85,1.85,163623,46305309.0
2025-11-26,PRITI,EQ,INE974Z01015,PRITI INTERNATIONAL LTD,58.9,58.9,54.5,55.3,57.09,-3.14,53998,2986089.36
2025-11-26,PRIVISCL,EQ,INE959A01019,PRIVI SPECIALITY CHE LTD,3061.3,3110.9,3051.1,3100.7,3061.3,1.29,44200,137050937.84
2025-11-26,PROSTARM,EQ,INE0BX301013,PROSTARM INFO SYSTEMS LTD,157.5,160.9,154.96,159.64,156.25,2.17,195402,31193975.16
2025-11-26,PROTEAN,EQ,INE004A01022,PROTEAN EGOV TECHNO LTD,819.9,834.4,815.05,824.65,817.3,0.9,143457,118301818.55
2025-11-26,PROZONER,EQ,INE195N01013,PROZONE REALTY LIMITED,55.0,55.0,53.14,55.0,54.23,1.42,123142,6772810.0
2025-11-26,PRSMJOHNSN,EQ,INE010A01011,PRISM JOHNSON LIMITED,137.06,139.45,137.06,139.04,137.06,1.44,84755,11784334.63
2025-11-26,PRUDENT,EQ,INE00F201020,PRUDENT CORP ADV SER LTD,2480.1,2549.9,2471.7,2537.9,2474.1,2.58,22408,56869261.01
2025-11-26,PSB,EQ,INE608A01012,PUNJAB & SIND BANK,30.01,31.0,30.0,30.3,29.91,1.3,2379418,72096363.58
2025-11-26,PSPPROJECT,EQ,INE488V01015,PSP PROJECTS LIMITED,913.1,924.95,901.25,906.45,909.45,-0.33,77379,70140195.49
2025-11-26,PSUBANK,EQ,INF174KA1A86,KOTAK PSU BANK,840.02,863.43,840.02,852.38,845.72,0.79,28187,24026035.2
2025-11-26,PSUBANKADD,EQ,INF740KA1SY9,DSPAMC - DSPPSBKETF,85.9,87.0,85.82,86.1,85.47,0.74,39513,3402069.24
2025-11-26,PSUBNKBEES,EQ,INF204KB16I7,NIP IND ETF PSU BANK BEES,95.0,96.55,94.76,95.42,94.71,0.75,5075359,484290746.49
2025-11-26,PSUBNKIETF,EQ,INF109KC10S8,ICICIPRAMC - PSUBANKICI,85.73,87.49,85.7,86.28,85.66,0.72,204413,17636753.39
2025-11-26,PTC,EQ,INE877F01012,PTC INDIA LIMITED,160.0,161.59,159.6,161.06,159.89,0.73,543619,87555274.81
2025-11-26,PTCIL,EQ,INE596F01018,PTC INDUSTRIES LIMITED,17900.0,18597.0,17900.0,18135.0,17876.0,1.45,26289,476751015.0
2025-11-26,PTL,EQ,INE034D01049,PTL ENTERPRISES LTD,39.5,39.69,38.76,39.55,39.4,0.38,32235,1274894.23
2025-11-26,PUNJABCHEM,EQ,INE277B01014,PUNJAB CHEM & CROP PROT L,1277.0,1335.0,1267.3,1329.0,1275.7,4.18,6434,8550786.0
2025-11-26,PURVA,EQ,INE323I01011,PURAVANKARA LIMITED,247.0,249.25,244.3,245.55,247.15,-0.65,31652,7772148.7
2025-11-26,PVP,EQ,INE362A01016,PVP VENTURES LIMITED,38.62,39.0,38.62,38.62,39.41,-2.0,194719,7520047.57
2025-11-26,PVRINOX,EQ,INE191H01014,PVR INOX LIMITED,1049.6,1092.7,1041.3,1085.1,1049.6,3.38,242082,262683172.29
2025-11-26,PVSL,EQ,INE772T01024,POPULAR VEHICLES N SER L,129.0,135.73,129.0,134.49,131.39,2.36,77462,10417864.81
2025-11-26,PVTBANIETF,EQ,INF109KC18U7,ICICIPRAMC - ICICIBANKP,28.64,28.93,28.58,28.89,28.5,1.37,509511,14719772.48
2025-11-26,PVTBANKADD,EQ,INF740KA1TA7,DSPAMC - DSPPVBKETF,28.8,29.02,28.8,28.99,28.65,1.19,18979,550201.21
2025-11-26,PWL,EQ,INE0LP301011,PHYSICSWALLAH LIMITED,136.5,137.7,130.6,131.89,135.59,-2.73,25053449,3304299373.32
2025-11-26,PYRAMID,EQ,INE0MIS01010,PYRAMID TECHNOPLAST LTD,163.1,168.98,161.0,161.85,164.85,-1.82,30468,4931245.99
2025-11-26,QGOLDHALF,EQ,INF082J01408,QUANTUM GOLD ETF,104.27,104.27,103.9,104.06,103.28,0.76,74046,7705226.58
2025-11-26,QNIFTY,EQ,INF082J01499,QUANTUM NIFTY 50 ETF,2836.01,2864.0,2836.0,2863.04,2829.26,1.19,175,501032.01
2025-11-26,QPOWER,EQ,INE0SII01026,QUALITY POWER ELEC EQUP L,745.0,751.1,735.1,745.4,745.0,0.05,282099,210276601.49
2025-11-26,QUADFUTURE,EQ,INE0LRY01011,QUADRANT FUTURE TEK LTD,303.0,312.75,301.5,308.2,303.85,1.43,176723,54466030.76
2025-11-26,QUAL30IETF,EQ,INF109KC18V5,ICICIPRAMC - ICICIQTY30,22.36,22.36,18.0,21.94,21.71,1.06,143590,3150364.68
2025-11-26,QUESS,EQ,INE615P01015,QUESS CORP LIMITED,218.0,218.0,213.28,214.89,218.55,-1.67,357710,76868301.68
2025-11-26,QUICKHEAL,EQ,INE306L01010,QUICK HEAL TECH LTD,303.95,307.0,298.6,303.15,297.45,1.92,57060,17297738.65
2025-11-26,RACE,EQ,INE084Q01012,RACE ECO CHAIN LIMITED,161.0,165.08,155.21,161.34,155.17,3.98,8551,1379618.31
2025-11-26,RACLGEAR,EQ,INE704B01017,RACL GEARTECH LIMITED,1064.0,1079.1,1050.0,1059.2,1062.8,-0.34,8732,9248933.97
2025-11-26,RADAAN,EQ,INE874F01027,RADAAN MEDIAWORKS (I) LTD,3.38,3.49,3.21,3.35,3.31,1.21,43439,145520.65
2025-11-26,RADIANTCMS,EQ,INE855R01021,RADIANT CASH MGMT SER LTD,52.6,53.3,52.3,53.05,52.37,1.3,71485,3792279.2
2025-11-26,RADICO,EQ,INE944F01028,RADICO KHAITAN LTD,3301.0,3313.0,3268.0,3294.0,3284.5,0.29,259136,853593984.0
2025-11-26,RADIOCITY,EQ,INE919I01024,MUSIC BROADCAST LIMITED,6.96,6.96,6.76,6.77,6.84,-1.02,110055,745072.35
2025-11-26,RAILTEL,EQ,INE0DD101019,RAILTEL CORP OF IND LTD,338.9,345.15,336.15,343.2,338.15,1.49,555871,190774933.99
2025-11-26,RAIN,EQ,INE855B01025,RAIN INDUSTRIES LIMITED,110.12,110.8,108.16,109.69,109.71,-0.02,1360515,149234893.67
2025-11-26,RAINBOW,EQ,INE961O01016,RAINBOW CHILDRENS MED LTD,1348.9,1354.0,1328.8,1350.5,1347.0,0.26,141187,190673043.5
2025-11-26,RAJMET,EQ,INE00KV01022,RAJNANDINI METAL LIMITED,4.07,4.26,4.0,4.08,4.06,0.49,234329,956062.3
2025-11-26,RAJRATAN,EQ,INE451D01029,RAJRATAN GLOBAL WIRE LTD,447.85,447.85,425.1,430.25,440.85,-2.4,89050,38313762.5
2025-11-26,RAJSREESUG,EQ,INE562B01019,RAJSHREE SUGAR & CHEMICAL,36.78,37.95,36.78,37.57,36.77,2.18,21100,792726.99
2025-11-26,RAJTV,EQ,INE952H01027,RAJ TV NETWORK LTD,39.15,42.9,39.15,40.63,41.49,-2.07,6138,249386.95
2025-11-26,RALLIS,EQ,INE613A01020,RALLIS INDIA LTD,264.1,266.2,260.15,262.85,261.55,0.5,1094025,287564477.93
2025-11-26,RAMANEWS,EQ,INE278B01020,SHREE RAMA NEWSPRINT LTD,30.85,30.85,28.2,28.88,28.79,0.31,110489,3190922.23
2025-11-26,RAMAPHO,EQ,INE809A01032,RAMA PHOSPHATES LIMITED,177.68,177.97,173.51,174.87,177.17,-1.3,89041,15570599.24
2025-11-26,RAMCOCEM,EQ,INE331A01037,THE RAMCO CEMENTS LIMITED,1013.6,1019.0,1001.3,1016.9,1006.6,1.02,341496,347267290.74
2025-11-26,RAMCOIND,EQ,INE614A01028,RAMCO INDUSTRIES LIMITED,316.3,327.25,315.95,325.95,317.0,2.82,85792,27963903.45
2025-11-26,RAMCOSYS,EQ,INE246B01019,RAMCO SYSTEMS LTD.,595.5,609.95,593.0,605.4,597.1,1.39,36526,22112841.29
2025-11-26,RAMKY,EQ,INE874I01013,RAMKY INFRA LTD,595.0,605.8,590.1,591.2,598.45,-1.21,41460,24511152.51
2025-11-26,RAMRAT,EQ,INE207E01023,RAM RATNA WIRES LIMITED,301.5,309.75,301.5,306.92,301.42,1.82,26994,8285133.12
2025-11-26,RANASUG,EQ,INE625B01014,RANA SUGARS LTD.,13.25,13.37,13.12,13.25,13.18,0.53,72180,956385.0
2025-11-26,RANEHOLDIN,EQ,INE384A01010,RANE HOLDINGS LIMITED,1380.0,1438.0,1380.0,1423.8,1392.0,2.28,6123,8717927.7
2025-11-26,RATEGAIN,EQ,INE0CLI01024,RATEGAIN TRAVEL TECHN LTD,678.0,730.6,678.0,722.35,688.0,4.99,691403,499434940.17
2025-11-26,RATNAMANI,EQ,INE703B01027,RATNAMANI MET & TUB LTD.,2330.0,2389.0,2326.0,2385.3,2324.6,2.61,12500,29816250.61
2025-11-26,RATNAVEER,EQ,INE05CZ01011,RATNAVEER PRECISION ENG L,147.05,150.35,147.05,148.87,147.63,0.84,130875,19483360.61
2025-11-26,RAYMOND,EQ,INE301A01014,RAYMOND LTD,485.0,492.2,480.5,490.35,487.0,0.69,373882,183333040.98
2025-11-26,RAYMONDLSL,EQ,INE02ID01020,RAYMOND LIFESTYLE LIMITED,1108.5,1162.0,1108.2,1146.7,1108.2,3.47,155759,178608837.69
2025-11-26,RAYMONDREL,EQ,INE1SY401010,RAYMOND REALTY LIMITED,486.45,516.9,480.9,514.2,486.45,5.7,590667,303720978.61
2025-11-26,RBA,EQ,INE07T201019,RESTAURANT BRAND ASIA LTD,63.74,64.7,62.55,62.86,63.74,-1.38,3310547,208100986.44
2025-11-26,RBLBANK,EQ,INE976G01028,RBL BANK LIMITED,309.05,318.15,308.95,317.5,308.25,3.0,4294290,1363437075.0
2025-11-26,RCF,EQ,INE027A01015,RASHTRIYA CHEMICALS & FER,140.5,141.9,140.0,141.16,139.52,1.18,870525,122883312.19
2025-11-26,RECLTD,EQ,INE020B01018,REC LIMITED,351.75,359.8,351.75,356.4,351.75,1.32,6349414,2262931110.85
2025-11-26,REDINGTON,EQ,INE891D01026,REDINGTON LIMITED,290.1,291.65,286.0,287.5,288.05,-0.19,1842172,529624450.0
2025-11-26,REDTAPE,EQ,INE0LXT01019,REDTAPE LIMITED,132.85,133.77,131.22,133.32,132.64,0.51,210947,28123455.59
2025-11-26,REFEX,EQ,INE056I01025,REFEX INDUSTRIES LIMITED,321.75,332.55,320.0,325.9,320.95,1.54,283425,92368205.77
2025-11-26,REGAAL,EQ,INE0MHO01029,REGAAL RESOURCES LIMITED,84.5,85.59,79.91,82.14,84.29,-2.55,299356,24589101.66
2025-11-26,REGENCERAM,EQ,INE277C01012,REGENCY CERAMICS LTD.,46.81,48.43,46.02,46.62,46.1,1.13,2195,102330.9
2025-11-26,RELAXO,EQ,INE131B01039,RELAXO FOOT LTD.,403.0,414.15,401.5,412.4,400.15,3.06,81820,33742567.5
2025-11-26,RELCHEMQ,EQ,INE750D01016,RELIANCE CHEMOTEX IND LTD,142.0,144.49,140.57,142.32,141.27,0.74,1746,248490.73
2025-11-26,RELIABLE,EQ,INE375Y01018,RELIABLE DATA SERVICE LTD,140.99,140.99,135.4,138.77,136.24,1.86,27089,3759140.65
2025-11-26,RELIANCE,EQ,INE002A01018,RELIANCE INDUSTRIES LTD,1542.3,1571.6,1540.5,1569.9,1539.7,1.96,14054299,22063844343.22
2025-11-26,RELIGARE,EQ,INE621H01010,RELIGARE ENTER. LTD.,250.0,250.45,246.5,248.55,246.0,1.04,391950,97419173.7
2025-11-26,RELTD,EQ,INE206N01018,RAVINDRA ENERGY LIMITED,151.68,156.5,150.63,151.56,151.85,-0.19,118725,17993960.71
2025-11-26,REMSONSIND,EQ,INE474C01023,REMSONS INDUSTRIES LTD,121.89,124.69,120.1,121.4,121.16,0.2,215934,26214387.93
2025-11-26,RENUKA,EQ,INE087H01022,SHREE RENUKA SUGARS LTD,26.86,27.35,26.85,27.23,26.82,1.53,1739623,47369933.49
2025-11-26,REPCOHOME,EQ,INE612J01015,REPCO HOME FINANCE LTD,416.85,421.95,414.4,416.25,417.2,-0.23,112145,46680356.25
2025-11-26,REPRO,EQ,INE461B01014,REPRO INDIA LIMITED,507.7,511.5,478.0,483.95,500.2,-3.25,41601,20132804.46
2025-11-26,RESPONIND,EQ,INE688D01026,RESPONSIVE INDUSTRIES LTD,190.8,227.58,185.17,214.54,189.65,13.12,2912078,624757194.57
2025-11-26,RETAIL,EQ,INE03DD01011,JHS SVENDGAARD RETAIL V L,28.32,29.2,28.2,28.65,28.31,1.2,7705,220748.25
2025-11-26,RGL,EQ,INE722H01024,RENAISSANCE GLOBAL LTD,121.77,122.5,119.55,121.74,120.46,1.06,513854,62556584.86
2025-11-26,RHETAN,EQ,INE0KKN01029,RHETAN TMT LIMITED,22.65,23.17,22.36,23.08,22.46,2.76,3889559,89771021.42
2025-11-26,RHIM,EQ,INE743M01012,RHI MAGNESITA INDIA LTD,464.6,480.0,460.7,474.45,461.15,2.88,158335,75122042.68
2025-11-26,RHL,EQ,INE508K01013,ROBUST HOTELS LIMITED,224.65,227.7,214.0,221.49,217.15,2.0,5754,1274453.49
2025-11-26,RICOAUTO,EQ,INE209B01025,RICO AUTO INDUSTRIES LTD,104.13,107.5,100.75,105.8,103.68,2.04,1363859,144296286.36
2025-11-26,RIIL,EQ,INE046A01015,RELIANCE INDUSTRIAL INFRA,857.0,864.2,850.25,857.95,853.25,0.55,41332,35460789.9
2025-11-26,RISHABH,EQ,INE0N2P01017,RISHABH INSTRUMENTS LTD,430.0,436.95,420.0,423.4,427.75,-1.02,11345,4803472.93
2025-11-26,RITCO,EQ,INE01EG01016,RITCO LOGISTICS LIMITED,271.7,285.1,271.65,275.4,269.55,2.17,60981,16794167.03
2025-11-26,RITES,EQ,INE320J01015,RITES LIMITED,238.0,242.97,236.7,239.53,236.64,1.22,394664,94533867.44
2025-11-26,RKDL,EQ,INE722J01012,RAVI KUMAR DIST. LTD.,25.03,25.5,25.02,25.07,25.02,0.2,7159,179476.13
2025-11-26,RKEC,EQ,INE786W01010,RKEC PROJECTS LIMITED,56.7,58.67,56.2,57.87,56.25,2.88,66963,3875148.74
2025-11-26,RKFORGE,EQ,INE399G01023,RAMKRISHNA FORGINGS LTD,523.15,544.7,523.15,542.1,531.75,1.95,260521,141228427.74
2025-11-26,RKSWAMY,EQ,INE0NQ801033,R K SWAMY LIMITED,119.2,129.9,119.2,125.28,121.48,3.13,54504,6828261.05
2025-11-26,RML,EQ,INE050H01012,RANE (MADRAS) LIMITED,764.45,800.5,764.45,798.75,765.2,4.38,8954,7152007.5
2025-11-26,ROHLTD,EQ,INE283H01019,ROYAL ORCHID HOTELS LTD,395.0,413.5,395.0,409.95,397.25,3.2,28921,11856164.3
2025-11-26,ROLEXRINGS,EQ,INE645S01024,ROLEX RINGS LIMITED,105.11,105.11,102.14,103.73,104.29,-0.54,737424,76492994.0
2025-11-26,ROML,EQ,INE294G01026,RAJ OIL MILLS LIMITED,51.0,52.8,50.1,51.72,50.34,2.74,23419,1211230.71
2025-11-26,ROSSARI,EQ,INE02A801020,ROSSARI BIOTECH LIMITED,596.0,600.0,592.0,594.05,594.95,-0.15,60965,36216257.51
2025-11-26,ROSSELLIND,EQ,INE847C01020,ROSSELL INDIA LIMITED,58.39,60.6,56.58,57.87,57.56,0.54,37925,2194719.71
2025-11-26,ROSSTECH,EQ,INE0OJW01016,ROSSELL TECHSYS LIMITED,692.9,823.75,690.0,791.95,692.85,14.3,5067149,4012928712.4
2025-11-26,ROTO,EQ,INE535D01037,ROTO PUMPS LIMITED,59.0,62.01,59.0,61.28,59.43,3.11,443725,27191467.46
2025-11-26,ROUTE,EQ,INE450U01017,ROUTE MOBILE LIMITED,672.75,673.4,657.25,662.05,668.15,-0.91,162736,107739366.81
2025-11-26,RPEL,EQ,INE912T01018,RAGHAV PRODUCTIVITY ENH L,1000.6,1038.0,1000.6,1022.05,1009.05,1.29,48371,49437579.96
2025-11-26,RPGLIFE,EQ,INE105J01010,RPG LIFE SCIENCES LTD,2264.5,2267.9,2222.2,2231.7,2251.2,-0.87,4331,9665492.49
2025-11-26,RPOWER,EQ,INE614G01033,RELIANCE POWER LTD.,37.21,39.79,37.21,39.48,37.2,6.13,87191811,3442332658.37
2025-11-26,RPPINFRA,EQ,INE324L01013,R.P.P INFRA PROJECTS LTD,104.0,106.64,103.25,104.87,103.54,1.28,60977,6394658.16
2025-11-26,RPSGVENT,EQ,INE425Y01011,RPSG VENTURES LIMITED,799.85,809.0,790.0,791.55,795.1,-0.45,22952,18167655.32
2025-11-26,RPTECH,EQ,INE0J1F01024,RASHI PERIPHERALS LIMITED,328.0,330.0,325.15,328.0,326.45,0.47,61572,20195616.0
2025-11-26,RRKABEL,EQ,INE777K01022,R R KABEL LIMITED,1353.0,1428.0,1352.8,1389.5,1362.2,2.0,500194,695019563.0
2025-11-26,RSSOFTWARE,EQ,INE165B01029,R. S. SOFTWARE (INDIA) LI,46.2,47.49,45.05,45.6,46.2,-1.3,77714,3543758.28
2025-11-26,RSYSTEMS,EQ,INE411H01032,R SYS INTERNATIONAL LTD,400.2,406.9,398.05,404.5,400.2,1.07,164061,66362674.5
2025-11-26,RTNINDIA,EQ,INE834M01019,RATTANINDIA ENT LIMITED,43.29,44.39,43.04,44.21,43.13,2.5,1050382,46437387.26
2025-11-26,RTNPOWER,EQ,INE399K01017,RATTANINDIA POWER LIMITED,9.95,10.1,9.89,10.04,9.9,1.41,10175056,102157561.85
2025-11-26,RUBFILA,EQ,INE642C01025,RUBFILA INTERNATIONAL LTD,75.14,78.18,75.14,76.24,75.14,1.46,26761,2040258.58
2025-11-26,RUBICON,EQ,INE506V01022,RUBICON RESEARCH LIMITED,662.85,685.65,656.95,658.75,654.8,0.6,265649,174996278.75
2025-11-26,RUBYMILLS,EQ,INE301D01026,THE RUBY MILLS LTD,230.3,234.0,229.1,230.49,230.08,0.18,7778,1792751.26
2025-11-26,RUCHINFRA,EQ,INE413B01023,RUCHI INFRASTRUCTURE LTD,6.44,6.83,6.32,6.8,6.21,9.5,200349,1362373.24
2025-11-26,RUCHIRA,EQ,INE803H01014,RUCHIRA PAPERS LIMITED,121.9,122.99,121.24,122.68,120.22,2.05,25425,3119139.01
2025-11-26,RUPA,EQ,INE895B01021,RUPA & COMPANY LTD,173.24,175.01,172.0,174.21,173.12,0.63,62912,10959899.94
2025-11-26,RUSHIL,EQ,INE573K01025,RUSHIL DECOR LIMITED,22.99,23.94,22.16,23.17,23.0,0.74,453291,10502752.5
2025-11-26,RUSTOMJEE,EQ,INE263M01029,KEYSTONE REALTORS LIMITED,543.9,549.0,532.8,541.7,532.0,1.82,22830,12367011.28
2025-11-26,RVHL,EQ,INE09E501017,RAVINDER HEIGHTS LIMITED,58.0,58.75,56.0,58.22,57.89,0.57,25965,1511682.33
2025-11-26,RVNL,EQ,INE415G01027,RAIL VIKAS NIGAM LIMITED,319.75,324.9,317.9,323.6,322.9,0.22,5359842,1734444903.91
2025-11-26,RVTH,EQ,INE0DAB01012,REVATHI EQUIPMENT INDIA L,778.05,784.9,771.0,776.75,773.25,0.45,1316,1022203.0
2025-11-26,S&SPOWER,EQ,INE902B01017,S&S POWER SWITCHGEARS LTD,252.0,258.6,245.85,257.55,246.35,4.55,2675,688946.22
2025-11-26,SAATVIKGL,EQ,INE13B501022,SAATVIK GREEN ENERGY LTD,418.15,424.0,412.0,413.8,416.1,-0.55,144039,59603336.44
2025-11-26,SADBHAV,EQ,INE226H01026,SADBHAV ENGINEERING LTD,10.15,11.08,9.95,11.08,10.08,9.92,333800,3698503.97
2025-11-26,SADBHIN,EQ,INE764L01010,SADBHAV INFRA PROJ LTD.,3.63,3.74,3.48,3.48,3.58,-2.79,413276,1438200.49
2025-11-26,SAFARI,EQ,INE429E01023,SAFARI IND (INDIA) LTD,2472.9,2507.1,2434.0,2492.6,2465.5,1.1,51707,128884873.25
2025-11-26,SAGARDEEP,EQ,INE976T01013,SAGARDEEP ALLOYS LIMITED,26.79,26.95,26.2,26.84,26.24,2.29,4755,127624.2
2025-11-26,SAGCEM,EQ,INE229C01021,SAGAR CEMENTS LIMITED,212.15,216.76,211.4,213.37,212.64,0.34,35564,7588290.51
2025-11-26,SAGILITY,EQ,INE0W2G01015,SAGILITY LIMITED,50.15,51.1,49.93,50.34,50.01,0.66,29263475,1473123335.97
2025-11-26,SAHYADRI,EQ,INE280H01015,SAHYADRI INDUSTRIES LTD,254.6,258.05,244.55,256.25,248.45,3.14,3853,987331.25
2025-11-26,SAIL,EQ,INE114A01011,STEEL AUTHORITY OF INDIA,133.85,138.3,133.71,136.92,132.25,3.53,37106654,5080642997.74
2025-11-26,SAILIFE,EQ,INE570L01029,SAI LIFE SCIENCES LIMITED,882.0,882.0,868.05,880.0,874.65,0.61,189049,166363120.0
2025-11-26,SAKAR,EQ,INE732S01012,SAKAR HEALTHCARE LIMITED,372.9,373.1,364.0,366.7,369.5,-0.76,7436,2726781.29
2025-11-26,SAKHTISUG,EQ,INE623A01011,SAKTHI SUGARS LTD,19.27,19.39,18.95,19.29,18.92,1.96,54200,1045518.05
2025-11-26,SAKSOFT,EQ,INE667G01023,SAKSOFT LIMITED,203.38,206.65,196.65,201.48,203.8,-1.14,268753,54148353.29
2025-11-26,SAKUMA,EQ,INE190H01024,SAKUMA EXPORTS LIMITED,2.48,2.48,2.38,2.39,2.43,-1.65,1552696,3710943.6
2025-11-26,SALASAR,EQ,INE170V01027,SALASAR TECHNO ENGG. LTD.,10.05,10.18,9.65,10.04,10.06,-0.2,12197594,122463843.29
2025-11-26,SALONA,EQ,INE498E01010,SALONA COTSPIN LTD.,268.35,275.0,263.0,271.3,268.35,1.1,1878,509501.38
2025-11-26,SALSTEEL,EQ,INE658G01014,S.A.L. STEEL LTD.,42.48,44.19,42.48,42.48,43.35,-2.01,52052,2211168.94
2025-11-26,SALZERELEC,EQ,INE457F01013,SALZER ELECTRONICS LTD,729.9,729.9,711.6,723.7,719.0,0.65,32819,23751110.7
2025-11-26,SAMBHAAV,EQ,INE699B01027,SAMBHAAV MEDIA LTD,9.64,9.64,9.64,9.64,10.15,-5.02,113626,1095354.68
2025-11-26,SAMBHV,EQ,INE12NJ01018,SAMBHV STEEL TUBES LTD,105.9,110.49,105.9,107.55,105.96,1.5,479504,51570656.66
2025-11-26,SAMHI,EQ,INE08U801020,SAMHI HOTELS LIMITED,178.6,182.47,177.74,180.78,178.21,1.44,977206,176659299.49
2025-11-26,SAMMAANCAP,EQ,INE148I01020,SAMMAAN CAPITAL LIMITED,154.5,159.2,154.27,156.79,151.74,3.33,41113514,6446187584.03
2025-11-26,SAMPANN,EQ,INE735M01018,SAMPANN UTPADAN INDIA LTD,34.06,35.41,34.06,34.4,34.05,1.03,35910,1235304.05
2025-11-26,SANATHAN,EQ,INE0JPD01013,SANATHAN TEXTILES LIMITED,478.0,483.95,475.0,477.0,478.75,-0.37,12086,5765022.0
2025-11-26,SANDESH,EQ,INE583B01015,SANDESH LTD,1105.1,1149.8,1081.0,1099.9,1110.6,-0.96,1092,1201090.83
2025-11-26,SANDHAR,EQ,INE278H01035,SANDHAR TECHNOLOGIES LTD,509.05,560.05,509.05,555.3,508.6,9.18,492349,273401393.69
2025-11-26,SANDUMA,EQ,INE149K01016,SANDUR MANG & IRON ORES L,200.5,207.79,199.5,204.92,199.13,2.91,1862274,381617184.67
2025-11-26,SANGAMIND,EQ,INE495C01010,SANGAM (INDIA) LTD,449.6,454.2,445.0,448.7,450.05,-0.3,13412,6017964.56
2025-11-26,SANGHVIMOV,EQ,INE989A01032,SANGHVI MOVERS LTD,342.95,346.8,337.05,343.95,340.45,1.03,158976,54679797.14
2025-11-26,SANOFI,EQ,INE058A01010,SANOFI INDIA LIMITED,4380.7,4421.0,4356.5,4412.6,4380.7,0.73,12707,56070909.44
2025-11-26,SANOFICONR,EQ,INE0UOS01011,SANOFI CONS HEALTHC IND L,4790.8,4790.8,4683.0,4708.6,4790.8,-1.72,5094,23985608.9
2025-11-26,SANSERA,EQ,INE953O01021,SANSERA ENGINEERING LTD,1678.8,1720.2,1650.1,1711.4,1660.6,3.06,252868,432758301.37
2025-11-26,SANSTAR,EQ,INE08NE01025,SANSTAR LIMITED,90.63,93.0,90.09,92.53,90.63,2.1,93487,8650352.0
2025-11-26,SAPPHIRE,EQ,INE806T01020,SAPPHIRE FOODS INDIA LTD,257.45,259.7,251.25,254.5,259.55,-1.95,345937,88040966.5
2025-11-26,SARDAEN,EQ,INE385C01021,SARDA ENERGY & MIN LTD,487.0,502.4,483.35,485.0,489.0,-0.82,389786,189046210.0
2025-11-26,SAREGAMA,EQ,INE979A01025,SAREGAMA INDIA LIMITED,370.0,385.0,370.0,380.4,370.9,2.56,783617,298087902.02
2025-11-26,SARLAPOLY,EQ,INE453D01025,SARLA PERF. FIBERS LTD,89.98,89.98,86.9,87.56,88.34,-0.88,51716,4528252.83
2025-11-26,SARVESHWAR,EQ,INE324X01026,SARVESHWAR FOODS LIMITED,4.62,4.75,4.61,4.69,4.62,1.52,3046933,14290115.94
2025-11-26,SASKEN,EQ,INE231F01020,SASKEN TECHNOLOGIES LTD,1338.0,1380.0,1338.0,1370.9,1340.0,2.31,24368,33406091.79
2025-11-26,SATIA,EQ,INE170E01023,SATIA INDUSTRIES LIMITED,68.5,69.6,67.5,68.15,68.83,-0.99,63268,4311714.3
2025-11-26,SATIN,EQ,INE836B01017,SATIN CREDIT NET LTD,149.0,150.27,147.9,149.15,149.09,0.04,232780,34719135.58
2025-11-26,SAURASHCEM,EQ,INE626A01014,SAURASHTRA CEMENT LIMITED,91.0,93.0,90.98,91.24,90.32,1.02,58840,5368561.47
2025-11-26,SBC,EQ,INE04AK01028,SBC EXPORTS LIMITED,26.17,26.25,25.6,25.83,26.1,-1.03,9163825,236701599.05
2025-11-26,SBCL,EQ,INE386D01027,SHIVALIK BIMETAL CON. LTD,438.0,444.25,435.8,438.55,439.8,-0.28,54463,23884747.99
2025-11-26,SBFC,EQ,INE423Y01016,SBFC FINANCE LIMITED,107.7,109.0,107.08,108.88,107.34,1.43,594141,64690070.45
2025-11-26,SBGLP,EQ,INE05ST01028,SURATWWALA BUS GROUP LTD,31.17,31.94,30.7,30.99,31.17,-0.58,26897,833538.02
2025-11-26,SBICARD,EQ,INE018E01016,SBI CARDS & PAY SER LTD,874.05,880.0,870.5,877.75,873.4,0.5,676067,593417809.25
2025-11-26,SBIETFCON,EQ,INF200KA1X17,SBIAMC - SBIETFCON,131.43,131.43,127.06,128.76,127.6,0.91,2818,362845.66
2025-11-26,SBIETFIT,EQ,INF200KA1S14,SBIAMC - SBIETFIT,404.45,409.5,404.45,409.13,404.2,1.22,4236,1733074.7
2025-11-26,SBIETFPB,EQ,INF200KA1S22,SBIAMC - SBIETFPB,290.08,292.0,290.08,291.58,287.5,1.42,6097,1777763.18
2025-11-26,SBIETFQLTY,EQ,INF200KA1WX6,SBIAMC - SBIETFQLTY,228.86,231.73,228.86,231.2,228.99,0.97,858,198369.6
2025-11-26,SBILIFE,EQ,INE123W01016,SBI LIFE INSURANCE CO LTD,2031.0,2045.0,2024.0,2029.1,2031.0,-0.09,826123,1676286159.13
2025-11-26,SBIN,EQ,INE062A01020,STATE BANK OF INDIA,986.6,999.0,982.15,983.9,983.6,0.03,13943490,13719000151.42
2025-11-26,SBINEQWETF,EQ,INF200KB1282,SBIAMC - SBINEQWETF,33.22,33.76,33.22,33.68,33.22,1.38,28219,950415.93
2025-11-26,SBISILVER,EQ,INF200KB1217,SBIAMC - SBISILVER,154.58,155.5,154.29,155.44,153.03,1.57,1305589,202940757.35
2025-11-26,SCHAEFFLER,EQ,INE513A01022,SCHAEFFLER INDIA LIMITED,3939.0,3939.0,3877.2,3899.0,3917.3,-0.47,107897,420690403.0
2025-11-26,SCHAND,EQ,INE807K01035,S CHAND AND COMPANY LTD,164.39,172.0,163.0,170.5,164.23,3.82,25227,4301203.5
2025-11-26,SCHNEIDER,EQ,INE839M01018,SCHNEIDER ELECTRIC INFRA,714.0,739.05,714.0,733.2,714.05,2.68,173812,127438960.52
2025-11-26,SCI,EQ,INE109A01011,SHIPPING CORP OF INDIA LT,233.6,235.75,231.6,233.0,232.45,0.24,3209611,747839363.0
2025-11-26,SCILAL,EQ,INE0PB301013,SHIPPING CORP OF ILA LTD,48.0,48.0,47.4,47.52,47.55,-0.06,216962,10310034.34
2025-11-26,SCODATUBES,EQ,INE090501011,SCODA TUBES LIMITED,164.0,172.61,161.35,169.86,159.91,6.22,699949,118893337.57
2025-11-26,SDBL,EQ,INE480C01038,SOM DIST & BREW LTD,118.0,118.47,116.0,116.45,117.04,-0.5,330539,38491265.54
2025-11-26,SEAMECLTD,EQ,INE497B01018,SEAMEC LIMITED,880.0,915.95,867.05,914.05,876.3,4.31,28844,26364857.85
2025-11-26,SECMARK,EQ,INE0BTM01013,SECMARK CONSULTANCY LTD,124.85,124.85,115.23,116.24,116.18,0.05,1591,184937.84
2025-11-26,SECURKLOUD,EQ,INE650K01021,SECUREKLOUD TECH LIMITED,26.35,26.48,26.3,26.3,27.69,-5.02,59033,1552567.85
2025-11-26,SEJALLTD,EQ,INE955I01044,SEJAL GLASS LIMITED,966.7,980.0,938.0,942.3,966.7,-2.52,5791,5456859.23
2025-11-26,SELECTIPO,EQ,INF769K01ON4,MIRAEAMC - SELECTIPO,48.36,48.36,48.36,48.36,47.9,0.96,0,0.0
2025-11-26,SEMAC,EQ,INE617A01013,SEMAC CONSTRUCTION LTD,348.5,348.5,317.0,322.05,332.05,-3.01,906,291777.29
2025-11-26,SENCO,EQ,INE602W01027,SENCO GOLD LIMITED,312.65,316.9,310.35,311.45,313.25,-0.57,320232,99736260.31
2025-11-26,SENORES,EQ,INE0RB801010,SENORES PHARMACEUTICALS L,765.4,784.75,765.35,778.95,765.4,1.77,145664,113464974.58
2025-11-26,SENSEXADD,EQ,INF740KA1SZ6,DSPAMC - DSPSENXETF,86.37,87.44,86.37,87.42,86.8,0.71,5155,450650.09
2025-11-26,SENSEXAXIS,EQ,INF846K010Q0,AXISAMC-SENSEXAXIS,88.08,88.15,87.58,88.11,87.27,0.96,857,75510.27
2025-11-26,SENSEXETF,EQ,INF769K01KT9,MIRAEAMC - SENSEXETF,86.99,87.7,86.9,87.66,86.74,1.06,6265,549189.92
2025-11-26,SENSEXIETF,EQ,INF346A01034,ICICI PRUD SENSEX ETF,968.52,979.89,965.4,978.49,975.84,0.27,31911,31224594.08
2025-11-26,SEPC,EQ,INE964H01014,SEPC LIMITED,9.78,9.98,9.74,9.85,9.74,1.13,3950667,38914071.46
2025-11-26,SERVOTECH,EQ,INE782X01033,SERVOTECH REN POW SYS LTD,95.0,96.95,91.79,92.48,94.82,-2.47,785542,72646926.8
2025-11-26,SESHAPAPER,EQ,INE630A01024,SESHASAYEE PAPER & BOARDS,244.25,248.75,243.35,245.4,244.25,0.47,17583,4314868.09
2025-11-26,SETF10GILT,EQ,INF200KA1JT1,SBIAMC - SETF10GILT,260.5,260.5,259.51,260.25,260.09,0.06,69234,18018148.5
2025-11-26,SETFGOLD,EQ,INF200KA16D8,SBI-ETF GOLD,107.5,107.64,107.24,107.48,106.65,0.78,2727766,293180298.84
2025-11-26,SETFNIF50,EQ,INF200KA1FS1,SBI-ETF NIFTY 50,275.62,279.98,275.62,279.86,276.7,1.14,440206,123196044.71
2025-11-26,SETFNIFBK,EQ,INF200KA1580,SBI-ETF NIFTY BANK,597.0,609.55,597.0,609.24,601.47,1.29,276500,168454857.3
2025-11-26,SETFNN50,EQ,INF200KA1598,SBI-ETF NIFTY NEXT 50,727.05,737.0,725.62,735.31,727.05,1.14,20569,15124591.34
2025-11-26,SETL,EQ,INE0M4D01010,STANDARD ENGNG TCNLGY LTD,159.95,163.79,158.73,161.57,159.07,1.57,116216,18777019.97
2025-11-26,SFL,EQ,INE916U01025,SHEELA FOAM LIMITED,593.1,618.4,591.45,612.85,593.1,3.33,172164,105510703.2
2025-11-26,SGFIN,EQ,INE618R01015,SG FINSERVE LIMITED,403.95,412.0,399.85,402.25,400.65,0.4,165524,66582029.0
2025-11-26,SGIL,EQ,INE00QT01015,SYNERGY GREEN IND. LTD,545.95,557.95,544.5,552.45,550.0,0.45,15246,8422652.89
2025-11-26,SGL,EQ,INE353H01010,STL GLOBAL LIMITED,13.95,14.45,13.54,13.62,13.54,0.59,46947,639418.13
2025-11-26,SGMART,EQ,INE385F01024,SG MART LIMITED,346.95,354.8,346.8,351.45,346.95,1.3,111253,39099868.21
2025-11-26,SHAH,EQ,INE482J01021,SHAH METACORP LIMITED,3.88,3.93,3.82,3.9,3.81,2.36,405178,1580194.24
2025-11-26,SHAILY,EQ,INE151G01028,SHAILY ENG PLASTICS LTD,2553.0,2693.9,2531.6,2623.1,2527.2,3.79,547215,1435399719.94
2025-11-26,SHAKTIPUMP,EQ,INE908D01010,SHAKTI PUMPS (I) LTD,690.0,695.9,684.0,690.3,683.4,1.01,215615,148839031.87
2025-11-26,SHALBY,EQ,INE597J01018,SHALBY LIMITED,211.5,214.52,210.75,212.54,210.97,0.74,56784,12068870.98
2025-11-26,SHANKARA,EQ,INE274V01019,SHANKARA BLDG PRODUCT LTD,115.1,123.28,115.1,120.53,120.78,-0.21,241326,29087022.49
2025-11-26,SHANTI,EQ,INE933X01016,SHANTI OVERSEAS INDIA LTD,9.17,9.59,9.17,9.23,9.36,-1.39,43538,401855.72
2025-11-26,SHANTIGEAR,EQ,INE631A01022,SHANTHI GEARS LTD,470.0,472.9,470.0,470.25,470.1,0.03,13098,6159334.5
2025-11-26,SHANTIGOLD,EQ,INE06ZD01017,SHANTI GOLD INTERNATION L,214.3,217.98,212.59,217.41,213.43,1.86,222659,48408294.01
2025-11-26,SHARDACROP,EQ,INE221J01015,SHARDA CROPCHEM LTD.,830.0,848.0,822.0,830.6,826.95,0.44,288578,239692879.75
2025-11-26,SHARDAMOTR,EQ,INE597I01028,SHARDA MOTOR INDS LTD,910.1,927.0,904.6,918.6,909.3,1.02,18592,17078610.75
2025-11-26,SHAREINDIA,EQ,INE932X01026,SHARE IND. SECURITIES LTD,162.0,165.2,162.0,164.45,161.74,1.68,137488,22609901.18
2025-11-26,SHARIABEES,EQ,INF732E01128,NIP IND ETF SHARIAH BEES,510.03,513.0,506.91,512.04,507.5,0.89,7529,3855148.99
2025-11-26,SHILCTECH,EQ,INE024F01011,SHILCHAR TECHNOLOGIES LTD,4170.0,4195.0,4122.0,4128.9,4171.9,-1.03,6720,27746207.34
2025-11-26,SHILPAMED,EQ,INE790G01031,SHILPA MEDICARE LTD,354.35,356.95,344.7,347.95,350.85,-0.83,300272,104479646.07
2025-11-26,SHIVALIK,EQ,INE788J01021,SHIVALIK RASAYAN LIMITED,395.8,408.9,395.8,399.85,398.4,0.36,12579,5029713.23
2025-11-26,SHIVAMAUTO,EQ,INE637H01024,SHIVAM AUTO.LTD,26.8,28.0,26.8,27.06,27.1,-0.15,87008,2354436.43
2025-11-26,SHIVAMILLS,EQ,INE644Y01017,SHIVA MILLS LIMITED,63.88,63.88,61.02,61.71,63.18,-2.33,7449,459677.78
2025-11-26,SHIVATEX,EQ,INE705C01020,SHIVA TEXYARN LIMITED,186.01,190.0,185.0,189.96,185.95,2.16,11083,2105326.75
2025-11-26,SHIVAUM,EQ,INE719F01016,SHIV AUM STEELS LIMITED,281.0,287.0,281.0,284.95,283.0,0.69,59,16812.05
2025-11-26,SHK,EQ,INE500L01026,S H KELKAR AND CO. LTD.,172.5,174.5,169.0,169.96,172.38,-1.4,329847,56060798.33
2025-11-26,SHOPERSTOP,EQ,INE498B01024,SHOPPERS STOP LIMITED,421.0,426.0,415.1,423.5,418.8,1.12,68639,29068616.5
2025-11-26,SHRADHA,EQ,INE715Y01031,SHRADHA REALTY LIMITED,45.9,45.9,44.01,44.85,44.7,0.34,12031,539590.33
2025-11-26,SHREDIGCEM,EQ,INE232A01011,SHREE DIGVIJAY CEM CO LTD,90.5,90.95,90.1,90.16,90.15,0.01,138894,12522683.55
2025-11-26,SHREECEM,EQ,INE070A01015,SHREE CEMENT LIMITED,26655.0,26975.0,26480.0,26935.0,26455.0,1.81,16119,434165265.0
2025-11-26,SHREEJISPG,EQ,INE1B6101010,SHREEJI SHIPPING GLOBAL L,318.0,318.0,302.3,308.1,314.3,-1.97,1101491,339369383.82
2025-11-26,SHREEPUSHK,EQ,INE712K01011,SHRE PUSH CHEM & FERT LTD,405.55,419.35,403.6,406.05,410.0,-0.96,40671,16514459.05
2025-11-26,SHREERAMA,EQ,INE879A01019,SHREE RAMA MULTI TECH LTD,50.7,53.5,50.7,53.1,51.4,3.31,59423,3155361.21
2025-11-26,SHREYANIND,EQ,INE231C01019,SHREYANS INDUSTRIES LTD,185.73,185.73,180.0,183.96,184.46,-0.27,6578,1210088.92
2025-11-26,SHRINGARMS,EQ,INE1B3L01017,SHRINGAR HOU OF MANGALS L,223.9,227.25,222.52,226.46,223.32,1.41,538026,121841371.57
2025-11-26,SHRIPISTON,EQ,INE526E01018,SPR AUTO TECHNOLOGIES LTD,2596.2,2635.0,2590.0,2613.6,2596.2,0.67,22816,59631899.83
2025-11-26,SHRIRAMFIN,EQ,INE721A01047,SHRIRAM FINANCE LIMITED,841.95,858.85,838.3,856.6,838.25,2.19,7052927,6041537096.01
2025-11-26,SHRIRAMPPS,EQ,INE217L01019,SHRIRAM PROPERTIES LTD,88.17,90.4,87.81,88.74,87.8,1.07,206820,18353206.36
2025-11-26,SHYAMMETL,EQ,INE810G01011,SHYAM METALICS AND ENGY L,825.0,837.55,812.75,827.1,818.4,1.06,93354,77213091.12
2025-11-26,SHYAMTEL,EQ,INE635A01023,SHYAM TELECOM LIMITED,12.12,12.95,12.12,12.55,12.33,1.78,3165,39720.75
2025-11-26,SIEMENS,EQ,INE003A01024,SIEMENS LTD,3195.0,3332.6,3184.8,3318.8,3181.1,4.33,1149408,3814655326.52
2025-11-26,SIGACHI,EQ,INE0D0K01022,SIGACHI INDUSTRIES LTD,34.05,34.9,34.05,34.67,34.05,1.82,687385,23831636.69
2025-11-26,SIGMA,EQ,INE0A0S01028,SIGMA SOLVE LIMITED,53.89,53.99,52.0,53.82,52.49,2.53,53788,2894870.14
2025-11-26,SIGNATURE,EQ,INE903U01023,SIGNATUREGLOBAL INDIA LTD,1120.0,1137.1,1111.9,1132.8,1111.7,1.9,253841,287551097.19
2025-11-26,SIGNPOST,EQ,INE0KGZ01021,SIGNPOST INDIA LIMITED,214.61,227.74,214.61,224.46,213.87,4.95,33122,7434564.34
2025-11-26,SIL,EQ,INE173A01025,STANDARD INDUSTRIES LTD.,16.95,18.0,16.51,17.0,16.64,2.16,24851,422467.0
2025-11-26,SILGO,EQ,INE01II01013,SILGO RETAIL LIMITED,63.01,65.25,61.0,64.35,63.01,2.13,14858,956112.28
2025-11-26,SILINV,EQ,INE923A01015,SIL INVESTMENTS LIMITED,541.8,556.0,540.15,551.05,541.8,1.71,3355,1848772.71
2025-11-26,SILVER,EQ,INF209KB19F6,BIRLASLAMC - SILVER,156.98,158.1,156.98,157.96,155.6,1.52,767831,121286589.92
2025-11-26,SILVER1,EQ,INF174KA1ZD3,KOTAKMAMC - KOTAKSILVE,151.5,153.7,151.5,153.58,151.13,1.62,742213,113989073.9
2025-11-26,SILVERADD,EQ,INF740KA1ZQ0,DSPAMC - DSPSILVETF,15.34,15.34,15.17,15.28,15.04,1.64,3111070,47552704.48
2025-11-26,SILVERAG,EQ,INF769K01KG6,MIRAEAMC - MASILVER,153.7,154.69,153.43,154.55,152.28,1.49,294174,45464592.6
2025-11-26,SILVERAXIS,EQ,INF846K011K1,AXISAMC-SILVERAXIS,157.03,157.75,156.4,157.51,154.94,1.66,329935,51968060.04
2025-11-26,SILVERBEES,EQ,INF204KC1402,NIPPONAMC - NETFSILVER,150.52,151.85,150.52,151.64,149.32,1.55,19472046,2952741043.56
2025-11-26,SILVERBETA,EQ,INF789F1AYK6,UTIAMC-SILVERBETA,152.9,153.7,152.15,153.47,150.84,1.74,1401708,215120128.47
2025-11-26,SILVERCASE,EQ,INF0R8F01091,ZERODHAAMC - SILVERCASE,16.11,16.11,16.11,16.11,15.83,1.77,0,0.0
2025-11-26,SILVERIETF,EQ,INF109KC1Y56,ICICIPRAMC - ICICISILVE,157.34,158.0,157.0,157.92,155.62,1.48,2816490,444780095.64
2025-11-26,SILVERTUC,EQ,INE625X01026,SILVER TOUCH TECHNO LTD,800.0,800.0,767.0,783.1,791.25,-1.03,83018,65011393.77
2025-11-26,SIMPLEXINF,EQ,INE059B01024,SIMPLEX INFRASTRUCTURES L,290.1,296.2,287.85,288.85,291.15,-0.79,117255,33869107.47
2025-11-26,SINCLAIR,EQ,INE985A01022,SINCLAIRS HOTELS LIMITED,84.31,86.38,84.0,85.34,84.27,1.27,53734,4585659.36
2025-11-26,SINDHUTRAD,EQ,INE325D01025,SINDHU TRADE LINKS LTD,23.7,24.19,23.43,23.77,23.68,0.38,252885,6011076.57
2025-11-26,SINTERCOM,EQ,INE129Z01016,SINTERCOM INDIA LIMITED,118.5,118.5,112.0,113.09,117.5,-3.75,1590,179813.09
2025-11-26,SIRCA,EQ,INE792Z01011,SIRCA PAINT INDIA LIMITED,513.9,527.75,512.5,523.45,513.5,1.94,423495,221678462.92
2025-11-26,SIS,EQ,INE285J01028,SIS LIMITED,336.0,339.0,331.55,335.85,331.5,1.31,46930,15761440.79
2025-11-26,SIYSIL,EQ,INE076B01028,SIYARAM SILK MILLS LTD,743.0,749.8,732.1,738.55,737.5,0.14,54466,40225863.64
2025-11-26,SJS,EQ,INE284S01014,SJS ENTERPRISES LIMITED,1695.0,1728.8,1684.4,1691.6,1699.4,-0.46,105107,177798998.63
2025-11-26,SJVN,EQ,INE002L01015,SJVN LTD,78.05,78.84,77.8,78.57,77.88,0.89,3365715,264444226.52
2025-11-26,SKFINDIA,EQ,INE640A01023,SKF INDIA LTD,1952.8,1960.0,1938.0,1950.8,1947.6,0.16,16866,32902193.62
2025-11-26,SKIPPER,EQ,INE439E01022,SKIPPER LIMITED,468.95,477.7,467.2,476.25,466.85,2.01,83166,39607807.5
2025-11-26,SKMEGGPROD,EQ,INE411D01023,SKM EGG PROD EXPORT(I) LT,213.43,228.0,213.05,220.35,212.15,3.87,427050,94100470.11
2025-11-26,SKYGOLD,EQ,INE01IU01018,SKY GOLD AND DIAMONDS LTD,337.4,345.0,335.9,337.6,337.45,0.04,316806,106953707.53
2025-11-26,SMALLCAP,EQ,INF769K01LC3,MIRAEAMC - SMALLCAP,44.77,45.04,44.5,45.01,44.53,1.08,901345,40569536.94
2025-11-26,SMARTWORKS,EQ,INE0NAZ01010,SMARTWORKS COWORKING SP L,514.65,520.0,498.65,505.95,507.05,-0.22,103090,52158386.76
2025-11-26,SMCGLOBAL,EQ,INE103C01036,SMC GLOBAL SECURITIES LTD,59.6,61.0,57.2,60.04,58.08,3.37,194695,11689487.98
2025-11-26,SML100CASE,EQ,INF0R8F01141,ZERODHAAMC - SML100CASE,10.13,10.13,10.13,10.13,10.0,1.36,0,0.0
2025-11-26,SMLMAH,EQ,INE294B01019,SML MAHINDRA LIMITED,2852.1,2919.0,2805.0,2906.5,2830.5,2.69,30094,87468211.0
2025-11-26,SMLT,EQ,INE017W01010,SARTHAK METALS LIMITED,99.7,101.85,98.74,100.69,97.49,3.28,7540,759202.62
2025-11-26,SMSPHARMA,EQ,INE812G01025,SMS PHARMACEUTICALS LTD.,277.7,327.0,276.5,322.3,273.55,17.82,11764582,3791724634.99
2025-11-26,SNOWMAN,EQ,INE734N01019,SNOWMAN LOGISTICS LTD.,43.78,44.84,43.18,44.32,42.97,3.14,261256,11578865.84
2025-11-26,SOBHA,EQ,INE671H01015,SOBHA LIMITED,1548.9,1575.9,1531.3,1572.6,1548.9,1.53,59561,93665627.15
2025-11-26,SOFTTECH,EQ,INE728Z01015,SOFTTECH ENGINEERS LTD,339.5,358.25,330.0,354.05,330.4,7.16,17202,6090367.89
2025-11-26,SOLARA,EQ,INE624Z01016,SOLARA ACTIVE PHA SCI LTD,525.0,525.0,518.05,523.75,523.2,0.11,72611,38030011.25
2025-11-26,SOLARINDS,EQ,INE343H01029,SOLAR INDUSTRIES (I) LTD,13348.0,13548.0,13300.0,13460.0,13267.0,1.45,50316,677253360.0
2025-11-26,SOLARWORLD,EQ,INE0TY101024,SOLARWORLD ENERGY SOL LTD,299.8,299.8,292.0,294.55,290.15,1.52,69297,20411430.5
2025-11-26,SOLEX,EQ,INE880Y01017,SOLEX ENERGY LIMITED,1900.1,1938.0,1868.1,1882.0,1917.4,-1.85,72397,136251154.0
2025-11-26,SOMANYCERA,EQ,INE355A01028,SOMANY CERAMICS LIMITED,427.7,447.0,425.0,430.45,425.45,1.18,25146,10824096.01
2025-11-26,SOMATEX,EQ,INE314C01013,SOMA TEXTILES & INDUST LT,125.49,127.02,125.49,125.49,128.06,-2.01,15666,1965926.31
2025-11-26,SOMICONVEY,EQ,INE323J01019,SOMI CONVEYOR BELT. LTD.,129.9,133.7,128.33,132.24,126.74,4.34,8463,1119147.17
2025-11-26,SONACOMS,EQ,INE073K01018,SONA BLW PRECISION FRGS L,501.95,510.45,499.3,507.2,501.3,1.18,816531,414144533.17
2025-11-26,SONATSOFTW,EQ,INE269A01021,SONATA SOFTWARE LTD,360.45,361.45,356.1,360.4,357.95,0.68,375441,135308934.11
2025-11-26,SOTL,EQ,INE035D01020,SAVITA OIL TECHNOLO. LTD,370.0,371.5,366.6,368.0,365.95,0.56,17436,6416448.0
2025-11-26,SOUTHBANK,EQ,INE683A01023,THE SOUTH INDIAN BANK LTD,38.8,40.16,38.62,39.78,38.65,2.92,42867611,1705273513.25
2025-11-26,SOUTHWEST,EQ,INE980Y01015,SOUTH WEST PINNACLE LTD,195.6,195.89,186.35,189.55,193.31,-1.95,113611,21534965.4
2025-11-26,SPAL,EQ,INE212I01016,S. P. APPARELS LIMITED,775.05,780.35,762.3,767.2,772.3,-0.66,29484,22620125.16
2025-11-26,SPANDANA,EQ,INE572J01011,SPANDANA SPHOORTY FIN LTD,271.6,278.0,262.9,272.25,269.35,1.08,516275,140555868.75
2025-11-26,SPARC,EQ,INE232I01014,SUN PHARMA ADV.RES.CO.LTD,132.3,135.83,132.3,133.74,132.83,0.69,265918,35563874.78
2025-11-26,SPCENET,EQ,INE970N01027,SPACENET ENTERS IND LTD,8.49,8.69,8.21,8.33,8.4,-0.83,419351,3493193.8
2025-11-26,SPENCERS,EQ,INE020801028,SPENCER S RETAIL LIMITED,46.0,47.6,45.52,46.71,45.81,1.96,82349,3846521.71
2025-11-26,SPIC,EQ,INE147A01011,SPIC LTD,85.1,86.85,85.0,86.44,84.73,2.02,314423,27178724.89
2025-11-26,SPLIL,EQ,INE978G01016,SPL INDUSTRIES LIMITED,39.01,39.87,38.31,38.86,38.97,-0.28,11137,432783.83
2025-11-26,SPLPETRO,EQ,INE663A01033,SUPREME PETROCHEM LIMITED,668.85,670.6,652.5,660.4,666.15,-0.86,101097,66764461.27
2025-11-26,SPMLINFRA,EQ,INE937A01023,SPML INFRA LIMITED,201.99,209.75,200.12,201.75,198.53,1.62,126073,25435227.75
2025-11-26,SPORTKING,EQ,INE885H01029,SPORTKING INDIA LIMITED,96.25,99.8,94.33,97.4,93.54,4.13,100153,9754902.35
2025-11-26,SRD,EQ,INE01NE01012,SHANKAR LAL RAMPAL LTD,65.41,65.5,64.0,64.99,65.41,-0.64,7270,472477.28
2025-11-26,SRF,EQ,INE647A01010,SRF LTD,2796.8,2825.3,2784.6,2809.8,2793.8,0.57,413644,1162256931.4
2025-11-26,SRGHFL,EQ,INE559N01010,SRG HOUSING FINANCE L,271.35,276.5,268.0,272.4,269.15,1.21,2895,788597.98
2025-11-26,SRHHYPOLTD,EQ,INE917H01012,SREE RAYALSEEMA HHP LTD.,516.8,528.85,515.0,522.35,511.45,2.13,5250,2742337.37
2025-11-26,SRM,EQ,INE0R6Z01013,SRM CONTRACTORS LIMITED,585.0,600.95,582.35,591.35,584.75,1.13,62318,36851747.78
2025-11-26,SSDL,EQ,INE0PQ101010,SARASWATI SAREE DEPOT LTD,84.14,84.14,80.01,81.3,81.28,0.02,48355,3931261.65
2025-11-26,SSWL,EQ,INE802C01033,STEEL STRIPS WHEELS LTD.,193.55,200.0,193.03,194.23,193.03,0.62,278577,54108009.52
2025-11-26,STANLEY,EQ,INE01A001028,STANLEY LIFESTYLES LTD,223.25,227.5,223.25,224.9,224.25,0.29,119670,26913782.27
2025-11-26,STAR,EQ,INE939A01011,STRIDES PHARMA SCI LTD,895.75,909.2,883.3,903.1,885.7,1.96,176873,159734001.98
2025-11-26,STARCEMENT,EQ,INE460H01021,STAR CEMENT LIMITED,227.0,231.2,225.2,229.6,226.45,1.39,125641,28847174.37
2025-11-26,STARHEALTH,EQ,INE575P01011,STAR HEALTH & AL INS CO L,496.95,496.95,485.0,489.8,496.25,-1.3,318238,155872968.52
2025-11-26,STARPAPER,EQ,INE733A01018,STAR PAPER MILLS LTD,163.68,166.0,163.0,164.15,163.67,0.29,5118,840119.67
2025-11-26,STARTECK,EQ,INE992I01013,STARTECK FINANCE LIMITED,298.0,302.9,291.15,293.85,294.1,-0.09,8078,2373720.35
2025-11-26,STCINDIA,EQ,INE655A01013,THE STATE TRADING CORPN,120.0,121.5,117.98,119.43,117.94,1.26,24888,2972373.85
2025-11-26,STEELCAS,EQ,INE124E01038,STEELCAST LIMITED,216.8,222.5,216.8,221.49,217.96,1.62,47797,10586557.79
2025-11-26,STEELCITY,EQ,INE395H01011,STEEL CITY SECURITIES LTD,91.6,97.5,90.11,96.93,91.17,6.32,24900,2413557.01
2025-11-26,STEELXIND,EQ,INE503B01021,STEEL EXCHANGE INDIA LTD,8.71,8.99,8.67,8.72,8.71,0.11,584146,5093753.28
2025-11-26,STEL,EQ,INE577L01016,STEL HOLDINGS LIMITED,510.9,510.9,484.5,501.7,498.8,0.58,7064,3544008.89
2025-11-26,STLNETWORK,EQ,INE1VXE01018,STL NETWORKS LIMITED,23.02,23.47,22.95,23.24,23.11,0.56,2064982,47990181.21
2025-11-26,STOVEKRAFT,EQ,INE00IN01015,STOVE KRAFT LIMITED,622.0,630.0,614.05,623.75,622.9,0.14,102603,63998621.25
2025-11-26,STUDDS,EQ,INE00Q601028,STUDDS ACCESSORIES LTD,553.0,560.0,548.3,554.2,546.8,1.35,268033,148543891.87
2025-11-26,STYL,EQ,INE04VU01023,SESHAASAI TECHNOLOGIES L,305.0,320.8,298.75,311.0,301.4,3.19,486071,151168081.0
2025-11-26,STYLAMIND,EQ,INE239C01020,STYLAM INDUSTRIES LIMITED,2188.3,2195.8,2040.0,2063.6,2178.3,-5.27,161316,332891713.35
2025-11-26,STYLEBAAZA,EQ,INE01FR01028,BAAZAR STYLE RETAIL LTD,294.95,308.85,290.6,303.7,295.1,2.91,159475,48432559.45
2025-11-26,STYRENIX,EQ,INE189B01011,STYRENIX PERFORMANCE LTD,2039.9,2077.8,2039.9,2070.9,2035.5,1.74,22460,46512411.81
2025-11-26,SUBEXLTD,EQ,INE754A01055,SUBEX LTD,11.81,12.56,11.81,12.42,11.97,3.76,1266602,15731196.94
2025-11-26,SUBROS,EQ,INE287B01021,SUBROS LIMITED,848.3,863.0,835.6,850.4,837.1,1.59,97096,82570440.77
2025-11-26,SUDARCOLOR,EQ,INE492A01029,SUDARSHAN COLORNT IND LTD,469.9,472.8,458.05,462.5,469.9,-1.57,8727,4036237.5
2025-11-26,SUDARSCHEM,EQ,INE659A01023,SUDARSHAN CHEMICAL INDS L,1010.8,1046.0,1010.8,1033.5,1010.8,2.25,104100,107587350.0
2025-11-26,SUKHJITS,EQ,INE450E01029,SUKHJIT STARCH & CHEM LTD,149.0,151.89,145.99,149.3,147.2,1.43,17147,2560047.15
2025-11-26,SULA,EQ,INE142Q01026,SULA VINEYARDS LIMITED,232.25,238.15,232.05,236.55,232.8,1.61,197517,46722646.95
2025-11-26,SUMEETINDS,EQ,INE235C01036,SUMEET IND LIMITED,31.5,31.95,30.06,30.87,31.65,-2.46,220525,6807606.94
2025-11-26,SUMICHEM,EQ,INE258G01013,SUMITOMO CHEM INDIA LTD,449.15,457.45,448.4,456.25,451.1,1.14,121890,55612312.5
2025-11-26,SUMIT,EQ,INE748Z01013,SUMIT WOODS LIMITED,77.0,77.0,75.36,76.13,75.39,0.98,12340,939444.17
2025-11-26,SUMMITSEC,EQ,INE519C01017,SUMMIT SECURITIES LTD,2073.6,2099.0,2053.7,2078.7,2061.2,0.85,3343,6949093.94
2025-11-26,SUNCLAY,EQ,INE0Q3R01026,SUNDARAM CLAYTON LIMITED,1253.3,1270.0,1230.6,1249.2,1243.4,0.47,8670,10830563.58
2025-11-26,SUNDARAM,EQ,INE108E01023,SUNDARAM MULTI PAP LTD,1.85,1.87,1.8,1.81,1.82,-0.55,410112,742302.7
2025-11-26,SUNDARMFIN,EQ,INE660A01013,SUNDARAM FINANCE LTD,4765.0,4810.0,4705.0,4723.8,4764.1,-0.85,64583,305077162.79
2025-11-26,SUNDRMFAST,EQ,INE387A01021,SUNDRAM FASTENERS LTD,972.55,972.55,951.8,961.85,964.85,-0.31,59602,57328182.24
2025-11-26,SUNDROP,EQ,INE209A01019,SUNDROP BRANDS LIMITED,758.05,764.5,738.0,758.1,753.5,0.61,10346,7843302.35
2025-11-26,SUNFLAG,EQ,INE947A01014,SUNFLAG IRON AND STEEL CO,250.1,256.2,250.1,255.3,249.95,2.14,59990,15315447.18
2025-11-26,SUNPHARMA,EQ,INE044A01036,SUN PHARMACEUTICAL IND L,1775.5,1806.9,1773.6,1804.9,1776.8,1.58,1158948,2091785273.49
2025-11-26,SUNTECK,EQ,INE805D01034,SUNTECK REALTY LIMITED,420.2,429.5,418.5,428.15,419.55,2.05,76682,32831397.83
2025-11-26,SUNTV,EQ,INE424H01027,SUN TV NETWORK LIMITED,543.95,551.0,539.0,548.05,542.9,0.95,157509,86322805.53
2025-11-26,SUPERHOUSE,EQ,INE712B01010,SUPERHOUSE LIMITED,156.0,159.99,155.39,158.0,156.96,0.66,1318,208244.0
2025-11-26,SUPRAJIT,EQ,INE399C01030,SUPRAJIT ENGINEERING LTD,450.25,462.5,450.25,459.95,450.75,2.04,29740,13678913.36
2025-11-26,SUPREME,EQ,INE822E01011,SUPREME HOLDIN N HOSP I L,81.46,83.08,81.05,82.11,81.46,0.8,17505,1437335.56
2025-11-26,SUPREMEIND,EQ,INE195A01028,SUPREME INDUSTRIES LTD,3610.5,3610.5,3402.0,3463.9,3427.3,1.07,260828,903482083.73
2025-11-26,SUPREMEINF,EQ,INE550H01011,SUPREME INFRA. LTD.,95.51,96.99,90.73,90.75,95.51,-4.98,42225,3831918.75
2025-11-26,SUPRIYA,EQ,INE07RO01027,SUPRIYA LIFESCIENCE LTD,757.6,769.95,753.7,767.55,756.4,1.47,75401,57874036.63
2025-11-26,SURAJEST,EQ,INE843S01025,SURAJ ESTATE DEVELOPERS L,265.55,272.95,265.55,271.05,264.45,2.5,168271,45609852.5
2025-11-26,SURAJLTD,EQ,INE713C01016,SURAJ LIMITED,268.4,269.95,262.45,266.85,268.5,-0.61,1095,292200.76
2025-11-26,SURAKSHA,EQ,INE877V01027,SURAKSHA DIAGNOSTIC LTD,292.0,295.4,291.0,293.0,291.25,0.6,18096,5302128.0
2025-11-26,SURANASOL,EQ,INE272L01022,SURANA SOLAR LIMITED,28.51,29.33,28.51,29.13,28.83,1.04,36220,1055088.57
2025-11-26,SURANAT&P,EQ,INE130B01031,SURANA TELECOM AND POW LT,20.09,20.68,20.05,20.37,20.5,-0.63,86265,1757218.12
2025-11-26,SURYALAXMI,EQ,INE713B01026,SURYALAKSHMI COT MIL LTD,61.9,61.9,58.65,60.48,58.81,2.84,2528,152893.44
2025-11-26,SURYAROSNI,EQ,INE335A01020,SURYA ROSHNI LTD,267.0,271.95,263.35,264.9,265.15,-0.09,460980,122113599.19
2025-11-26,SURYODAY,EQ,INE428Q01011,SURYODAY SMALL FIN BK LTD,141.77,144.76,138.0,143.5,141.22,1.61,155417,22302339.5
2025-11-26,SUVEN,EQ,INE495B01038,SUVEN LIFE SCIENCES LTD,171.99,179.84,171.99,175.13,171.94,1.86,124900,21873737.61
2025-11-26,SUVIDHAA,EQ,INE018401013,SUVIDHAA INFOSERVE LTD,3.72,3.86,3.65,3.7,3.73,-0.8,91830,339771.0
2025-11-26,SUYOG,EQ,INE442P01014,SUYOG TELEMATICS LIMITED,655.5,686.75,653.55,659.55,651.95,1.17,19565,12904095.51
2025-11-26,SUZLON,EQ,INE040H01021,SUZLON ENERGY LIMITED,54.2,55.69,54.14,55.58,54.19,2.57,43866679,2438110099.14
2025-11-26,SVLL,EQ,INE00CE01017,SHREE VASU LOGISTICS LTD,710.0,721.9,681.0,703.95,701.1,0.41,322,226671.9
2025-11-26,SVPGLOB,EQ,INE308E01029,SVP GLOBAL TEXTILES LTD,5.16,5.7,5.16,5.7,4.75,20.0,1043213,5946313.9
2025-11-26,SWANCORP,EQ,INE665A01038,SWAN CORP LIMITED,446.85,449.45,435.6,438.75,445.55,-1.53,917144,402396930.0
2025-11-26,SWARAJENG,EQ,INE277A01016,SWARAJ ENGINES LTD,3625.0,3786.7,3617.7,3740.7,3627.1,3.13,14546,54412221.49
2025-11-26,SWELECTES,EQ,INE409B01013,SWELECT ENERGY SYS LTD,690.1,717.0,690.1,701.6,700.0,0.23,9019,6327730.18
2025-11-26,SWIGGY,EQ,INE00H001014,SWIGGY LIMITED,393.25,396.5,390.4,392.4,394.6,-0.56,2723100,1068544423.38
2025-11-26,SWSOLAR,EQ,INE00M201021,STRLNG & WIL REN ENE LTD,227.0,230.38,225.1,225.91,224.81,0.49,943472,213139762.98
2025-11-26,SYMPHONY,EQ,INE225D01027,SYMPHONY LIMITED,858.25,870.0,858.0,868.2,857.4,1.26,26606,23099329.52
2025-11-26,SYNCOMF,EQ,INE312C01025,SYNCOM FORMU (I) LTD,15.89,15.89,15.63,15.74,15.63,0.7,868164,13664901.16
2025-11-26,SYNGENE,EQ,INE398R01022,SYNGENE INTERNATIONAL LTD,641.75,649.0,641.2,646.85,642.05,0.75,171609,111005277.46
2025-11-26,SYRMA,EQ,INE0DYJ01015,SYRMA SGS TECHNOLOGY LTD,835.9,859.45,830.4,857.3,833.8,2.82,1216314,1042745977.35
2025-11-26,TAINWALCHM,EQ,INE123C01018,TAINWALA CHEMICAL AND PLA,192.73,199.0,192.08,195.57,192.73,1.47,2612,510828.86
2025-11-26,TAJGVK,EQ,INE586B01026,TAJ GVK HOTELS & RESORTS,396.3,405.55,396.0,403.35,396.3,1.78,63081,25443721.74
2025-11-26,TAKE,EQ,INE142I01023,TAKE LIMITED,30.95,32.1,30.7,30.88,30.67,0.68,5226942,161407964.57
2025-11-26,TALBROAUTO,EQ,INE187D01029,TALBROS AUTO. COMP. LTD,280.2,280.8,275.0,278.65,278.35,0.11,73568,20499722.75
2025-11-26,TANLA,EQ,INE483C01032,TANLA PLATFORMS LIMITED,559.85,576.85,559.0,571.0,557.95,2.34,293342,167498282.0
2025-11-26,TARACHAND,EQ,INE555Z01020,TARA CHAND INFRA SOLN LTD,76.0,78.5,76.0,77.84,76.66,1.54,71032,5529130.62
2025-11-26,TARAPUR,EQ,INE747K01017,TARAPUR TRANSFORMERS LTD,36.01,37.47,35.2,36.02,36.53,-1.4,54091,1948357.84
2025-11-26,TARC,EQ,INE0EK901012,TARC LIMITED,132.1,135.93,129.67,134.03,132.62,1.06,826187,110733842.6
2025-11-26,TARIL,EQ,INE763I01026,TRANS & RECTI. LTD,301.0,301.0,290.0,291.0,298.85,-2.63,3250649,945938859.0
2025-11-26,TARMAT,EQ,INE924H01018,TARMAT LIMITED,52.9,53.0,51.15,51.36,51.81,-0.87,16596,852370.57
2025-11-26,TARSONS,EQ,INE144Z01023,TARSONS PRODUCTS LIMITED,230.3,244.85,217.55,223.6,227.65,-1.78,6227882,1392554453.21
2025-11-26,TASTYBITE,EQ,INE488B01017,TASTY BITE EATABLES LTD,8355.5,8430.0,8350.0,8374.5,8348.0,0.32,626,5242437.0
2025-11-26,TATACAP,EQ,INE976I01016,TATA CAPITAL LIMITED,325.95,327.9,323.6,324.55,325.0,-0.14,2150276,697872049.55
2025-11-26,TATACHEM,EQ,INE092A01019,TATA CHEMICALS LTD,808.75,820.0,798.7,815.0,803.9,1.38,508429,414369635.0
2025-11-26,TATACOMM,EQ,INE151A01013,TATA COMMUNICATIONS LTD,1831.3,1860.4,1810.2,1851.0,1825.9,1.37,316546,585926646.0
2025-11-26,TATACONSUM,EQ,INE192A01025,TATA CONSUMER PRODUCT LTD,1150.0,1187.0,1150.0,1185.3,1177.7,0.65,713335,845516010.33
2025-11-26,TATAELXSI,EQ,INE670A01012,TATA ELXSI LIMITED,5174.5,5244.0,5125.0,5229.5,5164.0,1.27,169001,883790729.5
2025-11-26,TATAGOLD,EQ,INF277KA1976,TATAAML-TATAGOLD,12.16,12.24,12.16,12.22,12.12,0.83,27316014,333801698.37
2025-11-26,TATAINVEST,EQ,INE672A01026,TATA INVESTMENT CORP LTD,746.8,795.0,731.95,766.6,726.55,5.51,9297941,7127801343.6
2025-11-26,TATAPOWER,EQ,INE245A01021,TATA POWER CO LTD,380.5,392.0,380.3,391.5,380.0,3.03,4917525,1925211037.5
2025-11-26,TATASTEEL,EQ,INE081A01020,TATA STEEL LIMITED,167.0,169.95,166.9,169.67,166.33,2.01,15044796,2552650509.77
2025-11-26,TATATECH,EQ,INE142M01025,TATA TECHNOLOGIES LIMITED,671.7,686.05,670.25,683.3,669.5,2.06,650404,444421045.26
2025-11-26,TATSILV,EQ,INF277KA1984,TATAAML-TATSILV,15.32,15.45,15.32,15.43,15.18,1.65,23608040,364272064.4
2025-11-26,TATVA,EQ,INE0GK401011,TATVA CHIN PHARM CHEM LTD,1460.1,1469.0,1428.8,1451.5,1465.1,-0.93,63010,91459015.0
2025-11-26,TBOTEK,EQ,INE673O01025,TBO TEK LIMITED,1712.1,1723.2,1673.3,1687.2,1705.3,-1.06,222169,374843525.95
2025-11-26,TBZ,EQ,INE760L01018,TRIB BHIMJI ZAVERI LTD,171.11,175.0,171.11,172.8,170.94,1.09,146421,25301549.25
2025-11-26,TCI,EQ,INE688A01022,TRANSPORT CORPN OF INDIA,1095.2,1103.2,1086.1,1099.9,1095.3,0.42,14868,16353313.56
2025-11-26,TCIEXP,EQ,INE586V01016,TCI EXPRESS LIMITED,589.0,592.65,578.0,580.35,586.05,-0.97,27204,15787840.74
2025-11-26,TCIFINANCE,EQ,INE911B01018,TCI FINANCE LTD,11.39,11.39,10.61,11.15,11.18,-0.27,18064,201413.59
2025-11-26,TCPLPACK,EQ,INE822C01015,TCPL PACKAGING LIMITED,3106.0,3175.0,3100.9,3157.2,3139.9,0.55,2393,7555179.48
2025-11-26,TCS,EQ,INE467B01029,TATA CONSULTANCY SERV LT,3118.8,3178.0,3117.0,3162.9,3119.2,1.4,2508527,7934219803.33
2025-11-26,TDPOWERSYS,EQ,INE419M01035,TD POWER SYSTEMS LTD.,381.42,399.5,380.35,397.83,380.33,4.6,2782140,1106804879.46
2025-11-26,TEAMGTY,EQ,INE289C01025,TEAM INDIA GUARANTY LTD,257.0,267.3,257.0,259.0,262.6,-1.37,2170,562030.0
2025-11-26,TEAMLEASE,EQ,INE985S01024,TEAMLEASE SERVICES LTD.,1709.3,1728.5,1687.3,1707.0,1695.7,0.67,106854,182399778.0
2025-11-26,TECH,EQ,INF209KB11D8,BIRLASLAMC - TECH,39.76,40.05,39.58,40.0,39.44,1.42,48236,1929440.0
2025-11-26,TECHM,EQ,INE669C01036,TECH MAHINDRA LIMITED,1498.0,1522.7,1496.2,1520.4,1494.7,1.72,1592891,2421831515.29
2025-11-26,TECHNOE,EQ,INE285K01026,TECHNO ELEC & ENG CO. LTD,1177.9,1193.2,1163.0,1188.2,1166.3,1.88,95811,113842625.52
2025-11-26,TECILCHEM,EQ,INE014B01011,TECIL CHEMICALS,18.71,19.7,18.71,19.7,19.82,-0.61,1140,22458.0
2025-11-26,TEGA,EQ,INE011K01018,TEGA INDUSTRIES LIMITED,1897.0,1935.0,1880.0,1928.1,1884.2,2.33,107596,207455844.97
2025-11-26,TEJASNET,EQ,INE010J01012,TEJAS NETWORKS LIMITED,480.0,485.5,475.85,481.45,476.7,1.0,537318,258691757.66
2025-11-26,TEMBO,EQ,INE869Y01028,TEMBO GLOBAL IND LTD,75.94,76.79,74.14,75.29,75.68,-0.53,344260,25917615.36
2025-11-26,TENNIND,EQ,INE19RI01016,TENNECO CLEAN AIR INDIA L,504.0,513.0,482.0,490.75,501.15,-2.08,5022364,2464725133.0
2025-11-26,TERASOFT,EQ,INE482B01010,TERA SOFTWARE LIMITED,510.1,510.1,505.45,510.1,485.85,4.99,12162,6203836.27
2025-11-26,TEXINFRA,EQ,INE435C01024,TEXMACO INFRA & HOLDG LTD,101.71,103.1,100.89,102.79,101.71,1.06,80230,8246841.77
2025-11-26,TEXMOPIPES,EQ,INE141K01013,TEXMO PIPE & PRODUCTS LTD,50.99,50.99,49.66,50.35,50.05,0.6,18748,943961.77
2025-11-26,TEXRAIL,EQ,INE621L01012,TEXMACO RAIL & ENG. LTD.,128.0,129.4,127.5,128.7,127.82,0.69,517004,66538413.22
2025-11-26,TFCILTD,EQ,INE305A01023,TOURISM FINANCE CORP. OF,68.9,74.13,68.9,73.52,67.76,8.5,20664192,1519231326.47
2025-11-26,TFL,EQ,INE804H01012,TRANSWARRANTY FIN. LTD.,14.0,14.68,13.52,13.77,14.1,-2.34,25110,345764.71
2025-11-26,TGBHOTELS,EQ,INE797H01018,TGB BANQUETS&HOTELS LTD,10.98,10.98,10.36,10.61,10.65,-0.38,12487,132487.07
2025-11-26,THANGAMAYL,EQ,INE085J01014,THANGAMAYIL JEWELLERY LTD,3252.0,3351.4,3221.0,3251.2,3244.5,0.21,53668,174485398.98
2025-11-26,THEINVEST,EQ,INE924D01017,THE INVEST TRUST OF IND L,123.18,123.5,120.15,121.99,120.88,0.92,14784,1803500.13
2025-11-26,THEJO,EQ,INE121N01019,THEJO ENGINEERING LIMITED,1659.9,1710.2,1659.9,1704.8,1660.2,2.69,2660,4534768.13
2025-11-26,THELEELA,EQ,INE0AQ201015,LEELA PALACES HOTEL LTD,413.7,416.8,404.55,414.25,409.55,1.15,231642,95957698.5
2025-11-26,THEMISMED,EQ,INE083B01024,THEMIS MEDICARE LTD.,107.41,108.99,104.2,107.16,102.79,4.25,109622,11747093.92
2025-11-26,THERMAX,EQ,INE152A01029,THERMAX LTD,2934.0,2952.7,2876.0,2933.0,2882.8,1.74,88400,259277200.0
2025-11-26,THOMASCOOK,EQ,INE332A01027,THOMAS COOK (INDIA) LTD,151.54,151.9,148.0,150.3,151.04,-0.49,481946,72436485.27
2025-11-26,THOMASCOTT,EQ,INE480M01011,THOMAS SCOTT (INDIA) LTD,359.3,365.0,350.0,360.8,360.7,0.03,42102,15190401.09
2025-11-26,THYROCARE,EQ,INE594H01019,THYROCARE TECH LTD,503.47,507.4,491.87,498.57,497.73,0.17,550230,274326344.84
2025-11-26,TI,EQ,INE133E01013,TILAKNAGAR INDUSTRIES LTD,475.4,475.6,470.0,473.05,471.05,0.42,611302,289176403.64
2025-11-26,TIGERLOGS,EQ,INE906O01029,TIGER LOGISTICS (INDIA) L,38.02,39.43,38.02,38.93,38.04,2.34,88221,3434443.56
2025-11-26,TIIL,EQ,INE545H01011,TECHNOCRAFT IND LTD,2398.8,2471.9,2384.6,2462.0,2401.3,2.53,3098,7627276.0
2025-11-26,TIINDIA,EQ,INE974X01010,TUBE INVEST OF INDIA LTD,2880.0,2918.0,2872.1,2880.7,2879.7,0.03,357948,1031140786.12
2025-11-26,TIMETECHNO,EQ,INE508G01029,TIME TECHNOPLAST LTD.,201.1,207.0,198.1,202.7,199.93,1.39,2852917,578286267.19
2025-11-26,TIMKEN,EQ,INE325A01013,TIMKEN INDIA LTD.,3116.0,3145.0,3077.1,3137.5,3116.1,0.69,27627,86679712.5
2025-11-26,TINNARUBR,EQ,INE015C01016,TINNA RUBBER AND INFR LTD,839.0,842.4,828.15,840.4,819.45,2.56,11597,9746119.08
2025-11-26,TIPSFILMS,EQ,INE0LQS01015,TIPS FILMS LIMITED,381.4,396.95,380.1,386.7,381.4,1.39,2171,839525.73
2025-11-26,TIPSMUSIC,EQ,INE716B01029,TIPS MUSIC LIMITED,511.45,548.4,504.3,532.05,510.25,4.27,438573,233342759.3
2025-11-26,TIRUMALCHM,EQ,INE338A01024,THIRUMALAI CHEMICALS LTD,237.0,247.1,234.8,241.2,235.75,2.31,297199,71684397.89
2025-11-26,TITAGARH,EQ,INE615H01020,TITAGARH RAIL SYSTEMS LTD,839.0,851.0,834.0,847.95,837.1,1.3,479648,406717527.46
2025-11-26,TITAN,EQ,INE280A01028,TITAN COMPANY LIMITED,3845.0,3914.5,3843.5,3897.7,3855.1,1.11,364592,1421070220.6
2025-11-26,TMB,EQ,INE668A01016,TAMILNAD MERCA BANK LTD,507.95,515.9,503.65,511.1,505.45,1.12,137465,70258362.34
2025-11-26,TMCV,EQ,INE1TAE01010,TATA MOTORS LIMITED,320.0,325.5,317.75,324.05,317.85,1.95,9984230,3235389609.62
2025-11-26,TMPV,EQ,INE155A01022,TATA MOTORS PASS VEH LTD,354.45,362.85,354.3,359.25,352.45,1.93,13130211,4717028301.75
2025-11-26,TNIDETF,EQ,INF277KA1364,TATAAML - TNIDETF,97.9,98.2,97.0,98.12,97.42,0.72,41716,4093174.03
2025-11-26,TNPETRO,EQ,INE148A01019,TAMILNADU PETROPRODUCTS L,104.87,108.0,104.86,107.82,104.97,2.72,264342,28501354.36
2025-11-26,TNPL,EQ,INE107A01015,TAMILNADU NEWSPRT & PAPER,142.56,144.8,141.51,144.28,142.08,1.55,30690,4427953.16
2025-11-26,TNTELE,EQ,INE141D01018,TAMILNADU TELECOMMUNICATI,10.54,10.65,10.08,10.36,10.37,-0.1,21193,219559.47
2025-11-26,TOKYOPLAST,EQ,INE932C01012,TOKYO PLAST INTL LTD,123.4,123.4,119.23,120.09,118.8,1.09,1257,150953.13
2025-11-26,TOLINS,EQ,INE0RWQ01014,TOLINS TYRES LIMITED,146.35,151.19,145.81,150.09,146.17,2.68,127490,19134973.63
2025-11-26,TOP100CASE,EQ,INF0R8F01067,ZERODHAAMC - TOP100CASE,11.2,11.2,10.86,11.15,11.02,1.18,766863,8550522.16
2025-11-26,TOP10ADD,EQ,INF740KA1UR9,DSPAMC - TOP10ADD,100.35,101.53,100.11,101.48,100.4,1.08,262534,26641951.2
2025-11-26,TOP15IETF,EQ,INF109K1A344,ICICIPRAMC - TOP15IETF,11.08,11.08,11.08,11.08,10.95,1.11,0,0.0
2025-11-26,TORNTPHARM,EQ,INE685A01028,TORRENT PHARMACEUTICALS L,3730.0,3777.9,3730.0,3755.8,3745.2,0.28,107687,404450839.86
2025-11-26,TORNTPOWER,EQ,INE813H01021,TORRENT POWER LTD,1292.4,1318.8,1290.0,1316.1,1293.0,1.79,279558,367926276.97
2025-11-26,TOUCHWOOD,EQ,INE486Y01013,TOUCHWOOD ENTERTAIN LTD.,105.09,105.09,101.01,104.0,105.09,-1.04,1804,187616.0
2025-11-26,TPLPLASTEH,EQ,INE413G01022,TPL PLASTECH LIMITED,67.1,68.83,66.63,67.51,68.65,-1.66,62601,4226193.64
2025-11-26,TRACXN,EQ,INE0HMF01019,TRACXN TECHNOLOGIES LTD,46.41,46.56,46.1,46.23,46.41,-0.39,124371,5749671.27
2025-11-26,TRANSRAILL,EQ,INE454P01035,TRANSRAIL LIGHTING LTD,645.75,658.55,643.25,651.65,646.45,0.8,346924,226073033.07
2025-11-26,TRAVELFOOD,EQ,INE103V01028,TRAVEL FOOD SERVICES LTD,1358.0,1384.0,1346.4,1364.1,1358.0,0.45,45318,61818282.69
2025-11-26,TREEHOUSE,EQ,INE040M01013,TREE HOUSE EDU LTD,7.79,7.98,7.61,7.9,7.65,3.27,28909,228381.1
2025-11-26,TREJHARA,EQ,INE00CA01015,TREJHARA SOLUTIONS LTD,230.0,239.26,230.0,239.17,227.87,4.96,18964,4535619.85
2025-11-26,TREL,EQ,INE0O3901029,TRANSINDIA REAL ESTATE L,26.1,26.87,26.1,26.27,26.14,0.5,117375,3083441.3
2025-11-26,TRENT,EQ,INE849A01020,TRENT LTD,4246.5,4352.6,4246.5,4292.4,4243.9,1.14,804098,3451510176.67
2025-11-26,TRF,EQ,INE391D01019,TRF LIMITED,306.4,316.75,306.4,311.3,306.4,1.6,4978,1549651.34
2025-11-26,TRIDENT,EQ,INE064C01022,TRIDENT LIMITED,27.82,28.5,27.69,28.37,27.82,1.98,3753988,106500642.71
2025-11-26,TRIGYN,EQ,INE948A01012,TRIGYN TECHNOLOGIES LTD,70.81,72.0,69.76,70.58,70.46,0.17,28000,1976240.05
2025-11-26,TRITURBINE,EQ,INE152M01016,TRIVENI TURBINE LIMITED,544.95,544.95,537.65,541.85,538.9,0.55,213640,115760828.78
2025-11-26,TRIVENI,EQ,INE256C01024,TRIVENI ENGG. & INDS. LTD,356.55,359.0,353.75,356.5,355.2,0.37,143939,51314253.5
2025-11-26,TRU,EQ,INE615R01029,TRUCAP FINANCE LIMITED,9.05,9.23,8.82,8.87,9.17,-3.27,106148,941532.75
2025-11-26,TRUALT,EQ,INE0MWH01014,TRUALT BIOENERGY LIMITED,445.05,456.7,438.4,453.65,444.9,1.97,191192,86734249.63
2025-11-26,TSFINV,EQ,INE202Z01029,TSF INVESTMENTS LIMITED,526.0,546.35,526.0,532.95,527.0,1.13,68979,36762358.89
2025-11-26,TTKHLTCARE,EQ,INE910C01018,TTK HEALTHCARE LIMITED,1135.5,1135.5,1114.4,1123.2,1118.6,0.41,502,563846.38
2025-11-26,TTKPRESTIG,EQ,INE690A01028,TTK PRESTIGE LTD,660.0,666.95,658.2,660.7,660.8,-0.02,23479,15512575.59
2025-11-26,TTL,EQ,INE592B01024,T T LIMITED,9.58,9.75,9.21,9.41,9.41,0.0,183226,1724156.63
2025-11-26,TTML,EQ,INE517B01013,TATA TELESERV(MAHARASTRA),50.61,51.25,50.42,50.82,50.8,0.04,647027,32881911.94
2025-11-26,TVSELECT,EQ,INE236G01019,TVS ELECTRONICS LTD,556.85,569.55,552.05,564.05,551.35,2.3,149620,84393159.17
2025-11-26,TVSHLTD,EQ,INE105A01035,TVS HOLDINGS LIMITED,14688.0,14688.0,14518.0,14643.0,14517.0,0.87,1972,28875996.0
2025-11-26,TVSMOTOR,EQ,INE494B01023,TVS MOTOR COMPANY  LTD,3457.8,3543.4,3434.3,3538.6,3447.8,2.63,689565,2440094776.34
2025-11-26,TVSSCS,EQ,INE395N01027,TVS SUPPLY CHAIN SOL L,106.99,109.4,105.29,108.37,106.16,2.08,1169038,126688651.27
2025-11-26,TVSSRICHAK,EQ,INE421C01016,TVS SRICHAKRA LIMITED,4725.0,4730.3,4659.1,4676.0,4714.8,-0.82,5600,26185600.0
2025-11-26,TVTODAY,EQ,INE038F01029,TV TODAY NETWORK LTD,139.93,140.68,137.06,138.8,139.56,-0.54,49125,6818550.15
2025-11-26,UBL,EQ,INE686F01025,UNITED BREWERIES LTD,1705.0,1706.9,1676.6,1700.1,1699.2,0.05,409397,696015829.7
2025-11-26,UCOBANK,EQ,INE691A01018,UCO BANK,30.79,31.75,30.65,31.11,30.64,1.53,11251899,350046584.76
2025-11-26,UDS,EQ,INE851I01011,UPDATER SERVICES LIMITED,190.0,190.39,186.48,187.8,185.25,1.38,100169,18811738.51
2025-11-26,UEL,EQ,INE899L01030,UJAAS ENERGY LIMITED,119.55,119.55,119.55,119.55,119.55,0.0,0,0.0
2025-11-26,UFLEX,EQ,INE516A01017,UFLEX LIMITED,497.0,502.75,496.0,498.1,499.25,-0.23,10461,5210624.16
2025-11-26,UFO,EQ,INE527H01019,UFO MOVIEZ INDIA LTD.,81.11,84.25,80.61,81.83,81.26,0.7,212031,17350497.12
2025-11-26,UGARSUGAR,EQ,INE071E01023,THE UGAR SUGAR WORKS LTD,40.8,40.89,40.27,40.67,40.32,0.87,63003,2562331.89
2025-11-26,UGROCAP,EQ,INE583D01011,UGRO CAPITAL LIMITED,172.08,174.39,171.07,172.85,171.63,0.71,227940,39399430.39
2025-11-26,UJJIVANSFB,EQ,INE551W01018,UJJIVAN SMALL FINANC BANK,53.85,56.18,53.3,55.93,53.86,3.84,30085086,1682658869.16
2025-11-26,ULTRACEMCO,EQ,INE481G01011,ULTRATECH CEMENT LIMITED,11589.0,11773.0,11585.0,11759.0,11580.0,1.55,187481,2204589079.0
2025-11-26,UMESLTD,EQ,INE240C01028,USHA MARTIN EDU & SOL LTD,5.4,5.4,4.87,5.0,5.17,-3.29,83440,417200.0
2025-11-26,UMIYA-MRO,EQ,INE398B01018,UMIYA BUILDCON LIMITED,87.43,89.58,87.0,88.79,87.43,1.56,6393,567634.48
2025-11-26,UNICHEMLAB,EQ,INE351A01035,UNICHEM LABORATORIES LTD,472.95,480.95,466.05,469.3,471.5,-0.47,6143,2882909.83
2025-11-26,UNIDT,EQ,INE961D01019,UNITED DRILLING TOOLS LTD,200.8,200.8,195.31,197.09,197.27,-0.09,6938,1367410.39
2025-11-26,UNIECOM,EQ,INE00U401027,UNICOMMERCE ESOLUTIONS L,126.99,127.99,125.1,125.9,126.53,-0.5,161078,20279720.45
2025-11-26,UNIENTER,EQ,INE037A01022,UNIPHOS ENTERPRISES LTD,145.49,148.0,145.0,146.16,144.4,1.22,3768,550730.89
2025-11-26,UNIINFO,EQ,INE481Z01011,UNIINFO TELECOM SERVI LTD,16.6,17.59,16.6,17.0,17.01,-0.06,3417,58089.0
2025-11-26,UNIMECH,EQ,INE0U3I01011,UNIMECH AEROSPACE N MFG L,950.9,969.0,950.9,964.9,943.0,2.32,14654,14139644.96
2025-11-26,UNIONBANK,EQ,INE692A01016,UNION BANK OF INDIA,153.85,157.51,153.4,155.4,152.85,1.67,16804200,2611372577.44
2025-11-26,UNIPARTS,EQ,INE244O01017,UNIPARTS INDIA LIMITED,485.0,489.95,471.2,484.7,481.2,0.73,114758,55623204.0
2025-11-26,UNITDSPR,EQ,INE854D01024,UNITED SPIRITS LIMITED,1430.4,1463.5,1429.0,1459.5,1430.4,2.03,1283956,1873933782.0
2025-11-26,UNITECH,EQ,INE694A01020,UNITECH LTD,6.15,6.27,6.12,6.15,6.14,0.16,2088337,12843272.75
2025-11-26,UNITEDPOLY,EQ,INE368U01029,UNITED POLYFAB GUJ. LTD.,39.4,40.15,39.28,40.15,38.24,4.99,105026,4216794.06
2025-11-26,UNITEDTEA,EQ,INE458F01011,UNITED NILGIRI TEA LTD,442.25,446.95,438.0,440.2,442.2,-0.45,2664,1172692.83
2025-11-26,UNIVCABLES,EQ,INE279A01012,UNIVERSAL CABLES LTD,910.15,963.0,899.0,934.5,907.75,2.95,259093,242122408.5
2025-11-26,UNOMINDA,EQ,INE405E01023,UNO MINDA LIMITED,1285.3,1329.4,1274.9,1320.1,1285.3,2.71,1575851,2080280866.63
2025-11-26,UPL,EQ,INE628A01036,UPL LIMITED,750.15,763.35,746.6,760.6,749.7,1.45,1482487,1127579576.01
2025-11-26,URBANCO,EQ,INE0CAZ01013,URBAN COMPANY LIMITED,137.0,142.7,136.26,138.11,135.46,1.96,4435881,612639527.62
2025-11-26,URJA,EQ,INE550C01020,URJA GLOBAL LIMITED,12.29,12.36,12.21,12.29,12.27,0.16,752509,9248335.58
2025-11-26,USHAMART,EQ,INE228A01035,USHA MARTIN LTD.,412.55,428.1,412.55,425.55,412.55,3.15,305480,129997010.27
2025-11-26,USK,EQ,INE0N0Y01013,UDAYSHIVAKUMAR INFRA LTD,24.98,24.98,23.62,23.92,23.79,0.55,31346,749796.32
2025-11-26,UTIAMC,EQ,INE094J01016,UTI ASSET MNGMT CO LTD,1140.6,1157.0,1138.5,1155.8,1140.6,1.33,60876,70360483.77
2025-11-26,UTKARSHBNK,EQ,INE735W01017,UTKARSH SMALL FIN BANK L,16.4,16.78,16.02,16.53,16.08,2.8,16753314,276932291.92
2025-11-26,UTLSOLAR,EQ,INE12UR01024,FUJIYAMA POWER SYSTEMS L,222.0,222.0,209.12,211.03,220.61,-4.34,1409005,297342323.43
2025-11-26,UTTAMSUGAR,EQ,INE786F01031,UTTAM SUGAR MILLS LTD.,234.1,240.0,231.36,237.14,231.11,2.61,34197,8109476.56
2025-11-26,V2RETAIL,EQ,INE945H01021,V2 RETAIL LIMITED,240.27,251.0,240.27,249.25,240.27,3.74,1527130,380637152.5
2025-11-26,VADILALIND,EQ,INE694D01016,VADILAL INDUSTRIES LTD,5330.0,5414.5,5324.0,5392.0,5331.0,1.14,2534,13663328.0
2025-11-26,VAIBHAVGBL,EQ,INE884A01027,VAIBHAV GLOBAL LIMITED,239.3,240.5,234.55,237.4,236.75,0.27,345182,81946204.69
2025-11-26,VAISHALI,EQ,INE972X01022,VAISHALI PHARMA LIMITED,9.05,9.3,8.99,9.08,8.9,2.02,150669,1368074.51
2025-11-26,VAKRANGEE,EQ,INE051B01021,VAKRANGEE LIMITED,7.88,8.15,7.88,8.06,7.93,1.64,1179647,9507955.31
2025-11-26,VAL30IETF,EQ,INF109KC16X5,ICICIPRAMC - VAL30IETF,14.31,14.47,14.01,14.41,14.2,1.48,99304,1430970.62
2025-11-26,VARDMNPOLY,EQ,INE835A01029,VARDHMAN POLYTEX LTD.,6.59,7.72,6.59,6.68,6.57,1.67,625185,4176235.69
2025-11-26,VARROC,EQ,INE665L01035,VARROC ENGINEERING LTD.,665.9,674.0,657.25,660.05,659.85,0.03,289181,190873915.52
2025-11-26,VASCONEQ,EQ,INE893I01013,VASCON ENGINEERS LTD,49.7,50.58,49.36,49.61,49.58,0.06,1037894,51489921.97
2025-11-26,VASWANI,EQ,INE590L01019,VASWANI IND LTD,55.25,57.89,55.25,56.57,55.22,2.44,106952,6050274.61
2025-11-26,VBL,EQ,INE200M01039,VARUN BEVERAGES LIMITED,449.05,467.6,446.75,465.5,449.05,3.66,8934221,4158879875.5
2025-11-26,VEDL,EQ,INE205A01025,VEDANTA LIMITED,507.9,517.0,506.1,516.3,504.65,2.31,7777469,4015507149.76
2025-11-26,VEEDOL,EQ,INE484C01030,VEEDOL CORPORATION LTD,1629.7,1665.2,1623.3,1660.3,1628.1,1.98,4279,7104423.91
2025-11-26,VENKEYS,EQ,INE398A01010,VENKY S (INDIA) LIMITED,1348.8,1350.5,1334.0,1337.8,1340.3,-0.19,10917,14604763.13
2025-11-26,VENTIVE,EQ,INE781S01027,VENTIVE HOSPITALITY LTD,728.0,748.0,726.0,742.1,727.8,1.96,90804,67385646.18
2025-11-26,VENUSPIPES,EQ,INE0JA001018,VENUS PIPES & TUBES LTD,1279.4,1305.0,1275.0,1281.4,1279.3,0.16,36224,46417434.48
2025-11-26,VERANDA,EQ,INE0IQ001011,VERANDA LEARNING SOL LTD,208.99,210.2,203.1,205.7,205.03,0.33,101120,20800383.69
2025-11-26,VERTOZ,EQ,INE188Y01031,VERTOZ LIMITED,71.56,75.85,71.56,74.43,71.56,4.01,367891,27382127.24
2025-11-26,VESUVIUS,EQ,INE386A01023,VESUVIUS INDIA LTD,480.3,485.35,474.6,477.25,480.3,-0.64,30868,14731753.0
2025-11-26,VGL,EQ,INE273D01027,VARVEE GLOBAL LIMITED,76.5,76.5,70.8,72.51,74.15,-2.21,30122,2184146.28
2025-11-26,VGUARD,EQ,INE951I01027,V-GUARD IND LTD.,341.2,343.4,340.1,340.85,341.2,-0.1,106716,36374149.25
2025-11-26,VHL,EQ,INE701A01023,VARDHMAN HOLDINGS LIMITED,3551.1,3749.4,3551.1,3708.6,3649.0,1.63,471,1746750.65
2025-11-26,VIDHIING,EQ,INE632C01026,VIDHI SPCLTY F INGRDNTS L,359.3,373.05,359.3,364.45,369.25,-1.3,1830,666943.52
2025-11-26,VIJAYA,EQ,INE043W01024,VIJAYA DIAGNOSTIC CEN LTD,1017.0,1017.0,990.65,1006.6,1008.6,-0.2,242527,244127672.28
2025-11-26,VIKASECO,EQ,INE806A01020,VIKAS ECOTECH LIMITED,1.49,1.73,1.47,1.7,1.47,15.65,11766268,20002656.16
2025-11-26,VIKASLIFE,EQ,INE161L01027,VIKAS LIFECARE LIMITED,1.78,1.97,1.76,1.94,1.76,10.23,8562901,16612028.43
2025-11-26,VIKRAMSOLR,EQ,INE078V01014,VIKRAM SOLAR LIMITED,274.55,279.4,268.8,269.6,271.5,-0.7,2321895,625982906.17
2025-11-26,VIKRAN,EQ,INE01R501028,VIKRAN ENGINEERING LTD,109.0,109.7,107.5,107.94,108.51,-0.53,3600873,388678240.41
2025-11-26,VIMTALABS,EQ,INE579C01029,VIMTA LABS LIMITED,614.95,626.3,614.7,620.0,614.6,0.88,125208,77628960.0
2025-11-26,VINATIORGA,EQ,INE410B01037,VINATI ORGANICS LTD,1609.9,1610.5,1590.0,1599.3,1600.1,-0.05,14832,23720818.32
2025-11-26,VINCOFE,EQ,INE498Q01014,VINTAGE COFFEE N BVRGS L,160.69,164.0,159.01,163.39,159.78,2.26,3377159,551794006.95
2025-11-26,VINDHYATEL,EQ,INE707A01012,VINDHYA TELELINKS LTD,1528.5,1597.2,1510.4,1523.0,1512.7,0.68,14689,22371347.0
2025-11-26,VINEETLAB,EQ,INE505Y01010,VINEET LABORATORIES LTD,42.87,45.2,42.46,44.62,42.45,5.11,109941,4905567.3
2025-11-26,VINNY,EQ,INE01KI01027,VINNY OVERSEAS LIMITED,1.35,1.35,1.31,1.32,1.33,-0.75,297322,392465.06
2025-11-26,VINYLINDIA,EQ,INE250B01029,VINYL CHEMICALS (I) LTD.,253.9,260.0,253.2,255.35,250.45,1.96,5338,1363058.33
2025-11-26,VIPCLOTHNG,EQ,INE450G01024,VIP CLOTHING LIMITED,32.22,32.99,32.19,32.45,32.4,0.15,114741,3723345.54
2025-11-26,VIPIND,EQ,INE054A01027,VIP INDUSTRIES LTD,355.35,374.45,355.35,371.45,355.35,4.53,488908,181604882.57
2025-11-26,VIRINCHI,EQ,INE539B01017,VIRINCHI LIMITED,24.2,24.44,23.85,23.87,24.01,-0.58,66589,1589479.49
2025-11-26,VISACHROME,EQ,INE286H01012,VISA CHROME LIMITED,51.98,52.45,51.9,52.45,49.96,4.98,9948,521772.61
2025-11-26,VISAKAIND,EQ,INE392A01021,VISAKA INDUSTRIES LIMITED,68.5,69.29,67.8,68.35,68.18,0.25,68346,4671449.0
2025-11-26,VISHNU,EQ,INE270I01022,VISHNU CHEMICALS LIMITED,525.5,548.9,520.15,542.3,521.05,4.08,600514,325658734.87
2025-11-26,VISHWARAJ,EQ,INE430N01022,VISHWARAJ SUGAR IND LTD,6.94,7.09,6.94,6.98,6.94,0.58,357741,2497032.19
2025-11-26,VITAL,EQ,INE0L4K01016,VITAL CHEMTECH LIMITED,53.5,56.75,53.5,56.75,54.05,5.0,6000,340500.0
2025-11-26,VIVIANA,EQ,INE0MEG01014,VIVIANA POWER TECH LTD,885.0,895.0,858.0,863.55,891.9,-3.18,19600,16925579.76
2025-11-26,VIVIDHA,EQ,INE370E01029,VISAGAR POLYTEX LTD,0.75,0.75,0.72,0.73,0.73,0.0,433975,316801.76
2025-11-26,VIYASH,EQ,INE807F01027,VIYASH SCIENTIFIC LIMITED,223.09,225.0,217.99,219.28,221.96,-1.21,1071708,235004128.93
2025-11-26,VLEGOV,EQ,INE03HW01020,VL E GOV AND IT SOL LTD,22.8,23.74,22.2,23.74,22.61,5.0,316792,7520642.01
2025-11-26,VLSFINANCE,EQ,INE709A01018,VLS FINANCE LTD,300.35,306.4,300.35,303.6,300.3,1.1,74864,22728710.86
2025-11-26,VMART,EQ,INE665J01013,VMART RETAIL LTD,783.5,796.8,783.05,791.8,783.5,1.06,92066,72897857.68
2025-11-26,VMM,EQ,INE01EA01019,VISHAL MEGA MART LIMITED,133.4,136.36,132.49,135.0,133.93,0.8,9936324,1341403740.0
2025-11-26,VMSTMT,EQ,INE0SJA01013,VMS TMT LIMITED,61.9,63.24,60.9,61.59,61.26,0.54,193006,11887239.57
2025-11-26,VOLTAMP,EQ,INE540H01012,VOLTAMP TRANSFORMERS LTD,8148.0,8214.5,8025.0,8146.0,8072.0,0.92,22014,179326044.0
2025-11-26,VOLTAS,EQ,INE226A01021,VOLTAS LTD,1351.1,1392.5,1351.1,1387.0,1356.3,2.26,477248,661942976.0
2025-11-26,VPRPL,EQ,INE0AE001013,VISHNU PRAKASH R PUNGLI L,80.42,87.85,80.1,84.36,79.91,5.57,3455384,291496196.35
2025-11-26,VRAJ,EQ,INE0S2V01010,VRAJ IRON AND STEEL LTD,135.2,135.2,133.51,133.74,133.38,0.27,8798,1176644.57
2025-11-26,VRLLOG,EQ,INE366I01010,VRL LOGISTICS LIMITED,267.9,274.0,266.6,269.3,266.5,1.05,65397,17611411.3
2025-11-26,VSSL,EQ,INE050M01012,VARDHMAN SPC STEEL LTD,274.35,282.65,273.1,281.35,273.15,3.0,44075,12400501.52
2025-11-26,VSTIND,EQ,INE710A01016,VST INDUSTRIES LTD,248.65,252.2,248.65,249.85,248.6,0.5,68882,17210168.12
2025-11-26,VSTL,EQ,INE0QTF01015,VIBHOR STEEL TUBES LTD,132.4,135.25,132.4,133.49,132.33,0.88,5121,683602.32
2025-11-26,VSTTILLERS,EQ,INE764D01017,VST TILLERS TRACTORS LTD,5538.5,5575.0,5468.5,5516.5,5494.5,0.4,16466,90834689.0
2025-11-26,VTL,EQ,INE825A01020,VARDHMAN TEXTILES LIMITED,425.15,451.0,425.15,432.2,425.15,1.66,1279153,552849942.21
2025-11-26,WAAREEENER,EQ,INE377N01017,WAAREE ENERGIES LIMITED,3280.0,3306.2,3260.0,3286.2,3260.6,0.79,432231,1420397491.09
2025-11-26,WAAREEINDO,EQ,INE866K01023,INDOSOLAR LIMITED,529.05,529.05,529.05,529.05,529.05,0.0,0,0.0
2025-11-26,WAAREERTL,EQ,INE299N01021,WAAREE RENEWABLE TECH LTD,1055.9,1085.0,1055.6,1078.6,1052.2,2.51,308899,333178453.86
2025-11-26,WABAG,EQ,INE956G01038,VA TECH WABAG LTD,1399.1,1415.0,1388.0,1409.5,1395.5,1.0,106993,150806633.5
2025-11-26,WALCHANNAG,EQ,INE711A01022,WALCHANDNAGAR INDUSTRIES,157.0,162.8,156.5,161.68,155.91,3.7,228730,36981064.72
2025-11-26,WANBURY,EQ,INE107F01022,WANBURY LIMITED,233.05,239.9,229.3,239.4,232.7,2.88,53415,12787550.67
2025-11-26,WCIL,EQ,INE0CJF01024,WESTERN CARRIERS (IND) L,119.56,119.57,116.1,117.47,119.56,-1.75,229288,26934461.64
2025-11-26,WEALTH,EQ,INE658T01017,WEALTH FRST PORT. MG. LTD,1048.8,1048.8,1012.0,1041.5,1026.4,1.47,1466,1526839.0
2025-11-26,WEBELSOLAR,EQ,INE855C01023,WEBSOL ENERGY SYSTEM LTD,109.7,111.3,108.2,109.1,109.5,-0.37,1196786,130569350.77
2025-11-26,WEIZMANIND,EQ,INE080A01014,WEIZMANN LTD,105.0,106.69,104.51,104.99,104.12,0.84,619,64988.81
2025-11-26,WEL,EQ,INE02WG01024,WONDER ELECTRICALS LTD,179.98,182.76,174.85,175.77,178.08,-1.3,748340,131535725.0
2025-11-26,WELCORP,EQ,INE191B01025,WELSPUN CORP LIMITED,866.0,878.3,855.7,871.1,865.55,0.64,595671,518888993.56
2025-11-26,WELENT,EQ,INE625G01013,WELSPUN ENTERPRISES LTD.,535.3,541.0,531.1,534.3,533.9,0.07,194755,104057594.12
2025-11-26,WELSPUNLIV,EQ,INE192B01031,WELSPUN LIVING LIMITED,130.27,134.0,129.65,133.53,130.27,2.5,983698,131353192.74
2025-11-26,WENDT,EQ,INE274C01019,WENDT (INDIA) LIMITED,8075.0,8304.5,7999.5,8241.5,8030.0,2.63,8249,67984133.5
2025-11-26,WESTLIFE,EQ,INE274F01020,WESTLIFE FOODWORLD LTD,563.3,569.25,556.05,566.6,563.3,0.59,83809,47486177.35
2025-11-26,WEWIN,EQ,INE082W01014,WE WIN LIMITED,42.88,44.8,42.88,44.0,44.45,-1.01,1913,84172.0
2025-11-26,WEWORK,EQ,INE085001019,WEWORK INDIA MANAGEMENT L,592.1,608.95,592.1,605.95,594.25,1.97,124560,75477133.52
2025-11-26,WHEELS,EQ,INE715A01015,WHEELS INDIA LTD,847.2,862.7,847.2,855.3,847.8,0.88,21233,18160584.64
2025-11-26,WHIRLPOOL,EQ,INE716A01013,WHIRLPOOL OF INDIA LTD,1196.0,1209.8,1185.6,1200.9,1195.3,0.47,205071,246269768.91
2025-11-26,WILLAMAGOR,EQ,INE210A01017,WILLIAMSON MAGOR,32.59,32.92,31.55,32.16,31.95,0.66,3856,124008.96
2025-11-26,WINDLAS,EQ,INE0H5O01029,WINDLAS BIOTECH LIMITED,789.35,806.7,789.35,798.4,789.3,1.15,47955,38287273.17
2025-11-26,WINDMACHIN,EQ,INE052A01021,WINDSOR MACHINES LIMITED,275.4,281.3,271.15,277.0,275.4,0.58,51768,14339736.0
2025-11-26,WIPL,EQ,INE215F01023,THE WESTERN INDIA PLY LTD,165.83,165.83,161.0,161.27,165.82,-2.74,572,92246.44
2025-11-26,WIPRO,EQ,INE075A01022,WIPRO LTD,246.0,250.55,245.62,250.19,245.64,1.85,8202096,2052082418.26
2025-11-26,WOCKPHARMA,EQ,INE049B01025,WOCKHARDT LIMITED,1276.4,1287.1,1257.7,1278.8,1270.2,0.68,484555,619648957.66
2025-11-26,WONDERLA,EQ,INE066O01014,WONDERLA HOLIDAYS LTD.,570.2,572.0,555.75,558.5,572.05,-2.37,99204,55405434.0
2025-11-26,WORTHPERI,EQ,INE196Y01018,WORTH PERIPHERALS LIMITED,145.0,147.5,142.22,143.99,144.16,-0.12,15153,2181880.55
2025-11-26,WSI,EQ,INE100D01014,W.S.INDUSTRIES (I) LTD.,79.32,79.4,78.05,78.44,78.02,0.54,22052,1729758.93
2025-11-26,WSTCSTPAPR,EQ,INE976A01021,WEST COAST PAPER MILLS LT,418.0,420.4,412.0,416.6,417.1,-0.12,35581,14823044.82
2025-11-26,XCHANGING,EQ,INE692G01013,XCHANGING SOLUTIONS LTD,86.18,86.84,85.83,86.09,86.18,-0.1,53184,4578610.37
2025-11-26,XELPMOC,EQ,INE01P501012,XELPMOC DESIGN & TECH LTD,128.37,133.0,121.95,122.23,128.37,-4.78,38494,4705121.75
2025-11-26,XPROINDIA,EQ,INE445C01015,XPRO INDIA LIMITED,1005.2,1023.6,996.2,1022.1,1006.3,1.57,5538,5660389.66
2025-11-26,XTGLOBAL,EQ,INE547B01028,XTGLOBAL INFOTECH LIMITED,35.53,36.93,34.4,34.62,35.36,-2.09,30952,1071558.21
2025-11-26,YASHO,EQ,INE616Z01012,YASHO INDUSTRIES LIMITED,1614.9,1696.2,1594.9,1680.2,1596.8,5.22,10095,16961618.51
2025-11-26,YATHARTH,EQ,INE0JO301016,YATHARTH HOSP & TRA C S L,770.0,787.05,762.0,774.3,772.1,0.28,236706,183281452.91
2025-11-26,YATRA,EQ,INE0JR601024,YATRA ONLINE LIMITED,174.0,177.45,166.23,167.23,174.14,-3.97,2077172,347365464.69
2025-11-26,YESBANK,EQ,INE528G01035,YES BANK LIMITED,22.75,23.0,22.61,22.93,22.7,1.01,72030859,1651667618.85
2025-11-26,YUKEN,EQ,INE384C01016,YUKEN INDIA LIMITED,884.95,940.05,872.0,935.0,877.9,6.5,6301,5891435.0
2025-11-26,ZAGGLE,EQ,INE07K301024,ZAGGLE PREPA OCEAN SER L,380.4,388.0,375.5,385.85,379.5,1.67,606349,233959765.35
2025-11-26,ZEEL,EQ,INE256A01028,ZEE ENTERTAINMENT ENT LTD,97.35,98.1,97.3,97.83,97.01,0.85,4334251,424019783.27
2025-11-26,ZEELEARN,EQ,INE565L01011,ZEE LEARN LIMITED,7.55,7.78,7.32,7.4,7.54,-1.86,343834,2544371.63
2025-11-26,ZEEMEDIA,EQ,INE966H01019,ZEE MEDIA CORPORATION LTD,9.29,9.98,9.24,9.84,9.35,5.24,4935847,48568735.23
2025-11-26,ZENITHEXPO,EQ,INE058B01018,ZENITH EXPORTS LTD,248.0,251.0,233.66,247.84,240.37,3.11,838,207689.92
2025-11-26,ZENITHSTL,EQ,INE318D01020,ZENITH STEEL PIP IND LTD,7.8,7.95,7.7,7.83,7.8,0.38,43798,342938.34
2025-11-26,ZENSARTECH,EQ,INE520A01027,ZENSAR TECHNOLOGIES  LTD,723.0,737.5,715.65,735.3,716.15,2.67,656048,482392086.39
2025-11-26,ZENTEC,EQ,INE251B01027,ZEN TECHNOLOGIES LIMITED,1407.0,1444.7,1401.1,1406.8,1397.4,0.67,468904,659654170.1
2025-11-26,ZFCVINDIA,EQ,INE342J01019,ZF COM VE CTR SYS IND LTD,2141.67,2185.33,2129.17,2148.83,2131.17,0.83,566688,1217718017.88
2025-11-26,ZIMLAB,EQ,INE518E01015,ZIM LABORATORIES LIMITED,72.0,72.61,70.1,70.81,71.94,-1.57,56463,3998144.89
2025-11-26,ZODIAC,EQ,INE761Y01019,ZODIAC ENERGY LIMITED,349.0,351.0,344.95,346.4,338.2,2.42,9859,3415157.54
2025-11-26,ZODIACLOTH,EQ,INE206B01013,ZODIAC CLOTHING CO. LTD.,89.26,90.95,88.13,89.41,88.9,0.57,6993,625244.16
2025-11-26,ZOTA,EQ,INE358U01012,ZOTA HEALTH CARE LIMITED,1578.1,1608.9,1550.0,1554.4,1568.3,-0.89,44724,69518986.69
2025-11-26,ZUARI,EQ,INE840M01016,ZUARI AGRO CHEMICALS LTD,272.8,277.9,272.75,274.75,272.55,0.81,68768,18894008.0
2025-11-26,ZUARIIND,EQ,INE217A01012,ZUARI INDUSTRIES LIMITED,318.0,325.0,317.45,323.6,316.75,2.16,56999,18444876.75
2025-11-26,ZYDUSLIFE,EQ,INE010B01027,ZYDUS LIFESCIENCES LTD,934.95,943.85,932.05,940.55,928.5,1.3,972690,914863567.63
2025-11-26,ZYDUSWELL,EQ,INE768C01028,ZYDUS WELLNESS LIMITED,440.0,444.7,434.4,436.4,441.7,-1.2,109663,47856932.53
