date,symbol,series,isin,name,open,high,low,close,prev_close,chg_pct,volume,value
2026-02-23,3IINFOLTD,BE,INE748C01038,3I INFOTECH LIMITED,14.53,14.63,14.43,14.45,14.53,-0.55,516897,7469161.55
2026-02-23,AARTECH,BE,INE01C001026,AARTECH SOLONICS LIMITED,45.05,45.39,43.25,43.63,44.58,-2.13,62196,2713611.55
2026-02-23,AARTISURF,BE,INE09EO01013,AARTI SURFACTANTS LIMITED,418.5,418.5,405.05,405.95,418.5,-3.0,5586,2267636.77
2026-02-23,ABAN,BE,INE421A01028,ABAN OFFSHORE LTD.,20.62,20.99,19.8,20.25,20.42,-0.83,52305,1059176.25
2026-02-23,ABINFRA,BE,INE00YB01025,A B INFRABUILD LIMITED,23.56,23.56,20.26,20.82,21.68,-3.97,6125700,127537072.13
2026-02-23,ABMINTLLTD,BE,INE251C01025,ABM INTERNATIONAL LTD,44.65,44.65,42.88,43.72,43.77,-0.11,666,29117.52
2026-02-23,ACCURACY,BE,INE648Z01023,ACCURACY SHIPPING LIMITED,5.14,5.2,4.9,4.94,4.93,0.2,91739,453190.67
2026-02-23,AHLWEST,BE,INE915K01010,ASIAN HOTELS (WEST) LTD,144.15,144.15,144.15,144.15,144.15,0.0,0,0.0
2026-02-23,AKI,BE,INE642Z01026,AKI INDIA LIMITED,6.05,6.2,5.95,6.1,6.05,0.83,32232,196615.2
2026-02-23,AKSHARCHEM,BE,INE542B01011,AKSHARCHEM INDIA LIMITED,219.0,223.74,218.81,220.2,221.4,-0.54,168,36993.6
2026-02-23,AKSHOPTFBR,BE,INE523B01011,AKSH OPTIFIBRE  LTD,5.09,5.09,4.71,4.8,5.04,-4.76,262927,1262049.65
2026-02-23,ALPHAGEO,BE,INE137C01018,ALPHAGEO (INDIA) LIMITED,208.81,212.0,201.75,203.22,207.22,-1.93,4569,928512.19
2026-02-23,AMANTA,BE,INE084K01015,AMANTA HEALTHCARE LIMITED,107.38,107.38,103.25,104.34,105.46,-1.06,23017,2401593.7
2026-02-23,AMDIND,BE,INE005I01014,AMD INDUSTRIES LIMITED,43.11,43.11,41.25,41.94,43.11,-2.71,7105,297983.69
2026-02-23,ANMOL,BE,INE02AR01019,ANMOL INDIA LIMITED,11.9,12.24,11.56,12.17,12.02,1.25,22592,274944.64
2026-02-23,APTECHT,BE,INE266F01018,APTECH LIMITED,93.1,93.6,91.17,91.57,92.95,-1.48,87382,8001569.71
2026-02-23,ARIES,BE,INE298I01015,ARIES AGRO LTD.,344.9,350.65,337.0,340.55,343.8,-0.95,19534,6652303.46
2026-02-23,ASAHISONG,BE,INE228I01012,ASAHI SONGWON COLOR LTD,219.33,229.0,216.81,224.61,219.33,2.41,7160,1608207.6
2026-02-23,ASMS,BE,INE855F01042,AVIO SMART MRKT STACK LTD,11.35,11.35,10.8,10.94,10.97,-0.27,1111794,12163025.89
2026-02-23,AVG,BE,INE680Z01018,AVG LOGISTICS LIMITED,138.8,138.8,131.2,132.01,137.16,-3.75,23490,3100914.77
2026-02-23,BAFNAPH,BE,INE878I01022,BAFNA PHARMACEUTICALS LTD,113.08,113.08,111.0,111.72,112.75,-0.91,1085,121216.2
2026-02-23,BASML,BE,INE186H01022,BANNARI AM SPIN MILL LTD.,24.95,24.95,23.5,23.72,24.37,-2.67,66628,1580416.11
2026-02-23,BGRENERGY,BE,INE661I01014,BGR ENERGY SYSTEMS LTD,338.0,338.0,329.85,330.75,329.85,0.27,48680,16100910.0
2026-02-23,BHAGERIA,BE,INE354C01027,BHAGERIA INDUSTRIES LTD,157.2,158.7,156.0,157.15,157.18,-0.02,15679,2463954.75
2026-02-23,BHARATGEAR,BE,INE561C01019,BHARAT GEARS LTD,115.9,115.9,109.5,110.29,112.3,-1.79,28378,3129809.65
2026-02-23,BILVYAPAR,BE,INE071A01013,BIL VYAPAR LIMITED,6.6,6.95,6.6,6.79,6.63,2.41,12183,82722.57
2026-02-23,BLISSGVS,BE,INE416D01022,BLISS GVS PHARMA LTD,225.0,226.79,218.5,225.07,223.26,0.81,1133629,255145887.33
2026-02-23,BURNPUR,BE,INE817H01022,BURNPUR CEMENT LIMITED,33.0,33.0,33.0,33.0,33.0,0.0,0,0.0
2026-02-23,BYKE,BE,INE319B01014,THE BYKE HOSPITALITY LTD,49.0,49.0,46.57,47.08,48.28,-2.49,35687,1680144.03
2026-02-23,CALSOFT,BE,INE526B01014,CALIFORNIA SOFTWARE CO LT,14.05,14.62,13.68,13.98,14.31,-2.31,22383,312914.33
2026-02-23,CAPTRUST,BE,INE707C01018,CAPITAL TRUST LIMITED,13.1,13.87,13.01,13.33,13.21,0.91,36643,488451.19
2026-02-23,CHEMBONDCH,BE,INE0TGX01019,CHEMBOND CHEMICAL LIMITED,157.99,159.18,149.15,152.31,154.86,-1.65,8844,1347029.62
2026-02-23,CHEMCON,BE,INE03YM01018,CHEMCON SPECIAL CHEM LTD,170.9,171.99,164.71,167.19,169.73,-1.5,31319,5236223.69
2026-02-23,CONSOFINVT,BE,INE025A01027,CONSO. FIN. & HOLD. LTD.,242.92,243.17,239.4,240.0,240.0,0.0,40106,9625440.0
2026-02-23,COUNCODOS,BE,INE695B01025,COUNTRY CONDO S LIMITED,5.14,6.14,5.04,5.42,5.12,5.86,140103,759358.27
2026-02-23,CTE,BE,INE627H01017,CAMBRIDGE TECH ENTER LTD,32.1,33.48,31.51,32.32,33.02,-2.12,23384,755770.87
2026-02-23,CURAA,BE,INE117B01020,CURA TECHNOLOGIES LIMITED,85.68,84.45,84.0,84.0,84.0,0.0,97,8148.0
2026-02-23,CYBERMEDIA,BE,INE278G01037,CYBER MEDIA (INDIA) LTD.,14.71,15.48,14.71,14.93,15.49,-3.62,2623,39161.39
2026-02-23,CYBERTECH,BE,INE214A01019,CYBERTECH SYSTEMS & SOFTW,122.2,123.87,118.0,118.39,122.11,-3.05,59968,7099611.48
2026-02-23,DAMODARIND,BE,INE497D01022,DAMODAR INDUSTRIES LTD,25.49,26.0,25.0,25.13,25.09,0.16,5848,146960.24
2026-02-23,DBSTOCKBRO,BE,INE921B01025,DB (INT) STOCK BROKERS,25.25,25.6,25.03,25.54,25.17,1.47,3361,85839.94
2026-02-23,DELPHIFX,BE,INE726L01027,DELPHI WORLD MONEY LTD,13.26,13.53,12.6,12.84,12.81,0.23,1415883,18179937.94
2026-02-23,DIACABS,BE,INE989C01038,DIAMOND POWER INFRA LTD,135.05,144.8,134.05,134.84,135.3,-0.34,3002648,404877045.32
2026-02-23,DIGJAMLMTD,BE,INE731U01028,DIGJAM LTD,42.13,46.5,42.13,44.79,44.21,1.31,5971,267441.1
2026-02-23,DPSCLTD,BE,INE360C01024,DPSC LIMITED,9.66,9.66,9.45,9.58,9.31,2.9,70654,676865.31
2026-02-23,DPWIRES,BE,INE864X01013,D P WIRES LIMITED,166.9,166.9,156.1,158.02,162.23,-2.6,19928,3149022.65
2026-02-23,DSFCL,BE,INE0OFM01015,DCM SHRIRAM FINE CHEM LTD,39.16,39.16,39.16,39.16,41.22,-5.0,52381,2051239.95
2026-02-23,DSKULKARNI,BE,INE891A01022,DS KULKARNI DEVELOPERS L,13.55,13.55,13.55,13.55,13.55,0.0,0,0.0
2026-02-23,DTIL,BE,INE341R01014,DHUNSERI TEA & IND. LTD.,142.98,142.98,138.5,139.27,139.08,0.14,1985,276450.96
2026-02-23,E2E,BE,INE255Z01027,E2E NETWORKS LIMITED,291.4,291.4,254.0,256.95,287.86,-10.74,7132550,1832708809.57
2026-02-23,EASTSILK,BE,INE962C01035,EASTERN SILK INDUSTRIES L,67.2,67.21,60.81,67.21,64.01,5.0,7059,474435.38
2026-02-23,EIFFL,BE,INE546V01010,EURO (I) FRESH FOODS LTD,230.1,243.05,230.1,240.55,234.2,2.71,9309,2239279.98
2026-02-23,EMAMIPAP,BE,INE830C01026,EMAMI PAPER MILLS LIMITED,86.31,87.99,86.0,86.34,86.44,-0.12,7330,632872.17
2026-02-23,EMMBI,BE,INE753K01015,EMMBI INDUSTRIES LIMITED,92.01,92.62,88.51,90.42,90.73,-0.34,8835,798860.68
2026-02-23,EQUIPPP,BE,INE217G01035,EQUIPPP SOC IMP TECH LTD,17.89,17.89,17.0,17.5,17.69,-1.07,12464,218120.0
2026-02-23,ESAFSFB,BE,INE818W01011,ESAF SMALL FINANCE BANK L,27.29,27.94,27.15,27.25,27.47,-0.8,185502,5054929.5
2026-02-23,EUROTEXIND,BE,INE022C01012,EUROTEX IND & EXPORTS LTD,12.36,12.36,12.36,12.36,12.36,0.0,43,531.48
2026-02-23,EVERESTIND,BE,INE295A01018,EVEREST INDUSTRIES LTD,396.25,408.4,386.25,390.75,396.25,-1.39,7128,2785266.0
2026-02-23,FAIRCHEMOR,BE,INE0DNW01011,FAIRCHEM ORGANICS LIMITED,588.0,602.35,580.05,584.4,592.25,-1.33,11970,6995268.29
2026-02-23,FLEXITUFF,BE,INE060J01017,FLEXITUFF VENTURES INT L,10.27,10.98,9.87,10.0,10.27,-2.63,30587,305870.0
2026-02-23,FOCUS,BE,INE593W01028,FOCUS LIGHTG & FIXTRS LTD,64.51,65.5,64.05,64.44,64.19,0.39,36166,2330537.13
2026-02-23,GANESHBE,BE,INE388A01029,GANESH BENZOPLAST LIMITED,88.5,91.49,87.25,87.74,88.5,-0.86,340486,29874240.91
2026-02-23,GATECH,BE,INE224E01028,GACM TECHNOLOGIES LIMITED,0.51,0.51,0.47,0.48,0.5,-4.0,6923773,3323410.97
2026-02-23,GATECHDVR,BE,INE224E01036,GACM TECHNOLOGIES LIMITED,0.49,0.49,0.46,0.46,0.48,-4.17,434055,199665.3
2026-02-23,GEECEE,BE,INE916G01016,GEECEE VENTURES LIMITED,292.15,295.75,289.0,290.2,292.15,-0.67,2182,633216.43
2026-02-23,GFSTEELS,BE,INE534A01028,GRAND FOUNDRY LTD,11.78,11.78,11.78,11.78,11.78,0.0,11970,141006.6
2026-02-23,GICL,BE,INE947T01022,GLOBE INTL CARRIERS LTD,52.4,52.4,49.5,50.0,50.55,-1.09,138945,6947250.0
2026-02-23,GINNIFILA,BE,INE424C01010,GINNIFILAMENTS LTD.,39.09,40.0,38.33,39.77,39.09,1.74,28195,1121315.16
2026-02-23,GOLDTECH,BE,INE805A01014,AION-TECH SOLUTIONS LTD,42.69,42.69,40.0,40.34,41.31,-2.35,29435,1187407.9
2026-02-23,GULFPETRO,BE,INE586G01017,GP PETROLEUMS LIMITED,33.0,34.29,32.51,32.81,33.01,-0.61,25775,845677.79
2026-02-23,GVKPIL,BE,INE251H01024,GVK POW. & INFRA LTD.,2.97,2.99,2.92,2.97,2.97,0.0,832703,2473127.93
2026-02-23,GVPTECH,BE,INE382T01030,GVP INFOTECH LIMITED,6.95,7.4,6.95,7.35,6.94,5.91,57801,424837.34
2026-02-23,HEG,BE,INE545A01024,HEG LIMITED,557.0,563.5,548.75,554.65,556.45,-0.32,1046507,580445133.1
2026-02-23,HFCL,BE,INE548A01028,HFCL LIMITED,71.66,72.34,69.12,69.69,71.31,-2.27,12747887,888400276.15
2026-02-23,HITECHCORP,BE,INE120D01012,HITECH CORPORATION LTD,152.0,156.0,146.0,148.9,152.88,-2.6,7193,1071037.66
2026-02-23,HITECHGEAR,BE,INE127B01011,THE HI-TECH GEARS LIMITED,694.05,694.05,641.7,644.05,675.45,-4.65,3210,2067400.46
2026-02-23,HMVL,BE,INE871K01015,HINDUSTAN MEDIA VENT LTD,72.9,72.9,68.51,70.54,70.69,-0.21,2650,186931.0
2026-02-23,HYBRIDFIN,BE,INE965B01022,HYBRID FINANCIAL SERVICE,18.33,19.88,18.0,19.54,18.42,6.08,10093,197217.23
2026-02-23,ICDSLTD,BE,INE613B01010,ICDSLTD,47.5,47.5,42.12,42.75,44.0,-2.84,701,29967.75
2026-02-23,INDOAMIN,BE,INE760F01028,INDO AMINES LIMITED,114.25,114.49,112.7,112.86,113.53,-0.59,12865,1451943.91
2026-02-23,IVP,BE,INE043C01018,IVP LIMITED,140.93,142.48,138.68,140.05,138.49,1.13,4902,686525.11
2026-02-23,KALYANIFRG,BE,INE314G01014,KALYANI FORGE LIMITED,650.75,650.85,630.0,638.8,650.75,-1.84,1438,918594.38
2026-02-23,KAMDHENU,BE,INE390H01020,KAMDHENU LIMITED,21.51,21.85,21.04,21.29,21.51,-1.02,719846,15325522.0
2026-02-23,KANORICHEM,BE,INE138C01024,KANORIACHEMICALS-,74.2,75.33,73.22,74.12,74.79,-0.9,3453,255936.37
2026-02-23,KAUSHALYA,BE,INE234I01028,KAUSHALYA INFRA DEV LTD.,842.9,860.0,820.0,854.0,842.85,1.32,216,184464.0
2026-02-23,KAVDEFENCE,BE,INE641C01019,KAVVERI DFS & WIR TEC LTD,69.7,69.7,65.0,65.61,66.94,-1.99,176701,11593352.72
2026-02-23,KAYA,BE,INE587G01015,KAYA LIMITED,325.0,333.4,321.05,324.75,330.2,-1.65,2790,906052.5
2026-02-23,KCPSUGIND,BE,INE790B01024,KCPSUGARINDUS,22.6,22.6,21.75,22.19,22.48,-1.29,217662,4829919.9
2026-02-23,KESORAMIND,BE,INE087A01019,KESORAM INDUSTRIES LTD,9.41,9.41,9.0,9.03,9.41,-4.04,643180,5807915.23
2026-02-23,KHADIM,BE,INE834I01025,KHADIM INDIA LIMITED,140.2,140.2,134.36,136.79,138.99,-1.58,31764,4344997.35
2026-02-23,KILITCH,BE,INE729D01010,KILITCH DRUGS INDIA LTD,156.0,165.5,156.0,162.15,156.93,3.33,42344,6866079.34
2026-02-23,KOTARISUG,BE,INE419A01022,KOTHARI SUG & CHEM LTD.,25.81,25.81,24.3,24.69,25.24,-2.18,28780,710578.22
2026-02-23,KOTYARK,BE,INE0J0B01017,KOTYARK INDUSTRIES LTD,22.36,22.95,21.65,21.78,21.4,1.78,93500,2036600.02
2026-02-23,KRONOX,BE,INE0ATZ01017,KRONOX LAB SCIENCES LTD,122.0,122.0,118.79,119.31,119.88,-0.48,27372,3265753.25
2026-02-23,KSR,BE,INE1SPP01016,KSR FOOTWEAR LIMITED,30.8,32.18,30.2,30.99,30.89,0.32,17588,545052.12
2026-02-23,LANCORHOL,BE,INE572G01025,LANCOR HOLDINGS LIMITED,26.98,27.65,26.3,26.67,26.98,-1.15,7735,206292.45
2026-02-23,LOTUSDEV,BE,INE0V9Q01010,SRI LOTUS DEVLPRS N RTY L,143.95,153.0,143.94,145.84,139.89,4.25,3259910,475425262.46
2026-02-23,LYKALABS,BE,INE933A01014,LYKA LABS LTD.,63.4,64.0,62.1,62.23,62.9,-1.07,32486,2021603.77
2026-02-23,MADHUCON,BE,INE378D01032,MADHUCON PROJECTS LTD.,5.32,5.32,4.87,4.87,5.12,-4.88,35589,173318.43
2026-02-23,MAHASTEEL,BE,INE451L01014,MAHAMAYA STEEL INDS LTD,774.95,774.95,722.5,753.7,746.3,0.99,2293,1728234.13
2026-02-23,MANAKSTEEL,BE,INE824Q01011,MANAKSIA STEELS LTD,61.01,61.01,58.0,58.46,59.94,-2.47,15270,892684.19
2026-02-23,MAZDA,BE,INE885E01042,MAZDA LIMITED,209.25,210.88,202.1,203.61,208.29,-2.25,18723,3812190.04
2026-02-23,MBECL,BE,INE748A01024,MCNALLY BHARAT ENGIN CO L,65.4,65.4,65.4,65.4,65.4,0.0,0,0.0
2026-02-23,MEDICAMEQ,BE,INE646B01010,MEDICAMEN BIOTECH LIMITED,316.0,317.35,299.0,302.3,316.1,-4.37,27455,8299646.16
2026-02-23,MENONBE,BE,INE071D01033,MENON BEARINGS LIMITED,119.32,122.61,117.2,119.01,119.32,-0.26,34860,4148688.67
2026-02-23,MHLXMIRU,BE,INE112D01035,MAHALAXMI RUBTECH LIMITED,193.0,195.6,186.18,188.7,192.11,-1.78,2117,399477.89
2026-02-23,MICEL,BE,INE287C01037,MIC ELECTRONICS LTD,41.0,42.23,39.89,40.94,40.65,0.71,2694572,110315773.98
2026-02-23,MODISONLTD,BE,INE737D01021,MODISON LIMITED,146.0,146.0,138.0,139.28,142.16,-2.03,43564,6067593.87
2026-02-23,MOLDTECH,BE,INE835B01035,MOLD-TEK TECHNOLOGIES LTD,137.5,137.5,131.5,132.53,134.16,-1.21,31700,4201200.96
2026-02-23,MTARTECH,BE,INE864I01014,MTAR TECHNOLOGIES LIMITED,3675.9,3752.0,3650.0,3725.8,3657.6,1.86,263558,981964409.27
2026-02-23,MTEDUCARE,BE,INE472M01018,MT EDUCARE LTD,1.48,1.5,1.41,1.45,1.48,-2.03,16420,23809.0
2026-02-23,MUKKA,BE,INE0CG401037,MUKKA PROTEINS LIMITED,23.85,23.99,22.94,23.04,23.51,-2.0,277988,6404843.77
2026-02-23,MUKTAARTS,BE,INE374B01019,MUKTA ARTS LIMITED,61.45,61.45,55.32,56.04,57.72,-2.91,4661,261202.44
2026-02-23,NATCAPSUQ,BE,INE936B01015,NATURAL CAPSULES LIMITED,155.0,164.5,155.0,162.1,158.01,2.59,6521,1057054.14
2026-02-23,NAVKARURB,BE,INE268H01044,NAVKAR URBANSTRUCTURE LTD,1.38,1.38,1.38,1.38,1.32,4.55,739451,1020442.38
2026-02-23,NECCLTD,BE,INE553C01016,NORTH EAST CARRY CORP LTD,14.95,14.95,14.4,14.49,14.5,-0.07,39611,573963.38
2026-02-23,NEUEON,BE,INE333I01044,NEUEON CORPORATION LTD,10.8,10.8,10.8,10.8,10.29,4.96,9963,107600.4
2026-02-23,NIRAJISPAT,BE,INE326T01011,NIRAJ ISPAT IND LTD,308.31,308.31,308.22,308.22,324.44,-5.0,120,36986.4
2026-02-23,NRL,BE,INE0JM501013,NUPUR RECYCLERS LIMITED,52.4,53.57,52.11,52.5,53.46,-1.8,59053,3100282.5
2026-02-23,NURECA,BE,INE0DSF01015,NURECA LIMITED,286.1,296.8,286.05,288.9,291.8,-0.99,7076,2044256.36
2026-02-23,OCCLLTD,BE,INE0PK601023,OCCL LIMITED,91.25,92.97,88.91,90.25,91.37,-1.23,28614,2582413.5
2026-02-23,OILCOUNTUB,BE,INE591A01010,OIL COUNTRY TUBULAR LTD.,49.6,49.6,48.0,48.27,49.6,-2.68,17551,847186.78
2026-02-23,OMFREIGHT,BE,INE1BZC01019,OM FREIGHT FORWARDERS LTD,87.34,89.07,87.34,87.89,89.07,-1.32,22501,1977612.88
2026-02-23,ONELIFECAP,BE,INE912L01015,ONELIFE CAP ADVISORS LTD,16.7,16.7,15.66,16.52,16.3,1.35,111781,1846622.17
2026-02-23,ONMOBILE,BE,INE809I01019,ONMOBILE GLOBAL LTD.,51.5,51.96,50.51,51.39,51.46,-0.14,113414,5828345.39
2026-02-23,ORBTEXP,BE,INE231G01010,ORBIT EXPORTS LIMITED,182.5,183.97,178.16,180.48,183.08,-1.42,3766,679687.66
2026-02-23,ORIENTLTD,BE,INE609C01024,ORIENT PRESS LIMITED,60.11,63.88,60.05,63.05,60.26,4.63,4444,280194.2
2026-02-23,OSIAHYPER,BE,INE06IR01021,OSIA HYPER RETAIL LIMITED,11.52,11.52,10.44,10.44,10.98,-4.92,2906580,30344693.98
2026-02-23,PANACHE,BE,INE895W01019,PANACHE DIGILIFE LIMITED,347.0,349.0,331.3,337.6,341.3,-1.08,15708,5303020.9
2026-02-23,PAR,BE,INE04LG01015,PAR DRUGS AND CHEM LTD,97.0,99.99,97.0,97.13,98.11,-1.0,3668,356272.83
2026-02-23,PARSVNATH,BE,INE561H01026,PARSVNATH DEVELOPER LTD,7.25,7.39,6.98,7.02,7.19,-2.36,711255,4993010.09
2026-02-23,PATINTLOG,BE,INE529D01014,PATEL INT. LOG. LTD,11.0,11.19,10.27,10.4,10.91,-4.67,212830,2213431.92
2026-02-23,PKTEA,BE,INE431F01018,THE P K TEA PROD CO LTD,799.5,799.5,790.0,790.0,773.3,2.16,22,17380.0
2026-02-23,PPAP,BE,INE095I01015,PPAP AUTOMOTIVE LIMITED,224.0,224.0,217.47,219.01,217.47,0.71,10018,2194042.12
2026-02-23,PPL,BE,INE050001010,PRAKASH PIPES LIMITED,206.24,211.39,205.0,207.56,206.24,0.64,51520,10693491.07
2026-02-23,PREMIER,BE,INE342A01018,PREMIER LIMITED,2.88,3.03,2.81,3.01,2.91,3.44,14516,43693.16
2026-02-23,PRITIKAUTO,BE,INE583R01029,PRITIKA AUTO INDUS LTD,14.15,14.15,13.42,13.66,13.53,0.96,80726,1102717.15
2026-02-23,PRUDMOULI,BE,INE024D01016,PRUDENTIAL SUGAR CORPORAT,17.1,17.1,15.46,16.41,17.17,-4.43,15931,261427.71
2026-02-23,QMSMEDI,BE,INE0FMW01018,QMS MEDICAL ALLIED S LTD,87.6,87.6,87.6,87.6,87.65,-0.06,4000,350399.99
2026-02-23,RADHIKAJWE,BE,INE583V01021,RADHIKA JEWELTECH LIMITED,68.05,69.2,66.2,66.88,68.18,-1.91,186361,12463823.17
2026-02-23,RAJOOENG,BE,INE535F01024,RAJOO ENGINEERS LIMITED,63.3,64.04,61.8,62.13,63.07,-1.49,395443,24568874.01
2026-02-23,RAJRILTD,BE,INE533D01032,RAJ RAYON INDUSTRIES LTD,22.94,22.94,22.94,22.94,23.4,-1.97,3658,83914.52
2026-02-23,RAMASTEEL,BE,INE230R01035,RAMA STEEL TUBES LIMITED,7.43,7.9,7.4,7.43,7.43,0.0,13274865,98632244.67
2026-02-23,RBZJEWEL,BE,INE0PEQ01016,RBZ JEWELLERS LIMITED,133.1,133.5,126.0,127.28,130.97,-2.82,132914,16917293.76
2026-02-23,RCOM,BE,INE330H01018,RELIANCE COMMUNICATIONS L,1.02,1.02,0.96,0.96,1.01,-4.95,10776646,10345579.93
2026-02-23,RELINFRA,BE,INE036A01016,RELIANCE INFRASTRUCTU LTD,103.8,104.0,98.62,98.77,103.81,-4.86,1521769,150305119.02
2026-02-23,REPL,BE,INE364Z01019,RUDRABHISHEK ENTERP LTD,90.3,94.0,89.0,89.84,91.12,-1.4,19928,1790331.45
2026-02-23,RMDRIP,BE,INE219Y01026,R M DRIP & SPRINK SYS LTD,70.58,71.04,70.54,70.93,70.19,1.06,13125516,931036614.95
2026-02-23,RNBDENIMS,BE,INE012Q01039,R&B DENIMS LIMITED,65.02,65.65,65.02,65.56,64.38,1.84,28437519,1864363676.21
2026-02-23,ROLLT,BE,INE927A01040,ROLLATAINERS LIMITED,1.19,1.21,1.17,1.18,1.19,-0.84,205456,242438.07
2026-02-23,RPPL,BE,INE760W01023,RAJSHREE POLYPACK LTD,17.48,17.98,17.2,17.84,17.48,2.06,90130,1607919.21
2026-02-23,RSWM,BE,INE611A01016,RSWM LIMITED,155.0,157.0,151.1,151.94,153.69,-1.14,17072,2593919.72
2026-02-23,SADHNANIQ,BE,INE888C01040,SADHANA NITROCHEM LIMITED,2.14,2.2,2.05,2.2,2.0,10.0,14663652,32260035.1
2026-02-23,SANGINITA,BE,INE753W01010,SANGINITA CHEMICALS LTD,14.64,15.87,14.01,15.25,14.64,4.17,320312,4884758.0
2026-02-23,SCPL,BE,INE501Y01019,SHEETAL COOL PRODUCTS LTD,323.15,327.9,307.0,313.8,323.15,-2.89,7919,2484982.1
2026-02-23,SETCO,BE,INE878E01021,SETCO AUTOMOTIVE LTD,14.8,15.3,14.3,15.23,14.71,3.54,84163,1281802.45
2026-02-23,SEYAIND,BE,INE573R01012,SEYA INDUSTRIES LIMITED,14.76,15.49,14.03,14.03,14.76,-4.95,17207,241414.21
2026-02-23,SHAHALLOYS,BE,INE640C01011,SHAH ALLOYS LIMITED,63.07,69.0,63.07,66.79,65.83,1.46,46633,3114618.11
2026-02-23,SHALPAINTS,BE,INE849C01026,SHALIM PAINTS LTD,57.6,58.18,56.6,56.85,57.26,-0.72,38104,2166212.34
2026-02-23,SHEKHAWATI,BE,INE268L01046,SHEKHAWATI INDUSTRIES LTD,14.48,14.48,13.1,13.26,13.81,-3.98,9448,125280.48
2026-02-23,SHEMAROO,BE,INE363M01019,SHEMAROO ENTER. LTD.,97.0,100.8,96.91,98.82,95.61,3.36,10486,1036226.52
2026-02-23,SHYAMCENT,BE,INE979R01011,SHYAM CENTURY FERROUS LTD,5.41,5.69,5.31,5.39,5.44,-0.92,44660,240717.39
2026-02-23,SICALLOG,BE,INE075B01020,SICAL LOGISTICS LIMITED,68.5,69.77,66.26,69.18,68.9,0.41,15341,1061290.38
2026-02-23,SIGIND,BE,INE529F01035,SIGNET INDUSTRIES LIMITED,48.51,49.5,47.27,48.08,48.03,0.1,8227,395554.18
2026-02-23,SIGMAADV,BE,INE933B01012,SIGMA ADVANCED SYSTEM LTD,181.0,181.89,172.0,173.32,178.85,-3.09,72883,12632082.09
2026-02-23,SIKKO,BE,INE112X01025,SIKKO INDUSTRIES LIMITED,4.69,4.84,4.51,4.62,4.67,-1.07,470774,2174975.83
2026-02-23,SMARTLINK,BE,INE178C01020,SMARTLINK HOLDINGS LTD,123.04,127.92,123.04,126.83,125.55,1.02,3650,462929.51
2026-02-23,SONAMLTD,BE,INE00LM01029,SONAM LIMITED,45.06,49.0,45.06,48.55,45.71,6.21,124718,6055058.8
2026-02-23,SPECIALITY,BE,INE247M01014,SPECIALITY REST LTD,102.6,103.29,100.5,101.45,101.81,-0.35,79547,8070042.91
2026-02-23,SPECTRUM,BE,INE01EO01010,SPECTRUM ELECTRIC IND LTD,1331.5,1380.0,1256.6,1371.5,1315.0,4.3,3499,4798878.5
2026-02-23,SREEL,BE,INE099F01013,SREELEATHERS LIMITED,197.0,204.0,197.0,201.94,201.96,-0.01,7371,1488499.76
2026-02-23,STALLION,BE,INE0RYC01010,STALLION IND FLUOROCHEM L,128.82,128.82,128.82,128.82,135.59,-4.99,96222,12395318.74
2026-02-23,STERTOOLS,BE,INE334A01023,STERLING TOOLS LIMITED,234.65,236.2,228.0,229.7,235.8,-2.59,33197,7625350.8
2026-02-23,STLTECH,BE,INE089C01029,STERLITE TECHNOLOGIES LTD,163.9,170.0,161.95,167.6,159.94,4.79,11531394,1932661704.78
2026-02-23,SUNDRMBRAK,BE,INE073D01013,SUNDARAMBRAKE LININGS LTD,627.5,747.0,627.5,676.55,627.1,7.89,14990,10141484.32
2026-02-23,SUPERSPIN,BE,INE662A01027,SUPER SPINNING MILLS LTD,6.87,7.18,6.2,6.54,6.9,-5.22,91683,599606.82
2026-02-23,SUTLEJTEX,BE,INE645H01027,SUTLEJ TEXT & INDUS LTD,32.96,32.96,31.9,32.04,31.79,0.79,79575,2549583.07
2026-02-23,SWANDEF,BE,INE542F01020,SWAN DEFENCE N HEVY IND L,1780.0,1780.0,1700.4,1700.5,1789.8,-4.99,9339,15880969.5
2026-02-23,SWARAJ,BE,INE0GMR01016,SWARAJ SUITING LIMITED,318.0,318.95,310.0,312.85,312.7,0.05,37000,11575450.23
2026-02-23,SYSTMTXC,BE,INE356B01024,SYSTEMATIX CORP SERVICE L,79.7,80.67,77.04,78.06,78.4,-0.43,88965,6944607.68
2026-02-23,TICL,BE,INE388G01026,TWAMEV CONS AND INFRA LTD,24.02,24.63,23.16,23.29,24.37,-4.43,413144,9622124.14
2026-02-23,TIJARIA,BE,INE440L01017,TIJARIA POLYPIPES LTD,4.85,5.07,4.61,4.61,4.85,-4.95,104274,480703.15
2026-02-23,TIL,BE,INE806C01018,TIL LTD,250.23,250.23,235.2,241.56,250.23,-3.46,54435,13149318.47
2026-02-23,TIRUPATIFL,BE,INE319Y01024,TIRUPATI FORGE LIMITED,37.9,38.39,36.6,37.3,37.91,-1.61,197962,7383982.45
2026-02-23,TOTAL,BE,INE336X01012,TOTAL TRANSPORT SYS LTD,66.47,66.9,65.05,66.42,66.47,-0.08,82286,5465435.97
2026-02-23,TPHQ,BE,INE065J01024,TEAMO PRODUCTIONS HQ LTD,0.59,0.6,0.57,0.57,0.59,-3.39,1481296,844338.71
2026-02-23,TRANSWORLD,BE,INE757B01015,TRANSWORLD SHIP LINES LTD,150.0,160.5,145.32,147.78,142.14,3.97,170620,25214223.39
2026-02-23,TVVISION,BE,INE871L01013,TV VISION LIMITED,6.0,6.24,5.87,6.06,6.12,-0.98,12705,76992.3
2026-02-23,UCAL,BE,INE139B01016,UCAL LIMITED,110.43,110.99,108.0,108.19,108.96,-0.71,7599,822135.83
2026-02-23,UFBL,BE,INE382M01027,UNITED FOODBRANDS LIMITED,251.0,257.84,248.2,249.63,250.32,-0.28,25686,6411996.31
2026-02-23,UMAEXPORTS,BE,INE0GIU01018,UMA EXPORTS LIMITED,32.0,32.0,29.1,29.27,29.19,0.27,24915,729262.06
2026-02-23,UNIVASTU,BE,INE562X01013,UNIVASTU INDIA LIMITED,65.3,65.3,63.05,63.24,63.72,-0.75,8931,564796.45
2026-02-23,UNIVPHOTO,BE,INE03V001013,UNIVERSUS IMAGINGS LTD,361.0,384.0,357.58,380.31,376.39,1.04,25849,9830633.13
2026-02-23,URAVIDEF,BE,INE568Z01015,URAVI DEFENCE &TECH LTD,159.1,169.37,146.1,149.18,156.82,-4.87,43037,6420259.34
2026-02-23,UYFINCORP,BE,INE152C01025,U. Y. FINCORP LIMITED,14.9,15.5,14.46,14.88,14.26,4.35,283484,4218241.95
2026-02-23,VALIANTLAB,BE,INE0JWS01017,VALIANT LABORATORIES LTD,59.0,59.73,57.45,59.1,58.3,1.37,33638,1988005.75
2026-02-23,VALIANTORG,BE,INE565V01010,VALIANT ORGANICS LIMITED,243.78,247.93,238.76,240.37,246.3,-2.41,16369,3934616.45
2026-02-23,VARDHACRLC,BE,INE116G01013,VARDHAMAN ACRYLICS LTD,36.6,37.35,36.02,36.35,37.54,-3.17,25755,936194.21
2026-02-23,VCL,BE,INE098201036,VAXTEX COTFAB LIMITED,2.08,2.18,2.01,2.17,2.08,4.33,1428241,3099283.08
2026-02-23,VENUSREM,BE,INE411B01019,VENUS REMEDIES LIMITED,752.6,769.9,740.25,747.3,759.35,-1.59,8849,6612857.59
2026-02-23,VETO,BE,INE918N01018,VETO SWITCHGEAR CABLE LTD,105.98,108.0,103.75,104.46,103.52,0.91,57585,6015329.05
2026-02-23,VHLTD,BE,INE048C01025,VICEROY HOTELS LIMITED,141.89,143.0,134.8,141.34,139.27,1.49,8334,1177927.53
2026-02-23,VIJIFIN,BE,INE159N01027,VIJI FINANCE LIMITED,2.32,2.32,2.24,2.29,2.21,3.62,679134,1555216.83
2026-02-23,VIPULLTD,BE,INE946H01037,VIPUL LIMITED,10.99,11.05,10.75,11.05,10.53,4.94,85876,948929.82
2026-02-23,VIVIMEDLAB,BE,INE526G01021,VIVIMED LABS LIMITED,8.07,8.43,8.07,8.43,8.03,4.98,147880,1246628.45
2026-02-23,WELINV,BE,INE389K01018,WELSPUN INV & COMM LTD,1253.7,1309.4,1253.7,1266.9,1290.4,-1.82,427,540966.31
2026-02-23,AGSTRA,BZ,INE583L01014,AGS TRANSACT TECH LTD,3.7,3.74,3.63,3.67,3.71,-1.08,90924,333691.09
2026-02-23,ANKITMETAL,BZ,INE106I01010,ANKIT MET & POW LTD,1.77,1.77,1.67,1.67,1.74,-4.02,18786,31372.62
2026-02-23,ANSALAPI,BZ,INE436A01026,ANSAL PROP & INFRA LTD,3.7,3.72,3.7,3.72,3.65,1.92,79999,297596.28
2026-02-23,ARSHIYA,BZ,INE968D01022,ARSHIYA LIMITED,1.61,1.61,1.61,1.61,1.69,-4.73,10938,17610.18
2026-02-23,ASTRON,BZ,INE646X01014,ASTRON PAPER BORD MIL LTD,3.9,4.21,3.9,4.12,4.01,2.74,35728,147199.36
2026-02-23,COMPINFO,BZ,INE070C01037,COMPUAGE INFOCOM LTD,1.4,1.45,1.38,1.4,1.45,-3.45,27652,38712.8
2026-02-23,DHARAN,BZ,INE278R01034,DHARAN INFRA-EPC LIMITED,0.15,0.16,0.15,0.15,0.15,0.0,25935253,3890288.1
2026-02-23,FEL,BZ,INE623B01027,FUTURE ENTERPRISES LTD,0.45,0.45,0.43,0.43,0.44,-2.27,470988,202524.84
2026-02-23,FELDVR,BZ,IN9623B01058,FUTURE ENTERPRISES LTD,2.67,2.8,2.57,2.65,2.67,-0.75,6805,18033.25
2026-02-23,FLFL,BZ,INE452O01016,FUT LIFESTYLE FASH LTD,1.21,1.33,1.21,1.22,1.27,-3.94,22431,27365.82
2026-02-23,GENSOL,BZ,INE06H201014,GENSOL ENGINEERING LTD,25.19,25.19,25.19,25.19,26.51,-4.98,14879,374802.02
2026-02-23,GOLDENTOBC,BZ,INE973A01010,GOLDEN TOBACCO LIMITED,28.6,29.99,28.04,28.57,28.61,-0.14,747,21341.79
2026-02-23,HDIL,BZ,INE191I01012,HOUSING DEV & INFRA LTD,2.47,2.47,2.47,2.47,2.6,-5.0,23445,57909.15
2026-02-23,HMT,BZ,INE262A01018,HMT LTD -,50.16,50.16,50.16,50.16,47.78,4.98,10325,517902.0
2026-02-23,IL&FSENGG,BZ,INE369I01014,IL&FS ENG AND CONS CO LTD,23.5,23.5,22.0,23.08,22.54,2.4,3465,79972.2
2026-02-23,IL&FSTRANS,BZ,INE975G01012,IL&FS TRANS NET LTD,2.48,2.56,2.45,2.48,2.51,-1.2,90203,223703.44
2026-02-23,IMPEXFERRO,BZ,INE691G01015,IMPEX FERRO TECH LIMITED,1.78,1.78,1.69,1.73,1.76,-1.7,24480,42350.4
2026-02-23,LAKPRE,BZ,INE651C01018,LAKSHMI PRE SCRE LTD,5.1,5.1,4.85,4.99,5.1,-2.16,1473,7350.27
2026-02-23,MEP,BZ,INE776I01010,MEP INFRA. DEVELOPERS LTD,1.09,1.09,1.09,1.09,1.11,-1.8,290563,316713.68
2026-02-23,RAJESHEXPO,BZ,INE343B01030,RAJESH EXPORTS LTD,165.0,165.0,156.01,158.2,157.91,0.18,187162,29609027.83
2026-02-23,RHFL,BZ,INE217K01011,RELIANCE HOME FINANCE LTD,2.5,2.54,2.39,2.39,2.51,-4.78,2019651,4826966.1
2026-02-23,SANWARIA,BZ,INE890C01046,SANWARIA CONSUMER LIMITED,0.26,0.26,0.26,0.26,0.27,-3.7,34424,8950.24
2026-02-23,SETUINFRA,BZ,INE023M01027,SETUBANDHAN INFRA LTD,0.41,0.42,0.38,0.41,0.4,2.5,188326,77213.66
2026-02-23,SHRENIK,BZ,INE632X01030,SHRENIK LIMITED,0.42,0.42,0.4,0.4,0.42,-4.76,674900,269960.0
2026-02-23,SIMBHALS,BZ,INE748T01016,SIMBHAOLI SUGARS LTD.,8.75,8.75,8.35,8.52,8.61,-1.05,16621,141610.93
2026-02-23,SITINET,BZ,INE965H01011,SITI NETWORKS LIMITED,0.38,0.39,0.38,0.38,0.39,-2.56,309245,117513.1
2026-02-23,SUPREMEENG,BZ,INE319Z01021,SUPREME ENGINEERING LTD,0.86,0.93,0.85,0.85,0.89,-4.49,164678,139976.3
2026-02-23,20MICRONS,EQ,INE144J01027,20 MICRONS LTD,180.28,181.0,177.45,178.86,178.76,0.06,61886,11068930.0
2026-02-23,21STCENMGM,EQ,INE253B01015,21ST CENTURY MGMT SERVICE,36.44,37.15,35.75,36.06,36.44,-1.04,5382,194074.93
2026-02-23,360ONE,EQ,INE466L01038,360 ONE WAM LIMITED,1110.0,1130.0,1100.1,1126.9,1100.6,2.39,793296,893965281.77
2026-02-23,3MINDIA,EQ,INE470A01017,3M INDIA LIMITED,36500.0,36565.0,36005.0,36115.0,36145.0,-0.08,2540,91732100.0
2026-02-23,3PLAND,EQ,INE105C01023,3P LAND HOLDINGS LIMITED,33.6,35.7,33.6,34.4,34.52,-0.35,1033,35535.2
2026-02-23,5PAISA,EQ,INE618L01018,5PAISA CAPITAL LIMITED,323.85,325.95,316.05,319.95,323.85,-1.2,61377,19637571.9
2026-02-23,63MOONS,EQ,INE111B01023,63 MOONS TECHNOLOGIES LTD,642.0,648.1,576.55,583.4,641.9,-9.11,391318,228294930.75
2026-02-23,A2ZINFRA,EQ,INE619I01012,A2Z INFRA ENGINEERING LTD,14.99,14.99,14.26,14.48,14.7,-1.5,107011,1549519.23
2026-02-23,AAATECH,EQ,INE0D0U01013,AAA TECHNOLOGIES LIMITED,107.37,107.5,102.55,105.6,106.57,-0.91,13070,1380191.98
2026-02-23,AADHARHFC,EQ,INE883F01010,AADHAR HOUSING FINANCE L,479.4,484.95,467.7,470.0,479.35,-1.95,462956,217589320.0
2026-02-23,AAKASH,EQ,INE087Z01024,AAKASH EXPLORATION SER L,8.77,9.2,8.61,8.82,8.61,2.44,398933,3518588.94
2026-02-23,AAREYDRUGS,EQ,INE198H01019,AAREY DRUGS & PHARM LTD,85.99,86.37,79.23,80.49,78.52,2.51,781999,62943097.84
2026-02-23,AARON,EQ,INE721Z01010,AARON INDUSTRIES LIMITED,166.3,168.79,163.0,163.43,165.47,-1.23,7396,1208728.23
2026-02-23,AARTIDRUGS,EQ,INE767A01016,AARTI DRUGS LTD.,372.55,375.7,369.2,371.3,372.3,-0.27,105522,39180317.31
2026-02-23,AARTIIND,EQ,INE769A01020,AARTI INDUSTRIES LTD,454.0,457.0,441.2,446.7,450.65,-0.88,536594,239696546.35
2026-02-23,AARTIPHARM,EQ,INE0LRU01027,AARTI PHARMALABS LIMITED,700.1,709.75,682.9,686.9,698.75,-1.7,208678,143340923.29
2026-02-23,AARVI,EQ,INE754X01016,AARVI ENCON LIMITED,128.39,131.79,126.44,126.62,126.99,-0.29,7666,970668.94
2026-02-23,AAVAS,EQ,INE216P01012,AAVAS FINANCIERS LIMITED,1291.6,1291.6,1264.2,1285.4,1280.0,0.42,181284,233022458.03
2026-02-23,ABB,EQ,INE117A01022,ABB INDIA LIMITED,6090.0,6090.0,5775.0,5917.5,5987.0,-1.16,831004,4917466170.0
2026-02-23,ABBOTINDIA,EQ,INE358A01014,ABBOTT INDIA LIMITED,26415.0,26515.0,26240.0,26470.0,26295.0,0.67,4509,119353230.0
2026-02-23,ABCAPITAL,EQ,INE674K01013,ADITYA BIRLA CAPITAL LTD.,346.15,350.95,342.85,346.2,344.85,0.39,8310977,2877260338.85
2026-02-23,ABCOTS,EQ,INE08PH01015,A B COTSPIN INDIA LIMITED,437.0,437.0,421.05,425.0,419.15,1.4,19107,8120475.0
2026-02-23,ABDL,EQ,INE552Z01027,ALLIED BLEND N DISTILS L,505.0,508.0,498.15,501.45,500.8,0.13,115769,58052366.46
2026-02-23,ABFRL,EQ,INE647O01011,ADITYA BIRLA FASHION & RT,69.8,72.45,69.0,69.64,69.85,-0.3,3678544,256173801.91
2026-02-23,ABGSEC,EQ,INF209KC1134,BIRLASLAMC - ABGSEC,112.22,112.34,112.01,112.01,112.22,-0.19,82,9184.82
2026-02-23,ABLBL,EQ,INE14LE01019,ADITYA BIRLA LIFES BRAN L,108.34,108.34,105.71,106.68,106.49,0.18,458882,48953531.9
2026-02-23,ABREL,EQ,INE055A01016,ADITYA BIRLA REAL EST LTD,1301.0,1317.5,1292.1,1304.6,1300.9,0.28,70262,91663803.48
2026-02-23,ABSLAMC,EQ,INE404A01024,ADIT BIRL SUN LIF AMC LTD,926.0,934.6,906.1,919.05,917.9,0.13,527929,485193141.01
2026-02-23,ABSLBANETF,EQ,INF209KB17D5,BIRLASLAMC - ABSLBANETF,62.18,62.99,62.18,62.57,62.46,0.18,30891,1932849.86
2026-02-23,ABSLLIQUID,EQ,INF209KB18T9,BIRLASLAMC - ABSLLIQUID,1000.01,1000.01,999.99,1000.0,999.99,0.0,2730,2730000.0
2026-02-23,ABSLNN50ET,EQ,INF209KB16D7,BIRLASLAMC - ABSLNN50ET,71.97,73.3,71.97,72.98,72.8,0.25,6358,464006.86
2026-02-23,ABSLPSE,EQ,INF209KB19Z4,BIRLASLAMC-ABSLPSE,10.7,10.85,10.6,10.71,10.7,0.09,502082,5377298.24
2026-02-23,ACC,EQ,INE012A01025,ACC LIMITED,1628.7,1628.8,1611.0,1618.8,1612.6,0.38,96024,155443655.89
2026-02-23,ACCELYA,EQ,INE793A01012,ACCELYA SOLN INDIA LTD,1194.0,1194.0,1160.3,1166.4,1183.0,-1.4,13669,15943521.93
2026-02-23,ACE,EQ,INE731H01025,ACTION CONST EQUIP LTD,869.0,885.95,866.9,877.35,864.15,1.53,137746,120851449.74
2026-02-23,ACEINTEG,EQ,INE543V01017,ACE INTEGRATED SOLU. LTD.,19.0,19.14,18.64,19.02,19.23,-1.09,1114,21188.28
2026-02-23,ACI,EQ,INE128X01021,ARCHEAN CHEMICAL IND LTD,564.3,569.1,557.3,564.0,559.8,0.75,60740,34257360.0
2026-02-23,ACL,EQ,INE666E01020,ANDHRA CEMENTS LIMITED,56.01,57.0,52.35,54.36,55.49,-2.04,31062,1688530.34
2026-02-23,ACMESOLAR,EQ,INE622W01025,ACME SOLAR HOLDINGS LTD,232.0,234.35,230.1,231.49,231.61,-0.05,301566,69809515.0
2026-02-23,ACUTAAS,EQ,INE00FF01025,ACUTAAS CHEMICALS LIMITED,2123.6,2156.9,2115.0,2146.8,2106.5,1.91,337347,724216556.07
2026-02-23,ADANIENSOL,EQ,INE931S01010,ADANI ENERGY SOLUTION LTD,1003.1,1010.0,993.15,1003.8,998.1,0.57,1266712,1271525490.14
2026-02-23,ADANIENT,EQ,INE423A01024,ADANI ENTERPRISES LIMITED,2180.0,2203.0,2155.3,2191.0,2160.8,1.4,1103960,2418776360.0
2026-02-23,ADANIGREEN,EQ,INE364U01010,ADANI GREEN ENERGY LTD,978.25,987.55,962.0,970.35,968.25,0.22,1188654,1153410379.88
2026-02-23,ADANIPORTS,EQ,INE742F01042,ADANI PORT & SEZ LTD,1511.0,1564.5,1510.8,1555.8,1511.5,2.93,3113728,4844338174.44
2026-02-23,ADANIPOWER,EQ,INE814H01029,ADANI POWER LTD,145.15,145.69,142.7,144.05,142.7,0.95,9098843,1310688361.92
2026-02-23,ADFFOODS,EQ,INE982B01027,ADF FOODS LIMITED,228.0,235.0,227.0,227.82,226.51,0.58,145557,33160796.81
2026-02-23,ADL,EQ,INE0CHO01012,ARCHIDPLY DECOR LIMITED,70.01,71.01,68.0,69.21,71.42,-3.09,218,15087.78
2026-02-23,ADOR,EQ,INE045A01017,ADOR WELDING LTD,1085.9,1109.9,1065.3,1073.4,1081.7,-0.77,15337,16462736.17
2026-02-23,ADROITINFO,EQ,INE737B01033,ADROIT INFOTECH LIMITED,9.97,9.97,9.35,9.39,9.43,-0.42,22822,214298.59
2026-02-23,ADSL,EQ,INE102I01027,ALLIED DIGITAL SERV. LTD,124.76,125.89,121.05,121.82,124.76,-2.36,135153,16464338.42
2026-02-23,ADVAIT,EQ,INE0ALI01010,ADVAIT ENRGY TRANSITION L,1751.1,1770.0,1692.4,1700.4,1736.9,-2.1,18452,31375781.25
2026-02-23,ADVANCE,EQ,INE1B0W01010,ADVANCE AGROLIFE LIMITED,132.97,137.69,129.5,131.07,134.56,-2.59,470006,61603689.86
2026-02-23,ADVANIHOTR,EQ,INE199C01026,ADVANI HOT.& RES.(I) LTD,55.05,55.88,55.0,55.11,55.06,0.09,26955,1485490.07
2026-02-23,ADVENTHTL,EQ,INE28GN01010,ADVENT HOTELS INTERNATI L,212.0,212.01,202.5,204.73,210.26,-2.63,58151,11905253.98
2026-02-23,ADVENZYMES,EQ,INE837H01020,ADVANCED ENZYME TECH LTD,313.1,319.2,305.1,313.9,312.95,0.3,194729,61125431.91
2026-02-23,AEGISLOG,EQ,INE208C01025,AEGIS LOGISTICS LIMITED,691.0,707.0,691.0,702.4,693.05,1.35,241366,169535484.29
2026-02-23,AEGISVOPAK,EQ,INE0INX01018,AEGIS VOPAK TERMINALS LTD,214.24,231.85,213.4,229.03,210.78,8.66,5491670,1257757173.4
2026-02-23,AEQUS,EQ,INE947N01017,AEQUS LIMITED,145.0,145.01,138.48,139.22,144.74,-3.81,736986,102603191.82
2026-02-23,AEROENTER,EQ,INE065D01027,AEROFLEX ENTERPRISES LTD,78.61,79.6,77.91,78.95,78.61,0.43,173935,13732167.72
2026-02-23,AEROFLEX,EQ,INE024001021,AEROFLEX INDUSTRIES LTD,223.5,229.48,216.35,220.23,223.3,-1.37,1414201,311449480.19
2026-02-23,AERONEU,EQ,INE035801013,AEROFLEX NEU LIMITED,69.64,71.49,69.05,69.24,70.04,-1.14,18202,1260306.44
2026-02-23,AETHER,EQ,INE0BWX01014,AETHER INDUSTRIES LIMITED,970.0,983.9,961.5,968.3,966.2,0.22,71520,69252815.13
2026-02-23,AFCONS,EQ,INE101I01011,AFCONS INFRASTRUCTURE LTD,320.0,321.85,311.55,312.9,320.0,-2.22,260828,81613079.61
2026-02-23,AFFLE,EQ,INE00WC01027,AFFLE 3I LIMITED,1500.0,1527.7,1499.0,1509.6,1486.2,1.57,217555,328421022.69
2026-02-23,AFFORDABLE,EQ,INE692Z01013,AFFORD ROBO & AUTO LTD,200.15,207.27,196.36,198.28,204.39,-2.99,33509,6644164.48
2026-02-23,AFIL,EQ,INE916Y01027,AKME FINTRADE (INDIA) LTD,6.19,7.05,5.94,7.05,5.88,19.9,14317992,100941846.33
2026-02-23,AFSL,EQ,INE00ZE01026,ABANS FINANCIAL SRVCS LTD,204.0,210.21,201.03,202.45,201.02,0.71,40363,8171489.23
2026-02-23,AGARIND,EQ,INE204E01012,AGARWAL INDS CORP LTD.,601.0,618.8,579.85,581.95,608.7,-4.39,38668,22502843.07
2026-02-23,AGARWALEYE,EQ,INE943P01029,DR AGARWALS HEALTH CARE L,448.0,448.7,436.0,441.7,445.9,-0.94,74321,32827586.61
2026-02-23,AGI,EQ,INE415A01038,AGI GREENPAC LIMITED,580.0,593.9,566.6,568.55,573.25,-0.82,104258,59275884.63
2026-02-23,AGIIL,EQ,INE976R01033,AGI INFRA LIMITED,274.0,290.6,270.35,275.45,273.85,0.58,2627969,723874093.13
2026-02-23,AGRITECH,EQ,INE449G01018,AGRI-TECH (INDIA) LIMITED,129.9,132.98,127.55,129.45,129.9,-0.35,764,98899.8
2026-02-23,AGROPHOS,EQ,INE740V01019,AGRO PHOS INDIA LIMITED,34.39,34.98,33.8,34.12,34.7,-1.67,76952,2625602.16
2026-02-23,AHCL,EQ,INE0Y8W01025,ANLON HEALTHCARE LIMITED,12.06,12.27,11.21,11.63,12.01,-3.21,1215480,14132385.78
2026-02-23,AHLADA,EQ,INE00PV01013,AHLADA ENGINEERS LIMITED,48.02,48.02,46.01,46.36,48.02,-3.46,18100,839116.01
2026-02-23,AHLEAST,EQ,INE926K01017,ASIAN HOTELS (EAST) LTD,160.56,161.8,157.0,158.06,160.56,-1.56,3608,570280.47
2026-02-23,AHLUCONT,EQ,INE758C01029,AHLUWALIA CONT IND LTD,805.75,821.0,802.5,805.45,805.75,-0.04,59014,47532827.02
2026-02-23,AIAENG,EQ,INE212H01026,AIA ENGINEERING LIMITED,3955.5,3955.6,3812.3,3833.7,3949.0,-2.92,43481,166693107.58
2026-02-23,AIIL,EQ,INE206F01022,AUTHUM INVEST & INFRA LTD,513.5,513.5,499.0,502.5,506.0,-0.69,192030,96495075.0
2026-02-23,AIRAN,EQ,INE645W01026,AIRAN LIMITED,17.66,17.97,17.1,17.2,17.58,-2.16,67990,1169428.05
2026-02-23,AIROLAM,EQ,INE801L01010,AIRO LAM LIMITED,94.15,97.99,92.0,92.67,92.26,0.44,3272,303216.23
2026-02-23,AJANTPHARM,EQ,INE031B01049,AJANTA PHARMA LIMITED,2940.0,2990.0,2936.7,2978.4,2939.4,1.33,207598,618309862.93
2026-02-23,AJAXENGG,EQ,INE274Y01021,AJAX ENGINEERING LIMITED,495.0,496.55,486.05,491.0,488.45,0.52,42881,21054571.0
2026-02-23,AJMERA,EQ,INE298G01035,AJMERA REALTY & INF I LTD,139.95,141.5,133.4,133.88,138.84,-3.57,245467,32863123.16
2026-02-23,AJOONI,EQ,INE820Y01021,AJOONI BIOTECH LIMITED,4.76,4.91,4.76,4.78,4.81,-0.62,321655,1537510.97
2026-02-23,AKASH,EQ,INE737W01013,AKASH INFRA-PROJECTS LTD,29.47,29.47,26.21,27.33,27.82,-1.76,30534,834494.22
2026-02-23,AKG,EQ,INE00Y801016,AKG EXIM LIMITED,14.8,14.9,14.03,14.34,14.19,1.06,31680,454291.2
2026-02-23,AKSHAR,EQ,INE256Z01025,AKSHAR SPINTEX LIMITED,0.48,0.48,0.45,0.45,0.46,-2.17,2286374,1028868.27
2026-02-23,AKUMS,EQ,INE09XN01023,AKUMS DRUGS AND PHARMA L,480.1,482.9,468.9,474.45,478.35,-0.82,132444,62838057.42
2026-02-23,ALANKIT,EQ,INE914E01040,ALANKIT LIMITED,9.0,9.49,9.0,9.19,9.17,0.22,249138,2289578.12
2026-02-23,ALBERTDAVD,EQ,INE155C01010,ALBERT DAVID LIMITED,725.75,728.85,719.0,721.55,725.7,-0.57,809,583733.94
2026-02-23,ALEMBICLTD,EQ,INE426A01027,ALEMBIC LIMITED,94.05,95.9,93.96,94.76,93.96,0.85,146139,13848131.95
2026-02-23,ALGOQUANT,EQ,INE598D01035,ALGOQUANT FINTECH LIMITED,59.0,62.24,57.8,60.15,58.04,3.64,2023907,121738009.14
2026-02-23,ALICON,EQ,INE062D01024,ALICON CASTALLOY LIMITED,806.3,825.0,791.0,804.4,802.35,0.26,10335,8313474.25
2026-02-23,ALIVUS,EQ,INE03Q201024,ALIVUS LIFE SCIENCES LTD,913.85,925.0,897.1,903.35,910.95,-0.83,51230,46278619.25
2026-02-23,ALKALI,EQ,INE773I01017,ALKALI METALS LTD,70.5,70.54,68.65,69.8,70.13,-0.47,3397,237110.61
2026-02-23,ALKEM,EQ,INE540L01014,ALKEM LABORATORIES LTD.,5415.0,5504.0,5395.5,5490.5,5392.0,1.83,139365,765183532.5
2026-02-23,ALKYLAMINE,EQ,INE150B01039,ALKYL AMINES CHEM. LTD,1524.0,1527.4,1506.0,1512.2,1516.6,-0.29,26873,40637349.29
2026-02-23,ALLCARGO,EQ,INE418H01029,ALLCARGO LOGISTICS LTD,9.02,9.03,8.6,8.64,8.78,-1.59,5557425,48016153.91
2026-02-23,ALLDIGI,EQ,INE835G01018,ALLDIGI TECH LIMITED,852.95,861.5,810.1,825.45,852.95,-3.22,12000,9905400.15
2026-02-23,ALLTIME,EQ,INE0GV601021,ALL TIME PLASTICS LIMITED,246.84,250.0,244.82,248.05,246.84,0.49,23821,5908799.12
2026-02-23,ALMONDZ,EQ,INE326B01035,ALMONDZ GLOBAL SEC LTD,15.6,16.25,15.27,15.83,15.39,2.86,300327,4754176.39
2026-02-23,ALOKINDS,EQ,INE270A01029,ALOK INDUSTRIES LIMITED,14.95,15.32,14.6,14.78,14.72,0.41,6916032,102218951.11
2026-02-23,ALPA,EQ,INE385I01010,ALPA LABORATORIES LTD,66.91,69.94,66.91,68.18,66.91,1.9,14883,1014722.94
2026-02-23,ALPHA,EQ,INF174KA1IA5,KOTAKMAMC - KOTAKALPHA,49.38,49.38,48.63,48.94,48.82,0.25,1000604,48969558.39
2026-02-23,ALPHAETF,EQ,INF769K01KU7,MIRAEAMC - ALPHAETF,25.75,25.75,25.52,25.63,25.63,0.0,272571,6985994.5
2026-02-23,ALPL30IETF,EQ,INF109KC17V7,ICICIPRAMC - ICICIALPLV,28.32,28.52,28.3,28.49,28.31,0.64,426852,12161013.38
2026-02-23,AMAGI,EQ,INE121R01077,AMAGI MEDIA LABS LIMITED,412.05,415.9,397.6,400.7,410.75,-2.45,284788,114114555.08
2026-02-23,AMBER,EQ,INE371P01015,AMBER ENTERPRISES (I) LTD,7675.0,7859.0,7675.0,7770.0,7650.5,1.56,332977,2587231290.0
2026-02-23,AMBICAAGAR,EQ,INE792B01012,AMBICA AGAR & AROMAINDLTD,25.0,26.88,24.66,25.28,25.02,1.04,8127,205450.57
2026-02-23,AMBIKCO,EQ,INE540G01014,AMBIKA COTTON MILL LTD.,1401.3,1430.0,1392.2,1402.0,1400.5,0.11,8355,11713710.0
2026-02-23,AMBUJACEM,EQ,INE079A01024,AMBUJA CEMENTS LTD,512.0,518.65,510.75,515.3,512.0,0.64,926117,477228078.79
2026-02-23,AMJLAND,EQ,INE606A01024,AMJ LAND HOLDINGS LIMITED,39.62,41.51,39.62,41.12,40.57,1.36,20230,831857.58
2026-02-23,AMNPLST,EQ,INE275D01022,AMINES & PLASTICIZERS LTD,164.26,166.0,162.0,162.6,164.26,-1.01,3860,627636.02
2026-02-23,AMRUTANJAN,EQ,INE098F01031,AMRUTAJAN HEALTH LTD,619.3,619.95,600.0,603.7,616.25,-2.04,7364,4445646.89
2026-02-23,ANANDRATHI,EQ,INE463V01026,ANAND RATHI WEALTH LTD,1518.5,1539.0,1506.5,1533.8,1508.7,1.66,300466,460854765.47
2026-02-23,ANANTRAJ,EQ,INE242C01024,ANANT RAJ LIMITED,553.1,553.35,542.0,547.65,548.7,-0.19,1225217,670990119.96
2026-02-23,ANDHRAPAP,EQ,INE435A01051,ANDHRA PAPER LIMITED,68.01,69.0,67.95,68.51,68.31,0.29,102897,7049473.69
2026-02-23,ANDHRSUGAR,EQ,INE715B01021,ANDHRA SUGARS LTD,71.98,72.59,71.4,71.7,71.98,-0.39,56966,4084462.03
2026-02-23,ANGELONE,EQ,INE732I01021,ANGEL ONE LIMITED,252.4,253.0,246.8,249.13,249.63,-0.2,5263350,1311258411.2
2026-02-23,ANIKINDS,EQ,INE087B01017,ANIK INDUSTRIES LTD,47.29,49.48,47.11,47.42,47.29,0.27,3767,178631.13
2026-02-23,ANNAPURNA,EQ,INE0MGM01017,ANNAPURNA SWADISHT LTD,183.05,189.0,175.0,176.2,181.45,-2.89,93500,16474699.71
2026-02-23,ANTELOPUS,EQ,INE818A01017,ANTELOPUS SELAN ENRGY LTD,612.3,614.55,582.6,589.85,612.3,-3.67,225439,132975188.65
2026-02-23,ANTGRAPHIC,EQ,INE414B01021,ANTARCTICA LTD,0.91,0.93,0.89,0.9,0.89,1.12,144210,129789.0
2026-02-23,ANTHEM,EQ,INE0CZ201020,ANTHEM BIOSCIENCES LTD,685.3,697.95,681.6,696.35,681.9,2.12,166694,116077362.83
2026-02-23,ANUHPHR,EQ,INE489G01022,ANUH PHARMA LIMITED,75.05,75.06,73.2,73.67,74.99,-1.76,107678,7932638.06
2026-02-23,ANUP,EQ,INE294Z01018,THE ANUP ENGINEERING LTD,1713.0,1749.0,1697.5,1729.5,1700.5,1.71,34713,60036133.5
2026-02-23,ANURAS,EQ,INE930P01018,ANUPAM RASAYAN INDIA LTD,1290.0,1291.1,1265.0,1283.2,1285.0,-0.14,107056,137374253.97
2026-02-23,AONEGOLD,EQ,INF1J2R01114,AONEAMC - AONEGOLD,14.68,14.68,14.68,14.68,14.38,2.09,0,0.0
2026-02-23,AONELIQUID,EQ,INF1J2R01056,AONEAMC - AONELIQUID,1048.1,1048.1,1048.08,1048.09,1047.95,0.01,11454,12004822.47
2026-02-23,AONENIFTY,EQ,INF1J2R01064,AONEAMC - AONENIFTY,10.74,10.83,10.42,10.53,10.48,0.48,220352,2320306.5
2026-02-23,AONETMMQ50,EQ,INF1J2R01148,AONEAMC - AONETMMQ50,9.79,9.79,9.79,9.79,9.74,0.54,0,0.0
2026-02-23,AONETOTAL,EQ,INF1J2R01015,AONEAMC - AONETOTAL,12.16,12.16,11.78,11.84,11.8,0.34,319152,3778759.73
2026-02-23,APARINDS,EQ,INE372A01015,APAR INDUSTRIES LTD.,10600.0,10942.0,10416.0,10690.0,10519.0,1.63,231347,2473099430.0
2026-02-23,APCL,EQ,INE071F01012,ANJANI PORTLAND CEM LTD,128.5,137.81,128.1,129.97,131.93,-1.49,7400,961778.01
2026-02-23,APCOTEXIND,EQ,INE116A01032,APCOTEX INDUSTRIES LIMITE,369.5,376.0,363.1,370.6,369.55,0.28,15514,5749488.49
2026-02-23,APEX,EQ,INE346W01013,APEX FROZEN FOODS LIMITED,452.0,463.0,432.0,443.1,437.55,1.27,2690852,1192316537.62
2026-02-23,APLAPOLLO,EQ,INE702C01027,APL APOLLO TUBES LTD,2190.6,2219.1,2184.8,2191.5,2187.5,0.18,377562,827427123.0
2026-02-23,APLLTD,EQ,INE901L01018,ALEMBIC PHARMA LTD,765.0,774.9,763.0,769.35,763.05,0.83,23535,18106651.68
2026-02-23,APOLLO,EQ,INE713T01028,APOLLO MICRO SYSTEMS LTD,235.0,235.6,228.1,230.6,232.95,-1.01,1578079,363905027.03
2026-02-23,APOLLOHOSP,EQ,INE437A01024,APOLLO HOSPITALS ENTER. L,7680.0,7710.0,7615.5,7693.0,7615.5,1.02,399710,3074969030.0
2026-02-23,APOLLOPIPE,EQ,INE126J01016,APOLLO PIPES LIMITED,332.5,336.25,326.0,329.95,332.5,-0.77,334453,110352771.43
2026-02-23,APOLLOTYRE,EQ,INE438A01022,APOLLO TYRES LTD,457.7,457.85,440.5,453.5,455.35,-0.41,1568200,711178700.0
2026-02-23,APOLSINHOT,EQ,INE451F01024,APOLLO SINDOORI HOTEL LTD,1308.0,1308.0,1256.0,1265.3,1278.0,-0.99,287,363141.11
2026-02-23,APTUS,EQ,INE852O01025,APTUS VALUE HSG FIN I LTD,243.9,249.95,242.1,243.7,241.9,0.74,2153830,524888364.43
2026-02-23,AQYLON,EQ,INE416A01051,AQYLON NEXUS LIMITED,145.2,148.8,139.59,139.65,146.93,-4.95,493710,68946598.49
2026-02-23,ARCHIDPLY,EQ,INE877I01016,ARCHIDPLY IND. LTD,84.0,86.87,83.52,84.08,83.47,0.73,2869,241225.53
2026-02-23,ARCHIES,EQ,INE731A01020,ARCHIES LTD,15.52,16.19,15.52,15.66,15.93,-1.69,8284,129727.44
2026-02-23,ARE&M,EQ,INE885A01032,AMARA RAJA ENERGY MOB LTD,859.75,871.0,854.4,857.0,856.25,0.09,361502,309807214.0
2026-02-23,ARENTERP,EQ,INE610C01014,RAJDARSHAN INDUSTRIES LTD,43.9,43.9,40.34,41.17,40.34,2.06,291,11980.47
2026-02-23,ARFIN,EQ,INE784R01023,ARFIN INDIA LIMITED,73.5,73.5,68.06,72.16,71.21,1.33,1064518,76815622.78
2026-02-23,ARIHANTCAP,EQ,INE420B01036,ARIHANT CAPITAL MKTS LTD,78.88,87.75,78.1,84.18,75.17,11.99,7819243,658223878.13
2026-02-23,ARIHANTSUP,EQ,INE643K01018,ARIHANT SUPERSTRUCT LTD,262.5,267.0,258.8,261.15,260.65,0.19,46244,12076620.32
2026-02-23,ARIS,EQ,INE0H9P01028,ARISINFRA SOLUTIONS LTD,118.0,118.0,112.1,113.16,116.08,-2.52,532505,60258267.75
2026-02-23,ARKADE,EQ,INE0QRL01017,ARKADE DEVELOPERS LIMITED,120.0,120.0,116.0,117.93,118.65,-0.61,264951,31245671.51
2026-02-23,ARMANFIN,EQ,INE109C01017,ARMAN FIN SERV LTD,1626.5,1626.5,1573.0,1585.9,1626.5,-2.5,56192,89114894.17
2026-02-23,AROGRANITE,EQ,INE210C01013,ARO GRANITE IND. LTD.,28.35,29.4,27.56,28.23,28.7,-1.64,104135,2939731.0
2026-02-23,ARROWGREEN,EQ,INE570D01018,ARROW GREENTECH LIMITED,413.8,428.35,411.0,425.0,413.65,2.74,31415,13351375.0
2026-02-23,ARSSBL,EQ,INE549H01021,ANAND RATHI SH N STK BR L,528.0,530.95,507.55,513.25,525.4,-2.31,289377,148522745.25
2026-02-23,ARTEMISMED,EQ,INE025R01021,ARTEMIS MED SERVICE LTD,240.21,243.8,239.1,241.1,239.81,0.54,85676,20656484.12
2026-02-23,ARTNIRMAN,EQ,INE738V01013,ART NIRMAN LIMITED,41.16,42.5,40.02,41.39,42.22,-1.97,1156,47846.84
2026-02-23,ARVEE,EQ,INE006Z01016,ARVEE LABORATORIES I LTD,159.12,166.99,159.01,159.26,167.37,-4.85,639,101767.14
2026-02-23,ARVIND,EQ,INE034A01011,ARVIND LIMITED,375.0,381.0,370.7,375.2,367.9,1.98,765686,287285396.55
2026-02-23,ARVINDFASN,EQ,INE955V01021,ARVIND FASHIONS LIMITED,457.85,461.3,450.85,454.3,452.75,0.34,141774,64407926.47
2026-02-23,ARVSMART,EQ,INE034S01021,ARVIND SMARTSPACES LTD,570.85,570.85,552.3,556.2,570.85,-2.57,14986,8335213.38
2026-02-23,ASAHIINDIA,EQ,INE439A01020,ASAHI INDIA GLASS LIMITED,948.4,960.0,930.7,951.9,948.4,0.37,59073,56231590.14
2026-02-23,ASAL,EQ,INE900C01027,AUTOMOTIVE STAMPINGS & AS,482.95,482.95,464.55,467.65,477.7,-2.1,13341,6238918.57
2026-02-23,ASALCBR,EQ,INE073G01016,ASSO ALCOHOLS & BREW LTD,857.65,865.0,830.0,832.0,857.65,-2.99,46862,38989184.0
2026-02-23,ASHAPURMIN,EQ,INE348A01023,ASHAPURA MINECHEM LTD,525.85,538.9,506.15,514.8,525.3,-2.0,741439,381692788.15
2026-02-23,ASHIANA,EQ,INE365D01021,ASHIANA HOUSING LTD,328.1,328.4,319.25,325.15,326.0,-0.26,44343,14418126.18
2026-02-23,ASHIMASYN,EQ,INE440A01010,ASHIMA LTD,15.77,16.16,15.2,15.27,15.73,-2.92,86676,1323542.56
2026-02-23,ASHOKA,EQ,INE442H01029,ASHOKA BUILDCON LTD,146.5,150.89,143.05,143.6,142.91,0.48,2021184,290242034.74
2026-02-23,ASHOKAMET,EQ,INE760Y01011,ASHOKA METCAST LIMITED,16.25,16.25,15.33,15.52,16.0,-3.0,16330,253441.61
2026-02-23,ASHOKLEY,EQ,INE208A01029,ASHOK LEYLAND LTD,209.76,211.75,208.96,210.76,208.85,0.91,8533992,1798624107.04
2026-02-23,ASIANENE,EQ,INE276G01015,ASIAN ENERGY SERVICES LTD,313.3,318.4,303.55,309.7,309.6,0.03,167761,51955583.75
2026-02-23,ASIANHOTNR,EQ,INE363A01022,ASIAN HOTELS (NORTH) LTD,298.3,304.7,292.0,303.15,297.85,1.78,22927,6950319.91
2026-02-23,ASIANPAINT,EQ,INE021A01026,ASIAN PAINTS LIMITED,2424.7,2446.6,2411.5,2429.7,2428.1,0.07,634365,1541316609.53
2026-02-23,ASIANTILES,EQ,INE022I01019,ASIAN GRANITO IND. LTD.,70.0,71.81,68.0,70.88,69.81,1.53,4642225,329040895.25
2026-02-23,ASKAUTOLTD,EQ,INE491J01022,ASK AUTOMOTIVE LIMITED,441.0,441.0,432.0,433.1,435.1,-0.46,68727,29765664.12
2026-02-23,ASPINWALL,EQ,INE991I01015,ASPINWALL & CO LTD,213.39,218.3,213.39,214.88,213.39,0.7,862,185226.56
2026-02-23,ASTEC,EQ,INE563J01010,ASTEC LIFESCIENCES LTD,636.8,642.45,621.0,625.4,633.05,-1.21,18388,11499855.65
2026-02-23,ASTERDM,EQ,INE914M01019,ASTER DM QUALITY CARE LTD,638.0,648.0,632.3,646.05,630.8,2.42,668681,432001351.89
2026-02-23,ASTRAL,EQ,INE006I01046,ASTRAL LIMITED,1649.0,1654.0,1628.4,1635.1,1636.6,-0.09,489915,801060004.54
2026-02-23,ASTRAMICRO,EQ,INE386C01029,ASTRA MICROWAVE LTD,907.1,936.9,901.55,920.85,899.9,2.33,215997,198900832.18
2026-02-23,ASTRAZEN,EQ,INE203A01020,ASTRAZENECA PHARMA IND LT,8894.0,8944.5,8807.0,8868.0,8889.5,-0.24,7981,70775508.0
2026-02-23,ATALREAL,EQ,INE0ALR01029,ATAL REALTECH LIMITED,25.2,25.95,24.53,25.24,25.16,0.32,5599726,141337082.96
2026-02-23,ATAM,EQ,INE09KD01013,ATAM VALVES LIMITED,68.9,69.01,65.01,65.39,67.48,-3.1,12454,814367.05
2026-02-23,ATGL,EQ,INE399L01023,ADANI TOTAL GAS LIMITED,522.0,528.1,521.55,525.6,519.2,1.23,279098,146693901.99
2026-02-23,ATHERENERG,EQ,INE0LEZ01016,ATHER ENERGY LIMITED,709.95,720.8,705.2,718.15,708.8,1.32,838251,601989976.12
2026-02-23,ATL,EQ,INE0NN701020,ALLCARGO TERMINALS LTD,25.34,26.09,25.34,25.78,25.34,1.74,146858,3785999.34
2026-02-23,ATLANTAA,EQ,INE285H01022,ATLANTAA LIMITED,40.25,41.25,39.52,40.78,39.71,2.69,28849,1176462.18
2026-02-23,ATLANTAELE,EQ,INE0Z4F01028,ATLANTA ELECTRICALS LTD,899.95,925.0,894.05,905.0,893.55,1.28,93043,84203915.0
2026-02-23,ATLASCYCLE,EQ,INE446A01025,ATLAS CYCLE (HARYANA) LTD,89.0,92.93,89.0,90.44,90.5,-0.07,2811,254226.85
2026-02-23,ATUL,EQ,INE100A01010,ATUL LTD,6624.0,6646.0,6456.0,6527.0,6581.0,-0.82,64198,419020346.0
2026-02-23,ATULAUTO,EQ,INE951D01028,ATUL AUTO LIMITED,478.95,509.0,477.1,480.35,475.3,1.06,345665,166040184.86
2026-02-23,AUBANK,EQ,INE949L01017,AU SMALL FINANCE BANK LTD,993.0,998.75,950.0,974.1,1029.65,-5.4,13484919,13135659268.68
2026-02-23,AURIONPRO,EQ,INE132H01018,AURIONPRO SOLN LTD,957.0,974.1,921.5,929.95,945.8,-1.68,172773,160670253.46
2026-02-23,AUROPHARMA,EQ,INE406A01037,AUROBINDO PHARMA LTD,1166.1,1174.2,1143.3,1150.6,1158.8,-0.71,989992,1139084771.03
2026-02-23,AURUM,EQ,INE898S01029,AURUM PROPTECH LIMITED,187.34,188.99,184.45,188.35,187.34,0.54,70787,13332731.88
2026-02-23,AURUS,EQ,INE142K01011,AURUS GEM CORP LIMITED,5.12,5.39,4.81,4.93,5.27,-6.45,61393,302667.48
2026-02-23,AUSOMENT,EQ,INE218C01016,AUSOM ENTERPRISE LIMITED,103.57,105.99,99.1,100.65,103.57,-2.82,11812,1188877.82
2026-02-23,AUTOAXLES,EQ,INE449A01011,AUTOMOTIVE AXLES LIMITED,2023.5,2059.7,1978.5,2015.9,2023.5,-0.38,13616,27448494.73
2026-02-23,AUTOBEES,EQ,INF204KC1337,NIPPONAMC - NETFAUTO,289.37,289.54,286.39,288.59,286.38,0.77,187275,54045691.56
2026-02-23,AUTOIETF,EQ,INF109KC10V2,ICICIPRAMC - ICICIAUTO,28.98,29.01,28.57,28.92,28.69,0.8,340441,9845553.75
2026-02-23,AUTOIND,EQ,INE718H01014,AUTOLINE INDUSTRIES LTD,80.0,80.0,77.2,78.01,78.66,-0.83,48762,3803923.72
2026-02-23,AVADHSUGAR,EQ,INE349W01017,AVADH SUG & ENERGY LTD,328.35,330.45,322.55,327.6,324.15,1.06,14822,4855687.29
2026-02-23,AVALON,EQ,INE0LCL01028,AVALON TECHNOLOGIES LTD,1027.0,1027.0,980.0,986.15,1028.05,-4.08,167628,165306356.29
2026-02-23,AVANTEL,EQ,INE005B01027,AVANTEL LIMITED,146.75,147.4,142.35,144.43,145.46,-0.71,626784,90526408.53
2026-02-23,AVANTIFEED,EQ,INE871C01038,AVANTI FEEDS LIMITED,1400.0,1429.0,1280.0,1310.9,1350.7,-2.95,3004272,3938300238.15
2026-02-23,AVL,EQ,INE679V01027,ADITYA VISION LIMITED,486.0,491.75,478.4,486.25,486.2,0.01,119515,58114168.75
2026-02-23,AVONMORE,EQ,INE323B01024,AVONMORE CAP&MGT SERV LTD,15.3,15.4,14.91,15.08,14.96,0.8,142261,2145295.87
2026-02-23,AVROIND,EQ,INE652Z01025,AVRO INDIA LIMITED,12.43,12.79,12.21,12.36,12.45,-0.72,27020,333859.12
2026-02-23,AVTNPL,EQ,INE488D01021,AVT NATURAL PRODUCTS LTD,65.96,66.34,64.64,65.62,65.96,-0.52,64768,4250076.34
2026-02-23,AWFIS,EQ,INE108V01019,AWFIS SPACE SOLUTIONS LTD,300.0,325.0,291.7,318.05,299.75,6.11,2451440,779680462.08
2026-02-23,AWHCL,EQ,INE01BK01022,ANTONY WASTE HDG CELL LTD,502.15,502.2,490.0,493.3,498.15,-0.97,69160,34116627.16
2026-02-23,AWL,EQ,INE699H01024,AWL AGRI BUSINESS LIMITED,201.45,201.54,195.31,195.66,198.52,-1.44,1396622,273263065.63
2026-02-23,AXISBANK,EQ,INE238A01034,AXIS BANK LIMITED,1380.5,1402.0,1380.2,1386.7,1368.3,1.34,6160153,8542283864.31
2026-02-23,AXISCADES,EQ,INE555B01013,AXISCADES TECH LTD,1444.0,1452.8,1356.8,1404.4,1412.3,-0.56,109769,154159586.28
2026-02-23,AXITA,EQ,INE02EZ01022,AXITA COTTON LIMITED,9.62,9.62,9.11,9.29,9.44,-1.59,254004,2359697.15
2026-02-23,AYE,EQ,INE501X01029,AYE FINANCE LIMITED,126.0,127.99,120.66,123.03,124.97,-1.55,1101435,135509546.71
2026-02-23,AYMSYNTEX,EQ,INE193B01039,AYM SYNTEX LIMITED,193.27,209.0,193.27,206.69,193.27,6.94,136852,28285940.21
2026-02-23,AZAD,EQ,INE02IJ01035,AZAD ENGINEERING LIMITED,1732.0,1749.7,1699.7,1706.1,1720.1,-0.81,155207,264798658.91
2026-02-23,BAGFILMS,EQ,INE116D01028,B.A.G FILMS AND MEDIA LTD,5.33,5.54,5.1,5.33,5.32,0.19,110378,588314.73
2026-02-23,BAIDFIN,EQ,INE020D01022,BAID FINSERV LIMITED,11.18,11.41,11.02,11.12,11.32,-1.77,93222,1036628.63
2026-02-23,BAJAJ-AUTO,EQ,INE917I01010,BAJAJ AUTO LIMITED,9851.0,9930.0,9814.0,9905.5,9807.0,1.0,145464,1440893652.0
2026-02-23,BAJAJCON,EQ,INE933K01021,BAJAJ CONSUMER CARE LTD,388.7,401.2,372.55,399.1,383.0,4.2,1854477,740121782.02
2026-02-23,BAJAJELEC,EQ,INE193E01025,BAJAJ ELECT.LTD,384.0,387.75,378.25,380.05,384.55,-1.17,54898,20863984.23
2026-02-23,BAJAJFINSV,EQ,INE918I01026,BAJAJ FINSERV LTD.,2050.0,2069.0,2039.8,2051.6,2058.5,-0.34,1070139,2195497276.91
2026-02-23,BAJAJHCARE,EQ,INE411U01027,BAJAJ HEALTHCARE LIMITED,353.95,356.7,346.0,348.2,352.55,-1.23,87977,30633592.47
2026-02-23,BAJAJHFL,EQ,INE377Y01014,BAJAJ HOUSING FINANCE LTD,88.9,88.9,87.2,87.26,88.07,-0.92,3992733,348405890.11
2026-02-23,BAJAJHIND,EQ,INE306A01021,BAJAJ HINDUSTHAN SUGAR LT,15.55,15.73,15.36,15.46,15.55,-0.58,3645397,56357837.76
2026-02-23,BAJAJHLDNG,EQ,INE118A01012,BAJAJ HOLDINGS & INVS LTD,11220.0,11632.0,11150.0,11501.0,11188.0,2.8,137005,1575694505.0
2026-02-23,BAJAJINDEF,EQ,INE0O9T01021,INDEF MANUFACTURING LTD,259.0,259.85,250.15,252.0,254.25,-0.88,9996,2518992.0
2026-02-23,BAJEL,EQ,INE0KQN01018,BAJEL PROJECTS LIMITED,163.0,163.44,159.05,160.05,163.3,-1.99,52469,8397663.61
2026-02-23,BAJFINANCE,EQ,INE296A01032,BAJAJ FINANCE LIMITED,1032.45,1046.0,1029.05,1031.0,1030.2,0.08,9452225,9745243975.0
2026-02-23,BALAJEE,EQ,INE0S2G01011,SHREE TIRUPATI BALAJEE L,33.45,33.45,31.34,32.3,32.89,-1.79,405017,13082048.79
2026-02-23,BALAJITELE,EQ,INE794B01026,BALAJI TELEFILMS LIMITED.,99.0,104.5,97.51,100.69,100.16,0.53,1113765,112145000.57
2026-02-23,BALAMINES,EQ,INE050E01027,BALAJI AMINES LIMITED,1081.1,1096.7,1070.1,1074.8,1089.0,-1.3,61887,66516150.62
2026-02-23,BALAXI,EQ,INE618N01022,BALAXI PHARMA LTD,20.95,20.95,19.6,20.31,20.1,1.04,187860,3815436.5
2026-02-23,BALKRISHNA,EQ,INE875R01011,BALKRISHNA PAPER MILLS L,17.8,17.8,16.3,16.7,16.79,-0.54,18349,306428.31
2026-02-23,BALKRISIND,EQ,INE787D01026,BALKRISHNA IND. LTD,2519.6,2535.0,2488.1,2509.0,2494.8,0.57,187765,471102385.0
2026-02-23,BALMLAWRIE,EQ,INE164A01016,BALMER LAWRIE & CO LTD,182.0,184.4,180.82,181.65,180.43,0.68,142260,25841528.13
2026-02-23,BALPHARMA,EQ,INE083D01012,BAL PHARMA LTD.,76.02,79.0,74.5,77.59,77.83,-0.31,10108,784279.68
2026-02-23,BALRAMCHIN,EQ,INE119A01028,BALRAMPUR CHINI MILLS LTD,461.9,465.95,453.85,464.5,456.4,1.77,278968,129580636.0
2026-02-23,BALUFORGE,EQ,INE011E01029,BALU FORGE INDUSTRIES LTD,501.0,501.3,475.0,477.5,492.1,-2.97,505616,241431640.0
2026-02-23,BANARBEADS,EQ,INE655B01011,BANARAS BEADS LTD,126.25,127.48,121.5,125.05,122.24,2.3,2059,257477.96
2026-02-23,BANARISUG,EQ,INE459A01010,BANNARI AMMAN SUGARS LTD,3598.4,3619.9,3593.5,3602.7,3601.0,0.05,154,554815.79
2026-02-23,BANCOINDIA,EQ,INE213C01025,BANCO PRODUCTS (I) LTD,654.3,672.2,651.4,656.95,650.4,1.01,206944,135951863.33
2026-02-23,BANDHANBNK,EQ,INE545U01014,BANDHAN BANK LIMITED,172.0,173.87,171.18,173.65,171.35,1.34,5151355,894532764.31
2026-02-23,BANG,EQ,INE863I01016,BANG OVERSEAS LTD.,43.11,44.4,42.6,42.94,43.45,-1.17,5531,237501.13
2026-02-23,BANKA,EQ,INE862Y01015,BANKA BIOLOO LIMITED,62.6,62.6,59.0,60.39,60.92,-0.87,2103,127000.17
2026-02-23,BANKADD,EQ,INF740KA1RX3,DSPAMC - DSPBANK,62.5,62.81,62.2,62.49,62.39,0.16,30717,1919505.38
2026-02-23,BANKBARODA,EQ,INE028A01039,BANK OF BARODA,310.95,315.25,309.7,313.35,309.05,1.39,10075556,3157175534.1
2026-02-23,BANKBEES,EQ,INF204KB15I9,NIP IND ETF BANK BEES,630.01,634.0,630.0,631.6,631.22,0.06,353339,223168903.77
2026-02-23,BANKBETA,EQ,INF789F1AUV1,UTIAMC-BANKBETA,63.74,63.74,62.97,63.14,63.15,-0.02,901389,56913700.91
2026-02-23,BANKBETF,EQ,INF0QA701714,BFAM - BANKBETF,62.11,62.37,61.77,62.01,61.98,0.05,11194,694139.92
2026-02-23,BANKETF,EQ,INF769K01KR3,MIRAEAMC - BANKETF,620.99,623.9,619.17,621.01,621.01,0.0,4566,2835531.7
2026-02-23,BANKIETF,EQ,INF109KC15I8,ICICIPRAMC - IPRU5008,63.0,63.13,62.04,62.59,62.54,0.08,213944,13390754.99
2026-02-23,BANKINDIA,EQ,INE084A01016,BANK OF INDIA,172.41,174.67,171.83,174.13,171.7,1.42,9288166,1617348390.93
2026-02-23,BANKNIFTY1,EQ,INF174KA1ZB7,KOTAKMAMC-KOTAKBKETF,626.94,636.3,626.94,632.73,631.94,0.13,21634,13688480.4
2026-02-23,BANKPSU,EQ,INF769K01LZ4,MIRAEAMC - BANKPSU,97.66,98.89,97.37,98.44,97.06,1.42,54126,5328163.57
2026-02-23,BANSALWIRE,EQ,INE0B9K01025,BANSAL WIRE INDUSTRIES L,273.0,273.0,267.0,270.9,267.55,1.25,26315,7128733.34
2026-02-23,BANSWRAS,EQ,INE629D01020,BANSWARA SYNTEX LIMITED,113.5,114.91,112.0,112.13,113.58,-1.28,12550,1407231.47
2026-02-23,BASF,EQ,INE373A01013,BASF INDIA LTD,3560.0,3592.5,3540.0,3571.5,3573.6,-0.06,12198,43565157.0
2026-02-23,BATAINDIA,EQ,INE176A01028,BATA INDIA LTD,816.0,821.35,807.1,812.35,811.9,0.06,114694,93171668.1
2026-02-23,BAYERCROP,EQ,INE462A01022,BAYER CROPSCIENCE LTD,4800.0,4829.6,4761.6,4789.0,4800.0,-0.23,11196,53617644.0
2026-02-23,BBETF0432,EQ,INF754K01OB1,EDELAMC - BBETF0432,1318.5,1319.0,1314.61,1317.78,1315.17,0.2,1616,2129532.53
2026-02-23,BBL,EQ,INE464A01036,BHARAT BIJLEE LTD,2504.9,2511.0,2425.1,2434.1,2491.6,-2.31,44678,108750724.16
2026-02-23,BBNPNBETF,EQ,INF251K01TL6,BARODABNP - BBNPNBETF,61.07,62.27,61.07,61.61,61.62,-0.02,2287,140902.07
2026-02-23,BBNPPGOLD,EQ,INF251K01SU9,BARODABNP - BBNPPGOLD,151.85,154.5,150.15,152.5,148.8,2.49,52931,8071977.5
2026-02-23,BBOX,EQ,INE676A01027,BLACK BOX LIMITED,523.35,529.65,508.95,518.6,513.6,0.97,356304,184779245.7
2026-02-23,BBTC,EQ,INE050A01025,BOMBAY BURMAH TRADING COR,1780.2,1807.0,1769.2,1778.5,1776.8,0.1,16252,28904182.0
2026-02-23,BBTCL,EQ,INE01EE01011,B&B TRIPLEWALL CONT LTD,181.04,184.81,180.0,180.65,180.54,0.06,979,176856.34
2026-02-23,BCG,EQ,INE425B01027,BRIGHTCOM GROUP LIMITED,11.38,12.27,11.25,11.57,11.05,4.71,17280190,199931793.03
2026-02-23,BCLIND,EQ,INE412G01024,BCL INDUSTRIES LIMITED,29.0,29.14,28.07,28.33,28.91,-2.01,355559,10072986.44
2026-02-23,BCONCEPTS,EQ,INE977Y01011,BRAND CONCEPTS LIMITED,263.0,272.3,263.0,267.95,262.0,2.27,3376,904599.24
2026-02-23,BDL,EQ,INE171Z01026,BHARAT DYNAMICS LIMITED,1319.6,1319.6,1261.6,1275.6,1310.4,-2.66,1390335,1773511292.06
2026-02-23,BEARDSELL,EQ,INE520H01022,BEARDSELL LIMITED,28.19,28.19,27.0,27.16,27.13,0.11,12300,334068.0
2026-02-23,BECTORFOOD,EQ,INE495P01020,MRS BECTORS FOOD SPE LTD,219.11,219.92,213.12,218.06,216.65,0.65,571995,124729228.3
2026-02-23,BEDMUTHA,EQ,INE844K01012,BEDMUTHA INDUST LTD,138.79,142.98,138.79,139.05,138.79,0.19,2582,359027.11
2026-02-23,BEL,EQ,INE263A01024,BHARAT ELECTRONICS LTD,442.8,445.3,435.7,439.75,441.15,-0.32,12915631,5679648732.25
2026-02-23,BELLACASA,EQ,INE344T01014,BELLA CASA FASH AND RET L,295.0,295.95,284.25,287.5,288.6,-0.38,4556,1309850.0
2026-02-23,BELRISE,EQ,INE894V01022,BELRISE INDUSTRIES LTD,184.22,190.4,184.1,184.63,182.83,0.98,4080657,753411721.84
2026-02-23,BEML,EQ,INE258A01024,BEML LIMITED,1710.0,1720.8,1685.0,1700.3,1706.5,-0.36,109885,186837470.87
2026-02-23,BEPL,EQ,INE922A01025,BHANSALI ENG. POLYMERS LT,83.71,84.81,82.15,82.85,83.7,-1.02,168605,13968923.99
2026-02-23,BERGEPAINT,EQ,INE463A01038,BERGER PAINTS (I) LTD,457.0,465.5,455.9,464.8,455.45,2.05,315354,146576535.35
2026-02-23,BESTAGRO,EQ,INE052T01021,BEST AGROLIFE LIMITED,17.79,17.89,17.25,17.49,17.73,-1.35,214518,3751919.77
2026-02-23,BETA,EQ,INE351Y01019,BETA DRUGS LIMITED,1098.6,1098.6,1050.0,1063.3,1061.8,0.14,10271,10921154.8
2026-02-23,BFINVEST,EQ,INE878K01010,BF INVESTMENT LIMITED,405.6,408.5,402.05,403.45,402.45,0.25,10718,4324177.23
2026-02-23,BFSI,EQ,INF769K01HI8,MIRAEAMC - MAFSETF,28.6,29.53,28.6,29.42,29.1,1.1,293043,8621325.08
2026-02-23,BFUTILITIE,EQ,INE243D01012,BF UTILITIES LIMITED,510.1,514.95,495.0,507.25,509.3,-0.4,9026,4578438.5
2026-02-23,BHAGCHEM,EQ,INE414D01027,BHAGIRADHA CHEM & INDS L,202.75,208.0,202.5,203.57,205.38,-0.88,37091,7550615.14
2026-02-23,BHAGYANGR,EQ,INE458B01036,BHAGYANAGAR INDIA LIMITED,161.0,162.0,152.01,152.94,157.85,-3.11,162320,24825221.2
2026-02-23,BHANDARI,EQ,INE474E01029,BHANDARI HOSIERY EXP LTD,3.6,3.65,3.47,3.48,3.49,-0.25,537184,1869162.88
2026-02-23,BHARATCOAL,EQ,INE05XR01022,BHARAT COKING COAL LTD,34.1,34.1,32.65,32.88,33.94,-3.12,11444054,376280507.74
2026-02-23,BHARATFORG,EQ,INE465A01025,BHARAT FORGE LTD,1798.0,1838.0,1783.0,1832.0,1780.0,2.92,2598731,4760875192.0
2026-02-23,BHARATRAS,EQ,INE838B01021,BHARAT RASAYAN LTD,1604.5,1664.0,1574.0,1581.5,1591.5,-0.63,17600,27834400.0
2026-02-23,BHARATSE,EQ,INE415D01024,BHARAT SEATS LIMITED,212.1,216.67,197.25,201.53,210.32,-4.18,664103,133836676.78
2026-02-23,BHARATWIRE,EQ,INE316L01019,BHARAT WIRE ROPES LTD.,181.51,182.51,175.28,179.39,178.75,0.36,185315,33243657.74
2026-02-23,BHARTIARTL,EQ,INE397D01024,BHARTI AIRTEL LIMITED,1994.0,2000.5,1983.9,1997.3,1977.4,1.01,3728878,7447688211.47
2026-02-23,BHARTIHEXA,EQ,INE343G01021,BHARTI HEXACOM LIMITED,1695.4,1705.0,1690.5,1697.8,1688.1,0.57,59593,101176998.31
2026-02-23,BHEL,EQ,INE257A01026,BHEL,258.05,260.8,255.25,258.25,257.3,0.37,11160170,2882113902.5
2026-02-23,BIGBLOC,EQ,INE412U01025,BIGBLOC CONSTRUCTION LTD,53.61,55.62,51.97,52.7,53.06,-0.68,77021,4059006.76
2026-02-23,BIKAJI,EQ,INE00E101023,BIKAJI FOODS INTERN LTD,635.4,638.6,626.5,628.8,635.35,-1.03,142924,89870609.46
2026-02-23,BIL,EQ,INE828A01016,BHARTIYA INTERNATIONAL,805.05,867.95,805.05,853.3,829.9,2.82,2370,2022320.97
2026-02-23,BIOCON,EQ,INE376G01013,BIOCON LIMITED.,386.95,389.3,383.2,387.7,383.95,0.98,3572627,1385107531.51
2026-02-23,BIOFILCHEM,EQ,INE829A01014,BIOFIL CHEM & PHARMA LTD,33.99,35.55,33.51,33.96,33.82,0.41,19533,663340.66
2026-02-23,BIRLACABLE,EQ,INE800A01015,BIRLA CABLE LIMITED,140.0,142.39,137.0,137.84,139.24,-1.01,19808,2730334.65
2026-02-23,BIRLACORPN,EQ,INE340A01012,BIRLA CORPORATION LTD,1014.8,1033.9,1001.4,1024.6,1011.8,1.27,57345,58755685.6
2026-02-23,BIRLAMONEY,EQ,INE865C01022,ADITYA BIRLA MONEY LTD,133.9,135.59,131.03,132.16,133.32,-0.87,28526,3769996.26
2026-02-23,BIRLANU,EQ,INE557A01011,BIRLANU LIMITED,1573.0,1598.2,1532.1,1566.3,1574.6,-0.53,8602,13473313.02
2026-02-23,BLACKBUCK,EQ,INE0UIZ01018,BLACKBUCK LIMITED,604.95,617.8,592.3,612.3,601.5,1.8,837351,512710007.08
2026-02-23,BLAL,EQ,INE0N7W01012,BEML LAND ASSETS LIMITED,189.0,191.98,187.0,187.47,188.74,-0.67,29833,5592792.55
2026-02-23,BLBLIMITED,EQ,INE791A01024,BLB LIMITED,21.26,22.47,18.52,18.84,20.48,-8.01,1388444,26158285.17
2026-02-23,BLKASHYAP,EQ,INE350H01032,B.L.KASHYAP & SON LTD,46.3,49.9,46.3,48.3,49.86,-3.13,610902,29506566.13
2026-02-23,BLS,EQ,INE153T01027,BLS INTL SERVS LTD,272.2,297.3,270.6,281.75,268.4,4.97,24141392,6801837196.0
2026-02-23,BLSE,EQ,INE0NLT01010,BLS E-SERVICES LIMITED,160.01,166.02,159.48,163.81,159.71,2.57,216001,35383123.28
2026-02-23,BLUECOAST,EQ,INE472B01011,BLUE COAST HOTELS LIMITED,25.55,25.55,24.26,25.32,24.65,2.72,1853,46917.96
2026-02-23,BLUEDART,EQ,INE233B01017,BLUE DART EXPRESS LTD,5648.0,5680.5,5590.5,5612.0,5648.0,-0.64,4929,27661548.0
2026-02-23,BLUEJET,EQ,INE0KBH01020,BLUE JET HEALTHCARE LTD,359.0,391.4,357.6,391.4,355.85,9.99,3351292,1311695668.35
2026-02-23,BLUESTARCO,EQ,INE472A01039,BLUE STAR LIMITED,1978.8,1990.8,1955.0,1961.8,1968.4,-0.34,221246,434040413.6
2026-02-23,BLUESTONE,EQ,INE304W01038,BLUESTONE JEWEL LFSTL LTD,413.9,418.25,404.0,406.35,410.6,-1.04,131525,53445184.55
2026-02-23,BLUSPRING,EQ,INE0U4101014,BLUSPRING ENTERPRISES LTD,58.0,58.99,56.82,57.21,57.72,-0.88,100880,5771344.71
2026-02-23,BMWVENTLTD,EQ,INE965W01036,BMW VENTURES LIMITED,59.85,60.92,58.56,60.0,59.09,1.54,279544,16772640.0
2026-02-23,BNKETFAXIS,EQ,INF846K01X63,AXISAMC-BNKETFAXIS,644.0,644.0,626.9,628.75,629.39,-0.1,610,383537.5
2026-02-23,BODALCHEM,EQ,INE338D01028,BODAL CHEMICALS LTD,48.4,49.0,47.01,47.16,48.17,-2.1,79290,3739316.39
2026-02-23,BOHRAIND,EQ,INE802W01023,BOHRA INDUSTRIES LIMITED,19.39,20.49,18.9,18.97,19.89,-4.63,2344,44465.68
2026-02-23,BOMDYEING,EQ,INE032A01023,BOMBAY DYEING & MFG. CO L,116.49,118.75,115.39,116.7,115.41,1.12,492757,57504740.4
2026-02-23,BONLON,EQ,INE0B9A01018,BONLON INDUSTRIES LIMITED,47.0,48.98,44.4,45.68,,,12261,560082.48
2026-02-23,BORANA,EQ,INE16SF01016,BORANA WEAVES LIMITED,393.95,400.0,384.0,399.2,384.75,3.76,49106,19603115.8
2026-02-23,BOROLTD,EQ,INE02PY01013,BOROSIL LIMITED,254.05,259.0,248.0,249.5,256.25,-2.63,65984,16463008.0
2026-02-23,BORORENEW,EQ,INE666D01022,BOROSIL RENEWABLES LTD,479.35,488.0,469.0,472.0,479.35,-1.53,225064,106230208.0
2026-02-23,BOROSCI,EQ,INE02L001032,BOROSIL SCIENTIFIC LTD,114.41,114.41,109.02,110.17,112.2,-1.81,72152,7948985.71
2026-02-23,BOSCH-HCIL,EQ,INE782A01015,BOSCH HOME COMFRT IND LTD,1370.0,1409.2,1359.9,1362.1,1394.4,-2.32,7951,10830056.91
2026-02-23,BOSCHLTD,EQ,INE323A01026,BOSCH LIMITED,35165.0,35630.0,35140.0,35340.0,35215.0,0.35,9208,325410720.0
2026-02-23,BPCL,EQ,INE029A01011,BHARAT PETROLEUM CORP  LT,370.0,376.7,366.65,372.1,366.3,1.58,7760029,2887506838.26
2026-02-23,BPL,EQ,INE110A01019,BPL LTD,55.6,56.73,55.12,55.51,55.39,0.22,71194,3951978.82
2026-02-23,BRIGADE,EQ,INE791I01019,BRIGADE ENTER. LTD,555.64,566.25,554.59,561.26,555.49,1.04,255039,143143829.85
2026-02-23,BRIGHOTEL,EQ,INE03NU01014,BRIGADE HOTEL VENTURE LTD,62.33,63.1,60.3,61.74,61.33,0.67,542679,33505002.37
2026-02-23,BRITANNIA,EQ,INE216A01030,BRITANNIA INDUSTRIES LTD,6136.0,6150.0,6042.0,6122.5,6098.5,0.39,225252,1379105370.0
2026-02-23,BRNL,EQ,INE727S01012,BHARAT ROAD NETWORK LTD,20.87,20.87,19.2,19.98,20.45,-2.3,37715,753545.68
2026-02-23,BROOKS,EQ,INE650L01011,BROOKS LAB LIMITED,75.28,76.49,72.13,72.97,74.47,-2.01,27286,1991059.45
2026-02-23,BSE,EQ,INE118H01025,BSE LIMITED,2775.0,2792.7,2712.9,2725.3,2739.5,-0.52,3269483,8910322179.54
2026-02-23,BSE500IETF,EQ,INF109KC1V59,ICICIPRAMC - ICICI500,38.96,39.97,38.96,39.64,39.57,0.18,394791,15649515.0
2026-02-23,BSHSL,EQ,INE032Z01020,BOMBAY SUPER HYBRID SEEDS,92.4,92.4,89.9,91.19,92.16,-1.05,9525,868584.77
2026-02-23,BSL,EQ,INE594B01012,BSL LTD,139.9,139.9,130.0,130.56,132.39,-1.38,7496,978677.74
2026-02-23,BSLGOLDETF,EQ,INF209KB18D3,ADITYBIRLA SL GOLD ETF-GR,138.81,139.09,137.24,137.95,135.43,1.86,1360360,187661657.85
2026-02-23,BSLNIFTY,EQ,INF209KB19D1,ADITYBIRLA SL NIF ETF-GR,29.99,29.99,29.45,29.89,29.81,0.27,234397,7006126.19
2026-02-23,BSLSENETFG,EQ,INF209KB10E8,BIRLASLAMC - BSLSENETFG,83.99,84.0,82.27,83.32,82.9,0.51,3316,276289.12
2026-02-23,BSOFT,EQ,INE836A01035,BIRLASOFT LIMITED,382.9,387.95,375.3,377.75,378.65,-0.24,830281,313638647.75
2026-02-23,BTML,EQ,INE0EEJ01023,BODHI TREE MULTIMEDIA LTD,7.59,7.59,7.13,7.15,7.14,0.14,335234,2396923.13
2026-02-23,BUILDPRO,EQ,INE24OJ01011,SHANKARA BUILDPRO LIMITED,1014.9,1025.95,985.45,995.25,1026.95,-3.09,27165,27035966.25
2026-02-23,BUTTERFLY,EQ,INE295F01017,BTRFLY GANDHI APPL LTD,610.0,619.95,595.2,599.75,603.0,-0.54,11653,6988886.75
2026-02-23,BVCL,EQ,INE139I01011,BARAK VALLEY CEM. LTD.,43.42,44.28,42.36,43.01,43.41,-0.92,13939,599516.37
2026-02-23,CAMLINFINE,EQ,INE052I01032,CAMLIN FINE SCIENCES LTD,143.26,149.59,141.0,142.2,142.05,0.11,526429,74858202.19
2026-02-23,CAMPUS,EQ,INE278Y01022,CAMPUS ACTIVEWEAR LIMITED,265.7,269.7,264.5,269.15,265.2,1.49,232768,62649505.78
2026-02-23,CAMS,EQ,INE596I01020,COMPUTER AGE MNGT SER LTD,724.8,729.8,711.2,718.0,720.25,-0.31,621904,446527072.0
2026-02-23,CANBK,EQ,INE476A01022,CANARA BANK,155.0,157.1,154.74,156.44,154.15,1.49,23618301,3694847066.1
2026-02-23,CANFINHOME,EQ,INE477A01020,CAN FIN HOMES LTD,894.4,913.8,888.0,907.45,885.7,2.46,136550,123912299.17
2026-02-23,CANHLIFE,EQ,INE01TY01017,CANARA HSBC LIFE INS CO L,149.56,150.67,146.66,147.76,149.57,-1.21,309069,45668033.74
2026-02-23,CANTABIL,EQ,INE068L01024,CANTABIL RETAIL LTD,283.0,289.7,275.1,277.4,283.4,-2.12,200514,55622582.38
2026-02-23,CAPACITE,EQ,INE264T01014,CAPACITE INFRAPROJECT LTD,252.18,253.47,243.0,243.77,251.04,-2.9,143406,34958081.23
2026-02-23,CAPILLARY,EQ,INE0ILV01024,CAPILLARY TECHNO INDIA L,545.0,548.7,518.0,525.55,543.6,-3.32,109367,57477825.51
2026-02-23,CAPITALSFB,EQ,INE646H01017,CAPITAL SMALL FIN BANK L,263.65,264.5,262.15,263.15,263.7,-0.21,10289,2707550.29
2026-02-23,CAPLIPOINT,EQ,INE475E01026,CAPLIN POINT LAB LTD.,1700.0,1740.0,1685.7,1729.5,1692.1,2.21,46179,79866580.5
2026-02-23,CARBORUNIV,EQ,INE120A01034,CARBORUNDUM UNIVERSAL LTD,851.95,855.45,843.1,849.75,843.55,0.73,260365,221245158.75
2026-02-23,CARERATING,EQ,INE752H01013,CARE RATINGS LIMITED,1609.0,1627.8,1580.1,1585.2,1609.6,-1.52,100857,159878511.48
2026-02-23,CARRARO,EQ,INE0V7W01012,CARRARO INDIA LIMITED,526.5,538.65,526.5,531.65,526.5,0.98,39621,21064505.62
2026-02-23,CARTRADE,EQ,INE290S01011,CARTRADE TECH LIMITED,1979.9,2031.8,1971.6,2000.8,1978.1,1.15,217080,434333674.6
2026-02-23,CARYSIL,EQ,INE482D01024,CARYSIL LIMITED,947.4,955.4,924.3,931.5,942.7,-1.19,29602,27574263.0
2026-02-23,CASTROLIND,EQ,INE172A01027,CASTROL INDIA LIMITED,187.74,188.38,186.8,187.3,187.74,-0.23,960996,179994553.73
2026-02-23,CCAVENUE,EQ,INE483S01020,AVENUESAI LIMITED,18.52,18.74,18.03,18.1,18.46,-1.95,7040495,127432962.19
2026-02-23,CCCL,EQ,INE429I01024,CONS. CONST. CONSORT LTD,17.63,17.66,16.4,16.44,17.63,-6.75,470509,7735168.21
2026-02-23,CCHHL,EQ,INE652F01027,COUNTRY CLUB HOSP HOL LTD,14.1,14.1,13.5,13.55,13.83,-2.02,10733,145432.15
2026-02-23,CCL,EQ,INE421D01022,CCL PRODUCTS (I) LTD,1005.0,1073.9,1001.1,1033.1,994.0,3.93,2866212,2961083547.22
2026-02-23,CDSL,EQ,INE736A01011,CENTRAL DEPO SER (I) LTD,1330.0,1338.8,1320.1,1334.3,1320.4,1.05,901439,1202790101.72
2026-02-23,CEATLTD,EQ,INE482A01020,CEAT LIMITED,3796.0,3833.0,3750.0,3770.1,3793.8,-0.62,54911,207019966.46
2026-02-23,CEIGALL,EQ,INE0AG901020,CEIGALL INDIA LIMITED,287.35,289.0,282.5,286.75,287.3,-0.19,88814,25467414.5
2026-02-23,CEINSYS,EQ,INE016Q01014,CEINSYS TECH LIMITED,1043.6,1047.2,981.0,988.5,1009.1,-2.04,24684,24400134.0
2026-02-23,CELEBRITY,EQ,INE185H01016,CELEBRITY FASHIONS LTD,7.6,8.22,7.6,7.73,7.75,-0.26,25779,199271.67
2026-02-23,CELLO,EQ,INE0LMW01024,CELLO WORLD LIMITED,447.2,459.0,434.4,437.75,443.45,-1.29,279867,122511779.25
2026-02-23,CEMPRO,EQ,INE686A01026,CEMINDIA PROJECTS LIMITED,592.9,614.9,588.05,604.65,592.35,2.08,227294,137433322.65
2026-02-23,CENTENKA,EQ,INE485A01015,CENTURY ENKA LTD,444.65,446.3,438.25,439.0,440.9,-0.43,7007,3076073.0
2026-02-23,CENTEXT,EQ,INE281A01026,CENTURY EXTRUSIONS LTD,21.09,21.35,20.5,20.54,21.04,-2.38,105958,2176377.42
2026-02-23,CENTRALBK,EQ,INE483A01010,CENTRAL BANK OF INDIA,38.85,39.35,38.36,38.51,38.31,0.52,10723099,412946524.49
2026-02-23,CENTRUM,EQ,INE660C01027,CENTRUM CAPITAL LIMITED,25.34,25.79,24.29,24.47,25.28,-3.2,126080,3085177.51
2026-02-23,CENTUM,EQ,INE320B01020,CENTUM ELECTRONICS LTD,2538.8,2700.0,2510.5,2673.2,2542.8,5.13,396748,1060586734.23
2026-02-23,CENTURYPLY,EQ,INE348B01021,CENTURY PLYBOARDS (I) LTD,755.0,762.35,740.05,748.15,752.9,-0.63,39849,29813030.32
2026-02-23,CERA,EQ,INE739E01017,CERA SANITARYWARE LTD,5146.0,5160.8,5081.1,5091.7,5095.4,-0.07,8387,42704089.54
2026-02-23,CESC,EQ,INE486A01021,CESC LTD,156.55,157.0,153.79,155.72,155.43,0.19,1133526,176512670.1
2026-02-23,CEWATER,EQ,INE037Z01029,CONCORD ENVIRO SYSTEMS L,345.0,345.0,316.75,320.7,339.9,-5.65,82899,26585710.31
2026-02-23,CGCL,EQ,INE180C01042,CAPRI GLOBAL CAPITAL LTD,173.5,174.12,171.11,172.53,173.02,-0.28,305618,52728273.17
2026-02-23,CGPOWER,EQ,INE067A01029,CG POWER AND IND SOL LTD,720.0,722.7,713.5,720.5,712.15,1.17,1783385,1284928892.5
2026-02-23,CHALET,EQ,INE427F01016,CHALET HOTELS LIMITED,868.7,871.3,858.2,862.5,863.85,-0.16,24698,21302025.0
2026-02-23,CHAMBLFERT,EQ,INE085A01013,CHAMBAL FERTILIZERS LTD,457.6,461.4,452.0,454.75,454.4,0.08,665062,302436944.5
2026-02-23,CHEMBOND,EQ,INE995D01025,CHEMBOND MATERIALTECH LTD,148.69,150.2,142.0,144.42,147.93,-2.37,4170,602231.39
2026-02-23,CHEMFAB,EQ,INE783X01023,CHEMFAB ALKALIS LIMITED,394.4,394.4,384.0,386.55,388.7,-0.55,5185,2004261.69
2026-02-23,CHEMPLASTS,EQ,INE488A01050,CHEMPLAST SANMAR LIMITED,296.95,296.95,271.05,272.4,288.4,-5.55,118774,32354036.88
2026-02-23,CHENNPETRO,EQ,INE178A01016,CHENNAI PETROLEUM CORP LT,886.0,902.05,877.75,884.15,883.65,0.06,496296,438800120.52
2026-02-23,CHEVIOT,EQ,INE974B01016,CHEVIOT COMPANY LIMITED,1072.6,1085.0,1072.6,1080.7,1082.3,-0.15,1048,1132573.55
2026-02-23,CHOICEIN,EQ,INE102B01014,CHOICE INTERNATIONAL LTD,808.0,808.9,762.5,766.65,805.25,-4.79,609615,467361354.63
2026-02-23,CHOLAFIN,EQ,INE121A01024,CHOLAMANDALAM IN & FIN CO,1677.5,1706.8,1672.7,1689.8,1669.6,1.21,731931,1236817039.54
2026-02-23,CHOLAHLDNG,EQ,INE149A01033,CHOLAMANDALAM FIN HOL LTD,1692.2,1697.9,1663.6,1680.8,1684.6,-0.23,58578,98457905.26
2026-02-23,CIEINDIA,EQ,INE536H01010,CIE AUTOMOTIVE INDIA LTD,478.35,526.0,471.95,493.8,469.35,5.21,5287308,2610872625.86
2026-02-23,CIFL,EQ,INE345H01024,CAPITAL INDIA FINANCE LTD,30.8,31.81,30.62,31.46,31.02,1.42,79160,2490373.53
2026-02-23,CINELINE,EQ,INE704H01022,CINELINE INDIA LIMITED,84.65,84.65,82.0,82.26,83.55,-1.54,6909,568334.35
2026-02-23,CINEVISTA,EQ,INE039B01026,CINEVISTA LIMITED,15.34,16.18,15.34,15.94,15.46,3.1,11118,177220.92
2026-02-23,CIPLA,EQ,INE059A01026,CIPLA LTD,1335.9,1335.9,1308.8,1326.5,1341.1,-1.09,2435610,3230836665.0
2026-02-23,CLEAN,EQ,INE227W01023,CLEAN SCIENCE & TECH LTD,712.95,732.6,707.0,728.55,711.05,2.46,385930,281169296.79
2026-02-23,CLEDUCATE,EQ,INE201M01029,CL EDUCATE LIMITED,48.5,50.58,46.57,47.33,48.25,-1.91,85232,4034030.72
2026-02-23,CLSEL,EQ,INE419D01026,CHAMAN LAL SETIA EXP LTD,272.3,305.0,272.3,279.81,271.64,3.01,1052001,294360397.24
2026-02-23,CMSINFO,EQ,INE925R01014,CMS INFO SYSTEMS LIMITED,314.8,316.35,313.5,314.85,315.0,-0.05,255178,80342794.86
2026-02-23,CNL,EQ,INE985W01018,CREATIVE NEWTECH LIMITED,649.0,661.2,642.5,656.9,648.75,1.26,4048,2659131.3
2026-02-23,COALINDIA,EQ,INE522F01014,COAL INDIA LTD,426.0,427.5,418.95,426.0,423.55,0.58,6515765,2775715890.0
2026-02-23,COASTCORP,EQ,INE377E01024,COASTAL CORPORATION LTD,48.44,49.99,46.61,47.06,48.44,-2.85,85464,4021935.96
2026-02-23,COCHINSHIP,EQ,INE704P01025,COCHIN SHIPYARD LIMITED,1517.6,1519.9,1492.6,1501.8,1517.6,-1.04,476836,716112328.08
2026-02-23,COFFEEDAY,EQ,INE335K01011,COFFEE DAY ENTERPRISE LTD,32.56,33.87,31.41,31.64,31.91,-0.85,1429303,45223146.05
2026-02-23,COFORGE,EQ,INE591G01025,COFORGE LIMITED,1340.8,1345.5,1277.6,1289.0,1340.6,-3.85,4790112,6174454368.0
2026-02-23,COHANCE,EQ,INE03QK01018,COHANCE LIFESCIENCES LTD,310.0,331.2,309.0,314.1,305.4,2.85,5573442,1750618166.22
2026-02-23,COLPAL,EQ,INE259A01022,COLGATE PALMOLIVE LTD.,2197.9,2211.3,2190.2,2196.0,2197.9,-0.09,183758,403532568.0
2026-02-23,COMMOIETF,EQ,INF109KC19O8,ICICIPRAMC - ICICICOMMO,100.99,101.79,99.16,100.44,100.48,-0.04,99764,10020296.4
2026-02-23,COMPUSOFT,EQ,INE453B01029,COMPUCOM SOFTWARE LTD,14.88,15.05,13.66,14.22,14.87,-4.37,48428,688646.17
2026-02-23,COMSYN,EQ,INE073V01015,COMMERCIAL SYN BAGS LTD,192.4,192.8,188.22,192.59,191.46,0.59,195170,37587789.59
2026-02-23,CONCOR,EQ,INE111A01025,CONTAINER CORP OF IND LTD,505.0,512.45,504.0,507.05,503.0,0.81,676014,342772890.45
2026-02-23,CONCORDBIO,EQ,INE338H01029,CONCORD BIOTECH LIMITED,1119.6,1126.9,1079.9,1099.3,1097.9,0.13,91855,100976205.99
2026-02-23,CONFIPET,EQ,INE552D01024,CONFIDENCE PETRO IND LTD.,32.0,32.6,31.26,31.77,31.64,0.41,234825,7460390.36
2026-02-23,CONS,EQ,INF174KA1ZF8,KOTAKMAMC - KOTAKCONS,122.8,123.0,119.89,120.25,120.39,-0.12,6475,778618.75
2026-02-23,CONSUMAXIS,EQ,INF846K016C7,AXISAMC-CONSUMAXIS,121.07,121.07,120.1,120.54,120.34,0.17,357,43032.78
2026-02-23,CONSUMBEES,EQ,INF204KA1LD7,NIP IND ETF CONSUMPTION,130.85,131.21,130.15,130.73,130.08,0.5,69756,9119201.58
2026-02-23,CONSUMER,EQ,INF769K01NS5,MIRAEAMC - CONSUMER,11.39,11.65,11.3,11.41,11.39,0.18,108245,1235075.43
2026-02-23,CONSUMIETF,EQ,INF109KC1V42,ICICIPRAMC - ICICICONSU,124.57,124.57,121.02,121.76,120.94,0.68,18791,2287992.2
2026-02-23,CONTROLPR,EQ,INE663B01015,CONTROL PRINT LIMITED,680.0,688.0,660.1,667.0,673.55,-0.97,23831,15895277.0
2026-02-23,CORALFINAC,EQ,INE558D01021,CORAL INDIA FIN & HOUS LT,33.91,35.77,33.6,33.83,34.07,-0.7,13282,449330.08
2026-02-23,CORDSCABLE,EQ,INE792I01017,CORDS CABLE INDUS LTD.,171.05,173.89,166.83,168.99,170.62,-0.96,18578,3139496.32
2026-02-23,COROMANDEL,EQ,INE169A01031,COROMANDEL INTERNTL. LTD,2293.0,2298.0,2246.4,2292.0,2274.8,0.76,146270,335250840.0
2026-02-23,CORONA,EQ,INE02ZQ01018,CORONA REMEDIES LIMITED,1525.0,1595.0,1525.0,1574.8,1524.1,3.33,36250,57086501.77
2026-02-23,COSMOFIRST,EQ,INE757A01017,COSMO FIRST LIMITED,671.55,695.0,660.6,664.55,673.05,-1.26,50036,33251423.19
2026-02-23,CPCAP,EQ,INE521J01018,CP CAPITAL LIMITED,98.9,98.9,94.1,94.76,95.18,-0.44,6647,629869.73
2026-02-23,CPEDU,EQ,INE0P6P01016,CAREER POINT EDUTECH LTD,201.0,220.0,197.0,215.2,201.9,6.59,13493,2903693.56
2026-02-23,CPPLUS,EQ,INE819V01029,ADITYA INFOTECH LIMITED,1548.0,1548.0,1493.1,1504.9,1499.9,0.33,112893,169892678.46
2026-02-23,CPSEETF,EQ,INF457M01133,CPSE ETF,101.63,105.0,101.35,101.94,101.63,0.31,2523219,257216951.02
2026-02-23,CRAFTSMAN,EQ,INE00LO01017,CRAFTSMAN AUTOMATION LTD,8070.0,8115.0,7965.0,8009.0,8038.0,-0.36,27952,223867568.0
2026-02-23,CRAMC,EQ,INE218I01013,CANARA ROBECO AMC LIMITED,259.1,261.0,255.6,258.3,259.1,-0.31,212705,54941698.9
2026-02-23,CREATIVEYE,EQ,INE230B01021,CREATIVE EYE LIMITED,6.97,6.97,6.65,6.7,6.8,-1.47,1691,11329.7
2026-02-23,CREDITACC,EQ,INE741K01010,CREDITACCESS GRAMEEN LTD,1295.9,1333.8,1280.0,1294.3,1285.9,0.65,354667,459045515.42
2026-02-23,CREST,EQ,INE559D01011,CREST VENTURES LIMITED,354.0,354.0,336.0,342.0,340.4,0.47,25028,8559576.0
2026-02-23,CRESTO,EQ,INE203Y01012,CRESTO TECHNO LIMITED,19.01,19.2,18.81,19.09,18.72,1.98,2085,39802.65
2026-02-23,CRISIL,EQ,INE007A01025,CRISIL LTD,4567.0,4650.3,4550.0,4606.4,4567.0,0.86,49293,227063270.39
2026-02-23,CRIZAC,EQ,INE0S4R01014,CRIZAC LIMITED,239.95,239.95,231.75,232.45,236.65,-1.77,72452,16841467.18
2026-02-23,CROMPTON,EQ,INE299U01018,CROMPT GREA CON ELEC LTD,269.5,269.5,263.35,265.46,265.43,0.01,1685792,447510329.92
2026-02-23,CROWN,EQ,INE491V01019,CROWN LIFTERS LIMITED,130.0,130.05,122.47,125.92,124.57,1.08,14769,1859712.45
2026-02-23,CSBBANK,EQ,INE679A01013,CSB BANK LIMITED,387.5,390.0,376.95,379.65,384.85,-1.35,490384,186174282.61
2026-02-23,CSLFINANCE,EQ,INE718F01018,CSL FINANCE LIMITED,267.0,271.0,260.25,261.1,261.4,-0.11,22062,5760388.33
2026-02-23,CUB,EQ,INE491A01021,CITY UNION BANK LTD,211.27,219.6,211.24,218.29,211.27,3.32,3339842,729045780.96
2026-02-23,CUBEXTUB,EQ,INE144D01012,CUBEX TUBINGS LTD,110.35,112.63,105.32,105.89,110.35,-4.04,130373,13805196.89
2026-02-23,CUMMINSIND,EQ,INE298A01020,CUMMINS INDIA LTD,4797.9,4900.0,4769.9,4884.3,4733.9,3.18,1570603,7671295926.14
2026-02-23,CUPID,EQ,INE509F01029,CUPID LIMITED,85.15,85.55,83.83,84.57,85.07,-0.59,10037920,848906891.34
2026-02-23,CYIENT,EQ,INE136B01020,CYIENT LIMITED,995.0,998.8,971.3,982.0,988.6,-0.67,174985,171835270.0
2026-02-23,CYIENTDLM,EQ,INE055S01018,CYIENT DLM LIMITED,337.0,341.05,320.1,326.6,336.6,-2.97,224766,73408576.97
2026-02-23,DABUR,EQ,INE016A01026,DABUR INDIA LTD,509.0,515.95,507.3,514.35,509.7,0.91,1044529,537253465.65
2026-02-23,DALBHARAT,EQ,INE00R701025,DALMIA BHARAT LIMITED,2089.0,2108.1,2068.9,2090.8,2070.0,1.0,140186,293100895.65
2026-02-23,DALMIASUG,EQ,INE495A01022,DALMIA BHARAT SUG IN LTD,283.85,286.55,280.6,282.55,283.85,-0.46,44632,12610771.06
2026-02-23,DAMCAPITAL,EQ,INE284H01025,DAM CAPITAL ADVISORS LTD,164.9,165.44,160.0,160.6,163.8,-1.95,282155,45314094.72
2026-02-23,DANGEE,EQ,INE688Y01022,DANGEE DUMS LIMITED,3.22,3.26,3.09,3.12,3.21,-2.8,45576,142197.11
2026-02-23,DATAMATICS,EQ,INE365B01017,DATAMATICS GLOBAL SER LTD,788.95,857.9,774.95,828.95,792.35,4.62,1238988,1027059117.72
2026-02-23,DATAPATTNS,EQ,INE0IX101010,DATA PATTERNS INDIA LTD,3014.5,3075.0,2970.9,3061.4,2984.6,2.57,805767,2466775015.11
2026-02-23,DAVANGERE,EQ,INE179G01029,DAVANGERE SUGAR COMPANY L,4.15,4.36,4.15,4.29,4.19,2.39,3932773,16871596.02
2026-02-23,DBCORP,EQ,INE950I01011,D.B.CORP LTD,228.4,228.51,222.21,226.14,227.05,-0.4,33704,7621822.54
2026-02-23,DBEIL,EQ,INE0OPA01027,DEEPAK BUILDERS & ENG I L,8.68,8.68,8.35,8.39,8.58,-2.23,242940,2038266.68
2026-02-23,DBL,EQ,INE917M01012,DILIP BUILDCON LIMITED,448.0,450.95,436.35,443.75,447.95,-0.94,125059,55494931.25
2026-02-23,DBOL,EQ,INE0I3401014,DHAMPUR BIO ORGANICS LTD,99.1,108.0,97.38,105.19,97.62,7.75,781293,82184212.58
2026-02-23,DBREALTY,EQ,INE879I01012,VALOR ESTATE LIMITED,118.5,122.1,114.48,116.95,117.4,-0.38,1500147,175442187.07
2026-02-23,DCAL,EQ,INE385W01011,DISHMAN CARBO AMCIS LTD,185.5,190.28,180.0,181.29,182.28,-0.54,183933,33345212.34
2026-02-23,DCBBANK,EQ,INE503A01015,DCB BANK LIMITED,192.1,193.86,188.05,190.19,191.04,-0.44,1209104,229959492.71
2026-02-23,DCI,EQ,INE0A1101019,DC INFOTECH AND COMUN LTD,274.0,280.79,271.01,272.73,273.2,-0.17,18104,4937504.12
2026-02-23,DCM,EQ,INE498A01018,DCM LTD,81.01,83.9,81.01,81.32,82.76,-1.74,4768,387733.76
2026-02-23,DCMFINSERV,EQ,INE891B01012,DCM FINANCIAL SERVICES LT,4.44,5.18,4.33,4.59,4.46,2.91,25687,117903.33
2026-02-23,DCMNVL,EQ,INE08KP01019,DCM NOUVELLE LIMITED,139.23,140.0,136.33,137.09,139.23,-1.54,2765,379053.84
2026-02-23,DCMSHRIRAM,EQ,INE499A01024,DCM SHRIRAM LIMITED,1081.0,1099.9,1073.3,1093.6,1091.9,0.16,28392,31049490.51
2026-02-23,DCMSIL,EQ,INE0OU201013,DCM SHRIRAM INTERNATNL L,63.45,63.45,57.41,63.45,60.43,5.0,291987,18526575.37
2026-02-23,DCMSRIND,EQ,INE843D01027,DCM SHRIRAM IND LTD,37.3,37.95,35.75,36.08,36.9,-2.22,180121,6498766.01
2026-02-23,DCW,EQ,INE500A01029,DCW LTD,51.0,53.87,50.49,52.17,50.38,3.55,2178123,113632672.92
2026-02-23,DCXINDIA,EQ,INE0KL801015,DCX SYSTEMS LIMITED,179.77,180.39,174.0,176.34,180.42,-2.26,392648,69239546.88
2026-02-23,DDEVPLSTIK,EQ,INE0HR601026,DDEV PLASTIKS IND LTD,280.85,285.0,276.6,278.85,280.85,-0.71,56707,15812747.3
2026-02-23,DECCANCE,EQ,INE583C01021,DECCAN CEMENTS LIMITED,690.0,697.9,673.05,689.55,689.95,-0.06,11319,7805016.31
2026-02-23,DEEDEV,EQ,INE841L01016,DEE DEVELOPMENT ENG LTD,241.26,276.61,241.1,256.52,230.51,11.28,56149617,14403499135.96
2026-02-23,DEEPAKFERT,EQ,INE501A01019,DEEPAK FERTILIZERS & PETR,1011.0,1016.5,991.8,1000.0,1000.5,-0.05,149782,149782000.0
2026-02-23,DEEPAKNTR,EQ,INE288B01029,DEEPAK NITRITE LTD,1604.0,1629.4,1604.0,1616.6,1604.0,0.79,63649,102894971.85
2026-02-23,DEEPINDS,EQ,INE0FHS01024,DEEP INDUSTRIES LIMITED,375.5,379.3,364.0,367.0,373.05,-1.62,104906,38500502.0
2026-02-23,DELHIVERY,EQ,INE148O01028,DELHIVERY LIMITED,434.3,435.45,429.6,433.95,430.95,0.7,1095945,475585346.13
2026-02-23,DELTACORP,EQ,INE124G01033,DELTA CORP LIMITED,65.32,65.98,64.0,64.6,65.44,-1.28,882451,57006333.25
2026-02-23,DELTAMAGNT,EQ,INE393A01011,DELTA MANUFACTURING LTD,59.4,62.0,59.4,61.14,61.41,-0.44,782,47811.48
2026-02-23,DEN,EQ,INE947J01015,DEN NETWORKS LTD,29.0,29.0,28.3,28.41,28.48,-0.25,252015,7159746.11
2026-02-23,DENORA,EQ,INE244A01016,DE NORA INDIA LIMITED,610.75,627.0,610.7,618.6,610.7,1.29,7375,4562174.82
2026-02-23,DENTA,EQ,INE0R4L01018,DENTA WATER N INFRA SOL L,260.65,261.85,250.2,251.75,252.85,-0.44,151675,38184181.25
2026-02-23,DEVIT,EQ,INE060X01034,DEV INFO TECHNOLOGY LTD,25.7,26.59,24.86,25.23,26.1,-3.33,201056,5072642.79
2026-02-23,DEVX,EQ,INE0VOV01021,DEV ACCELERATOR LIMITED,41.7,42.74,41.3,42.36,41.23,2.74,121939,5165336.11
2026-02-23,DEVYANI,EQ,INE872J01023,DEVYANI INTERNATIONAL LTD,133.45,134.23,131.99,133.13,133.0,0.1,678035,90266802.86
2026-02-23,DGCONTENT,EQ,INE03JI01017,DIGICONTENT LIMITED,28.38,28.98,27.51,28.5,27.81,2.48,691,19693.5
2026-02-23,DHAMPURSUG,EQ,INE041A01016,DHAMPUR SUGAR MILLS LTD.,113.82,115.98,113.75,115.44,113.42,1.78,144575,16689738.35
2026-02-23,DHANBANK,EQ,INE680A01011,DHANLAXMI BANK LIMITED,23.88,24.15,23.73,23.87,23.86,0.04,442168,10554550.53
2026-02-23,DHANUKA,EQ,INE435G01025,DHANUKA AGRITECH LTD,1090.7,1109.9,1081.8,1101.7,1093.7,0.73,30530,33634899.51
2026-02-23,DHARMAJ,EQ,INE00OQ01016,DHARMAJ CROP GUARD LTD,237.4,237.4,231.41,234.89,235.2,-0.13,18778,4410764.41
2026-02-23,DHRUV,EQ,INE506Z01015,DHRUV CONSULTANCY SER LTD,26.5,28.0,25.36,26.9,25.98,3.54,93174,2506380.56
2026-02-23,DHUNINV,EQ,INE320L01011,DHUNSERI INVESTMENTS LTD,1000.0,1003.2,955.0,972.9,987.6,-1.49,1485,1444756.54
2026-02-23,DIAMINESQ,EQ,INE591D01014,DIAMINES & CHEMICALS LTD,236.7,239.9,235.0,235.9,236.7,-0.34,730,172207.0
2026-02-23,DIAMONDYD,EQ,INE393P01035,PRATAAP SNACKS LIMITED,1081.8,1098.0,1068.7,1073.9,1077.5,-0.33,15380,16516582.38
2026-02-23,DICIND,EQ,INE303A01010,DIC INDIA LIMITED,550.5,568.05,550.35,565.0,550.35,2.66,6470,3655550.0
2026-02-23,DIFFNKG,EQ,INE184O01015,DIFFUSION ENGINEERS LTD,274.0,275.37,265.2,268.94,273.18,-1.55,42951,11551242.04
2026-02-23,DIGIDRIVE,EQ,INE0PSC01024,DIGIDRIVE DISTRIBUTORS L,22.2,23.6,20.8,21.48,22.76,-5.62,76472,1642618.52
2026-02-23,DIGISPICE,EQ,INE927C01020,DIGISPICE TECHNOLOGIES LT,19.96,20.7,19.6,20.14,19.96,0.9,81599,1643403.81
2026-02-23,DIGITIDE,EQ,INE0U4701011,DIGITIDE SOLUTIONS LTD,105.7,107.0,99.8,103.35,105.45,-1.99,356389,36832802.61
2026-02-23,DISHTV,EQ,INE836F01026,DISH TV INDIA LTD.,3.0,3.05,3.0,3.02,3.01,0.33,1613039,4871377.75
2026-02-23,DIVGIITTS,EQ,INE753U01022,DIVGI TORQTRANSFER SYST L,782.3,795.0,760.5,766.35,781.5,-1.94,23637,18114214.37
2026-02-23,DIVIDEND,EQ,INF769K01PY8,MIRAEAMC - DIVIDEND,36.61,36.63,36.2,36.43,36.43,0.0,4341,158142.63
2026-02-23,DIVISLAB,EQ,INE361B01024,DIVI S LABORATORIES LTD,6337.0,6343.5,6245.5,6293.5,6291.0,0.04,97285,612263147.5
2026-02-23,DIVOPPBEES,EQ,INF204KA1MS3,NIP IND ETF DIV OPP,83.5,83.78,82.57,83.27,83.23,0.05,46406,3864227.46
2026-02-23,DIXON,EQ,INE935N01020,DIXON TECHNO (INDIA) LTD,11100.0,11130.0,10567.0,10599.0,11072.0,-4.27,644642,6832560558.0
2026-02-23,DJML,EQ,INE0B1K01014,DJ MEDIAPRINT & LOG LTD,91.93,93.0,88.8,92.3,90.4,2.1,15858,1463693.45
2026-02-23,DLF,EQ,INE271C01023,DLF LIMITED,632.5,634.0,622.85,626.3,629.3,-0.48,1932609,1210392993.11
2026-02-23,DLINKINDIA,EQ,INE250K01012,D-LINK INDIA LTD,414.55,421.45,406.2,409.15,411.75,-0.63,64728,26483460.8
2026-02-23,DMART,EQ,INE192R01011,AVENUE SUPERMARTS LIMITED,3889.0,3900.0,3810.3,3845.3,3866.4,-0.55,438695,1686913904.92
2026-02-23,DMCC,EQ,INE505A01010,DMCC SPECIALITY CHEMICALS,249.8,249.8,228.57,230.38,243.07,-5.22,19567,4507845.56
2026-02-23,DNAMEDIA,EQ,INE016M01021,DILIGENT MEDIA CORP LTD.,3.32,3.55,3.32,3.41,3.4,0.29,18912,64489.92
2026-02-23,DODLA,EQ,INE021O01019,DODLA DAIRY LIMITED,1161.0,1184.0,1158.2,1164.2,1162.8,0.12,10901,12690943.67
2026-02-23,DOLATALGO,EQ,INE966A01022,DOLAT ALGOTECH LIMITED,75.6,77.0,74.51,76.12,75.21,1.21,137591,10473427.3
2026-02-23,DOLLAR,EQ,INE325C01035,DOLLAR INDUSTRIES LIMITED,302.9,307.0,297.65,302.4,301.45,0.32,32366,9787478.2
2026-02-23,DOLLEX,EQ,INE0JHH01011,DOLLEX AGROTECH LIMITED,36.6,36.6,33.5,36.55,36.75,-0.54,16000,584799.99
2026-02-23,DOLPHIN,EQ,INE920A01037,DOLPHIN OFF ENT (IND) L,447.9,453.7,407.5,412.85,437.4,-5.61,21712,8963799.33
2026-02-23,DOMS,EQ,INE321T01012,DOMS INDUSTRIES LIMITED,2313.0,2315.1,2285.0,2298.0,2313.0,-0.65,20764,47715672.0
2026-02-23,DONEAR,EQ,INE668D01028,DONEAR IND. LIMITED,93.16,94.49,91.8,92.22,93.35,-1.21,19176,1768410.74
2026-02-23,DPABHUSHAN,EQ,INE266Y01019,D. P. ABHUSHAN LIMITED,1215.1,1252.0,1208.2,1236.0,1213.0,1.9,24925,30807300.0
2026-02-23,DRCSYSTEMS,EQ,INE03RS01027,DRC SYSTEMS INDIA LIMITED,16.98,17.1,16.1,16.15,16.6,-2.71,68436,1105241.37
2026-02-23,DREAMFOLKS,EQ,INE0JS101016,DREAMFOLKS SERVICES LTD,85.38,86.92,84.0,84.39,85.38,-1.16,105603,8911837.11
2026-02-23,DREDGECORP,EQ,INE506A01018,DREDGING CORP OF INDIA,960.0,973.1,925.0,933.2,957.1,-2.5,146640,136844449.79
2026-02-23,DRREDDY,EQ,INE089A01031,DR. REDDY S LABORATORIES,1290.0,1313.5,1282.1,1307.4,1280.4,2.11,1849756,2418371039.56
2026-02-23,DSSL,EQ,INE417B01040,DYNACONS SYS & SOLN LTD,947.0,954.45,936.1,946.4,946.45,-0.01,22586,21375390.95
2026-02-23,DUCON,EQ,INE741L01018,DUCON INFRATECHNOLOGIES L,3.58,3.59,3.42,3.44,3.58,-3.91,736952,2535114.92
2026-02-23,DVL,EQ,INE477B01010,DHUNSERI VENTURES LIMITED,250.0,255.8,248.2,252.9,247.65,2.12,20982,5306347.67
2026-02-23,DWARKESH,EQ,INE366A01041,DWARIKESH SUGAR IND LTD,36.16,36.3,35.26,35.6,36.16,-1.55,237510,8455355.64
2026-02-23,DYCL,EQ,INE600Y01019,DYNAMIC CABLES LIMITED,287.9,289.9,281.85,285.05,282.55,0.88,245548,69993454.4
2026-02-23,DYNAMATECH,EQ,INE221B01012,DYNAMATIC TECHNOLOGIES,10106.5,10325.0,9942.5,10066.0,9952.0,1.15,25607,257760062.0
2026-02-23,DYNPRO,EQ,INE256H01015,DYNEMIC PRODUCTS LIMITED,224.57,230.52,222.0,224.81,225.69,-0.39,20167,4533743.22
2026-02-23,EASEMYTRIP,EQ,INE07O001026,EASY TRIP PLANNERS LTD,9.7,9.7,9.0,9.14,9.3,-1.72,57593283,526402626.39
2026-02-23,EBANKNIFTY,EQ,INF754K01TE4,EDELAMC - EBANKNIFTY,62.0,62.0,61.35,61.42,61.39,0.05,550,33781.0
2026-02-23,EBBETF0430,EQ,INF754K01KO2,EDELAMC - EBBETF0430,1567.14,1572.96,1545.74,1572.01,1570.27,0.11,9776,15367969.86
2026-02-23,EBBETF0431,EQ,INF754K01LE1,EDELAMC - EBBETF0431,1401.78,1407.17,1400.61,1406.02,1399.25,0.48,10866,15277813.53
2026-02-23,EBBETF0433,EQ,INF754K01QX0,EDELAMC - EBBETF0433,1278.16,1280.0,1275.09,1277.92,1280.63,-0.21,5061,6467553.34
2026-02-23,EBGNG,EQ,INE18JU01028,GNG ELECTRONICS LIMITED,365.0,378.5,359.8,374.35,360.85,3.74,436984,163584963.07
2026-02-23,ECAPINSURE,EQ,INF754K01TX4,EDELAMC - ECAPINSURE,24.51,24.72,24.45,24.59,24.39,0.82,51701,1271327.6
2026-02-23,ECLERX,EQ,INE738I01010,ECLERX SERVICES LTD,1787.5,1797.45,1728.55,1736.25,1776.75,-2.28,148390,257642137.5
2026-02-23,ECOSMOBLTY,EQ,INE06HJ01020,ECOS (INDIA) MOB & HOSP L,159.5,161.34,155.43,159.57,158.13,0.91,280273,44723164.66
2026-02-23,EDELWEISS,EQ,INE532F01054,EDELWEISS FIN SERV LTD,123.04,127.9,121.4,123.18,121.1,1.72,10002022,1232049073.01
2026-02-23,EFCIL,EQ,INE886D01026,EFC (I) LIMITED,263.05,273.65,260.0,264.8,263.05,0.67,350621,92844436.52
2026-02-23,EGOLD,EQ,INF754K01SE6,EDELAMC - EGOLD,158.3,158.35,155.3,156.65,153.7,1.92,37936,5942674.17
2026-02-23,EICHERMOT,EQ,INE066A01021,EICHER MOTORS LTD,7990.0,8057.5,7937.5,8038.5,7936.5,1.29,247249,1987511086.5
2026-02-23,EIDPARRY,EQ,INE126A01031,EID PARRY INDIA LTD,889.9,899.6,877.25,885.2,886.9,-0.19,158409,140223648.73
2026-02-23,EIEL,EQ,INE0LLY01014,ENVIRO INFRA ENGINEERS L,163.0,166.9,161.14,163.48,160.93,1.58,651008,106426785.06
2026-02-23,EIHAHOTELS,EQ,INE276C01014,EIH ASSOCIATED HOTELS LTD,336.1,337.7,333.5,336.45,337.8,-0.4,11823,3977848.49
2026-02-23,EIHOTEL,EQ,INE230A01023,EIH LIMITED,327.0,329.6,319.95,323.6,326.6,-0.92,168089,54393601.43
2026-02-23,EIMCOELECO,EQ,INE158B01016,EIMCO ELECON (INDIA) LTD,1656.8,1656.8,1586.0,1596.5,1611.1,-0.91,10405,16611582.5
2026-02-23,EKC,EQ,INE184H01027,EVEREST KANTO CYLINDERLTD,119.99,119.99,115.2,116.69,118.2,-1.28,195772,22844635.16
2026-02-23,ELDEHSG,EQ,INE668G01021,ELDECO HSG & IND LTD.,925.2,925.2,880.0,882.8,907.05,-2.67,451,398142.79
2026-02-23,ELECON,EQ,INE205B01031,ELECON ENG. CO. LTD,423.05,431.8,423.0,426.35,421.3,1.2,166681,71064445.37
2026-02-23,ELECTCAST,EQ,INE086A01029,ELECTROSTEEL CASTINGS LTD,70.72,71.72,69.8,69.95,70.5,-0.78,638686,44676083.75
2026-02-23,ELECTHERM,EQ,INE822G01016,ELECTROTHERM (I) LTD.,734.85,759.0,715.9,729.2,734.85,-0.77,7302,5324618.49
2026-02-23,ELGIEQUIP,EQ,INE285A01027,ELGI EQUIPMENTS LTD,535.0,552.5,532.05,549.35,532.25,3.21,885028,486190110.19
2026-02-23,ELGIRUBCO,EQ,INE819L01012,ELGI RUBBER CO. LTD,40.95,40.95,38.86,39.12,39.48,-0.91,11173,437087.75
2026-02-23,ELIN,EQ,INE050401020,ELIN ELECTRONICS LIMITED,136.1,137.11,132.55,133.43,136.1,-1.96,63149,8425970.61
2026-02-23,ELIQUID,EQ,INF754K01VW2,EDELAMC - ELIQUID,1019.7,1019.7,1019.7,1019.7,1019.3,0.04,0,0.0
2026-02-23,ELLEN,EQ,INE236E01022,ELLENBARRIE INDUS GASES L,245.55,245.6,238.2,240.9,241.95,-0.43,72715,17517043.06
2026-02-23,EMAMILTD,EQ,INE548C01032,EMAMI LIMITED,479.75,483.8,475.15,479.75,479.6,0.03,307732,147634427.0
2026-02-23,EMAMIREAL,EQ,INE778K01012,EMAMI REALTY LIMITED,66.0,68.0,64.4,67.1,66.92,0.27,6063,406827.29
2026-02-23,EMBDL,EQ,INE069I01010,EMBASSY DEVELOPMENTS LTD,61.0,61.88,59.56,60.96,60.93,0.05,1465298,89324564.74
2026-02-23,EMCURE,EQ,INE168P01015,EMCURE PHARMACEUTICALS L,1415.0,1438.3,1386.3,1435.6,1437.9,-0.16,228757,328403543.62
2026-02-23,EMIL,EQ,INE02YR01019,ELECTRONICS MART IND LTD,102.13,104.5,101.0,102.6,100.97,1.61,453710,46550645.31
2026-02-23,EMKAY,EQ,INE296H01011,EMKAY GLOBAL FIN SERV LTD,233.25,241.8,233.25,235.4,233.2,0.94,10430,2455221.94
2026-02-23,EMMVEE,EQ,INE1C6T01020,EMMVEE PHOTOVOLTAIC PWR L,214.5,216.66,210.0,210.57,210.66,-0.04,480025,101078867.77
2026-02-23,EMSLIMITED,EQ,INE0OV601013,EMS LIMITED,310.0,320.5,307.0,310.55,307.4,1.02,163663,50825542.65
2026-02-23,EMUDHRA,EQ,INE01QM01018,EMUDHRA LIMITED,467.0,473.95,459.95,463.6,466.2,-0.56,181440,84115585.11
2026-02-23,EMULTIMQ,EQ,INF754K01TF1,EDELAMC - EMULTIMQ,41.38,41.48,40.86,41.01,41.05,-0.1,19504,799859.01
2026-02-23,ENDURANCE,EQ,INE913H01037,ENDURANCE TECHNO. LTD.,2469.8,2600.0,2469.8,2554.8,2465.2,3.63,184909,472405522.23
2026-02-23,ENERGY,EQ,INF769K01PR2,MIRAEAMC - ENERGY,36.87,36.87,36.87,36.87,36.71,0.44,0,0.0
2026-02-23,ENERGYDEV,EQ,INE306C01019,ENERGY DEVE. CO.LTD,17.09,17.09,16.2,16.76,16.68,0.48,33286,557873.37
2026-02-23,ENGINERSIN,EQ,INE510A01028,ENGINEERS INDIA LTD,216.9,222.76,214.4,217.01,214.9,0.98,9554558,2073434579.1
2026-02-23,ENIL,EQ,INE265F01028,ENTERTAIN NET. IND. LTD.,106.02,107.41,106.0,106.07,106.61,-0.51,5406,573414.42
2026-02-23,ENRIN,EQ,INE1NPP01017,SIEMENS ENERGY INDIA LTD,2805.0,2834.6,2771.3,2815.7,2774.6,1.48,163658,460811822.61
2026-02-23,ENTERO,EQ,INE010601016,ENTERO HEALTHCARE SOLU L,1079.2,1079.2,1047.1,1062.0,1079.2,-1.59,48466,51470892.0
2026-02-23,EPACK,EQ,INE0G5901015,EPACK DURABLE LIMITED,252.7,254.0,242.42,246.66,251.73,-2.01,398505,98295244.76
2026-02-23,EPACKPEB,EQ,INE0MLS01022,EPACK PREFAB TECHN LTD,188.1,193.05,183.8,186.05,188.33,-1.21,598511,111352973.38
2026-02-23,EPIGRAL,EQ,INE071N01016,EPIGRAL LIMITED,942.0,970.0,931.4,964.0,940.4,2.51,70697,68151908.0
2026-02-23,EPL,EQ,INE255A01020,EPL LIMITED,214.0,217.1,213.03,216.67,212.7,1.87,173792,37655512.32
2026-02-23,EQUAL200,EQ,INF769K01OA1,MIRAEAMC - EQUAL200,13.45,13.45,13.45,13.45,13.41,0.29,0,0.0
2026-02-23,EQUAL50,EQ,INF769K01OO2,MIRAEAMC - EQUAL50,337.64,337.64,337.64,337.64,335.98,0.49,0,0.0
2026-02-23,EQUAL50ADD,EQ,INF740KA1QK2,DSPAMC - DSPNEWETF,349.47,349.99,346.2,348.55,346.15,0.69,705615,245942099.64
2026-02-23,EQUITASBNK,EQ,INE063P01018,EQUITAS SMALL FIN BNK LTD,67.67,67.67,64.1,66.45,67.44,-1.47,4589018,304940232.1
2026-02-23,ERIS,EQ,INE406M01024,ERIS LIFESCIENCES LIMITED,1342.4,1358.8,1327.0,1352.7,1342.4,0.77,78830,106633337.15
2026-02-23,ESABINDIA,EQ,INE284A01012,ESAB INDIA LTD,5486.0,5532.5,5472.0,5496.0,5486.0,0.18,1922,10563312.0
2026-02-23,ESCORTS,EQ,INE042A01014,ESCORTS KUBOTA LIMITED,3445.0,3559.0,3440.1,3483.9,3417.8,1.93,152786,532291130.48
2026-02-23,ESG,EQ,INF769K01GS9,MIRAEAMC - MAESGETF,44.07,44.07,43.02,43.13,43.0,0.3,83187,3587855.4
2026-02-23,ESILVER,EQ,INF754K01SF3,EDELAMC - ESILVER,261.28,266.3,257.0,260.41,246.66,5.57,189995,49476598.65
2026-02-23,ESSARSHPNG,EQ,INE122M01019,ESSAR SHIPPING LTD,26.98,28.0,26.9,27.0,26.98,0.07,110044,2971188.0
2026-02-23,ESSENTIA,EQ,INE418N01035,INTEGRA ESSENTIA LIMITED,1.41,1.44,1.38,1.38,1.42,-2.82,1058244,1460376.71
2026-02-23,ESTER,EQ,INE778B01029,ESTER INDUSTRIES LTD,100.5,101.75,98.62,98.84,100.83,-1.97,28962,2862603.97
2026-02-23,ETERNAL,EQ,INE758T01015,ETERNAL LIMITED,270.25,271.75,264.85,268.0,269.45,-0.54,34454292,9233750256.0
2026-02-23,ETHOSLTD,EQ,INE04TZ01018,ETHOS LIMITED,2462.1,2519.1,2421.2,2454.7,2462.1,-0.3,11503,28236413.54
2026-02-23,EUREKAFORB,EQ,INE0KCE01017,EUREKA FORBES LIMITED,515.0,515.0,500.0,501.8,514.55,-2.48,129594,65030267.62
2026-02-23,EUROBOND,EQ,INE505V01016,EURO PANEL PRODUCTS LTD,174.0,184.24,169.99,170.38,170.29,0.05,3378,575543.66
2026-02-23,EUROPRATIK,EQ,INE198501012,EURO PRATIK SALES LIMITED,257.3,257.3,247.67,249.89,258.74,-3.42,69349,17329621.57
2026-02-23,EVEREADY,EQ,INE128A01029,EVEREADY INDS. IND.  LTD.,326.85,330.7,325.5,327.15,325.7,0.45,312199,102135900.94
2026-02-23,EVINDIA,EQ,INF769K01LQ3,MIRAEAMC - EVINDIA,31.58,31.58,30.67,30.84,30.66,0.59,230795,7117717.84
2026-02-23,EXCELINDUS,EQ,INE369A01029,EXCEL INDUSTRIES LTD,940.1,959.5,926.1,952.0,935.5,1.76,11983,11407816.0
2026-02-23,EXCELSOFT,EQ,INE606N01019,EXCELSOFT TECHNOLOGIES L,84.55,86.7,82.51,82.88,85.36,-2.91,1092553,90550789.64
2026-02-23,EXICOM,EQ,INE777F01014,EXICOM TELE SYSTEMS LTD,97.0,97.0,93.6,94.39,95.66,-1.33,185829,17540399.2
2026-02-23,EXIDEIND,EQ,INE302A01020,EXIDE INDUSTRIES LTD,336.45,339.35,335.0,338.4,336.45,0.58,770938,260885414.49
2026-02-23,EXPLEOSOL,EQ,INE201K01015,EXPLEO SOLUTIONS LIMITED,829.15,835.0,820.05,825.45,829.15,-0.45,18117,14954677.87
2026-02-23,EXXARO,EQ,INE0GFE01026,EXXARO TILES LIMITED,6.95,7.16,6.87,7.07,6.97,1.43,521358,3686001.15
2026-02-23,FABTECH,EQ,INE0HF201011,FABTECH TECHNOLOGIES LTD,155.8,158.0,151.6,153.44,155.77,-1.5,109116,16742759.31
2026-02-23,FACT,EQ,INE188A01015,FACT LTD,781.85,794.15,771.0,773.7,781.05,-0.94,56010,43334937.68
2026-02-23,FAZE3Q,EQ,INE963C01033,FAZE THREE LIMITED,576.6,594.0,506.85,514.85,551.95,-6.72,126871,65319531.25
2026-02-23,FCL,EQ,INE045J01034,FINEOTEX CHEMICAL LIMITED,25.05,25.23,24.05,24.34,24.91,-2.29,1833294,44622376.24
2026-02-23,FCSSOFT,EQ,INE512B01022,FCS SOFTWARE SOLN. LTD.,1.68,1.73,1.64,1.65,1.67,-1.2,2064696,3406748.35
2026-02-23,FDC,EQ,INE258B01022,FDC LIMITED,370.3,383.0,355.35,374.15,368.9,1.42,92903,34759656.88
2026-02-23,FEDERALBNK,EQ,INE171A01029,FEDERAL BANK LTD,293.9,296.6,288.0,296.2,292.6,1.23,6561111,1943401158.29
2026-02-23,FEDFINA,EQ,INE007N01010,FEDBANK FINANCIAL SER L,134.08,137.7,132.96,134.21,134.04,0.13,542626,72825839.1
2026-02-23,FIBERWEB,EQ,INE296C01020,FIBERWEB INDIA LIMITED,44.25,44.26,43.0,43.55,43.22,0.76,18841,820525.54
2026-02-23,FIEMIND,EQ,INE737H01014,FIEM INDUSTRIES LIMITED,2337.0,2390.0,2235.3,2247.6,2282.6,-1.53,106231,238764805.97
2026-02-23,FILATEX,EQ,INE816B01035,FILATEX INDIA LTD,46.29,47.19,45.45,45.94,46.55,-1.31,442825,20343379.89
2026-02-23,FILATFASH,EQ,INE185E01021,FILATEX FASHIONS LIMITED,0.24,0.25,0.22,0.22,0.24,-8.33,139082456,30598140.15
2026-02-23,FINCABLES,EQ,INE235A01022,FINOLEX CABLES LTD,798.8,832.2,795.9,825.2,791.9,4.21,526460,434434798.43
2026-02-23,FINEORG,EQ,INE686Y01026,FINE ORGANIC IND. LTD.,4470.4,4660.0,4461.1,4647.5,4470.4,3.96,21430,99595925.0
2026-02-23,FINIETF,EQ,INF109KC17L8,ICICIPRAMC-ICICIFIN,32.68,32.9,32.3,32.66,32.38,0.86,301339,9841731.69
2026-02-23,FINKURVE,EQ,INE734I01027,FINKURVE FINANCIAL SERV L,82.8,82.8,80.01,81.98,81.17,1.0,8325,682483.53
2026-02-23,FINOPB,EQ,INE02NC01014,FINO PAYMENTS BANK LTD,220.12,220.12,210.0,211.89,213.08,-0.56,174509,36976711.9
2026-02-23,FINPIPE,EQ,INE183A01024,FINOLEX INDUSTRIES LTD,190.3,190.58,184.84,186.66,189.89,-1.7,320669,59856076.71
2026-02-23,FIRSTCRY,EQ,INE02RE01045,BRAINBEES SOLUTIONS LTD,220.35,222.95,216.1,218.05,219.35,-0.59,3342030,728729651.7
2026-02-23,FISCHER,EQ,INE771F01041,FISCHER MEDICAL VENTURE L,40.9,41.67,38.38,41.08,39.77,3.29,1984844,81537395.15
2026-02-23,FIVESTAR,EQ,INE128S01021,FIVE-STAR BUS FIN LTD,444.95,448.4,433.05,435.35,439.7,-0.99,658403,286635750.07
2026-02-23,FLAIR,EQ,INE00Y201027,FLAIR WRITING INDUST LTD,315.0,318.95,315.0,316.0,315.1,0.29,57139,18055924.0
2026-02-23,FLUOROCHEM,EQ,INE09N301011,GUJARAT FLUOROCHEM LTD,3424.7,3510.0,3381.2,3497.8,3425.7,2.1,51983,181826139.94
2026-02-23,FMCGIETF,EQ,INF109KC19V3,ICICIPRAMC - ICICIFMCG,55.87,55.87,55.32,55.65,55.41,0.43,1621124,90215553.07
2026-02-23,FMGOETZE,EQ,INE529A01010,FEDERAL-MOGUL GOETZE (IND,426.55,434.95,415.95,416.7,425.05,-1.96,62823,26178344.87
2026-02-23,FMNL,EQ,INE360L01017,FUTURE MKT NETWORKS LTD,8.97,8.97,8.22,8.72,8.56,1.87,30628,267076.17
2026-02-23,FOODSIN,EQ,INE976E01023,FOODS & INNS LIMITED,62.67,62.67,60.0,60.7,61.83,-1.83,51369,3118098.34
2026-02-23,FORCEMOT,EQ,INE451A01017,FORCE MOTORS LIMITED,24800.0,24900.0,24152.0,24452.0,24475.0,-0.09,76737,1876373124.0
2026-02-23,FORTIS,EQ,INE061F01013,FORTIS HEALTHCARE LTD,921.0,932.15,914.9,919.7,921.0,-0.14,1580750,1453815794.3
2026-02-23,FOSECOIND,EQ,INE519A01011,FOSECO INDIA LTD,4723.5,4780.5,4650.0,4687.2,4723.5,-0.77,628,2943561.72
2026-02-23,FRACTAL,EQ,INE212S01015,FRACTAL ANALYTICS LIMITED,873.0,873.95,833.25,840.0,858.95,-2.21,734726,617169840.0
2026-02-23,FSL,EQ,INE684F01012,FIRSTSOURCE SOLU. LTD.,245.0,256.1,238.1,240.2,243.15,-1.21,2548253,612090362.82
2026-02-23,FUSION,EQ,INE139R01012,FUSION FINANCE LIMITED,183.93,185.25,178.0,183.67,182.95,0.39,298607,54845147.14
2026-02-23,GABRIEL,EQ,INE524A01029,GABRIEL INDIA LTD,955.95,976.0,947.3,972.2,952.3,2.09,192194,186851009.15
2026-02-23,GAEL,EQ,INE036B01030,GUJARAT AMBUJA EXPORTS LT,147.9,149.11,144.5,146.22,147.11,-0.6,1704622,249249830.92
2026-02-23,GAIL,EQ,INE129A01019,GAIL (INDIA) LTD,168.8,169.3,166.47,167.13,168.47,-0.8,7494561,1252566016.52
2026-02-23,GALAPREC,EQ,INE0RE001014,GALA PRECISION ENG LTD,782.0,797.7,756.15,765.8,781.1,-1.96,16490,12628041.8
2026-02-23,GALAXYSURF,EQ,INE600K01018,GALAXY SURFACTANTS LTD,1900.2,1955.0,1891.1,1947.2,1900.2,2.47,12937,25190925.77
2026-02-23,GALLANTT,EQ,INE297H01019,GALLANTT ISPAT LIMITED,569.15,589.0,551.5,558.85,569.15,-1.81,70008,39123969.09
2026-02-23,GANDHAR,EQ,INE717W01049,GANDHAR OIL REFINE IND L,144.83,145.7,141.9,142.83,143.68,-0.59,111241,15888552.23
2026-02-23,GANDHITUBE,EQ,INE524B01027,GANDHI SPL. TUBES LTD,888.0,923.2,886.2,903.45,888.35,1.7,12782,11547898.06
2026-02-23,GANECOS,EQ,INE845D01014,GANESHA ECOSPHERE LIMITED,742.1,789.0,737.1,761.7,742.05,2.65,58797,44785675.62
2026-02-23,GANESHCP,EQ,INE652V01016,GANESH CONSUMER PRODUCT L,184.0,185.79,177.01,179.66,182.23,-1.41,80534,14468738.73
2026-02-23,GANESHHOU,EQ,INE460C01014,GANESH HOUSING LIMITED,713.45,719.35,700.0,707.45,713.45,-0.84,34184,24183471.22
2026-02-23,GANGAFORGE,EQ,INE691Z01023,GANGA FORGING LIMITED,3.26,3.35,2.99,3.02,3.19,-5.33,2651233,8006723.61
2026-02-23,GANGESSECU,EQ,INE335W01016,GANGES SECURITIES LIMITED,129.98,129.99,125.18,128.07,129.99,-1.48,1860,238210.21
2026-02-23,GARFIBRES,EQ,INE276A01018,GARWARE TECH FIBRES LTD,663.5,670.65,650.7,656.15,657.9,-0.27,44202,29003143.38
2026-02-23,GARUDA,EQ,INE0JVO01026,GARUDA CONSTRUCT N ENG L,184.5,187.87,183.25,184.28,183.5,0.43,550308,101410757.57
2026-02-23,GATEWAY,EQ,INE079J01017,GATEWAY DISTRIPARKS LTD,59.71,63.19,59.51,60.42,59.71,1.19,2235835,135089146.61
2026-02-23,GAYAHWS,EQ,INE287Z01012,GAYATRI HIGHWAYS LIMITED,2.48,2.54,2.34,2.34,2.46,-4.88,664668,1555323.06
2026-02-23,GAYAPROJ,EQ,INE336H01023,GAYATRI PROJECTS LTD,12.7,12.7,12.7,12.7,12.7,0.0,86764,1101902.78
2026-02-23,GCSL,EQ,INE199P01028,GRETEX CORPORATE SERVICES,356.75,356.75,356.75,356.75,364.0,-1.99,1,356.75
2026-02-23,GEEKAYWIRE,EQ,INE669X01032,GEEKAY WIRES LIMITED,26.28,27.74,25.4,25.51,26.26,-2.86,56316,1436621.17
2026-02-23,GEMAROMA,EQ,INE06XZ01023,GEM AROMATICS LIMITED,195.0,205.0,195.0,196.65,195.07,0.81,218050,42879531.17
2026-02-23,GENCON,EQ,INE854S01022,GENERIC ENG CONS PROJ LTD,55.85,55.94,53.5,55.65,55.85,-0.36,642289,35743383.83
2026-02-23,GENESYS,EQ,INE727B01026,GENESYS INTL CORPN LTD,316.95,326.0,307.25,313.85,316.95,-0.98,311989,97917749.55
2026-02-23,GENUSPAPER,EQ,INE949P01018,GENUS P&B LIMITED,12.9,13.16,12.32,12.57,12.92,-2.71,185926,2337089.76
2026-02-23,GENUSPOWER,EQ,INE955D01029,GENUS POWER INFRASTRU LTD,265.0,265.0,258.0,261.05,260.35,0.27,231643,60470402.32
2026-02-23,GEOJITFSL,EQ,INE007B01023,GEOJIT FINANCIAL SER L,66.25,66.95,65.5,65.83,66.06,-0.35,219957,14479769.71
2026-02-23,GESHIP,EQ,INE017A01032,THE GE SHPG.LTD,1290.0,1317.3,1287.0,1299.2,1287.2,0.93,292267,379713272.13
2026-02-23,GFLLIMITED,EQ,INE538A01037,GFL LIMITED,47.0,47.9,47.0,47.31,47.75,-0.92,37609,1779281.84
2026-02-23,GHCL,EQ,INE539A01019,GHCL LIMITED,497.0,503.65,493.0,494.1,497.0,-0.58,74180,36652338.45
2026-02-23,GHCLTEXTIL,EQ,INE0PA801013,GHCL TEXTILES LIMITED,82.6,82.6,79.4,80.79,81.6,-0.99,231618,18712418.43
2026-02-23,GICHSGFIN,EQ,INE289B01019,GIC HOUSING FINANCE LTD,160.0,160.99,156.13,158.03,158.83,-0.5,80730,12757761.8
2026-02-23,GICRE,EQ,INE481Y01014,GENERAL INS CORP OF INDIA,383.75,390.75,382.15,389.85,380.8,2.38,446401,174029432.57
2026-02-23,GILLANDERS,EQ,INE047B01011,GILLANDERS ARBUTHNOT LTD,97.0,98.93,92.0,96.0,95.8,0.21,8235,790560.0
2026-02-23,GILLETTE,EQ,INE322A01010,GILLETTE INDIA LTD,8483.5,8693.0,8469.5,8623.0,8444.5,2.11,17219,148479437.0
2026-02-23,GILT10BETA,EQ,INF789F1AZF3,UTIAMC-GILT10BETA,25.84,26.11,25.84,25.92,26.0,-0.31,411,10653.12
2026-02-23,GILT5BETA,EQ,INF789F1AZE6,UTIAMC-GILT5BETA,63.81,65.02,63.81,65.02,64.48,0.84,292,18985.84
2026-02-23,GILT5YBEES,EQ,INF204KC1030,RELCAPAMC - NETFGILT5Y,64.42,64.42,64.02,64.33,64.27,0.09,184421,11863803.27
2026-02-23,GIPCL,EQ,INE162A01010,GUJ IND POW CO. LTD,138.25,141.39,137.35,138.86,137.76,0.8,157481,21867811.76
2026-02-23,GKENERGY,EQ,INE1AG301022,GK ENERGY LIMITED,122.0,124.9,120.17,121.15,119.81,1.12,596905,72315041.66
2026-02-23,GKSL,EQ,INE0V0W01025,GUJARAT KIDNEY N SUP SP L,112.0,114.29,110.6,111.87,110.77,0.99,714822,79967139.1
2026-02-23,GKWLIMITED,EQ,INE528A01020,GKW LIMITED,1674.4,1699.8,1661.6,1666.3,1682.8,-0.98,100,166630.0
2026-02-23,GLAND,EQ,INE068V01023,GLAND PHARMA LIMITED,1845.0,1845.0,1799.2,1802.8,1821.7,-1.04,28204,50846172.58
2026-02-23,GLAXO,EQ,INE159A01016,GLAXOSMITHKLINE PHARMA LT,2616.8,2668.8,2610.5,2638.6,2596.9,1.61,59249,156334417.19
2026-02-23,GLENMARK,EQ,INE935A01035,GLENMARK PHARMACEUTICALS,2043.2,2053.6,2021.8,2039.2,2043.2,-0.2,294221,599975448.83
2026-02-23,GLFL,EQ,INE540A01017,GUJARAT LEASE FINANCING L,6.65,6.96,6.62,6.62,6.96,-4.89,9554,63247.48
2026-02-23,GLOBAL,EQ,INE291W01037,GLOBAL EDUCATION LIMITED,109.1,112.35,107.6,109.83,107.0,2.64,150950,16578838.78
2026-02-23,GLOBALE,EQ,INE0URU01010,GLOBALE TESSILE LIMITED,11.9,11.93,11.36,11.52,11.48,0.35,3248,37416.96
2026-02-23,GLOBALVECT,EQ,INE792H01019,GLOBAL VEC HELICORP LTD,170.55,170.56,165.0,165.24,167.17,-1.15,13534,2236358.23
2026-02-23,GLOBE,EQ,INE581X01021,GLOBE ENTERPRISE (I) LTD,3.06,3.06,2.76,2.8,2.89,-3.11,486489,1362169.18
2026-02-23,GLOBECIVIL,EQ,INE0V3U01015,GLOBE CIVIL PROJECTS LTD,53.4,53.4,50.23,51.29,52.58,-2.45,110649,5675187.31
2026-02-23,GLOBUSSPR,EQ,INE615I01010,GLOBUS SPIRITS LTD,950.0,959.85,920.05,926.55,951.35,-2.61,49207,45592745.25
2026-02-23,GLOSTERLTD,EQ,INE350Z01018,GLOSTER LIMITED,575.9,599.95,575.9,581.8,575.9,1.02,2987,1737836.56
2026-02-23,GLOTTIS,EQ,INE0TQE01026,GLOTTIS LIMITED,50.07,51.45,48.71,49.24,50.07,-1.66,142881,7035460.68
2026-02-23,GMBREW,EQ,INE075D01018,G M BREWERIES LTD,1022.0,1046.8,1017.7,1032.15,1021.45,1.05,55779,57572296.21
2026-02-23,GMDCLTD,EQ,INE131A01031,GUJARAT MINERAL DEV CORP,574.05,578.7,560.75,564.2,567.6,-0.6,1557320,878639963.01
2026-02-23,GMMPFAUDLR,EQ,INE541A01023,GMM PFAUDLER LIMITED,974.95,984.75,962.0,970.15,974.95,-0.49,41344,40109882.61
2026-02-23,GMRAIRPORT,EQ,INE776C01039,GMR AIRPORTS LIMITED,100.89,101.5,99.93,100.84,99.75,1.09,7231415,729215862.12
2026-02-23,GMRP&UI,EQ,INE0CU601026,GMR POW AND URBAN INFRA L,116.0,118.4,113.67,117.29,115.08,1.92,2625959,307998733.51
2026-02-23,GNA,EQ,INE934S01014,GNA AXLES LIMITED,417.8,424.8,412.05,414.35,417.8,-0.83,48867,20248041.75
2026-02-23,GNFC,EQ,INE113A01013,GUJ NAR VAL FER & CHEM L,463.55,467.0,460.05,462.55,464.2,-0.36,98097,45374766.15
2026-02-23,GOACARBON,EQ,INE426D01013,GOA CARBON LIMITED,388.5,390.0,378.0,379.9,386.8,-1.78,11439,4345676.03
2026-02-23,GOCLCORP,EQ,INE077F01035,GOCL CORPORATION LIMITED,253.55,259.0,249.25,251.9,254.6,-1.06,58924,14842955.24
2026-02-23,GOCOLORS,EQ,INE0BJS01011,GO FASHION INDIA LTD,340.1,340.95,324.5,328.15,340.1,-3.51,140692,46168078.94
2026-02-23,GODAVARIB,EQ,INE497S01012,GODAVARI BIOREFINERIES L,292.0,292.85,277.4,280.85,289.2,-2.89,109397,30724148.12
2026-02-23,GODFRYPHLP,EQ,INE260B01028,GODFREY PHILLIPS INDIA LT,2488.0,2497.5,2177.3,2213.1,2487.8,-11.04,3828735,8473373802.4
2026-02-23,GODIGIT,EQ,INE03JT01014,GO DIGIT GENERAL INS LTD,335.0,341.1,330.55,337.95,332.55,1.62,620847,209815251.23
2026-02-23,GODREJAGRO,EQ,INE850D01014,GODREJ AGROVET LIMITED,640.0,646.5,636.65,644.8,636.05,1.38,98649,63608874.0
2026-02-23,GODREJCP,EQ,INE102D01028,GODREJ CONSUMER PRODUCTS,1206.0,1227.5,1202.1,1222.9,1205.9,1.41,806171,985866535.58
2026-02-23,GODREJIND,EQ,INE233A01035,GODREJ INDUSTRIES LTD,1050.0,1060.0,1031.4,1049.9,1034.35,1.5,119143,125088238.61
2026-02-23,GODREJPROP,EQ,INE484J01027,GODREJ PROPERTIES LTD,1835.0,1853.8,1793.4,1829.7,1825.7,0.22,1419507,2597271888.59
2026-02-23,GOKEX,EQ,INE887G01027,GOKALDAS EXPORTS LTD.,816.9,816.9,740.35,747.35,789.2,-5.3,1978530,1478654347.2
2026-02-23,GOKUL,EQ,INE020J01029,GOKUL REFOILS & SOLV LTD,41.0,41.0,39.41,40.27,39.56,1.79,74155,2986221.88
2026-02-23,GOKULAGRO,EQ,INE314T01033,GOKUL AGRO RESOURCES LTD,173.6,178.16,171.0,173.68,172.98,0.4,495935,86133987.17
2026-02-23,GOLD1,EQ,INF174KA1HJ8,KOTAK GOLD ETF,131.0,132.64,130.5,131.25,128.64,2.03,4644580,609601125.0
2026-02-23,GOLDADD,EQ,INF740KA1ZP2,DSPAMC - DSPGOLD,15.15,15.31,15.15,15.27,14.98,1.92,3500210,53448208.3
2026-02-23,GOLDAXIS,EQ,INF846K01W80,AXISAMC-GOLDAXIS,131.72,132.49,130.9,131.21,128.5,2.11,3132215,410977951.18
2026-02-23,GOLDBEES,EQ,INF204KB17I5,NIP IND ETF GOLD BEES,130.72,132.0,129.3,130.0,127.54,1.93,56313912,7320808560.0
2026-02-23,GOLDBETA,EQ,INF789F1AUX7,UTIAMC-UTIGOLDBETA,130.2,135.8,130.2,132.15,129.8,1.81,790142,104417260.48
2026-02-23,GOLDBND,EQ,INF194KB1KJ7,BANDHANAMC - GOLDBND,155.71,159.9,155.41,157.44,154.15,2.13,109458,17233067.79
2026-02-23,GOLDCASE,EQ,INF0R8F01042,ZERODHAAMC - GOLDCASE,23.55,25.06,23.55,24.74,24.28,1.89,10572463,261562732.2
2026-02-23,GOLDETF,EQ,INF769K01JP9,MIRAEAMC - MAGOLDETF,153.56,156.48,151.8,152.53,149.82,1.81,1786180,272446033.22
2026-02-23,GOLDIAM,EQ,INE025B01025,GOLDIAM INTERNATIONAL LTD,289.5,290.21,267.19,270.04,285.71,-5.49,1431939,386677236.45
2026-02-23,GOLDIETF,EQ,INF109KC1NT3,ICICI PRUDENTIAL GOLD ETF,135.46,137.16,129.37,134.72,132.16,1.94,9791936,1319169629.87
2026-02-23,GOODLUCK,EQ,INE127I01024,GOODLUCK INDIA LIMITED,403.0,408.63,399.67,403.9,401.0,0.72,223095,90108069.14
2026-02-23,GOPAL,EQ,INE0L9R01028,GOPAL SNACKS LIMITED,310.1,315.0,308.0,312.45,311.55,0.29,69121,21596857.29
2026-02-23,GOYALALUM,EQ,INE705X01026,GOYAL ALUMINIUMS LIMITED,7.02,7.15,6.8,6.9,7.02,-1.71,97899,675503.11
2026-02-23,GPIL,EQ,INE177H01039,GODAWARI POW & ISP LTD,264.4,269.9,263.1,268.86,262.85,2.29,1270820,341672646.58
2026-02-23,GPPL,EQ,INE517F01014,GUJARAT PIPAVAV PORT LTD,175.6,179.4,175.56,177.49,175.6,1.08,743157,131902940.01
2026-02-23,GPTHEALTH,EQ,INE486R01017,GPT HEALTHCARE LIMITED,126.6,127.93,124.4,124.99,127.08,-1.64,111106,13887138.7
2026-02-23,GPTINFRA,EQ,INE390G01014,GPT INFRAPROJECTS LTD,122.1,128.02,121.56,124.97,121.95,2.48,490231,61264168.67
2026-02-23,GRANULES,EQ,INE101D01020,GRANULES INDIA LIMITED,600.0,604.5,584.05,599.25,599.05,0.03,568006,340377595.5
2026-02-23,GRAPHITE,EQ,INE371A01025,GRAPHITE INDIA LTD,697.0,702.15,678.4,694.45,690.85,0.52,1130735,785238934.55
2026-02-23,GRASIM,EQ,INE047A01021,GRASIM INDUSTRIES LTD,2844.0,2883.7,2839.7,2873.4,2832.8,1.43,593878,1706448987.2
2026-02-23,GRAVITA,EQ,INE024L01027,GRAVITA INDIA LIMITED,1595.0,1604.0,1568.0,1591.9,1585.9,0.38,117252,186653461.66
2026-02-23,GREAVESCOT,EQ,INE224A01026,GREAVES COTTON LTD.,162.04,163.57,159.29,160.29,161.62,-0.82,623395,99923980.36
2026-02-23,GREENLAM,EQ,INE544R01021,GREENLAM INDUSTRIES LTD.,242.92,243.07,237.0,240.13,242.92,-1.15,11069,2657999.02
2026-02-23,GREENPANEL,EQ,INE08ZM01014,GREENPANEL INDUSTRIES LTD,217.13,217.13,212.41,213.28,214.93,-0.77,46228,9859507.78
2026-02-23,GREENPLY,EQ,INE461C01038,GREENPLY INDUSTRIES LTD,223.0,230.35,221.02,228.33,222.93,2.42,83019,18955728.42
2026-02-23,GREENPOWER,EQ,INE999K01014,ORIENT GREEN POWER CO LTD,10.15,10.15,9.9,9.93,10.06,-1.29,1846949,18340204.13
2026-02-23,GRINDWELL,EQ,INE536A01023,GRINDWELL NORTON LIMITED,1673.4,1706.4,1672.2,1687.7,1672.4,0.91,29332,49503614.97
2026-02-23,GRINFRA,EQ,INE201P01022,G R INFRAPROJECTS LIMITED,975.0,977.65,938.55,975.95,975.2,0.08,48169,47010536.14
2026-02-23,GRMOVER,EQ,INE192H01020,GRM OVERSEAS LIMITED,161.39,164.8,158.1,158.87,161.39,-1.56,1103604,175329562.09
2026-02-23,GROBTEA,EQ,INE646C01018,THE GROB TEA COMPANY LTD,958.5,1050.0,958.5,965.9,957.0,0.93,325,313917.51
2026-02-23,GROWW,EQ,INE0HOQ01053,BILLIONBRAINS GARAGE VN L,170.14,171.5,166.56,167.36,169.16,-1.06,15826043,2648646566.14
2026-02-23,GROWWCAPM,EQ,INF666M01MM4,GROWWAMC - GROWWCAPM,10.05,10.05,9.8,9.89,9.81,0.82,216742,2143578.45
2026-02-23,GROWWCHEM,EQ,INF666M01NP5,GROWWAMC - GROWWCHEM,28.55,28.55,27.81,28.17,28.41,-0.84,30373,855607.41
2026-02-23,GROWWDEFNC,EQ,INF666M01IO8,GROWWAMC - GROWWDEFNC,80.52,81.97,79.91,80.58,81.03,-0.56,537808,43336569.62
2026-02-23,GROWWEV,EQ,INF666M01IH2,GROWWAMC - GROWWEV,30.88,30.88,30.5,30.67,30.51,0.52,204064,6258642.9
2026-02-23,GROWWGOLD,EQ,INF666M01OE7,GROWWAMC - GROWWGOLD,15.37,15.48,15.3,15.35,15.06,1.93,7334269,112581031.95
2026-02-23,GROWWLIQID,EQ,INF666M01IP5,GROWWAMC - GROWWLIQID,107.15,107.97,105.79,107.96,107.95,0.01,191110,20632235.43
2026-02-23,GROWWLOVOL,EQ,INF666M01LB9,GROWWAMC - GROWWLOVOL,10.42,10.94,10.42,10.76,10.69,0.65,28687,308672.13
2026-02-23,GROWWMC150,EQ,INF666M01MV5,GROWWAMC - GROWWMC150,216.24,221.35,216.24,218.79,218.44,0.16,9892,2164270.61
2026-02-23,GROWWMETAL,EQ,INF666M01NI0,GROWWAMC - GROWWMETAL,11.5,11.53,11.27,11.34,11.33,0.09,780364,8849327.88
2026-02-23,GROWWMOM50,EQ,INF666M01KJ4,GROWWAMC - GROWWMOM50,10.54,10.69,10.39,10.55,10.49,0.57,231507,2442398.89
2026-02-23,GROWWN200,EQ,INF666M01JV1,GROWWAMC - GROWWN200,11.29,11.78,11.29,11.64,11.58,0.52,30125,350655.01
2026-02-23,GROWWNET,EQ,INF666M01LI4,GROWWAMC - GROWWNET,9.55,9.55,9.24,9.29,9.32,-0.32,184670,1715584.29
2026-02-23,GROWWNIFTY,EQ,INF666M01LL8,GROWWAMC - GROWWNIFTY,10.3,10.55,10.28,10.32,10.3,0.19,285098,2942211.27
2026-02-23,GROWWNXT50,EQ,INF666M01LZ8,GROWWAMC - GROWWNXT50,69.99,70.29,69.41,69.54,69.71,-0.24,23137,1608947.0
2026-02-23,GROWWPOWER,EQ,INF666M01LM6,GROWWAMC - GROWWPOWER,10.67,10.67,10.39,10.46,10.41,0.48,1294465,13540103.95
2026-02-23,GROWWPSE,EQ,INF666M01NQ3,GROWWAMC - GROWWPSE,104.14,104.65,102.2,104.2,104.14,0.06,14340,1494227.96
2026-02-23,GROWWRAIL,EQ,INF666M01JJ6,GROWWAMC - GROWWRAIL,34.0,34.0,33.4,33.58,33.61,-0.09,419882,14099638.33
2026-02-23,GROWWRLTY,EQ,INF666M01MN2,GROWWAMC - GROWWRLTY,9.43,9.43,9.1,9.15,9.2,-0.54,65038,595097.68
2026-02-23,GROWWSC250,EQ,INF666M01MO0,GROWWAMC - GROWWSC250,8.98,9.93,8.98,9.25,9.22,0.33,76059,703545.75
2026-02-23,GROWWSLVR,EQ,INF666M01OF4,GROWWAMC - GROWWSLVR,28.22,28.22,25.26,25.67,24.22,5.99,13116430,336698759.1
2026-02-23,GRPLTD,EQ,INE137I01015,GRP LIMITED,1810.7,1812.8,1750.4,1758.3,1793.6,-1.97,790,1389057.04
2026-02-23,GRSE,EQ,INE382Z01011,GARDEN REACH SHIP&ENG LTD,2484.0,2486.5,2432.2,2446.1,2477.3,-1.26,411712,1007088763.41
2026-02-23,GRWRHITECH,EQ,INE291A01017,GARWARE HI-TECH FILMS LTD,4290.0,4322.9,3990.0,4046.3,4190.7,-3.45,61068,247099451.38
2026-02-23,GSEC10IETF,EQ,INF109KC18O0,ICICIPRAMC - ICICI10GS,259.3,259.31,258.42,258.99,259.5,-0.2,8459,2190796.33
2026-02-23,GSEC10YEAR,EQ,INF769K01KF8,MIRAEAMC - MAGS813ETF,29.76,29.79,29.66,29.66,29.81,-0.5,1506,44667.96
2026-02-23,GSEC5IETF,EQ,INF109KC14A8,ICICIPRAMC - ICICI5GSEC,64.47,64.7,64.23,64.5,64.69,-0.29,27323,1762333.5
2026-02-23,GSFC,EQ,INE026A01025,GUJ STATE FERT & CHEM LTD,172.94,174.38,170.94,172.33,171.98,0.2,479724,82670837.8
2026-02-23,GSLSU,EQ,INE0JSX01015,GLOBAL SURFACES LIMITED,87.99,88.9,84.0,88.9,84.67,5.0,34609,3076740.15
2026-02-23,GSS,EQ,INE871H01011,GSS INFOTECH LIMITED,15.65,15.65,14.5,14.7,15.05,-2.33,67356,990133.19
2026-02-23,GTECJAINX,EQ,INE586X01012,G-TEC JAINX EDUCATION LTD,19.99,19.99,19.0,19.29,19.99,-3.5,2232,43055.28
2026-02-23,GTL,EQ,INE043A01012,GTL LTD,7.3,7.39,7.25,7.31,7.39,-1.08,161123,1177809.12
2026-02-23,GTLINFRA,EQ,INE221H01019,GTL INFRA.LTD,1.17,1.18,1.13,1.13,1.17,-3.42,31629782,35741653.51
2026-02-23,GTPL,EQ,INE869I01013,GTPL HATHWAY LIMITED,71.42,71.6,68.75,69.91,71.07,-1.63,25427,1777601.66
2026-02-23,GUFICBIO,EQ,INE742B01025,GUFIC BIOSCIENCES LTD.,288.45,289.2,275.2,283.5,288.55,-1.75,54528,15458688.0
2026-02-23,GUJALKALI,EQ,INE186A01019,GUJARAT ALKALIES & CHEM,463.1,496.0,461.6,489.95,464.5,5.48,128312,62866465.97
2026-02-23,GUJAPOLLO,EQ,INE826C01016,GUJ. APOLLO IND. LTD.,387.45,392.55,378.0,380.95,387.4,-1.66,7432,2831220.49
2026-02-23,GUJENERGY,EQ,INE844O01030,GUJARAT ENERGY LIMITED,405.15,413.5,401.4,408.9,405.15,0.93,456733,186758120.91
2026-02-23,GUJRAFFIA,EQ,INE610B01024,GUJARAT RAFFIA INDUST LTD,41.79,42.99,40.36,42.69,42.0,1.64,6414,273813.65
2026-02-23,GUJTHEM,EQ,INE942C01045,GUJARAT THEMIS BIOSYN LTD,337.45,342.0,324.0,333.95,335.75,-0.54,110106,36769900.04
2026-02-23,GULFOILLUB,EQ,INE635Q01029,GULF OIL LUB. IND. LTD.,1080.4,1086.5,1070.0,1078.6,1080.4,-0.17,25041,27009221.99
2026-02-23,GULPOLY,EQ,INE255D01024,GULSHAN POLYOLS LIMITED,153.25,159.2,153.02,154.71,153.16,1.01,72564,11226376.93
2026-02-23,GVPIL,EQ,INE878A01011,GE POWER INDIA LIMITED,493.95,517.0,476.55,492.8,484.7,1.67,3494689,1722182696.54
2026-02-23,GVT&D,EQ,INE200A01026,GE VERNOVA T&D INDIA LTD,3688.5,3787.1,3657.6,3713.1,3648.6,1.77,500132,1857040178.04
2026-02-23,HAL,EQ,INE066F01020,HINDUSTAN AERONAUTICS LTD,4150.0,4150.0,3976.0,4025.4,4170.0,-3.47,3750121,15095736707.18
2026-02-23,HALDER,EQ,INE115S01010,HALDER VENTURE LIMITED,259.0,260.0,250.5,251.0,257.9,-2.68,115,28865.0
2026-02-23,HALEOSLABS,EQ,INE320X01016,HALEOS LABS LIMITED,1275.6,1300.0,1266.1,1272.8,1300.0,-2.09,218,277470.41
2026-02-23,HAPPSTMNDS,EQ,INE419U01012,HAPPIEST MINDS TECHNO LTD,380.0,385.85,362.05,366.35,377.05,-2.84,683980,250576077.17
2026-02-23,HAPPYFORGE,EQ,INE330T01021,HAPPY FORGINGS LIMITED,1370.0,1370.0,1299.0,1327.4,1347.5,-1.49,63412,84173090.35
2026-02-23,HARDWYN,EQ,INE626Z01029,HARDWYN INDIA LIMITED,12.14,12.21,11.94,12.12,12.09,0.24,949466,11508883.32
2026-02-23,HARIOMPIPE,EQ,INE00EV01017,HARIOM PIPE INDUSTRIES L,371.0,379.5,368.4,371.3,370.6,0.19,56047,20810250.42
2026-02-23,HARRMALAYA,EQ,INE544A01019,HARRISON MALAYALAM LTD,171.75,185.37,171.75,182.12,176.79,3.01,16183,2947247.88
2026-02-23,HARSHA,EQ,INE0JUS01029,HARSHA ENGINEERS INT LTD,379.9,382.45,366.65,369.15,379.8,-2.8,49324,18207954.3
2026-02-23,HATHWAY,EQ,INE982F01036,HATHWAY CABLE & DATACOM,11.08,11.24,10.86,10.97,11.08,-0.99,2042993,22411633.76
2026-02-23,HATSUN,EQ,INE473B01035,HATSUN AGRO PRODUCT LTD.,910.2,913.0,898.55,904.7,902.25,0.27,11524,10425762.94
2026-02-23,HAVELLS,EQ,INE176B01034,HAVELLS INDIA LIMITED,1420.0,1423.9,1402.0,1412.8,1412.9,-0.01,221863,313448057.23
2026-02-23,HAVISHA,EQ,INE293B01029,SRI HAVISHA HOSP & INFR L,1.78,1.78,1.59,1.64,1.7,-3.53,80339,131755.96
2026-02-23,HBLENGINE,EQ,INE292B01021,HBL ENGINEERING LTD,725.05,727.35,701.0,705.5,720.35,-2.06,1016700,717281850.0
2026-02-23,HBSL,EQ,INE550B01022,HB STOCKHOLDINGS LIMITED,61.75,62.74,60.32,62.44,61.75,1.12,1678,104774.32
2026-02-23,HCC,EQ,INE549A01026,HINDUSTAN CONSTRUCTION CO,18.9,18.96,18.43,18.5,18.69,-1.02,17176761,317770078.5
2026-02-23,HCG,EQ,INE075I01017,HEALTHCARE GLOB. ENT. LTD,585.38,594.33,577.43,589.06,588.6,0.08,78078,45992559.77
2026-02-23,HCL-INSYS,EQ,INE236A01020,HCL INFOSYSTEMS LTD,13.28,13.28,12.8,12.91,12.84,0.55,245975,3175537.21
2026-02-23,HCLTECH,EQ,INE860A01027,HCL TECHNOLOGIES LTD,1438.2,1441.6,1415.5,1426.2,1436.5,-0.72,2629763,3750567862.19
2026-02-23,HDBFS,EQ,INE756I01012,HDB FINANCIAL SERVICES L,719.9,728.0,717.25,719.3,719.35,-0.01,322283,231818157.97
2026-02-23,HDFCAMC,EQ,INE127D01025,HDFC AMC LIMITED,2739.0,2772.0,2712.8,2726.8,2715.7,0.41,924223,2520171321.53
2026-02-23,HDFCBANK,EQ,INE040A01034,HDFC BANK LTD,916.5,925.65,915.25,923.6,911.85,1.29,23270122,21492284111.08
2026-02-23,HDFCBSE500,EQ,INF179KC1EZ4,HDFCAMC - HDFCBSE500,37.94,37.94,37.52,37.74,37.55,0.51,10549,398119.28
2026-02-23,HDFCGOLD,EQ,INF179KC1981,HDFC GOLD ETF,134.9,135.45,133.03,134.2,131.66,1.93,7858588,1054622485.62
2026-02-23,HDFCGROWTH,EQ,INF179KC1DJ0,HDFCAMC - HDFCGROWTH,121.4,121.6,119.77,120.43,120.37,0.05,18952,2282389.37
2026-02-23,HDFCLIFE,EQ,INE795G01014,HDFC LIFE INS CO LTD,730.0,745.75,729.7,742.45,728.65,1.89,2722974,2021672079.54
2026-02-23,HDFCLIQUID,EQ,INF179KC1JG3,HDFCAMC - HDFCLIQUID,1049.37,1049.41,1049.37,1049.4,1049.27,0.01,3333,3497650.28
2026-02-23,HDFCLOWVOL,EQ,INF179KC1HU8,HDFCAMC - HDFCLOWVOL,22.22,22.22,21.11,21.25,21.68,-1.98,89278,1897157.5
2026-02-23,HDFCMID150,EQ,INF179KC1HT0,HDFCAMC - HDFCMID150,22.44,22.44,22.04,22.09,22.19,-0.45,363979,8040296.17
2026-02-23,HDFCMOMENT,EQ,INF179KC1HV6,HDFCAMC - HDFCMOMENT,31.91,32.09,31.75,31.85,31.76,0.28,71752,2285301.23
2026-02-23,HDFCNEXT50,EQ,INF179KC1HS2,HDFCAMC - HDFCNEXT50,71.89,71.89,70.61,70.81,70.89,-0.11,88761,6285166.19
2026-02-23,HDFCNIF100,EQ,INF179KC1HR4,HDFCAMC - HDFCNIF100,27.58,27.58,26.84,27.19,27.03,0.59,28676,779700.46
2026-02-23,HDFCNIFBAN,EQ,INF179KC1HY0,HDFCAMC - HDFCNIFBAN,62.43,65.54,62.12,62.85,62.72,0.21,40509,2545990.59
2026-02-23,HDFCNIFIT,EQ,INF179KC1IA8,HDFCAMC - HDFCNIFIT,33.99,34.72,33.31,33.5,33.99,-1.44,643504,21557384.0
2026-02-23,HDFCNIFTY,EQ,INF179KC1965,HDFCAMC - HDFCNIFTY,279.07,288.5,279.07,287.48,286.23,0.44,69817,20070991.93
2026-02-23,HDFCPSUBK,EQ,INF179KC1HW4,HDFCAMC HDFCPSUBK,99.05,99.33,97.62,98.79,97.59,1.23,66466,6566176.2
2026-02-23,HDFCPVTBAN,EQ,INF179KC1HZ7,HDFCAMC - HDFCPVTBAN,30.09,30.1,29.35,29.46,29.41,0.17,6348030,187012957.99
2026-02-23,HDFCQUAL,EQ,INF179KC1DL6,HDFCAMC - HDFCQUAL,58.58,58.58,57.74,58.17,58.29,-0.21,11670,678843.88
2026-02-23,HDFCSENSEX,EQ,INF179KC1HX2,HDFCAMC - HDFCSENSEX,95.0,95.0,93.25,93.92,93.25,0.72,235294,22098812.05
2026-02-23,HDFCSILVER,EQ,INF179KC1DI2,HDFCAMC - HDFCSILVER,247.66,260.0,247.3,250.96,236.58,6.08,14142836,3549286217.51
2026-02-23,HDFCSML250,EQ,INF179KC1FB2,HDFCAMC - HDFCSML250,161.06,162.6,160.59,161.37,160.89,0.3,823474,132883995.36
2026-02-23,HDFCVALUE,EQ,INF179KC1DK8,HDFCAMC - HDFCVALUE,135.7,138.9,135.7,138.24,137.28,0.7,2365,326937.61
2026-02-23,HEADSUP,EQ,INE759V01019,HEADS UP VENTURES LIMITED,8.09,8.3,7.71,7.99,8.03,-0.5,12842,102607.58
2026-02-23,HEALTHADD,EQ,INF740KA1ZG1,DSPAMC - HEALTHADD,147.04,147.73,146.82,147.25,146.61,0.44,9380,1381205.0
2026-02-23,HEALTHAXIS,EQ,INF846K01Z12,AXISAMC-HEALTHAXIS,144.55,149.27,144.55,148.63,148.26,0.25,2839,421960.58
2026-02-23,HEALTHCARE,EQ,INF769K01QA6,MIRAEAMC - HEALTHCARE,18.99,18.99,18.48,18.6,18.42,0.98,69543,1293499.83
2026-02-23,HEALTHIETF,EQ,INF109KC1Q72,ICICIPRAMC - ICICIPHARM,149.48,150.45,148.81,150.24,149.48,0.51,65123,9784079.88
2026-02-23,HEALTHX,EQ,INE019J01013,HEALTH X PLATFORM LIMITED,286.2,290.5,284.35,286.75,284.9,0.65,2780,797165.0
2026-02-23,HEALTHY,EQ,INF209KB10C2,BIRLASLAMC - HEALTHY,14.92,15.29,14.92,15.0,14.92,0.54,259099,3886485.0
2026-02-23,HECPROJECT,EQ,INE558R01013,HEC INFRA PROJECTS LTD,118.3,118.3,113.24,116.61,116.14,0.4,3890,453612.9
2026-02-23,HEIDELBERG,EQ,INE578A01017,HEIDELBERGCEMENT (I) LTD,164.12,164.96,163.02,164.04,164.03,0.01,46816,7679696.33
2026-02-23,HEMIPROP,EQ,INE0AJG01018,HEMISPHERE PROP IND LTD,142.0,145.2,141.31,143.03,141.94,0.77,508746,72765939.76
2026-02-23,HERANBA,EQ,INE694N01015,HERANBA INDUSTRIES LTD,210.16,214.43,208.0,209.02,210.16,-0.54,29925,6254923.63
2026-02-23,HERITGFOOD,EQ,INE978A01027,HERITAGE FOODS LTD,343.95,346.9,336.05,336.85,340.75,-1.14,222125,74822807.61
2026-02-23,HEROMOTOCO,EQ,INE158A01026,HERO MOTOCORP LIMITED,5504.5,5549.0,5437.0,5488.5,5465.0,0.43,310190,1702477815.0
2026-02-23,HESTERBIO,EQ,INE782E01017,HESTER BIOSCIENCES LTD,1578.2,1598.0,1555.1,1585.0,1572.3,0.81,2275,3605875.0
2026-02-23,HEXATRADEX,EQ,INE750M01017,HEXA TRADEX LIMITED,165.5,165.5,160.0,160.11,163.86,-2.29,320,51235.2
2026-02-23,HEXT,EQ,INE093A01041,HEXAWARE TECHNOLOGIES LTD,521.95,522.35,495.5,503.75,520.95,-3.3,1074420,541239075.0
2026-02-23,HGINFRA,EQ,INE926X01010,H.G.INFRA ENGINEERING LTD,594.0,607.2,579.05,582.35,590.55,-1.39,129041,75147023.2
2026-02-23,HGM,EQ,INE596H01014,HANDSON GBL MNGMNT LTD,56.93,57.89,56.31,56.45,57.22,-1.35,751,42393.95
2026-02-23,HGS,EQ,INE170I01016,HINDUJA GLOBAL SOLS. LTD.,394.2,396.0,385.6,388.65,391.3,-0.68,12657,4919142.97
2026-02-23,HIKAL,EQ,INE475B01022,HIKAL LIMITED,208.0,208.0,201.42,203.63,202.27,0.67,354419,72170342.7
2026-02-23,HILINFRA,EQ,INE00RL01028,HIGHWAY INFRASTRUCTURE L,58.0,58.0,56.0,56.86,55.18,3.04,271542,15439878.29
2026-02-23,HILTON,EQ,INE788H01017,HILTON METAL FORGING LTD,20.44,20.44,18.54,18.69,20.08,-6.91,518765,9695192.72
2026-02-23,HIMATSEIDE,EQ,INE049A01027,HIMATSINGKA SEIDE LTD,110.35,110.35,105.23,105.74,106.69,-0.89,420012,44412067.98
2026-02-23,HINDALCO,EQ,INE038A01020,HINDALCO  INDUSTRIES  LTD,946.9,946.9,907.65,916.2,935.7,-2.08,4932242,4518920180.61
2026-02-23,HINDCOMPOS,EQ,INE310C01029,HINDUSTAN COMPOSITES LTD.,433.05,444.0,428.25,433.15,435.2,-0.47,2245,972421.74
2026-02-23,HINDCON,EQ,INE642Y01029,HINDCON CHEMICALS LIMITED,21.04,21.79,21.0,21.04,21.04,0.0,31674,666420.99
2026-02-23,HINDCOPPER,EQ,INE531E01026,HINDUSTAN COPPER LTD,584.0,584.95,560.05,563.35,569.05,-1.0,11737715,6612441458.68
2026-02-23,HINDOILEXP,EQ,INE345A01011,HINDUSTAN OIL EXPLORATION,132.79,134.9,131.05,131.62,132.3,-0.51,413777,54461326.72
2026-02-23,HINDPETRO,EQ,INE094A01015,HINDUSTAN PETROLEUM CORP,435.0,442.0,432.6,438.5,430.9,1.76,2826172,1239276422.0
2026-02-23,HINDUNILVR,EQ,INE030A01027,HINDUSTAN UNILEVER LTD.,2325.0,2350.0,2320.8,2345.4,2314.5,1.34,1300035,3049101962.04
2026-02-23,HINDWAREAP,EQ,INE05AN01011,HINDWARE HME INOVATON LTD,240.7,243.1,228.25,231.13,232.79,-0.71,45989,10629437.79
2026-02-23,HINDZINC,EQ,INE267A01025,HINDUSTAN ZINC LIMITED,607.0,607.35,585.7,590.85,589.35,0.25,7862513,4645565614.09
2026-02-23,HIRECT,EQ,INE835D01023,HIRECT LIMITED,657.5,740.95,657.5,711.65,654.2,8.78,1617016,1150749475.88
2026-02-23,HISARMETAL,EQ,INE598C01011,HISAR METAL IND. LIMITED,169.65,172.0,166.31,167.91,169.65,-1.03,1416,237760.57
2026-02-23,HITECH,EQ,INE106T01025,HI-TECH PIPES LIMITED,87.0,88.8,86.3,86.62,86.43,0.22,590241,51126677.04
2026-02-23,HLEGLAS,EQ,INE461D01028,HLE GLASCOAT LIMITED,323.55,329.0,314.1,318.85,322.4,-1.1,73213,23343965.5
2026-02-23,HLVLTD,EQ,INE102A01024,HLV LIMITED,8.65,8.65,8.35,8.38,8.64,-3.01,230425,1930961.53
2026-02-23,HMAAGRO,EQ,INE0ECP01024,HMA AGRO INDUSTRIES LTD,27.68,28.73,26.82,27.67,27.68,-0.04,192096,5315296.33
2026-02-23,HNDFDS,EQ,INE254N01026,HINDUSTAN FOODS LIMITED,492.3,495.45,485.0,488.6,494.55,-1.2,17185,8396591.1
2026-02-23,HNGSNGBEES,EQ,INF204KB19I1,NIP IND ETF HANGSENG BEES,543.16,543.16,540.21,542.38,536.99,1.0,140983,76466360.23
2026-02-23,HOMEFIRST,EQ,INE481N01025,HOME FIRST FIN CO IND LTD,1169.0,1180.0,1160.1,1173.8,1160.0,1.19,70379,82610873.64
2026-02-23,HONASA,EQ,INE0J5401028,HONASA CONSUMER LIMITED,306.5,312.9,303.0,306.7,300.8,1.96,990523,303793416.19
2026-02-23,HONAUT,EQ,INE671A01010,HONEYWELL AUTOMATION IND,31000.0,31700.0,30920.0,31570.0,30895.0,2.18,3484,109989880.0
2026-02-23,HONDAPOWER,EQ,INE634A01018,HONDA I POWER PRODUCT LTD,2265.0,2265.0,2189.6,2201.2,2210.9,-0.44,2877,6332852.26
2026-02-23,HPAL,EQ,INE0GSL01024,HP ADHESIVES LIMITED,37.7,39.13,37.0,37.34,37.4,-0.16,67713,2528403.43
2026-02-23,HPIL,EQ,INE05X901010,HINDPRAKASH INDUSTRY LTD,129.0,129.98,126.65,127.4,130.33,-2.25,2082,265246.8
2026-02-23,HPL,EQ,INE495S01016,HPL ELECTRIC & POWER LTD,360.0,370.0,351.0,352.8,358.95,-1.71,143008,50453220.65
2026-02-23,HSCL,EQ,INE019C01026,HIMADRI SPECIALITY CHEM L,497.35,497.35,483.75,490.35,489.7,0.13,1388420,680811755.47
2026-02-23,HTMEDIA,EQ,INE501G01024,HT MEDIA LIMITED,21.5,22.52,21.44,21.93,21.82,0.5,82010,1798479.33
2026-02-23,HUBTOWN,EQ,INE703H01016,HUBTOWN LIMITED,212.76,214.3,207.0,208.22,213.06,-2.27,294712,61364933.0
2026-02-23,HUDCO,EQ,INE031A01017,HSG & URBAN DEV CORPN LTD,196.5,198.39,193.0,194.1,195.44,-0.69,2718891,527736759.69
2026-02-23,HUHTAMAKI,EQ,INE275B01026,HUHTAMAKI INDIA LIMITED,182.5,183.55,177.9,179.14,182.45,-1.81,218934,39219836.63
2026-02-23,HYUNDAI,EQ,INE0V6F01027,HYUNDAI MOTOR INDIA LTD,2275.0,2301.3,2223.9,2284.8,2293.4,-0.37,381758,872240697.04
2026-02-23,IBULLSLTD,EQ,INE126M01010,INDIABULLS LIMITED,9.6,9.74,9.36,9.49,9.47,0.21,3172413,30106198.64
2026-02-23,ICEMAKE,EQ,INE520Y01019,ICE MAKE REFRIGERAT LTD,850.5,865.0,812.35,821.65,845.35,-2.8,52152,42850692.07
2026-02-23,ICICIAMC,EQ,INE346A01027,ICICI PRUDENTIAL AMC LTD,3030.0,3149.9,2992.3,3131.0,3023.8,3.55,285371,893496601.0
2026-02-23,ICICIB22,EQ,INF109KB15Y7,ICICIPRAMC - BHARATIWIN,127.18,129.98,125.54,127.24,126.52,0.57,857105,109058038.37
2026-02-23,ICICIBANK,EQ,INE090A01021,ICICI BANK LTD.,1400.0,1408.3,1395.3,1399.4,1394.5,0.35,10728445,15013386194.92
2026-02-23,ICICIGI,EQ,INE765G01017,ICICI LOMBARD GIC LIMITED,1940.0,1967.9,1936.2,1953.8,1936.1,0.91,1132992,2213639824.92
2026-02-23,ICICIPRULI,EQ,INE726G01019,ICICI PRU LIFE INS CO LTD,655.0,667.8,652.0,664.15,651.3,1.97,1021190,678223363.43
2026-02-23,ICIL,EQ,INE483B01026,INDO COUNT INDUSTRIES LTD,302.17,307.14,278.15,281.66,293.93,-4.17,532272,149919733.47
2026-02-23,ICRA,EQ,INE725G01011,ICRA LIMITED,5728.0,5790.0,5676.0,5713.5,5722.5,-0.16,6457,36892069.5
2026-02-23,IDBI,EQ,INE008A01015,IDBI BANK LIMITED,113.85,115.2,112.99,113.44,112.83,0.54,14559555,1651635954.75
2026-02-23,IDEA,EQ,INE669E01016,VODAFONE IDEA LIMITED,11.2,11.22,10.87,10.98,11.16,-1.61,385896457,4237142921.21
2026-02-23,IDEAFORGE,EQ,INE349Y01013,IDEAFORGE TECHNO LTD,417.25,419.15,408.0,409.45,414.0,-1.1,99503,40741504.56
2026-02-23,IDFCFIRSTB,EQ,INE092T01019,IDFC FIRST BANK LIMITED,75.16,75.16,66.8,70.04,83.51,-16.13,621433698,43525216776.86
2026-02-23,IDFNIFTYET,EQ,INF194KA1U07,BANDHANAMC - IDFNIFTYET,282.15,283.43,280.78,281.6,281.14,0.16,562,158259.2
2026-02-23,IEX,EQ,INE022Q01020,INDIAN ENERGY EXC LTD,125.75,126.52,124.7,125.72,125.42,0.24,4319720,543075203.67
2026-02-23,IFBAGRO,EQ,INE076C01018,IFB AGRO INDUSTRIES LTD,960.0,960.0,896.0,898.4,943.1,-4.74,16593,14907151.61
2026-02-23,IFBIND,EQ,INE559A01017,IFB INDUSTRIES LTD,1170.0,1170.0,1133.6,1140.8,1159.1,-1.58,30411,34692870.28
2026-02-23,IFCI,EQ,INE039A01010,IFCI LTD,60.85,61.78,58.71,59.71,59.97,-0.43,13469344,804254517.91
2026-02-23,IFGLEXPOR,EQ,INE133Y01011,IFGL REFRACTORIES LIMITED,178.26,181.0,172.16,173.86,178.27,-2.47,15498,2694482.29
2026-02-23,IGARASHI,EQ,INE188B01013,IGARASHI MOTORS INDIA LTD,372.6,378.0,364.0,365.6,367.25,-0.45,33266,12162049.8
2026-02-23,IGCL,EQ,INE05J901018,INDOGULF CROPSCIENCES LTD,65.45,65.98,62.21,62.87,65.27,-3.68,98967,6222055.18
2026-02-23,IGIL,EQ,INE0Q9301021,INTL GEMOLOGICAL INST LTD,331.8,342.0,331.8,333.8,331.65,0.65,597102,199312640.31
2026-02-23,IGL,EQ,INE203G01027,INDRAPRASTHA GAS LTD,168.2,170.23,167.43,169.9,168.2,1.01,1244933,211514109.1
2026-02-23,IGPL,EQ,INE204A01010,I G PETROCHEMICALS LTD,370.85,375.0,357.75,371.7,369.65,0.55,34104,12676457.22
2026-02-23,IIFL,EQ,INE530B01024,IIFL FINANCE LIMITED,504.0,522.3,498.8,503.9,497.6,1.27,1903147,958995761.68
2026-02-23,IIFLCAPS,EQ,INE489L01022,IIFL CAPITAL SERVICES LTD,322.45,322.95,310.2,313.9,321.15,-2.26,339884,106689585.53
2026-02-23,IITL,EQ,INE886A01014,INDUSTRIAL INV TRUST LTD,128.2,132.99,128.2,132.0,129.48,1.95,14800,1953600.0
2026-02-23,IKIO,EQ,INE0LOJ01019,IKIO TECHNOLOGIES LIMITED,146.0,147.56,144.44,146.92,145.72,0.82,68575,10075038.87
2026-02-23,IKS,EQ,INE115Q01022,INVENTURUS KNOWLEDGE SO L,1594.4,1603.0,1535.0,1540.2,1594.4,-3.4,157636,242790959.5
2026-02-23,IMAGICAA,EQ,INE172N01012,IMAGICAAWORLD ENT LTD,46.21,46.46,45.35,45.9,46.3,-0.86,409963,18817302.33
2026-02-23,IMFA,EQ,INE919H01018,INDIAN METALS & FERRO,1271.9,1279.3,1230.0,1234.8,1267.9,-2.61,81836,101051096.8
2026-02-23,IMPAL,EQ,INE547E01014,IND MOTOR PART & ACC LTD,1018.1,1041.9,1018.1,1036.0,1024.4,1.13,1930,1999480.0
2026-02-23,INCREDIBLE,EQ,INE452L01012,INCREDIBLE INDUSTRIES LTD,36.69,37.0,36.01,36.58,36.44,0.38,703,25715.74
2026-02-23,INDBANK,EQ,INE841B01017,INDBANK MERCH BANK,37.0,37.0,35.5,35.79,36.51,-1.97,40773,1459265.71
2026-02-23,INDGN,EQ,INE065X01017,INDEGENE LIMITED,484.25,490.9,481.0,483.2,485.05,-0.38,134445,64963825.64
2026-02-23,INDHOTEL,EQ,INE053A01029,THE INDIAN HOTELS CO. LTD,681.05,683.1,672.1,675.1,674.95,0.02,3799324,2564923539.64
2026-02-23,INDIACEM,EQ,INE383A01012,THE INDIA CEMENTS LIMITED,423.2,431.65,416.2,426.95,423.2,0.89,475315,202935745.05
2026-02-23,INDIAGLYCO,EQ,INE560A01023,INDIA GLYCOLS LTD,945.0,953.7,937.05,939.85,946.6,-0.71,60180,56560171.53
2026-02-23,INDIAMART,EQ,INE933S01016,INDIAMART INTERMESH LTD,2186.0,2226.0,2175.4,2217.3,2185.7,1.45,100530,222905173.91
2026-02-23,INDIANB,EQ,INE562A01011,INDIAN BANK,953.0,986.0,952.05,982.75,946.7,3.81,4004600,3935520650.0
2026-02-23,INDIANCARD,EQ,INE061A01014,INDIAN CARD CLOTHING CO.,224.41,231.8,215.25,215.81,219.87,-1.85,5989,1292486.08
2026-02-23,INDIANHUME,EQ,INE323C01030,INDIAN HUME PIPE CO. LTD.,364.0,364.0,357.15,358.55,361.8,-0.9,4764,1708132.14
2026-02-23,INDIASHLTR,EQ,INE922K01024,INDIA SHELTER FIN CORP L,730.0,730.0,713.1,719.1,722.6,-0.48,92084,66217602.15
2026-02-23,INDIGO,EQ,INE646L01027,INTERGLOBE AVIATION LTD,4850.0,4871.7,4821.0,4862.2,4854.6,0.16,321229,1561879706.54
2026-02-23,INDIGOPNTS,EQ,INE09VQ01012,INDIGO PAINTS LIMITED,950.6,968.5,940.0,950.9,944.0,0.73,168622,160342663.92
2026-02-23,INDIQUBE,EQ,INE06ST01018,INDIQUBE SPACES LIMITED,177.0,180.0,177.0,178.25,177.14,0.63,46859,8352616.75
2026-02-23,INDNIPPON,EQ,INE092B01025,INDIA NIPPON ELECT  LTD,864.0,864.0,828.25,834.95,857.2,-2.6,24949,20831167.85
2026-02-23,INDOBORAX,EQ,INE803D01021,INDO BORAX & CHEMICAL LTD,245.1,251.7,244.1,244.56,245.05,-0.2,37641,9205482.87
2026-02-23,INDOCO,EQ,INE873D01024,INDOCO REMEDIES LTD.,199.63,202.0,198.8,199.81,198.26,0.78,35272,7047698.23
2026-02-23,INDOFARM,EQ,INE622H01018,INDO FARM EQUIPMENT LTD,143.44,153.0,141.1,143.19,142.32,0.61,702109,100534989.42
2026-02-23,INDORAMA,EQ,INE156A01020,INDO RAMA SYNTHETICS LTD,36.86,37.44,36.05,36.48,36.88,-1.08,95897,3498322.52
2026-02-23,INDOSTAR,EQ,INE896L01010,INDOSTAR CAPITAL FIN LTD,233.0,233.41,229.33,230.49,233.64,-1.35,90075,20761387.24
2026-02-23,INDOTECH,EQ,INE332H01014,INDO TECH TRANSFORM LTD.,1431.0,1665.0,1425.7,1559.8,1417.4,10.05,519580,810440909.37
2026-02-23,INDOTHAI,EQ,INE337M01021,INDO THAI SEC LTD,254.0,254.24,245.56,251.15,254.59,-1.35,266712,66984717.17
2026-02-23,INDOUS,EQ,INE250Z01010,INDO US BIOTECH LTD,150.0,154.39,145.01,148.13,150.72,-1.72,116376,17238777.45
2026-02-23,INDOWIND,EQ,INE227G01018,INDOWIND ENERGY LTD,10.5,10.8,9.87,9.93,10.27,-3.31,1065254,10577972.55
2026-02-23,INDRAMEDCO,EQ,INE681B01017,INDRAPRASTHA MEDICAL CORP,417.35,419.35,406.0,408.8,411.35,-0.62,109320,44690014.67
2026-02-23,INDSWFTLAB,EQ,INE915B01019,IND SWIFT LABORATORIES LT,142.44,148.0,140.0,147.45,141.89,3.92,762269,112396561.72
2026-02-23,INDTERRAIN,EQ,INE611L01021,IND TERRAIN FASHIONS LTD,33.45,33.45,31.25,31.85,32.19,-1.06,12516,398634.6
2026-02-23,INDUSINDBK,EQ,INE095A01012,INDUSIND BANK LIMITED,926.05,934.65,911.95,919.75,926.05,-0.68,4217172,3878743947.0
2026-02-23,INDUSTOWER,EQ,INE121J01017,INDUS TOWERS LIMITED,476.75,476.75,468.1,472.2,474.35,-0.45,3640333,1718965287.04
2026-02-23,INFOBEAN,EQ,INE344S01016,INFOBEANS TECHNO. LTD.,224.85,224.85,219.02,220.95,221.56,-0.28,912796,201682273.41
2026-02-23,INFOMEDIA,EQ,INE669A01022,INFOMEDIA PRESS LIMITED,5.54,5.54,4.95,5.05,5.18,-2.51,88712,447995.62
2026-02-23,INFRA,EQ,INF769K01QB4,MIRAEAMC - INFRA,11.77,11.77,11.51,11.56,11.49,0.61,34877,403178.13
2026-02-23,INFRABEES,EQ,INF732E01268,NIP IND ETF INFRA BEES,1000.02,1003.89,996.0,1000.49,995.05,0.55,17260,17268457.23
2026-02-23,INFRAIETF,EQ,INF109KC16E5,ICICIPRAMC - ICICIINFRA,100.03,101.0,98.64,99.8,99.04,0.77,195333,19494234.0
2026-02-23,INFY,EQ,INE009A01021,INFOSYS LIMITED,1352.0,1352.0,1318.0,1327.5,1353.2,-1.9,12887826,17108589015.0
2026-02-23,INGERRAND,EQ,INE177A01018,INGERSOLL-RAND INDIA LTD,3843.4,4000.0,3843.4,3988.0,3843.4,3.76,26674,106375912.0
2026-02-23,INNOVACAP,EQ,INE0DUT01020,INNOVA CAPTAB LIMITED,672.8,694.0,661.7,683.8,669.5,2.14,25770,17621525.69
2026-02-23,INNOVANA,EQ,INE403Y01018,INNOVANA THINKLABS LTD,431.1,431.1,406.95,422.4,431.1,-2.02,2107,889996.79
2026-02-23,INOXGREEN,EQ,INE510W01014,INOX GREEN ENERGY SER LTD,183.0,185.53,174.23,176.92,181.53,-2.54,964326,170608554.15
2026-02-23,INOXINDIA,EQ,INE616N01034,INOX INDIA LIMITED,1136.6,1159.4,1131.1,1143.0,1132.8,0.9,28525,32604075.0
2026-02-23,INOXWIND,EQ,INE066P01011,INOX WIND LIMITED,97.5,97.67,94.13,96.13,96.67,-0.56,18928491,1819595787.84
2026-02-23,INSECTICID,EQ,INE070I01018,INSECTICIDES (I) LTD,620.2,629.8,618.55,623.75,619.85,0.63,12748,7951565.0
2026-02-23,INSPIRISYS,EQ,INE020G01017,INSPIRISYS SOLUTIONS LTD,91.49,92.51,87.3,87.77,89.22,-1.63,18110,1589514.64
2026-02-23,INTELLECT,EQ,INE306R01017,INTELLECT DESIGN ARENA,710.25,714.45,696.8,701.4,704.2,-0.4,442185,310148569.8
2026-02-23,INTENTECH,EQ,INE781A01025,INTENSE TECHNOLOGIES LTD,112.0,112.35,107.82,108.98,111.44,-2.21,35726,3893419.6
2026-02-23,INTERARCH,EQ,INE00M901018,INTERARCH BLDNG SOLTN LTD,1943.8,1957.9,1905.8,1920.8,1937.8,-0.88,79524,152749703.08
2026-02-23,INTERNET,EQ,INF769K01PB6,MIRAEAMC - INTERNET,12.5,12.5,12.5,12.5,12.53,-0.29,0,0.0
2026-02-23,INTLCONV,EQ,INE575C01027,INTL CONVEYORS LIMITED,81.15,83.5,78.78,79.15,81.15,-2.46,32038,2535807.75
2026-02-23,INVENTURE,EQ,INE878H01024,INVENTURE GRO & SEC LTD,1.13,1.15,1.12,1.12,1.13,-0.88,613553,687179.36
2026-02-23,IOB,EQ,INE565A01014,INDIAN OVERSEAS BANK,36.64,37.29,36.39,36.52,36.21,0.86,10257905,374618695.3
2026-02-23,IOC,EQ,INE242A01010,INDIAN OIL CORP LTD,174.89,177.3,173.67,176.46,173.79,1.54,11422407,2015598015.91
2026-02-23,IOLCP,EQ,INE485C01029,IOL CHEM AND PHARMA LTD,73.44,73.99,72.4,73.19,73.32,-0.18,376525,27557865.67
2026-02-23,IONEXCHANG,EQ,INE570A01022,ION EXCHANGE (INDIA) LTD,381.15,393.0,378.9,384.85,381.15,0.97,153045,58899369.18
2026-02-23,IPCALAB,EQ,INE571A01038,IPCA LABORATORIES LTD,1465.0,1501.0,1465.0,1473.7,1449.8,1.65,229030,337521499.82
2026-02-23,IPL,EQ,INE0D6701023,INDIA PESTICIDES LIMITED,155.5,163.25,155.5,157.78,153.99,2.46,350938,55370997.21
2026-02-23,IRB,EQ,INE821I01022,IRB INFRA DEV LTD.,20.44,20.53,20.0,20.13,20.34,-1.03,13851402,278828710.64
2026-02-23,IRCON,EQ,INE962Y01021,IRCON INTERNATIONAL LTD,151.01,151.69,149.06,149.59,149.84,-0.17,1520161,227400878.42
2026-02-23,IRCTC,EQ,INE335Y01020,INDIAN RAIL TOUR CORP LTD,650.7,650.8,632.15,639.45,645.3,-0.91,2983677,1907912294.07
2026-02-23,IREDA,EQ,INE202E01016,INDIAN RENEWABLE ENERGY,126.84,127.5,125.07,127.23,126.65,0.46,6011063,764787565.67
2026-02-23,IRFC,EQ,INE053F01010,INDIAN RAILWAY FIN CORP L,112.0,112.5,110.8,111.89,111.88,0.01,9897270,1107405534.26
2026-02-23,IRIS,EQ,INE864K01010,IRIS REGTECH SOLUTION LTD,267.9,273.05,250.0,255.6,267.9,-4.59,40482,10347199.45
2026-02-23,IRISDOREME,EQ,INE01GN01025,IRIS CLOTHINGS LIMITED,33.59,33.59,32.11,32.66,32.9,-0.73,445922,14563812.45
2026-02-23,IRMENERGY,EQ,INE07U701015,IRM ENERGY LIMITED,239.1,241.99,235.41,236.96,237.45,-0.21,21401,5071181.1
2026-02-23,ISFT,EQ,INE566K01011,INTRASOFT TECH. LTD,81.24,81.49,78.0,78.3,80.83,-3.13,14928,1168862.45
2026-02-23,ISGEC,EQ,INE858B01029,ISGEC HEAVY ENG LTD,847.1,877.0,846.75,869.95,838.75,3.72,134902,117357996.55
2026-02-23,ISHANCH,EQ,INE561M01018,ISHAN DYES N CHEMICALS L,64.69,64.69,60.55,62.75,62.32,0.69,14093,884335.75
2026-02-23,IT,EQ,INF174KA1GC5,KOTAKMAMC - KOTAKIT,34.3,35.88,34.3,34.78,35.3,-1.47,785469,27318610.86
2026-02-23,ITADD,EQ,INF740KA1SX1,DSPAMC - DSPIT,33.97,33.97,33.13,33.24,33.81,-1.69,94544,3142642.72
2026-02-23,ITAXIS,EQ,INF846K01Y96,AXISAMC-ITAXIS,353.71,353.71,343.98,346.0,350.73,-1.35,6884,2381864.0
2026-02-23,ITBEES,EQ,INF204KB15V2,NIP IND ETF IT,35.54,35.54,34.73,34.86,35.38,-1.47,28977046,1010139841.25
2026-02-23,ITBETA,EQ,INF789F1AZD8,UTIAMC-ITBETA,334.5,334.61,327.79,330.12,334.19,-1.22,2406,794268.71
2026-02-23,ITC,EQ,INE154A01025,ITC LTD,327.0,328.1,324.4,325.4,327.0,-0.49,13486092,4388374254.49
2026-02-23,ITCHOTELS,EQ,INE379A01028,ITC HOTELS LIMITED,178.9,185.5,178.0,180.86,176.68,2.37,7146197,1292461193.78
2026-02-23,ITDC,EQ,INE353K01014,INDIA TOUR. DEV. CO. LTD.,534.95,541.1,529.05,531.3,532.0,-0.13,14544,7727227.02
2026-02-23,ITETF,EQ,INF769K01KV5,MIRAEAMC - ITETF,33.94,33.94,33.0,33.18,33.7,-1.54,1080073,35836822.47
2026-02-23,ITI,EQ,INE248A01017,ITI LTD,280.9,282.75,276.5,278.45,280.6,-0.77,155455,43286446.65
2026-02-23,ITIETF,EQ,INF109KC16I6,ICICIPRAMC - ICICITECH,36.42,36.42,34.72,34.84,35.36,-1.47,1569293,54674168.36
2026-02-23,IVALUE,EQ,INE056801025,IVALUE INFOSOLUTIONS LTD,228.0,228.0,224.55,225.11,225.26,-0.07,160560,36143661.7
2026-02-23,IVC,EQ,INE050B01023,IL&FS INVESTMENT MANAGERS,7.61,7.61,7.41,7.51,7.53,-0.27,183780,1380187.84
2026-02-23,IVZINGOLD,EQ,INF205KA1BP1,INVESCO INDIA GOLD ETF,13657.9,13899.55,13602.7,13687.85,13424.5,1.96,810,11087158.18
2026-02-23,IVZINNIFTY,EQ,INF205KA1CC7,INVESCO INDIA NIFTY ETF,2979.5,3150.0,2834.15,2929.36,2906.83,0.78,56,164044.17
2026-02-23,IXIGO,EQ,INE0HV901016,LE TRAVENUES TECHNOLOGY L,189.54,189.54,178.0,179.25,186.74,-4.01,2781863,498648942.75
2026-02-23,IZMO,EQ,INE848A01014,IZMO LIMITED,874.0,895.0,803.7,820.0,872.1,-5.97,243031,199285420.0
2026-02-23,J&KBANK,EQ,INE168A01041,J & K BANK LTD.,104.0,106.82,104.0,106.54,103.57,2.87,4830563,514648186.44
2026-02-23,JAGRAN,EQ,INE199G01027,JAGRAN PRAKASHAN LIMITED,63.69,64.28,62.9,63.13,63.49,-0.57,166870,10534503.28
2026-02-23,JAGSNPHARM,EQ,INE048B01035,JAGSONPAL PHARMACEUTICALS,174.3,176.65,171.6,174.14,173.35,0.46,22968,3999647.51
2026-02-23,JAIBALAJI,EQ,INE091G01026,JAI BALAJI INDUSTRIES LTD,64.18,64.18,61.56,62.2,63.14,-1.49,918894,57155207.5
2026-02-23,JAICORPLTD,EQ,INE070D01027,JAI CORP LIMITED,116.45,117.4,113.73,115.07,115.57,-0.43,291971,33597102.88
2026-02-23,JAINREC,EQ,INE0YD401026,JAIN RESOURCE RECYCLING L,383.0,389.0,377.0,379.4,378.8,0.16,672556,255167742.3
2026-02-23,JAIPURKURT,EQ,INE696V01013,NANDANI CREATION LIMITED,37.0,37.43,34.12,34.94,35.68,-2.07,105695,3692983.15
2026-02-23,JAMNAAUTO,EQ,INE039C01032,JAMNA AUTO IND LTD,143.5,146.0,136.95,138.41,143.93,-3.84,4527776,626689492.74
2026-02-23,JARO,EQ,INE00YJ01010,JARO INS OF TEC MG N RE L,449.8,449.8,437.4,443.0,447.6,-1.03,119131,52775033.0
2026-02-23,JASH,EQ,INE039O01029,JASH ENGINEERING LIMITED,405.0,405.0,383.3,397.1,399.6,-0.63,97936,38890386.2
2026-02-23,JAYAGROGN,EQ,INE785A01026,JAYANT AGRO ORGANICS LTD,176.7,177.85,175.05,176.61,176.49,0.07,4428,782029.08
2026-02-23,JAYBARMARU,EQ,INE571B01036,JAY BHARAT MARUTI LTD,106.8,109.1,105.5,106.62,104.11,2.41,345887,36878472.89
2026-02-23,JAYKAY,EQ,INE903A01025,JAYKAY ENTERPRISES LTD,159.02,159.5,148.2,151.57,158.54,-4.4,109617,16614649.49
2026-02-23,JAYNECOIND,EQ,INE854B01010,JAYASWAL NECO INDUSTR LTD,79.99,80.0,77.5,78.28,79.13,-1.07,1804261,141237548.88
2026-02-23,JAYSREETEA,EQ,INE364A01020,JAYSHREE TEA & INDUSTRIES,82.24,83.47,81.56,82.08,81.97,0.13,20702,1699220.2
2026-02-23,JBMA,EQ,INE927D01051,JBM AUTO LIMITED,570.95,577.7,561.25,567.55,570.45,-0.51,245886,139552596.3
2026-02-23,JETFREIGHT,EQ,INE982V01025,JET FREIGHT LOGISTICS LTD,18.0,18.28,17.63,18.24,17.71,2.99,93545,1706260.78
2026-02-23,JGCHEM,EQ,INE0MB501011,J.G.CHEMICALS LIMITED,376.0,385.3,371.5,374.8,379.65,-1.28,55122,20659724.93
2026-02-23,JHS,EQ,INE544H01014,JHS SVEND. LAB. LTD,9.79,10.23,9.0,9.94,9.9,0.4,295300,2935281.88
2026-02-23,JINDALPHOT,EQ,INE796G01012,JINDAL PHOTO LIMITED,1360.0,1385.0,1342.7,1350.6,1358.8,-0.6,6183,8350759.65
2026-02-23,JINDALPOLY,EQ,INE197D01010,JINDAL POLY FILMS LIMITED,494.85,547.0,487.0,531.25,490.1,8.4,1430860,760144375.0
2026-02-23,JINDALSAW,EQ,INE324A01032,JINDAL SAW LIMITED,182.77,184.33,178.0,179.3,181.28,-1.09,1051069,188456674.91
2026-02-23,JINDALSTEL,EQ,INE749A01030,JINDAL STEEL LIMITED,1220.8,1230.0,1207.0,1216.6,1217.1,-0.04,562390,684203660.27
2026-02-23,JINDRILL,EQ,INE742C01031,JINDAL DRILLING IND. LTD,462.8,473.4,460.3,462.6,467.65,-1.08,49844,23057834.7
2026-02-23,JINDWORLD,EQ,INE247D01039,JINDAL WORLDWIDE LTD,26.7,26.99,25.3,25.68,25.63,0.2,448478,11516915.18
2026-02-23,JIOFIN,EQ,INE758E01017,JIO FIN SERVICES LTD,260.0,260.4,256.15,257.8,258.6,-0.31,9454337,2437327963.19
2026-02-23,JISLDVREQS,EQ,IN9175A01010,JAIN DVR EQUITY SHARES,23.04,24.07,22.16,22.77,23.23,-1.98,21234,483498.19
2026-02-23,JISLJALEQS,EQ,INE175A01038,JAIN IRRIGATION SYSTEMS,36.04,36.5,35.1,35.4,35.89,-1.37,909552,32198142.19
2026-02-23,JITFINFRA,EQ,INE863T01013,JITF INFRALOGISTICS LTD,353.8,371.45,349.55,371.45,353.8,4.99,68899,25592534.39
2026-02-23,JKCEMENT,EQ,INE823G01014,JK CEMENT LIMITED,5764.0,5810.0,5706.0,5784.0,5748.0,0.63,21373,123621432.0
2026-02-23,JKIL,EQ,INE576I01022,JKUMAR INFR.LTD.,545.0,555.65,540.0,554.0,546.4,1.39,83046,46007484.0
2026-02-23,JKIPL,EQ,INE1FF001016,JINKUSHAL INDUSTRIES LTD,70.99,70.99,66.25,66.96,69.54,-3.71,32263,2160330.45
2026-02-23,JKLAKSHMI,EQ,INE786A01032,JK LAKSHMI CEMENT LTD,714.95,731.8,711.7,728.0,712.7,2.15,94706,68945968.0
2026-02-23,JKPAPER,EQ,INE789E01012,JK PAPER LIMITED,343.3,345.05,338.5,339.35,342.0,-0.77,71013,24098261.98
2026-02-23,JKTYRE,EQ,INE573A01042,JK TYRE & INDUSTRIES LTD,540.0,546.0,530.5,532.55,538.3,-1.07,1152903,613978478.58
2026-02-23,JLHL,EQ,INE682M01020,JUPITER LIFE LINE HOSP L,243.12,246.96,241.0,245.46,242.34,1.29,34900,8566554.23
2026-02-23,JMA,EQ,INE412C01023,JULLUNDUR MOT AGENCY LTD,92.0,92.88,88.51,89.88,90.83,-1.05,13911,1250320.64
2026-02-23,JMFINANCIL,EQ,INE780C01023,JM FINANCIAL LIMITED,135.63,137.41,134.05,134.72,134.83,-0.08,1522093,205056370.82
2026-02-23,JNKINDIA,EQ,INE0OAF01028,JNK INDIA LIMITED,243.69,259.5,243.69,245.16,245.31,-0.06,229390,56237253.24
2026-02-23,JOCIL,EQ,INE839G01010,JOCIL LIMITED,135.0,137.0,131.25,133.63,134.1,-0.35,948,126681.24
2026-02-23,JPOLYINVST,EQ,INE147P01019,JIND POL INV & FIN CO LTD,1300.0,1387.9,1245.25,1289.95,1278.5,0.9,79926,103100539.8
2026-02-23,JPPOWER,EQ,INE351F01018,JAIPRAKASH POWER VEN. LTD,14.7,14.84,14.46,14.51,14.66,-1.02,16613602,241063368.82
2026-02-23,JSFB,EQ,INE953L01027,JANA SMALL FIN BANK LTD,386.0,388.05,371.55,378.25,382.6,-1.14,739160,279587270.0
2026-02-23,JSL,EQ,INE220G01021,JINDAL STAINLESS LIMITED,762.05,799.6,757.65,795.2,761.3,4.45,1952324,1552488068.63
2026-02-23,JSLL,EQ,INE0J5801029,JEENA SIKHO LIFECARE LTD,698.0,698.0,669.15,671.3,689.8,-2.68,238486,160095648.89
2026-02-23,JSWCEMENT,EQ,INE718I01012,JSW CEMENT LIMITED,122.09,125.28,121.56,125.09,121.93,2.59,2350866,294069819.33
2026-02-23,JSWDULUX,EQ,INE133A01011,JSW DULUX LIMITED,3079.0,3097.7,3042.4,3086.1,3054.4,1.04,25068,77362357.25
2026-02-23,JSWENERGY,EQ,INE121E01018,JSW ENERGY LIMITED,495.0,498.95,484.35,486.4,493.95,-1.53,1910698,929363495.54
2026-02-23,JSWHL,EQ,INE824G01012,JSW HOLDINGS LIMITED,17500.0,17500.0,17000.0,17274.0,17281.0,-0.04,1209,20884266.0
2026-02-23,JSWINFRA,EQ,INE880J01026,JSW INFRASTRUCTURE LTD,254.8,260.05,253.55,258.85,253.0,2.31,1264604,327342753.12
2026-02-23,JSWSTEEL,EQ,INE019A01038,JSW STEEL LIMITED,1240.0,1248.0,1228.3,1240.5,1235.8,0.38,787962,977466861.0
2026-02-23,JTEKTINDIA,EQ,INE643A01035,JTEKT INDIA LIMITED,136.2,139.2,136.2,137.35,136.48,0.64,78539,10787332.13
2026-02-23,JTLIND,EQ,INE391J01032,JTL INDUSTRIES LIMITED,65.0,65.89,63.58,64.84,65.02,-0.28,2020853,131032101.12
2026-02-23,JUBLCPL,EQ,INE03CC01015,JUBILANT AGRI N CON PRO L,1848.2,1897.6,1842.3,1848.5,1848.1,0.02,1907,3525089.5
2026-02-23,JUBLFOOD,EQ,INE797F01020,JUBILANT FOODWORKS LTD,532.4,537.65,529.55,536.1,532.4,0.69,1456796,780988300.03
2026-02-23,JUBLINGREA,EQ,INE0BY001018,JUBILANT INGREVIA LIMITED,605.0,616.0,602.2,608.6,602.35,1.04,103798,63171460.27
2026-02-23,JUBLPHARMA,EQ,INE700A01033,JUBILANT PHARMOVA LTD,882.0,909.9,871.55,901.0,872.55,3.26,184591,166316491.0
2026-02-23,JUNIORBEES,EQ,INF732E01045,NIP IND ETF JUNIOR BEES,753.0,753.95,735.0,749.67,747.56,0.28,262382,196699909.46
2026-02-23,JUNIPER,EQ,INE696F01016,JUNIPER HOTELS LIMITED,224.79,226.95,216.0,217.81,221.84,-1.82,100720,21937822.95
2026-02-23,JUSTDIAL,EQ,INE599M01018,JUSTDIAL LTD.,608.0,610.45,595.0,599.75,603.15,-0.56,171808,103041848.0
2026-02-23,JWL,EQ,INE209L01016,JUPITER WAGONS LIMITED,291.0,292.9,285.05,289.65,289.35,0.1,799208,231490592.32
2026-02-23,JYOTHYLAB,EQ,INE668F01031,JYOTHY LABS LIMITED,246.49,254.39,243.51,251.87,246.05,2.37,1171334,295023888.86
2026-02-23,JYOTICNC,EQ,INE980O01024,JYOTI CNC AUTOMATION LTD,840.0,877.8,840.0,859.65,837.25,2.68,474653,408035463.04
2026-02-23,JYOTISTRUC,EQ,INE197A01024,JYOTI STRUCTURES LTD,12.67,12.76,12.11,12.38,12.54,-1.28,12464418,154309496.27
2026-02-23,KABRAEXTRU,EQ,INE900B01029,KABRA EXTRUSION TECHNIK L,252.6,284.5,245.15,266.55,250.41,6.45,336817,89778567.24
2026-02-23,KAJARIACER,EQ,INE217B01036,KAJARIA CERAMICS LTD,1000.0,1007.95,990.2,995.1,993.8,0.13,116316,115746048.76
2026-02-23,KAKATCEM,EQ,INE437B01014,KAKATIYA CEM SUGAR &IND L,119.0,119.0,114.11,114.36,117.56,-2.72,1466,167651.76
2026-02-23,KALAMANDIR,EQ,INE438K01021,SAI SILKS (KALAMANDIR) L,114.5,115.48,112.01,112.76,114.5,-1.52,432218,48736902.6
2026-02-23,KALPATARU,EQ,INE227J01012,KALPATARU LIMITED,341.1,346.75,337.8,339.0,342.0,-0.88,22476,7619364.0
2026-02-23,KALYANKJIL,EQ,INE303R01014,KALYAN JEWELLERS IND LTD,405.0,405.9,398.95,402.15,401.2,0.24,3419994,1375350566.23
2026-02-23,KAMATHOTEL,EQ,INE967C01018,KAMAT HOTELS (I) LTD,187.7,190.91,184.87,186.4,188.64,-1.19,42437,7910256.54
2026-02-23,KAMOPAINTS,EQ,INE0BTI01037,KAMDHENU VENTURES LIMITED,4.66,4.67,4.41,4.48,4.52,-0.88,455779,2041889.93
2026-02-23,KANANIIND,EQ,INE879E01037,KANANI INDUSTRIES LTD,1.57,1.59,1.53,1.54,1.57,-1.91,146459,225546.85
2026-02-23,KANPRPLA,EQ,INE694E01014,KANPUR PLASTIPACK LIMITED,199.8,200.87,193.1,193.49,195.12,-0.84,2077,401878.74
2026-02-23,KANSAINER,EQ,INE531A01024,KANSAI NEROLAC PAINTS LTD,199.8,200.62,197.42,199.64,198.69,0.48,250252,49960309.13
2026-02-23,KAPSTON,EQ,INE542Z01028,KAPSTON SERVICES LIMITED,401.55,401.55,390.0,392.1,393.65,-0.39,4127,1618196.73
2026-02-23,KARMAENG,EQ,INE725L01011,KARMA ENERGY LIMITED,46.25,47.26,45.5,45.58,45.01,1.27,4541,206978.79
2026-02-23,KARURVYSYA,EQ,INE036D01028,KARUR VYSYA BANK LTD,323.95,326.5,318.35,325.55,322.6,0.91,1624347,528806146.02
2026-02-23,KAYNES,EQ,INE918Z01012,KAYNES TECHNOLOGY IND LTD,3898.0,3899.5,3785.0,3799.5,3870.9,-1.84,985892,3745896654.0
2026-02-23,KCP,EQ,INE805C01028,KCP LTD,163.7,165.99,161.54,161.9,163.42,-0.93,96694,15654758.01
2026-02-23,KDDL,EQ,INE291D01011,KDDL LIMITED,2491.2,2509.1,2385.3,2411.9,2485.2,-2.95,20805,50179577.47
2026-02-23,KEC,EQ,INE389H01022,KEC INTL. LIMITED,590.0,592.9,579.5,582.65,584.3,-0.28,285962,166615766.28
2026-02-23,KECL,EQ,INE134B01017,KIRLOSKAR ELECTRIC CO LTD,90.8,93.99,90.36,91.73,90.29,1.59,124967,11463223.33
2026-02-23,KEEPLEARN,EQ,INE055C01020,DSJ KEEP LEARNING LTD,2.0,2.05,1.97,2.0,1.96,2.04,16367,32734.0
2026-02-23,KEI,EQ,INE878B01027,KEI INDUSTRIES LTD.,4806.0,4849.9,4687.6,4765.7,4756.0,0.2,448451,2137183018.29
2026-02-23,KELLTONTEC,EQ,INE164B01030,KELLTON TECH SOL LTD,19.21,20.25,19.15,19.96,19.17,4.12,5211713,104025786.71
2026-02-23,KERNEX,EQ,INE202H01019,KERNEX MICROSYS(I) LTD,1122.8,1125.0,1078.7,1098.9,1106.2,-0.66,81642,89716395.79
2026-02-23,KEYFINSERV,EQ,INE681C01015,KEYNOTE FIN SERV LTD.,298.55,305.05,287.25,288.9,290.65,-0.6,5597,1616973.27
2026-02-23,KFINTECH,EQ,INE138Y01010,KFIN TECHNOLOGIES LIMITED,1016.9,1029.0,1005.9,1011.3,1007.4,0.39,767645,776319379.13
2026-02-23,KHAICHEM,EQ,INE745B01028,KHAITAN CHEM & FERT LTD,59.08,60.75,58.3,58.72,59.08,-0.61,178400,10475648.22
2026-02-23,KHAITANLTD,EQ,INE731C01018,KHAITAN (INDIA)LTD.,95.7,98.01,93.5,95.03,94.27,0.81,986,93699.58
2026-02-23,KHANDSE,EQ,INE060B01014,KHANDWALA SECURITIES LTD,17.88,17.99,17.3,17.68,17.45,1.32,4730,83626.4
2026-02-23,KICL,EQ,INE029L01018,KALYANI INVEST CO LTD,4853.0,5013.0,4853.0,4946.2,4902.0,0.9,2416,11950019.67
2026-02-23,KIMS,EQ,INE967H01025,KRISHNA INST OF MED SCI L,692.75,722.5,691.05,717.45,692.5,3.6,684621,491181344.81
2026-02-23,KINGFA,EQ,INE473D01015,KINGFA SCI & TEC IND LTD.,4145.0,4145.0,3990.0,4027.7,4045.0,-0.43,4824,19429624.56
2026-02-23,KIOCL,EQ,INE880L01014,KIOCL LIMITED,342.85,344.45,331.9,335.0,340.85,-1.72,142607,47773345.0
2026-02-23,KIRIINDUS,EQ,INE415I01015,KIRI INDUSTRIES LIMITED,457.15,458.25,452.6,455.75,455.55,0.04,247197,112660032.75
2026-02-23,KIRLOSBROS,EQ,INE732A01036,KIRLOSKAR BROTHERS LTD,1603.9,1645.8,1591.4,1616.2,1599.2,1.06,43928,70996431.46
2026-02-23,KIRLOSENG,EQ,INE146L01010,KIRLOSKAR OIL ENG LTD,1420.0,1429.3,1372.3,1397.6,1418.5,-1.47,226740,316891818.46
2026-02-23,KIRLOSIND,EQ,INE250A01039,KIRLOSKAR INDUSTRIES LTD,2974.8,2996.7,2934.1,2968.7,2971.9,-0.11,3337,9906551.74
2026-02-23,KIRLPNU,EQ,INE811A01038,KIRLOSKAR PNEUMATIC COM L,572.95,574.95,561.6,572.8,571.0,0.32,76900,44048319.06
2026-02-23,KITEX,EQ,INE602G01020,KITEX GARMENTS LTD,194.0,206.0,190.06,194.25,185.99,4.44,11460008,2226106554.0
2026-02-23,KKCL,EQ,INE401H01017,KEWAL KIRAN CLOTHING LTD,519.0,526.5,505.05,507.05,518.45,-2.2,32774,16618056.3
2026-02-23,KMEW,EQ,INE0CJD01029,KNOWLEDGE MARINE & EN W L,1639.9,1654.4,1538.2,1552.0,1638.2,-5.26,149422,231902944.0
2026-02-23,KMSUGAR,EQ,INE157H01023,K M SUGAR MILLS LTD,25.0,25.25,24.45,24.67,24.71,-0.16,25811,636757.37
2026-02-23,KNAGRI,EQ,INE0KNW01016,KN AGRI RESOURCES LIMITED,189.95,189.95,175.07,181.87,194.52,-6.5,117502,21370088.17
2026-02-23,KNRCON,EQ,INE634I01029,KNR CONSTRU LTD.,142.0,142.0,137.12,138.24,139.89,-1.18,751526,103890958.37
2026-02-23,KOHINOOR,EQ,INE080B01012,KOHINOOR FOODS LIMITED,26.5,26.5,24.8,25.28,25.5,-0.86,63882,1614937.0
2026-02-23,KOKUYOCMLN,EQ,INE760A01029,KOKUYO CAMLIN LIMITED,86.0,86.0,83.5,84.0,85.18,-1.39,19915,1672860.0
2026-02-23,KOLTEPATIL,EQ,INE094I01018,KOLTE PATIL DEV. LTD.,363.6,365.0,359.55,362.7,358.4,1.2,32776,11887855.6
2026-02-23,KOPRAN,EQ,INE082A01010,KOPRAN LTD,131.0,132.98,128.0,128.97,129.98,-0.78,166197,21434427.29
2026-02-23,KOTAKBANK,EQ,INE237A01036,KOTAK MAHINDRA BANK LTD,423.0,431.8,420.35,430.7,421.35,2.22,10399627,4479119475.85
2026-02-23,KOTHARIPET,EQ,INE720A01015,KOTHARI PETROCHEM LTD,123.86,123.86,120.06,120.49,121.25,-0.63,16935,2040498.11
2026-02-23,KOTHARIPRO,EQ,INE823A01017,KOTHARI PRODUCTS LTD,74.75,74.75,68.5,69.86,72.99,-4.29,23848,1666021.29
2026-02-23,KPEL,EQ,INE127T01021,K.P. ENERGY LIMITED,300.1,301.95,295.0,296.2,294.2,0.68,135603,40165610.26
2026-02-23,KPIGREEN,EQ,INE542W01025,KPI GREEN ENERGY LIMITED,397.95,401.0,392.0,394.2,397.4,-0.81,411618,162259820.62
2026-02-23,KPIL,EQ,INE220B01022,KALPATARU PROJECT INT LTD,1139.9,1198.1,1135.6,1187.0,1135.6,4.53,364726,432929762.0
2026-02-23,KPITTECH,EQ,INE04I401011,KPIT TECHNOLOGIES LIMITED,835.4,841.9,801.4,812.7,835.4,-2.72,2364931,1921979452.57
2026-02-23,KPRMILL,EQ,INE930H01031,KPR MILL LTD.,950.0,959.2,915.0,921.55,933.5,-1.28,472106,435069278.54
2026-02-23,KRBL,EQ,INE001B01026,KRBL LIMITED,365.3,372.85,357.6,359.3,363.55,-1.17,313089,112492873.88
2026-02-23,KREBSBIO,EQ,INE268B01013,KREBS BIOCHEMICALS & IND,58.0,61.77,57.1,58.54,58.6,-0.1,685,40099.9
2026-02-23,KRIDHANINF,EQ,INE524L01026,KRIDHAN INFRA LIMITED,3.54,3.77,3.42,3.49,3.47,0.58,83042,289816.58
2026-02-23,KRISHANA,EQ,INE506W01020,KRISHANA PHOSCHEM LIMITED,101.16,101.5,100.01,101.11,100.6,0.51,264675,26761289.41
2026-02-23,KRISHIVAL,EQ,INE0GGO01015,KRISHIVAL FOODS LIMITED,332.75,336.65,320.0,321.95,329.6,-2.32,12342,3973507.05
2026-02-23,KRISHNADEF,EQ,INE0J5601015,KRISHNA DEF AND ALD IND L,1106.0,1107.7,1030.0,1037.0,1103.2,-6.0,126562,131244794.0
2026-02-23,KRITI,EQ,INE479D01038,KRITI INDUSTRIES IND LTD,81.5,84.4,81.5,81.66,82.07,-0.5,21846,1783944.44
2026-02-23,KRITIKA,EQ,INE00Z501029,KRITIKA WIRES LIMITED,6.65,6.69,6.21,6.32,6.52,-3.07,163530,1033509.63
2026-02-23,KRITINUT,EQ,INE798K01010,KRITI NUTRIENTS LIMITED,71.5,71.5,68.05,69.94,70.07,-0.19,8058,563576.54
2026-02-23,KRN,EQ,INE0Q3J01015,KRN HEAT EXCHANGE N REF L,896.7,944.0,883.05,921.0,879.1,4.77,12128678,11170512438.0
2026-02-23,KROSS,EQ,INE0O6601022,KROSS LIMITED,207.95,208.53,199.6,201.01,206.41,-2.62,299071,60116260.07
2026-02-23,KRSNAA,EQ,INE08LI01020,KRSNAA DIAGNOSTICS LTD,645.0,652.1,632.6,637.9,642.1,-0.65,50498,32212675.43
2026-02-23,KRYSTAL,EQ,INE0QN801017,KRYSTAL INTEGRATED SER L,625.0,639.95,625.0,631.3,610.05,3.48,34988,22087923.97
2026-02-23,KSB,EQ,INE999A01023,KSB LIMITED,720.9,730.0,719.25,725.85,719.25,0.92,41111,29840418.35
2026-02-23,KSCL,EQ,INE455I01029,KAVERI SEED CO. LTD.,826.6,839.9,811.0,823.8,812.3,1.42,108688,89537173.07
2026-02-23,KSHINTL,EQ,INE987S01020,KSH INTERNATIONAL LIMITED,363.0,375.15,363.0,372.7,364.65,2.21,64621,24084247.49
2026-02-23,KSHITIJPOL,EQ,INE013801027,KSHITIJ POLYLINE LIMITED,2.77,2.77,2.77,2.77,2.64,4.92,144389,399957.53
2026-02-23,KSL,EQ,INE907A01026,KALYANI STEELS LIMITED,752.0,753.7,731.05,738.65,746.55,-1.06,19840,14654816.48
2026-02-23,KSOLVES,EQ,INE0D6I01023,KSOLVES INDIA LIMITED,322.9,326.45,310.0,313.25,322.6,-2.9,50263,15744884.75
2026-02-23,KTKBANK,EQ,INE614B01018,KARNATAKA BANK LIMITED,203.15,207.82,200.2,201.78,202.76,-0.48,1457106,294014846.9
2026-02-23,KUANTUM,EQ,INE529I01021,KUANTUM PAPERS LIMITED,90.25,91.88,89.2,89.61,90.87,-1.39,10334,926029.75
2026-02-23,KWIL,EQ,INE2KCE01013,KWALITY WALL'S (INDIA) L,27.14,27.9,26.5,26.95,27.73,-2.81,85455449,2303024415.75
2026-02-23,LAGNAM,EQ,INE548Z01017,LAGNAM SPINTEX LIMITED,76.97,79.39,73.75,74.48,76.98,-3.25,3894,290025.13
2026-02-23,LAL,EQ,INE740X01023,LORENZINI APPARELS LTD,7.88,8.77,7.87,7.94,8.03,-1.12,22433,178118.02
2026-02-23,LALPATHLAB,EQ,INE600L01024,DR. LAL PATH LABS LTD.,1404.1,1417.6,1380.0,1396.0,1402.3,-0.45,145096,202554016.0
2026-02-23,LAMBODHARA,EQ,INE112F01022,LAMBODHARA TEXTILES LTD.,113.0,113.34,110.76,111.2,112.02,-0.73,2459,273440.79
2026-02-23,LANDMARK,EQ,INE559R01029,LANDMARK CARS LIMITED,413.1,442.1,412.65,433.5,413.05,4.95,72918,31609953.0
2026-02-23,LANDSMILL,EQ,INE688J01023,LANDSMILL GREEN LIMITED,1.13,1.15,1.1,1.12,1.13,-0.88,5124649,5739606.9
2026-02-23,LAOPALA,EQ,INE059D01020,LA OPALA RG LIMITED,201.7,214.0,200.3,209.89,203.39,3.2,223285,46865288.51
2026-02-23,LATENTVIEW,EQ,INE0I7C01011,LATENT VIEW ANALYTICS LTD,365.2,367.15,348.8,350.4,365.2,-4.05,701449,245787725.32
2026-02-23,LATTEYS,EQ,INE262Z01023,LATTEYS INDUSTRIES LTD,22.28,23.5,22.0,22.2,21.99,0.95,34018,755199.63
2026-02-23,LAURUSLABS,EQ,INE947Q01028,LAURUS LABS LIMITED,1024.4,1032.95,1009.0,1017.05,1019.0,-0.19,546049,555359128.78
2026-02-23,LAXMICOT,EQ,INE801V01019,LAXMI COTSPIN LIMITED,17.04,18.82,17.04,18.82,17.93,4.96,371621,6993907.11
2026-02-23,LAXMIDENTL,EQ,INE0WO601020,LAXMI DENTAL LIMITED,195.84,196.42,190.9,192.9,194.29,-0.72,180633,34844104.6
2026-02-23,LAXMIINDIA,EQ,INE06WU01026,LAXMI INDIA FINANCE LTD,104.0,104.0,97.0,97.33,100.48,-3.13,272788,26550456.54
2026-02-23,LCCINFOTEC,EQ,INE938A01021,LCC INFOTECH LTD,4.66,4.98,4.52,4.94,4.75,4.0,33477,165376.38
2026-02-23,LEMERITE,EQ,INE0G1L01025,LE MERITE EXPORTS LIMITED,91.76,92.13,89.5,90.76,90.11,0.72,201545,18292224.63
2026-02-23,LEMONTREE,EQ,INE970X01018,LEMON TREE HOTELS LTD,118.0,119.3,115.36,116.93,116.27,0.57,5422357,634036205.66
2026-02-23,LENSKART,EQ,INE956O01016,LENSKART SOLUTIONS LTD,491.0,496.7,482.1,485.2,489.4,-0.86,854311,414511707.63
2026-02-23,LEXUS,EQ,INE500X01013,LEXUS GRANITO (INDIA) LTD,38.0,38.89,36.79,37.86,37.44,1.12,280438,10617382.85
2026-02-23,LFIC,EQ,INE850E01012,LAKSHMI FIN IND CORP LTD,148.95,148.95,127.5,131.52,127.4,3.23,4939,649577.3
2026-02-23,LGBBROSLTD,EQ,INE337A01034,LG BALAKRISHNAN & BROS,1850.0,1924.0,1846.0,1905.6,1851.6,2.92,32158,61280284.01
2026-02-23,LGEINDIA,EQ,INE324D01010,LG ELECTRONICS INDIA LTD,1549.1,1568.7,1540.5,1557.3,1549.1,0.53,304511,474214995.17
2026-02-23,LGHL,EQ,INE258Y01016,LAXMI GOLDORNA HOUSE LTD,291.05,299.0,280.2,282.1,288.8,-2.32,14185,4001588.59
2026-02-23,LIBAS,EQ,INE908V01012,LIBAS CONSU PRODUCTS LTD,10.47,10.88,10.11,10.2,10.22,-0.2,19047,194279.4
2026-02-23,LIBERTSHOE,EQ,INE557B01019,LIBERTY SHOES LTD,254.94,254.94,245.55,247.46,250.86,-1.36,8843,2188288.84
2026-02-23,LICHSGFIN,EQ,INE115A01026,LIC HOUSING FINANCE LTD,527.85,529.4,520.25,524.85,524.55,0.06,842871,442380823.77
2026-02-23,LICI,EQ,INE0J1Y01017,LIFE INSURA CORP OF INDIA,438.0,442.9,436.83,441.62,436.65,1.14,2150666,949787872.25
2026-02-23,LICMFGOLD,EQ,INF767K01SM1,LIC MF - LIC GOLD ETF,14036.7,14215.8,14022.15,14057.6,13875.7,1.31,2175,30575279.15
2026-02-23,LICNETFGSC,EQ,INF767K01MV5,LICNAMC - LICNMFET,28.97,28.97,28.68,28.84,28.82,0.07,32255,930234.2
2026-02-23,LICNETFN50,EQ,INF767K01OS7,LICNAMC - LICNFENGP,283.11,287.85,283.11,285.74,285.23,0.18,671,191731.53
2026-02-23,LICNETFSEN,EQ,INF767K01OT5,LICNAMC - LICNFESGP,936.79,936.79,935.65,936.53,936.6,-0.01,18,16857.54
2026-02-23,LICNFNHGP,EQ,INF767K01PC8,LICNAMC - LICNFNHGP,285.88,288.48,285.88,286.36,285.88,0.17,253,72449.08
2026-02-23,LICNMID100,EQ,INF767K01RN1,LICNAMC - LICNMID100,60.15,60.17,59.22,59.29,59.86,-0.95,75098,4452560.49
2026-02-23,LIKHITHA,EQ,INE060901027,LIKHITHA INFRASTRUC LTD,159.98,160.08,153.0,153.32,157.64,-2.74,52481,8046387.3
2026-02-23,LINC,EQ,INE802B01027,LINC LIMITED,108.81,109.52,105.4,108.67,107.76,0.84,33081,3594912.21
2026-02-23,LINCOLN,EQ,INE405C01035,LINCOLN PHARMA LTD,620.0,621.05,610.1,618.85,622.6,-0.6,34017,21051419.62
2026-02-23,LINDEINDIA,EQ,INE473A01011,LINDE INDIA LIMITED,6840.0,6880.0,6698.0,6739.5,6794.0,-0.8,27587,185922586.5
2026-02-23,LIQUID,EQ,INF769K01KS1,MIRAEAMC - LIQUID,999.99,1000.0,999.99,999.99,999.99,0.0,51506,51505484.44
2026-02-23,LIQUID1,EQ,INF174KA1LV5,KOTAKMAMC - KOTAKLIQ,1092.47,1092.48,1092.46,1092.46,1092.33,0.01,1319090,1441053009.87
2026-02-23,LIQUIDADD,EQ,INF740KA1UM0,DSPAMC - LIQUIDADD,1114.47,1114.62,1114.47,1114.61,1114.47,0.01,733278,817318980.84
2026-02-23,LIQUIDBEES,EQ,INF732E01037,NIP IND ETF LIQUID BEES,1000.0,1000.01,999.99,1000.0,1000.0,0.0,4198430,4198430000.0
2026-02-23,LIQUIDBETF,EQ,INF0QA701854,BFAM - LIQUIDBETF,1070.3,1070.3,1070.28,1070.29,1070.16,0.01,522415,559135570.76
2026-02-23,LIQUIDCASE,EQ,INF0R8F01034,ZERODHAAMC - LIQUIDCASE,112.87,112.87,112.85,112.86,112.84,0.02,18576208,2096510846.22
2026-02-23,LIQUIDETF,EQ,INF740KA1EU7,DSP LIQUID ETF,1000.0,1000.01,999.99,1000.0,1000.0,0.0,244474,244474000.0
2026-02-23,LIQUIDIETF,EQ,INF109KC1KT9,ICICIPRAMC - ICICILIQ,1000.0,1000.01,999.99,999.99,999.99,0.0,358636,358632410.14
2026-02-23,LIQUIDPLUS,EQ,INF769K01MY5,MIRAEAMC - LIQUIDPLUS,1073.79,1073.81,1073.79,1073.8,1073.65,0.01,57979,62257853.03
2026-02-23,LIQUIDSBI,EQ,INF200KA13Z8,SBIAMC - LIQUIDSBI,1000.0,1000.01,999.99,1000.01,1000.0,0.0,9541,9541095.5
2026-02-23,LIQUIDSHRI,EQ,INF680P01422,SHRIRAM - LIQUIDSHRI,1093.19,1093.21,1093.19,1093.19,1093.06,0.01,2368,2588673.78
2026-02-23,LLOYDSENGG,EQ,INE093R01011,LLOYDS ENGG WORK LIMITED,50.85,50.85,48.82,49.17,50.37,-2.38,2012495,98954375.47
2026-02-23,LLOYDSENT,EQ,INE080I01025,LLOYDS ENTERPRISES LTD,55.04,55.12,52.74,53.25,55.02,-3.22,1251313,66632417.25
2026-02-23,LLOYDSME,EQ,INE281B01032,LLOYDS METALS N ENERGY L,1158.0,1159.0,1131.0,1139.0,1143.0,-0.35,178885,203750015.0
2026-02-23,LMW,EQ,INE269B01029,LMW LIMITED,15512.0,15853.0,15450.0,15675.0,15380.0,1.92,2998,46993650.0
2026-02-23,LODHA,EQ,INE670K01029,LODHA DEVELOPERS LIMITED,1076.45,1085.4,1064.0,1072.9,1071.15,0.16,579542,621790625.95
2026-02-23,LOKESHMACH,EQ,INE397H01017,LOKESH MACHINES LTD,180.5,182.7,177.37,181.07,180.64,0.24,56092,10156578.85
2026-02-23,LORDSCHLO,EQ,INE846D01012,LORDS CHLORO ALKALI LTD,124.0,126.19,119.95,120.38,122.11,-1.42,22250,2678454.94
2026-02-23,LOTUSEYE,EQ,INE947I01017,LOTUS EYE HOSP & INST L,117.0,120.35,111.64,111.97,117.51,-4.71,76783,8597392.6
2026-02-23,LOVABLE,EQ,INE597L01014,LOVABLE LINGERIE LTD,79.99,79.99,76.53,76.83,76.56,0.35,7705,591975.16
2026-02-23,LOWVOL,EQ,INF769K01JU9,MIRAEAMC - MANV30F,212.64,213.06,211.72,212.65,211.59,0.5,564,119934.6
2026-02-23,LOWVOL1,EQ,INF174KA1IY5,KOTAKMAMC - KOTAKLOVOL,21.72,21.77,21.56,21.67,21.56,0.51,131862,2857449.55
2026-02-23,LOWVOLIETF,EQ,INF109KC19U5,ICICI PR NIF LW VL 30 ETF,23.44,23.44,22.72,22.83,22.76,0.31,1763406,40258558.85
2026-02-23,LOYALTEX,EQ,INE970D01010,LOYAL TEXTILE MILLS LTD,223.5,230.0,223.5,227.27,227.99,-0.32,981,222951.87
2026-02-23,LPDC,EQ,INE197J01017,LANDMARK PR.DEV.CO.LTD,6.55,6.59,6.23,6.27,6.27,0.0,47244,296219.88
2026-02-23,LT,EQ,INE018A01030,LARSEN & TOUBRO LTD.,4395.6,4431.6,4371.7,4418.1,4380.6,0.86,2122782,9378663361.5
2026-02-23,LTF,EQ,INE498L01015,L&T FINANCE LIMITED,299.0,303.0,298.0,299.65,297.75,0.64,3420472,1024944413.92
2026-02-23,LTFOODS,EQ,INE818H01020,LT FOODS LIMITED,419.0,442.4,416.4,421.0,414.35,1.6,1778183,748615043.0
2026-02-23,LTGILTBEES,EQ,INF204KB1882,NIP IND ETF LONGTERM GILT,29.31,29.35,29.24,29.33,29.31,0.07,1672295,49048412.22
2026-02-23,LTM,EQ,INE214T01019,LTM LIMITED,4849.5,4876.0,4765.0,4831.5,4889.5,-1.19,363966,1758501729.0
2026-02-23,LTTS,EQ,INE010V01017,L&T TECHNOLOGY SER. LTD.,3428.0,3449.8,3361.2,3439.4,3396.6,1.26,57558,197964979.58
2026-02-23,LUMAXIND,EQ,INE162B01018,LUMAX INDUSTRIES LTD,6195.0,6347.5,6062.0,6104.3,6133.5,-0.48,23692,144623070.97
2026-02-23,LUMAXTECH,EQ,INE872H01027,LUMAX AUTO TECH LTD,1745.3,1745.3,1651.0,1661.9,1720.2,-3.39,176521,293360254.21
2026-02-23,LUPIN,EQ,INE326A01037,LUPIN LIMITED,2220.0,2254.4,2210.5,2241.4,2219.4,0.99,745467,1670889661.0
2026-02-23,LUXIND,EQ,INE150G01020,LUX INDUSTRIES LIMITED,933.9,949.4,924.3,932.65,933.05,-0.04,23396,21820279.97
2026-02-23,LXCHEM,EQ,INE576O01020,LAXMI ORGANIC INDUS LTD,137.64,138.85,135.25,135.73,137.28,-1.13,440474,59785534.14
2026-02-23,M&M,EQ,INE101A01026,MAHINDRA & MAHINDRA LTD,3425.0,3457.6,3416.9,3447.1,3412.8,1.01,1789276,6167813474.33
2026-02-23,M&MFIN,EQ,INE774D01024,M&M FIN. SERVICES LTD,375.5,383.6,374.15,380.2,374.15,1.62,1593628,605897385.05
2026-02-23,MAANALU,EQ,INE215I01027,MAAN ALUMINIUM LIMITED,145.99,145.99,143.0,143.24,145.1,-1.28,13812,1978430.96
2026-02-23,MACPOWER,EQ,INE155Z01011,MACPOWER CNC MACHINES LTD,900.0,956.3,898.5,930.85,898.5,3.6,28683,26699569.85
2026-02-23,MADHAV,EQ,INE925C01016,MADHAV MARBLE & GRANITE,37.72,39.32,37.7,37.83,37.72,0.29,4152,157070.17
2026-02-23,MADRASFERT,EQ,INE414A01015,MADRAS FERTILISERS LTD,70.0,70.11,69.0,69.15,69.25,-0.14,36283,2508969.51
2026-02-23,MAFANG,EQ,INF769K01HF4,MIRAEAMC - MAFANG,153.49,153.49,153.49,153.49,153.7,-0.14,178470,27393361.28
2026-02-23,MAGADSUGAR,EQ,INE347W01011,MAGADH SUGAR & ENERGY LTD,428.8,435.25,427.6,431.25,428.0,0.76,3232,1393800.0
2026-02-23,MAGNUM,EQ,INE387I01016,MAGNUM VENTURES LTD.,22.97,23.65,22.01,22.6,22.97,-1.61,52633,1189505.82
2026-02-23,MAHABANK,EQ,INE457A01014,BANK OF MAHARASHTRA,69.36,71.24,69.15,69.64,68.79,1.24,21833063,1520454493.99
2026-02-23,MAHAPEXLTD,EQ,INE843B01013,MAHA RASHTRA APEX COPR. L,95.99,95.99,93.04,93.96,95.17,-1.27,2782,261396.72
2026-02-23,MAHEPC,EQ,INE215D01010,MAHINDRA EPC IRRIG LTD,126.9,126.9,121.22,121.97,124.46,-2.0,15247,1859676.61
2026-02-23,MAHESHWARI,EQ,INE263W01010,MAHESHWARI LOGISTICS LTD.,43.34,44.5,42.15,42.61,43.34,-1.68,15595,664502.96
2026-02-23,MAHKTECH,EQ,INF769K01HS7,MIRAEAMC - MAHKTECH,24.99,24.99,24.84,24.98,24.93,0.2,941180,23510675.97
2026-02-23,MAHLIFE,EQ,INE813A01018,MAHINDRA LIFESPACE DEVLTD,370.05,373.8,366.25,368.85,369.15,-0.08,88273,32559496.59
2026-02-23,MAHLOG,EQ,INE766P01016,MAHINDRA LOGISTIC LIMITED,421.0,421.0,405.8,414.45,414.95,-0.12,254460,105460950.11
2026-02-23,MAHSCOOTER,EQ,INE288A01013,MAHARASHTRA SCOOTERS LTD,13500.0,13589.0,13235.0,13457.0,13396.0,0.46,2581,34732517.0
2026-02-23,MAHSEAMLES,EQ,INE271B01025,MAHARASHTRA SEAMLESS LTD,531.9,538.9,527.0,528.35,532.55,-0.79,163616,86446509.61
2026-02-23,MAITHANALL,EQ,INE683C01011,MAITHAN ALLOYS LTD,1018.1,1025.5,1008.5,1018.3,1017.3,0.1,20522,20897552.35
2026-02-23,MAKEINDIA,EQ,INF769K01IB1,MIRAEAMC - MAMFGETF,158.55,159.58,157.0,158.56,158.55,0.01,23095,3661943.14
2026-02-23,MALLCOM,EQ,INE389C01015,MALLCOM (INDIA) LIMITED,1193.0,1209.0,1150.7,1160.8,1190.9,-2.53,3516,4081372.97
2026-02-23,MALUPAPER,EQ,INE383H01017,MALU PAPER MILLS LIMITED,31.56,32.0,30.98,31.07,31.98,-2.85,5609,174271.63
2026-02-23,MAMATA,EQ,INE0TO701015,MAMATA MACHINERY LIMITED,408.0,435.5,408.0,431.65,408.75,5.6,391606,169036727.51
2026-02-23,MANAKALUCO,EQ,INE859Q01017,MANAK ALUMINIUM CO. LTD.,28.93,29.63,28.15,28.65,28.97,-1.1,85483,2449087.92
2026-02-23,MANAKCOAT,EQ,INE830Q01018,MAN COAT METAL & IND LTD,120.2,125.5,120.2,123.62,122.29,1.09,344637,42604026.89
2026-02-23,MANAKSIA,EQ,INE015D01022,MANAKSIA LTD.,61.1,61.8,59.55,60.89,61.01,-0.2,29057,1769280.71
2026-02-23,MANALIPETC,EQ,INE201A01024,MANALI PETROCHEMICALS LT,55.88,56.16,55.0,55.19,55.82,-1.13,100583,5551175.63
2026-02-23,MANAPPURAM,EQ,INE522D01027,MANAPPURAM FINANCE LTD,308.8,311.4,302.5,303.85,306.5,-0.86,2470708,750724640.88
2026-02-23,MANBA,EQ,INE939X01013,MANBA FINANCE LIMITED,122.5,127.93,122.4,123.54,123.59,-0.04,16718,2065341.74
2026-02-23,MANCREDIT,EQ,INE545L01039,MANGAL CREDIT N FINCORP L,181.8,181.8,174.0,175.84,177.41,-0.88,47477,8348355.51
2026-02-23,MANGALAM,EQ,INE584F01014,MANGALAM DRUG & CHEM LTD,31.05,32.3,30.55,31.16,31.66,-1.58,49470,1541485.19
2026-02-23,MANGLMCEM,EQ,INE347A01017,MANGALAM CEMENT LTD,905.0,917.05,871.9,878.8,895.6,-1.88,84645,74386024.97
2026-02-23,MANINDS,EQ,INE993A01026,MAN INDUSTRIES (I) LTD.,432.6,450.2,424.05,439.45,428.3,2.6,1185813,521105537.33
2026-02-23,MANINFRA,EQ,INE949H01023,MAN INFRA LTD,111.0,112.25,110.05,110.82,111.27,-0.4,236328,26189868.89
2026-02-23,MANKIND,EQ,INE634S01028,MANKIND PHARMA LIMITED,2035.0,2050.0,2012.3,2046.6,2024.3,1.1,219028,448262699.45
2026-02-23,MANOMAY,EQ,INE784W01015,MANOMAY TEX INDIA LTD,222.38,224.4,212.33,218.99,223.49,-2.01,7823,1713158.81
2026-02-23,MANORAMA,EQ,INE00VM01036,MANORAMA INDUSTRIES LTD,1415.0,1449.3,1408.1,1416.2,1415.8,0.03,52147,73850578.85
2026-02-23,MANORG,EQ,INE370D01013,MANGALAM ORGANICS LIMITED,417.4,422.9,414.55,419.7,421.4,-0.4,2930,1229721.04
2026-02-23,MANUGRAPH,EQ,INE867A01022,MANUGRAPH INDIA LIMITED,15.08,15.08,14.65,14.78,15.07,-1.92,7100,104938.0
2026-02-23,MANYAVAR,EQ,INE825V01034,VEDANT FASHIONS LIMITED,430.0,436.25,420.0,421.6,425.7,-0.96,145561,61368518.49
2026-02-23,MAPMYINDIA,EQ,INE0BV301023,C.E. INFO SYSTEMS LIMITED,1112.1,1119.9,1085.1,1114.1,1111.8,0.21,115907,129131985.87
2026-02-23,MARALOVER,EQ,INE882A01013,MARAL OVERSEAS LTD,47.99,48.08,45.5,46.23,47.5,-2.67,5056,233738.88
2026-02-23,MARATHON,EQ,INE182D01020,MARATHON NXTGEN REALT LTD,449.5,455.0,416.3,422.5,449.1,-5.92,98076,41437110.0
2026-02-23,MARICO,EQ,INE196A01026,MARICO LIMITED,795.0,804.95,787.2,801.45,788.2,1.68,1445444,1158451111.44
2026-02-23,MARINE,EQ,INE01JE01028,MARINE ELECTRICAL (I) LTD,192.47,194.8,187.8,190.81,191.52,-0.37,176529,33683498.06
2026-02-23,MARKOLINES,EQ,INE0FW001016,MARKOLINES PAVEMENT TEC L,161.9,163.91,158.67,160.55,160.79,-0.15,259224,41618413.99
2026-02-23,MARKSANS,EQ,INE750C01026,MARKSANS PHARMA LIMITED,178.99,181.8,177.05,178.9,178.38,0.29,522212,93423723.61
2026-02-23,MARUTI,EQ,INE585B01010,MARUTI SUZUKI INDIA LTD.,15050.0,15118.0,14984.0,15072.0,14977.0,0.63,242968,3662013696.0
2026-02-23,MASFIN,EQ,INE348L01012,MAS FINANCIAL SERV LTD,339.0,352.8,334.95,341.1,332.4,2.62,443731,151356646.81
2026-02-23,MASKINVEST,EQ,INE885F01015,MASK INVESTMENTS LIMITED,157.0,157.0,155.9,156.0,148.0,5.41,503,78468.0
2026-02-23,MASPTOP50,EQ,INF769K01HP3,MIRAEAMC - MASPTOP50,69.69,69.69,67.5,69.69,69.59,0.14,122134,8511518.76
2026-02-23,MASTEK,EQ,INE759A01021,MASTEK LTD,1711.2,1729.0,1655.0,1666.4,1711.2,-2.62,54443,90723816.53
2026-02-23,MASTERTR,EQ,INE677D01037,MASTER TRUST LIMITED,90.55,90.55,85.45,86.82,90.62,-4.19,237351,20606813.75
2026-02-23,MATRIMONY,EQ,INE866R01028,MATRIMONY.COM LIMITED,455.3,456.7,432.35,435.45,458.55,-5.04,54463,23715914.01
2026-02-23,MAWANASUG,EQ,INE636A01039,MAWANA SUGARS LIMITED,78.0,79.0,77.5,77.72,78.07,-0.45,25898,2012792.59
2026-02-23,MAXESTATES,EQ,INE03EI01018,MAX ESTATES LIMITED,426.95,426.95,410.05,412.1,421.85,-2.31,27467,11319150.87
2026-02-23,MAXHEALTH,EQ,INE027H01010,MAX HEALTHCARE INS LTD,1098.0,1104.1,1074.0,1083.6,1087.9,-0.4,2027109,2196575262.91
2026-02-23,MAXIND,EQ,INE0CG601016,MAX INDIA LIMITED,164.67,164.67,156.25,158.69,160.67,-1.23,24211,3842043.65
2026-02-23,MAYURUNIQ,EQ,INE040D01038,MAYUR UNIQUOTERS LTD,563.2,577.3,554.0,563.0,554.0,1.62,76641,43148883.0
2026-02-23,MAZDOCK,EQ,INE249Z01020,MAZAGON DOCK SHIPBUIL LTD,2370.0,2370.0,2271.1,2280.8,2360.2,-3.36,1137814,2595126226.76
2026-02-23,MBAPL,EQ,INE900L01028,MADHYA BHARAT AGRO P. LTD,92.27,93.59,91.58,93.04,92.27,0.83,1107590,103050174.61
2026-02-23,MBEL,EQ,INE08N601015,M AND B ENGINEERING LTD,356.0,356.4,323.75,325.1,355.2,-8.47,454892,147885391.98
2026-02-23,MBLINFRA,EQ,INE912H01013,MBL INFRASTRUCTURE LTD,25.62,27.09,24.41,25.07,25.61,-2.11,44254,1109447.77
2026-02-23,MCL,EQ,INE813V01022,M TEK COPPER LIMITED,61.07,61.7,61.07,61.07,62.31,-1.99,66804,4079720.26
2026-02-23,MCLEODRUSS,EQ,INE942G01012,MCLEOD RUSSEL INDIA LTD.,42.06,42.51,41.46,41.81,42.06,-0.59,156893,6559696.55
2026-02-23,MCLOUD,EQ,INE613C01026,MAGELLANIC CLOUD LIMITED,26.34,26.36,25.52,25.63,25.98,-1.35,608722,15601544.35
2026-02-23,MCX,EQ,INE745G01043,MULTI COMMODITY EXCHANGE,2427.0,2450.0,2384.0,2396.2,2395.9,0.01,1635978,3920130403.72
2026-02-23,MEDANTA,EQ,INE474Q01031,GLOBAL HEALTH LIMITED,1132.0,1169.9,1131.2,1166.0,1130.0,3.19,158906,185284396.0
2026-02-23,MEDIASSIST,EQ,INE456Z01021,MEDI ASSIST HEALTH SER L,404.85,407.0,395.1,396.4,404.85,-2.09,71202,28224472.37
2026-02-23,MEDICO,EQ,INE630Y01024,MEDICO REMEDIES LIMITED,45.92,49.9,45.2,47.66,45.92,3.79,432291,20602988.99
2026-02-23,MEDPLUS,EQ,INE804L01022,MEDPLUS HEALTH SERV LTD,829.15,840.0,825.7,835.2,829.15,0.73,215267,179791001.03
2026-02-23,MEESHO,EQ,INE0VDM01015,MEESHO LIMITED,158.4,159.14,157.01,158.0,158.18,-0.11,1008342,159318036.0
2026-02-23,MEGASTAR,EQ,INE00EM01016,MEGASTAR FOODS LIMITED,220.95,229.0,218.0,218.22,228.88,-4.66,3922,855858.84
2026-02-23,MEIL,EQ,INE0PKD01011,MANGAL ELECTRICAL IND L,254.65,257.45,248.65,251.6,252.55,-0.38,95252,23965403.78
2026-02-23,METAL,EQ,INF769K01LY7,MIRAEAMC - METAL,11.72,12.19,11.72,12.0,12.03,-0.25,6419428,77033136.0
2026-02-23,METALIETF,EQ,INF109KC19W1,ICICIPRAMC - METALIETF,12.01,12.3,11.93,11.99,12.01,-0.17,11972976,143555979.5
2026-02-23,METROBRAND,EQ,INE317I01021,METRO BRANDS LIMITED,1046.3,1056.0,1036.0,1047.3,1036.0,1.09,17084,17892074.03
2026-02-23,METROPOLIS,EQ,INE112L01020,METROPOLIS HEALTHCARE LTD,469.12,489.98,466.2,485.4,465.02,4.38,223092,108288855.44
2026-02-23,MFML,EQ,INE0US801024,MAHALAXMI FABRIC MILLS LT,25.65,25.8,24.25,25.01,23.73,5.39,13242,331182.42
2026-02-23,MFSL,EQ,INE180A01020,MAX FINANCIAL SERV LTD,1868.3,1892.5,1859.0,1870.0,1849.3,1.12,701482,1311771340.0
2026-02-23,MGEL,EQ,INE0APB01032,MANGALAM GLOBAL ENT LTD,11.81,12.0,11.44,11.9,11.55,3.03,528829,6293064.9
2026-02-23,MGL,EQ,INE002S01010,MAHANAGAR GAS LTD.,1133.5,1167.4,1133.5,1163.2,1133.5,2.62,231820,269653012.68
2026-02-23,MHRIL,EQ,INE998I01010,MAHINDRA HOLIDAYS LTD,286.35,291.15,284.2,288.0,285.35,0.93,72520,20885760.0
2026-02-23,MID150BEES,EQ,INF204KB1V68,NIP IND ETF MIDCAP 150,228.99,228.99,224.3,225.79,226.47,-0.3,533739,120512925.23
2026-02-23,MID150CASE,EQ,INF0R8F01059,ZERODHAAMC - MID150CASE,11.29,11.29,10.91,10.96,10.96,0.0,1538090,16857466.46
2026-02-23,MIDCAP,EQ,INF174KA1ZC5,KOTAKMAMC - KOTAKMID50,174.05,174.05,170.27,171.54,159.55,7.51,65298,11201218.48
2026-02-23,MIDCAPADD,EQ,INF740KA1WW5,DSPAMC - MIDCAPADD,22.41,22.41,21.78,21.8,21.95,-0.68,25332,552237.58
2026-02-23,MIDCAPBETA,EQ,INF789F1AYX9,UTIAMC-MIDCAPBETA,221.97,221.97,219.67,220.61,221.24,-0.28,1730,381655.3
2026-02-23,MIDCAPETF,EQ,INF769K01IC9,MIRAEAMC - MAM150ETF,22.38,22.54,22.22,22.3,22.38,-0.36,1639010,36549921.75
2026-02-23,MIDCAPIETF,EQ,INF109KC11W8,ICICIPRAMC - ICICIM150,22.88,22.88,22.53,22.61,22.63,-0.09,791837,17903435.05
2026-02-23,MIDHANI,EQ,INE099Z01011,MISHRA DHATU NIGAM LTD,353.7,355.45,342.35,344.1,349.8,-1.63,387540,133352516.37
2026-02-23,MIDQ50ADD,EQ,INF740KA1ZF3,DSPAMC - DSPQ50ETF,238.03,243.99,238.03,241.43,240.8,0.26,4203,1014730.26
2026-02-23,MIDSELIETF,EQ,INF109KC10W0,ICICI PRUD MIDCAP SEL ETF,17.63,18.31,17.63,17.76,17.97,-1.17,348712,6193125.2
2026-02-23,MIDSMALL,EQ,INF769K01LJ8,MIRAEAMC - MIDSMALL,47.47,47.56,47.05,47.22,47.23,-0.02,349505,16503626.53
2026-02-23,MIDWESTLTD,EQ,INE0XAD01024,MIDWEST LIMITED,1380.0,1395.0,1321.2,1334.3,1335.1,-0.06,28953,38631989.31
2026-02-23,MINDACORP,EQ,INE842C01021,MINDA CORPORATION LTD,585.0,585.85,572.8,579.45,583.3,-0.66,181055,104912321.96
2026-02-23,MINDTECK,EQ,INE110B01017,MINDTECK (INDIA) LIMITED,216.0,224.8,215.11,218.32,216.71,0.74,84830,18520086.22
2026-02-23,MIRZAINT,EQ,INE771A01026,MIRZA INTERNATIONAL LIMIT,35.15,35.58,35.15,35.34,35.12,0.63,77255,2730191.71
2026-02-23,MITCON,EQ,INE828O01033,MITCON CON & ENG SER LTD,56.3,62.47,55.17,57.22,58.14,-1.58,2594,148428.68
2026-02-23,MITTAL,EQ,INE997Y01027,MITTAL LIFE STYLE LIMITED,1.01,1.04,0.99,0.99,1.0,-1.0,547351,541877.5
2026-02-23,MKPL,EQ,INE964W01021,M K PROTEINS LIMITED,5.25,5.34,5.12,5.21,5.24,-0.57,128278,668328.38
2026-02-23,MMFL,EQ,INE227C01017,MM FORGINGS LTD,478.95,482.6,460.05,472.8,476.15,-0.7,138988,65713524.7
2026-02-23,MMP,EQ,INE511Y01018,MMP INDUSTRIES LIMITED,246.8,248.9,240.35,242.05,248.0,-2.4,20440,4947502.06
2026-02-23,MMTC,EQ,INE123F01029,MMTC LIMITED,62.57,62.84,61.28,61.56,62.07,-0.82,958395,58998797.52
2026-02-23,MNC,EQ,INF174KA1JF2,KOTAKMAMC - KOTAKMNC,32.0,32.39,32.0,32.3,32.0,0.94,154218,4981241.28
2026-02-23,MOALPHA50,EQ,INF247L01FR8,MOTILALAMC - MOALPHA50,50.79,50.79,50.79,50.79,50.85,-0.12,0,0.0
2026-02-23,MOBIKWIK,EQ,INE0HLU01028,ONE MOBIKWIK SYSTEMS LTD,210.9,210.9,199.5,201.76,208.86,-3.4,1052652,212383061.74
2026-02-23,MODEFENCE,EQ,INF247L01DJ0,MOTILALAMC - MODEFENCE,89.59,89.95,87.87,88.48,89.03,-0.62,3069086,271552739.58
2026-02-23,MODINATUR,EQ,INE537F01012,MODI NATURALS LIMITED,305.1,338.0,303.0,315.7,319.05,-1.05,4908,1549455.66
2026-02-23,MODIRUBBER,EQ,INE832A01018,MODI RUBBER LTD,120.0,123.98,120.0,120.74,123.58,-2.3,4880,589211.19
2026-02-23,MODIS,EQ,INE0L0L01012,MODIS NAVNIRMAN LTD,327.9,329.5,320.55,326.45,325.2,0.38,1760,574552.02
2026-02-23,MODTHREAD,EQ,INE794W01014,MODERN THREADS INDIA LTD,40.82,42.0,40.82,41.14,41.65,-1.22,573,23573.22
2026-02-23,MOENERGY,EQ,INF247L01GH7,MOTILALAMC - MOENERGY,36.86,36.86,36.86,36.86,36.71,0.43,0,0.0
2026-02-23,MOGSEC,EQ,INF247L01AK4,MOTILALAMC - G5,63.6,63.95,63.34,63.46,63.49,-0.05,63858,4052428.62
2026-02-23,MOHEALTH,EQ,INF247L01BB1,MOTILALAMC - MOHEALTH,43.67,44.09,43.07,43.85,43.69,0.37,76166,3339878.98
2026-02-23,MOHITIND,EQ,INE954E01012,MOHIT INDUSTRIES LTD,25.51,25.53,24.35,24.59,24.93,-1.36,3567,87712.53
2026-02-23,MOIL,EQ,INE490G01020,MOIL LIMITED,300.0,301.5,297.05,299.85,298.2,0.55,425646,127629955.7
2026-02-23,MOINFRA,EQ,INF247L01FL1,MOTILALAMC - MOINFRA,61.45,61.45,61.45,61.45,61.03,0.7,0,0.0
2026-02-23,MOKSH,EQ,INE514Y01020,MOKSH ORNAMENTS LIMITED,12.75,13.38,12.66,12.7,12.83,-1.01,45342,575843.39
2026-02-23,MOL,EQ,INE0CT101020,MEGHMANI ORGANICS LIMITED,52.0,53.2,51.03,51.27,51.94,-1.29,395378,20271030.24
2026-02-23,MOLDTKPAC,EQ,INE893J01029,MOLD-TEK PACKAGING LTD,568.0,587.6,560.55,577.35,566.25,1.96,39498,22804169.34
2026-02-23,MOLOWVOL,EQ,INF247L01BL0,MOTILALAMC - MOLOWVOL,38.87,38.9,38.63,38.89,38.68,0.54,2524,98158.36
2026-02-23,MOM100,EQ,INF247L01023,MOTILAL OS MIDCAP100 ETF,64.78,64.78,63.65,63.9,64.14,-0.37,457140,29211246.7
2026-02-23,MOM30IETF,EQ,INF109KC17C7,ICICIPRAMC - ICICIMOM30,32.42,32.42,32.04,32.18,32.12,0.19,674840,21716351.41
2026-02-23,MOM50,EQ,INF247L01536,MOTILAL OSWAL M50 ETF,273.73,273.73,265.76,266.71,265.76,0.36,3630,968157.27
2026-02-23,MOMENTUM,EQ,INF209KB14K7,BIRLASLAMC - MOMENTUM,32.47,32.47,31.59,32.06,31.89,0.53,84759,2717373.66
2026-02-23,MOMENTUM50,EQ,INF247L01DK8,MOTILALAMC - MOMENTUM50,52.32,52.6,51.96,52.16,52.06,0.19,403423,21042543.62
2026-02-23,MOMGF,EQ,INF247L01FK3,MOTILALAMC - MOMGF,155.79,155.79,155.79,155.79,155.57,0.14,0,0.0
2026-02-23,MOMIDMTM,EQ,INF247L01FQ0,MOTILALAMC - MOMIDMTM,65.02,65.02,61.98,62.88,63.13,-0.4,94132,5919020.26
2026-02-23,MOMNC,EQ,INF247L01GK1,MOTILALAMC - MOMNC,31.32,31.32,31.32,31.32,31.02,0.96,0,0.0
2026-02-23,MOMOMENTUM,EQ,INF247L01BK2,MOTILALAMC - MOMOMENTUM,65.38,65.38,63.7,63.9,63.79,0.17,48956,3128288.47
2026-02-23,MON100,EQ,INF247L01AP3,MOTILAL OS NASDAQ100 ETF,231.43,231.43,226.02,229.32,225.79,1.56,676637,155166401.8
2026-02-23,MON50EQUAL,EQ,INF247L01FC0,MOTILALAMC - MON50EQUAL,33.79,33.79,33.79,33.79,33.62,0.49,0,0.0
2026-02-23,MONARCH,EQ,INE903D01011,MONARCH NETWORTH CAP LTD,298.95,298.95,283.4,285.6,286.5,-0.31,71732,20486659.64
2026-02-23,MONEXT50,EQ,INF247L01FD8,MOTILALAMC - MONEXT50,69.33,69.33,69.33,69.33,69.06,0.38,0,0.0
2026-02-23,MONEYBOXX,EQ,INE296Q01012,MONEYBOXX FINANCE LIMITED,61.5,65.8,60.56,62.67,61.47,1.95,33265,2084717.49
2026-02-23,MONIFTY100,EQ,INF247L01GG9,MOTILALAMC - MONIFTY100,26.42,26.42,26.42,26.42,26.28,0.52,0,0.0
2026-02-23,MONIFTY500,EQ,INF247L01BU1,MOTILALAMC - MONIFTY500,23.92,24.02,23.87,23.96,23.81,0.63,255093,6112028.05
2026-02-23,MONQ50,EQ,INF247L01AU3,MOTILALAMC - MONQ50,101.89,101.89,98.2,99.08,98.92,0.16,90753,8991807.41
2026-02-23,MONTECARLO,EQ,INE950M01013,MONTE CARLO FASHIONS LTD.,576.25,584.95,572.3,575.65,576.25,-0.1,10007,5760529.79
2026-02-23,MOPSE,EQ,INF247L01FO5,MOTILALAMC - MOPSE,105.25,105.25,105.25,105.25,105.12,0.13,0,0.0
2026-02-23,MOQUALITY,EQ,INF247L01BH8,MOTILALAMC - MOQUALITY,195.63,195.63,193.57,194.46,194.66,-0.1,810,157512.61
2026-02-23,MOREALTY,EQ,INF247L01CI4,MOTILALAMC - MOREALTY,82.17,82.88,81.32,81.82,82.1,-0.34,472559,38664777.24
2026-02-23,MOREPENLAB,EQ,INE083A01026,MOREPEN LAB. LTD,43.0,46.89,41.51,45.28,39.23,15.42,119311022,5402402930.52
2026-02-23,MOSCHIP,EQ,INE935B01025,MOSCHIP TECHNOLOGIES LTD,192.8,213.4,191.75,200.81,191.81,4.69,8326746,1672093843.93
2026-02-23,MOSERVICE,EQ,INF247L01GJ3,MOTILALAMC - MOSERVICE,33.16,33.16,33.16,33.16,32.99,0.52,0,0.0
2026-02-23,MOSMALL250,EQ,INF247L01CH6,MOTILALAMC - MOSMALL250,16.24,16.24,16.02,16.08,16.04,0.25,780878,12556518.18
2026-02-23,MOTHERSON,EQ,INE775A01035,SAMVRDHNA MTHRSN INTL LTD,130.0,131.25,128.48,130.82,129.42,1.08,10219233,1336880135.91
2026-02-23,MOTILALOFS,EQ,INE338I01027,MOTILAL OSWAL FIN LTD,771.0,775.85,757.45,763.25,769.25,-0.78,382454,291908015.5
2026-02-23,MOTISONS,EQ,INE0FRK01020,MOTISONS JEWELLERS LTD,16.4,16.42,15.96,16.18,15.9,1.76,5476713,88613218.01
2026-02-23,MOTOGENFIN,EQ,INE861B01023,MOTOR & GENERAL FINANCE L,22.8,22.8,21.17,21.63,21.43,0.93,11770,254585.09
2026-02-23,MOTOUR,EQ,INF247L01FP2,MOTILALAMC - MOTOUR,79.57,80.2,79.49,79.7,79.17,0.67,26384,2102804.72
2026-02-23,MOVALUE,EQ,INF247L01BE5,MOTILALAMC - MOVALUE,121.71,125.8,121.71,124.74,124.84,-0.08,78740,9822027.43
2026-02-23,MPHASIS,EQ,INE356A01018,MPHASIS LIMITED,2350.6,2360.5,2293.9,2309.8,2373.8,-2.7,812362,1876393787.27
2026-02-23,MPSLTD,EQ,INE943D01017,MPS LIMITED,1635.0,1652.9,1572.5,1583.4,1618.9,-2.19,16698,26439613.61
2026-02-23,MRF,EQ,INE883A01011,MRF LTD,146645.0,146660.0,144350.0,145760.0,146390.0,-0.43,4613,672390880.0
2026-02-23,MRPL,EQ,INE103A01014,MRPL,191.25,196.0,189.55,192.27,191.25,0.53,5671332,1090427027.87
2026-02-23,MSCIADD,EQ,INF740KA1WV7,DSPAMC - MSCIADD,29.82,30.47,29.82,30.39,30.43,-0.13,1422944,43243267.29
2026-02-23,MSCIINDIA,EQ,INF174KA1VD2,KOTAKMAMC - MSCIINDIA,30.64,30.79,30.49,30.67,30.58,0.29,7476,229288.92
2026-02-23,MSPL,EQ,INE752G01015,MSP STEEL & POWER LTD.,31.9,32.76,31.4,31.56,31.71,-0.47,2303819,72708526.41
2026-02-23,MSTCLTD,EQ,INE255X01014,MSTC LIMITED,464.25,469.2,449.0,451.9,464.25,-2.66,187051,84528345.76
2026-02-23,MSUMI,EQ,INE0FS801015,MOTHERSON SUMI WRNG IND L,43.39,44.65,43.13,44.47,42.93,3.59,9424677,419115397.69
2026-02-23,MTNL,EQ,INE153A01019,MAHANAGAR TELEPHONE NIGAM,30.47,30.74,29.8,30.03,30.24,-0.69,814728,24466282.4
2026-02-23,MUFIN,EQ,INE08KJ01020,MUFIN GREEN FINANCE LTD,117.0,118.49,115.9,116.76,115.92,0.72,760502,88796215.14
2026-02-23,MUFTI,EQ,INE220Q01020,CREDO BRANDS MARKETING L,89.65,89.86,85.71,86.13,89.16,-3.4,268670,23140546.36
2026-02-23,MUKANDLTD,EQ,INE304A01026,MUKAND LTD.,129.14,130.31,126.0,128.06,129.59,-1.18,51149,6550140.82
2026-02-23,MULTICAP,EQ,INF769K01LX9,MIRAEAMC - MULTICAP,16.59,16.68,16.21,16.28,16.19,0.56,114622,1866046.24
2026-02-23,MUNJALAU,EQ,INE672B01032,MUNJAL AUTO IND. LTD.,81.26,83.68,80.62,82.23,80.77,1.81,141578,11641959.42
2026-02-23,MUNJALSHOW,EQ,INE577A01027,MUNJAL SHOWA LTD,129.0,130.0,127.05,129.24,127.27,1.55,27908,3606830.07
2026-02-23,MURUDCERA,EQ,INE692B01014,MURUDESHWAR CERAMICS LTD,33.15,34.5,33.02,33.49,34.05,-1.64,24158,809051.46
2026-02-23,MUTHOOTCAP,EQ,INE296G01013,MUTHOOT CAP SERV LTD,225.3,236.98,225.3,234.16,232.14,0.87,17694,4143227.1
2026-02-23,MUTHOOTFIN,EQ,INE414G01012,MUTHOOT FINANCE LIMITED,3512.0,3539.9,3442.5,3473.2,3460.0,0.38,946415,3287088531.79
2026-02-23,MUTHOOTMF,EQ,INE046W01019,MUTHOOT MICROFIN LIMITED,185.0,187.88,180.27,180.81,182.87,-1.13,134659,24347693.46
2026-02-23,MVGJL,EQ,INE0KNT01012,MANOJ VAIBHAV GEM N JEW L,159.01,161.79,158.15,159.55,158.64,0.57,77244,12324280.44
2026-02-23,MWL,EQ,INE0JYY01029,MANGALAM WORLDWIDE LTD,26.9,27.5,26.2,26.92,26.76,0.6,384160,10343507.71
2026-02-23,NACLIND,EQ,INE295D01020,NACL INDUSTRIES LIMITED,140.41,144.25,134.33,135.76,139.92,-2.97,223220,30304345.97
2026-02-23,NAGREEKCAP,EQ,INE245I01016,NAGREEKA CAP & INFR.LTD,27.05,27.75,27.01,27.08,27.24,-0.59,6725,182113.0
2026-02-23,NAGREEKEXP,EQ,INE123B01028,NAGREEKA EXPORTS LTD.,25.51,27.5,25.28,26.14,25.96,0.69,11035,288454.89
2026-02-23,NAHARCAP,EQ,INE049I01012,NAHAR CAP & FIN.,240.91,244.36,238.0,238.06,240.91,-1.18,3691,878679.45
2026-02-23,NAHARINDUS,EQ,INE289A01011,NAHAR INDS ENT LTD,103.89,105.19,102.0,102.88,103.96,-1.04,7563,778081.42
2026-02-23,NAHARPOLY,EQ,INE308A01027,NAHAR POLY FILMS LIMITED,252.0,254.0,241.4,243.29,240.64,1.1,10040,2442631.53
2026-02-23,NAHARSPING,EQ,INE290A01027,NAHAR SPINNING MILLS LTD.,208.05,209.02,200.22,207.13,211.31,-1.98,36176,7493135.06
2026-02-23,NAM-INDIA,EQ,INE298J01013,NIPPON L I A M LTD,957.05,988.0,953.55,985.05,957.05,2.93,695887,685483480.86
2026-02-23,NARMADA,EQ,INE117Z01029,NARMADA AGROBASE LIMITED,16.32,16.6,16.03,16.4,16.32,0.46,422576,6928133.71
2026-02-23,NATCOPHARM,EQ,INE987B01026,NATCO PHARMA LTD.,895.0,906.4,885.55,893.0,891.7,0.15,384128,343026304.0
2026-02-23,NATHBIOGEN,EQ,INE448G01010,NATH BIO-GENES (I) LTD,147.51,149.5,146.0,146.23,147.17,-0.64,11255,1645818.6
2026-02-23,NATIONALUM,EQ,INE139A01034,NATIONAL ALUMINIUM CO LTD,345.0,346.8,336.2,338.95,341.2,-0.66,4888956,1657111695.88
2026-02-23,NAUKRI,EQ,INE663F01032,INFO EDGE (I) LTD,1070.7,1084.9,1054.4,1069.7,1074.8,-0.47,2983262,3191195215.73
2026-02-23,NAVA,EQ,INE725A01030,NAVA LIMITED,568.95,579.7,564.0,567.15,567.3,-0.03,319691,181312758.45
2026-02-23,NAVINFLUOR,EQ,INE048G01026,NAVIN FLUORINE INT. LTD,6560.0,6666.0,6478.5,6649.5,6526.0,1.89,194977,1296499561.5
2026-02-23,NAVKARCORP,EQ,INE278M01019,NAVKAR CORPORATION LTD.,97.15,97.32,94.22,95.08,95.7,-0.65,224672,21361814.17
2026-02-23,NAVNETEDUL,EQ,INE060A01024,NAVNEET EDUCATION LTD,154.5,156.6,151.0,153.07,153.15,-0.05,121664,18623109.37
2026-02-23,NAZARA,EQ,INE418L01047,NAZARA TECHNOLOGIES LTD,272.1,273.65,266.0,272.6,270.7,0.7,1432486,390495692.34
2026-02-23,NBCC,EQ,INE095N01031,NBCC (INDIA) LIMITED,95.1,96.49,94.14,95.34,94.91,0.45,7088081,675777616.58
2026-02-23,NBIFIN,EQ,INE365I01020,N.B.I. IND. FIN. CO. LTD,1910.0,1980.0,1910.0,1916.9,1909.5,0.39,164,314371.6
2026-02-23,NCC,EQ,INE868B01028,NCC LIMITED,150.0,151.43,148.53,149.85,149.07,0.52,1774878,265965479.13
2026-02-23,NCLIND,EQ,INE732C01016,NCL INDUSTRIES LIMITED,188.0,188.9,185.05,186.34,186.83,-0.26,31967,5956730.66
2026-02-23,NDGL,EQ,INE756C01015,NAGA DHUNSERI GROUP LTD,2581.5,2584.8,2510.1,2551.9,2596.8,-1.73,148,377681.19
2026-02-23,NDL,EQ,INE875G01048,NANDAN DENIM LIMITED,2.78,2.84,2.76,2.79,2.78,0.36,1280087,3571442.68
2026-02-23,NDLVENTURE,EQ,INE353A01023,NDL VENTURES LIMITED,114.27,119.0,110.1,113.79,114.27,-0.42,100192,11400847.77
2026-02-23,NDRAUTO,EQ,INE07OG01012,NDR AUTO COMPONENTS LTD,782.95,798.0,778.3,787.55,780.4,0.92,12554,9886902.55
2026-02-23,NDTV,EQ,INE155G01029,NDTV LTD,82.0,82.9,80.8,81.79,81.37,0.52,167068,13664491.87
2026-02-23,NECLIFE,EQ,INE023H01027,NECTAR LIFESCIENCES LTD.,12.62,12.95,12.5,12.66,12.62,0.32,190984,2417857.41
2026-02-23,NELCAST,EQ,INE189I01024,NELCAST LIMITED,118.53,123.42,117.13,117.54,118.12,-0.49,66585,7826400.96
2026-02-23,NELCO,EQ,INE045B01015,NELCO LTD,646.95,650.45,629.15,634.15,639.4,-0.82,52774,33466633.39
2026-02-23,NEOGEN,EQ,INE136S01016,NEOGEN CHEMICALS LIMITED,1328.0,1409.8,1319.9,1386.9,1326.7,4.54,48082,66684926.97
2026-02-23,NEPHROPLUS,EQ,INE428V01029,NEPHROCARE HEALTH SERV L,560.05,574.3,560.05,567.3,558.85,1.51,40392,22914381.11
2026-02-23,NESCO,EQ,INE317F01035,NESCO LTD.,1142.1,1154.9,1107.0,1141.0,1142.7,-0.15,40901,46668041.0
2026-02-23,NESTLEIND,EQ,INE239A01024,NESTLE INDIA LIMITED,1299.0,1318.5,1295.5,1315.1,1293.8,1.65,933582,1227753665.41
2026-02-23,NETF,EQ,INF277K015R5,TATAAML - NETF,282.59,282.59,275.25,278.5,275.7,1.02,7503,2089585.5
2026-02-23,NETWEB,EQ,INE0NT901020,NETWEB TECH INDIA LTD,3657.0,3689.8,3529.3,3552.7,3636.5,-2.3,3361756,11943310377.05
2026-02-23,NETWORK18,EQ,INE870H01013,NETWORK18 MEDIA & INV LTD,36.23,36.56,35.22,35.66,36.08,-1.16,2470743,88106695.0
2026-02-23,NEULANDLAB,EQ,INE794A01010,NEULAND LAB LTD.,12800.0,13790.0,12727.0,13651.0,12638.0,8.02,252597,3448201647.0
2026-02-23,NEWGEN,EQ,INE619B01017,NEWGEN SOFTWARE TECH LTD,558.4,578.0,528.0,536.65,556.9,-3.64,14571546,7819820516.65
2026-02-23,NEXT30ADD,EQ,INF740KA1VE5,DSPAMC - NEXT30ADD,41.69,41.75,41.28,41.38,41.26,0.29,17860,739046.82
2026-02-23,NEXT50,EQ,INF769K01FN2,MIRAEAMC - MANXT50,717.27,719.7,713.29,715.17,713.05,0.3,16351,11693744.39
2026-02-23,NEXT50ADD,EQ,INF740KA1XU7,DSPAMC - NEXT50ADD,69.72,70.0,69.51,69.87,69.27,0.87,46937,3279488.32
2026-02-23,NEXT50BETA,EQ,INF789F1AUW9,UTIAMC-NEXT50BETA,77.55,77.55,74.59,74.82,75.66,-1.11,111672,8355299.01
2026-02-23,NEXT50ETF,EQ,INF174KA1YO3,KOTAKMAMC - NEXT50ETF,70.27,70.36,69.51,70.1,69.92,0.26,21441,1503014.07
2026-02-23,NEXT50IETF,EQ,INF109KC1NS5,ICICIPRAMC - ICICINXT50,75.25,75.25,72.73,73.35,73.06,0.4,616251,45202009.91
2026-02-23,NEXTMEDIA,EQ,INE747B01016,NEXT MEDIAWORKS LIMITED,5.86,6.25,5.86,5.98,5.84,2.4,5749,34379.02
2026-02-23,NFL,EQ,INE870D01012,NATIONAL FERT. LTD,79.18,79.55,77.8,78.06,79.11,-1.33,796451,62170963.12
2026-02-23,NGIL,EQ,INE236Y01012,NAKODA GROUP OF IND. LTD,26.7,27.2,26.1,26.38,26.18,0.76,4336,114383.68
2026-02-23,NGLFINE,EQ,INE887E01022,NGL FINE CHEM LIMITED,2398.0,2398.0,2235.0,2259.6,2346.4,-3.7,3518,7949273.14
2026-02-23,NH,EQ,INE410P01011,NARAYANA HRUDAYALAYA LTD.,1850.0,1879.9,1836.6,1869.6,1827.0,2.33,354084,661995437.76
2026-02-23,NHPC,EQ,INE848E01016,NHPC LTD,75.14,75.14,73.71,74.08,74.47,-0.52,11122387,823946449.33
2026-02-23,NIACL,EQ,INE470Y01017,THE NEW INDIA ASSU CO LTD,150.75,152.77,150.11,151.8,149.85,1.3,286225,43448955.87
2026-02-23,NIBE,EQ,INE149O01018,NIBE LIMITED,1086.1,1086.1,1015.5,1019.2,1059.8,-3.83,44947,45809982.95
2026-02-23,NIBL,EQ,INE047O01014,NRB INDUS. BEARINGS LTD.,31.98,31.98,30.1,30.72,31.42,-2.23,25544,784711.66
2026-02-23,NIF100BEES,EQ,INF204K014N5,NIP IND ETF NIFTY 100,277.95,282.9,276.11,278.2,277.3,0.32,28532,7937602.75
2026-02-23,NIF100IETF,EQ,INF109KC16V9,ICICI PRUD NIFTY 100 ETF,29.74,29.74,29.07,29.24,29.15,0.31,73966,2162765.82
2026-02-23,NIFTY1,EQ,INF174K014P6,KOTAK NIFTY ETF,282.42,285.0,282.42,283.86,282.42,0.51,233279,66218573.52
2026-02-23,NIFTYADD,EQ,INF740KA1CL0,DSPAMC - DSPNIFTY,268.5,269.43,267.51,268.65,267.4,0.47,4578,1229879.67
2026-02-23,NIFTYAXIS,EQ,INF846K01W98,AXISAMC-NIFTYAXIS,288.41,288.41,281.17,282.43,281.38,0.37,15075,4257632.14
2026-02-23,NIFTYBEES,EQ,INF204KB14I2,NIP IND ETF NIFTY BEES,289.88,291.2,289.5,290.45,289.23,0.42,4699647,1365012528.52
2026-02-23,NIFTYBETA,EQ,INF789F1AZC0,UTIAMC-NIFTYBETA,283.99,283.99,281.91,282.94,281.79,0.41,35055,9918461.79
2026-02-23,NIFTYBETF,EQ,INF0QA701722,BFAM - NIFTYBETF,262.49,263.75,261.75,262.47,261.19,0.49,2803,735703.41
2026-02-23,NIFTYETF,EQ,INF769K01EG9,MIRAEAMC - MAN50ETF,279.0,279.0,276.21,277.78,276.63,0.42,58615,16282074.63
2026-02-23,NIFTYIETF,EQ,INF109K012R6,ICICI PRUD NIFTY ETF,288.19,290.3,288.14,289.05,287.97,0.38,486272,140556915.66
2026-02-23,NIFTYQLITY,EQ,INF209KB15K4,BIRLASLAMC - NIFTYQLITY,21.4,21.5,21.15,21.26,21.29,-0.14,60724,1290992.25
2026-02-23,NIITLTD,EQ,INE161A01038,NIIT LIMITED,73.88,74.75,72.61,73.64,73.86,-0.3,286171,21073632.27
2026-02-23,NIITMTS,EQ,INE342G01023,NIIT LEARNING SYSTEMS LTD,344.0,357.6,342.75,355.8,344.9,3.16,48235,17162012.41
2026-02-23,NILAINFRA,EQ,INE937C01029,NILA INFRASTRUCTURES LTD,8.19,8.2,8.05,8.07,8.09,-0.25,177649,1433627.38
2026-02-23,NILASPACES,EQ,INE00S901012,NILA SPACES LIMITED,14.05,14.5,13.9,14.05,14.05,0.0,373474,5247309.77
2026-02-23,NILKAMAL,EQ,INE310A01015,NILKAMAL LIMITED,1412.5,1435.7,1398.6,1408.2,1401.9,0.45,4046,5697577.0
2026-02-23,NINSYS,EQ,INE395U01014,NINTEC SYSTEMS LIMITED,348.0,348.0,330.0,334.6,329.7,1.49,1534,513276.41
2026-02-23,NIPPOBATRY,EQ,INE567A01028,INDO-NATIONAL LIMITED,345.6,351.2,337.0,339.45,345.6,-1.78,5303,1800103.41
2026-02-23,NIRAJ,EQ,INE368I01016,NIRAJ CEMENT STRUC LTD,31.6,32.9,31.53,31.86,32.38,-1.61,43336,1380684.99
2026-02-23,NITCO,EQ,INE858F01012,NITCO LIMITED,79.0,83.0,77.27,78.11,78.84,-0.93,170601,13325644.21
2026-02-23,NITINSPIN,EQ,INE229H01012,NITIN SPINNERS LIMITED,382.75,409.15,378.0,385.8,383.2,0.68,4764624,1838191881.04
2026-02-23,NITIRAJ,EQ,INE439T01012,NITIRAJ ENGINEERS LTD,203.99,204.99,197.01,204.35,199.57,2.4,6795,1388558.29
2026-02-23,NIVABUPA,EQ,INE995S01015,NIVA BUPA HEALTH INS CO L,76.92,77.17,76.01,76.17,76.92,-0.98,276445,21056815.14
2026-02-23,NLCINDIA,EQ,INE589A01014,NLC INDIA LIMITED,267.45,267.9,262.25,265.45,264.95,0.19,994559,264005698.69
2026-02-23,NMDC,EQ,INE584A01023,NMDC LTD.,81.0,81.0,78.1,78.91,80.13,-1.52,17173430,1355155424.19
2026-02-23,NOCIL,EQ,INE163A01018,NOCIL LIMITED,151.04,152.7,148.68,150.06,150.93,-0.58,246209,36946121.94
2026-02-23,NOIDATOLL,EQ,INE781B01015,NOIDA TOLL BRIDGE CO LTD,4.28,4.28,3.71,3.9,4.09,-4.65,291081,1135215.93
2026-02-23,NORBTEAEXP,EQ,INE369C01017,NORBEN TEA & EXPORTS LTD,95.0,96.43,94.51,95.0,96.43,-1.48,7459,708605.0
2026-02-23,NORTHARC,EQ,INE850M01015,NORTHERN ARC CAPITAL LTD,255.9,255.9,244.25,246.0,250.6,-1.84,228355,56175330.0
2026-02-23,NOVAAGRI,EQ,INE02H701025,NOVA AGRITECH LIMITED,33.49,33.49,29.27,29.74,32.64,-8.88,278329,8277504.4
2026-02-23,NPBET,EQ,INF277K010X4,TATAAML - NPBET,299.31,305.0,298.28,298.66,299.31,-0.22,351,104829.66
2026-02-23,NPST,EQ,INE0FFK01017,NETWORK PEOPLE SRV TECH L,1225.0,1226.8,1133.3,1138.7,1217.1,-6.44,63553,72367798.0
2026-02-23,NRAIL,EQ,INE740D01017,N R AGARWAL INDS LTD,464.0,464.0,451.25,453.2,460.7,-1.63,1982,898242.42
2026-02-23,NRBBEARING,EQ,INE349A01021,NRB BEARING LIMITED,278.6,283.45,273.9,275.8,278.05,-0.81,77628,21409801.45
2026-02-23,NSIL,EQ,INE023A01030,NALWA SONS INVESTMENT LTD,5950.5,6011.5,5890.0,5950.0,5964.0,-0.23,2868,17064600.0
2026-02-23,NSLNISP,EQ,INE0NNS01018,NMDC STEEL LIMITED,39.2,39.33,38.6,38.82,38.98,-0.41,2080198,80753285.73
2026-02-23,NTPC,EQ,INE733E01010,NTPC LTD,374.0,376.5,372.15,375.45,372.95,0.67,16135451,6058055274.92
2026-02-23,NTPCGREEN,EQ,INE0ONG01011,NTPC GREEN ENERGY LIMITED,90.29,91.1,89.6,90.34,90.29,0.06,2333104,210772606.82
2026-02-23,NUCLEUS,EQ,INE096B01018,NUCLEUS SOFTWARE EXPORTS,839.2,844.45,820.0,827.05,839.2,-1.45,22588,18681405.12
2026-02-23,NUVAMA,EQ,INE531F01023,NUVAMA WEALTH MANAGE LTD,1298.6,1300.0,1248.7,1263.5,1289.8,-2.04,456618,576936843.0
2026-02-23,NUVOCO,EQ,INE118D01016,NUVOCO VISTAS CORP LTD,332.2,337.85,331.8,333.75,332.15,0.48,220939,73738391.25
2026-02-23,NV20,EQ,INF174KA1ZE1,KOTAKMAMC - KTKNV20ETF,155.95,155.95,152.64,153.28,152.89,0.26,20247,3103460.14
2026-02-23,NV20BEES,EQ,INF204KB18I3,NIP IND ETF ETF NV20,153.57,154.2,153.02,153.83,154.0,-0.11,9320,1433695.62
2026-02-23,NV20IETF,EQ,INF109KC11V0,ICICI PRUDENTIAL NV20 ETF,15.34,15.34,14.49,14.96,14.95,0.07,199075,2978162.01
2026-02-23,NYKAA,EQ,INE388Y01029,FSN E COMMERCE VENTURES,267.0,269.5,264.4,266.73,265.58,0.43,2847147,759419550.59
2026-02-23,OAL,EQ,INE959C01023,ORIENTAL AROMATICS LTD,288.7,288.7,276.05,277.35,282.2,-1.72,6660,1847151.04
2026-02-23,OBCL,EQ,INE426Z01016,OBCL LIMITED,55.0,55.19,54.99,55.0,55.0,0.0,67142,3692810.0
2026-02-23,OBEROIRLTY,EQ,INE093I01010,OBEROI REALTY LIMITED,1530.0,1533.0,1505.0,1521.8,1523.2,-0.09,179026,272441775.54
2026-02-23,ODIGMA,EQ,INE054301028,ODIGMA CONSULTANCY SOL L,27.4,28.1,26.9,26.93,27.68,-2.71,24437,658088.42
2026-02-23,OFSS,EQ,INE881D01027,ORACLE FIN SERV SOFT LTD.,6645.0,6699.0,6566.5,6669.5,6642.5,0.41,123441,823289749.5
2026-02-23,OIL,EQ,INE274J01014,OIL INDIA LTD,474.95,475.25,466.6,473.75,475.55,-0.38,2669691,1264766111.25
2026-02-23,OILIETF,EQ,INF109KC18W3,ICICIPRAMC - OILIETF,12.25,12.42,12.24,12.29,12.25,0.33,2751119,33811252.41
2026-02-23,OLAELEC,EQ,INE0LXG01040,OLA ELECTRIC MOBILITY LTD,26.5,26.78,25.7,25.85,26.55,-2.64,94940789,2454219431.87
2026-02-23,OLECTRA,EQ,INE260D01016,OLECTRA GREENTECH LIMITED,1015.0,1061.5,988.9,1041.2,1014.5,2.63,1771180,1844152529.52
2026-02-23,OMAXAUTO,EQ,INE090B01011,OMAX AUTOS LTD,112.26,114.07,110.15,111.11,112.26,-1.02,28846,3205079.08
2026-02-23,OMAXE,EQ,INE800H01010,OMAXE LIMITED,78.72,79.73,78.19,78.72,78.97,-0.32,100039,7875070.2
2026-02-23,OMINFRAL,EQ,INE239D01028,OM INFRA LIMITED,85.0,90.8,84.9,87.76,84.69,3.62,83223,7303650.66
2026-02-23,ONEPOINT,EQ,INE840Y01029,ONE POINT ONE SOL LTD,48.6,48.7,47.31,47.88,48.12,-0.5,1081032,51759813.31
2026-02-23,ONESOURCE,EQ,INE013P01021,ONESOURCE SPECL PHARMA L,1268.0,1344.0,1233.4,1324.0,1269.7,4.28,390356,516831344.0
2026-02-23,ONGC,EQ,INE213A01029,OIL AND NATURAL GAS CORP.,279.9,279.9,272.2,275.65,278.65,-1.08,13113050,3614612152.46
2026-02-23,ONIDA,EQ,INE831A01028,ONIDA ELECTRONICS LIMITED,30.75,30.75,28.85,29.22,29.46,-0.81,351670,10275797.16
2026-02-23,ONWARDTEC,EQ,INE229A01017,ONWARD TECHNOLOGIES LTD,294.3,301.2,272.1,276.4,293.25,-5.75,205199,56717002.35
2026-02-23,OPTIEMUS,EQ,INE350C01017,OPTIEMUS INFRACOM LTD,427.0,427.0,410.0,411.7,425.95,-3.35,64127,26401086.68
2026-02-23,ORCHASP,EQ,INE215B01022,ORCHASP LIMITED,2.65,2.74,2.55,2.63,2.62,0.38,185718,488438.36
2026-02-23,ORCHPHARMA,EQ,INE191A01027,ORCHID PHARMA LIMITED,668.8,677.4,655.0,665.3,668.15,-0.43,27925,18578502.16
2026-02-23,ORICONENT,EQ,INE730A01022,ORICON ENTERPRISES LTD,66.7,66.7,64.05,64.72,65.45,-1.12,79620,5153006.5
2026-02-23,ORIENTALTL,EQ,INE998H01012,ORIENTAL TRIMEX LTD,7.03,7.16,6.95,6.98,7.03,-0.71,129142,901411.16
2026-02-23,ORIENTBELL,EQ,INE607D01018,ORIENT BELL LIMITED,294.0,308.5,294.0,303.0,299.8,1.07,14283,4327749.0
2026-02-23,ORIENTCEM,EQ,INE876N01018,ORIENT CEMENT LTD.,159.0,160.28,156.53,157.51,158.37,-0.54,621046,97820952.05
2026-02-23,ORIENTCER,EQ,INE569C01020,ORIENT CERATECH LIMITED,41.8,41.8,39.76,40.11,40.46,-0.87,43948,1762754.31
2026-02-23,ORIENTELEC,EQ,INE142Z01019,ORIENT ELECTRIC LIMITED,176.5,179.7,174.07,178.0,177.07,0.53,107738,19177364.0
2026-02-23,ORIENTHOT,EQ,INE750A01020,ORIENT HOTELS LTD,101.13,101.91,98.81,99.87,100.78,-0.9,173974,17374783.86
2026-02-23,ORIENTPPR,EQ,INE592A01026,ORIENT PAPER AND INDS LTD,19.02,19.17,18.7,18.84,19.05,-1.1,256343,4829502.16
2026-02-23,ORIENTTECH,EQ,INE0PPK01015,ORIENT TECHNOLOGIES LTD,315.0,315.0,303.45,306.15,311.6,-1.75,316053,96759624.02
2026-02-23,ORISSAMINE,EQ,INE725E01024,ORISSA MIN DEV CO LTD,4232.0,4267.0,4170.0,4200.1,4230.5,-0.72,6612,27771061.85
2026-02-23,ORKLAINDIA,EQ,INE16NZ01023,ORKLA INDIA LIMITED,590.0,591.0,574.0,585.85,580.55,0.91,86665,50772688.13
2026-02-23,ORTINGLOBE,EQ,INE749B01020,ORTIN GLOBAL LIMITED,19.89,19.89,18.91,18.91,19.9,-4.97,29274,553571.34
2026-02-23,OSWALAGRO,EQ,INE142A01012,OSWAL AGRO MILLS LTD,49.7,49.7,48.01,48.25,48.59,-0.7,16309,786909.25
2026-02-23,OSWALGREEN,EQ,INE143A01010,OSWAL GREENTECH LIMITED,28.0,28.25,26.95,27.06,27.61,-1.99,84036,2274014.12
2026-02-23,OSWALPUMPS,EQ,INE0BYP01024,OSWAL PUMPS LIMITED,345.1,347.95,333.3,337.15,339.4,-0.66,351446,118490016.75
2026-02-23,OSWALSEEDS,EQ,INE00IK01029,SHREEOSWAL S AND CHE LTD,13.3,13.3,12.85,12.99,12.9,0.7,30471,395818.28
2026-02-23,PACEDIGITK,EQ,INE0S3G01027,PACE DIGITEK LIMITED,184.85,186.0,181.35,181.86,183.96,-1.14,322123,58581288.98
2026-02-23,PAGEIND,EQ,INE761H01022,PAGE INDUSTRIES LTD,32800.0,33280.0,32740.0,33070.0,32740.0,1.01,13411,443501770.0
2026-02-23,PAISALO,EQ,INE420C01059,PAISALO DIGITAL LIMITED,35.0,35.44,34.3,35.17,34.68,1.41,4489322,157889446.52
2026-02-23,PAKKA,EQ,INE551D01018,PAKKA LIMITED,90.13,91.8,89.05,89.44,90.13,-0.77,43844,3921407.47
2026-02-23,PALASHSECU,EQ,INE471W01019,PALASH SECURITIES LTD,94.36,99.85,94.36,95.14,95.78,-0.67,1030,97994.2
2026-02-23,PALREDTEC,EQ,INE218G01033,PALRED TECHNOLOGIES LTD,39.2,39.2,37.7,37.95,39.5,-3.92,4143,157226.85
2026-02-23,PANACEABIO,EQ,INE922B01023,PANACEA BIOTEC LTD,342.35,349.35,336.0,340.0,341.5,-0.44,41829,14221860.0
2026-02-23,PANAMAPET,EQ,INE305C01029,PANAMA PETROCHEM LTD,279.6,281.0,275.55,280.1,275.55,1.65,20327,5693592.82
2026-02-23,PANSARI,EQ,INE697V01011,PANSARI DEVELOPERS LTD,290.0,310.4,290.0,300.0,295.65,1.47,458,137400.0
2026-02-23,PARACABLES,EQ,INE074B01023,PARAMOUNT COMM LTD,37.0,37.25,36.01,36.07,36.52,-1.23,521158,18798168.9
2026-02-23,PARADEEP,EQ,INE088F01024,PARADEEP PHOSPHATES LTD,118.54,120.36,116.26,117.5,118.19,-0.58,5294449,622097757.5
2026-02-23,PARAGMILK,EQ,INE883N01014,PARAG MILK FOODS LTD.,197.45,207.95,194.6,196.9,195.3,0.82,2220025,437122908.95
2026-02-23,PARAS,EQ,INE045601023,PARAS DEF AND SPCE TECH L,643.0,646.35,632.0,637.4,642.15,-0.74,203851,129934632.38
2026-02-23,PARASPETRO,EQ,INE162C01024,PARAS PETROFILS LTD.,2.25,2.44,2.25,2.33,2.34,-0.43,77645,180912.84
2026-02-23,PARKHOSPS,EQ,INE119201023,PARK MEDI WORLD LIMITED,185.89,195.97,184.57,194.91,184.37,5.72,1935598,377267413.27
2026-02-23,PARKHOTELS,EQ,INE988S01028,PARKHOTELS,127.55,128.8,126.0,127.72,127.49,0.18,94324,12047061.4
2026-02-23,PASHUPATI,EQ,INE124Y01028,PASHUPATI COTSPIN LIMITED,96.0,96.04,93.21,95.41,94.04,1.46,51980,4959411.99
2026-02-23,PASUPTAC,EQ,INE818B01023,PASUPATI ACRYLON LIMITED,53.0,53.49,51.5,51.7,52.78,-2.05,74054,3828591.86
2026-02-23,PATANJALI,EQ,INE619A01035,PATANJALI FOODS LIMITED,535.0,537.6,525.3,532.95,534.4,-0.27,1836937,978995596.57
2026-02-23,PATELENG,EQ,INE244B01030,PATEL ENGINEERING LTD.,27.29,28.5,26.67,27.93,27.24,2.53,11006465,307410570.81
2026-02-23,PATELRMART,EQ,INE0R8B01010,PATEL RETAIL LIMITED,184.2,185.8,181.01,181.87,183.8,-1.05,53925,9807339.49
2026-02-23,PAUSHAKLTD,EQ,INE111F01024,PAUSHAK LIMITED,506.9,511.6,481.05,487.35,498.45,-2.23,10875,5299931.32
2026-02-23,PAVNAIND,EQ,INE07S101038,PAVNA INDUSTRIES LIMITED,24.9,24.99,23.06,23.32,24.31,-4.07,117653,2743667.92
2026-02-23,PAYTM,EQ,INE982J01020,ONE 97 COMMUNICATIONS LTD,1157.8,1179.5,1156.8,1173.7,1153.3,1.77,1976282,2319562086.9
2026-02-23,PCBL,EQ,INE602A01031,PCBL CHEMICAL LIMITED,307.1,330.65,302.05,304.15,305.6,-0.47,9142492,2780688886.0
2026-02-23,PCJEWELLER,EQ,INE785M01021,PC JEWELLER LTD,10.09,10.14,9.9,9.97,10.08,-1.09,27352437,272703804.19
2026-02-23,PDMJEPAPER,EQ,INE865T01018,PUDUMJEE PAPER PRO. LTD,83.89,84.34,80.91,82.33,83.81,-1.77,113183,9318356.6
2026-02-23,PDSL,EQ,INE111Q01021,PDS LIMITED,305.7,319.35,304.25,307.6,305.65,0.64,175971,54128680.67
2026-02-23,PEARLPOLY,EQ,INE844A01013,PEARL POLYMERS LTD,19.15,19.55,18.65,18.79,19.41,-3.19,6217,116817.44
2026-02-23,PENIND,EQ,INE932A01024,PENNAR INDUSTRIES LTD,150.0,150.92,143.41,147.93,149.23,-0.87,1635203,241895567.81
2026-02-23,PENINLAND,EQ,INE138A01028,PENINSULA LAND LIMITED,19.3,19.53,18.21,18.34,19.14,-4.18,363528,6667103.58
2026-02-23,PERSISTENT,EQ,INE262H01021,PERSISTENT SYSTEMS LTD,5090.0,5120.0,4916.0,4977.5,5092.0,-2.25,835461,4158507127.5
2026-02-23,PETRONET,EQ,INE347G01014,PETRONET LNG LIMITED,308.0,308.0,304.5,306.45,306.65,-0.07,1159790,355417659.66
2026-02-23,PFC,EQ,INE134E01011,POWER FIN CORP LTD.,412.5,417.5,407.6,411.8,410.1,0.41,9008749,3709802728.23
2026-02-23,PFIZER,EQ,INE182A01018,PFIZER LTD,4931.7,5093.8,4931.7,5071.5,4931.7,2.83,16446,83405889.0
2026-02-23,PFOCUS,EQ,INE367G01038,PRIME FOCUS LIMITED,263.01,267.99,259.36,266.08,259.22,2.65,5713855,1520342461.68
2026-02-23,PFS,EQ,INE560K01014,PTC INDIA FIN SERV LTD,31.92,32.14,31.21,31.57,31.82,-0.79,518262,16361531.18
2026-02-23,PGEL,EQ,INE457L01029,PG ELECTROPLAST LTD,614.2,622.95,600.6,607.15,614.2,-1.15,1354151,822172812.71
2026-02-23,PGHH,EQ,INE179A01014,P&G HYGIENE & HEALTH CARE,11587.0,11587.0,11460.0,11494.0,11501.0,-0.06,2680,30803920.0
2026-02-23,PGHL,EQ,INE199A01012,PROCTER & GAMBLE HEALTH L,5030.0,5089.5,4990.5,5078.0,5019.5,1.17,6133,31143374.0
2026-02-23,PGIL,EQ,INE940H01022,PEARL GLOBAL IND LIMITED,790.5,804.45,769.25,792.75,775.0,2.29,406022,321873940.5
2026-02-23,PHARMABEES,EQ,INF204KC1089,NIPPONAMC - NETFPHARMA,23.71,23.71,23.01,23.13,23.02,0.48,2751317,63637959.9
2026-02-23,PHOENIXLTD,EQ,INE211B01039,THE PHOENIX MILLS LTD,1742.8,1754.9,1702.0,1716.3,1733.2,-0.98,375834,645043912.55
2026-02-23,PICCADIL,EQ,INE546C01010,PICCADILY AGRO INDUSTRI L,590.0,598.15,579.35,582.4,590.8,-1.42,67104,39081371.24
2026-02-23,PIDILITIND,EQ,INE318A01026,PIDILITE INDUSTRIES LTD,1464.9,1485.2,1463.0,1481.0,1464.9,1.1,511293,757224933.0
2026-02-23,PIGL,EQ,INE557Z01018,POWER INSTRUMENT (G) LTD,107.69,114.68,106.0,109.3,108.84,0.42,142057,15526830.53
2026-02-23,PIIND,EQ,INE603J01030,PI INDUSTRIES LTD,3057.5,3135.5,3048.0,3119.5,3048.0,2.35,286156,892663642.0
2026-02-23,PILANIINVS,EQ,INE417C01014,PILANI INV & IND COR LTD,4580.5,4625.9,4524.2,4541.7,4576.1,-0.75,835,3792319.66
2026-02-23,PILITA,EQ,INE600A01035,PIL ITALICA LIFESTYLE LTD,8.87,8.87,8.4,8.52,8.76,-2.74,47156,401769.14
2026-02-23,PINELABS,EQ,INE15B701018,PINE LABS LIMITED,203.66,210.3,200.55,208.58,202.04,3.24,2910785,607131540.63
2026-02-23,PIONEEREMB,EQ,INE156C01018,PIONEER EMBROIDERIES LTD,27.16,27.61,27.01,27.29,27.16,0.48,15164,413825.57
2026-02-23,PIRAMALFIN,EQ,INE202B01038,PIRAMAL FINANCE LIMITED,1756.8,1777.0,1743.8,1768.4,1748.4,1.14,129836,229601985.57
2026-02-23,PITTIENG,EQ,INE450D01021,PITTI ENGINEERING LIMITED,897.0,915.0,887.1,899.8,897.4,0.27,26208,23581958.08
2026-02-23,PIXTRANS,EQ,INE751B01018,PIX TRANSMISSIONS LIMITED,1535.0,1547.0,1473.0,1492.4,1523.2,-2.02,16084,24003761.99
2026-02-23,PLASTIBLEN,EQ,INE083C01022,PLASTIBLENDS INDIA LTD,152.24,152.4,149.0,149.13,152.01,-1.89,5483,817679.82
2026-02-23,PLATIND,EQ,INE0PT501018,PLATINUM INDUSTRIES LTD,226.32,230.49,225.5,226.63,226.32,0.14,106104,24046350.04
2026-02-23,PLAZACABLE,EQ,INE0INJ01017,PLAZA WIRES LIMITED,38.69,39.77,38.61,38.79,38.9,-0.28,17434,676264.88
2026-02-23,PNB,EQ,INE160A01022,PUNJAB NATIONAL BANK,130.4,132.73,130.0,130.27,129.59,0.52,27095411,3529719306.73
2026-02-23,PNBGILTS,EQ,INE859A01011,PNB GILTS LIMITED,78.99,79.46,78.47,78.7,78.87,-0.22,96317,7580147.61
2026-02-23,PNBHOUSING,EQ,INE572E01012,PNB HOUSING FIN LTD.,850.0,854.45,833.65,837.25,848.9,-1.37,1151087,963747590.75
2026-02-23,PNC,EQ,INE392B01011,PNC MEDIA AND ENT LTD,24.79,25.94,24.78,24.8,25.19,-1.55,2198,54510.4
2026-02-23,PNCINFRA,EQ,INE195J01029,PNC INFRATECH LTD.,220.0,221.46,215.55,217.5,219.94,-1.11,194629,42331807.5
2026-02-23,PNGJL,EQ,INE953R01016,P N GADGIL JEWELLERS LTD,565.0,569.0,553.6,556.25,562.35,-1.08,184765,102775531.25
2026-02-23,POCL,EQ,INE063E01061,PONDY OXIDES & CHEM LTD,471.12,475.8,452.68,459.12,467.04,-1.7,505022,231865698.17
2026-02-23,PODDARMENT,EQ,INE371C01013,PODDAR PIGMENTS LIMITED,242.71,248.56,237.0,239.35,242.61,-1.34,2949,705843.17
2026-02-23,POKARNA,EQ,INE637C01025,POKARNA LIMITED,1030.0,1031.3,963.1,979.5,1003.7,-2.41,134997,132229561.5
2026-02-23,POLICYBZR,EQ,INE417T01026,PB FINTECH LIMITED,1513.6,1549.8,1485.0,1496.0,1513.6,-1.16,2409384,3604438464.0
2026-02-23,POLYCAB,EQ,INE455K01017,POLYCAB INDIA LIMITED,7939.0,8005.0,7830.0,7974.0,7869.0,1.33,328097,2616245478.0
2026-02-23,POLYMED,EQ,INE205C01021,POLY MEDICURE LIMITED,1275.5,1282.0,1248.5,1268.8,1255.8,1.04,149716,189959668.11
2026-02-23,POLYPLEX,EQ,INE633B01018,POLYPLEX CORPORATION LTD,819.75,827.4,806.15,814.3,819.75,-0.66,37617,30631522.64
2026-02-23,PONNIERODE,EQ,INE838E01017,PONNIE SUGARS (ERODE) LTD,268.7,268.7,265.0,266.3,263.75,0.97,3916,1042830.75
2026-02-23,POONAWALLA,EQ,INE511C01022,POONAWALLA FINCORP LTD,473.1,480.5,467.0,473.0,471.15,0.39,1311512,620345176.0
2026-02-23,POWERGRID,EQ,INE752E01010,POWER GRID CORP. LTD.,302.0,304.3,299.0,303.35,298.95,1.47,11774742,3571868057.57
2026-02-23,POWERINDIA,EQ,INE07Y701011,HITACHI ENERGY INDIA LTD,23871.0,24370.0,23827.0,24243.0,23871.0,1.56,123306,2989307358.0
2026-02-23,POWERMECH,EQ,INE211R01019,POWER MECH PROJECTS LTD.,2224.8,2224.8,2153.8,2177.0,2185.4,-0.38,82195,178938515.0
2026-02-23,PPLPHARMA,EQ,INE0DK501011,PIRAMAL PHARMA LIMITED,161.7,163.14,160.5,162.14,160.53,1.0,2218043,359633490.67
2026-02-23,PRABHA,EQ,INE0I0M01023,PRABHA ENERGY LIMITED,201.0,208.0,172.0,179.57,190.56,-5.77,302943,54399476.73
2026-02-23,PRAENG,EQ,INE505C01016,PRAJAY ENG. SYN. LTD.,22.98,22.98,22.0,22.14,22.61,-2.08,14467,320299.37
2026-02-23,PRAJIND,EQ,INE074A01025,PRAJ INDUSTRIES LTD,312.75,317.7,307.6,309.35,311.45,-0.67,890544,275489791.84
2026-02-23,PRAKASH,EQ,INE603A01013,PRAKASH INDUSTRIES LTD,137.98,139.63,134.97,138.87,137.98,0.65,575509,79920932.02
2026-02-23,PRAKASHSTL,EQ,INE696K01024,PRAKASH STEELAGE LTD,4.42,4.65,4.41,4.51,4.46,1.12,98029,442110.81
2026-02-23,PRAXIS,EQ,INE546Y01022,PRAXIS HOME RETAIL LTD,8.06,8.48,8.06,8.17,8.19,-0.24,423673,3461408.44
2026-02-23,PRECAM,EQ,INE484I01029,PRECISION CAMSHAFTS LTD.,145.0,146.8,141.78,142.44,144.13,-1.17,142812,20342141.63
2026-02-23,PRECOT,EQ,INE283A01014,PRECOT LIMITED,506.8,506.8,477.55,493.95,496.85,-0.58,2536,1252657.23
2026-02-23,PRECWIRE,EQ,INE372C01037,PRECISION WIRES INDIA LTD,291.0,305.9,289.11,300.26,286.14,4.93,2264540,679950802.51
2026-02-23,PREMEXPLN,EQ,INE863B01029,PREMIER EXPLOSIVES LTD,470.5,475.0,461.75,470.8,470.5,0.06,108425,51046488.68
2026-02-23,PREMIERENE,EQ,INE0BS701011,PREMIER ENERGIES LIMITED,769.15,780.0,759.0,776.25,768.75,0.98,839634,651765892.5
2026-02-23,PREMIERPOL,EQ,INE309M01020,PREMIER POLYFILM LTD,50.41,52.0,50.12,51.27,50.52,1.48,77904,3994138.12
2026-02-23,PRESTIGE,EQ,INE811K01011,PRESTIGE ESTATE LTD,1491.0,1507.0,1477.6,1488.9,1487.0,0.13,204003,303740071.68
2026-02-23,PRICOLLTD,EQ,INE726V01018,PRICOL LIMITED,604.8,634.35,604.8,630.9,603.3,4.57,840256,530117530.91
2026-02-23,PRIMESECU,EQ,INE032B01021,PRIME SECURITIES LIMITED,280.0,281.0,270.35,274.2,279.7,-1.97,33946,9307993.61
2026-02-23,PRIMO,EQ,INE607A01022,PRIMO CHEMICALS LIMITED,20.88,21.49,19.78,20.08,20.77,-3.32,63217,1269397.36
2026-02-23,PRINCEPIPE,EQ,INE689W01016,PRINCE PIPES FITTINGS LTD,263.95,263.95,257.16,259.39,259.66,-0.1,56355,14617924.28
2026-02-23,PRITI,EQ,INE974Z01015,PRITI INTERNATIONAL LTD,47.22,49.5,47.21,47.5,48.47,-2.0,11427,542782.5
2026-02-23,PRIVISCL,EQ,INE959A01019,PRIVI SPECIALITY CHE LTD,2915.0,2999.0,2890.0,2994.8,2898.0,3.34,235725,705949241.51
2026-02-23,PROSTARM,EQ,INE0BX301013,PROSTARM INFO SYSTEMS LTD,158.9,162.42,152.91,155.35,156.89,-0.98,168985,26251820.78
2026-02-23,PROTEAN,EQ,INE004A01022,PROTEAN EGOV TECHNO LTD,611.1,614.0,601.0,602.7,609.15,-1.06,208950,125934167.55
2026-02-23,PROZONER,EQ,INE195N01013,PROZONE REALTY LIMITED,50.1,53.24,50.1,51.7,50.93,1.51,114839,5937176.39
2026-02-23,PRSMJOHNSN,EQ,INE010A01011,PRISM JOHNSON LIMITED,125.0,125.99,124.57,125.53,124.98,0.44,172859,21698990.06
2026-02-23,PRUDENT,EQ,INE00F201020,PRUDENT CORP ADV SER LTD,2594.0,2594.0,2535.4,2557.0,2595.5,-1.48,13207,33770299.0
2026-02-23,PSB,EQ,INE608A01012,PUNJAB & SIND BANK,27.39,28.16,26.3,26.44,27.28,-3.08,4343827,114850788.2
2026-02-23,PSPPROJECT,EQ,INE488V01015,PSP PROJECTS LIMITED,769.95,783.0,760.05,764.4,767.25,-0.37,30973,23675761.96
2026-02-23,PSUBANK,EQ,INF174KA1A86,KOTAK PSU BANK,990.08,990.08,968.7,978.24,965.94,1.27,33404,32677128.63
2026-02-23,PSUBANKADD,EQ,INF740KA1SY9,DSPAMC - DSPPSBKETF,97.59,98.98,97.57,98.68,97.1,1.63,64526,6367425.7
2026-02-23,PSUBNKBEES,EQ,INF204KB16I7,NIP IND ETF PSU BANK BEES,110.2,110.2,107.61,109.21,107.52,1.57,4666859,509667667.12
2026-02-23,PSUBNKIETF,EQ,INF109KC10S8,ICICIPRAMC - PSUBANKICI,97.77,99.5,97.77,99.17,97.76,1.44,372216,36912660.04
2026-02-23,PTC,EQ,INE877F01012,PTC INDIA LIMITED,168.99,169.66,166.51,168.31,168.69,-0.23,769554,129523631.86
2026-02-23,PTCIL,EQ,INE596F01018,PTC INDUSTRIES LIMITED,17830.0,18090.0,17696.0,17932.0,17808.0,0.7,9021,161764572.0
2026-02-23,PTL,EQ,INE034D01049,PTL ENTERPRISES LTD,38.25,38.6,38.01,38.08,38.07,0.03,42023,1600235.92
2026-02-23,PUNJABCHEM,EQ,INE277B01014,PUNJAB CHEM & CROP PROT L,1029.1,1035.0,975.5,988.3,1024.0,-3.49,8817,8713840.99
2026-02-23,PURVA,EQ,INE323I01011,PURAVANKARA LIMITED,229.0,230.1,221.1,224.17,229.86,-2.48,274982,61642714.44
2026-02-23,PVP,EQ,INE362A01016,PVP VENTURES LIMITED,31.95,31.95,28.84,29.12,30.16,-3.45,244209,7111366.28
2026-02-23,PVRINOX,EQ,INE191H01014,PVR INOX LIMITED,1037.9,1049.85,1017.3,1031.9,1036.25,-0.42,177015,182661782.82
2026-02-23,PVSL,EQ,INE772T01024,POPULAR VEHICLES N SER L,90.0,91.5,87.0,89.85,90.07,-0.24,135864,12207380.19
2026-02-23,PVTBANIETF,EQ,INF109KC18U7,ICICIPRAMC - ICICIBANKP,28.93,29.41,28.93,29.25,29.11,0.48,2815075,82340943.75
2026-02-23,PVTBANKADD,EQ,INF740KA1TA7,DSPAMC - DSPPVBKETF,29.3,30.45,29.27,29.42,29.23,0.65,36768,1081714.56
2026-02-23,PWL,EQ,INE0LP301011,PHYSICSWALLAH LIMITED,102.75,102.75,95.08,97.01,100.45,-3.42,8177897,793337805.44
2026-02-23,PYRAMID,EQ,INE0MIS01010,PYRAMID TECHNOPLAST LTD,149.41,154.19,149.4,150.79,152.12,-0.87,15862,2391830.87
2026-02-23,QGOLDHALF,EQ,INF082J01408,QUANTUM GOLD ETF,130.85,130.99,129.16,130.29,127.65,2.07,166812,21733934.36
2026-02-23,QNIFTY,EQ,INF082J01499,QUANTUM NIFTY 50 ETF,281.07,282.0,279.8,281.48,279.67,0.65,5292,1489592.22
2026-02-23,QPOWER,EQ,INE0SII01026,QUALITY POWER ELEC EQUP L,895.0,924.9,875.0,881.25,882.5,-0.14,1403264,1236626400.0
2026-02-23,QUADFUTURE,EQ,INE0LRY01011,QUADRANT FUTURE TEK LTD,298.0,303.9,292.75,296.3,294.85,0.49,266806,79054614.54
2026-02-23,QUAL30IETF,EQ,INF109KC18V5,ICICIPRAMC - ICICIQTY30,21.18,21.3,20.9,21.04,21.08,-0.19,68551,1442313.1
2026-02-23,QUESS,EQ,INE615P01015,QUESS CORP LIMITED,205.3,205.3,200.1,203.59,202.3,0.64,131826,26838454.86
2026-02-23,QUICKHEAL,EQ,INE306L01010,QUICK HEAL TECH LTD,176.9,186.2,175.87,183.35,178.81,2.54,365073,66936136.78
2026-02-23,RACE,EQ,INE084Q01012,RACE ECO CHAIN LIMITED,120.0,124.89,119.73,122.55,122.99,-0.36,8191,1003807.07
2026-02-23,RACLGEAR,EQ,INE704B01017,RACL GEARTECH LIMITED,1509.9,1540.0,1371.3,1426.0,1495.7,-4.66,118385,168817010.0
2026-02-23,RADAAN,EQ,INE874F01027,RADAAN MEDIAWORKS (I) LTD,3.2,3.2,2.95,2.97,3.01,-1.33,37843,112393.71
2026-02-23,RADIANTCMS,EQ,INE855R01021,RADIANT CASH MGMT SER LTD,39.0,39.44,37.21,38.28,38.84,-1.44,259018,9915208.72
2026-02-23,RADICO,EQ,INE944F01028,RADICO KHAITAN LTD,2723.2,2754.7,2696.3,2716.0,2706.2,0.36,214157,581650412.0
2026-02-23,RADIOCITY,EQ,INE919I01024,MUSIC BROADCAST LIMITED,6.24,6.24,6.05,6.1,6.12,-0.33,128519,783965.89
2026-02-23,RAILTEL,EQ,INE0DD101019,RAILTEL CORP OF IND LTD,334.0,338.0,327.0,330.6,324.35,1.93,2436421,805480797.47
2026-02-23,RAIN,EQ,INE855B01025,RAIN INDUSTRIES LIMITED,145.99,148.53,144.01,147.49,145.53,1.35,1661727,245088124.36
2026-02-23,RAINBOW,EQ,INE961O01016,RAINBOW CHILDRENS MED LTD,1197.0,1225.6,1191.0,1217.1,1197.0,1.68,68880,83833846.32
2026-02-23,RAJMET,EQ,INE00KV01022,RAJNANDINI METAL LIMITED,3.99,4.03,3.91,3.92,3.97,-1.26,290416,1138430.74
2026-02-23,RAJRATAN,EQ,INE451D01029,RAJRATAN GLOBAL WIRE LTD,435.0,439.55,420.85,426.55,431.85,-1.23,90585,38639030.64
2026-02-23,RAJSREESUG,EQ,INE562B01019,RAJSHREE SUGAR & CHEMICAL,27.42,27.5,26.5,26.58,27.29,-2.6,29890,794476.2
2026-02-23,RAJTV,EQ,INE952H01027,RAJ TV NETWORK LTD,39.6,39.84,37.0,38.55,40.16,-4.01,12960,499607.99
2026-02-23,RALLIS,EQ,INE613A01020,RALLIS INDIA LTD,286.35,286.35,277.2,280.3,284.4,-1.44,353612,99117439.28
2026-02-23,RAMANEWS,EQ,INE278B01020,SHREE RAMA NEWSPRINT LTD,31.19,32.48,30.7,31.78,31.07,2.29,283684,9015477.71
2026-02-23,RAMAPHO,EQ,INE809A01032,RAMA PHOSPHATES LIMITED,136.41,140.37,133.0,134.06,137.25,-2.32,40120,5378487.1
2026-02-23,RAMCOCEM,EQ,INE331A01037,THE RAMCO CEMENTS LIMITED,1121.0,1151.0,1114.5,1143.3,1113.7,2.66,173692,198582072.08
2026-02-23,RAMCOIND,EQ,INE614A01028,RAMCO INDUSTRIES LIMITED,310.8,311.35,303.4,309.25,307.2,0.67,34453,10654590.25
2026-02-23,RAMCOSYS,EQ,INE246B01019,RAMCO SYSTEMS LTD.,510.5,529.95,506.25,510.85,510.95,-0.02,90532,46248272.75
2026-02-23,RAMKY,EQ,INE874I01013,RAMKY INFRA LTD,472.0,474.2,463.0,470.05,473.7,-0.77,47856,22494712.22
2026-02-23,RAMRAT,EQ,INE207E01023,RAM RATNA WIRES LIMITED,326.0,327.5,318.5,319.25,320.0,-0.23,25443,8122677.75
2026-02-23,RANASUG,EQ,INE625B01014,RANA SUGARS LTD.,11.18,11.18,10.93,10.96,11.07,-0.99,71925,788298.0
2026-02-23,RANEHOLDIN,EQ,INE384A01010,RANE HOLDINGS LIMITED,1225.0,1236.3,1199.0,1207.3,1227.1,-1.61,7014,8468002.54
2026-02-23,RATEGAIN,EQ,INE0CLI01024,RATEGAIN TRAVEL TECHN LTD,547.0,551.0,530.65,535.8,547.9,-2.21,606157,324778913.2
2026-02-23,RATNAMANI,EQ,INE703B01027,RATNAMANI MET & TUB LTD.,2511.0,2582.0,2511.0,2553.2,2504.8,1.93,74116,189232967.58
2026-02-23,RATNAVEER,EQ,INE05CZ01011,RATNAVEER PRECISION ENG L,167.0,167.82,158.26,159.37,164.35,-3.03,2115581,337160133.64
2026-02-23,RAYMOND,EQ,INE301A01014,RAYMOND LTD,401.05,405.85,393.3,403.25,398.55,1.18,216740,87400405.0
2026-02-23,RAYMONDLSL,EQ,INE02ID01020,RAYMOND LIFESTYLE LIMITED,910.2,929.5,891.0,901.5,909.9,-0.92,63868,57577002.0
2026-02-23,RAYMONDREL,EQ,INE1SY401010,RAYMOND REALTY LIMITED,440.95,448.0,435.75,438.4,440.25,-0.42,84570,37075487.48
2026-02-23,RBA,EQ,INE07T201019,RESTAURANT BRAND ASIA LTD,63.86,64.86,63.52,64.27,63.83,0.69,2236790,143758485.79
2026-02-23,RBLBANK,EQ,INE976G01028,RBL BANK LIMITED,330.0,330.65,319.25,320.9,329.0,-2.46,5934561,1904400588.68
2026-02-23,RCF,EQ,INE027A01015,RASHTRIYA CHEMICALS & FER,130.65,131.3,128.24,129.24,130.0,-0.58,680076,87893025.98
2026-02-23,RECLTD,EQ,INE020B01018,REC LIMITED,356.75,356.85,349.1,352.2,354.2,-0.56,4210986,1483109320.6
2026-02-23,REDINGTON,EQ,INE891D01026,REDINGTON LIMITED,253.2,254.0,244.15,245.8,251.45,-2.25,1452230,356958138.43
2026-02-23,REDTAPE,EQ,INE0LXT01019,REDTAPE LIMITED,127.19,128.0,123.8,124.59,125.94,-1.07,274830,34241068.69
2026-02-23,REFEX,EQ,INE056I01025,REFEX INDUSTRIES LIMITED,241.05,243.44,234.88,238.02,239.71,-0.71,352352,83866824.55
2026-02-23,REGAAL,EQ,INE0MHO01029,REGAAL RESOURCES LIMITED,60.0,62.3,58.88,61.83,59.77,3.45,545173,33708047.59
2026-02-23,REGENCERAM,EQ,INE277C01012,REGENCY CERAMICS LTD.,45.49,45.49,43.17,44.78,42.84,4.53,673,30136.94
2026-02-23,RELAXO,EQ,INE131B01039,RELAXO FOOT LTD.,358.0,359.0,354.6,356.8,357.95,-0.32,69637,24846480.75
2026-02-23,RELCHEMQ,EQ,INE750D01016,RELIANCE CHEMOTEX IND LTD,123.14,126.49,121.2,124.08,123.14,0.76,1741,216023.28
2026-02-23,RELIABLE,EQ,INE375Y01018,RELIABLE DATA SERVICE LTD,150.95,152.13,147.0,148.1,149.55,-0.97,3132,463849.22
2026-02-23,RELIANCE,EQ,INE002A01018,RELIANCE INDUSTRIES LTD,1425.0,1434.9,1418.3,1428.0,1419.4,0.61,7758856,11079646368.0
2026-02-23,RELIGARE,EQ,INE621H01010,RELIGARE ENTER. LTD.,221.9,222.15,211.3,213.32,221.04,-3.49,1288720,274909759.84
2026-02-23,RELTD,EQ,INE206N01018,RAVINDRA ENERGY LIMITED,147.3,147.51,143.33,145.42,147.11,-1.15,46255,6726402.02
2026-02-23,REMSONSIND,EQ,INE474C01023,REMSONS INDUSTRIES LTD,114.93,116.0,112.14,113.11,114.53,-1.24,92639,10478397.35
2026-02-23,RENUKA,EQ,INE087H01022,SHREE RENUKA SUGARS LTD,23.8,23.93,23.45,23.53,23.67,-0.59,1857739,43712599.95
2026-02-23,REPCOHOME,EQ,INE612J01015,REPCO HOME FINANCE LTD,390.45,394.9,384.5,392.95,390.45,0.64,202503,79573556.32
2026-02-23,REPRO,EQ,INE461B01014,REPRO INDIA LIMITED,427.2,432.0,404.55,409.2,426.75,-4.11,23702,9698858.69
2026-02-23,RESPONIND,EQ,INE688D01026,RESPONSIVE INDUSTRIES LTD,183.47,187.5,180.15,180.83,182.37,-0.84,128366,23212424.02
2026-02-23,RETAIL,EQ,INE03DD01011,JHS SVENDGAARD RETAIL V L,24.09,24.6,24.0,24.02,24.09,-0.29,988,23731.76
2026-02-23,RGL,EQ,INE722H01024,RENAISSANCE GLOBAL LTD,106.95,113.77,105.67,112.6,105.32,6.91,1849732,208279820.38
2026-02-23,RHETAN,EQ,INE0KKN01029,RHETAN TMT LIMITED,26.4,26.95,25.93,26.12,26.05,0.27,3182012,83114156.11
2026-02-23,RHIM,EQ,INE743M01012,RHI MAGNESITA INDIA LTD,462.9,463.5,453.05,455.75,458.5,-0.6,186847,85155520.25
2026-02-23,RHL,EQ,INE508K01013,ROBUST HOTELS LIMITED,191.8,196.1,186.5,187.54,192.39,-2.52,11465,2150146.02
2026-02-23,RICOAUTO,EQ,INE209B01025,RICO AUTO INDUSTRIES LTD,126.1,132.4,125.1,125.81,124.28,1.23,5586358,702819686.34
2026-02-23,RIIL,EQ,INE046A01015,RELIANCE INDUSTRIAL INFRA,733.0,738.15,715.1,720.4,730.35,-1.36,42231,30423213.43
2026-02-23,RISHABH,EQ,INE0N2P01017,RISHABH INSTRUMENTS LTD,435.0,441.2,421.25,432.25,434.9,-0.61,71094,30730381.5
2026-02-23,RITCO,EQ,INE01EG01016,RITCO LOGISTICS LIMITED,226.0,230.5,226.0,229.24,225.84,1.51,16940,3883325.69
2026-02-23,RITES,EQ,INE320J01015,RITES LIMITED,218.99,219.98,217.13,219.42,218.49,0.43,287820,63153463.87
2026-02-23,RKDL,EQ,INE722J01012,RAVI KUMAR DIST. LTD.,20.29,20.29,19.21,19.62,19.82,-1.01,9326,182976.13
2026-02-23,RKEC,EQ,INE786W01010,RKEC PROJECTS LIMITED,44.49,45.49,43.75,44.02,43.95,0.16,53201,2341908.04
2026-02-23,RKFORGE,EQ,INE399G01023,RAMKRISHNA FORGINGS LTD,554.0,565.0,548.95,553.2,549.95,0.59,279763,154764895.02
2026-02-23,RKSWAMY,EQ,INE0NQ801033,R K SWAMY LIMITED,106.2,106.21,103.2,103.85,104.34,-0.47,16513,1714875.02
2026-02-23,RML,EQ,INE050H01012,RANE (MADRAS) LIMITED,825.0,831.45,809.0,813.3,821.4,-0.99,11376,9252100.66
2026-02-23,ROHLTD,EQ,INE283H01019,ROYAL ORCHID HOTELS LTD,364.1,367.9,362.4,365.7,362.85,0.79,19712,7208678.64
2026-02-23,ROLEXRINGS,EQ,INE645S01024,ROLEX RINGS LIMITED,141.49,142.66,136.62,140.55,141.1,-0.39,691967,97255963.96
2026-02-23,ROML,EQ,INE294G01026,RAJ OIL MILLS LIMITED,42.03,44.79,42.03,43.25,43.8,-1.26,2717,117510.25
2026-02-23,ROSSARI,EQ,INE02A801020,ROSSARI BIOTECH LIMITED,508.55,516.6,506.55,508.95,510.2,-0.25,23861,12144056.24
2026-02-23,ROSSELLIND,EQ,INE847C01020,ROSSELL INDIA LIMITED,43.0,44.09,41.4,41.9,43.79,-4.32,47908,2007345.27
2026-02-23,ROSSTECH,EQ,INE0OJW01016,ROSSELL TECHSYS LIMITED,698.35,698.35,664.45,683.9,672.5,1.7,38179,26110619.03
2026-02-23,ROTO,EQ,INE535D01037,ROTO PUMPS LIMITED,60.73,62.47,59.0,59.96,59.46,0.84,1056419,63342882.27
2026-02-23,ROUTE,EQ,INE450U01017,ROUTE MOBILE LIMITED,518.05,522.45,507.95,509.85,514.75,-0.95,199964,101951646.62
2026-02-23,RPEL,EQ,INE912T01018,RAGHAV PRODUCTIVITY ENH L,686.5,709.0,686.45,700.0,686.45,1.97,27815,19470500.0
2026-02-23,RPGLIFE,EQ,INE105J01010,RPG LIFE SCIENCES LTD,1903.7,1919.3,1885.0,1908.6,1903.7,0.26,5035,9609800.88
2026-02-23,RPOWER,EQ,INE614G01033,RELIANCE POWER LTD.,26.3,26.5,25.54,25.9,26.25,-1.33,31188803,807789985.8
2026-02-23,RPPINFRA,EQ,INE324L01013,R.P.P INFRA PROJECTS LTD,84.0,84.0,80.5,80.92,83.2,-2.74,48777,3947034.75
2026-02-23,RPSGVENT,EQ,INE425Y01011,RPSG VENTURES LIMITED,713.45,719.7,690.0,691.5,709.2,-2.5,17292,11957418.0
2026-02-23,RPTECH,EQ,INE0J1F01024,RASHI PERIPHERALS LIMITED,359.1,363.85,354.15,356.75,359.1,-0.65,45967,16398727.25
2026-02-23,RRKABEL,EQ,INE777K01022,R R KABEL LIMITED,1449.0,1475.0,1430.0,1450.7,1442.8,0.55,190802,276796452.08
2026-02-23,RSSOFTWARE,EQ,INE165B01029,R. S. SOFTWARE (INDIA) LI,37.57,38.28,36.85,36.9,37.75,-2.25,29711,1096335.95
2026-02-23,RSYSTEMS,EQ,INE411H01032,R SYS INTERNATIONAL LTD,302.05,318.55,299.95,307.8,307.7,0.03,141868,43666968.67
2026-02-23,RTNINDIA,EQ,INE834M01019,RATTANINDIA ENT LIMITED,31.76,32.29,31.08,31.7,31.08,1.99,2586211,81982890.67
2026-02-23,RTNPOWER,EQ,INE399K01017,RATTANINDIA POWER LIMITED,8.65,8.71,8.5,8.57,8.61,-0.46,7543613,64648761.11
2026-02-23,RUBFILA,EQ,INE642C01025,RUBFILA INTERNATIONAL LTD,67.52,70.01,67.0,67.75,67.52,0.34,13603,921603.25
2026-02-23,RUBICON,EQ,INE506V01022,RUBICON RESEARCH LIMITED,785.0,787.95,766.2,779.05,780.1,-0.13,113852,88696399.21
2026-02-23,RUBYMILLS,EQ,INE301D01026,THE RUBY MILLS LTD,195.25,201.0,191.0,191.52,195.47,-2.02,11902,2279471.09
2026-02-23,RUCHINFRA,EQ,INE413B01023,RUCHI INFRASTRUCTURE LTD,5.97,6.09,5.85,5.89,5.97,-1.34,59861,352581.28
2026-02-23,RUCHIRA,EQ,INE803H01014,RUCHIRA PAPERS LIMITED,106.49,106.49,103.25,104.45,104.65,-0.19,27891,2913214.86
2026-02-23,RUDRA,EQ,INE027T01023,RUDRA GLOBAL INFRA PROD L,18.29,18.49,18.01,18.06,17.97,0.5,19255,347745.29
2026-02-23,RUPA,EQ,INE895B01021,RUPA & COMPANY LTD,143.13,144.89,141.1,142.1,143.13,-0.72,70235,9980393.93
2026-02-23,RUSHIL,EQ,INE573K01025,RUSHIL DECOR LIMITED,19.02,19.55,18.45,18.62,19.1,-2.51,410850,7650027.34
2026-02-23,RUSTOMJEE,EQ,INE263M01029,KEYSTONE REALTORS LIMITED,451.5,455.5,447.0,452.05,443.15,2.01,41017,18541734.35
2026-02-23,RVHL,EQ,INE09E501017,RAVINDER HEIGHTS LIMITED,43.96,43.96,38.85,40.46,39.86,1.51,97967,3963744.73
2026-02-23,RVNL,EQ,INE415G01027,RAIL VIKAS NIGAM LIMITED,313.0,320.9,310.0,319.2,312.1,2.27,8267917,2639119207.33
2026-02-23,RVTH,EQ,INE0DAB01012,REVATHI EQUIPMENT INDIA L,614.0,626.0,600.0,614.1,611.55,0.42,953,585237.28
2026-02-23,S&SPOWER,EQ,INE902B01017,S&S POWER SWITCHGEARS LTD,328.8,345.2,315.05,333.8,328.8,1.52,3071,1025099.76
2026-02-23,SAATVIKGL,EQ,INE13B501022,SAATVIK GREEN ENERGY LTD,406.0,420.25,399.55,403.0,403.1,-0.02,134045,54020135.0
2026-02-23,SADBHAV,EQ,INE226H01026,SADBHAV ENGINEERING LTD,9.73,9.74,9.06,9.74,9.28,4.96,970486,9452533.42
2026-02-23,SADBHIN,EQ,INE764L01010,SADBHAV INFRA PROJ LTD.,3.77,3.8,3.62,3.63,3.65,-0.55,73815,267948.46
2026-02-23,SAFARI,EQ,INE429E01023,SAFARI IND (INDIA) LTD,1835.1,1878.0,1801.0,1866.6,1836.3,1.65,26661,49765421.95
2026-02-23,SAGARDEEP,EQ,INE976T01013,SAGARDEEP ALLOYS LIMITED,25.54,25.54,24.35,24.66,25.47,-3.18,11377,280556.82
2026-02-23,SAGCEM,EQ,INE229C01021,SAGAR CEMENTS LIMITED,201.8,202.08,196.16,196.83,200.17,-1.67,35221,6932549.49
2026-02-23,SAGILITY,EQ,INE0W2G01015,SAGILITY LIMITED,45.15,45.55,43.1,43.33,44.83,-3.35,23696875,1026785637.14
2026-02-23,SAHYADRI,EQ,INE280H01015,SAHYADRI INDUSTRIES LTD,256.99,259.58,251.81,253.5,259.59,-2.35,3802,963807.0
2026-02-23,SAIL,EQ,INE114A01011,STEEL AUTHORITY OF INDIA,159.4,159.7,155.25,156.68,158.75,-1.3,15614066,2446411746.52
2026-02-23,SAILIFE,EQ,INE570L01029,SAI LIFE SCIENCES LIMITED,955.0,970.0,953.45,968.1,941.4,2.84,466918,452023304.4
2026-02-23,SAKAR,EQ,INE732S01012,SAKAR HEALTHCARE LIMITED,530.0,569.95,505.0,509.75,519.2,-1.82,386953,197249291.75
2026-02-23,SAKHTISUG,EQ,INE623A01011,SAKTHI SUGARS LTD,16.8,17.15,16.3,16.43,16.68,-1.5,65682,1079155.28
2026-02-23,SAKSOFT,EQ,INE667G01023,SAKSOFT LIMITED,156.52,157.9,149.32,150.67,155.28,-2.97,254407,38331502.22
2026-02-23,SAKUMA,EQ,INE190H01024,SAKUMA EXPORTS LIMITED,1.92,1.96,1.92,1.93,1.9,1.58,1122154,2165757.16
2026-02-23,SALASAR,EQ,INE170V01027,SALASAR TECHNO ENGG. LTD.,8.26,8.26,8.0,8.05,8.08,-0.37,2296181,18484257.49
2026-02-23,SALONA,EQ,INE498E01010,SALONA COTSPIN LTD.,246.0,250.98,246.0,250.0,246.38,1.47,29,7250.0
2026-02-23,SALSTEEL,EQ,INE658G01014,S.A.L. STEEL LTD.,46.68,46.68,45.1,46.68,45.77,1.99,35276,1646683.69
2026-02-23,SALZERELEC,EQ,INE457F01013,SALZER ELECTRONICS LTD,670.2,674.7,645.8,651.35,659.75,-1.27,40867,26618719.45
2026-02-23,SAMBHAAV,EQ,INE699B01027,SAMBHAAV MEDIA LTD,7.94,8.0,7.7,7.73,8.1,-4.57,46714,361099.22
2026-02-23,SAMBHV,EQ,INE12NJ01018,SAMBHV STEEL TUBES LTD,104.68,106.99,100.41,102.1,103.85,-1.69,1442610,147290478.8
2026-02-23,SAMHI,EQ,INE08U801020,SAMHI HOTELS LIMITED,165.25,166.78,163.25,164.97,165.24,-0.16,522613,86215467.25
2026-02-23,SAMMAANCAP,EQ,INE148I01020,SAMMAAN CAPITAL LIMITED,154.11,155.05,152.1,154.63,154.04,0.38,7858186,1215111339.55
2026-02-23,SAMPANN,EQ,INE735M01018,SAMPANN UTPADAN INDIA LTD,32.49,32.49,30.51,30.77,31.47,-2.22,24224,745372.49
2026-02-23,SANATHAN,EQ,INE0JPD01013,SANATHAN TEXTILES LIMITED,415.25,426.15,408.0,411.85,421.15,-2.21,21354,8794645.03
2026-02-23,SANDESH,EQ,INE583B01015,SANDESH LTD,999.8,1009.0,999.8,1005.2,999.8,0.54,495,497574.01
2026-02-23,SANDHAR,EQ,INE278H01035,SANDHAR TECHNOLOGIES LTD,479.0,490.8,473.0,486.05,473.7,2.61,98109,47685878.25
2026-02-23,SANDUMA,EQ,INE149K01016,SANDUR MANG & IRON ORES L,203.19,204.6,195.91,197.33,201.71,-2.17,1121567,221318818.16
2026-02-23,SANGAMIND,EQ,INE495C01010,SANGAM (INDIA) LTD,467.0,482.0,467.0,472.6,467.05,1.19,38711,18294818.84
2026-02-23,SANGHVIMOV,EQ,INE989A01032,SANGHVI MOVERS LTD,269.75,272.55,260.3,268.95,267.1,0.69,174029,46805101.67
2026-02-23,SANOFI,EQ,INE058A01010,SANOFI INDIA LIMITED,4063.3,4111.8,4028.1,4097.6,4026.1,1.78,14658,60062622.23
2026-02-23,SANOFICONR,EQ,INE0UOS01011,SANOFI CONS HEALTHC IND L,4130.7,4164.0,4041.2,4076.0,4044.6,0.78,4875,19870500.0
2026-02-23,SANSERA,EQ,INE953O01021,SANSERA ENGINEERING LTD,2299.0,2387.4,2244.4,2330.5,2285.4,1.97,364227,848831023.5
2026-02-23,SANSTAR,EQ,INE08NE01025,SANSTAR LIMITED,87.87,88.95,87.12,88.29,87.87,0.48,78355,6917963.02
2026-02-23,SAPPHIRE,EQ,INE806T01020,SAPPHIRE FOODS INDIA LTD,218.03,221.67,215.86,219.51,217.16,1.08,188656,41411877.52
2026-02-23,SARDAEN,EQ,INE385C01021,SARDA ENERGY & MIN LTD,512.0,522.55,507.35,511.6,512.0,-0.08,376596,192666515.9
2026-02-23,SAREGAMA,EQ,INE979A01025,SAREGAMA INDIA LIMITED,343.0,344.85,339.75,341.7,343.0,-0.38,229803,78523687.91
2026-02-23,SARLAPOLY,EQ,INE453D01025,SARLA PERF. FIBERS LTD,85.12,86.45,82.5,82.87,85.12,-2.64,95942,7950713.8
2026-02-23,SARVESHWAR,EQ,INE324X01026,SARVESHWAR FOODS LIMITED,3.98,4.0,3.91,3.95,3.98,-0.75,2975449,11753023.69
2026-02-23,SASKEN,EQ,INE231F01020,SASKEN TECHNOLOGIES LTD,1223.1,1236.0,1190.4,1195.2,1229.3,-2.77,8358,9989481.19
2026-02-23,SATIA,EQ,INE170E01023,SATIA INDUSTRIES LIMITED,66.4,67.05,64.8,65.07,66.33,-1.9,85585,5569015.92
2026-02-23,SATIN,EQ,INE836B01017,SATIN CREDIT NET LTD,153.2,155.0,151.15,154.23,154.9,-0.43,117459,18115701.07
2026-02-23,SAURASHCEM,EQ,INE626A01014,SAURASHTRA CEMENT LIMITED,67.0,67.42,66.12,66.65,66.76,-0.16,66414,4426493.2
2026-02-23,SBC,EQ,INE04AK01028,SBC EXPORTS LIMITED,32.49,32.49,31.88,32.14,31.98,0.5,12592788,404732198.63
2026-02-23,SBCL,EQ,INE386D01027,SHIVALIK BIMETAL CON. LTD,499.9,512.75,496.0,502.75,497.9,0.97,133287,67010039.25
2026-02-23,SBFC,EQ,INE423Y01016,SBFC FINANCE LIMITED,95.84,97.49,95.32,97.13,96.03,1.15,1193342,115909305.18
2026-02-23,SBGLP,EQ,INE05ST01028,SURATWWALA BUS GROUP LTD,30.12,30.86,29.5,30.01,29.98,0.1,12106,363301.06
2026-02-23,SBICARD,EQ,INE018E01016,SBI CARDS & PAY SER LTD,792.0,792.3,779.6,784.25,785.6,-0.17,625260,490360155.0
2026-02-23,SBIETFCON,EQ,INF200KA1X17,SBIAMC - SBIETFCON,117.59,124.0,117.59,121.21,120.61,0.5,27360,3316305.57
2026-02-23,SBIETFIT,EQ,INF200KA1S14,SBIAMC - SBIETFIT,355.22,362.54,346.34,348.28,353.2,-1.39,31594,11003558.28
2026-02-23,SBIETFPB,EQ,INF200KA1S22,SBIAMC - SBIETFPB,294.1,301.09,294.1,296.25,294.1,0.73,4124,1221735.0
2026-02-23,SBIETFQLTY,EQ,INF200KA1WX6,SBIAMC - SBIETFQLTY,227.7,227.98,220.0,220.48,222.68,-0.99,3581,789538.86
2026-02-23,SBILIFE,EQ,INE123W01016,SBI LIFE INSURANCE CO LTD,2089.7,2132.0,2072.2,2109.6,2080.0,1.42,998892,2107262660.75
2026-02-23,SBIN,EQ,INE062A01020,STATE BANK OF INDIA,1222.0,1231.1,1217.1,1227.8,1216.1,0.96,9733835,11951203088.28
2026-02-23,SBINEQWETF,EQ,INF200KB1282,SBIAMC - SBINEQWETF,33.51,34.56,33.51,33.92,33.79,0.38,51654,1752103.59
2026-02-23,SBISILVER,EQ,INF200KB1217,SBIAMC - SBISILVER,254.99,266.99,252.26,256.08,242.03,5.81,6232042,1595901231.68
2026-02-23,SCHAEFFLER,EQ,INE513A01022,SCHAEFFLER INDIA LIMITED,3901.9,4005.0,3901.9,3950.2,3888.9,1.58,116886,461723071.49
2026-02-23,SCHAND,EQ,INE807K01035,S CHAND AND COMPANY LTD,159.0,160.89,157.0,158.23,159.18,-0.6,21393,3385014.3
2026-02-23,SCHNEIDER,EQ,INE839M01018,SCHNEIDER ELECTRIC INFRA,936.3,948.8,879.0,914.45,922.65,-0.89,940176,859743954.68
2026-02-23,SCI,EQ,INE109A01011,SHIPPING CORP OF INDIA LT,258.05,267.88,256.4,259.27,254.96,1.69,6100115,1581576749.03
2026-02-23,SCILAL,EQ,INE0PB301013,SHIPPING CORP OF ILA LTD,45.24,45.74,45.0,45.24,45.24,0.0,287894,13024325.04
2026-02-23,SCODATUBES,EQ,INE090501011,SCODA TUBES LIMITED,138.82,141.73,135.11,136.04,138.82,-2.0,79679,10839530.63
2026-02-23,SDBL,EQ,INE480C01038,SOM DIST & BREW LTD,83.0,83.84,82.01,82.3,82.34,-0.05,430665,35443730.81
2026-02-23,SEAMECLTD,EQ,INE497B01018,SEAMEC LIMITED,1339.3,1352.9,1251.0,1278.8,1339.3,-4.52,77380,98953547.78
2026-02-23,SECMARK,EQ,INE0BTM01013,SECMARK CONSULTANCY LTD,110.0,114.92,105.5,106.23,114.93,-7.57,696,73936.08
2026-02-23,SECURKLOUD,EQ,INE650K01021,SECUREKLOUD TECH LIMITED,22.95,22.95,22.05,22.31,22.38,-0.31,15918,355130.57
2026-02-23,SEJALLTD,EQ,INE955I01044,SEJAL GLASS LIMITED,607.05,637.95,607.05,619.35,628.25,-1.42,4008,2482354.7
2026-02-23,SELECTIPO,EQ,INF769K01ON4,MIRAEAMC - SELECTIPO,43.28,43.28,43.28,43.28,43.19,0.21,0,0.0
2026-02-23,SEMAC,EQ,INE617A01013,SEMAC CONSTRUCTION LTD,265.02,265.02,250.0,254.49,268.23,-5.12,952,242274.49
2026-02-23,SENCO,EQ,INE602W01027,SENCO GOLD LIMITED,328.0,330.9,320.55,329.65,325.85,1.17,614693,202633543.7
2026-02-23,SENORES,EQ,INE0RB801010,SENORES PHARMACEUTICALS L,807.1,818.95,790.2,793.8,810.3,-2.04,118974,94441559.75
2026-02-23,SENSEXADD,EQ,INF740KA1SZ6,DSPAMC - DSPSENXETF,85.25,85.58,84.87,85.28,84.67,0.72,4714,402009.91
2026-02-23,SENSEXAXIS,EQ,INF846K010Q0,AXISAMC-SENSEXAXIS,87.33,87.36,85.25,85.86,85.62,0.28,1363,117027.18
2026-02-23,SENSEXBETA,EQ,INF789FB1X58,UTIAMC-SENSEXBETA,915.61,920.0,913.77,917.43,910.48,0.76,2442,2240364.04
2026-02-23,SENSEXETF,EQ,INF769K01KT9,MIRAEAMC - SENSEXETF,85.38,85.55,85.01,85.31,84.95,0.42,10807,921945.14
2026-02-23,SENSEXIETF,EQ,INF346A01034,ICICI PRUD SENSEX ETF,947.3,953.57,940.0,951.77,947.26,0.48,9517,9057995.28
2026-02-23,SEPC,EQ,INE964H01014,SEPC LIMITED,8.11,8.44,8.07,8.34,8.06,3.47,28246672,235577248.79
2026-02-23,SERVOTECH,EQ,INE782X01033,SERVOTECH REN POW SYS LTD,78.5,78.91,75.5,76.64,76.32,0.42,590418,45249635.16
2026-02-23,SESHAPAPER,EQ,INE630A01024,SESHASAYEE PAPER & BOARDS,277.48,285.0,272.85,276.1,276.14,-0.01,14401,3976116.19
2026-02-23,SETF10GILT,EQ,INF200KA1JT1,SBIAMC - SETF10GILT,259.65,259.85,258.53,259.65,259.85,-0.08,4945,1283969.22
2026-02-23,SETFGOLD,EQ,INF200KA16D8,SBI-ETF GOLD,134.58,135.0,132.63,133.98,131.53,1.86,4895949,655959226.1
2026-02-23,SETFNIF50,EQ,INF200KA1FS1,SBI-ETF NIFTY 50,275.64,275.64,272.85,274.57,273.04,0.56,744033,204289146.26
2026-02-23,SETFNIFBK,EQ,INF200KA1580,SBI-ETF NIFTY BANK,626.1,629.24,625.37,627.64,626.1,0.25,14286,8966465.25
2026-02-23,SETFNN50,EQ,INF200KA1598,SBI-ETF NIFTY NEXT 50,734.3,747.0,734.3,742.24,740.73,0.2,14752,10949524.34
2026-02-23,SETL,EQ,INE0M4D01010,STANDARD ENGNG TCNLGY LTD,127.31,129.37,124.74,126.19,127.04,-0.67,149030,18806096.06
2026-02-23,SFL,EQ,INE916U01025,SHEELA FOAM LIMITED,565.0,576.8,557.05,568.85,562.95,1.05,87224,49617370.27
2026-02-23,SGFIN,EQ,INE618R01015,SG FINSERVE LIMITED,414.9,415.7,392.0,393.4,411.05,-4.29,140546,55290795.54
2026-02-23,SGIL,EQ,INE00QT01015,SYNERGY GREEN IND. LTD,502.5,518.5,502.5,515.2,510.0,1.02,8287,4269462.5
2026-02-23,SGL,EQ,INE353H01010,STL GLOBAL LIMITED,12.05,13.2,12.05,12.75,12.07,5.63,16124,205581.0
2026-02-23,SGMART,EQ,INE385F01024,SG MART LIMITED,442.0,442.25,428.4,432.9,441.0,-1.84,93779,40596928.53
2026-02-23,SHADOWFAX,EQ,INE12UN01015,SHADOWFAX TECHNOLOGIES L,115.09,118.16,113.16,117.13,116.85,0.24,1353269,158508394.25
2026-02-23,SHAH,EQ,INE482J01021,SHAH METACORP LIMITED,4.81,4.95,4.72,4.86,4.75,2.32,934540,4541864.52
2026-02-23,SHAILY,EQ,INE151G01028,SHAILY ENG PLASTICS LTD,2051.9,2075.0,1985.6,2010.6,2021.9,-0.56,226432,455264173.67
2026-02-23,SHAKTIPUMP,EQ,INE908D01010,SHAKTI PUMPS (I) LTD,565.0,567.0,552.35,556.7,560.0,-0.59,495791,276006855.75
2026-02-23,SHALBY,EQ,INE597J01018,SHALBY LIMITED,156.56,158.64,152.5,153.5,156.26,-1.77,155725,23903787.5
2026-02-23,SHANKARA,EQ,INE274V01019,SHANKARA BLDG PRODUCT LTD,105.64,108.57,101.31,101.84,105.27,-3.26,91578,9326303.18
2026-02-23,SHANTI,EQ,INE933X01016,SHANTI OVERSEAS INDIA LTD,7.19,7.19,6.81,6.89,6.91,-0.29,58847,405455.82
2026-02-23,SHANTIGEAR,EQ,INE631A01022,SHANTHI GEARS LTD,450.55,453.95,450.0,450.95,450.1,0.19,5587,2519457.72
2026-02-23,SHANTIGOLD,EQ,INE06ZD01017,SHANTI GOLD INTERNATION L,214.89,220.19,210.64,218.28,211.67,3.12,453736,99041493.53
2026-02-23,SHARDACROP,EQ,INE221J01015,SHARDA CROPCHEM LTD.,1204.1,1211.8,1166.2,1174.7,1202.9,-2.34,129968,152673403.25
2026-02-23,SHARDAMOTR,EQ,INE597I01028,SHARDA MOTOR INDS LTD,961.5,976.9,957.0,972.85,954.7,1.9,29959,29145612.42
2026-02-23,SHAREINDIA,EQ,INE932X01026,SHARE IND. SECURITIES LTD,141.4,142.43,135.55,136.28,141.22,-3.5,311975,42515952.62
2026-02-23,SHARIABEES,EQ,INF732E01128,NIP IND ETF SHARIAH BEES,490.01,491.48,481.0,483.36,485.16,-0.37,8151,3939867.24
2026-02-23,SHILCTECH,EQ,INE024F01011,SHILCHAR TECHNOLOGIES LTD,3923.5,4092.0,3821.6,3840.0,3895.1,-1.41,32362,124270080.0
2026-02-23,SHILPAMED,EQ,INE790G01031,SHILPA MEDICARE LTD,324.85,329.05,317.3,326.75,324.8,0.6,210018,68623381.5
2026-02-23,SHIVALIK,EQ,INE788J01021,SHIVALIK RASAYAN LIMITED,303.35,304.6,290.0,291.35,300.8,-3.14,43667,12722380.72
2026-02-23,SHIVAMAUTO,EQ,INE637H01024,SHIVAM AUTO.LTD,21.33,21.33,20.15,20.24,21.22,-4.62,34256,693341.43
2026-02-23,SHIVAMILLS,EQ,INE644Y01017,SHIVA MILLS LIMITED,58.79,58.79,55.0,55.52,55.96,-0.79,4312,239402.24
2026-02-23,SHIVATEX,EQ,INE705C01020,SHIVA TEXYARN LIMITED,169.77,169.77,158.5,159.0,164.87,-3.56,7339,1166901.0
2026-02-23,SHIVAUM,EQ,INE719F01016,SHIV AUM STEELS LIMITED,275.0,293.8,275.0,293.8,293.8,0.0,29,8520.2
2026-02-23,SHK,EQ,INE500L01026,S H KELKAR AND CO. LTD.,159.0,159.99,155.0,155.32,157.54,-1.41,220932,34315159.86
2026-02-23,SHOPERSTOP,EQ,INE498B01024,SHOPPERS STOP LIMITED,336.1,349.25,330.35,333.5,336.15,-0.79,72778,24271463.0
2026-02-23,SHRADHA,EQ,INE715Y01031,SHRADHA REALTY LIMITED,42.89,42.89,37.75,39.7,40.09,-0.97,11662,462981.41
2026-02-23,SHREDIGCEM,EQ,INE232A01011,SHREE DIGVIJAY CEM CO LTD,72.0,73.37,70.06,72.23,71.67,0.78,148023,10691701.79
2026-02-23,SHREECEM,EQ,INE070A01015,SHREE CEMENT LIMITED,26520.0,27045.0,26365.0,26550.0,26510.0,0.15,24261,644129550.0
2026-02-23,SHREEJISPG,EQ,INE1B6101010,SHREEJI SHIPPING GLOBAL L,410.0,411.3,402.5,404.35,406.35,-0.49,420893,170188087.12
2026-02-23,SHREEPUSHK,EQ,INE712K01011,SHRE PUSH CHEM & FERT LTD,335.9,337.5,313.9,318.25,333.95,-4.7,256095,81502233.75
2026-02-23,SHREERAMA,EQ,INE879A01019,SHREE RAMA MULTI TECH LTD,56.65,58.34,56.36,56.58,57.0,-0.74,93950,5315691.17
2026-02-23,SHREYANIND,EQ,INE231C01019,SHREYANS INDUSTRIES LTD,150.0,153.39,148.41,149.37,152.38,-1.98,3236,483361.3
2026-02-23,SHRINGARMS,EQ,INE1B3L01017,SHRINGAR HOU OF MANGALS L,247.1,256.0,243.5,251.93,245.92,2.44,1817900,457983533.69
2026-02-23,SHRIPISTON,EQ,INE526E01018,SPR AUTO TECHNOLOGIES LTD,2979.0,3117.5,2952.1,3075.2,2934.8,4.78,152444,468795781.36
2026-02-23,SHRIRAMFIN,EQ,INE721A01047,SHRIRAM FINANCE LIMITED,1072.8,1077.5,1056.9,1064.7,1059.3,0.51,2423932,2580760282.04
2026-02-23,SHRIRAMPPS,EQ,INE217L01019,SHRIRAM PROPERTIES LTD,84.08,84.12,81.1,81.65,83.75,-2.51,150838,12315922.93
2026-02-23,SHYAMMETL,EQ,INE810G01011,SHYAM METALICS AND ENGY L,858.0,858.0,837.4,841.9,850.1,-0.96,104899,88314470.66
2026-02-23,SHYAMTEL,EQ,INE635A01023,SHYAM TELECOM LIMITED,10.6,10.75,10.02,10.68,10.58,0.95,4599,49117.32
2026-02-23,SIEMENS,EQ,INE003A01024,SIEMENS LTD,3210.1,3317.0,3201.0,3302.2,3206.2,2.99,756804,2499118131.85
2026-02-23,SIGACHI,EQ,INE0D0K01022,SIGACHI INDUSTRIES LTD,22.19,22.5,20.96,21.16,22.03,-3.95,4937516,104477837.81
2026-02-23,SIGMA,EQ,INE0A0S01028,SIGMA SOLVE LIMITED,40.94,41.79,39.55,39.8,40.94,-2.78,65394,2602681.15
2026-02-23,SIGNATURE,EQ,INE903U01023,SIGNATUREGLOBAL INDIA LTD,1016.05,1024.8,960.5,985.25,1008.0,-2.26,426271,419983502.75
2026-02-23,SIGNPOST,EQ,INE0KGZ01021,SIGNPOST INDIA LIMITED,249.0,249.0,241.1,242.65,242.91,-0.11,13611,3302709.07
2026-02-23,SIL,EQ,INE173A01025,STANDARD INDUSTRIES LTD.,17.25,17.25,15.42,16.12,16.57,-2.72,53479,862081.52
2026-02-23,SILGO,EQ,INE01II01013,SILGO RETAIL LIMITED,81.0,81.0,71.0,72.6,73.78,-1.6,141847,10298091.98
2026-02-23,SILINV,EQ,INE923A01015,SIL INVESTMENTS LIMITED,467.95,467.95,430.4,440.95,442.45,-0.34,1508,664952.62
2026-02-23,SILVER,EQ,INF209KB19F6,BIRLASLAMC - SILVER,257.0,267.48,257.0,260.78,246.33,5.87,6192315,1614831898.14
2026-02-23,SILVER1,EQ,INF174KA1ZD3,KOTAKMAMC - KOTAKSILVE,252.35,258.0,250.0,253.55,240.04,5.63,2138980,542338385.53
2026-02-23,SILVERADD,EQ,INF740KA1ZQ0,DSPAMC - DSPSILVETF,25.27,25.75,24.88,25.27,23.85,5.94,7733180,195417462.14
2026-02-23,SILVERAG,EQ,INF769K01KG6,MIRAEAMC - MASILVER,264.99,264.99,251.0,254.37,240.65,5.7,612360,155766010.21
2026-02-23,SILVERAXIS,EQ,INF846K011K1,AXISAMC-SILVERAXIS,260.03,269.68,255.39,259.23,245.16,5.74,1109914,287723018.41
2026-02-23,SILVERBEES,EQ,INF204KC1402,NIPPONAMC - NETFSILVER,258.0,258.01,246.7,250.17,236.62,5.73,113604978,28420557138.24
2026-02-23,SILVERBETA,EQ,INF789F1AYK6,UTIAMC-SILVERBETA,249.97,258.28,249.05,252.91,238.85,5.89,2214836,560154180.87
2026-02-23,SILVERBND,EQ,INF194KB1KI9,BANDHANAMC - SILVERBND,257.03,267.63,257.03,262.23,246.76,6.27,132931,34858497.59
2026-02-23,SILVERCASE,EQ,INF0R8F01091,ZERODHAAMC - SILVERCASE,26.36,27.0,26.14,26.51,25.07,5.74,33290888,882541448.5
2026-02-23,SILVERIETF,EQ,INF109KC1Y56,ICICIPRAMC - ICICISILVE,256.65,268.94,256.65,260.87,246.83,5.69,14211691,3707403761.78
2026-02-23,SILVERTUC,EQ,INE625X01026,SILVER TOUCH TECHNO LTD,141.56,146.2,140.02,145.13,139.25,4.22,652410,94684266.49
2026-02-23,SIMPLEXINF,EQ,INE059B01024,SIMPLEX INFRASTRUCTURES L,207.12,210.37,196.5,202.32,207.84,-2.66,39607,8013288.53
2026-02-23,SINCLAIR,EQ,INE985A01022,SINCLAIRS HOTELS LIMITED,73.95,74.9,73.08,73.73,73.95,-0.3,22251,1640566.3
2026-02-23,SINDHUTRAD,EQ,INE325D01025,SINDHU TRADE LINKS LTD,25.44,26.44,25.2,25.95,25.41,2.13,1738335,45109794.58
2026-02-23,SINTERCOM,EQ,INE129Z01016,SINTERCOM INDIA LIMITED,88.8,88.8,80.0,81.35,84.0,-3.15,17395,1415083.22
2026-02-23,SIRCA,EQ,INE792Z01011,SIRCA PAINT INDIA LIMITED,468.0,474.0,465.1,467.9,458.85,1.97,438808,205318260.52
2026-02-23,SIS,EQ,INE285J01028,SIS LIMITED,295.2,301.35,295.2,299.75,296.8,0.99,80460,24117885.0
2026-02-23,SIYSIL,EQ,INE076B01028,SIYARAM SILK MILLS LTD,556.75,564.75,543.0,548.2,551.7,-0.63,35772,19610210.84
2026-02-23,SJS,EQ,INE284S01014,SJS ENTERPRISES LIMITED,1901.4,1901.4,1815.0,1827.0,1836.4,-0.51,143630,262412010.0
2026-02-23,SJVN,EQ,INE002L01015,SJVN LTD,75.4,75.49,73.5,73.93,75.3,-1.82,2710062,200354884.49
2026-02-23,SKFINDIA,EQ,INE640A01023,SKF INDIA LTD,1718.7,1878.0,1701.2,1795.1,1707.5,5.13,587138,1053971409.47
2026-02-23,SKFINDUS,EQ,INE2J8701016,SKF IND (INDUSTRIAL) LTD,2490.0,2526.0,2426.4,2516.8,2486.1,1.23,32676,82238958.4
2026-02-23,SKIPPER,EQ,INE439E01022,SKIPPER LIMITED,381.85,390.1,375.4,376.85,380.6,-0.99,168577,63528243.48
2026-02-23,SKMEGGPROD,EQ,INE411D01023,SKM EGG PROD EXPORT(I) LT,177.0,179.96,176.1,176.82,176.77,0.03,77163,13643962.23
2026-02-23,SKYGOLD,EQ,INE01IU01018,SKY GOLD AND DIAMONDS LTD,367.85,377.95,361.75,369.65,361.25,2.33,678226,250706236.76
2026-02-23,SMALLADD,EQ,INF740KA1WX3,DSPAMC - SMALLADD,16.07,16.42,15.94,16.07,15.99,0.5,78049,1254247.41
2026-02-23,SMALLCAP,EQ,INF769K01LC3,MIRAEAMC - SMALLCAP,42.52,42.64,42.14,42.35,42.13,0.52,1282119,54297737.69
2026-02-23,SMARTWORKS,EQ,INE0NAZ01010,SMARTWORKS COWORKING SP L,437.0,442.7,427.1,432.8,437.5,-1.07,60174,26043306.47
2026-02-23,SMCGLOBAL,EQ,INE103C01036,SMC GLOBAL SECURITIES LTD,81.99,82.38,79.51,80.15,81.14,-1.22,505247,40495547.82
2026-02-23,SML100CASE,EQ,INF0R8F01141,ZERODHAAMC - SML100CASE,9.65,9.65,9.65,9.65,9.62,0.29,0,0.0
2026-02-23,SMLMAH,EQ,INE294B01019,SML MAHINDRA LIMITED,4876.7,5088.8,4632.9,4858.9,4876.7,-0.37,227551,1105647531.68
2026-02-23,SMLT,EQ,INE017W01010,SARTHAK METALS LIMITED,72.94,72.95,71.05,72.12,71.35,1.08,8816,635809.94
2026-02-23,SMSPHARMA,EQ,INE812G01025,SMS PHARMACEUTICALS LTD.,383.4,383.4,368.8,375.3,372.45,0.77,300661,112838069.63
2026-02-23,SNOWMAN,EQ,INE734N01019,SNOWMAN LOGISTICS LTD.,40.5,40.8,39.79,40.11,39.97,0.35,203015,8142931.77
2026-02-23,SNXT50BETA,EQ,INF789F1AUU3,UTIAMC-SNXT50BETA,93.47,93.65,91.35,91.86,92.19,-0.36,4383,402622.38
2026-02-23,SOBHA,EQ,INE671H01015,SOBHA LIMITED,1515.9,1538.3,1507.2,1513.1,1514.0,-0.06,58077,87876307.28
2026-02-23,SOFTTECH,EQ,INE728Z01015,SOFTTECH ENGINEERS LTD,304.75,304.75,297.0,297.0,305.35,-2.73,3,891.0
2026-02-23,SOLARA,EQ,INE624Z01016,SOLARA ACTIVE PHA SCI LTD,471.5,476.6,466.9,472.3,471.5,0.17,44922,21216660.05
2026-02-23,SOLARINDS,EQ,INE343H01029,SOLAR INDUSTRIES (I) LTD,13450.0,13630.0,13136.0,13370.0,13296.0,0.56,134440,1797462800.0
2026-02-23,SOLARWORLD,EQ,INE0TY101024,SOLARWORLD ENERGY SOL LTD,204.55,209.7,203.22,204.58,204.6,-0.01,63937,13080231.58
2026-02-23,SOLEX,EQ,INE880Y01017,SOLEX ENERGY LIMITED,980.15,998.95,961.1,967.65,972.35,-0.48,14108,13651606.54
2026-02-23,SOMANYCERA,EQ,INE355A01028,SOMANY CERAMICS LIMITED,409.9,411.0,405.3,407.2,405.4,0.44,14976,6098227.38
2026-02-23,SOMATEX,EQ,INE314C01013,SOMA TEXTILES & INDUST LT,120.1,120.1,120.1,120.1,122.55,-2.0,3669,440646.89
2026-02-23,SOMICONVEY,EQ,INE323J01019,SOMI CONVEYOR BELT. LTD.,112.9,112.9,105.61,107.31,108.7,-1.28,9590,1029102.88
2026-02-23,SONACOMS,EQ,INE073K01018,SONA BLW PRECISION FRGS L,535.5,542.6,533.45,536.05,532.1,0.74,1142219,612286481.01
2026-02-23,SONATSOFTW,EQ,INE269A01021,SONATA SOFTWARE LTD,285.6,291.8,280.05,281.65,285.65,-1.4,616926,173757204.13
2026-02-23,SOTL,EQ,INE035D01020,SAVITA OIL TECHNOLO. LTD,362.25,381.5,362.15,374.25,362.45,3.26,41088,15377184.0
2026-02-23,SOUTHBANK,EQ,INE683A01023,THE SOUTH INDIAN BANK LTD,40.25,40.62,40.0,40.52,40.19,0.82,13335767,540365284.94
2026-02-23,SOUTHWEST,EQ,INE980Y01015,SOUTH WEST PINNACLE LTD,187.5,194.3,182.0,193.13,186.47,3.57,71131,13737530.38
2026-02-23,SPAL,EQ,INE212I01016,S. P. APPARELS LIMITED,750.0,765.0,735.2,751.2,733.8,2.37,89271,67060376.29
2026-02-23,SPANDANA,EQ,INE572J01011,SPANDANA SPHOORTY FIN LTD,260.0,260.0,249.25,250.8,255.35,-1.78,145980,36611784.45
2026-02-23,SPARC,EQ,INE232I01014,SUN PHARMA ADV.RES.CO.LTD,129.21,130.2,127.26,128.06,129.21,-0.89,251998,32270863.26
2026-02-23,SPCENET,EQ,INE970N01027,SPACENET ENTERS IND LTD,5.4,5.4,5.23,5.24,5.18,1.16,728494,3817308.39
2026-02-23,SPENCERS,EQ,INE020801028,SPENCER S RETAIL LIMITED,35.0,35.0,34.0,34.13,34.47,-0.99,45785,1562642.1
2026-02-23,SPIC,EQ,INE147A01011,SPIC LTD,70.61,71.04,69.39,69.84,70.61,-1.09,328887,22969466.88
2026-02-23,SPLIL,EQ,INE978G01016,SPL INDUSTRIES LIMITED,29.02,30.73,29.02,29.98,29.44,1.83,1245,37325.1
2026-02-23,SPLPETRO,EQ,INE663A01033,SUPREME PETROCHEM LIMITED,662.9,668.6,645.1,649.05,661.9,-1.94,24674,16014659.4
2026-02-23,SPMLINFRA,EQ,INE937A01023,SPML INFRA LIMITED,180.0,180.49,172.1,173.29,178.65,-3.0,131405,22771171.57
2026-02-23,SPORTKING,EQ,INE885H01029,SPORTKING INDIA LIMITED,119.5,121.0,115.75,115.98,118.3,-1.96,137150,15906657.46
2026-02-23,SRD,EQ,INE01NE01012,SHANKAR LAL RAMPAL LTD,52.91,53.68,51.99,52.2,52.91,-1.34,17831,930778.21
2026-02-23,SRF,EQ,INE647A01010,SRF LTD,2718.9,2718.9,2622.5,2646.1,2689.1,-1.6,464410,1228875346.35
2026-02-23,SRGHFL,EQ,INE559N01010,SRG HOUSING FINANCE L,260.3,270.9,260.2,263.8,265.6,-0.68,236,62256.8
2026-02-23,SRHHYPOLTD,EQ,INE917H01012,SREE RAYALSEEMA HHP LTD.,486.1,505.5,474.0,475.85,481.75,-1.22,10588,5038299.86
2026-02-23,SRM,EQ,INE0R6Z01013,SRM CONTRACTORS LIMITED,435.6,440.75,415.7,421.5,432.0,-2.43,79481,33501241.5
2026-02-23,SSDL,EQ,INE0PQ101010,SARASWATI SAREE DEPOT LTD,64.2,66.65,64.0,64.15,64.8,-1.0,14161,908428.17
2026-02-23,SSWL,EQ,INE802C01033,STEEL STRIPS WHEELS LTD.,218.9,221.88,215.2,217.71,220.96,-1.47,103727,22582405.87
2026-02-23,STANLEY,EQ,INE01A001028,STANLEY LIFESTYLES LTD,173.98,178.43,172.32,173.83,173.63,0.12,127007,22077627.04
2026-02-23,STAR,EQ,INE939A01011,STRIDES PHARMA SCI LTD,878.0,887.8,867.85,874.75,869.65,0.59,112821,98690169.75
2026-02-23,STARCEMENT,EQ,INE460H01021,STAR CEMENT LIMITED,218.89,221.2,216.29,219.74,213.48,2.93,709260,155852796.3
2026-02-23,STARHEALTH,EQ,INE575P01011,STAR HEALTH & AL INS CO L,454.1,461.3,453.6,459.5,453.35,1.36,134451,61780234.5
2026-02-23,STARPAPER,EQ,INE733A01018,STAR PAPER MILLS LTD,144.78,144.79,142.31,143.23,144.3,-0.74,6086,871697.75
2026-02-23,STARTECK,EQ,INE992I01013,STARTECK FINANCE LIMITED,276.05,276.05,269.2,271.1,270.3,0.3,19078,5172045.92
2026-02-23,STCINDIA,EQ,INE655A01013,THE STATE TRADING CORPN,119.26,119.74,117.2,117.98,117.88,0.08,31052,3663515.06
2026-02-23,STEELCAS,EQ,INE124E01038,STEELCAST LIMITED,240.05,241.28,232.5,239.5,236.06,1.46,56828,13610306.0
2026-02-23,STEELCITY,EQ,INE395H01011,STEEL CITY SECURITIES LTD,85.8,88.79,85.8,88.07,87.44,0.72,2509,220967.63
2026-02-23,STEELXIND,EQ,INE503B01021,STEEL EXCHANGE INDIA LTD,7.79,7.82,7.69,7.71,7.71,0.0,867376,6687468.99
2026-02-23,STEL,EQ,INE577L01016,STEL HOLDINGS LIMITED,472.7,485.95,472.65,478.8,485.85,-1.45,1447,692823.58
2026-02-23,STLNETWORK,EQ,INE1VXE01018,STL NETWORKS LIMITED,21.25,21.47,20.75,20.88,20.96,-0.38,1130107,23596633.21
2026-02-23,STOVEKRAFT,EQ,INE00IN01015,STOVE KRAFT LIMITED,509.8,509.8,492.7,494.7,502.85,-1.62,82736,40929500.21
2026-02-23,STUDDS,EQ,INE00Q601028,STUDDS ACCESSORIES LTD,517.7,522.4,515.15,520.4,517.7,0.52,18390,9570156.45
2026-02-23,STYL,EQ,INE04VU01023,SESHAASAI TECHNOLOGIES L,246.0,248.11,236.21,238.19,247.28,-3.68,275921,65721623.66
2026-02-23,STYLAMIND,EQ,INE239C01020,STYLAM INDUSTRIES LIMITED,2220.0,2231.7,2205.0,2213.6,2219.4,-0.26,64226,142170679.87
2026-02-23,STYLEBAAZA,EQ,INE01FR01028,BAAZAR STYLE RETAIL LTD,341.15,345.4,330.1,335.7,332.1,1.08,632643,212378262.82
2026-02-23,STYRENIX,EQ,INE189B01011,STYRENIX PERFORMANCE LTD,1956.1,1965.2,1920.8,1940.3,1949.0,-0.45,8959,17383148.14
2026-02-23,SUBEXLTD,EQ,INE754A01055,SUBEX LTD,9.93,10.14,9.74,9.88,9.87,0.1,1561081,15423480.46
2026-02-23,SUBROS,EQ,INE287B01021,SUBROS LIMITED,815.0,820.1,801.85,805.75,804.65,0.14,34337,27667037.75
2026-02-23,SUDARCOLOR,EQ,INE492A01029,SUDARSHAN COLORNT IND LTD,369.95,369.95,351.1,353.95,359.5,-1.54,5520,1953804.07
2026-02-23,SUDARSCHEM,EQ,INE659A01023,SUDARSHAN CHEMICAL INDS L,914.35,914.4,891.95,901.25,901.85,-0.07,28255,25464818.75
2026-02-23,SUDEEPPHRM,EQ,INE0QPI01025,SUDEEP PHARMA LIMITED,665.0,665.6,625.0,631.6,664.85,-5.0,79985,50518524.05
2026-02-23,SUKHJITS,EQ,INE450E01029,SUKHJIT STARCH & CHEM LTD,174.5,178.8,169.55,177.68,170.79,4.03,25130,4465098.22
2026-02-23,SULA,EQ,INE142Q01026,SULA VINEYARDS LIMITED,179.17,179.77,174.9,175.31,179.16,-2.15,271867,47661003.11
2026-02-23,SUMEETINDS,EQ,INE235C01036,SUMEET IND LIMITED,23.42,23.76,22.0,23.12,23.42,-1.28,71123,1644363.82
2026-02-23,SUMICHEM,EQ,INE258G01013,SUMITOMO CHEM INDIA LTD,406.15,415.0,406.15,412.4,406.85,1.36,149388,61607610.29
2026-02-23,SUMIT,EQ,INE748Z01013,SUMIT WOODS LIMITED,47.9,48.73,42.71,43.66,46.64,-6.39,254970,11131990.16
2026-02-23,SUMMITSEC,EQ,INE519C01017,SUMMIT SECURITIES LTD,1752.0,1765.9,1725.0,1730.6,1757.5,-1.53,1837,3179112.16
2026-02-23,SUNCLAY,EQ,INE0Q3R01026,SUNDARAM CLAYTON LIMITED,1357.8,1372.6,1353.7,1360.4,1354.4,0.44,4422,6015688.91
2026-02-23,SUNDARAM,EQ,INE108E01023,SUNDARAM MULTI PAP LTD,1.61,1.65,1.59,1.59,1.61,-1.24,411935,654976.66
2026-02-23,SUNDARMFIN,EQ,INE660A01013,SUNDARAM FINANCE LTD,5170.0,5390.0,5152.5,5354.5,5178.0,3.41,57441,307567834.5
2026-02-23,SUNDRMFAST,EQ,INE387A01021,SUNDRAM FASTENERS LTD,916.75,939.0,916.7,927.75,914.65,1.43,59477,55179786.75
2026-02-23,SUNDROP,EQ,INE209A01019,SUNDROP BRANDS LIMITED,670.0,674.0,650.05,657.0,666.35,-1.4,11450,7522650.0
2026-02-23,SUNFLAG,EQ,INE947A01014,SUNFLAG IRON AND STEEL CO,245.23,246.99,240.1,241.57,245.23,-1.49,102954,24870598.53
2026-02-23,SUNPHARMA,EQ,INE044A01036,SUN PHARMACEUTICAL IND L,1732.9,1735.8,1720.2,1732.3,1724.4,0.46,1550400,2685757995.7
2026-02-23,SUNTECK,EQ,INE805D01034,SUNTECK REALTY LIMITED,409.9,416.8,402.15,410.45,408.9,0.38,135868,55767022.26
2026-02-23,SUNTV,EQ,INE424H01027,SUN TV NETWORK LIMITED,585.0,592.25,580.0,586.6,584.65,0.33,105569,61926772.82
2026-02-23,SUPERHOUSE,EQ,INE712B01010,SUPERHOUSE LIMITED,168.5,168.5,159.02,160.69,162.88,-1.34,2427,389994.64
2026-02-23,SUPRAJIT,EQ,INE399C01030,SUPRAJIT ENGINEERING LTD,414.95,420.45,411.65,417.9,413.75,1.0,102087,42662156.68
2026-02-23,SUPREME,EQ,INE822E01011,SUPREME HOLDIN N HOSP I L,58.12,58.85,57.85,58.04,57.91,0.22,4431,257175.24
2026-02-23,SUPREMEIND,EQ,INE195A01028,SUPREME INDUSTRIES LTD,3918.3,3955.0,3910.0,3940.6,3918.3,0.57,186576,735221403.82
2026-02-23,SUPREMEINF,EQ,INE550H01011,SUPREME INFRA. LTD.,82.08,82.08,79.5,79.97,82.08,-2.57,60439,4833306.9
2026-02-23,SUPRIYA,EQ,INE07RO01027,SUPRIYA LIFESCIENCE LTD,677.0,683.7,667.5,669.35,677.95,-1.27,83947,56189922.4
2026-02-23,SURAJEST,EQ,INE843S01025,SURAJ ESTATE DEVELOPERS L,218.0,222.34,213.25,214.45,217.88,-1.57,177496,38064016.66
2026-02-23,SURAJLTD,EQ,INE713C01016,SURAJ LIMITED,231.1,231.1,223.02,223.04,228.0,-2.18,21,4683.84
2026-02-23,SURAKSHA,EQ,INE877V01027,SURAKSHA DIAGNOSTIC LTD,280.0,286.25,279.3,285.05,281.2,1.37,24927,7105441.05
2026-02-23,SURANASOL,EQ,INE272L01022,SURANA SOLAR LIMITED,24.0,24.0,23.0,23.17,22.95,0.96,28056,650057.52
2026-02-23,SURANAT&P,EQ,INE130B01031,SURANA TELECOM AND POW LT,18.75,19.03,18.27,18.44,18.73,-1.55,38016,701015.06
2026-02-23,SURYALAXMI,EQ,INE713B01026,SURYALAKSHMI COT MIL LTD,59.89,62.9,59.0,62.25,59.09,5.35,14997,933563.25
2026-02-23,SURYAROSNI,EQ,INE335A01020,SURYA ROSHNI LTD,223.9,225.2,222.5,224.22,222.3,0.86,702286,157466567.78
2026-02-23,SURYODAY,EQ,INE428Q01011,SURYODAY SMALL FIN BK LTD,122.1,123.65,118.0,118.79,122.1,-2.71,471448,56003308.35
2026-02-23,SUVEN,EQ,INE495B01038,SUVEN LIFE SCIENCES LTD,151.98,154.5,149.5,150.95,151.08,-0.09,109974,16600574.96
2026-02-23,SUVIDHAA,EQ,INE018401013,SUVIDHAA INFOSERVE LTD,2.96,3.05,2.95,2.98,2.99,-0.33,50852,151538.96
2026-02-23,SUYOG,EQ,INE442P01014,SUYOG TELEMATICS LIMITED,665.0,668.3,641.45,652.55,648.1,0.69,19267,12572680.61
2026-02-23,SUZLON,EQ,INE040H01021,SUZLON ENERGY LIMITED,44.56,44.96,43.83,44.25,44.46,-0.47,49442100,2187812925.0
2026-02-23,SVLL,EQ,INE00CE01017,SHREE VASU LOGISTICS LTD,536.0,567.7,536.0,546.55,531.0,2.93,3436,1877945.76
2026-02-23,SVPGLOB,EQ,INE308E01029,SVP GLOBAL TEXTILES LTD,3.05,3.05,3.04,3.05,3.1,-1.61,26633,81230.65
2026-02-23,SWANCORP,EQ,INE665A01038,SWAN CORP LIMITED,406.95,410.45,369.9,379.0,405.75,-6.59,2598325,984765175.0
2026-02-23,SWARAJENG,EQ,INE277A01016,SWARAJ ENGINES LTD,3643.9,3644.0,3545.1,3563.0,3555.1,0.22,6442,22952846.0
2026-02-23,SWELECTES,EQ,INE409B01013,SWELECT ENERGY SYS LTD,541.1,547.9,532.15,535.85,548.45,-2.3,7311,3917599.17
2026-02-23,SWIGGY,EQ,INE00H001014,SWIGGY LIMITED,324.0,324.9,317.9,321.1,323.8,-0.83,5744369,1844516920.96
2026-02-23,SWSOLAR,EQ,INE00M201021,STRLNG & WIL REN ENE LTD,207.0,213.99,207.0,211.43,205.84,2.72,1505404,318287556.69
2026-02-23,SYMPHONY,EQ,INE225D01027,SYMPHONY LIMITED,838.8,850.0,834.0,846.8,829.25,2.12,133746,113256111.17
2026-02-23,SYNCOMF,EQ,INE312C01025,SYNCOM FORMU (I) LTD,13.24,13.6,13.03,13.31,13.12,1.45,1118971,14893504.48
2026-02-23,SYNGENE,EQ,INE398R01022,SYNGENE INTERNATIONAL LTD,445.6,448.65,436.6,446.95,442.7,0.96,1085448,485140996.85
2026-02-23,SYRMA,EQ,INE0DYJ01015,SYRMA SGS TECHNOLOGY LTD,836.4,867.0,825.0,841.8,832.4,1.13,1065327,896792255.6
2026-02-23,TAINWALCHM,EQ,INE123C01018,TAINWALA CHEMICAL AND PLA,189.9,194.7,184.0,189.42,186.42,1.61,8602,1629390.82
2026-02-23,TAJGVK,EQ,INE586B01026,TAJ GVK HOTELS & RESORTS,350.1,352.7,333.65,341.0,350.1,-2.6,180936,61699176.0
2026-02-23,TAKE,EQ,INE142I01023,TAKE LIMITED,47.69,47.69,45.5,46.73,47.22,-1.04,861961,40279437.14
2026-02-23,TALBROAUTO,EQ,INE187D01029,TALBROS AUTO. COMP. LTD,274.7,278.15,269.1,276.55,273.05,1.28,72173,19959442.27
2026-02-23,TANLA,EQ,INE483C01032,TANLA PLATFORMS LIMITED,455.0,475.0,455.0,462.4,454.05,1.84,460235,212812661.19
2026-02-23,TARACHAND,EQ,INE555Z01020,TARA CHAND INFRA SOLN LTD,64.05,66.33,63.02,63.61,64.85,-1.91,66509,4230637.53
2026-02-23,TARAPUR,EQ,INE747K01017,TARAPUR TRANSFORMERS LTD,27.22,27.99,26.61,26.68,27.35,-2.45,11143,297295.24
2026-02-23,TARC,EQ,INE0EK901012,TARC LIMITED,158.9,159.0,152.01,153.68,156.94,-2.08,532134,81778349.22
2026-02-23,TARIL,EQ,INE763I01026,TRANS & RECTI. LTD,318.51,318.86,302.0,304.41,313.86,-3.01,5400075,1643836850.53
2026-02-23,TARMAT,EQ,INE924H01018,TARMAT LIMITED,55.05,55.9,52.1,52.94,54.78,-3.36,29330,1552730.16
2026-02-23,TARSONS,EQ,INE144Z01023,TARSONS PRODUCTS LIMITED,195.5,197.7,191.4,191.66,195.5,-1.96,91004,17441826.97
2026-02-23,TASTYBITE,EQ,INE488B01017,TASTY BITE EATABLES LTD,7595.5,7689.0,7422.0,7456.0,7595.5,-1.84,1618,12063808.0
2026-02-23,TATACAP,EQ,INE976I01016,TATA CAPITAL LIMITED,345.0,346.9,338.05,339.05,345.0,-1.72,836437,283593954.64
2026-02-23,TATACHEM,EQ,INE092A01019,TATA CHEMICALS LTD,716.1,716.7,700.7,714.45,716.1,-0.23,405624,289798071.75
2026-02-23,TATACOMM,EQ,INE151A01013,TATA COMMUNICATIONS LTD,1686.7,1694.0,1656.6,1681.6,1686.7,-0.3,187804,315811201.81
2026-02-23,TATACONSUM,EQ,INE192A01025,TATA CONSUMER PRODUCT LTD,1156.2,1179.5,1155.2,1171.8,1156.2,1.35,623773,730937231.86
2026-02-23,TATAELXSI,EQ,INE670A01012,TATA ELXSI LIMITED,4845.5,4873.0,4679.0,4714.0,4859.0,-2.98,327068,1541798552.0
2026-02-23,TATAGOLD,EQ,INF277KA1976,TATAAML-TATAGOLD,15.15,15.9,15.15,15.22,14.94,1.87,121504566,1849299526.97
2026-02-23,TATAINVEST,EQ,INE672A01026,TATA INVESTMENT CORP LTD,719.8,719.8,681.1,688.2,707.1,-2.67,1891091,1301448849.28
2026-02-23,TATAPOWER,EQ,INE245A01021,TATA POWER CO LTD,379.0,381.55,376.8,379.25,378.0,0.33,3229333,1224724540.25
2026-02-23,TATASTEEL,EQ,INE081A01020,TATA STEEL LIMITED,210.0,210.1,205.5,208.14,208.36,-0.11,23377191,4865728520.47
2026-02-23,TATATECH,EQ,INE142M01025,TATA TECHNOLOGIES LIMITED,610.0,610.25,598.0,600.55,607.7,-1.18,593417,356376572.11
2026-02-23,TATSILV,EQ,INF277KA1984,TATAAML-TATSILV,25.11,26.0,25.01,25.39,23.98,5.88,271188500,6885475849.48
2026-02-23,TATVA,EQ,INE0GK401011,TATVA CHIN PHARM CHEM LTD,1208.8,1243.0,1190.1,1222.6,1194.4,2.36,53004,64802689.11
2026-02-23,TBOTEK,EQ,INE673O01025,TBO TEK LIMITED,1372.0,1372.0,1312.8,1338.2,1358.4,-1.49,130160,174180105.64
2026-02-23,TBZ,EQ,INE760L01018,TRIB BHIMJI ZAVERI LTD,156.0,156.0,151.5,153.22,154.04,-0.53,170002,26047706.65
2026-02-23,TCI,EQ,INE688A01022,TRANSPORT CORPN OF INDIA,1034.5,1047.8,1022.0,1044.4,1034.5,0.96,5711,5964568.54
2026-02-23,TCIEXP,EQ,INE586V01016,TCI EXPRESS LIMITED,560.0,572.35,552.85,554.2,567.2,-2.29,10298,5707151.73
2026-02-23,TCIFINANCE,EQ,INE911B01018,TCI FINANCE LTD,16.0,16.55,15.2,15.22,15.85,-3.97,88598,1348461.58
2026-02-23,TCPLPACK,EQ,INE822C01015,TCPL PACKAGING LIMITED,2825.9,2878.4,2723.0,2763.9,2825.9,-2.19,3189,8814076.79
2026-02-23,TCS,EQ,INE467B01029,TATA CONSULTANCY SERV LT,2686.0,2704.0,2660.2,2676.3,2686.2,-0.37,4699596,12577529004.27
2026-02-23,TDPOWERSYS,EQ,INE419M01035,TD POWER SYSTEMS LTD.,442.8,466.5,441.5,451.9,441.27,2.41,5023030,2269907226.34
2026-02-23,TEAMGTY,EQ,INE289C01025,TEAM INDIA GUARANTY LTD,251.0,270.2,250.2,254.65,251.1,1.41,1359,346069.34
2026-02-23,TEAMLEASE,EQ,INE985S01024,TEAMLEASE SERVICES LTD.,1320.0,1320.0,1291.7,1300.9,1309.4,-0.65,32036,41675633.18
2026-02-23,TECH,EQ,INF209KB11D8,BIRLASLAMC - TECH,34.71,35.95,34.04,34.17,34.68,-1.47,70843,2420705.18
2026-02-23,TECHM,EQ,INE669C01036,TECH MAHINDRA LIMITED,1459.5,1470.0,1430.0,1440.9,1456.9,-1.1,2660793,3833936698.66
2026-02-23,TECHNOE,EQ,INE285K01026,TECHNO ELEC & ENG CO. LTD,1158.4,1174.75,1144.55,1160.15,1144.4,1.38,239594,277964984.95
2026-02-23,TECILCHEM,EQ,INE014B01011,TECIL CHEMICALS,14.89,14.89,12.9,13.71,13.53,1.33,14703,201578.13
2026-02-23,TEGA,EQ,INE011K01018,TEGA INDUSTRIES LIMITED,1635.8,1735.9,1635.8,1727.0,1634.4,5.67,187017,322978359.0
2026-02-23,TEJASNET,EQ,INE010J01012,TEJAS NETWORKS LIMITED,328.0,330.4,323.15,326.5,326.75,-0.08,718385,234552702.5
2026-02-23,TEMBO,EQ,INE869Y01028,TEMBO GLOBAL IND LTD,55.0,55.0,53.2,53.38,54.04,-1.22,442020,23597236.96
2026-02-23,TENNIND,EQ,INE19RI01016,TENNECO CLEAN AIR INDIA L,557.9,585.75,554.85,574.95,552.7,4.03,620564,356793279.38
2026-02-23,TERASOFT,EQ,INE482B01010,TERA SOFTWARE LIMITED,408.95,419.0,399.8,416.0,402.5,3.35,16154,6720064.0
2026-02-23,TEXINFRA,EQ,INE435C01024,TEXMACO INFRA & HOLDG LTD,94.34,94.97,93.0,94.48,94.14,0.36,55560,5249308.99
2026-02-23,TEXMOPIPES,EQ,INE141K01013,TEXMO PIPE & PRODUCTS LTD,47.92,47.92,45.92,46.53,46.93,-0.85,19700,916640.98
2026-02-23,TEXRAIL,EQ,INE621L01012,TEXMACO RAIL & ENG. LTD.,112.29,112.89,110.3,111.17,111.21,-0.04,1426850,158622911.89
2026-02-23,TFCILTD,EQ,INE305A01023,TOURISM FINANCE CORP. OF,73.13,79.98,73.13,78.35,72.96,7.39,17655014,1383270319.96
2026-02-23,TFL,EQ,INE804H01012,TRANSWARRANTY FIN. LTD.,12.39,13.5,12.39,12.62,12.84,-1.71,17750,224005.0
2026-02-23,TGBHOTELS,EQ,INE797H01018,TGB BANQUETS&HOTELS LTD,9.32,9.78,9.22,9.3,9.46,-1.69,16667,155003.1
2026-02-23,THANGAMAYL,EQ,INE085J01014,THANGAMAYIL JEWELLERY LTD,3580.7,3685.8,3562.8,3593.1,3556.6,1.03,72897,261926217.82
2026-02-23,THEINVEST,EQ,INE924D01017,THE INVEST TRUST OF IND L,99.35,100.78,95.32,98.06,97.24,0.84,15923,1561409.34
2026-02-23,THEJO,EQ,INE121N01019,THEJO ENGINEERING LIMITED,1714.0,1749.9,1680.0,1725.2,1712.0,0.77,6595,11377693.68
2026-02-23,THELEELA,EQ,INE0AQ201015,LEELA PALACES HOTEL LTD,434.0,438.6,432.05,437.25,435.45,0.41,46123,20167281.75
2026-02-23,THEMISMED,EQ,INE083B01024,THEMIS MEDICARE LTD.,90.61,91.77,88.25,89.27,90.61,-1.48,45735,4082763.3
2026-02-23,THERMAX,EQ,INE152A01029,THERMAX LTD,3152.0,3174.1,3112.6,3155.6,3151.8,0.12,153386,484024876.58
2026-02-23,THOMASCOOK,EQ,INE332A01027,THOMAS COOK (INDIA) LTD,110.5,110.59,108.66,109.32,110.88,-1.41,598282,65404188.06
2026-02-23,THOMASCOTT,EQ,INE480M01011,THOMAS SCOTT (INDIA) LTD,332.0,340.0,319.1,322.45,320.05,0.75,17187,5541948.36
2026-02-23,THYROCARE,EQ,INE594H01019,THYROCARE TECH LTD,399.0,415.8,394.0,410.4,399.45,2.74,433974,178102926.95
2026-02-23,TI,EQ,INE133E01013,TILAKNAGAR INDUSTRIES LTD,452.4,456.85,449.0,451.45,450.75,0.16,336716,152010442.31
2026-02-23,TIGERLOGS,EQ,INE906O01029,TIGER LOGISTICS (INDIA) L,32.88,33.06,31.51,31.87,32.11,-0.75,35978,1146618.89
2026-02-23,TIIL,EQ,INE545H01011,TECHNOCRAFT IND LTD,2412.5,2412.5,2301.0,2311.0,2381.7,-2.97,8036,18571196.0
2026-02-23,TIINDIA,EQ,INE974X01010,TUBE INVEST OF INDIA LTD,2585.8,2611.0,2520.2,2539.6,2585.8,-1.79,468469,1189723918.15
2026-02-23,TIMETECHNO,EQ,INE508G01029,TIME TECHNOPLAST LTD.,196.29,200.35,191.01,191.96,196.29,-2.21,1445342,277447860.02
2026-02-23,TIMKEN,EQ,INE325A01013,TIMKEN INDIA LTD.,3155.2,3230.0,3091.3,3215.5,3155.2,1.91,36044,115899482.0
2026-02-23,TINNARUBR,EQ,INE015C01016,TINNA RUBBER AND INFR LTD,755.95,776.4,728.1,742.6,750.65,-1.07,25015,18576138.39
2026-02-23,TIPSFILMS,EQ,INE0LQS01015,TIPS FILMS LIMITED,382.4,409.0,382.4,397.9,380.4,4.6,2886,1148339.38
2026-02-23,TIPSMUSIC,EQ,INE716B01029,TIPS MUSIC LIMITED,556.0,566.0,543.55,562.95,554.0,1.62,102111,57483388.7
2026-02-23,TIRUMALCHM,EQ,INE338A01024,THIRUMALAI CHEMICALS LTD,204.14,207.37,196.55,197.55,203.86,-3.1,149340,29502117.46
2026-02-23,TITAGARH,EQ,INE615H01020,TITAGARH RAIL SYSTEMS LTD,748.25,752.65,740.95,745.1,743.5,0.22,298793,222630657.01
2026-02-23,TITAN,EQ,INE280A01028,TITAN COMPANY LIMITED,4270.0,4280.0,4240.1,4272.7,4236.4,0.86,516387,2206366835.76
2026-02-23,TMB,EQ,INE668A01016,TAMILNAD MERCA BANK LTD,689.55,721.0,688.0,698.15,689.55,1.25,435525,304061789.38
2026-02-23,TMCV,EQ,INE1TAE01010,TATA MOTORS LIMITED,478.95,485.8,471.5,479.8,472.9,1.46,5399290,2590579276.09
2026-02-23,TMPV,EQ,INE155A01022,TATA MOTORS PASS VEH LTD,378.8,384.0,376.05,379.95,378.0,0.52,11701520,4445992666.84
2026-02-23,TNIDETF,EQ,INF277KA1364,TATAAML - TNIDETF,87.49,87.49,85.46,85.84,86.45,-0.71,75829,6509161.08
2026-02-23,TNPETRO,EQ,INE148A01019,TAMILNADU PETROPRODUCTS L,93.09,93.6,91.61,92.23,92.59,-0.39,90923,8385828.6
2026-02-23,TNPL,EQ,INE107A01015,TAMILNADU NEWSPRT & PAPER,138.38,138.9,135.51,136.88,138.05,-0.85,35935,4918782.98
2026-02-23,TNTELE,EQ,INE141D01018,TAMILNADU TELECOMMUNICATI,8.68,8.95,8.19,8.36,8.68,-3.69,9028,75474.08
2026-02-23,TOKYOPLAST,EQ,INE932C01012,TOKYO PLAST INTL LTD,93.69,93.69,90.01,91.98,90.17,2.01,1053,96854.94
2026-02-23,TOLINS,EQ,INE0RWQ01014,TOLINS TYRES LIMITED,121.0,121.03,118.0,118.45,119.94,-1.24,60819,7204010.36
2026-02-23,TOP100CASE,EQ,INF0R8F01067,ZERODHAAMC - TOP100CASE,11.22,11.28,10.96,10.99,10.95,0.37,1060238,11652015.38
2026-02-23,TOP10ADD,EQ,INF740KA1UR9,DSPAMC - TOP10ADD,96.68,96.94,96.31,96.52,96.22,0.31,19082,1841794.58
2026-02-23,TOP15IETF,EQ,INF109K1A344,ICICIPRAMC - TOP15IETF,10.81,10.81,10.81,10.81,10.74,0.65,0,0.0
2026-02-23,TOP20,EQ,INF769K01PZ5,MIRAEAMC - TOP20,9.48,9.52,9.46,9.48,9.44,0.42,186728,1770181.35
2026-02-23,TORNTPHARM,EQ,INE685A01028,TORRENT PHARMACEUTICALS L,4276.1,4325.0,4244.0,4307.6,4241.7,1.55,299321,1289355168.83
2026-02-23,TORNTPOWER,EQ,INE813H01021,TORRENT POWER LTD,1540.0,1552.8,1525.0,1536.4,1528.6,0.51,618797,950719725.91
2026-02-23,TOUCHWOOD,EQ,INE486Y01013,TOUCHWOOD ENTERTAIN LTD.,85.2,86.9,83.16,85.76,85.2,0.66,732,62776.32
2026-02-23,TPLPLASTEH,EQ,INE413G01022,TPL PLASTECH LIMITED,69.0,73.0,68.51,71.13,68.9,3.24,126675,9010392.4
2026-02-23,TRACXN,EQ,INE0HMF01019,TRACXN TECHNOLOGIES LTD,33.15,33.65,32.1,32.58,32.88,-0.91,163645,5331554.4
2026-02-23,TRANSRAILL,EQ,INE454P01035,TRANSRAIL LIGHTING LTD,571.2,579.85,559.55,562.95,568.4,-0.96,316879,178387036.92
2026-02-23,TRAVELFOOD,EQ,INE103V01028,TRAVEL FOOD SERVICES LTD,1221.2,1291.9,1198.8,1225.8,1221.2,0.38,121688,149165156.34
2026-02-23,TREEHOUSE,EQ,INE040M01013,TREE HOUSE EDU LTD,9.01,9.94,8.53,9.15,8.71,5.05,247042,2260434.21
2026-02-23,TREJHARA,EQ,INE00CA01015,TREJHARA SOLUTIONS LTD,206.45,212.95,194.2,196.34,203.48,-3.51,4665,915926.08
2026-02-23,TREL,EQ,INE0O3901029,TRANSINDIA REAL ESTATE L,23.53,23.97,23.5,23.5,23.53,-0.13,65042,1528487.0
2026-02-23,TRENT,EQ,INE849A01020,TRENT LTD,2723.33,2746.6,2693.33,2703.27,2727.33,-0.88,1011306,2733829733.76
2026-02-23,TRF,EQ,INE391D01019,TRF LIMITED,269.5,271.9,266.0,267.5,269.45,-0.72,4615,1234512.5
2026-02-23,TRIDENT,EQ,INE064C01022,TRIDENT LIMITED,25.97,27.48,25.82,26.57,25.53,4.07,46505202,1235643202.95
2026-02-23,TRIGYN,EQ,INE948A01012,TRIGYN TECHNOLOGIES LTD,58.0,58.27,55.0,55.26,56.21,-1.69,32107,1774232.77
2026-02-23,TRITURBINE,EQ,INE152M01016,TRIVENI TURBINE LIMITED,490.25,494.9,484.8,493.35,490.2,0.64,252964,124799790.94
2026-02-23,TRIVENI,EQ,INE256C01024,TRIVENI ENGG. & INDS. LTD,385.8,387.7,379.15,381.8,384.65,-0.74,66248,25293485.59
2026-02-23,TRU,EQ,INE615R01029,TRUCAP FINANCE LIMITED,6.75,6.98,6.63,6.79,6.75,0.59,59198,401954.42
2026-02-23,TRUALT,EQ,INE0MWH01014,TRUALT BIOENERGY LIMITED,409.0,413.75,387.0,409.2,409.4,-0.05,227604,93135559.58
2026-02-23,TSFINV,EQ,INE202Z01029,TSF INVESTMENTS LIMITED,412.0,423.7,407.0,410.65,416.05,-1.3,66469,27295494.44
2026-02-23,TTKHLTCARE,EQ,INE910C01018,TTK HEALTHCARE LIMITED,925.0,934.3,920.0,924.4,929.1,-0.51,2400,2218560.06
2026-02-23,TTKPRESTIG,EQ,INE690A01028,TTK PRESTIGE LTD,537.95,542.35,526.0,529.8,534.35,-0.85,26250,13907249.68
2026-02-23,TTL,EQ,INE592B01024,T T LIMITED,9.99,10.0,9.36,9.83,9.95,-1.21,101573,998462.58
2026-02-23,TTML,EQ,INE517B01013,TATA TELESERV(MAHARASTRA),43.0,43.39,42.31,42.71,42.91,-0.47,1241182,53010882.08
2026-02-23,TVSELECT,EQ,INE236G01019,TVS ELECTRONICS LTD,387.35,392.95,380.0,381.35,387.35,-1.55,12442,4744756.78
2026-02-23,TVSHLTD,EQ,INE105A01035,TVS HOLDINGS LIMITED,14424.0,14575.0,14300.0,14491.0,14198.0,2.06,3917,56761247.0
2026-02-23,TVSMOTOR,EQ,INE494B01023,TVS MOTOR COMPANY  LTD,3835.0,3894.8,3814.2,3829.1,3816.2,0.34,605954,2320258520.58
2026-02-23,TVSSCS,EQ,INE395N01027,TVS SUPPLY CHAIN SOL L,123.0,123.03,116.72,117.3,122.35,-4.13,1557531,182698391.05
2026-02-23,TVSSRICHAK,EQ,INE421C01016,TVS SRICHAKRA LIMITED,4183.0,4183.0,4035.0,4055.4,4096.3,-1.0,1792,7267276.62
2026-02-23,TVTODAY,EQ,INE038F01029,TV TODAY NETWORK LTD,128.1,128.43,125.0,125.07,125.59,-0.41,46627,5831638.88
2026-02-23,TWCGOLDETF,EQ,INF2F0001370,WEALTH - TWCGOLDETF,156.37,156.97,155.0,156.08,153.21,1.87,20795,3245683.64
2026-02-23,UBL,EQ,INE686F01025,UNITED BREWERIES LTD,1607.5,1636.0,1603.1,1633.4,1602.6,1.92,52406,85599961.68
2026-02-23,UCOBANK,EQ,INE691A01018,UCO BANK,29.0,29.53,28.75,28.86,28.93,-0.24,8250297,238103576.46
2026-02-23,UDS,EQ,INE851I01011,UPDATER SERVICES LIMITED,165.24,168.55,158.5,160.25,165.06,-2.91,92573,14834823.25
2026-02-23,UEL,EQ,INE899L01030,UJAAS ENERGY LIMITED,187.99,187.99,187.99,187.99,179.04,5.0,1888,354925.13
2026-02-23,UFLEX,EQ,INE516A01017,UFLEX LIMITED,460.0,466.75,456.0,458.1,456.7,0.31,37975,17396347.73
2026-02-23,UFO,EQ,INE527H01019,UFO MOVIEZ INDIA LTD.,72.9,73.18,70.5,71.96,72.74,-1.07,78130,5622234.73
2026-02-23,UGARSUGAR,EQ,INE071E01023,THE UGAR SUGAR WORKS LTD,36.35,36.36,35.85,35.92,36.01,-0.25,59435,2134905.09
2026-02-23,UGROCAP,EQ,INE583D01011,UGRO CAPITAL LIMITED,117.75,119.78,112.71,116.67,117.75,-0.92,793634,92593277.33
2026-02-23,UJJIVANSFB,EQ,INE551W01018,UJJIVAN SMALL FINANC BANK,62.99,62.99,61.17,61.79,62.53,-1.18,8330087,514716083.36
2026-02-23,ULTRACEMCO,EQ,INE481G01011,ULTRATECH CEMENT LIMITED,12830.0,12996.0,12759.0,12976.0,12766.0,1.64,134369,1743572144.0
2026-02-23,UMESLTD,EQ,INE240C01028,USHA MARTIN EDU & SOL LTD,4.66,4.66,4.3,4.42,4.32,2.31,7768,34334.56
2026-02-23,UMIYA-MRO,EQ,INE398B01018,UMIYA BUILDCON LIMITED,86.69,86.69,83.3,84.05,85.78,-2.02,16574,1393044.75
2026-02-23,UNICHEMLAB,EQ,INE351A01035,UNICHEM LABORATORIES LTD,370.0,371.5,355.1,356.75,367.05,-2.81,22802,8134613.5
2026-02-23,UNIDT,EQ,INE961D01019,UNITED DRILLING TOOLS LTD,188.0,188.0,181.14,181.59,184.65,-1.66,4413,801356.65
2026-02-23,UNIECOM,EQ,INE00U401027,UNICOMMERCE ESOLUTIONS L,114.0,116.4,111.46,112.36,112.89,-0.47,922565,103659403.96
2026-02-23,UNIENTER,EQ,INE037A01022,UNIPHOS ENTERPRISES LTD,110.4,114.0,107.1,109.12,108.39,0.67,9364,1021799.71
2026-02-23,UNIINFO,EQ,INE481Z01011,UNIINFO TELECOM SERVI LTD,13.51,14.5,13.51,13.99,13.82,1.23,3778,52854.22
2026-02-23,UNIMECH,EQ,INE0U3I01011,UNIMECH AEROSPACE N MFG L,911.9,913.0,895.0,908.1,907.35,0.08,32299,29330721.11
2026-02-23,UNIONBANK,EQ,INE692A01016,UNION BANK OF INDIA,196.0,200.25,194.63,197.78,193.98,1.96,23701488,4687680267.71
2026-02-23,UNIPARTS,EQ,INE244O01017,UNIPARTS INDIA LIMITED,478.8,484.95,474.85,483.4,474.85,1.8,34897,16869209.59
2026-02-23,UNITDSPR,EQ,INE854D01024,UNITED SPIRITS LIMITED,1380.0,1420.0,1380.0,1416.9,1379.3,2.73,785217,1112573986.47
2026-02-23,UNITECH,EQ,INE694A01020,UNITECH LTD,5.05,5.11,4.92,4.97,5.02,-1.0,4127946,20515890.75
2026-02-23,UNITEDPOLY,EQ,INE368U01029,UNITED POLYFAB GUJ. LTD.,22.82,22.99,21.78,21.86,22.82,-4.21,54111,1182866.49
2026-02-23,UNITEDTEA,EQ,INE458F01011,UNITED NILGIRI TEA LTD,550.0,589.0,495.0,500.25,522.6,-4.28,67333,33683333.25
2026-02-23,UNIVCABLES,EQ,INE279A01012,UNIVERSAL CABLES LTD,685.0,701.45,664.3,673.6,682.7,-1.33,31518,21230524.03
2026-02-23,UNOMINDA,EQ,INE405E01023,UNO MINDA LIMITED,1205.0,1207.8,1181.0,1196.0,1195.2,0.07,453041,541837036.0
2026-02-23,UPL,EQ,INE628A01036,UPL LIMITED,714.75,714.75,625.55,644.8,752.35,-14.3,22336295,14402442743.34
2026-02-23,URBANCO,EQ,INE0CAZ01013,URBAN COMPANY LIMITED,119.19,119.79,111.5,112.5,117.77,-4.47,3071841,345582112.5
2026-02-23,URJA,EQ,INE550C01020,URJA GLOBAL LIMITED,9.83,9.88,9.55,9.61,9.8,-1.94,1368400,13150323.53
2026-02-23,USHAMART,EQ,INE228A01035,USHA MARTIN LTD.,407.55,409.5,402.5,405.25,402.4,0.71,366998,148725939.5
2026-02-23,USK,EQ,INE0N0Y01013,UDAYSHIVAKUMAR INFRA LTD,29.4,29.76,27.21,29.55,28.2,4.79,287449,8494117.73
2026-02-23,UTIAMC,EQ,INE094J01016,UTI ASSET MNGMT CO LTD,1067.35,1086.0,1064.65,1081.15,1067.35,1.29,54674,59110796.43
2026-02-23,UTKARSHBNK,EQ,INE735W01017,UTKARSH SMALL FIN BANK L,14.2,14.2,13.81,13.96,13.97,-0.07,11121437,155255260.94
2026-02-23,UTLSOLAR,EQ,INE12UR01024,FUJIYAMA POWER SYSTEMS L,209.44,209.44,201.61,203.05,210.64,-3.6,187968,38166902.97
2026-02-23,UTTAMSUGAR,EQ,INE786F01031,UTTAM SUGAR MILLS LTD.,199.96,202.0,195.05,195.96,198.27,-1.17,38803,7603836.14
2026-02-23,V2RETAIL,EQ,INE945H01021,V2 RETAIL LIMITED,201.31,201.31,197.82,199.13,198.67,0.23,528970,105333798.68
2026-02-23,VADILALIND,EQ,INE694D01016,VADILAL INDUSTRIES LTD,4812.3,4984.6,4768.0,4812.9,4860.2,-0.97,17825,85789940.76
2026-02-23,VAIBHAVGBL,EQ,INE884A01027,VAIBHAV GLOBAL LIMITED,239.0,241.0,232.1,234.54,234.7,-0.07,491938,115379135.22
2026-02-23,VAISHALI,EQ,INE972X01022,VAISHALI PHARMA LIMITED,8.0,8.0,7.62,7.71,7.73,-0.26,125477,967427.67
2026-02-23,VAKRANGEE,EQ,INE051B01021,VAKRANGEE LIMITED,7.0,7.19,6.78,6.88,6.97,-1.29,2519802,17336238.05
2026-02-23,VAL30IETF,EQ,INF109KC16X5,ICICIPRAMC - VAL30IETF,16.22,16.26,16.1,16.18,16.14,0.25,511029,8268449.38
2026-02-23,VARDMNPOLY,EQ,INE835A01029,VARDHMAN POLYTEX LTD.,7.0,7.37,7.0,7.04,7.06,-0.28,1048045,7378236.76
2026-02-23,VARROC,EQ,INE665L01035,VARROC ENGINEERING LTD.,549.9,557.0,544.0,551.85,545.9,1.09,63493,35038610.5
2026-02-23,VASCONEQ,EQ,INE893I01013,VASCON ENGINEERS LTD,39.04,39.31,38.1,38.35,38.9,-1.41,347350,13320871.97
2026-02-23,VASWANI,EQ,INE590L01019,VASWANI IND LTD,63.94,64.4,60.0,60.8,60.92,-0.2,89462,5439289.53
2026-02-23,VBL,EQ,INE200M01039,VARUN BEVERAGES LIMITED,457.55,459.15,454.55,457.3,453.85,0.76,2298607,1051152953.04
2026-02-23,VEDL,EQ,INE205A01025,VEDANTA LIMITED,695.0,695.75,670.3,681.25,682.45,-0.18,10762317,7331828456.25
2026-02-23,VEEDOL,EQ,INE484C01030,VEEDOL CORPORATION LTD,1425.0,1438.1,1405.2,1411.8,1421.9,-0.71,7202,10167783.95
2026-02-23,VENKEYS,EQ,INE398A01010,VENKY S (INDIA) LIMITED,1381.4,1398.3,1371.0,1385.9,1377.6,0.6,24520,33982268.6
2026-02-23,VENTIVE,EQ,INE781S01027,VENTIVE HOSPITALITY LTD,719.4,719.4,698.45,700.4,707.55,-1.01,96099,67307741.95
2026-02-23,VENUSPIPES,EQ,INE0JA001018,VENUS PIPES & TUBES LTD,1047.9,1113.9,1032.3,1083.3,1036.1,4.56,152787,165514164.56
2026-02-23,VERANDA,EQ,INE0IQ001011,VERANDA LEARNING SOL LTD,191.67,192.4,184.5,185.35,189.96,-2.43,91391,16939322.41
2026-02-23,VERTOZ,EQ,INE188Y01031,VERTOZ LIMITED,47.0,48.95,46.42,47.13,47.87,-1.55,81513,3841707.78
2026-02-23,VESUVIUS,EQ,INE386A01023,VESUVIUS INDIA LTD,535.1,553.95,518.0,520.35,556.55,-6.5,1505661,783470664.59
2026-02-23,VGL,EQ,INE273D01027,VARVEE GLOBAL LIMITED,66.89,67.25,64.96,67.08,64.71,3.65,30868,2070625.5
2026-02-23,VGUARD,EQ,INE951I01027,V-GUARD IND LTD.,317.95,325.0,314.0,322.7,315.4,2.31,171922,55479231.5
2026-02-23,VHL,EQ,INE701A01023,VARDHMAN HOLDINGS LIMITED,3360.1,3360.2,3325.0,3327.3,3360.5,-0.99,138,459167.41
2026-02-23,VIDHIING,EQ,INE632C01026,VIDHI SPCLTY F INGRDNTS L,311.55,312.45,305.35,309.3,310.55,-0.4,8726,2698951.69
2026-02-23,VIDYAWIRES,EQ,INE14UN01029,VIDYA WIRES LIMITED,49.61,50.75,48.51,50.0,49.41,1.19,1262737,63136850.0
2026-02-23,VIJAYA,EQ,INE043W01024,VIJAYA DIAGNOSTIC CEN LTD,1025.0,1025.0,1004.9,1013.05,1008.9,0.41,51578,52251092.27
2026-02-23,VIKASECO,EQ,INE806A01020,VIKAS ECOTECH LIMITED,1.49,1.5,1.46,1.46,1.48,-1.35,2045586,2986555.64
2026-02-23,VIKASLIFE,EQ,INE161L01027,VIKAS LIFECARE LIMITED,1.6,1.61,1.58,1.58,1.6,-1.25,1963131,3101747.06
2026-02-23,VIKRAMSOLR,EQ,INE078V01014,VIKRAM SOLAR LIMITED,183.93,194.94,183.0,187.06,192.36,-2.76,11461325,2143955426.52
2026-02-23,VIKRAN,EQ,INE01R501028,VIKRAN ENGINEERING LTD,73.0,73.55,69.3,69.8,72.99,-4.37,4262366,297513159.81
2026-02-23,VIMTALABS,EQ,INE579C01029,VIMTA LABS LIMITED,474.9,483.95,459.8,464.75,469.3,-0.97,248697,115581930.75
2026-02-23,VINATIORGA,EQ,INE410B01037,VINATI ORGANICS LTD,1520.5,1524.0,1502.3,1516.4,1506.6,0.65,16413,24888673.6
2026-02-23,VINCOFE,EQ,INE498Q01014,VINTAGE COFFEE N BVRGS L,144.7,149.0,143.7,148.08,143.79,2.98,2261239,334844275.26
2026-02-23,VINDHYATEL,EQ,INE707A01012,VINDHYA TELELINKS LTD,1097.5,1108.9,1046.0,1061.6,1087.8,-2.41,25041,26583524.99
2026-02-23,VINEETLAB,EQ,INE505Y01010,VINEET LABORATORIES LTD,33.5,33.5,30.86,32.03,32.03,0.0,292252,9360831.2
2026-02-23,VINNY,EQ,INE01KI01027,VINNY OVERSEAS LIMITED,1.13,1.16,1.13,1.13,1.13,0.0,175179,197952.27
2026-02-23,VINYLINDIA,EQ,INE250B01029,VINYL CHEMICALS (I) LTD.,221.0,223.63,215.0,215.83,221.9,-2.74,5870,1266922.11
2026-02-23,VIPCLOTHNG,EQ,INE450G01024,VIP CLOTHING LIMITED,23.14,23.14,21.8,22.01,22.41,-1.78,163531,3599317.35
2026-02-23,VIPIND,EQ,INE054A01027,VIP INDUSTRIES LTD,370.0,374.2,366.5,372.2,368.0,1.14,104901,39044153.48
2026-02-23,VIRINCHI,EQ,INE539B01017,VIRINCHI LIMITED,20.5,20.89,19.36,19.66,20.07,-2.04,140775,2767636.48
2026-02-23,VISACHROME,EQ,INE286H01012,VISA CHROME LIMITED,39.49,39.49,37.53,37.84,39.5,-4.2,29186,1104398.24
2026-02-23,VISAKAIND,EQ,INE392A01021,VISAKA INDUSTRIES LIMITED,62.8,64.1,61.9,62.55,62.79,-0.38,44849,2805304.92
2026-02-23,VISHNU,EQ,INE270I01022,VISHNU CHEMICALS LIMITED,517.0,528.45,512.6,516.3,512.4,0.76,42478,21931390.88
2026-02-23,VISHWARAJ,EQ,INE430N01022,VISHWARAJ SUGAR IND LTD,5.58,5.69,5.57,5.67,5.62,0.89,177893,1008653.32
2026-02-23,VITAL,EQ,INE0L4K01016,VITAL CHEMTECH LIMITED,51.6,52.3,51.6,52.3,51.35,1.85,10800,564839.99
2026-02-23,VIVIANA,EQ,INE0MEG01014,VIVIANA POWER TECH LTD,768.0,773.95,735.0,738.05,758.35,-2.68,5600,4133079.93
2026-02-23,VIVIDHA,EQ,INE370E01029,VISAGAR POLYTEX LTD,0.62,0.62,0.57,0.58,0.59,-1.69,274277,159080.66
2026-02-23,VIYASH,EQ,INE807F01027,VIYASH SCIENTIFIC LIMITED,217.04,220.94,213.01,219.16,216.76,1.11,445058,97538912.91
2026-02-23,VLEGOV,EQ,INE03HW01020,VL E GOV AND IT SOL LTD,19.4,19.4,16.11,16.67,17.17,-2.91,3258154,54313427.43
2026-02-23,VLSFINANCE,EQ,INE709A01018,VLS FINANCE LTD,261.1,261.15,255.0,257.65,261.1,-1.32,15681,4040209.55
2026-02-23,VMART,EQ,INE665J01013,VMART RETAIL LTD,580.55,582.8,569.95,573.9,573.9,0.0,90498,51936804.41
2026-02-23,VMM,EQ,INE01EA01019,VISHAL MEGA MART LIMITED,117.8,120.65,116.51,120.32,116.9,2.93,5859775,705048126.21
2026-02-23,VMSTMT,EQ,INE0SJA01013,VMS TMT LIMITED,48.34,48.67,47.0,47.3,48.33,-2.13,59285,2804180.45
2026-02-23,VOLTAMP,EQ,INE540H01012,VOLTAMP TRANSFORMERS LTD,8305.0,8495.0,8262.0,8291.0,8229.5,0.75,38061,315563751.0
2026-02-23,VOLTAS,EQ,INE226A01021,VOLTAS LTD,1548.1,1563.0,1529.7,1538.2,1546.9,-0.56,555656,854710032.07
2026-02-23,VPRPL,EQ,INE0AE001013,VISHNU PRAKASH R PUNGLI L,47.0,48.33,43.96,44.72,46.97,-4.79,1669833,74674933.8
2026-02-23,VRAJ,EQ,INE0S2V01010,VRAJ IRON AND STEEL LTD,129.5,132.58,126.5,128.36,129.84,-1.14,15969,2049780.85
2026-02-23,VRLLOG,EQ,INE366I01010,VRL LOGISTICS LIMITED,283.0,288.95,281.35,288.25,283.0,1.86,142980,41213985.0
2026-02-23,VSSL,EQ,INE050M01012,VARDHMAN SPC STEEL LTD,254.3,258.0,251.6,252.35,251.8,0.22,15943,4023216.15
2026-02-23,VSTIND,EQ,INE710A01016,VST INDUSTRIES LTD,238.74,241.5,237.6,239.83,238.74,0.46,134305,32210368.4
2026-02-23,VSTL,EQ,INE0QTF01015,VIBHOR STEEL TUBES LTD,117.0,119.0,115.01,117.17,116.85,0.27,16881,1977946.74
2026-02-23,VSTTILLERS,EQ,INE764D01017,VST TILLERS TRACTORS LTD,6014.5,6056.0,5894.5,5963.5,6006.0,-0.71,10417,62121779.5
2026-02-23,VTL,EQ,INE825A01020,VARDHMAN TEXTILES LIMITED,539.9,539.9,522.5,536.1,536.45,-0.07,533632,286080102.17
2026-02-23,WAAREEENER,EQ,INE377N01017,WAAREE ENERGIES LIMITED,2930.0,2940.0,2875.1,2915.8,2897.6,0.63,978283,2852477619.17
2026-02-23,WAAREEINDO,EQ,INE866K01023,INDOSOLAR LIMITED,405.6,414.8,382.5,385.1,402.4,-4.3,95960,36954196.59
2026-02-23,WAAREERTL,EQ,INE299N01021,WAAREE RENEWABLE TECH LTD,881.0,888.0,870.5,874.5,877.8,-0.38,142907,124972171.5
2026-02-23,WABAG,EQ,INE956G01038,VA TECH WABAG LTD,1277.4,1299.6,1255.1,1290.5,1272.9,1.38,198329,255943574.5
2026-02-23,WAKEFIT,EQ,INE0E7301029,WAKEFIT INNOVATIONS LTD,212.0,212.0,194.09,196.52,205.23,-4.24,453204,89063652.02
2026-02-23,WALCHANNAG,EQ,INE711A01022,WALCHANDNAGAR INDUSTRIES,172.3,175.43,171.39,174.07,172.76,0.76,383109,66687786.44
2026-02-23,WANBURY,EQ,INE107F01022,WANBURY LIMITED,272.0,284.0,268.51,271.81,269.97,0.68,101846,27682761.01
2026-02-23,WCIL,EQ,INE0CJF01024,WESTERN CARRIERS (IND) L,119.0,120.68,115.2,116.18,119.09,-2.44,116445,13528580.14
2026-02-23,WEALTH,EQ,INE658T01017,WEALTH FRST PORT. MG. LTD,956.65,975.0,950.15,951.85,954.65,-0.29,1779,1693341.11
2026-02-23,WEBELSOLAR,EQ,INE855C01023,WEBSOL ENERGY SYSTEM LTD,64.09,65.98,63.06,63.95,64.09,-0.22,3144073,201063470.75
2026-02-23,WEIZMANIND,EQ,INE080A01014,WEIZMANN LTD,83.6,86.01,83.6,84.68,86.96,-2.62,2053,173848.04
2026-02-23,WEL,EQ,INE02WG01024,WONDER ELECTRICALS LTD,140.12,144.0,139.11,141.5,140.77,0.52,23616,3341664.0
2026-02-23,WELCORP,EQ,INE191B01025,WELSPUN CORP LIMITED,794.95,794.95,777.9,783.15,783.5,-0.04,180197,141121284.95
2026-02-23,WELENT,EQ,INE625G01013,WELSPUN ENTERPRISES LTD.,499.7,503.5,487.95,490.7,498.4,-1.54,91216,44759692.31
2026-02-23,WELSPUNLIV,EQ,INE192B01031,WELSPUN LIVING LIMITED,140.0,142.9,138.15,139.34,136.78,1.87,4737761,660159600.39
2026-02-23,WENDT,EQ,INE274C01019,WENDT (INDIA) LIMITED,6871.5,6934.0,6737.0,6772.5,6832.5,-0.88,4822,32656995.0
2026-02-23,WESTLIFE,EQ,INE274F01020,WESTLIFE FOODWORLD LTD,507.75,512.5,502.6,504.6,507.75,-0.62,36073,18202436.02
2026-02-23,WEWIN,EQ,INE082W01014,WE WIN LIMITED,42.05,42.5,39.3,40.48,43.05,-5.97,1394,56429.12
2026-02-23,WEWORK,EQ,INE085001019,WEWORK INDIA MANAGEMENT L,532.0,533.6,521.35,524.8,532.05,-1.36,55973,29374629.72
2026-02-23,WHEELS,EQ,INE715A01015,WHEELS INDIA LTD,904.8,929.0,891.6,898.4,897.6,0.09,33923,30476424.03
2026-02-23,WHIRLPOOL,EQ,INE716A01013,WHIRLPOOL OF INDIA LTD,930.25,935.15,918.0,924.9,930.25,-0.58,153772,142223726.55
2026-02-23,WILLAMAGOR,EQ,INE210A01017,WILLIAMSON MAGOR,28.62,28.62,27.13,27.2,27.81,-2.19,169,4596.8
2026-02-23,WINDLAS,EQ,INE0H5O01029,WINDLAS BIOTECH LIMITED,800.0,802.0,766.0,771.45,780.4,-1.15,20492,15808553.65
2026-02-23,WINDMACHIN,EQ,INE052A01021,WINDSOR MACHINES LIMITED,244.9,245.15,238.45,242.5,242.95,-0.19,21793,5284802.5
2026-02-23,WIPL,EQ,INE215F01023,THE WESTERN INDIA PLY LTD,143.0,152.8,143.0,152.49,148.48,2.7,1309,199609.42
2026-02-23,WIPRO,EQ,INE075A01022,WIPRO LTD,210.36,211.74,204.28,205.89,209.86,-1.89,20946229,4312619076.03
2026-02-23,WOCKPHARMA,EQ,INE049B01025,WOCKHARDT LIMITED,1381.6,1390.5,1353.2,1364.9,1381.6,-1.21,261499,356919991.48
2026-02-23,WONDERLA,EQ,INE066O01014,WONDERLA HOLIDAYS LTD.,484.9,492.7,483.8,486.5,484.55,0.4,56224,27352976.0
2026-02-23,WORTHPERI,EQ,INE196Y01018,WORTH PERIPHERALS LIMITED,140.4,140.4,137.6,139.74,140.3,-0.4,752,105084.48
2026-02-23,WSI,EQ,INE100D01014,W.S.INDUSTRIES (I) LTD.,75.99,77.2,71.26,72.48,74.47,-2.67,155231,11251143.4
2026-02-23,WSTCSTPAPR,EQ,INE976A01021,WEST COAST PAPER MILLS LT,411.0,418.5,407.55,418.1,409.5,2.1,85299,35663512.42
2026-02-23,XCHANGING,EQ,INE692G01013,XCHANGING SOLUTIONS LTD,66.87,67.55,66.39,66.99,66.73,0.39,73054,4893887.3
2026-02-23,XELPMOC,EQ,INE01P501012,XELPMOC DESIGN & TECH LTD,137.09,141.5,135.61,137.31,137.09,0.16,18997,2608478.02
2026-02-23,XPROINDIA,EQ,INE445C01015,XPRO INDIA LIMITED,878.9,882.9,851.2,857.95,878.05,-2.29,31488,27015129.98
2026-02-23,XTGLOBAL,EQ,INE547B01028,XTGLOBAL INFOTECH LIMITED,28.8,29.49,28.56,28.59,28.66,-0.24,3323,95004.57
2026-02-23,YASHO,EQ,INE616Z01012,YASHO INDUSTRIES LIMITED,1480.8,1550.0,1465.6,1498.4,1491.8,0.44,16445,24641188.4
2026-02-23,YATHARTH,EQ,INE0JO301016,YATHARTH HOSP & TRA C S L,727.4,729.0,715.1,723.35,720.3,0.42,343997,248830221.55
2026-02-23,YATRA,EQ,INE0JR601024,YATRA ONLINE LIMITED,150.0,150.89,141.81,143.3,147.23,-2.67,1291126,185018359.74
2026-02-23,YESBANK,EQ,INE528G01035,YES BANK LIMITED,21.06,21.14,20.75,20.89,21.04,-0.71,51401565,1073778661.48
2026-02-23,YUKEN,EQ,INE384C01016,YUKEN INDIA LIMITED,748.1,748.1,726.25,727.75,747.6,-2.66,2672,1944548.0
2026-02-23,ZAGGLE,EQ,INE07K301024,ZAGGLE PREPA OCEAN SER L,236.8,240.45,232.55,235.55,234.55,0.43,1496570,352517068.07
2026-02-23,ZEEL,EQ,INE256A01028,ZEE ENTERTAINMENT ENT LTD,90.7,91.2,90.1,90.76,90.7,0.07,3432505,311534161.13
2026-02-23,ZEELEARN,EQ,INE565L01011,ZEE LEARN LIMITED,6.0,6.0,5.88,5.9,5.96,-1.01,282710,1667989.03
2026-02-23,ZEEMEDIA,EQ,INE966H01019,ZEE MEDIA CORPORATION LTD,9.35,9.54,9.16,9.31,9.36,-0.53,3510883,32686322.2
2026-02-23,ZENITHEXPO,EQ,INE058B01018,ZENITH EXPORTS LTD,194.13,203.0,186.05,189.81,194.12,-2.22,519,98511.39
2026-02-23,ZENITHSTL,EQ,INE318D01020,ZENITH STEEL PIP IND LTD,5.13,5.24,4.96,5.03,5.13,-1.95,108060,543541.82
2026-02-23,ZENSARTECH,EQ,INE520A01027,ZENSAR TECHNOLOGIES  LTD,565.7,572.0,556.6,570.05,560.25,1.75,392693,223854639.86
2026-02-23,ZENTEC,EQ,INE251B01027,ZEN TECHNOLOGIES LIMITED,1332.8,1333.4,1304.0,1323.7,1322.2,0.11,326937,432766490.94
2026-02-23,ZFCVINDIA,EQ,INE342J01019,ZF COM VE CTR SYS IND LTD,2578.17,2626.0,2568.0,2599.17,2541.0,2.29,57582,149665219.69
2026-02-23,ZIMLAB,EQ,INE518E01015,ZIM LABORATORIES LIMITED,71.17,72.0,68.65,70.02,70.78,-1.07,41159,2881953.04
2026-02-23,ZODIAC,EQ,INE761Y01019,ZODIAC ENERGY LIMITED,259.7,265.25,246.7,253.55,259.7,-2.37,18700,4741385.06
2026-02-23,ZODIACLOTH,EQ,INE206B01013,ZODIAC CLOTHING CO. LTD.,81.86,81.86,78.6,79.69,81.05,-1.68,7653,609867.59
2026-02-23,ZOTA,EQ,INE358U01012,ZOTA HEALTH CARE LIMITED,1322.2,1332.9,1264.8,1270.6,1322.0,-3.89,70774,89925442.67
2026-02-23,ZUARI,EQ,INE840M01016,ZUARI AGRO CHEMICALS LTD,232.6,232.7,225.0,225.75,230.75,-2.17,84528,19082196.0
2026-02-23,ZUARIIND,EQ,INE217A01012,ZUARI INDUSTRIES LIMITED,255.6,261.95,248.0,251.65,254.05,-0.94,59975,15092708.38
2026-02-23,ZYDUSLIFE,EQ,INE010B01027,ZYDUS LIFESCIENCES LTD,906.95,910.05,900.0,907.95,900.75,0.8,354284,321672162.12
2026-02-23,ZYDUSWELL,EQ,INE768C01028,ZYDUS WELLNESS LIMITED,400.05,410.95,399.4,406.65,399.25,1.85,92099,37452057.79
