date,symbol,series,isin,name,open,high,low,close,prev_close,chg_pct,volume,value
2026-05-01,3IINFOLTD,BE,INE748C01038,3I INFOTECH LIMITED,17.46,17.46,17.46,17.46,17.46,0.0,0,0.0
2026-05-01,ABAN,BE,INE421A01028,ABAN OFFSHORE LTD.,18.05,18.05,18.05,18.05,18.05,0.0,0,0.0
2026-05-01,ABINFRA,BE,INE00YB01025,A B INFRABUILD LIMITED,15.86,15.86,15.86,15.86,15.86,0.0,0,0.0
2026-05-01,ABMINTLLTD,BE,INE251C01025,ABM INTERNATIONAL LTD,43.76,43.76,43.76,43.76,43.76,0.0,0,0.0
2026-05-01,AHLWEST,BE,INE915K01010,ASIAN HOTELS (WEST) LTD,361.73,361.73,361.73,361.73,361.73,0.0,0,0.0
2026-05-01,AKSHARCHEM,BE,INE542B01011,AKSHARCHEM INDIA LIMITED,199.23,199.23,199.23,199.23,199.23,0.0,0,0.0
2026-05-01,ALPHAGEO,BE,INE137C01018,ALPHAGEO (INDIA) LIMITED,219.4,219.4,219.4,219.4,219.4,0.0,0,0.0
2026-05-01,AMANTA,BE,INE084K01015,AMANTA HEALTHCARE LIMITED,131.13,131.13,131.13,131.13,131.13,0.0,0,0.0
2026-05-01,ANMOL,BE,INE02AR01019,ANMOL INDIA LIMITED,11.84,11.84,11.84,11.84,11.84,0.0,0,0.0
2026-05-01,APTECHT,BE,INE266F01018,APTECH LIMITED,104.89,104.89,104.89,104.89,104.89,0.0,0,0.0
2026-05-01,ASMS,BE,INE855F01042,AVIO SMART MRKT STACK LTD,7.83,7.83,7.83,7.83,7.83,0.0,0,0.0
2026-05-01,BHARATGEAR,BE,INE561C01019,BHARAT GEARS LTD,107.24,107.24,107.24,107.24,107.24,0.0,0,0.0
2026-05-01,BILVYAPAR,BE,INE071A01013,BIL VYAPAR LIMITED,5.65,5.65,5.65,5.65,5.65,0.0,0,0.0
2026-05-01,BLISSGVS,BE,INE416D01022,BLISS GVS PHARMA LTD,276.76,276.76,276.76,276.76,276.76,0.0,0,0.0
2026-05-01,BURNPUR,BE,INE817H01022,BURNPUR CEMENT LIMITED,33.0,33.0,33.0,33.0,33.0,0.0,0,0.0
2026-05-01,CALSOFT,BE,INE526B01014,CALIFORNIA SOFTWARE CO LT,14.35,14.35,14.35,14.35,14.35,0.0,0,0.0
2026-05-01,DIACABS,BE,INE989C01038,DIAMOND POWER INFRA LTD,157.8,157.8,157.8,157.8,157.8,0.0,0,0.0
2026-05-01,DIGJAMLMTD,BE,INE731U01028,DIGJAM LTD,46.48,46.48,46.48,46.48,46.48,0.0,0,0.0
2026-05-01,DSFCL,BE,INE0OFM01015,DCM SHRIRAM FINE CHEM LTD,26.11,26.11,26.11,26.11,26.11,0.0,0,0.0
2026-05-01,DSKULKARNI,BE,INE891A01022,DS KULKARNI DEVELOPERS L,13.55,13.55,13.55,13.55,13.55,0.0,0,0.0
2026-05-01,E2E,BE,INE255Z01027,E2E NETWORKS LIMITED,288.39,288.39,288.39,288.39,288.39,0.0,0,0.0
2026-05-01,EASTSILK,BE,INE962C01035,EASTERN SILK INDUSTRIES L,59.1,59.1,59.1,59.1,59.1,0.0,0,0.0
2026-05-01,EMAMIPAP,BE,INE830C01026,EMAMI PAPER MILLS LIMITED,78.63,78.63,78.63,78.63,78.63,0.0,0,0.0
2026-05-01,EQUIPPP,BE,INE217G01035,EQUIPPP SOC IMP TECH LTD,17.56,17.56,17.56,17.56,17.56,0.0,0,0.0
2026-05-01,ESAFSFB,BE,INE818W01011,ESAF SMALL FINANCE BANK L,26.4,26.4,26.4,26.4,26.4,0.0,0,0.0
2026-05-01,GANESHBE,BE,INE388A01029,GANESH BENZOPLAST LIMITED,100.19,100.19,100.19,100.19,100.19,0.0,0,0.0
2026-05-01,GATECH,BE,INE224E01028,GACM TECHNOLOGIES LIMITED,0.49,0.49,0.49,0.49,0.49,0.0,0,0.0
2026-05-01,GEECEE,BE,INE916G01016,GEECEE VENTURES LIMITED,295.93,295.93,295.93,295.93,295.93,0.0,0,0.0
2026-05-01,GFSTEELS,BE,INE534A01028,GRAND FOUNDRY LTD,12.36,12.36,12.36,12.36,12.36,0.0,0,0.0
2026-05-01,GOLDTECH,BE,INE805A01014,AION-TECH SOLUTIONS LTD,39.53,39.53,39.53,39.53,39.53,0.0,0,0.0
2026-05-01,GVKPIL,BE,INE251H01024,GVK POW. & INFRA LTD.,3.33,3.33,3.33,3.33,3.33,0.0,0,0.0
2026-05-01,HEG,BE,INE545A01024,HEG LIMITED,596.05,596.05,596.05,596.05,596.05,0.0,0,0.0
2026-05-01,HFCL,BE,INE548A01028,HFCL LIMITED,116.03,116.03,116.03,116.03,116.03,0.0,0,0.0
2026-05-01,HYBRIDFIN,BE,INE965B01022,HYBRID FINANCIAL SERVICE,20.17,20.17,20.17,20.17,20.17,0.0,0,0.0
2026-05-01,KAMDHENU,BE,INE390H01020,KAMDHENU LIMITED,23.12,23.12,23.12,23.12,23.12,0.0,0,0.0
2026-05-01,KANORICHEM,BE,INE138C01024,KANORIACHEMICALS-,87.92,87.92,87.92,87.92,87.92,0.0,0,0.0
2026-05-01,KAVDEFENCE,BE,INE641C01019,KAVVERI DFS & WIR TEC LTD,63.92,63.92,63.92,63.92,63.92,0.0,0,0.0
2026-05-01,KAYA,BE,INE587G01015,KAYA LIMITED,259.95,259.95,259.95,259.95,259.95,0.0,0,0.0
2026-05-01,KCPSUGIND,BE,INE790B01024,KCPSUGARINDUS,26.77,26.77,26.77,26.77,26.77,0.0,0,0.0
2026-05-01,KESORAMIND,BE,INE087A01019,KESORAM INDUSTRIES LTD,10.06,10.06,10.06,10.06,10.06,0.0,0,0.0
2026-05-01,KHADIM,BE,INE834I01025,KHADIM INDIA LIMITED,100.75,100.75,100.75,100.75,100.75,0.0,0,0.0
2026-05-01,KOTARISUG,BE,INE419A01022,KOTHARI SUG & CHEM LTD.,27.81,27.81,27.81,27.81,27.81,0.0,0,0.0
2026-05-01,KOTYARK,BE,INE0J0B01017,KOTYARK INDUSTRIES LTD,38.83,38.83,38.83,38.83,38.83,0.0,0,0.0
2026-05-01,KRONOX,BE,INE0ATZ01017,KRONOX LAB SCIENCES LTD,140.62,140.62,140.62,140.62,140.62,0.0,0,0.0
2026-05-01,LOTUSDEV,BE,INE0V9Q01010,SRI LOTUS DEVLPRS N RTY L,143.12,143.12,143.12,143.12,143.12,0.0,0,0.0
2026-05-01,MAJESAUT,BE,INE201B01022,MAJESTIC AUTO LTD.,317.2,317.2,317.2,317.2,317.2,0.0,0,0.0
2026-05-01,MAZDA,BE,INE885E01042,MAZDA LIMITED,213.8,213.8,213.8,213.8,213.8,0.0,0,0.0
2026-05-01,MBECL,BE,INE748A01024,MCNALLY BHARAT ENGIN CO L,65.4,65.4,65.4,65.4,65.4,0.0,0,0.0
2026-05-01,MEDICAMEQ,BE,INE646B01010,MEDICAMEN BIOTECH LIMITED,254.53,254.53,254.53,254.53,254.53,0.0,0,0.0
2026-05-01,MICEL,BE,INE287C01037,MIC ELECTRONICS LTD,43.17,43.17,43.17,43.17,43.17,0.0,0,0.0
2026-05-01,MODISONLTD,BE,INE737D01021,MODISON LIMITED,165.73,165.73,165.73,165.73,165.73,0.0,0,0.0
2026-05-01,MTARTECH,BE,INE864I01014,MTAR TECHNOLOGIES LIMITED,6457.1,6457.1,6457.1,6457.1,6457.1,0.0,0,0.0
2026-05-01,MUKTAARTS,BE,INE374B01019,MUKTA ARTS LIMITED,60.62,60.62,60.62,60.62,60.62,0.0,0,0.0
2026-05-01,NECCLTD,BE,INE553C01016,NORTH EAST CARRY CORP LTD,15.56,15.56,15.56,15.56,15.56,0.0,0,0.0
2026-05-01,NEUEON,BE,INE333I01044,NEUEON CORPORATION LTD,19.5,19.5,19.5,19.5,19.5,0.0,0,0.0
2026-05-01,OMFREIGHT,BE,INE1BZC01019,OM FREIGHT FORWARDERS LTD,81.98,81.98,81.98,81.98,81.98,0.0,0,0.0
2026-05-01,ONELIFECAP,BE,INE912L01015,ONELIFE CAP ADVISORS LTD,17.8,17.8,17.8,17.8,17.8,0.0,0,0.0
2026-05-01,ONMOBILE,BE,INE809I01019,ONMOBILE GLOBAL LTD.,55.27,55.27,55.27,55.27,55.27,0.0,0,0.0
2026-05-01,ORIENTLTD,BE,INE609C01024,ORIENT PRESS LIMITED,68.05,68.05,68.05,68.05,68.05,0.0,0,0.0
2026-05-01,OSIAHYPER,BE,INE06IR01021,OSIA HYPER RETAIL LIMITED,6.21,6.21,6.21,6.21,6.21,0.0,0,0.0
2026-05-01,PARSVNATH,BE,INE561H01026,PARSVNATH DEVELOPER LTD,7.86,7.86,7.86,7.86,7.86,0.0,0,0.0
2026-05-01,PRITIKAUTO,BE,INE583R01029,PRITIKA AUTO INDUS LTD,13.36,13.36,13.36,13.36,13.36,0.0,0,0.0
2026-05-01,RAJOOENG,BE,INE535F01024,RAJOO ENGINEERS LIMITED,57.93,57.93,57.93,57.93,57.93,0.0,0,0.0
2026-05-01,RELINFRA,BE,INE036A01016,RELIANCE INFRASTRUCTU LTD,78.66,78.66,78.66,78.66,78.66,0.0,0,0.0
2026-05-01,RMDRIP,BE,INE219Y01026,R M DRIP & SPRINK SYS LTD,21.88,21.88,21.88,21.88,21.88,0.0,0,0.0
2026-05-01,RNBDENIMS,BE,INE012Q01039,R&B DENIMS LIMITED,14.43,14.43,14.43,14.43,14.43,0.0,0,0.0
2026-05-01,RPPL,BE,INE760W01023,RAJSHREE POLYPACK LTD,15.95,15.95,15.95,15.95,15.95,0.0,0,0.0
2026-05-01,RSWM,BE,INE611A01016,RSWM LIMITED,164.57,164.57,164.57,164.57,164.57,0.0,0,0.0
2026-05-01,SADHNANIQ,BE,INE888C01040,SADHANA NITROCHEM LIMITED,2.4,2.4,2.4,2.4,2.4,0.0,0,0.0
2026-05-01,SANGINITA,BE,INE753W01010,SANGINITA CHEMICALS LTD,20.23,20.23,20.23,20.23,20.23,0.0,0,0.0
2026-05-01,SHALPAINTS,BE,INE849C01026,SHALIM PAINTS LTD,51.12,51.12,51.12,51.12,51.12,0.0,0,0.0
2026-05-01,STALLION,BE,INE0RYC01010,STALLION IND FLUOROCHEM L,150.04,150.04,150.04,150.04,150.04,0.0,0,0.0
2026-05-01,STLTECH,BE,INE089C01029,STERLITE TECHNOLOGIES LTD,294.8,294.8,294.8,294.8,294.8,0.0,0,0.0
2026-05-01,SUNDRMBRAK,BE,INE073D01013,SUNDARAMBRAKE LININGS LTD,614.65,614.65,614.65,614.65,614.65,0.0,0,0.0
2026-05-01,SUTLEJTEX,BE,INE645H01027,SUTLEJ TEXT & INDUS LTD,38.5,38.5,38.5,38.5,38.5,0.0,0,0.0
2026-05-01,SYSTMTXC,BE,INE356B01024,SYSTEMATIX CORP SERVICE L,70.59,70.59,70.59,70.59,70.59,0.0,0,0.0
2026-05-01,TICL,BE,INE388G01026,TWAMEV CONS AND INFRA LTD,23.86,23.86,23.86,23.86,23.86,0.0,0,0.0
2026-05-01,TIL,BE,INE806C01018,TIL LTD,197.16,197.16,197.16,197.16,197.16,0.0,0,0.0
2026-05-01,TRANSWORLD,BE,INE757B01015,TRANSWORLD SHIP LINES LTD,164.9,164.9,164.9,164.9,164.9,0.0,0,0.0
2026-05-01,UNIVPHOTO,BE,INE03V001013,UNIVERSUS IMAGINGS LTD,490.5,490.5,490.5,490.5,490.5,0.0,0,0.0
2026-05-01,VARDHACRLC,BE,INE116G01013,VARDHAMAN ACRYLICS LTD,37.37,37.37,37.37,37.37,37.37,0.0,0,0.0
2026-05-01,VETO,BE,INE918N01018,VETO SWITCHGEAR CABLE LTD,108.37,108.37,108.37,108.37,108.37,0.0,0,0.0
2026-05-01,VIPULLTD,BE,INE946H01037,VIPUL LIMITED,9.72,9.72,9.72,9.72,9.72,0.0,0,0.0
2026-05-01,AGSTRA,BZ,INE583L01014,AGS TRANSACT TECH LTD,2.72,2.72,2.72,2.72,2.72,0.0,0,0.0
2026-05-01,DHARAN,BZ,INE278R01034,DHARAN INFRA-EPC LIMITED,0.15,0.15,0.15,0.15,0.15,0.0,0,0.0
2026-05-01,GENSOL,BZ,INE06H201014,GENSOL ENGINEERING LTD,23.15,23.15,23.15,23.15,23.15,0.0,0,0.0
2026-05-01,RAJESHEXPO,BZ,INE343B01030,RAJESH EXPORTS LTD,119.2,119.2,119.2,119.2,119.2,0.0,0,0.0
2026-05-01,RHFL,BZ,INE217K01011,RELIANCE HOME FINANCE LTD,2.01,2.01,2.01,2.01,2.01,0.0,0,0.0
2026-05-01,SANWARIA,BZ,INE890C01046,SANWARIA CONSUMER LIMITED,0.2,0.2,0.2,0.2,0.2,0.0,0,0.0
2026-05-01,SETUINFRA,BZ,INE023M01027,SETUBANDHAN INFRA LTD,0.65,0.65,0.65,0.65,0.65,0.0,0,0.0
2026-05-01,SIMBHALS,BZ,INE748T01016,SIMBHAOLI SUGARS LTD.,10.27,10.27,10.27,10.27,10.27,0.0,0,0.0
2026-05-01,360ONE,EQ,INE466L01038,360 ONE WAM LIMITED,1034.65,1034.65,1034.65,1034.65,1034.65,0.0,0,0.0
2026-05-01,3PLAND,EQ,INE105C01023,3P LAND HOLDINGS LIMITED,35.02,35.02,35.02,35.02,35.02,0.0,0,0.0
2026-05-01,63MOONS,EQ,INE111B01023,63 MOONS TECHNOLOGIES LTD,746.65,746.65,746.65,746.65,746.65,0.0,0,0.0
2026-05-01,AADHARHFC,EQ,INE883F01010,AADHAR HOUSING FINANCE L,488.6,488.6,488.6,488.6,488.6,0.0,0,0.0
2026-05-01,AARTIDRUGS,EQ,INE767A01016,AARTI DRUGS LTD.,376.3,376.3,376.3,376.3,376.3,0.0,0,0.0
2026-05-01,AARTIIND,EQ,INE769A01020,AARTI INDUSTRIES LTD,507.5,507.5,507.5,507.5,507.5,0.0,0,0.0
2026-05-01,AARTIPHARM,EQ,INE0LRU01027,AARTI PHARMALABS LIMITED,740.25,740.25,740.25,740.25,740.25,0.0,0,0.0
2026-05-01,AAVAS,EQ,INE216P01012,AAVAS FINANCIERS LIMITED,1380.7,1380.7,1380.7,1380.7,1380.7,0.0,0,0.0
2026-05-01,ABB,EQ,INE117A01022,ABB INDIA LIMITED,7230.0,7230.0,7230.0,7230.0,7230.0,0.0,0,0.0
2026-05-01,ABBOTINDIA,EQ,INE358A01014,ABBOTT INDIA LIMITED,25435.0,25435.0,25435.0,25435.0,25435.0,0.0,0,0.0
2026-05-01,ABCAPITAL,EQ,INE674K01013,ADITYA BIRLA CAPITAL LTD.,345.5,345.5,345.5,345.5,345.5,0.0,0,0.0
2026-05-01,ABCOTS,EQ,INE08PH01015,A B COTSPIN INDIA LIMITED,223.6,223.6,223.6,223.6,223.6,0.0,0,0.0
2026-05-01,ABFRL,EQ,INE647O01011,ADITYA BIRLA FASHION & RT,64.2,64.2,64.2,64.2,64.2,0.0,0,0.0
2026-05-01,ABGSEC,EQ,INF209KC1134,BIRLASLAMC - ABGSEC,112.0,112.0,112.0,112.0,112.0,0.0,0,0.0
2026-05-01,ABLBL,EQ,INE14LE01019,ADITYA BIRLA LIFES BRAN L,102.78,102.78,102.78,102.78,102.78,0.0,0,0.0
2026-05-01,ABREL,EQ,INE055A01016,ADITYA BIRLA REAL EST LTD,1486.2,1486.2,1486.2,1486.2,1486.2,0.0,0,0.0
2026-05-01,ABSLAMC,EQ,INE404A01024,ADIT BIRL SUN LIF AMC LTD,1015.2,1015.2,1015.2,1015.2,1015.2,0.0,0,0.0
2026-05-01,ABSLBANETF,EQ,INF209KB17D5,BIRLASLAMC - ABSLBANETF,56.15,56.15,56.15,56.15,56.15,0.0,0,0.0
2026-05-01,ABSLLIQUID,EQ,INF209KB18T9,BIRLASLAMC - ABSLLIQUID,1000.01,1000.01,1000.01,1000.01,1000.01,0.0,0,0.0
2026-05-01,ABSLNN50ET,EQ,INF209KB16D7,BIRLASLAMC - ABSLNN50ET,73.43,73.43,73.43,73.43,73.43,0.0,0,0.0
2026-05-01,ABSLPSE,EQ,INF209KB19Z4,BIRLASLAMC-ABSLPSE,11.01,11.01,11.01,11.01,11.01,0.0,0,0.0
2026-05-01,ACC,EQ,INE012A01025,ACC LIMITED,1422.1,1422.1,1422.1,1422.1,1422.1,0.0,0,0.0
2026-05-01,ACCELYA,EQ,INE793A01012,ACCELYA SOLN INDIA LTD,1158.6,1158.6,1158.6,1158.6,1158.6,0.0,0,0.0
2026-05-01,ACE,EQ,INE731H01025,ACTION CONST EQUIP LTD,887.65,887.65,887.65,887.65,887.65,0.0,0,0.0
2026-05-01,ACI,EQ,INE128X01021,ARCHEAN CHEMICAL IND LTD,607.3,607.3,607.3,607.3,607.3,0.0,0,0.0
2026-05-01,ACMESOLAR,EQ,INE622W01025,ACME SOLAR HOLDINGS LTD,302.85,302.85,302.85,302.85,302.85,0.0,0,0.0
2026-05-01,ACUTAAS,EQ,INE00FF01025,ACUTAAS CHEMICALS LIMITED,2594.1,2594.1,2594.1,2594.1,2594.1,0.0,0,0.0
2026-05-01,ADANIENSOL,EQ,INE931S01010,ADANI ENERGY SOLUTION LTD,1342.25,1342.25,1342.25,1342.25,1342.25,0.0,0,0.0
2026-05-01,ADANIENT,EQ,INE423A01024,ADANI ENTERPRISES LIMITED,2408.4,2408.4,2408.4,2408.4,2408.4,0.0,0,0.0
2026-05-01,ADANIGREEN,EQ,INE364U01010,ADANI GREEN ENERGY LTD,1227.15,1227.15,1227.15,1227.15,1227.15,0.0,0,0.0
2026-05-01,ADANIPORTS,EQ,INE742F01042,ADANI PORT & SEZ LTD,1657.3,1657.3,1657.3,1657.3,1657.3,0.0,0,0.0
2026-05-01,ADANIPOWER,EQ,INE814H01029,ADANI POWER LTD,221.85,221.85,221.85,221.85,221.85,0.0,0,0.0
2026-05-01,ADFFOODS,EQ,INE982B01027,ADF FOODS LIMITED,264.14,264.14,264.14,264.14,264.14,0.0,0,0.0
2026-05-01,ADOR,EQ,INE045A01017,ADOR WELDING LTD,1078.85,1078.85,1078.85,1078.85,1078.85,0.0,0,0.0
2026-05-01,ADSL,EQ,INE102I01027,ALLIED DIGITAL SERV. LTD,114.59,114.59,114.59,114.59,114.59,0.0,0,0.0
2026-05-01,ADVAIT,EQ,INE0ALI01010,ADVAIT ENRGY TRANSITION L,2020.5,2020.5,2020.5,2020.5,2020.5,0.0,0,0.0
2026-05-01,ADVANIHOTR,EQ,INE199C01026,ADVANI HOT.& RES.(I) LTD,54.25,54.25,54.25,54.25,54.25,0.0,0,0.0
2026-05-01,ADVENTHTL,EQ,INE28GN01010,ADVENT HOTELS INTERNATI L,153.36,153.36,153.36,153.36,153.36,0.0,0,0.0
2026-05-01,ADVENZYMES,EQ,INE837H01020,ADVANCED ENZYME TECH LTD,347.7,347.7,347.7,347.7,347.7,0.0,0,0.0
2026-05-01,AEGISLOG,EQ,INE208C01025,AEGIS LOGISTICS LIMITED,700.95,700.95,700.95,700.95,700.95,0.0,0,0.0
2026-05-01,AEGISVOPAK,EQ,INE0INX01018,AEGIS VOPAK TERMINALS LTD,189.62,189.62,189.62,189.62,189.62,0.0,0,0.0
2026-05-01,AEQUS,EQ,INE947N01017,AEQUS LIMITED,187.85,187.85,187.85,187.85,187.85,0.0,0,0.0
2026-05-01,AEROENTER,EQ,INE065D01027,AEROFLEX ENTERPRISES LTD,93.34,93.34,93.34,93.34,93.34,0.0,0,0.0
2026-05-01,AEROFLEX,EQ,INE024001021,AEROFLEX INDUSTRIES LTD,304.67,304.67,304.67,304.67,304.67,0.0,0,0.0
2026-05-01,AERONEU,EQ,INE035801013,AEROFLEX NEU LIMITED,89.02,89.02,89.02,89.02,89.02,0.0,0,0.0
2026-05-01,AEROPLANE,EQ,INE05TO01019,AMIR CHAND JAG KUM (E) L,134.5,134.5,134.5,134.5,134.5,0.0,0,0.0
2026-05-01,AETHER,EQ,INE0BWX01014,AETHER INDUSTRIES LIMITED,1171.8,1171.8,1171.8,1171.8,1171.8,0.0,0,0.0
2026-05-01,AFCONS,EQ,INE101I01011,AFCONS INFRASTRUCTURE LTD,339.7,339.7,339.7,339.7,339.7,0.0,0,0.0
2026-05-01,AFFLE,EQ,INE00WC01027,AFFLE 3I LIMITED,1421.7,1421.7,1421.7,1421.7,1421.7,0.0,0,0.0
2026-05-01,AGI,EQ,INE415A01038,AGI GREENPAC LIMITED,634.0,634.0,634.0,634.0,634.0,0.0,0,0.0
2026-05-01,AGIIL,EQ,INE976R01033,AGI INFRA LIMITED,395.55,395.55,395.55,395.55,395.55,0.0,0,0.0
2026-05-01,AGROPHOS,EQ,INE740V01019,AGRO PHOS INDIA LIMITED,31.6,31.6,31.6,31.6,31.6,0.0,0,0.0
2026-05-01,AHCL,EQ,INE0Y8W01025,ANLON HEALTHCARE LIMITED,13.3,13.3,13.3,13.3,13.3,0.0,0,0.0
2026-05-01,AHLADA,EQ,INE00PV01013,AHLADA ENGINEERS LIMITED,45.38,45.38,45.38,45.38,45.38,0.0,0,0.0
2026-05-01,AHLUCONT,EQ,INE758C01029,AHLUWALIA CONT IND LTD,891.0,891.0,891.0,891.0,891.0,0.0,0,0.0
2026-05-01,AIIL,EQ,INE206F01022,AUTHUM INVEST & INFRA LTD,471.8,471.8,471.8,471.8,471.8,0.0,0,0.0
2026-05-01,AJANTPHARM,EQ,INE031B01049,AJANTA PHARMA LIMITED,2822.7,2822.7,2822.7,2822.7,2822.7,0.0,0,0.0
2026-05-01,AJMERA,EQ,INE298G01035,AJMERA REALTY & INF I LTD,124.3,124.3,124.3,124.3,124.3,0.0,0,0.0
2026-05-01,AKG,EQ,INE00Y801016,AKG EXIM LIMITED,11.31,11.31,11.31,11.31,11.31,0.0,0,0.0
2026-05-01,ALEMBICLTD,EQ,INE426A01027,ALEMBIC LIMITED,91.2,91.2,91.2,91.2,91.2,0.0,0,0.0
2026-05-01,ALGOQUANT,EQ,INE598D01035,ALGOQUANT FINTECH LIMITED,54.59,54.59,54.59,54.59,54.59,0.0,0,0.0
2026-05-01,ALIVUS,EQ,INE03Q201024,ALIVUS LIFE SCIENCES LTD,1038.15,1038.15,1038.15,1038.15,1038.15,0.0,0,0.0
2026-05-01,ALKEM,EQ,INE540L01014,ALKEM LABORATORIES LTD.,5400.0,5400.0,5400.0,5400.0,5400.0,0.0,0,0.0
2026-05-01,ALKYLAMINE,EQ,INE150B01039,ALKYL AMINES CHEM. LTD,1516.1,1516.1,1516.1,1516.1,1516.1,0.0,0,0.0
2026-05-01,ALLCARGO,EQ,INE418H01029,ALLCARGO LOGISTICS LTD,9.68,9.68,9.68,9.68,9.68,0.0,0,0.0
2026-05-01,ALLTIME,EQ,INE0GV601021,ALL TIME PLASTICS LIMITED,240.66,240.66,240.66,240.66,240.66,0.0,0,0.0
2026-05-01,ALMONDZ,EQ,INE326B01035,ALMONDZ GLOBAL SEC LTD,16.48,16.48,16.48,16.48,16.48,0.0,0,0.0
2026-05-01,ALOKINDS,EQ,INE270A01029,ALOK INDUSTRIES LIMITED,13.79,13.79,13.79,13.79,13.79,0.0,0,0.0
2026-05-01,ALPHA,EQ,INF174KA1IA5,KOTAKMAMC - KOTAKALPHA,48.84,48.84,48.84,48.84,48.84,0.0,0,0.0
2026-05-01,ALPHAETF,EQ,INF769K01KU7,MIRAEAMC - ALPHAETF,24.91,24.91,24.91,24.91,24.91,0.0,0,0.0
2026-05-01,AMAGI,EQ,INE121R01077,AMAGI MEDIA LABS LIMITED,409.6,409.6,409.6,409.6,409.6,0.0,0,0.0
2026-05-01,AMBER,EQ,INE371P01015,AMBER ENTERPRISES (I) LTD,8024.0,8024.0,8024.0,8024.0,8024.0,0.0,0,0.0
2026-05-01,AMBUJACEM,EQ,INE079A01024,AMBUJA CEMENTS LTD,444.2,444.2,444.2,444.2,444.2,0.0,0,0.0
2026-05-01,AMRUTANJAN,EQ,INE098F01031,AMRUTAJAN HEALTH LTD,571.2,571.2,571.2,571.2,571.2,0.0,0,0.0
2026-05-01,ANANDRATHI,EQ,INE463V01026,ANAND RATHI WEALTH LTD,1800.8,1800.8,1800.8,1800.8,1800.8,0.0,0,0.0
2026-05-01,ANANTRAJ,EQ,INE242C01024,ANANT RAJ LIMITED,486.9,486.9,486.9,486.9,486.9,0.0,0,0.0
2026-05-01,ANDHRSUGAR,EQ,INE715B01021,ANDHRA SUGARS LTD,97.67,97.67,97.67,97.67,97.67,0.0,0,0.0
2026-05-01,ANGELONE,EQ,INE732I01021,ANGEL ONE LIMITED,308.71,308.71,308.71,308.71,308.71,0.0,0,0.0
2026-05-01,ANTELOPUS,EQ,INE818A01017,ANTELOPUS SELAN ENRGY LTD,693.75,693.75,693.75,693.75,693.75,0.0,0,0.0
2026-05-01,ANTHEM,EQ,INE0CZ201020,ANTHEM BIOSCIENCES LTD,760.1,760.1,760.1,760.1,760.1,0.0,0,0.0
2026-05-01,AONELIQUID,EQ,INF1J2R01056,AONEAMC - AONELIQUID,1057.74,1057.74,1057.74,1057.74,1057.74,0.0,0,0.0
2026-05-01,AONENIFTY,EQ,INF1J2R01064,AONEAMC - AONENIFTY,9.85,9.85,9.85,9.85,9.85,0.0,0,0.0
2026-05-01,AONETOTAL,EQ,INF1J2R01015,AONEAMC - AONETOTAL,11.47,11.47,11.47,11.47,11.47,0.0,0,0.0
2026-05-01,APARINDS,EQ,INE372A01015,APAR INDUSTRIES LTD.,12331.0,12331.0,12331.0,12331.0,12331.0,0.0,0,0.0
2026-05-01,APCOTEXIND,EQ,INE116A01032,APCOTEX INDUSTRIES LIMITE,402.4,402.4,402.4,402.4,402.4,0.0,0,0.0
2026-05-01,APEX,EQ,INE346W01013,APEX FROZEN FOODS LIMITED,466.8,466.8,466.8,466.8,466.8,0.0,0,0.0
2026-05-01,APLAPOLLO,EQ,INE702C01027,APL APOLLO TUBES LTD,1905.0,1905.0,1905.0,1905.0,1905.0,0.0,0,0.0
2026-05-01,APLLTD,EQ,INE901L01018,ALEMBIC PHARMA LTD,755.0,755.0,755.0,755.0,755.0,0.0,0,0.0
2026-05-01,APOLLO,EQ,INE713T01028,APOLLO MICRO SYSTEMS LTD,297.11,297.11,297.11,297.11,297.11,0.0,0,0.0
2026-05-01,APOLLOHOSP,EQ,INE437A01024,APOLLO HOSPITALS ENTER. L,7636.5,7636.5,7636.5,7636.5,7636.5,0.0,0,0.0
2026-05-01,APOLLOPIPE,EQ,INE126J01016,APOLLO PIPES LIMITED,452.65,452.65,452.65,452.65,452.65,0.0,0,0.0
2026-05-01,APOLLOTYRE,EQ,INE438A01022,APOLLO TYRES LTD,408.4,408.4,408.4,408.4,408.4,0.0,0,0.0
2026-05-01,APTUS,EQ,INE852O01025,APTUS VALUE HSG FIN I LTD,260.14,260.14,260.14,260.14,260.14,0.0,0,0.0
2026-05-01,ARE&M,EQ,INE885A01032,AMARA RAJA ENERGY MOB LTD,874.55,874.55,874.55,874.55,874.55,0.0,0,0.0
2026-05-01,ARIHANTCAP,EQ,INE420B01036,ARIHANT CAPITAL MKTS LTD,70.11,70.11,70.11,70.11,70.11,0.0,0,0.0
2026-05-01,ARIS,EQ,INE0H9P01028,ARISINFRA SOLUTIONS LTD,137.37,137.37,137.37,137.37,137.37,0.0,0,0.0
2026-05-01,ARROWGREEN,EQ,INE570D01018,ARROW GREENTECH LIMITED,533.65,533.65,533.65,533.65,533.65,0.0,0,0.0
2026-05-01,ARSSBL,EQ,INE549H01021,ANAND RATHI SH N STK BR L,598.3,598.3,598.3,598.3,598.3,0.0,0,0.0
2026-05-01,ARVIND,EQ,INE034A01011,ARVIND LIMITED,398.55,398.55,398.55,398.55,398.55,0.0,0,0.0
2026-05-01,ARVINDFASN,EQ,INE955V01021,ARVIND FASHIONS LIMITED,443.15,443.15,443.15,443.15,443.15,0.0,0,0.0
2026-05-01,ASAHIINDIA,EQ,INE439A01020,ASAHI INDIA GLASS LIMITED,836.25,836.25,836.25,836.25,836.25,0.0,0,0.0
2026-05-01,ASAL,EQ,INE900C01027,AUTOMOTIVE STAMPINGS & AS,512.0,512.0,512.0,512.0,512.0,0.0,0,0.0
2026-05-01,ASALCBR,EQ,INE073G01016,ASSO ALCOHOLS & BREW LTD,889.3,889.3,889.3,889.3,889.3,0.0,0,0.0
2026-05-01,ASHAPURMIN,EQ,INE348A01023,ASHAPURA MINECHEM LTD,631.3,631.3,631.3,631.3,631.3,0.0,0,0.0
2026-05-01,ASHIANA,EQ,INE365D01021,ASHIANA HOUSING LTD,342.65,342.65,342.65,342.65,342.65,0.0,0,0.0
2026-05-01,ASHIMASYN,EQ,INE440A01010,ASHIMA LTD,15.96,15.96,15.96,15.96,15.96,0.0,0,0.0
2026-05-01,ASHOKA,EQ,INE442H01029,ASHOKA BUILDCON LTD,134.25,134.25,134.25,134.25,134.25,0.0,0,0.0
2026-05-01,ASHOKLEY,EQ,INE208A01029,ASHOK LEYLAND LTD,162.09,162.09,162.09,162.09,162.09,0.0,0,0.0
2026-05-01,ASIANENE,EQ,INE276G01015,ASIAN ENERGY SERVICES LTD,317.77,317.77,317.77,317.77,317.77,0.0,0,0.0
2026-05-01,ASIANPAINT,EQ,INE021A01026,ASIAN PAINTS LIMITED,2444.5,2444.5,2444.5,2444.5,2444.5,0.0,0,0.0
2026-05-01,ASIANTILES,EQ,INE022I01019,ASIAN GRANITO IND. LTD.,65.01,65.01,65.01,65.01,65.01,0.0,0,0.0
2026-05-01,ASKAUTOLTD,EQ,INE491J01022,ASK AUTOMOTIVE LIMITED,439.95,439.95,439.95,439.95,439.95,0.0,0,0.0
2026-05-01,ASTEC,EQ,INE563J01010,ASTEC LIFESCIENCES LTD,694.7,694.7,694.7,694.7,694.7,0.0,0,0.0
2026-05-01,ASTERDM,EQ,INE914M01019,ASTER DM QUALITY CARE LTD,701.05,701.05,701.05,701.05,701.05,0.0,0,0.0
2026-05-01,ASTRAL,EQ,INE006I01046,ASTRAL LIMITED,1529.7,1529.7,1529.7,1529.7,1529.7,0.0,0,0.0
2026-05-01,ASTRAMICRO,EQ,INE386C01029,ASTRA MICROWAVE LTD,1125.2,1125.2,1125.2,1125.2,1125.2,0.0,0,0.0
2026-05-01,ASTRAZEN,EQ,INE203A01020,ASTRAZENECA PHARMA IND LT,8213.0,8213.0,8213.0,8213.0,8213.0,0.0,0,0.0
2026-05-01,ATGL,EQ,INE399L01023,ADANI TOTAL GAS LIMITED,634.7,634.7,634.7,634.7,634.7,0.0,0,0.0
2026-05-01,ATHERENERG,EQ,INE0LEZ01016,ATHER ENERGY LIMITED,934.85,934.85,934.85,934.85,934.85,0.0,0,0.0
2026-05-01,ATUL,EQ,INE100A01010,ATUL LTD,6817.5,6817.5,6817.5,6817.5,6817.5,0.0,0,0.0
2026-05-01,ATULAUTO,EQ,INE951D01028,ATUL AUTO LIMITED,488.3,488.3,488.3,488.3,488.3,0.0,0,0.0
2026-05-01,AUBANK,EQ,INE949L01017,AU SMALL FINANCE BANK LTD,1015.95,1015.95,1015.95,1015.95,1015.95,0.0,0,0.0
2026-05-01,AURIONPRO,EQ,INE132H01018,AURIONPRO SOLN LTD,869.9,869.9,869.9,869.9,869.9,0.0,0,0.0
2026-05-01,AUROPHARMA,EQ,INE406A01037,AUROBINDO PHARMA LTD,1389.5,1389.5,1389.5,1389.5,1389.5,0.0,0,0.0
2026-05-01,AURUM,EQ,INE898S01029,AURUM PROPTECH LIMITED,182.32,182.32,182.32,182.32,182.32,0.0,0,0.0
2026-05-01,AURUS,EQ,INE142K01011,AURUS GEM CORP LIMITED,5.3,5.3,5.3,5.3,5.3,0.0,0,0.0
2026-05-01,AUTOAXLES,EQ,INE449A01011,AUTOMOTIVE AXLES LIMITED,1845.8,1845.8,1845.8,1845.8,1845.8,0.0,0,0.0
2026-05-01,AUTOBEES,EQ,INF204KC1337,NIPPONAMC - NETFAUTO,265.83,265.83,265.83,265.83,265.83,0.0,0,0.0
2026-05-01,AUTOIETF,EQ,INF109KC10V2,ICICIPRAMC - ICICIAUTO,26.63,26.63,26.63,26.63,26.63,0.0,0,0.0
2026-05-01,AUTOIND,EQ,INE718H01014,AUTOLINE INDUSTRIES LTD,64.08,64.08,64.08,64.08,64.08,0.0,0,0.0
2026-05-01,AVALON,EQ,INE0LCL01028,AVALON TECHNOLOGIES LTD,1057.25,1057.25,1057.25,1057.25,1057.25,0.0,0,0.0
2026-05-01,AVANTEL,EQ,INE005B01027,AVANTEL LIMITED,148.74,148.74,148.74,148.74,148.74,0.0,0,0.0
2026-05-01,AVANTIFEED,EQ,INE871C01038,AVANTI FEEDS LIMITED,1380.7,1380.7,1380.7,1380.7,1380.7,0.0,0,0.0
2026-05-01,AVL,EQ,INE679V01027,ADITYA VISION LIMITED,524.6,524.6,524.6,524.6,524.6,0.0,0,0.0
2026-05-01,AVROIND,EQ,INE652Z01025,AVRO INDIA LIMITED,12.57,12.57,12.57,12.57,12.57,0.0,0,0.0
2026-05-01,AWFIS,EQ,INE108V01019,AWFIS SPACE SOLUTIONS LTD,351.42,351.42,351.42,351.42,351.42,0.0,0,0.0
2026-05-01,AWHCL,EQ,INE01BK01022,ANTONY WASTE HDG CELL LTD,507.9,507.9,507.9,507.9,507.9,0.0,0,0.0
2026-05-01,AWL,EQ,INE699H01024,AWL AGRI BUSINESS LIMITED,196.37,196.37,196.37,196.37,196.37,0.0,0,0.0
2026-05-01,AXISBANK,EQ,INE238A01034,AXIS BANK LIMITED,1268.3,1268.3,1268.3,1268.3,1268.3,0.0,0,0.0
2026-05-01,AXISCADES,EQ,INE555B01013,AXISCADES TECH LTD,2008.5,2008.5,2008.5,2008.5,2008.5,0.0,0,0.0
2026-05-01,AYE,EQ,INE501X01029,AYE FINANCE LIMITED,132.43,132.43,132.43,132.43,132.43,0.0,0,0.0
2026-05-01,AZAD,EQ,INE02IJ01035,AZAD ENGINEERING LIMITED,2164.9,2164.9,2164.9,2164.9,2164.9,0.0,0,0.0
2026-05-01,BAGFILMS,EQ,INE116D01028,B.A.G FILMS AND MEDIA LTD,5.17,5.17,5.17,5.17,5.17,0.0,0,0.0
2026-05-01,BAJAJ-AUTO,EQ,INE917I01010,BAJAJ AUTO LIMITED,9994.0,9994.0,9994.0,9994.0,9994.0,0.0,0,0.0
2026-05-01,BAJAJCON,EQ,INE933K01021,BAJAJ CONSUMER CARE LTD,450.45,450.45,450.45,450.45,450.45,0.0,0,0.0
2026-05-01,BAJAJELEC,EQ,INE193E01025,BAJAJ ELECT.LTD,396.1,396.1,396.1,396.1,396.1,0.0,0,0.0
2026-05-01,BAJAJFINSV,EQ,INE918I01026,BAJAJ FINSERV LTD.,1747.2,1747.2,1747.2,1747.2,1747.2,0.0,0,0.0
2026-05-01,BAJAJHCARE,EQ,INE411U01027,BAJAJ HEALTHCARE LIMITED,321.75,321.75,321.75,321.75,321.75,0.0,0,0.0
2026-05-01,BAJAJHFL,EQ,INE377Y01014,BAJAJ HOUSING FINANCE LTD,87.18,87.18,87.18,87.18,87.18,0.0,0,0.0
2026-05-01,BAJAJHIND,EQ,INE306A01021,BAJAJ HINDUSTHAN SUGAR LT,20.3,20.3,20.3,20.3,20.3,0.0,0,0.0
2026-05-01,BAJAJHLDNG,EQ,INE118A01012,BAJAJ HOLDINGS & INVS LTD,10267.0,10267.0,10267.0,10267.0,10267.0,0.0,0,0.0
2026-05-01,BAJEL,EQ,INE0KQN01018,BAJEL PROJECTS LIMITED,188.32,188.32,188.32,188.32,188.32,0.0,0,0.0
2026-05-01,BAJFINANCE,EQ,INE296A01032,BAJAJ FINANCE LIMITED,937.0,937.0,937.0,937.0,937.0,0.0,0,0.0
2026-05-01,BALAJITELE,EQ,INE794B01026,BALAJI TELEFILMS LIMITED.,98.49,98.49,98.49,98.49,98.49,0.0,0,0.0
2026-05-01,BALAMINES,EQ,INE050E01027,BALAJI AMINES LIMITED,1333.65,1333.65,1333.65,1333.65,1333.65,0.0,0,0.0
2026-05-01,BALKRISHNA,EQ,INE875R01011,BALKRISHNA PAPER MILLS L,18.01,18.01,18.01,18.01,18.01,0.0,0,0.0
2026-05-01,BALMLAWRIE,EQ,INE164A01016,BALMER LAWRIE & CO LTD,187.99,187.99,187.99,187.99,187.99,0.0,0,0.0
2026-05-01,BALRAMCHIN,EQ,INE119A01028,BALRAMPUR CHINI MILLS LTD,521.05,521.05,521.05,521.05,521.05,0.0,0,0.0
2026-05-01,BALUFORGE,EQ,INE011E01029,BALU FORGE INDUSTRIES LTD,541.4,541.4,541.4,541.4,541.4,0.0,0,0.0
2026-05-01,BANARISUG,EQ,INE459A01010,BANNARI AMMAN SUGARS LTD,3725.4,3725.4,3725.4,3725.4,3725.4,0.0,0,0.0
2026-05-01,BANDHANBNK,EQ,INE545U01014,BANDHAN BANK LIMITED,199.72,199.72,199.72,199.72,199.72,0.0,0,0.0
2026-05-01,BANG,EQ,INE863I01016,BANG OVERSEAS LTD.,38.11,38.11,38.11,38.11,38.11,0.0,0,0.0
2026-05-01,BANK10ADD,EQ,INF740KA1YH2,DSPAMC - BANK10ADD,16.36,16.36,16.36,16.36,16.36,0.0,0,0.0
2026-05-01,BANKBARODA,EQ,INE028A01039,BANK OF BARODA,263.46,263.46,263.46,263.46,263.46,0.0,0,0.0
2026-05-01,BANKBEES,EQ,INF204KB15I9,NIP IND ETF BANK BEES,567.0,567.0,567.0,567.0,567.0,0.0,0,0.0
2026-05-01,BANKBETF,EQ,INF0QA701714,BFAM - BANKBETF,55.55,55.55,55.55,55.55,55.55,0.0,0,0.0
2026-05-01,BANKETF,EQ,INF769K01KR3,MIRAEAMC - BANKETF,556.8,556.8,556.8,556.8,556.8,0.0,0,0.0
2026-05-01,BANKIETF,EQ,INF109KC15I8,ICICIPRAMC - IPRU5008,56.18,56.18,56.18,56.18,56.18,0.0,0,0.0
2026-05-01,BANKINDIA,EQ,INE084A01016,BANK OF INDIA,139.87,139.87,139.87,139.87,139.87,0.0,0,0.0
2026-05-01,BANKNIFTY1,EQ,INF174KA1ZB7,KOTAKMAMC-KOTAKBKETF,56.86,56.86,56.86,56.86,56.86,0.0,0,0.0
2026-05-01,BANKPSU,EQ,INF769K01LZ4,MIRAEAMC - BANKPSU,85.24,85.24,85.24,85.24,85.24,0.0,0,0.0
2026-05-01,BANSALWIRE,EQ,INE0B9K01025,BANSAL WIRE INDUSTRIES L,296.46,296.46,296.46,296.46,296.46,0.0,0,0.0
2026-05-01,BASF,EQ,INE373A01013,BASF INDIA LTD,3641.9,3641.9,3641.9,3641.9,3641.9,0.0,0,0.0
2026-05-01,BATAINDIA,EQ,INE176A01028,BATA INDIA LTD,718.45,718.45,718.45,718.45,718.45,0.0,0,0.0
2026-05-01,BATLIBOI,EQ,INE177C01022,BATLIBOI LTD.,82.65,82.65,82.65,82.65,82.65,0.0,0,0.0
2026-05-01,BAYERCROP,EQ,INE462A01022,BAYER CROPSCIENCE LTD,4764.1,4764.1,4764.1,4764.1,4764.1,0.0,0,0.0
2026-05-01,BBETF0432,EQ,INF754K01OB1,EDELAMC - BBETF0432,1319.28,1319.28,1319.28,1319.28,1319.28,0.0,0,0.0
2026-05-01,BBL,EQ,INE464A01036,BHARAT BIJLEE LTD,3096.8,3096.8,3096.8,3096.8,3096.8,0.0,0,0.0
2026-05-01,BBNPNBETF,EQ,INF251K01TL6,BARODABNP - BBNPNBETF,56.03,56.03,56.03,56.03,56.03,0.0,0,0.0
2026-05-01,BBNPPGOLD,EQ,INF251K01SU9,BARODABNP - BBNPPGOLD,144.5,144.5,144.5,144.5,144.5,0.0,0,0.0
2026-05-01,BBOX,EQ,INE676A01027,BLACK BOX LIMITED,639.6,639.6,639.6,639.6,639.6,0.0,0,0.0
2026-05-01,BBTC,EQ,INE050A01025,BOMBAY BURMAH TRADING COR,1501.1,1501.1,1501.1,1501.1,1501.1,0.0,0,0.0
2026-05-01,BCG,EQ,INE425B01027,BRIGHTCOM GROUP LIMITED,9.51,9.51,9.51,9.51,9.51,0.0,0,0.0
2026-05-01,BCLIND,EQ,INE412G01024,BCL INDUSTRIES LIMITED,35.69,35.69,35.69,35.69,35.69,0.0,0,0.0
2026-05-01,BCPL,EQ,INE00SW01015,BCPL RAILWAY INFRA LTD,85.37,85.37,85.37,85.37,85.37,0.0,0,0.0
2026-05-01,BDL,EQ,INE171Z01026,BHARAT DYNAMICS LIMITED,1364.1,1364.1,1364.1,1364.1,1364.1,0.0,0,0.0
2026-05-01,BECTORFOOD,EQ,INE495P01020,MRS BECTORS FOOD SPE LTD,196.21,196.21,196.21,196.21,196.21,0.0,0,0.0
2026-05-01,BEL,EQ,INE263A01024,BHARAT ELECTRONICS LTD,431.3,431.3,431.3,431.3,431.3,0.0,0,0.0
2026-05-01,BELRISE,EQ,INE894V01022,BELRISE INDUSTRIES LTD,212.72,212.72,212.72,212.72,212.72,0.0,0,0.0
2026-05-01,BEML,EQ,INE258A01024,BEML LIMITED,1806.1,1806.1,1806.1,1806.1,1806.1,0.0,0,0.0
2026-05-01,BEPL,EQ,INE922A01025,BHANSALI ENG. POLYMERS LT,96.13,96.13,96.13,96.13,96.13,0.0,0,0.0
2026-05-01,BERGEPAINT,EQ,INE463A01038,BERGER PAINTS (I) LTD,473.1,473.1,473.1,473.1,473.1,0.0,0,0.0
2026-05-01,BESTAGRO,EQ,INE052T01021,BEST AGROLIFE LIMITED,17.96,17.96,17.96,17.96,17.96,0.0,0,0.0
2026-05-01,BFINVEST,EQ,INE878K01010,BF INVESTMENT LIMITED,415.95,415.95,415.95,415.95,415.95,0.0,0,0.0
2026-05-01,BFUTILITIE,EQ,INE243D01012,BF UTILITIES LIMITED,558.9,558.9,558.9,558.9,558.9,0.0,0,0.0
2026-05-01,BHAGYANGR,EQ,INE458B01036,BHAGYANAGAR INDIA LIMITED,269.4,269.4,269.4,269.4,269.4,0.0,0,0.0
2026-05-01,BHANDARI,EQ,INE474E01029,BHANDARI HOSIERY EXP LTD,3.14,3.14,3.14,3.14,3.14,0.0,0,0.0
2026-05-01,BHARATCOAL,EQ,INE05XR01022,BHARAT COKING COAL LTD,33.35,33.35,33.35,33.35,33.35,0.0,0,0.0
2026-05-01,BHARATFORG,EQ,INE465A01025,BHARAT FORGE LTD,1881.6,1881.6,1881.6,1881.6,1881.6,0.0,0,0.0
2026-05-01,BHARATSE,EQ,INE415D01024,BHARAT SEATS LIMITED,187.25,187.25,187.25,187.25,187.25,0.0,0,0.0
2026-05-01,BHARATWIRE,EQ,INE316L01019,BHARAT WIRE ROPES LTD.,222.03,222.03,222.03,222.03,222.03,0.0,0,0.0
2026-05-01,BHARTIARTL,EQ,INE397D01024,BHARTI AIRTEL LIMITED,1886.8,1886.8,1886.8,1886.8,1886.8,0.0,0,0.0
2026-05-01,BHARTIHEXA,EQ,INE343G01021,BHARTI HEXACOM LIMITED,1517.4,1517.4,1517.4,1517.4,1517.4,0.0,0,0.0
2026-05-01,BHEL,EQ,INE257A01026,BHEL,352.41,352.41,352.41,352.41,352.41,0.0,0,0.0
2026-05-01,BIGBLOC,EQ,INE412U01025,BIGBLOC CONSTRUCTION LTD,48.35,48.35,48.35,48.35,48.35,0.0,0,0.0
2026-05-01,BIOCON,EQ,INE376G01013,BIOCON LIMITED.,359.65,359.65,359.65,359.65,359.65,0.0,0,0.0
2026-05-01,BIOFILCHEM,EQ,INE829A01014,BIOFIL CHEM & PHARMA LTD,34.05,34.05,34.05,34.05,34.05,0.0,0,0.0
2026-05-01,BIRLACORPN,EQ,INE340A01012,BIRLA CORPORATION LTD,909.5,909.5,909.5,909.5,909.5,0.0,0,0.0
2026-05-01,BLACKBUCK,EQ,INE0UIZ01018,BLACKBUCK LIMITED,548.05,548.05,548.05,548.05,548.05,0.0,0,0.0
2026-05-01,BLAL,EQ,INE0N7W01012,BEML LAND ASSETS LIMITED,191.1,191.1,191.1,191.1,191.1,0.0,0,0.0
2026-05-01,BLBLIMITED,EQ,INE791A01024,BLB LIMITED,17.1,17.1,17.1,17.1,17.1,0.0,0,0.0
2026-05-01,BLKASHYAP,EQ,INE350H01032,B.L.KASHYAP & SON LTD,57.26,57.26,57.26,57.26,57.26,0.0,0,0.0
2026-05-01,BLS,EQ,INE153T01027,BLS INTL SERVS LTD,278.31,278.31,278.31,278.31,278.31,0.0,0,0.0
2026-05-01,BLSE,EQ,INE0NLT01010,BLS E-SERVICES LIMITED,197.57,197.57,197.57,197.57,197.57,0.0,0,0.0
2026-05-01,BLUEDART,EQ,INE233B01017,BLUE DART EXPRESS LTD,5465.7,5465.7,5465.7,5465.7,5465.7,0.0,0,0.0
2026-05-01,BLUEJET,EQ,INE0KBH01020,BLUE JET HEALTHCARE LTD,444.55,444.55,444.55,444.55,444.55,0.0,0,0.0
2026-05-01,BLUESTARCO,EQ,INE472A01039,BLUE STAR LIMITED,1781.0,1781.0,1781.0,1781.0,1781.0,0.0,0,0.0
2026-05-01,BLUSPRING,EQ,INE0U4101014,BLUSPRING ENTERPRISES LTD,64.57,64.57,64.57,64.57,64.57,0.0,0,0.0
2026-05-01,BMWVENTLTD,EQ,INE965W01036,BMW VENTURES LIMITED,64.0,64.0,64.0,64.0,64.0,0.0,0,0.0
2026-05-01,BNKETFAXIS,EQ,INF846K01X63,AXISAMC-BNKETFAXIS,564.93,564.93,564.93,564.93,564.93,0.0,0,0.0
2026-05-01,BOHRAIND,EQ,INE802W01023,BOHRA INDUSTRIES LIMITED,19.3,19.3,19.3,19.3,19.3,0.0,0,0.0
2026-05-01,BOMDYEING,EQ,INE032A01023,BOMBAY DYEING & MFG. CO L,113.06,113.06,113.06,113.06,113.06,0.0,0,0.0
2026-05-01,BOROLTD,EQ,INE02PY01013,BOROSIL LIMITED,247.15,247.15,247.15,247.15,247.15,0.0,0,0.0
2026-05-01,BORORENEW,EQ,INE666D01022,BOROSIL RENEWABLES LTD,501.5,501.5,501.5,501.5,501.5,0.0,0,0.0
2026-05-01,BOROSCI,EQ,INE02L001032,BOROSIL SCIENTIFIC LTD,114.86,114.86,114.86,114.86,114.86,0.0,0,0.0
2026-05-01,BOSCH-HCIL,EQ,INE782A01015,BOSCH HOME COMFRT IND LTD,1390.6,1390.6,1390.6,1390.6,1390.6,0.0,0,0.0
2026-05-01,BPCL,EQ,INE029A01011,BHARAT PETROLEUM CORP  LT,300.45,300.45,300.45,300.45,300.45,0.0,0,0.0
2026-05-01,BPL,EQ,INE110A01019,BPL LTD,55.88,55.88,55.88,55.88,55.88,0.0,0,0.0
2026-05-01,BRIGADE,EQ,INE791I01019,BRIGADE ENTER. LTD,592.5,592.5,592.5,592.5,592.5,0.0,0,0.0
2026-05-01,BRITANNIA,EQ,INE216A01030,BRITANNIA INDUSTRIES LTD,5726.0,5726.0,5726.0,5726.0,5726.0,0.0,0,0.0
2026-05-01,BROOKS,EQ,INE650L01011,BROOKS LAB LIMITED,55.98,55.98,55.98,55.98,55.98,0.0,0,0.0
2026-05-01,BSE,EQ,INE118H01025,BSE LIMITED,3640.5,3640.5,3640.5,3640.5,3640.5,0.0,0,0.0
2026-05-01,BSLGOLDETF,EQ,INF209KB18D3,ADITYBIRLA SL GOLD ETF-GR,131.0,131.0,131.0,131.0,131.0,0.0,0,0.0
2026-05-01,BSLNIFTY,EQ,INF209KB19D1,ADITYBIRLA SL NIF ETF-GR,28.04,28.04,28.04,28.04,28.04,0.0,0,0.0
2026-05-01,BSLSENETFG,EQ,INF209KB10E8,BIRLASLAMC - BSLSENETFG,77.22,77.22,77.22,77.22,77.22,0.0,0,0.0
2026-05-01,BSOFT,EQ,INE836A01035,BIRLASOFT LIMITED,369.45,369.45,369.45,369.45,369.45,0.0,0,0.0
2026-05-01,BUILDPRO,EQ,INE24OJ01011,SHANKARA BUILDPRO LIMITED,1107.05,1107.05,1107.05,1107.05,1107.05,0.0,0,0.0
2026-05-01,BUTTERFLY,EQ,INE295F01017,BTRFLY GANDHI APPL LTD,598.65,598.65,598.65,598.65,598.65,0.0,0,0.0
2026-05-01,CAMLINFINE,EQ,INE052I01032,CAMLIN FINE SCIENCES LTD,126.94,126.94,126.94,126.94,126.94,0.0,0,0.0
2026-05-01,CAMPUS,EQ,INE278Y01022,CAMPUS ACTIVEWEAR LIMITED,248.16,248.16,248.16,248.16,248.16,0.0,0,0.0
2026-05-01,CAMS,EQ,INE596I01020,COMPUTER AGE MNGT SER LTD,738.6,738.6,738.6,738.6,738.6,0.0,0,0.0
2026-05-01,CANBK,EQ,INE476A01022,CANARA BANK,134.65,134.65,134.65,134.65,134.65,0.0,0,0.0
2026-05-01,CANFINHOME,EQ,INE477A01020,CAN FIN HOMES LTD,865.25,865.25,865.25,865.25,865.25,0.0,0,0.0
2026-05-01,CANHLIFE,EQ,INE01TY01017,CANARA HSBC LIFE INS CO L,141.3,141.3,141.3,141.3,141.3,0.0,0,0.0
2026-05-01,CAPACITE,EQ,INE264T01014,CAPACITE INFRAPROJECT LTD,252.41,252.41,252.41,252.41,252.41,0.0,0,0.0
2026-05-01,CAPILLARY,EQ,INE0ILV01024,CAPILLARY TECHNO INDIA L,551.4,551.4,551.4,551.4,551.4,0.0,0,0.0
2026-05-01,CARBORUNIV,EQ,INE120A01034,CARBORUNDUM UNIVERSAL LTD,951.75,951.75,951.75,951.75,951.75,0.0,0,0.0
2026-05-01,CARERATING,EQ,INE752H01013,CARE RATINGS LIMITED,1670.4,1670.4,1670.4,1670.4,1670.4,0.0,0,0.0
2026-05-01,CARTRADE,EQ,INE290S01011,CARTRADE TECH LIMITED,1623.4,1623.4,1623.4,1623.4,1623.4,0.0,0,0.0
2026-05-01,CARYSIL,EQ,INE482D01024,CARYSIL LIMITED,902.9,902.9,902.9,902.9,902.9,0.0,0,0.0
2026-05-01,CASTROLIND,EQ,INE172A01027,CASTROL INDIA LIMITED,184.82,184.82,184.82,184.82,184.82,0.0,0,0.0
2026-05-01,CCAVENUE,EQ,INE483S01020,AVENUESAI LIMITED,13.74,13.74,13.74,13.74,13.74,0.0,0,0.0
2026-05-01,CCL,EQ,INE421D01022,CCL PRODUCTS (I) LTD,1135.1,1135.1,1135.1,1135.1,1135.1,0.0,0,0.0
2026-05-01,CDSL,EQ,INE736A01011,CENTRAL DEPO SER (I) LTD,1272.0,1272.0,1272.0,1272.0,1272.0,0.0,0,0.0
2026-05-01,CEATLTD,EQ,INE482A01020,CEAT LIMITED,3445.2,3445.2,3445.2,3445.2,3445.2,0.0,0,0.0
2026-05-01,CEINSYS,EQ,INE016Q01014,CEINSYS TECH LIMITED,1073.55,1073.55,1073.55,1073.55,1073.55,0.0,0,0.0
2026-05-01,CELEBRITY,EQ,INE185H01016,CELEBRITY FASHIONS LTD,8.03,8.03,8.03,8.03,8.03,0.0,0,0.0
2026-05-01,CEMPRO,EQ,INE686A01026,CEMINDIA PROJECTS LIMITED,815.25,815.25,815.25,815.25,815.25,0.0,0,0.0
2026-05-01,CENTRALBK,EQ,INE483A01010,CENTRAL BANK OF INDIA,36.42,36.42,36.42,36.42,36.42,0.0,0,0.0
2026-05-01,CENTRUM,EQ,INE660C01027,CENTRUM CAPITAL LIMITED,24.13,24.13,24.13,24.13,24.13,0.0,0,0.0
2026-05-01,CENTURYPLY,EQ,INE348B01021,CENTURY PLYBOARDS (I) LTD,797.65,797.65,797.65,797.65,797.65,0.0,0,0.0
2026-05-01,CERA,EQ,INE739E01017,CERA SANITARYWARE LTD,5252.6,5252.6,5252.6,5252.6,5252.6,0.0,0,0.0
2026-05-01,CESC,EQ,INE486A01021,CESC LTD,187.53,187.53,187.53,187.53,187.53,0.0,0,0.0
2026-05-01,CGCL,EQ,INE180C01042,CAPRI GLOBAL CAPITAL LTD,186.18,186.18,186.18,186.18,186.18,0.0,0,0.0
2026-05-01,CGPOWER,EQ,INE067A01029,CG POWER AND IND SOL LTD,813.35,813.35,813.35,813.35,813.35,0.0,0,0.0
2026-05-01,CHALET,EQ,INE427F01016,CHALET HOTELS LIMITED,757.7,757.7,757.7,757.7,757.7,0.0,0,0.0
2026-05-01,CHAMBLFERT,EQ,INE085A01013,CHAMBAL FERTILIZERS LTD,438.05,438.05,438.05,438.05,438.05,0.0,0,0.0
2026-05-01,CHEMPLASTS,EQ,INE488A01050,CHEMPLAST SANMAR LIMITED,228.6,228.6,228.6,228.6,228.6,0.0,0,0.0
2026-05-01,CHENNPETRO,EQ,INE178A01016,CHENNAI PETROLEUM CORP LT,1128.35,1128.35,1128.35,1128.35,1128.35,0.0,0,0.0
2026-05-01,CHEVIOT,EQ,INE974B01016,CHEVIOT COMPANY LIMITED,1172.7,1172.7,1172.7,1172.7,1172.7,0.0,0,0.0
2026-05-01,CHOLAFIN,EQ,INE121A01024,CHOLAMANDALAM IN & FIN CO,1562.9,1562.9,1562.9,1562.9,1562.9,0.0,0,0.0
2026-05-01,CHOLAHLDNG,EQ,INE149A01033,CHOLAMANDALAM FIN HOL LTD,1556.1,1556.1,1556.1,1556.1,1556.1,0.0,0,0.0
2026-05-01,CIPLA,EQ,INE059A01026,CIPLA LTD,1309.6,1309.6,1309.6,1309.6,1309.6,0.0,0,0.0
2026-05-01,CLEAN,EQ,INE227W01023,CLEAN SCIENCE & TECH LTD,819.05,819.05,819.05,819.05,819.05,0.0,0,0.0
2026-05-01,CMPDI,EQ,INE05HV01027,CENTRAL MINE P N D INST L,181.55,181.55,181.55,181.55,181.55,0.0,0,0.0
2026-05-01,CMSINFO,EQ,INE925R01014,CMS INFO SYSTEMS LIMITED,290.35,290.35,290.35,290.35,290.35,0.0,0,0.0
2026-05-01,COALINDIA,EQ,INE522F01014,COAL INDIA LTD,481.45,481.45,481.45,481.45,481.45,0.0,0,0.0
2026-05-01,COASTCORP,EQ,INE377E01024,COASTAL CORPORATION LTD,57.19,57.19,57.19,57.19,57.19,0.0,0,0.0
2026-05-01,COCHINSHIP,EQ,INE704P01025,COCHIN SHIPYARD LIMITED,1733.4,1733.4,1733.4,1733.4,1733.4,0.0,0,0.0
2026-05-01,COCKERILL,EQ,INE515A01019,JOHN COCKERILL INDIA LTD.,5115.5,5115.5,5115.5,5115.5,5115.5,0.0,0,0.0
2026-05-01,COFFEEDAY,EQ,INE335K01011,COFFEE DAY ENTERPRISE LTD,26.4,26.4,26.4,26.4,26.4,0.0,0,0.0
2026-05-01,COFORGE,EQ,INE591G01025,COFORGE LIMITED,1195.9,1195.9,1195.9,1195.9,1195.9,0.0,0,0.0
2026-05-01,COHANCE,EQ,INE03QK01018,COHANCE LIFESCIENCES LTD,483.25,483.25,483.25,483.25,483.25,0.0,0,0.0
2026-05-01,COLPAL,EQ,INE259A01022,COLGATE PALMOLIVE LTD.,2096.2,2096.2,2096.2,2096.2,2096.2,0.0,0,0.0
2026-05-01,CONCOR,EQ,INE111A01025,CONTAINER CORP OF IND LTD,508.85,508.85,508.85,508.85,508.85,0.0,0,0.0
2026-05-01,CONCORDBIO,EQ,INE338H01029,CONCORD BIOTECH LIMITED,1142.0,1142.0,1142.0,1142.0,1142.0,0.0,0,0.0
2026-05-01,CONFIPET,EQ,INE552D01024,CONFIDENCE PETRO IND LTD.,54.65,54.65,54.65,54.65,54.65,0.0,0,0.0
2026-05-01,CONS,EQ,INF174KA1ZF8,KOTAKMAMC - KOTAKCONS,11.73,11.73,11.73,11.73,11.73,0.0,0,0.0
2026-05-01,CONSUMAXIS,EQ,INF846K016C7,AXISAMC-CONSUMAXIS,116.98,116.98,116.98,116.98,116.98,0.0,0,0.0
2026-05-01,CONSUMER,EQ,INF769K01NS5,MIRAEAMC - CONSUMER,10.94,10.94,10.94,10.94,10.94,0.0,0,0.0
2026-05-01,CONSUMIETF,EQ,INF109KC1V42,ICICIPRAMC - ICICICONSU,118.52,118.52,118.52,118.52,118.52,0.0,0,0.0
2026-05-01,CORDSCABLE,EQ,INE792I01017,CORDS CABLE INDUS LTD.,179.54,179.54,179.54,179.54,179.54,0.0,0,0.0
2026-05-01,COROMANDEL,EQ,INE169A01031,COROMANDEL INTERNTL. LTD,1981.7,1981.7,1981.7,1981.7,1981.7,0.0,0,0.0
2026-05-01,COSMOFIRST,EQ,INE757A01017,COSMO FIRST LIMITED,713.75,713.75,713.75,713.75,713.75,0.0,0,0.0
2026-05-01,CPEDU,EQ,INE0P6P01016,CAREER POINT EDUTECH LTD,215.28,215.28,215.28,215.28,215.28,0.0,0,0.0
2026-05-01,CPPLUS,EQ,INE819V01029,ADITYA INFOTECH LIMITED,2325.6,2325.6,2325.6,2325.6,2325.6,0.0,0,0.0
2026-05-01,CPSEETF,EQ,INF457M01133,CPSE ETF,108.37,108.37,108.37,108.37,108.37,0.0,0,0.0
2026-05-01,CRAMC,EQ,INE218I01013,CANARA ROBECO AMC LIMITED,253.24,253.24,253.24,253.24,253.24,0.0,0,0.0
2026-05-01,CREDITACC,EQ,INE741K01010,CREDITACCESS GRAMEEN LTD,1300.1,1300.1,1300.1,1300.1,1300.1,0.0,0,0.0
2026-05-01,CRISIL,EQ,INE007A01025,CRISIL LTD,4288.7,4288.7,4288.7,4288.7,4288.7,0.0,0,0.0
2026-05-01,CRIZAC,EQ,INE0S4R01014,CRIZAC LIMITED,210.03,210.03,210.03,210.03,210.03,0.0,0,0.0
2026-05-01,CROMPTON,EQ,INE299U01018,CROMPT GREA CON ELEC LTD,272.36,272.36,272.36,272.36,272.36,0.0,0,0.0
2026-05-01,CSBBANK,EQ,INE679A01013,CSB BANK LIMITED,381.95,381.95,381.95,381.95,381.95,0.0,0,0.0
2026-05-01,CUB,EQ,INE491A01021,CITY UNION BANK LTD,202.57,202.57,202.57,202.57,202.57,0.0,0,0.0
2026-05-01,CUMMINSIND,EQ,INE298A01020,CUMMINS INDIA LTD,5266.4,5266.4,5266.4,5266.4,5266.4,0.0,0,0.0
2026-05-01,CUPID,EQ,INE509F01029,CUPID LIMITED,119.58,119.58,119.58,119.58,119.58,0.0,0,0.0
2026-05-01,CYIENT,EQ,INE136B01020,CYIENT LIMITED,871.75,871.75,871.75,871.75,871.75,0.0,0,0.0
2026-05-01,CYIENTDLM,EQ,INE055S01018,CYIENT DLM LIMITED,393.1,393.1,393.1,393.1,393.1,0.0,0,0.0
2026-05-01,DABUR,EQ,INE016A01026,DABUR INDIA LTD,441.5,441.5,441.5,441.5,441.5,0.0,0,0.0
2026-05-01,DAMCAPITAL,EQ,INE284H01025,DAM CAPITAL ADVISORS LTD,153.74,153.74,153.74,153.74,153.74,0.0,0,0.0
2026-05-01,DATAMATICS,EQ,INE365B01017,DATAMATICS GLOBAL SER LTD,732.8,732.8,732.8,732.8,732.8,0.0,0,0.0
2026-05-01,DATAPATTNS,EQ,INE0IX101010,DATA PATTERNS INDIA LTD,4081.7,4081.7,4081.7,4081.7,4081.7,0.0,0,0.0
2026-05-01,DAVANGERE,EQ,INE179G01029,DAVANGERE SUGAR COMPANY L,3.64,3.64,3.64,3.64,3.64,0.0,0,0.0
2026-05-01,DBEIL,EQ,INE0OPA01027,DEEPAK BUILDERS & ENG I L,8.6,8.6,8.6,8.6,8.6,0.0,0,0.0
2026-05-01,DBREALTY,EQ,INE879I01012,VALOR ESTATE LIMITED,103.57,103.57,103.57,103.57,103.57,0.0,0,0.0
2026-05-01,DCBBANK,EQ,INE503A01015,DCB BANK LIMITED,186.76,186.76,186.76,186.76,186.76,0.0,0,0.0
2026-05-01,DCMNVL,EQ,INE08KP01019,DCM NOUVELLE LIMITED,142.6,142.6,142.6,142.6,142.6,0.0,0,0.0
2026-05-01,DCMSHRIRAM,EQ,INE499A01024,DCM SHRIRAM LIMITED,1227.5,1227.5,1227.5,1227.5,1227.5,0.0,0,0.0
2026-05-01,DCMSRIND,EQ,INE843D01027,DCM SHRIRAM IND LTD,42.73,42.73,42.73,42.73,42.73,0.0,0,0.0
2026-05-01,DCW,EQ,INE500A01029,DCW LTD,47.11,47.11,47.11,47.11,47.11,0.0,0,0.0
2026-05-01,DCXINDIA,EQ,INE0KL801015,DCX SYSTEMS LIMITED,200.97,200.97,200.97,200.97,200.97,0.0,0,0.0
2026-05-01,DDEVPLSTIK,EQ,INE0HR601026,DDEV PLASTIKS IND LTD,252.83,252.83,252.83,252.83,252.83,0.0,0,0.0
2026-05-01,DEEDEV,EQ,INE841L01016,DEE DEVELOPMENT ENG LTD,417.0,417.0,417.0,417.0,417.0,0.0,0,0.0
2026-05-01,DEEPAKFERT,EQ,INE501A01019,DEEPAK FERTILIZERS & PETR,1265.25,1265.25,1265.25,1265.25,1265.25,0.0,0,0.0
2026-05-01,DEEPINDS,EQ,INE0FHS01024,DEEP INDUSTRIES LIMITED,485.55,485.55,485.55,485.55,485.55,0.0,0,0.0
2026-05-01,DELHIVERY,EQ,INE148O01028,DELHIVERY LIMITED,467.05,467.05,467.05,467.05,467.05,0.0,0,0.0
2026-05-01,DELTACORP,EQ,INE124G01033,DELTA CORP LIMITED,71.18,71.18,71.18,71.18,71.18,0.0,0,0.0
2026-05-01,DENTA,EQ,INE0R4L01018,DENTA WATER N INFRA SOL L,280.16,280.16,280.16,280.16,280.16,0.0,0,0.0
2026-05-01,DEVIT,EQ,INE060X01034,DEV INFO TECHNOLOGY LTD,31.14,31.14,31.14,31.14,31.14,0.0,0,0.0
2026-05-01,DEVYANI,EQ,INE872J01023,DEVYANI INTERNATIONAL LTD,124.73,124.73,124.73,124.73,124.73,0.0,0,0.0
2026-05-01,DHAMPURSUG,EQ,INE041A01016,DHAMPUR SUGAR MILLS LTD.,155.35,155.35,155.35,155.35,155.35,0.0,0,0.0
2026-05-01,DHANBANK,EQ,INE680A01011,DHANLAXMI BANK LIMITED,30.41,30.41,30.41,30.41,30.41,0.0,0,0.0
2026-05-01,DHRUV,EQ,INE506Z01015,DHRUV CONSULTANCY SER LTD,35.48,35.48,35.48,35.48,35.48,0.0,0,0.0
2026-05-01,DIGIDRIVE,EQ,INE0PSC01024,DIGIDRIVE DISTRIBUTORS L,23.87,23.87,23.87,23.87,23.87,0.0,0,0.0
2026-05-01,DIGITIDE,EQ,INE0U4701011,DIGITIDE SOLUTIONS LTD,97.31,97.31,97.31,97.31,97.31,0.0,0,0.0
2026-05-01,DISHTV,EQ,INE836F01026,DISH TV INDIA LTD.,3.82,3.82,3.82,3.82,3.82,0.0,0,0.0
2026-05-01,DIVIDEND,EQ,INF769K01PY8,MIRAEAMC - DIVIDEND,36.8,36.8,36.8,36.8,36.8,0.0,0,0.0
2026-05-01,DIXON,EQ,INE935N01020,DIXON TECHNO (INDIA) LTD,11166.5,11166.5,11166.5,11166.5,11166.5,0.0,0,0.0
2026-05-01,DLF,EQ,INE271C01023,DLF LIMITED,587.0,587.0,587.0,587.0,587.0,0.0,0,0.0
2026-05-01,DLINKINDIA,EQ,INE250K01012,D-LINK INDIA LTD,450.3,450.3,450.3,450.3,450.3,0.0,0,0.0
2026-05-01,DMART,EQ,INE192R01011,AVENUE SUPERMARTS LIMITED,4585.9,4585.9,4585.9,4585.9,4585.9,0.0,0,0.0
2026-05-01,DOLLAR,EQ,INE325C01035,DOLLAR INDUSTRIES LIMITED,299.8,299.8,299.8,299.8,299.8,0.0,0,0.0
2026-05-01,DOLLEX,EQ,INE0JHH01011,DOLLEX AGROTECH LIMITED,31.4,31.4,31.4,31.4,31.4,0.0,0,0.0
2026-05-01,DOLPHIN,EQ,INE920A01037,DOLPHIN OFF ENT (IND) L,416.3,416.3,416.3,416.3,416.3,0.0,0,0.0
2026-05-01,DREDGECORP,EQ,INE506A01018,DREDGING CORP OF INDIA,938.45,938.45,938.45,938.45,938.45,0.0,0,0.0
2026-05-01,DRREDDY,EQ,INE089A01031,DR. REDDY S LABORATORIES,1322.9,1322.9,1322.9,1322.9,1322.9,0.0,0,0.0
2026-05-01,DSSL,EQ,INE417B01040,DYNACONS SYS & SOLN LTD,1088.25,1088.25,1088.25,1088.25,1088.25,0.0,0,0.0
2026-05-01,DUCON,EQ,INE741L01018,DUCON INFRATECHNOLOGIES L,3.25,3.25,3.25,3.25,3.25,0.0,0,0.0
2026-05-01,DYCL,EQ,INE600Y01019,DYNAMIC CABLES LIMITED,370.44,370.44,370.44,370.44,370.44,0.0,0,0.0
2026-05-01,DYNPRO,EQ,INE256H01015,DYNEMIC PRODUCTS LIMITED,223.08,223.08,223.08,223.08,223.08,0.0,0,0.0
2026-05-01,EASEMYTRIP,EQ,INE07O001026,EASY TRIP PLANNERS LTD,7.86,7.86,7.86,7.86,7.86,0.0,0,0.0
2026-05-01,EBANKNIFTY,EQ,INF754K01TE4,EDELAMC - EBANKNIFTY,55.32,55.32,55.32,55.32,55.32,0.0,0,0.0
2026-05-01,EBBETF0430,EQ,INF754K01KO2,EDELAMC - EBBETF0430,1564.87,1564.87,1564.87,1564.87,1564.87,0.0,0,0.0
2026-05-01,EBBETF0433,EQ,INF754K01QX0,EDELAMC - EBBETF0433,1268.3,1268.3,1268.3,1268.3,1268.3,0.0,0,0.0
2026-05-01,EBGNG,EQ,INE18JU01028,GNG ELECTRONICS LIMITED,424.55,424.55,424.55,424.55,424.55,0.0,0,0.0
2026-05-01,ECAPINSURE,EQ,INF754K01TX4,EDELAMC - ECAPINSURE,23.69,23.69,23.69,23.69,23.69,0.0,0,0.0
2026-05-01,ECLERX,EQ,INE738I01010,ECLERX SERVICES LTD,1429.0,1429.0,1429.0,1429.0,1429.0,0.0,0,0.0
2026-05-01,ECOSMOBLTY,EQ,INE06HJ01020,ECOS (INDIA) MOB & HOSP L,137.9,137.9,137.9,137.9,137.9,0.0,0,0.0
2026-05-01,EDELWEISS,EQ,INE532F01054,EDELWEISS FIN SERV LTD,114.25,114.25,114.25,114.25,114.25,0.0,0,0.0
2026-05-01,EFCIL,EQ,INE886D01026,EFC (I) LIMITED,192.28,192.28,192.28,192.28,192.28,0.0,0,0.0
2026-05-01,EGOLD,EQ,INF754K01SE6,EDELAMC - EGOLD,149.2,149.2,149.2,149.2,149.2,0.0,0,0.0
2026-05-01,EICHERMOT,EQ,INE066A01021,EICHER MOTORS LTD,7109.0,7109.0,7109.0,7109.0,7109.0,0.0,0,0.0
2026-05-01,EIEL,EQ,INE0LLY01014,ENVIRO INFRA ENGINEERS L,211.94,211.94,211.94,211.94,211.94,0.0,0,0.0
2026-05-01,EIHOTEL,EQ,INE230A01023,EIH LIMITED,318.95,318.95,318.95,318.95,318.95,0.0,0,0.0
2026-05-01,EKC,EQ,INE184H01027,EVEREST KANTO CYLINDERLTD,119.39,119.39,119.39,119.39,119.39,0.0,0,0.0
2026-05-01,ELECON,EQ,INE205B01031,ELECON ENG. CO. LTD,506.65,506.65,506.65,506.65,506.65,0.0,0,0.0
2026-05-01,ELECTCAST,EQ,INE086A01029,ELECTROSTEEL CASTINGS LTD,81.99,81.99,81.99,81.99,81.99,0.0,0,0.0
2026-05-01,ELGIEQUIP,EQ,INE285A01027,ELGI EQUIPMENTS LTD,553.5,553.5,553.5,553.5,553.5,0.0,0,0.0
2026-05-01,ELGIRUBCO,EQ,INE819L01012,ELGI RUBBER CO. LTD,53.62,53.62,53.62,53.62,53.62,0.0,0,0.0
2026-05-01,ELIN,EQ,INE050401020,ELIN ELECTRONICS LIMITED,121.08,121.08,121.08,121.08,121.08,0.0,0,0.0
2026-05-01,ELIQUID,EQ,INF754K01VW2,EDELAMC - ELIQUID,1028.83,1028.83,1028.83,1028.83,1028.69,0.01,0,0.0
2026-05-01,EMAMILTD,EQ,INE548C01032,EMAMI LIMITED,444.5,444.5,444.5,444.5,444.5,0.0,0,0.0
2026-05-01,EMAMIREAL,EQ,INE778K01012,EMAMI REALTY LIMITED,90.37,90.37,90.37,90.37,90.37,0.0,0,0.0
2026-05-01,EMBDL,EQ,INE069I01010,EMBASSY DEVELOPMENTS LTD,46.28,46.28,46.28,46.28,46.28,0.0,0,0.0
2026-05-01,EMCURE,EQ,INE168P01015,EMCURE PHARMACEUTICALS L,1680.1,1680.1,1680.1,1680.1,1680.1,0.0,0,0.0
2026-05-01,EMIL,EQ,INE02YR01019,ELECTRONICS MART IND LTD,124.34,124.34,124.34,124.34,124.34,0.0,0,0.0
2026-05-01,EMMVEE,EQ,INE1C6T01020,EMMVEE PHOTOVOLTAIC PWR L,262.4,262.4,262.4,262.4,262.4,0.0,0,0.0
2026-05-01,EMSLIMITED,EQ,INE0OV601013,EMS LIMITED,347.3,347.3,347.3,347.3,347.3,0.0,0,0.0
2026-05-01,EMULTIMQ,EQ,INF754K01TF1,EDELAMC - EMULTIMQ,42.01,42.01,42.01,42.01,42.01,0.0,0,0.0
2026-05-01,ENDURANCE,EQ,INE913H01037,ENDURANCE TECHNO. LTD.,2330.6,2330.6,2330.6,2330.6,2330.6,0.0,0,0.0
2026-05-01,ENERGY,EQ,INF769K01PR2,MIRAEAMC - ENERGY,41.0,41.0,41.0,41.0,41.0,0.0,0,0.0
2026-05-01,ENGINERSIN,EQ,INE510A01028,ENGINEERS INDIA LTD,251.94,251.94,251.94,251.94,251.94,0.0,0,0.0
2026-05-01,ENIL,EQ,INE265F01028,ENTERTAIN NET. IND. LTD.,119.11,119.11,119.11,119.11,119.11,0.0,0,0.0
2026-05-01,ENRIN,EQ,INE1NPP01017,SIEMENS ENERGY INDIA LTD,3278.8,3278.8,3278.8,3278.8,3278.8,0.0,0,0.0
2026-05-01,EPACK,EQ,INE0G5901015,EPACK DURABLE LIMITED,279.32,279.32,279.32,279.32,279.32,0.0,0,0.0
2026-05-01,EPACKPEB,EQ,INE0MLS01022,EPACK PREFAB TECHN LTD,200.22,200.22,200.22,200.22,200.22,0.0,0,0.0
2026-05-01,EPIGRAL,EQ,INE071N01016,EPIGRAL LIMITED,1215.65,1215.65,1215.65,1215.65,1215.65,0.0,0,0.0
2026-05-01,EPL,EQ,INE255A01020,EPL LIMITED,226.13,226.13,226.13,226.13,226.13,0.0,0,0.0
2026-05-01,EQUAL50ADD,EQ,INF740KA1QK2,DSPAMC - DSPNEWETF,335.87,335.87,335.87,335.87,335.87,0.0,0,0.0
2026-05-01,EQUITASBNK,EQ,INE063P01018,EQUITAS SMALL FIN BNK LTD,66.85,66.85,66.85,66.85,66.85,0.0,0,0.0
2026-05-01,ESCORTS,EQ,INE042A01014,ESCORTS KUBOTA LIMITED,3241.6,3241.6,3241.6,3241.6,3241.6,0.0,0,0.0
2026-05-01,ESILVER,EQ,INF754K01SF3,EDELAMC - ESILVER,237.14,237.14,237.14,237.14,237.14,0.0,0,0.0
2026-05-01,ESSARSHPNG,EQ,INE122M01019,ESSAR SHIPPING LTD,26.94,26.94,26.94,26.94,26.94,0.0,0,0.0
2026-05-01,ESSENTIA,EQ,INE418N01035,INTEGRA ESSENTIA LIMITED,1.3,1.3,1.3,1.3,1.3,0.0,0,0.0
2026-05-01,ESTER,EQ,INE778B01029,ESTER INDUSTRIES LTD,90.18,90.18,90.18,90.18,90.18,0.0,0,0.0
2026-05-01,ETERNAL,EQ,INE758T01015,ETERNAL LIMITED,247.03,247.03,247.03,247.03,247.03,0.0,0,0.0
2026-05-01,EUREKAFORB,EQ,INE0KCE01017,EUREKA FORBES LIMITED,498.65,498.65,498.65,498.65,498.65,0.0,0,0.0
2026-05-01,EVEREADY,EQ,INE128A01029,EVEREADY INDS. IND.  LTD.,335.05,335.05,335.05,335.05,335.05,0.0,0,0.0
2026-05-01,EVINDIA,EQ,INF769K01LQ3,MIRAEAMC - EVINDIA,30.08,30.08,30.08,30.08,30.08,0.0,0,0.0
2026-05-01,EXCELSOFT,EQ,INE606N01019,EXCELSOFT TECHNOLOGIES L,93.53,93.53,93.53,93.53,93.53,0.0,0,0.0
2026-05-01,EXICOM,EQ,INE777F01014,EXICOM TELE SYSTEMS LTD,115.4,115.4,115.4,115.4,115.4,0.0,0,0.0
2026-05-01,EXIDEIND,EQ,INE302A01020,EXIDE INDUSTRIES LTD,360.55,360.55,360.55,360.55,360.55,0.0,0,0.0
2026-05-01,FACT,EQ,INE188A01015,FACT LTD,899.2,899.2,899.2,899.2,899.2,0.0,0,0.0
2026-05-01,FAZE3Q,EQ,INE963C01033,FAZE THREE LIMITED,444.05,444.05,444.05,444.05,444.05,0.0,0,0.0
2026-05-01,FCL,EQ,INE045J01034,FINEOTEX CHEMICAL LIMITED,22.98,22.98,22.98,22.98,22.98,0.0,0,0.0
2026-05-01,FCSSOFT,EQ,INE512B01022,FCS SOFTWARE SOLN. LTD.,1.68,1.68,1.68,1.68,1.68,0.0,0,0.0
2026-05-01,FEDERALBNK,EQ,INE171A01029,FEDERAL BANK LTD,286.95,286.95,286.95,286.95,286.95,0.0,0,0.0
2026-05-01,FEDFINA,EQ,INE007N01010,FEDBANK FINANCIAL SER L,146.23,146.23,146.23,146.23,146.23,0.0,0,0.0
2026-05-01,FIEMIND,EQ,INE737H01014,FIEM INDUSTRIES LIMITED,2182.7,2182.7,2182.7,2182.7,2182.7,0.0,0,0.0
2026-05-01,FILATFASH,EQ,INE185E01021,FILATEX FASHIONS LIMITED,0.26,0.26,0.26,0.26,0.26,0.0,0,0.0
2026-05-01,FINCABLES,EQ,INE235A01022,FINOLEX CABLES LTD,990.55,990.55,990.55,990.55,990.55,0.0,0,0.0
2026-05-01,FINEORG,EQ,INE686Y01026,FINE ORGANIC IND. LTD.,4628.1,4628.1,4628.1,4628.1,4628.1,0.0,0,0.0
2026-05-01,FINIETF,EQ,INF109KC17L8,ICICIPRAMC-ICICIFIN,31.46,31.46,31.46,31.46,31.46,0.0,0,0.0
2026-05-01,FINOPB,EQ,INE02NC01014,FINO PAYMENTS BANK LTD,126.22,126.22,126.22,126.22,126.22,0.0,0,0.0
2026-05-01,FIRSTCRY,EQ,INE02RE01045,BRAINBEES SOLUTIONS LTD,239.21,239.21,239.21,239.21,239.21,0.0,0,0.0
2026-05-01,FISCHER,EQ,INE771F01041,FISCHER MEDICAL VENTURE L,37.96,37.96,37.96,37.96,37.96,0.0,0,0.0
2026-05-01,FLAIR,EQ,INE00Y201027,FLAIR WRITING INDUST LTD,318.75,318.75,318.75,318.75,318.75,0.0,0,0.0
2026-05-01,FLUOROCHEM,EQ,INE09N301011,GUJARAT FLUOROCHEM LTD,3602.0,3602.0,3602.0,3602.0,3602.0,0.0,0,0.0
2026-05-01,FOODSIN,EQ,INE976E01023,FOODS & INNS LIMITED,64.41,64.41,64.41,64.41,64.41,0.0,0,0.0
2026-05-01,FORCEMOT,EQ,INE451A01017,FORCE MOTORS LIMITED,19904.0,19904.0,19904.0,19904.0,19904.0,0.0,0,0.0
2026-05-01,FORTIS,EQ,INE061F01013,FORTIS HEALTHCARE LTD,922.95,922.95,922.95,922.95,922.95,0.0,0,0.0
2026-05-01,FRACTAL,EQ,INE212S01015,FRACTAL ANALYTICS LIMITED,936.05,936.05,936.05,936.05,936.05,0.0,0,0.0
2026-05-01,FSL,EQ,INE684F01012,FIRSTSOURCE SOLU. LTD.,213.94,213.94,213.94,213.94,213.94,0.0,0,0.0
2026-05-01,FUSION,EQ,INE139R01012,FUSION FINANCE LIMITED,191.07,191.07,191.07,191.07,191.07,0.0,0,0.0
2026-05-01,GABRIEL,EQ,INE524A01029,GABRIEL INDIA LTD,1025.6,1025.6,1025.6,1025.6,1025.6,0.0,0,0.0
2026-05-01,GAEL,EQ,INE036B01030,GUJARAT AMBUJA EXPORTS LT,155.75,155.75,155.75,155.75,155.75,0.0,0,0.0
2026-05-01,GAIL,EQ,INE129A01019,GAIL (INDIA) LTD,163.23,163.23,163.23,163.23,163.23,0.0,0,0.0
2026-05-01,GALAPREC,EQ,INE0RE001014,GALA PRECISION ENG LTD,741.75,741.75,741.75,741.75,741.75,0.0,0,0.0
2026-05-01,GALLANTT,EQ,INE297H01019,GALLANTT ISPAT LIMITED,861.85,861.85,861.85,861.85,861.85,0.0,0,0.0
2026-05-01,GANDHAR,EQ,INE717W01049,GANDHAR OIL REFINE IND L,138.73,138.73,138.73,138.73,138.73,0.0,0,0.0
2026-05-01,GANECOS,EQ,INE845D01014,GANESHA ECOSPHERE LIMITED,1049.55,1049.55,1049.55,1049.55,1049.55,0.0,0,0.0
2026-05-01,GANESHHOU,EQ,INE460C01014,GANESH HOUSING LIMITED,665.55,665.55,665.55,665.55,665.55,0.0,0,0.0
2026-05-01,GANGAFORGE,EQ,INE691Z01023,GANGA FORGING LIMITED,2.9,2.9,2.9,2.9,2.9,0.0,0,0.0
2026-05-01,GARFIBRES,EQ,INE276A01018,GARWARE TECH FIBRES LTD,614.75,614.75,614.75,614.75,614.75,0.0,0,0.0
2026-05-01,GARUDA,EQ,INE0JVO01026,GARUDA CONSTRUCT N ENG L,168.53,168.53,168.53,168.53,168.53,0.0,0,0.0
2026-05-01,GATEWAY,EQ,INE079J01017,GATEWAY DISTRIPARKS LTD,57.37,57.37,57.37,57.37,57.37,0.0,0,0.0
2026-05-01,GAUDIUMIVF,EQ,INE0P8B01020,GAUDIUM IVF N WOMEN H L,121.47,121.47,121.47,121.47,121.47,0.0,0,0.0
2026-05-01,GAYAPROJ,EQ,INE336H01023,GAYATRI PROJECTS LTD,17.92,17.92,17.92,17.92,17.92,0.0,0,0.0
2026-05-01,GEEKAYWIRE,EQ,INE669X01032,GEEKAY WIRES LIMITED,25.26,25.26,25.26,25.26,25.26,0.0,0,0.0
2026-05-01,GENCON,EQ,INE854S01022,GENERIC ENG CONS PROJ LTD,40.96,40.96,40.96,40.96,40.96,0.0,0,0.0
2026-05-01,GENESYS,EQ,INE727B01026,GENESYS INTL CORPN LTD,268.69,268.69,268.69,268.69,268.69,0.0,0,0.0
2026-05-01,GENUSPOWER,EQ,INE955D01029,GENUS POWER INFRASTRU LTD,312.05,312.05,312.05,312.05,312.05,0.0,0,0.0
2026-05-01,GEOJITFSL,EQ,INE007B01023,GEOJIT FINANCIAL SER L,64.43,64.43,64.43,64.43,64.43,0.0,0,0.0
2026-05-01,GESHIP,EQ,INE017A01032,THE GE SHPG.LTD,1576.8,1576.8,1576.8,1576.8,1576.8,0.0,0,0.0
2026-05-01,GHCL,EQ,INE539A01019,GHCL LIMITED,506.8,506.8,506.8,506.8,506.8,0.0,0,0.0
2026-05-01,GHCLTEXTIL,EQ,INE0PA801013,GHCL TEXTILES LIMITED,89.07,89.07,89.07,89.07,89.07,0.0,0,0.0
2026-05-01,GICHSGFIN,EQ,INE289B01019,GIC HOUSING FINANCE LTD,151.52,151.52,151.52,151.52,151.52,0.0,0,0.0
2026-05-01,GICRE,EQ,INE481Y01014,GENERAL INS CORP OF INDIA,393.4,393.4,393.4,393.4,393.4,0.0,0,0.0
2026-05-01,GILLANDERS,EQ,INE047B01011,GILLANDERS ARBUTHNOT LTD,93.69,93.69,93.69,93.69,93.69,0.0,0,0.0
2026-05-01,GILLETTE,EQ,INE322A01010,GILLETTE INDIA LTD,7953.5,7953.5,7953.5,7953.5,7953.5,0.0,0,0.0
2026-05-01,GILT5YBEES,EQ,INF204KC1030,RELCAPAMC - NETFGILT5Y,64.38,64.38,64.38,64.38,64.38,0.0,0,0.0
2026-05-01,GIPCL,EQ,INE162A01010,GUJ IND POW CO. LTD,156.85,156.85,156.85,156.85,156.85,0.0,0,0.0
2026-05-01,GKSL,EQ,INE0V0W01025,GUJARAT KIDNEY N SUP SP L,125.22,125.22,125.22,125.22,125.22,0.0,0,0.0
2026-05-01,GLAND,EQ,INE068V01023,GLAND PHARMA LIMITED,1750.8,1750.8,1750.8,1750.8,1750.8,0.0,0,0.0
2026-05-01,GLAXO,EQ,INE159A01016,GLAXOSMITHKLINE PHARMA LT,2336.4,2336.4,2336.4,2336.4,2336.4,0.0,0,0.0
2026-05-01,GLENMARK,EQ,INE935A01035,GLENMARK PHARMACEUTICALS,2406.3,2406.3,2406.3,2406.3,2406.3,0.0,0,0.0
2026-05-01,GLOBAL,EQ,INE291W01037,GLOBAL EDUCATION LIMITED,103.6,103.6,103.6,103.6,103.6,0.0,0,0.0
2026-05-01,GLOSTERLTD,EQ,INE350Z01018,GLOSTER LIMITED,612.9,612.9,612.9,612.9,612.9,0.0,0,0.0
2026-05-01,GLOTTIS,EQ,INE0TQE01026,GLOTTIS LIMITED,58.91,58.91,58.91,58.91,58.91,0.0,0,0.0
2026-05-01,GMBREW,EQ,INE075D01018,G M BREWERIES LTD,957.1,957.1,957.1,957.1,957.1,0.0,0,0.0
2026-05-01,GMDCLTD,EQ,INE131A01031,GUJARAT MINERAL DEV CORP,736.15,736.15,736.15,736.15,736.15,0.0,0,0.0
2026-05-01,GMMPFAUDLR,EQ,INE541A01023,GMM PFAUDLER LIMITED,905.55,905.55,905.55,905.55,905.55,0.0,0,0.0
2026-05-01,GMRAIRPORT,EQ,INE776C01039,GMR AIRPORTS LIMITED,96.43,96.43,96.43,96.43,96.43,0.0,0,0.0
2026-05-01,GMRP&UI,EQ,INE0CU601026,GMR POW AND URBAN INFRA L,106.55,106.55,106.55,106.55,106.55,0.0,0,0.0
2026-05-01,GNA,EQ,INE934S01014,GNA AXLES LIMITED,430.55,430.55,430.55,430.55,430.55,0.0,0,0.0
2026-05-01,GNFC,EQ,INE113A01013,GUJ NAR VAL FER & CHEM L,469.3,469.3,469.3,469.3,469.3,0.0,0,0.0
2026-05-01,GOACARBON,EQ,INE426D01013,GOA CARBON LIMITED,370.7,370.7,370.7,370.7,370.7,0.0,0,0.0
2026-05-01,GODFRYPHLP,EQ,INE260B01028,GODFREY PHILLIPS INDIA LT,2251.0,2251.0,2251.0,2251.0,2251.0,0.0,0,0.0
2026-05-01,GODIGIT,EQ,INE03JT01014,GO DIGIT GENERAL INS LTD,309.05,309.05,309.05,309.05,309.05,0.0,0,0.0
2026-05-01,GODREJAGRO,EQ,INE850D01014,GODREJ AGROVET LIMITED,596.3,596.3,596.3,596.3,596.3,0.0,0,0.0
2026-05-01,GODREJCP,EQ,INE102D01028,GODREJ CONSUMER PRODUCTS,1067.1,1067.1,1067.1,1067.1,1067.1,0.0,0,0.0
2026-05-01,GODREJIND,EQ,INE233A01035,GODREJ INDUSTRIES LTD,959.05,959.05,959.05,959.05,959.05,0.0,0,0.0
2026-05-01,GODREJPROP,EQ,INE484J01027,GODREJ PROPERTIES LTD,1835.2,1835.2,1835.2,1835.2,1835.2,0.0,0,0.0
2026-05-01,GOKEX,EQ,INE887G01027,GOKALDAS EXPORTS LTD.,703.7,703.7,703.7,703.7,703.7,0.0,0,0.0
2026-05-01,GOKULAGRO,EQ,INE314T01033,GOKUL AGRO RESOURCES LTD,232.81,232.81,232.81,232.81,232.81,0.0,0,0.0
2026-05-01,GOLDAXIS,EQ,INF846K01W80,AXISAMC-GOLDAXIS,124.66,124.66,124.66,124.66,124.66,0.0,0,0.0
2026-05-01,GOLDBEES,EQ,INF204KB17I5,NIP IND ETF GOLD BEES,123.43,123.43,123.43,123.43,123.43,0.0,0,0.0
2026-05-01,GOLDBND,EQ,INF194KB1KJ7,BANDHANAMC - GOLDBND,149.29,149.29,149.29,149.29,149.29,0.0,0,0.0
2026-05-01,GOLDCASE,EQ,INF0R8F01042,ZERODHAAMC - GOLDCASE,23.48,23.48,23.48,23.48,23.48,0.0,0,0.0
2026-05-01,GOLDETF,EQ,INF769K01JP9,MIRAEAMC - MAGOLDETF,144.74,144.74,144.74,144.74,144.74,0.0,0,0.0
2026-05-01,GOLDIAM,EQ,INE025B01025,GOLDIAM INTERNATIONAL LTD,282.83,282.83,282.83,282.83,282.83,0.0,0,0.0
2026-05-01,GOODLUCK,EQ,INE127I01024,GOODLUCK INDIA LIMITED,418.22,418.22,418.22,418.22,418.22,0.0,0,0.0
2026-05-01,GOODYEAR,EQ,INE533A01012,GOODYEAR INDIA LIMITED,780.3,780.3,780.3,780.3,780.3,0.0,0,0.0
2026-05-01,GOPAL,EQ,INE0L9R01028,GOPAL SNACKS LIMITED,271.7,271.7,271.7,271.7,271.7,0.0,0,0.0
2026-05-01,GPIL,EQ,INE177H01039,GODAWARI POW & ISP LTD,296.3,296.3,296.3,296.3,296.3,0.0,0,0.0
2026-05-01,GPPL,EQ,INE517F01014,GUJARAT PIPAVAV PORT LTD,156.05,156.05,156.05,156.05,156.05,0.0,0,0.0
2026-05-01,GRANULES,EQ,INE101D01020,GRANULES INDIA LIMITED,699.7,699.7,699.7,699.7,699.7,0.0,0,0.0
2026-05-01,GRAPHITE,EQ,INE371A01025,GRAPHITE INDIA LTD,707.1,707.1,707.1,707.1,707.1,0.0,0,0.0
2026-05-01,GRASIM,EQ,INE047A01021,GRASIM INDUSTRIES LTD,2794.5,2794.5,2794.5,2794.5,2794.5,0.0,0,0.0
2026-05-01,GRAVITA,EQ,INE024L01027,GRAVITA INDIA LIMITED,1630.0,1630.0,1630.0,1630.0,1630.0,0.0,0,0.0
2026-05-01,GREAVESCOT,EQ,INE224A01026,GREAVES COTTON LTD.,165.18,165.18,165.18,165.18,165.18,0.0,0,0.0
2026-05-01,GREENPANEL,EQ,INE08ZM01014,GREENPANEL INDUSTRIES LTD,228.91,228.91,228.91,228.91,228.91,0.0,0,0.0
2026-05-01,GREENPLY,EQ,INE461C01038,GREENPLY INDUSTRIES LTD,267.35,267.35,267.35,267.35,267.35,0.0,0,0.0
2026-05-01,GREENPOWER,EQ,INE999K01014,ORIENT GREEN POWER CO LTD,12.54,12.54,12.54,12.54,12.54,0.0,0,0.0
2026-05-01,GRINFRA,EQ,INE201P01022,G R INFRAPROJECTS LIMITED,937.2,937.2,937.2,937.2,937.2,0.0,0,0.0
2026-05-01,GRMOVER,EQ,INE192H01020,GRM OVERSEAS LIMITED,165.97,165.97,165.97,165.97,165.97,0.0,0,0.0
2026-05-01,GROBTEA,EQ,INE646C01018,THE GROB TEA COMPANY LTD,920.9,920.9,920.9,920.9,920.9,0.0,0,0.0
2026-05-01,GROWW,EQ,INE0HOQ01053,BILLIONBRAINS GARAGE VN L,214.99,214.99,214.99,214.99,214.99,0.0,0,0.0
2026-05-01,GROWWCAPM,EQ,INF666M01MM4,GROWWAMC - GROWWCAPM,11.05,11.05,11.05,11.05,11.05,0.0,0,0.0
2026-05-01,GROWWCHEM,EQ,INF666M01NP5,GROWWAMC - GROWWCHEM,28.32,28.32,28.32,28.32,28.32,0.0,0,0.0
2026-05-01,GROWWDEFNC,EQ,INF666M01IO8,GROWWAMC - GROWWDEFNC,89.33,89.33,89.33,89.33,89.33,0.0,0,0.0
2026-05-01,GROWWEV,EQ,INF666M01IH2,GROWWAMC - GROWWEV,30.05,30.05,30.05,30.05,30.05,0.0,0,0.0
2026-05-01,GROWWGOLD,EQ,INF666M01OE7,GROWWAMC - GROWWGOLD,14.58,14.58,14.58,14.58,14.58,0.0,0,0.0
2026-05-01,GROWWLIQID,EQ,INF666M01IP5,GROWWAMC - GROWWLIQID,108.89,108.89,108.89,108.89,108.89,0.0,0,0.0
2026-05-01,GROWWLOVOL,EQ,INF666M01LB9,GROWWAMC - GROWWLOVOL,10.31,10.31,10.31,10.31,10.31,0.0,0,0.0
2026-05-01,GROWWMC150,EQ,INF666M01MV5,GROWWAMC - GROWWMC150,220.39,220.39,220.39,220.39,220.39,0.0,0,0.0
2026-05-01,GROWWMETAL,EQ,INF666M01NI0,GROWWAMC - GROWWMETAL,12.25,12.25,12.25,12.25,12.25,0.0,0,0.0
2026-05-01,GROWWMOM50,EQ,INF666M01KJ4,GROWWAMC - GROWWMOM50,10.4,10.4,10.4,10.4,10.4,0.0,0,0.0
2026-05-01,GROWWN200,EQ,INF666M01JV1,GROWWAMC - GROWWN200,11.05,11.05,11.05,11.05,11.05,0.0,0,0.0
2026-05-01,GROWWNET,EQ,INF666M01LI4,GROWWAMC - GROWWNET,8.98,8.98,8.98,8.98,8.98,0.0,0,0.0
2026-05-01,GROWWNIFTY,EQ,INF666M01LL8,GROWWAMC - GROWWNIFTY,9.65,9.65,9.65,9.65,9.65,0.0,0,0.0
2026-05-01,GROWWNXT50,EQ,INF666M01LZ8,GROWWAMC - GROWWNXT50,70.0,70.0,70.0,70.0,70.0,0.0,0,0.0
2026-05-01,GROWWPOWER,EQ,INF666M01LM6,GROWWAMC - GROWWPOWER,12.25,12.25,12.25,12.25,12.25,0.0,0,0.0
2026-05-01,GROWWPSE,EQ,INF666M01NQ3,GROWWAMC - GROWWPSE,106.25,106.25,106.25,106.25,106.25,0.0,0,0.0
2026-05-01,GROWWRAIL,EQ,INF666M01JJ6,GROWWAMC - GROWWRAIL,32.56,32.56,32.56,32.56,32.56,0.0,0,0.0
2026-05-01,GROWWRLTY,EQ,INF666M01MN2,GROWWAMC - GROWWRLTY,8.95,8.95,8.95,8.95,8.95,0.0,0,0.0
2026-05-01,GROWWSC250,EQ,INF666M01MO0,GROWWAMC - GROWWSC250,9.65,9.65,9.65,9.65,9.65,0.0,0,0.0
2026-05-01,GROWWSLVR,EQ,INF666M01OF4,GROWWAMC - GROWWSLVR,23.3,23.3,23.3,23.3,23.3,0.0,0,0.0
2026-05-01,GRSE,EQ,INE382Z01011,GARDEN REACH SHIP&ENG LTD,2930.8,2930.8,2930.8,2930.8,2930.8,0.0,0,0.0
2026-05-01,GRWRHITECH,EQ,INE291A01017,GARWARE HI-TECH FILMS LTD,3999.0,3999.0,3999.0,3999.0,3999.0,0.0,0,0.0
2026-05-01,GSEC10IETF,EQ,INF109KC18O0,ICICIPRAMC - ICICI10GS,256.69,256.69,256.69,256.69,256.69,0.0,0,0.0
2026-05-01,GSEC10YEAR,EQ,INF769K01KF8,MIRAEAMC - MAGS813ETF,29.78,29.78,29.78,29.78,29.78,0.0,0,0.0
2026-05-01,GSEC5IETF,EQ,INF109KC14A8,ICICIPRAMC - ICICI5GSEC,64.46,64.46,64.46,64.46,64.46,0.0,0,0.0
2026-05-01,GSFC,EQ,INE026A01025,GUJ STATE FERT & CHEM LTD,170.39,170.39,170.39,170.39,170.39,0.0,0,0.0
2026-05-01,GSPCROP,EQ,INE713R01022,GSP CROP SCIENCE LIMITED,421.1,421.1,421.1,421.1,421.1,0.0,0,0.0
2026-05-01,GTL,EQ,INE043A01012,GTL LTD,7.38,7.38,7.38,7.38,7.38,0.0,0,0.0
2026-05-01,GTLINFRA,EQ,INE221H01019,GTL INFRA.LTD,1.22,1.22,1.22,1.22,1.22,0.0,0,0.0
2026-05-01,GTPL,EQ,INE869I01013,GTPL HATHWAY LIMITED,67.45,67.45,67.45,67.45,67.45,0.0,0,0.0
2026-05-01,GUFICBIO,EQ,INE742B01025,GUFIC BIOSCIENCES LTD.,284.6,284.6,284.6,284.6,284.6,0.0,0,0.0
2026-05-01,GUJALKALI,EQ,INE186A01019,GUJARAT ALKALIES & CHEM,800.95,800.95,800.95,800.95,800.95,0.0,0,0.0
2026-05-01,GUJENERGY,EQ,INE844O01030,GUJARAT ENERGY LIMITED,380.05,380.05,380.05,380.05,380.05,0.0,0,0.0
2026-05-01,GUJTHEM,EQ,INE942C01045,GUJARAT THEMIS BIOSYN LTD,363.58,363.58,363.58,363.58,363.58,0.0,0,0.0
2026-05-01,GULFOILLUB,EQ,INE635Q01029,GULF OIL LUB. IND. LTD.,983.3,983.3,983.3,983.3,983.3,0.0,0,0.0
2026-05-01,GULPOLY,EQ,INE255D01024,GULSHAN POLYOLS LIMITED,181.16,181.16,181.16,181.16,181.16,0.0,0,0.0
2026-05-01,GVPIL,EQ,INE878A01011,GE POWER INDIA LIMITED,604.35,604.35,604.35,604.35,604.35,0.0,0,0.0
2026-05-01,GVT&D,EQ,INE200A01026,GE VERNOVA T&D INDIA LTD,4466.2,4466.2,4466.2,4466.2,4466.2,0.0,0,0.0
2026-05-01,HAL,EQ,INE066F01020,HINDUSTAN AERONAUTICS LTD,4338.8,4338.8,4338.8,4338.8,4338.8,0.0,0,0.0
2026-05-01,HAPPSTMNDS,EQ,INE419U01012,HAPPIEST MINDS TECHNO LTD,373.1,373.1,373.1,373.1,373.1,0.0,0,0.0
2026-05-01,HAPPYFORGE,EQ,INE330T01021,HAPPY FORGINGS LIMITED,1348.0,1348.0,1348.0,1348.0,1348.0,0.0,0,0.0
2026-05-01,HARDWYN,EQ,INE626Z01029,HARDWYN INDIA LIMITED,19.42,19.42,19.42,19.42,19.42,0.0,0,0.0
2026-05-01,HARIOMPIPE,EQ,INE00EV01017,HARIOM PIPE INDUSTRIES L,332.75,332.75,332.75,332.75,332.75,0.0,0,0.0
2026-05-01,HARRMALAYA,EQ,INE544A01019,HARRISON MALAYALAM LTD,223.5,223.5,223.5,223.5,223.5,0.0,0,0.0
2026-05-01,HARSHA,EQ,INE0JUS01029,HARSHA ENGINEERS INT LTD,386.7,386.7,386.7,386.7,386.7,0.0,0,0.0
2026-05-01,HATHWAY,EQ,INE982F01036,HATHWAY CABLE & DATACOM,11.01,11.01,11.01,11.01,11.01,0.0,0,0.0
2026-05-01,HAVELLS,EQ,INE176B01034,HAVELLS INDIA LIMITED,1240.6,1240.6,1240.6,1240.6,1240.6,0.0,0,0.0
2026-05-01,HAVISHA,EQ,INE293B01029,SRI HAVISHA HOSP & INFR L,1.6,1.6,1.6,1.6,1.6,0.0,0,0.0
2026-05-01,HBLENGINE,EQ,INE292B01021,HBL ENGINEERING LTD,798.5,798.5,798.5,798.5,798.5,0.0,0,0.0
2026-05-01,HCC,EQ,INE549A01026,HINDUSTAN CONSTRUCTION CO,22.04,22.04,22.04,22.04,22.04,0.0,0,0.0
2026-05-01,HCG,EQ,INE075I01017,HEALTHCARE GLOB. ENT. LTD,572.55,572.55,572.55,572.55,572.55,0.0,0,0.0
2026-05-01,HCL-INSYS,EQ,INE236A01020,HCL INFOSYSTEMS LTD,12.17,12.17,12.17,12.17,12.17,0.0,0,0.0
2026-05-01,HCLTECH,EQ,INE860A01027,HCL TECHNOLOGIES LTD,1199.1,1199.1,1199.1,1199.1,1199.1,0.0,0,0.0
2026-05-01,HDBFS,EQ,INE756I01012,HDB FINANCIAL SERVICES L,656.6,656.6,656.6,656.6,656.6,0.0,0,0.0
2026-05-01,HDFCAMC,EQ,INE127D01025,HDFC AMC LIMITED,2712.6,2712.6,2712.6,2712.6,2712.6,0.0,0,0.0
2026-05-01,HDFCBANK,EQ,INE040A01034,HDFC BANK LTD,771.7,771.7,771.7,771.7,771.7,0.0,0,0.0
2026-05-01,HDFCBSE500,EQ,INF179KC1EZ4,HDFCAMC - HDFCBSE500,36.3,36.3,36.3,36.3,36.3,0.0,0,0.0
2026-05-01,HDFCGROWTH,EQ,INF179KC1DJ0,HDFCAMC - HDFCGROWTH,114.56,114.56,114.56,114.56,114.56,0.0,0,0.0
2026-05-01,HDFCLIFE,EQ,INE795G01014,HDFC LIFE INS CO LTD,586.9,586.9,586.9,586.9,586.9,0.0,0,0.0
2026-05-01,HDFCLIQUID,EQ,INF179KC1JG3,HDFCAMC - HDFCLIQUID,1058.83,1058.83,1058.83,1058.83,1058.83,0.0,0,0.0
2026-05-01,HDFCLOWVOL,EQ,INF179KC1HU8,HDFCAMC - HDFCLOWVOL,20.1,20.1,20.1,20.1,20.1,0.0,0,0.0
2026-05-01,HDFCMID150,EQ,INF179KC1HT0,HDFCAMC - HDFCMID150,22.17,22.17,22.17,22.17,22.17,0.0,0,0.0
2026-05-01,HDFCMOMENT,EQ,INF179KC1HV6,HDFCAMC - HDFCMOMENT,30.48,30.48,30.48,30.48,30.48,0.0,0,0.0
2026-05-01,HDFCNEXT50,EQ,INF179KC1HS2,HDFCAMC - HDFCNEXT50,71.22,71.22,71.22,71.22,71.22,0.0,0,0.0
2026-05-01,HDFCNIF100,EQ,INF179KC1HR4,HDFCAMC - HDFCNIF100,25.59,25.59,25.59,25.59,25.59,0.0,0,0.0
2026-05-01,HDFCNIFBAN,EQ,INF179KC1HY0,HDFCAMC - HDFCNIFBAN,56.28,56.28,56.28,56.28,56.28,0.0,0,0.0
2026-05-01,HDFCNIFIT,EQ,INF179KC1IA8,HDFCAMC - HDFCNIFIT,31.31,31.31,31.31,31.31,31.31,0.0,0,0.0
2026-05-01,HDFCPSUBK,EQ,INF179KC1HW4,HDFCAMC HDFCPSUBK,85.54,85.54,85.54,85.54,85.54,0.0,0,0.0
2026-05-01,HDFCPVTBAN,EQ,INF179KC1HZ7,HDFCAMC - HDFCPVTBAN,26.67,26.67,26.67,26.67,26.67,0.0,0,0.0
2026-05-01,HDFCQUAL,EQ,INF179KC1DL6,HDFCAMC - HDFCQUAL,57.34,57.34,57.34,57.34,57.34,0.0,0,0.0
2026-05-01,HDFCSILVER,EQ,INF179KC1DI2,HDFCAMC - HDFCSILVER,227.75,227.75,227.75,227.75,227.75,0.0,0,0.0
2026-05-01,HDFCSML250,EQ,INF179KC1FB2,HDFCAMC - HDFCSML250,168.64,168.64,168.64,168.64,168.64,0.0,0,0.0
2026-05-01,HDFCVALUE,EQ,INF179KC1DK8,HDFCAMC - HDFCVALUE,129.83,129.83,129.83,129.83,129.83,0.0,0,0.0
2026-05-01,HEALTHADD,EQ,INF740KA1ZG1,DSPAMC - HEALTHADD,150.42,150.42,150.42,150.42,150.42,0.0,0,0.0
2026-05-01,HEALTHAXIS,EQ,INF846K01Z12,AXISAMC-HEALTHAXIS,151.48,151.48,151.48,151.48,151.48,0.0,0,0.0
2026-05-01,HEALTHCARE,EQ,INF769K01QA6,MIRAEAMC - HEALTHCARE,19.0,19.0,19.0,19.0,19.0,0.0,0,0.0
2026-05-01,HEALTHY,EQ,INF209KB10C2,BIRLASLAMC - HEALTHY,15.31,15.31,15.31,15.31,15.31,0.0,0,0.0
2026-05-01,HEIDELBERG,EQ,INE578A01017,HEIDELBERGCEMENT (I) LTD,158.83,158.83,158.83,158.83,158.83,0.0,0,0.0
2026-05-01,HEMIPROP,EQ,INE0AJG01018,HEMISPHERE PROP IND LTD,128.12,128.12,128.12,128.12,128.12,0.0,0,0.0
2026-05-01,HERANBA,EQ,INE694N01015,HERANBA INDUSTRIES LTD,219.14,219.14,219.14,219.14,219.14,0.0,0,0.0
2026-05-01,HERITGFOOD,EQ,INE978A01027,HERITAGE FOODS LTD,358.15,358.15,358.15,358.15,358.15,0.0,0,0.0
2026-05-01,HEROMOTOCO,EQ,INE158A01026,HERO MOTOCORP LIMITED,5099.0,5099.0,5099.0,5099.0,5099.0,0.0,0,0.0
2026-05-01,HESTERBIO,EQ,INE782E01017,HESTER BIOSCIENCES LTD,1634.2,1634.2,1634.2,1634.2,1634.2,0.0,0,0.0
2026-05-01,HEXT,EQ,INE093A01041,HEXAWARE TECHNOLOGIES LTD,447.65,447.65,447.65,447.65,447.65,0.0,0,0.0
2026-05-01,HGINFRA,EQ,INE926X01010,H.G.INFRA ENGINEERING LTD,595.0,595.0,595.0,595.0,595.0,0.0,0,0.0
2026-05-01,HGM,EQ,INE596H01014,HANDSON GBL MNGMNT LTD,53.48,53.48,53.48,53.48,53.48,0.0,0,0.0
2026-05-01,HIKAL,EQ,INE475B01022,HIKAL LIMITED,189.25,189.25,189.25,189.25,189.25,0.0,0,0.0
2026-05-01,HILINFRA,EQ,INE00RL01028,HIGHWAY INFRASTRUCTURE L,51.87,51.87,51.87,51.87,51.87,0.0,0,0.0
2026-05-01,HIMATSEIDE,EQ,INE049A01027,HIMATSINGKA SEIDE LTD,88.79,88.79,88.79,88.79,88.79,0.0,0,0.0
2026-05-01,HINDALCO,EQ,INE038A01020,HINDALCO  INDUSTRIES  LTD,1038.0,1038.0,1038.0,1038.0,1038.0,0.0,0,0.0
2026-05-01,HINDCON,EQ,INE642Y01029,HINDCON CHEMICALS LIMITED,23.23,23.23,23.23,23.23,23.23,0.0,0,0.0
2026-05-01,HINDCOPPER,EQ,INE531E01026,HINDUSTAN COPPER LTD,534.85,534.85,534.85,534.85,534.85,0.0,0,0.0
2026-05-01,HINDOILEXP,EQ,INE345A01011,HINDUSTAN OIL EXPLORATION,158.6,158.6,158.6,158.6,158.6,0.0,0,0.0
2026-05-01,HINDPETRO,EQ,INE094A01015,HINDUSTAN PETROLEUM CORP,374.55,374.55,374.55,374.55,374.55,0.0,0,0.0
2026-05-01,HINDUNILVR,EQ,INE030A01027,HINDUSTAN UNILEVER LTD.,2250.9,2250.9,2250.9,2250.9,2250.9,0.0,0,0.0
2026-05-01,HINDZINC,EQ,INE267A01025,HINDUSTAN ZINC LIMITED,595.95,595.95,595.95,595.95,595.95,0.0,0,0.0
2026-05-01,HIRECT,EQ,INE835D01023,HIRECT LIMITED,941.7,941.7,941.7,941.7,941.7,0.0,0,0.0
2026-05-01,HITECH,EQ,INE106T01025,HI-TECH PIPES LIMITED,92.17,92.17,92.17,92.17,92.17,0.0,0,0.0
2026-05-01,HLEGLAS,EQ,INE461D01028,HLE GLASCOAT LIMITED,320.35,320.35,320.35,320.35,320.35,0.0,0,0.0
2026-05-01,HNDFDS,EQ,INE254N01026,HINDUSTAN FOODS LIMITED,492.95,492.95,492.95,492.95,492.95,0.0,0,0.0
2026-05-01,HNGSNGBEES,EQ,INF204KB19I1,NIP IND ETF HANGSENG BEES,522.27,522.27,522.27,522.27,522.27,0.0,0,0.0
2026-05-01,HONASA,EQ,INE0J5401028,HONASA CONSUMER LIMITED,340.6,340.6,340.6,340.6,340.6,0.0,0,0.0
2026-05-01,HPIL,EQ,INE05X901010,HINDPRAKASH INDUSTRY LTD,134.88,134.88,134.88,134.88,134.88,0.0,0,0.0
2026-05-01,HPL,EQ,INE495S01016,HPL ELECTRIC & POWER LTD,357.6,357.6,357.6,357.6,357.6,0.0,0,0.0
2026-05-01,HSCL,EQ,INE019C01026,HIMADRI SPECIALITY CHEM L,607.75,607.75,607.75,607.75,607.75,0.0,0,0.0
2026-05-01,HUBTOWN,EQ,INE703H01016,HUBTOWN LIMITED,202.82,202.82,202.82,202.82,202.82,0.0,0,0.0
2026-05-01,HUDCO,EQ,INE031A01017,HSG & URBAN DEV CORPN LTD,220.87,220.87,220.87,220.87,220.87,0.0,0,0.0
2026-05-01,HUHTAMAKI,EQ,INE275B01026,HUHTAMAKI INDIA LIMITED,179.36,179.36,179.36,179.36,179.36,0.0,0,0.0
2026-05-01,HYUNDAI,EQ,INE0V6F01027,HYUNDAI MOTOR INDIA LTD,1817.6,1817.6,1817.6,1817.6,1817.6,0.0,0,0.0
2026-05-01,IBULLSLTD,EQ,INE126M01010,INDIABULLS LIMITED,19.73,19.73,19.73,19.73,19.73,0.0,0,0.0
2026-05-01,ICEMAKE,EQ,INE520Y01019,ICE MAKE REFRIGERAT LTD,797.65,797.65,797.65,797.65,797.65,0.0,0,0.0
2026-05-01,ICICIAMC,EQ,INE346A01027,ICICI PRUDENTIAL AMC LTD,3290.2,3290.2,3290.2,3290.2,3290.2,0.0,0,0.0
2026-05-01,ICICIB22,EQ,INF109KB15Y7,ICICIPRAMC - BHARATIWIN,124.46,124.46,124.46,124.46,124.46,0.0,0,0.0
2026-05-01,ICICIBANK,EQ,INE090A01021,ICICI BANK LTD.,1263.4,1263.4,1263.4,1263.4,1263.4,0.0,0,0.0
2026-05-01,ICICIGI,EQ,INE765G01017,ICICI LOMBARD GIC LIMITED,1763.2,1763.2,1763.2,1763.2,1763.2,0.0,0,0.0
2026-05-01,ICICIPRULI,EQ,INE726G01019,ICICI PRU LIFE INS CO LTD,513.85,513.85,513.85,513.85,513.85,0.0,0,0.0
2026-05-01,ICIL,EQ,INE483B01026,INDO COUNT INDUSTRIES LTD,277.36,277.36,277.36,277.36,277.36,0.0,0,0.0
2026-05-01,IDBI,EQ,INE008A01015,IDBI BANK LIMITED,75.88,75.88,75.88,75.88,75.88,0.0,0,0.0
2026-05-01,IDEA,EQ,INE669E01016,VODAFONE IDEA LIMITED,10.22,10.22,10.22,10.22,10.22,0.0,0,0.0
2026-05-01,IDEAFORGE,EQ,INE349Y01013,IDEAFORGE TECHNO LTD,609.2,609.2,609.2,609.2,609.2,0.0,0,0.0
2026-05-01,IDFCFIRSTB,EQ,INE092T01019,IDFC FIRST BANK LIMITED,69.64,69.64,69.64,69.64,69.64,0.0,0,0.0
2026-05-01,IDFNIFTYET,EQ,INF194KA1U07,BANDHANAMC - IDFNIFTYET,263.68,263.68,263.68,263.68,263.68,0.0,0,0.0
2026-05-01,IEX,EQ,INE022Q01020,INDIAN ENERGY EXC LTD,125.19,125.19,125.19,125.19,125.19,0.0,0,0.0
2026-05-01,IFBAGRO,EQ,INE076C01018,IFB AGRO INDUSTRIES LTD,866.35,866.35,866.35,866.35,866.35,0.0,0,0.0
2026-05-01,IFBIND,EQ,INE559A01017,IFB INDUSTRIES LTD,1142.85,1142.85,1142.85,1142.85,1142.85,0.0,0,0.0
2026-05-01,IFCI,EQ,INE039A01010,IFCI LTD,58.69,58.69,58.69,58.69,58.69,0.0,0,0.0
2026-05-01,IFGLEXPOR,EQ,INE133Y01011,IFGL REFRACTORIES LIMITED,189.83,189.83,189.83,189.83,189.83,0.0,0,0.0
2026-05-01,IGARASHI,EQ,INE188B01013,IGARASHI MOTORS INDIA LTD,387.3,387.3,387.3,387.3,387.3,0.0,0,0.0
2026-05-01,IGIL,EQ,INE0Q9301021,INTL GEMOLOGICAL INST LTD,345.95,345.95,345.95,345.95,345.95,0.0,0,0.0
2026-05-01,IGL,EQ,INE203G01027,INDRAPRASTHA GAS LTD,166.02,166.02,166.02,166.02,166.02,0.0,0,0.0
2026-05-01,IIFL,EQ,INE530B01024,IIFL FINANCE LIMITED,458.95,458.95,458.95,458.95,458.95,0.0,0,0.0
2026-05-01,IIFLCAPS,EQ,INE489L01022,IIFL CAPITAL SERVICES LTD,312.33,312.33,312.33,312.33,312.33,0.0,0,0.0
2026-05-01,IKIO,EQ,INE0LOJ01019,IKIO TECHNOLOGIES LIMITED,157.95,157.95,157.95,157.95,157.95,0.0,0,0.0
2026-05-01,IKS,EQ,INE115Q01022,INVENTURUS KNOWLEDGE SO L,1654.7,1654.7,1654.7,1654.7,1654.7,0.0,0,0.0
2026-05-01,IMFA,EQ,INE919H01018,INDIAN METALS & FERRO,1502.6,1502.6,1502.6,1502.6,1502.6,0.0,0,0.0
2026-05-01,INA,EQ,INE0LGX01024,INSOLATION ENERGY LIMITED,147.18,147.18,147.18,147.18,147.18,0.0,0,0.0
2026-05-01,INDBANK,EQ,INE841B01017,INDBANK MERCH BANK,34.21,34.21,34.21,34.21,34.21,0.0,0,0.0
2026-05-01,INDGN,EQ,INE065X01017,INDEGENE LIMITED,499.75,499.75,499.75,499.75,499.75,0.0,0,0.0
2026-05-01,INDHOTEL,EQ,INE053A01029,THE INDIAN HOTELS CO. LTD,635.85,635.85,635.85,635.85,635.85,0.0,0,0.0
2026-05-01,INDIACEM,EQ,INE383A01012,THE INDIA CEMENTS LIMITED,395.9,395.9,395.9,395.9,395.9,0.0,0,0.0
2026-05-01,INDIAGLYCO,EQ,INE560A01023,INDIA GLYCOLS LTD,1042.05,1042.05,1042.05,1042.05,1042.05,0.0,0,0.0
2026-05-01,INDIAMART,EQ,INE933S01016,INDIAMART INTERMESH LTD,2103.6,2103.6,2103.6,2103.6,2103.6,0.0,0,0.0
2026-05-01,INDIANB,EQ,INE562A01011,INDIAN BANK,851.85,851.85,851.85,851.85,851.85,0.0,0,0.0
2026-05-01,INDIANHUME,EQ,INE323C01030,INDIAN HUME PIPE CO. LTD.,327.0,327.0,327.0,327.0,327.0,0.0,0,0.0
2026-05-01,INDIGOPNTS,EQ,INE09VQ01012,INDIGO PAINTS LIMITED,860.2,860.2,860.2,860.2,860.2,0.0,0,0.0
2026-05-01,INDOCO,EQ,INE873D01024,INDOCO REMEDIES LTD.,209.49,209.49,209.49,209.49,209.49,0.0,0,0.0
2026-05-01,INDOFARM,EQ,INE622H01018,INDO FARM EQUIPMENT LTD,136.69,136.69,136.69,136.69,136.69,0.0,0,0.0
2026-05-01,INDORAMA,EQ,INE156A01020,INDO RAMA SYNTHETICS LTD,38.36,38.36,38.36,38.36,38.36,0.0,0,0.0
2026-05-01,INDOSTAR,EQ,INE896L01010,INDOSTAR CAPITAL FIN LTD,202.66,202.66,202.66,202.66,202.66,0.0,0,0.0
2026-05-01,INDOTECH,EQ,INE332H01014,INDO TECH TRANSFORM LTD.,2702.3,2702.3,2702.3,2702.3,2702.3,0.0,0,0.0
2026-05-01,INDRAMEDCO,EQ,INE681B01017,INDRAPRASTHA MEDICAL CORP,402.05,402.05,402.05,402.05,402.05,0.0,0,0.0
2026-05-01,INDSWFTLAB,EQ,INE915B01019,IND SWIFT LABORATORIES LT,137.54,137.54,137.54,137.54,137.54,0.0,0,0.0
2026-05-01,INDUSINDBK,EQ,INE095A01012,INDUSIND BANK LIMITED,916.05,916.05,916.05,916.05,916.05,0.0,0,0.0
2026-05-01,INDUSTOWER,EQ,INE121J01017,INDUS TOWERS LIMITED,409.95,409.95,409.95,409.95,409.95,0.0,0,0.0
2026-05-01,INFOBEAN,EQ,INE344S01016,INFOBEANS TECHNO. LTD.,179.96,179.96,179.96,179.96,179.96,0.0,0,0.0
2026-05-01,INFRA,EQ,INF769K01QB4,MIRAEAMC - INFRA,11.95,11.95,11.95,11.95,11.95,0.0,0,0.0
2026-05-01,INFY,EQ,INE009A01021,INFOSYS LIMITED,1181.8,1181.8,1181.8,1181.8,1181.8,0.0,0,0.0
2026-05-01,INGERRAND,EQ,INE177A01018,INGERSOLL-RAND INDIA LTD,4417.7,4417.7,4417.7,4417.7,4417.7,0.0,0,0.0
2026-05-01,INNOVISION,EQ,INE0ADB01012,INNOVISION LIMITED,323.1,323.1,323.1,323.1,323.1,0.0,0,0.0
2026-05-01,INOXGREEN,EQ,INE510W01014,INOX GREEN ENERGY SER LTD,180.73,180.73,180.73,180.73,180.73,0.0,0,0.0
2026-05-01,INOXINDIA,EQ,INE616N01034,INOX INDIA LIMITED,1457.0,1457.0,1457.0,1457.0,1457.0,0.0,0,0.0
2026-05-01,INOXWIND,EQ,INE066P01011,INOX WIND LIMITED,100.95,100.95,100.95,100.95,100.95,0.0,0,0.0
2026-05-01,INTELLECT,EQ,INE306R01017,INTELLECT DESIGN ARENA,745.35,745.35,745.35,745.35,745.35,0.0,0,0.0
2026-05-01,INTLCONV,EQ,INE575C01027,INTL CONVEYORS LIMITED,77.61,77.61,77.61,77.61,77.61,0.0,0,0.0
2026-05-01,INVENTURE,EQ,INE878H01024,INVENTURE GRO & SEC LTD,1.01,1.01,1.01,1.01,1.01,0.0,0,0.0
2026-05-01,IOB,EQ,INE565A01014,INDIAN OVERSEAS BANK,35.0,35.0,35.0,35.0,35.0,0.0,0,0.0
2026-05-01,IOC,EQ,INE242A01010,INDIAN OIL CORP LTD,142.25,142.25,142.25,142.25,142.25,0.0,0,0.0
2026-05-01,IOLCP,EQ,INE485C01029,IOL CHEM AND PHARMA LTD,94.32,94.32,94.32,94.32,94.32,0.0,0,0.0
2026-05-01,IONEXCHANG,EQ,INE570A01022,ION EXCHANGE (INDIA) LTD,396.4,396.4,396.4,396.4,396.4,0.0,0,0.0
2026-05-01,IPCALAB,EQ,INE571A01038,IPCA LABORATORIES LTD,1530.9,1530.9,1530.9,1530.9,1530.9,0.0,0,0.0
2026-05-01,IRB,EQ,INE821I01022,IRB INFRA DEV LTD.,21.54,21.54,21.54,21.54,21.54,0.0,0,0.0
2026-05-01,IRCON,EQ,INE962Y01021,IRCON INTERNATIONAL LTD,152.2,152.2,152.2,152.2,152.2,0.0,0,0.0
2026-05-01,IRCTC,EQ,INE335Y01020,INDIAN RAIL TOUR CORP LTD,539.55,539.55,539.55,539.55,539.55,0.0,0,0.0
2026-05-01,IREDA,EQ,INE202E01016,INDIAN RENEWABLE ENERGY,135.1,135.1,135.1,135.1,135.1,0.0,0,0.0
2026-05-01,IRFC,EQ,INE053F01010,INDIAN RAILWAY FIN CORP L,104.21,104.21,104.21,104.21,104.21,0.0,0,0.0
2026-05-01,IRMENERGY,EQ,INE07U701015,IRM ENERGY LIMITED,356.91,356.91,356.91,356.91,356.91,0.0,0,0.0
2026-05-01,IT,EQ,INF174KA1GC5,KOTAKMAMC - KOTAKIT,32.55,32.55,32.55,32.55,32.55,0.0,0,0.0
2026-05-01,ITAXIS,EQ,INF846K01Y96,AXISAMC-ITAXIS,322.84,322.84,322.84,322.84,322.84,0.0,0,0.0
2026-05-01,ITBEES,EQ,INF204KB15V2,NIP IND ETF IT,32.44,32.44,32.44,32.44,32.44,0.0,0,0.0
2026-05-01,ITBETA,EQ,INF789F1AZD8,UTIAMC-ITBETA,307.79,307.79,307.79,307.79,307.79,0.0,0,0.0
2026-05-01,ITC,EQ,INE154A01025,ITC LTD,314.9,314.9,314.9,314.9,314.9,0.0,0,0.0
2026-05-01,ITCHOTELS,EQ,INE379A01028,ITC HOTELS LIMITED,160.57,160.57,160.57,160.57,160.57,0.0,0,0.0
2026-05-01,ITETF,EQ,INF769K01KV5,MIRAEAMC - ITETF,30.94,30.94,30.94,30.94,30.94,0.0,0,0.0
2026-05-01,ITI,EQ,INE248A01017,ITI LTD,298.88,298.88,298.88,298.88,298.88,0.0,0,0.0
2026-05-01,IVC,EQ,INE050B01023,IL&FS INVESTMENT MANAGERS,8.0,8.0,8.0,8.0,8.0,0.0,0,0.0
2026-05-01,IVZINGOLD,EQ,INF205KA1BP1,INVESCO INDIA GOLD ETF,130.25,130.25,130.25,130.25,130.25,0.0,0,0.0
2026-05-01,IVZINNIFTY,EQ,INF205KA1CC7,INVESCO INDIA NIFTY ETF,2730.85,2730.85,2730.85,2730.85,2730.85,0.0,0,0.0
2026-05-01,IXIGO,EQ,INE0HV901016,LE TRAVENUES TECHNOLOGY L,168.08,168.08,168.08,168.08,168.08,0.0,0,0.0
2026-05-01,J&KBANK,EQ,INE168A01041,J & K BANK LTD.,129.02,129.02,129.02,129.02,129.02,0.0,0,0.0
2026-05-01,JAGRAN,EQ,INE199G01027,JAGRAN PRAKASHAN LIMITED,65.97,65.97,65.97,65.97,65.97,0.0,0,0.0
2026-05-01,JAGSNPHARM,EQ,INE048B01035,JAGSONPAL PHARMACEUTICALS,210.37,210.37,210.37,210.37,210.37,0.0,0,0.0
2026-05-01,JAIBALAJI,EQ,INE091G01026,JAI BALAJI INDUSTRIES LTD,78.29,78.29,78.29,78.29,78.29,0.0,0,0.0
2026-05-01,JAICORPLTD,EQ,INE070D01027,JAI CORP LIMITED,115.98,115.98,115.98,115.98,115.98,0.0,0,0.0
2026-05-01,JAINREC,EQ,INE0YD401026,JAIN RESOURCE RECYCLING L,458.95,458.95,458.95,458.95,458.95,0.0,0,0.0
2026-05-01,JAMNAAUTO,EQ,INE039C01032,JAMNA AUTO IND LTD,121.56,121.56,121.56,121.56,121.56,0.0,0,0.0
2026-05-01,JAYKAY,EQ,INE903A01025,JAYKAY ENTERPRISES LTD,182.0,182.0,182.0,182.0,182.0,0.0,0,0.0
2026-05-01,JAYNECOIND,EQ,INE854B01010,JAYASWAL NECO INDUSTR LTD,110.79,110.79,110.79,110.79,110.79,0.0,0,0.0
2026-05-01,JBMA,EQ,INE927D01051,JBM AUTO LIMITED,630.15,630.15,630.15,630.15,630.15,0.0,0,0.0
2026-05-01,JETFREIGHT,EQ,INE982V01025,JET FREIGHT LOGISTICS LTD,20.45,20.45,20.45,20.45,20.45,0.0,0,0.0
2026-05-01,JINDALPOLY,EQ,INE197D01010,JINDAL POLY FILMS LIMITED,725.65,725.65,725.65,725.65,725.65,0.0,0,0.0
2026-05-01,JINDALSAW,EQ,INE324A01032,JINDAL SAW LIMITED,222.75,222.75,222.75,222.75,222.75,0.0,0,0.0
2026-05-01,JINDALSTEL,EQ,INE749A01030,JINDAL STEEL LIMITED,1223.1,1223.1,1223.1,1223.1,1223.1,0.0,0,0.0
2026-05-01,JINDRILL,EQ,INE742C01031,JINDAL DRILLING IND. LTD,539.3,539.3,539.3,539.3,539.3,0.0,0,0.0
2026-05-01,JINDWORLD,EQ,INE247D01039,JINDAL WORLDWIDE LTD,25.9,25.9,25.9,25.9,25.9,0.0,0,0.0
2026-05-01,JIOFIN,EQ,INE758E01017,JIO FIN SERVICES LTD,246.37,246.37,246.37,246.37,246.37,0.0,0,0.0
2026-05-01,JISLDVREQS,EQ,IN9175A01010,JAIN DVR EQUITY SHARES,23.81,23.81,23.81,23.81,23.81,0.0,0,0.0
2026-05-01,JISLJALEQS,EQ,INE175A01038,JAIN IRRIGATION SYSTEMS,32.52,32.52,32.52,32.52,32.52,0.0,0,0.0
2026-05-01,JKCEMENT,EQ,INE823G01014,JK CEMENT LIMITED,5287.0,5287.0,5287.0,5287.0,5287.0,0.0,0,0.0
2026-05-01,JKIL,EQ,INE576I01022,JKUMAR INFR.LTD.,519.9,519.9,519.9,519.9,519.9,0.0,0,0.0
2026-05-01,JKIPL,EQ,INE1FF001016,JINKUSHAL INDUSTRIES LTD,90.67,90.67,90.67,90.67,90.67,0.0,0,0.0
2026-05-01,JKLAKSHMI,EQ,INE786A01032,JK LAKSHMI CEMENT LTD,645.1,645.1,645.1,645.1,645.1,0.0,0,0.0
2026-05-01,JKTYRE,EQ,INE573A01042,JK TYRE & INDUSTRIES LTD,406.1,406.1,406.1,406.1,406.1,0.0,0,0.0
2026-05-01,JLHL,EQ,INE682M01020,JUPITER LIFE LINE HOSP L,245.18,245.18,245.18,245.18,245.18,0.0,0,0.0
2026-05-01,JMFINANCIL,EQ,INE780C01023,JM FINANCIAL LIMITED,139.07,139.07,139.07,139.07,139.07,0.0,0,0.0
2026-05-01,JNKINDIA,EQ,INE0OAF01028,JNK INDIA LIMITED,360.66,360.66,360.66,360.66,360.66,0.0,0,0.0
2026-05-01,JPPOWER,EQ,INE351F01018,JAIPRAKASH POWER VEN. LTD,19.72,19.72,19.72,19.72,19.72,0.0,0,0.0
2026-05-01,JSFB,EQ,INE953L01027,JANA SMALL FIN BANK LTD,458.15,458.15,458.15,458.15,458.15,0.0,0,0.0
2026-05-01,JSL,EQ,INE220G01021,JINDAL STAINLESS LIMITED,767.4,767.4,767.4,767.4,767.4,0.0,0,0.0
2026-05-01,JSLL,EQ,INE0J5801029,JEENA SIKHO LIFECARE LTD,674.9,674.9,674.9,674.9,674.9,0.0,0,0.0
2026-05-01,JSWCEMENT,EQ,INE718I01012,JSW CEMENT LIMITED,122.47,122.47,122.47,122.47,122.47,0.0,0,0.0
2026-05-01,JSWDULUX,EQ,INE133A01011,JSW DULUX LIMITED,2950.7,2950.7,2950.7,2950.7,2950.7,0.0,0,0.0
2026-05-01,JSWENERGY,EQ,INE121E01018,JSW ENERGY LIMITED,561.15,561.15,561.15,561.15,561.15,0.0,0,0.0
2026-05-01,JSWHL,EQ,INE824G01012,JSW HOLDINGS LIMITED,12393.0,12393.0,12393.0,12393.0,12393.0,0.0,0,0.0
2026-05-01,JSWINFRA,EQ,INE880J01026,JSW INFRASTRUCTURE LTD,271.98,271.98,271.98,271.98,271.98,0.0,0,0.0
2026-05-01,JSWSTEEL,EQ,INE019A01038,JSW STEEL LIMITED,1264.5,1264.5,1264.5,1264.5,1264.5,0.0,0,0.0
2026-05-01,JTEKTINDIA,EQ,INE643A01035,JTEKT INDIA LIMITED,136.12,136.12,136.12,136.12,136.12,0.0,0,0.0
2026-05-01,JTLIND,EQ,INE391J01032,JTL INDUSTRIES LIMITED,79.5,79.5,79.5,79.5,79.5,0.0,0,0.0
2026-05-01,JUBLCPL,EQ,INE03CC01015,JUBILANT AGRI N CON PRO L,1711.9,1711.9,1711.9,1711.9,1711.9,0.0,0,0.0
2026-05-01,JUBLFOOD,EQ,INE797F01020,JUBILANT FOODWORKS LTD,478.6,478.6,478.6,478.6,478.6,0.0,0,0.0
2026-05-01,JUBLINGREA,EQ,INE0BY001018,JUBILANT INGREVIA LIMITED,713.75,713.75,713.75,713.75,713.75,0.0,0,0.0
2026-05-01,JUNIORBEES,EQ,INF732E01045,NIP IND ETF JUNIOR BEES,752.8,752.8,752.8,752.8,752.8,0.0,0,0.0
2026-05-01,JUNIPER,EQ,INE696F01016,JUNIPER HOTELS LIMITED,202.88,202.88,202.88,202.88,202.88,0.0,0,0.0
2026-05-01,JUSTDIAL,EQ,INE599M01018,JUSTDIAL LTD.,525.95,525.95,525.95,525.95,525.95,0.0,0,0.0
2026-05-01,JWL,EQ,INE209L01016,JUPITER WAGONS LIMITED,283.73,283.73,283.73,283.73,283.73,0.0,0,0.0
2026-05-01,JYOTHYLAB,EQ,INE668F01031,JYOTHY LABS LIMITED,265.64,265.64,265.64,265.64,265.64,0.0,0,0.0
2026-05-01,JYOTICNC,EQ,INE980O01024,JYOTI CNC AUTOMATION LTD,749.95,749.95,749.95,749.95,749.95,0.0,0,0.0
2026-05-01,JYOTISTRUC,EQ,INE197A01024,JYOTI STRUCTURES LTD,13.21,13.21,13.21,13.21,13.21,0.0,0,0.0
2026-05-01,KAJARIACER,EQ,INE217B01036,KAJARIA CERAMICS LTD,1187.65,1187.65,1187.65,1187.65,1187.65,0.0,0,0.0
2026-05-01,KAKATCEM,EQ,INE437B01014,KAKATIYA CEM SUGAR &IND L,134.0,134.0,134.0,134.0,134.0,0.0,0,0.0
2026-05-01,KALAMANDIR,EQ,INE438K01021,SAI SILKS (KALAMANDIR) L,101.35,101.35,101.35,101.35,101.35,0.0,0,0.0
2026-05-01,KALYANKJIL,EQ,INE303R01014,KALYAN JEWELLERS IND LTD,412.75,412.75,412.75,412.75,412.75,0.0,0,0.0
2026-05-01,KAPSTON,EQ,INE542Z01028,KAPSTON SERVICES LIMITED,343.55,343.55,343.55,343.55,343.55,0.0,0,0.0
2026-05-01,KARURVYSYA,EQ,INE036D01028,KARUR VYSYA BANK LTD,293.5,293.5,293.5,293.5,293.5,0.0,0,0.0
2026-05-01,KAYNES,EQ,INE918Z01012,KAYNES TECHNOLOGY IND LTD,4044.4,4044.4,4044.4,4044.4,4044.4,0.0,0,0.0
2026-05-01,KEC,EQ,INE389H01022,KEC INTL. LIMITED,560.7,560.7,560.7,560.7,560.7,0.0,0,0.0
2026-05-01,KECL,EQ,INE134B01017,KIRLOSKAR ELECTRIC CO LTD,127.83,127.83,127.83,127.83,127.83,0.0,0,0.0
2026-05-01,KEI,EQ,INE878B01027,KEI INDUSTRIES LTD.,4857.5,4857.5,4857.5,4857.5,4857.5,0.0,0,0.0
2026-05-01,KELLTONTEC,EQ,INE164B01030,KELLTON TECH SOL LTD,15.44,15.44,15.44,15.44,15.44,0.0,0,0.0
2026-05-01,KENNAMET,EQ,INE717A01029,KENNAMETAL INDIA LIMITED,2725.0,2725.0,2725.0,2725.0,2725.0,0.0,0,0.0
2026-05-01,KERNEX,EQ,INE202H01019,KERNEX MICROSYS(I) LTD,1348.8,1348.8,1348.8,1348.8,1348.8,0.0,0,0.0
2026-05-01,KEYFINSERV,EQ,INE681C01015,KEYNOTE FIN SERV LTD.,276.94,276.94,276.94,276.94,276.94,0.0,0,0.0
2026-05-01,KFINTECH,EQ,INE138Y01010,KFIN TECHNOLOGIES LIMITED,895.7,895.7,895.7,895.7,895.7,0.0,0,0.0
2026-05-01,KIMS,EQ,INE967H01025,KRISHNA INST OF MED SCI L,666.7,666.7,666.7,666.7,666.7,0.0,0,0.0
2026-05-01,KIOCL,EQ,INE880L01014,KIOCL LIMITED,406.1,406.1,406.1,406.1,406.1,0.0,0,0.0
2026-05-01,KIRIINDUS,EQ,INE415I01015,KIRI INDUSTRIES LIMITED,411.25,411.25,411.25,411.25,411.25,0.0,0,0.0
2026-05-01,KIRLOSBROS,EQ,INE732A01036,KIRLOSKAR BROTHERS LTD,1729.9,1729.9,1729.9,1729.9,1729.9,0.0,0,0.0
2026-05-01,KIRLOSENG,EQ,INE146L01010,KIRLOSKAR OIL ENG LTD,1698.2,1698.2,1698.2,1698.2,1698.2,0.0,0,0.0
2026-05-01,KIRLPNU,EQ,INE811A01038,KIRLOSKAR PNEUMATIC COM L,751.65,751.65,751.65,751.65,751.65,0.0,0,0.0
2026-05-01,KITEX,EQ,INE602G01020,KITEX GARMENTS LTD,164.49,164.49,164.49,164.49,164.49,0.0,0,0.0
2026-05-01,KMEW,EQ,INE0CJD01029,KNOWLEDGE MARINE & EN W L,1769.4,1769.4,1769.4,1769.4,1769.4,0.0,0,0.0
2026-05-01,KMSUGAR,EQ,INE157H01023,K M SUGAR MILLS LTD,30.86,30.86,30.86,30.86,30.86,0.0,0,0.0
2026-05-01,KNRCON,EQ,INE634I01029,KNR CONSTRU LTD.,125.13,125.13,125.13,125.13,125.13,0.0,0,0.0
2026-05-01,KOKUYOCMLN,EQ,INE760A01029,KOKUYO CAMLIN LIMITED,93.1,93.1,93.1,93.1,93.1,0.0,0,0.0
2026-05-01,KOPRAN,EQ,INE082A01010,KOPRAN LTD,164.63,164.63,164.63,164.63,164.63,0.0,0,0.0
2026-05-01,KOTAKBANK,EQ,INE237A01036,KOTAK MAHINDRA BANK LTD,383.3,383.3,383.3,383.3,383.3,0.0,0,0.0
2026-05-01,KOTHARIPRO,EQ,INE823A01017,KOTHARI PRODUCTS LTD,71.81,71.81,71.81,71.81,71.81,0.0,0,0.0
2026-05-01,KPEL,EQ,INE127T01021,K.P. ENERGY LIMITED,360.93,360.93,360.93,360.93,360.93,0.0,0,0.0
2026-05-01,KPIGREEN,EQ,INE542W01025,KPI GREEN ENERGY LIMITED,447.95,447.95,447.95,447.95,447.95,0.0,0,0.0
2026-05-01,KPIL,EQ,INE220B01022,KALPATARU PROJECT INT LTD,1250.3,1250.3,1250.3,1250.3,1250.3,0.0,0,0.0
2026-05-01,KPITTECH,EQ,INE04I401011,KPIT TECHNOLOGIES LIMITED,759.05,759.05,759.05,759.05,759.05,0.0,0,0.0
2026-05-01,KPRMILL,EQ,INE930H01031,KPR MILL LTD.,936.6,936.6,936.6,936.6,936.6,0.0,0,0.0
2026-05-01,KRISHANA,EQ,INE506W01020,KRISHANA PHOSCHEM LIMITED,120.02,120.02,120.02,120.02,120.02,0.0,0,0.0
2026-05-01,KRISHNADEF,EQ,INE0J5601015,KRISHNA DEF AND ALD IND L,1077.55,1077.55,1077.55,1077.55,1077.55,0.0,0,0.0
2026-05-01,KRN,EQ,INE0Q3J01015,KRN HEAT EXCHANGE N REF L,1295.35,1295.35,1295.35,1295.35,1295.35,0.0,0,0.0
2026-05-01,KROSS,EQ,INE0O6601022,KROSS LIMITED,185.37,185.37,185.37,185.37,185.37,0.0,0,0.0
2026-05-01,KRSNAA,EQ,INE08LI01020,KRSNAA DIAGNOSTICS LTD,588.75,588.75,588.75,588.75,588.75,0.0,0,0.0
2026-05-01,KSB,EQ,INE999A01023,KSB LIMITED,978.6,978.6,978.6,978.6,978.6,0.0,0,0.0
2026-05-01,KSHINTL,EQ,INE987S01020,KSH INTERNATIONAL LIMITED,662.35,662.35,662.35,662.35,662.35,0.0,0,0.0
2026-05-01,KSL,EQ,INE907A01026,KALYANI STEELS LIMITED,849.7,849.7,849.7,849.7,849.7,0.0,0,0.0
2026-05-01,KSOLVES,EQ,INE0D6I01023,KSOLVES INDIA LIMITED,308.46,308.46,308.46,308.46,308.46,0.0,0,0.0
2026-05-01,KTKBANK,EQ,INE614B01018,KARNATAKA BANK LIMITED,268.61,268.61,268.61,268.61,268.61,0.0,0,0.0
2026-05-01,KWIL,EQ,INE2KCE01013,KWALITY WALL'S (INDIA) L,27.23,27.23,27.23,27.23,27.23,0.0,0,0.0
2026-05-01,LALPATHLAB,EQ,INE600L01024,DR. LAL PATH LABS LTD.,1367.2,1367.2,1367.2,1367.2,1367.2,0.0,0,0.0
2026-05-01,LANDMARK,EQ,INE559R01029,LANDMARK CARS LIMITED,402.45,402.45,402.45,402.45,402.45,0.0,0,0.0
2026-05-01,LANDSMILL,EQ,INE688J01023,LANDSMILL GREEN LIMITED,0.95,0.95,0.95,0.95,0.95,0.0,0,0.0
2026-05-01,LAOPALA,EQ,INE059D01020,LA OPALA RG LIMITED,178.73,178.73,178.73,178.73,178.73,0.0,0,0.0
2026-05-01,LATENTVIEW,EQ,INE0I7C01011,LATENT VIEW ANALYTICS LTD,292.35,292.35,292.35,292.35,292.35,0.0,0,0.0
2026-05-01,LAURUSLABS,EQ,INE947Q01028,LAURUS LABS LIMITED,1100.95,1100.95,1100.95,1100.95,1100.95,0.0,0,0.0
2026-05-01,LAXMIDENTL,EQ,INE0WO601020,LAXMI DENTAL LIMITED,198.98,198.98,198.98,198.98,198.98,0.0,0,0.0
2026-05-01,LAXMIINDIA,EQ,INE06WU01026,LAXMI INDIA FINANCE LTD,112.23,112.23,112.23,112.23,112.23,0.0,0,0.0
2026-05-01,LEMERITE,EQ,INE0G1L01025,LE MERITE EXPORTS LIMITED,87.98,87.98,87.98,87.98,87.98,0.0,0,0.0
2026-05-01,LEMONTREE,EQ,INE970X01018,LEMON TREE HOTELS LTD,117.59,117.59,117.59,117.59,117.59,0.0,0,0.0
2026-05-01,LENSKART,EQ,INE956O01016,LENSKART SOLUTIONS LTD,515.95,515.95,515.95,515.95,515.95,0.0,0,0.0
2026-05-01,LGBBROSLTD,EQ,INE337A01034,LG BALAKRISHNAN & BROS,1759.6,1759.6,1759.6,1759.6,1759.6,0.0,0,0.0
2026-05-01,LGEINDIA,EQ,INE324D01010,LG ELECTRONICS INDIA LTD,1593.0,1593.0,1593.0,1593.0,1593.0,0.0,0,0.0
2026-05-01,LGHL,EQ,INE258Y01016,LAXMI GOLDORNA HOUSE LTD,258.1,258.1,258.1,258.1,258.1,0.0,0,0.0
2026-05-01,LIBERTSHOE,EQ,INE557B01019,LIBERTY SHOES LTD,253.11,253.11,253.11,253.11,253.11,0.0,0,0.0
2026-05-01,LICHSGFIN,EQ,INE115A01026,LIC HOUSING FINANCE LTD,554.7,554.7,554.7,554.7,554.7,0.0,0,0.0
2026-05-01,LICI,EQ,INE0J1Y01017,LIFE INSURA CORP OF INDIA,398.95,398.95,398.95,398.95,398.95,0.0,0,0.0
2026-05-01,LICMFGOLD,EQ,INF767K01SM1,LIC MF - LIC GOLD ETF,134.2,134.2,134.2,134.2,134.2,0.0,0,0.0
2026-05-01,LICNETFGSC,EQ,INF767K01MV5,LICNAMC - LICNMFET,28.58,28.58,28.58,28.58,28.58,0.0,0,0.0
2026-05-01,LICNETFN50,EQ,INF767K01OS7,LICNAMC - LICNFENGP,268.45,268.45,268.45,268.45,268.45,0.0,0,0.0
2026-05-01,LICNETFSEN,EQ,INF767K01OT5,LICNAMC - LICNFESGP,865.0,865.0,865.0,865.0,865.0,0.0,0,0.0
2026-05-01,LICNFNHGP,EQ,INF767K01PC8,LICNAMC - LICNFNHGP,271.52,271.52,271.52,271.52,271.52,0.0,0,0.0
2026-05-01,LICNMID100,EQ,INF767K01RN1,LICNAMC - LICNMID100,60.19,60.19,60.19,60.19,60.19,0.0,0,0.0
2026-05-01,LIKHITHA,EQ,INE060901027,LIKHITHA INFRASTRUC LTD,213.56,213.56,213.56,213.56,213.56,0.0,0,0.0
2026-05-01,LINC,EQ,INE802B01027,LINC LIMITED,100.88,100.88,100.88,100.88,100.88,0.0,0,0.0
2026-05-01,LINDEINDIA,EQ,INE473A01011,LINDE INDIA LIMITED,7320.0,7320.0,7320.0,7320.0,7320.0,0.0,0,0.0
2026-05-01,LIQUID,EQ,INF769K01KS1,MIRAEAMC - LIQUID,999.99,999.99,999.99,999.99,999.99,0.0,0,0.0
2026-05-01,LIQUIDADD,EQ,INF740KA1UM0,DSPAMC - LIQUIDADD,1124.69,1124.69,1124.69,1124.69,1124.69,0.0,0,0.0
2026-05-01,LIQUIDBEES,EQ,INF732E01037,NIP IND ETF LIQUID BEES,999.99,999.99,999.99,999.99,999.99,0.0,0,0.0
2026-05-01,LIQUIDBETF,EQ,INF0QA701854,BFAM - LIQUIDBETF,1079.89,1079.89,1079.89,1079.89,1079.89,0.0,0,0.0
2026-05-01,LIQUIDCASE,EQ,INF0R8F01034,ZERODHAAMC - LIQUIDCASE,113.88,113.88,113.88,113.88,113.88,0.0,0,0.0
2026-05-01,LIQUIDETF,EQ,INF740KA1EU7,DSP LIQUID ETF,999.99,999.99,999.99,999.99,999.99,0.0,0,0.0
2026-05-01,LIQUIDPLUS,EQ,INF769K01MY5,MIRAEAMC - LIQUIDPLUS,1083.59,1083.59,1083.59,1083.59,1083.59,0.0,0,0.0
2026-05-01,LIQUIDSBI,EQ,INF200KA13Z8,SBIAMC - LIQUIDSBI,999.99,999.99,999.99,999.99,999.99,0.0,0,0.0
2026-05-01,LIQUIDSHRI,EQ,INF680P01422,SHRIRAM - LIQUIDSHRI,1102.65,1102.65,1102.65,1102.65,1102.65,0.0,0,0.0
2026-05-01,LLOYDSENGG,EQ,INE093R01011,LLOYDS ENGG WORK LIMITED,57.77,57.77,57.77,57.77,57.77,0.0,0,0.0
2026-05-01,LLOYDSENT,EQ,INE080I01025,LLOYDS ENTERPRISES LTD,68.51,68.51,68.51,68.51,68.51,0.0,0,0.0
2026-05-01,LLOYDSME,EQ,INE281B01032,LLOYDS METALS N ENERGY L,1764.4,1764.4,1764.4,1764.4,1764.4,0.0,0,0.0
2026-05-01,LODHA,EQ,INE670K01029,LODHA DEVELOPERS LIMITED,897.9,897.9,897.9,897.9,897.9,0.0,0,0.0
2026-05-01,LOWVOL,EQ,INF769K01JU9,MIRAEAMC - MANV30F,201.73,201.73,201.73,201.73,201.73,0.0,0,0.0
2026-05-01,LOWVOL1,EQ,INF174KA1IY5,KOTAKMAMC - KOTAKLOVOL,20.58,20.58,20.58,20.58,20.58,0.0,0,0.0
2026-05-01,LT,EQ,INE018A01030,LARSEN & TOUBRO LTD.,4014.0,4014.0,4014.0,4014.0,4014.0,0.0,0,0.0
2026-05-01,LTF,EQ,INE498L01015,L&T FINANCE LIMITED,279.73,279.73,279.73,279.73,279.73,0.0,0,0.0
2026-05-01,LTFOODS,EQ,INE818H01020,LT FOODS LIMITED,430.65,430.65,430.65,430.65,430.65,0.0,0,0.0
2026-05-01,LTM,EQ,INE214T01019,LTM LIMITED,4269.6,4269.6,4269.6,4269.6,4269.6,0.0,0,0.0
2026-05-01,LTTS,EQ,INE010V01017,L&T TECHNOLOGY SER. LTD.,3626.3,3626.3,3626.3,3626.3,3626.3,0.0,0,0.0
2026-05-01,LUMAXTECH,EQ,INE872H01027,LUMAX AUTO TECH LTD,1621.4,1621.4,1621.4,1621.4,1621.4,0.0,0,0.0
2026-05-01,LUPIN,EQ,INE326A01037,LUPIN LIMITED,2305.2,2305.2,2305.2,2305.2,2305.2,0.0,0,0.0
2026-05-01,LUXIND,EQ,INE150G01020,LUX INDUSTRIES LIMITED,1398.2,1398.2,1398.2,1398.2,1398.2,0.0,0,0.0
2026-05-01,LXCHEM,EQ,INE576O01020,LAXMI ORGANIC INDUS LTD,144.34,144.34,144.34,144.34,144.34,0.0,0,0.0
2026-05-01,M&M,EQ,INE101A01026,MAHINDRA & MAHINDRA LTD,3097.5,3097.5,3097.5,3097.5,3097.5,0.0,0,0.0
2026-05-01,M&MFIN,EQ,INE774D01024,M&M FIN. SERVICES LTD,310.7,310.7,310.7,310.7,310.7,0.0,0,0.0
2026-05-01,MAANALU,EQ,INE215I01027,MAAN ALUMINIUM LIMITED,150.6,150.6,150.6,150.6,150.6,0.0,0,0.0
2026-05-01,MACPOWER,EQ,INE155Z01011,MACPOWER CNC MACHINES LTD,1127.6,1127.6,1127.6,1127.6,1127.6,0.0,0,0.0
2026-05-01,MAFANG,EQ,INF769K01HF4,MIRAEAMC - MAFANG,180.54,180.54,180.54,180.54,180.54,0.0,0,0.0
2026-05-01,MAHABANK,EQ,INE457A01014,BANK OF MAHARASHTRA,78.37,78.37,78.37,78.37,78.37,0.0,0,0.0
2026-05-01,MAHEPC,EQ,INE215D01010,MAHINDRA EPC IRRIG LTD,117.9,117.9,117.9,117.9,117.9,0.0,0,0.0
2026-05-01,MAHKTECH,EQ,INF769K01HS7,MIRAEAMC - MAHKTECH,23.4,23.4,23.4,23.4,23.4,0.0,0,0.0
2026-05-01,MAHLIFE,EQ,INE813A01018,MAHINDRA LIFESPACE DEVLTD,340.5,340.5,340.5,340.5,340.5,0.0,0,0.0
2026-05-01,MAHLOG,EQ,INE766P01016,MAHINDRA LOGISTIC LIMITED,403.5,403.5,403.5,403.5,403.5,0.0,0,0.0
2026-05-01,MAHSEAMLES,EQ,INE271B01025,MAHARASHTRA SEAMLESS LTD,640.0,640.0,640.0,640.0,640.0,0.0,0,0.0
2026-05-01,MAITHANALL,EQ,INE683C01011,MAITHAN ALLOYS LTD,985.35,985.35,985.35,985.35,985.35,0.0,0,0.0
2026-05-01,MAMATA,EQ,INE0TO701015,MAMATA MACHINERY LIMITED,417.75,417.75,417.75,417.75,417.75,0.0,0,0.0
2026-05-01,MANAKALUCO,EQ,INE859Q01017,MANAK ALUMINIUM CO. LTD.,37.32,37.32,37.32,37.32,37.32,0.0,0,0.0
2026-05-01,MANAKCOAT,EQ,INE830Q01018,MAN COAT METAL & IND LTD,108.89,108.89,108.89,108.89,108.89,0.0,0,0.0
2026-05-01,MANALIPETC,EQ,INE201A01024,MANALI PETROCHEMICALS LT,53.43,53.43,53.43,53.43,53.43,0.0,0,0.0
2026-05-01,MANAPPURAM,EQ,INE522D01027,MANAPPURAM FINANCE LTD,294.35,294.35,294.35,294.35,294.35,0.0,0,0.0
2026-05-01,MANGALAM,EQ,INE584F01014,MANGALAM DRUG & CHEM LTD,29.48,29.48,29.48,29.48,29.48,0.0,0,0.0
2026-05-01,MANINDS,EQ,INE993A01026,MAN INDUSTRIES (I) LTD.,526.65,526.65,526.65,526.65,526.65,0.0,0,0.0
2026-05-01,MANINFRA,EQ,INE949H01023,MAN INFRA LTD,120.35,120.35,120.35,120.35,120.35,0.0,0,0.0
2026-05-01,MANORAMA,EQ,INE00VM01036,MANORAMA INDUSTRIES LTD,1509.0,1509.0,1509.0,1509.0,1509.0,0.0,0,0.0
2026-05-01,MANORG,EQ,INE370D01013,MANGALAM ORGANICS LIMITED,456.45,456.45,456.45,456.45,456.45,0.0,0,0.0
2026-05-01,MARATHON,EQ,INE182D01020,MARATHON NXTGEN REALT LTD,470.3,470.3,470.3,470.3,470.3,0.0,0,0.0
2026-05-01,MARICO,EQ,INE196A01026,MARICO LIMITED,775.0,775.0,775.0,775.0,775.0,0.0,0,0.0
2026-05-01,MARINE,EQ,INE01JE01028,MARINE ELECTRICAL (I) LTD,229.3,229.3,229.3,229.3,229.3,0.0,0,0.0
2026-05-01,MARKSANS,EQ,INE750C01026,MARKSANS PHARMA LIMITED,184.63,184.63,184.63,184.63,184.63,0.0,0,0.0
2026-05-01,MARSONS,EQ,INE415B01044,MARSONS LIMITED,154.2,154.2,154.2,154.2,154.2,0.0,0,0.0
2026-05-01,MARUTI,EQ,INE585B01010,MARUTI SUZUKI INDIA LTD.,13314.0,13314.0,13314.0,13314.0,13314.0,0.0,0,0.0
2026-05-01,MASFIN,EQ,INE348L01012,MAS FINANCIAL SERV LTD,339.9,339.9,339.9,339.9,339.9,0.0,0,0.0
2026-05-01,MASPTOP50,EQ,INF769K01HP3,MIRAEAMC - MASPTOP50,77.08,77.08,77.08,77.08,77.08,0.0,0,0.0
2026-05-01,MASTEK,EQ,INE759A01021,MASTEK LTD,1694.2,1694.2,1694.2,1694.2,1694.2,0.0,0,0.0
2026-05-01,MAWANASUG,EQ,INE636A01039,MAWANA SUGARS LIMITED,113.03,113.03,113.03,113.03,113.03,0.0,0,0.0
2026-05-01,MAXHEALTH,EQ,INE027H01010,MAX HEALTHCARE INS LTD,993.05,993.05,993.05,993.05,993.05,0.0,0,0.0
2026-05-01,MAZDOCK,EQ,INE249Z01020,MAZAGON DOCK SHIPBUIL LTD,2733.2,2733.2,2733.2,2733.2,2733.2,0.0,0,0.0
2026-05-01,MBAPL,EQ,INE900L01028,MADHYA BHARAT AGRO P. LTD,105.16,105.16,105.16,105.16,105.16,0.0,0,0.0
2026-05-01,MBEL,EQ,INE08N601015,M AND B ENGINEERING LTD,332.08,332.08,332.08,332.08,332.08,0.0,0,0.0
2026-05-01,MCLOUD,EQ,INE613C01026,MAGELLANIC CLOUD LIMITED,27.23,27.23,27.23,27.23,27.23,0.0,0,0.0
2026-05-01,MCX,EQ,INE745G01043,MULTI COMMODITY EXCHANGE,2971.5,2971.5,2971.5,2971.5,2971.5,0.0,0,0.0
2026-05-01,MEESHO,EQ,INE0VDM01015,MEESHO LIMITED,193.13,193.13,193.13,193.13,193.13,0.0,0,0.0
2026-05-01,MEGASTAR,EQ,INE00EM01016,MEGASTAR FOODS LIMITED,292.75,292.75,292.75,292.75,292.75,0.0,0,0.0
2026-05-01,METAL,EQ,INF769K01LY7,MIRAEAMC - METAL,12.92,12.92,12.92,12.92,12.92,0.0,0,0.0
2026-05-01,METALIETF,EQ,INF109KC19W1,ICICIPRAMC - METALIETF,12.8,12.8,12.8,12.8,12.8,0.0,0,0.0
2026-05-01,METROPOLIS,EQ,INE112L01020,METROPOLIS HEALTHCARE LTD,476.5,476.5,476.5,476.5,476.5,0.0,0,0.0
2026-05-01,MFSL,EQ,INE180A01020,MAX FINANCIAL SERV LTD,1585.7,1585.7,1585.7,1585.7,1585.7,0.0,0,0.0
2026-05-01,MGEL,EQ,INE0APB01032,MANGALAM GLOBAL ENT LTD,13.63,13.63,13.63,13.63,13.63,0.0,0,0.0
2026-05-01,MHRIL,EQ,INE998I01010,MAHINDRA HOLIDAYS LTD,247.05,247.05,247.05,247.05,247.05,0.0,0,0.0
2026-05-01,MID150CASE,EQ,INF0R8F01059,ZERODHAAMC - MID150CASE,11.03,11.03,11.03,11.03,11.03,0.0,0,0.0
2026-05-01,MIDCAP,EQ,INF174KA1ZC5,KOTAKMAMC - KOTAKMID50,17.26,17.26,17.26,17.26,17.26,0.0,0,0.0
2026-05-01,MIDCAPADD,EQ,INF740KA1WW5,DSPAMC - MIDCAPADD,22.12,22.12,22.12,22.12,22.12,0.0,0,0.0
2026-05-01,MIDHANI,EQ,INE099Z01011,MISHRA DHATU NIGAM LTD,389.9,389.9,389.9,389.9,389.9,0.0,0,0.0
2026-05-01,MIDQ50ADD,EQ,INF740KA1ZF3,DSPAMC - DSPQ50ETF,240.85,240.85,240.85,240.85,240.85,0.0,0,0.0
2026-05-01,MIDSMALL,EQ,INF769K01LJ8,MIRAEAMC - MIDSMALL,49.57,49.57,49.57,49.57,49.57,0.0,0,0.0
2026-05-01,MITTAL,EQ,INE997Y01027,MITTAL LIFE STYLE LIMITED,0.94,0.94,0.94,0.94,0.94,0.0,0,0.0
2026-05-01,MMFL,EQ,INE227C01017,MM FORGINGS LTD,494.4,494.4,494.4,494.4,494.4,0.0,0,0.0
2026-05-01,MMTC,EQ,INE123F01029,MMTC LIMITED,64.78,64.78,64.78,64.78,64.78,0.0,0,0.0
2026-05-01,MMWL,EQ,INE200D01020,MEDIA MATRIX WORLDWIDE L,10.55,10.55,10.55,10.55,10.55,0.0,0,0.0
2026-05-01,MNC,EQ,INF174KA1JF2,KOTAKMAMC - KOTAKMNC,32.9,32.9,32.9,32.9,32.9,0.0,0,0.0
2026-05-01,MOBIKWIK,EQ,INE0HLU01028,ONE MOBIKWIK SYSTEMS LTD,215.3,215.3,215.3,215.3,215.3,0.0,0,0.0
2026-05-01,MODEFENCE,EQ,INF247L01DJ0,MOTILALAMC - MODEFENCE,98.47,98.47,98.47,98.47,98.47,0.0,0,0.0
2026-05-01,MOENERGY,EQ,INF247L01GH7,MOTILALAMC - MOENERGY,40.92,40.92,40.92,40.92,40.92,0.0,0,0.0
2026-05-01,MOGSEC,EQ,INF247L01AK4,MOTILALAMC - G5,63.57,63.57,63.57,63.57,63.57,0.0,0,0.0
2026-05-01,MOHEALTH,EQ,INF247L01BB1,MOTILALAMC - MOHEALTH,45.19,45.19,45.19,45.19,45.19,0.0,0,0.0
2026-05-01,MOIL,EQ,INE490G01020,MOIL LIMITED,310.9,310.9,310.9,310.9,310.9,0.0,0,0.0
2026-05-01,MOL,EQ,INE0CT101020,MEGHMANI ORGANICS LIMITED,48.93,48.93,48.93,48.93,48.93,0.0,0,0.0
2026-05-01,MOLDTKPAC,EQ,INE893J01029,MOLD-TEK PACKAGING LTD,568.75,568.75,568.75,568.75,568.75,0.0,0,0.0
2026-05-01,MOLOWVOL,EQ,INF247L01BL0,MOTILALAMC - MOLOWVOL,36.65,36.65,36.65,36.65,36.65,0.0,0,0.0
2026-05-01,MOM100,EQ,INF247L01023,MOTILAL OS MIDCAP100 ETF,64.35,64.35,64.35,64.35,64.35,0.0,0,0.0
2026-05-01,MOMENTUM,EQ,INF209KB14K7,BIRLASLAMC - MOMENTUM,30.64,30.64,30.64,30.64,30.64,0.0,0,0.0
2026-05-01,MOMENTUM50,EQ,INF247L01DK8,MOTILALAMC - MOMENTUM50,51.23,51.23,51.23,51.23,51.23,0.0,0,0.0
2026-05-01,MOMIDMTM,EQ,INF247L01FQ0,MOTILALAMC - MOMIDMTM,62.15,62.15,62.15,62.15,62.15,0.0,0,0.0
2026-05-01,MOMOMENTUM,EQ,INF247L01BK2,MOTILALAMC - MOMOMENTUM,61.99,61.99,61.99,61.99,61.99,0.0,0,0.0
2026-05-01,MON100,EQ,INF247L01AP3,MOTILAL OS NASDAQ100 ETF,299.17,299.17,299.17,299.17,299.17,0.0,0,0.0
2026-05-01,MONARCH,EQ,INE903D01011,MONARCH NETWORTH CAP LTD,295.79,295.79,295.79,295.79,295.79,0.0,0,0.0
2026-05-01,MONIFTY500,EQ,INF247L01BU1,MOTILALAMC - MONIFTY500,23.11,23.11,23.11,23.11,23.11,0.0,0,0.0
2026-05-01,MONQ50,EQ,INF247L01AU3,MOTILALAMC - MONQ50,123.08,123.08,123.08,123.08,123.08,0.0,0,0.0
2026-05-01,MOQUALITY,EQ,INF247L01BH8,MOTILALAMC - MOQUALITY,201.79,201.79,201.79,201.79,201.79,0.0,0,0.0
2026-05-01,MOREALTY,EQ,INF247L01CI4,MOTILALAMC - MOREALTY,79.45,79.45,79.45,79.45,79.45,0.0,0,0.0
2026-05-01,MOREPENLAB,EQ,INE083A01026,MOREPEN LAB. LTD,41.36,41.36,41.36,41.36,41.36,0.0,0,0.0
2026-05-01,MOSCHIP,EQ,INE935B01025,MOSCHIP TECHNOLOGIES LTD,201.44,201.44,201.44,201.44,201.44,0.0,0,0.0
2026-05-01,MOSMALL250,EQ,INF247L01CH6,MOTILALAMC - MOSMALL250,16.96,16.96,16.96,16.96,16.96,0.0,0,0.0
2026-05-01,MOTHERSON,EQ,INE775A01035,SAMVRDHNA MTHRSN INTL LTD,121.21,121.21,121.21,121.21,121.21,0.0,0,0.0
2026-05-01,MOTILALOFS,EQ,INE338I01027,MOTILAL OSWAL FIN LTD,800.25,800.25,800.25,800.25,800.25,0.0,0,0.0
2026-05-01,MOTISONS,EQ,INE0FRK01020,MOTISONS JEWELLERS LTD,13.48,13.48,13.48,13.48,13.48,0.0,0,0.0
2026-05-01,MOTOGENFIN,EQ,INE861B01023,MOTOR & GENERAL FINANCE L,24.4,24.4,24.4,24.4,24.4,0.0,0,0.0
2026-05-01,MOTOUR,EQ,INF247L01FP2,MOTILALAMC - MOTOUR,73.18,73.18,73.18,73.18,73.18,0.0,0,0.0
2026-05-01,MOVALUE,EQ,INF247L01BE5,MOTILALAMC - MOVALUE,117.78,117.78,117.78,117.78,117.78,0.0,0,0.0
2026-05-01,MPHASIS,EQ,INE356A01018,MPHASIS LIMITED,2276.7,2276.7,2276.7,2276.7,2276.7,0.0,0,0.0
2026-05-01,MRF,EQ,INE883A01011,MRF LTD,129710.0,129710.0,129710.0,129710.0,129710.0,0.0,0,0.0
2026-05-01,MRPL,EQ,INE103A01014,MRPL,167.55,167.55,167.55,167.55,167.55,0.0,0,0.0
2026-05-01,MSCIADD,EQ,INF740KA1WV7,DSPAMC - MSCIADD,29.05,29.05,29.05,29.05,29.05,0.0,0,0.0
2026-05-01,MSCIINDIA,EQ,INF174KA1VD2,KOTAKMAMC - MSCIINDIA,29.32,29.32,29.32,29.32,29.32,0.0,0,0.0
2026-05-01,MSTCLTD,EQ,INE255X01014,MSTC LIMITED,433.15,433.15,433.15,433.15,433.15,0.0,0,0.0
2026-05-01,MSUMI,EQ,INE0FS801015,MOTHERSON SUMI WRNG IND L,40.54,40.54,40.54,40.54,40.54,0.0,0,0.0
2026-05-01,MTNL,EQ,INE153A01019,MAHANAGAR TELEPHONE NIGAM,31.18,31.18,31.18,31.18,31.18,0.0,0,0.0
2026-05-01,MUFIN,EQ,INE08KJ01020,MUFIN GREEN FINANCE LTD,114.28,114.28,114.28,114.28,114.28,0.0,0,0.0
2026-05-01,MUKANDLTD,EQ,INE304A01026,MUKAND LTD.,138.05,138.05,138.05,138.05,138.05,0.0,0,0.0
2026-05-01,MULTICAP,EQ,INF769K01LX9,MIRAEAMC - MULTICAP,16.03,16.03,16.03,16.03,16.03,0.0,0,0.0
2026-05-01,MUNJALSHOW,EQ,INE577A01027,MUNJAL SHOWA LTD,128.83,128.83,128.83,128.83,128.83,0.0,0,0.0
2026-05-01,MURUDCERA,EQ,INE692B01014,MURUDESHWAR CERAMICS LTD,33.28,33.28,33.28,33.28,33.28,0.0,0,0.0
2026-05-01,MUTHOOTFIN,EQ,INE414G01012,MUTHOOT FINANCE LIMITED,3424.2,3424.2,3424.2,3424.2,3424.2,0.0,0,0.0
2026-05-01,MWL,EQ,INE0JYY01029,MANGALAM WORLDWIDE LTD,35.08,35.08,35.08,35.08,35.08,0.0,0,0.0
2026-05-01,NACLIND,EQ,INE295D01020,NACL INDUSTRIES LIMITED,161.32,161.32,161.32,161.32,161.32,0.0,0,0.0
2026-05-01,NAHARINDUS,EQ,INE289A01011,NAHAR INDS ENT LTD,117.39,117.39,117.39,117.39,117.39,0.0,0,0.0
2026-05-01,NAM-INDIA,EQ,INE298J01013,NIPPON L I A M LTD,1009.95,1009.95,1009.95,1009.95,1009.95,0.0,0,0.0
2026-05-01,NARMADA,EQ,INE117Z01029,NARMADA AGROBASE LIMITED,16.93,16.93,16.93,16.93,16.93,0.0,0,0.0
2026-05-01,NATCOPHARM,EQ,INE987B01026,NATCO PHARMA LTD.,1095.75,1095.75,1095.75,1095.75,1095.75,0.0,0,0.0
2026-05-01,NATIONALUM,EQ,INE139A01034,NATIONAL ALUMINIUM CO LTD,399.3,399.3,399.3,399.3,399.3,0.0,0,0.0
2026-05-01,NAUKRI,EQ,INE663F01032,INFO EDGE (I) LTD,972.85,972.85,972.85,972.85,972.85,0.0,0,0.0
2026-05-01,NAVA,EQ,INE725A01030,NAVA LIMITED,661.85,661.85,661.85,661.85,661.85,0.0,0,0.0
2026-05-01,NAVINFLUOR,EQ,INE048G01026,NAVIN FLUORINE INT. LTD,6821.0,6821.0,6821.0,6821.0,6821.0,0.0,0,0.0
2026-05-01,NAVKARCORP,EQ,INE278M01019,NAVKAR CORPORATION LTD.,100.35,100.35,100.35,100.35,100.35,0.0,0,0.0
2026-05-01,NAVNETEDUL,EQ,INE060A01024,NAVNEET EDUCATION LTD,145.16,145.16,145.16,145.16,145.16,0.0,0,0.0
2026-05-01,NAZARA,EQ,INE418L01047,NAZARA TECHNOLOGIES LTD,263.56,263.56,263.56,263.56,263.56,0.0,0,0.0
2026-05-01,NBCC,EQ,INE095N01031,NBCC (INDIA) LIMITED,91.65,91.65,91.65,91.65,91.65,0.0,0,0.0
2026-05-01,NCC,EQ,INE868B01028,NCC LIMITED,163.84,163.84,163.84,163.84,163.84,0.0,0,0.0
2026-05-01,NCLIND,EQ,INE732C01016,NCL INDUSTRIES LIMITED,175.75,175.75,175.75,175.75,175.75,0.0,0,0.0
2026-05-01,NDL,EQ,INE875G01048,NANDAN DENIM LIMITED,2.79,2.79,2.79,2.79,2.79,0.0,0,0.0
2026-05-01,NDRAUTO,EQ,INE07OG01012,NDR AUTO COMPONENTS LTD,782.0,782.0,782.0,782.0,782.0,0.0,0,0.0
2026-05-01,NDTV,EQ,INE155G01029,NDTV LTD,78.64,78.64,78.64,78.64,78.64,0.0,0,0.0
2026-05-01,NECLIFE,EQ,INE023H01027,NECTAR LIFESCIENCES LTD.,12.41,12.41,12.41,12.41,12.41,0.0,0,0.0
2026-05-01,NELCAST,EQ,INE189I01024,NELCAST LIMITED,141.89,141.89,141.89,141.89,141.89,0.0,0,0.0
2026-05-01,NELCO,EQ,INE045B01015,NELCO LTD,703.75,703.75,703.75,703.75,703.75,0.0,0,0.0
2026-05-01,NEOGEN,EQ,INE136S01016,NEOGEN CHEMICALS LIMITED,1637.5,1637.5,1637.5,1637.5,1637.5,0.0,0,0.0
2026-05-01,NESTLEIND,EQ,INE239A01024,NESTLE INDIA LIMITED,1458.6,1458.6,1458.6,1458.6,1458.6,0.0,0,0.0
2026-05-01,NETF,EQ,INF277K015R5,TATAAML - NETF,259.72,259.72,259.72,259.72,259.72,0.0,0,0.0
2026-05-01,NETWEB,EQ,INE0NT901020,NETWEB TECH INDIA LTD,4064.8,4064.8,4064.8,4064.8,4064.8,0.0,0,0.0
2026-05-01,NETWORK18,EQ,INE870H01013,NETWORK18 MEDIA & INV LTD,34.43,34.43,34.43,34.43,34.43,0.0,0,0.0
2026-05-01,NEULANDLAB,EQ,INE794A01010,NEULAND LAB LTD.,15003.0,15003.0,15003.0,15003.0,15003.0,0.0,0,0.0
2026-05-01,NEWGEN,EQ,INE619B01017,NEWGEN SOFTWARE TECH LTD,505.75,505.75,505.75,505.75,505.75,0.0,0,0.0
2026-05-01,NEXT30ADD,EQ,INF740KA1VE5,DSPAMC - NEXT30ADD,41.84,41.84,41.84,41.84,41.84,0.0,0,0.0
2026-05-01,NEXT50ADD,EQ,INF740KA1XU7,DSPAMC - NEXT50ADD,69.89,69.89,69.89,69.89,69.89,0.0,0,0.0
2026-05-01,NEXT50ETF,EQ,INF174KA1YO3,KOTAKMAMC - NEXT50ETF,69.32,69.32,69.32,69.32,69.32,0.0,0,0.0
2026-05-01,NFL,EQ,INE870D01012,NATIONAL FERT. LTD,77.91,77.91,77.91,77.91,77.91,0.0,0,0.0
2026-05-01,NGLFINE,EQ,INE887E01022,NGL FINE CHEM LIMITED,2214.5,2214.5,2214.5,2214.5,2214.5,0.0,0,0.0
2026-05-01,NH,EQ,INE410P01011,NARAYANA HRUDAYALAYA LTD.,1766.6,1766.6,1766.6,1766.6,1766.6,0.0,0,0.0
2026-05-01,NHPC,EQ,INE848E01016,NHPC LTD,83.2,83.2,83.2,83.2,83.2,0.0,0,0.0
2026-05-01,NIACL,EQ,INE470Y01017,THE NEW INDIA ASSU CO LTD,160.6,160.6,160.6,160.6,160.6,0.0,0,0.0
2026-05-01,NIBE,EQ,INE149O01018,NIBE LIMITED,1074.05,1074.05,1074.05,1074.05,1074.05,0.0,0,0.0
2026-05-01,NIBL,EQ,INE047O01014,NRB INDUS. BEARINGS LTD.,31.36,31.36,31.36,31.36,31.36,0.0,0,0.0
2026-05-01,NIF100IETF,EQ,INF109KC16V9,ICICI PRUD NIFTY 100 ETF,27.17,27.17,27.17,27.17,27.17,0.0,0,0.0
2026-05-01,NIFTY1,EQ,INF174K014P6,KOTAK NIFTY ETF,264.61,264.61,264.61,264.61,264.61,0.0,0,0.0
2026-05-01,NIFTYAXIS,EQ,INF846K01W98,AXISAMC-NIFTYAXIS,264.62,264.62,264.62,264.62,264.62,0.0,0,0.0
2026-05-01,NIFTYBEES,EQ,INF204KB14I2,NIP IND ETF NIFTY BEES,272.01,272.01,272.01,272.01,272.01,0.0,0,0.0
2026-05-01,NIFTYBETF,EQ,INF0QA701722,BFAM - NIFTYBETF,246.29,246.29,246.29,246.29,246.29,0.0,0,0.0
2026-05-01,NIFTYETF,EQ,INF769K01EG9,MIRAEAMC - MAN50ETF,259.79,259.79,259.79,259.79,259.79,0.0,0,0.0
2026-05-01,NIFTYQLITY,EQ,INF209KB15K4,BIRLASLAMC - NIFTYQLITY,21.05,21.05,21.05,21.05,21.05,0.0,0,0.0
2026-05-01,NIITLTD,EQ,INE161A01038,NIIT LIMITED,69.89,69.89,69.89,69.89,69.89,0.0,0,0.0
2026-05-01,NIITMTS,EQ,INE342G01023,NIIT LEARNING SYSTEMS LTD,312.7,312.7,312.7,312.7,312.7,0.0,0,0.0
2026-05-01,NILAINFRA,EQ,INE937C01029,NILA INFRASTRUCTURES LTD,8.32,8.32,8.32,8.32,8.32,0.0,0,0.0
2026-05-01,NILASPACES,EQ,INE00S901012,NILA SPACES LIMITED,13.57,13.57,13.57,13.57,13.57,0.0,0,0.0
2026-05-01,NIPPOBATRY,EQ,INE567A01028,INDO-NATIONAL LIMITED,333.6,333.6,333.6,333.6,333.6,0.0,0,0.0
2026-05-01,NIRAJ,EQ,INE368I01016,NIRAJ CEMENT STRUC LTD,29.08,29.08,29.08,29.08,29.08,0.0,0,0.0
2026-05-01,NITCO,EQ,INE858F01012,NITCO LIMITED,88.27,88.27,88.27,88.27,88.27,0.0,0,0.0
2026-05-01,NITINSPIN,EQ,INE229H01012,NITIN SPINNERS LIMITED,461.9,461.9,461.9,461.9,461.9,0.0,0,0.0
2026-05-01,NITTAGELA,EQ,INE265B01019,NITTA GELATIN INDIA LTD.,981.5,981.5,981.5,981.5,981.5,0.0,0,0.0
2026-05-01,NLCINDIA,EQ,INE589A01014,NLC INDIA LIMITED,316.6,316.6,316.6,316.6,316.6,0.0,0,0.0
2026-05-01,NMDC,EQ,INE584A01023,NMDC LTD.,90.37,90.37,90.37,90.37,90.37,0.0,0,0.0
2026-05-01,NOCIL,EQ,INE163A01018,NOCIL LIMITED,179.37,179.37,179.37,179.37,179.37,0.0,0,0.0
2026-05-01,NORTHARC,EQ,INE850M01015,NORTHERN ARC CAPITAL LTD,262.13,262.13,262.13,262.13,262.13,0.0,0,0.0
2026-05-01,NPBET,EQ,INF277K010X4,TATAAML - NPBET,271.55,271.55,271.55,271.55,271.55,0.0,0,0.0
2026-05-01,NRAIL,EQ,INE740D01017,N R AGARWAL INDS LTD,479.9,479.9,479.9,479.9,479.9,0.0,0,0.0
2026-05-01,NSIL,EQ,INE023A01030,NALWA SONS INVESTMENT LTD,5685.4,5685.4,5685.4,5685.4,5685.4,0.0,0,0.0
2026-05-01,NSLNISP,EQ,INE0NNS01018,NMDC STEEL LIMITED,42.72,42.72,42.72,42.72,42.72,0.0,0,0.0
2026-05-01,NTPC,EQ,INE733E01010,NTPC LTD,399.15,399.15,399.15,399.15,399.15,0.0,0,0.0
2026-05-01,NTPCGREEN,EQ,INE0ONG01011,NTPC GREEN ENERGY LIMITED,109.85,109.85,109.85,109.85,109.85,0.0,0,0.0
2026-05-01,NUCLEUS,EQ,INE096B01018,NUCLEUS SOFTWARE EXPORTS,803.1,803.1,803.1,803.1,803.1,0.0,0,0.0
2026-05-01,NUVAMA,EQ,INE531F01023,NUVAMA WEALTH MANAGE LTD,1326.5,1326.5,1326.5,1326.5,1326.5,0.0,0,0.0
2026-05-01,NUVOCO,EQ,INE118D01016,NUVOCO VISTAS CORP LTD,296.7,296.7,296.7,296.7,296.7,0.0,0,0.0
2026-05-01,NV20,EQ,INF174KA1ZE1,KOTAKMAMC - KTKNV20ETF,14.4,14.4,14.4,14.4,14.4,0.0,0,0.0
2026-05-01,NV20BEES,EQ,INF204KB18I3,NIP IND ETF ETF NV20,144.45,144.45,144.45,144.45,144.45,0.0,0,0.0
2026-05-01,NYKAA,EQ,INE388Y01029,FSN E COMMERCE VENTURES,264.76,264.76,264.76,264.76,264.76,0.0,0,0.0
2026-05-01,OAL,EQ,INE959C01023,ORIENTAL AROMATICS LTD,310.19,310.19,310.19,310.19,310.19,0.0,0,0.0
2026-05-01,OFSS,EQ,INE881D01027,ORACLE FIN SERV SOFT LTD.,9726.5,9726.5,9726.5,9726.5,9726.5,0.0,0,0.0
2026-05-01,OIL,EQ,INE274J01014,OIL INDIA LTD,490.8,490.8,490.8,490.8,490.8,0.0,0,0.0
2026-05-01,OILIETF,EQ,INF109KC18W3,ICICIPRAMC - OILIETF,11.88,11.88,11.88,11.88,11.88,0.0,0,0.0
2026-05-01,OLAELEC,EQ,INE0LXG01040,OLA ELECTRIC MOBILITY LTD,36.56,36.56,36.56,36.56,36.56,0.0,0,0.0
2026-05-01,OLECTRA,EQ,INE260D01016,OLECTRA GREENTECH LIMITED,1245.6,1245.6,1245.6,1245.6,1245.6,0.0,0,0.0
2026-05-01,OMAXAUTO,EQ,INE090B01011,OMAX AUTOS LTD,130.09,130.09,130.09,130.09,130.09,0.0,0,0.0
2026-05-01,OMINFRAL,EQ,INE239D01028,OM INFRA LIMITED,92.69,92.69,92.69,92.69,92.69,0.0,0,0.0
2026-05-01,OMNI,EQ,INE0UH301010,OMNITECH ENGINEERING LTD,363.41,363.41,363.41,363.41,363.41,0.0,0,0.0
2026-05-01,OMPOWER,EQ,INE25E901019,OM POWER TRANSMISSION LTD,194.27,194.27,194.27,194.27,194.27,0.0,0,0.0
2026-05-01,ONEPOINT,EQ,INE840Y01029,ONE POINT ONE SOL LTD,53.91,53.91,53.91,53.91,53.91,0.0,0,0.0
2026-05-01,ONESOURCE,EQ,INE013P01021,ONESOURCE SPECL PHARMA L,1738.1,1738.1,1738.1,1738.1,1738.1,0.0,0,0.0
2026-05-01,ONGC,EQ,INE213A01029,OIL AND NATURAL GAS CORP.,299.55,299.55,299.55,299.55,299.55,0.0,0,0.0
2026-05-01,ONIDA,EQ,INE831A01028,ONIDA ELECTRONICS LIMITED,33.09,33.09,33.09,33.09,33.09,0.0,0,0.0
2026-05-01,OPTIEMUS,EQ,INE350C01017,OPTIEMUS INFRACOM LTD,415.8,415.8,415.8,415.8,415.8,0.0,0,0.0
2026-05-01,ORCHASP,EQ,INE215B01022,ORCHASP LIMITED,2.04,2.04,2.04,2.04,2.04,0.0,0,0.0
2026-05-01,ORCHPHARMA,EQ,INE191A01027,ORCHID PHARMA LIMITED,625.75,625.75,625.75,625.75,625.75,0.0,0,0.0
2026-05-01,ORICONENT,EQ,INE730A01022,ORICON ENTERPRISES LTD,64.7,64.7,64.7,64.7,64.7,0.0,0,0.0
2026-05-01,ORIENTALTL,EQ,INE998H01012,ORIENTAL TRIMEX LTD,6.94,6.94,6.94,6.94,6.94,0.0,0,0.0
2026-05-01,ORIENTBELL,EQ,INE607D01018,ORIENT BELL LIMITED,305.7,305.7,305.7,305.7,305.7,0.0,0,0.0
2026-05-01,ORIENTCER,EQ,INE569C01020,ORIENT CERATECH LIMITED,41.12,41.12,41.12,41.12,41.12,0.0,0,0.0
2026-05-01,ORIENTELEC,EQ,INE142Z01019,ORIENT ELECTRIC LIMITED,184.16,184.16,184.16,184.16,184.16,0.0,0,0.0
2026-05-01,ORIENTHOT,EQ,INE750A01020,ORIENT HOTELS LTD,99.35,99.35,99.35,99.35,99.35,0.0,0,0.0
2026-05-01,ORIENTTECH,EQ,INE0PPK01015,ORIENT TECHNOLOGIES LTD,272.98,272.98,272.98,272.98,272.98,0.0,0,0.0
2026-05-01,ORISSAMINE,EQ,INE725E01024,ORISSA MIN DEV CO LTD,4247.7,4247.7,4247.7,4247.7,4247.7,0.0,0,0.0
2026-05-01,ORKLAINDIA,EQ,INE16NZ01023,ORKLA INDIA LIMITED,638.3,638.3,638.3,638.3,638.3,0.0,0,0.0
2026-05-01,OSWALAGRO,EQ,INE142A01012,OSWAL AGRO MILLS LTD,48.52,48.52,48.52,48.52,48.52,0.0,0,0.0
2026-05-01,OSWALGREEN,EQ,INE143A01010,OSWAL GREENTECH LIMITED,27.69,27.69,27.69,27.69,27.69,0.0,0,0.0
2026-05-01,OSWALPUMPS,EQ,INE0BYP01024,OSWAL PUMPS LIMITED,412.35,412.35,412.35,412.35,412.35,0.0,0,0.0
2026-05-01,PACEDIGITK,EQ,INE0S3G01027,PACE DIGITEK LIMITED,170.76,170.76,170.76,170.76,170.76,0.0,0,0.0
2026-05-01,PAISALO,EQ,INE420C01059,PAISALO DIGITAL LIMITED,49.94,49.94,49.94,49.94,49.94,0.0,0,0.0
2026-05-01,PANACEABIO,EQ,INE922B01023,PANACEA BIOTEC LTD,361.05,361.05,361.05,361.05,361.05,0.0,0,0.0
2026-05-01,PARACABLES,EQ,INE074B01023,PARAMOUNT COMM LTD,39.43,39.43,39.43,39.43,39.43,0.0,0,0.0
2026-05-01,PARADEEP,EQ,INE088F01024,PARADEEP PHOSPHATES LTD,128.96,128.96,128.96,128.96,128.96,0.0,0,0.0
2026-05-01,PARAGMILK,EQ,INE883N01014,PARAG MILK FOODS LTD.,224.24,224.24,224.24,224.24,224.24,0.0,0,0.0
2026-05-01,PARAS,EQ,INE045601023,PARAS DEF AND SPCE TECH L,794.25,794.25,794.25,794.25,794.25,0.0,0,0.0
2026-05-01,PARASPETRO,EQ,INE162C01024,PARAS PETROFILS LTD.,2.24,2.24,2.24,2.24,2.24,0.0,0,0.0
2026-05-01,PARKHOSPS,EQ,INE119201023,PARK MEDI WORLD LIMITED,230.51,230.51,230.51,230.51,230.51,0.0,0,0.0
2026-05-01,PARKHOTELS,EQ,INE988S01028,PARKHOTELS,121.73,121.73,121.73,121.73,121.73,0.0,0,0.0
2026-05-01,PASHUPATI,EQ,INE124Y01028,PASHUPATI COTSPIN LIMITED,88.15,88.15,88.15,88.15,88.15,0.0,0,0.0
2026-05-01,PATANJALI,EQ,INE619A01035,PATANJALI FOODS LIMITED,459.45,459.45,459.45,459.45,459.45,0.0,0,0.0
2026-05-01,PATELENG,EQ,INE244B01030,PATEL ENGINEERING LTD.,28.38,28.38,28.38,28.38,28.38,0.0,0,0.0
2026-05-01,PATELRMART,EQ,INE0R8B01010,PATEL RETAIL LIMITED,212.39,212.39,212.39,212.39,212.39,0.0,0,0.0
2026-05-01,PAUSHAKLTD,EQ,INE111F01024,PAUSHAK LIMITED,469.85,469.85,469.85,469.85,469.85,0.0,0,0.0
2026-05-01,PAYTM,EQ,INE982J01020,ONE 97 COMMUNICATIONS LTD,1095.8,1095.8,1095.8,1095.8,1095.8,0.0,0,0.0
2026-05-01,PCBL,EQ,INE602A01031,PCBL CHEMICAL LIMITED,290.58,290.58,290.58,290.58,290.58,0.0,0,0.0
2026-05-01,PCJEWELLER,EQ,INE785M01021,PC JEWELLER LTD,9.37,9.37,9.37,9.37,9.37,0.0,0,0.0
2026-05-01,PEARLPOLY,EQ,INE844A01013,PEARL POLYMERS LTD,20.54,20.54,20.54,20.54,20.54,0.0,0,0.0
2026-05-01,PENINLAND,EQ,INE138A01028,PENINSULA LAND LIMITED,17.11,17.11,17.11,17.11,17.11,0.0,0,0.0
2026-05-01,PERSISTENT,EQ,INE262H01021,PERSISTENT SYSTEMS LTD,4800.0,4800.0,4800.0,4800.0,4800.0,0.0,0,0.0
2026-05-01,PETRONET,EQ,INE347G01014,PETRONET LNG LIMITED,276.76,276.76,276.76,276.76,276.76,0.0,0,0.0
2026-05-01,PFC,EQ,INE134E01011,POWER FIN CORP LTD.,448.4,448.4,448.4,448.4,448.4,0.0,0,0.0
2026-05-01,PFOCUS,EQ,INE367G01038,PRIME FOCUS LIMITED,309.95,309.95,309.95,309.95,309.95,0.0,0,0.0
2026-05-01,PFS,EQ,INE560K01014,PTC INDIA FIN SERV LTD,31.18,31.18,31.18,31.18,31.18,0.0,0,0.0
2026-05-01,PGEL,EQ,INE457L01029,PG ELECTROPLAST LTD,534.0,534.0,534.0,534.0,534.0,0.0,0,0.0
2026-05-01,PGHH,EQ,INE179A01014,P&G HYGIENE & HEALTH CARE,10146.5,10146.5,10146.5,10146.5,10146.5,0.0,0,0.0
2026-05-01,PGIL,EQ,INE940H01022,PEARL GLOBAL IND LIMITED,767.9,767.9,767.9,767.9,767.9,0.0,0,0.0
2026-05-01,PICCADIL,EQ,INE546C01010,PICCADILY AGRO INDUSTRI L,607.25,607.25,607.25,607.25,607.25,0.0,0,0.0
2026-05-01,PIDILITIND,EQ,INE318A01026,PIDILITE INDUSTRIES LTD,1375.7,1375.7,1375.7,1375.7,1375.7,0.0,0,0.0
2026-05-01,PIGL,EQ,INE557Z01018,POWER INSTRUMENT (G) LTD,111.49,111.49,111.49,111.49,111.49,0.0,0,0.0
2026-05-01,PIIND,EQ,INE603J01030,PI INDUSTRIES LTD,3054.8,3054.8,3054.8,3054.8,3054.8,0.0,0,0.0
2026-05-01,PINELABS,EQ,INE15B701018,PINE LABS LIMITED,193.71,193.71,193.71,193.71,193.71,0.0,0,0.0
2026-05-01,PIRAMALFIN,EQ,INE202B01038,PIRAMAL FINANCE LIMITED,1998.6,1998.6,1998.6,1998.6,1998.6,0.0,0,0.0
2026-05-01,PLASTIBLEN,EQ,INE083C01022,PLASTIBLENDS INDIA LTD,167.22,167.22,167.22,167.22,167.22,0.0,0,0.0
2026-05-01,PLATIND,EQ,INE0PT501018,PLATINUM INDUSTRIES LTD,239.08,239.08,239.08,239.08,239.08,0.0,0,0.0
2026-05-01,PLAZACABLE,EQ,INE0INJ01017,PLAZA WIRES LIMITED,40.91,40.91,40.91,40.91,40.91,0.0,0,0.0
2026-05-01,PNB,EQ,INE160A01022,PUNJAB NATIONAL BANK,109.36,109.36,109.36,109.36,109.36,0.0,0,0.0
2026-05-01,PNBGILTS,EQ,INE859A01011,PNB GILTS LIMITED,70.55,70.55,70.55,70.55,70.55,0.0,0,0.0
2026-05-01,PNBHOUSING,EQ,INE572E01012,PNB HOUSING FIN LTD.,1045.65,1045.65,1045.65,1045.65,1045.65,0.0,0,0.0
2026-05-01,PNCINFRA,EQ,INE195J01029,PNC INFRATECH LTD.,213.87,213.87,213.87,213.87,213.87,0.0,0,0.0
2026-05-01,PNGJL,EQ,INE953R01016,P N GADGIL JEWELLERS LTD,653.75,653.75,653.75,653.75,653.75,0.0,0,0.0
2026-05-01,PNGSREVA,EQ,INE1RDG01013,PNGS REVA DIAMOND JEWEL L,423.25,423.25,423.25,423.25,423.25,0.0,0,0.0
2026-05-01,POCL,EQ,INE063E01061,PONDY OXIDES & CHEM LTD,551.12,551.12,551.12,551.12,551.12,0.0,0,0.0
2026-05-01,POKARNA,EQ,INE637C01025,POKARNA LIMITED,871.2,871.2,871.2,871.2,871.2,0.0,0,0.0
2026-05-01,POLICYBZR,EQ,INE417T01026,PB FINTECH LIMITED,1666.2,1666.2,1666.2,1666.2,1666.2,0.0,0,0.0
2026-05-01,POLYCAB,EQ,INE455K01017,POLYCAB INDIA LIMITED,8110.5,8110.5,8110.5,8110.5,8110.5,0.0,0,0.0
2026-05-01,POLYMED,EQ,INE205C01021,POLY MEDICURE LIMITED,1512.1,1512.1,1512.1,1512.1,1512.1,0.0,0,0.0
2026-05-01,POLYPLEX,EQ,INE633B01018,POLYPLEX CORPORATION LTD,946.2,946.2,946.2,946.2,946.2,0.0,0,0.0
2026-05-01,POONAWALLA,EQ,INE511C01022,POONAWALLA FINCORP LTD,417.2,417.2,417.2,417.2,417.2,0.0,0,0.0
2026-05-01,POWERGRID,EQ,INE752E01010,POWER GRID CORP. LTD.,318.35,318.35,318.35,318.35,318.35,0.0,0,0.0
2026-05-01,POWERICA,EQ,INE921L01032,POWERICA LIMITED,489.85,489.85,489.85,489.85,489.85,0.0,0,0.0
2026-05-01,POWERINDIA,EQ,INE07Y701011,HITACHI ENERGY INDIA LTD,33550.0,33550.0,33550.0,33550.0,33550.0,0.0,0,0.0
2026-05-01,POWERMECH,EQ,INE211R01019,POWER MECH PROJECTS LTD.,2481.8,2481.8,2481.8,2481.8,2481.8,0.0,0,0.0
2026-05-01,PPLPHARMA,EQ,INE0DK501011,PIRAMAL PHARMA LIMITED,161.87,161.87,161.87,161.87,161.87,0.0,0,0.0
2026-05-01,PRABHA,EQ,INE0I0M01023,PRABHA ENERGY LIMITED,161.65,161.65,161.65,161.65,161.65,0.0,0,0.0
2026-05-01,PRAJIND,EQ,INE074A01025,PRAJ INDUSTRIES LTD,408.35,408.35,408.35,408.35,408.35,0.0,0,0.0
2026-05-01,PRAKASH,EQ,INE603A01013,PRAKASH INDUSTRIES LTD,142.28,142.28,142.28,142.28,142.28,0.0,0,0.0
2026-05-01,PRAKASHSTL,EQ,INE696K01024,PRAKASH STEELAGE LTD,4.71,4.71,4.71,4.71,4.71,0.0,0,0.0
2026-05-01,PRECAM,EQ,INE484I01029,PRECISION CAMSHAFTS LTD.,158.77,158.77,158.77,158.77,158.77,0.0,0,0.0
2026-05-01,PRECWIRE,EQ,INE372C01037,PRECISION WIRES INDIA LTD,422.05,422.05,422.05,422.05,422.05,0.0,0,0.0
2026-05-01,PREMEXPLN,EQ,INE863B01029,PREMIER EXPLOSIVES LTD,561.35,561.35,561.35,561.35,561.35,0.0,0,0.0
2026-05-01,PREMIERENE,EQ,INE0BS701011,PREMIER ENERGIES LIMITED,1018.15,1018.15,1018.15,1018.15,1018.15,0.0,0,0.0
2026-05-01,PRESTIGE,EQ,INE811K01011,PRESTIGE ESTATE LTD,1414.4,1414.4,1414.4,1414.4,1414.4,0.0,0,0.0
2026-05-01,PRICOLLTD,EQ,INE726V01018,PRICOL LIMITED,572.75,572.75,572.75,572.75,572.75,0.0,0,0.0
2026-05-01,PRIVISCL,EQ,INE959A01019,PRIVI SPECIALITY CHE LTD,3360.1,3360.1,3360.1,3360.1,3360.1,0.0,0,0.0
2026-05-01,PROSTARM,EQ,INE0BX301013,PROSTARM INFO SYSTEMS LTD,157.33,157.33,157.33,157.33,157.33,0.0,0,0.0
2026-05-01,PROTEAN,EQ,INE004A01022,PROTEAN EGOV TECHNO LTD,529.95,529.95,529.95,529.95,529.95,0.0,0,0.0
2026-05-01,PROZONER,EQ,INE195N01013,PROZONE REALTY LIMITED,58.27,58.27,58.27,58.27,58.27,0.0,0,0.0
2026-05-01,PSB,EQ,INE608A01012,PUNJAB & SIND BANK,24.93,24.93,24.93,24.93,24.93,0.0,0,0.0
2026-05-01,PSUBANK,EQ,INF174KA1A86,KOTAK PSU BANK,848.01,848.01,848.01,848.01,848.01,0.0,0,0.0
2026-05-01,PSUBNKBEES,EQ,INF204KB16I7,NIP IND ETF PSU BANK BEES,94.54,94.54,94.54,94.54,94.54,0.0,0,0.0
2026-05-01,PTC,EQ,INE877F01012,PTC INDIA LIMITED,207.7,207.7,207.7,207.7,207.7,0.0,0,0.0
2026-05-01,PTCIL,EQ,INE596F01018,PTC INDUSTRIES LIMITED,16068.0,16068.0,16068.0,16068.0,16068.0,0.0,0,0.0
2026-05-01,PTL,EQ,INE034D01049,PTL ENTERPRISES LTD,39.99,39.99,39.99,39.99,39.99,0.0,0,0.0
2026-05-01,PVP,EQ,INE362A01016,PVP VENTURES LIMITED,33.15,33.15,33.15,33.15,33.15,0.0,0,0.0
2026-05-01,PVRINOX,EQ,INE191H01014,PVR INOX LIMITED,1068.9,1068.9,1068.9,1068.9,1068.9,0.0,0,0.0
2026-05-01,PVSL,EQ,INE772T01024,POPULAR VEHICLES N SER L,101.4,101.4,101.4,101.4,101.4,0.0,0,0.0
2026-05-01,PWL,EQ,INE0LP301011,PHYSICSWALLAH LIMITED,108.58,108.58,108.58,108.58,108.58,0.0,0,0.0
2026-05-01,QGOLDHALF,EQ,INF082J01408,QUANTUM GOLD ETF,123.6,123.6,123.6,123.6,123.6,0.0,0,0.0
2026-05-01,QNIFTY,EQ,INF082J01499,QUANTUM NIFTY 50 ETF,262.59,262.59,262.59,262.59,262.59,0.0,0,0.0
2026-05-01,QPOWER,EQ,INE0SII01026,QUALITY POWER ELEC EQUP L,1380.0,1380.0,1380.0,1380.0,1380.0,0.0,0,0.0
2026-05-01,QUADFUTURE,EQ,INE0LRY01011,QUADRANT FUTURE TEK LTD,309.45,309.45,309.45,309.45,309.45,0.0,0,0.0
2026-05-01,QUESS,EQ,INE615P01015,QUESS CORP LIMITED,197.68,197.68,197.68,197.68,197.68,0.0,0,0.0
2026-05-01,QUICKHEAL,EQ,INE306L01010,QUICK HEAL TECH LTD,166.58,166.58,166.58,166.58,166.58,0.0,0,0.0
2026-05-01,RADIANTCMS,EQ,INE855R01021,RADIANT CASH MGMT SER LTD,41.87,41.87,41.87,41.87,41.87,0.0,0,0.0
2026-05-01,RADICO,EQ,INE944F01028,RADICO KHAITAN LTD,3423.1,3423.1,3423.1,3423.1,3423.1,0.0,0,0.0
2026-05-01,RAILTEL,EQ,INE0DD101019,RAILTEL CORP OF IND LTD,323.55,323.55,323.55,323.55,323.55,0.0,0,0.0
2026-05-01,RAIN,EQ,INE855B01025,RAIN INDUSTRIES LIMITED,126.2,126.2,126.2,126.2,126.2,0.0,0,0.0
2026-05-01,RAINBOW,EQ,INE961O01016,RAINBOW CHILDRENS MED LTD,1252.3,1252.3,1252.3,1252.3,1252.3,0.0,0,0.0
2026-05-01,RAJTV,EQ,INE952H01027,RAJ TV NETWORK LTD,23.22,23.22,23.22,23.22,23.22,0.0,0,0.0
2026-05-01,RALLIS,EQ,INE613A01020,RALLIS INDIA LTD,265.91,265.91,265.91,265.91,265.91,0.0,0,0.0
2026-05-01,RAMCOCEM,EQ,INE331A01037,THE RAMCO CEMENTS LIMITED,935.1,935.1,935.1,935.1,935.1,0.0,0,0.0
2026-05-01,RAMCOIND,EQ,INE614A01028,RAMCO INDUSTRIES LIMITED,266.42,266.42,266.42,266.42,266.42,0.0,0,0.0
2026-05-01,RAMCOSYS,EQ,INE246B01019,RAMCO SYSTEMS LTD.,411.75,411.75,411.75,411.75,411.75,0.0,0,0.0
2026-05-01,RAMRAT,EQ,INE207E01023,RAM RATNA WIRES LIMITED,444.25,444.25,444.25,444.25,444.25,0.0,0,0.0
2026-05-01,RANASUG,EQ,INE625B01014,RANA SUGARS LTD.,13.94,13.94,13.94,13.94,13.94,0.0,0,0.0
2026-05-01,RANEHOLDIN,EQ,INE384A01010,RANE HOLDINGS LIMITED,1125.2,1125.2,1125.2,1125.2,1125.2,0.0,0,0.0
2026-05-01,RATEGAIN,EQ,INE0CLI01024,RATEGAIN TRAVEL TECHN LTD,602.6,602.6,602.6,602.6,602.6,0.0,0,0.0
2026-05-01,RATNAVEER,EQ,INE05CZ01011,RATNAVEER PRECISION ENG L,162.9,162.9,162.9,162.9,162.9,0.0,0,0.0
2026-05-01,RAYMOND,EQ,INE301A01014,RAYMOND LTD,465.8,465.8,465.8,465.8,465.8,0.0,0,0.0
2026-05-01,RAYMONDLSL,EQ,INE02ID01020,RAYMOND LIFESTYLE LIMITED,794.2,794.2,794.2,794.2,794.2,0.0,0,0.0
2026-05-01,RAYMONDREL,EQ,INE1SY401010,RAYMOND REALTY LIMITED,444.95,444.95,444.95,444.95,444.95,0.0,0,0.0
2026-05-01,RBLBANK,EQ,INE976G01028,RBL BANK LIMITED,336.55,336.55,336.55,336.55,336.55,0.0,0,0.0
2026-05-01,RCF,EQ,INE027A01015,RASHTRIYA CHEMICALS & FER,129.21,129.21,129.21,129.21,129.21,0.0,0,0.0
2026-05-01,RECLTD,EQ,INE020B01018,REC LIMITED,354.3,354.3,354.3,354.3,354.3,0.0,0,0.0
2026-05-01,REDINGTON,EQ,INE891D01026,REDINGTON LIMITED,215.87,215.87,215.87,215.87,215.87,0.0,0,0.0
2026-05-01,REDTAPE,EQ,INE0LXT01019,REDTAPE LIMITED,128.48,128.48,128.48,128.48,128.48,0.0,0,0.0
2026-05-01,RELIANCE,EQ,INE002A01018,RELIANCE INDUSTRIES LTD,1430.8,1430.8,1430.8,1430.8,1430.8,0.0,0,0.0
2026-05-01,RELIGARE,EQ,INE621H01010,RELIGARE ENTER. LTD.,221.64,221.64,221.64,221.64,221.64,0.0,0,0.0
2026-05-01,RELTD,EQ,INE206N01018,RAVINDRA ENERGY LIMITED,142.91,142.91,142.91,142.91,142.91,0.0,0,0.0
2026-05-01,REMSONSIND,EQ,INE474C01023,REMSONS INDUSTRIES LTD,106.78,106.78,106.78,106.78,106.78,0.0,0,0.0
2026-05-01,RENUKA,EQ,INE087H01022,SHREE RENUKA SUGARS LTD,29.21,29.21,29.21,29.21,29.21,0.0,0,0.0
2026-05-01,REPCOHOME,EQ,INE612J01015,REPCO HOME FINANCE LTD,407.4,407.4,407.4,407.4,407.4,0.0,0,0.0
2026-05-01,RGL,EQ,INE722H01024,RENAISSANCE GLOBAL LTD,100.13,100.13,100.13,100.13,100.13,0.0,0,0.0
2026-05-01,RHETAN,EQ,INE0KKN01029,RHETAN TMT LIMITED,29.64,29.64,29.64,29.64,29.64,0.0,0,0.0
2026-05-01,RICOAUTO,EQ,INE209B01025,RICO AUTO INDUSTRIES LTD,113.14,113.14,113.14,113.14,113.14,0.0,0,0.0
2026-05-01,RIIL,EQ,INE046A01015,RELIANCE INDUSTRIAL INFRA,783.4,783.4,783.4,783.4,783.4,0.0,0,0.0
2026-05-01,RITES,EQ,INE320J01015,RITES LIMITED,218.91,218.91,218.91,218.91,218.91,0.0,0,0.0
2026-05-01,RKDL,EQ,INE722J01012,RAVI KUMAR DIST. LTD.,21.73,21.73,21.73,21.73,21.73,0.0,0,0.0
2026-05-01,RKFORGE,EQ,INE399G01023,RAMKRISHNA FORGINGS LTD,598.3,598.3,598.3,598.3,598.3,0.0,0,0.0
2026-05-01,RMC,EQ,INE655V01019,RMC SWITCHGEARS LIMITED,472.0,472.0,472.0,472.0,472.0,0.0,0,0.0
2026-05-01,RML,EQ,INE050H01012,RANE (MADRAS) LIMITED,809.35,809.35,809.35,809.35,809.35,0.0,0,0.0
2026-05-01,ROLEXRINGS,EQ,INE645S01024,ROLEX RINGS LIMITED,145.82,145.82,145.82,145.82,145.82,0.0,0,0.0
2026-05-01,ROSSARI,EQ,INE02A801020,ROSSARI BIOTECH LIMITED,478.95,478.95,478.95,478.95,478.95,0.0,0,0.0
2026-05-01,ROSSTECH,EQ,INE0OJW01016,ROSSELL TECHSYS LIMITED,989.7,989.7,989.7,989.7,989.7,0.0,0,0.0
2026-05-01,ROTO,EQ,INE535D01037,ROTO PUMPS LIMITED,58.14,58.14,58.14,58.14,58.14,0.0,0,0.0
2026-05-01,ROUTE,EQ,INE450U01017,ROUTE MOBILE LIMITED,527.15,527.15,527.15,527.15,527.15,0.0,0,0.0
2026-05-01,RPGLIFE,EQ,INE105J01010,RPG LIFE SCIENCES LTD,2295.0,2295.0,2295.0,2295.0,2295.0,0.0,0,0.0
2026-05-01,RPOWER,EQ,INE614G01033,RELIANCE POWER LTD.,28.61,28.61,28.61,28.61,28.61,0.0,0,0.0
2026-05-01,RPPINFRA,EQ,INE324L01013,R.P.P INFRA PROJECTS LTD,79.57,79.57,79.57,79.57,79.57,0.0,0,0.0
2026-05-01,RPSGVENT,EQ,INE425Y01011,RPSG VENTURES LIMITED,847.5,847.5,847.5,847.5,847.5,0.0,0,0.0
2026-05-01,RPTECH,EQ,INE0J1F01024,RASHI PERIPHERALS LIMITED,458.25,458.25,458.25,458.25,458.25,0.0,0,0.0
2026-05-01,RRKABEL,EQ,INE777K01022,R R KABEL LIMITED,1571.0,1571.0,1571.0,1571.0,1571.0,0.0,0,0.0
2026-05-01,RSL,EQ,INE313L01016,RAJPUTANA STAINLESS LTD,138.39,138.39,138.39,138.39,138.39,0.0,0,0.0
2026-05-01,RSSOFTWARE,EQ,INE165B01029,R. S. SOFTWARE (INDIA) LI,38.63,38.63,38.63,38.63,38.63,0.0,0,0.0
2026-05-01,RSYSTEMS,EQ,INE411H01032,R SYS INTERNATIONAL LTD,263.14,263.14,263.14,263.14,263.14,0.0,0,0.0
2026-05-01,RTNINDIA,EQ,INE834M01019,RATTANINDIA ENT LIMITED,35.52,35.52,35.52,35.52,35.52,0.0,0,0.0
2026-05-01,RTNPOWER,EQ,INE399K01017,RATTANINDIA POWER LIMITED,10.12,10.12,10.12,10.12,10.12,0.0,0,0.0
2026-05-01,RUPA,EQ,INE895B01021,RUPA & COMPANY LTD,151.82,151.82,151.82,151.82,151.82,0.0,0,0.0
2026-05-01,RUSHIL,EQ,INE573K01025,RUSHIL DECOR LIMITED,17.07,17.07,17.07,17.07,17.07,0.0,0,0.0
2026-05-01,RVNL,EQ,INE415G01027,RAIL VIKAS NIGAM LIMITED,297.65,297.65,297.65,297.65,297.65,0.0,0,0.0
2026-05-01,SAATVIKGL,EQ,INE13B501022,SAATVIK GREEN ENERGY LTD,460.1,460.1,460.1,460.1,460.1,0.0,0,0.0
2026-05-01,SAGCEM,EQ,INE229C01021,SAGAR CEMENTS LIMITED,180.23,180.23,180.23,180.23,180.23,0.0,0,0.0
2026-05-01,SAGILITY,EQ,INE0W2G01015,SAGILITY LIMITED,41.74,41.74,41.74,41.74,41.74,0.0,0,0.0
2026-05-01,SAIL,EQ,INE114A01011,STEEL AUTHORITY OF INDIA,184.62,184.62,184.62,184.62,184.62,0.0,0,0.0
2026-05-01,SAILIFE,EQ,INE570L01029,SAI LIFE SCIENCES LIMITED,1069.45,1069.45,1069.45,1069.45,1069.45,0.0,0,0.0
2026-05-01,SAKAR,EQ,INE732S01012,SAKAR HEALTHCARE LIMITED,628.05,628.05,628.05,628.05,628.05,0.0,0,0.0
2026-05-01,SAKSOFT,EQ,INE667G01023,SAKSOFT LIMITED,140.15,140.15,140.15,140.15,140.15,0.0,0,0.0
2026-05-01,SALASAR,EQ,INE170V01027,SALASAR TECHNO ENGG. LTD.,7.45,7.45,7.45,7.45,7.45,0.0,0,0.0
2026-05-01,SALZERELEC,EQ,INE457F01013,SALZER ELECTRONICS LTD,653.05,653.05,653.05,653.05,653.05,0.0,0,0.0
2026-05-01,SAMBHV,EQ,INE12NJ01018,SAMBHV STEEL TUBES LTD,118.71,118.71,118.71,118.71,118.71,0.0,0,0.0
2026-05-01,SAMHI,EQ,INE08U801020,SAMHI HOTELS LIMITED,156.27,156.27,156.27,156.27,156.27,0.0,0,0.0
2026-05-01,SAMMAANCAP,EQ,INE148I01020,SAMMAAN CAPITAL LIMITED,144.61,144.61,144.61,144.61,144.61,0.0,0,0.0
2026-05-01,SANDHAR,EQ,INE278H01035,SANDHAR TECHNOLOGIES LTD,494.05,494.05,494.05,494.05,494.05,0.0,0,0.0
2026-05-01,SANDUMA,EQ,INE149K01016,SANDUR MANG & IRON ORES L,210.61,210.61,210.61,210.61,210.61,0.0,0,0.0
2026-05-01,SANGHVIMOV,EQ,INE989A01032,SANGHVI MOVERS LTD,319.9,319.9,319.9,319.9,319.9,0.0,0,0.0
2026-05-01,SANOFI,EQ,INE058A01010,SANOFI INDIA LIMITED,3407.2,3407.2,3407.2,3407.2,3407.2,0.0,0,0.0
2026-05-01,SANOFICONR,EQ,INE0UOS01011,SANOFI CONS HEALTHC IND L,4763.9,4763.9,4763.9,4763.9,4763.9,0.0,0,0.0
2026-05-01,SANSERA,EQ,INE953O01021,SANSERA ENGINEERING LTD,2513.6,2513.6,2513.6,2513.6,2513.6,0.0,0,0.0
2026-05-01,SANSTAR,EQ,INE08NE01025,SANSTAR LIMITED,90.09,90.09,90.09,90.09,90.09,0.0,0,0.0
2026-05-01,SAPPHIRE,EQ,INE806T01020,SAPPHIRE FOODS INDIA LTD,205.61,205.61,205.61,205.61,205.61,0.0,0,0.0
2026-05-01,SARDAEN,EQ,INE385C01021,SARDA ENERGY & MIN LTD,591.55,591.55,591.55,591.55,591.55,0.0,0,0.0
2026-05-01,SAREGAMA,EQ,INE979A01025,SAREGAMA INDIA LIMITED,343.85,343.85,343.85,343.85,343.85,0.0,0,0.0
2026-05-01,SARLAPOLY,EQ,INE453D01025,SARLA PERF. FIBERS LTD,90.61,90.61,90.61,90.61,90.61,0.0,0,0.0
2026-05-01,SARVESHWAR,EQ,INE324X01026,SARVESHWAR FOODS LIMITED,3.99,3.99,3.99,3.99,3.99,0.0,0,0.0
2026-05-01,SASKEN,EQ,INE231F01020,SASKEN TECHNOLOGIES LTD,1309.4,1309.4,1309.4,1309.4,1309.4,0.0,0,0.0
2026-05-01,SATIN,EQ,INE836B01017,SATIN CREDIT NET LTD,176.16,176.16,176.16,176.16,176.16,0.0,0,0.0
2026-05-01,SAURASHCEM,EQ,INE626A01014,SAURASHTRA CEMENT LIMITED,60.79,60.79,60.79,60.79,60.79,0.0,0,0.0
2026-05-01,SBC,EQ,INE04AK01028,SBC EXPORTS LIMITED,33.74,33.74,33.74,33.74,33.74,0.0,0,0.0
2026-05-01,SBCL,EQ,INE386D01027,SHIVALIK BIMETAL CON. LTD,595.5,595.5,595.5,595.5,595.5,0.0,0,0.0
2026-05-01,SBFC,EQ,INE423Y01016,SBFC FINANCE LIMITED,92.31,92.31,92.31,92.31,92.31,0.0,0,0.0
2026-05-01,SBICARD,EQ,INE018E01016,SBI CARDS & PAY SER LTD,643.9,643.9,643.9,643.9,643.9,0.0,0,0.0
2026-05-01,SBIETFCON,EQ,INF200KA1X17,SBIAMC - SBIETFCON,117.26,117.26,117.26,117.26,117.26,0.0,0,0.0
2026-05-01,SBIETFIT,EQ,INF200KA1S14,SBIAMC - SBIETFIT,324.5,324.5,324.5,324.5,324.5,0.0,0,0.0
2026-05-01,SBIETFPB,EQ,INF200KA1S22,SBIAMC - SBIETFPB,268.17,268.17,268.17,268.17,268.17,0.0,0,0.0
2026-05-01,SBIETFQLTY,EQ,INF200KA1WX6,SBIAMC - SBIETFQLTY,216.36,216.36,216.36,216.36,216.36,0.0,0,0.0
2026-05-01,SBILIFE,EQ,INE123W01016,SBI LIFE INSURANCE CO LTD,1819.0,1819.0,1819.0,1819.0,1819.0,0.0,0,0.0
2026-05-01,SBIN,EQ,INE062A01020,STATE BANK OF INDIA,1068.45,1068.45,1068.45,1068.45,1068.45,0.0,0,0.0
2026-05-01,SBINEQWETF,EQ,INF200KB1282,SBIAMC - SBINEQWETF,32.69,32.69,32.69,32.69,32.69,0.0,0,0.0
2026-05-01,SBISILVER,EQ,INF200KB1217,SBIAMC - SBISILVER,232.87,232.87,232.87,232.87,232.87,0.0,0,0.0
2026-05-01,SCHAEFFLER,EQ,INE513A01022,SCHAEFFLER INDIA LIMITED,4124.8,4124.8,4124.8,4124.8,4124.8,0.0,0,0.0
2026-05-01,SCHNEIDER,EQ,INE839M01018,SCHNEIDER ELECTRIC INFRA,1243.7,1243.7,1243.7,1243.7,1243.7,0.0,0,0.0
2026-05-01,SCI,EQ,INE109A01011,SHIPPING CORP OF INDIA LT,304.48,304.48,304.48,304.48,304.48,0.0,0,0.0
2026-05-01,SCILAL,EQ,INE0PB301013,SHIPPING CORP OF ILA LTD,44.47,44.47,44.47,44.47,44.47,0.0,0,0.0
2026-05-01,SCODATUBES,EQ,INE090501011,SCODA TUBES LIMITED,147.94,147.94,147.94,147.94,147.94,0.0,0,0.0
2026-05-01,SDBL,EQ,INE480C01038,SOM DIST & BREW LTD,87.15,87.15,87.15,87.15,87.15,0.0,0,0.0
2026-05-01,SEDEMAC,EQ,INE00XB01019,SEDEMAC MECHATRONICS LTD,1841.0,1841.0,1841.0,1841.0,1841.0,0.0,0,0.0
2026-05-01,SEJALLTD,EQ,INE955I01044,SEJAL GLASS LIMITED,843.35,843.35,843.35,843.35,843.35,0.0,0,0.0
2026-05-01,SENCO,EQ,INE602W01027,SENCO GOLD LIMITED,313.1,313.1,313.1,313.1,313.1,0.0,0,0.0
2026-05-01,SENORES,EQ,INE0RB801010,SENORES PHARMACEUTICALS L,899.2,899.2,899.2,899.2,899.2,0.0,0,0.0
2026-05-01,SENSEXETF,EQ,INF769K01KT9,MIRAEAMC - SENSEXETF,78.98,78.98,78.98,78.98,78.98,0.0,0,0.0
2026-05-01,SEPC,EQ,INE964H01014,SEPC LIMITED,8.11,8.11,8.11,8.11,8.11,0.0,0,0.0
2026-05-01,SERVOTECH,EQ,INE782X01033,SERVOTECH REN POW SYS LTD,94.93,94.93,94.93,94.93,94.93,0.0,0,0.0
2026-05-01,SETF10GILT,EQ,INF200KA1JT1,SBIAMC - SETF10GILT,257.42,257.42,257.42,257.42,257.42,0.0,0,0.0
2026-05-01,SETFGOLD,EQ,INF200KA16D8,SBI-ETF GOLD,127.44,127.44,127.44,127.44,127.44,0.0,0,0.0
2026-05-01,SETFNIF50,EQ,INF200KA1FS1,SBI-ETF NIFTY 50,257.1,257.1,257.1,257.1,257.1,0.0,0,0.0
2026-05-01,SETFNIFBK,EQ,INF200KA1580,SBI-ETF NIFTY BANK,561.89,561.89,561.89,561.89,561.89,0.0,0,0.0
2026-05-01,SETFNN50,EQ,INF200KA1598,SBI-ETF NIFTY NEXT 50,751.67,751.67,751.67,751.67,751.67,0.0,0,0.0
2026-05-01,SFL,EQ,INE916U01025,SHEELA FOAM LIMITED,509.05,509.05,509.05,509.05,509.05,0.0,0,0.0
2026-05-01,SGFIN,EQ,INE618R01015,SG FINSERVE LIMITED,567.8,567.8,567.8,567.8,567.8,0.0,0,0.0
2026-05-01,SGMART,EQ,INE385F01024,SG MART LIMITED,571.0,571.0,571.0,571.0,571.0,0.0,0,0.0
2026-05-01,SHADOWFAX,EQ,INE12UN01015,SHADOWFAX TECHNOLOGIES L,165.78,165.78,165.78,165.78,165.78,0.0,0,0.0
2026-05-01,SHAILY,EQ,INE151G01028,SHAILY ENG PLASTICS LTD,2532.6,2532.6,2532.6,2532.6,2532.6,0.0,0,0.0
2026-05-01,SHAKTIPUMP,EQ,INE908D01010,SHAKTI PUMPS (I) LTD,564.3,564.3,564.3,564.3,564.3,0.0,0,0.0
2026-05-01,SHALBY,EQ,INE597J01018,SHALBY LIMITED,160.66,160.66,160.66,160.66,160.66,0.0,0,0.0
2026-05-01,SHANTIGOLD,EQ,INE06ZD01017,SHANTI GOLD INTERNATION L,200.8,200.8,200.8,200.8,200.8,0.0,0,0.0
2026-05-01,SHARDAMOTR,EQ,INE597I01028,SHARDA MOTOR INDS LTD,863.75,863.75,863.75,863.75,863.75,0.0,0,0.0
2026-05-01,SHAREINDIA,EQ,INE932X01026,SHARE IND. SECURITIES LTD,137.45,137.45,137.45,137.45,137.45,0.0,0,0.0
2026-05-01,SHARIABEES,EQ,INF732E01128,NIP IND ETF SHARIAH BEES,465.29,465.29,465.29,465.29,465.29,0.0,0,0.0
2026-05-01,SHILCTECH,EQ,INE024F01011,SHILCHAR TECHNOLOGIES LTD,5160.6,5160.6,5160.6,5160.6,5160.6,0.0,0,0.0
2026-05-01,SHILPAMED,EQ,INE790G01031,SHILPA MEDICARE LTD,406.65,406.65,406.65,406.65,406.65,0.0,0,0.0
2026-05-01,SHIVALIK,EQ,INE788J01021,SHIVALIK RASAYAN LIMITED,260.08,260.08,260.08,260.08,260.08,0.0,0,0.0
2026-05-01,SHK,EQ,INE500L01026,S H KELKAR AND CO. LTD.,146.12,146.12,146.12,146.12,146.12,0.0,0,0.0
2026-05-01,SHOPERSTOP,EQ,INE498B01024,SHOPPERS STOP LIMITED,296.9,296.9,296.9,296.9,296.9,0.0,0,0.0
2026-05-01,SHREDIGCEM,EQ,INE232A01011,SHREE DIGVIJAY CEM CO LTD,72.73,72.73,72.73,72.73,72.73,0.0,0,0.0
2026-05-01,SHREECEM,EQ,INE070A01015,SHREE CEMENT LIMITED,24195.0,24195.0,24195.0,24195.0,24195.0,0.0,0,0.0
2026-05-01,SHREEJISPG,EQ,INE1B6101010,SHREEJI SHIPPING GLOBAL L,405.0,405.0,405.0,405.0,405.0,0.0,0,0.0
2026-05-01,SHREEPUSHK,EQ,INE712K01011,SHRE PUSH CHEM & FERT LTD,395.0,395.0,395.0,395.0,395.0,0.0,0,0.0
2026-05-01,SHRINGARMS,EQ,INE1B3L01017,SHRINGAR HOU OF MANGALS L,201.94,201.94,201.94,201.94,201.94,0.0,0,0.0
2026-05-01,SHRIRAMFIN,EQ,INE721A01047,SHRIRAM FINANCE LIMITED,937.35,937.35,937.35,937.35,937.35,0.0,0,0.0
2026-05-01,SHRIRAMPPS,EQ,INE217L01019,SHRIRAM PROPERTIES LTD,84.5,84.5,84.5,84.5,84.5,0.0,0,0.0
2026-05-01,SHYAMMETL,EQ,INE810G01011,SHYAM METALICS AND ENGY L,873.75,873.75,873.75,873.75,873.75,0.0,0,0.0
2026-05-01,SHYAMTEL,EQ,INE635A01023,SHYAM TELECOM LIMITED,22.62,22.62,22.62,22.62,22.62,0.0,0,0.0
2026-05-01,SIEMENS,EQ,INE003A01024,SIEMENS LTD,3808.2,3808.2,3808.2,3808.2,3808.2,0.0,0,0.0
2026-05-01,SILVER,EQ,INF209KB19F6,BIRLASLAMC - SILVER,237.04,237.04,237.04,237.04,237.04,0.0,0,0.0
2026-05-01,SILVER1,EQ,INF174KA1ZD3,KOTAKMAMC - KOTAKSILVE,23.05,23.05,23.05,23.05,23.05,0.0,0,0.0
2026-05-01,SILVERAXIS,EQ,INF846K011K1,AXISAMC-SILVERAXIS,236.29,236.29,236.29,236.29,236.29,0.0,0,0.0
2026-05-01,SILVERBEES,EQ,INF204KC1402,NIPPONAMC - NETFSILVER,227.5,227.5,227.5,227.5,227.5,0.0,0,0.0
2026-05-01,SILVERBND,EQ,INF194KB1KI9,BANDHANAMC - SILVERBND,238.13,238.13,238.13,238.13,238.13,0.0,0,0.0
2026-05-01,SILVERCASE,EQ,INF0R8F01091,ZERODHAAMC - SILVERCASE,24.1,24.1,24.1,24.1,24.1,0.0,0,0.0
2026-05-01,SILVERIETF,EQ,INF109KC1Y56,ICICIPRAMC - ICICISILVE,237.09,237.09,237.09,237.09,237.09,0.0,0,0.0
2026-05-01,SILVERTUC,EQ,INE625X01026,SILVER TOUCH TECHNO LTD,163.42,163.42,163.42,163.42,163.42,0.0,0,0.0
2026-05-01,SIRCA,EQ,INE792Z01011,SIRCA PAINT INDIA LIMITED,423.75,423.75,423.75,423.75,423.75,0.0,0,0.0
2026-05-01,SIYSIL,EQ,INE076B01028,SIYARAM SILK MILLS LTD,569.05,569.05,569.05,569.05,569.05,0.0,0,0.0
2026-05-01,SJVN,EQ,INE002L01015,SJVN LTD,78.98,78.98,78.98,78.98,78.98,0.0,0,0.0
2026-05-01,SKFINDIA,EQ,INE640A01023,SKF INDIA LTD,1715.0,1715.0,1715.0,1715.0,1715.0,0.0,0,0.0
2026-05-01,SKMEGGPROD,EQ,INE411D01023,SKM EGG PROD EXPORT(I) LT,164.89,164.89,164.89,164.89,164.89,0.0,0,0.0
2026-05-01,SKYGOLD,EQ,INE01IU01018,SKY GOLD AND DIAMONDS LTD,453.9,453.9,453.9,453.9,453.9,0.0,0,0.0
2026-05-01,SMALLADD,EQ,INF740KA1WX3,DSPAMC - SMALLADD,16.77,16.77,16.77,16.77,16.77,0.0,0,0.0
2026-05-01,SMALLCAP,EQ,INF769K01LC3,MIRAEAMC - SMALLCAP,44.09,44.09,44.09,44.09,44.09,0.0,0,0.0
2026-05-01,SMARTWORKS,EQ,INE0NAZ01010,SMARTWORKS COWORKING SP L,432.5,432.5,432.5,432.5,432.5,0.0,0,0.0
2026-05-01,SML100CASE,EQ,INF0R8F01141,ZERODHAAMC - SML100CASE,10.21,10.21,10.21,10.21,10.21,0.0,0,0.0
2026-05-01,SMLMAH,EQ,INE294B01019,SML MAHINDRA LIMITED,3727.6,3727.6,3727.6,3727.6,3727.6,0.0,0,0.0
2026-05-01,SNOWMAN,EQ,INE734N01019,SNOWMAN LOGISTICS LTD.,40.65,40.65,40.65,40.65,40.65,0.0,0,0.0
2026-05-01,SOBHA,EQ,INE671H01015,SOBHA LIMITED,1433.4,1433.4,1433.4,1433.4,1433.4,0.0,0,0.0
2026-05-01,SOLARA,EQ,INE624Z01016,SOLARA ACTIVE PHA SCI LTD,495.8,495.8,495.8,495.8,495.8,0.0,0,0.0
2026-05-01,SOLARINDS,EQ,INE343H01029,SOLAR INDUSTRIES (I) LTD,15439.0,15439.0,15439.0,15439.0,15439.0,0.0,0,0.0
2026-05-01,SOLARWORLD,EQ,INE0TY101024,SOLARWORLD ENERGY SOL LTD,197.57,197.57,197.57,197.57,197.57,0.0,0,0.0
2026-05-01,SOLEX,EQ,INE880Y01017,SOLEX ENERGY LIMITED,1288.5,1288.5,1288.5,1288.5,1288.5,0.0,0,0.0
2026-05-01,SONACOMS,EQ,INE073K01018,SONA BLW PRECISION FRGS L,607.25,607.25,607.25,607.25,607.25,0.0,0,0.0
2026-05-01,SONATSOFTW,EQ,INE269A01021,SONATA SOFTWARE LTD,255.03,255.03,255.03,255.03,255.03,0.0,0,0.0
2026-05-01,SOTL,EQ,INE035D01020,SAVITA OIL TECHNOLO. LTD,361.9,361.9,361.9,361.9,361.9,0.0,0,0.0
2026-05-01,SOUTHBANK,EQ,INE683A01023,THE SOUTH INDIAN BANK LTD,39.46,39.46,39.46,39.46,39.46,0.0,0,0.0
2026-05-01,SOUTHWEST,EQ,INE980Y01015,SOUTH WEST PINNACLE LTD,240.59,240.59,240.59,240.59,240.59,0.0,0,0.0
2026-05-01,SPANDANA,EQ,INE572J01011,SPANDANA SPHOORTY FIN LTD,227.98,227.98,227.98,227.98,227.98,0.0,0,0.0
2026-05-01,SPARC,EQ,INE232I01014,SUN PHARMA ADV.RES.CO.LTD,143.04,143.04,143.04,143.04,143.04,0.0,0,0.0
2026-05-01,SPCENET,EQ,INE970N01027,SPACENET ENTERS IND LTD,4.03,4.03,4.03,4.03,4.03,0.0,0,0.0
2026-05-01,SPENCERS,EQ,INE020801028,SPENCER S RETAIL LIMITED,34.6,34.6,34.6,34.6,34.6,0.0,0,0.0
2026-05-01,SPIC,EQ,INE147A01011,SPIC LTD,70.26,70.26,70.26,70.26,70.26,0.0,0,0.0
2026-05-01,SPLPETRO,EQ,INE663A01033,SUPREME PETROCHEM LIMITED,757.3,757.3,757.3,757.3,757.3,0.0,0,0.0
2026-05-01,SPMLINFRA,EQ,INE937A01023,SPML INFRA LIMITED,207.47,207.47,207.47,207.47,207.47,0.0,0,0.0
2026-05-01,SPORTKING,EQ,INE885H01029,SPORTKING INDIA LIMITED,147.48,147.48,147.48,147.48,147.48,0.0,0,0.0
2026-05-01,SRF,EQ,INE647A01010,SRF LTD,2518.6,2518.6,2518.6,2518.6,2518.6,0.0,0,0.0
2026-05-01,SRTL,EQ,INE19GK01015,SHREE RAM TWISTEX LIMITED,48.09,48.09,48.09,48.09,48.09,0.0,0,0.0
2026-05-01,SSWL,EQ,INE802C01033,STEEL STRIPS WHEELS LTD.,212.71,212.71,212.71,212.71,212.71,0.0,0,0.0
2026-05-01,STAR,EQ,INE939A01011,STRIDES PHARMA SCI LTD,1036.8,1036.8,1036.8,1036.8,1036.8,0.0,0,0.0
2026-05-01,STARCEMENT,EQ,INE460H01021,STAR CEMENT LIMITED,230.29,230.29,230.29,230.29,230.29,0.0,0,0.0
2026-05-01,STARHEALTH,EQ,INE575P01011,STAR HEALTH & AL INS CO L,525.65,525.65,525.65,525.65,525.65,0.0,0,0.0
2026-05-01,STARPAPER,EQ,INE733A01018,STAR PAPER MILLS LTD,139.9,139.9,139.9,139.9,139.9,0.0,0,0.0
2026-05-01,STARTECK,EQ,INE992I01013,STARTECK FINANCE LIMITED,248.12,248.12,248.12,248.12,248.12,0.0,0,0.0
2026-05-01,STCINDIA,EQ,INE655A01013,THE STATE TRADING CORPN,117.78,117.78,117.78,117.78,117.78,0.0,0,0.0
2026-05-01,STEELXIND,EQ,INE503B01021,STEEL EXCHANGE INDIA LTD,9.98,9.98,9.98,9.98,9.98,0.0,0,0.0
2026-05-01,STEL,EQ,INE577L01016,STEL HOLDINGS LIMITED,467.3,467.3,467.3,467.3,467.3,0.0,0,0.0
2026-05-01,STLNETWORK,EQ,INE1VXE01018,STL NETWORKS LIMITED,27.76,27.76,27.76,27.76,27.76,0.0,0,0.0
2026-05-01,STOVEKRAFT,EQ,INE00IN01015,STOVE KRAFT LIMITED,545.5,545.5,545.5,545.5,545.5,0.0,0,0.0
2026-05-01,STUDDS,EQ,INE00Q601028,STUDDS ACCESSORIES LTD,489.7,489.7,489.7,489.7,489.7,0.0,0,0.0
2026-05-01,STYL,EQ,INE04VU01023,SESHAASAI TECHNOLOGIES L,241.89,241.89,241.89,241.89,241.89,0.0,0,0.0
2026-05-01,STYLAMIND,EQ,INE239C01020,STYLAM INDUSTRIES LIMITED,2236.2,2236.2,2236.2,2236.2,2236.2,0.0,0,0.0
2026-05-01,STYLEBAAZA,EQ,INE01FR01028,BAAZAR STYLE RETAIL LTD,388.65,388.65,388.65,388.65,388.65,0.0,0,0.0
2026-05-01,STYRENIX,EQ,INE189B01011,STYRENIX PERFORMANCE LTD,2260.9,2260.9,2260.9,2260.9,2260.9,0.0,0,0.0
2026-05-01,SUBEXLTD,EQ,INE754A01055,SUBEX LTD,9.34,9.34,9.34,9.34,9.34,0.0,0,0.0
2026-05-01,SUBROS,EQ,INE287B01021,SUBROS LIMITED,778.55,778.55,778.55,778.55,778.55,0.0,0,0.0
2026-05-01,SUDEEPPHRM,EQ,INE0QPI01025,SUDEEP PHARMA LIMITED,707.55,707.55,707.55,707.55,707.55,0.0,0,0.0
2026-05-01,SULA,EQ,INE142Q01026,SULA VINEYARDS LIMITED,174.1,174.1,174.1,174.1,174.1,0.0,0,0.0
2026-05-01,SUMICHEM,EQ,INE258G01013,SUMITOMO CHEM INDIA LTD,419.15,419.15,419.15,419.15,419.15,0.0,0,0.0
2026-05-01,SUMMITSEC,EQ,INE519C01017,SUMMIT SECURITIES LTD,1559.7,1559.7,1559.7,1559.7,1559.7,0.0,0,0.0
2026-05-01,SUNCLAY,EQ,INE0Q3R01026,SUNDARAM CLAYTON LIMITED,1423.4,1423.4,1423.4,1423.4,1423.4,0.0,0,0.0
2026-05-01,SUNDARMFIN,EQ,INE660A01013,SUNDARAM FINANCE LTD,4534.8,4534.8,4534.8,4534.8,4534.8,0.0,0,0.0
2026-05-01,SUNDRMFAST,EQ,INE387A01021,SUNDRAM FASTENERS LTD,846.2,846.2,846.2,846.2,846.2,0.0,0,0.0
2026-05-01,SUNFLAG,EQ,INE947A01014,SUNFLAG IRON AND STEEL CO,292.61,292.61,292.61,292.61,292.61,0.0,0,0.0
2026-05-01,SUNPHARMA,EQ,INE044A01036,SUN PHARMACEUTICAL IND L,1808.3,1808.3,1808.3,1808.3,1808.3,0.0,0,0.0
2026-05-01,SUNTECK,EQ,INE805D01034,SUNTECK REALTY LIMITED,340.25,340.25,340.25,340.25,340.25,0.0,0,0.0
2026-05-01,SUNTV,EQ,INE424H01027,SUN TV NETWORK LIMITED,605.6,605.6,605.6,605.6,605.6,0.0,0,0.0
2026-05-01,SUPERHOUSE,EQ,INE712B01010,SUPERHOUSE LIMITED,151.04,151.04,151.04,151.04,151.04,0.0,0,0.0
2026-05-01,SUPREMEIND,EQ,INE195A01028,SUPREME INDUSTRIES LTD,3622.6,3622.6,3622.6,3622.6,3622.6,0.0,0,0.0
2026-05-01,SUPREMEINF,EQ,INE550H01011,SUPREME INFRA. LTD.,77.32,77.32,77.32,77.32,77.32,0.0,0,0.0
2026-05-01,SUPRIYA,EQ,INE07RO01027,SUPRIYA LIFESCIENCE LTD,694.9,694.9,694.9,694.9,694.9,0.0,0,0.0
2026-05-01,SURAJEST,EQ,INE843S01025,SURAJ ESTATE DEVELOPERS L,233.48,233.48,233.48,233.48,233.48,0.0,0,0.0
2026-05-01,SURYAROSNI,EQ,INE335A01020,SURYA ROSHNI LTD,250.12,250.12,250.12,250.12,250.12,0.0,0,0.0
2026-05-01,SUVEN,EQ,INE495B01038,SUVEN LIFE SCIENCES LTD,211.88,211.88,211.88,211.88,211.88,0.0,0,0.0
2026-05-01,SUZLON,EQ,INE040H01021,SUZLON ENERGY LIMITED,55.58,55.58,55.58,55.58,55.58,0.0,0,0.0
2026-05-01,SWANCORP,EQ,INE665A01038,SWAN CORP LIMITED,334.45,334.45,334.45,334.45,334.45,0.0,0,0.0
2026-05-01,SWIGGY,EQ,INE00H001014,SWIGGY LIMITED,270.3,270.3,270.3,270.3,270.3,0.0,0,0.0
2026-05-01,SWSOLAR,EQ,INE00M201021,STRLNG & WIL REN ENE LTD,208.34,208.34,208.34,208.34,208.34,0.0,0,0.0
2026-05-01,SYMPHONY,EQ,INE225D01027,SYMPHONY LIMITED,846.8,846.8,846.8,846.8,846.8,0.0,0,0.0
2026-05-01,SYNCOMF,EQ,INE312C01025,SYNCOM FORMU (I) LTD,13.74,13.74,13.74,13.74,13.74,0.0,0,0.0
2026-05-01,SYNGENE,EQ,INE398R01022,SYNGENE INTERNATIONAL LTD,467.65,467.65,467.65,467.65,467.65,0.0,0,0.0
2026-05-01,SYRMA,EQ,INE0DYJ01015,SYRMA SGS TECHNOLOGY LTD,958.95,958.95,958.95,958.95,958.95,0.0,0,0.0
2026-05-01,TAJGVK,EQ,INE586B01026,TAJ GVK HOTELS & RESORTS,325.5,325.5,325.5,325.5,325.5,0.0,0,0.0
2026-05-01,TALBROAUTO,EQ,INE187D01029,TALBROS AUTO. COMP. LTD,332.65,332.65,332.65,332.65,332.65,0.0,0,0.0
2026-05-01,TANLA,EQ,INE483C01032,TANLA PLATFORMS LIMITED,511.95,511.95,511.95,511.95,511.95,0.0,0,0.0
2026-05-01,TARACHAND,EQ,INE555Z01020,TARA CHAND INFRA SOLN LTD,63.76,63.76,63.76,63.76,63.76,0.0,0,0.0
2026-05-01,TARIL,EQ,INE763I01026,TRANS & RECTI. LTD,334.2,334.2,334.2,334.2,334.2,0.0,0,0.0
2026-05-01,TARSONS,EQ,INE144Z01023,TARSONS PRODUCTS LIMITED,219.92,219.92,219.92,219.92,219.92,0.0,0,0.0
2026-05-01,TASTYBITE,EQ,INE488B01017,TASTY BITE EATABLES LTD,6992.5,6992.5,6992.5,6992.5,6992.5,0.0,0,0.0
2026-05-01,TATACAP,EQ,INE976I01016,TATA CAPITAL LIMITED,333.15,333.15,333.15,333.15,333.15,0.0,0,0.0
2026-05-01,TATACHEM,EQ,INE092A01019,TATA CHEMICALS LTD,809.0,809.0,809.0,809.0,809.0,0.0,0,0.0
2026-05-01,TATACOMM,EQ,INE151A01013,TATA COMMUNICATIONS LTD,1580.5,1580.5,1580.5,1580.5,1580.5,0.0,0,0.0
2026-05-01,TATACONSUM,EQ,INE192A01025,TATA CONSUMER PRODUCT LTD,1144.6,1144.6,1144.6,1144.6,1144.6,0.0,0,0.0
2026-05-01,TATAELXSI,EQ,INE670A01012,TATA ELXSI LIMITED,4129.9,4129.9,4129.9,4129.9,4129.9,0.0,0,0.0
2026-05-01,TATAGOLD,EQ,INF277KA1976,TATAAML-TATAGOLD,14.48,14.48,14.48,14.48,14.48,0.0,0,0.0
2026-05-01,TATAINVEST,EQ,INE672A01026,TATA INVESTMENT CORP LTD,719.5,719.5,719.5,719.5,719.5,0.0,0,0.0
2026-05-01,TATAPOWER,EQ,INE245A01021,TATA POWER CO LTD,444.55,444.55,444.55,444.55,444.55,0.0,0,0.0
2026-05-01,TATASTEEL,EQ,INE081A01020,TATA STEEL LIMITED,211.36,211.36,211.36,211.36,211.36,0.0,0,0.0
2026-05-01,TATATECH,EQ,INE142M01025,TATA TECHNOLOGIES LIMITED,581.35,581.35,581.35,581.35,581.35,0.0,0,0.0
2026-05-01,TATVA,EQ,INE0GK401011,TATVA CHIN PHARM CHEM LTD,1311.0,1311.0,1311.0,1311.0,1311.0,0.0,0,0.0
2026-05-01,TBOTEK,EQ,INE673O01025,TBO TEK LIMITED,1255.4,1255.4,1255.4,1255.4,1255.4,0.0,0,0.0
2026-05-01,TBZ,EQ,INE760L01018,TRIB BHIMJI ZAVERI LTD,146.42,146.42,146.42,146.42,146.42,0.0,0,0.0
2026-05-01,TCI,EQ,INE688A01022,TRANSPORT CORPN OF INDIA,927.0,927.0,927.0,927.0,927.0,0.0,0,0.0
2026-05-01,TCPLPACK,EQ,INE822C01015,TCPL PACKAGING LIMITED,2655.9,2655.9,2655.9,2655.9,2655.9,0.0,0,0.0
2026-05-01,TCS,EQ,INE467B01029,TATA CONSULTANCY SERV LT,2473.9,2473.9,2473.9,2473.9,2473.9,0.0,0,0.0
2026-05-01,TDPOWERSYS,EQ,INE419M01035,TD POWER SYSTEMS LTD.,576.35,576.35,576.35,576.35,576.35,0.0,0,0.0
2026-05-01,TEAMLEASE,EQ,INE985S01024,TEAMLEASE SERVICES LTD.,1232.3,1232.3,1232.3,1232.3,1232.3,0.0,0,0.0
2026-05-01,TECH,EQ,INF209KB11D8,BIRLASLAMC - TECH,32.05,32.05,32.05,32.05,32.05,0.0,0,0.0
2026-05-01,TECHM,EQ,INE669C01036,TECH MAHINDRA LIMITED,1473.5,1473.5,1473.5,1473.5,1473.5,0.0,0,0.0
2026-05-01,TECHNOE,EQ,INE285K01026,TECHNO ELEC & ENG CO. LTD,1283.25,1283.25,1283.25,1283.25,1283.25,0.0,0,0.0
2026-05-01,TEJASNET,EQ,INE010J01012,TEJAS NETWORKS LIMITED,415.15,415.15,415.15,415.15,415.15,0.0,0,0.0
2026-05-01,TEMBO,EQ,INE869Y01028,TEMBO GLOBAL IND LTD,60.49,60.49,60.49,60.49,60.49,0.0,0,0.0
2026-05-01,TENNIND,EQ,INE19RI01016,TENNECO CLEAN AIR INDIA L,621.75,621.75,621.75,621.75,621.75,0.0,0,0.0
2026-05-01,TERASOFT,EQ,INE482B01010,TERA SOFTWARE LIMITED,339.6,339.6,339.6,339.6,339.6,0.0,0,0.0
2026-05-01,TEXRAIL,EQ,INE621L01012,TEXMACO RAIL & ENG. LTD.,105.47,105.47,105.47,105.47,105.47,0.0,0,0.0
2026-05-01,TFCILTD,EQ,INE305A01023,TOURISM FINANCE CORP. OF,72.1,72.1,72.1,72.1,72.1,0.0,0,0.0
2026-05-01,THANGAMAYL,EQ,INE085J01014,THANGAMAYIL JEWELLERY LTD,3955.8,3955.8,3955.8,3955.8,3955.8,0.0,0,0.0
2026-05-01,THEMISMED,EQ,INE083B01024,THEMIS MEDICARE LTD.,98.7,98.7,98.7,98.7,98.7,0.0,0,0.0
2026-05-01,THERMAX,EQ,INE152A01029,THERMAX LTD,4077.6,4077.6,4077.6,4077.6,4077.6,0.0,0,0.0
2026-05-01,THOMASCOOK,EQ,INE332A01027,THOMAS COOK (INDIA) LTD,93.55,93.55,93.55,93.55,93.55,0.0,0,0.0
2026-05-01,THOMASCOTT,EQ,INE480M01011,THOMAS SCOTT (INDIA) LTD,263.23,263.23,263.23,263.23,263.23,0.0,0,0.0
2026-05-01,THYROCARE,EQ,INE594H01019,THYROCARE TECH LTD,400.3,400.3,400.3,400.3,400.3,0.0,0,0.0
2026-05-01,TI,EQ,INE133E01013,TILAKNAGAR INDUSTRIES LTD,464.1,464.1,464.1,464.1,464.1,0.0,0,0.0
2026-05-01,TIGERLOGS,EQ,INE906O01029,TIGER LOGISTICS (INDIA) L,35.03,35.03,35.03,35.03,35.03,0.0,0,0.0
2026-05-01,TIINDIA,EQ,INE974X01010,TUBE INVEST OF INDIA LTD,2947.9,2947.9,2947.9,2947.9,2947.9,0.0,0,0.0
2026-05-01,TIMETECHNO,EQ,INE508G01029,TIME TECHNOPLAST LTD.,193.01,193.01,193.01,193.01,193.01,0.0,0,0.0
2026-05-01,TIMKEN,EQ,INE325A01013,TIMKEN INDIA LTD.,3428.8,3428.8,3428.8,3428.8,3428.8,0.0,0,0.0
2026-05-01,TIPSMUSIC,EQ,INE716B01029,TIPS MUSIC LIMITED,649.7,649.7,649.7,649.7,649.7,0.0,0,0.0
2026-05-01,TIRUMALCHM,EQ,INE338A01024,THIRUMALAI CHEMICALS LTD,204.13,204.13,204.13,204.13,204.13,0.0,0,0.0
2026-05-01,TITAGARH,EQ,INE615H01020,TITAGARH RAIL SYSTEMS LTD,768.4,768.4,768.4,768.4,768.4,0.0,0,0.0
2026-05-01,TITAN,EQ,INE280A01028,TITAN COMPANY LIMITED,4385.2,4385.2,4385.2,4385.2,4385.2,0.0,0,0.0
2026-05-01,TMB,EQ,INE668A01016,TAMILNAD MERCA BANK LTD,739.65,739.65,739.65,739.65,739.65,0.0,0,0.0
2026-05-01,TMCV,EQ,INE1TAE01010,TATA MOTORS LIMITED,409.9,409.9,409.9,409.9,409.9,0.0,0,0.0
2026-05-01,TMPV,EQ,INE155A01022,TATA MOTORS PASS VEH LTD,341.55,341.55,341.55,341.55,341.55,0.0,0,0.0
2026-05-01,TNIDETF,EQ,INF277KA1364,TATAAML - TNIDETF,80.75,80.75,80.75,80.75,80.75,0.0,0,0.0
2026-05-01,TNPETRO,EQ,INE148A01019,TAMILNADU PETROPRODUCTS L,86.77,86.77,86.77,86.77,86.77,0.0,0,0.0
2026-05-01,TOP100CASE,EQ,INF0R8F01067,ZERODHAAMC - TOP100CASE,10.41,10.41,10.41,10.41,10.41,0.0,0,0.0
2026-05-01,TOP10ADD,EQ,INF740KA1UR9,DSPAMC - TOP10ADD,88.58,88.58,88.58,88.58,88.58,0.0,0,0.0
2026-05-01,TOP20,EQ,INF769K01PZ5,MIRAEAMC - TOP20,8.71,8.71,8.71,8.71,8.71,0.0,0,0.0
2026-05-01,TORNTPHARM,EQ,INE685A01028,TORRENT PHARMACEUTICALS L,4185.1,4185.1,4185.1,4185.1,4185.1,0.0,0,0.0
2026-05-01,TORNTPOWER,EQ,INE813H01021,TORRENT POWER LTD,1736.0,1736.0,1736.0,1736.0,1736.0,0.0,0,0.0
2026-05-01,TOUCHWOOD,EQ,INE486Y01013,TOUCHWOOD ENTERTAIN LTD.,73.31,73.31,73.31,73.31,73.31,0.0,0,0.0
2026-05-01,TPLPLASTEH,EQ,INE413G01022,TPL PLASTECH LIMITED,68.54,68.54,68.54,68.54,68.54,0.0,0,0.0
2026-05-01,TRACXN,EQ,INE0HMF01019,TRACXN TECHNOLOGIES LTD,32.5,32.5,32.5,32.5,32.5,0.0,0,0.0
2026-05-01,TRANSRAILL,EQ,INE454P01035,TRANSRAIL LIGHTING LTD,598.95,598.95,598.95,598.95,598.95,0.0,0,0.0
2026-05-01,TRAVELFOOD,EQ,INE103V01028,TRAVEL FOOD SERVICES LTD,1259.8,1259.8,1259.8,1259.8,1259.8,0.0,0,0.0
2026-05-01,TRENT,EQ,INE849A01020,TRENT LTD,2763.07,2763.07,2763.07,2763.07,2763.07,0.0,0,0.0
2026-05-01,TRF,EQ,INE391D01019,TRF LIMITED,263.97,263.97,263.97,263.97,263.97,0.0,0,0.0
2026-05-01,TRIDENT,EQ,INE064C01022,TRIDENT LIMITED,25.97,25.97,25.97,25.97,25.97,0.0,0,0.0
2026-05-01,TRITURBINE,EQ,INE152M01016,TRIVENI TURBINE LIMITED,573.25,573.25,573.25,573.25,573.25,0.0,0,0.0
2026-05-01,TRIVENI,EQ,INE256C01024,TRIVENI ENGG. & INDS. LTD,412.25,412.25,412.25,412.25,412.25,0.0,0,0.0
2026-05-01,TRUALT,EQ,INE0MWH01014,TRUALT BIOENERGY LIMITED,492.45,492.45,492.45,492.45,492.45,0.0,0,0.0
2026-05-01,TSFINV,EQ,INE202Z01029,TSF INVESTMENTS LIMITED,402.95,402.95,402.95,402.95,402.95,0.0,0,0.0
2026-05-01,TTKPRESTIG,EQ,INE690A01028,TTK PRESTIGE LTD,504.9,504.9,504.9,504.9,504.9,0.0,0,0.0
2026-05-01,TTML,EQ,INE517B01013,TATA TELESERV(MAHARASTRA),42.93,42.93,42.93,42.93,42.93,0.0,0,0.0
2026-05-01,TVSELECT,EQ,INE236G01019,TVS ELECTRONICS LTD,461.7,461.7,461.7,461.7,461.7,0.0,0,0.0
2026-05-01,TVSMOTOR,EQ,INE494B01023,TVS MOTOR COMPANY  LTD,3492.9,3492.9,3492.9,3492.9,3492.9,0.0,0,0.0
2026-05-01,TVSSRICHAK,EQ,INE421C01016,TVS SRICHAKRA LIMITED,3893.3,3893.3,3893.3,3893.3,3893.3,0.0,0,0.0
2026-05-01,TVTODAY,EQ,INE038F01029,TV TODAY NETWORK LTD,113.57,113.57,113.57,113.57,113.57,0.0,0,0.0
2026-05-01,TWCGOLDETF,EQ,INF2F0001370,WEALTH - TWCGOLDETF,148.93,148.93,148.93,148.93,148.93,0.0,0,0.0
2026-05-01,UBL,EQ,INE686F01025,UNITED BREWERIES LTD,1458.6,1458.6,1458.6,1458.6,1458.6,0.0,0,0.0
2026-05-01,UCOBANK,EQ,INE691A01018,UCO BANK,26.79,26.79,26.79,26.79,26.79,0.0,0,0.0
2026-05-01,UFLEX,EQ,INE516A01017,UFLEX LIMITED,445.3,445.3,445.3,445.3,445.3,0.0,0,0.0
2026-05-01,UFO,EQ,INE527H01019,UFO MOVIEZ INDIA LTD.,71.94,71.94,71.94,71.94,71.94,0.0,0,0.0
2026-05-01,UGARSUGAR,EQ,INE071E01023,THE UGAR SUGAR WORKS LTD,43.93,43.93,43.93,43.93,43.93,0.0,0,0.0
2026-05-01,UJJIVANSFB,EQ,INE551W01018,UJJIVAN SMALL FINANC BANK,56.88,56.88,56.88,56.88,56.88,0.0,0,0.0
2026-05-01,ULTRACEMCO,EQ,INE481G01011,ULTRATECH CEMENT LIMITED,11586.0,11586.0,11586.0,11586.0,11586.0,0.0,0,0.0
2026-05-01,UNICHEMLAB,EQ,INE351A01035,UNICHEM LABORATORIES LTD,390.1,390.1,390.1,390.1,390.1,0.0,0,0.0
2026-05-01,UNIECOM,EQ,INE00U401027,UNICOMMERCE ESOLUTIONS L,92.59,92.59,92.59,92.59,92.59,0.0,0,0.0
2026-05-01,UNIONBANK,EQ,INE692A01016,UNION BANK OF INDIA,165.94,165.94,165.94,165.94,165.94,0.0,0,0.0
2026-05-01,UNIPARTS,EQ,INE244O01017,UNIPARTS INDIA LIMITED,534.35,534.35,534.35,534.35,534.35,0.0,0,0.0
2026-05-01,UNITDSPR,EQ,INE854D01024,UNITED SPIRITS LIMITED,1325.6,1325.6,1325.6,1325.6,1325.6,0.0,0,0.0
2026-05-01,UNITECH,EQ,INE694A01020,UNITECH LTD,4.86,4.86,4.86,4.86,4.86,0.0,0,0.0
2026-05-01,UNIVCABLES,EQ,INE279A01012,UNIVERSAL CABLES LTD,837.45,837.45,837.45,837.45,837.45,0.0,0,0.0
2026-05-01,UNOMINDA,EQ,INE405E01023,UNO MINDA LIMITED,1112.5,1112.5,1112.5,1112.5,1112.5,0.0,0,0.0
2026-05-01,UPL,EQ,INE628A01036,UPL LIMITED,641.85,641.85,641.85,641.85,641.85,0.0,0,0.0
2026-05-01,URBANCO,EQ,INE0CAZ01013,URBAN COMPANY LIMITED,151.66,151.66,151.66,151.66,151.66,0.0,0,0.0
2026-05-01,URJA,EQ,INE550C01020,URJA GLOBAL LIMITED,11.43,11.43,11.43,11.43,11.43,0.0,0,0.0
2026-05-01,USHAMART,EQ,INE228A01035,USHA MARTIN LTD.,451.8,451.8,451.8,451.8,451.8,0.0,0,0.0
2026-05-01,UTIAMC,EQ,INE094J01016,UTI ASSET MNGMT CO LTD,950.0,950.0,950.0,950.0,950.0,0.0,0,0.0
2026-05-01,UTKARSHBNK,EQ,INE735W01017,UTKARSH SMALL FIN BANK L,14.43,14.43,14.43,14.43,14.43,0.0,0,0.0
2026-05-01,UTLSOLAR,EQ,INE12UR01024,FUJIYAMA POWER SYSTEMS L,296.41,296.41,296.41,296.41,296.41,0.0,0,0.0
2026-05-01,UTTAMSUGAR,EQ,INE786F01031,UTTAM SUGAR MILLS LTD.,256.64,256.64,256.64,256.64,256.64,0.0,0,0.0
2026-05-01,V2RETAIL,EQ,INE945H01021,V2 RETAIL LIMITED,198.65,198.65,198.65,198.65,198.65,0.0,0,0.0
2026-05-01,VAKRANGEE,EQ,INE051B01021,VAKRANGEE LIMITED,6.9,6.9,6.9,6.9,6.9,0.0,0,0.0
2026-05-01,VAL30IETF,EQ,INF109KC16X5,ICICIPRAMC - VAL30IETF,15.86,15.86,15.86,15.86,15.86,0.0,0,0.0
2026-05-01,VASCONEQ,EQ,INE893I01013,VASCON ENGINEERS LTD,41.26,41.26,41.26,41.26,41.26,0.0,0,0.0
2026-05-01,VBL,EQ,INE200M01039,VARUN BEVERAGES LIMITED,513.7,513.7,513.7,513.7,513.7,0.0,0,0.0
2026-05-01,VEDL,EQ,INE205A01025,VEDANTA LIMITED,271.55,271.55,271.55,271.55,271.55,0.0,0,0.0
2026-05-01,VEEDOL,EQ,INE484C01030,VEEDOL CORPORATION LTD,1423.1,1423.1,1423.1,1423.1,1423.1,0.0,0,0.0
2026-05-01,VENKEYS,EQ,INE398A01010,VENKY S (INDIA) LIMITED,1582.5,1582.5,1582.5,1582.5,1582.5,0.0,0,0.0
2026-05-01,VENTIVE,EQ,INE781S01027,VENTIVE HOSPITALITY LTD,619.7,619.7,619.7,619.7,619.7,0.0,0,0.0
2026-05-01,VERANDA,EQ,INE0IQ001011,VERANDA LEARNING SOL LTD,190.0,190.0,190.0,190.0,190.0,0.0,0,0.0
2026-05-01,VESUVIUS,EQ,INE386A01023,VESUVIUS INDIA LTD,519.1,519.1,519.1,519.1,519.1,0.0,0,0.0
2026-05-01,VGL,EQ,INE273D01027,VARVEE GLOBAL LIMITED,59.57,59.57,59.57,59.57,59.57,0.0,0,0.0
2026-05-01,VIDYAWIRES,EQ,INE14UN01029,VIDYA WIRES LIMITED,87.3,87.3,87.3,87.3,87.3,0.0,0,0.0
2026-05-01,VIJAYA,EQ,INE043W01024,VIJAYA DIAGNOSTIC CEN LTD,1129.6,1129.6,1129.6,1129.6,1129.6,0.0,0,0.0
2026-05-01,VIKASECO,EQ,INE806A01020,VIKAS ECOTECH LIMITED,1.39,1.39,1.39,1.39,1.39,0.0,0,0.0
2026-05-01,VIKASLIFE,EQ,INE161L01027,VIKAS LIFECARE LIMITED,1.57,1.57,1.57,1.57,1.57,0.0,0,0.0
2026-05-01,VIKRAMSOLR,EQ,INE078V01014,VIKRAM SOLAR LIMITED,219.39,219.39,219.39,219.39,219.39,0.0,0,0.0
2026-05-01,VIKRAN,EQ,INE01R501028,VIKRAN ENGINEERING LTD,72.28,72.28,72.28,72.28,72.28,0.0,0,0.0
2026-05-01,VIMTALABS,EQ,INE579C01029,VIMTA LABS LIMITED,457.15,457.15,457.15,457.15,457.15,0.0,0,0.0
2026-05-01,VINATIORGA,EQ,INE410B01037,VINATI ORGANICS LTD,1322.3,1322.3,1322.3,1322.3,1322.3,0.0,0,0.0
2026-05-01,VINCOFE,EQ,INE498Q01014,VINTAGE COFFEE N BVRGS L,135.76,135.76,135.76,135.76,135.76,0.0,0,0.0
2026-05-01,VINDHYATEL,EQ,INE707A01012,VINDHYA TELELINKS LTD,1369.0,1369.0,1369.0,1369.0,1369.0,0.0,0,0.0
2026-05-01,VINEETLAB,EQ,INE505Y01010,VINEET LABORATORIES LTD,38.06,38.06,38.06,38.06,38.06,0.0,0,0.0
2026-05-01,VIPCLOTHNG,EQ,INE450G01024,VIP CLOTHING LIMITED,21.48,21.48,21.48,21.48,21.48,0.0,0,0.0
2026-05-01,VIPIND,EQ,INE054A01027,VIP INDUSTRIES LTD,296.25,296.25,296.25,296.25,296.25,0.0,0,0.0
2026-05-01,VIRINCHI,EQ,INE539B01017,VIRINCHI LIMITED,17.9,17.9,17.9,17.9,17.9,0.0,0,0.0
2026-05-01,VISACHROME,EQ,INE286H01012,VISA CHROME LIMITED,40.5,40.5,40.5,40.5,40.5,0.0,0,0.0
2026-05-01,VISAKAIND,EQ,INE392A01021,VISAKA INDUSTRIES LIMITED,68.59,68.59,68.59,68.59,68.59,0.0,0,0.0
2026-05-01,VISHNU,EQ,INE270I01022,VISHNU CHEMICALS LIMITED,594.15,594.15,594.15,594.15,594.15,0.0,0,0.0
2026-05-01,VIVIDHA,EQ,INE370E01029,VISAGAR POLYTEX LTD,0.56,0.56,0.56,0.56,0.56,0.0,0,0.0
2026-05-01,VIYASH,EQ,INE807F01027,VIYASH SCIENTIFIC LIMITED,203.74,203.74,203.74,203.74,203.74,0.0,0,0.0
2026-05-01,VLEGOV,EQ,INE03HW01020,VL E GOV AND IT SOL LTD,15.01,15.01,15.01,15.01,15.01,0.0,0,0.0
2026-05-01,VMM,EQ,INE01EA01019,VISHAL MEGA MART LIMITED,122.29,122.29,122.29,122.29,122.29,0.0,0,0.0
2026-05-01,VOLTAMP,EQ,INE540H01012,VOLTAMP TRANSFORMERS LTD,11742.0,11742.0,11742.0,11742.0,11742.0,0.0,0,0.0
2026-05-01,VOLTAS,EQ,INE226A01021,VOLTAS LTD,1430.4,1430.4,1430.4,1430.4,1430.4,0.0,0,0.0
2026-05-01,VPRPL,EQ,INE0AE001013,VISHNU PRAKASH R PUNGLI L,43.9,43.9,43.9,43.9,43.9,0.0,0,0.0
2026-05-01,VRAJ,EQ,INE0S2V01010,VRAJ IRON AND STEEL LTD,128.4,128.4,128.4,128.4,128.4,0.0,0,0.0
2026-05-01,VSTIND,EQ,INE710A01016,VST INDUSTRIES LTD,258.37,258.37,258.37,258.37,258.37,0.0,0,0.0
2026-05-01,VSTTILLERS,EQ,INE764D01017,VST TILLERS TRACTORS LTD,5215.3,5215.3,5215.3,5215.3,5215.3,0.0,0,0.0
2026-05-01,VTL,EQ,INE825A01020,VARDHMAN TEXTILES LIMITED,612.0,612.0,612.0,612.0,612.0,0.0,0,0.0
2026-05-01,WAAREEENER,EQ,INE377N01017,WAAREE ENERGIES LIMITED,3118.8,3118.8,3118.8,3118.8,3118.8,0.0,0,0.0
2026-05-01,WAAREEINDO,EQ,INE866K01023,INDOSOLAR LIMITED,432.7,432.7,432.7,432.7,432.7,0.0,0,0.0
2026-05-01,WAAREERTL,EQ,INE299N01021,WAAREE RENEWABLE TECH LTD,1017.6,1017.6,1017.6,1017.6,1017.6,0.0,0,0.0
2026-05-01,WABAG,EQ,INE956G01038,VA TECH WABAG LTD,1509.6,1509.6,1509.6,1509.6,1509.6,0.0,0,0.0
2026-05-01,WAKEFIT,EQ,INE0E7301029,WAKEFIT INNOVATIONS LTD,138.05,138.05,138.05,138.05,138.05,0.0,0,0.0
2026-05-01,WALCHANNAG,EQ,INE711A01022,WALCHANDNAGAR INDUSTRIES,235.02,235.02,235.02,235.02,235.02,0.0,0,0.0
2026-05-01,WCIL,EQ,INE0CJF01024,WESTERN CARRIERS (IND) L,102.73,102.73,102.73,102.73,102.73,0.0,0,0.0
2026-05-01,WEALTH,EQ,INE658T01017,WEALTH FRST PORT. MG. LTD,943.8,943.8,943.8,943.8,943.8,0.0,0,0.0
2026-05-01,WEBELSOLAR,EQ,INE855C01023,WEBSOL ENERGY SYSTEM LTD,110.66,110.66,110.66,110.66,110.66,0.0,0,0.0
2026-05-01,WEIZMANIND,EQ,INE080A01014,WEIZMANN LTD,82.27,82.27,82.27,82.27,82.27,0.0,0,0.0
2026-05-01,WEL,EQ,INE02WG01024,WONDER ELECTRICALS LTD,105.59,105.59,105.59,105.59,105.59,0.0,0,0.0
2026-05-01,WELCORP,EQ,INE191B01025,WELSPUN CORP LIMITED,1266.75,1266.75,1266.75,1266.75,1266.75,0.0,0,0.0
2026-05-01,WELENT,EQ,INE625G01013,WELSPUN ENTERPRISES LTD.,523.25,523.25,523.25,523.25,523.25,0.0,0,0.0
2026-05-01,WELSPUNLIV,EQ,INE192B01031,WELSPUN LIVING LIMITED,128.96,128.96,128.96,128.96,128.96,0.0,0,0.0
2026-05-01,WESTLIFE,EQ,INE274F01020,WESTLIFE FOODWORLD LTD,475.85,475.85,475.85,475.85,475.85,0.0,0,0.0
2026-05-01,WEWIN,EQ,INE082W01014,WE WIN LIMITED,54.32,54.32,54.32,54.32,54.32,0.0,0,0.0
2026-05-01,WHEELS,EQ,INE715A01015,WHEELS INDIA LTD,1228.3,1228.3,1228.3,1228.3,1228.3,0.0,0,0.0
2026-05-01,WHIRLPOOL,EQ,INE716A01013,WHIRLPOOL OF INDIA LTD,985.6,985.6,985.6,985.6,985.6,0.0,0,0.0
2026-05-01,WINDMACHIN,EQ,INE052A01021,WINDSOR MACHINES LIMITED,285.58,285.58,285.58,285.58,285.58,0.0,0,0.0
2026-05-01,WIPRO,EQ,INE075A01022,WIPRO LTD,200.65,200.65,200.65,200.65,200.65,0.0,0,0.0
2026-05-01,WOCKPHARMA,EQ,INE049B01025,WOCKHARDT LIMITED,1395.6,1395.6,1395.6,1395.6,1395.6,0.0,0,0.0
2026-05-01,WONDERLA,EQ,INE066O01014,WONDERLA HOLIDAYS LTD.,527.4,527.4,527.4,527.4,527.4,0.0,0,0.0
2026-05-01,WSTCSTPAPR,EQ,INE976A01021,WEST COAST PAPER MILLS LT,483.6,483.6,483.6,483.6,483.6,0.0,0,0.0
2026-05-01,XCHANGING,EQ,INE692G01013,XCHANGING SOLUTIONS LTD,66.59,66.59,66.59,66.59,66.59,0.0,0,0.0
2026-05-01,XPROINDIA,EQ,INE445C01015,XPRO INDIA LIMITED,1018.2,1018.2,1018.2,1018.2,1018.2,0.0,0,0.0
2026-05-01,YATHARTH,EQ,INE0JO301016,YATHARTH HOSP & TRA C S L,820.0,820.0,820.0,820.0,820.0,0.0,0,0.0
2026-05-01,YATRA,EQ,INE0JR601024,YATRA ONLINE LIMITED,105.54,105.54,105.54,105.54,105.54,0.0,0,0.0
2026-05-01,YESBANK,EQ,INE528G01035,YES BANK LIMITED,19.93,19.93,19.93,19.93,19.93,0.0,0,0.0
2026-05-01,ZAGGLE,EQ,INE07K301024,ZAGGLE PREPA OCEAN SER L,240.76,240.76,240.76,240.76,240.76,0.0,0,0.0
2026-05-01,ZEEL,EQ,INE256A01028,ZEE ENTERTAINMENT ENT LTD,89.74,89.74,89.74,89.74,89.74,0.0,0,0.0
2026-05-01,ZEELEARN,EQ,INE565L01011,ZEE LEARN LIMITED,5.23,5.23,5.23,5.23,5.23,0.0,0,0.0
2026-05-01,ZENSARTECH,EQ,INE520A01027,ZENSAR TECHNOLOGIES  LTD,513.85,513.85,513.85,513.85,513.85,0.0,0,0.0
2026-05-01,ZENTEC,EQ,INE251B01027,ZEN TECHNOLOGIES LIMITED,1671.1,1671.1,1671.1,1671.1,1671.1,0.0,0,0.0
2026-05-01,ZFCVINDIA,EQ,INE342J01019,ZF COM VE CTR SYS IND LTD,2449.83,2449.83,2449.83,2449.83,2449.83,0.0,0,0.0
2026-05-01,ZOTA,EQ,INE358U01012,ZOTA HEALTH CARE LIMITED,1311.2,1311.2,1311.2,1311.2,1311.2,0.0,0,0.0
2026-05-01,ZUARI,EQ,INE840M01016,ZUARI AGRO CHEMICALS LTD,235.2,235.2,235.2,235.2,235.2,0.0,0,0.0
2026-05-01,ZUARIIND,EQ,INE217A01012,ZUARI INDUSTRIES LIMITED,262.41,262.41,262.41,262.41,262.41,0.0,0,0.0
2026-05-01,ZYDUSLIFE,EQ,INE010B01027,ZYDUS LIFESCIENCES LTD,891.9,891.9,891.9,891.9,891.9,0.0,0,0.0
2026-05-01,ZYDUSWELL,EQ,INE768C01028,ZYDUS WELLNESS LIMITED,508.55,508.55,508.55,508.55,508.55,0.0,0,0.0
