date,symbol,series,isin,name,open,high,low,close,prev_close,chg_pct,volume,value
2026-06-12,3IINFOLTD,BE,INE748C01038,3I INFOTECH LIMITED,17.39,17.42,17.0,17.22,17.03,1.12,333384,5740872.25
2026-06-12,AARNAV,BE,INE750R01016,AARNAV FASHIONS LIMITED,24.61,25.5,24.6,24.98,24.88,0.4,21379,534047.41
2026-06-12,AARTECH,BE,INE01C001026,AARTECH SOLONICS LIMITED,40.8,41.98,40.69,41.65,40.68,2.38,16217,675438.07
2026-06-12,AARTISURF,BE,INE09EO01013,AARTI SURFACTANTS LIMITED,367.1,377.0,361.3,374.75,359.55,4.23,8969,3361132.75
2026-06-12,ABAN,BE,INE421A01028,ABAN OFFSHORE LTD.,15.35,15.35,15.35,15.35,15.35,0.0,0,0.0
2026-06-12,ABINFRA,BE,INE00YB01025,A B INFRABUILD LIMITED,9.27,10.88,9.09,10.82,9.07,19.29,6496552,70292690.66
2026-06-12,ABMINTLLTD,BE,INE251C01025,ABM INTERNATIONAL LTD,42.0,42.89,41.1,41.34,42.94,-3.73,832,34394.88
2026-06-12,ACCURACY,BE,INE648Z01023,ACCURACY SHIPPING LIMITED,5.56,5.64,5.26,5.41,5.47,-1.1,78069,422353.28
2026-06-12,AHLWEST,BE,INE915K01010,ASIAN HOTELS (WEST) LTD,560.05,561.0,560.0,560.7,562.0,-0.23,344,192880.8
2026-06-12,AKI,BE,INE642Z01026,AKI INDIA LIMITED,4.9,4.95,4.75,4.86,4.71,3.18,60498,294020.29
2026-06-12,AKSHARCHEM,BE,INE542B01011,AKSHARCHEM INDIA LIMITED,207.0,209.0,205.01,206.98,202.26,2.33,2776,574576.47
2026-06-12,AKSHOPTFBR,BE,INE523B01011,AKSH OPTIFIBRE  LTD,7.09,7.09,6.83,7.09,6.96,1.87,387546,2747701.2
2026-06-12,ALPHAGEO,BE,INE137C01018,ALPHAGEO (INDIA) LIMITED,205.03,210.79,205.0,208.04,202.05,2.96,1858,386538.31
2026-06-12,AMANTA,BE,INE084K01015,AMANTA HEALTHCARE LIMITED,151.95,156.8,150.01,151.82,148.62,2.15,778945,118259435.61
2026-06-12,AMBALALSA,BE,INE432A01017,AMBALAL SARABHAI ENT L,31.5,33.5,31.5,32.56,31.25,4.19,76263,2483123.38
2026-06-12,AMDIND,BE,INE005I01014,AMD INDUSTRIES LIMITED,47.4,47.4,45.15,45.97,46.26,-0.63,11725,538998.26
2026-06-12,ANMOL,BE,INE02AR01019,ANMOL INDIA LIMITED,10.81,11.29,10.81,11.08,10.81,2.5,19208,212824.64
2026-06-12,APTECHT,BE,INE266F01018,APTECH LIMITED,110.0,115.5,110.0,114.66,106.74,7.42,2218716,254397984.69
2026-06-12,ARIES,BE,INE298I01015,ARIES AGRO LTD.,325.25,339.9,325.25,336.35,326.4,3.05,26807,9016534.61
2026-06-12,ASAHISONG,BE,INE228I01012,ASAHI SONGWON COLOR LTD,259.8,259.8,253.5,257.32,251.65,2.25,7217,1857078.49
2026-06-12,ASMS,BE,INE855F01042,AVIO SMART MRKT STACK LTD,7.2,7.3,7.14,7.25,7.08,2.4,290289,2104595.25
2026-06-12,AVG,BE,INE680Z01018,AVG LOGISTICS LIMITED,167.0,189.0,167.0,178.43,168.22,6.07,377361,67332520.47
2026-06-12,BAFNAPH,BE,INE878I01022,BAFNA PHARMACEUTICALS LTD,179.9,179.9,165.45,165.45,174.15,-5.0,67584,11181772.59
2026-06-12,BASML,BE,INE186H01022,BANNARI AM SPIN MILL LTD.,24.83,25.64,24.61,24.75,24.89,-0.56,288793,7147626.75
2026-06-12,BGRENERGY,BE,INE661I01014,BGR ENERGY SYSTEMS LTD,320.1,333.0,320.0,324.65,320.05,1.44,64779,21030501.95
2026-06-12,BHAGERIA,BE,INE354C01027,BHAGERIA INDUSTRIES LTD,206.02,210.2,206.0,209.25,205.37,1.89,59871,12528006.75
2026-06-12,BHARATGEAR,BE,INE561C01019,BHARAT GEARS LTD,110.98,112.39,110.01,111.12,109.54,1.44,24829,2758998.55
2026-06-12,BILVYAPAR,BE,INE071A01013,BIL VYAPAR LIMITED,4.1,4.1,3.91,3.99,3.92,1.79,9855,39321.45
2026-06-12,BLISSGVS,BE,INE416D01022,BLISS GVS PHARMA LTD,441.4,449.9,435.55,437.85,436.55,0.3,521869,228500344.84
2026-06-12,BTTL,BE,INE274K01012,BHILWARA TECHNICAL TEXT L,34.07,35.6,34.07,35.0,34.9,0.29,1621,56735.0
2026-06-12,BURNPUR,BE,INE817H01022,BURNPUR CEMENT LIMITED,33.0,33.0,33.0,33.0,33.0,0.0,0,0.0
2026-06-12,BYKE,BE,INE319B01014,THE BYKE HOSPITALITY LTD,32.31,34.87,32.31,33.91,33.38,1.59,42553,1442972.22
2026-06-12,CALSOFT,BE,INE526B01014,CALIFORNIA SOFTWARE CO LT,19.81,20.43,19.81,19.95,20.11,-0.8,41277,823476.18
2026-06-12,CAPTRUST,BE,INE707C01018,CAPITAL TRUST LIMITED,13.3,13.48,12.7,13.28,12.97,2.39,13569,180196.32
2026-06-12,CHEMBONDCH,BE,INE0TGX01019,CHEMBOND CHEMICAL LIMITED,174.5,176.0,171.5,172.63,174.05,-0.82,5179,894050.8
2026-06-12,CHEMCON,BE,INE03YM01018,CHEMCON SPECIAL CHEM LTD,191.27,196.9,191.27,194.92,189.47,2.88,37129,7237184.61
2026-06-12,CONSOFINVT,BE,INE025A01027,CONSO. FIN. & HOLD. LTD.,224.0,226.0,219.62,221.32,225.05,-1.66,12821,2837543.81
2026-06-12,COUNCODOS,BE,INE695B01025,COUNTRY CONDO S LIMITED,5.3,5.3,4.79,5.02,4.97,1.01,190700,957314.0
2026-06-12,CTE,BE,INE627H01017,CAMBRIDGE TECH ENTER LTD,31.34,34.0,30.01,32.1,31.22,2.82,13725,440572.48
2026-06-12,CURAA,BE,INE117B01020,CURA TECHNOLOGIES LIMITED,85.3,85.33,85.3,85.33,77.58,9.99,1402,119632.66
2026-06-12,CYBERMEDIA,BE,INE278G01037,CYBER MEDIA (INDIA) LTD.,16.93,17.0,16.4,16.78,16.4,2.32,6584,110479.52
2026-06-12,CYBERTECH,BE,INE214A01019,CYBERTECH SYSTEMS & SOFTW,136.0,138.4,134.4,136.24,133.68,1.92,14268,1943872.4
2026-06-12,DAMODARIND,BE,INE497D01022,DAMODAR INDUSTRIES LTD,30.36,30.36,29.5,30.25,29.36,3.03,391,11827.75
2026-06-12,DBSTOCKBRO,BE,INE921B01025,DB (INT) STOCK BROKERS,30.66,32.99,30.66,32.57,30.6,6.44,742,24166.94
2026-06-12,DELPHIFX,BE,INE726L01027,DELPHI WORLD MONEY LTD,8.69,9.25,8.64,8.93,8.54,4.57,235214,2100461.09
2026-06-12,DIACABS,BE,INE989C01038,DIAMOND POWER INFRA LTD,197.5,203.5,197.05,201.91,193.73,4.22,4513813,911383999.36
2026-06-12,DIGJAMLMTD,BE,INE731U01028,DIGJAM LTD,43.64,47.0,43.64,45.89,43.64,5.16,18815,863420.34
2026-06-12,DPSCLTD,BE,INE360C01024,DPSC LIMITED,7.7,7.71,7.19,7.51,7.56,-0.66,133269,1000850.22
2026-06-12,DPWIRES,BE,INE864X01013,D P WIRES LIMITED,171.34,180.99,171.34,176.65,171.34,3.1,8924,1576424.55
2026-06-12,DSFCL,BE,INE0OFM01015,DCM SHRIRAM FINE CHEM LTD,24.4,24.67,23.25,23.51,23.57,-0.25,48969,1151261.2
2026-06-12,DSKULKARNI,BE,INE891A01022,DS KULKARNI DEVELOPERS L,13.55,13.55,13.55,13.55,13.55,0.0,0,0.0
2026-06-12,DTIL,BE,INE341R01014,DHUNSERI TEA & IND. LTD.,132.9,134.8,132.3,133.24,132.24,0.76,812,108190.88
2026-06-12,E2E,BE,INE255Z01027,E2E NETWORKS LIMITED,374.0,387.4,361.2,386.4,369.0,4.72,6228077,2406528914.79
2026-06-12,EASTSILK,BE,INE962C01035,EASTERN SILK INDUSTRIES L,53.69,53.69,51.51,51.55,53.69,-3.99,283,14588.65
2026-06-12,EIFFL,BE,INE546V01010,EURO (I) FRESH FOODS LTD,227.21,233.5,227.0,229.93,230.89,-0.42,10937,2514744.33
2026-06-12,EMAMIPAP,BE,INE830C01026,EMAMI PAPER MILLS LIMITED,80.1,86.0,80.1,85.63,80.54,6.32,67342,5766495.28
2026-06-12,EMMBI,BE,INE753K01015,EMMBI INDUSTRIES LIMITED,84.9,84.9,82.51,83.25,82.35,1.09,1960,163170.0
2026-06-12,EQUIPPP,BE,INE217G01035,EQUIPPP SOC IMP TECH LTD,18.0,18.5,17.6,18.41,17.99,2.33,44991,828284.3
2026-06-12,ESAFSFB,BE,INE818W01011,ESAF SMALL FINANCE BANK L,26.99,28.63,26.71,28.48,26.58,7.15,1089571,31030981.58
2026-06-12,EUROTEXIND,BE,INE022C01012,EUROTEX IND & EXPORTS LTD,20.9,20.9,18.9,19.44,20.54,-5.36,19978,388372.33
2026-06-12,EVERESTIND,BE,INE295A01018,EVEREST INDUSTRIES LTD,342.0,342.0,320.55,328.65,331.4,-0.83,28070,9225205.33
2026-06-12,FAIRCHEMOR,BE,INE0DNW01011,FAIRCHEM ORGANICS LIMITED,572.2,595.4,570.05,592.2,569.9,3.91,6914,4094470.88
2026-06-12,FLEXITUFF,BE,INE060J01017,FLEXITUFF VENTURES INT L,7.05,7.06,6.53,7.03,6.97,0.86,10003,70321.09
2026-06-12,FOCUS,BE,INE593W01028,FOCUS LIGHTG & FIXTRS LTD,91.97,92.49,90.05,91.81,89.69,2.36,79347,7284847.88
2026-06-12,GANESHBE,BE,INE388A01029,GANESH BENZOPLAST LIMITED,109.0,113.0,107.91,108.28,108.23,0.05,284707,30828073.61
2026-06-12,GATECH,BE,INE224E01028,GACM TECHNOLOGIES LIMITED,0.51,0.54,0.51,0.52,0.51,1.96,3745908,1947872.09
2026-06-12,GATECHDVR,BE,INE224E01036,GACM TECHNOLOGIES LIMITED,0.47,0.49,0.46,0.46,0.47,-2.13,985414,453290.45
2026-06-12,GEECEE,BE,INE916G01016,GEECEE VENTURES LIMITED,324.05,327.0,320.25,322.05,324.05,-0.62,2089,672762.42
2026-06-12,GFSTEELS,BE,INE534A01028,GRAND FOUNDRY LTD,13.61,13.61,13.61,13.61,13.61,0.0,0,0.0
2026-06-12,GICL,BE,INE947T01022,GLOBE INTL CARRIERS LTD,23.2,23.24,21.91,22.22,22.06,0.73,253079,5623415.21
2026-06-12,GINNIFILA,BE,INE424C01010,GINNIFILAMENTS LTD.,42.3,42.77,41.48,42.28,42.37,-0.21,35801,1513666.24
2026-06-12,GOLDTECH,BE,INE805A01014,AION-TECH SOLUTIONS LTD,41.78,42.5,41.11,41.55,41.07,1.17,228298,9485781.73
2026-06-12,GRADIENTE,BE,INE361K01017,GRADIENTE INFOTAINMENT L,2.4,2.41,2.28,2.28,2.4,-5.0,1643258,3746628.19
2026-06-12,GULFPETRO,BE,INE586G01017,GP PETROLEUMS LIMITED,38.25,39.92,37.1,39.92,38.02,5.0,38059,1519315.21
2026-06-12,GVKPIL,BE,INE251H01024,GVK POW. & INFRA LTD.,2.85,2.9,2.82,2.84,2.85,-0.35,1123094,3189586.86
2026-06-12,GVPTECH,BE,INE382T01030,GVP INFOTECH LIMITED,6.47,6.49,6.24,6.3,6.34,-0.63,34391,216663.31
2026-06-12,HEG,BE,INE545A01024,HEG LIMITED,519.9,531.75,511.05,526.3,512.0,2.79,882980,464712363.22
2026-06-12,HEXAGON,BE,INE0JUI01012,HEXAGON NUTRITION LIMITED,48.25,50.66,48.1,50.66,,,11379734,576497322.7
2026-06-12,HFCL,BE,INE548A01028,HFCL LIMITED,170.0,171.86,169.01,171.86,163.68,5.0,9299089,1598141441.22
2026-06-12,HITECHCORP,BE,INE120D01012,HITECH CORPORATION LTD,313.9,314.0,309.0,310.02,310.74,-0.23,17885,5544707.5
2026-06-12,HITECHGEAR,BE,INE127B01011,THE HI-TECH GEARS LIMITED,578.0,588.0,570.0,573.65,578.1,-0.77,2117,1214417.1
2026-06-12,HMVL,BE,INE871K01015,HINDUSTAN MEDIA VENT LTD,79.0,81.0,75.61,78.69,78.84,-0.19,200697,15792847.42
2026-06-12,HYBRIDFIN,BE,INE965B01022,HYBRID FINANCIAL SERVICE,16.0,16.57,15.71,16.27,16.0,1.69,5616,91372.32
2026-06-12,ICDSLTD,BE,INE613B01010,ICDSLTD,42.6,45.0,42.6,44.99,42.6,5.61,659,29648.41
2026-06-12,INDOAMIN,BE,INE760F01028,INDO AMINES LIMITED,128.9,131.78,128.31,130.91,126.95,3.12,63378,8296814.21
2026-06-12,IVP,BE,INE043C01018,IVP LIMITED,158.1,163.46,158.0,159.39,161.95,-1.58,17423,2777051.96
2026-06-12,KALYANIFRG,BE,INE314G01014,KALYANI FORGE LIMITED,600.0,609.4,592.5,599.15,600.05,-0.15,599,358890.86
2026-06-12,KAMDHENU,BE,INE390H01020,KAMDHENU LIMITED,28.7,29.45,28.28,29.29,28.2,3.87,2494603,73066924.15
2026-06-12,KANORICHEM,BE,INE138C01024,KANORIACHEMICALS-,92.34,96.95,92.2,96.85,92.34,4.88,33501,3244571.8
2026-06-12,KAUSHALYA,BE,INE234I01028,KAUSHALYA INFRA DEV LTD.,835.0,850.0,830.4,835.25,835.75,-0.06,100,83525.0
2026-06-12,KAVDEFENCE,BE,INE641C01019,KAVVERI DFS & WIR TEC LTD,59.85,61.0,59.26,60.43,59.09,2.27,62545,3779594.37
2026-06-12,KAYA,BE,INE587G01015,KAYA LIMITED,238.8,257.98,238.8,254.98,235.63,8.21,47890,12210992.0
2026-06-12,KCPSUGIND,BE,INE790B01024,KCPSUGARINDUS,23.1,23.1,22.33,22.48,22.53,-0.22,189580,4261758.31
2026-06-12,KESORAMIND,BE,INE087A01019,KESORAM INDUSTRIES LTD,10.65,10.98,10.5,10.98,10.46,4.97,548335,6020718.05
2026-06-12,KHADIM,BE,INE834I01025,KHADIM INDIA LIMITED,96.25,104.45,96.25,103.35,95.53,8.19,153549,15869288.92
2026-06-12,KILITCH,BE,INE729D01010,KILITCH DRUGS INDIA LTD,182.1,191.86,181.48,189.03,181.79,3.98,126680,23946320.25
2026-06-12,KOTARISUG,BE,INE419A01022,KOTHARI SUG & CHEM LTD.,25.0,25.73,24.15,24.97,25.07,-0.4,29718,742058.44
2026-06-12,KOTYARK,BE,INE0J0B01017,KOTYARK INDUSTRIES LTD,39.09,39.09,36.91,37.24,36.6,1.74,115929,4316774.26
2026-06-12,KRONOX,BE,INE0ATZ01017,KRONOX LAB SCIENCES LTD,135.0,135.0,131.3,134.57,131.65,2.22,28236,3799718.73
2026-06-12,KSR,BE,INE1SPP01016,KSR FOOTWEAR LIMITED,31.2,31.43,30.02,31.18,31.07,0.35,22242,693505.57
2026-06-12,LANCORHOL,BE,INE572G01025,LANCOR HOLDINGS LIMITED,24.55,25.45,24.0,24.59,24.13,1.91,149796,3683483.66
2026-06-12,LOTUSDEV,BE,INE0V9Q01010,SRI LOTUS DEVLPRS N RTY L,133.62,134.59,131.81,134.04,129.27,3.69,322548,43234331.75
2026-06-12,LYKALABS,BE,INE933A01014,LYKA LABS LTD.,68.3,71.49,68.3,69.6,69.0,0.87,30718,2137972.75
2026-06-12,MADHUCON,BE,INE378D01032,MADHUCON PROJECTS LTD.,5.45,5.65,5.38,5.51,5.43,1.47,9959,54874.09
2026-06-12,MAHASTEEL,BE,INE451L01014,MAHAMAYA STEEL INDS LTD,869.95,879.9,841.2,858.75,871.25,-1.43,1109,952353.75
2026-06-12,MAJESAUT,BE,INE201B01022,MAJESTIC AUTO LTD.,344.8,344.8,334.15,335.6,334.0,0.48,768,257740.8
2026-06-12,MANAKSTEEL,BE,INE824Q01011,MANAKSIA STEELS LTD,66.56,68.49,65.0,66.15,66.15,0.0,15604,1032204.62
2026-06-12,MAZDA,BE,INE885E01042,MAZDA LIMITED,225.36,235.0,225.25,232.28,223.24,4.05,7890,1832689.19
2026-06-12,MBECL,BE,INE748A01024,MCNALLY BHARAT ENGIN CO L,65.4,65.4,65.4,65.4,65.4,0.0,0,0.0
2026-06-12,MEDICAMEQ,BE,INE646B01010,MEDICAMEN BIOTECH LIMITED,224.35,231.05,224.35,229.55,223.9,2.52,10440,2396502.03
2026-06-12,MENONBE,BE,INE071D01033,MENON BEARINGS LIMITED,167.8,171.37,165.31,167.15,166.26,0.54,296192,49508490.99
2026-06-12,MHLXMIRU,BE,INE112D01035,MAHALAXMI RUBTECH LIMITED,180.1,182.5,175.01,179.3,176.35,1.67,2914,522480.21
2026-06-12,MICEL,BE,INE287C01037,MIC ELECTRONICS LTD,42.3,43.4,41.65,42.17,41.53,1.54,1159599,48900287.71
2026-06-12,MODISONLTD,BE,INE737D01021,MODISON LIMITED,308.5,314.0,304.95,304.95,320.95,-4.99,197575,60250498.66
2026-06-12,MOLDTECH,BE,INE835B01035,MOLD-TEK TECHNOLOGIES LTD,124.0,129.4,124.0,126.76,123.94,2.28,89231,11310921.75
2026-06-12,MTARTECH,BE,INE864I01014,MTAR TECHNOLOGIES LIMITED,6666.5,7250.0,6625.0,7159.5,6306.0,13.53,4307470,30839331465.0
2026-06-12,MTEDUCARE,BE,INE472M01018,MT EDUCARE LTD,1.8,1.89,1.72,1.88,1.8,4.44,36705,69005.4
2026-06-12,MUKKA,BE,INE0CG401037,MUKKA PROTEINS LIMITED,21.06,23.2,21.06,22.81,21.05,8.36,1016384,23183718.5
2026-06-12,MUKTAARTS,BE,INE374B01019,MUKTA ARTS LIMITED,61.4,61.4,59.5,60.55,60.29,0.43,729,44140.95
2026-06-12,NATCAPSUQ,BE,INE936B01015,NATURAL CAPSULES LIMITED,155.0,156.8,152.21,155.95,153.54,1.57,2372,369913.39
2026-06-12,NAVKARURB,BE,INE268H01044,NAVKAR URBANSTRUCTURE LTD,1.0,1.01,0.98,0.99,0.97,2.06,2421490,2397275.12
2026-06-12,NECCLTD,BE,INE553C01016,NORTH EAST CARRY CORP LTD,17.0,17.4,16.06,16.58,16.85,-1.6,192652,3194170.15
2026-06-12,NEUEON,BE,INE333I01044,NEUEON CORPORATION LTD,21.91,21.91,21.91,21.91,21.91,0.0,0,0.0
2026-06-12,NIRAJISPAT,BE,INE326T01011,NIRAJ ISPAT IND LTD,214.0,214.0,212.0,213.25,215.0,-0.81,38,8103.5
2026-06-12,NRL,BE,INE0JM501013,NUPUR RECYCLERS LIMITED,75.24,77.0,74.5,74.57,75.12,-0.73,133426,9949576.78
2026-06-12,NURECA,BE,INE0DSF01015,NURECA LIMITED,230.5,233.45,230.0,232.1,230.5,0.69,5053,1172801.33
2026-06-12,OCCLLTD,BE,INE0PK601023,OCCL LIMITED,122.0,129.0,122.0,129.0,122.86,5.0,131651,16982979.0
2026-06-12,OILCOUNTUB,BE,INE591A01010,OIL COUNTRY TUBULAR LTD.,56.1,56.9,54.15,56.13,56.1,0.05,24092,1352283.99
2026-06-12,OMFREIGHT,BE,INE1BZC01019,OM FREIGHT FORWARDERS LTD,80.2,83.51,80.2,82.15,82.1,0.06,10188,836944.22
2026-06-12,ONELIFECAP,BE,INE912L01015,ONELIFE CAP ADVISORS LTD,25.21,26.2,25.21,26.09,25.21,3.49,11538,301026.42
2026-06-12,ONMOBILE,BE,INE809I01019,ONMOBILE GLOBAL LTD.,48.7,50.0,48.7,49.6,48.46,2.35,96040,4763583.85
2026-06-12,ORBTEXP,BE,INE231G01010,ORBIT EXPORTS LIMITED,193.0,197.79,185.11,187.94,192.18,-2.21,4630,870162.21
2026-06-12,ORIENTLTD,BE,INE609C01024,ORIENT PRESS LIMITED,58.33,59.96,58.03,58.85,57.99,1.48,8866,521764.09
2026-06-12,OSIAHYPER,BE,INE06IR01021,OSIA HYPER RETAIL LIMITED,2.99,3.11,2.83,3.09,2.97,4.04,1623546,5016757.0
2026-06-12,PANACHE,BE,INE895W01019,PANACHE DIGILIFE LIMITED,374.95,374.95,360.1,363.55,366.0,-0.67,3724,1353860.15
2026-06-12,PAR,BE,INE04LG01015,PAR DRUGS AND CHEM LTD,87.8,88.9,84.3,86.68,85.85,0.97,12593,1091561.24
2026-06-12,PARSVNATH,BE,INE561H01026,PARSVNATH DEVELOPER LTD,3.32,3.32,3.32,3.32,3.38,-1.78,110101,365535.31
2026-06-12,PATINTLOG,BE,INE529D01014,PATEL INT. LOG. LTD,12.9,13.3,12.9,13.11,12.87,1.86,45931,602155.39
2026-06-12,PKTEA,BE,INE431F01018,THE P K TEA PROD CO LTD,780.0,780.0,725.05,757.95,780.0,-2.83,423,320612.86
2026-06-12,PPAP,BE,INE095I01015,PPAP AUTOMOTIVE LIMITED,263.79,268.5,244.0,248.9,244.82,1.67,501317,124777798.24
2026-06-12,PPL,BE,INE050001010,PRAKASH PIPES LIMITED,238.02,246.0,237.99,241.32,236.84,1.89,154140,37197065.93
2026-06-12,PREMIER,BE,INE342A01018,PREMIER LIMITED,3.04,3.04,2.94,2.95,2.94,0.34,2382,7026.9
2026-06-12,PRITIKAUTO,BE,INE583R01029,PRITIKA AUTO INDUS LTD,14.1,14.55,14.1,14.38,14.04,2.42,128195,1843444.11
2026-06-12,PRUDMOULI,BE,INE024D01016,PRUDENTIAL SUGAR CORPORAT,14.5,15.6,14.5,14.95,14.87,0.54,6602,98699.9
2026-06-12,QMSMEDI,BE,INE0FMW01018,QMS MEDICAL ALLIED S LTD,90.35,95.9,90.35,95.3,90.4,5.42,14000,1334200.04
2026-06-12,RADHIKAJWE,BE,INE583V01021,RADHIKA JEWELTECH LIMITED,56.2,57.0,55.46,56.55,55.34,2.19,140382,7938601.99
2026-06-12,RAJOOENG,BE,INE535F01024,RAJOO ENGINEERS LIMITED,53.25,55.0,52.4,54.44,53.25,2.23,335196,18248069.78
2026-06-12,RAJRILTD,BE,INE533D01032,RAJ RAYON INDUSTRIES LTD,20.0,20.75,19.95,20.25,20.35,-0.49,5251,106332.75
2026-06-12,RAMASTEEL,BE,INE230R01035,RAMA STEEL TUBES LIMITED,5.23,5.27,5.16,5.22,5.15,1.36,2339911,12214334.93
2026-06-12,RBZJEWEL,BE,INE0PEQ01016,RBZ JEWELLERS LIMITED,129.06,135.24,128.7,134.51,128.91,4.34,72317,9727359.27
2026-06-12,RCOM,BE,INE330H01018,RELIANCE COMMUNICATIONS L,0.92,0.94,0.92,0.93,0.92,1.09,1606557,1494098.02
2026-06-12,RELINFRA,BE,INE036A01016,RELIANCE INFRASTRUCTU LTD,85.84,85.84,85.84,85.84,85.84,0.0,0,0.0
2026-06-12,REPL,BE,INE364Z01019,RUDRABHISHEK ENTERP LTD,74.0,74.0,68.03,70.56,69.53,1.48,3909,275819.03
2026-06-12,RMDRIP,BE,INE219Y01026,R M DRIP & SPRINK SYS LTD,18.0,18.57,17.76,18.57,17.69,4.97,1062389,19728563.41
2026-06-12,RNBDENIMS,BE,INE012Q01039,R&B DENIMS LIMITED,10.74,10.74,10.74,10.74,10.23,4.99,382181,4104623.85
2026-06-12,ROLLT,BE,INE927A01040,ROLLATAINERS LIMITED,2.67,2.73,2.47,2.71,2.6,4.23,710930,1926620.33
2026-06-12,RPPL,BE,INE760W01023,RAJSHREE POLYPACK LTD,18.6,18.6,17.6,18.05,17.79,1.46,33683,607978.12
2026-06-12,RSWM,BE,INE611A01016,RSWM LIMITED,205.23,210.99,202.0,209.15,205.03,2.01,204700,42813003.75
2026-06-12,SADHNANIQ,BE,INE888C01040,SADHANA NITROCHEM LIMITED,2.27,2.27,2.19,2.27,2.23,1.79,6126566,13907304.7
2026-06-12,SANGINITA,BE,INE753W01010,SANGINITA CHEMICALS LTD,34.83,34.83,34.83,34.83,34.15,1.99,48597,1692633.6
2026-06-12,SCPL,BE,INE501Y01019,SHEETAL COOL PRODUCTS LTD,470.0,480.0,447.0,451.4,467.35,-3.41,34019,15356176.39
2026-06-12,SETCO,BE,INE878E01021,SETCO AUTOMOTIVE LTD,18.62,18.62,18.62,18.62,18.26,1.97,30175,561858.53
2026-06-12,SEYAIND,BE,INE573R01012,SEYA INDUSTRIES LIMITED,13.05,13.31,12.79,12.93,13.05,-0.92,6739,87135.27
2026-06-12,SHAHALLOYS,BE,INE640C01011,SHAH ALLOYS LIMITED,66.0,68.0,65.0,67.76,66.56,1.8,1359,92085.84
2026-06-12,SHALPAINTS,BE,INE849C01026,SHALIM PAINTS LTD,51.99,52.49,50.7,51.84,51.23,1.19,34487,1787806.09
2026-06-12,SHARDUL,BE,INE037B01020,SHARDUL SECURITIES LTD.,30.0,30.0,27.63,29.31,29.33,-0.07,3313,97104.03
2026-06-12,SHEKHAWATI,BE,INE268L01046,SHEKHAWATI INDUSTRIES LTD,15.22,15.22,14.2,14.43,14.52,-0.62,6453,93116.79
2026-06-12,SHEMAROO,BE,INE363M01019,SHEMAROO ENTER. LTD.,113.55,123.9,113.55,118.57,114.6,3.46,59915,7104121.53
2026-06-12,SHYAMCENT,BE,INE979R01011,SHYAM CENTURY FERROUS LTD,4.83,5.09,4.61,4.92,5.01,-1.8,184546,907966.33
2026-06-12,SICALLOG,BE,INE075B01020,SICAL LOGISTICS LIMITED,80.0,83.49,78.5,83.49,79.52,4.99,84881,7086714.51
2026-06-12,SIGIND,BE,INE529F01035,SIGNET INDUSTRIES LIMITED,47.94,47.94,45.45,46.87,46.7,0.36,11416,535067.91
2026-06-12,SIGMAADV,BE,INE933B01012,SIGMA ADVANCED SYSTEM LTD,497.0,503.9,470.0,479.5,482.25,-0.57,583531,279803114.5
2026-06-12,SIKKO,BE,INE112X01025,SIKKO INDUSTRIES LIMITED,3.96,4.01,3.91,3.99,3.87,3.1,128313,511968.87
2026-06-12,SMARTLINK,BE,INE178C01020,SMARTLINK HOLDINGS LTD,162.8,167.45,160.4,165.99,160.3,3.55,5765,956932.38
2026-06-12,SONAMLTD,BE,INE00LM01029,SONAM LIMITED,52.8,56.4,52.8,54.91,53.99,1.7,59521,3268298.1
2026-06-12,SPECIALITY,BE,INE247M01014,SPECIALITY REST LTD,106.0,107.25,104.01,105.89,103.42,2.39,17918,1897337.01
2026-06-12,SPECTRUM,BE,INE01EO01010,SPECTRUM ELECTRIC IND LTD,1612.2,1648.8,1585.0,1598.5,1588.4,0.64,10364,16566854.0
2026-06-12,SREEL,BE,INE099F01013,SREELEATHERS LIMITED,198.89,198.9,193.13,197.74,193.86,2.0,2347,464095.79
2026-06-12,STALLION,BE,INE0RYC01010,STALLION IND FLUOROCHEM L,176.59,184.7,176.59,183.55,172.51,6.4,1288362,236478849.03
2026-06-12,STERTOOLS,BE,INE334A01023,STERLING TOOLS LIMITED,205.1,211.68,204.0,209.71,204.54,2.53,58640,12297394.79
2026-06-12,STLTECH,BE,INE089C01029,STERLITE TECHNOLOGIES LTD,575.0,596.8,575.0,583.65,568.4,2.68,2246159,1310970755.19
2026-06-12,SUNDRMBRAK,BE,INE073D01013,SUNDARAMBRAKE LININGS LTD,715.7,738.0,715.4,727.85,712.85,2.1,1597,1162376.41
2026-06-12,SUPERSPIN,BE,INE662A01027,SUPER SPINNING MILLS LTD,5.25,5.25,5.01,5.14,5.12,0.39,51226,263301.63
2026-06-12,SUTLEJTEX,BE,INE645H01027,SUTLEJ TEXT & INDUS LTD,35.1,36.6,35.1,36.23,35.14,3.1,22547,816877.8
2026-06-12,SWANDEF,BE,INE542F01020,SWAN DEFENCE N HEVY IND L,1974.0,2030.0,1965.5,1977.9,1973.3,0.23,5474,10827024.73
2026-06-12,SWARAJ,BE,INE0GMR01016,SWARAJ SUITING LIMITED,254.9,264.0,250.0,260.2,249.6,4.25,130500,33956101.59
2026-06-12,SYSTMTXC,BE,INE356B01024,SYSTEMATIX CORP SERVICE L,63.48,66.62,63.45,66.62,63.45,5.0,7730,514972.62
2026-06-12,TICL,BE,INE388G01026,TWAMEV CONS AND INFRA LTD,20.79,21.5,20.4,20.54,20.8,-1.25,1623273,33342028.91
2026-06-12,TIJARIA,BE,INE440L01017,TIJARIA POLYPIPES LTD,4.66,4.66,4.35,4.48,4.52,-0.88,31524,141227.52
2026-06-12,TIL,BE,INE806C01018,TIL LTD,181.72,183.91,180.0,181.95,179.68,1.26,66170,12039631.3
2026-06-12,TIRUPATIFL,BE,INE319Y01024,TIRUPATI FORGE LIMITED,43.8,45.7,42.65,45.12,43.57,3.56,222016,10017361.68
2026-06-12,TOTAL,BE,INE336X01012,TOTAL TRANSPORT SYS LTD,51.01,51.5,49.1,50.96,49.83,2.27,4209,214490.64
2026-06-12,TPHQ,BE,INE065J01024,TEAMO PRODUCTIONS HQ LTD,0.49,0.5,0.48,0.48,0.49,-2.04,1236053,593305.43
2026-06-12,TRANSPEK,BE,INE687A01016,TRANSPEK INDUSTRIES LTD,995.0,1042.9,973.0,1022.9,972.7,5.16,6934,7092788.77
2026-06-12,TRANSWORLD,BE,INE757B01015,TRANSWORLD SHIP LINES LTD,158.5,163.8,158.0,161.16,157.54,2.3,12123,1953742.72
2026-06-12,TVVISION,BE,INE871L01013,TV VISION LIMITED,4.99,5.49,4.96,5.39,5.0,7.8,25154,135580.06
2026-06-12,UCAL,BE,INE139B01016,UCAL LIMITED,99.01,100.75,98.98,100.05,98.1,1.99,6987,699049.37
2026-06-12,UFBL,BE,INE382M01027,UNITED FOODBRANDS LIMITED,564.0,600.0,562.7,593.6,556.55,6.66,342253,203161372.44
2026-06-12,UMAEXPORTS,BE,INE0GIU01018,UMA EXPORTS LIMITED,20.9,22.77,20.9,22.77,21.69,4.98,32992,751227.86
2026-06-12,UNIVASTU,BE,INE562X01013,UNIVASTU INDIA LIMITED,79.99,83.52,79.01,80.1,78.31,2.29,321863,25781225.81
2026-06-12,UNIVPHOTO,BE,INE03V001013,UNIVERSUS IMAGINGS LTD,358.7,359.1,358.6,358.7,365.85,-1.95,895,321036.51
2026-06-12,URAVIDEF,BE,INE568Z01015,URAVI DEFENCE &TECH LTD,116.0,118.49,110.5,113.74,114.38,-0.56,8021,912308.52
2026-06-12,UYFINCORP,BE,INE152C01025,U. Y. FINCORP LIMITED,14.5,14.5,14.0,14.27,14.18,0.63,42248,602878.98
2026-06-12,VALIANTLAB,BE,INE0JWS01017,VALIANT LABORATORIES LTD,68.79,69.0,66.6,68.0,67.03,1.45,10237,696116.0
2026-06-12,VALIANTORG,BE,INE565V01010,VALIANT ORGANICS LIMITED,265.2,284.0,265.2,280.15,265.85,5.38,32200,9020829.8
2026-06-12,VARDHACRLC,BE,INE116G01013,VARDHAMAN ACRYLICS LTD,45.4,45.4,43.61,44.52,43.37,2.65,33990,1513234.82
2026-06-12,VCL,BE,INE098201036,VAXTEX COTFAB LIMITED,1.35,1.42,1.32,1.34,1.34,0.0,571513,765827.44
2026-06-12,VENUSREM,BE,INE411B01019,VENUS REMEDIES LIMITED,1749.9,1800.8,1706.8,1797.5,1715.1,4.8,246228,442594830.0
2026-06-12,VETO,BE,INE918N01018,VETO SWITCHGEAR CABLE LTD,146.49,148.87,143.1,144.56,144.19,0.26,148023,21398204.52
2026-06-12,VHLTD,BE,INE048C01025,VICEROY HOTELS LIMITED,139.5,139.5,136.0,137.14,136.89,0.18,1724,236429.36
2026-06-12,VIJIFIN,BE,INE159N01027,VIJI FINANCE LIMITED,3.9,4.0,3.76,3.9,3.9,0.0,134776,525626.41
2026-06-12,VIPULLTD,BE,INE946H01037,VIPUL LIMITED,9.6,9.89,9.16,9.4,9.56,-1.67,53084,498989.58
2026-06-12,VIVIMEDLAB,BE,INE526G01021,VIVIMED LABS LIMITED,6.1,6.29,6.05,6.12,6.1,0.33,37754,231054.48
2026-06-12,WELINV,BE,INE389K01018,WELSPUN INV & COMM LTD,1750.0,1800.0,1730.0,1788.0,1727.0,3.53,25,44700.0
2026-06-12,AGSTRA,BZ,INE583L01014,AGS TRANSACT TECH LTD,2.97,2.97,2.97,2.97,2.97,0.0,0,0.0
2026-06-12,ANKITMETAL,BZ,INE106I01010,ANKIT MET & POW LTD,1.58,1.62,1.52,1.54,1.55,-0.65,43515,67013.1
2026-06-12,ANSALAPI,BZ,INE436A01026,ANSAL PROP & INFRA LTD,3.41,3.53,3.41,3.41,3.47,-1.73,4968,16940.88
2026-06-12,ARSHIYA,BZ,INE968D01022,ARSHIYA LIMITED,1.08,1.12,1.07,1.08,1.07,0.93,334310,361054.81
2026-06-12,ASTRON,BZ,INE646X01014,ASTRON PAPER BORD MIL LTD,3.99,3.99,3.82,3.9,3.82,2.09,12790,49881.0
2026-06-12,COMPINFO,BZ,INE070C01037,COMPUAGE INFOCOM LTD,1.38,1.39,1.34,1.38,1.33,3.76,8088,11161.44
2026-06-12,DHARAN,BZ,INE278R01034,DHARAN INFRA-EPC LIMITED,0.16,0.16,0.15,0.15,0.15,0.0,11263847,1689577.12
2026-06-12,FEL,BZ,INE623B01027,FUTURE ENTERPRISES LTD,0.41,0.43,0.41,0.42,0.42,0.0,397124,166792.07
2026-06-12,FELDVR,BZ,IN9623B01058,FUTURE ENTERPRISES LTD,2.67,2.67,2.43,2.6,2.55,1.96,543,1411.8
2026-06-12,FLFL,BZ,INE452O01016,FUT LIFESTYLE FASH LTD,1.29,1.35,1.25,1.34,1.3,3.08,24684,33076.56
2026-06-12,GENSOL,BZ,INE06H201014,GENSOL ENGINEERING LTD,24.92,24.92,24.92,24.92,24.92,0.0,0,0.0
2026-06-12,GOLDENTOBC,BZ,INE973A01010,GOLDEN TOBACCO LIMITED,25.01,26.04,25.0,25.05,25.14,-0.36,2606,65280.3
2026-06-12,HDIL,BZ,INE191I01012,HOUSING DEV & INFRA LTD,1.88,1.9,1.84,1.88,1.84,2.17,107018,201193.84
2026-06-12,HMT,BZ,INE262A01018,HMT LTD -,53.71,56.0,53.71,55.47,53.71,3.28,10253,568733.92
2026-06-12,IL&FSENGG,BZ,INE369I01014,IL&FS ENG AND CONS CO LTD,29.72,29.72,28.5,28.92,29.04,-0.41,61551,1780054.92
2026-06-12,IL&FSTRANS,BZ,INE975G01012,IL&FS TRANS NET LTD,2.45,2.45,2.31,2.33,2.36,-1.27,29371,68434.43
2026-06-12,IMPEXFERRO,BZ,INE691G01015,IMPEX FERRO TECH LIMITED,2.66,2.66,2.66,2.66,2.66,0.0,0,0.0
2026-06-12,LAKPRE,BZ,INE651C01018,LAKSHMI PRE SCRE LTD,5.05,5.05,5.0,5.0,5.05,-0.99,22,110.0
2026-06-12,MEP,BZ,INE776I01010,MEP INFRA. DEVELOPERS LTD,0.83,0.83,0.82,0.82,0.83,-1.2,305351,250387.82
2026-06-12,RAJESHEXPO,BZ,INE343B01030,RAJESH EXPORTS LTD,76.41,76.41,76.41,76.41,80.43,-5.0,1445658,110462733.07
2026-06-12,RHFL,BZ,INE217K01011,RELIANCE HOME FINANCE LTD,2.2,2.2,2.13,2.18,2.15,1.4,528708,1152583.48
2026-06-12,SANWARIA,BZ,INE890C01046,SANWARIA CONSUMER LIMITED,0.23,0.23,0.21,0.22,0.22,0.0,623701,137214.22
2026-06-12,SETUINFRA,BZ,INE023M01027,SETUBANDHAN INFRA LTD,0.41,0.42,0.41,0.42,0.4,5.0,41395,17385.9
2026-06-12,SHRENIK,BZ,INE632X01030,SHRENIK LIMITED,0.37,0.38,0.36,0.37,0.37,0.0,293854,108725.98
2026-06-12,SIMBHALS,BZ,INE748T01016,SIMBHAOLI SUGARS LTD.,6.88,6.98,6.74,6.89,6.91,-0.29,3751,25844.39
2026-06-12,SITINET,BZ,INE965H01011,SITI NETWORKS LIMITED,0.36,0.36,0.34,0.36,0.35,2.86,467121,168163.57
2026-06-12,SUPREMEENG,BZ,INE319Z01021,SUPREME ENGINEERING LTD,1.2,1.2,1.2,1.2,1.18,1.69,236206,283447.21
2026-06-12,20MICRONS,EQ,INE144J01027,20 MICRONS LTD,180.55,185.1,180.5,182.37,178.88,1.95,136089,24818550.27
2026-06-12,21STCENMGM,EQ,INE253B01015,21ST CENTURY MGMT SERVICE,32.17,32.48,31.26,31.36,31.85,-1.54,2335,73225.6
2026-06-12,360ONE,EQ,INE466L01038,360 ONE WAM LIMITED,1079.7,1099.0,1058.0,1096.8,1064.1,3.07,696601,764032010.81
2026-06-12,3MINDIA,EQ,INE470A01017,3M INDIA LIMITED,31550.0,31695.0,31255.0,31550.0,31165.0,1.24,1149,36250950.0
2026-06-12,3PLAND,EQ,INE105C01023,3P LAND HOLDINGS LIMITED,32.44,32.44,30.51,32.1,31.56,1.71,3849,123552.89
2026-06-12,5PAISA,EQ,INE618L01018,5PAISA CAPITAL LIMITED,303.6,311.0,303.6,309.7,303.5,2.04,24561,7606542.0
2026-06-12,63MOONS,EQ,INE111B01023,63 MOONS TECHNOLOGIES LTD,644.1,663.5,644.1,660.5,642.4,2.82,133330,88064465.0
2026-06-12,A2ZINFRA,EQ,INE619I01012,A2Z INFRA ENGINEERING LTD,14.5,14.72,13.85,14.15,14.11,0.28,123199,1743265.8
2026-06-12,AAATECH,EQ,INE0D0U01013,AAA TECHNOLOGIES LIMITED,99.5,100.0,97.0,97.3,98.14,-0.86,15247,1483533.15
2026-06-12,AADHARHFC,EQ,INE883F01010,AADHAR HOUSING FINANCE L,460.0,476.2,458.0,473.65,453.05,4.55,542229,256826762.54
2026-06-12,AAKASH,EQ,INE087Z01024,AAKASH EXPLORATION SER L,10.2,10.5,10.05,10.3,10.0,3.0,219779,2263723.74
2026-06-12,AAREYDRUGS,EQ,INE198H01019,AAREY DRUGS & PHARM LTD,78.0,79.45,74.75,77.85,76.1,2.3,67719,5271924.05
2026-06-12,AARON,EQ,INE721Z01010,AARON INDUSTRIES LIMITED,115.15,120.0,114.02,119.24,114.75,3.91,8187,976217.86
2026-06-12,AARTIDRUGS,EQ,INE767A01016,AARTI DRUGS LTD.,375.0,375.0,368.1,371.7,367.75,1.07,141724,52678812.53
2026-06-12,AARTIIND,EQ,INE769A01020,AARTI INDUSTRIES LTD,430.9,443.95,427.8,440.6,427.85,2.98,492977,217205669.21
2026-06-12,AARTIPHARM,EQ,INE0LRU01027,AARTI PHARMALABS LIMITED,625.05,644.0,625.05,641.15,622.35,3.02,145262,93134734.85
2026-06-12,AARVI,EQ,INE754X01016,AARVI ENCON LIMITED,146.8,150.0,142.0,148.29,142.31,4.2,72046,10683700.86
2026-06-12,AAVAS,EQ,INE216P01012,AAVAS FINANCIERS LIMITED,1360.0,1444.8,1353.4,1405.7,1328.2,5.83,840069,1180884952.28
2026-06-12,ABB,EQ,INE117A01022,ABB INDIA LIMITED,6783.0,6854.5,6722.0,6770.5,6719.0,0.77,188800,1278270400.0
2026-06-12,ABBOTINDIA,EQ,INE358A01014,ABBOTT INDIA LIMITED,26195.0,26435.0,25960.0,26280.0,26065.0,0.82,9732,255756960.0
2026-06-12,ABCAPITAL,EQ,INE674K01013,ADITYA BIRLA CAPITAL LTD.,344.7,359.3,341.9,358.1,336.6,6.39,3057116,1094753258.26
2026-06-12,ABCOTS,EQ,INE08PH01015,A B COTSPIN INDIA LIMITED,203.78,212.95,200.0,210.18,198.38,5.95,321718,67618686.88
2026-06-12,ABDL,EQ,INE552Z01027,ALLIED BLEND N DISTILS L,614.5,646.95,608.85,644.45,608.45,5.92,2054909,1324286130.13
2026-06-12,ABFRL,EQ,INE647O01011,ADITYA BIRLA FASHION & RT,58.99,60.05,58.68,59.9,58.24,2.85,1991720,119304031.04
2026-06-12,ABGSEC,EQ,INF209KC1134,BIRLASLAMC - ABGSEC,113.73,113.73,112.45,112.7,112.62,0.07,83,9354.1
2026-06-12,ABLBL,EQ,INE14LE01019,ADITYA BIRLA LIFES BRAN L,97.0,98.74,96.34,98.34,95.38,3.1,354629,34874214.56
2026-06-12,ABREL,EQ,INE055A01016,ADITYA BIRLA REAL EST LTD,1190.0,1228.6,1181.4,1198.4,1180.8,1.49,261330,313177878.38
2026-06-12,ABSLAMC,EQ,INE404A01024,ADIT BIRL SUN LIF AMC LTD,1087.8,1119.4,1075.7,1101.2,1068.6,3.05,801088,882158066.48
2026-06-12,ABSLBANETF,EQ,INF209KB17D5,BIRLASLAMC - ABSLBANETF,56.93,58.02,56.93,57.89,56.32,2.79,203577,11785072.41
2026-06-12,ABSLLIQUID,EQ,INF209KB18T9,BIRLASLAMC - ABSLLIQUID,999.99,1000.01,999.99,1000.0,999.99,0.0,2456,2456000.0
2026-06-12,ABSLNN50ET,EQ,INF209KB16D7,BIRLASLAMC - ABSLNN50ET,71.99,73.5,71.6,73.32,71.67,2.3,10885,798088.2
2026-06-12,ABSLPSE,EQ,INF209KB19Z4,BIRLASLAMC-ABSLPSE,10.4,10.5,10.15,10.29,10.18,1.08,218835,2251812.14
2026-06-12,ACC,EQ,INE012A01025,ACC LIMITED,1309.9,1343.8,1308.2,1336.6,1303.7,2.52,206123,275503996.77
2026-06-12,ACCELYA,EQ,INE793A01012,ACCELYA SOLN INDIA LTD,1109.2,1124.5,1105.0,1117.4,1109.2,0.74,4516,5046178.51
2026-06-12,ACE,EQ,INE731H01025,ACTION CONST EQUIP LTD,904.0,934.85,896.45,931.05,891.95,4.38,691582,643897412.66
2026-06-12,ACEINTEG,EQ,INE543V01017,ACE INTEGRATED SOLU. LTD.,20.43,20.43,19.25,20.16,20.02,0.7,5158,103985.28
2026-06-12,ACI,EQ,INE128X01021,ARCHEAN CHEMICAL IND LTD,535.9,554.0,532.5,543.0,529.9,2.47,162669,88329267.0
2026-06-12,ACL,EQ,INE666E01020,ANDHRA CEMENTS LIMITED,53.2,54.19,52.51,53.65,52.85,1.51,9893,530759.47
2026-06-12,ACMESOLAR,EQ,INE622W01025,ACME SOLAR HOLDINGS LTD,338.0,347.7,334.4,335.75,334.45,0.39,1365603,458501207.25
2026-06-12,ACUTAAS,EQ,INE00FF01025,ACUTAAS CHEMICALS LIMITED,3154.0,3190.5,3070.2,3145.3,3128.1,0.55,380507,1196808685.68
2026-06-12,ADANIENSOL,EQ,INE931S01010,ADANI ENERGY SOLUTION LTD,1499.0,1509.0,1477.0,1489.6,1466.7,1.56,1607528,2394573669.55
2026-06-12,ADANIENT,EQ,INE423A01024,ADANI ENTERPRISES LIMITED,2958.8,2971.9,2886.2,2921.6,2908.8,0.44,2321009,6781060121.06
2026-06-12,ADANIGREEN,EQ,INE364U01010,ADANI GREEN ENERGY LTD,1480.0,1493.0,1455.2,1485.7,1454.5,2.15,1975815,2935468249.02
2026-06-12,ADANIPORTS,EQ,INE742F01042,ADANI PORT & SEZ LTD,1804.0,1818.0,1777.9,1812.9,1787.1,1.44,2325897,4216618728.08
2026-06-12,ADANIPOWER,EQ,INE814H01029,ADANI POWER LTD,218.44,223.89,216.43,223.07,215.51,3.51,27825184,6206963998.68
2026-06-12,ADFFOODS,EQ,INE982B01027,ADF FOODS LIMITED,276.45,284.0,274.0,283.2,273.6,3.51,96463,27318322.78
2026-06-12,ADL,EQ,INE0CHO01012,ARCHIDPLY DECOR LIMITED,71.0,72.0,68.6,71.02,71.8,-1.09,406,28834.12
2026-06-12,ADOR,EQ,INE045A01017,ADOR WELDING LTD,1126.0,1175.0,1125.2,1165.7,1109.0,5.11,27333,31862076.77
2026-06-12,ADROITINFO,EQ,INE737B01033,ADROIT INFOTECH LIMITED,9.48,9.48,9.08,9.31,9.38,-0.75,36974,344227.96
2026-06-12,ADSL,EQ,INE102I01027,ALLIED DIGITAL SERV. LTD,115.05,118.98,114.99,117.44,114.14,2.89,105056,12337776.9
2026-06-12,ADVAIT,EQ,INE0ALI01010,ADVAIT ENRGY TRANSITION L,2269.0,2364.5,2260.1,2305.8,2224.3,3.66,99673,229826008.27
2026-06-12,ADVANCE,EQ,INE1B0W01010,ADVANCE AGROLIFE LIMITED,98.32,99.0,95.5,98.48,95.92,2.67,72614,7151026.96
2026-06-12,ADVANIHOTR,EQ,INE199C01026,ADVANI HOT.& RES.(I) LTD,50.51,52.44,50.51,52.19,50.31,3.74,20531,1071512.86
2026-06-12,ADVENTHTL,EQ,INE28GN01010,ADVENT HOTELS INTERNATI L,121.5,132.44,121.5,129.83,120.9,7.39,266717,34627868.6
2026-06-12,ADVENZYMES,EQ,INE837H01020,ADVANCED ENZYME TECH LTD,369.1,372.3,362.5,368.95,361.4,2.09,69150,25512893.34
2026-06-12,AEGISLOG,EQ,INE208C01025,AEGIS LOGISTICS LIMITED,956.35,976.4,913.2,944.4,925.9,2.0,24360713,23006257951.94
2026-06-12,AEGISVOPAK,EQ,INE0INX01018,AEGIS VOPAK TERMINALS LTD,205.0,219.05,202.51,217.85,199.14,9.4,4204329,915913098.31
2026-06-12,AEPL,EQ,INE757T01025,ARTEMIS ELECTRICALS & P L,16.34,16.34,15.86,16.0,15.88,0.76,10161,162576.0
2026-06-12,AEQUS,EQ,INE947N01017,AEQUS LIMITED,178.99,185.11,178.0,182.53,176.15,3.62,2730276,498357274.95
2026-06-12,AEROENTER,EQ,INE065D01027,AEROFLEX ENTERPRISES LTD,103.13,112.0,103.13,109.78,102.84,6.75,1070685,117539797.99
2026-06-12,AEROFLEX,EQ,INE024001021,AEROFLEX INDUSTRIES LTD,418.0,449.4,417.95,448.1,408.55,9.68,2868692,1285460902.71
2026-06-12,AERONEU,EQ,INE035801013,AEROFLEX NEU LIMITED,85.55,87.89,85.0,86.2,85.92,0.33,56401,4861766.03
2026-06-12,AEROPLANE,EQ,INE05TO01019,AMIR CHAND JAG KUM (E) L,118.7,123.68,118.18,123.23,117.45,4.92,415985,51261832.95
2026-06-12,AETHER,EQ,INE0BWX01014,AETHER INDUSTRIES LIMITED,1140.0,1161.1,1139.1,1142.9,1128.8,1.25,215851,246696113.17
2026-06-12,AFCONS,EQ,INE101I01011,AFCONS INFRASTRUCTURE LTD,320.0,327.85,317.0,326.0,316.75,2.92,735015,239614890.0
2026-06-12,AFFLE,EQ,INE00WC01027,AFFLE 3I LIMITED,1450.9,1469.5,1401.3,1446.3,1436.2,0.7,314618,455032028.76
2026-06-12,AFFORDABLE,EQ,INE692Z01013,AFFORD ROBO & AUTO LTD,176.9,178.0,169.5,176.8,173.43,1.94,12475,2205580.04
2026-06-12,AFIL,EQ,INE916Y01027,AKME FINTRADE (INDIA) LTD,9.91,10.3,9.85,10.13,9.83,3.05,866590,8778556.8
2026-06-12,AFSL,EQ,INE00ZE01026,ABANS FINANCIAL SRVCS LTD,201.0,202.16,201.0,201.01,201.01,0.0,12113,2434834.06
2026-06-12,AGARIND,EQ,INE204E01012,AGARWAL INDS CORP LTD.,456.95,491.7,456.95,483.55,448.95,7.71,213794,103380086.09
2026-06-12,AGARWALEYE,EQ,INE943P01029,DR AGARWALS HEALTH CARE L,440.5,454.8,438.3,439.75,439.4,0.08,48397,21282580.75
2026-06-12,AGI,EQ,INE415A01038,AGI GREENPAC LIMITED,626.9,648.0,621.4,645.75,617.75,4.53,323250,208738687.5
2026-06-12,AGIIL,EQ,INE976R01033,AGI INFRA LIMITED,371.0,376.7,365.2,372.5,368.9,0.98,1900025,707759312.5
2026-06-12,AGRITECH,EQ,INE449G01018,AGRI-TECH (INDIA) LIMITED,118.0,122.3,115.05,117.91,117.1,0.69,8485,1000466.38
2026-06-12,AGROPHOS,EQ,INE740V01019,AGRO PHOS INDIA LIMITED,30.7,30.7,29.12,30.42,30.04,1.26,9929,302040.18
2026-06-12,AHCL,EQ,INE0Y8W01025,ANLON HEALTHCARE LIMITED,15.25,15.38,14.37,15.06,15.01,0.33,10489576,157973018.96
2026-06-12,AHLADA,EQ,INE00PV01013,AHLADA ENGINEERS LIMITED,39.84,40.4,37.9,39.93,39.84,0.23,18986,758110.99
2026-06-12,AHLEAST,EQ,INE926K01017,ASIAN HOTELS (EAST) LTD,152.8,159.55,152.7,153.38,152.96,0.27,6476,993288.91
2026-06-12,AHLUCONT,EQ,INE758C01029,AHLUWALIA CONT IND LTD,798.0,800.0,781.55,798.1,785.85,1.56,39105,31209699.55
2026-06-12,AIAENG,EQ,INE212H01026,AIA ENGINEERING LIMITED,4357.0,4387.5,4290.5,4333.7,4318.5,0.35,49722,215480241.11
2026-06-12,AIIL,EQ,INE206F01022,AUTHUM INVEST & INFRA LTD,468.9,547.0,467.7,530.15,459.95,15.26,19070826,10110398869.5
2026-06-12,AIRAN,EQ,INE645W01026,AIRAN LIMITED,16.3,16.45,15.98,16.16,15.98,1.13,54550,881527.99
2026-06-12,AIROLAM,EQ,INE801L01010,AIRO LAM LIMITED,84.0,87.8,82.1,85.97,84.97,1.18,1548,133081.56
2026-06-12,AJANTPHARM,EQ,INE031B01049,AJANTA PHARMA LIMITED,3178.9,3178.9,3110.0,3131.0,3143.4,-0.39,80576,252283456.0
2026-06-12,AJAXENGG,EQ,INE274Y01021,AJAX ENGINEERING LIMITED,553.0,588.0,541.55,548.3,548.35,-0.01,60226,33021915.06
2026-06-12,AJMERA,EQ,INE298G01035,AJMERA REALTY & INF I LTD,113.0,122.98,113.0,120.84,111.47,8.41,1004398,121371450.64
2026-06-12,AJOONI,EQ,INE820Y01021,AJOONI BIOTECH LIMITED,3.88,3.95,3.71,3.8,3.8,0.0,332718,1264328.38
2026-06-12,AKASH,EQ,INE737W01013,AKASH INFRA-PROJECTS LTD,26.03,26.6,25.7,26.02,26.03,-0.04,21272,553497.45
2026-06-12,AKG,EQ,INE00Y801016,AKG EXIM LIMITED,10.99,11.1,10.71,10.72,10.72,0.0,1525,16348.0
2026-06-12,AKSHAR,EQ,INE256Z01025,AKSHAR SPINTEX LIMITED,0.45,0.46,0.45,0.45,0.45,0.0,374859,168686.55
2026-06-12,AKUMS,EQ,INE09XN01023,AKUMS DRUGS AND PHARMA L,615.0,634.0,615.0,622.9,609.1,2.27,835541,520458509.3
2026-06-12,ALANKIT,EQ,INE914E01040,ALANKIT LIMITED,8.35,8.38,8.05,8.18,8.15,0.37,156557,1280636.31
2026-06-12,ALBERTDAVD,EQ,INE155C01010,ALBERT DAVID LIMITED,690.4,729.7,690.4,725.6,694.85,4.43,7757,5628479.01
2026-06-12,ALEMBICLTD,EQ,INE426A01027,ALEMBIC LIMITED,86.96,87.51,85.3,87.06,85.36,1.99,205247,17868803.32
2026-06-12,ALGOQUANT,EQ,INE598D01035,ALGOQUANT FINTECH LIMITED,54.83,57.43,53.79,56.23,53.88,4.36,2325882,130784343.8
2026-06-12,ALICON,EQ,INE062D01024,ALICON CASTALLOY LIMITED,633.0,652.3,633.0,642.55,632.0,1.67,9128,5865196.29
2026-06-12,ALIVUS,EQ,INE03Q201024,ALIVUS LIFE SCIENCES LTD,1028.5,1080.0,1028.5,1045.7,1017.2,2.8,240546,251538940.45
2026-06-12,ALKALI,EQ,INE773I01017,ALKALI METALS LTD,83.98,87.28,83.98,86.85,84.7,2.54,5581,484709.84
2026-06-12,ALKEM,EQ,INE540L01014,ALKEM LABORATORIES LTD.,5340.0,5358.5,5283.0,5298.0,5301.5,-0.07,67310,356608380.0
2026-06-12,ALKYLAMINE,EQ,INE150B01039,ALKYL AMINES CHEM. LTD,1823.4,1842.2,1811.1,1831.8,1808.9,1.27,49615,90884759.42
2026-06-12,ALLCARGO,EQ,INE418H01029,ALLCARGO LOGISTICS LTD,8.77,8.97,8.7,8.9,8.7,2.3,2828074,25169857.52
2026-06-12,ALLDIGI,EQ,INE835G01018,ALLDIGI TECH LIMITED,810.05,826.0,810.05,821.65,817.7,0.48,1661,1364760.69
2026-06-12,ALLTIME,EQ,INE0GV601021,ALL TIME PLASTICS LIMITED,220.0,236.96,219.95,234.22,217.61,7.63,64733,15161763.34
2026-06-12,ALMONDZ,EQ,INE326B01035,ALMONDZ GLOBAL SEC LTD,13.99,14.25,13.56,13.68,13.51,1.26,63337,866450.18
2026-06-12,ALOKINDS,EQ,INE270A01029,ALOK INDUSTRIES LIMITED,12.1,12.25,11.9,12.16,11.88,2.36,6999703,85116387.41
2026-06-12,ALPA,EQ,INE385I01010,ALPA LABORATORIES LTD,68.95,71.48,68.01,69.69,67.08,3.89,18195,1268009.59
2026-06-12,ALPHA,EQ,INF174KA1IA5,KOTAKMAMC - KOTAKALPHA,49.02,50.5,49.02,50.19,48.7,3.06,1903641,95543739.18
2026-06-12,ALPHAETF,EQ,INF769K01KU7,MIRAEAMC - ALPHAETF,25.19,25.67,25.13,25.61,24.89,2.89,267968,6862660.64
2026-06-12,ALPL30IETF,EQ,INF109KC17V7,ICICIPRAMC - ICICIALPLV,26.38,26.56,26.33,26.52,26.23,1.11,578137,15332193.5
2026-06-12,AMAGI,EQ,INE121R01077,AMAGI MEDIA LABS LIMITED,434.3,447.0,417.25,425.95,426.15,-0.05,278710,118716527.9
2026-06-12,AMBER,EQ,INE371P01015,AMBER ENTERPRISES (I) LTD,7444.5,7480.0,7120.0,7420.0,7290.0,1.78,543425,4032213500.0
2026-06-12,AMBICAAGAR,EQ,INE792B01012,AMBICA AGAR & AROMAINDLTD,24.78,24.8,23.9,24.37,24.18,0.79,3559,86732.83
2026-06-12,AMBIKCO,EQ,INE540G01014,AMBIKA COTTON MILL LTD.,1601.0,1627.8,1592.9,1607.1,1594.7,0.78,4306,6920172.49
2026-06-12,AMBUJACEM,EQ,INE079A01024,AMBUJA CEMENTS LTD,412.25,426.05,408.7,423.1,406.05,4.2,2885819,1220990036.51
2026-06-12,AMJLAND,EQ,INE606A01024,AMJ LAND HOLDINGS LIMITED,36.0,37.5,36.0,36.19,35.41,2.2,13327,482304.11
2026-06-12,AMNPLST,EQ,INE275D01022,AMINES & PLASTICIZERS LTD,189.01,194.98,185.1,190.18,187.55,1.4,16042,3050867.44
2026-06-12,AMRUTANJAN,EQ,INE098F01031,AMRUTAJAN HEALTH LTD,567.1,568.0,554.05,557.7,562.3,-0.82,21738,12123282.87
2026-06-12,ANANDRATHI,EQ,INE463V01026,ANAND RATHI WEALTH LTD,1755.0,1769.7,1740.1,1765.3,1743.9,1.23,172009,303647496.1
2026-06-12,ANANTRAJ,EQ,INE242C01024,ANANT RAJ LIMITED,520.5,536.0,520.5,534.75,513.25,4.19,2003498,1071370555.5
2026-06-12,ANDHRAPAP,EQ,INE435A01051,ANDHRA PAPER LIMITED,61.3,61.75,61.0,61.12,60.52,0.99,23105,1412177.58
2026-06-12,ANDHRSUGAR,EQ,INE715B01021,ANDHRA SUGARS LTD,84.98,86.9,81.17,82.81,83.4,-0.71,457943,37922258.71
2026-06-12,ANGELONE,EQ,INE732I01021,ANGEL ONE LIMITED,329.0,340.3,325.05,339.5,323.75,4.86,7318502,2484631429.0
2026-06-12,ANIKINDS,EQ,INE087B01017,ANIK INDUSTRIES LTD,43.0,44.59,41.53,42.98,42.54,1.03,1730,74355.4
2026-06-12,ANNAPURNA,EQ,INE0MGM01017,ANNAPURNA SWADISHT LTD,137.5,137.5,134.0,134.6,136.05,-1.07,161250,21704250.98
2026-06-12,ANTELOPUS,EQ,INE818A01017,ANTELOPUS SELAN ENRGY LTD,857.9,883.8,826.9,836.55,859.65,-2.69,162842,136225473.11
2026-06-12,ANTGRAPHIC,EQ,INE414B01021,ANTARCTICA LTD,0.84,0.84,0.75,0.79,0.79,0.0,309600,244584.01
2026-06-12,ANTHEM,EQ,INE0CZ201020,ANTHEM BIOSCIENCES LTD,780.1,795.0,778.25,788.7,780.05,1.11,554620,437428800.77
2026-06-12,ANUHPHR,EQ,INE489G01022,ANUH PHARMA LIMITED,76.99,83.9,76.51,79.59,76.28,4.34,336671,26795643.66
2026-06-12,ANUP,EQ,INE294Z01018,THE ANUP ENGINEERING LTD,1834.5,1917.0,1798.7,1901.1,1798.7,5.69,35627,67730488.83
2026-06-12,ANURAS,EQ,INE930P01018,ANUPAM RASAYAN INDIA LTD,1299.0,1299.0,1208.2,1250.3,1258.0,-0.61,527760,659858353.77
2026-06-12,AONEGOLD,EQ,INF1J2R01114,AONEAMC - AONEGOLD,13.72,13.72,13.72,13.72,13.48,1.77,0,0.0
2026-06-12,AONELIQUID,EQ,INF1J2R01056,AONEAMC - AONELIQUID,1063.28,1063.72,1063.28,1063.71,1063.28,0.04,20225,21513533.96
2026-06-12,AONENIFTY,EQ,INF1J2R01064,AONEAMC - AONENIFTY,9.71,9.74,9.56,9.7,9.52,1.89,491402,4766599.31
2026-06-12,AONESILVER,EQ,INF1J2R01171,AONEAMC - AONESILVER,9.14,9.14,9.14,9.14,8.85,3.32,0,0.0
2026-06-12,AONETMMQ50,EQ,INF1J2R01148,AONEAMC - AONETMMQ50,10.11,10.11,10.11,10.11,9.88,2.39,0,0.0
2026-06-12,AONETOTAL,EQ,INF1J2R01015,AONEAMC - AONETOTAL,11.35,11.5,11.3,11.48,11.24,2.14,183098,2101964.96
2026-06-12,APARINDS,EQ,INE372A01015,APAR INDUSTRIES LTD.,14823.0,15340.0,14733.0,15221.0,14551.0,4.6,271159,4127311139.0
2026-06-12,APCL,EQ,INE071F01012,ANJANI PORTLAND CEM LTD,106.0,110.6,106.0,108.33,104.56,3.61,9974,1080483.44
2026-06-12,APCOTEXIND,EQ,INE116A01032,APCOTEX INDUSTRIES LIMITE,522.0,541.9,519.8,529.3,521.75,1.45,115068,60905491.0
2026-06-12,APEX,EQ,INE346W01013,APEX FROZEN FOODS LIMITED,407.0,423.05,404.1,419.15,399.2,5.0,456468,191328559.41
2026-06-12,APLAPOLLO,EQ,INE702C01027,APL APOLLO TUBES LTD,1780.1,1822.6,1758.3,1817.6,1764.1,3.03,737749,1340932564.39
2026-06-12,APLLTD,EQ,INE901L01018,ALEMBIC PHARMA LTD,749.25,754.45,738.3,743.35,734.65,1.18,86226,64096094.99
2026-06-12,APOLLO,EQ,INE713T01028,APOLLO MICRO SYSTEMS LTD,389.0,411.0,387.1,409.4,381.75,7.24,24583322,10064411876.76
2026-06-12,APOLLOHOSP,EQ,INE437A01024,APOLLO HOSPITALS ENTER. L,8535.0,8558.0,8440.0,8498.0,8493.0,0.06,276444,2349221112.0
2026-06-12,APOLLOPIPE,EQ,INE126J01016,APOLLO PIPES LIMITED,483.0,498.15,482.05,495.0,478.65,3.42,96695,47864025.0
2026-06-12,APOLLOTYRE,EQ,INE438A01022,APOLLO TYRES LTD,388.0,397.35,386.0,396.3,380.3,4.21,1147185,454629401.5
2026-06-12,APOLSINHOT,EQ,INE451F01024,APOLLO SINDOORI HOTEL LTD,1295.0,1295.0,1265.0,1278.2,1294.2,-1.24,377,481881.38
2026-06-12,APTUS,EQ,INE852O01025,APTUS VALUE HSG FIN I LTD,259.3,274.8,259.0,271.7,258.45,5.13,2489626,676431414.59
2026-06-12,AQYLON,EQ,INE416A01051,AQYLON NEXUS LIMITED,56.0,57.52,55.98,56.85,55.75,1.97,9500824,540121829.9
2026-06-12,ARCHIDPLY,EQ,INE877I01016,ARCHIDPLY IND. LTD,80.12,83.3,80.0,82.4,80.52,2.33,18146,1495230.43
2026-06-12,ARCHIES,EQ,INE731A01020,ARCHIES LTD,13.67,15.0,13.67,13.89,13.67,1.61,20005,277869.46
2026-06-12,ARE&M,EQ,INE885A01032,AMARA RAJA ENERGY MOB LTD,810.0,825.0,806.5,823.65,796.3,3.43,428590,353008163.96
2026-06-12,ARENTERP,EQ,INE610C01014,RAJDARSHAN INDUSTRIES LTD,36.15,38.59,36.14,38.43,36.15,6.31,677,26017.11
2026-06-12,ARFIN,EQ,INE784R01023,ARFIN INDIA LIMITED,85.0,85.76,83.0,84.82,83.14,2.02,3385286,287139957.49
2026-06-12,ARIHANT,EQ,INE413D01011,ARIHANT FOUN & HOU LTD,859.85,875.0,825.0,858.0,861.65,-0.42,7248,6218784.0
2026-06-12,ARIHANTCAP,EQ,INE420B01036,ARIHANT CAPITAL MKTS LTD,62.6,70.8,62.31,69.03,61.95,11.43,2502865,172772767.89
2026-06-12,ARIHANTSUP,EQ,INE643K01018,ARIHANT SUPERSTRUCT LTD,251.0,258.8,250.0,256.8,251.0,2.31,8342,2142225.5
2026-06-12,ARIS,EQ,INE0H9P01028,ARISINFRA SOLUTIONS LTD,114.95,122.26,112.8,120.13,112.65,6.64,2046684,245868143.3
2026-06-12,ARKADE,EQ,INE0QRL01017,ARKADE DEVELOPERS LIMITED,112.05,114.5,111.48,114.3,111.22,2.77,244953,27998128.65
2026-06-12,ARMANFIN,EQ,INE109C01017,ARMAN FIN SERV LTD,1609.9,1656.6,1598.2,1646.9,1581.2,4.16,22408,36903735.75
2026-06-12,AROGRANITE,EQ,INE210C01013,ARO GRANITE IND. LTD.,24.57,25.24,24.57,24.69,24.57,0.49,744,18369.36
2026-06-12,ARROWGREEN,EQ,INE570D01018,ARROW GREENTECH LIMITED,575.0,583.8,550.0,575.65,573.05,0.45,33504,19286578.42
2026-06-12,ARSSBL,EQ,INE549H01021,ANAND RATHI SH N STK BR L,519.0,545.0,517.25,542.95,510.65,6.33,346168,187951919.83
2026-06-12,ARTEMISMED,EQ,INE025R01021,ARTEMIS MED SERVICE LTD,261.85,265.35,258.25,262.6,254.75,3.08,215595,56615248.32
2026-06-12,ARTNIRMAN,EQ,INE738V01013,ART NIRMAN LIMITED,42.6,42.75,39.02,40.07,39.35,1.83,4072,163165.04
2026-06-12,ARVEE,EQ,INE006Z01016,ARVEE LABORATORIES I LTD,172.06,180.0,164.0,170.68,170.25,0.25,4256,726414.05
2026-06-12,ARVIND,EQ,INE034A01011,ARVIND LIMITED,498.0,504.0,492.0,494.5,493.25,0.25,473209,234001850.5
2026-06-12,ARVINDFASN,EQ,INE955V01021,ARVIND FASHIONS LIMITED,447.2,454.15,445.85,450.2,445.95,0.95,79863,35954323.57
2026-06-12,ARVSMART,EQ,INE034S01021,ARVIND SMARTSPACES LTD,569.0,575.55,557.5,573.9,561.85,2.14,10686,6132695.66
2026-06-12,ASAHIINDIA,EQ,INE439A01020,ASAHI INDIA GLASS LIMITED,875.0,887.15,869.55,883.6,860.55,2.68,37938,33522015.87
2026-06-12,ASAL,EQ,INE900C01027,AUTOMOTIVE STAMPINGS & AS,490.0,503.65,490.0,501.3,486.4,3.06,14045,7040758.33
2026-06-12,ASALCBR,EQ,INE073G01016,ASSO ALCOHOLS & BREW LTD,822.2,830.0,814.0,819.9,816.8,0.38,14483,11874612.05
2026-06-12,ASHAPURMIN,EQ,INE348A01023,ASHAPURA MINECHEM LTD,685.5,695.95,678.35,692.05,678.25,2.03,324938,224873338.93
2026-06-12,ASHIANA,EQ,INE365D01021,ASHIANA HOUSING LTD,365.0,365.4,355.05,359.95,357.2,0.77,42470,15287077.02
2026-06-12,ASHIMASYN,EQ,INE440A01010,ASHIMA LTD,15.99,16.4,15.84,16.04,15.99,0.31,72949,1170102.03
2026-06-12,ASHOKA,EQ,INE442H01029,ASHOKA BUILDCON LTD,117.0,124.0,116.87,123.06,115.15,6.87,1136082,139806248.15
2026-06-12,ASHOKAMET,EQ,INE760Y01011,ASHOKA METCAST LIMITED,15.15,15.6,14.87,15.12,15.16,-0.26,10063,152152.56
2026-06-12,ASHOKLEY,EQ,INE208A01029,ASHOK LEYLAND LTD,143.22,153.45,142.7,152.45,138.58,10.01,69272916,10560655832.8
2026-06-12,ASIANENE,EQ,INE276G01015,ASIAN ENERGY SERVICES LTD,366.0,371.9,362.85,366.2,362.0,1.16,187540,68677150.29
2026-06-12,ASIANHOTNR,EQ,INE363A01022,ASIAN HOTELS (NORTH) LTD,297.9,306.4,290.5,297.7,296.6,0.37,58016,17271363.91
2026-06-12,ASIANPAINT,EQ,INE021A01026,ASIAN PAINTS LIMITED,2725.7,2753.0,2709.4,2747.4,2690.9,2.1,1078025,2961765779.72
2026-06-12,ASIANTILES,EQ,INE022I01019,ASIAN GRANITO IND. LTD.,59.14,61.8,59.14,60.42,59.13,2.18,8020179,484579200.49
2026-06-12,ASKAUTOLTD,EQ,INE491J01022,ASK AUTOMOTIVE LIMITED,424.9,435.0,424.25,429.35,422.9,1.53,126674,54387482.67
2026-06-12,ASPINWALL,EQ,INE991I01015,ASPINWALL & CO LTD,233.7,247.9,233.7,240.79,240.14,0.27,1117,268962.42
2026-06-12,ASTEC,EQ,INE563J01010,ASTEC LIFESCIENCES LTD,787.7,791.45,768.05,769.6,771.5,-0.25,27813,21404884.12
2026-06-12,ASTERDM,EQ,INE914M01019,ASTER DM QUALITY CARE LTD,835.0,836.5,806.05,814.95,813.75,0.15,1181355,962745271.67
2026-06-12,ASTRAL,EQ,INE006I01046,ASTRAL LIMITED,1514.0,1531.6,1498.0,1508.6,1490.2,1.23,833425,1257304934.65
2026-06-12,ASTRAMICRO,EQ,INE386C01029,ASTRA MICROWAVE LTD,1419.0,1461.0,1418.8,1443.8,1396.3,3.4,573205,827593406.99
2026-06-12,ASTRAZEN,EQ,INE203A01020,ASTRAZENECA PHARMA IND LT,8299.0,8299.0,8213.0,8249.5,8228.5,0.26,3066,25292967.0
2026-06-12,ATALREAL,EQ,INE0ALR01029,ATAL REALTECH LIMITED,28.93,29.75,28.09,29.46,28.79,2.33,6724283,198097371.02
2026-06-12,ATAM,EQ,INE09KD01013,ATAM VALVES LIMITED,71.98,72.09,70.1,71.54,70.02,2.17,4027,288091.58
2026-06-12,ATGL,EQ,INE399L01023,ADANI TOTAL GAS LIMITED,727.05,736.0,718.45,728.5,716.15,1.72,3246129,2364804976.5
2026-06-12,ATHERENERG,EQ,INE0LEZ01016,ATHER ENERGY LIMITED,1035.0,1058.0,1019.5,1028.7,1027.4,0.13,2858859,2940908113.71
2026-06-12,ATL,EQ,INE0NN701020,ALLCARGO TERMINALS LTD,24.4,24.47,23.66,23.97,23.65,1.35,228339,5473285.67
2026-06-12,ATLANTAA,EQ,INE285H01022,ATLANTAA LIMITED,40.02,40.84,39.71,39.86,39.58,0.71,81805,3260747.35
2026-06-12,ATLANTAELE,EQ,INE0Z4F01028,ATLANTA ELECTRICALS LTD,1865.0,1885.0,1775.5,1843.7,1825.2,1.01,120812,222741078.5
2026-06-12,ATLASCYCLE,EQ,INE446A01025,ATLAS CYCLE (HARYANA) LTD,98.8,99.0,97.6,98.39,97.58,0.83,2102,206815.78
2026-06-12,ATUL,EQ,INE100A01010,ATUL LTD,6520.0,6619.0,6502.0,6517.5,6496.5,0.32,21710,141494925.0
2026-06-12,ATULAUTO,EQ,INE951D01028,ATUL AUTO LIMITED,440.05,458.1,440.05,455.7,437.65,4.12,119613,54507645.56
2026-06-12,AUBANK,EQ,INE949L01017,AU SMALL FINANCE BANK LTD,970.5,1019.45,959.1,1015.5,963.3,5.42,4077611,4140813970.5
2026-06-12,AURIONPRO,EQ,INE132H01018,AURIONPRO SOLN LTD,772.0,789.0,764.05,777.25,752.5,3.29,197000,153118250.0
2026-06-12,AUROPHARMA,EQ,INE406A01037,AUROBINDO PHARMA LTD,1479.0,1481.0,1462.5,1472.8,1464.1,0.59,669347,985814294.28
2026-06-12,AURUM,EQ,INE898S01029,AURUM PROPTECH LIMITED,182.12,186.99,180.75,183.39,182.12,0.7,59537,10918490.39
2026-06-12,AURUS,EQ,INE142K01011,AURUS GEM CORP LIMITED,4.94,4.95,4.88,4.89,4.86,0.62,11143,54489.27
2026-06-12,AUSOMENT,EQ,INE218C01016,AUSOM ENTERPRISE LIMITED,115.66,116.0,111.5,114.7,116.24,-1.32,4719,541269.29
2026-06-12,AUTOAXLES,EQ,INE449A01011,AUTOMOTIVE AXLES LIMITED,1650.0,1699.7,1646.1,1689.0,1639.2,3.04,10079,17023431.0
2026-06-12,AUTOBEES,EQ,INF204KC1337,NIPPONAMC - NETFAUTO,266.92,271.46,266.21,270.63,265.38,1.98,177396,48008680.35
2026-06-12,AUTOIETF,EQ,INF109KC10V2,ICICIPRAMC - ICICIAUTO,26.71,27.3,26.63,27.1,26.55,2.07,822222,22282216.51
2026-06-12,AUTOIND,EQ,INE718H01014,AUTOLINE INDUSTRIES LTD,72.0,74.55,70.1,74.19,71.15,4.27,48305,3583748.07
2026-06-12,AVADHSUGAR,EQ,INE349W01017,AVADH SUG & ENERGY LTD,467.1,467.1,447.0,452.2,454.55,-0.52,8118,3670959.7
2026-06-12,AVALON,EQ,INE0LCL01028,AVALON TECHNOLOGIES LTD,1587.9,1696.0,1567.0,1687.0,1568.2,7.58,476593,804012391.0
2026-06-12,AVANTEL,EQ,INE005B01027,AVANTEL LIMITED,161.02,167.5,161.02,166.53,157.16,5.96,1526279,254171240.01
2026-06-12,AVANTIFEED,EQ,INE871C01038,AVANTI FEEDS LIMITED,1059.0,1064.0,1036.9,1060.1,1034.1,2.51,447496,474390498.67
2026-06-12,AVL,EQ,INE679V01027,ADITYA VISION LIMITED,527.75,555.0,521.35,536.9,521.35,2.98,308304,165528425.13
2026-06-12,AVONMORE,EQ,INE323B01024,AVONMORE CAP&MGT SERV LTD,10.5,11.6,10.5,10.87,10.08,7.84,585278,6361971.79
2026-06-12,AVROIND,EQ,INE652Z01025,AVRO INDIA LIMITED,10.95,11.13,10.62,11.0,10.58,3.97,194830,2143130.0
2026-06-12,AVTNPL,EQ,INE488D01021,AVT NATURAL PRODUCTS LTD,69.05,70.89,69.05,70.01,69.03,1.42,28657,2006276.63
2026-06-12,AWFIS,EQ,INE108V01019,AWFIS SPACE SOLUTIONS LTD,293.5,306.9,289.5,303.05,288.7,4.97,339170,102785464.36
2026-06-12,AWHCL,EQ,INE01BK01022,ANTONY WASTE HDG CELL LTD,437.5,449.7,437.0,444.9,434.35,2.43,56548,25158204.85
2026-06-12,AWL,EQ,INE699H01024,AWL AGRI BUSINESS LIMITED,187.75,191.78,186.45,190.82,185.42,2.91,3754363,716407575.16
2026-06-12,AXISBANK,EQ,INE238A01034,AXIS BANK LIMITED,1332.0,1358.5,1318.5,1356.3,1317.3,2.96,8535670,11576929637.78
2026-06-12,AXISCADES,EQ,INE555B01013,AXISCADES TECH LTD,1900.0,1967.4,1881.2,1947.6,1873.8,3.94,127112,247563328.1
2026-06-12,AXITA,EQ,INE02EZ01022,AXITA COTTON LIMITED,7.78,7.8,7.61,7.65,7.66,-0.13,455800,3486870.04
2026-06-12,AYE,EQ,INE501X01029,AYE FINANCE LIMITED,143.74,151.0,141.42,149.86,140.23,6.87,915282,137164161.08
2026-06-12,AYMSYNTEX,EQ,INE193B01039,AYM SYNTEX LIMITED,219.06,227.64,215.5,224.03,215.11,4.15,20874,4676402.19
2026-06-12,AZAD,EQ,INE02IJ01035,AZAD ENGINEERING LIMITED,2145.0,2178.5,2106.5,2150.1,2105.7,2.11,483687,1039975465.94
2026-06-12,BAGFILMS,EQ,INE116D01028,B.A.G FILMS AND MEDIA LTD,5.0,5.04,4.87,4.98,4.91,1.43,34349,171058.02
2026-06-12,BAIDFIN,EQ,INE020D01022,BAID FINSERV LIMITED,9.9,10.2,9.77,9.88,9.79,0.92,162331,1603830.3
2026-06-12,BAJAJ-AUTO,EQ,INE917I01010,BAJAJ AUTO LIMITED,10226.0,10250.0,9922.0,10063.0,10114.0,-0.5,386190,3886229970.0
2026-06-12,BAJAJCON,EQ,INE933K01021,BAJAJ CONSUMER CARE LTD,574.5,595.8,572.7,591.65,566.25,4.49,544779,322318508.65
2026-06-12,BAJAJELEC,EQ,INE193E01025,BAJAJ ELECT.LTD,307.5,312.55,303.5,310.95,304.95,1.97,245961,76481575.95
2026-06-12,BAJAJFINSV,EQ,INE918I01026,BAJAJ FINSERV LTD.,1669.0,1692.0,1649.2,1689.1,1645.1,2.67,1486234,2510397813.11
2026-06-12,BAJAJHCARE,EQ,INE411U01027,BAJAJ HEALTHCARE LIMITED,288.0,305.85,285.1,303.8,282.6,7.5,348703,105935967.14
2026-06-12,BAJAJHFL,EQ,INE377Y01014,BAJAJ HOUSING FINANCE LTD,83.7,84.79,83.35,84.59,82.84,2.11,3238810,273970926.04
2026-06-12,BAJAJHIND,EQ,INE306A01021,BAJAJ HINDUSTHAN SUGAR LT,18.75,19.08,18.57,18.94,18.51,2.32,6827572,129314217.33
2026-06-12,BAJAJHLDNG,EQ,INE118A01012,BAJAJ HOLDINGS & INVS LTD,9958.0,10199.0,9904.0,10161.0,9863.0,3.02,29301,297727461.0
2026-06-12,BAJAJINDEF,EQ,INE0O9T01021,INDEF MANUFACTURING LTD,240.3,249.4,240.3,245.65,236.35,3.93,29896,7343952.22
2026-06-12,BAJEL,EQ,INE0KQN01018,BAJEL PROJECTS LIMITED,195.65,198.97,193.51,198.49,194.3,2.16,270960,53782851.89
2026-06-12,BAJFINANCE,EQ,INE296A01032,BAJAJ FINANCE LIMITED,881.2,921.0,881.1,918.3,870.55,5.49,11729668,10771353981.22
2026-06-12,BALAJEE,EQ,INE0S2G01011,SHREE TIRUPATI BALAJEE L,28.25,29.1,28.25,28.74,28.32,1.48,24001,689788.73
2026-06-12,BALAJITELE,EQ,INE794B01026,BALAJI TELEFILMS LIMITED.,86.2,88.83,85.84,88.35,84.91,4.05,83803,7403994.92
2026-06-12,BALAMINES,EQ,INE050E01027,BALAJI AMINES LIMITED,2091.1,2148.0,2078.8,2133.0,2054.0,3.85,212251,452731383.0
2026-06-12,BALAXI,EQ,INE618N01022,BALAXI PHARMA LTD,23.7,23.7,22.5,22.85,23.24,-1.68,34058,778225.31
2026-06-12,BALKRISHNA,EQ,INE875R01011,BALKRISHNA PAPER MILLS L,17.8,18.05,17.8,17.95,17.72,1.3,1394,25022.3
2026-06-12,BALKRISIND,EQ,INE787D01026,BALKRISHNA IND. LTD,2010.0,2027.0,1990.0,2013.1,1974.0,1.98,158591,319259538.23
2026-06-12,BALMLAWRIE,EQ,INE164A01016,BALMER LAWRIE & CO LTD,172.0,175.4,172.0,174.96,170.39,2.68,93809,16412823.27
2026-06-12,BALPHARMA,EQ,INE083D01012,BAL PHARMA LTD.,85.78,89.99,84.35,86.19,84.12,2.46,70095,6041488.22
2026-06-12,BALRAMCHIN,EQ,INE119A01028,BALRAMPUR CHINI MILLS LTD,548.95,552.0,536.0,539.95,548.55,-1.57,383704,207180979.48
2026-06-12,BALUFORGE,EQ,INE011E01029,BALU FORGE INDUSTRIES LTD,436.5,452.15,431.5,448.8,427.6,4.96,525546,235865038.38
2026-06-12,BANARBEADS,EQ,INE655B01011,BANARAS BEADS LTD,101.9,103.98,100.01,101.57,101.67,-0.1,6603,670666.71
2026-06-12,BANARISUG,EQ,INE459A01010,BANNARI AMMAN SUGARS LTD,3615.0,3666.0,3600.0,3615.6,3603.9,0.32,1535,5549946.15
2026-06-12,BANCOINDIA,EQ,INE213C01025,BANCO PRODUCTS (I) LTD,676.3,697.65,658.4,689.55,668.95,3.08,758446,522986430.04
2026-06-12,BANDHANBNK,EQ,INE545U01014,BANDHAN BANK LIMITED,198.0,206.17,194.4,204.6,193.9,5.52,10237548,2094602383.29
2026-06-12,BANG,EQ,INE863I01016,BANG OVERSEAS LTD.,33.85,36.5,29.0,31.73,33.67,-5.76,165657,5256296.53
2026-06-12,BANK10ADD,EQ,INF740KA1YH2,DSPAMC - BANK10ADD,16.55,17.0,16.53,16.83,16.42,2.5,87073,1465438.58
2026-06-12,BANKA,EQ,INE862Y01015,BANKA BIOLOO LIMITED,90.6,92.42,90.58,90.6,92.42,-1.97,2075,187995.0
2026-06-12,BANKADD,EQ,INF740KA1RX3,DSPAMC - DSPBANK,56.98,57.98,56.86,57.88,56.29,2.82,78618,4550409.92
2026-06-12,BANKBARODA,EQ,INE028A01039,BANK OF BARODA,270.05,276.1,268.65,274.75,267.6,2.67,27384601,7523919124.75
2026-06-12,BANKBEES,EQ,INF204KB15I9,NIP IND ETF BANK BEES,575.63,586.1,574.02,585.42,569.24,2.84,1709650,1000863273.78
2026-06-12,BANKBETA,EQ,INF789F1AUV1,UTIAMC-BANKBETA,55.5,59.5,55.5,58.83,56.93,3.34,2872829,169008535.33
2026-06-12,BANKBETF,EQ,INF0QA701714,BFAM - BANKBETF,56.75,57.49,56.38,57.37,55.98,2.48,74376,4266951.04
2026-06-12,BANKETF,EQ,INF769K01KR3,MIRAEAMC - BANKETF,567.88,577.38,565.54,576.84,559.96,3.01,69562,40126145.95
2026-06-12,BANKIETF,EQ,INF109KC15I8,ICICIPRAMC - IPRU5008,56.7,58.12,56.7,58.04,56.46,2.8,1631265,94678622.09
2026-06-12,BANKINDIA,EQ,INE084A01016,BANK OF INDIA,144.0,145.95,141.91,145.68,141.38,3.04,9184204,1337954771.45
2026-06-12,BANKNIFTY1,EQ,INF174KA1ZB7,KOTAKMAMC-KOTAKBKETF,58.55,58.75,57.65,58.68,57.13,2.71,2053980,120527547.03
2026-06-12,BANKPSU,EQ,INF769K01LZ4,MIRAEAMC - BANKPSU,85.0,86.24,84.71,86.1,83.89,2.63,42820,3686801.93
2026-06-12,BANSALWIRE,EQ,INE0B9K01025,BANSAL WIRE INDUSTRIES L,290.0,305.15,290.0,303.85,289.1,5.1,54960,16699596.34
2026-06-12,BANSWRAS,EQ,INE629D01020,BANSWARA SYNTEX LIMITED,128.86,134.49,127.8,132.56,127.02,4.36,65838,8727485.12
2026-06-12,BASF,EQ,INE373A01013,BASF INDIA LTD,3267.9,3369.5,3259.0,3356.5,3252.0,3.21,12145,40764692.5
2026-06-12,BATAINDIA,EQ,INE176A01028,BATA INDIA LTD,660.2,671.8,658.3,669.1,657.85,1.71,101059,67618574.43
2026-06-12,BATLIBOI,EQ,INE177C01022,BATLIBOI LTD.,77.1,77.1,73.1,74.74,74.48,0.35,14371,1074088.51
2026-06-12,BAYERCROP,EQ,INE462A01022,BAYER CROPSCIENCE LTD,4249.6,4270.2,4230.0,4247.6,4218.8,0.68,10352,43971156.21
2026-06-12,BBETF0432,EQ,INF754K01OB1,EDELAMC - BBETF0432,1334.0,1334.0,1325.1,1330.03,1332.3,-0.17,4011,5334750.45
2026-06-12,BBL,EQ,INE464A01036,BHARAT BIJLEE LTD,2715.0,2788.1,2715.0,2778.6,2695.3,3.09,18657,51840342.02
2026-06-12,BBNPNBETF,EQ,INF251K01TL6,BARODABNP - BBNPNBETF,55.85,57.3,55.85,56.95,55.65,2.34,5717,325583.15
2026-06-12,BBNPPGOLD,EQ,INF251K01SU9,BARODABNP - BBNPPGOLD,147.0,147.0,140.55,143.4,140.4,2.14,33343,4781386.0
2026-06-12,BBOX,EQ,INE676A01027,BLACK BOX LIMITED,1000.0,1028.8,982.7,1018.6,988.5,3.05,567032,577578781.36
2026-06-12,BBTC,EQ,INE050A01025,BOMBAY BURMAH TRADING COR,1500.3,1525.0,1494.7,1518.8,1490.0,1.93,31633,48044201.94
2026-06-12,BBTCL,EQ,INE01EE01011,B&B TRIPLEWALL CONT LTD,225.57,229.95,221.0,221.78,225.08,-1.47,9140,2027069.19
2026-06-12,BCG,EQ,INE425B01027,BRIGHTCOM GROUP LIMITED,10.59,10.99,10.36,10.91,10.23,6.65,12407559,135366466.8
2026-06-12,BCLIND,EQ,INE412G01024,BCL INDUSTRIES LIMITED,38.64,38.84,37.53,37.79,38.14,-0.92,1451996,54870930.17
2026-06-12,BCONCEPTS,EQ,INE977Y01011,BRAND CONCEPTS LIMITED,184.3,189.39,176.17,178.37,178.05,0.18,23155,4130157.24
2026-06-12,BCPL,EQ,INE00SW01015,BCPL RAILWAY INFRA LTD,76.05,77.82,76.05,77.03,75.64,1.84,18894,1455404.8
2026-06-12,BDL,EQ,INE171Z01026,BHARAT DYNAMICS LIMITED,1178.0,1204.0,1167.8,1200.2,1160.3,3.44,627410,753017451.36
2026-06-12,BEARDSELL,EQ,INE520H01022,BEARDSELL LIMITED,27.49,28.24,27.2,27.77,27.0,2.85,7380,204942.6
2026-06-12,BECTORFOOD,EQ,INE495P01020,MRS BECTORS FOOD SPE LTD,179.0,183.5,177.14,181.65,177.46,2.36,535360,97248140.73
2026-06-12,BEDMUTHA,EQ,INE844K01012,BEDMUTHA INDUST LTD,109.73,112.0,108.5,111.13,108.41,2.51,3770,418960.09
2026-06-12,BEL,EQ,INE263A01024,BHARAT ELECTRONICS LTD,407.35,409.0,403.3,406.5,402.3,1.04,8086130,3287011845.0
2026-06-12,BELLACASA,EQ,INE344T01014,BELLA CASA FASH AND RET L,226.2,236.58,225.15,229.26,225.48,1.68,9240,2118362.35
2026-06-12,BELRISE,EQ,INE894V01022,BELRISE INDUSTRIES LTD,225.0,229.75,223.21,228.23,220.39,3.56,2973217,678577303.21
2026-06-12,BEML,EQ,INE258A01024,BEML LIMITED,1745.1,1780.2,1745.1,1775.7,1727.4,2.8,119748,212636517.75
2026-06-12,BEPL,EQ,INE922A01025,BHANSALI ENG. POLYMERS LT,94.91,97.4,94.91,97.15,94.21,3.12,263140,25564051.4
2026-06-12,BERGEPAINT,EQ,INE463A01038,BERGER PAINTS (I) LTD,521.0,523.35,510.0,515.15,513.95,0.23,382979,197291641.2
2026-06-12,BESTAGRO,EQ,INE052T01021,BEST AGROLIFE LIMITED,15.81,16.0,15.5,15.81,15.33,3.13,236436,3738053.26
2026-06-12,BETA,EQ,INE351Y01019,BETA DRUGS LIMITED,1525.0,1771.2,1525.0,1771.2,1476.0,20.0,180651,319969042.38
2026-06-12,BFINVEST,EQ,INE878K01010,BF INVESTMENT LIMITED,427.8,442.45,427.8,437.3,423.75,3.2,58459,25564119.99
2026-06-12,BFSI,EQ,INF769K01HI8,MIRAEAMC - MAFSETF,25.95,28.2,25.95,27.02,26.03,3.8,659562,17821365.54
2026-06-12,BFUTILITIE,EQ,INE243D01012,BF UTILITIES LIMITED,585.0,644.0,585.0,621.85,578.5,7.49,410336,255167431.58
2026-06-12,BHAGCHEM,EQ,INE414D01027,BHAGIRADHA CHEM & INDS L,259.7,274.56,259.7,270.04,257.34,4.94,235100,63486406.01
2026-06-12,BHAGYANGR,EQ,INE458B01036,BHAGYANAGAR INDIA LIMITED,310.0,314.9,304.5,310.6,304.8,1.9,59502,18481321.56
2026-06-12,BHANDARI,EQ,INE474E01029,BHANDARI HOSIERY EXP LTD,3.06,3.06,2.91,3.0,2.99,0.33,182629,547887.0
2026-06-12,BHARATCOAL,EQ,INE05XR01022,BHARAT COKING COAL LTD,37.4,38.15,37.15,37.57,36.65,2.51,31394348,1179485644.78
2026-06-12,BHARATFORG,EQ,INE465A01025,BHARAT FORGE LTD,1952.0,1982.7,1912.2,1945.1,1942.9,0.11,893592,1738125777.38
2026-06-12,BHARATRAS,EQ,INE838B01021,BHARAT RASAYAN LTD,1376.0,1409.0,1376.0,1405.1,1368.6,2.67,3333,4683198.22
2026-06-12,BHARATSE,EQ,INE415D01024,BHARAT SEATS LIMITED,174.49,180.98,174.49,180.19,172.54,4.43,94909,17101652.94
2026-06-12,BHARATWIRE,EQ,INE316L01019,BHARAT WIRE ROPES LTD.,202.98,210.6,199.86,208.99,198.07,5.51,146576,30632919.05
2026-06-12,BHARTIARTL,EQ,INE397D01024,BHARTI AIRTEL LIMITED,1784.0,1825.0,1784.0,1822.5,1782.6,2.24,5910557,10771990132.5
2026-06-12,BHARTIHEXA,EQ,INE343G01021,BHARTI HEXACOM LIMITED,1487.0,1492.0,1452.4,1477.4,1478.5,-0.07,171859,253904490.8
2026-06-12,BHEL,EQ,INE257A01026,BHEL,379.6,380.15,369.7,378.75,370.65,2.19,9280094,3514835602.5
2026-06-12,BIGBLOC,EQ,INE412U01025,BIGBLOC CONSTRUCTION LTD,47.68,50.0,47.68,49.22,47.68,3.23,49544,2438555.74
2026-06-12,BIKAJI,EQ,INE00E101023,BIKAJI FOODS INTERN LTD,674.0,680.0,667.6,673.8,671.65,0.32,403915,272157922.07
2026-06-12,BIL,EQ,INE828A01016,BHARTIYA INTERNATIONAL,690.0,702.95,680.1,694.05,673.15,3.1,2660,1846172.97
2026-06-12,BIMETAL,EQ,INE469A01019,BIMETAL BEARINGS LTD.,622.4,635.0,622.4,631.5,640.25,-1.37,167,105460.5
2026-06-12,BIOCON,EQ,INE376G01013,BIOCON LIMITED.,419.5,422.15,414.5,419.0,415.95,0.73,1674659,701682121.0
2026-06-12,BIOFILCHEM,EQ,INE829A01014,BIOFIL CHEM & PHARMA LTD,36.3,37.5,35.56,36.25,35.4,2.4,234649,8506026.25
2026-06-12,BIRLACABLE,EQ,INE800A01015,BIRLA CABLE LIMITED,187.9,194.13,187.9,194.13,184.89,5.0,46619,9050146.7
2026-06-12,BIRLACORPN,EQ,INE340A01012,BIRLA CORPORATION LTD,933.2,958.95,932.15,951.1,928.3,2.46,29812,28354192.47
2026-06-12,BIRLAMONEY,EQ,INE865C01022,ADITYA BIRLA MONEY LTD,126.3,132.65,126.3,131.32,124.61,5.38,62005,8142497.05
2026-06-12,BIRLANU,EQ,INE557A01011,BIRLANU LIMITED,1269.5,1394.9,1261.9,1364.0,1255.5,8.64,30532,41645648.0
2026-06-12,BLACKBUCK,EQ,INE0UIZ01018,BLACKBUCK LIMITED,538.0,548.6,529.75,546.4,532.4,2.63,371924,203219282.68
2026-06-12,BLAL,EQ,INE0N7W01012,BEML LAND ASSETS LIMITED,182.48,187.5,181.01,182.8,182.48,0.18,63230,11558444.19
2026-06-12,BLBLIMITED,EQ,INE791A01024,BLB LIMITED,15.8,16.44,15.7,16.31,15.76,3.49,34929,569691.97
2026-06-12,BLKASHYAP,EQ,INE350H01032,B.L.KASHYAP & SON LTD,52.0,54.4,51.5,53.75,51.29,4.8,624257,33553813.75
2026-06-12,BLS,EQ,INE153T01027,BLS INTL SERVS LTD,256.0,263.8,253.05,262.1,250.85,4.48,1265103,331583504.02
2026-06-12,BLSE,EQ,INE0NLT01010,BLS E-SERVICES LIMITED,225.19,231.29,225.02,228.4,225.19,1.43,185414,42348556.47
2026-06-12,BLUECOAST,EQ,INE472B01011,BLUE COAST HOTELS LIMITED,28.55,29.0,28.5,28.5,29.99,-4.97,1426,40641.0
2026-06-12,BLUEDART,EQ,INE233B01017,BLUE DART EXPRESS LTD,4730.1,4776.9,4725.6,4758.6,4710.1,1.03,23564,112131652.7
2026-06-12,BLUEJET,EQ,INE0KBH01020,BLUE JET HEALTHCARE LTD,501.0,520.8,493.65,512.5,498.45,2.82,1385858,710252225.0
2026-06-12,BLUESTARCO,EQ,INE472A01039,BLUE STAR LIMITED,1569.9,1587.9,1556.2,1583.8,1556.8,1.73,141096,223467851.69
2026-06-12,BLUESTONE,EQ,INE304W01038,BLUESTONE JEWEL LFSTL LTD,526.5,526.5,512.0,520.5,515.3,1.01,342400,178219200.0
2026-06-12,BLUSPRING,EQ,INE0U4101014,BLUSPRING ENTERPRISES LTD,85.0,92.8,85.0,88.36,83.77,5.48,671548,59337981.69
2026-06-12,BMWVENTLTD,EQ,INE965W01036,BMW VENTURES LIMITED,59.2,60.59,58.51,58.96,59.16,-0.34,96888,5712516.39
2026-06-12,BNKETFAXIS,EQ,INF846K01X63,AXISAMC-BNKETFAXIS,566.38,583.17,566.38,581.86,566.38,2.73,7197,4187646.31
2026-06-12,BODALCHEM,EQ,INE338D01028,BODAL CHEMICALS LTD,68.0,68.85,67.1,68.31,66.85,2.18,59521,4065879.36
2026-06-12,BOHRAIND,EQ,INE802W01023,BOHRA INDUSTRIES LIMITED,16.7,17.75,16.1,17.36,16.91,2.66,7419,128793.84
2026-06-12,BOMDYEING,EQ,INE032A01023,BOMBAY DYEING & MFG. CO L,124.0,127.66,124.0,127.15,122.34,3.93,695762,88466139.36
2026-06-12,BONLON,EQ,INE0B9A01018,BONLON INDUSTRIES LIMITED,41.95,42.85,40.5,42.83,40.81,4.95,8233,352619.41
2026-06-12,BORANA,EQ,INE16SF01016,BORANA WEAVES LIMITED,323.7,326.4,318.1,320.0,323.7,-1.14,21859,6994880.0
2026-06-12,BOROLTD,EQ,INE02PY01013,BOROSIL LIMITED,219.9,222.5,218.0,220.87,217.56,1.52,66017,14581174.47
2026-06-12,BORORENEW,EQ,INE666D01022,BOROSIL RENEWABLES LTD,521.0,545.9,521.0,544.6,516.7,5.4,1272245,692864595.94
2026-06-12,BOROSCI,EQ,INE02L001032,BOROSIL SCIENTIFIC LTD,152.3,156.3,152.02,152.98,151.88,0.72,112955,17279855.42
2026-06-12,BOSCH-HCIL,EQ,INE782A01015,BOSCH HOME COMFRT IND LTD,1328.3,1350.0,1310.2,1331.7,1321.8,0.75,9002,11987962.96
2026-06-12,BOSCHLTD,EQ,INE323A01026,BOSCH LIMITED,38320.0,39450.0,38310.0,39060.0,37565.0,3.98,78501,3066249060.0
2026-06-12,BPCL,EQ,INE029A01011,BHARAT PETROLEUM CORP  LT,293.1,303.8,292.55,302.35,286.35,5.59,11278769,3410135875.99
2026-06-12,BPL,EQ,INE110A01019,BPL LTD,50.93,52.54,50.93,51.6,50.93,1.32,31531,1626999.55
2026-06-12,BRIGADE,EQ,INE791I01019,BRIGADE ENTER. LTD,495.0,511.42,490.91,508.95,486.34,4.65,436759,222288498.38
2026-06-12,BRIGHOTEL,EQ,INE03NU01014,BRIGADE HOTEL VENTURE LTD,62.06,63.43,62.0,62.31,62.06,0.4,62405,3888455.64
2026-06-12,BRITANNIA,EQ,INE216A01030,BRITANNIA INDUSTRIES LTD,5128.5,5178.5,5115.0,5165.5,5113.0,1.03,242017,1250138813.5
2026-06-12,BRNL,EQ,INE727S01012,BHARAT ROAD NETWORK LTD,18.83,19.49,18.67,19.01,18.83,0.96,24366,463197.67
2026-06-12,BROOKS,EQ,INE650L01011,BROOKS LAB LIMITED,65.05,66.89,65.0,66.56,65.05,2.32,8912,593182.7
2026-06-12,BSE,EQ,INE118H01025,BSE LIMITED,3950.0,4055.5,3906.9,4041.1,3888.3,3.93,2887848,11670082834.82
2026-06-12,BSE500IETF,EQ,INF109KC1V59,ICICIPRAMC - ICICI500,37.32,38.17,37.32,38.03,37.32,1.9,76085,2893512.46
2026-06-12,BSHSL,EQ,INE032Z01020,BOMBAY SUPER HYBRID SEEDS,94.4,95.5,90.0,93.74,94.4,-0.7,4639,434859.85
2026-06-12,BSL,EQ,INE594B01012,BSL LTD,126.5,126.5,122.25,123.2,122.63,0.46,2020,248863.99
2026-06-12,BSLGOLDETF,EQ,INF209KB18D3,ADITYBIRLA SL GOLD ETF-GR,130.6,130.6,128.43,129.43,127.42,1.58,416175,53865527.2
2026-06-12,BSLNIFTY,EQ,INF209KB19D1,ADITYBIRLA SL NIF ETF-GR,26.7,27.69,26.7,27.52,27.02,1.85,274718,7560239.49
2026-06-12,BSLSENETFG,EQ,INF209KB10E8,BIRLASLAMC - BSLSENETFG,74.59,75.9,74.59,75.66,74.22,1.94,13899,1051598.39
2026-06-12,BSOFT,EQ,INE836A01035,BIRLASOFT LIMITED,316.0,318.7,309.55,316.0,310.85,1.66,698932,220862512.0
2026-06-12,BTML,EQ,INE0EEJ01023,BODHI TREE MULTIMEDIA LTD,6.63,6.63,6.5,6.5,6.6,-1.52,57612,374478.0
2026-06-12,BUILDPRO,EQ,INE24OJ01011,SHANKARA BUILDPRO LIMITED,1043.7,1058.4,1011.7,1020.3,1028.3,-0.78,26991,27538916.97
2026-06-12,BUTTERFLY,EQ,INE295F01017,BTRFLY GANDHI APPL LTD,625.65,638.8,620.0,627.1,625.65,0.23,17061,10698952.68
2026-06-12,BVCL,EQ,INE139I01011,BARAK VALLEY CEM. LTD.,40.2,41.93,40.0,41.54,40.01,3.82,11474,476629.97
2026-06-12,CAMLINFINE,EQ,INE052I01032,CAMLIN FINE SCIENCES LTD,127.82,138.7,127.21,136.73,124.72,9.63,6918740,945999290.64
2026-06-12,CAMPUS,EQ,INE278Y01022,CAMPUS ACTIVEWEAR LIMITED,234.85,239.85,231.0,238.4,231.85,2.83,216277,51560435.48
2026-06-12,CAMS,EQ,INE596I01020,COMPUTER AGE MNGT SER LTD,734.0,760.0,732.7,757.55,722.65,4.83,910431,689696992.94
2026-06-12,CANBK,EQ,INE476A01022,CANARA BANK,130.0,131.92,128.8,131.67,131.52,0.11,25287693,3329630491.01
2026-06-12,CANFINHOME,EQ,INE477A01020,CAN FIN HOMES LTD,848.0,865.95,840.65,862.3,844.5,2.11,313967,270733740.27
2026-06-12,CANHLIFE,EQ,INE01TY01017,CANARA HSBC LIFE INS CO L,139.51,140.99,138.05,138.68,139.33,-0.47,305328,42342884.8
2026-06-12,CANTABIL,EQ,INE068L01024,CANTABIL RETAIL LTD,215.3,218.44,214.41,217.04,214.09,1.38,32551,7064868.82
2026-06-12,CAPACITE,EQ,INE264T01014,CAPACITE INFRAPROJECT LTD,214.31,222.0,214.31,220.96,211.61,4.42,153376,33889961.99
2026-06-12,CAPILLARY,EQ,INE0ILV01024,CAPILLARY TECHNO INDIA L,502.95,545.0,477.05,508.05,497.5,2.12,5664651,2877925871.4
2026-06-12,CAPITALSFB,EQ,INE646H01017,CAPITAL SMALL FIN BANK L,282.0,282.95,278.35,281.7,277.95,1.35,15024,4232260.98
2026-06-12,CAPLIPOINT,EQ,INE475E01026,CAPLIN POINT LAB LTD.,2350.0,2425.0,2344.0,2407.8,2331.0,3.29,226664,545761590.27
2026-06-12,CARBORUNIV,EQ,INE120A01034,CARBORUNDUM UNIVERSAL LTD,1002.0,1060.0,996.0,1053.1,997.8,5.54,367180,386677249.04
2026-06-12,CARERATING,EQ,INE752H01013,CARE RATINGS LIMITED,1605.0,1635.0,1600.0,1626.0,1598.9,1.69,18144,29502144.0
2026-06-12,CARRARO,EQ,INE0V7W01012,CARRARO INDIA LIMITED,506.7,528.0,506.7,525.9,502.4,4.68,70015,36820890.21
2026-06-12,CARTRADE,EQ,INE290S01011,CARTRADE TECH LIMITED,2404.9,2419.4,2310.7,2345.3,2385.4,-1.68,1019499,2391031054.48
2026-06-12,CARYSIL,EQ,INE482D01024,CARYSIL LIMITED,1195.0,1199.9,1164.5,1178.9,1163.8,1.3,121248,142939270.16
2026-06-12,CASTROLIND,EQ,INE172A01027,CASTROL INDIA LIMITED,182.79,183.05,182.11,182.68,182.11,0.31,676849,123646770.36
2026-06-12,CCAVENUE,EQ,INE483S01020,AVENUESAI LIMITED,13.32,13.58,13.32,13.5,13.24,1.96,6905158,93219633.0
2026-06-12,CCCL,EQ,INE429I01024,CONS. CONST. CONSORT LTD,14.85,15.2,14.71,14.8,14.68,0.82,119836,1773572.82
2026-06-12,CCHHL,EQ,INE652F01027,COUNTRY CLUB HOSP HOL LTD,11.03,13.13,11.03,12.95,12.91,0.31,174861,2264449.92
2026-06-12,CCL,EQ,INE421D01022,CCL PRODUCTS (I) LTD,1149.0,1153.5,1120.0,1129.3,1133.1,-0.34,409213,462124260.88
2026-06-12,CDSL,EQ,INE736A01011,CENTRAL DEPO SER (I) LTD,1210.0,1230.4,1202.5,1227.9,1190.2,3.17,1479892,1817159422.93
2026-06-12,CEATLTD,EQ,INE482A01020,CEAT LIMITED,3209.0,3354.0,3185.6,3334.3,3149.0,5.88,221811,739584428.13
2026-06-12,CEIGALL,EQ,INE0AG901020,CEIGALL INDIA LIMITED,374.9,382.75,368.55,375.05,369.95,1.38,905653,339665146.59
2026-06-12,CEINSYS,EQ,INE016Q01014,CEINSYS TECH LIMITED,919.5,943.95,913.5,920.6,905.9,1.62,40408,37199603.81
2026-06-12,CELEBRITY,EQ,INE185H01016,CELEBRITY FASHIONS LTD,7.6,7.69,7.29,7.58,7.35,3.13,11896,90171.68
2026-06-12,CELLO,EQ,INE0LMW01024,CELLO WORLD LIMITED,374.0,379.65,370.6,377.3,371.1,1.67,130682,49306317.0
2026-06-12,CEMPRO,EQ,INE686A01026,CEMINDIA PROJECTS LIMITED,1175.9,1196.0,1116.5,1122.4,1175.3,-4.5,750195,842018886.32
2026-06-12,CENTENKA,EQ,INE485A01015,CENTURY ENKA LTD,507.15,507.15,494.55,501.9,489.85,2.46,17016,8540330.3
2026-06-12,CENTEXT,EQ,INE281A01026,CENTURY EXTRUSIONS LTD,19.6,20.35,19.42,20.1,19.56,2.76,67136,1349433.63
2026-06-12,CENTRALBK,EQ,INE483A01010,CENTRAL BANK OF INDIA,30.6,31.15,30.53,31.04,30.17,2.88,11020327,342070960.17
2026-06-12,CENTRUM,EQ,INE660C01027,CENTRUM CAPITAL LIMITED,22.2,22.2,21.54,21.74,21.5,1.12,326850,7105718.93
2026-06-12,CENTUM,EQ,INE320B01020,CENTUM ELECTRONICS LTD,3450.8,3642.3,3415.8,3582.8,3389.8,5.69,104575,374671315.11
2026-06-12,CENTURYPLY,EQ,INE348B01021,CENTURY PLYBOARDS (I) LTD,735.0,745.0,716.0,724.6,733.25,-1.18,73518,53271141.01
2026-06-12,CERA,EQ,INE739E01017,CERA SANITARYWARE LTD,5920.0,6196.5,5874.5,6144.0,5854.5,4.94,37391,229730304.0
2026-06-12,CESC,EQ,INE486A01021,CESC LTD,169.0,169.99,167.75,168.15,167.99,0.1,1031409,173431417.05
2026-06-12,CEWATER,EQ,INE037Z01029,CONCORD ENVIRO SYSTEMS L,251.2,261.8,251.2,259.2,250.8,3.35,39885,10338192.49
2026-06-12,CGCL,EQ,INE180C01042,CAPRI GLOBAL CAPITAL LTD,200.9,209.1,199.05,208.48,199.29,4.61,3918586,816946792.54
2026-06-12,CGPOWER,EQ,INE067A01029,CG POWER AND IND SOL LTD,919.0,919.0,897.5,914.45,901.35,1.45,2901434,2653216356.72
2026-06-12,CHALET,EQ,INE427F01016,CHALET HOTELS LIMITED,727.55,746.85,720.35,730.7,725.25,0.75,548990,401146999.7
2026-06-12,CHAMBLFERT,EQ,INE085A01013,CHAMBAL FERTILIZERS LTD,470.0,471.6,466.0,470.2,465.3,1.05,549391,258323654.91
2026-06-12,CHEMBOND,EQ,INE995D01025,CHEMBOND MATERIALTECH LTD,153.5,155.9,148.5,152.67,153.11,-0.29,3243,495108.8
2026-06-12,CHEMFAB,EQ,INE783X01023,CHEMFAB ALKALIS LIMITED,397.35,397.35,375.55,391.55,387.35,1.08,1911,748252.03
2026-06-12,CHEMPLASTS,EQ,INE488A01050,CHEMPLAST SANMAR LIMITED,197.49,209.9,197.49,202.94,196.51,3.27,230103,46697103.38
2026-06-12,CHENNPETRO,EQ,INE178A01016,CHENNAI PETROLEUM CORP LT,1141.6,1158.8,1115.2,1137.7,1140.1,-0.21,990933,1127384425.71
2026-06-12,CHEVIOT,EQ,INE974B01016,CHEVIOT COMPANY LIMITED,1079.4,1086.0,1075.0,1084.1,1073.7,0.97,888,962680.78
2026-06-12,CHOICEIN,EQ,INE102B01014,CHOICE INTERNATIONAL LTD,663.05,678.0,661.8,673.5,656.1,2.65,1537591,1035567538.5
2026-06-12,CHOLAFIN,EQ,INE121A01024,CHOLAMANDALAM IN & FIN CO,1489.4,1577.6,1485.0,1568.1,1454.9,7.78,3265447,5120547360.98
2026-06-12,CHOLAHLDNG,EQ,INE149A01033,CHOLAMANDALAM FIN HOL LTD,1431.0,1538.0,1431.0,1524.2,1425.6,6.92,329320,501949527.92
2026-06-12,CIEINDIA,EQ,INE536H01010,CIE AUTOMOTIVE INDIA LTD,440.9,454.1,436.1,450.7,436.1,3.35,216690,97662185.65
2026-06-12,CIFL,EQ,INE345H01024,CAPITAL INDIA FINANCE LTD,23.02,23.9,23.02,23.17,23.1,0.3,29693,687986.81
2026-06-12,CINELINE,EQ,INE704H01022,CINELINE INDIA LIMITED,79.0,79.5,78.23,79.38,78.31,1.37,2902,230360.75
2026-06-12,CINEVISTA,EQ,INE039B01026,CINEVISTA LIMITED,15.66,15.66,14.96,15.1,15.18,-0.53,26592,401539.21
2026-06-12,CIPLA,EQ,INE059A01026,CIPLA LTD,1393.9,1396.1,1382.2,1389.4,1383.3,0.44,805612,1119317332.47
2026-06-12,CLEAN,EQ,INE227W01023,CLEAN SCIENCE & TECH LTD,754.75,773.45,748.5,769.6,741.1,3.85,184931,142322893.09
2026-06-12,CLEANMAX,EQ,INE647U01026,CLEAN MAX ENVIRO EN SOL L,1275.7,1344.0,1228.1,1252.7,1284.6,-2.48,532769,667399700.29
2026-06-12,CLEDUCATE,EQ,INE201M01029,CL EDUCATE LIMITED,53.79,55.0,53.79,53.79,54.88,-1.99,16121,867148.6
2026-06-12,CLSEL,EQ,INE419D01026,CHAMAN LAL SETIA EXP LTD,268.0,313.0,268.0,300.05,265.1,13.18,15949643,4785690187.45
2026-06-12,CMPDI,EQ,INE05HV01027,CENTRAL MINE P N D INST L,227.51,239.33,226.47,238.44,223.0,6.92,3451061,822870993.27
2026-06-12,CMRGREEN,EQ,INE00WV01027,CMR GREEN TECHNOLOGIES L,248.81,253.88,242.39,252.04,243.89,3.34,5069342,1277676923.65
2026-06-12,CMSINFO,EQ,INE925R01014,CMS INFO SYSTEMS LIMITED,292.0,298.4,292.0,296.75,288.9,2.72,573007,170039827.25
2026-06-12,CNL,EQ,INE985W01018,CREATIVE NEWTECH LIMITED,705.0,722.85,691.0,705.05,699.4,0.81,14319,10095610.78
2026-06-12,COALINDIA,EQ,INE522F01014,COAL INDIA LTD,453.35,453.35,439.65,443.5,446.2,-0.61,9946830,4411419105.0
2026-06-12,COASTCORP,EQ,INE377E01024,COASTAL CORPORATION LTD,46.2,49.6,46.0,48.85,45.2,8.08,217649,10632153.32
2026-06-12,COCHINSHIP,EQ,INE704P01025,COCHIN SHIPYARD LIMITED,1405.1,1428.0,1395.5,1424.3,1387.8,2.63,837543,1192912535.8
2026-06-12,COCKERILL,EQ,INE515A01019,JOHN COCKERILL INDIA LTD.,9900.0,10207.0,9641.0,10011.0,9605.0,4.23,33826,338632086.0
2026-06-12,COFFEEDAY,EQ,INE335K01011,COFFEE DAY ENTERPRISE LTD,34.69,34.9,33.5,33.93,34.66,-2.11,892269,30274687.44
2026-06-12,COFORGE,EQ,INE591G01025,COFORGE LIMITED,1410.0,1410.4,1364.0,1367.2,1393.8,-1.91,2484998,3397489144.26
2026-06-12,COHANCE,EQ,INE03QK01018,COHANCE LIFESCIENCES LTD,428.95,434.95,422.7,426.95,423.45,0.83,350791,149770221.73
2026-06-12,COLPAL,EQ,INE259A01022,COLGATE PALMOLIVE LTD.,2042.0,2082.5,2042.0,2079.0,2028.6,2.48,262833,546429807.0
2026-06-12,COMMOIETF,EQ,INF109KC19O8,ICICIPRAMC - ICICICOMMO,99.99,100.99,99.32,100.81,99.16,1.66,89177,8989933.15
2026-06-12,COMPUSOFT,EQ,INE453B01029,COMPUCOM SOFTWARE LTD,13.95,13.95,13.52,13.7,13.58,0.88,8256,113107.2
2026-06-12,COMSYN,EQ,INE073V01015,COMMERCIAL SYN BAGS LTD,172.0,172.0,163.81,169.9,169.38,0.31,21625,3674087.37
2026-06-12,CONCOR,EQ,INE111A01025,CONTAINER CORP OF IND LTD,444.0,451.35,438.6,450.2,440.25,2.26,1777288,800135079.3
2026-06-12,CONCORDBIO,EQ,INE338H01029,CONCORD BIOTECH LIMITED,1345.1,1367.4,1335.6,1353.8,1343.3,0.78,358864,485830100.72
2026-06-12,CONFIPET,EQ,INE552D01024,CONFIDENCE PETRO IND LTD.,74.0,74.9,69.51,70.42,72.56,-2.95,1773569,124894725.73
2026-06-12,CONS,EQ,INF174KA1ZF8,KOTAKMAMC - KOTAKCONS,11.42,11.57,11.4,11.51,11.35,1.41,27289,314096.4
2026-06-12,CONSUMAXIS,EQ,INF846K016C7,AXISAMC-CONSUMAXIS,114.21,115.84,113.81,115.77,113.65,1.87,298,34499.46
2026-06-12,CONSUMBEES,EQ,INF204KA1LD7,NIP IND ETF CONSUMPTION,121.43,125.11,121.43,124.52,122.66,1.52,68863,8574820.53
2026-06-12,CONSUMER,EQ,INF769K01NS5,MIRAEAMC - CONSUMER,10.82,10.92,10.74,10.91,10.64,2.54,39208,427759.27
2026-06-12,CONSUMIETF,EQ,INF109KC1V42,ICICIPRAMC - ICICICONSU,115.57,116.11,114.84,115.78,114.25,1.34,15130,1751751.38
2026-06-12,CONTROLPR,EQ,INE663B01015,CONTROL PRINT LIMITED,599.0,608.75,597.65,605.35,595.85,1.59,29196,17673797.89
2026-06-12,CORALFINAC,EQ,INE558D01021,CORAL INDIA FIN & HOUS LT,31.7,31.97,31.05,31.47,31.3,0.54,6376,200652.72
2026-06-12,CORDSCABLE,EQ,INE792I01017,CORDS CABLE INDUS LTD.,202.2,211.98,202.2,211.89,201.89,4.95,25073,5312717.95
2026-06-12,COROMANDEL,EQ,INE169A01031,COROMANDEL INTERNTL. LTD,1876.0,1932.5,1858.0,1916.7,1865.6,2.74,284986,546232652.28
2026-06-12,CORONA,EQ,INE02ZQ01018,CORONA REMEDIES LIMITED,1715.0,1739.0,1694.0,1728.3,1683.2,2.68,8660,14967078.42
2026-06-12,COSMOFIRST,EQ,INE757A01017,COSMO FIRST LIMITED,726.15,736.0,720.0,726.95,719.1,1.09,56944,41395441.5
2026-06-12,CPCAP,EQ,INE521J01018,CP CAPITAL LIMITED,93.0,97.0,92.1,95.51,93.21,2.47,257323,24576920.28
2026-06-12,CPEDU,EQ,INE0P6P01016,CAREER POINT EDUTECH LTD,174.0,182.0,174.0,181.34,173.55,4.49,976,176987.84
2026-06-12,CPPLUS,EQ,INE819V01029,ADITYA INFOTECH LIMITED,3436.4,3436.4,3266.0,3375.9,3343.5,0.97,205285,693021611.45
2026-06-12,CPSEETF,EQ,INF457M01133,CPSE ETF,98.89,98.89,96.13,96.82,97.05,-0.24,1718236,166359609.0
2026-06-12,CRAFTSMAN,EQ,INE00LO01017,CRAFTSMAN AUTOMATION LTD,8909.0,9017.0,8755.5,8917.5,8792.5,1.42,62301,555569167.5
2026-06-12,CRAMC,EQ,INE218I01013,CANARA ROBECO AMC LIMITED,244.95,251.99,242.26,250.15,240.69,3.93,328068,82066208.2
2026-06-12,CREATIVEYE,EQ,INE230B01021,CREATIVE EYE LIMITED,6.7,6.7,6.4,6.54,6.43,1.71,8053,52666.62
2026-06-12,CREDITACC,EQ,INE741K01010,CREDITACCESS GRAMEEN LTD,1283.0,1315.7,1265.0,1310.4,1266.4,3.47,191339,250730630.27
2026-06-12,CREST,EQ,INE559D01011,CREST VENTURES LIMITED,370.15,384.7,360.4,378.85,368.95,2.68,18255,6915906.86
2026-06-12,CRESTO,EQ,INE203Y01012,CRESTO TECHNO LIMITED,18.98,18.98,17.15,18.12,18.34,-1.2,28653,519192.38
2026-06-12,CRISIL,EQ,INE007A01025,CRISIL LTD,3960.0,3960.0,3852.0,3893.9,3898.0,-0.11,45625,177659183.04
2026-06-12,CRIZAC,EQ,INE0S4R01014,CRIZAC LIMITED,208.0,213.0,202.81,205.96,206.93,-0.47,384954,79285128.42
2026-06-12,CROMPTON,EQ,INE299U01018,CROMPT GREA CON ELEC LTD,256.65,259.0,252.2,256.2,253.0,1.26,4820290,1234958356.84
2026-06-12,CROWN,EQ,INE491V01019,CROWN LIFTERS LIMITED,111.96,114.76,108.16,111.48,108.3,2.94,6388,712134.26
2026-06-12,CSBBANK,EQ,INE679A01013,CSB BANK LIMITED,359.0,368.0,355.5,366.35,354.1,3.46,255496,93600961.16
2026-06-12,CSLFINANCE,EQ,INE718F01018,CSL FINANCE LIMITED,227.99,229.0,223.0,228.38,226.58,0.79,17911,4090514.27
2026-06-12,CUB,EQ,INE491A01021,CITY UNION BANK LTD,197.4,208.5,196.5,201.7,192.6,4.72,6852764,1382202477.89
2026-06-12,CUBEXTUB,EQ,INE144D01012,CUBEX TUBINGS LTD,82.01,84.77,81.81,83.12,81.98,1.39,60995,5069904.57
2026-06-12,CUMMINSIND,EQ,INE298A01020,CUMMINS INDIA LTD,5650.0,5663.5,5570.0,5621.5,5557.0,1.16,249004,1399775986.0
2026-06-12,CUPID,EQ,INE509F01029,CUPID LIMITED,157.66,160.0,157.0,159.97,155.18,3.09,23033543,3684675901.83
2026-06-12,CYIENT,EQ,INE136B01020,CYIENT LIMITED,873.7,883.45,861.75,877.95,846.65,3.7,1685172,1479496777.97
2026-06-12,CYIENTDLM,EQ,INE055S01018,CYIENT DLM LIMITED,435.85,454.9,435.85,449.7,431.85,4.13,243804,109638661.78
2026-06-12,DABUR,EQ,INE016A01026,DABUR INDIA LTD,421.0,429.05,420.55,426.4,421.7,1.11,2569834,1095777201.91
2026-06-12,DALBHARAT,EQ,INE00R701025,DALMIA BHARAT LIMITED,1625.0,1663.5,1613.5,1659.2,1610.2,3.04,591969,982194935.9
2026-06-12,DALMIASUG,EQ,INE495A01022,DALMIA BHARAT SUG IN LTD,328.4,330.05,325.0,327.65,323.6,1.25,55222,18093487.96
2026-06-12,DAMCAPITAL,EQ,INE284H01025,DAM CAPITAL ADVISORS LTD,141.15,148.0,141.15,147.29,140.09,5.14,308566,45448684.07
2026-06-12,DANGEE,EQ,INE688Y01022,DANGEE DUMS LIMITED,3.12,3.2,3.12,3.17,3.13,1.28,68307,216533.2
2026-06-12,DATAMATICS,EQ,INE365B01017,DATAMATICS GLOBAL SER LTD,762.0,782.0,762.0,778.4,753.5,3.3,52524,40884682.88
2026-06-12,DATAPATTNS,EQ,INE0IX101010,DATA PATTERNS INDIA LTD,4290.0,4569.0,4253.5,4545.7,4205.0,8.1,2698671,12267349291.78
2026-06-12,DAVANGERE,EQ,INE179G01029,DAVANGERE SUGAR COMPANY L,3.65,3.71,3.59,3.61,3.61,0.0,2893636,10446025.66
2026-06-12,DBCORP,EQ,INE950I01011,D.B.CORP LTD,202.0,203.55,200.01,202.64,199.37,1.64,20408,4135477.11
2026-06-12,DBEIL,EQ,INE0OPA01027,DEEPAK BUILDERS & ENG I L,7.84,8.0,7.7,7.88,7.83,0.61,230740,1817308.22
2026-06-12,DBL,EQ,INE917M01012,DILIP BUILDCON LIMITED,428.65,432.25,423.3,430.5,424.2,1.49,82223,35397001.5
2026-06-12,DBOL,EQ,INE0I3401014,DHAMPUR BIO ORGANICS LTD,113.54,117.5,113.54,115.2,112.42,2.47,40626,4680115.08
2026-06-12,DBREALTY,EQ,INE879I01012,VALOR ESTATE LIMITED,109.29,113.05,107.1,111.88,109.3,2.36,2800553,313325861.95
2026-06-12,DCAL,EQ,INE385W01011,DISHMAN CARBO AMCIS LTD,179.09,187.0,179.0,184.64,176.44,4.65,285179,52655450.39
2026-06-12,DCBBANK,EQ,INE503A01015,DCB BANK LIMITED,175.99,180.6,175.43,179.86,174.38,3.14,646786,116330930.35
2026-06-12,DCI,EQ,INE0A1101019,DC INFOTECH AND COMUN LTD,268.0,273.1,267.6,270.4,267.6,1.05,2044,552697.59
2026-06-12,DCM,EQ,INE498A01018,DCM LTD,92.96,93.9,92.3,92.89,92.96,-0.08,3391,314989.99
2026-06-12,DCMFINSERV,EQ,INE891B01012,DCM FINANCIAL SERVICES LT,5.51,5.58,5.51,5.51,5.58,-1.25,660,3636.6
2026-06-12,DCMNVL,EQ,INE08KP01019,DCM NOUVELLE LIMITED,157.05,164.98,157.05,161.57,162.9,-0.82,13866,2240329.72
2026-06-12,DCMSHRIRAM,EQ,INE499A01024,DCM SHRIRAM LIMITED,1035.0,1053.6,1018.5,1027.8,1030.9,-0.3,49780,51163886.43
2026-06-12,DCMSIL,EQ,INE0OU201013,DCM SHRIRAM INTERNATNL L,64.8,65.0,64.8,64.8,66.12,-2.0,8316,538876.83
2026-06-12,DCMSRIND,EQ,INE843D01027,DCM SHRIRAM IND LTD,39.0,39.0,37.5,38.27,37.61,1.75,69171,2647174.2
2026-06-12,DCW,EQ,INE500A01029,DCW LTD,45.9,47.0,45.64,46.73,44.96,3.94,724375,33850043.42
2026-06-12,DCXINDIA,EQ,INE0KL801015,DCX SYSTEMS LIMITED,177.95,185.26,177.95,184.26,174.52,5.58,1190035,219275842.56
2026-06-12,DDEVPLSTIK,EQ,INE0HR601026,DDEV PLASTIKS IND LTD,249.9,258.58,249.9,255.38,247.52,3.18,185221,47301739.88
2026-06-12,DECCANCE,EQ,INE583C01021,DECCAN CEMENTS LIMITED,575.0,587.0,572.3,579.15,572.25,1.21,7533,4362737.13
2026-06-12,DEEDEV,EQ,INE841L01016,DEE DEVELOPMENT ENG LTD,635.0,656.7,633.95,656.7,625.45,5.0,141364,92833740.53
2026-06-12,DEEPAKFERT,EQ,INE501A01019,DEEPAK FERTILIZERS & PETR,1524.0,1584.0,1511.1,1554.6,1501.6,3.53,740484,1151156408.32
2026-06-12,DEEPAKNTR,EQ,INE288B01029,DEEPAK NITRITE LTD,1630.0,1685.3,1629.9,1669.9,1612.4,3.57,121379,202690795.06
2026-06-12,DEEPINDS,EQ,INE0FHS01024,DEEP INDUSTRIES LIMITED,505.3,512.0,486.4,495.4,503.6,-1.63,213711,105872428.1
2026-06-12,DELHIVERY,EQ,INE148O01028,DELHIVERY LIMITED,435.3,442.85,434.0,440.5,432.25,1.91,4390515,1934021857.5
2026-06-12,DELTACORP,EQ,INE124G01033,DELTA CORP LIMITED,64.5,65.12,63.6,64.65,63.28,2.16,2114459,136699777.58
2026-06-12,DELTAMAGNT,EQ,INE393A01011,DELTA MANUFACTURING LTD,59.49,59.49,56.51,58.35,58.5,-0.26,6325,369063.74
2026-06-12,DEN,EQ,INE947J01015,DEN NETWORKS LTD,26.5,27.4,26.5,27.18,26.41,2.92,352820,9589647.71
2026-06-12,DENORA,EQ,INE244A01016,DE NORA INDIA LIMITED,749.0,769.0,727.15,737.25,732.65,0.63,6776,4995606.0
2026-06-12,DENTA,EQ,INE0R4L01018,DENTA WATER N INFRA SOL L,242.6,246.4,240.5,245.1,240.65,1.85,51548,12634415.11
2026-06-12,DEVIT,EQ,INE060X01034,DEV INFO TECHNOLOGY LTD,27.99,28.2,26.9,27.26,27.44,-0.66,45887,1250879.63
2026-06-12,DEVX,EQ,INE0VOV01021,DEV ACCELERATOR LIMITED,35.8,37.0,35.79,36.64,35.79,2.37,45451,1665324.61
2026-06-12,DEVYANI,EQ,INE872J01023,DEVYANI INTERNATIONAL LTD,107.89,110.1,107.54,109.42,106.49,2.75,1332917,145847775.7
2026-06-12,DGCONTENT,EQ,INE03JI01017,DIGICONTENT LIMITED,25.8,25.8,25.1,25.78,24.91,3.49,5572,143646.16
2026-06-12,DHAMPURSUG,EQ,INE041A01016,DHAMPUR SUGAR MILLS LTD.,144.5,145.15,140.44,141.27,143.17,-1.33,187523,26491375.01
2026-06-12,DHANBANK,EQ,INE680A01011,DHANLAXMI BANK LIMITED,32.14,32.69,31.51,32.41,31.24,3.75,1120158,36304320.61
2026-06-12,DHANUKA,EQ,INE435G01025,DHANUKA AGRITECH LTD,1062.0,1085.0,1040.1,1081.2,1051.2,2.85,39055,42226264.09
2026-06-12,DHARMAJ,EQ,INE00OQ01016,DHARMAJ CROP GUARD LTD,277.85,279.45,274.65,277.6,275.45,0.78,15343,4259216.89
2026-06-12,DHRUV,EQ,INE506Z01015,DHRUV CONSULTANCY SER LTD,28.73,28.99,27.27,27.68,28.59,-3.18,5671,156973.28
2026-06-12,DHUNINV,EQ,INE320L01011,DHUNSERI INVESTMENTS LTD,777.0,810.25,777.0,788.1,773.65,1.87,832,655699.18
2026-06-12,DIAMINESQ,EQ,INE591D01014,DIAMINES & CHEMICALS LTD,244.85,260.02,241.35,252.67,244.75,3.24,8488,2144662.94
2026-06-12,DIAMONDYD,EQ,INE393P01035,PRATAAP SNACKS LIMITED,1125.0,1142.3,1112.6,1129.4,1121.3,0.72,14618,16509569.56
2026-06-12,DICIND,EQ,INE303A01010,DIC INDIA LIMITED,490.1,505.0,490.1,496.15,490.1,1.23,311,154302.65
2026-06-12,DIFFNKG,EQ,INE184O01015,DIFFUSION ENGINEERS LTD,370.0,377.0,358.35,361.75,362.4,-0.18,332310,120213142.5
2026-06-12,DIGIDRIVE,EQ,INE0PSC01024,DIGIDRIVE DISTRIBUTORS L,18.5,18.5,17.7,17.95,17.89,0.34,12198,218954.11
2026-06-12,DIGISPICE,EQ,INE927C01020,DIGISPICE TECHNOLOGIES LT,19.81,20.72,19.81,20.38,20.32,0.3,16400,334231.99
2026-06-12,DIGITIDE,EQ,INE0U4701011,DIGITIDE SOLUTIONS LTD,81.7,84.1,81.0,83.14,81.38,2.16,127520,10602012.72
2026-06-12,DISAQ,EQ,INE131C01011,DISA INDIA LTD.,11215.0,11639.0,11192.0,11379.0,11219.0,1.43,616,7009464.0
2026-06-12,DISHTV,EQ,INE836F01026,DISH TV INDIA LTD.,3.02,3.13,2.96,3.12,2.99,4.35,1746492,5449054.84
2026-06-12,DIVGIITTS,EQ,INE753U01022,DIVGI TORQTRANSFER SYST L,820.0,829.8,807.0,819.0,801.7,2.16,39510,32358690.0
2026-06-12,DIVIDEND,EQ,INF769K01PY8,MIRAEAMC - DIVIDEND,34.84,35.0,34.59,34.98,34.43,1.6,4393,153667.14
2026-06-12,DIVISLAB,EQ,INE361B01024,DIVI S LABORATORIES LTD,6719.5,6738.5,6622.0,6638.0,6655.5,-0.26,162810,1080732780.0
2026-06-12,DIVOPPBEES,EQ,INF204KA1MS3,NIP IND ETF DIV OPP,76.97,78.8,75.4,76.59,75.23,1.81,49604,3799170.18
2026-06-12,DIXON,EQ,INE935N01020,DIXON TECHNO (INDIA) LTD,11545.0,11571.0,11389.0,11546.0,11371.0,1.54,304468,3515387528.0
2026-06-12,DJML,EQ,INE0B1K01014,DJ MEDIAPRINT & LOG LTD,108.1,114.85,107.21,113.47,108.32,4.75,743044,84313203.59
2026-06-12,DLF,EQ,INE271C01023,DLF LIMITED,571.0,589.2,565.55,587.05,563.0,4.27,4184509,2456515957.37
2026-06-12,DLINKINDIA,EQ,INE250K01012,D-LINK INDIA LTD,495.1,505.0,495.1,501.65,490.9,2.19,113422,56898145.61
2026-06-12,DMART,EQ,INE192R01011,AVENUE SUPERMARTS LIMITED,4045.0,4045.7,3955.0,3993.6,3987.0,0.17,363313,1450926832.28
2026-06-12,DMCC,EQ,INE505A01010,DMCC SPECIALITY CHEMICALS,240.0,247.8,237.5,244.8,239.3,2.3,37547,9191505.71
2026-06-12,DNAMEDIA,EQ,INE016M01021,DILIGENT MEDIA CORP LTD.,2.8,3.15,2.8,2.93,2.89,1.38,23402,68567.86
2026-06-12,DODLA,EQ,INE021O01019,DODLA DAIRY LIMITED,1070.1,1097.9,1070.1,1084.8,1067.2,1.65,13395,14530896.65
2026-06-12,DOLATALGO,EQ,INE966A01022,DOLAT ALGOTECH LIMITED,73.75,75.5,72.52,74.65,72.47,3.01,197211,14721801.45
2026-06-12,DOLLAR,EQ,INE325C01035,DOLLAR INDUSTRIES LIMITED,246.8,249.0,244.35,248.45,244.05,1.8,97485,24220147.95
2026-06-12,DOLLEX,EQ,INE0JHH01011,DOLLEX AGROTECH LIMITED,31.95,31.95,30.0,31.2,31.75,-1.73,52000,1622400.04
2026-06-12,DOLPHIN,EQ,INE920A01037,DOLPHIN OFF ENT (IND) L,398.9,398.9,387.55,389.6,387.55,0.53,2213,862184.81
2026-06-12,DOMS,EQ,INE321T01012,DOMS INDUSTRIES LIMITED,2280.1,2319.9,2250.5,2291.0,2255.4,1.58,166942,382464122.0
2026-06-12,DONEAR,EQ,INE668D01028,DONEAR IND. LIMITED,90.0,90.0,88.23,88.93,87.84,1.24,17067,1517768.32
2026-06-12,DPABHUSHAN,EQ,INE266Y01019,D. P. ABHUSHAN LIMITED,890.0,904.0,871.0,897.4,887.5,1.12,18857,16922272.26
2026-06-12,DRCSYSTEMS,EQ,INE03RS01027,DRC SYSTEMS INDIA LIMITED,14.3,14.38,13.72,14.17,14.16,0.07,24959,353669.03
2026-06-12,DREAMFOLKS,EQ,INE0JS101016,DREAMFOLKS SERVICES LTD,67.69,70.37,67.69,69.87,66.78,4.63,84552,5907648.47
2026-06-12,DREDGECORP,EQ,INE506A01018,DREDGING CORP OF INDIA,1080.0,1100.0,1035.6,1084.0,1040.3,4.2,593446,643295464.0
2026-06-12,DRREDDY,EQ,INE089A01031,DR. REDDY S LABORATORIES,1291.0,1291.0,1266.0,1275.4,1276.0,-0.05,1645027,2098067475.96
2026-06-12,DSSL,EQ,INE417B01040,DYNACONS SYS & SOLN LTD,1325.1,1344.8,1251.0,1284.1,1307.3,-1.77,123353,158397584.29
2026-06-12,DUCON,EQ,INE741L01018,DUCON INFRATECHNOLOGIES L,3.76,3.76,3.61,3.75,3.59,4.46,997134,3739252.5
2026-06-12,DVL,EQ,INE477B01010,DHUNSERI VENTURES LIMITED,233.5,241.0,232.3,236.98,233.55,1.47,23641,5602444.08
2026-06-12,DWARKESH,EQ,INE366A01041,DWARIKESH SUGAR IND LTD,45.51,45.55,44.15,44.28,45.06,-1.73,785279,34772153.16
2026-06-12,DYCL,EQ,INE600Y01019,DYNAMIC CABLES LIMITED,311.8,320.9,308.2,317.95,303.3,4.83,160619,51068813.01
2026-06-12,DYNAMATECH,EQ,INE221B01012,DYNAMATIC TECHNOLOGIES,10000.0,10210.0,9999.0,10171.0,9882.0,2.92,12640,128561440.0
2026-06-12,DYNPRO,EQ,INE256H01015,DYNEMIC PRODUCTS LIMITED,238.8,238.8,225.0,228.6,232.4,-1.64,39423,9012098.04
2026-06-12,EASEMYTRIP,EQ,INE07O001026,EASY TRIP PLANNERS LTD,8.34,8.58,8.23,8.34,8.31,0.36,30655860,255669877.08
2026-06-12,EBANKNIFTY,EQ,INF754K01TE4,EDELAMC - EBANKNIFTY,56.01,57.0,56.0,56.97,55.5,2.65,8560,487663.21
2026-06-12,EBBETF0430,EQ,INF754K01KO2,EDELAMC - EBBETF0430,1581.38,1597.0,1581.38,1588.88,1590.03,-0.07,13895,22077487.67
2026-06-12,EBBETF0431,EQ,INF754K01LE1,EDELAMC - EBBETF0431,1421.5,1424.98,1416.01,1418.47,1418.91,-0.03,18189,25800550.3
2026-06-12,EBBETF0433,EQ,INF754K01QX0,EDELAMC - EBBETF0433,1289.93,1292.0,1280.0,1288.47,1290.05,-0.12,3951,5090744.85
2026-06-12,EBGNG,EQ,INE18JU01028,GNG ELECTRONICS LIMITED,432.0,455.0,423.35,432.5,418.55,3.33,1679766,726498795.0
2026-06-12,ECAPINSURE,EQ,INF754K01TX4,EDELAMC - ECAPINSURE,22.88,23.31,22.67,23.25,22.88,1.62,37064,861738.0
2026-06-12,ECLERX,EQ,INE738I01010,ECLERX SERVICES LTD,1354.3,1399.9,1344.4,1396.0,1336.9,4.42,118498,165423208.0
2026-06-12,ECOSMOBLTY,EQ,INE06HJ01020,ECOS (INDIA) MOB & HOSP L,125.99,126.0,123.6,125.22,123.6,1.31,35809,4484003.02
2026-06-12,EDELWEISS,EQ,INE532F01054,EDELWEISS FIN SERV LTD,107.15,110.1,106.61,109.93,105.46,4.24,2577505,283345125.44
2026-06-12,EFCIL,EQ,INE886D01026,EFC (I) LIMITED,187.0,191.0,183.2,186.85,186.95,-0.05,1045857,195418386.83
2026-06-12,EGOLD,EQ,INF754K01SE6,EDELAMC - EGOLD,146.65,148.05,145.8,147.25,143.95,2.29,1318226,194108778.5
2026-06-12,EICHERMOT,EQ,INE066A01021,EICHER MOTORS LTD,7282.0,7354.5,7212.0,7312.0,7179.5,1.85,300260,2195501120.0
2026-06-12,EIDPARRY,EQ,INE126A01031,EID PARRY INDIA LTD,719.8,731.95,712.0,729.55,710.2,2.72,299150,218244878.85
2026-06-12,EIEL,EQ,INE0LLY01014,ENVIRO INFRA ENGINEERS L,179.0,187.0,179.0,185.54,177.2,4.71,695272,129000762.21
2026-06-12,EIHAHOTELS,EQ,INE276C01014,EIH ASSOCIATED HOTELS LTD,296.4,304.8,296.0,302.85,294.6,2.8,5908,1789237.84
2026-06-12,EIHOTEL,EQ,INE230A01023,EIH LIMITED,292.55,296.5,288.0,295.45,289.6,2.02,142119,41989060.28
2026-06-12,EIMCOELECO,EQ,INE158B01016,EIMCO ELECON (INDIA) LTD,1548.0,1555.0,1521.0,1540.5,1527.2,0.87,7589,11690854.5
2026-06-12,EKC,EQ,INE184H01027,EVEREST KANTO CYLINDERLTD,105.68,109.5,105.68,108.98,104.8,3.99,126072,13739326.98
2026-06-12,ELANTAS,EQ,INE280B01018,ELANTAS BECK INDIA LTD.,9440.0,9690.0,9016.5,9545.0,9330.5,2.3,1499,14307955.0
2026-06-12,ELCIDIN,EQ,INE927X01018,ELCID INVESTMENTS LTD.,115480.0,117180.0,115205.0,117000.0,114970.0,1.77,7,819000.0
2026-06-12,ELDEHSG,EQ,INE668G01021,ELDECO HSG & IND LTD.,821.75,824.9,801.0,804.6,819.25,-1.79,246,197931.59
2026-06-12,ELECON,EQ,INE205B01031,ELECON ENG. CO. LTD,534.8,551.5,528.7,536.85,528.1,1.66,1246417,669138936.02
2026-06-12,ELECTCAST,EQ,INE086A01029,ELECTROSTEEL CASTINGS LTD,70.5,72.1,69.89,71.87,69.35,3.63,1700604,122222414.15
2026-06-12,ELECTHERM,EQ,INE822G01016,ELECTROTHERM (I) LTD.,1190.1,1226.0,1165.05,1190.1,1182.65,0.63,119156,141807552.69
2026-06-12,ELGIEQUIP,EQ,INE285A01027,ELGI EQUIPMENTS LTD,599.3,608.65,595.1,603.85,593.45,1.75,358767,216641444.19
2026-06-12,ELGIRUBCO,EQ,INE819L01012,ELGI RUBBER CO. LTD,51.6,52.0,48.11,51.39,50.27,2.23,71732,3686307.44
2026-06-12,ELIN,EQ,INE050401020,ELIN ELECTRONICS LIMITED,102.1,110.01,101.5,105.88,101.68,4.13,288508,30547226.25
2026-06-12,ELIQUID,EQ,INF754K01VW2,EDELAMC - ELIQUID,1034.67,1034.67,1034.67,1034.67,1034.53,0.01,0,0.0
2026-06-12,ELLEN,EQ,INE236E01022,ELLENBARRIE INDUS GASES L,264.5,277.5,260.55,275.85,258.05,6.9,379545,104697490.57
2026-06-12,ELPROINTL,EQ,INE579B01039,ELPRO INTERNATIONAL LTD,168.0,171.0,166.74,168.81,166.71,1.26,67212,11346057.56
2026-06-12,EMAMILTD,EQ,INE548C01032,EMAMI LIMITED,388.0,394.0,386.5,390.8,386.45,1.13,275678,107734959.03
2026-06-12,EMAMIREAL,EQ,INE778K01012,EMAMI REALTY LIMITED,83.5,84.0,83.25,83.5,83.2,0.36,7061,589593.5
2026-06-12,EMBDL,EQ,INE069I01010,EMBASSY DEVELOPMENTS LTD,57.9,59.28,57.0,59.06,56.38,4.75,1838861,108603133.19
2026-06-12,EMCURE,EQ,INE168P01015,EMCURE PHARMACEUTICALS L,1692.5,1747.0,1679.0,1736.2,1683.3,3.14,115903,201230782.94
2026-06-12,EMIL,EQ,INE02YR01019,ELECTRONICS MART IND LTD,102.91,106.0,101.0,105.5,101.56,3.88,1544642,162959731.0
2026-06-12,EMKAY,EQ,INE296H01011,EMKAY GLOBAL FIN SERV LTD,271.89,304.0,267.7,290.69,264.9,9.74,321951,93587936.98
2026-06-12,EMMVEE,EQ,INE1C6T01020,EMMVEE PHOTOVOLTAIC PWR L,328.0,346.0,327.15,343.55,321.6,6.83,5282769,1814895225.46
2026-06-12,EMSLIMITED,EQ,INE0OV601013,EMS LIMITED,302.6,306.15,297.55,304.2,297.1,2.39,142966,43490258.95
2026-06-12,EMUDHRA,EQ,INE01QM01018,EMUDHRA LIMITED,470.6,478.5,465.55,468.4,469.4,-0.21,87567,41016382.27
2026-06-12,EMULTIMQ,EQ,INF754K01TF1,EDELAMC - EMULTIMQ,41.57,41.96,41.3,41.77,41.05,1.75,32464,1356021.29
2026-06-12,ENDURANCE,EQ,INE913H01037,ENDURANCE TECHNO. LTD.,2495.0,2548.8,2471.1,2502.6,2480.2,0.9,306114,766080926.29
2026-06-12,ENERGY,EQ,INF769K01PR2,MIRAEAMC - ENERGY,39.55,39.67,38.8,39.41,38.75,1.7,226615,8930897.12
2026-06-12,ENERGYDEV,EQ,INE306C01019,ENERGY DEVE. CO.LTD,16.35,16.79,16.35,16.47,16.39,0.49,15417,253917.98
2026-06-12,ENEXT50,EQ,INF754K01XF3,EDELAMC - ENEXT50,70.04,70.04,70.04,70.04,68.39,2.42,0,0.0
2026-06-12,ENGINERSIN,EQ,INE510A01028,ENGINEERS INDIA LTD,225.1,238.5,225.1,234.68,223.95,4.79,3699138,868113678.75
2026-06-12,ENIL,EQ,INE265F01028,ENTERTAIN NET. IND. LTD.,108.6,113.39,108.6,109.92,108.59,1.22,11325,1244843.98
2026-06-12,ENRIN,EQ,INE1NPP01017,SIEMENS ENERGY INDIA LTD,3459.0,3650.0,3431.2,3606.9,3412.5,5.7,676476,2439981218.34
2026-06-12,ENTERO,EQ,INE010601016,ENTERO HEALTHCARE SOLU L,1139.4,1142.0,1105.0,1136.7,1116.3,1.83,52843,60066635.52
2026-06-12,EPACK,EQ,INE0G5901015,EPACK DURABLE LIMITED,225.0,229.9,224.61,227.43,221.95,2.47,686559,156144108.34
2026-06-12,EPACKPEB,EQ,INE0MLS01022,EPACK PREFAB TECHN LTD,236.28,245.8,231.81,241.17,227.27,6.12,12762222,3077865056.37
2026-06-12,EPIGRAL,EQ,INE071N01016,EPIGRAL LIMITED,1076.9,1121.0,1076.9,1115.3,1063.4,4.88,34947,38976390.81
2026-06-12,EPL,EQ,INE255A01020,EPL LIMITED,217.6,225.79,217.6,224.8,217.01,3.59,803690,180669514.45
2026-06-12,EQUAL200,EQ,INF769K01OA1,MIRAEAMC - EQUAL200,13.17,13.28,13.13,13.27,13.0,2.08,8129,107871.83
2026-06-12,EQUAL50,EQ,INF769K01OO2,MIRAEAMC - EQUAL50,319.92,322.02,319.0,322.02,317.45,1.44,3611,1162814.18
2026-06-12,EQUAL50ADD,EQ,INF740KA1QK2,DSPAMC - DSPNEWETF,331.68,339.0,329.33,333.56,327.77,1.77,21888,7300961.23
2026-06-12,EQUITASBNK,EQ,INE063P01018,EQUITAS SMALL FIN BNK LTD,72.6,76.25,72.6,75.54,71.39,5.81,14409502,1088493794.27
2026-06-12,ERIS,EQ,INE406M01024,ERIS LIFESCIENCES LIMITED,1388.0,1411.4,1365.3,1404.6,1365.6,2.86,63719,89499705.84
2026-06-12,ESABINDIA,EQ,INE284A01012,ESAB INDIA LTD,5650.0,5749.0,5650.0,5728.0,5612.0,2.07,2384,13655552.0
2026-06-12,ESCORTS,EQ,INE042A01014,ESCORTS KUBOTA LIMITED,2779.8,2779.8,2729.0,2761.4,2724.7,1.35,56786,156808854.85
2026-06-12,ESG,EQ,INF769K01GS9,MIRAEAMC - MAESGETF,39.89,40.29,39.7,40.22,39.51,1.8,6067,244014.75
2026-06-12,ESILVER,EQ,INF754K01SF3,EDELAMC - ESILVER,236.69,239.9,236.01,239.86,230.97,3.85,255770,61348992.36
2026-06-12,ESSARSHPNG,EQ,INE122M01019,ESSAR SHIPPING LTD,22.3,24.05,22.3,23.69,22.3,6.23,335502,7948042.56
2026-06-12,ESSENTIA,EQ,INE418N01035,INTEGRA ESSENTIA LIMITED,1.55,1.59,1.5,1.54,1.55,-0.65,1551194,2388838.7
2026-06-12,ESTER,EQ,INE778B01029,ESTER INDUSTRIES LTD,86.0,88.87,86.0,88.51,85.28,3.79,35366,3130244.74
2026-06-12,ETERNAL,EQ,INE758T01015,ETERNAL LIMITED,239.0,244.5,237.65,243.8,235.2,3.66,23501911,5729765973.52
2026-06-12,ETHOSLTD,EQ,INE04TZ01018,ETHOS LIMITED,2399.0,2400.0,2359.8,2391.8,2358.4,1.42,5968,14274262.69
2026-06-12,EUREKAFORB,EQ,INE0KCE01017,EUREKA FORBES LIMITED,441.5,443.8,433.65,438.25,436.85,0.32,110338,48355628.5
2026-06-12,EUROBOND,EQ,INE505V01016,EURO PANEL PRODUCTS LTD,175.4,179.25,171.9,178.14,169.55,5.07,8829,1572798.05
2026-06-12,EUROPRATIK,EQ,INE198501012,EURO PRATIK SALES LIMITED,254.0,276.0,254.0,273.3,253.35,7.87,290969,79521824.15
2026-06-12,EVEREADY,EQ,INE128A01029,EVEREADY INDS. IND.  LTD.,339.0,348.4,336.5,345.6,334.85,3.21,224221,77490778.97
2026-06-12,EVINDIA,EQ,INF769K01LQ3,MIRAEAMC - EVINDIA,30.54,30.99,30.36,30.83,30.22,2.02,161178,4969117.73
2026-06-12,EXCELINDUS,EQ,INE369A01029,EXCEL INDUSTRIES LTD,907.65,925.95,905.4,917.45,907.65,1.08,5324,4884503.86
2026-06-12,EXCELSOFT,EQ,INE606N01019,EXCELSOFT TECHNOLOGIES L,79.25,81.0,78.67,79.47,78.42,1.34,504876,40122496.34
2026-06-12,EXICOM,EQ,INE777F01014,EXICOM TELE SYSTEMS LTD,138.0,144.4,137.78,141.77,135.77,4.42,4156866,589318910.58
2026-06-12,EXIDEIND,EQ,INE302A01020,EXIDE INDUSTRIES LTD,391.0,393.9,388.0,391.95,385.65,1.63,1527789,598816917.2
2026-06-12,EXPLEOSOL,EQ,INE201K01015,EXPLEO SOLUTIONS LIMITED,780.0,799.95,763.35,784.85,775.95,1.15,25941,20359793.22
2026-06-12,EXXARO,EQ,INE0GFE01026,EXXARO TILES LIMITED,6.74,7.68,6.74,7.67,6.4,19.84,8239025,63193322.38
2026-06-12,FABTECH,EQ,INE0HF201011,FABTECH TECHNOLOGIES LTD,143.6,147.8,143.0,147.35,143.6,2.61,57441,8463931.7
2026-06-12,FACT,EQ,INE188A01015,FACT LTD,902.0,914.95,886.7,902.35,889.2,1.48,248746,224455947.03
2026-06-12,FAZE3Q,EQ,INE963C01033,FAZE THREE LIMITED,520.35,545.3,520.35,545.3,519.35,5.0,21728,11848278.13
2026-06-12,FCL,EQ,INE045J01034,FINEOTEX CHEMICAL LIMITED,38.18,39.71,38.01,39.17,37.03,5.78,10040741,393295806.58
2026-06-12,FCSSOFT,EQ,INE512B01022,FCS SOFTWARE SOLN. LTD.,1.65,1.65,1.65,1.65,1.68,-1.79,472307,779306.54
2026-06-12,FDC,EQ,INE258B01022,FDC LIMITED,383.0,389.7,377.35,387.85,378.9,2.36,268976,104322343.24
2026-06-12,FEDERALBNK,EQ,INE171A01029,FEDERAL BANK LTD,315.0,318.35,311.15,315.7,309.75,1.92,9052110,2857751237.5
2026-06-12,FEDFINA,EQ,INE007N01010,FEDBANK FINANCIAL SER L,150.9,153.48,148.19,152.79,148.96,2.57,717242,109587400.36
2026-06-12,FIBERWEB,EQ,INE296C01020,FIBERWEB INDIA LIMITED,28.5,28.5,27.61,27.84,27.53,1.13,3347,93180.48
2026-06-12,FIEMIND,EQ,INE737H01014,FIEM INDUSTRIES LIMITED,2259.0,2316.1,2259.0,2308.7,2246.9,2.75,46566,107506921.93
2026-06-12,FILATEX,EQ,INE816B01035,FILATEX INDIA LTD,50.39,52.95,49.9,51.92,49.14,5.66,2299194,119374148.27
2026-06-12,FILATFASH,EQ,INE185E01021,FILATEX FASHIONS LIMITED,0.2,0.2,0.19,0.19,0.19,0.0,22158599,4210133.76
2026-06-12,FINCABLES,EQ,INE235A01022,FINOLEX CABLES LTD,1021.9,1040.0,1015.0,1035.8,1012.9,2.26,305861,316810838.73
2026-06-12,FINEORG,EQ,INE686Y01026,FINE ORGANIC IND. LTD.,4680.0,4745.9,4659.8,4724.7,4677.1,1.02,4522,21365094.28
2026-06-12,FINIETF,EQ,INF109KC17L8,ICICIPRAMC-ICICIFIN,30.33,31.2,30.12,30.92,29.9,3.41,357696,11059960.35
2026-06-12,FINKURVE,EQ,INE734I01027,FINKURVE FINANCIAL SERV L,63.03,65.2,62.42,63.62,63.71,-0.14,7095,451383.89
2026-06-12,FINOPB,EQ,INE02NC01014,FINO PAYMENTS BANK LTD,134.0,137.44,133.8,136.21,131.32,3.72,220917,30091106.05
2026-06-12,FINPIPE,EQ,INE183A01024,FINOLEX INDUSTRIES LTD,170.0,173.8,168.6,173.02,168.66,2.59,545313,94350057.59
2026-06-12,FIRSTCRY,EQ,INE02RE01045,BRAINBEES SOLUTIONS LTD,215.0,217.9,213.42,216.76,212.39,2.06,630959,136766669.37
2026-06-12,FISCHER,EQ,INE771F01041,FISCHER MEDICAL VENTURE L,35.0,36.73,35.0,36.15,34.83,3.79,1103382,39887260.98
2026-06-12,FIVESTAR,EQ,INE128S01021,FIVE-STAR BUS FIN LTD,430.45,442.0,423.5,439.15,423.4,3.72,1080632,474559536.2
2026-06-12,FLAIR,EQ,INE00Y201027,FLAIR WRITING INDUST LTD,273.0,276.7,262.4,270.45,268.45,0.75,398393,107745391.71
2026-06-12,FLUOROCHEM,EQ,INE09N301011,GUJARAT FLUOROCHEM LTD,3699.0,3704.5,3620.1,3655.3,3680.5,-0.68,57880,211568766.83
2026-06-12,FMCGADD,EQ,INF740KA1ZA4,DSPAMC - FMCGADD,48.96,48.97,48.62,48.89,48.39,1.03,1653,80815.17
2026-06-12,FMCGIETF,EQ,INF109KC19V3,ICICIPRAMC - ICICIFMCG,52.51,52.62,52.1,52.35,51.98,0.71,4217536,220788003.16
2026-06-12,FMGOETZE,EQ,INE529A01010,FEDERAL-MOGUL GOETZE (IND,444.0,449.0,441.55,445.5,440.6,1.11,35177,15671353.5
2026-06-12,FMNL,EQ,INE360L01017,FUTURE MKT NETWORKS LTD,10.46,10.46,10.06,10.25,10.29,-0.39,5604,57441.0
2026-06-12,FOODSIN,EQ,INE976E01023,FOODS & INNS LIMITED,55.75,55.75,53.25,54.17,53.93,0.45,41131,2228066.19
2026-06-12,FORCEMOT,EQ,INE451A01017,FORCE MOTORS LIMITED,17400.0,18000.0,17182.0,17892.0,17094.0,4.67,105337,1884689604.0
2026-06-12,FORTIS,EQ,INE061F01013,FORTIS HEALTHCARE LTD,996.1,1002.0,986.1,990.35,989.0,0.14,934183,925168111.24
2026-06-12,FOSECOIND,EQ,INE519A01011,FOSECO INDIA LTD,4705.0,5070.0,4705.0,4933.8,4646.6,6.18,13563,66917126.75
2026-06-12,FRACTAL,EQ,INE212S01015,FRACTAL ANALYTICS LIMITED,952.0,972.0,948.1,952.1,941.2,1.16,389475,370819137.99
2026-06-12,FSL,EQ,INE684F01012,FIRSTSOURCE SOLU. LTD.,251.35,253.75,245.45,247.55,247.0,0.22,875722,216784983.77
2026-06-12,FUSION,EQ,INE139R01012,FUSION FINANCE LIMITED,166.01,175.94,166.01,174.76,163.08,7.16,732824,128068318.21
2026-06-12,GABRIEL,EQ,INE524A01029,GABRIEL INDIA LTD,1040.0,1062.2,1012.2,1040.6,1008.8,3.15,315963,328791090.09
2026-06-12,GAEL,EQ,INE036B01030,GUJARAT AMBUJA EXPORTS LT,156.8,159.9,155.81,157.83,155.34,1.6,496144,78306408.43
2026-06-12,GAIL,EQ,INE129A01019,GAIL (INDIA) LTD,167.01,171.2,166.67,170.5,166.09,2.66,7288989,1242772624.5
2026-06-12,GALAPREC,EQ,INE0RE001014,GALA PRECISION ENG LTD,933.0,943.0,921.1,928.9,920.8,0.88,24858,23090596.81
2026-06-12,GALAXYSURF,EQ,INE600K01018,GALAXY SURFACTANTS LTD,1692.9,1719.0,1642.6,1704.1,1675.8,1.69,17535,29881393.07
2026-06-12,GALLANTT,EQ,INE297H01019,GALLANTT ISPAT LIMITED,653.45,671.9,649.35,654.35,652.65,0.26,128676,84199137.46
2026-06-12,GANDHAR,EQ,INE717W01049,GANDHAR OIL REFINE IND L,158.0,161.0,156.26,159.48,155.43,2.61,230691,36790599.69
2026-06-12,GANDHITUBE,EQ,INE524B01027,GANDHI SPL. TUBES LTD,847.7,852.0,843.1,846.15,840.4,0.68,3328,2815987.28
2026-06-12,GANECOS,EQ,INE845D01014,GANESHA ECOSPHERE LIMITED,922.0,922.0,897.0,913.05,909.25,0.42,86181,78687561.0
2026-06-12,GANESHCP,EQ,INE652V01016,GANESH CONSUMER PRODUCT L,200.29,204.75,198.02,198.7,198.18,0.26,81923,16278099.85
2026-06-12,GANESHHOU,EQ,INE460C01014,GANESH HOUSING LIMITED,759.9,774.7,750.0,762.75,755.65,0.94,16286,12422146.5
2026-06-12,GANGAFORGE,EQ,INE691Z01023,GANGA FORGING LIMITED,2.43,2.79,2.37,2.53,2.43,4.12,883324,2234809.69
2026-06-12,GANGESSECU,EQ,INE335W01016,GANGES SECURITIES LIMITED,117.3,126.98,117.3,123.53,118.63,4.13,5814,718203.41
2026-06-12,GARFIBRES,EQ,INE276A01018,GARWARE TECH FIBRES LTD,692.2,699.0,683.6,692.45,689.7,0.4,53855,37291895.41
2026-06-12,GARUDA,EQ,INE0JVO01026,GARUDA CONSTRUCT N ENG L,160.98,168.0,160.98,167.63,159.53,5.08,290560,48706574.22
2026-06-12,GATEWAY,EQ,INE079J01017,GATEWAY DISTRIPARKS LTD,57.5,58.99,57.5,58.09,56.91,2.07,835825,48553074.38
2026-06-12,GAUDIUMIVF,EQ,INE0P8B01020,GAUDIUM IVF N WOMEN H L,99.54,99.54,99.54,99.54,101.57,-2.0,130673,13007190.54
2026-06-12,GAYAHWS,EQ,INE287Z01012,GAYATRI HIGHWAYS LIMITED,2.15,2.26,2.13,2.16,2.17,-0.46,199451,430814.18
2026-06-12,GAYAPROJ,EQ,INE336H01023,GAYATRI PROJECTS LTD,21.0,22.02,20.8,21.86,20.98,4.19,369116,8068875.99
2026-06-12,GCSL,EQ,INE199P01028,GRETEX CORPORATE SERVICES,432.7,436.4,428.5,431.65,426.95,1.1,472880,204118649.11
2026-06-12,GEEKAYWIRE,EQ,INE669X01032,GEEKAY WIRES LIMITED,22.0,22.2,21.49,22.1,21.22,4.15,83549,1846432.93
2026-06-12,GEMAROMA,EQ,INE06XZ01023,GEM AROMATICS LIMITED,167.0,171.75,164.11,171.75,163.58,4.99,101356,17407893.0
2026-06-12,GENCON,EQ,INE854S01022,GENERIC ENG CONS PROJ LTD,37.0,40.0,37.0,39.23,36.77,6.69,250259,9817660.46
2026-06-12,GENESYS,EQ,INE727B01026,GENESYS INTL CORPN LTD,331.45,338.95,314.3,317.7,331.4,-4.13,1349532,428746332.87
2026-06-12,GENUSPAPER,EQ,INE949P01018,GENUS P&B LIMITED,11.75,12.1,11.75,12.04,11.7,2.91,41675,501767.0
2026-06-12,GENUSPOWER,EQ,INE955D01029,GENUS POWER INFRASTRU LTD,315.0,320.65,310.45,318.8,309.7,2.94,581268,185308231.3
2026-06-12,GEOJITFSL,EQ,INE007B01023,GEOJIT FINANCIAL SER L,73.21,75.28,73.21,75.02,73.11,2.61,238586,17898720.92
2026-06-12,GESHIP,EQ,INE017A01032,THE GE SHPG.LTD,1404.0,1417.2,1362.1,1389.1,1389.5,-0.03,514034,714044616.85
2026-06-12,GFLLIMITED,EQ,INE538A01037,GFL LIMITED,46.29,49.2,46.0,48.15,46.29,4.02,231738,11158185.05
2026-06-12,GHCL,EQ,INE539A01019,GHCL LIMITED,422.05,433.0,421.2,430.45,419.4,2.63,476111,204941985.76
2026-06-12,GHCLTEXTIL,EQ,INE0PA801013,GHCL TEXTILES LIMITED,93.29,93.88,89.8,91.69,91.98,-0.32,461295,42296139.68
2026-06-12,GICHSGFIN,EQ,INE289B01019,GIC HOUSING FINANCE LTD,157.2,157.69,153.7,155.36,155.57,-0.13,135139,20995195.12
2026-06-12,GICRE,EQ,INE481Y01014,GENERAL INS CORP OF INDIA,375.0,380.45,371.55,379.25,370.4,2.39,222257,84290967.25
2026-06-12,GILLANDERS,EQ,INE047B01011,GILLANDERS ARBUTHNOT LTD,88.5,90.95,88.13,90.95,89.53,1.59,1487,135242.65
2026-06-12,GILLETTE,EQ,INE322A01010,GILLETTE INDIA LTD,7728.0,7930.0,7679.0,7726.0,7668.5,0.75,26695,206245570.0
2026-06-12,GILT10BETA,EQ,INF789F1AZF3,UTIAMC-GILT10BETA,26.07,26.07,25.92,25.95,25.97,-0.08,6838,177446.11
2026-06-12,GILT5BETA,EQ,INF789F1AZE6,UTIAMC-GILT5BETA,65.82,65.82,64.84,65.6,65.82,-0.33,3657,239899.19
2026-06-12,GILT5YBEES,EQ,INF204KC1030,RELCAPAMC - NETFGILT5Y,65.37,65.54,65.06,65.39,65.15,0.37,218159,14265416.88
2026-06-12,GIPCL,EQ,INE162A01010,GUJ IND POW CO. LTD,157.15,161.45,156.41,160.59,155.64,3.18,286545,46016260.5
2026-06-12,GKENERGY,EQ,INE1AG301022,GK ENERGY LIMITED,136.1,144.2,136.1,143.54,134.42,6.78,929672,133445112.64
2026-06-12,GKSL,EQ,INE0V0W01025,GUJARAT KIDNEY N SUP SP L,128.0,132.2,125.2,130.08,125.94,3.29,201169,26168063.89
2026-06-12,GKWLIMITED,EQ,INE528A01020,GKW LIMITED,1829.2,1849.8,1800.0,1842.6,1829.2,0.73,283,521455.79
2026-06-12,GLAND,EQ,INE068V01023,GLAND PHARMA LIMITED,2311.5,2354.0,2250.0,2262.2,2306.5,-1.92,695609,1573606645.83
2026-06-12,GLAXO,EQ,INE159A01016,GLAXOSMITHKLINE PHARMA LT,2116.0,2131.9,2088.1,2121.5,2103.2,0.87,357494,758423521.0
2026-06-12,GLENMARK,EQ,INE935A01035,GLENMARK PHARMACEUTICALS,2171.8,2178.0,2117.0,2173.8,2144.5,1.37,500898,1088852096.86
2026-06-12,GLFL,EQ,INE540A01017,GUJARAT LEASE FINANCING L,6.63,6.63,6.06,6.12,6.32,-3.16,6340,38800.8
2026-06-12,GLOBAL,EQ,INE291W01037,GLOBAL EDUCATION LIMITED,102.0,103.99,101.43,102.98,100.87,2.09,62799,6467041.23
2026-06-12,GLOBALE,EQ,INE0URU01010,GLOBALE TESSILE LIMITED,11.0,12.13,11.0,11.99,11.56,3.72,18569,222642.31
2026-06-12,GLOBALVECT,EQ,INE792H01019,GLOBAL VEC HELICORP LTD,160.14,163.61,155.83,157.38,158.14,-0.48,10835,1705212.35
2026-06-12,GLOBE,EQ,INE581X01021,GLOBE ENTERPRISE (I) LTD,2.29,2.34,2.25,2.28,2.27,0.44,256006,583693.67
2026-06-12,GLOBECIVIL,EQ,INE0V3U01015,GLOBE CIVIL PROJECTS LTD,38.56,40.38,38.56,40.38,38.46,4.99,25065,1012124.73
2026-06-12,GLOBUSSPR,EQ,INE615I01010,GLOBUS SPIRITS LTD,843.0,859.45,843.0,852.45,836.15,1.95,41109,35043367.55
2026-06-12,GLOSTERLTD,EQ,INE350Z01018,GLOSTER LIMITED,671.7,672.95,663.05,668.8,656.9,1.81,1045,698895.99
2026-06-12,GLOTTIS,EQ,INE0TQE01026,GLOTTIS LIMITED,66.77,68.48,66.5,67.0,67.48,-0.71,60002,4020134.0
2026-06-12,GMBREW,EQ,INE075D01018,G M BREWERIES LTD,887.3,903.7,882.2,899.05,871.3,3.18,34918,31393027.47
2026-06-12,GMDCLTD,EQ,INE131A01031,GUJARAT MINERAL DEV CORP,601.0,614.5,596.35,612.3,588.75,4.0,1932744,1183419127.61
2026-06-12,GMMPFAUDLR,EQ,INE541A01023,GMM PFAUDLER LIMITED,745.95,765.85,741.1,760.1,738.2,2.97,87069,66181144.77
2026-06-12,GMRAIRPORT,EQ,INE776C01039,GMR AIRPORTS LIMITED,102.1,103.9,101.1,103.65,100.1,3.55,19549334,2026288498.93
2026-06-12,GMRP&UI,EQ,INE0CU601026,GMR POW AND URBAN INFRA L,103.0,105.98,102.0,105.57,101.99,3.51,1283499,135498989.04
2026-06-12,GNA,EQ,INE934S01014,GNA AXLES LIMITED,356.1,372.95,356.1,371.25,354.1,4.84,80706,29962102.5
2026-06-12,GNFC,EQ,INE113A01013,GUJ NAR VAL FER & CHEM L,499.0,505.0,494.6,503.85,491.4,2.53,183431,92421710.47
2026-06-12,GOACARBON,EQ,INE426D01013,GOA CARBON LIMITED,379.85,387.1,375.0,379.25,375.85,0.9,11298,4284766.5
2026-06-12,GOCLCORP,EQ,INE077F01035,GOCL CORPORATION LIMITED,386.45,409.45,385.0,402.35,381.95,5.34,99937,40209652.56
2026-06-12,GOCOLORS,EQ,INE0BJS01011,GO FASHION INDIA LTD,349.5,363.45,348.05,358.65,343.05,4.55,1163480,417282094.9
2026-06-12,GODAVARIB,EQ,INE497S01012,GODAVARI BIOREFINERIES L,280.95,283.4,274.1,278.05,276.8,0.45,76152,21174062.67
2026-06-12,GODFRYPHLP,EQ,INE260B01028,GODFREY PHILLIPS INDIA LT,2239.0,2308.9,2228.2,2301.0,2193.2,4.92,469827,1081071927.0
2026-06-12,GODIGIT,EQ,INE03JT01014,GO DIGIT GENERAL INS LTD,296.6,302.3,294.05,301.05,296.6,1.5,306906,92394047.55
2026-06-12,GODREJAGRO,EQ,INE850D01014,GODREJ AGROVET LIMITED,561.0,568.4,560.05,564.95,557.9,1.26,65966,37267492.51
2026-06-12,GODREJCP,EQ,INE102D01028,GODREJ CONSUMER PRODUCTS,1020.0,1037.7,1013.0,1033.3,1008.9,2.42,985452,1018267599.72
2026-06-12,GODREJIND,EQ,INE233A01035,GODREJ INDUSTRIES LTD,1014.7,1067.2,1014.7,1037.9,1009.2,2.84,190853,198086333.36
2026-06-12,GODREJPROP,EQ,INE484J01027,GODREJ PROPERTIES LTD,1650.6,1696.9,1637.4,1691.4,1618.0,4.54,520499,880372021.31
2026-06-12,GOKEX,EQ,INE887G01027,GOKALDAS EXPORTS LTD.,667.8,679.7,662.0,674.5,655.55,2.89,384356,259248122.0
2026-06-12,GOKUL,EQ,INE020J01029,GOKUL REFOILS & SOLV LTD,40.95,43.99,40.2,40.66,39.99,1.68,247910,10080020.56
2026-06-12,GOKULAGRO,EQ,INE314T01033,GOKUL AGRO RESOURCES LTD,233.5,235.44,230.2,233.07,230.54,1.1,340444,79347285.57
2026-06-12,GOLD1,EQ,INF174KA1HJ8,KOTAK GOLD ETF,123.3,123.99,121.04,122.87,120.3,2.14,2330091,286298287.57
2026-06-12,GOLDADD,EQ,INF740KA1ZP2,DSPAMC - DSPGOLD,14.27,14.37,14.2,14.29,14.02,1.9,10540490,150602522.25
2026-06-12,GOLDAXIS,EQ,INF846K01W80,AXISAMC-GOLDAXIS,122.81,123.38,121.77,123.24,119.82,2.85,6159487,759095164.72
2026-06-12,GOLDBEES,EQ,INF204KB17I5,NIP IND ETF GOLD BEES,121.21,122.17,120.65,121.92,119.28,2.21,24405140,2975474624.11
2026-06-12,GOLDBETA,EQ,INF789F1AUX7,UTIAMC-UTIGOLDBETA,124.5,124.5,123.0,124.05,121.5,2.1,494623,61357984.66
2026-06-12,GOLDBND,EQ,INF194KB1KJ7,BANDHANAMC - GOLDBND,146.86,150.2,145.51,146.84,144.09,1.91,26555,3899336.1
2026-06-12,GOLDCASE,EQ,INF0R8F01042,ZERODHAAMC - GOLDCASE,22.68,23.28,22.68,23.2,22.68,2.29,7830614,181670250.77
2026-06-12,GOLDETF,EQ,INF769K01JP9,MIRAEAMC - MAGOLDETF,143.81,143.81,142.03,143.04,140.31,1.95,1685307,241066301.97
2026-06-12,GOLDIAM,EQ,INE025B01025,GOLDIAM INTERNATIONAL LTD,322.5,363.75,322.5,359.1,317.85,12.98,10801654,3878874017.33
2026-06-12,GOLDIETF,EQ,INF109KC1NT3,ICICI PRUDENTIAL GOLD ETF,126.77,126.78,125.3,126.31,123.68,2.13,4068792,513929107.59
2026-06-12,GOODLUCK,EQ,INE127I01024,GOODLUCK INDIA LIMITED,435.0,441.63,424.67,437.73,429.7,1.87,394227,172566300.4
2026-06-12,GOODYEAR,EQ,INE533A01012,GOODYEAR INDIA LIMITED,726.0,735.95,722.1,733.0,723.4,1.33,3399,2491467.0
2026-06-12,GOPAL,EQ,INE0L9R01028,GOPAL SNACKS LIMITED,282.15,286.0,280.0,283.25,281.2,0.73,78919,22353806.75
2026-06-12,GOYALALUM,EQ,INE705X01026,GOYAL ALUMINIUMS LIMITED,6.67,7.1,6.67,6.87,6.62,3.78,144349,991677.61
2026-06-12,GPIL,EQ,INE177H01039,GODAWARI POW & ISP LTD,281.35,284.0,276.3,277.15,277.9,-0.27,2456196,680734706.41
2026-06-12,GPPL,EQ,INE517F01014,GUJARAT PIPAVAV PORT LTD,151.0,154.3,150.25,153.88,149.2,3.14,1123292,172852178.44
2026-06-12,GPTHEALTH,EQ,INE486R01017,GPT HEALTHCARE LIMITED,145.5,149.59,145.5,148.17,144.51,2.53,55181,8176168.67
2026-06-12,GPTINFRA,EQ,INE390G01014,GPT INFRAPROJECTS LTD,114.48,115.5,112.84,114.16,112.59,1.39,90570,10339471.53
2026-06-12,GRANULES,EQ,INE101D01020,GRANULES INDIA LIMITED,770.0,778.95,763.1,766.45,763.15,0.43,350109,268341047.32
2026-06-12,GRAPHITE,EQ,INE371A01025,GRAPHITE INDIA LTD,630.6,647.45,625.0,644.45,624.4,3.21,690287,444855465.58
2026-06-12,GRASIM,EQ,INE047A01021,GRASIM INDUSTRIES LTD,3120.0,3120.0,3075.0,3105.5,3089.5,0.52,536817,1667085193.5
2026-06-12,GRAUWEIL,EQ,INE266D01021,GRAUER & WEIL IND LTD,71.56,73.0,71.24,72.61,71.45,1.62,85689,6221878.34
2026-06-12,GRAVITA,EQ,INE024L01027,GRAVITA INDIA LIMITED,1584.3,1616.0,1560.2,1602.9,1570.9,2.04,163548,262151093.19
2026-06-12,GREAVESCOT,EQ,INE224A01026,GREAVES COTTON LTD.,178.49,185.8,178.49,185.04,176.29,4.96,1084316,200641825.36
2026-06-12,GREENLAM,EQ,INE544R01021,GREENLAM INDUSTRIES LTD.,242.24,255.9,241.55,252.39,241.52,4.5,344947,87061173.12
2026-06-12,GREENPANEL,EQ,INE08ZM01014,GREENPANEL INDUSTRIES LTD,191.7,195.18,190.08,193.69,190.67,1.58,120418,23323762.71
2026-06-12,GREENPLY,EQ,INE461C01038,GREENPLY INDUSTRIES LTD,298.5,298.5,287.0,290.98,292.5,-0.52,334921,97455316.26
2026-06-12,GREENPOWER,EQ,INE999K01014,ORIENT GREEN POWER CO LTD,10.89,11.2,10.89,11.15,10.82,3.05,2146076,23928746.58
2026-06-12,GRINDWELL,EQ,INE536A01023,GRINDWELL NORTON LIMITED,1924.0,1930.0,1898.1,1921.0,1895.2,1.36,26485,50877685.0
2026-06-12,GRINFRA,EQ,INE201P01022,G R INFRAPROJECTS LIMITED,852.65,862.0,830.25,857.75,840.05,2.11,53044,45498491.0
2026-06-12,GRMOVER,EQ,INE192H01020,GRM OVERSEAS LIMITED,90.0,96.36,90.0,93.23,87.6,6.43,8182576,762861587.95
2026-06-12,GROBTEA,EQ,INE646C01018,THE GROB TEA COMPANY LTD,893.1,895.25,883.3,888.3,894.0,-0.64,91,80835.3
2026-06-12,GROWW,EQ,INE0HOQ01053,BILLIONBRAINS GARAGE VN L,193.51,201.0,192.15,198.97,191.92,3.67,48669696,9683809472.53
2026-06-12,GROWWCAPM,EQ,INF666M01MM4,GROWWAMC - GROWWCAPM,11.14,11.29,11.0,11.25,10.92,3.02,800582,9006547.5
2026-06-12,GROWWCHEM,EQ,INF666M01NP5,GROWWAMC - GROWWCHEM,28.77,29.39,28.77,29.37,28.75,2.16,89558,2630318.54
2026-06-12,GROWWDEFNC,EQ,INF666M01IO8,GROWWAMC - GROWWDEFNC,88.94,90.25,87.81,89.89,87.56,2.66,130889,11765612.13
2026-06-12,GROWWEV,EQ,INF666M01IH2,GROWWAMC - GROWWEV,30.5,30.86,30.15,30.78,30.11,2.23,303487,9341330.07
2026-06-12,GROWWGOLD,EQ,INF666M01OE7,GROWWAMC - GROWWGOLD,14.29,14.47,14.29,14.42,14.18,1.69,2006822,28938373.39
2026-06-12,GROWWLIQID,EQ,INF666M01IP5,GROWWAMC - GROWWLIQID,109.48,109.48,109.11,109.47,109.42,0.05,147627,16160727.87
2026-06-12,GROWWLOVOL,EQ,INF666M01LB9,GROWWAMC - GROWWLOVOL,9.66,11.0,9.66,10.09,9.93,1.61,40788,411550.93
2026-06-12,GROWWMC150,EQ,INF666M01MV5,GROWWAMC - GROWWMC150,216.3,222.98,216.26,222.97,218.22,2.18,1882,419629.54
2026-06-12,GROWWMETAL,EQ,INF666M01NI0,GROWWAMC - GROWWMETAL,12.31,12.35,12.13,12.21,12.07,1.16,913591,11154946.14
2026-06-12,GROWWMOM50,EQ,INF666M01KJ4,GROWWAMC - GROWWMOM50,10.41,10.6,10.36,10.56,10.27,2.82,70302,742389.15
2026-06-12,GROWWN200,EQ,INF666M01JV1,GROWWAMC - GROWWN200,10.99,11.1,10.82,11.06,10.82,2.22,27019,298830.15
2026-06-12,GROWWNET,EQ,INF666M01LI4,GROWWAMC - GROWWNET,8.75,8.92,8.66,8.88,8.56,3.74,84856,753521.29
2026-06-12,GROWWNIFTY,EQ,INF666M01LL8,GROWWAMC - GROWWNIFTY,9.57,9.57,9.35,9.5,9.34,1.71,421779,4006900.5
2026-06-12,GROWWNXT50,EQ,INF666M01LZ8,GROWWAMC - GROWWNXT50,68.9,70.48,68.9,70.45,68.78,2.43,4247,299201.14
2026-06-12,GROWWPOWER,EQ,INF666M01LM6,GROWWAMC - GROWWPOWER,12.09,12.29,11.75,11.96,11.74,1.87,3328163,39804829.61
2026-06-12,GROWWPSE,EQ,INF666M01NQ3,GROWWAMC - GROWWPSE,100.49,100.49,98.2,99.63,98.46,1.19,1506,150042.78
2026-06-12,GROWWPSUBK,EQ,INF666M01OG2,GROWWAMC - GROWWPSUBK,85.64,85.64,85.64,85.64,83.43,2.65,0,0.0
2026-06-12,GROWWRAIL,EQ,INF666M01JJ6,GROWWAMC - GROWWRAIL,29.01,29.38,28.82,29.29,28.65,2.23,389349,11404032.57
2026-06-12,GROWWRLTY,EQ,INF666M01MN2,GROWWAMC - GROWWRLTY,8.49,8.67,8.39,8.57,8.32,3.0,108665,931259.02
2026-06-12,GROWWSC250,EQ,INF666M01MO0,GROWWAMC - GROWWSC250,9.78,10.1,9.6,9.82,9.55,2.83,242101,2377431.75
2026-06-12,GROWWSLVR,EQ,INF666M01OF4,GROWWAMC - GROWWSLVR,23.44,23.63,23.21,23.54,22.69,3.75,1781702,41941266.71
2026-06-12,GRPLTD,EQ,INE137I01015,GRP LIMITED,1653.7,1699.0,1645.0,1694.4,1653.7,2.46,1500,2541600.04
2026-06-12,GRSE,EQ,INE382Z01011,GARDEN REACH SHIP&ENG LTD,2575.0,2659.3,2575.0,2648.7,2536.1,4.44,808526,2141542776.72
2026-06-12,GRWRHITECH,EQ,INE291A01017,GARWARE HI-TECH FILMS LTD,6250.5,6306.0,6094.0,6131.5,6241.0,-1.75,54031,331291076.5
2026-06-12,GSEC10IETF,EQ,INF109KC18O0,ICICIPRAMC - ICICI10GS,261.64,261.64,258.88,258.88,260.34,-0.56,113,29253.44
2026-06-12,GSEC10YEAR,EQ,INF769K01KF8,MIRAEAMC - MAGS813ETF,30.28,30.28,29.93,30.25,30.22,0.1,746,22566.5
2026-06-12,GSEC5IETF,EQ,INF109KC14A8,ICICIPRAMC - ICICI5GSEC,65.61,65.98,65.3,65.71,65.29,0.64,1140,74909.4
2026-06-12,GSFC,EQ,INE026A01025,GUJ STATE FERT & CHEM LTD,163.46,164.9,162.0,164.34,162.23,1.3,419460,68934054.86
2026-06-12,GSLSU,EQ,INE0JSX01015,GLOBAL SURFACES LIMITED,48.5,49.99,48.02,48.89,48.05,1.75,68743,3360845.23
2026-06-12,GSPCROP,EQ,INE713R01022,GSP CROP SCIENCE LIMITED,437.95,453.0,435.7,449.9,434.3,3.59,157580,70895241.04
2026-06-12,GSS,EQ,INE871H01011,GSS INFOTECH LIMITED,12.01,12.56,12.01,12.35,12.25,0.82,26580,328263.01
2026-06-12,GTECJAINX,EQ,INE586X01012,G-TEC JAINX EDUCATION LTD,31.25,31.25,31.25,31.25,32.89,-4.99,2614,81687.5
2026-06-12,GTL,EQ,INE043A01012,GTL LTD,8.3,8.79,8.25,8.41,8.2,2.56,667970,5617627.6
2026-06-12,GTLINFRA,EQ,INE221H01019,GTL INFRA.LTD,1.46,1.52,1.45,1.5,1.44,4.17,65465293,98197939.5
2026-06-12,GTPL,EQ,INE869I01013,GTPL HATHWAY LIMITED,64.09,65.5,64.09,65.11,64.09,1.59,8501,553500.12
2026-06-12,GUFICBIO,EQ,INE742B01025,GUFIC BIOSCIENCES LTD.,355.2,374.9,352.6,371.25,353.2,5.11,161321,59890421.25
2026-06-12,GUJALKALI,EQ,INE186A01019,GUJARAT ALKALIES & CHEM,625.0,644.9,624.95,633.7,617.8,2.57,59509,37710854.03
2026-06-12,GUJAPOLLO,EQ,INE826C01016,GUJ. APOLLO IND. LTD.,370.75,377.0,366.5,369.45,362.25,1.99,7329,2707699.14
2026-06-12,GUJENERGY,EQ,INE844O01030,GUJARAT ENERGY LIMITED,382.0,391.55,376.2,388.0,376.8,2.97,480224,186326912.0
2026-06-12,GUJRAFFIA,EQ,INE610B01024,GUJARAT RAFFIA INDUST LTD,40.62,41.98,40.62,40.91,40.62,0.71,2002,81901.82
2026-06-12,GUJTHEM,EQ,INE942C01045,GUJARAT THEMIS BIOSYN LTD,381.05,392.4,381.05,387.3,383.3,1.04,85320,33044434.96
2026-06-12,GULFOILLUB,EQ,INE635Q01029,GULF OIL LUB. IND. LTD.,925.0,942.0,915.1,939.35,910.15,3.21,99374,93346964.47
2026-06-12,GULPOLY,EQ,INE255D01024,GULSHAN POLYOLS LIMITED,208.27,210.0,202.0,206.4,204.59,0.88,258403,53334377.62
2026-06-12,GVPIL,EQ,INE878A01011,GE POWER INDIA LIMITED,908.0,929.55,908.0,929.55,885.3,5.0,431265,400882375.49
2026-06-12,GVT&D,EQ,INE200A01026,GE VERNOVA T&D INDIA LTD,4820.5,4969.0,4780.0,4942.5,4735.0,4.38,460629,2276658832.5
2026-06-12,HAL,EQ,INE066F01020,HINDUSTAN AERONAUTICS LTD,4216.0,4224.0,4166.5,4192.3,4172.3,0.48,693290,2906479531.59
2026-06-12,HALDER,EQ,INE115S01010,HALDER VENTURE LIMITED,257.0,260.0,240.0,243.57,240.68,1.2,27927,6802179.59
2026-06-12,HALEOSLABS,EQ,INE320X01016,HALEOS LABS LIMITED,1399.6,1429.9,1380.2,1406.2,1403.1,0.22,524,736848.77
2026-06-12,HAPPSTMNDS,EQ,INE419U01012,HAPPIEST MINDS TECHNO LTD,357.55,358.4,346.95,349.95,345.0,1.43,1806738,632267985.15
2026-06-12,HAPPYFORGE,EQ,INE330T01021,HAPPY FORGINGS LIMITED,1373.8,1373.8,1323.2,1331.9,1348.2,-1.21,79428,105790155.14
2026-06-12,HARDWYN,EQ,INE626Z01029,HARDWYN INDIA LIMITED,17.43,17.79,16.82,17.02,17.25,-1.33,6025642,102565026.36
2026-06-12,HARIOMPIPE,EQ,INE00EV01017,HARIOM PIPE INDUSTRIES L,390.85,412.9,385.0,408.2,379.9,7.45,875899,357541982.49
2026-06-12,HARRMALAYA,EQ,INE544A01019,HARRISON MALAYALAM LTD,206.0,214.65,200.52,211.53,201.85,4.8,15725,3326309.23
2026-06-12,HARSHA,EQ,INE0JUS01029,HARSHA ENGINEERS INT LTD,399.55,408.0,397.55,402.5,394.7,1.98,371828,149660770.0
2026-06-12,HATHWAY,EQ,INE982F01036,HATHWAY CABLE & DATACOM,10.62,10.72,10.43,10.68,10.35,3.19,1558914,16649202.0
2026-06-12,HATSUN,EQ,INE473B01035,HATSUN AGRO PRODUCT LTD.,910.0,920.0,909.85,914.15,900.5,1.52,8655,7911968.46
2026-06-12,HAVELLS,EQ,INE176B01034,HAVELLS INDIA LIMITED,1147.0,1156.9,1134.5,1154.1,1129.0,2.22,458490,529143297.81
2026-06-12,HAVISHA,EQ,INE293B01029,SRI HAVISHA HOSP & INFR L,1.41,1.51,1.25,1.36,1.38,-1.45,749522,1019349.93
2026-06-12,HAWKINCOOK,EQ,INE979B01015,HAWKINS COOKERS LTD,7663.0,7789.0,7595.0,7684.5,7658.5,0.34,1711,13148179.5
2026-06-12,HBLENGINE,EQ,INE292B01021,HBL ENGINEERING LTD,757.0,775.95,755.0,774.3,746.0,3.79,887179,686942688.87
2026-06-12,HBSL,EQ,INE550B01022,HB STOCKHOLDINGS LIMITED,51.69,53.99,51.69,53.16,51.94,2.35,1138,60496.08
2026-06-12,HCC,EQ,INE549A01026,HINDUSTAN CONSTRUCTION CO,22.4,23.54,22.4,23.37,21.68,7.8,52939377,1237193284.92
2026-06-12,HCG,EQ,INE075I01017,HEALTHCARE GLOB. ENT. LTD,630.0,639.2,625.0,630.5,629.4,0.17,140507,88589663.5
2026-06-12,HCL-INSYS,EQ,INE236A01020,HCL INFOSYSTEMS LTD,12.22,12.36,11.82,12.19,11.75,3.74,181350,2210656.42
2026-06-12,HCLTECH,EQ,INE860A01027,HCL TECHNOLOGIES LTD,1120.0,1122.5,1100.5,1109.6,1110.2,-0.05,2203987,2445543921.39
2026-06-12,HDBFS,EQ,INE756I01012,HDB FINANCIAL SERVICES L,627.1,647.1,627.1,641.0,623.2,2.86,478124,306477484.0
2026-06-12,HDFCAMC,EQ,INE127D01025,HDFC AMC LIMITED,2419.9,2463.6,2380.8,2455.9,2389.8,2.77,1107972,2721068326.6
2026-06-12,HDFCBANK,EQ,INE040A01034,HDFC BANK LTD,754.7,774.45,753.1,772.45,744.6,3.74,36088159,27876298860.08
2026-06-12,HDFCBSE500,EQ,INF179KC1EZ4,HDFCAMC - HDFCBSE500,35.53,36.24,35.53,36.23,35.6,1.77,66447,2407374.78
2026-06-12,HDFCGOLD,EQ,INF179KC1981,HDFC GOLD ETF,126.32,126.32,124.74,125.86,123.24,2.13,4859989,611678218.51
2026-06-12,HDFCGROWTH,EQ,INF179KC1DJ0,HDFCAMC - HDFCGROWTH,111.28,112.18,110.73,111.69,110.73,0.87,10471,1169506.02
2026-06-12,HDFCLIFE,EQ,INE795G01014,HDFC LIFE INS CO LTD,552.0,557.85,545.7,555.35,545.25,1.85,2966637,1647521785.52
2026-06-12,HDFCLIQUID,EQ,INF179KC1JG3,HDFCAMC - HDFCLIQUID,1064.81,1064.83,1064.81,1064.81,1064.39,0.04,11229,11956752.15
2026-06-12,HDFCLOWVOL,EQ,INF179KC1HU8,HDFCAMC - HDFCLOWVOL,19.75,20.02,19.75,19.99,19.66,1.68,2582,51614.18
2026-06-12,HDFCMID150,EQ,INF179KC1HT0,HDFCAMC - HDFCMID150,22.44,22.69,22.13,22.55,22.01,2.45,376210,8483535.21
2026-06-12,HDFCMOMENT,EQ,INF179KC1HV6,HDFCAMC - HDFCMOMENT,30.1,30.74,30.05,30.65,29.71,3.16,163454,5009865.04
2026-06-12,HDFCNEXT50,EQ,INF179KC1HS2,HDFCAMC - HDFCNEXT50,70.15,71.57,70.15,71.42,69.72,2.44,145296,10377040.05
2026-06-12,HDFCNIF100,EQ,INF179KC1HR4,HDFCAMC - HDFCNIF100,24.73,25.5,24.73,25.37,24.87,2.01,21409,543146.35
2026-06-12,HDFCNIFBAN,EQ,INF179KC1HY0,HDFCAMC - HDFCNIFBAN,56.57,58.29,56.57,58.21,56.57,2.9,1957608,113952359.89
2026-06-12,HDFCNIFIT,EQ,INF179KC1IA8,HDFCAMC - HDFCNIFIT,29.74,30.5,29.57,29.77,29.74,0.1,139896,4164703.98
2026-06-12,HDFCNIFTY,EQ,INF179KC1965,HDFCAMC - HDFCNIFTY,262.49,265.19,261.63,264.86,259.96,1.88,89435,23687752.79
2026-06-12,HDFCPSUBK,EQ,INF179KC1HW4,HDFCAMC HDFCPSUBK,85.0,86.64,84.87,86.46,83.91,3.04,36917,3191843.79
2026-06-12,HDFCPVTBAN,EQ,INF179KC1HZ7,HDFCAMC - HDFCPVTBAN,27.94,28.13,27.47,28.05,27.26,2.9,912035,25582581.05
2026-06-12,HDFCQUAL,EQ,INF179KC1DL6,HDFCAMC - HDFCQUAL,56.35,56.35,55.81,56.01,55.84,0.3,32674,1830070.69
2026-06-12,HDFCSENSEX,EQ,INF179KC1HX2,HDFCAMC - HDFCSENSEX,85.66,85.66,83.68,85.1,83.58,1.82,139748,11892554.59
2026-06-12,HDFCSILVER,EQ,INF179KC1DI2,HDFCAMC - HDFCSILVER,228.15,230.5,226.58,230.11,221.52,3.88,3504839,806498504.43
2026-06-12,HDFCSML250,EQ,INF179KC1FB2,HDFCAMC - HDFCSML250,169.18,172.5,169.17,172.2,167.52,2.79,1627344,280228631.83
2026-06-12,HDFCVALUE,EQ,INF179KC1DK8,HDFCAMC - HDFCVALUE,126.76,127.5,126.0,127.46,126.0,1.16,1802,229682.92
2026-06-12,HEADSUP,EQ,INE759V01019,HEADS UP VENTURES LIMITED,7.09,7.2,6.94,7.1,7.0,1.43,41087,291717.7
2026-06-12,HEALTHADD,EQ,INF740KA1ZG1,DSPAMC - HEALTHADD,157.42,157.5,156.41,156.56,156.64,-0.05,7618,1192674.06
2026-06-12,HEALTHAXIS,EQ,INF846K01Z12,AXISAMC-HEALTHAXIS,157.8,159.37,157.44,158.37,157.75,0.39,2693,426490.4
2026-06-12,HEALTHCARE,EQ,INF769K01QA6,MIRAEAMC - HEALTHCARE,20.21,20.22,20.08,20.14,20.07,0.35,23355,470369.69
2026-06-12,HEALTHIETF,EQ,INF109KC1Q72,ICICIPRAMC - ICICIPHARM,161.86,162.0,158.6,159.49,158.69,0.5,136394,21753479.81
2026-06-12,HEALTHX,EQ,INE019J01013,HEALTH X PLATFORM LIMITED,278.5,285.95,277.05,280.9,278.4,0.9,9646,2709561.34
2026-06-12,HEALTHY,EQ,INF209KB10C2,BIRLASLAMC - HEALTHY,16.2,16.29,15.94,16.0,16.0,0.0,321653,5146448.0
2026-06-12,HECPROJECT,EQ,INE558R01013,HEC INFRA PROJECTS LTD,117.35,120.24,117.0,118.83,116.24,2.23,5639,670082.38
2026-06-12,HEIDELBERG,EQ,INE578A01017,HEIDELBERGCEMENT (I) LTD,147.2,150.07,147.2,149.03,146.43,1.78,110342,16444268.13
2026-06-12,HEMIPROP,EQ,INE0AJG01018,HEMISPHERE PROP IND LTD,137.29,141.0,137.29,140.37,135.76,3.4,381836,53598317.46
2026-06-12,HERANBA,EQ,INE694N01015,HERANBA INDUSTRIES LTD,182.5,190.5,182.5,188.88,181.53,4.05,76408,14431943.41
2026-06-12,HERITGFOOD,EQ,INE978A01027,HERITAGE FOODS LTD,316.2,323.2,316.2,320.0,314.95,1.6,316696,101342720.0
2026-06-12,HEROMOTOCO,EQ,INE158A01026,HERO MOTOCORP LIMITED,4913.0,4969.0,4868.4,4962.6,4836.2,2.61,435472,2161073389.73
2026-06-12,HESTERBIO,EQ,INE782E01017,HESTER BIOSCIENCES LTD,1980.5,1990.0,1925.0,1952.9,1959.9,-0.36,3037,5930957.37
2026-06-12,HEXATRADEX,EQ,INE750M01017,HEXA TRADEX LIMITED,163.96,164.44,159.5,163.42,156.01,4.75,2644,432082.48
2026-06-12,HEXT,EQ,INE093A01041,HEXAWARE TECHNOLOGIES LTD,520.0,523.95,491.6,498.65,502.25,-0.72,916636,457080535.81
2026-06-12,HGINFRA,EQ,INE926X01010,H.G.INFRA ENGINEERING LTD,549.85,567.0,547.1,562.9,545.05,3.27,103022,57991086.32
2026-06-12,HGM,EQ,INE596H01014,HANDSON GBL MNGMNT LTD,53.0,54.9,51.98,53.84,51.98,3.58,10792,581041.28
2026-06-12,HGS,EQ,INE170I01016,HINDUJA GLOBAL SOLS. LTD.,430.5,433.8,421.6,427.6,427.2,0.09,41628,17800133.05
2026-06-12,HIKAL,EQ,INE475B01022,HIKAL LIMITED,180.07,185.2,178.55,183.99,176.15,4.45,147486,27135949.95
2026-06-12,HILINFRA,EQ,INE00RL01028,HIGHWAY INFRASTRUCTURE L,46.9,48.4,46.5,47.86,46.8,2.26,35142,1681896.14
2026-06-12,HILTON,EQ,INE788H01017,HILTON METAL FORGING LTD,18.98,19.28,18.06,18.77,18.63,0.75,100847,1892898.24
2026-06-12,HIMATSEIDE,EQ,INE049A01027,HIMATSINGKA SEIDE LTD,75.0,76.2,74.3,76.02,73.99,2.74,325338,24732193.67
2026-06-12,HINDALCO,EQ,INE038A01020,HINDALCO  INDUSTRIES  LTD,1045.0,1049.0,1015.3,1021.6,1024.3,-0.26,9388824,9591622369.18
2026-06-12,HINDCOMPOS,EQ,INE310C01029,HINDUSTAN COMPOSITES LTD.,416.0,418.35,405.1,412.4,402.5,2.46,2746,1132450.38
2026-06-12,HINDCON,EQ,INE642Y01029,HINDCON CHEMICALS LIMITED,20.45,20.98,20.25,20.79,20.24,2.72,17816,370394.66
2026-06-12,HINDCOPPER,EQ,INE531E01026,HINDUSTAN COPPER LTD,512.95,516.85,507.5,510.0,499.25,2.15,3847391,1962169410.0
2026-06-12,HINDOILEXP,EQ,INE345A01011,HINDUSTAN OIL EXPLORATION,160.5,178.0,157.0,165.53,167.7,-1.29,4687993,776003475.57
2026-06-12,HINDPETRO,EQ,INE094A01015,HINDUSTAN PETROLEUM CORP,377.7,391.1,372.0,388.9,365.7,6.34,14100531,5483696419.84
2026-06-12,HINDUNILVR,EQ,INE030A01027,HINDUSTAN UNILEVER LTD.,2151.2,2179.4,2145.0,2168.8,2139.8,1.36,1156153,2507464682.85
2026-06-12,HINDWAREAP,EQ,INE05AN01011,HINDWARE HME INOVATON LTD,222.59,255.61,219.99,251.79,213.01,18.21,10879469,2739341426.47
2026-06-12,HINDZINC,EQ,INE267A01025,HINDUSTAN ZINC LIMITED,560.95,565.0,555.1,559.9,545.0,2.73,2992652,1675585927.86
2026-06-12,HIRECT,EQ,INE835D01023,HIRECT LIMITED,1133.9,1142.0,1110.2,1130.5,1111.8,1.68,96480,109070640.0
2026-06-12,HISARMETAL,EQ,INE598C01011,HISAR METAL IND. LIMITED,158.0,160.0,154.12,154.46,152.91,1.01,5890,909769.44
2026-06-12,HITECH,EQ,INE106T01025,HI-TECH PIPES LIMITED,86.13,89.99,86.13,89.65,85.3,5.1,918872,82376876.2
2026-06-12,HLEGLAS,EQ,INE461D01028,HLE GLASCOAT LIMITED,369.8,393.0,366.4,381.4,360.35,5.84,326185,124406957.01
2026-06-12,HLVLTD,EQ,INE102A01024,HLV LIMITED,7.75,7.9,7.71,7.82,7.66,2.09,92807,725750.76
2026-06-12,HMAAGRO,EQ,INE0ECP01024,HMA AGRO INDUSTRIES LTD,21.9,22.81,21.9,22.62,22.03,2.68,160423,3628768.39
2026-06-12,HNDFDS,EQ,INE254N01026,HINDUSTAN FOODS LIMITED,534.5,539.0,527.55,529.7,529.3,0.08,39133,20728750.58
2026-06-12,HNGSNGBEES,EQ,INF204KB19I1,NIP IND ETF HANGSENG BEES,493.6,496.5,486.32,494.96,481.23,2.85,131511,65092683.44
2026-06-12,HOMEFIRST,EQ,INE481N01025,HOME FIRST FIN CO IND LTD,1037.5,1114.1,1037.5,1109.3,1029.7,7.73,663582,736111545.0
2026-06-12,HONASA,EQ,INE0J5401028,HONASA CONSUMER LIMITED,425.1,426.6,411.7,413.65,417.65,-0.96,1765440,730274245.22
2026-06-12,HONAUT,EQ,INE671A01010,HONEYWELL AUTOMATION IND,35455.0,36400.0,35455.0,36160.0,35230.0,2.64,5576,201628160.0
2026-06-12,HONDAPOWER,EQ,INE634A01018,HONDA I POWER PRODUCT LTD,2203.4,2237.9,2172.2,2193.4,2181.4,0.55,4040,8861335.61
2026-06-12,HPAL,EQ,INE0GSL01024,HP ADHESIVES LIMITED,34.8,36.0,34.5,35.86,34.96,2.57,51648,1852097.31
2026-06-12,HPIL,EQ,INE05X901010,HINDPRAKASH INDUSTRY LTD,127.1,127.1,123.18,127.0,127.01,-0.01,317,40259.0
2026-06-12,HPL,EQ,INE495S01016,HPL ELECTRIC & POWER LTD,346.75,360.2,346.75,358.5,340.8,5.19,175548,62933958.0
2026-06-12,HSCL,EQ,INE019C01026,HIMADRI SPECIALITY CHEM L,692.0,693.5,667.7,680.5,680.05,0.07,16776394,11416336117.0
2026-06-12,HTMEDIA,EQ,INE501G01024,HT MEDIA LIMITED,22.89,22.99,22.55,22.61,22.5,0.49,15447,349256.68
2026-06-12,HUBTOWN,EQ,INE703H01016,HUBTOWN LIMITED,184.1,186.9,179.81,185.93,180.45,3.04,440744,81947528.69
2026-06-12,HUDCO,EQ,INE031A01017,HSG & URBAN DEV CORPN LTD,206.0,208.04,202.36,205.68,203.33,1.16,3768859,775178891.52
2026-06-12,HUHTAMAKI,EQ,INE275B01026,HUHTAMAKI INDIA LIMITED,170.0,175.0,169.1,173.95,168.96,2.95,131850,22935307.1
2026-06-12,HYUNDAI,EQ,INE0V6F01027,HYUNDAI MOTOR INDIA LTD,1960.0,1997.8,1955.2,1990.1,1940.1,2.58,1206561,2401177016.64
2026-06-12,IBULLSLTD,EQ,INE126M01010,INDIABULLS LIMITED,23.5,24.2,22.65,23.51,23.48,0.13,3944736,92740744.26
2026-06-12,ICEMAKE,EQ,INE520Y01019,ICE MAKE REFRIGERAT LTD,781.0,799.5,773.0,775.75,777.45,-0.22,23874,18520255.5
2026-06-12,ICICIAMC,EQ,INE346A01027,ICICI PRUDENTIAL AMC LTD,3290.0,3330.2,3210.0,3238.8,3206.2,1.02,721491,2336765086.03
2026-06-12,ICICIB22,EQ,INF109KB15Y7,ICICIPRAMC - BHARATIWIN,117.49,118.85,116.94,118.46,116.52,1.66,296336,35103962.29
2026-06-12,ICICIBANK,EQ,INE090A01021,ICICI BANK LTD.,1330.0,1344.3,1318.7,1340.8,1317.0,1.81,18339846,24590066412.3
2026-06-12,ICICIGI,EQ,INE765G01017,ICICI LOMBARD GIC LIMITED,1721.0,1721.0,1671.8,1695.7,1712.4,-0.98,702448,1191141039.3
2026-06-12,ICICIPRULI,EQ,INE726G01019,ICICI PRU LIFE INS CO LTD,465.1,469.95,462.15,468.15,460.4,1.68,887258,415369827.28
2026-06-12,ICIL,EQ,INE483B01026,INDO COUNT INDUSTRIES LTD,327.0,345.0,322.55,344.45,324.1,6.28,585037,201516001.79
2026-06-12,ICRA,EQ,INE725G01011,ICRA LIMITED,5090.0,5157.5,5090.0,5147.0,5059.0,1.74,3844,19785068.0
2026-06-12,IDBI,EQ,INE008A01015,IDBI BANK LIMITED,73.4,75.62,73.36,75.39,72.31,4.26,8499345,640765614.36
2026-06-12,IDEA,EQ,INE669E01016,VODAFONE IDEA LIMITED,14.44,15.09,14.21,14.9,14.17,5.15,930356200,13862307025.1
2026-06-12,IDEAFORGE,EQ,INE349Y01013,IDEAFORGE TECHNO LTD,880.2,900.0,852.3,869.1,870.9,-0.21,335109,291243223.72
2026-06-12,IDFCFIRSTB,EQ,INE092T01019,IDFC FIRST BANK LIMITED,73.4,77.39,73.35,76.5,72.95,4.87,47039199,3598498723.5
2026-06-12,IDFNIFTYET,EQ,INF194KA1U07,BANDHANAMC - IDFNIFTYET,257.3,259.7,255.17,256.28,255.2,0.42,433,110969.24
2026-06-12,IEX,EQ,INE022Q01020,INDIAN ENERGY EXC LTD,118.12,121.1,118.12,120.84,117.07,3.22,3751542,453336321.54
2026-06-12,IFBAGRO,EQ,INE076C01018,IFB AGRO INDUSTRIES LTD,924.9,935.0,900.2,926.4,905.2,2.34,8192,7589069.0
2026-06-12,IFBIND,EQ,INE559A01017,IFB INDUSTRIES LTD,1260.0,1341.0,1252.1,1287.8,1238.3,4.0,260734,335773257.93
2026-06-12,IFCI,EQ,INE039A01010,IFCI LTD,72.3,84.57,72.3,84.57,70.48,19.99,240541132,20342563459.83
2026-06-12,IFGLEXPOR,EQ,INE133Y01011,IFGL REFRACTORIES LIMITED,183.92,192.24,183.92,187.69,183.92,2.05,26463,4966840.53
2026-06-12,IGARASHI,EQ,INE188B01013,IGARASHI MOTORS INDIA LTD,370.6,389.9,368.6,379.35,365.75,3.72,109481,41531618.02
2026-06-12,IGCL,EQ,INE05J901018,INDOGULF CROPSCIENCES LTD,57.79,62.39,56.12,60.64,55.85,8.58,151855,9208487.11
2026-06-12,IGIL,EQ,INE0Q9301021,INTL GEMOLOGICAL INST LTD,359.5,367.5,357.2,366.75,353.95,3.62,213013,78122517.75
2026-06-12,IGL,EQ,INE203G01027,INDRAPRASTHA GAS LTD,161.1,165.75,161.04,163.52,160.8,1.69,4504652,736600714.29
2026-06-12,IGPL,EQ,INE204A01010,I G PETROCHEMICALS LTD,430.8,438.0,429.65,435.8,429.2,1.54,9001,3922635.69
2026-06-12,IIFL,EQ,INE530B01024,IIFL FINANCE LIMITED,500.0,521.65,500.0,518.9,491.1,5.66,2251326,1168213116.36
2026-06-12,IIFLCAPS,EQ,INE489L01022,IIFL CAPITAL SERVICES LTD,343.8,344.95,339.1,342.0,342.3,-0.09,1007552,344582784.0
2026-06-12,IITL,EQ,INE886A01014,INDUSTRIAL INV TRUST LTD,138.5,142.5,136.0,136.89,139.31,-1.74,92053,12601135.11
2026-06-12,IKIO,EQ,INE0LOJ01019,IKIO TECHNOLOGIES LIMITED,153.9,157.0,151.56,155.7,150.63,3.37,55292,8608964.23
2026-06-12,IKS,EQ,INE115Q01022,INVENTURUS KNOWLEDGE SO L,1656.0,1694.1,1648.1,1678.3,1649.0,1.78,80525,135145111.43
2026-06-12,IMAGICAA,EQ,INE172N01012,IMAGICAAWORLD ENT LTD,41.19,42.65,41.02,42.51,40.63,4.63,324469,13793176.65
2026-06-12,IMFA,EQ,INE919H01018,INDIAN METALS & FERRO,1387.0,1410.6,1371.2,1398.9,1378.2,1.5,103758,145147068.73
2026-06-12,IMPAL,EQ,INE547E01014,IND MOTOR PART & ACC LTD,1050.0,1074.2,1050.0,1065.6,1046.4,1.83,1252,1334131.17
2026-06-12,INA,EQ,INE0LGX01024,INSOLATION ENERGY LIMITED,116.9,122.7,116.03,116.9,114.07,2.48,1883345,220163033.37
2026-06-12,INCREDIBLE,EQ,INE452L01012,INCREDIBLE INDUSTRIES LTD,35.5,35.5,33.59,34.6,34.33,0.79,2337,80860.2
2026-06-12,INDBANK,EQ,INE841B01017,INDBANK MERCH BANK,33.01,33.78,33.01,33.33,32.97,1.09,35089,1169516.43
2026-06-12,INDGN,EQ,INE065X01017,INDEGENE LIMITED,511.6,516.1,508.0,510.35,506.75,0.71,166552,84999814.22
2026-06-12,INDHOTEL,EQ,INE053A01029,THE INDIAN HOTELS CO. LTD,659.75,681.95,659.05,679.45,655.7,3.62,2799377,1902036736.82
2026-06-12,INDIACEM,EQ,INE383A01012,THE INDIA CEMENTS LIMITED,391.0,394.2,382.3,393.1,384.65,2.2,165291,64975893.11
2026-06-12,INDIAGLYCO,EQ,INE560A01023,INDIA GLYCOLS LTD,960.0,991.0,950.1,986.65,944.7,4.44,70149,69212512.56
2026-06-12,INDIAMART,EQ,INE933S01016,INDIAMART INTERMESH LTD,1978.1,2019.5,1978.1,2016.4,1968.2,2.45,30991,62490253.16
2026-06-12,INDIANB,EQ,INE562A01011,INDIAN BANK,838.5,850.95,824.85,845.5,825.65,2.4,3089091,2611826440.5
2026-06-12,INDIANCARD,EQ,INE061A01014,INDIAN CARD CLOTHING CO.,214.3,218.0,211.36,214.04,214.46,-0.2,720,154108.8
2026-06-12,INDIANHUME,EQ,INE323C01030,INDIAN HUME PIPE CO. LTD.,285.0,299.4,285.0,298.35,282.0,5.8,69581,20759491.77
2026-06-12,INDIASHLTR,EQ,INE922K01024,INDIA SHELTER FIN CORP L,739.0,830.0,730.0,793.4,728.15,8.96,673060,534005820.43
2026-06-12,INDIGO,EQ,INE646L01027,INTERGLOBE AVIATION LTD,4599.0,4725.0,4561.7,4709.7,4502.4,4.6,2530474,11917773892.03
2026-06-12,INDIGOPNTS,EQ,INE09VQ01012,INDIGO PAINTS LIMITED,960.25,1007.0,960.25,995.2,952.55,4.48,119093,118521355.05
2026-06-12,INDIQUBE,EQ,INE06ST01018,INDIQUBE SPACES LIMITED,153.6,154.0,150.64,152.31,150.19,1.41,19250,2931967.45
2026-06-12,INDNIPPON,EQ,INE092B01025,INDIA NIPPON ELECT  LTD,865.0,895.1,865.0,890.25,861.0,3.4,11587,10315326.75
2026-06-12,INDOBORAX,EQ,INE803D01021,INDO BORAX & CHEMICAL LTD,358.4,376.9,358.35,373.45,358.95,4.04,120839,45127326.03
2026-06-12,INDOCO,EQ,INE873D01024,INDOCO REMEDIES LTD.,258.0,261.71,243.0,248.8,243.0,2.39,4231632,1052830054.51
2026-06-12,INDOFARM,EQ,INE622H01018,INDO FARM EQUIPMENT LTD,129.76,131.18,128.5,130.47,127.76,2.12,58098,7580046.13
2026-06-12,INDORAMA,EQ,INE156A01020,INDO RAMA SYNTHETICS LTD,45.38,46.29,44.17,45.35,44.27,2.44,204651,9280922.54
2026-06-12,INDOSTAR,EQ,INE896L01010,INDOSTAR CAPITAL FIN LTD,238.21,247.4,234.91,242.45,234.0,3.61,182480,44242275.44
2026-06-12,INDOTECH,EQ,INE332H01014,INDO TECH TRANSFORM LTD.,2577.8,2620.1,2527.3,2604.0,2523.3,3.2,9144,23810976.0
2026-06-12,INDOTHAI,EQ,INE337M01021,INDO THAI SEC LTD,244.5,245.0,232.33,239.18,235.7,1.48,1285925,307567532.08
2026-06-12,INDOUS,EQ,INE250Z01010,INDO US BIOTECH LTD,94.9,94.9,88.02,89.17,90.57,-1.55,13891,1238660.44
2026-06-12,INDOWIND,EQ,INE227G01018,INDOWIND ENERGY LTD,9.04,9.09,8.85,8.99,9.01,-0.22,163275,1467842.21
2026-06-12,INDRAMEDCO,EQ,INE681B01017,INDRAPRASTHA MEDICAL CORP,378.9,388.0,378.9,384.5,376.8,2.04,146244,56230818.0
2026-06-12,INDSWFTLAB,EQ,INE915B01019,IND SWIFT LABORATORIES LT,161.8,164.0,159.21,163.03,158.63,2.77,372371,60707643.68
2026-06-12,INDTERRAIN,EQ,INE611L01021,IND TERRAIN FASHIONS LTD,31.9,32.58,31.1,31.28,31.02,0.84,1650,51612.0
2026-06-12,INDUSINDBK,EQ,INE095A01012,INDUSIND BANK LIMITED,901.45,919.7,889.95,917.35,888.95,3.19,2663666,2443513940.07
2026-06-12,INDUSTOWER,EQ,INE121J01017,INDUS TOWERS LIMITED,417.0,424.6,417.0,421.2,413.0,1.99,4575037,1927005640.25
2026-06-12,INFOBEAN,EQ,INE344S01016,INFOBEANS TECHNO. LTD.,167.7,170.21,164.66,169.4,164.45,3.01,303063,51338870.35
2026-06-12,INFOMEDIA,EQ,INE669A01022,INFOMEDIA PRESS LIMITED,5.63,5.79,5.63,5.74,5.63,1.95,2488,14281.12
2026-06-12,INFRA,EQ,INF769K01QB4,MIRAEAMC - INFRA,11.64,11.96,11.64,11.92,11.64,2.41,40069,477622.48
2026-06-12,INFRAIETF,EQ,INF109KC16E5,ICICIPRAMC - ICICIINFRA,94.8,95.24,93.27,95.12,92.93,2.36,99191,9435048.19
2026-06-12,INFY,EQ,INE009A01021,INFOSYS LIMITED,1120.0,1123.3,1111.5,1116.4,1114.6,0.16,8075333,9015301958.35
2026-06-12,INGERRAND,EQ,INE177A01018,INGERSOLL-RAND INDIA LTD,4012.3,4155.9,4012.3,4145.1,4001.0,3.6,20615,85451238.51
2026-06-12,INNOVACAP,EQ,INE0DUT01020,INNOVA CAPTAB LIMITED,964.75,974.0,936.6,942.45,950.75,-0.87,127569,120227405.61
2026-06-12,INNOVANA,EQ,INE403Y01018,INNOVANA THINKLABS LTD,320.7,328.0,319.2,322.05,319.15,0.91,4543,1463073.09
2026-06-12,INNOVISION,EQ,INE0ADB01012,INNOVISION LIMITED,292.05,292.05,287.0,288.75,286.9,0.64,24078,6952522.5
2026-06-12,INOXGREEN,EQ,INE510W01014,INOX GREEN ENERGY SER LTD,180.0,192.45,180.0,189.9,179.75,5.65,4129391,784171325.7
2026-06-12,INOXINDIA,EQ,INE616N01034,INOX INDIA LIMITED,1880.0,1930.3,1795.0,1808.2,1848.8,-2.2,715519,1293801420.86
2026-06-12,INOXWIND,EQ,INE066P01011,INOX WIND LIMITED,83.0,88.4,82.33,88.03,81.1,8.55,21229167,1868803545.1
2026-06-12,INSECTICID,EQ,INE070I01018,INSECTICIDES (I) LTD,720.0,720.45,709.15,719.0,706.85,1.72,12640,9088160.0
2026-06-12,INSPIRISYS,EQ,INE020G01017,INSPIRISYS SOLUTIONS LTD,114.7,114.7,109.2,111.09,110.23,0.78,8475,941487.72
2026-06-12,INTELLECT,EQ,INE306R01017,INTELLECT DESIGN ARENA,740.0,747.7,736.2,743.05,729.7,1.83,176128,130871908.25
2026-06-12,INTENTECH,EQ,INE781A01025,INTENSE TECHNOLOGIES LTD,99.3,103.55,97.28,100.89,98.27,2.67,65720,6630490.76
2026-06-12,INTERARCH,EQ,INE00M901018,INTERARCH BLDNG SOLTN LTD,1750.0,1800.0,1726.1,1792.6,1721.8,4.11,65648,117680603.2
2026-06-12,INTERNET,EQ,INF769K01PB6,MIRAEAMC - INTERNET,11.75,12.0,11.74,11.97,11.59,3.28,33471,400647.88
2026-06-12,INTLCONV,EQ,INE575C01027,INTL CONVEYORS LIMITED,78.8,79.9,77.65,79.12,78.0,1.44,24696,1953947.59
2026-06-12,INVENTURE,EQ,INE878H01024,INVENTURE GRO & SEC LTD,0.94,0.95,0.92,0.93,0.93,0.0,2135089,1985632.79
2026-06-12,IOB,EQ,INE565A01014,INDIAN OVERSEAS BANK,32.51,33.48,32.51,33.37,32.42,2.93,4193168,139926011.68
2026-06-12,IOC,EQ,INE242A01010,INDIAN OIL CORP LTD,137.0,141.45,136.73,140.94,134.24,4.99,18813847,2651623642.11
2026-06-12,IOLCP,EQ,INE485C01029,IOL CHEM AND PHARMA LTD,130.0,135.0,130.0,134.24,127.84,5.01,1686744,226428523.83
2026-06-12,IONEXCHANG,EQ,INE570A01022,ION EXCHANGE (INDIA) LTD,333.0,347.3,333.0,345.6,329.6,4.85,375317,129709557.49
2026-06-12,IPCALAB,EQ,INE571A01038,IPCA LABORATORIES LTD,1629.8,1640.0,1568.6,1583.0,1613.6,-1.9,131987,208935421.0
2026-06-12,IPL,EQ,INE0D6701023,INDIA PESTICIDES LIMITED,159.29,162.0,157.6,160.9,157.07,2.44,109369,17597471.43
2026-06-12,IRB,EQ,INE821I01022,IRB INFRA DEV LTD.,20.33,20.87,20.33,20.81,20.21,2.97,10817459,225111316.01
2026-06-12,IRCON,EQ,INE962Y01021,IRCON INTERNATIONAL LTD,132.09,136.0,131.75,135.35,130.26,3.91,1681761,227626361.61
2026-06-12,IRCTC,EQ,INE335Y01020,INDIAN RAIL TOUR CORP LTD,524.3,525.65,520.05,521.35,521.05,0.06,591021,308128783.92
2026-06-12,IREDA,EQ,INE202E01016,INDIAN RENEWABLE ENERGY,120.06,122.75,119.56,122.13,118.3,3.24,4408471,538406551.12
2026-06-12,IRFC,EQ,INE053F01010,INDIAN RAILWAY FIN CORP L,94.43,96.1,93.91,95.89,93.33,2.74,9874699,946884881.08
2026-06-12,IRIS,EQ,INE864K01010,IRIS REGTECH SOLUTION LTD,231.5,250.05,229.0,238.5,223.65,6.64,30135,7187197.5
2026-06-12,IRISDOREME,EQ,INE01GN01025,IRIS CLOTHINGS LIMITED,36.99,37.4,35.76,36.58,35.89,1.92,351947,12874221.9
2026-06-12,IRMENERGY,EQ,INE07U701015,IRM ENERGY LIMITED,249.0,256.1,246.85,255.4,244.8,4.33,170759,43611847.56
2026-06-12,ISFT,EQ,INE566K01011,INTRASOFT TECH. LTD,83.1,85.85,83.06,84.77,83.55,1.46,3355,284403.34
2026-06-12,ISGEC,EQ,INE858B01029,ISGEC HEAVY ENG LTD,875.1,914.55,875.1,910.0,878.05,3.64,44246,40263860.0
2026-06-12,ISHANCH,EQ,INE561M01018,ISHAN DYES N CHEMICALS L,59.38,61.0,57.6,60.5,59.4,1.85,10343,625751.5
2026-06-12,IT,EQ,INF174KA1GC5,KOTAKMAMC - KOTAKIT,31.26,31.3,30.69,30.85,30.86,-0.03,500762,15448507.89
2026-06-12,ITADD,EQ,INF740KA1SX1,DSPAMC - DSPIT,29.61,29.8,29.31,29.44,29.61,-0.57,39631,1166736.66
2026-06-12,ITAXIS,EQ,INF846K01Y96,AXISAMC-ITAXIS,306.92,307.58,305.0,306.22,306.92,-0.23,2173,665416.06
2026-06-12,ITBEES,EQ,INF204KB15V2,NIP IND ETF IT,31.41,31.41,30.74,30.89,30.88,0.03,17641741,544953368.72
2026-06-12,ITBETA,EQ,INF789F1AZD8,UTIAMC-ITBETA,293.0,294.3,290.48,292.16,292.73,-0.19,516,150754.56
2026-06-12,ITC,EQ,INE154A01025,ITC LTD,283.55,285.85,283.0,285.1,282.4,0.96,12893433,3675917827.0
2026-06-12,ITCHOTELS,EQ,INE379A01028,ITC HOTELS LIMITED,151.0,154.65,150.5,154.05,149.29,3.19,2207570,340076165.24
2026-06-12,ITDC,EQ,INE353K01014,INDIA TOUR. DEV. CO. LTD.,585.0,598.9,578.05,585.1,578.9,1.07,237684,139068902.6
2026-06-12,ITETF,EQ,INF769K01KV5,MIRAEAMC - ITETF,29.71,30.94,29.29,29.41,29.43,-0.07,495241,14565037.73
2026-06-12,ITI,EQ,INE248A01017,ITI LTD,295.9,301.0,292.0,299.25,288.8,3.62,763910,228600067.5
2026-06-12,ITIETF,EQ,INF109KC16I6,ICICIPRAMC - ICICITECH,31.72,31.72,30.57,30.86,30.95,-0.29,950140,29321320.98
2026-06-12,IVALUE,EQ,INE056801025,IVALUE INFOSOLUTIONS LTD,231.5,235.0,228.85,234.18,230.23,1.72,111813,26184367.52
2026-06-12,IVC,EQ,INE050B01023,IL&FS INVESTMENT MANAGERS,8.55,8.55,8.32,8.44,8.27,2.06,170090,1435559.53
2026-06-12,IVZINGOLD,EQ,INF205KA1BP1,INVESCO INDIA GOLD ETF,128.35,128.8,127.35,128.6,125.7,2.31,14008,1801428.89
2026-06-12,IVZINNIFTY,EQ,INF205KA1CC7,INVESCO INDIA NIFTY ETF,2660.31,2669.14,2660.31,2666.92,2648.65,0.69,131,349366.51
2026-06-12,IXIGO,EQ,INE0HV901016,LE TRAVENUES TECHNOLOGY L,160.8,180.0,160.13,178.22,158.84,12.2,11211689,1998147227.27
2026-06-12,IZMO,EQ,INE848A01014,IZMO LIMITED,965.0,983.25,940.85,983.25,936.45,5.0,133808,131566716.0
2026-06-12,J&KBANK,EQ,INE168A01041,J & K BANK LTD.,157.0,158.83,154.47,157.4,153.07,2.83,3788279,596275091.48
2026-06-12,JAGRAN,EQ,INE199G01027,JAGRAN PRAKASHAN LIMITED,61.7,62.89,61.7,62.49,61.53,1.56,290724,18167343.25
2026-06-12,JAGSNPHARM,EQ,INE048B01035,JAGSONPAL PHARMACEUTICALS,213.8,219.36,210.5,211.39,209.63,0.84,170495,36040937.95
2026-06-12,JAIBALAJI,EQ,INE091G01026,JAI BALAJI INDUSTRIES LTD,64.05,66.7,64.0,65.85,64.2,2.57,580365,38217034.36
2026-06-12,JAICORPLTD,EQ,INE070D01027,JAI CORP LIMITED,109.5,113.58,109.5,112.76,108.21,4.2,646833,72936890.46
2026-06-12,JAINREC,EQ,INE0YD401026,JAIN RESOURCE RECYCLING L,312.85,327.7,310.25,326.3,305.25,6.9,5203006,1697740794.29
2026-06-12,JAIPURKURT,EQ,INE696V01013,NANDANI CREATION LIMITED,28.95,29.2,27.8,27.99,28.22,-0.82,11937,334116.63
2026-06-12,JAMNAAUTO,EQ,INE039C01032,JAMNA AUTO IND LTD,117.34,123.0,116.58,121.8,114.64,6.25,2466803,300456612.93
2026-06-12,JARO,EQ,INE00YJ01010,JARO INS OF TEC MG N RE L,551.0,576.4,547.9,566.0,545.1,3.83,113104,64016864.0
2026-06-12,JASH,EQ,INE039O01029,JASH ENGINEERING LIMITED,445.9,468.5,444.4,466.55,444.5,4.96,179663,83821770.46
2026-06-12,JAYAGROGN,EQ,INE785A01026,JAYANT AGRO ORGANICS LTD,218.9,226.5,218.9,225.85,216.31,4.41,10624,2399430.46
2026-06-12,JAYBARMARU,EQ,INE571B01036,JAY BHARAT MARUTI LTD,134.0,144.66,134.0,144.66,131.51,10.0,2359452,341318334.96
2026-06-12,JAYKAY,EQ,INE903A01025,JAYKAY ENTERPRISES LTD,174.78,174.78,169.91,172.25,169.85,1.41,126005,21704361.25
2026-06-12,JAYNECOIND,EQ,INE854B01010,JAYASWAL NECO INDUSTR LTD,89.8,91.62,86.51,90.86,87.31,4.07,7200136,654204361.35
2026-06-12,JAYSREETEA,EQ,INE364A01020,JAYSHREE TEA & INDUSTRIES,82.85,87.85,81.6,87.08,81.99,6.21,69399,6043265.05
2026-06-12,JBMA,EQ,INE927D01051,JBM AUTO LIMITED,652.05,689.95,652.05,683.8,644.85,6.04,4784656,3271747714.39
2026-06-12,JETFREIGHT,EQ,INE982V01025,JET FREIGHT LOGISTICS LTD,21.69,23.08,21.69,22.02,21.79,1.06,243412,5359932.35
2026-06-12,JGCHEM,EQ,INE0MB501011,J.G.CHEMICALS LIMITED,431.0,440.9,425.1,429.2,424.15,1.19,74643,32036776.51
2026-06-12,JHS,EQ,INE544H01014,JHS SVEND. LAB. LTD,7.98,8.32,7.98,8.11,7.97,1.76,35621,288886.3
2026-06-12,JINDALPHOT,EQ,INE796G01012,JINDAL PHOTO LIMITED,1097.1,1141.9,1083.5,1099.0,1095.9,0.28,9713,10674587.0
2026-06-12,JINDALPOLY,EQ,INE197D01010,JINDAL POLY FILMS LIMITED,743.25,766.9,728.2,751.95,731.75,2.76,129089,97068475.13
2026-06-12,JINDALSAW,EQ,INE324A01032,JINDAL SAW LIMITED,229.04,240.14,226.99,238.5,223.49,6.72,1960070,467476695.0
2026-06-12,JINDALSTEL,EQ,INE749A01030,JINDAL STEEL LIMITED,1140.0,1150.9,1128.1,1148.5,1121.3,2.43,448591,515206763.5
2026-06-12,JINDRILL,EQ,INE742C01031,JINDAL DRILLING IND. LTD,606.2,610.4,595.55,599.6,609.25,-1.58,321666,192870925.75
2026-06-12,JINDWORLD,EQ,INE247D01039,JINDAL WORLDWIDE LTD,28.0,31.58,28.0,29.87,27.6,8.22,23880660,713315334.24
2026-06-12,JIOFIN,EQ,INE758E01017,JIO FIN SERVICES LTD,230.9,236.5,230.0,235.89,228.02,3.45,12744670,3006340198.52
2026-06-12,JISLDVREQS,EQ,IN9175A01010,JAIN DVR EQUITY SHARES,23.01,23.75,22.91,23.49,22.78,3.12,8423,197856.27
2026-06-12,JISLJALEQS,EQ,INE175A01038,JAIN IRRIGATION SYSTEMS,30.09,31.23,30.09,31.02,29.62,4.73,2524233,78301708.82
2026-06-12,JITFINFRA,EQ,INE863T01013,JITF INFRALOGISTICS LTD,292.05,297.0,291.5,296.25,293.6,0.9,10369,3071816.25
2026-06-12,JKCEMENT,EQ,INE823G01014,JK CEMENT LIMITED,4740.0,4873.0,4671.5,4858.5,4701.0,3.35,81069,393873736.5
2026-06-12,JKIL,EQ,INE576I01022,JKUMAR INFR.LTD.,465.0,470.0,454.5,458.9,461.0,-0.46,221015,101423782.15
2026-06-12,JKIPL,EQ,INE1FF001016,JINKUSHAL INDUSTRIES LTD,97.73,102.61,95.1,102.56,97.73,4.94,51073,5238046.76
2026-06-12,JKLAKSHMI,EQ,INE786A01032,JK LAKSHMI CEMENT LTD,586.7,594.8,585.2,588.85,583.6,0.9,160476,94496288.68
2026-06-12,JKPAPER,EQ,INE789E01012,JK PAPER LIMITED,349.0,354.45,349.0,353.35,346.2,2.07,160061,56557555.33
2026-06-12,JKTYRE,EQ,INE573A01042,JK TYRE & INDUSTRIES LTD,362.2,381.65,359.0,378.25,352.45,7.32,1686390,637877017.5
2026-06-12,JLHL,EQ,INE682M01020,JUPITER LIFE LINE HOSP L,264.8,267.4,260.62,263.14,262.8,0.13,48995,12892545.02
2026-06-12,JMA,EQ,INE412C01023,JULLUNDUR MOT AGENCY LTD,94.81,96.99,90.0,94.6,94.45,0.16,35909,3396991.35
2026-06-12,JMFINANCIL,EQ,INE780C01023,JM FINANCIAL LIMITED,116.5,122.0,116.17,120.63,115.69,4.27,4099737,494551263.05
2026-06-12,JNKINDIA,EQ,INE0OAF01028,JNK INDIA LIMITED,480.0,507.9,479.35,504.05,470.0,7.24,3001681,1512997271.41
2026-06-12,JOCIL,EQ,INE839G01010,JOCIL LIMITED,150.0,152.2,147.1,151.06,154.0,-1.91,2628,396985.67
2026-06-12,JPOLYINVST,EQ,INE147P01019,JIND POL INV & FIN CO LTD,1065.7,1087.0,1065.7,1076.6,1056.7,1.88,3346,3602303.52
2026-06-12,JPPOWER,EQ,INE351F01018,JAIPRAKASH POWER VEN. LTD,18.01,18.45,17.91,18.39,17.74,3.66,78141805,1437027746.26
2026-06-12,JSFB,EQ,INE953L01027,JANA SMALL FIN BANK LTD,463.0,483.25,463.0,479.75,462.8,3.66,766788,367866543.0
2026-06-12,JSL,EQ,INE220G01021,JINDAL STAINLESS LIMITED,685.0,698.0,678.0,694.55,679.35,2.24,528913,367356517.69
2026-06-12,JSLL,EQ,INE0J5801029,JEENA SIKHO LIFECARE LTD,606.0,617.7,590.5,612.2,593.7,3.12,662738,405728211.69
2026-06-12,JSWCEMENT,EQ,INE718I01012,JSW CEMENT LIMITED,125.51,128.0,125.4,127.37,124.64,2.19,9218491,1174159223.99
2026-06-12,JSWDULUX,EQ,INE133A01011,JSW DULUX LIMITED,3197.8,3270.0,3150.1,3168.4,3187.8,-0.61,46312,146734936.28
2026-06-12,JSWENERGY,EQ,INE121E01018,JSW ENERGY LIMITED,562.0,566.3,549.3,559.35,552.25,1.29,2727602,1525684112.11
2026-06-12,JSWHL,EQ,INE824G01012,JSW HOLDINGS LIMITED,12059.0,12322.0,11972.0,12256.0,12062.0,1.61,2125,26044000.0
2026-06-12,JSWINFRA,EQ,INE880J01026,JSW INFRASTRUCTURE LTD,278.8,294.6,278.8,291.0,275.45,5.65,4700920,1367967720.0
2026-06-12,JSWSTEEL,EQ,INE019A01038,JSW STEEL LIMITED,1298.0,1305.5,1285.1,1297.6,1282.3,1.19,1091577,1416430288.55
2026-06-12,JTEKTINDIA,EQ,INE643A01035,JTEKT INDIA LIMITED,121.65,125.69,121.65,125.35,120.77,3.79,139591,17497731.64
2026-06-12,JTLIND,EQ,INE391J01032,JTL INDUSTRIES LIMITED,72.99,75.5,71.02,74.99,71.32,5.15,5520684,413996081.37
2026-06-12,JUBLCPL,EQ,INE03CC01015,JUBILANT AGRI N CON PRO L,1837.9,1889.9,1835.0,1880.6,1825.6,3.01,3710,6977025.91
2026-06-12,JUBLFOOD,EQ,INE797F01020,JUBILANT FOODWORKS LTD,418.0,421.4,411.1,419.35,413.6,1.39,2325470,975185858.69
2026-06-12,JUBLINGREA,EQ,INE0BY001018,JUBILANT INGREVIA LIMITED,620.6,634.95,620.3,623.4,617.35,0.98,182807,113961888.26
2026-06-12,JUBLPHARMA,EQ,INE700A01033,JUBILANT PHARMOVA LTD,939.05,981.75,939.05,976.75,945.85,3.27,77225,75429518.75
2026-06-12,JUNIORBEES,EQ,INF732E01045,NIP IND ETF JUNIOR BEES,749.9,757.0,743.5,755.73,738.48,2.34,440665,333023751.84
2026-06-12,JUNIPER,EQ,INE696F01016,JUNIPER HOTELS LIMITED,196.79,199.0,192.5,195.25,192.93,1.2,202963,39628525.75
2026-06-12,JUSTDIAL,EQ,INE599M01018,JUSTDIAL LTD.,537.0,540.0,530.3,538.2,529.9,1.57,83456,44916020.22
2026-06-12,JWL,EQ,INE209L01016,JUPITER WAGONS LIMITED,268.0,277.0,267.1,275.6,264.4,4.24,740004,203945106.92
2026-06-12,JYOTHYLAB,EQ,INE668F01031,JYOTHY LABS LIMITED,201.5,202.68,199.17,200.96,199.99,0.49,512650,103022147.44
2026-06-12,JYOTICNC,EQ,INE980O01024,JYOTI CNC AUTOMATION LTD,644.0,687.9,639.45,681.7,632.9,7.71,2844588,1939155674.32
2026-06-12,JYOTISTRUC,EQ,INE197A01024,JYOTI STRUCTURES LTD,11.94,12.26,11.84,12.14,11.63,4.39,9530543,115700795.29
2026-06-12,KABRAEXTRU,EQ,INE900B01029,KABRA EXTRUSION TECHNIK L,229.8,238.35,229.8,237.26,227.91,4.1,14923,3540630.9
2026-06-12,KAJARIACER,EQ,INE217B01036,KAJARIA CERAMICS LTD,1089.2,1089.7,1071.6,1082.3,1077.0,0.49,77056,83397712.56
2026-06-12,KAKATCEM,EQ,INE437B01014,KAKATIYA CEM SUGAR &IND L,118.0,127.78,118.0,127.3,121.7,4.6,4588,584052.41
2026-06-12,KALAMANDIR,EQ,INE438K01021,SAI SILKS (KALAMANDIR) L,104.85,107.33,102.8,106.22,103.3,2.83,1621765,172263880.28
2026-06-12,KALPATARU,EQ,INE227J01012,KALPATARU LIMITED,315.0,315.95,311.0,314.15,310.3,1.24,19186,6027281.78
2026-06-12,KALYANKJIL,EQ,INE303R01014,KALYAN JEWELLERS IND LTD,338.0,345.75,335.0,344.75,330.8,4.22,7962150,2744951212.5
2026-06-12,KAMATHOTEL,EQ,INE967C01018,KAMAT HOTELS (I) LTD,160.7,164.99,160.1,163.47,158.15,3.36,42008,6867047.81
2026-06-12,KAMOPAINTS,EQ,INE0BTI01037,KAMDHENU VENTURES LIMITED,5.13,5.24,5.09,5.14,5.12,0.39,158208,813189.1
2026-06-12,KANANIIND,EQ,INE879E01037,KANANI INDUSTRIES LTD,1.55,1.58,1.52,1.56,1.55,0.65,101513,158360.27
2026-06-12,KANPRPLA,EQ,INE694E01014,KANPUR PLASTIPACK LIMITED,192.06,195.0,185.12,186.79,189.14,-1.24,20061,3747194.06
2026-06-12,KANSAINER,EQ,INE531A01024,KANSAI NEROLAC PAINTS LTD,220.5,220.5,213.6,216.5,216.04,0.21,246624,53394096.0
2026-06-12,KAPSTON,EQ,INE542Z01028,KAPSTON SERVICES LIMITED,334.15,345.5,334.15,339.2,334.45,1.42,5090,1726528.06
2026-06-12,KARMAENG,EQ,INE725L01011,KARMA ENERGY LIMITED,42.28,42.35,41.01,41.41,40.77,1.57,1661,68782.01
2026-06-12,KARURVYSYA,EQ,INE036D01028,KARUR VYSYA BANK LTD,280.0,289.9,277.75,288.95,275.85,4.75,5057293,1461304874.08
2026-06-12,KAYNES,EQ,INE918Z01012,KAYNES TECHNOLOGY IND LTD,3089.9,3104.9,3026.9,3076.9,3026.9,1.65,640605,1971077461.94
2026-06-12,KCP,EQ,INE805C01028,KCP LTD,162.0,168.0,162.0,166.39,160.67,3.56,154053,25632878.58
2026-06-12,KDDL,EQ,INE291D01011,KDDL LIMITED,2830.0,2885.7,2801.0,2869.3,2811.9,2.04,12887,36976669.73
2026-06-12,KEC,EQ,INE389H01022,KEC INTL. LIMITED,491.9,509.0,491.0,504.45,488.2,3.33,780879,393914421.08
2026-06-12,KECL,EQ,INE134B01017,KIRLOSKAR ELECTRIC CO LTD,100.0,100.0,98.0,100.0,99.5,0.5,28452,2845200.0
2026-06-12,KEEPLEARN,EQ,INE055C01020,DSJ KEEP LEARNING LTD,2.07,2.07,1.99,2.01,1.99,1.01,15719,31595.19
2026-06-12,KEI,EQ,INE878B01027,KEI INDUSTRIES LTD.,5234.0,5383.0,5211.5,5369.5,5181.5,3.63,225909,1213018375.5
2026-06-12,KELLTONTEC,EQ,INE164B01030,KELLTON TECH SOL LTD,15.18,15.35,15.0,15.25,15.01,1.6,1479985,22569771.25
2026-06-12,KENNAMET,EQ,INE717A01029,KENNAMETAL INDIA LIMITED,2755.0,2800.0,2733.8,2780.3,2754.6,0.93,9665,26871599.97
2026-06-12,KERNEX,EQ,INE202H01019,KERNEX MICROSYS(I) LTD,1933.4,2000.0,1920.6,1993.3,1893.7,5.26,310640,619198727.17
2026-06-12,KEYFINSERV,EQ,INE681C01015,KEYNOTE FIN SERV LTD.,249.3,258.15,245.05,248.35,248.15,0.08,2840,705314.02
2026-06-12,KFINTECH,EQ,INE138Y01010,KFIN TECHNOLOGIES LIMITED,816.8,828.35,808.0,826.7,805.6,2.62,693963,573699220.57
2026-06-12,KHAICHEM,EQ,INE745B01028,KHAITAN CHEM & FERT LTD,55.39,56.0,54.02,55.66,54.59,1.96,52884,2943523.43
2026-06-12,KHAITANLTD,EQ,INE731C01018,KHAITAN (INDIA)LTD.,131.7,134.0,131.7,132.6,132.52,0.06,2066,273951.61
2026-06-12,KHANDSE,EQ,INE060B01014,KHANDWALA SECURITIES LTD,18.6,18.98,17.55,18.22,18.01,1.17,1412,25726.64
2026-06-12,KICL,EQ,INE029L01018,KALYANI INVEST CO LTD,4987.5,5079.5,4937.0,5029.0,4979.5,0.99,1648,8287792.0
2026-06-12,KIMS,EQ,INE967H01025,KRISHNA INST OF MED SCI L,776.9,788.0,771.4,785.1,765.4,2.57,483256,379404273.8
2026-06-12,KINGFA,EQ,INE473D01015,KINGFA SCI & TEC IND LTD.,5138.5,5248.5,5062.5,5108.0,5071.0,0.73,2180,11135440.0
2026-06-12,KIOCL,EQ,INE880L01014,KIOCL LIMITED,393.0,403.8,390.35,398.65,386.4,3.17,229980,91681525.6
2026-06-12,KIRIINDUS,EQ,INE415I01015,KIRI INDUSTRIES LIMITED,394.9,401.95,394.2,400.45,392.2,2.1,141769,56771397.78
2026-06-12,KIRLFER,EQ,INE884B01025,KIRLOSKAR FERROUS IND LTD,420.0,434.0,412.0,427.55,413.85,3.31,171062,73137556.01
2026-06-12,KIRLOSBROS,EQ,INE732A01036,KIRLOSKAR BROTHERS LTD,1682.4,1735.1,1682.4,1729.4,1664.1,3.92,73744,127532875.4
2026-06-12,KIRLOSENG,EQ,INE146L01010,KIRLOSKAR OIL ENG LTD,1809.0,1905.0,1809.0,1890.5,1797.9,5.15,238134,450192327.0
2026-06-12,KIRLOSIND,EQ,INE250A01039,KIRLOSKAR INDUSTRIES LTD,3084.5,3150.9,3084.5,3129.3,3056.4,2.39,1925,6023902.59
2026-06-12,KIRLPNU,EQ,INE811A01038,KIRLOSKAR PNEUMATIC COM L,794.95,806.7,782.8,803.0,787.45,1.97,301292,241937476.0
2026-06-12,KISSHT,EQ,INE12F801023,ONEMI TECHNOLOGY SOL LTD,263.95,274.85,261.15,270.55,259.7,4.18,1997112,540318627.22
2026-06-12,KITEX,EQ,INE602G01020,KITEX GARMENTS LTD,144.99,145.57,141.7,145.02,142.5,1.77,1378472,199906015.33
2026-06-12,KKCL,EQ,INE401H01017,KEWAL KIRAN CLOTHING LTD,439.2,439.2,429.55,434.2,430.1,0.95,20413,8863324.85
2026-06-12,KMEW,EQ,INE0CJD01029,KNOWLEDGE MARINE & EN W L,1886.8,1930.0,1856.5,1922.6,1867.7,2.94,60945,117172855.51
2026-06-12,KMSUGAR,EQ,INE157H01023,K M SUGAR MILLS LTD,26.93,26.93,26.41,26.69,26.38,1.18,43065,1149404.87
2026-06-12,KNAGRI,EQ,INE0KNW01016,KN AGRI RESOURCES LIMITED,194.0,208.0,193.4,203.98,191.78,6.36,27744,5659221.0
2026-06-12,KNRCON,EQ,INE634I01029,KNR CONSTRU LTD.,118.69,125.99,118.69,125.17,117.85,6.21,2003877,250825280.42
2026-06-12,KOHINOOR,EQ,INE080B01012,KOHINOOR FOODS LIMITED,23.95,24.75,23.69,24.34,23.55,3.35,158591,3860104.96
2026-06-12,KOKUYOCMLN,EQ,INE760A01029,KOKUYO CAMLIN LIMITED,83.05,84.99,82.65,84.51,82.51,2.42,26451,2235374.07
2026-06-12,KOLTEPATIL,EQ,INE094I01018,KOLTE PATIL DEV. LTD.,347.65,357.4,345.5,351.1,345.1,1.74,104174,36575492.04
2026-06-12,KOPRAN,EQ,INE082A01010,KOPRAN LTD,177.89,183.0,177.0,181.64,177.8,2.16,59652,10835189.24
2026-06-12,KOTAKBANK,EQ,INE237A01036,KOTAK MAHINDRA BANK LTD,397.75,404.5,394.95,403.3,393.35,2.53,17227481,6947842877.0
2026-06-12,KOTHARIPET,EQ,INE720A01015,KOTHARI PETROCHEM LTD,116.06,118.97,115.15,118.54,116.06,2.14,53741,6370458.19
2026-06-12,KOTHARIPRO,EQ,INE823A01017,KOTHARI PRODUCTS LTD,70.8,70.85,67.86,69.27,68.5,1.12,12107,838651.85
2026-06-12,KOVAI,EQ,INE177F01017,KOVAI MEDICAL CENTER & HO,5795.0,5850.0,5712.0,5811.0,5794.5,0.28,2484,14434524.0
2026-06-12,KPEL,EQ,INE127T01021,K.P. ENERGY LIMITED,330.9,346.4,330.9,344.2,327.9,4.97,180235,62036889.2
2026-06-12,KPIGREEN,EQ,INE542W01025,KPI GREEN ENERGY LIMITED,386.1,404.0,386.1,401.4,381.7,5.16,590654,237088511.99
2026-06-12,KPIL,EQ,INE220B01022,KALPATARU PROJECT INT LTD,1254.2,1310.0,1254.2,1301.6,1252.6,3.91,138153,179819941.43
2026-06-12,KPITTECH,EQ,INE04I401011,KPIT TECHNOLOGIES LIMITED,742.1,752.0,736.3,749.0,736.9,1.64,675160,505694840.0
2026-06-12,KPRMILL,EQ,INE930H01031,KPR MILL LTD.,1056.9,1083.2,1056.6,1065.8,1054.7,1.05,412636,439787468.95
2026-06-12,KRBL,EQ,INE001B01026,KRBL LIMITED,347.45,368.5,347.45,366.8,345.4,6.2,1009787,370389859.27
2026-06-12,KREBSBIO,EQ,INE268B01013,KREBS BIOCHEMICALS & IND,64.01,67.89,64.01,65.23,63.48,2.76,9440,615771.23
2026-06-12,KRIDHANINF,EQ,INE524L01026,KRIDHAN INFRA LIMITED,2.95,2.95,2.79,2.85,2.85,0.0,29038,82758.3
2026-06-12,KRISHANA,EQ,INE506W01020,KRISHANA PHOSCHEM LIMITED,135.65,136.5,133.36,134.72,133.33,1.04,711410,95841156.07
2026-06-12,KRISHIVAL,EQ,INE0GGO01015,KRISHIVAL FOODS LIMITED,406.0,407.0,403.55,404.55,405.0,-0.11,8357,3380824.25
2026-06-12,KRISHNADEF,EQ,INE0J5601015,KRISHNA DEF AND ALD IND L,1185.0,1238.3,1184.5,1210.5,1164.7,3.93,136289,164977834.5
2026-06-12,KRITI,EQ,INE479D01038,KRITI INDUSTRIES IND LTD,72.8,73.2,68.0,72.6,70.0,3.71,11989,870401.38
2026-06-12,KRITIKA,EQ,INE00Z501029,KRITIKA WIRES LIMITED,6.0,6.07,5.93,6.0,5.95,0.84,81952,491712.0
2026-06-12,KRITINUT,EQ,INE798K01010,KRITI NUTRIENTS LIMITED,81.5,85.3,80.36,83.51,81.5,2.47,12791,1068176.44
2026-06-12,KRN,EQ,INE0Q3J01015,KRN HEAT EXCHANGE N REF L,1234.0,1261.2,1202.9,1261.2,1201.2,5.0,150786,190171295.84
2026-06-12,KROSS,EQ,INE0O6601022,KROSS LIMITED,179.05,184.09,179.05,182.49,176.55,3.36,230136,41997519.9
2026-06-12,KRSNAA,EQ,INE08LI01020,KRSNAA DIAGNOSTICS LTD,535.0,544.95,532.35,534.3,533.1,0.23,112078,59883274.03
2026-06-12,KRYSTAL,EQ,INE0QN801017,KRYSTAL INTEGRATED SER L,584.0,587.0,575.15,576.6,575.4,0.21,11178,6445234.53
2026-06-12,KSB,EQ,INE999A01023,KSB LIMITED,813.1,844.8,810.4,834.8,807.3,3.41,233451,194884891.95
2026-06-12,KSCL,EQ,INE455I01029,KAVERI SEED CO. LTD.,890.0,890.0,875.15,878.85,870.1,1.01,34995,30755354.9
2026-06-12,KSHINTL,EQ,INE987S01020,KSH INTERNATIONAL LIMITED,837.55,855.0,812.0,819.95,818.35,0.2,495836,406560734.25
2026-06-12,KSHITIJPOL,EQ,INE013801027,KSHITIJ POLYLINE LIMITED,6.84,6.84,6.84,6.84,7.19,-4.87,1295033,8858025.92
2026-06-12,KSL,EQ,INE907A01026,KALYANI STEELS LIMITED,791.0,822.65,780.2,807.5,780.2,3.5,25701,20753557.5
2026-06-12,KSOLVES,EQ,INE0D6I01023,KSOLVES INDIA LIMITED,280.05,289.0,280.05,284.85,278.6,2.24,38626,11002616.34
2026-06-12,KTKBANK,EQ,INE614B01018,KARNATAKA BANK LIMITED,267.75,277.5,267.6,275.7,265.05,4.02,3073840,847457725.52
2026-06-12,KUANTUM,EQ,INE529I01021,KUANTUM PAPERS LIMITED,73.35,75.0,73.16,74.78,73.23,2.12,25592,1913769.73
2026-06-12,KWIL,EQ,INE2KCE01013,KWALITY WALL'S (INDIA) L,35.5,37.4,35.0,36.9,34.86,5.85,37785450,1394283162.66
2026-06-12,LAGNAM,EQ,INE548Z01017,LAGNAM SPINTEX LIMITED,81.7,81.7,77.56,79.99,79.5,0.62,2388,191016.11
2026-06-12,LAL,EQ,INE740X01023,LORENZINI APPARELS LTD,7.49,7.49,6.81,7.34,7.21,1.8,28108,206312.72
2026-06-12,LALPATHLAB,EQ,INE600L01024,DR. LAL PATH LABS LTD.,1607.6,1634.0,1585.9,1601.5,1593.5,0.5,192359,308062938.5
2026-06-12,LAMBODHARA,EQ,INE112F01022,LAMBODHARA TEXTILES LTD.,104.0,104.6,102.21,103.12,102.3,0.8,6450,665124.02
2026-06-12,LANDMARK,EQ,INE559R01029,LANDMARK CARS LIMITED,429.0,429.0,414.9,422.95,419.65,0.79,69786,29515989.55
2026-06-12,LANDSMILL,EQ,INE688J01023,LANDSMILL GREEN LIMITED,0.86,0.88,0.85,0.86,0.86,0.0,2031310,1746926.63
2026-06-12,LAOPALA,EQ,INE059D01020,LA OPALA RG LIMITED,175.0,177.59,173.03,175.82,174.84,0.56,86307,15174497.37
2026-06-12,LATENTVIEW,EQ,INE0I7C01011,LATENT VIEW ANALYTICS LTD,290.0,303.5,287.5,301.25,286.0,5.33,721769,217432911.25
2026-06-12,LATTEYS,EQ,INE262Z01023,LATTEYS INDUSTRIES LTD,21.87,22.78,21.51,22.29,21.89,1.83,17218,383789.24
2026-06-12,LAURUSLABS,EQ,INE947Q01028,LAURUS LABS LIMITED,1408.0,1410.0,1373.8,1394.3,1390.8,0.25,1207798,1684032810.37
2026-06-12,LAXMICOT,EQ,INE801V01019,LAXMI COTSPIN LIMITED,14.01,15.1,14.01,14.35,14.55,-1.37,2686,38544.1
2026-06-12,LAXMIDENTL,EQ,INE0WO601020,LAXMI DENTAL LIMITED,215.0,242.5,215.0,226.74,213.53,6.19,2059231,466910048.25
2026-06-12,LAXMIINDIA,EQ,INE06WU01026,LAXMI INDIA FINANCE LTD,100.5,104.82,99.85,104.65,99.83,4.83,46022,4816202.37
2026-06-12,LCCINFOTEC,EQ,INE938A01021,LCC INFOTECH LTD,4.65,4.84,4.47,4.47,4.7,-4.89,107719,481503.91
2026-06-12,LEMERITE,EQ,INE0G1L01025,LE MERITE EXPORTS LIMITED,25.74,26.16,23.68,26.07,24.92,4.61,7071542,184355097.78
2026-06-12,LEMONTREE,EQ,INE970X01018,LEMON TREE HOTELS LTD,104.29,108.06,104.29,107.23,103.68,3.42,4672055,500984473.33
2026-06-12,LENSKART,EQ,INE956O01016,LENSKART SOLUTIONS LTD,507.95,507.95,493.5,494.1,502.25,-1.62,3668359,1812536204.29
2026-06-12,LEXUS,EQ,INE500X01013,LEXUS GRANITO (INDIA) LTD,15.6,15.6,14.53,15.2,14.61,4.04,16922,257214.4
2026-06-12,LFIC,EQ,INE850E01012,LAKSHMI FIN IND CORP LTD,140.84,155.88,137.61,149.51,140.84,6.16,5129,766836.76
2026-06-12,LGBBROSLTD,EQ,INE337A01034,LG BALAKRISHNAN & BROS,1482.6,1537.9,1475.0,1524.4,1475.3,3.33,27598,42070391.87
2026-06-12,LGEINDIA,EQ,INE324D01010,LG ELECTRONICS INDIA LTD,1525.0,1539.0,1498.9,1511.2,1520.9,-0.64,434305,656321694.79
2026-06-12,LGHL,EQ,INE258Y01016,LAXMI GOLDORNA HOUSE LTD,226.06,228.53,225.0,226.62,224.85,0.79,18970,4298981.31
2026-06-12,LIBAS,EQ,INE908V01012,LIBAS CONSU PRODUCTS LTD,12.27,12.3,11.89,11.98,11.92,0.5,12453,149186.93
2026-06-12,LIBERTSHOE,EQ,INE557B01019,LIBERTY SHOES LTD,234.21,239.99,234.21,238.82,232.83,2.57,7227,1725952.19
2026-06-12,LICHSGFIN,EQ,INE115A01026,LIC HOUSING FINANCE LTD,543.65,561.25,542.05,559.5,535.9,4.4,2541823,1422149968.5
2026-06-12,LICI,EQ,INE0J1Y01017,LIFE INSURA CORP OF INDIA,396.1,399.8,393.15,399.35,393.2,1.56,2044734,816564535.38
2026-06-12,LICMFGOLD,EQ,INF767K01SM1,LIC MF - LIC GOLD ETF,132.75,133.2,131.8,132.9,129.5,2.63,62259,8274220.72
2026-06-12,LICNETFGSC,EQ,INF767K01MV5,LICNAMC - LICNMFET,28.95,29.09,28.95,29.0,28.91,0.31,145254,4212366.0
2026-06-12,LICNETFN50,EQ,INF767K01OS7,LICNAMC - LICNFENGP,262.21,264.0,260.41,264.0,258.73,2.04,232,61248.0
2026-06-12,LICNETFSEN,EQ,INF767K01OT5,LICNAMC - LICNFESGP,836.83,847.18,835.67,847.11,828.54,2.24,58,49132.38
2026-06-12,LICNFNHGP,EQ,INF767K01PC8,LICNAMC - LICNFNHGP,265.13,269.14,264.99,269.14,262.37,2.58,96,25837.44
2026-06-12,LICNMID100,EQ,INF767K01RN1,LICNAMC - LICNMID100,60.5,60.91,59.78,60.91,59.68,2.06,3290,200393.9
2026-06-12,LIKHITHA,EQ,INE060901027,LIKHITHA INFRASTRUC LTD,232.8,233.53,230.01,231.57,227.53,1.78,51489,11923308.11
2026-06-12,LINC,EQ,INE802B01027,LINC LIMITED,98.7,100.1,97.55,98.32,98.6,-0.28,19093,1877223.75
2026-06-12,LINCOLN,EQ,INE405C01035,LINCOLN PHARMA LTD,639.8,643.05,631.0,636.1,629.65,1.02,45653,29039872.19
2026-06-12,LINDEINDIA,EQ,INE473A01011,LINDE INDIA LIMITED,6739.5,6949.5,6739.5,6916.0,6716.0,2.98,25471,176157436.0
2026-06-12,LIQUID,EQ,INF769K01KS1,MIRAEAMC - LIQUID,999.99,1000.0,999.99,999.99,999.99,0.0,424399,424394751.87
2026-06-12,LIQUID1,EQ,INF174KA1LV5,KOTAKMAMC - KOTAKLIQ,1106.61,1109.9,1106.61,1108.8,1108.35,0.04,961992,1066656776.57
2026-06-12,LIQUIDADD,EQ,INF740KA1UM0,DSPAMC - LIQUIDADD,1130.96,1130.98,1130.96,1130.96,1130.51,0.04,480306,543206855.0
2026-06-12,LIQUIDBEES,EQ,INF732E01037,NIP IND ETF LIQUID BEES,1000.0,1000.01,999.99,999.99,1000.0,-0.0,2538926,2538900585.95
2026-06-12,LIQUIDBETF,EQ,INF0QA701854,BFAM - LIQUIDBETF,1085.79,1085.79,1085.77,1085.78,1085.34,0.04,164355,178453376.72
2026-06-12,LIQUIDCASE,EQ,INF0R8F01034,ZERODHAAMC - LIQUIDCASE,114.53,114.53,114.51,114.51,114.48,0.03,17322541,1983604206.91
2026-06-12,LIQUIDETF,EQ,INF740KA1EU7,DSP LIQUID ETF,1000.0,1000.01,999.99,1000.0,1000.0,0.0,121221,121221000.0
2026-06-12,LIQUIDIETF,EQ,INF109KC1KT9,ICICIPRAMC - ICICILIQ,999.99,1000.01,998.4,999.96,999.99,-0.0,175503,175495983.74
2026-06-12,LIQUIDPLUS,EQ,INF769K01MY5,MIRAEAMC - LIQUIDPLUS,1089.73,1089.75,1089.73,1089.73,1089.31,0.04,256146,279129975.58
2026-06-12,LIQUIDSBI,EQ,INF200KA13Z8,SBIAMC - LIQUIDSBI,999.99,1000.01,999.99,1000.0,999.99,0.0,1942,1942000.0
2026-06-12,LIQUIDSHRI,EQ,INF680P01422,SHRIRAM - LIQUIDSHRI,1108.55,1108.57,1108.55,1108.56,1108.14,0.04,7915,8774252.86
2026-06-12,LLOYDSENGG,EQ,INE093R01011,LLOYDS ENGG WORK LIMITED,68.39,71.2,68.2,70.94,66.73,6.31,7051380,500224914.42
2026-06-12,LLOYDSENT,EQ,INE080I01025,LLOYDS ENTERPRISES LTD,65.5,67.44,64.87,66.93,64.46,3.83,2765293,185081061.33
2026-06-12,LLOYDSME,EQ,INE281B01032,LLOYDS METALS N ENERGY L,1715.4,1774.3,1705.4,1761.9,1674.2,5.24,573860,1011083948.01
2026-06-12,LMW,EQ,INE269B01029,LMW LIMITED,15680.0,15869.0,15630.0,15759.0,15582.0,1.14,1227,19336293.0
2026-06-12,LODHA,EQ,INE670K01029,LODHA DEVELOPERS LIMITED,885.05,901.0,875.6,899.3,868.05,3.6,1782006,1602557974.05
2026-06-12,LOKESHMACH,EQ,INE397H01017,LOKESH MACHINES LTD,256.0,266.9,256.0,265.6,256.0,3.75,27225,7230960.17
2026-06-12,LORDSCHLO,EQ,INE846D01012,LORDS CHLORO ALKALI LTD,137.88,137.88,131.26,132.83,133.87,-0.78,7429,986794.08
2026-06-12,LOTUSEYE,EQ,INE947I01017,LOTUS EYE HOSP & INST L,137.0,138.9,129.0,135.1,134.23,0.65,118265,15977602.22
2026-06-12,LOVABLE,EQ,INE597L01014,LOVABLE LINGERIE LTD,71.0,71.0,70.0,70.49,69.54,1.37,4199,295987.5
2026-06-12,LOWVOL,EQ,INF769K01JU9,MIRAEAMC - MANV30F,198.06,199.08,198.06,199.08,196.85,1.13,302,60122.16
2026-06-12,LOWVOL1,EQ,INF174KA1IY5,KOTAKMAMC - KOTAKLOVOL,20.37,20.44,20.25,20.4,20.12,1.39,615702,12560320.57
2026-06-12,LOWVOLIETF,EQ,INF109KC19U5,ICICI PR NIF LW VL 30 ETF,21.57,21.57,21.25,21.45,21.17,1.32,1258282,26990149.86
2026-06-12,LOYALTEX,EQ,INE970D01010,LOYAL TEXTILE MILLS LTD,204.0,204.0,204.0,204.0,204.0,0.0,10,2040.0
2026-06-12,LPDC,EQ,INE197J01017,LANDMARK PR.DEV.CO.LTD,6.55,6.74,6.41,6.61,6.42,2.96,10299,68076.39
2026-06-12,LT,EQ,INE018A01030,LARSEN & TOUBRO LTD.,3930.0,4059.8,3921.0,4049.3,3862.0,4.85,3065790,12414303596.7
2026-06-12,LTF,EQ,INE498L01015,L&T FINANCE LIMITED,263.0,277.0,262.95,275.95,256.9,7.42,7369154,2033518136.26
2026-06-12,LTFOODS,EQ,INE818H01020,LT FOODS LIMITED,375.5,382.5,371.0,380.9,374.15,1.8,584802,222751078.23
2026-06-12,LTGILTBEES,EQ,INF204KB1882,NIP IND ETF LONGTERM GILT,29.64,29.64,29.46,29.55,29.42,0.44,1027445,30360998.97
2026-06-12,LTM,EQ,INE214T01019,LTM LIMITED,3855.0,3888.0,3803.7,3844.7,3824.9,0.52,361579,1390162763.64
2026-06-12,LTTS,EQ,INE010V01017,L&T TECHNOLOGY SER. LTD.,3318.0,3365.0,3287.6,3351.1,3291.1,1.82,57940,194162739.66
2026-06-12,LUMAXIND,EQ,INE162B01018,LUMAX INDUSTRIES LTD,5122.0,5337.5,5122.0,5311.5,5121.0,3.72,9824,52180176.0
2026-06-12,LUMAXTECH,EQ,INE872H01027,LUMAX AUTO TECH LTD,1636.0,1679.0,1614.2,1634.0,1603.5,1.9,113803,185954102.0
2026-06-12,LUPIN,EQ,INE326A01037,LUPIN LIMITED,2282.0,2297.1,2269.5,2293.3,2273.3,0.88,613853,1407749114.87
2026-06-12,LUXIND,EQ,INE150G01020,LUX INDUSTRIES LIMITED,1279.0,1298.0,1256.1,1266.5,1259.4,0.56,75155,95183807.5
2026-06-12,LXCHEM,EQ,INE576O01020,LAXMI ORGANIC INDUS LTD,150.05,154.33,150.05,153.88,147.78,4.13,462014,71094716.58
2026-06-12,M&M,EQ,INE101A01026,MAHINDRA & MAHINDRA LTD,3025.1,3050.0,2982.6,3042.9,3000.9,1.4,3557496,10825104230.99
2026-06-12,M&MFIN,EQ,INE774D01024,M&M FIN. SERVICES LTD,280.0,291.9,278.35,291.05,275.7,5.57,2253867,655987962.84
2026-06-12,MAANALU,EQ,INE215I01027,MAAN ALUMINIUM LIMITED,121.1,125.0,121.1,124.23,121.27,2.44,73688,9154260.49
2026-06-12,MACPOWER,EQ,INE155Z01011,MACPOWER CNC MACHINES LTD,988.25,1003.6,963.15,995.15,963.15,3.32,12579,12517992.16
2026-06-12,MADHAV,EQ,INE925C01016,MADHAV MARBLE & GRANITE,37.37,38.0,36.36,37.78,37.37,1.1,1140,43069.2
2026-06-12,MADRASFERT,EQ,INE414A01015,MADRAS FERTILISERS LTD,67.51,68.78,67.47,68.37,66.87,2.24,70810,4841279.89
2026-06-12,MAFANG,EQ,INF769K01HF4,MIRAEAMC - MAFANG,185.96,185.96,185.96,185.96,191.72,-3.0,129669,24113248.11
2026-06-12,MAFATIND,EQ,INE270B01035,MAFATLAL INDUSTRIES LTD.,126.92,128.77,125.7,125.99,125.5,0.39,31151,3924714.42
2026-06-12,MAGADSUGAR,EQ,INE347W01011,MAGADH SUGAR & ENERGY LTD,459.75,461.45,441.9,449.0,450.95,-0.43,8503,3817847.0
2026-06-12,MAGNUM,EQ,INE387I01016,MAGNUM VENTURES LTD.,21.0,21.0,19.51,19.75,19.55,1.02,5183,102364.25
2026-06-12,MAHABANK,EQ,INE457A01014,BANK OF MAHARASHTRA,84.4,87.62,83.67,87.3,83.08,5.08,36284743,3167658174.63
2026-06-12,MAHAPEXLTD,EQ,INE843B01013,MAHA RASHTRA APEX COPR. L,47.16,49.5,46.7,48.46,47.66,1.68,11070,536452.19
2026-06-12,MAHEPC,EQ,INE215D01010,MAHINDRA EPC IRRIG LTD,108.34,109.9,104.81,109.56,105.91,3.45,72455,7938169.62
2026-06-12,MAHESHWARI,EQ,INE263W01010,MAHESHWARI LOGISTICS LTD.,68.2,72.0,68.0,69.51,70.28,-1.1,19481,1354124.35
2026-06-12,MAHKTECH,EQ,INF769K01HS7,MIRAEAMC - MAHKTECH,23.11,23.11,23.11,23.11,23.34,-0.99,112577,2601654.54
2026-06-12,MAHLIFE,EQ,INE813A01018,MAHINDRA LIFESPACE DEVLTD,323.0,329.45,321.15,328.45,318.95,2.98,48106,15800416.29
2026-06-12,MAHLOG,EQ,INE766P01016,MAHINDRA LOGISTIC LIMITED,337.0,342.4,333.55,337.7,332.1,1.69,140488,47442799.31
2026-06-12,MAHSCOOTER,EQ,INE288A01013,MAHARASHTRA SCOOTERS LTD,12200.0,12400.0,12138.0,12335.0,12047.0,2.39,12129,149611215.0
2026-06-12,MAHSEAMLES,EQ,INE271B01025,MAHARASHTRA SEAMLESS LTD,588.0,620.0,588.0,617.1,594.65,3.78,80492,49671611.23
2026-06-12,MAITHANALL,EQ,INE683C01011,MAITHAN ALLOYS LTD,961.0,1022.0,961.0,1014.5,949.8,6.81,123948,125745246.0
2026-06-12,MAKEINDIA,EQ,INF769K01IB1,MIRAEAMC - MAMFGETF,160.37,160.37,157.05,159.12,156.46,1.7,29240,4652668.66
2026-06-12,MALLCOM,EQ,INE389C01015,MALLCOM (INDIA) LIMITED,959.55,1029.0,959.55,1022.05,960.9,6.36,4482,4580828.05
2026-06-12,MALUPAPER,EQ,INE383H01017,MALU PAPER MILLS LIMITED,31.7,33.1,31.7,32.12,30.95,3.78,8158,262034.95
2026-06-12,MAMATA,EQ,INE0TO701015,MAMATA MACHINERY LIMITED,349.5,362.85,349.5,361.05,346.0,4.35,43666,15765608.77
2026-06-12,MANAKALUCO,EQ,INE859Q01017,MANAK ALUMINIUM CO. LTD.,39.4,40.95,39.16,39.59,38.6,2.56,123818,4901954.64
2026-06-12,MANAKCOAT,EQ,INE830Q01018,MAN COAT METAL & IND LTD,105.53,109.1,103.75,107.87,103.61,4.11,301798,32554951.09
2026-06-12,MANAKSIA,EQ,INE015D01022,MANAKSIA LTD.,57.04,58.9,57.04,57.34,56.93,0.72,6846,392549.64
2026-06-12,MANALIPETC,EQ,INE201A01024,MANALI PETROCHEMICALS LT,59.75,68.6,59.75,65.2,59.22,10.1,9295357,606057248.03
2026-06-12,MANAPPURAM,EQ,INE522D01027,MANAPPURAM FINANCE LTD,299.25,305.9,297.2,305.2,292.05,4.5,2267599,692071242.48
2026-06-12,MANBA,EQ,INE939X01013,MANBA FINANCE LIMITED,121.0,126.0,121.0,124.75,119.33,4.54,280274,34964181.5
2026-06-12,MANCREDIT,EQ,INE545L01039,MANGAL CREDIT N FINCORP L,219.9,223.77,217.45,222.07,214.85,3.36,542033,120369272.28
2026-06-12,MANGALAM,EQ,INE584F01014,MANGALAM DRUG & CHEM LTD,28.79,29.0,27.76,28.18,27.91,0.97,19296,543761.29
2026-06-12,MANGLMCEM,EQ,INE347A01017,MANGALAM CEMENT LTD,839.5,850.0,833.0,843.4,834.45,1.07,34896,29431287.25
2026-06-12,MANINDS,EQ,INE993A01026,MAN INDUSTRIES (I) LTD.,515.95,547.45,515.95,545.95,509.05,7.25,605722,330693933.29
2026-06-12,MANINFRA,EQ,INE949H01023,MAN INFRA LTD,111.7,112.81,110.01,110.98,110.18,0.73,1699848,188649136.75
2026-06-12,MANKIND,EQ,INE634S01028,MANKIND PHARMA LIMITED,2419.0,2419.0,2368.1,2381.1,2372.7,0.35,286099,681230356.84
2026-06-12,MANOMAY,EQ,INE784W01015,MANOMAY TEX INDIA LTD,189.17,195.0,188.82,193.36,192.38,0.51,6701,1295705.36
2026-06-12,MANORAMA,EQ,INE00VM01036,MANORAMA INDUSTRIES LTD,1551.1,1585.6,1547.5,1564.4,1534.2,1.97,135943,212669232.52
2026-06-12,MANORG,EQ,INE370D01013,MANGALAM ORGANICS LIMITED,452.95,470.5,450.0,470.5,448.1,5.0,5401,2541170.5
2026-06-12,MANUGRAPH,EQ,INE867A01022,MANUGRAPH INDIA LIMITED,16.9,16.9,15.42,15.42,16.23,-4.99,28602,441042.84
2026-06-12,MANYAVAR,EQ,INE825V01034,VEDANT FASHIONS LIMITED,402.45,409.0,398.4,407.4,396.55,2.74,95606,38949883.82
2026-06-12,MAPMYINDIA,EQ,INE0BV301023,C.E. INFO SYSTEMS LIMITED,855.0,863.2,836.05,842.2,842.65,-0.05,286027,240891942.89
2026-06-12,MARALOVER,EQ,INE882A01013,MARAL OVERSEAS LTD,57.5,57.5,55.25,56.0,54.85,2.1,2661,149016.0
2026-06-12,MARATHON,EQ,INE182D01020,MARATHON NXTGEN REALT LTD,395.3,408.9,388.65,402.85,388.3,3.75,54989,22152318.99
2026-06-12,MARICO,EQ,INE196A01026,MARICO LIMITED,815.15,821.85,808.5,819.05,810.8,1.02,1184514,970176177.24
2026-06-12,MARINE,EQ,INE01JE01028,MARINE ELECTRICAL (I) LTD,234.9,245.65,234.9,244.05,232.8,4.83,384447,93824291.52
2026-06-12,MARKOLINES,EQ,INE0FW001016,MARKOLINES PAVEMENT TEC L,165.01,169.7,164.63,166.24,164.52,1.05,676005,112379074.91
2026-06-12,MARKSANS,EQ,INE750C01026,MARKSANS PHARMA LIMITED,253.0,260.0,248.21,252.37,249.83,1.02,2543587,641925038.77
2026-06-12,MARSONS,EQ,INE415B01044,MARSONS LIMITED,113.5,123.89,113.5,117.46,111.09,5.73,6018544,706938172.73
2026-06-12,MARUTI,EQ,INE585B01010,MARUTI SUZUKI INDIA LTD.,13232.0,13418.0,13130.0,13366.0,13098.0,2.05,559038,7472101908.0
2026-06-12,MASFIN,EQ,INE348L01012,MAS FINANCIAL SERV LTD,293.1,302.7,290.4,300.4,291.2,3.16,133679,40157170.78
2026-06-12,MASKINVEST,EQ,INE885F01015,MASK INVESTMENTS LIMITED,148.0,148.0,145.1,145.1,148.0,-1.96,11,1596.1
2026-06-12,MASPTOP50,EQ,INF769K01HP3,MIRAEAMC - MASPTOP50,77.61,77.61,77.61,77.61,79.21,-2.02,44406,3446349.69
2026-06-12,MASTEK,EQ,INE759A01021,MASTEK LTD,1591.0,1608.0,1560.9,1577.4,1574.5,0.18,28401,44799738.09
2026-06-12,MASTERTR,EQ,INE677D01037,MASTER TRUST LIMITED,76.51,79.67,74.6,78.23,75.18,4.06,2349378,183791848.83
2026-06-12,MATRIMONY,EQ,INE866R01028,MATRIMONY.COM LIMITED,394.95,400.55,388.1,390.0,387.1,0.75,50657,19756230.0
2026-06-12,MAWANASUG,EQ,INE636A01039,MAWANA SUGARS LIMITED,103.9,104.78,101.05,104.23,101.1,3.1,63896,6659880.29
2026-06-12,MAXESTATES,EQ,INE03EI01018,MAX ESTATES LIMITED,430.05,439.05,425.05,431.75,429.3,0.57,30702,13255588.5
2026-06-12,MAXHEALTH,EQ,INE027H01010,MAX HEALTHCARE INS LTD,1018.0,1018.0,1008.3,1012.45,1009.6,0.28,760456,769923686.48
2026-06-12,MAXIND,EQ,INE0CG601016,MAX INDIA LIMITED,156.9,160.49,156.8,158.44,154.37,2.64,21189,3357185.21
2026-06-12,MAYURUNIQ,EQ,INE040D01038,MAYUR UNIQUOTERS LTD,807.4,810.05,788.0,793.2,793.1,0.01,150911,119702607.04
2026-06-12,MAZDOCK,EQ,INE249Z01020,MAZAGON DOCK SHIPBUIL LTD,2380.0,2418.0,2366.0,2410.1,2347.5,2.67,555965,1339931300.79
2026-06-12,MBAPL,EQ,INE900L01028,MADHYA BHARAT AGRO P. LTD,113.0,114.6,111.6,112.66,111.9,0.68,1121990,126403397.51
2026-06-12,MBEL,EQ,INE08N601015,M AND B ENGINEERING LTD,284.95,291.65,280.6,287.05,283.3,1.32,134078,38487088.26
2026-06-12,MBLINFRA,EQ,INE912H01013,MBL INFRASTRUCTURE LTD,26.64,27.29,25.56,26.55,26.64,-0.34,18453,489927.14
2026-06-12,MCL,EQ,INE813V01022,M TEK COPPER LIMITED,55.8,59.7,55.8,58.72,54.74,7.27,66809,3923024.56
2026-06-12,MCLEODRUSS,EQ,INE942G01012,MCLEOD RUSSEL INDIA LTD.,64.12,64.12,64.12,64.12,65.42,-1.99,198727,12742375.79
2026-06-12,MCLOUD,EQ,INE613C01026,MAGELLANIC CLOUD LIMITED,22.89,22.99,21.85,22.22,22.39,-0.76,4459260,99084754.14
2026-06-12,MCX,EQ,INE745G01043,MULTI COMMODITY EXCHANGE,2822.0,2858.0,2781.2,2853.0,2778.8,2.67,1876623,5354005419.0
2026-06-12,MEDANTA,EQ,INE474Q01031,GLOBAL HEALTH LIMITED,1241.0,1244.7,1216.1,1235.1,1229.1,0.49,247598,305808283.76
2026-06-12,MEDIASSIST,EQ,INE456Z01021,MEDI ASSIST HEALTH SER L,353.95,386.95,350.9,373.0,346.9,7.52,572612,213584276.0
2026-06-12,MEDICO,EQ,INE630Y01024,MEDICO REMEDIES LIMITED,42.38,43.0,41.08,42.77,41.47,3.13,219472,9386817.54
2026-06-12,MEDPLUS,EQ,INE804L01022,MEDPLUS HEALTH SERV LTD,887.0,889.0,863.0,881.95,875.85,0.7,837645,738761017.98
2026-06-12,MEESHO,EQ,INE0VDM01015,MEESHO LIMITED,170.14,170.39,165.52,166.92,168.34,-0.84,11699294,1952846133.06
2026-06-12,MEGASTAR,EQ,INE00EM01016,MEGASTAR FOODS LIMITED,314.1,328.5,300.15,321.75,306.45,4.99,62821,20212656.75
2026-06-12,MEIL,EQ,INE0PKD01011,MANGAL ELECTRICAL IND L,303.5,315.0,303.5,312.2,301.6,3.51,25455,7947051.31
2026-06-12,MERCURYEV,EQ,INE763M01028,MERCURY EV-TECH LIMITED,30.77,30.77,30.77,30.77,31.39,-1.98,16398,504566.47
2026-06-12,METAL,EQ,INF769K01LY7,MIRAEAMC - METAL,12.8,13.12,12.8,12.93,12.8,1.02,2293567,29655822.01
2026-06-12,METALIETF,EQ,INF109KC19W1,ICICIPRAMC - METALIETF,13.09,13.09,12.84,12.95,12.78,1.33,6326343,81926140.64
2026-06-12,METROBRAND,EQ,INE317I01021,METRO BRANDS LIMITED,981.9,1004.9,981.9,1000.5,977.4,2.36,24968,24980484.0
2026-06-12,METROGLOBL,EQ,INE085D01033,METROGLOBAL LTD.,127.98,135.99,125.0,130.45,126.88,2.81,2323,303035.34
2026-06-12,METROPOLIS,EQ,INE112L01020,METROPOLIS HEALTHCARE LTD,524.95,533.3,520.1,530.7,520.15,2.03,66268,35168428.41
2026-06-12,MFML,EQ,INE0US801024,MAHALAXMI FABRIC MILLS LT,23.2,23.99,22.21,23.1,23.2,-0.43,1057,24416.7
2026-06-12,MFSL,EQ,INE180A01020,MAX FINANCIAL SERV LTD,1573.9,1592.5,1548.1,1579.0,1562.1,1.08,529818,836582622.0
2026-06-12,MGEL,EQ,INE0APB01032,MANGALAM GLOBAL ENT LTD,16.0,16.52,15.97,16.44,16.02,2.62,260228,4278148.46
2026-06-12,MGL,EQ,INE002S01010,MAHANAGAR GAS LTD.,1076.4,1104.5,1066.1,1094.9,1061.0,3.2,269195,294741612.07
2026-06-12,MHRIL,EQ,INE998I01010,MAHINDRA HOLIDAYS LTD,232.6,237.9,224.5,235.47,230.69,2.07,245194,57735831.48
2026-06-12,MID150BEES,EQ,INF204KB1V68,NIP IND ETF MIDCAP 150,220.68,231.0,220.68,230.28,224.73,2.47,747593,172155715.13
2026-06-12,MID150CASE,EQ,INF0R8F01059,ZERODHAAMC - MID150CASE,11.19,11.2,10.98,11.15,10.92,2.11,1148537,12806187.11
2026-06-12,MIDCAP,EQ,INF174KA1ZC5,KOTAKMAMC - KOTAKMID50,17.4,18.25,17.34,17.76,17.22,3.14,709723,12604680.64
2026-06-12,MIDCAPADD,EQ,INF740KA1WW5,DSPAMC - MIDCAPADD,21.79,22.29,21.79,22.22,21.79,1.97,13063,290259.85
2026-06-12,MIDCAPBETA,EQ,INF789F1AYX9,UTIAMC-MIDCAPBETA,219.52,224.27,219.52,224.13,219.6,2.06,1480,331712.41
2026-06-12,MIDCAPETF,EQ,INF769K01IC9,MIRAEAMC - MAM150ETF,22.43,22.79,22.4,22.75,22.22,2.39,1859281,42298642.75
2026-06-12,MIDCAPIETF,EQ,INF109KC11W8,ICICIPRAMC - ICICIM150,22.61,23.1,22.61,23.02,22.48,2.4,1121877,25825609.05
2026-06-12,MIDHANI,EQ,INE099Z01011,MISHRA DHATU NIGAM LTD,425.7,441.9,425.7,435.1,422.05,3.09,1992926,867122114.76
2026-06-12,MIDQ50ADD,EQ,INF740KA1ZF3,DSPAMC - DSPQ50ETF,241.69,243.56,240.3,242.86,238.9,1.66,13003,3157908.59
2026-06-12,MIDSELIETF,EQ,INF109KC10W0,ICICI PRUD MIDCAP SEL ETF,18.22,18.5,18.0,18.32,17.82,2.81,302542,5542569.35
2026-06-12,MIDSMALL,EQ,INF769K01LJ8,MIRAEAMC - MIDSMALL,49.63,50.31,49.39,50.25,48.99,2.57,422549,21233087.25
2026-06-12,MIDWESTLTD,EQ,INE0XAD01024,MIDWEST LIMITED,1226.1,1260.0,1217.1,1246.6,1211.7,2.88,13498,16826606.47
2026-06-12,MINDACORP,EQ,INE842C01021,MINDA CORPORATION LTD,645.0,648.6,632.0,637.2,632.9,0.68,271280,172859619.31
2026-06-12,MINDTECK,EQ,INE110B01017,MINDTECK (INDIA) LIMITED,206.93,211.05,203.01,207.74,200.83,3.44,74908,15561388.33
2026-06-12,MIRZAINT,EQ,INE771A01026,MIRZA INTERNATIONAL LIMIT,28.8,30.0,28.8,29.69,28.8,3.09,78072,2317957.72
2026-06-12,MITCON,EQ,INE828O01033,MITCON CON & ENG SER LTD,80.43,83.9,79.1,79.15,80.43,-1.59,997,78912.55
2026-06-12,MITTAL,EQ,INE997Y01027,MITTAL LIFE STYLE LIMITED,1.04,1.04,1.0,1.01,1.01,0.0,668412,675096.11
2026-06-12,MKPL,EQ,INE964W01021,M K PROTEINS LIMITED,4.77,4.77,4.65,4.73,4.67,1.28,78569,371631.37
2026-06-12,MMFL,EQ,INE227C01017,MM FORGINGS LTD,452.2,452.2,441.0,448.0,445.5,0.56,27629,12377792.0
2026-06-12,MMP,EQ,INE511Y01018,MMP INDUSTRIES LIMITED,259.9,262.0,250.3,259.9,251.75,3.24,20266,5267133.28
2026-06-12,MMTC,EQ,INE123F01029,MMTC LIMITED,63.89,71.35,63.75,68.06,63.07,7.91,86049979,5856561360.66
2026-06-12,MMWL,EQ,INE200D01020,MEDIA MATRIX WORLDWIDE L,12.75,13.35,12.51,12.95,12.75,1.57,3730,48303.5
2026-06-12,MNC,EQ,INF174KA1JF2,KOTAKMAMC - KOTAKMNC,31.91,32.6,31.86,32.37,31.91,1.44,37660,1219054.16
2026-06-12,MOALPHA50,EQ,INF247L01FR8,MOTILALAMC - MOALPHA50,52.03,52.03,52.03,52.03,50.5,3.02,0,0.0
2026-06-12,MOBANK10,EQ,INF247L01GV8,MOTILALAMC - MOBANK10,16.83,16.83,16.83,16.83,16.36,2.84,0,0.0
2026-06-12,MOBIKWIK,EQ,INE0HLU01028,ONE MOBIKWIK SYSTEMS LTD,190.51,195.34,190.51,194.12,189.14,2.63,737215,143108172.2
2026-06-12,MOCAPITAL,EQ,INF247L01EV3,MOTILALAMC - MOCAPITAL,52.82,53.9,52.36,53.75,51.83,3.7,1094392,58823570.0
2026-06-12,MODEFENCE,EQ,INF247L01DJ0,MOTILALAMC - MODEFENCE,98.49,98.98,97.21,98.84,96.77,2.14,1638748,161973846.32
2026-06-12,MODINATUR,EQ,INE537F01012,MODI NATURALS LIMITED,427.5,437.75,415.1,429.95,419.1,2.59,1342,576992.92
2026-06-12,MODIRUBBER,EQ,INE832A01018,MODI RUBBER LTD,127.8,127.8,123.0,125.44,123.89,1.25,878,110136.32
2026-06-12,MODIS,EQ,INE0L0L01012,MODIS NAVNIRMAN LTD,347.05,350.0,344.7,347.95,345.75,0.64,9101,3166693.06
2026-06-12,MODTHREAD,EQ,INE794W01014,MODERN THREADS INDIA LTD,44.13,44.13,44.13,44.13,44.13,0.0,0,0.0
2026-06-12,MOENERGY,EQ,INF247L01GH7,MOTILALAMC - MOENERGY,39.19,39.95,38.78,39.37,38.69,1.76,147585,5810421.29
2026-06-12,MOGSEC,EQ,INF247L01AK4,MOTILALAMC - G5,64.43,64.55,64.16,64.16,64.06,0.16,687,44077.92
2026-06-12,MOHEALTH,EQ,INF247L01BB1,MOTILALAMC - MOHEALTH,48.2,48.2,47.7,47.89,47.78,0.23,40289,1929440.19
2026-06-12,MOHITIND,EQ,INE954E01012,MOHIT INDUSTRIES LTD,22.0,22.77,21.57,22.48,22.3,0.81,1019,22907.12
2026-06-12,MOIL,EQ,INE490G01020,MOIL LIMITED,285.4,293.3,285.0,291.9,282.65,3.27,434702,126889511.15
2026-06-12,MOINFRA,EQ,INF247L01FL1,MOTILALAMC - MOINFRA,61.44,61.44,61.44,61.44,60.1,2.24,0,0.0
2026-06-12,MOIPO,EQ,INF247L01GI5,MOTILALAMC - MOIPO,43.2,43.2,43.2,43.2,41.98,2.89,0,0.0
2026-06-12,MOKSH,EQ,INE514Y01020,MOKSH ORNAMENTS LIMITED,12.45,12.45,11.87,12.02,12.14,-0.99,72435,870668.73
2026-06-12,MOL,EQ,INE0CT101020,MEGHMANI ORGANICS LIMITED,47.0,48.2,46.66,47.87,46.11,3.82,412783,19759921.77
2026-06-12,MOLDTKPAC,EQ,INE893J01029,MOLD-TEK PACKAGING LTD,673.15,682.5,660.05,676.1,672.1,0.6,84248,56960070.74
2026-06-12,MOLOWVOL,EQ,INF247L01BL0,MOTILALAMC - MOLOWVOL,35.6,36.08,35.58,36.01,35.58,1.21,53886,1940434.77
2026-06-12,MOM100,EQ,INF247L01023,MOTILAL OS MIDCAP100 ETF,64.46,65.73,64.45,65.49,64.01,2.31,762810,49956425.27
2026-06-12,MOM30IETF,EQ,INF109KC17C7,ICICIPRAMC - ICICIMOM30,30.25,31.04,30.25,30.97,30.03,3.13,516700,16002198.65
2026-06-12,MOM50,EQ,INF247L01536,MOTILAL OSWAL M50 ETF,249.0,249.0,241.22,246.06,244.83,0.5,166935,41076025.69
2026-06-12,MOMENTUM,EQ,INF209KB14K7,BIRLASLAMC - MOMENTUM,29.5,30.8,29.5,30.74,29.85,2.98,48001,1475550.73
2026-06-12,MOMENTUM50,EQ,INF247L01DK8,MOTILALAMC - MOMENTUM50,51.15,52.4,51.14,52.35,50.84,2.97,335805,17579391.24
2026-06-12,MOMGF,EQ,INF247L01FK3,MOTILALAMC - MOMGF,156.11,156.11,156.11,156.11,153.46,1.73,0,0.0
2026-06-12,MOMIDMTM,EQ,INF247L01FQ0,MOTILALAMC - MOMIDMTM,62.97,64.52,61.54,63.62,61.48,3.48,162569,10342639.61
2026-06-12,MOMNC,EQ,INF247L01GK1,MOTILALAMC - MOMNC,31.53,31.53,31.53,31.53,31.03,1.61,0,0.0
2026-06-12,MOMOMENTUM,EQ,INF247L01BK2,MOTILALAMC - MOMOMENTUM,59.3,61.79,59.3,61.53,59.69,3.08,53439,3288101.6
2026-06-12,MON100,EQ,INF247L01AP3,MOTILAL OS NASDAQ100 ETF,318.03,318.03,318.03,318.03,321.64,-1.12,575233,182941350.29
2026-06-12,MON50EQUAL,EQ,INF247L01FC0,MOTILALAMC - MON50EQUAL,32.33,32.33,32.33,32.33,31.87,1.46,0,0.0
2026-06-12,MONARCH,EQ,INE903D01011,MONARCH NETWORTH CAP LTD,332.0,346.0,331.95,339.95,330.05,3.0,237137,80614726.04
2026-06-12,MONEXT50,EQ,INF247L01FD8,MOTILALAMC - MONEXT50,69.71,69.71,69.71,69.71,68.07,2.41,0,0.0
2026-06-12,MONEYBOXX,EQ,INE296Q01012,MONEYBOXX FINANCE LIMITED,70.0,70.45,68.41,69.15,68.92,0.33,83916,5802791.53
2026-06-12,MONIFTY100,EQ,INF247L01GG9,MOTILALAMC - MONIFTY100,24.69,24.69,24.69,24.69,24.18,2.1,0,0.0
2026-06-12,MONIFTY500,EQ,INF247L01BU1,MOTILALAMC - MONIFTY500,22.92,23.18,22.75,23.06,22.63,1.9,4623240,106611911.93
2026-06-12,MONQ50,EQ,INF247L01AU3,MOTILALAMC - MONQ50,137.28,137.28,137.28,137.28,140.6,-2.36,42703,5862267.79
2026-06-12,MONTECARLO,EQ,INE950M01013,MONTE CARLO FASHIONS LTD.,524.0,540.0,523.05,535.25,520.4,2.85,30817,16494799.25
2026-06-12,MOPSE,EQ,INF247L01FO5,MOTILALAMC - MOPSE,100.43,100.43,100.43,100.43,99.28,1.16,0,0.0
2026-06-12,MOQUALITY,EQ,INF247L01BH8,MOTILALAMC - MOQUALITY,196.55,197.92,196.2,197.92,196.34,0.8,55,10885.6
2026-06-12,MOREALTY,EQ,INF247L01CI4,MOTILALAMC - MOREALTY,74.49,77.05,74.49,76.92,74.08,3.83,705243,54247290.27
2026-06-12,MOREPENLAB,EQ,INE083A01026,MOREPEN LAB. LTD,48.26,51.49,48.21,50.12,47.29,5.98,18207733,912571558.51
2026-06-12,MOSCHIP,EQ,INE935B01025,MOSCHIP TECHNOLOGIES LTD,205.0,211.16,204.7,210.05,201.07,4.47,2203409,462826067.17
2026-06-12,MOSERVICE,EQ,INF247L01GJ3,MOTILALAMC - MOSERVICE,30.12,30.12,30.12,30.12,29.44,2.3,0,0.0
2026-06-12,MOSMALL250,EQ,INF247L01CH6,MOTILALAMC - MOSMALL250,17.02,17.24,16.8,17.18,16.75,2.57,4333328,74446576.36
2026-06-12,MOTHERSON,EQ,INE775A01035,SAMVRDHNA MTHRSN INTL LTD,142.52,145.44,141.25,143.4,140.74,1.89,12743045,1827352575.22
2026-06-12,MOTILALOFS,EQ,INE338I01027,MOTILAL OSWAL FIN LTD,854.7,890.6,854.45,888.45,831.6,6.84,3169428,2815878345.29
2026-06-12,MOTISONS,EQ,INE0FRK01020,MOTISONS JEWELLERS LTD,13.65,15.2,13.28,14.79,13.22,11.88,147089014,2175446511.45
2026-06-12,MOTOGENFIN,EQ,INE861B01023,MOTOR & GENERAL FINANCE L,29.9,30.0,28.36,29.3,29.25,0.17,29334,859486.18
2026-06-12,MOTOUR,EQ,INF247L01FP2,MOTILALAMC - MOTOUR,72.87,74.1,72.72,73.97,71.75,3.09,18303,1353872.93
2026-06-12,MOVALUE,EQ,INF247L01BE5,MOTILALAMC - MOVALUE,114.49,116.5,113.76,116.22,113.5,2.4,115441,13416553.16
2026-06-12,MPHASIS,EQ,INE356A01018,MPHASIS LIMITED,2299.0,2302.3,2255.2,2270.4,2277.8,-0.32,179663,407906857.65
2026-06-12,MPSLTD,EQ,INE943D01017,MPS LIMITED,1786.5,1824.3,1780.8,1814.9,1766.9,2.72,4615,8375763.61
2026-06-12,MRF,EQ,INE883A01011,MRF LTD,123590.0,125700.0,123540.0,125515.0,122935.0,2.1,4679,587284685.0
2026-06-12,MRPL,EQ,INE103A01014,MRPL,158.4,162.7,155.72,161.01,155.7,3.41,7838745,1262116289.39
2026-06-12,MSCI360,EQ,INF579M01BP5,360ONEAMC - MSCI360,9.83,9.83,9.83,9.83,9.63,2.12,0,0.0
2026-06-12,MSCIADD,EQ,INF740KA1WV7,DSPAMC - MSCIADD,28.4,28.65,28.36,28.62,28.19,1.53,773,22123.26
2026-06-12,MSCIINDIA,EQ,INF174KA1VD2,KOTAKMAMC - MSCIINDIA,29.24,29.24,28.61,29.07,28.45,2.18,215457,6263334.92
2026-06-12,MSPL,EQ,INE752G01015,MSP STEEL & POWER LTD.,40.9,41.97,40.71,41.47,39.98,3.73,6197266,257000628.59
2026-06-12,MSTCLTD,EQ,INE255X01014,MSTC LIMITED,568.0,574.0,560.0,568.55,560.75,1.39,919737,522916460.12
2026-06-12,MSUMI,EQ,INE0FS801015,MOTHERSON SUMI WRNG IND L,36.66,37.54,36.44,36.84,36.38,1.26,27650685,1018651239.62
2026-06-12,MTNL,EQ,INE153A01019,MAHANAGAR TELEPHONE NIGAM,28.98,31.92,28.74,30.84,28.56,7.98,7639206,235593114.21
2026-06-12,MUFIN,EQ,INE08KJ01020,MUFIN GREEN FINANCE LTD,119.9,122.8,119.56,122.46,118.47,3.37,1022865,125260046.96
2026-06-12,MUFTI,EQ,INE220Q01020,CREDO BRANDS MARKETING L,85.12,89.0,85.12,88.1,84.32,4.48,148590,13090778.77
2026-06-12,MUKANDLTD,EQ,INE304A01026,MUKAND LTD.,134.2,135.43,132.0,134.22,132.04,1.65,207888,27902727.61
2026-06-12,MULTICAP,EQ,INF769K01LX9,MIRAEAMC - MULTICAP,15.94,16.11,15.86,16.05,15.71,2.16,416363,6682625.83
2026-06-12,MUNJALAU,EQ,INE672B01032,MUNJAL AUTO IND. LTD.,96.2,101.99,96.2,97.94,95.51,2.54,973879,95381711.64
2026-06-12,MUNJALSHOW,EQ,INE577A01027,MUNJAL SHOWA LTD,128.1,129.99,127.35,127.74,128.07,-0.26,48890,6245208.5
2026-06-12,MURUDCERA,EQ,INE692B01014,MURUDESHWAR CERAMICS LTD,31.3,31.4,30.22,31.32,30.45,2.86,7715,241633.8
2026-06-12,MUTHOOTCAP,EQ,INE296G01013,MUTHOOT CAP SERV LTD,197.72,197.72,192.0,194.96,194.72,0.12,28760,5607049.79
2026-06-12,MUTHOOTFIN,EQ,INE414G01012,MUTHOOT FINANCE LIMITED,2955.0,3051.7,2951.2,3042.2,2890.0,5.27,733004,2229944733.01
2026-06-12,MUTHOOTMF,EQ,INE046W01019,MUTHOOT MICROFIN LIMITED,183.88,189.0,180.42,187.6,180.63,3.86,212022,39775328.49
2026-06-12,MVGJL,EQ,INE0KNT01012,MANOJ VAIBHAV GEM N JEW L,148.9,154.0,143.53,146.2,143.91,1.59,97826,14302160.9
2026-06-12,MWL,EQ,INE0JYY01029,MANGALAM WORLDWIDE LTD,37.74,38.21,37.65,37.96,37.6,0.96,330800,12555514.61
2026-06-12,NACLIND,EQ,INE295D01020,NACL INDUSTRIES LIMITED,160.25,167.1,160.25,164.76,159.36,3.39,325774,53674522.45
2026-06-12,NAGREEKCAP,EQ,INE245I01016,NAGREEKA CAP & INFR.LTD,26.11,28.44,26.11,28.03,27.3,2.67,3814,106906.42
2026-06-12,NAGREEKEXP,EQ,INE123B01028,NAGREEKA EXPORTS LTD.,26.05,26.99,26.05,26.76,26.78,-0.07,7510,200967.6
2026-06-12,NAHARCAP,EQ,INE049I01012,NAHAR CAP & FIN.,250.8,256.9,245.1,252.7,245.7,2.85,4295,1085346.49
2026-06-12,NAHARINDUS,EQ,INE289A01011,NAHAR INDS ENT LTD,118.0,118.0,116.0,117.26,115.9,1.17,12448,1459652.51
2026-06-12,NAHARPOLY,EQ,INE308A01027,NAHAR POLY FILMS LIMITED,243.05,248.45,243.0,246.05,242.7,1.38,4032,992073.61
2026-06-12,NAHARSPING,EQ,INE290A01027,NAHAR SPINNING MILLS LTD.,264.0,264.45,262.05,264.0,259.3,1.81,10113,2669832.0
2026-06-12,NAM-INDIA,EQ,INE298J01013,NIPPON L I A M LTD,1064.8,1094.7,1048.5,1089.1,1041.6,4.56,889666,968935218.88
2026-06-12,NARMADA,EQ,INE117Z01029,NARMADA AGROBASE LIMITED,18.1,19.5,18.1,18.52,17.66,4.93,5811580,107659517.28
2026-06-12,NATCOPHARM,EQ,INE987B01026,NATCO PHARMA LTD.,861.8,866.0,849.1,863.9,842.2,2.58,402659,347857119.93
2026-06-12,NATHBIOGEN,EQ,INE448G01010,NATH BIO-GENES (I) LTD,165.43,170.0,164.8,166.42,165.43,0.6,17427,2900201.31
2026-06-12,NATIONALUM,EQ,INE139A01034,NATIONAL ALUMINIUM CO LTD,380.0,384.7,375.2,376.85,370.6,1.69,7674222,2892030607.54
2026-06-12,NAUKRI,EQ,INE663F01032,INFO EDGE (I) LTD,970.0,983.9,962.0,972.2,963.8,0.87,1035001,1006227984.83
2026-06-12,NAVA,EQ,INE725A01030,NAVA LIMITED,575.0,587.0,569.55,584.25,565.95,3.23,315657,184422602.25
2026-06-12,NAVINFLUOR,EQ,INE048G01026,NAVIN FLUORINE INT. LTD,7203.0,7330.0,7166.0,7303.0,7157.0,2.04,136617,997713951.0
2026-06-12,NAVKARCORP,EQ,INE278M01019,NAVKAR CORPORATION LTD.,95.98,103.0,95.91,102.04,95.23,7.15,1970948,201115535.72
2026-06-12,NAVNETEDUL,EQ,INE060A01024,NAVNEET EDUCATION LTD,140.34,142.61,140.0,141.99,139.69,1.65,63965,9082390.7
2026-06-12,NAZARA,EQ,INE418L01047,NAZARA TECHNOLOGIES LTD,284.0,287.85,283.0,285.85,281.55,1.53,784644,224290492.19
2026-06-12,NBCC,EQ,INE095N01031,NBCC (INDIA) LIMITED,102.6,105.46,102.36,105.16,100.52,4.62,15469674,1626790974.49
2026-06-12,NBIFIN,EQ,INE365I01020,N.B.I. IND. FIN. CO. LTD,1839.0,1890.0,1830.1,1867.1,1810.3,3.14,219,408894.89
2026-06-12,NCC,EQ,INE868B01028,NCC LIMITED,146.74,152.0,146.15,151.69,145.03,4.59,2514669,381450146.75
2026-06-12,NCLIND,EQ,INE732C01016,NCL INDUSTRIES LIMITED,181.2,186.0,180.21,185.03,180.03,2.78,47239,8740632.11
2026-06-12,NDGL,EQ,INE756C01015,NAGA DHUNSERI GROUP LTD,2569.5,2569.5,2452.0,2498.5,2467.2,1.27,96,239856.0
2026-06-12,NDL,EQ,INE875G01048,NANDAN DENIM LIMITED,2.53,2.6,2.47,2.54,2.49,2.01,719606,1827799.21
2026-06-12,NDLVENTURE,EQ,INE353A01023,NDL VENTURES LIMITED,129.95,129.97,127.75,129.58,126.69,2.28,12931,1675599.0
2026-06-12,NDRAUTO,EQ,INE07OG01012,NDR AUTO COMPONENTS LTD,796.0,798.45,777.0,788.05,785.5,0.32,16938,13347990.69
2026-06-12,NDTV,EQ,INE155G01029,NDTV LTD,79.5,81.5,79.2,81.25,78.53,3.46,210014,17063637.5
2026-06-12,NECLIFE,EQ,INE023H01027,NECTAR LIFESCIENCES LTD.,11.38,11.94,11.05,11.59,11.39,1.76,153915,1783874.87
2026-06-12,NELCAST,EQ,INE189I01024,NELCAST LIMITED,136.5,139.9,135.52,139.34,135.52,2.82,139666,19461059.93
2026-06-12,NELCO,EQ,INE045B01015,NELCO LTD,715.0,727.0,712.05,722.55,705.4,2.43,93974,67900912.55
2026-06-12,NEOGEN,EQ,INE136S01016,NEOGEN CHEMICALS LIMITED,2045.5,2087.3,1928.0,2033.7,2028.7,0.25,196643,399912859.5
2026-06-12,NEPHROPLUS,EQ,INE428V01029,NEPHROCARE HEALTH SERV L,759.0,769.75,735.0,748.15,751.3,-0.42,204486,152986205.89
2026-06-12,NESCO,EQ,INE317F01035,NESCO LTD.,1094.8,1107.5,1080.2,1089.8,1089.1,0.06,46387,50552554.86
2026-06-12,NESTLEIND,EQ,INE239A01024,NESTLE INDIA LIMITED,1431.1,1434.9,1370.6,1375.7,1422.5,-3.29,2380729,3275168769.05
2026-06-12,NETF,EQ,INF277K015R5,TATAAML - NETF,252.4,256.65,252.4,256.01,251.39,1.84,6951,1779525.58
2026-06-12,NETWEB,EQ,INE0NT901020,NETWEB TECH INDIA LTD,4320.0,4610.0,4315.0,4587.4,4191.4,9.45,4344896,19931775486.09
2026-06-12,NETWORK18,EQ,INE870H01013,NETWORK18 MEDIA & INV LTD,30.22,31.7,30.0,31.51,29.72,6.02,12005065,378279600.9
2026-06-12,NEULANDLAB,EQ,INE794A01010,NEULAND LAB LTD.,17122.0,17400.0,16981.0,17198.0,16973.0,1.33,35209,605524382.0
2026-06-12,NEWGEN,EQ,INE619B01017,NEWGEN SOFTWARE TECH LTD,460.95,468.85,458.15,464.25,455.25,1.98,695859,323052540.75
2026-06-12,NEXT30ADD,EQ,INF740KA1VE5,DSPAMC - NEXT30ADD,41.35,41.54,41.14,41.39,41.15,0.58,3556,147182.84
2026-06-12,NEXT50,EQ,INF769K01FN2,MIRAEAMC - MANXT50,708.87,722.4,708.87,720.32,704.75,2.21,15588,11228348.27
2026-06-12,NEXT50ADD,EQ,INF740KA1XU7,DSPAMC - NEXT50ADD,69.74,70.25,69.23,70.21,68.66,2.26,1608,112897.68
2026-06-12,NEXT50BETA,EQ,INF789F1AUW9,UTIAMC-NEXT50BETA,74.0,75.61,74.0,75.36,73.76,2.17,44485,3352389.63
2026-06-12,NEXT50ETF,EQ,INF174KA1YO3,KOTAKMAMC - NEXT50ETF,69.6,70.75,69.3,70.73,68.92,2.63,6854,484783.44
2026-06-12,NEXT50IETF,EQ,INF109KC1NS5,ICICIPRAMC - ICICINXT50,73.6,73.99,72.15,73.82,72.15,2.31,560006,41339642.75
2026-06-12,NEXTMEDIA,EQ,INE747B01016,NEXT MEDIAWORKS LIMITED,3.89,4.39,3.8,4.0,3.78,5.82,70546,282184.0
2026-06-12,NFL,EQ,INE870D01012,NATIONAL FERT. LTD,74.55,75.45,73.93,75.04,73.91,1.53,1290006,96802051.42
2026-06-12,NGIL,EQ,INE236Y01012,NAKODA GROUP OF IND. LTD,39.79,39.79,37.85,37.95,39.79,-4.62,4685,177795.75
2026-06-12,NGLFINE,EQ,INE887E01022,NGL FINE CHEM LIMITED,2765.4,3144.0,2765.4,3048.8,2716.5,12.23,102235,311694072.99
2026-06-12,NH,EQ,INE410P01011,NARAYANA HRUDAYALAYA LTD.,1869.5,1908.0,1869.5,1893.9,1858.5,1.9,264296,500550200.85
2026-06-12,NHPC,EQ,INE848E01016,NHPC LTD,72.7,73.93,72.63,73.79,72.13,2.3,14607581,1077893415.36
2026-06-12,NIACL,EQ,INE470Y01017,THE NEW INDIA ASSU CO LTD,148.0,153.5,147.7,152.8,146.93,4.0,637119,97351785.14
2026-06-12,NIBE,EQ,INE149O01018,NIBE LIMITED,1469.8,1578.6,1467.7,1578.6,1435.1,10.0,295217,466029548.99
2026-06-12,NIBL,EQ,INE047O01014,NRB INDUS. BEARINGS LTD.,31.57,31.57,30.57,30.71,30.57,0.46,6880,211284.79
2026-06-12,NIF100IETF,EQ,INF109KC16V9,ICICI PRUD NIFTY 100 ETF,27.09,28.18,27.03,27.66,26.83,3.09,31946,883626.36
2026-06-12,NIFTY1,EQ,INF174K014P6,KOTAK NIFTY ETF,257.18,260.98,257.18,260.74,256.19,1.78,110922,28921801.2
2026-06-12,NIFTYADD,EQ,INF740KA1CL0,DSPAMC - DSPNIFTY,245.46,248.04,244.5,247.75,242.8,2.04,4749,1176564.75
2026-06-12,NIFTYAXIS,EQ,INF846K01W98,AXISAMC-NIFTYAXIS,258.13,263.0,256.71,261.17,255.57,2.19,30955,8084517.77
2026-06-12,NIFTYBEES,EQ,INF204KB14I2,NIP IND ETF NIFTY BEES,265.6,268.25,264.18,267.86,262.63,1.99,8800104,2357195728.53
2026-06-12,NIFTYBETA,EQ,INF789F1AZC0,UTIAMC-NIFTYBETA,258.53,261.15,256.35,260.79,255.97,1.88,26114,6810270.28
2026-06-12,NIFTYBETF,EQ,INF0QA701722,BFAM - NIFTYBETF,239.58,242.15,238.83,241.73,237.17,1.92,1280,309414.39
2026-06-12,NIFTYETF,EQ,INF769K01EG9,MIRAEAMC - MAN50ETF,253.34,256.19,252.5,255.7,251.18,1.8,233190,59626682.29
2026-06-12,NIFTYQLITY,EQ,INF209KB15K4,BIRLASLAMC - NIFTYQLITY,20.95,20.95,20.45,20.57,20.44,0.64,16498,339363.85
2026-06-12,NIITLTD,EQ,INE161A01038,NIIT LIMITED,86.79,88.73,85.25,87.27,85.05,2.61,811591,70827543.85
2026-06-12,NIITMTS,EQ,INE342G01023,NIIT LEARNING SYSTEMS LTD,215.0,216.2,210.43,212.93,211.96,0.46,269682,57423386.28
2026-06-12,NILAINFRA,EQ,INE937C01029,NILA INFRASTRUCTURES LTD,7.94,8.09,7.8,7.85,7.77,1.03,110548,867801.79
2026-06-12,NILASPACES,EQ,INE00S901012,NILA SPACES LIMITED,12.1,12.25,11.7,12.07,11.92,1.26,398064,4804632.36
2026-06-12,NILKAMAL,EQ,INE310A01015,NILKAMAL LIMITED,1261.5,1275.8,1261.3,1270.2,1256.4,1.1,1649,2094559.72
2026-06-12,NIMBSPROJ,EQ,INE875B01015,NIMBUS PROJECTS LIMITED,207.0,209.0,202.7,205.43,201.06,2.17,227,46632.61
2026-06-12,NINSYS,EQ,INE395U01014,NINTEC SYSTEMS LIMITED,689.0,700.0,662.0,689.55,689.9,-0.05,3551,2448592.01
2026-06-12,NIPPOBATRY,EQ,INE567A01028,INDO-NATIONAL LIMITED,339.3,339.4,325.05,333.75,333.5,0.07,6151,2052896.25
2026-06-12,NIRAJ,EQ,INE368I01016,NIRAJ CEMENT STRUC LTD,28.99,29.9,27.5,28.88,28.6,0.98,28448,821578.22
2026-06-12,NIRLON,EQ,INE910A01012,NIRLON LTD,619.95,623.9,618.65,620.0,619.85,0.02,7212,4471440.0
2026-06-12,NITCO,EQ,INE858F01012,NITCO LIMITED,94.6,99.99,94.6,98.41,93.75,4.97,1202584,118346295.84
2026-06-12,NITINSPIN,EQ,INE229H01012,NITIN SPINNERS LIMITED,540.0,562.5,540.0,559.35,533.75,4.8,182362,102004180.25
2026-06-12,NITIRAJ,EQ,INE439T01012,NITIRAJ ENGINEERS LTD,202.0,202.0,190.0,191.07,196.55,-2.79,11306,2160237.5
2026-06-12,NITTAGELA,EQ,INE265B01019,NITTA GELATIN INDIA LTD.,1370.1,1427.9,1365.0,1414.2,1323.8,6.83,22614,31980717.7
2026-06-12,NIVABUPA,EQ,INE995S01015,NIVA BUPA HEALTH INS CO L,83.09,84.86,82.72,83.96,82.97,1.19,788362,66190872.8
2026-06-12,NLCINDIA,EQ,INE589A01014,NLC INDIA LIMITED,316.05,319.85,311.6,316.3,310.35,1.92,10815654,3420991228.17
2026-06-12,NMDC,EQ,INE584A01023,NMDC LTD.,90.0,91.3,89.62,90.93,88.47,2.78,17620294,1602213338.8
2026-06-12,NOCIL,EQ,INE163A01018,NOCIL LIMITED,159.0,161.92,158.52,161.55,156.62,3.15,221518,35786233.58
2026-06-12,NOIDATOLL,EQ,INE781B01015,NOIDA TOLL BRIDGE CO LTD,5.16,5.21,5.03,5.16,4.98,3.61,159594,823505.02
2026-06-12,NORBTEAEXP,EQ,INE369C01017,NORBEN TEA & EXPORTS LTD,77.5,77.5,73.0,74.67,74.06,0.82,2088,155910.96
2026-06-12,NORTHARC,EQ,INE850M01015,NORTHERN ARC CAPITAL LTD,281.1,292.05,278.3,289.45,277.65,4.25,571979,165559328.53
2026-06-12,NOVAAGRI,EQ,INE02H701025,NOVA AGRITECH LIMITED,27.0,27.7,26.54,27.12,27.54,-1.53,39664,1075687.71
2026-06-12,NOVARTIND,EQ,INE234A01025,NOVARTIS INDIA LIMITED,1335.8,1346.0,1285.5,1301.6,1329.7,-2.11,13186,17162897.28
2026-06-12,NPBET,EQ,INF277K010X4,TATAAML - NPBET,271.48,285.88,271.48,285.48,278.45,2.52,2592,739964.19
2026-06-12,NPST,EQ,INE0FFK01017,NETWORK PEOPLE SRV TECH L,1644.0,1689.0,1588.2,1647.5,1531.0,7.61,91349,150497477.5
2026-06-12,NRAIL,EQ,INE740D01017,N R AGARWAL INDS LTD,449.9,452.35,438.2,448.45,443.95,1.01,1412,633211.42
2026-06-12,NRBBEARING,EQ,INE349A01021,NRB BEARING LIMITED,440.0,450.0,423.6,425.85,435.7,-2.26,605683,257930109.25
2026-06-12,NSIL,EQ,INE023A01030,NALWA SONS INVESTMENT LTD,5450.0,5600.0,5450.0,5553.0,5409.5,2.65,1347,7479891.0
2026-06-12,NSLNISP,EQ,INE0NNS01018,NMDC STEEL LIMITED,46.65,47.4,46.15,47.24,45.51,3.8,6386466,301696664.56
2026-06-12,NTPC,EQ,INE733E01010,NTPC LTD,357.0,357.0,349.7,353.9,351.85,0.58,8740239,3093170528.75
2026-06-12,NTPCGREEN,EQ,INE0ONG01011,NTPC GREEN ENERGY LIMITED,98.02,99.08,97.5,98.33,97.07,1.3,3431671,337436215.71
2026-06-12,NUCLEUS,EQ,INE096B01018,NUCLEUS SOFTWARE EXPORTS,760.0,760.8,738.0,750.8,751.15,-0.05,75541,56716181.88
2026-06-12,NUVAMA,EQ,INE531F01023,NUVAMA WEALTH MANAGE LTD,1539.0,1597.9,1521.5,1588.1,1510.2,5.16,474650,753791653.41
2026-06-12,NUVOCO,EQ,INE118D01016,NUVOCO VISTAS CORP LTD,303.0,317.9,303.0,310.55,301.3,3.07,552733,171651226.4
2026-06-12,NV20,EQ,INF174KA1ZE1,KOTAKMAMC - KTKNV20ETF,13.95,14.35,13.95,14.09,13.95,1.0,40955,577055.96
2026-06-12,NV20BEES,EQ,INF204KB18I3,NIP IND ETF ETF NV20,140.32,141.9,139.99,141.49,139.74,1.25,9178,1298595.27
2026-06-12,NV20IETF,EQ,INF109KC11V0,ICICI PRUDENTIAL NV20 ETF,13.65,13.97,13.65,13.81,13.65,1.17,227992,3148569.62
2026-06-12,NYKAA,EQ,INE388Y01029,FSN E COMMERCE VENTURES,264.7,275.65,262.8,273.5,260.25,5.09,12127542,3316882737.0
2026-06-12,OAL,EQ,INE959C01023,ORIENTAL AROMATICS LTD,330.0,338.9,325.1,327.0,322.4,1.43,12450,4071150.0
2026-06-12,OBCL,EQ,INE426Z01016,OBCL LIMITED,58.8,61.35,58.55,59.89,58.77,1.91,19231,1151744.58
2026-06-12,OBEROIRLTY,EQ,INE093I01010,OBEROI REALTY LIMITED,1601.5,1635.0,1591.1,1622.8,1582.7,2.53,524612,851340379.22
2026-06-12,ODIGMA,EQ,INE054301028,ODIGMA CONSULTANCY SOL L,21.45,21.6,20.53,21.52,20.91,2.92,38683,832458.18
2026-06-12,OFSS,EQ,INE881D01027,ORACLE FIN SERV SOFT LTD.,9350.0,9409.0,9226.5,9327.5,9265.5,0.67,149536,1394797040.0
2026-06-12,OIL,EQ,INE274J01014,OIL INDIA LTD,426.85,426.95,414.5,417.8,429.35,-2.69,6568325,2744246104.82
2026-06-12,OILIETF,EQ,INF109KC18W3,ICICIPRAMC - OILIETF,11.23,11.23,10.97,11.19,10.96,2.1,2049502,22933926.52
2026-06-12,OLAELEC,EQ,INE0LXG01040,OLA ELECTRIC MOBILITY LTD,46.0,47.49,45.25,45.74,45.54,0.44,190641245,8719930866.28
2026-06-12,OLECTRA,EQ,INE260D01016,OLECTRA GREENTECH LIMITED,1270.1,1300.0,1269.0,1296.0,1252.4,3.48,711141,921638736.0
2026-06-12,OMAXAUTO,EQ,INE090B01011,OMAX AUTOS LTD,217.4,227.05,214.25,227.05,216.24,5.0,54429,12358104.62
2026-06-12,OMAXE,EQ,INE800H01010,OMAXE LIMITED,76.99,79.0,75.11,75.96,74.3,2.23,459192,34880223.9
2026-06-12,OMINFRAL,EQ,INE239D01028,OM INFRA LIMITED,83.28,83.5,80.11,82.39,80.44,2.42,48276,3977459.61
2026-06-12,OMNI,EQ,INE0UH301010,OMNITECH ENGINEERING LTD,469.8,492.0,461.95,470.15,453.0,3.79,591150,277929168.89
2026-06-12,OMPOWER,EQ,INE25E901019,OM POWER TRANSMISSION LTD,179.94,183.0,174.98,177.96,175.31,1.51,114207,20324278.49
2026-06-12,ONEPOINT,EQ,INE840Y01029,ONE POINT ONE SOL LTD,56.2,58.7,55.8,57.78,56.08,3.03,2725332,157469679.63
2026-06-12,ONESOURCE,EQ,INE013P01021,ONESOURCE SPECL PHARMA L,1655.1,1670.0,1591.8,1612.5,1651.4,-2.36,362871,585129487.5
2026-06-12,ONGC,EQ,INE213A01029,OIL AND NATURAL GAS CORP.,250.3,250.85,243.35,246.2,252.6,-2.53,31112657,7659936058.45
2026-06-12,ONIDA,EQ,INE831A01028,ONIDA ELECTRONICS LIMITED,35.75,37.53,35.6,37.53,35.75,4.98,298178,11190619.98
2026-06-12,ONWARDTEC,EQ,INE229A01017,ONWARD TECHNOLOGIES LTD,253.95,257.1,246.35,248.15,250.2,-0.82,37016,9185520.17
2026-06-12,OPTIEMUS,EQ,INE350C01017,OPTIEMUS INFRACOM LTD,418.0,428.35,418.0,423.3,413.35,2.41,87263,36938426.83
2026-06-12,ORCHASP,EQ,INE215B01022,ORCHASP LIMITED,1.96,2.0,1.63,1.84,1.96,-6.12,722141,1328739.46
2026-06-12,ORCHPHARMA,EQ,INE191A01027,ORCHID PHARMA LIMITED,847.0,935.0,847.0,917.1,845.95,8.41,496587,455419925.58
2026-06-12,ORICONENT,EQ,INE730A01022,ORICON ENTERPRISES LTD,55.9,60.95,54.67,59.19,55.9,5.89,270706,16023087.77
2026-06-12,ORIENTALTL,EQ,INE998H01012,ORIENTAL TRIMEX LTD,6.25,6.54,6.21,6.29,6.31,-0.32,102695,645951.55
2026-06-12,ORIENTBELL,EQ,INE607D01018,ORIENT BELL LIMITED,315.15,320.35,314.0,317.0,316.15,0.27,5395,1710215.0
2026-06-12,ORIENTCEM,EQ,INE876N01018,ORIENT CEMENT LTD.,130.6,135.46,130.5,134.77,129.89,3.76,269810,36362294.85
2026-06-12,ORIENTCER,EQ,INE569C01020,ORIENT CERATECH LIMITED,38.75,39.9,37.11,38.29,37.46,2.22,101635,3891604.24
2026-06-12,ORIENTELEC,EQ,INE142Z01019,ORIENT ELECTRIC LIMITED,175.1,177.14,173.5,175.85,174.15,0.98,88662,15591213.24
2026-06-12,ORIENTHOT,EQ,INE750A01020,ORIENT HOTELS LTD,103.32,109.7,102.42,108.32,103.32,4.84,382756,41460129.8
2026-06-12,ORIENTPPR,EQ,INE592A01026,ORIENT PAPER AND INDS LTD,17.24,17.35,16.9,17.29,16.86,2.55,186262,3220470.15
2026-06-12,ORIENTTECH,EQ,INE0PPK01015,ORIENT TECHNOLOGIES LTD,246.9,254.9,246.9,253.35,245.1,3.37,73002,18495057.15
2026-06-12,ORISSAMINE,EQ,INE725E01024,ORISSA MIN DEV CO LTD,3881.0,4039.0,3881.0,4018.0,3854.1,4.25,5945,23887010.0
2026-06-12,ORKLAINDIA,EQ,INE16NZ01023,ORKLA INDIA LIMITED,619.0,619.0,601.3,604.45,610.4,-0.97,24707,14934146.45
2026-06-12,ORTINGLOBE,EQ,INE749B01020,ORTIN GLOBAL LIMITED,16.9,17.9,16.9,17.42,17.78,-2.02,5662,98632.04
2026-06-12,OSWALAGRO,EQ,INE142A01012,OSWAL AGRO MILLS LTD,44.18,44.18,41.51,41.99,42.53,-1.27,33840,1420941.66
2026-06-12,OSWALGREEN,EQ,INE143A01010,OSWAL GREENTECH LIMITED,23.1,23.48,22.81,23.22,22.81,1.8,98784,2293764.41
2026-06-12,OSWALPUMPS,EQ,INE0BYP01024,OSWAL PUMPS LIMITED,378.0,400.45,378.0,398.2,372.65,6.86,582963,232135873.72
2026-06-12,OSWALSEEDS,EQ,INE00IK01029,SHREEOSWAL S AND CHE LTD,11.19,11.24,10.62,10.93,10.84,0.83,49639,542554.29
2026-06-12,PACEDIGITK,EQ,INE0S3G01027,PACE DIGITEK LIMITED,187.1,189.53,182.91,187.57,184.37,1.74,1411487,264752626.93
2026-06-12,PAGEIND,EQ,INE761H01022,PAGE INDUSTRIES LTD,37955.0,38850.0,37955.0,38625.0,37740.0,2.34,13311,514137375.0
2026-06-12,PAISALO,EQ,INE420C01059,PAISALO DIGITAL LIMITED,59.15,60.4,59.0,59.3,58.51,1.35,8509192,504595079.11
2026-06-12,PAKKA,EQ,INE551D01018,PAKKA LIMITED,78.93,80.25,77.31,79.62,77.44,2.82,55584,4425598.23
2026-06-12,PALASHSECU,EQ,INE471W01019,PALASH SECURITIES LTD,93.0,98.8,92.99,97.45,93.46,4.27,650,63342.5
2026-06-12,PALREDTEC,EQ,INE218G01033,PALRED TECHNOLOGIES LTD,43.05,44.79,43.05,44.5,43.06,3.34,463,20603.5
2026-06-12,PANACEABIO,EQ,INE922B01023,PANACEA BIOTEC LTD,535.0,544.4,522.6,536.0,522.3,2.62,368281,197398616.0
2026-06-12,PANAMAPET,EQ,INE305C01029,PANAMA PETROCHEM LTD,378.9,382.7,368.9,377.25,375.85,0.37,288528,108847188.0
2026-06-12,PANSARI,EQ,INE697V01011,PANSARI DEVELOPERS LTD,275.4,279.3,275.4,276.15,279.4,-1.16,224,61857.6
2026-06-12,PARACABLES,EQ,INE074B01023,PARAMOUNT COMM LTD,62.75,64.9,62.5,64.12,60.85,5.37,2201942,141188527.09
2026-06-12,PARADEEP,EQ,INE088F01024,PARADEEP PHOSPHATES LTD,123.0,127.0,123.0,126.25,121.51,3.9,2329626,294115282.5
2026-06-12,PARAGMILK,EQ,INE883N01014,PARAG MILK FOODS LTD.,232.8,236.87,231.0,233.5,230.69,1.22,461453,107749275.5
2026-06-12,PARAS,EQ,INE045601023,PARAS DEF AND SPCE TECH L,1008.0,1105.2,1006.95,1097.15,989.1,10.92,6088215,6679685235.89
2026-06-12,PARASPETRO,EQ,INE162C01024,PARAS PETROFILS LTD.,1.98,2.06,1.86,1.99,1.88,5.85,223419,444603.81
2026-06-12,PARKHOSPS,EQ,INE119201023,PARK MEDI WORLD LIMITED,280.95,282.2,272.5,274.6,273.25,0.49,890446,244516477.03
2026-06-12,PARKHOTELS,EQ,INE988S01028,PARKHOTELS,113.59,116.94,113.59,116.23,112.63,3.2,126377,14688799.13
2026-06-12,PASHUPATI,EQ,INE124Y01028,PASHUPATI COTSPIN LIMITED,91.5,91.5,87.05,88.37,87.88,0.56,278817,24639059.06
2026-06-12,PASUPTAC,EQ,INE818B01023,PASUPATI ACRYLON LIMITED,67.05,69.6,64.12,66.24,67.48,-1.84,187431,12415429.04
2026-06-12,PATANJALI,EQ,INE619A01035,PATANJALI FOODS LIMITED,425.0,427.5,422.1,425.55,419.1,1.54,2390987,1017484488.66
2026-06-12,PATELENG,EQ,INE244B01030,PATEL ENGINEERING LTD.,26.6,27.41,26.6,27.31,26.2,4.24,2816913,76929892.53
2026-06-12,PATELRMART,EQ,INE0R8B01010,PATEL RETAIL LIMITED,211.0,221.19,211.0,217.43,208.82,4.12,225626,49057859.53
2026-06-12,PAUSHAKLTD,EQ,INE111F01024,PAUSHAK LIMITED,455.3,463.45,450.0,454.65,452.05,0.58,11485,5221655.18
2026-06-12,PAVNAIND,EQ,INE07S101038,PAVNA INDUSTRIES LIMITED,16.31,16.74,16.31,16.62,16.15,2.91,24902,413871.26
2026-06-12,PAYTM,EQ,INE982J01020,ONE 97 COMMUNICATIONS LTD,1035.0,1077.0,1031.1,1073.9,1023.1,4.97,1749987,1879311082.02
2026-06-12,PCBL,EQ,INE602A01031,PCBL CHEMICAL LIMITED,284.0,292.7,283.05,290.25,277.75,4.5,1119149,324832997.25
2026-06-12,PCJEWELLER,EQ,INE785M01021,PC JEWELLER LTD,8.85,8.96,8.76,8.92,8.74,2.06,30528438,272313669.29
2026-06-12,PDMJEPAPER,EQ,INE865T01018,PUDUMJEE PAPER PRO. LTD,80.17,82.2,80.17,81.14,79.38,2.22,58550,4750746.96
2026-06-12,PDSL,EQ,INE111Q01021,PDS LIMITED,301.3,307.7,296.0,305.8,300.35,1.81,53346,16313206.15
2026-06-12,PEARLPOLY,EQ,INE844A01013,PEARL POLYMERS LTD,18.05,19.0,17.72,18.0,18.1,-0.55,10167,183006.0
2026-06-12,PENIND,EQ,INE932A01024,PENNAR INDUSTRIES LTD,150.0,155.45,150.0,155.06,147.83,4.89,366000,56751959.11
2026-06-12,PENINLAND,EQ,INE138A01028,PENINSULA LAND LIMITED,14.59,15.18,14.59,14.92,14.59,2.26,89022,1328208.25
2026-06-12,PERSISTENT,EQ,INE262H01021,PERSISTENT SYSTEMS LTD,4920.0,4945.5,4794.0,4811.0,4874.0,-1.29,410246,1973693506.0
2026-06-12,PETRONET,EQ,INE347G01014,PETRONET LNG LIMITED,265.0,275.2,264.0,274.75,263.05,4.45,3007620,826343595.0
2026-06-12,PFC,EQ,INE134E01011,POWER FIN CORP LTD.,418.1,421.6,414.2,421.05,413.55,1.81,5544060,2334326395.32
2026-06-12,PFIZER,EQ,INE182A01018,PFIZER LTD,4555.0,4578.1,4501.0,4509.2,4572.9,-1.39,16661,75127784.45
2026-06-12,PFOCUS,EQ,INE367G01038,PRIME FOCUS LIMITED,230.15,239.27,226.0,239.27,227.88,5.0,180211,43119086.74
2026-06-12,PFS,EQ,INE560K01014,PTC INDIA FIN SERV LTD,30.45,30.66,30.0,30.52,29.86,2.21,909837,27768225.66
2026-06-12,PGEL,EQ,INE457L01029,PG ELECTROPLAST LTD,467.5,487.0,465.5,483.3,459.0,5.29,6143846,2969320696.8
2026-06-12,PGHH,EQ,INE179A01014,P&G HYGIENE & HEALTH CARE,9064.0,9128.5,8959.5,8993.5,9024.5,-0.34,11406,102579861.0
2026-06-12,PGHL,EQ,INE199A01012,PROCTER & GAMBLE HEALTH L,6210.0,6333.0,6205.0,6287.0,6207.0,1.29,11828,74362636.0
2026-06-12,PGIL,EQ,INE940H01022,PEARL GLOBAL IND LIMITED,818.0,830.65,807.5,815.45,811.25,0.52,112576,91800100.57
2026-06-12,PHARMABEES,EQ,INF204KC1089,NIPPONAMC - NETFPHARMA,25.6,25.6,24.73,25.01,24.98,0.12,5491057,137331336.83
2026-06-12,PHOENIXLTD,EQ,INE211B01039,THE PHOENIX MILLS LTD,1767.8,1785.0,1721.7,1757.6,1732.8,1.43,408513,718002438.83
2026-06-12,PICCADIL,EQ,INE546C01010,PICCADILY AGRO INDUSTRI L,577.2,584.8,575.15,580.95,575.8,0.89,62444,36276842.56
2026-06-12,PIDILITIND,EQ,INE318A01026,PIDILITE INDUSTRIES LTD,1518.0,1553.9,1515.1,1535.5,1498.8,2.45,1254231,1925871700.5
2026-06-12,PIGL,EQ,INE557Z01018,POWER INSTRUMENT (G) LTD,101.99,105.75,98.5,104.56,100.99,3.54,154998,16206590.5
2026-06-12,PIIND,EQ,INE603J01030,PI INDUSTRIES LTD,2815.0,2859.4,2811.6,2841.7,2801.2,1.45,415063,1179484506.83
2026-06-12,PILANIINVS,EQ,INE417C01014,PILANI INV & IND COR LTD,4232.9,4325.0,4220.0,4288.0,4208.7,1.88,1825,7825600.0
2026-06-12,PILITA,EQ,INE600A01035,PIL ITALICA LIFESTYLE LTD,8.34,8.34,7.92,8.0,7.98,0.25,39390,315120.0
2026-06-12,PINELABS,EQ,INE15B701018,PINE LABS LIMITED,147.8,151.5,147.02,150.57,145.18,3.71,17659839,2659042087.57
2026-06-12,PIONEEREMB,EQ,INE156C01018,PIONEER EMBROIDERIES LTD,24.83,24.83,24.1,24.2,24.83,-2.54,1727,41793.4
2026-06-12,PIRAMALFIN,EQ,INE202B01038,PIRAMAL FINANCE LIMITED,1967.6,2027.0,1953.7,2017.2,1950.2,3.44,396846,800517731.82
2026-06-12,PITTIENG,EQ,INE450D01021,PITTI ENGINEERING LIMITED,931.0,1005.0,931.0,993.0,930.25,6.75,104486,103754598.0
2026-06-12,PIXTRANS,EQ,INE751B01018,PIX TRANSMISSIONS LIMITED,1604.9,1639.0,1586.9,1604.2,1594.6,0.6,14619,23451799.09
2026-06-12,PLASTIBLEN,EQ,INE083C01022,PLASTIBLENDS INDIA LTD,169.0,175.8,167.96,174.2,168.17,3.59,32926,5735709.1
2026-06-12,PLATIND,EQ,INE0PT501018,PLATINUM INDUSTRIES LTD,218.4,225.5,216.44,224.87,215.82,4.19,51408,11560116.71
2026-06-12,PLAZACABLE,EQ,INE0INJ01017,PLAZA WIRES LIMITED,47.98,47.98,46.15,46.79,46.22,1.23,29203,1366408.4
2026-06-12,PNB,EQ,INE160A01022,PUNJAB NATIONAL BANK,106.0,107.52,104.37,106.88,106.17,0.67,29965493,3202711809.54
2026-06-12,PNBGILTS,EQ,INE859A01011,PNB GILTS LIMITED,87.88,94.75,87.0,89.83,85.47,5.1,4163070,373968585.72
2026-06-12,PNBHOUSING,EQ,INE572E01012,PNB HOUSING FIN LTD.,967.9,994.0,965.1,989.9,953.9,3.77,2049521,2028820887.94
2026-06-12,PNC,EQ,INE392B01011,PNC MEDIA AND ENT LTD,20.8,21.9,20.5,20.58,20.0,2.9,26075,536623.5
2026-06-12,PNCINFRA,EQ,INE195J01029,PNC INFRATECH LTD.,200.0,207.0,197.6,201.62,197.94,1.86,1150349,231933359.76
2026-06-12,PNGJL,EQ,INE953R01016,P N GADGIL JEWELLERS LTD,540.1,550.05,533.0,547.55,537.35,1.9,240473,131670988.21
2026-06-12,PNGSREVA,EQ,INE1RDG01013,PNGS REVA DIAMOND JEWEL L,367.35,383.0,367.35,378.35,364.55,3.79,71441,27029702.79
2026-06-12,POCL,EQ,INE063E01061,PONDY OXIDES & CHEM LTD,480.0,510.32,477.4,505.44,473.36,6.78,963347,486914110.03
2026-06-12,PODDARMENT,EQ,INE371C01013,PODDAR PIGMENTS LIMITED,262.95,266.0,255.0,258.5,256.9,0.62,2256,583176.0
2026-06-12,POKARNA,EQ,INE637C01025,POKARNA LIMITED,820.0,849.8,820.0,846.15,818.5,3.38,52441,44372953.43
2026-06-12,POLICYBZR,EQ,INE417T01026,PB FINTECH LIMITED,1526.8,1551.9,1494.8,1547.8,1504.2,2.9,917290,1419781506.79
2026-06-12,POLYCAB,EQ,INE455K01017,POLYCAB INDIA LIMITED,9480.0,9576.0,9383.0,9554.0,9372.0,1.94,162406,1551626924.0
2026-06-12,POLYMED,EQ,INE205C01021,POLY MEDICURE LIMITED,1496.9,1537.0,1462.3,1532.4,1478.9,3.62,232269,355929021.27
2026-06-12,POLYPLEX,EQ,INE633B01018,POLYPLEX CORPORATION LTD,890.9,916.0,890.9,898.35,887.25,1.25,51582,46338688.44
2026-06-12,PONNIERODE,EQ,INE838E01017,PONNIE SUGARS (ERODE) LTD,319.6,320.5,312.05,315.3,314.9,0.13,8837,2786305.99
2026-06-12,POONAWALLA,EQ,INE511C01022,POONAWALLA FINCORP LTD,376.0,393.45,375.75,391.9,372.5,5.21,2079603,814996403.01
2026-06-12,POWERGRID,EQ,INE752E01010,POWER GRID CORP. LTD.,288.9,288.9,282.7,284.8,286.65,-0.65,5478294,1560218064.33
2026-06-12,POWERICA,EQ,INE921L01032,POWERICA LIMITED,445.95,464.95,445.1,458.75,440.95,4.04,195220,89557175.0
2026-06-12,POWERINDIA,EQ,INE07Y701011,HITACHI ENERGY INDIA LTD,33900.0,34435.0,33740.0,34325.0,33250.0,3.23,117224,4023713800.0
2026-06-12,POWERMECH,EQ,INE211R01019,POWER MECH PROJECTS LTD.,2630.0,2809.5,2625.7,2789.5,2598.4,7.35,582573,1625087383.5
2026-06-12,PPLPHARMA,EQ,INE0DK501011,PIRAMAL PHARMA LIMITED,162.35,166.39,162.2,163.85,161.31,1.57,2616390,428695517.47
2026-06-12,PRABHA,EQ,INE0I0M01023,PRABHA ENERGY LIMITED,157.15,161.5,157.15,160.71,155.47,3.37,11657,1873396.55
2026-06-12,PRAENG,EQ,INE505C01016,PRAJAY ENG. SYN. LTD.,20.9,20.99,20.1,20.59,20.24,1.73,35274,726291.67
2026-06-12,PRAJIND,EQ,INE074A01025,PRAJ INDUSTRIES LTD,336.0,336.0,324.1,332.1,328.5,1.1,1149143,381630397.31
2026-06-12,PRAKASH,EQ,INE603A01013,PRAKASH INDUSTRIES LTD,137.24,141.98,137.24,141.3,136.13,3.8,206569,29188200.33
2026-06-12,PRAKASHSTL,EQ,INE696K01024,PRAKASH STEELAGE LTD,4.32,4.38,4.3,4.35,4.31,0.93,112318,488583.29
2026-06-12,PRAXIS,EQ,INE546Y01022,PRAXIS HOME RETAIL LTD,7.4,7.4,6.91,7.13,7.18,-0.7,24904,177565.52
2026-06-12,PRECAM,EQ,INE484I01029,PRECISION CAMSHAFTS LTD.,137.97,144.6,137.97,144.03,136.75,5.32,169801,24456437.82
2026-06-12,PRECOT,EQ,INE283A01014,PRECOT LIMITED,667.5,697.35,667.5,697.35,664.15,5.0,6655,4640864.09
2026-06-12,PRECWIRE,EQ,INE372C01037,PRECISION WIRES INDIA LTD,393.0,401.4,387.0,391.75,388.0,0.97,372619,145973493.25
2026-06-12,PREMEXPLN,EQ,INE863B01029,PREMIER EXPLOSIVES LTD,662.0,696.8,662.0,692.65,654.85,5.77,646540,447825946.78
2026-06-12,PREMIERENE,EQ,INE0BS701011,PREMIER ENERGIES LIMITED,1070.0,1084.7,1025.4,1034.6,1058.0,-2.21,1125401,1164339847.12
2026-06-12,PREMIERPOL,EQ,INE309M01020,PREMIER POLYFILM LTD,54.11,56.3,54.11,56.07,55.07,1.82,241478,13539671.39
2026-06-12,PRESTIGE,EQ,INE811K01011,PRESTIGE ESTATE LTD,1354.9,1394.0,1334.1,1387.3,1325.3,4.68,465653,646000429.64
2026-06-12,PRICOLLTD,EQ,INE726V01018,PRICOL LIMITED,554.85,556.9,545.05,550.5,550.5,0.0,682263,375585781.5
2026-06-12,PRIMESECU,EQ,INE032B01021,PRIME SECURITIES LIMITED,285.8,296.0,284.1,289.65,285.7,1.38,19160,5549693.88
2026-06-12,PRIMO,EQ,INE607A01022,PRIMO CHEMICALS LIMITED,24.43,25.44,24.02,24.58,24.19,1.61,196771,4836631.16
2026-06-12,PRINCEPIPE,EQ,INE689W01016,PRINCE PIPES FITTINGS LTD,272.0,278.65,272.0,276.9,270.5,2.37,326604,90436645.61
2026-06-12,PRITI,EQ,INE974Z01015,PRITI INTERNATIONAL LTD,38.99,39.5,37.26,39.03,38.38,1.69,7464,291319.91
2026-06-12,PRIVISCL,EQ,INE959A01019,PRIVI SPECIALITY CHE LTD,3273.0,3455.0,3261.1,3444.3,3243.2,6.2,294649,1014859565.09
2026-06-12,PROSTARM,EQ,INE0BX301013,PROSTARM INFO SYSTEMS LTD,140.25,142.9,138.22,141.6,138.19,2.47,193882,27453692.38
2026-06-12,PROTEAN,EQ,INE004A01022,PROTEAN EGOV TECHNO LTD,600.0,626.3,592.05,617.4,587.65,5.06,382071,235890644.73
2026-06-12,PROZONER,EQ,INE195N01013,PROZONE REALTY LIMITED,48.1,49.45,46.8,47.6,47.78,-0.38,228362,10870030.85
2026-06-12,PRSMJOHNSN,EQ,INE010A01011,PRISM JOHNSON LIMITED,117.77,119.59,117.45,117.89,117.59,0.26,396481,46741144.85
2026-06-12,PRUDENT,EQ,INE00F201020,PRUDENT CORP ADV SER LTD,2843.0,2912.7,2810.0,2909.1,2816.9,3.27,31807,92529746.81
2026-06-12,PSB,EQ,INE608A01012,PUNJAB & SIND BANK,23.8,24.19,23.42,24.02,23.4,2.65,2147540,51583911.78
2026-06-12,PSPPROJECT,EQ,INE488V01015,PSP PROJECTS LIMITED,893.0,923.9,889.0,917.2,877.9,4.48,161387,148024158.37
2026-06-12,PSUBANK,EQ,INF174KA1A86,KOTAK PSU BANK,838.33,854.0,838.33,853.0,829.35,2.85,24693,21063129.0
2026-06-12,PSUBANKADD,EQ,INF740KA1SY9,DSPAMC - DSPPSBKETF,85.27,86.45,84.63,85.82,84.18,1.95,98974,8493948.65
2026-06-12,PSUBNKBEES,EQ,INF204KB16I7,NIP IND ETF PSU BANK BEES,94.89,95.43,92.75,95.3,92.73,2.77,4877925,464866267.39
2026-06-12,PSUBNKIETF,EQ,INF109KC10S8,ICICIPRAMC - PSUBANKICI,85.3,86.58,85.15,86.45,84.24,2.62,206779,17876043.92
2026-06-12,PTC,EQ,INE877F01012,PTC INDIA LIMITED,185.0,190.6,184.53,189.2,183.16,3.3,1237733,234179079.82
2026-06-12,PTCIL,EQ,INE596F01018,PTC INDUSTRIES LIMITED,18368.0,18673.0,18300.0,18602.0,18180.0,2.32,10057,187080314.0
2026-06-12,PTL,EQ,INE034D01049,PTL ENTERPRISES LTD,40.0,40.85,40.0,40.75,40.02,1.82,94774,3862040.5
2026-06-12,PUNJABCHEM,EQ,INE277B01014,PUNJAB CHEM & CROP PROT L,1009.0,1015.0,995.0,1005.2,998.4,0.68,4073,4094179.65
2026-06-12,PURVA,EQ,INE323I01011,PURAVANKARA LIMITED,206.9,209.8,203.82,209.18,203.39,2.85,83504,17467366.11
2026-06-12,PVP,EQ,INE362A01016,PVP VENTURES LIMITED,31.29,32.74,30.6,31.1,30.87,0.75,380999,11849069.05
2026-06-12,PVRINOX,EQ,INE191H01014,PVR INOX LIMITED,958.7,964.0,939.05,943.5,945.15,-0.17,281412,265512222.0
2026-06-12,PVSL,EQ,INE772T01024,POPULAR VEHICLES N SER L,94.0,96.05,92.85,94.6,93.07,1.64,48090,4549313.93
2026-06-12,PVTBANIETF,EQ,INF109KC18U7,ICICIPRAMC - ICICIBANKP,27.18,27.9,27.17,27.85,27.1,2.77,13380130,372636625.6
2026-06-12,PVTBANKADD,EQ,INF740KA1TA7,DSPAMC - DSPPVBKETF,27.6,28.01,27.36,27.9,27.22,2.5,106974,2984574.56
2026-06-12,PVTBKGROWW,EQ,INF666M01OT5,GROWWAMC - PVTBKGROWW,27.45,28.5,26.75,27.65,26.91,2.75,56437,1560483.03
2026-06-12,PWL,EQ,INE0LP301011,PHYSICSWALLAH LIMITED,107.5,108.54,105.65,106.79,105.95,0.79,6441229,687858850.81
2026-06-12,PYRAMID,EQ,INE0MIS01010,PYRAMID TECHNOPLAST LTD,161.1,170.0,161.1,168.06,161.9,3.8,25165,4229229.84
2026-06-12,QGOLDHALF,EQ,INF082J01408,QUANTUM GOLD ETF,121.89,123.47,121.28,122.14,119.73,2.01,189900,23194385.88
2026-06-12,QNIFTY,EQ,INF082J01499,QUANTUM NIFTY 50 ETF,256.8,259.0,255.27,258.99,254.0,1.96,7898,2045502.94
2026-06-12,QPOWER,EQ,INE0SII01026,QUALITY POWER ELEC EQUP L,1180.0,1221.1,1154.1,1221.1,1163.0,5.0,250571,305972241.98
2026-06-12,QUADFUTURE,EQ,INE0LRY01011,QUADRANT FUTURE TEK LTD,337.7,345.0,333.4,342.25,333.4,2.65,253440,86739840.0
2026-06-12,QUAL30IETF,EQ,INF109KC18V5,ICICIPRAMC - ICICIQTY30,20.43,20.48,20.18,20.35,20.16,0.94,297121,6046412.46
2026-06-12,QUESS,EQ,INE615P01015,QUESS CORP LIMITED,244.8,244.99,239.04,244.02,242.12,0.78,473615,115571534.32
2026-06-12,QUICKHEAL,EQ,INE306L01010,QUICK HEAL TECH LTD,167.89,172.0,163.0,170.62,166.77,2.31,68325,11657611.17
2026-06-12,RACE,EQ,INE084Q01012,RACE ECO CHAIN LIMITED,111.99,111.99,107.61,107.94,107.0,0.88,1278,137947.32
2026-06-12,RACLGEAR,EQ,INE704B01017,RACL GEARTECH LIMITED,1260.1,1284.0,1235.0,1277.4,1230.1,3.85,16515,21096261.4
2026-06-12,RADAAN,EQ,INE874F01027,RADAAN MEDIAWORKS (I) LTD,3.03,3.15,2.82,2.91,3.07,-5.21,11851,34486.41
2026-06-12,RADIANTCMS,EQ,INE855R01021,RADIANT CASH MGMT SER LTD,39.65,41.5,38.95,40.12,39.16,2.45,110096,4417051.4
2026-06-12,RADICO,EQ,INE944F01028,RADICO KHAITAN LTD,3484.9,3557.6,3460.2,3541.7,3449.9,2.66,302638,1071852989.82
2026-06-12,RADIOCITY,EQ,INE919I01024,MUSIC BROADCAST LIMITED,6.14,6.2,6.03,6.08,6.14,-0.98,24148,146819.84
2026-06-12,RAILTEL,EQ,INE0DD101019,RAILTEL CORP OF IND LTD,300.85,311.0,297.0,308.75,294.5,4.84,926300,285995125.0
2026-06-12,RAIN,EQ,INE855B01025,RAIN INDUSTRIES LIMITED,197.55,202.3,194.81,196.87,194.69,1.12,3813919,750846214.91
2026-06-12,RAINBOW,EQ,INE961O01016,RAINBOW CHILDRENS MED LTD,1340.0,1368.0,1340.0,1365.0,1339.9,1.87,72355,98764575.0
2026-06-12,RAJMET,EQ,INE00KV01022,RAJNANDINI METAL LIMITED,3.67,3.75,3.67,3.69,3.67,0.54,153993,568234.18
2026-06-12,RAJPALAYAM,EQ,INE296E01026,RAJAPALAYAM MILLS LTD.,818.4,847.6,804.2,842.4,811.45,3.81,1744,1469145.64
2026-06-12,RAJRATAN,EQ,INE451D01029,RAJRATAN GLOBAL WIRE LTD,436.0,465.9,436.0,459.2,437.5,4.96,155486,71399173.1
2026-06-12,RAJSREESUG,EQ,INE562B01019,RAJSHREE SUGAR & CHEMICAL,31.98,32.58,31.9,32.48,31.41,3.41,25576,830708.47
2026-06-12,RAJTV,EQ,INE952H01027,RAJ TV NETWORK LTD,12.36,12.36,11.58,11.75,12.12,-3.05,135059,1586943.25
2026-06-12,RALLIS,EQ,INE613A01020,RALLIS INDIA LTD,224.25,229.34,224.25,228.77,222.83,2.67,237789,54398990.55
2026-06-12,RAMANEWS,EQ,INE278B01020,SHREE RAMA NEWSPRINT LTD,28.89,29.8,28.1,29.15,28.99,0.55,42389,1235639.33
2026-06-12,RAMAPHO,EQ,INE809A01032,RAMA PHOSPHATES LIMITED,122.9,124.0,120.5,121.35,121.02,0.27,28970,3515509.46
2026-06-12,RAMCOCEM,EQ,INE331A01037,THE RAMCO CEMENTS LIMITED,856.5,886.5,846.2,880.6,851.0,3.48,312755,275412045.36
2026-06-12,RAMCOIND,EQ,INE614A01028,RAMCO INDUSTRIES LIMITED,282.4,298.8,275.0,291.6,279.2,4.44,267018,77862450.43
2026-06-12,RAMCOSYS,EQ,INE246B01019,RAMCO SYSTEMS LTD.,561.0,581.5,551.0,562.15,549.8,2.25,463028,260291201.5
2026-06-12,RAMKY,EQ,INE874I01013,RAMKY INFRA LTD,415.45,440.0,415.45,438.35,415.05,5.61,81531,35739114.35
2026-06-12,RAMRAT,EQ,INE207E01023,RAM RATNA WIRES LIMITED,372.55,383.0,368.8,379.2,366.8,3.38,112225,42555721.37
2026-06-12,RANASUG,EQ,INE625B01014,RANA SUGARS LTD.,12.85,12.85,12.45,12.64,12.58,0.48,111455,1408791.24
2026-06-12,RANEHOLDIN,EQ,INE384A01010,RANE HOLDINGS LIMITED,1376.0,1475.0,1376.0,1450.0,1371.0,5.76,11385,16508250.0
2026-06-12,RATEGAIN,EQ,INE0CLI01024,RATEGAIN TRAVEL TECHN LTD,788.0,797.0,775.0,783.05,772.75,1.33,327158,256181067.91
2026-06-12,RATNAMANI,EQ,INE703B01027,RATNAMANI MET & TUB LTD.,2536.0,2600.0,2528.5,2580.5,2532.3,1.9,16455,42462127.5
2026-06-12,RATNAVEER,EQ,INE05CZ01011,RATNAVEER PRECISION ENG L,162.78,166.5,160.65,164.31,159.9,2.76,685152,112577323.45
2026-06-12,RAYMOND,EQ,INE301A01014,RAYMOND LTD,563.9,586.0,562.55,580.7,555.05,4.62,841218,488495302.87
2026-06-12,RAYMONDLSL,EQ,INE02ID01020,RAYMOND LIFESTYLE LIMITED,779.9,800.45,779.0,794.75,769.5,3.28,229696,182550896.0
2026-06-12,RAYMONDREL,EQ,INE1SY401010,RAYMOND REALTY LIMITED,572.4,597.45,572.4,593.4,562.6,5.47,416399,247091176.77
2026-06-12,RBA,EQ,INE07T201019,RESTAURANT BRAND ASIA LTD,68.42,69.1,68.05,68.85,68.05,1.18,2843650,195785298.16
2026-06-12,RBLBANK,EQ,INE976G01028,RBL BANK LIMITED,363.0,368.45,353.55,365.85,359.1,1.88,8410483,3076975256.88
2026-06-12,RCF,EQ,INE027A01015,RASHTRIYA CHEMICALS & FER,126.0,127.8,125.1,127.35,124.63,2.18,1263990,160969124.57
2026-06-12,RECLTD,EQ,INE020B01018,REC LIMITED,341.25,348.75,339.9,348.05,336.85,3.32,2634728,917017048.24
2026-06-12,REDINGTON,EQ,INE891D01026,REDINGTON LIMITED,234.8,236.99,232.01,236.13,231.04,2.2,2152304,508223554.03
2026-06-12,REDTAPE,EQ,INE0LXT01019,REDTAPE LIMITED,132.35,135.95,130.58,133.87,131.91,1.49,507894,67991767.3
2026-06-12,REFEX,EQ,INE056I01025,REFEX INDUSTRIES LIMITED,302.0,311.9,302.0,311.0,296.05,5.05,612019,190337909.0
2026-06-12,REGAAL,EQ,INE0MHO01029,REGAAL RESOURCES LIMITED,82.0,82.5,80.0,80.76,80.92,-0.2,62034,5009865.97
2026-06-12,REGENCERAM,EQ,INE277C01012,REGENCY CERAMICS LTD.,40.06,41.0,39.01,39.42,39.87,-1.13,2921,115145.81
2026-06-12,RELAXO,EQ,INE131B01039,RELAXO FOOT LTD.,339.35,346.0,339.35,342.65,336.7,1.77,159462,54639653.33
2026-06-12,RELCHEMQ,EQ,INE750D01016,RELIANCE CHEMOTEX IND LTD,119.21,143.05,119.21,141.29,119.21,18.52,115569,16328743.23
2026-06-12,RELIABLE,EQ,INE375Y01018,RELIABLE DATA SERVICE LTD,147.0,149.9,142.5,147.84,144.79,2.11,78857,11658218.59
2026-06-12,RELIANCE,EQ,INE002A01018,RELIANCE INDUSTRIES LTD,1277.0,1297.0,1262.5,1293.0,1263.0,2.38,11988785,15501499005.0
2026-06-12,RELIGARE,EQ,INE621H01010,RELIGARE ENTER. LTD.,231.35,241.26,229.84,239.82,231.09,3.78,683668,163957264.77
2026-06-12,RELTD,EQ,INE206N01018,RAVINDRA ENERGY LIMITED,133.7,136.7,130.4,136.0,131.87,3.13,384974,52356464.0
2026-06-12,REMSONSIND,EQ,INE474C01023,REMSONS INDUSTRIES LTD,86.84,89.49,86.0,88.86,84.47,5.2,143488,12750343.77
2026-06-12,RENUKA,EQ,INE087H01022,SHREE RENUKA SUGARS LTD,21.99,22.39,21.81,22.29,21.68,2.81,5743642,128025785.44
2026-06-12,REPCOHOME,EQ,INE612J01015,REPCO HOME FINANCE LTD,370.5,383.25,369.7,381.65,368.8,3.48,184506,70416713.77
2026-06-12,REPRO,EQ,INE461B01014,REPRO INDIA LIMITED,351.0,358.0,351.0,356.4,350.8,1.6,2434,867477.59
2026-06-12,RESPONIND,EQ,INE688D01026,RESPONSIVE INDUSTRIES LTD,165.8,176.0,165.8,174.73,164.43,6.26,52792,9224345.93
2026-06-12,RETAIL,EQ,INE03DD01011,JHS SVENDGAARD RETAIL V L,18.6,18.96,17.4,17.98,18.01,-0.17,8624,155059.52
2026-06-12,RGL,EQ,INE722H01024,RENAISSANCE GLOBAL LTD,103.57,105.7,103.57,104.65,102.67,1.93,618836,64761188.34
2026-06-12,RHETAN,EQ,INE0KKN01029,RHETAN TMT LIMITED,32.0,32.41,29.52,29.96,31.44,-4.71,22408234,671350670.12
2026-06-12,RHIM,EQ,INE743M01012,RHI MAGNESITA INDIA LTD,362.7,369.45,359.95,367.8,358.2,2.68,118660,43643146.55
2026-06-12,RHL,EQ,INE508K01013,ROBUST HOTELS LIMITED,177.1,179.0,175.7,177.04,177.01,0.02,5096,902195.81
2026-06-12,RICOAUTO,EQ,INE209B01025,RICO AUTO INDUSTRIES LTD,129.5,134.34,129.49,133.19,127.42,4.53,2415303,321694212.47
2026-06-12,RIIL,EQ,INE046A01015,RELIANCE INDUSTRIAL INFRA,779.9,791.0,777.0,787.85,772.1,2.04,69903,55073076.84
2026-06-12,RISHABH,EQ,INE0N2P01017,RISHABH INSTRUMENTS LTD,540.3,559.0,535.05,556.45,536.4,3.74,185867,103425694.42
2026-06-12,RITCO,EQ,INE01EG01016,RITCO LOGISTICS LIMITED,247.0,255.95,243.9,251.75,247.0,1.92,45459,11444303.25
2026-06-12,RITES,EQ,INE320J01015,RITES LIMITED,202.49,206.7,201.81,206.06,200.51,2.77,300908,62005101.75
2026-06-12,RKDL,EQ,INE722J01012,RAVI KUMAR DIST. LTD.,18.03,18.7,18.03,18.47,18.03,2.44,18343,338795.2
2026-06-12,RKEC,EQ,INE786W01010,RKEC PROJECTS LIMITED,28.58,29.49,27.21,27.58,27.1,1.77,52733,1454376.14
2026-06-12,RKFORGE,EQ,INE399G01023,RAMKRISHNA FORGINGS LTD,567.1,595.0,567.1,592.2,561.95,5.38,776746,459988990.68
2026-06-12,RKSWAMY,EQ,INE0NQ801033,R K SWAMY LIMITED,98.03,101.5,97.7,99.56,98.08,1.51,50606,5038333.24
2026-06-12,RMC,EQ,INE655V01019,RMC SWITCHGEARS LIMITED,287.85,303.1,287.85,300.15,288.7,3.97,53217,15973082.23
2026-06-12,RML,EQ,INE050H01012,RANE (MADRAS) LIMITED,892.35,925.0,892.35,922.7,891.3,3.52,14666,13532318.38
2026-06-12,ROHLTD,EQ,INE283H01019,ROYAL ORCHID HOTELS LTD,310.0,319.0,310.0,316.6,308.35,2.68,10955,3468353.07
2026-06-12,ROLEXRINGS,EQ,INE645S01024,ROLEX RINGS LIMITED,138.19,140.34,137.13,139.43,136.78,1.94,886340,123582379.71
2026-06-12,ROML,EQ,INE294G01026,RAJ OIL MILLS LIMITED,44.6,45.49,44.16,45.4,44.59,1.82,1485,67419.0
2026-06-12,ROSSARI,EQ,INE02A801020,ROSSARI BIOTECH LIMITED,498.0,512.0,490.6,503.95,488.65,3.13,115938,58426956.52
2026-06-12,ROSSELLIND,EQ,INE847C01020,ROSSELL INDIA LIMITED,53.81,54.5,53.06,53.84,53.92,-0.15,14161,762428.24
2026-06-12,ROSSTECH,EQ,INE0OJW01016,ROSSELL TECHSYS LIMITED,995.1,1007.4,984.2,995.4,970.8,2.53,102971,102497335.91
2026-06-12,ROTO,EQ,INE535D01037,ROTO PUMPS LIMITED,58.8,68.48,58.8,64.52,58.16,10.94,17740779,1144635001.53
2026-06-12,ROUTE,EQ,INE450U01017,ROUTE MOBILE LIMITED,518.0,530.4,512.45,521.9,509.55,2.42,96667,50450509.66
2026-06-12,RPEL,EQ,INE912T01018,RAGHAV PRODUCTIVITY ENH L,1159.8,1201.0,1159.05,1189.05,1155.6,2.89,159838,190055381.7
2026-06-12,RPGLIFE,EQ,INE105J01010,RPG LIFE SCIENCES LTD,2204.9,2308.8,2188.2,2216.7,2199.6,0.78,20682,45845788.39
2026-06-12,RPOWER,EQ,INE614G01033,RELIANCE POWER LTD.,26.2,26.76,26.01,26.61,25.72,3.46,36195666,963166694.35
2026-06-12,RPPINFRA,EQ,INE324L01013,R.P.P INFRA PROJECTS LTD,60.67,62.5,59.52,61.93,59.46,4.15,60486,3745898.0
2026-06-12,RPSGVENT,EQ,INE425Y01011,RPSG VENTURES LIMITED,890.0,890.0,864.35,872.4,870.15,0.26,14275,12453510.35
2026-06-12,RPTECH,EQ,INE0J1F01024,RASHI PERIPHERALS LIMITED,541.0,560.0,536.85,558.4,531.15,5.13,129836,72500425.57
2026-06-12,RRKABEL,EQ,INE777K01022,R R KABEL LIMITED,2155.0,2216.7,2142.1,2168.2,2128.1,1.88,467495,1013622636.17
2026-06-12,RSL,EQ,INE313L01016,RAJPUTANA STAINLESS LTD,128.05,132.21,127.22,130.39,128.17,1.73,554875,72350150.91
2026-06-12,RSSOFTWARE,EQ,INE165B01029,R. S. SOFTWARE (INDIA) LI,32.0,32.0,30.26,31.17,31.27,-0.32,19694,613861.98
2026-06-12,RSYSTEMS,EQ,INE411H01032,R SYS INTERNATIONAL LTD,245.0,254.0,244.95,251.4,243.15,3.39,260996,65614392.81
2026-06-12,RTNINDIA,EQ,INE834M01019,RATTANINDIA ENT LIMITED,35.5,36.49,35.31,36.4,35.0,4.0,1394636,50764752.53
2026-06-12,RTNPOWER,EQ,INE399K01017,RATTANINDIA POWER LIMITED,9.02,9.27,9.0,9.24,8.98,2.9,12463321,115161083.19
2026-06-12,RUBFILA,EQ,INE642C01025,RUBFILA INTERNATIONAL LTD,70.85,72.74,70.52,71.4,70.16,1.77,10548,753127.22
2026-06-12,RUBICON,EQ,INE506V01022,RUBICON RESEARCH LIMITED,1305.0,1331.5,1282.2,1295.5,1285.3,0.79,664748,861181034.0
2026-06-12,RUBYMILLS,EQ,INE301D01026,THE RUBY MILLS LTD,342.9,348.9,330.0,332.2,342.9,-3.12,19682,6538360.64
2026-06-12,RUCHINFRA,EQ,INE413B01023,RUCHI INFRASTRUCTURE LTD,6.1,6.27,6.0,6.18,6.05,2.15,100001,618006.16
2026-06-12,RUCHIRA,EQ,INE803H01014,RUCHIRA PAPERS LIMITED,109.76,109.78,106.7,108.69,107.97,0.67,69286,7530695.51
2026-06-12,RUDRA,EQ,INE027T01023,RUDRA GLOBAL INFRA PROD L,17.5,17.99,17.42,17.94,17.5,2.51,21445,384723.31
2026-06-12,RUPA,EQ,INE895B01021,RUPA & COMPANY LTD,144.7,150.2,144.7,149.51,144.6,3.4,39492,5904448.7
2026-06-12,RUSHIL,EQ,INE573K01025,RUSHIL DECOR LIMITED,14.9,15.35,14.67,15.16,14.59,3.91,404978,6139466.42
2026-06-12,RUSTOMJEE,EQ,INE263M01029,KEYSTONE REALTORS LIMITED,380.95,391.0,380.95,388.5,380.25,2.17,14792,5746692.0
2026-06-12,RVHL,EQ,INE09E501017,RAVINDER HEIGHTS LIMITED,48.6,51.0,46.21,50.38,47.02,7.15,42741,2153291.63
2026-06-12,RVNL,EQ,INE415G01027,RAIL VIKAS NIGAM LIMITED,228.5,234.0,225.1,233.26,222.19,4.98,7558813,1763168678.86
2026-06-12,RVTH,EQ,INE0DAB01012,REVATHI EQUIPMENT INDIA L,687.15,741.0,687.15,695.35,687.15,1.19,1193,829552.52
2026-06-12,S&SPOWER,EQ,INE902B01017,S&S POWER SWITCHGEARS LTD,399.95,417.0,382.55,387.1,397.2,-2.54,924,357680.41
2026-06-12,SAATVIKGL,EQ,INE13B501022,SAATVIK GREEN ENERGY LTD,469.95,484.5,466.0,476.4,462.9,2.92,138538,65999502.35
2026-06-12,SADBHAV,EQ,INE226H01026,SADBHAV ENGINEERING LTD,9.33,9.78,8.66,9.12,9.24,-1.3,202281,1844802.7
2026-06-12,SADBHIN,EQ,INE764L01010,SADBHAV INFRA PROJ LTD.,3.01,3.08,2.9,3.02,3.01,0.33,66301,200229.02
2026-06-12,SAFARI,EQ,INE429E01023,SAFARI IND (INDIA) LTD,1527.2,1574.0,1515.8,1535.1,1517.6,1.15,66663,102334369.67
2026-06-12,SAGARDEEP,EQ,INE976T01013,SAGARDEEP ALLOYS LIMITED,24.5,25.4,24.3,24.65,24.5,0.61,7908,194932.2
2026-06-12,SAGCEM,EQ,INE229C01021,SAGAR CEMENTS LIMITED,168.65,171.37,166.5,167.46,167.53,-0.04,75622,12663660.63
2026-06-12,SAGILITY,EQ,INE0W2G01015,SAGILITY LIMITED,40.25,40.68,39.66,40.47,39.26,3.08,16031956,648813278.89
2026-06-12,SAHLIBHFI,EQ,INE861D01011,SHALIBHADRA FINANCE LTD,75.1,77.8,73.6,76.68,74.69,2.66,9238,708369.84
2026-06-12,SAHYADRI,EQ,INE280H01015,SAHYADRI INDUSTRIES LTD,269.2,269.2,262.55,264.2,266.3,-0.79,10503,2774892.73
2026-06-12,SAIL,EQ,INE114A01011,STEEL AUTHORITY OF INDIA,184.9,185.82,180.35,184.09,181.36,1.51,10126753,1864233922.68
2026-06-12,SAILIFE,EQ,INE570L01029,SAI LIFE SCIENCES LIMITED,1200.0,1244.2,1193.0,1218.1,1181.2,3.12,333448,406173000.66
2026-06-12,SAIPARENT,EQ,INE0H9F01037,SAI PARENTERALS LIMITED,571.0,596.5,564.2,569.5,558.35,2.0,337514,192214223.0
2026-06-12,SAKAR,EQ,INE732S01012,SAKAR HEALTHCARE LIMITED,810.0,841.5,810.0,824.1,803.05,2.62,104622,86218987.65
2026-06-12,SAKHTISUG,EQ,INE623A01011,SAKTHI SUGARS LTD,17.62,17.79,17.25,17.65,17.62,0.17,75007,1323873.52
2026-06-12,SAKSOFT,EQ,INE667G01023,SAKSOFT LIMITED,139.0,141.0,135.2,137.85,138.17,-0.23,298197,41106458.27
2026-06-12,SAKUMA,EQ,INE190H01024,SAKUMA EXPORTS LIMITED,1.88,1.93,1.86,1.91,1.87,2.14,754484,1441064.41
2026-06-12,SALASAR,EQ,INE170V01027,SALASAR TECHNO ENGG. LTD.,6.6,7.07,6.53,6.96,6.42,8.41,5611953,39059193.09
2026-06-12,SALONA,EQ,INE498E01010,SALONA COTSPIN LTD.,267.0,272.65,258.0,259.1,266.3,-2.7,718,186033.8
2026-06-12,SALSTEEL,EQ,INE658G01014,S.A.L. STEEL LTD.,55.51,60.0,55.0,59.09,57.84,2.16,186835,11040080.18
2026-06-12,SALZERELEC,EQ,INE457F01013,SALZER ELECTRONICS LTD,633.0,637.0,615.55,634.9,619.4,2.5,41890,26595962.02
2026-06-12,SAMBHAAV,EQ,INE699B01027,SAMBHAAV MEDIA LTD,6.5,6.57,6.21,6.32,6.24,1.28,20112,127107.84
2026-06-12,SAMBHV,EQ,INE12NJ01018,SAMBHV STEEL TUBES LTD,105.5,109.0,105.1,108.44,103.79,4.48,761607,82588664.94
2026-06-12,SAMHI,EQ,INE08U801020,SAMHI HOTELS LIMITED,160.99,164.48,160.16,163.49,159.72,2.36,647587,105874002.19
2026-06-12,SAMMAANCAP,EQ,INE148I01020,SAMMAAN CAPITAL LIMITED,171.0,174.98,169.42,174.42,167.97,3.84,13048147,2275857775.85
2026-06-12,SAMPANN,EQ,INE735M01018,SAMPANN UTPADAN INDIA LTD,27.25,28.84,26.8,27.77,26.88,3.31,362667,10071262.76
2026-06-12,SANATHAN,EQ,INE0JPD01013,SANATHAN TEXTILES LIMITED,411.75,418.75,402.05,407.35,409.05,-0.42,20195,8226433.37
2026-06-12,SANDESH,EQ,INE583B01015,SANDESH LTD,936.4,949.0,930.6,943.5,930.1,1.44,360,339660.0
2026-06-12,SANDHAR,EQ,INE278H01035,SANDHAR TECHNOLOGIES LTD,750.0,763.2,707.4,712.0,734.65,-3.08,843988,600919456.0
2026-06-12,SANDUMA,EQ,INE149K01016,SANDUR MANG & IRON ORES L,212.0,216.5,210.4,215.85,207.0,4.28,1249611,269728541.98
2026-06-12,SANGAMIND,EQ,INE495C01010,SANGAM (INDIA) LTD,530.0,544.8,525.5,542.25,529.35,2.44,49603,26897226.75
2026-06-12,SANGHVIMOV,EQ,INE989A01032,SANGHVI MOVERS LTD,375.0,389.85,375.0,387.95,371.3,4.48,310635,120510852.04
2026-06-12,SANOFI,EQ,INE058A01010,SANOFI INDIA LIMITED,3184.0,3184.0,3085.2,3120.9,3145.5,-0.78,24030,74995224.65
2026-06-12,SANOFICONR,EQ,INE0UOS01011,SANOFI CONS HEALTHC IND L,4600.0,4680.0,4592.0,4616.9,4601.6,0.33,3332,15383510.47
2026-06-12,SANSERA,EQ,INE953O01021,SANSERA ENGINEERING LTD,2904.5,2950.0,2871.0,2914.2,2861.5,1.84,233548,680605570.2
2026-06-12,SANSTAR,EQ,INE08NE01025,SANSTAR LIMITED,114.11,117.4,111.68,116.48,111.84,4.15,563976,65691926.37
2026-06-12,SAPPHIRE,EQ,INE806T01020,SAPPHIRE FOODS INDIA LTD,166.35,171.25,166.3,169.25,166.91,1.4,841712,142459756.0
2026-06-12,SARDAEN,EQ,INE385C01021,SARDA ENERGY & MIN LTD,526.05,530.0,508.05,520.45,522.1,-0.32,751706,391225396.88
2026-06-12,SAREGAMA,EQ,INE979A01025,SAREGAMA INDIA LIMITED,459.0,469.0,449.0,455.85,452.3,0.78,1394362,635619926.21
2026-06-12,SARLAPOLY,EQ,INE453D01025,SARLA PERF. FIBERS LTD,97.2,99.4,97.2,97.82,95.82,2.09,50379,4928073.76
2026-06-12,SARVESHWAR,EQ,INE324X01026,SARVESHWAR FOODS LIMITED,3.44,3.48,3.3,3.43,3.43,0.0,989631,3394434.4
2026-06-12,SASKEN,EQ,INE231F01020,SASKEN TECHNOLOGIES LTD,2100.5,2175.9,2100.5,2120.6,2072.9,2.3,52430,111183063.12
2026-06-12,SATIA,EQ,INE170E01023,SATIA INDUSTRIES LIMITED,53.25,54.88,53.22,54.54,52.6,3.69,28413,1549645.05
2026-06-12,SATIN,EQ,INE836B01017,SATIN CREDIT NET LTD,225.0,230.0,220.41,226.32,219.69,3.02,444134,100516410.13
2026-06-12,SAURASHCEM,EQ,INE626A01014,SAURASHTRA CEMENT LIMITED,57.15,59.8,57.15,59.43,56.89,4.46,29799,1770954.58
2026-06-12,SAYAJIHOTL,EQ,INE318C01014,SAYAJI HOTELS LTD.,290.0,295.0,290.0,295.0,282.0,4.61,201,59295.0
2026-06-12,SBC,EQ,INE04AK01028,SBC EXPORTS LIMITED,36.97,37.7,36.71,37.18,36.97,0.57,18461673,686405007.77
2026-06-12,SBCL,EQ,INE386D01027,SHIVALIK BIMETAL CON. LTD,674.65,706.9,674.65,695.5,668.35,4.06,499764,347585862.0
2026-06-12,SBFC,EQ,INE423Y01016,SBFC FINANCE LIMITED,90.01,91.56,90.01,90.59,89.86,0.81,1032463,93530819.39
2026-06-12,SBGLP,EQ,INE05ST01028,SURATWWALA BUS GROUP LTD,25.34,26.48,25.34,25.83,25.86,-0.12,12693,327860.19
2026-06-12,SBICARD,EQ,INE018E01016,SBI CARDS & PAY SER LTD,576.1,591.0,571.2,589.45,568.25,3.73,529582,312162116.36
2026-06-12,SBIETFCON,EQ,INF200KA1X17,SBIAMC - SBIETFCON,115.0,115.89,114.27,115.72,113.86,1.63,5545,641667.41
2026-06-12,SBIETFIT,EQ,INF200KA1S14,SBIAMC - SBIETFIT,305.49,311.89,305.49,308.25,308.58,-0.11,14663,4519869.75
2026-06-12,SBIETFPB,EQ,INF200KA1S22,SBIAMC - SBIETFPB,276.45,281.59,275.33,280.88,274.22,2.43,5915,1661405.23
2026-06-12,SBIETFQLTY,EQ,INF200KA1WX6,SBIAMC - SBIETFQLTY,214.56,247.28,213.19,217.33,212.78,2.14,12963,2817248.81
2026-06-12,SBILIFE,EQ,INE123W01016,SBI LIFE INSURANCE CO LTD,1742.0,1744.9,1700.4,1706.0,1719.1,-0.76,1438254,2453661324.0
2026-06-12,SBIN,EQ,INE062A01020,STATE BANK OF INDIA,1018.0,1018.7,1004.35,1017.15,1000.7,1.64,11081119,11271160461.39
2026-06-12,SBINEQWETF,EQ,INF200KB1282,SBIAMC - SBINEQWETF,31.7,32.5,31.7,32.38,31.9,1.5,28787,932123.09
2026-06-12,SBINMID150,EQ,INF200KB1AK8,SBIAMC - SBINMID150,22.28,22.28,22.28,22.28,21.75,2.42,0,0.0
2026-06-12,SBISILVER,EQ,INF200KB1217,SBIAMC - SBISILVER,226.78,238.0,226.78,235.52,226.78,3.85,1589081,374260363.91
2026-06-12,SBISMLETF,EQ,INF200KB1AY9,SBIAMC - SBISMLETF,17.07,17.07,17.07,17.07,16.63,2.63,0,0.0
2026-06-12,SBIVALETF,EQ,INF200KB1AX1,SBIAMC - SBIVALETF,15.24,15.24,15.24,15.24,14.94,1.95,0,0.0
2026-06-12,SCHAEFFLER,EQ,INE513A01022,SCHAEFFLER INDIA LIMITED,3899.8,4064.0,3865.0,4055.7,3860.2,5.06,61087,247750542.92
2026-06-12,SCHAND,EQ,INE807K01035,S CHAND AND COMPANY LTD,144.6,146.0,141.82,145.17,142.87,1.61,26132,3793582.39
2026-06-12,SCHNEIDER,EQ,INE839M01018,SCHNEIDER ELECTRIC INFRA,1111.2,1116.3,1073.5,1105.7,1089.3,1.51,297061,328460333.2
2026-06-12,SCI,EQ,INE109A01011,SHIPPING CORP OF INDIA LT,291.5,298.0,289.65,297.05,287.05,3.48,3683532,1094193135.64
2026-06-12,SCILAL,EQ,INE0PB301013,SHIPPING CORP OF ILA LTD,43.7,45.7,43.7,44.93,43.49,3.31,416931,18732709.96
2026-06-12,SCODATUBES,EQ,INE090501011,SCODA TUBES LIMITED,120.74,123.66,120.1,123.15,118.61,3.83,125005,15394365.94
2026-06-12,SDBL,EQ,INE480C01038,SOM DIST & BREW LTD,75.51,78.5,75.0,77.09,74.17,3.94,901364,69486147.46
2026-06-12,SEAMECLTD,EQ,INE497B01018,SEAMEC LIMITED,1605.5,1611.0,1540.0,1583.5,1588.5,-0.31,45828,72568638.0
2026-06-12,SECMARK,EQ,INE0BTM01013,SECMARK CONSULTANCY LTD,131.0,134.4,129.0,129.91,128.13,1.39,22,2858.02
2026-06-12,SECURKLOUD,EQ,INE650K01021,SECUREKLOUD TECH LIMITED,20.7,20.7,18.9,19.21,19.84,-3.18,26614,511254.92
2026-06-12,SEDEMAC,EQ,INE00XB01019,SEDEMAC MECHATRONICS LTD,2674.0,2937.1,2641.9,2770.7,2642.5,4.85,572312,1585704830.46
2026-06-12,SEJALLTD,EQ,INE955I01044,SEJAL GLASS LIMITED,663.95,674.75,650.0,657.65,661.25,-0.54,17631,11595027.58
2026-06-12,SELECTIPO,EQ,INF769K01ON4,MIRAEAMC - SELECTIPO,41.86,43.22,41.86,43.09,41.86,2.94,27355,1178726.95
2026-06-12,SEMAC,EQ,INE617A01013,SEMAC CONSTRUCTION LTD,309.5,324.95,309.5,324.95,309.5,4.99,858,278807.11
2026-06-12,SENCO,EQ,INE602W01027,SENCO GOLD LIMITED,337.25,340.0,329.15,338.35,328.05,3.14,332214,112404608.93
2026-06-12,SENORES,EQ,INE0RB801010,SENORES PHARMACEUTICALS L,1193.0,1296.0,1182.8,1290.0,1160.7,11.14,1348158,1739123820.0
2026-06-12,SENSEXADD,EQ,INF740KA1SZ6,DSPAMC - DSPSENXETF,75.77,77.5,75.77,77.38,75.93,1.91,2022,156462.35
2026-06-12,SENSEXBETA,EQ,INF789FB1X58,UTIAMC-SENSEXBETA,819.35,834.0,819.35,832.2,814.87,2.13,1783,1483812.62
2026-06-12,SENSEXETF,EQ,INF769K01KT9,MIRAEAMC - SENSEXETF,77.44,77.78,76.51,77.5,75.92,2.08,83173,6445907.5
2026-06-12,SENSEXIETF,EQ,INF346A01034,ICICI PRUD SENSEX ETF,854.95,864.5,852.02,863.16,845.02,2.15,12710,10970763.26
2026-06-12,SEPC,EQ,INE964H01014,SEPC LIMITED,6.3,7.0,6.3,6.91,6.18,11.81,36829945,254494914.33
2026-06-12,SERVOTECH,EQ,INE782X01033,SERVOTECH REN POW SYS LTD,98.1,103.65,98.01,102.53,96.19,6.59,1966308,201605556.84
2026-06-12,SESHAPAPER,EQ,INE630A01024,SESHASAYEE PAPER & BOARDS,229.9,229.9,226.21,227.81,225.05,1.23,7611,1733861.89
2026-06-12,SETF10GILT,EQ,INF200KA1JT1,SBIAMC - SETF10GILT,262.6,262.6,259.51,261.0,260.0,0.38,20244,5283684.0
2026-06-12,SETFGOLD,EQ,INF200KA16D8,SBI-ETF GOLD,126.07,126.07,124.62,125.74,123.0,2.23,4670304,587244014.98
2026-06-12,SETFNIF50,EQ,INF200KA1FS1,SBI-ETF NIFTY 50,250.0,253.4,249.73,253.05,248.34,1.9,639580,161845720.95
2026-06-12,SETFNIFBK,EQ,INF200KA1580,SBI-ETF NIFTY BANK,570.0,581.33,569.87,580.66,564.69,2.83,116664,67742115.11
2026-06-12,SETFNN50,EQ,INF200KA1598,SBI-ETF NIFTY NEXT 50,741.0,749.0,735.61,747.4,731.19,2.22,31225,23337565.76
2026-06-12,SETL,EQ,INE0M4D01010,STANDARD ENGNG TCNLGY LTD,156.0,160.99,154.2,158.9,153.85,3.28,386809,61463947.74
2026-06-12,SFL,EQ,INE916U01025,SHEELA FOAM LIMITED,687.3,708.45,674.0,703.55,680.35,3.41,271377,190927285.04
2026-06-12,SGFIN,EQ,INE618R01015,SG FINSERVE LIMITED,585.0,615.0,583.15,611.75,570.15,7.3,359822,220121108.5
2026-06-12,SGIL,EQ,INE00QT01015,SYNERGY GREEN IND. LTD,553.0,554.95,544.5,550.9,551.25,-0.06,6936,3821042.57
2026-06-12,SGL,EQ,INE353H01010,STL GLOBAL LIMITED,11.25,11.25,10.25,10.65,10.63,0.19,10193,108555.45
2026-06-12,SGMART,EQ,INE385F01024,SG MART LIMITED,584.8,598.45,577.3,592.75,577.6,2.62,90736,53783764.0
2026-06-12,SHADOWFAX,EQ,INE12UN01015,SHADOWFAX TECHNOLOGIES L,213.9,222.9,213.05,217.65,209.99,3.65,2061055,448588608.17
2026-06-12,SHAH,EQ,INE482J01021,SHAH METACORP LIMITED,4.7,4.8,4.59,4.73,4.65,1.72,17032923,80565726.11
2026-06-12,SHAILY,EQ,INE151G01028,SHAILY ENG PLASTICS LTD,2979.0,3007.9,2890.3,2972.0,2939.3,1.11,268134,796894248.0
2026-06-12,SHAKTIPUMP,EQ,INE908D01010,SHAKTI PUMPS (I) LTD,515.0,542.35,512.1,537.15,507.05,5.94,971964,522090486.33
2026-06-12,SHALBY,EQ,INE597J01018,SHALBY LIMITED,167.17,171.45,166.65,168.93,164.52,2.68,63938,10801045.87
2026-06-12,SHANKARA,EQ,INE274V01019,SHANKARA BLDG PRODUCT LTD,110.35,111.55,110.35,110.35,112.0,-1.47,4740,523058.99
2026-06-12,SHANTI,EQ,INE933X01016,SHANTI OVERSEAS INDIA LTD,6.44,6.67,6.25,6.4,6.44,-0.62,37985,243104.0
2026-06-12,SHANTIGEAR,EQ,INE631A01022,SHANTHI GEARS LTD,440.45,443.0,440.0,441.25,440.25,0.23,12424,5482090.0
2026-06-12,SHANTIGOLD,EQ,INE06ZD01017,SHANTI GOLD INTERNATION L,223.1,227.4,222.16,225.56,221.28,1.93,502413,113324275.05
2026-06-12,SHARDACROP,EQ,INE221J01015,SHARDA CROPCHEM LTD.,887.9,929.0,887.0,923.35,875.7,5.44,392371,362295753.27
2026-06-12,SHARDAMOTR,EQ,INE597I01028,SHARDA MOTOR INDS LTD,771.4,784.0,770.05,782.4,766.6,2.06,46680,36522433.14
2026-06-12,SHAREINDIA,EQ,INE932X01026,SHARE IND. SECURITIES LTD,129.0,137.39,129.0,136.38,126.96,7.42,700916,95590927.5
2026-06-12,SHARIABEES,EQ,INF732E01128,NIP IND ETF SHARIAH BEES,451.39,453.74,449.5,451.6,449.86,0.39,4599,2076908.43
2026-06-12,SHILCTECH,EQ,INE024F01011,SHILCHAR TECHNOLOGIES LTD,3884.0,4094.9,3799.0,4034.6,3822.9,5.54,41236,166370769.63
2026-06-12,SHILPAMED,EQ,INE790G01031,SHILPA MEDICARE LTD,549.9,556.75,538.2,546.75,538.85,1.47,655163,358210370.25
2026-06-12,SHIVALIK,EQ,INE788J01021,SHIVALIK RASAYAN LIMITED,230.0,230.0,220.0,226.75,228.2,-0.64,34796,7889993.0
2026-06-12,SHIVAMAUTO,EQ,INE637H01024,SHIVAM AUTO.LTD,17.5,17.63,16.4,16.89,16.8,0.54,20677,349234.52
2026-06-12,SHIVAMILLS,EQ,INE644Y01017,SHIVA MILLS LIMITED,62.59,64.99,60.0,62.12,62.59,-0.75,1811,112499.32
2026-06-12,SHIVATEX,EQ,INE705C01020,SHIVA TEXYARN LIMITED,152.9,153.0,145.6,149.62,147.86,1.19,3209,480130.56
2026-06-12,SHIVAUM,EQ,INE719F01016,SHIV AUM STEELS LIMITED,335.0,360.0,335.0,360.0,355.75,1.19,230,82800.0
2026-06-12,SHK,EQ,INE500L01026,S H KELKAR AND CO. LTD.,124.0,129.89,123.21,128.01,122.08,4.86,564422,72251657.12
2026-06-12,SHOPERSTOP,EQ,INE498B01024,SHOPPERS STOP LIMITED,367.6,380.8,365.05,374.65,364.45,2.8,94390,35363212.92
2026-06-12,SHRADHA,EQ,INE715Y01031,SHRADHA REALTY LIMITED,34.7,34.8,33.26,34.05,33.48,1.7,11953,406999.64
2026-06-12,SHREDIGCEM,EQ,INE232A01011,SHREE DIGVIJAY CEM CO LTD,69.0,74.29,68.75,73.65,68.98,6.77,555240,40893426.85
2026-06-12,SHREECEM,EQ,INE070A01015,SHREE CEMENT LIMITED,23785.0,24315.0,23785.0,24175.0,23700.0,2.0,19388,468704900.0
2026-06-12,SHREEJISPG,EQ,INE1B6101010,SHREEJI SHIPPING GLOBAL L,456.7,486.55,454.05,483.1,453.0,6.64,1591166,768692304.31
2026-06-12,SHREEPUSHK,EQ,INE712K01011,SHRE PUSH CHEM & FERT LTD,356.35,358.9,353.55,357.65,353.4,1.2,10585,3785725.19
2026-06-12,SHREERAMA,EQ,INE879A01019,SHREE RAMA MULTI TECH LTD,41.4,42.28,40.6,41.72,40.81,2.23,58443,2438242.03
2026-06-12,SHREYANIND,EQ,INE231C01019,SHREYANS INDUSTRIES LTD,137.1,139.0,135.0,138.8,137.46,0.97,1446,200704.8
2026-06-12,SHRINGARMS,EQ,INE1B3L01017,SHRINGAR HOU OF MANGALS L,203.9,212.27,201.23,210.63,201.23,4.67,1074132,226244428.4
2026-06-12,SHRIPISTON,EQ,INE526E01018,SPR AUTO TECHNOLOGIES LTD,3571.5,3638.0,3510.5,3524.4,3501.2,0.66,83307,293607182.66
2026-06-12,SHRIRAMFIN,EQ,INE721A01047,SHRIRAM FINANCE LIMITED,908.0,959.1,901.6,954.95,886.25,7.75,9760441,9320733252.1
2026-06-12,SHRIRAMPPS,EQ,INE217L01019,SHRIRAM PROPERTIES LTD,82.9,86.88,82.9,85.97,81.95,4.91,499398,42933246.67
2026-06-12,SHYAMMETL,EQ,INE810G01011,SHYAM METALICS AND ENGY L,984.15,991.9,973.25,983.75,969.45,1.48,864603,850553201.25
2026-06-12,SHYAMTEL,EQ,INE635A01023,SHYAM TELECOM LIMITED,14.91,14.92,14.91,14.91,15.21,-1.97,3999,59625.09
2026-06-12,SICAGEN,EQ,INE176J01011,SICAGEN INDIA LIMITED,54.88,56.39,53.74,54.35,53.36,1.86,6020,327186.99
2026-06-12,SIEMENS,EQ,INE003A01024,SIEMENS LTD,3590.0,3599.7,3518.0,3569.6,3522.0,1.35,223315,797145245.81
2026-06-12,SIGACHI,EQ,INE0D0K01022,SIGACHI INDUSTRIES LTD,20.79,20.89,20.34,20.64,20.63,0.05,458014,9453408.68
2026-06-12,SIGMA,EQ,INE0A0S01028,SIGMA SOLVE LIMITED,40.25,41.04,40.02,40.64,40.43,0.52,60618,2463515.48
2026-06-12,SIGNATURE,EQ,INE903U01023,SIGNATUREGLOBAL INDIA LTD,779.9,786.3,753.1,776.4,777.75,-0.17,410437,318663296.82
2026-06-12,SIGNPOST,EQ,INE0KGZ01021,SIGNPOST INDIA LIMITED,278.05,281.05,258.4,260.7,278.4,-6.36,360080,93872860.4
2026-06-12,SIL,EQ,INE173A01025,STANDARD INDUSTRIES LTD.,15.3,15.4,14.85,15.4,14.82,3.91,6555,100947.0
2026-06-12,SILGO,EQ,INE01II01013,SILGO RETAIL LIMITED,76.9,77.8,74.37,75.1,76.68,-2.06,418103,31399534.66
2026-06-12,SILINV,EQ,INE923A01015,SIL INVESTMENTS LIMITED,411.0,425.0,411.0,420.85,411.2,2.35,2055,864846.76
2026-06-12,SILVER,EQ,INF209KB19F6,BIRLASLAMC - SILVER,237.8,239.95,236.13,239.43,231.0,3.65,1239729,296828305.39
2026-06-12,SILVER1,EQ,INF174KA1ZD3,KOTAKMAMC - KOTAKSILVE,23.03,23.4,22.94,23.31,22.43,3.92,58103126,1354383836.03
2026-06-12,SILVERADD,EQ,INF740KA1ZQ0,DSPAMC - DSPSILVETF,23.09,23.21,22.83,23.13,22.32,3.62,4272330,98823267.45
2026-06-12,SILVERAG,EQ,INF769K01KG6,MIRAEAMC - MASILVER,230.57,234.3,230.36,234.02,225.8,3.64,471486,110337155.73
2026-06-12,SILVERAXIS,EQ,INF846K011K1,AXISAMC-SILVERAXIS,236.64,239.27,235.2,238.84,229.74,3.96,444399,106140255.53
2026-06-12,SILVERBEES,EQ,INF204KC1402,NIPPONAMC - NETFSILVER,228.12,231.98,226.34,229.76,221.38,3.79,25950456,5962376628.01
2026-06-12,SILVERBETA,EQ,INF789F1AYK6,UTIAMC-SILVERBETA,229.9,232.47,228.62,231.78,223.52,3.7,699524,162135671.87
2026-06-12,SILVERBND,EQ,INF194KB1KI9,BANDHANAMC - SILVERBND,239.41,241.41,236.9,240.74,231.6,3.95,41402,9967117.71
2026-06-12,SILVERCASE,EQ,INF0R8F01091,ZERODHAAMC - SILVERCASE,24.18,24.4,24.01,24.37,23.49,3.75,8418174,205150907.44
2026-06-12,SILVERIETF,EQ,INF109KC1Y56,ICICIPRAMC - ICICISILVE,236.81,240.3,234.2,239.79,231.04,3.79,3077356,737919174.58
2026-06-12,SILVERTUC,EQ,INE625X01026,SILVER TOUCH TECHNO LTD,190.98,198.83,189.45,198.78,189.37,4.97,698308,138809663.39
2026-06-12,SIMPLEXINF,EQ,INE059B01024,SIMPLEX INFRASTRUCTURES L,250.85,258.9,247.0,257.45,248.45,3.62,35286,9084381.13
2026-06-12,SINCLAIR,EQ,INE985A01022,SINCLAIRS HOTELS LIMITED,76.7,77.1,75.0,75.6,75.48,0.16,30488,2304892.75
2026-06-12,SINDHUTRAD,EQ,INE325D01025,SINDHU TRADE LINKS LTD,24.5,24.92,24.21,24.45,24.35,0.41,425765,10409954.57
2026-06-12,SINGERIND,EQ,INE638A01035,SINGER INDIA LIMITED,68.05,69.46,67.85,68.89,67.54,2.0,15822,1089977.57
2026-06-12,SINTERCOM,EQ,INE129Z01016,SINTERCOM INDIA LIMITED,74.35,74.6,71.11,74.35,72.03,3.22,4075,302976.24
2026-06-12,SIRCA,EQ,INE792Z01011,SIRCA PAINT INDIA LIMITED,419.2,420.9,416.8,418.15,415.4,0.66,261947,109533136.45
2026-06-12,SIS,EQ,INE285J01028,SIS LIMITED,432.0,437.2,418.4,421.15,428.65,-1.75,154289,64978811.41
2026-06-12,SIYSIL,EQ,INE076B01028,SIYARAM SILK MILLS LTD,615.45,622.15,605.5,617.95,600.85,2.85,47148,29135107.18
2026-06-12,SJS,EQ,INE284S01014,SJS ENTERPRISES LIMITED,2130.0,2132.3,2065.4,2115.2,2094.1,1.01,76671,162174495.46
2026-06-12,SJVN,EQ,INE002L01015,SJVN LTD,71.3,73.0,71.1,72.61,70.32,3.26,2256153,163819270.71
2026-06-12,SKFINDIA,EQ,INE640A01023,SKF INDIA LTD,1583.8,1592.9,1568.0,1589.3,1562.6,1.71,12514,19888500.81
2026-06-12,SKFINDUS,EQ,INE2J8701016,SKF IND (INDUSTRIAL) LTD,2425.0,2432.2,2372.5,2386.9,2384.0,0.12,21717,51836305.18
2026-06-12,SKIPPER,EQ,INE439E01022,SKIPPER LIMITED,535.0,549.6,528.2,544.65,520.8,4.58,738660,402311187.03
2026-06-12,SKMEGGPROD,EQ,INE411D01023,SKM EGG PROD EXPORT(I) LT,232.62,243.85,232.0,240.62,228.53,5.29,383613,92304958.19
2026-06-12,SKYGOLD,EQ,INE01IU01018,SKY GOLD AND DIAMONDS LTD,495.95,512.0,495.95,508.95,490.75,3.71,596541,303609549.23
2026-06-12,SMALLADD,EQ,INF740KA1WX3,DSPAMC - SMALLADD,16.7,17.38,16.7,17.17,16.7,2.81,128824,2211908.09
2026-06-12,SMALLCAP,EQ,INF769K01LC3,MIRAEAMC - SMALLCAP,44.0,45.07,44.0,44.93,43.7,2.81,1669755,75022092.66
2026-06-12,SMARTWORKS,EQ,INE0NAZ01010,SMARTWORKS COWORKING SP L,449.7,450.0,439.0,446.35,440.35,1.36,16985,7581254.85
2026-06-12,SMCGLOBAL,EQ,INE103C01036,SMC GLOBAL SECURITIES LTD,73.6,73.8,71.04,72.24,71.12,1.57,1051304,75946198.71
2026-06-12,SML100CASE,EQ,INF0R8F01141,ZERODHAAMC - SML100CASE,10.23,10.34,10.09,10.32,10.03,2.89,1618540,16703332.31
2026-06-12,SMLMAH,EQ,INE294B01019,SML MAHINDRA LIMITED,3775.0,3900.5,3750.0,3883.8,3687.1,5.33,79055,307033812.86
2026-06-12,SMLT,EQ,INE017W01010,SARTHAK METALS LIMITED,69.17,71.09,68.85,69.81,68.82,1.44,4698,327967.37
2026-06-12,SMSPHARMA,EQ,INE812G01025,SMS PHARMACEUTICALS LTD.,383.0,389.7,376.55,383.45,379.2,1.12,128095,49118029.31
2026-06-12,SNOWMAN,EQ,INE734N01019,SNOWMAN LOGISTICS LTD.,36.98,37.6,36.58,37.3,36.43,2.39,118553,4422026.81
2026-06-12,SNXT50BETA,EQ,INF789F1AUU3,UTIAMC-SNXT50BETA,88.34,90.49,88.33,90.11,88.33,2.02,3149,283756.39
2026-06-12,SOBHA,EQ,INE671H01015,SOBHA LIMITED,1277.9,1342.0,1277.9,1332.9,1275.3,4.52,71267,94991786.04
2026-06-12,SOFTTECH,EQ,INE728Z01015,SOFTTECH ENGINEERS LTD,409.6,410.0,409.6,409.6,417.95,-2.0,4399,1801830.43
2026-06-12,SOLARA,EQ,INE624Z01016,SOLARA ACTIVE PHA SCI LTD,581.05,619.9,581.05,608.55,580.7,4.8,664223,404212898.54
2026-06-12,SOLARINDS,EQ,INE343H01029,SOLAR INDUSTRIES (I) LTD,17404.0,17579.0,17060.0,17143.0,17141.0,0.01,109049,1869427007.0
2026-06-12,SOLARWORLD,EQ,INE0TY101024,SOLARWORLD ENERGY SOL LTD,187.01,191.49,181.96,184.23,186.4,-1.16,269502,49650352.31
2026-06-12,SOLEX,EQ,INE880Y01017,SOLEX ENERGY LIMITED,1050.0,1093.6,1037.1,1070.2,1032.0,3.7,44745,47886096.82
2026-06-12,SOMANYCERA,EQ,INE355A01028,SOMANY CERAMICS LIMITED,504.1,524.8,500.2,514.15,496.65,3.52,66345,34111283.37
2026-06-12,SOMATEX,EQ,INE314C01013,SOMA TEXTILES & INDUST LT,96.0,98.0,94.03,94.96,94.16,0.85,12296,1167628.15
2026-06-12,SOMICONVEY,EQ,INE323J01019,SOMI CONVEYOR BELT. LTD.,97.04,99.85,97.04,98.26,96.93,1.37,1117,109756.42
2026-06-12,SONACOMS,EQ,INE073K01018,SONA BLW PRECISION FRGS L,593.95,597.6,584.5,593.05,585.1,1.36,757210,449063381.26
2026-06-12,SONATSOFTW,EQ,INE269A01021,SONATA SOFTWARE LTD,256.2,262.8,251.4,254.05,254.85,-0.31,1049398,266599565.1
2026-06-12,SOTL,EQ,INE035D01020,SAVITA OIL TECHNOLO. LTD,552.0,578.0,547.55,570.35,543.6,4.92,536033,305726408.46
2026-06-12,SOUTHBANK,EQ,INE683A01023,THE SOUTH INDIAN BANK LTD,45.5,47.5,45.5,46.66,45.32,2.96,35993222,1679443733.03
2026-06-12,SOUTHWEST,EQ,INE980Y01015,SOUTH WEST PINNACLE LTD,248.5,251.0,231.05,242.5,240.15,0.98,1157074,280590445.0
2026-06-12,SPAL,EQ,INE212I01016,S. P. APPARELS LIMITED,806.55,806.55,785.5,796.05,794.65,0.18,26176,20837404.48
2026-06-12,SPANDANA,EQ,INE572J01011,SPANDANA SPHOORTY FIN LTD,229.6,231.85,223.3,226.5,225.9,0.27,365556,82798434.0
2026-06-12,SPARC,EQ,INE232I01014,SUN PHARMA ADV.RES.CO.LTD,206.6,224.52,205.81,223.76,204.11,9.63,8056789,1802787062.38
2026-06-12,SPCENET,EQ,INE970N01027,SPACENET ENTERS IND LTD,3.32,3.32,3.0,3.25,3.25,0.0,1846316,6000527.0
2026-06-12,SPENCERS,EQ,INE020801028,SPENCER S RETAIL LIMITED,34.9,36.9,34.72,36.62,34.7,5.53,52535,1923831.64
2026-06-12,SPIC,EQ,INE147A01011,SPIC LTD,67.48,69.77,67.48,68.89,67.08,2.7,458479,31584618.03
2026-06-12,SPLIL,EQ,INE978G01016,SPL INDUSTRIES LIMITED,28.99,30.4,28.0,29.93,28.88,3.64,9554,285951.22
2026-06-12,SPLPETRO,EQ,INE663A01033,SUPREME PETROCHEM LIMITED,676.25,708.0,676.25,702.1,667.2,5.23,91458,64212659.57
2026-06-12,SPMLINFRA,EQ,INE937A01023,SPML INFRA LIMITED,187.5,192.39,184.62,189.31,183.82,2.99,315796,59783339.99
2026-06-12,SPORTKING,EQ,INE885H01029,SPORTKING INDIA LIMITED,174.53,184.38,174.53,182.62,173.61,5.19,476001,86927300.3
2026-06-12,SRD,EQ,INE01NE01012,SHANKAR LAL RAMPAL LTD,41.4,41.5,38.65,39.04,40.1,-2.64,57573,2247649.97
2026-06-12,SRF,EQ,INE647A01010,SRF LTD,2696.7,2748.0,2681.3,2743.0,2658.4,3.18,245864,674404952.0
2026-06-12,SRGHFL,EQ,INE559N01010,SRG HOUSING FINANCE L,284.0,284.0,266.6,271.35,278.85,-2.69,6397,1735825.99
2026-06-12,SRHHYPOLTD,EQ,INE917H01012,SREE RAYALSEEMA HHP LTD.,490.55,502.0,490.55,499.2,486.65,2.58,7003,3495897.69
2026-06-12,SRM,EQ,INE0R6Z01013,SRM CONTRACTORS LIMITED,469.85,485.0,469.0,480.7,463.65,3.68,91734,44096534.92
2026-06-12,SRTL,EQ,INE19GK01015,SHREE RAM TWISTEX LIMITED,40.66,41.89,40.31,41.03,40.22,2.01,33213,1362729.35
2026-06-12,SSDL,EQ,INE0PQ101010,SARASWATI SAREE DEPOT LTD,54.9,55.7,53.65,54.98,54.36,1.14,15104,830417.91
2026-06-12,SSWL,EQ,INE802C01033,STEEL STRIPS WHEELS LTD.,229.25,233.0,226.8,231.63,225.83,2.57,687243,159186099.45
2026-06-12,STANLEY,EQ,INE01A001028,STANLEY LIFESTYLES LTD,139.1,143.9,138.2,142.93,137.36,4.06,342098,48896064.63
2026-06-12,STAR,EQ,INE939A01011,STRIDES PHARMA SCI LTD,997.1,1063.7,980.6,1055.5,989.2,6.7,543184,573330712.0
2026-06-12,STARCEMENT,EQ,INE460H01021,STAR CEMENT LIMITED,208.3,221.3,208.3,218.57,207.67,5.25,1739140,380123842.54
2026-06-12,STARHEALTH,EQ,INE575P01011,STAR HEALTH & AL INS CO L,524.0,527.6,517.7,519.6,519.95,-0.07,600719,312133577.73
2026-06-12,STARPAPER,EQ,INE733A01018,STAR PAPER MILLS LTD,137.2,137.39,132.65,135.55,132.56,2.26,3805,515767.76
2026-06-12,STARTECK,EQ,INE992I01013,STARTECK FINANCE LIMITED,267.5,268.0,264.5,264.95,263.95,0.38,6485,1718200.83
2026-06-12,STCINDIA,EQ,INE655A01013,THE STATE TRADING CORPN,114.8,122.5,114.71,118.26,112.95,4.7,247476,29266512.29
2026-06-12,STEELCAS,EQ,INE124E01038,STEELCAST LIMITED,282.15,290.0,282.15,285.5,282.0,1.24,22570,6443735.0
2026-06-12,STEELCITY,EQ,INE395H01011,STEEL CITY SECURITIES LTD,77.29,77.29,75.11,75.44,75.09,0.47,2874,216814.57
2026-06-12,STEELXIND,EQ,INE503B01021,STEEL EXCHANGE INDIA LTD,10.95,11.9,10.95,11.49,10.99,4.55,10290649,118239554.65
2026-06-12,STEL,EQ,INE577L01016,STEL HOLDINGS LIMITED,548.05,559.85,546.9,554.1,543.8,1.89,6695,3709699.34
2026-06-12,STLNETWORK,EQ,INE1VXE01018,STL NETWORKS LIMITED,26.79,27.56,26.79,27.56,26.25,4.99,906334,24978564.56
2026-06-12,STOVEKRAFT,EQ,INE00IN01015,STOVE KRAFT LIMITED,655.0,667.45,643.0,655.95,651.6,0.67,132317,86793337.77
2026-06-12,STUDDS,EQ,INE00Q601028,STUDDS ACCESSORIES LTD,505.05,513.5,493.05,500.85,506.9,-1.19,261494,130969271.5
2026-06-12,STYL,EQ,INE04VU01023,SESHAASAI TECHNOLOGIES L,264.35,285.3,264.35,279.8,260.45,7.43,371759,104018163.66
2026-06-12,STYLAMIND,EQ,INE239C01020,STYLAM INDUSTRIES LIMITED,3084.1,3188.8,3076.1,3179.9,3056.6,4.03,37398,118921896.55
2026-06-12,STYLEBAAZA,EQ,INE01FR01028,BAAZAR STYLE RETAIL LTD,328.3,335.0,328.0,333.8,327.85,1.81,52956,17676712.15
2026-06-12,STYRENIX,EQ,INE189B01011,STYRENIX PERFORMANCE LTD,2123.0,2155.5,2095.3,2133.0,2116.4,0.78,21135,45080955.0
2026-06-12,SUBEXLTD,EQ,INE754A01055,SUBEX LTD,10.21,10.51,10.1,10.51,10.01,5.0,738891,7765744.58
2026-06-12,SUBROS,EQ,INE287B01021,SUBROS LIMITED,720.1,726.0,705.55,721.55,702.15,2.76,44713,32262664.6
2026-06-12,SUDARCOLOR,EQ,INE492A01029,SUDARSHAN COLORNT IND LTD,369.4,369.4,355.0,356.65,356.95,-0.08,3255,1160895.73
2026-06-12,SUDARSCHEM,EQ,INE659A01023,SUDARSHAN CHEMICAL INDS L,870.0,888.55,864.05,882.15,856.75,2.96,90521,79853102.36
2026-06-12,SUDEEPPHRM,EQ,INE0QPI01025,SUDEEP PHARMA LIMITED,746.6,764.45,737.35,749.5,729.8,2.7,294718,220891141.0
2026-06-12,SUKHJITS,EQ,INE450E01029,SUKHJIT STARCH & CHEM LTD,172.75,178.98,171.0,173.05,169.58,2.05,21403,3703789.22
2026-06-12,SULA,EQ,INE142Q01026,SULA VINEYARDS LIMITED,154.8,158.7,152.79,157.15,151.16,3.96,334555,52575316.21
2026-06-12,SUMEETINDS,EQ,INE235C01036,SUMEET IND LIMITED,23.45,24.89,23.06,24.26,23.73,2.23,3475033,84304301.38
2026-06-12,SUMICHEM,EQ,INE258G01013,SUMITOMO CHEM INDIA LTD,451.0,464.75,451.0,461.85,448.5,2.98,129653,59880238.84
2026-06-12,SUMIT,EQ,INE748Z01013,SUMIT WOODS LIMITED,39.98,40.29,37.85,38.54,39.84,-3.26,316748,12207468.21
2026-06-12,SUMMITSEC,EQ,INE519C01017,SUMMIT SECURITIES LTD,1440.0,1528.0,1440.0,1497.3,1433.4,4.46,2940,4402062.14
2026-06-12,SUNCLAY,EQ,INE0Q3R01026,SUNDARAM CLAYTON LIMITED,1334.2,1396.0,1330.1,1366.3,1320.3,3.48,7402,10113352.96
2026-06-12,SUNDARAM,EQ,INE108E01023,SUNDARAM MULTI PAP LTD,1.38,1.45,1.35,1.38,1.39,-0.72,392685,541905.3
2026-06-12,SUNDARMFIN,EQ,INE660A01013,SUNDARAM FINANCE LTD,4139.9,4215.0,4115.0,4159.0,4112.3,1.14,66707,277434413.0
2026-06-12,SUNDRMFAST,EQ,INE387A01021,SUNDRAM FASTENERS LTD,840.2,862.9,837.0,840.8,835.85,0.59,92956,78157403.67
2026-06-12,SUNDROP,EQ,INE209A01019,SUNDROP BRANDS LIMITED,653.0,707.0,649.95,686.7,652.55,5.23,18213,12506867.32
2026-06-12,SUNFLAG,EQ,INE947A01014,SUNFLAG IRON AND STEEL CO,340.8,355.7,340.6,352.45,335.2,5.15,299393,105521066.5
2026-06-12,SUNPHARMA,EQ,INE044A01036,SUN PHARMACEUTICAL IND L,1807.0,1814.5,1792.5,1807.7,1794.2,0.75,1243362,2247625426.69
2026-06-12,SUNTECK,EQ,INE805D01034,SUNTECK REALTY LIMITED,278.85,289.7,276.2,287.35,273.7,4.99,310123,89113845.94
2026-06-12,SUNTV,EQ,INE424H01027,SUN TV NETWORK LIMITED,510.4,517.0,505.15,514.7,501.4,2.65,172030,88543843.1
2026-06-12,SUPERHOUSE,EQ,INE712B01010,SUPERHOUSE LIMITED,153.0,155.99,145.6,151.64,151.33,0.2,5336,809151.04
2026-06-12,SUPRAJIT,EQ,INE399C01030,SUPRAJIT ENGINEERING LTD,449.5,462.3,447.75,460.3,447.1,2.95,92246,42460832.67
2026-06-12,SUPREME,EQ,INE822E01011,SUPREME HOLDIN N HOSP I L,45.47,46.7,44.0,46.5,44.13,5.37,219844,10222746.0
2026-06-12,SUPREMEIND,EQ,INE195A01028,SUPREME INDUSTRIES LTD,3460.6,3520.0,3434.0,3485.0,3443.8,1.2,110844,386291340.0
2026-06-12,SUPREMEINF,EQ,INE550H01011,SUPREME INFRA. LTD.,81.44,82.0,77.88,81.13,80.19,1.17,160346,13008870.54
2026-06-12,SUPRIYA,EQ,INE07RO01027,SUPRIYA LIFESCIENCE LTD,960.0,995.0,952.55,977.15,937.0,4.28,709530,693317256.82
2026-06-12,SURAJEST,EQ,INE843S01025,SURAJ ESTATE DEVELOPERS L,190.2,191.02,185.81,189.62,186.78,1.52,45942,8711521.82
2026-06-12,SURAJLTD,EQ,INE713C01016,SURAJ LIMITED,230.0,235.0,228.0,234.97,225.22,4.33,1291,303346.27
2026-06-12,SURAKSHA,EQ,INE877V01027,SURAKSHA DIAGNOSTIC LTD,262.5,273.95,262.5,268.05,268.05,0.0,22198,5950173.63
2026-06-12,SURANASOL,EQ,INE272L01022,SURANA SOLAR LIMITED,26.75,27.53,26.75,27.44,26.65,2.96,45233,1241193.54
2026-06-12,SURANAT&P,EQ,INE130B01031,SURANA TELECOM AND POW LT,17.8,18.39,17.8,18.25,18.01,1.33,20551,375055.75
2026-06-12,SURYALAXMI,EQ,INE713B01026,SURYALAKSHMI COT MIL LTD,54.06,60.0,54.06,58.2,55.16,5.51,21557,1254617.42
2026-06-12,SURYAROSNI,EQ,INE335A01020,SURYA ROSHNI LTD,255.0,265.0,252.4,263.01,250.03,5.19,1496157,393504267.18
2026-06-12,SURYODAY,EQ,INE428Q01011,SURYODAY SMALL FIN BK LTD,167.01,169.99,164.11,169.65,164.85,2.91,209639,35565255.07
2026-06-12,SUVEN,EQ,INE495B01038,SUVEN LIFE SCIENCES LTD,265.2,273.7,263.15,268.25,263.15,1.94,1031465,276690486.25
2026-06-12,SUVIDHAA,EQ,INE018401013,SUVIDHAA INFOSERVE LTD,2.69,2.82,2.63,2.67,2.65,0.75,51813,138340.71
2026-06-12,SUYOG,EQ,INE442P01014,SUYOG TELEMATICS LIMITED,683.2,702.0,673.7,697.3,673.2,3.58,10359,7223330.57
2026-06-12,SUZLON,EQ,INE040H01021,SUZLON ENERGY LIMITED,54.0,55.2,53.77,55.08,53.29,3.36,64636157,3560159645.91
2026-06-12,SVLL,EQ,INE00CE01017,SHREE VASU LOGISTICS LTD,675.0,729.95,667.9,694.85,703.05,-1.17,4066,2825260.0
2026-06-12,SVPGLOB,EQ,INE308E01029,SVP GLOBAL TEXTILES LTD,3.8,3.92,3.71,3.81,3.75,1.6,43355,165182.55
2026-06-12,SWANCORP,EQ,INE665A01038,SWAN CORP LIMITED,314.05,317.8,312.0,316.55,312.45,1.31,493690,156277563.47
2026-06-12,SWARAJENG,EQ,INE277A01016,SWARAJ ENGINES LTD,3711.0,3740.9,3681.7,3703.4,3686.8,0.45,29368,108761448.33
2026-06-12,SWELECTES,EQ,INE409B01013,SWELECT ENERGY SYS LTD,624.9,641.95,609.45,633.9,619.75,2.28,28168,17855695.89
2026-06-12,SWIGGY,EQ,INE00H001014,SWIGGY LIMITED,244.2,251.25,243.45,249.9,240.2,4.04,12883067,3219478364.67
2026-06-12,SWSOLAR,EQ,INE00M201021,STRLNG & WIL REN ENE LTD,196.5,211.5,195.2,208.23,193.14,7.81,3838284,799245860.92
2026-06-12,SYMPHONY,EQ,INE225D01027,SYMPHONY LIMITED,666.0,676.0,660.0,669.85,661.4,1.28,53801,36038598.54
2026-06-12,SYNCOMF,EQ,INE312C01025,SYNCOM FORMU (I) LTD,14.0,14.35,14.0,14.27,13.91,2.59,1466441,20926113.74
2026-06-12,SYNGENE,EQ,INE398R01022,SYNGENE INTERNATIONAL LTD,455.0,460.0,449.0,458.55,447.95,2.37,637719,292426039.67
2026-06-12,SYRMA,EQ,INE0DYJ01015,SYRMA SGS TECHNOLOGY LTD,1264.0,1279.9,1250.0,1266.7,1235.6,2.52,844050,1069158093.79
2026-06-12,TAINWALCHM,EQ,INE123C01018,TAINWALA CHEMICAL AND PLA,200.0,202.0,192.15,201.05,198.94,1.06,6328,1272244.42
2026-06-12,TAJGVK,EQ,INE586B01026,TAJ GVK HOTELS & RESORTS,319.5,332.8,319.0,330.2,315.55,4.64,70987,23439908.27
2026-06-12,TAKE,EQ,INE142I01023,TAKE LIMITED,29.97,30.67,29.34,29.67,29.58,0.3,355676,10552906.95
2026-06-12,TALBROAUTO,EQ,INE187D01029,TALBROS AUTO. COMP. LTD,361.95,362.9,353.65,359.75,356.85,0.81,124310,44720522.5
2026-06-12,TANLA,EQ,INE483C01032,TANLA PLATFORMS LIMITED,505.55,516.0,503.35,513.7,500.65,2.61,260622,133881524.58
2026-06-12,TARACHAND,EQ,INE555Z01020,TARA CHAND INFRA SOLN LTD,54.6,55.98,54.16,55.64,53.83,3.36,54358,3024479.09
2026-06-12,TARAPUR,EQ,INE747K01017,TARAPUR TRANSFORMERS LTD,18.99,19.25,18.5,19.25,18.34,4.96,12241,235639.25
2026-06-12,TARC,EQ,INE0EK901012,TARC LIMITED,123.0,126.5,122.0,125.33,121.22,3.39,203277,25476706.78
2026-06-12,TARIL,EQ,INE763I01026,TRANS & RECTI. LTD,306.0,316.0,306.0,315.1,300.5,4.86,1391586,438488757.09
2026-06-12,TARMAT,EQ,INE924H01018,TARMAT LIMITED,53.45,53.45,51.22,51.94,51.84,0.19,5939,308471.65
2026-06-12,TARSONS,EQ,INE144Z01023,TARSONS PRODUCTS LIMITED,202.1,208.0,202.1,205.35,201.0,2.16,62638,12862713.68
2026-06-12,TASTYBITE,EQ,INE488B01017,TASTY BITE EATABLES LTD,8149.0,8279.0,8060.5,8179.0,8010.0,2.11,2523,20635617.0
2026-06-12,TATACAP,EQ,INE976I01016,TATA CAPITAL LIMITED,323.0,327.7,322.45,326.05,321.35,1.46,1478059,481921118.91
2026-06-12,TATACHEM,EQ,INE092A01019,TATA CHEMICALS LTD,755.0,762.9,741.9,745.95,741.2,0.64,949724,708446629.39
2026-06-12,TATACOMM,EQ,INE151A01013,TATA COMMUNICATIONS LTD,1980.0,1980.0,1944.2,1966.6,1966.0,0.03,281125,552860418.14
2026-06-12,TATACONSUM,EQ,INE192A01025,TATA CONSUMER PRODUCT LTD,1120.8,1120.8,1096.7,1100.7,1108.6,-0.71,1455068,1601593276.55
2026-06-12,TATAELXSI,EQ,INE670A01012,TATA ELXSI LIMITED,4050.4,4075.0,4012.1,4064.9,4009.1,1.39,133157,541269876.3
2026-06-12,TATAGOLD,EQ,INF277KA1976,TATAAML-TATAGOLD,14.02,14.37,13.66,14.3,14.02,2.0,37292663,533285088.01
2026-06-12,TATAINVEST,EQ,INE672A01026,TATA INVESTMENT CORP LTD,649.25,678.65,645.7,665.9,635.65,4.76,1399612,932001664.97
2026-06-12,TATAPOWER,EQ,INE245A01021,TATA POWER CO LTD,395.8,395.8,388.0,393.55,390.25,0.85,6317321,2486181602.43
2026-06-12,TATASTEEL,EQ,INE081A01020,TATA STEEL LIMITED,200.0,200.82,195.8,197.86,197.96,-0.05,27622963,5465479476.04
2026-06-12,TATATECH,EQ,INE142M01025,TATA TECHNOLOGIES LIMITED,740.0,763.8,737.0,761.0,731.45,4.04,1516932,1154385252.0
2026-06-12,TATSILV,EQ,INF277KA1984,TATAAML-TATSILV,23.04,23.45,22.97,23.34,22.48,3.83,53776010,1255132081.61
2026-06-12,TATVA,EQ,INE0GK401011,TATVA CHIN PHARM CHEM LTD,1153.1,1215.6,1153.1,1208.4,1153.1,4.8,65011,78559293.99
2026-06-12,TBOTEK,EQ,INE673O01025,TBO TEK LIMITED,1274.9,1369.0,1254.1,1352.8,1255.6,7.74,211915,286678622.35
2026-06-12,TBZ,EQ,INE760L01018,TRIB BHIMJI ZAVERI LTD,168.0,189.5,168.0,183.77,166.09,10.64,4353315,800008716.15
2026-06-12,TCC,EQ,INE887D01024,TCC CONCEPT LIMITED,73.99,73.99,71.2,71.38,71.53,-0.21,11495,820513.07
2026-06-12,TCI,EQ,INE688A01022,TRANSPORT CORPN OF INDIA,938.6,938.6,925.2,933.65,923.6,1.09,17690,16516268.93
2026-06-12,TCIEXP,EQ,INE586V01016,TCI EXPRESS LIMITED,519.3,519.3,500.4,513.3,504.15,1.81,7041,3614145.21
2026-06-12,TCIFINANCE,EQ,INE911B01018,TCI FINANCE LTD,26.56,26.56,26.56,26.56,25.3,4.98,110722,2940776.26
2026-06-12,TCPLPACK,EQ,INE822C01015,TCPL PACKAGING LIMITED,2488.2,2525.0,2472.1,2519.4,2455.0,2.62,1520,3829487.85
2026-06-12,TCS,EQ,INE467B01029,TATA CONSULTANCY SERV LT,2150.0,2168.0,2138.0,2161.4,2135.6,1.21,2124656,4592231270.91
2026-06-12,TDPOWERSYS,EQ,INE419M01035,TD POWER SYSTEMS LTD.,579.0,599.9,566.65,596.4,563.0,5.93,2077750,1239170150.73
2026-06-12,TEAMGTY,EQ,INE289C01025,TEAM INDIA GUARANTY LTD,241.5,243.0,241.0,241.0,238.45,1.07,516,124356.0
2026-06-12,TEAMLEASE,EQ,INE985S01024,TEAMLEASE SERVICES LTD.,1429.7,1429.9,1392.1,1405.1,1413.8,-0.62,17319,24334926.48
2026-06-12,TECH,EQ,INF209KB11D8,BIRLASLAMC - TECH,30.58,30.58,30.18,30.41,30.48,-0.23,63283,1924436.02
2026-06-12,TECHM,EQ,INE669C01036,TECH MAHINDRA LIMITED,1477.0,1478.6,1425.0,1429.2,1465.1,-2.45,2460369,3516359254.66
2026-06-12,TECHNOE,EQ,INE285K01026,TECHNO ELEC & ENG CO. LTD,1024.6,1047.2,1016.6,1038.7,1009.5,2.89,214529,222831261.82
2026-06-12,TECILCHEM,EQ,INE014B01011,TECIL CHEMICALS,11.32,11.32,10.8,11.18,11.05,1.18,3544,39621.92
2026-06-12,TEGA,EQ,INE011K01018,TEGA INDUSTRIES LIMITED,1698.2,1762.2,1698.2,1756.5,1688.1,4.05,61565,108138922.5
2026-06-12,TEJASNET,EQ,INE010J01012,TEJAS NETWORKS LIMITED,580.7,602.9,575.0,598.85,573.5,4.42,13459871,8060443419.74
2026-06-12,TEMBO,EQ,INE869Y01028,TEMBO GLOBAL IND LTD,55.5,56.51,54.1,54.81,54.47,0.62,1350190,74003915.75
2026-06-12,TENNIND,EQ,INE19RI01016,TENNECO CLEAN AIR INDIA L,567.0,578.05,567.0,574.25,561.55,2.26,651864,374332902.0
2026-06-12,TERASOFT,EQ,INE482B01010,TERA SOFTWARE LIMITED,422.85,434.0,417.05,424.25,416.8,1.79,12603,5346822.75
2026-06-12,TEXINFRA,EQ,INE435C01024,TEXMACO INFRA & HOLDG LTD,98.2,99.97,98.2,98.85,98.19,0.67,61781,6107051.76
2026-06-12,TEXMOPIPES,EQ,INE141K01013,TEXMO PIPE & PRODUCTS LTD,43.5,44.79,43.5,44.41,43.3,2.56,39048,1734121.67
2026-06-12,TEXRAIL,EQ,INE621L01012,TEXMACO RAIL & ENG. LTD.,102.19,106.25,102.19,105.86,100.95,4.86,1869409,197895637.88
2026-06-12,TFCILTD,EQ,INE305A01023,TOURISM FINANCE CORP. OF,75.0,76.0,74.5,74.68,73.96,0.97,4913569,366945334.42
2026-06-12,TFL,EQ,INE804H01012,TRANSWARRANTY FIN. LTD.,11.92,12.3,11.51,11.98,11.92,0.5,2631,31519.38
2026-06-12,TGBHOTELS,EQ,INE797H01018,TGB BANQUETS&HOTELS LTD,8.8,9.16,8.3,8.98,8.9,0.9,35843,321870.12
2026-06-12,THANGAMAYL,EQ,INE085J01014,THANGAMAYIL JEWELLERY LTD,5482.0,5560.0,5225.5,5478.7,5415.4,1.17,126015,690398405.11
2026-06-12,THEINVEST,EQ,INE924D01017,THE INVEST TRUST OF IND L,93.5,100.5,93.02,98.14,92.8,5.75,14847,1457084.57
2026-06-12,THEJO,EQ,INE121N01019,THEJO ENGINEERING LIMITED,1499.9,1554.3,1488.1,1543.5,1491.5,3.49,5650,8720775.0
2026-06-12,THELEELA,EQ,INE0AQ201015,LEELA PALACES HOTEL LTD,413.55,431.45,409.3,429.8,406.65,5.69,303851,130595156.09
2026-06-12,THEMISMED,EQ,INE083B01024,THEMIS MEDICARE LTD.,101.0,104.97,101.0,103.99,100.31,3.67,38400,3993215.92
2026-06-12,THERMAX,EQ,INE152A01029,THERMAX LTD,4626.6,4746.9,4626.6,4726.3,4571.3,3.39,238336,1126447390.25
2026-06-12,THOMASCOOK,EQ,INE332A01027,THOMAS COOK (INDIA) LTD,110.01,112.0,108.12,109.78,108.16,1.5,2781223,305322657.54
2026-06-12,THOMASCOTT,EQ,INE480M01011,THOMAS SCOTT (INDIA) LTD,255.0,261.0,252.0,255.65,251.65,1.59,28922,7393909.12
2026-06-12,THYROCARE,EQ,INE594H01019,THYROCARE TECH LTD,527.8,538.45,522.05,528.9,519.4,1.83,331843,175511770.8
2026-06-12,TI,EQ,INE133E01013,TILAKNAGAR INDUSTRIES LTD,431.8,437.1,426.0,434.9,428.0,1.61,341946,148712313.31
2026-06-12,TIGERLOGS,EQ,INE906O01029,TIGER LOGISTICS (INDIA) L,34.25,35.5,34.25,35.01,34.98,0.09,12871,450613.69
2026-06-12,TIIL,EQ,INE545H01011,TECHNOCRAFT IND LTD,2525.0,2547.0,2491.5,2508.4,2515.5,-0.28,6557,16447578.16
2026-06-12,TIINDIA,EQ,INE974X01010,TUBE INVEST OF INDIA LTD,3000.0,3172.2,3000.0,3141.8,2975.3,5.6,260594,818734241.92
2026-06-12,TIMETECHNO,EQ,INE508G01029,TIME TECHNOPLAST LTD.,166.0,170.8,165.01,169.48,163.15,3.88,4678831,792968257.89
2026-06-12,TIMEX,EQ,INE064A01026,TIMEX GROUP INDIA LTD.,460.5,496.9,457.95,493.75,455.95,8.29,1084820,535629875.0
2026-06-12,TIMKEN,EQ,INE325A01013,TIMKEN INDIA LTD.,3524.8,3598.9,3510.0,3530.2,3511.5,0.53,41016,144794681.2
2026-06-12,TINNARUBR,EQ,INE015C01016,TINNA RUBBER AND INFR LTD,870.1,884.4,847.25,853.65,868.65,-1.73,38966,33263326.85
2026-06-12,TIPSFILMS,EQ,INE0LQS01015,TIPS FILMS LIMITED,350.1,357.0,344.0,350.4,342.45,2.32,2820,988127.98
2026-06-12,TIPSMUSIC,EQ,INE716B01029,TIPS MUSIC LIMITED,642.1,649.45,630.3,640.25,635.5,0.75,203868,130526487.0
2026-06-12,TIRUMALCHM,EQ,INE338A01024,THIRUMALAI CHEMICALS LTD,164.6,173.0,164.6,171.75,163.31,5.17,215469,37006800.75
2026-06-12,TITAGARH,EQ,INE615H01020,TITAGARH RAIL SYSTEMS LTD,833.5,861.1,831.1,858.65,822.7,4.37,994625,854034780.53
2026-06-12,TITAN,EQ,INE280A01028,TITAN COMPANY LIMITED,4067.8,4200.0,4052.7,4184.0,4025.2,3.95,1122271,4695581864.0
2026-06-12,TMB,EQ,INE668A01016,TAMILNAD MERCA BANK LTD,768.7,777.4,758.0,767.05,767.4,-0.05,210472,161442545.03
2026-06-12,TMCV,EQ,INE1TAE01010,TATA MOTORS LIMITED,363.0,398.0,361.5,390.3,358.35,8.92,21118400,8242511262.21
2026-06-12,TMPV,EQ,INE155A01022,TATA MOTORS PASS VEH LTD,380.25,392.95,379.0,390.0,375.9,3.75,7787586,3037158540.0
2026-06-12,TNIDETF,EQ,INF277KA1364,TATAAML - TNIDETF,78.18,80.0,77.7,79.59,78.18,1.8,26372,2098947.38
2026-06-12,TNPETRO,EQ,INE148A01019,TAMILNADU PETROPRODUCTS L,91.73,91.73,89.32,90.5,89.87,0.7,122997,11131228.5
2026-06-12,TNPL,EQ,INE107A01015,TAMILNADU NEWSPRT & PAPER,146.0,146.0,143.1,143.93,143.63,0.21,79229,11403429.39
2026-06-12,TNTELE,EQ,INE141D01018,TAMILNADU TELECOMMUNICATI,9.09,9.39,9.09,9.25,9.09,1.76,17713,163845.25
2026-06-12,TOKYOPLAST,EQ,INE932C01012,TOKYO PLAST INTL LTD,82.81,84.94,82.0,84.37,82.8,1.9,988,83357.56
2026-06-12,TOLINS,EQ,INE0RWQ01014,TOLINS TYRES LIMITED,99.0,102.9,98.23,102.3,98.24,4.13,118854,12158764.56
2026-06-12,TOP100CASE,EQ,INF0R8F01067,ZERODHAAMC - TOP100CASE,10.12,10.3,10.12,10.29,10.1,1.88,730495,7516793.52
2026-06-12,TOP10ADD,EQ,INF740KA1UR9,DSPAMC - TOP10ADD,86.59,87.29,85.82,87.13,85.37,2.06,1609421,140228847.31
2026-06-12,TOP15IETF,EQ,INF109K1A344,ICICIPRAMC - TOP15IETF,9.69,9.69,9.69,9.69,9.47,2.36,0,0.0
2026-06-12,TOP20,EQ,INF769K01PZ5,MIRAEAMC - TOP20,8.42,8.52,8.38,8.51,8.32,2.28,15971,135913.21
2026-06-12,TORNTPHARM,EQ,INE685A01028,TORRENT PHARMACEUTICALS L,4619.5,4666.0,4557.9,4571.2,4572.2,-0.02,426095,1947765547.22
2026-06-12,TORNTPOWER,EQ,INE813H01021,TORRENT POWER LTD,1391.5,1399.6,1371.5,1392.0,1376.3,1.14,239721,333691632.0
2026-06-12,TOUCHWOOD,EQ,INE486Y01013,TOUCHWOOD ENTERTAIN LTD.,70.0,70.0,67.3,68.13,69.25,-1.62,731,49803.03
2026-06-12,TPLPLASTEH,EQ,INE413G01022,TPL PLASTECH LIMITED,63.6,67.5,63.6,66.72,65.06,2.55,32702,2181877.48
2026-06-12,TRACXN,EQ,INE0HMF01019,TRACXN TECHNOLOGIES LTD,31.0,31.49,30.86,31.26,30.81,1.46,97753,3055758.8
2026-06-12,TRANSRAILL,EQ,INE454P01035,TRANSRAIL LIGHTING LTD,472.4,481.0,469.05,478.1,466.5,2.49,665699,318270695.96
2026-06-12,TRAVELFOOD,EQ,INE103V01028,TRAVEL FOOD SERVICES LTD,1216.8,1256.0,1212.1,1241.7,1216.4,2.08,160308,199054435.77
2026-06-12,TREEHOUSE,EQ,INE040M01013,TREE HOUSE EDU LTD,7.58,7.58,6.51,6.96,6.94,0.29,28947,201471.12
2026-06-12,TREJHARA,EQ,INE00CA01015,TREJHARA SOLUTIONS LTD,140.96,141.97,136.51,140.55,135.06,4.06,17068,2398907.45
2026-06-12,TREL,EQ,INE0O3901029,TRANSINDIA REAL ESTATE L,25.37,25.98,25.0,25.53,25.63,-0.39,100233,2558948.56
2026-06-12,TRENT,EQ,INE849A01020,TRENT LTD,2758.0,2783.9,2720.4,2755.3,2710.9,1.64,583327,1607240911.58
2026-06-12,TRF,EQ,INE391D01019,TRF LIMITED,227.0,230.83,220.63,227.79,222.39,2.43,14202,3235073.48
2026-06-12,TRIDENT,EQ,INE064C01022,TRIDENT LIMITED,23.76,24.25,23.75,24.19,23.57,2.63,3656825,88458598.7
2026-06-12,TRIGYN,EQ,INE948A01012,TRIGYN TECHNOLOGIES LTD,54.26,55.73,53.55,54.39,54.26,0.24,22430,1219967.69
2026-06-12,TRITURBINE,EQ,INE152M01016,TRIVENI TURBINE LIMITED,644.95,672.8,644.95,671.2,640.7,4.76,671285,450566500.19
2026-06-12,TRIVENI,EQ,INE256C01024,TRIVENI ENGG. & INDS. LTD,384.2,387.05,380.3,385.95,382.6,0.88,340165,131286685.9
2026-06-12,TRU,EQ,INE615R01029,TRUCAP FINANCE LIMITED,6.11,6.11,5.65,5.67,5.89,-3.74,128982,731327.95
2026-06-12,TRUALT,EQ,INE0MWH01014,TRUALT BIOENERGY LIMITED,511.8,511.8,495.1,501.25,498.65,0.52,317617,159205521.25
2026-06-12,TSFINV,EQ,INE202Z01029,TSF INVESTMENTS LIMITED,392.0,396.0,384.8,394.2,385.6,2.23,45373,17886037.15
2026-06-12,TTKHLTCARE,EQ,INE910C01018,TTK HEALTHCARE LIMITED,890.25,907.65,882.05,891.05,889.9,0.13,972,866100.59
2026-06-12,TTKPRESTIG,EQ,INE690A01028,TTK PRESTIGE LTD,531.0,542.0,527.95,537.1,532.05,0.95,40262,21624719.22
2026-06-12,TTL,EQ,INE592B01024,T T LIMITED,7.19,7.37,6.76,6.8,7.04,-3.41,501980,3413464.1
2026-06-12,TTML,EQ,INE517B01013,TATA TELESERV(MAHARASTRA),42.86,47.89,42.22,46.44,42.15,10.18,55068815,2557395692.97
2026-06-12,TVSELECT,EQ,INE236G01019,TVS ELECTRONICS LTD,440.05,458.0,440.05,456.0,438.1,4.09,71856,32766336.0
2026-06-12,TVSHLTD,EQ,INE105A01035,TVS HOLDINGS LIMITED,13339.0,13400.0,13216.0,13310.0,13315.0,-0.04,2211,29428410.0
2026-06-12,TVSMOTOR,EQ,INE494B01023,TVS MOTOR COMPANY  LTD,3320.0,3366.8,3265.6,3312.8,3287.4,0.77,2401100,7954364197.24
2026-06-12,TVSSCS,EQ,INE395N01027,TVS SUPPLY CHAIN SOL L,122.55,132.26,122.0,132.26,120.24,10.0,1581448,209162303.79
2026-06-12,TVSSRICHAK,EQ,INE421C01016,TVS SRICHAKRA LIMITED,3877.0,4035.0,3834.6,3985.4,3877.2,2.79,8055,32102396.21
2026-06-12,TVTODAY,EQ,INE038F01029,TV TODAY NETWORK LTD,104.2,108.0,103.86,106.49,103.88,2.51,74289,7911035.45
2026-06-12,TWCGOLDETF,EQ,INF2F0001370,WEALTH - TWCGOLDETF,146.77,147.29,146.0,147.23,144.01,2.24,2621,385889.82
2026-06-12,UBL,EQ,INE686F01025,UNITED BREWERIES LTD,1332.3,1358.0,1323.6,1353.3,1320.7,2.47,67883,91866067.21
2026-06-12,UCOBANK,EQ,INE691A01018,UCO BANK,25.27,26.04,25.27,25.99,25.12,3.46,5924272,153971827.92
2026-06-12,UDS,EQ,INE851I01011,UPDATER SERVICES LIMITED,186.9,191.9,180.25,182.55,184.12,-0.85,373417,68167274.49
2026-06-12,UEL,EQ,INE899L01030,UJAAS ENERGY LIMITED,145.75,147.9,138.02,140.08,143.54,-2.41,6703,938956.25
2026-06-12,UFLEX,EQ,INE516A01017,UFLEX LIMITED,417.5,419.45,412.2,417.4,406.15,2.77,29257,12211871.62
2026-06-12,UFO,EQ,INE527H01019,UFO MOVIEZ INDIA LTD.,72.5,72.9,71.25,71.74,71.97,-0.32,95051,6818958.54
2026-06-12,UGARSUGAR,EQ,INE071E01023,THE UGAR SUGAR WORKS LTD,39.5,39.96,39.06,39.59,39.0,1.51,58073,2299110.08
2026-06-12,UGROCAP,EQ,INE583D01011,UGRO CAPITAL LIMITED,93.1,95.75,93.1,95.29,92.6,2.9,86558,8248111.9
2026-06-12,UJJIVANSFB,EQ,INE551W01018,UJJIVAN SMALL FINANC BANK,54.0,55.0,53.72,54.76,53.26,2.82,14098314,772023650.98
2026-06-12,ULTRACEMCO,EQ,INE481G01011,ULTRATECH CEMENT LIMITED,10950.0,11154.0,10843.0,11117.0,10830.0,2.65,192524,2140289308.0
2026-06-12,ULTRAMAR,EQ,INE405A01021,ULTRAMARINE & PIGMENTS L,377.55,382.8,370.05,374.45,375.9,-0.39,17308,6480980.81
2026-06-12,UMESLTD,EQ,INE240C01028,USHA MARTIN EDU & SOL LTD,5.37,5.88,5.37,5.74,5.64,1.77,1170,6715.8
2026-06-12,UMIYA-MRO,EQ,INE398B01018,UMIYA BUILDCON LIMITED,86.95,87.33,86.1,86.43,87.12,-0.79,3870,334484.1
2026-06-12,UNICHEMLAB,EQ,INE351A01035,UNICHEM LABORATORIES LTD,449.0,462.3,438.35,447.6,462.6,-3.24,2033442,910168651.61
2026-06-12,UNIDT,EQ,INE961D01019,UNITED DRILLING TOOLS LTD,236.41,240.5,224.59,226.64,236.41,-4.13,33669,7630742.14
2026-06-12,UNIECOM,EQ,INE00U401027,UNICOMMERCE ESOLUTIONS L,91.65,94.48,89.1,90.17,90.83,-0.73,4816515,434305148.73
2026-06-12,UNIENTER,EQ,INE037A01022,UNIPHOS ENTERPRISES LTD,105.0,106.4,101.7,103.07,101.73,1.32,8181,843215.67
2026-06-12,UNIINFO,EQ,INE481Z01011,UNIINFO TELECOM SERVI LTD,11.0,11.55,10.55,11.17,11.0,1.55,2620,29265.4
2026-06-12,UNIMECH,EQ,INE0U3I01011,UNIMECH AEROSPACE N MFG L,1096.85,1184.45,1096.85,1159.55,1076.8,7.68,464128,538179645.06
2026-06-12,UNIONBANK,EQ,INE692A01016,UNION BANK OF INDIA,167.5,170.42,166.15,170.05,164.54,3.35,13371950,2273900138.31
2026-06-12,UNIPARTS,EQ,INE244O01017,UNIPARTS INDIA LIMITED,655.0,663.6,627.2,659.7,637.15,3.54,198227,130770354.32
2026-06-12,UNITDSPR,EQ,INE854D01024,UNITED SPIRITS LIMITED,1270.9,1277.0,1261.2,1272.4,1257.8,1.16,497161,632587668.54
2026-06-12,UNITECH,EQ,INE694A01020,UNITECH LTD,4.66,4.85,4.66,4.78,4.66,2.58,3461803,16547419.07
2026-06-12,UNITEDPOLY,EQ,INE368U01029,UNITED POLYFAB GUJ. LTD.,34.5,34.5,32.5,32.95,33.29,-1.02,5920,195064.0
2026-06-12,UNITEDTEA,EQ,INE458F01011,UNITED NILGIRI TEA LTD,529.0,529.0,507.0,507.55,510.2,-0.52,837,424819.34
2026-06-12,UNIVCABLES,EQ,INE279A01012,UNIVERSAL CABLES LTD,1155.2,1198.9,1155.2,1176.6,1134.3,3.73,145680,171407084.44
2026-06-12,UNOMINDA,EQ,INE405E01023,UNO MINDA LIMITED,1077.9,1086.0,1031.3,1057.7,1067.3,-0.9,1395251,1475756914.57
2026-06-12,UPL,EQ,INE628A01036,UPL LIMITED,598.75,615.0,598.05,610.1,593.75,2.75,1385523,845307548.47
2026-06-12,URBANCO,EQ,INE0CAZ01013,URBAN COMPANY LIMITED,124.0,126.92,123.8,126.45,122.98,2.82,2257031,285401563.06
2026-06-12,URJA,EQ,INE550C01020,URJA GLOBAL LIMITED,10.15,10.4,10.15,10.36,10.13,2.27,689721,7145509.32
2026-06-12,USHAMART,EQ,INE228A01035,USHA MARTIN LTD.,484.35,491.0,482.4,486.5,480.1,1.33,194358,94555167.0
2026-06-12,USK,EQ,INE0N0Y01013,UDAYSHIVAKUMAR INFRA LTD,24.6,24.9,23.6,24.62,23.87,3.14,7320,180218.41
2026-06-12,UTIAMC,EQ,INE094J01016,UTI ASSET MNGMT CO LTD,923.95,932.95,914.35,923.55,914.4,1.0,80272,74135204.62
2026-06-12,UTKARSHBNK,EQ,INE735W01017,UTKARSH SMALL FIN BANK L,12.6,13.16,12.6,13.08,12.38,5.65,5880010,76910530.35
2026-06-12,UTLSOLAR,EQ,INE12UR01024,FUJIYAMA POWER SYSTEMS L,304.5,315.0,291.0,310.15,304.4,1.89,136155,42228472.42
2026-06-12,UTTAMSUGAR,EQ,INE786F01031,UTTAM SUGAR MILLS LTD.,233.9,233.9,228.61,230.88,231.21,-0.14,36270,8374017.78
2026-06-12,V2RETAIL,EQ,INE945H01021,V2 RETAIL LIMITED,220.5,226.7,217.07,223.48,215.27,3.81,1556238,347788061.59
2026-06-12,VADILALIND,EQ,INE694D01016,VADILAL INDUSTRIES LTD,5999.9,6132.0,5935.0,6009.3,5940.9,1.15,31219,187604330.6
2026-06-12,VAIBHAVGBL,EQ,INE884A01027,VAIBHAV GLOBAL LIMITED,225.0,233.95,225.0,230.46,223.58,3.08,338651,78045511.73
2026-06-12,VAISHALI,EQ,INE972X01022,VAISHALI PHARMA LIMITED,7.12,7.31,7.03,7.14,7.18,-0.56,131632,939852.46
2026-06-12,VAKRANGEE,EQ,INE051B01021,VAKRANGEE LIMITED,6.08,6.21,6.03,6.19,6.05,2.31,1509152,9341650.97
2026-06-12,VAL30IETF,EQ,INF109KC16X5,ICICIPRAMC - VAL30IETF,15.49,15.59,15.28,15.52,15.27,1.64,226289,3512005.38
2026-06-12,VALUE,EQ,INF769K01QV2,MIRAEAMC - VALUE,16.38,16.38,16.38,16.38,16.11,1.65,0,0.0
2026-06-12,VARDMNPOLY,EQ,INE835A01029,VARDHMAN POLYTEX LTD.,7.1,7.5,6.85,7.17,6.87,4.37,234852,1683888.86
2026-06-12,VARROC,EQ,INE665L01035,VARROC ENGINEERING LTD.,574.0,575.85,565.0,570.35,561.5,1.58,51119,29155720.4
2026-06-12,VASCONEQ,EQ,INE893I01013,VASCON ENGINEERS LTD,32.96,34.8,32.96,34.48,34.69,-0.61,547425,18875213.75
2026-06-12,VASWANI,EQ,INE590L01019,VASWANI IND LTD,59.7,61.29,55.88,59.51,58.02,2.57,58482,3480263.72
2026-06-12,VBL,EQ,INE200M01039,VARUN BEVERAGES LIMITED,526.0,530.0,517.5,522.2,519.9,0.44,2335737,1219721889.91
2026-06-12,VEDL,EQ,INE205A01025,VEDANTA LIMITED,314.0,314.0,303.7,309.65,304.9,1.56,18636477,5770784989.3
2026-06-12,VEEDOL,EQ,INE484C01030,VEEDOL CORPORATION LTD,1414.3,1431.9,1399.9,1418.8,1404.3,1.03,10367,14708700.11
2026-06-12,VENKEYS,EQ,INE398A01010,VENKY S (INDIA) LIMITED,1374.4,1414.3,1350.1,1393.2,1364.4,2.11,47859,66677156.46
2026-06-12,VENTIVE,EQ,INE781S01027,VENTIVE HOSPITALITY LTD,611.7,624.0,611.35,619.5,602.65,2.8,34498,21371511.0
2026-06-12,VENUSPIPES,EQ,INE0JA001018,VENUS PIPES & TUBES LTD,1391.0,1420.0,1365.0,1414.3,1351.1,4.68,34090,48213488.66
2026-06-12,VERANDA,EQ,INE0IQ001011,VERANDA LEARNING SOL LTD,223.39,239.32,220.21,226.92,218.38,3.91,686420,155762425.14
2026-06-12,VERTOZ,EQ,INE188Y01031,VERTOZ LIMITED,46.8,46.9,43.65,45.35,45.89,-1.18,189120,8576591.71
2026-06-12,VESUVIUS,EQ,INE386A01023,VESUVIUS INDIA LTD,448.45,459.95,445.25,452.3,448.45,0.86,55107,24924895.43
2026-06-12,VGL,EQ,INE273D01027,VARVEE GLOBAL LIMITED,69.25,70.7,68.75,69.83,68.74,1.59,83401,5823891.98
2026-06-12,VGUARD,EQ,INE951I01027,V-GUARD IND LTD.,299.0,299.85,295.05,299.15,293.45,1.94,99155,29662217.64
2026-06-12,VHL,EQ,INE701A01023,VARDHMAN HOLDINGS LIMITED,3430.0,3442.9,3377.3,3391.4,3388.6,0.08,449,1522738.56
2026-06-12,VIDHIING,EQ,INE632C01026,VIDHI SPCLTY F INGRDNTS L,285.0,289.4,285.0,287.15,285.5,0.58,2359,677386.84
2026-06-12,VIDYAWIRES,EQ,INE14UN01029,VIDYA WIRES LIMITED,86.3,89.08,86.3,89.08,84.84,5.0,1152931,102703095.59
2026-06-12,VIJAYA,EQ,INE043W01024,VIJAYA DIAGNOSTIC CEN LTD,1285.0,1295.9,1252.0,1287.2,1279.2,0.63,282698,363888851.8
2026-06-12,VIKASECO,EQ,INE806A01020,VIKAS ECOTECH LIMITED,1.27,1.28,1.25,1.27,1.25,1.6,1249832,1587286.62
2026-06-12,VIKASLIFE,EQ,INE161L01027,VIKAS LIFECARE LIMITED,1.44,1.47,1.43,1.45,1.44,0.69,1536510,2227939.57
2026-06-12,VIKRAMSOLR,EQ,INE078V01014,VIKRAM SOLAR LIMITED,205.5,211.0,203.76,209.86,202.13,3.82,2728096,572518228.23
2026-06-12,VIKRAN,EQ,INE01R501028,VIKRAN ENGINEERING LTD,66.92,69.99,66.92,69.69,65.74,6.01,2182761,152116619.42
2026-06-12,VIMTALABS,EQ,INE579C01029,VIMTA LABS LIMITED,526.5,563.6,525.0,554.85,521.25,6.45,789546,438079578.82
2026-06-12,VINATIORGA,EQ,INE410B01037,VINATI ORGANICS LTD,1306.4,1322.5,1297.4,1303.2,1305.4,-0.17,72758,94818222.05
2026-06-12,VINCOFE,EQ,INE498Q01014,VINTAGE COFFEE N BVRGS L,162.8,165.4,157.25,159.45,158.85,0.38,12512630,1995138815.31
2026-06-12,VINDHYATEL,EQ,INE707A01012,VINDHYA TELELINKS LTD,2035.5,2143.6,2022.0,2087.8,1979.6,5.47,100881,210619356.73
2026-06-12,VINEETLAB,EQ,INE505Y01010,VINEET LABORATORIES LTD,34.65,34.65,33.11,33.97,34.5,-1.54,35451,1204270.51
2026-06-12,VINNY,EQ,INE01KI01027,VINNY OVERSEAS LIMITED,1.07,1.09,1.06,1.07,1.07,0.0,287522,307648.56
2026-06-12,VINYLINDIA,EQ,INE250B01029,VINYL CHEMICALS (I) LTD.,239.45,248.0,236.0,244.6,238.7,2.47,17807,4355592.31
2026-06-12,VIPCLOTHNG,EQ,INE450G01024,VIP CLOTHING LIMITED,24.9,25.7,24.61,24.77,24.91,-0.56,27613,683974.02
2026-06-12,VIPIND,EQ,INE054A01027,VIP INDUSTRIES LTD,301.5,318.95,301.5,314.95,297.95,5.71,581330,183089890.6
2026-06-12,VIRINCHI,EQ,INE539B01017,VIRINCHI LIMITED,15.32,15.39,14.9,15.25,14.96,1.94,92285,1407346.25
2026-06-12,VISACHROME,EQ,INE286H01012,VISA CHROME LIMITED,40.85,42.89,39.71,39.95,40.85,-2.2,228340,9122183.17
2026-06-12,VISAKAIND,EQ,INE392A01021,VISAKA INDUSTRIES LIMITED,75.9,76.55,74.5,76.04,74.91,1.51,127004,9657384.28
2026-06-12,VISHNU,EQ,INE270I01022,VISHNU CHEMICALS LIMITED,582.0,593.0,582.0,589.95,577.7,2.12,39988,23590921.09
2026-06-12,VISHWARAJ,EQ,INE430N01022,VISHWARAJ SUGAR IND LTD,5.76,5.89,5.51,5.8,5.46,6.23,227431,1319099.84
2026-06-12,VITAL,EQ,INE0L4K01016,VITAL CHEMTECH LIMITED,55.99,55.99,52.2,53.99,54.7,-1.3,2273,122719.27
2026-06-12,VIVIANA,EQ,INE0MEG01014,VIVIANA POWER TECH LTD,815.0,825.0,801.0,817.55,812.45,0.63,11414,9331515.56
2026-06-12,VIVIDHA,EQ,INE370E01029,VISAGAR POLYTEX LTD,0.53,0.54,0.51,0.51,0.53,-3.77,431910,220274.1
2026-06-12,VIYASH,EQ,INE807F01027,VIYASH SCIENTIFIC LIMITED,254.0,256.95,249.05,249.95,249.2,0.3,2376512,594009167.15
2026-06-12,VLEGOV,EQ,INE03HW01020,VL E GOV AND IT SOL LTD,13.57,13.95,13.02,13.5,13.5,0.0,90513,1221925.5
2026-06-12,VLSFINANCE,EQ,INE709A01018,VLS FINANCE LTD,232.0,232.0,227.1,230.08,227.11,1.31,9354,2152168.34
2026-06-12,VMART,EQ,INE665J01013,VMART RETAIL LTD,705.9,720.8,696.8,719.75,697.8,3.15,138280,99527030.0
2026-06-12,VMM,EQ,INE01EA01019,VISHAL MEGA MART LIMITED,118.99,120.1,117.82,119.77,117.65,1.8,4735772,567203396.54
2026-06-12,VMSTMT,EQ,INE0SJA01013,VMS TMT LIMITED,44.89,45.44,44.01,44.64,44.21,0.97,13381,597327.83
2026-06-12,VOLTAMP,EQ,INE540H01012,VOLTAMP TRANSFORMERS LTD,9591.0,9810.0,9591.0,9719.5,9531.5,1.97,44181,429417229.5
2026-06-12,VOLTAS,EQ,INE226A01021,VOLTAS LTD,1285.0,1305.0,1273.1,1285.4,1277.3,0.63,548090,704514899.38
2026-06-12,VPRPL,EQ,INE0AE001013,VISHNU PRAKASH R PUNGLI L,23.95,26.44,23.94,26.44,25.19,4.96,2070912,54754914.39
2026-06-12,VRAJ,EQ,INE0S2V01010,VRAJ IRON AND STEEL LTD,121.8,123.97,119.5,120.26,120.23,0.02,27102,3259286.58
2026-06-12,VRLLOG,EQ,INE366I01010,VRL LOGISTICS LIMITED,230.0,231.86,228.33,229.89,229.65,0.1,167063,38406112.97
2026-06-12,VSSL,EQ,INE050M01012,VARDHMAN SPC STEEL LTD,273.0,278.7,265.2,276.15,267.95,3.06,83203,22976507.94
2026-06-12,VSTIND,EQ,INE710A01016,VST INDUSTRIES LTD,259.0,260.0,257.8,259.75,256.3,1.35,163623,42501074.25
2026-06-12,VSTL,EQ,INE0QTF01015,VIBHOR STEEL TUBES LTD,120.1,121.99,117.46,120.37,119.02,1.13,11948,1438180.79
2026-06-12,VSTTILLERS,EQ,INE764D01017,VST TILLERS TRACTORS LTD,4370.1,4525.9,4355.0,4497.1,4353.5,3.3,8932,40168098.07
2026-06-12,VTL,EQ,INE825A01020,VARDHMAN TEXTILES LIMITED,619.9,630.8,616.25,627.85,614.45,2.18,220540,138466033.62
2026-06-12,WAAREEENER,EQ,INE377N01017,WAAREE ENERGIES LIMITED,3040.0,3077.6,3020.0,3031.4,3013.9,0.58,587997,1782454048.38
2026-06-12,WAAREEINDO,EQ,INE866K01023,INDOSOLAR LIMITED,384.0,389.0,371.0,381.0,373.95,1.89,55002,20955762.0
2026-06-12,WAAREERTL,EQ,INE299N01021,WAAREE RENEWABLE TECH LTD,936.05,956.95,936.05,954.15,922.6,3.42,166669,159027230.42
2026-06-12,WABAG,EQ,INE956G01038,VA TECH WABAG LTD,1542.0,1585.0,1531.2,1577.8,1524.0,3.53,204027,321913810.56
2026-06-12,WAKEFIT,EQ,INE0E7301029,WAKEFIT INNOVATIONS LTD,116.0,116.0,113.25,114.76,113.72,0.91,820143,94119612.43
2026-06-12,WALCHANNAG,EQ,INE711A01022,WALCHANDNAGAR INDUSTRIES,249.3,268.0,247.2,265.45,243.0,9.24,6180535,1640623091.2
2026-06-12,WANBURY,EQ,INE107F01022,WANBURY LIMITED,261.0,284.0,255.9,274.55,255.95,7.27,175811,48268907.9
2026-06-12,WCIL,EQ,INE0CJF01024,WESTERN CARRIERS (IND) L,91.9,94.42,91.47,93.75,91.05,2.97,40892,3833625.0
2026-06-12,WEALTH,EQ,INE658T01017,WEALTH FRST PORT. MG. LTD,920.0,948.0,915.1,941.1,910.75,3.33,1396,1313775.57
2026-06-12,WEBELSOLAR,EQ,INE855C01023,WEBSOL ENERGY SYSTEM LTD,102.3,104.8,101.65,103.63,99.97,3.66,2071596,214679487.79
2026-06-12,WEIZMANIND,EQ,INE080A01014,WEIZMANN LTD,80.0,81.43,79.0,81.17,79.18,2.51,1830,148541.1
2026-06-12,WEL,EQ,INE02WG01024,WONDER ELECTRICALS LTD,94.0,94.0,92.05,92.66,92.06,0.65,143153,13264557.5
2026-06-12,WELCORP,EQ,INE191B01025,WELSPUN CORP LIMITED,1400.0,1413.5,1383.7,1402.3,1389.4,0.93,306278,429493654.35
2026-06-12,WELENT,EQ,INE625G01013,WELSPUN ENTERPRISES LTD.,555.0,561.0,546.8,552.25,550.4,0.34,231546,127871278.5
2026-06-12,WELSPUNLIV,EQ,INE192B01031,WELSPUN LIVING LIMITED,136.1,138.99,135.12,138.54,135.55,2.21,915272,126801776.73
2026-06-12,WENDT,EQ,INE274C01019,WENDT (INDIA) LIMITED,6849.0,7898.0,6849.0,7681.5,6783.0,13.25,195856,1504467864.0
2026-06-12,WESTLIFE,EQ,INE274F01020,WESTLIFE FOODWORLD LTD,438.55,448.0,435.9,445.85,438.55,1.66,21025,9373996.38
2026-06-12,WEWIN,EQ,INE082W01014,WE WIN LIMITED,52.98,52.98,49.63,50.0,52.2,-4.21,8042,402100.0
2026-06-12,WEWORK,EQ,INE085001019,WEWORK INDIA MANAGEMENT L,640.1,660.0,631.2,639.35,638.9,0.07,177686,113603539.76
2026-06-12,WHEELS,EQ,INE715A01015,WHEELS INDIA LTD,1649.0,1649.0,1602.5,1634.7,1622.2,0.77,84183,137613945.99
2026-06-12,WHIRLPOOL,EQ,INE716A01013,WHIRLPOOL OF INDIA LTD,777.0,778.8,764.15,769.95,769.35,0.08,408856,314798682.19
2026-06-12,WILLAMAGOR,EQ,INE210A01017,WILLIAMSON MAGOR,25.82,26.69,25.56,25.59,25.79,-0.78,164,4196.76
2026-06-12,WINDLAS,EQ,INE0H5O01029,WINDLAS BIOTECH LIMITED,814.9,830.0,806.2,824.3,811.3,1.6,65906,54326315.0
2026-06-12,WINDMACHIN,EQ,INE052A01021,WINDSOR MACHINES LIMITED,323.05,333.9,321.55,324.55,318.1,2.03,103816,33693481.53
2026-06-12,WIPL,EQ,INE215F01023,THE WESTERN INDIA PLY LTD,150.4,154.4,148.1,154.17,145.28,6.12,386,59509.62
2026-06-12,WIPRO,EQ,INE075A01022,WIPRO LTD,178.65,180.45,177.57,180.14,177.37,1.56,13850153,2494966552.97
2026-06-12,WOCKPHARMA,EQ,INE049B01025,WOCKHARDT LIMITED,1949.0,1976.0,1918.5,1938.0,1923.8,0.74,1273816,2468655408.0
2026-06-12,WONDERLA,EQ,INE066O01014,WONDERLA HOLIDAYS LTD.,465.6,482.0,465.6,478.25,465.6,2.72,21066,10074814.5
2026-06-12,WORTHPERI,EQ,INE196Y01018,WORTH PERIPHERALS LIMITED,124.9,125.78,120.0,123.49,124.7,-0.97,11350,1401611.48
2026-06-12,WSI,EQ,INE100D01014,W.S.INDUSTRIES (I) LTD.,69.8,70.36,68.71,69.8,69.05,1.09,22582,1576223.67
2026-06-12,WSTCSTPAPR,EQ,INE976A01021,WEST COAST PAPER MILLS LT,492.4,500.85,488.3,494.35,484.65,2.0,58225,28783529.11
2026-06-12,XCHANGING,EQ,INE692G01013,XCHANGING SOLUTIONS LTD,62.59,63.29,62.0,63.05,61.62,2.32,35446,2234870.27
2026-06-12,XELPMOC,EQ,INE01P501012,XELPMOC DESIGN & TECH LTD,90.95,91.0,85.9,86.17,88.45,-2.58,36977,3186308.02
2026-06-12,XPROINDIA,EQ,INE445C01015,XPRO INDIA LIMITED,1171.1,1211.0,1161.0,1207.1,1173.6,2.85,28135,33961757.81
2026-06-12,XTGLOBAL,EQ,INE547B01028,XTGLOBAL INFOTECH LIMITED,28.92,29.89,28.56,28.88,28.59,1.01,34233,988649.01
2026-06-12,YASHO,EQ,INE616Z01012,YASHO INDUSTRIES LIMITED,2619.0,2939.0,2593.2,2870.4,2553.2,12.42,201292,577788537.14
2026-06-12,YATHARTH,EQ,INE0JO301016,YATHARTH HOSP & TRA C S L,834.9,845.0,832.35,839.75,825.85,1.68,236157,198312840.75
2026-06-12,YATRA,EQ,INE0JR601024,YATRA ONLINE LIMITED,98.0,103.83,98.0,103.14,96.57,6.8,3338096,344291219.4
2026-06-12,YESBANK,EQ,INE528G01035,YES BANK LIMITED,22.85,23.05,22.43,23.02,22.22,3.6,87273100,2009026801.95
2026-06-12,YUKEN,EQ,INE384C01016,YUKEN INDIA LIMITED,675.1,690.0,670.0,685.0,671.25,2.05,12973,8886505.0
2026-06-12,ZAGGLE,EQ,INE07K301024,ZAGGLE PREPA OCEAN SER L,196.5,210.7,196.5,208.8,194.7,7.24,1755823,366615847.76
2026-06-12,ZEEL,EQ,INE256A01028,ZEE ENTERTAINMENT ENT LTD,113.19,114.95,109.0,112.6,111.45,1.03,86798974,9773564339.96
2026-06-12,ZEELEARN,EQ,INE565L01011,ZEE LEARN LIMITED,6.91,7.2,6.8,7.1,6.91,2.75,265677,1886306.67
2026-06-12,ZEEMEDIA,EQ,INE966H01019,ZEE MEDIA CORPORATION LTD,8.61,8.79,8.46,8.63,8.52,1.29,977568,8436411.95
2026-06-12,ZENITHEXPO,EQ,INE058B01018,ZENITH EXPORTS LTD,201.09,206.5,200.0,201.62,201.08,0.27,165,33267.3
2026-06-12,ZENITHSTL,EQ,INE318D01020,ZENITH STEEL PIP IND LTD,5.65,5.96,5.65,5.92,5.61,5.53,84815,502104.81
2026-06-12,ZENSARTECH,EQ,INE520A01027,ZENSAR TECHNOLOGIES  LTD,453.0,455.0,443.2,452.8,442.8,2.26,459316,207978279.19
2026-06-12,ZENTEC,EQ,INE251B01027,ZEN TECHNOLOGIES LIMITED,1743.0,1817.0,1737.3,1793.8,1715.1,4.59,900956,1616134916.79
2026-06-12,ZFCVINDIA,EQ,INE342J01019,ZF COM VE CTR SYS IND LTD,2464.83,2494.67,2443.83,2452.33,2433.67,0.77,58848,144314907.21
2026-06-12,ZFSTEERING,EQ,INE116C01012,Z F STEERING GEAR (I) LTD,652.9,653.25,638.0,642.3,646.5,-0.65,19793,12713043.66
2026-06-12,ZIMLAB,EQ,INE518E01015,ZIM LABORATORIES LIMITED,114.79,116.0,110.2,114.39,112.0,2.13,74289,8497918.66
2026-06-12,ZODIAC,EQ,INE761Y01019,ZODIAC ENERGY LIMITED,269.85,276.0,269.8,275.8,265.4,3.92,5951,1641285.73
2026-06-12,ZODIACLOTH,EQ,INE206B01013,ZODIAC CLOTHING CO. LTD.,73.2,75.0,73.2,74.51,73.24,1.73,3104,231279.05
2026-06-12,ZOTA,EQ,INE358U01012,ZOTA HEALTH CARE LIMITED,1215.0,1237.0,1200.0,1225.2,1196.6,2.39,62313,76345884.56
2026-06-12,ZUARI,EQ,INE840M01016,ZUARI AGRO CHEMICALS LTD,212.0,217.0,212.0,216.49,209.94,3.12,77961,16877777.32
2026-06-12,ZUARIIND,EQ,INE217A01012,ZUARI INDUSTRIES LIMITED,244.0,246.0,239.95,244.55,238.95,2.34,28511,6972365.14
2026-06-12,ZYDUSLIFE,EQ,INE010B01027,ZYDUS LIFESCIENCES LTD,1113.2,1118.0,1101.7,1104.7,1105.9,-0.11,872151,963465167.11
2026-06-12,ZYDUSWELL,EQ,INE768C01028,ZYDUS WELLNESS LIMITED,505.0,508.15,500.25,506.0,500.35,1.13,139828,70752968.0
