date,symbol,series,isin,name,open,high,low,close,prev_close,chg_pct,volume,value
2026-01-14,3IINFOLTD,BE,INE748C01038,3I INFOTECH LIMITED,15.09,15.35,15.03,15.21,15.14,0.46,294033,4472241.94
2026-01-14,AARTECH,BE,INE01C001026,AARTECH SOLONICS LIMITED,50.49,52.24,49.02,51.58,50.29,2.57,50588,2609329.13
2026-01-14,AARTISURF,BE,INE09EO01013,AARTI SURFACTANTS LIMITED,383.5,386.8,376.7,380.05,380.6,-0.14,6950,2641347.42
2026-01-14,ABAN,BE,INE421A01028,ABAN OFFSHORE LTD.,18.42,19.25,18.25,19.25,18.34,4.96,179875,3462593.75
2026-01-14,ABINFRA,BE,INE00YB01025,A B INFRABUILD LIMITED,19.35,19.7,19.11,19.41,19.11,1.57,238951,4638038.87
2026-01-14,ABMINTLLTD,BE,INE251C01025,ABM INTERNATIONAL LTD,37.76,37.76,36.66,36.85,37.76,-2.41,132,4864.2
2026-01-14,ACCURACY,BE,INE648Z01023,ACCURACY SHIPPING LIMITED,5.3,5.5,5.25,5.38,5.38,0.0,75254,404866.53
2026-01-14,AHLWEST,BE,INE915K01010,ASIAN HOTELS (WEST) LTD,144.15,144.15,144.15,144.15,144.15,0.0,0,0.0
2026-01-14,AKI,BE,INE642Z01026,AKI INDIA LIMITED,6.31,6.94,6.12,6.19,6.31,-1.9,255705,1582813.96
2026-01-14,AKSHARCHEM,BE,INE542B01011,AKSHARCHEM INDIA LIMITED,228.32,230.0,224.05,227.13,228.32,-0.52,1473,334562.5
2026-01-14,AKSHOPTFBR,BE,INE523B01011,AKSH OPTIFIBRE  LTD,6.01,6.07,5.93,5.95,6.06,-1.82,230183,1369588.81
2026-01-14,ALPHAGEO,BE,INE137C01018,ALPHAGEO (INDIA) LIMITED,226.0,230.0,220.0,220.28,222.82,-1.14,3269,720095.32
2026-01-14,AMANTA,BE,INE084K01015,AMANTA HEALTHCARE LIMITED,108.0,109.17,106.0,106.66,108.32,-1.53,26276,2802598.26
2026-01-14,AMDIND,BE,INE005I01014,AMD INDUSTRIES LIMITED,43.98,45.14,42.38,43.44,43.49,-0.11,59212,2572169.2
2026-01-14,ANMOL,BE,INE02AR01019,ANMOL INDIA LIMITED,13.48,13.75,13.16,13.44,13.28,1.2,31169,418911.35
2026-01-14,APTECHT,BE,INE266F01018,APTECH LIMITED,87.95,88.37,87.0,87.59,87.81,-0.25,65249,5715159.67
2026-01-14,ARIES,BE,INE298I01015,ARIES AGRO LTD.,315.3,319.6,310.0,312.05,316.9,-1.53,18409,5744528.23
2026-01-14,ASAHISONG,BE,INE228I01012,ASAHI SONGWON COLOR LTD,241.85,242.0,235.0,239.3,241.95,-1.1,7849,1878265.72
2026-01-14,ASMS,BE,INE855F01042,AVIO SMART MRKT STACK LTD,11.01,11.25,11.01,11.09,11.14,-0.45,96911,1074743.0
2026-01-14,AVG,BE,INE680Z01018,AVG LOGISTICS LIMITED,169.55,170.99,165.11,167.54,167.04,0.3,24989,4186656.89
2026-01-14,BAFNAPH,BE,INE878I01022,BAFNA PHARMACEUTICALS LTD,129.4,132.89,126.7,127.58,129.99,-1.85,1389,177208.62
2026-01-14,BASML,BE,INE186H01022,BANNARI AM SPIN MILL LTD.,25.74,25.74,24.4,24.54,24.79,-1.01,83379,2046120.74
2026-01-14,BGRENERGY,BE,INE661I01014,BGR ENERGY SYSTEMS LTD,320.6,327.9,317.3,321.1,320.6,0.16,59161,18996597.46
2026-01-14,BHAGERIA,BE,INE354C01027,BHAGERIA INDUSTRIES LTD,169.1,169.19,166.0,166.36,167.62,-0.75,34791,5787830.78
2026-01-14,BHARATGEAR,BE,INE561C01019,BHARAT GEARS LTD,106.8,106.8,105.0,105.47,105.94,-0.44,10641,1122306.28
2026-01-14,BILVYAPAR,BE,INE071A01013,BIL VYAPAR LIMITED,7.1,7.1,6.8,7.1,7.09,0.14,15423,109503.3
2026-01-14,BLISSGVS,BE,INE416D01022,BLISS GVS PHARMA LTD,164.0,168.0,161.64,164.35,162.49,1.14,2269157,372935966.8
2026-01-14,BURNPUR,BE,INE817H01022,BURNPUR CEMENT LIMITED,33.0,33.0,33.0,33.0,33.0,0.0,0,0.0
2026-01-14,BYKE,BE,INE319B01014,THE BYKE HOSPITALITY LTD,53.0,55.3,52.26,53.03,53.78,-1.39,108939,5777035.04
2026-01-14,CALSOFT,BE,INE526B01014,CALIFORNIA SOFTWARE CO LT,14.95,15.37,14.95,15.17,14.95,1.47,4392,66626.64
2026-01-14,CAPTRUST,BE,INE707C01018,CAPITAL TRUST LIMITED,13.38,13.45,12.31,13.36,12.83,4.13,25567,341575.11
2026-01-14,CHEMBONDCH,BE,INE0TGX01019,CHEMBOND CHEMICAL LIMITED,146.58,147.3,143.1,143.99,144.74,-0.52,1086,156373.15
2026-01-14,CHEMCON,BE,INE03YM01018,CHEMCON SPECIAL CHEM LTD,185.6,186.99,181.3,183.32,184.64,-0.71,41168,7546918.06
2026-01-14,CONSOFINVT,BE,INE025A01027,CONSO. FIN. & HOLD. LTD.,162.37,163.0,158.51,159.01,162.36,-2.06,1490,236924.89
2026-01-14,COUNCODOS,BE,INE695B01025,COUNTRY CONDO S LIMITED,5.57,5.68,5.33,5.53,5.64,-1.95,48584,268669.53
2026-01-14,CTE,BE,INE627H01017,CAMBRIDGE TECH ENTER LTD,34.47,35.67,33.53,34.95,34.47,1.39,10269,358901.56
2026-01-14,CURAA,BE,INE117B01020,CURA TECHNOLOGIES LIMITED,103.99,103.99,100.9,101.0,104.27,-3.14,26,2626.0
2026-01-14,CYBERMEDIA,BE,INE278G01037,CYBER MEDIA (INDIA) LTD.,15.6,16.45,15.6,16.26,15.89,2.33,14850,241461.0
2026-01-14,CYBERTECH,BE,INE214A01019,CYBERTECH SYSTEMS & SOFTW,134.0,140.5,133.93,138.63,134.51,3.06,26122,3621292.99
2026-01-14,DAMODARIND,BE,INE497D01022,DAMODAR INDUSTRIES LTD,29.65,29.65,28.85,29.01,29.57,-1.89,1027,29793.27
2026-01-14,DBSTOCKBRO,BE,INE921B01025,DB (INT) STOCK BROKERS,25.01,25.73,24.8,25.38,24.91,1.89,2637,66927.06
2026-01-14,DELPHIFX,BE,INE726L01027,DELPHI WORLD MONEY LTD,16.0,16.33,15.8,15.99,16.29,-1.81,1714650,27421825.18
2026-01-14,DIACABS,BE,INE989C01038,DIAMOND POWER INFRA LTD,130.7,132.47,129.4,130.2,131.54,-1.02,1241408,161631317.81
2026-01-14,DIGJAMLMTD,BE,INE731U01028,DIGJAM LTD,50.5,51.98,50.01,50.55,49.92,1.26,764,38620.2
2026-01-14,DPSCLTD,BE,INE360C01024,DPSC LIMITED,9.33,9.75,9.31,9.58,9.31,2.9,84274,807344.91
2026-01-14,DPWIRES,BE,INE864X01013,D P WIRES LIMITED,192.71,192.71,187.41,189.92,187.87,1.09,8245,1565890.38
2026-01-14,DSKULKARNI,BE,INE891A01022,DS KULKARNI DEVELOPERS L,13.55,13.55,13.55,13.55,13.55,0.0,0,0.0
2026-01-14,DTIL,BE,INE341R01014,DHUNSERI TEA & IND. LTD.,151.99,154.8,149.0,150.06,150.4,-0.23,2321,348289.25
2026-01-14,E2E,BE,INE255Z01027,E2E NETWORKS LIMITED,202.5,214.21,199.64,202.41,198.78,1.83,1797680,363868415.38
2026-01-14,EASTSILK,BE,INE962C01035,EASTERN SILK INDUSTRIES L,74.55,74.55,74.55,74.55,74.55,0.0,0,0.0
2026-01-14,EIFFL,BE,INE546V01010,EURO (I) FRESH FOODS LTD,276.55,276.7,252.05,255.7,280.15,-8.73,81594,20863585.55
2026-01-14,EMAMIPAP,BE,INE830C01026,EMAMI PAPER MILLS LIMITED,84.9,84.9,81.9,83.27,82.64,0.76,5230,435502.08
2026-01-14,EMMBI,BE,INE753K01015,EMMBI INDUSTRIES LIMITED,94.51,95.69,93.15,94.74,94.1,0.68,7217,683738.56
2026-01-14,EQUIPPP,BE,INE217G01035,EQUIPPP SOC IMP TECH LTD,20.99,20.99,19.69,20.13,20.5,-1.8,11536,232219.67
2026-01-14,ESAFSFB,BE,INE818W01011,ESAF SMALL FINANCE BANK L,25.9,26.1,25.59,25.96,25.79,0.66,179653,4663791.72
2026-01-14,EUROTEXIND,BE,INE022C01012,EUROTEX IND & EXPORTS LTD,12.6,13.23,12.05,13.22,12.6,4.92,873,11541.06
2026-01-14,EVERESTIND,BE,INE295A01018,EVEREST INDUSTRIES LTD,441.1,446.35,430.0,436.0,441.1,-1.16,9963,4343868.0
2026-01-14,FAIRCHEMOR,BE,INE0DNW01011,FAIRCHEM ORGANICS LIMITED,706.85,709.9,689.05,699.9,709.65,-1.37,8716,6100328.61
2026-01-14,FLEXITUFF,BE,INE060J01017,FLEXITUFF VENTURES INT L,11.97,12.56,11.66,11.85,11.97,-1.0,12286,145589.1
2026-01-14,FOCUS,BE,INE593W01028,FOCUS LIGHTG & FIXTRS LTD,73.5,73.8,72.0,72.26,72.6,-0.47,37792,2730850.0
2026-01-14,GANESHBE,BE,INE388A01029,GANESH BENZOPLAST LIMITED,76.8,78.5,76.5,76.63,78.33,-2.17,63480,4864472.23
2026-01-14,GATECH,BE,INE224E01028,GACM TECHNOLOGIES LIMITED,0.53,0.54,0.51,0.51,0.52,-1.92,9842014,5019427.05
2026-01-14,GATECHDVR,BE,INE224E01036,GACM TECHNOLOGIES LIMITED,0.49,0.49,0.47,0.47,0.48,-2.08,875010,411254.7
2026-01-14,GEECEE,BE,INE916G01016,GEECEE VENTURES LIMITED,312.05,322.95,310.35,313.3,312.7,0.19,3149,986581.66
2026-01-14,GFSTEELS,BE,INE534A01028,GRAND FOUNDRY LTD,11.25,11.25,11.25,11.25,11.25,0.0,0,0.0
2026-01-14,GICL,BE,INE947T01022,GLOBE INTL CARRIERS LTD,42.75,43.9,41.5,43.55,43.5,0.11,84000,3658199.94
2026-01-14,GINNIFILA,BE,INE424C01010,GINNIFILAMENTS LTD.,40.04,41.21,40.01,40.88,40.42,1.14,40728,1664960.68
2026-01-14,GOLDTECH,BE,INE805A01014,AION-TECH SOLUTIONS LTD,47.54,48.38,45.6,47.12,47.31,-0.4,22062,1039561.42
2026-01-14,GULFPETRO,BE,INE586G01017,GP PETROLEUMS LIMITED,33.75,35.69,33.58,34.04,33.74,0.89,82318,2802104.8
2026-01-14,GVKPIL,BE,INE251H01024,GVK POW. & INFRA LTD.,3.02,3.09,2.98,3.01,3.03,-0.66,667586,2009433.85
2026-01-14,GVPTECH,BE,INE382T01030,GVP INFOTECH LIMITED,8.37,8.37,7.91,7.98,8.21,-2.8,151464,1208682.72
2026-01-14,HEG,BE,INE545A01024,HEG LIMITED,554.0,584.45,550.75,565.0,550.7,2.6,5548142,3134700230.0
2026-01-14,HFCL,BE,INE548A01028,HFCL LIMITED,62.68,66.3,62.5,64.41,62.68,2.76,28613605,1843002402.84
2026-01-14,HITECHCORP,BE,INE120D01012,HITECH CORPORATION LTD,166.97,166.98,160.01,162.8,161.4,0.87,1749,284737.21
2026-01-14,HITECHGEAR,BE,INE127B01011,THE HI-TECH GEARS LIMITED,751.0,776.9,740.0,743.5,764.65,-2.77,1043,775470.5
2026-01-14,HMVL,BE,INE871K01015,HINDUSTAN MEDIA VENT LTD,69.1,69.9,66.5,69.08,68.8,0.41,20339,1405018.16
2026-01-14,HYBRIDFIN,BE,INE965B01022,HYBRID FINANCIAL SERVICE,18.49,19.2,18.11,19.14,18.49,3.52,5907,113059.98
2026-01-14,ICDSLTD,BE,INE613B01010,ICDSLTD,42.55,46.0,41.01,42.05,42.76,-1.66,2135,89776.75
2026-01-14,INDOAMIN,BE,INE760F01028,INDO AMINES LIMITED,124.0,129.5,123.64,126.2,124.14,1.66,108585,13703426.67
2026-01-14,IVP,BE,INE043C01018,IVP LIMITED,145.1,149.77,144.25,146.78,145.82,0.66,947,139000.66
2026-01-14,KALYANIFRG,BE,INE314G01014,KALYANI FORGE LIMITED,607.95,608.0,595.0,597.2,611.6,-2.35,1697,1013448.42
2026-01-14,KAMDHENU,BE,INE390H01020,KAMDHENU LIMITED,22.2,22.6,22.19,22.46,22.39,0.31,656682,14749077.12
2026-01-14,KANORICHEM,BE,INE138C01024,KANORIACHEMICALS-,70.0,72.48,70.0,71.64,70.22,2.02,12085,865769.39
2026-01-14,KAUSHALYA,BE,INE234I01028,KAUSHALYA INFRA DEV LTD.,861.4,904.4,861.2,890.45,872.05,2.11,522,464814.91
2026-01-14,KAVDEFENCE,BE,INE641C01019,KAVVERI DFS & WIR TEC LTD,67.73,69.8,65.1,68.02,67.72,0.44,225391,15331095.06
2026-01-14,KAYA,BE,INE587G01015,KAYA LIMITED,390.15,391.85,365.0,382.8,392.4,-2.45,15184,5812435.01
2026-01-14,KCPSUGIND,BE,INE790B01024,KCPSUGARINDUS,24.95,25.36,24.5,25.18,24.7,1.94,40533,1020620.95
2026-01-14,KESORAMIND,BE,INE087A01019,KESORAM INDUSTRIES LTD,9.45,9.96,9.2,9.95,9.49,4.85,1770138,17612872.76
2026-01-14,KHADIM,BE,INE834I01025,KHADIM INDIA LIMITED,175.7,175.7,169.25,171.92,173.11,-0.69,14605,2510891.57
2026-01-14,KILITCH,BE,INE729D01010,KILITCH DRUGS INDIA LTD,172.0,172.0,168.12,168.88,170.73,-1.08,5192,876799.0
2026-01-14,KOTARISUG,BE,INE419A01022,KOTHARI SUG & CHEM LTD.,26.3,26.95,26.12,26.22,26.3,-0.3,26621,698002.6
2026-01-14,KOTYARK,BE,INE0J0B01017,KOTYARK INDUSTRIES LTD,19.27,19.72,18.67,19.46,19.27,0.99,19800,385380.0
2026-01-14,KRONOX,BE,INE0ATZ01017,KRONOX LAB SCIENCES LTD,132.02,132.47,130.0,130.96,131.51,-0.42,24532,3212710.88
2026-01-14,KSR,BE,INE1SPP01016,KSR FOOTWEAR LIMITED,22.42,23.99,22.42,22.53,23.6,-4.53,59582,1342382.5
2026-01-14,LANCORHOL,BE,INE572G01025,LANCOR HOLDINGS LIMITED,23.8,24.9,23.3,24.58,23.76,3.45,19845,487790.1
2026-01-14,LOTUSDEV,BE,INE0V9Q01010,SRI LOTUS DEVLPRS N RTY L,153.0,153.79,150.5,150.92,151.83,-0.6,603943,91147076.45
2026-01-14,LYKALABS,BE,INE933A01014,LYKA LABS LTD.,76.06,77.7,75.51,77.01,76.63,0.5,12737,980876.4
2026-01-14,MADHUCON,BE,INE378D01032,MADHUCON PROJECTS LTD.,5.89,6.05,5.71,5.79,5.89,-1.7,13865,80278.35
2026-01-14,MAHASTEEL,BE,INE451L01014,MAHAMAYA STEEL INDS LTD,834.7,834.7,834.7,834.7,851.7,-2.0,780,651066.01
2026-01-14,MANAKSTEEL,BE,INE824Q01011,MANAKSIA STEELS LTD,62.48,64.49,61.93,63.45,61.91,2.49,40123,2545804.38
2026-01-14,MAZDA,BE,INE885E01042,MAZDA LIMITED,205.0,210.79,205.0,206.48,207.21,-0.35,13262,2738337.7
2026-01-14,MBECL,BE,INE748A01024,MCNALLY BHARAT ENGIN CO L,65.4,65.4,65.4,65.4,65.4,0.0,0,0.0
2026-01-14,MEDICAMEQ,BE,INE646B01010,MEDICAMEN BIOTECH LIMITED,393.65,394.65,381.25,385.65,393.25,-1.93,14138,5452319.61
2026-01-14,MENONBE,BE,INE071D01033,MENON BEARINGS LIMITED,126.84,129.5,125.0,126.91,126.83,0.06,61600,7817656.23
2026-01-14,MHLXMIRU,BE,INE112D01035,MAHALAXMI RUBTECH LIMITED,201.01,209.5,196.5,197.44,194.94,1.28,3824,755010.57
2026-01-14,MICEL,BE,INE287C01037,MIC ELECTRONICS LTD,39.08,39.53,38.51,38.64,39.08,-1.13,940886,36355834.47
2026-01-14,MODISONLTD,BE,INE737D01021,MODISON LIMITED,152.0,156.5,152.0,155.45,154.04,0.92,36976,5747919.09
2026-01-14,MOLDTECH,BE,INE835B01035,MOLD-TEK TECHNOLOGIES LTD,137.45,140.19,136.0,136.57,137.61,-0.76,27639,3774658.43
2026-01-14,MTARTECH,BE,INE864I01014,MTAR TECHNOLOGIES LIMITED,2630.0,2669.9,2613.7,2637.6,2634.4,0.12,206781,545405585.79
2026-01-14,MTEDUCARE,BE,INE472M01018,MT EDUCARE LTD,1.57,1.64,1.55,1.64,1.57,4.46,16425,26937.0
2026-01-14,MUKKA,BE,INE0CG401037,MUKKA PROTEINS LIMITED,22.2,22.24,22.02,22.09,22.2,-0.5,200388,4426570.95
2026-01-14,MUKTAARTS,BE,INE374B01019,MUKTA ARTS LIMITED,62.87,67.79,62.87,66.17,64.55,2.51,9859,652370.01
2026-01-14,NATCAPSUQ,BE,INE936B01015,NATURAL CAPSULES LIMITED,180.0,189.39,179.0,180.54,181.52,-0.54,1538,277670.51
2026-01-14,NAVKARURB,BE,INE268H01044,NAVKAR URBANSTRUCTURE LTD,1.48,1.61,1.48,1.6,1.54,3.9,384988,615980.81
2026-01-14,NECCLTD,BE,INE553C01016,NORTH EAST CARRY CORP LTD,17.54,17.54,17.1,17.16,17.34,-1.04,31400,538824.0
2026-01-14,NEUEON,BE,INE333I01044,NEUEON CORPORATION LTD,8.08,8.08,8.08,8.08,8.08,0.0,0,0.0
2026-01-14,NIRAJISPAT,BE,INE326T01011,NIRAJ ISPAT IND LTD,185.0,208.0,185.0,202.95,189.77,6.95,508,103098.6
2026-01-14,NRL,BE,INE0JM501013,NUPUR RECYCLERS LIMITED,54.64,54.95,54.02,54.45,54.64,-0.35,28019,1525634.57
2026-01-14,NURECA,BE,INE0DSF01015,NURECA LIMITED,284.05,298.25,280.95,297.0,284.05,4.56,35879,10656063.0
2026-01-14,OCCLLTD,BE,INE0PK601023,OCCL LIMITED,98.0,99.0,95.02,98.21,95.71,2.61,22898,2248812.56
2026-01-14,OILCOUNTUB,BE,INE591A01010,OIL COUNTRY TUBULAR LTD.,60.22,62.9,58.0,60.69,61.09,-0.65,240839,14616518.58
2026-01-14,OMFREIGHT,BE,INE1BZC01019,OM FREIGHT FORWARDERS LTD,93.93,96.99,92.0,95.68,93.1,2.77,88648,8481840.67
2026-01-14,ONELIFECAP,BE,INE912L01015,ONELIFE CAP ADVISORS LTD,16.58,16.58,15.85,15.85,16.18,-2.04,4041,64049.85
2026-01-14,ONMOBILE,BE,INE809I01019,ONMOBILE GLOBAL LTD.,56.9,57.5,55.0,57.19,56.9,0.51,142530,8151290.5
2026-01-14,ORBTEXP,BE,INE231G01010,ORBIT EXPORTS LIMITED,179.16,181.75,172.5,174.15,179.19,-2.81,28609,4982257.18
2026-01-14,ORIENTLTD,BE,INE609C01024,ORIENT PRESS LIMITED,71.0,72.7,70.1,70.53,70.52,0.01,947,66791.91
2026-01-14,OSIAHYPER,BE,INE06IR01021,OSIA HYPER RETAIL LIMITED,14.49,14.49,13.86,14.23,14.5,-1.86,308147,4384931.67
2026-01-14,PANACHE,BE,INE895W01019,PANACHE DIGILIFE LIMITED,292.45,298.4,280.0,289.95,292.45,-0.85,15222,4413619.09
2026-01-14,PAR,BE,INE04LG01015,PAR DRUGS AND CHEM LTD,95.85,95.85,92.22,92.71,93.33,-0.66,5552,514725.91
2026-01-14,PARSVNATH,BE,INE561H01026,PARSVNATH DEVELOPER LTD,10.0,10.0,9.44,9.57,9.58,-0.1,163407,1563804.94
2026-01-14,PATINTLOG,BE,INE529D01014,PATEL INT. LOG. LTD,13.24,13.3,12.87,12.99,13.0,-0.08,55884,725933.15
2026-01-14,PKTEA,BE,INE431F01018,THE P K TEA PROD CO LTD,640.0,649.35,615.25,642.0,645.85,-0.6,563,361446.0
2026-01-14,PPAP,BE,INE095I01015,PPAP AUTOMOTIVE LIMITED,224.0,224.0,212.01,215.77,219.62,-1.75,5104,1101290.1
2026-01-14,PPL,BE,INE050001010,PRAKASH PIPES LIMITED,219.15,219.46,213.55,214.44,217.84,-1.56,62680,13441099.35
2026-01-14,PREMIER,BE,INE342A01018,PREMIER LIMITED,2.91,3.0,2.85,2.9,2.91,-0.34,2842,8241.8
2026-01-14,PRITIKAUTO,BE,INE583R01029,PRITIKA AUTO INDUS LTD,13.5,13.72,12.76,13.21,13.45,-1.78,303360,4007385.61
2026-01-14,PRUDMOULI,BE,INE024D01016,PRUDENTIAL SUGAR CORPORAT,18.89,19.79,18.2,18.95,19.03,-0.42,16541,313451.96
2026-01-14,QMSMEDI,BE,INE0FMW01018,QMS MEDICAL ALLIED S LTD,87.0,87.0,87.0,87.0,87.0,0.0,0,0.0
2026-01-14,RADHIKAJWE,BE,INE583V01021,RADHIKA JEWELTECH LIMITED,75.0,76.3,74.03,74.63,75.7,-1.41,117333,8756561.47
2026-01-14,RAJOOENG,BE,INE535F01024,RAJOO ENGINEERS LIMITED,65.77,67.03,64.08,64.98,66.19,-1.83,670027,43538356.71
2026-01-14,RAJRILTD,BE,INE533D01032,RAJ RAYON INDUSTRIES LTD,21.03,21.49,21.03,21.18,21.45,-1.26,2800,59304.0
2026-01-14,RAMASTEEL,BE,INE230R01035,RAMA STEEL TUBES LIMITED,8.74,8.8,8.69,8.72,8.74,-0.23,3429373,29904133.48
2026-01-14,RBZJEWEL,BE,INE0PEQ01016,RBZ JEWELLERS LIMITED,141.7,146.0,139.85,142.39,141.96,0.3,81871,11657611.64
2026-01-14,RCOM,BE,INE330H01018,RELIANCE COMMUNICATIONS L,1.06,1.07,1.05,1.05,1.06,-0.94,2251084,2363638.09
2026-01-14,RELINFRA,BE,INE036A01016,RELIANCE INFRASTRUCTU LTD,148.51,148.51,148.51,148.51,148.51,0.0,0,0.0
2026-01-14,REPL,BE,INE364Z01019,RUDRABHISHEK ENTERP LTD,104.0,109.0,103.16,104.27,102.34,1.89,7104,740734.06
2026-01-14,RMDRIP,BE,INE219Y01026,R M DRIP & SPRINK SYS LTD,54.08,54.55,54.01,54.5,53.91,1.1,10044078,547410603.7
2026-01-14,RNBDENIMS,BE,INE012Q01039,R&B DENIMS LIMITED,43.0,45.0,41.37,44.25,41.37,6.95,201354,8909243.18
2026-01-14,ROLLT,BE,INE927A01040,ROLLATAINERS LIMITED,1.43,1.57,1.43,1.57,1.5,4.67,834206,1309703.46
2026-01-14,RPPL,BE,INE760W01023,RAJSHREE POLYPACK LTD,17.81,17.81,17.11,17.37,17.28,0.52,47361,822660.61
2026-01-14,RSWM,BE,INE611A01016,RSWM LIMITED,136.86,139.1,134.0,136.78,136.29,0.36,15891,2173570.96
2026-01-14,SADHNANIQ,BE,INE888C01040,SADHANA NITROCHEM LIMITED,6.72,6.72,6.57,6.64,6.71,-1.04,240131,1594469.81
2026-01-14,SANGINITA,BE,INE753W01010,SANGINITA CHEMICALS LTD,10.65,11.47,10.5,11.28,11.0,2.55,30701,346307.27
2026-01-14,SCPL,BE,INE501Y01019,SHEETAL COOL PRODUCTS LTD,304.75,304.75,289.25,292.1,301.25,-3.04,8334,2434361.45
2026-01-14,SETCO,BE,INE878E01021,SETCO AUTOMOTIVE LTD,14.8,14.8,14.0,14.34,14.37,-0.21,20562,294859.08
2026-01-14,SEYAIND,BE,INE573R01012,SEYA INDUSTRIES LIMITED,17.25,17.25,16.52,17.11,17.25,-0.81,3880,66386.8
2026-01-14,SHAHALLOYS,BE,INE640C01011,SHAH ALLOYS LIMITED,68.99,69.9,66.2,69.0,69.0,0.0,5088,351072.0
2026-01-14,SHALPAINTS,BE,INE849C01026,SHALIM PAINTS LTD,67.9,69.81,67.3,69.64,67.9,2.56,81136,5650310.99
2026-01-14,SHEKHAWATI,BE,INE268L01046,SHEKHAWATI INDUSTRIES LTD,17.8,18.64,17.8,18.32,18.44,-0.65,22209,406868.87
2026-01-14,SHEMAROO,BE,INE363M01019,SHEMAROO ENTER. LTD.,103.04,106.89,102.53,103.17,102.53,0.62,1812,186944.04
2026-01-14,SHYAMCENT,BE,INE979R01011,SHYAM CENTURY FERROUS LTD,6.19,6.19,6.12,6.12,6.11,0.16,38034,232768.08
2026-01-14,SICALLOG,BE,INE075B01020,SICAL LOGISTICS LIMITED,94.03,94.03,94.03,94.03,89.56,4.99,1565,147156.95
2026-01-14,SIGIND,BE,INE529F01035,SIGNET INDUSTRIES LIMITED,50.97,50.97,48.3,49.94,48.72,2.5,13057,652066.56
2026-01-14,SIGMAADV,BE,INE933B01012,SIGMA ADVANCED SYSTEM LTD,193.0,198.8,189.0,198.26,189.34,4.71,107434,21299864.25
2026-01-14,SIKKO,BE,INE112X01025,SIKKO INDUSTRIES LIMITED,4.15,4.37,4.01,4.34,4.17,4.08,605629,2628429.95
2026-01-14,SMARTLINK,BE,INE178C01020,SMARTLINK HOLDINGS LTD,125.42,126.92,123.0,123.94,125.92,-1.57,6900,855186.02
2026-01-14,SONAMLTD,BE,INE00LM01029,SONAM LIMITED,40.21,42.51,40.21,42.32,40.14,5.43,39687,1679553.83
2026-01-14,SPECIALITY,BE,INE247M01014,SPECIALITY REST LTD,108.1,109.99,107.31,109.03,108.41,0.57,23249,2534838.44
2026-01-14,SPECTRUM,BE,INE01EO01010,SPECTRUM ELECTRIC IND LTD,1085.5,1110.0,1074.4,1107.3,1084.2,2.13,1597,1768358.18
2026-01-14,SREEL,BE,INE099F01013,SREELEATHERS LIMITED,216.78,218.49,211.37,215.27,216.33,-0.49,2916,627727.33
2026-01-14,STALLION,BE,INE0RYC01010,STALLION IND FLUOROCHEM L,202.6,216.09,202.6,216.09,205.8,5.0,223717,48343005.71
2026-01-14,STERTOOLS,BE,INE334A01023,STERLING TOOLS LIMITED,252.2,256.65,252.2,253.45,253.5,-0.02,27265,6910314.17
2026-01-14,STLTECH,BE,INE089C01029,STERLITE TECHNOLOGIES LTD,92.91,94.95,92.5,94.09,92.91,1.27,1144222,107659843.79
2026-01-14,SUNDRMBRAK,BE,INE073D01013,SUNDARAMBRAKE LININGS LTD,646.4,664.35,631.2,634.75,648.05,-2.05,634,402431.5
2026-01-14,SUPERSPIN,BE,INE662A01027,SUPER SPINNING MILLS LTD,7.91,8.44,7.83,8.18,8.0,2.25,43140,352885.21
2026-01-14,SUTLEJTEX,BE,INE645H01027,SUTLEJ TEXT & INDUS LTD,28.25,30.0,28.25,28.94,28.94,0.0,15213,440264.23
2026-01-14,SWANDEF,BE,INE542F01020,SWAN DEFENCE N HEVY IND L,1840.5,1840.5,1840.5,1840.5,1840.5,0.0,0,0.0
2026-01-14,SWARAJ,BE,INE0GMR01016,SWARAJ SUITING LIMITED,241.85,242.0,238.0,238.9,239.1,-0.08,13500,3225149.92
2026-01-14,SYSTMTXC,BE,INE356B01024,SYSTEMATIX CORP SERVICE L,105.5,106.49,101.48,103.6,105.96,-2.23,194716,20172577.3
2026-01-14,TICL,BE,INE388G01026,TWAMEV CONS AND INFRA LTD,24.0,24.38,23.64,24.0,24.0,0.0,13552,325248.0
2026-01-14,TIJARIA,BE,INE440L01017,TIJARIA POLYPIPES LTD,4.2,4.28,4.1,4.16,4.04,2.97,33333,138665.27
2026-01-14,TIL,BE,INE806C01018,TIL LTD,255.45,257.0,252.4,253.0,254.0,-0.39,3561,900933.0
2026-01-14,TIRUPATIFL,BE,INE319Y01024,TIRUPATI FORGE LIMITED,36.14,37.23,35.05,35.44,35.61,-0.48,296889,10521745.75
2026-01-14,TOTAL,BE,INE336X01012,TOTAL TRANSPORT SYS LTD,71.4,73.8,70.77,71.33,71.4,-0.1,1566,111702.78
2026-01-14,TPHQ,BE,INE065J01024,TEAMO PRODUCTIONS HQ LTD,0.64,0.64,0.62,0.62,0.63,-1.59,1797680,1114561.61
2026-01-14,TRANSWORLD,BE,INE757B01015,TRANSWORLD SHIP LINES LTD,165.0,171.8,165.0,166.52,164.78,1.06,34625,5765755.15
2026-01-14,TVVISION,BE,INE871L01013,TV VISION LIMITED,6.58,6.93,6.44,6.93,6.6,5.0,37351,258842.42
2026-01-14,UCAL,BE,INE139B01016,UCAL LIMITED,108.96,129.01,108.96,129.01,107.51,20.0,625120,80646727.77
2026-01-14,UFBL,BE,INE382M01027,UNITED FOODBRANDS LIMITED,197.72,201.38,194.85,198.66,197.72,0.48,51418,10214700.07
2026-01-14,UMAEXPORTS,BE,INE0GIU01018,UMA EXPORTS LIMITED,35.22,35.38,33.6,33.97,35.07,-3.14,58966,2003075.09
2026-01-14,UNIVASTU,BE,INE562X01013,UNIVASTU INDIA LIMITED,62.2,63.0,62.04,62.44,62.2,0.39,8053,502829.31
2026-01-14,UNIVPHOTO,BE,INE03V001013,UNIVERSUS IMAGINGS LTD,202.67,207.9,200.1,200.57,201.6,-0.51,1680,336957.61
2026-01-14,URAVIDEF,BE,INE568Z01015,URAVI DEFENCE &TECH LTD,198.0,203.99,196.1,197.97,198.45,-0.24,4856,961342.33
2026-01-14,UYFINCORP,BE,INE152C01025,U. Y. FINCORP LIMITED,13.5,14.04,13.5,13.57,13.6,-0.22,111064,1507138.45
2026-01-14,VALIANTLAB,BE,INE0JWS01017,VALIANT LABORATORIES LTD,63.9,66.5,63.9,64.95,63.83,1.75,41709,2708999.42
2026-01-14,VALIANTORG,BE,INE565V01010,VALIANT ORGANICS LIMITED,258.2,260.05,255.05,256.55,255.45,0.43,6403,1642689.57
2026-01-14,VARDHACRLC,BE,INE116G01013,VARDHAMAN ACRYLICS LTD,37.5,37.96,37.1,37.92,37.41,1.36,10239,388262.86
2026-01-14,VCL,BE,INE098201036,VAXTEX COTFAB LIMITED,2.32,2.37,2.23,2.32,2.33,-0.43,532101,1234474.28
2026-01-14,VENUSREM,BE,INE411B01019,VENUS REMEDIES LIMITED,759.9,780.7,745.1,769.45,743.55,3.48,42902,33010944.42
2026-01-14,VETO,BE,INE918N01018,VETO SWITCHGEAR CABLE LTD,106.99,106.99,104.42,105.74,104.67,1.02,7677,811765.96
2026-01-14,VHLTD,BE,INE048C01025,VICEROY HOTELS LIMITED,145.85,145.85,138.02,139.17,139.56,-0.28,2150,299215.5
2026-01-14,VIJIFIN,BE,INE159N01027,VIJI FINANCE LIMITED,2.89,2.89,2.89,2.89,3.04,-4.93,56515,163328.36
2026-01-14,VIPULLTD,BE,INE946H01037,VIPUL LIMITED,12.08,12.49,11.95,12.49,11.9,4.96,308941,3858673.02
2026-01-14,VIVIMEDLAB,BE,INE526G01021,VIVIMED LABS LIMITED,9.03,9.45,9.03,9.03,9.5,-4.95,1162212,10494774.05
2026-01-14,WELINV,BE,INE389K01018,WELSPUN INV & COMM LTD,1298.6,1298.6,1227.0,1244.8,1285.1,-3.14,943,1173846.45
2026-01-14,AGSTRA,BZ,INE583L01014,AGS TRANSACT TECH LTD,3.96,4.0,3.9,3.93,3.92,0.26,88624,348292.33
2026-01-14,ANKITMETAL,BZ,INE106I01010,ANKIT MET & POW LTD,1.8,1.8,1.69,1.74,1.74,0.0,15773,27445.02
2026-01-14,ANSALAPI,BZ,INE436A01026,ANSAL PROP & INFRA LTD,3.34,3.36,3.24,3.28,3.3,-0.61,10816,35476.48
2026-01-14,ARSHIYA,BZ,INE968D01022,ARSHIYA LIMITED,1.27,1.29,1.2,1.24,1.26,-1.59,151978,188452.72
2026-01-14,ASTRON,BZ,INE646X01014,ASTRON PAPER BORD MIL LTD,5.83,5.9,5.48,5.51,5.75,-4.17,178139,981545.93
2026-01-14,COMPINFO,BZ,INE070C01037,COMPUAGE INFOCOM LTD,1.52,1.59,1.46,1.47,1.52,-3.29,24796,36450.12
2026-01-14,DHARAN,BZ,INE278R01034,DHARAN INFRA-EPC LIMITED,0.23,0.23,0.22,0.22,0.22,0.0,12415925,2731503.49
2026-01-14,FEL,BZ,INE623B01027,FUTURE ENTERPRISES LTD,0.47,0.47,0.46,0.46,0.46,0.0,105262,48420.52
2026-01-14,FELDVR,BZ,IN9623B01058,FUTURE ENTERPRISES LTD,3.16,3.16,3.15,3.15,3.1,1.61,1126,3546.9
2026-01-14,FLFL,BZ,INE452O01016,FUT LIFESTYLE FASH LTD,1.5,1.52,1.43,1.45,1.5,-3.33,47046,68216.7
2026-01-14,GENSOL,BZ,INE06H201014,GENSOL ENGINEERING LTD,23.3,24.19,23.0,23.39,23.75,-1.52,54029,1263738.28
2026-01-14,GOLDENTOBC,BZ,INE973A01010,GOLDEN TOBACCO LIMITED,30.9,30.9,29.5,30.45,29.68,2.59,512,15590.4
2026-01-14,HDIL,BZ,INE191I01012,HOUSING DEV & INFRA LTD,2.19,2.2,2.12,2.14,2.19,-2.28,116111,248477.55
2026-01-14,HMT,BZ,INE262A01018,HMT LTD -,46.25,46.25,45.0,45.42,46.04,-1.35,6724,305404.07
2026-01-14,IL&FSENGG,BZ,INE369I01014,IL&FS ENG AND CONS CO LTD,27.0,27.0,25.62,26.24,26.83,-2.2,7590,199161.6
2026-01-14,IL&FSTRANS,BZ,INE975G01012,IL&FS TRANS NET LTD,2.82,2.94,2.76,2.86,2.82,1.42,93995,268825.69
2026-01-14,IMPEXFERRO,BZ,INE691G01015,IMPEX FERRO TECH LIMITED,1.69,1.77,1.65,1.76,1.69,4.14,16340,28758.4
2026-01-14,LAKPRE,BZ,INE651C01018,LAKSHMI PRE SCRE LTD,4.84,4.84,4.84,4.84,4.84,0.0,0,0.0
2026-01-14,MEP,BZ,INE776I01010,MEP INFRA. DEVELOPERS LTD,1.7,1.7,1.64,1.67,1.67,0.0,127661,213193.86
2026-01-14,RAJESHEXPO,BZ,INE343B01030,RAJESH EXPORTS LTD,164.66,167.0,159.73,165.07,164.66,0.25,77271,12755124.54
2026-01-14,RHFL,BZ,INE217K01011,RELIANCE HOME FINANCE LTD,2.62,2.78,2.62,2.77,2.65,4.53,465770,1290182.89
2026-01-14,SANWARIA,BZ,INE890C01046,SANWARIA CONSUMER LIMITED,0.26,0.26,0.24,0.25,0.25,0.0,666470,166617.5
2026-01-14,SETUINFRA,BZ,INE023M01027,SETUBANDHAN INFRA LTD,0.42,0.44,0.4,0.44,0.42,4.76,9194,4045.36
2026-01-14,SHRENIK,BZ,INE632X01030,SHRENIK LIMITED,0.42,0.43,0.42,0.42,0.42,0.0,246870,103685.4
2026-01-14,SIMBHALS,BZ,INE748T01016,SIMBHAOLI SUGARS LTD.,9.74,9.74,9.28,9.57,9.75,-1.85,29399,281348.42
2026-01-14,SITINET,BZ,INE965H01011,SITI NETWORKS LIMITED,0.37,0.37,0.35,0.36,0.36,0.0,591056,212780.17
2026-01-14,SUPREMEENG,BZ,INE319Z01021,SUPREME ENGINEERING LTD,1.47,1.47,1.47,1.47,1.47,0.0,0,0.0
2026-01-14,20MICRONS,EQ,INE144J01027,20 MICRONS LTD,190.82,195.0,189.82,190.47,190.64,-0.09,71917,13698031.08
2026-01-14,21STCENMGM,EQ,INE253B01015,21ST CENTURY MGMT SERVICE,44.3,46.09,44.3,44.65,45.2,-1.22,3784,168955.61
2026-01-14,360ONE,EQ,INE466L01038,360 ONE WAM LIMITED,1135.4,1164.3,1130.1,1149.2,1136.8,1.09,665428,764709825.11
2026-01-14,3MINDIA,EQ,INE470A01017,3M INDIA LIMITED,34985.0,35580.0,34490.0,35435.0,34995.0,1.26,3033,107474355.0
2026-01-14,3PLAND,EQ,INE105C01023,3P LAND HOLDINGS LIMITED,37.45,39.7,36.2,37.27,37.51,-0.64,3935,146657.45
2026-01-14,5PAISA,EQ,INE618L01018,5PAISA CAPITAL LIMITED,346.3,393.55,331.0,382.5,356.65,7.25,1510684,577836630.0
2026-01-14,63MOONS,EQ,INE111B01023,63 MOONS TECHNOLOGIES LTD,698.9,703.5,666.0,678.55,694.75,-2.33,110105,74711746.41
2026-01-14,A2ZINFRA,EQ,INE619I01012,A2Z INFRA ENGINEERING LTD,14.61,14.97,14.45,14.97,14.26,4.98,390228,5841713.26
2026-01-14,AAATECH,EQ,INE0D0U01013,AAA TECHNOLOGIES LIMITED,112.79,124.0,106.25,117.39,112.79,4.08,227484,26704346.62
2026-01-14,AADHARHFC,EQ,INE883F01010,AADHAR HOUSING FINANCE L,483.5,484.95,476.5,477.5,483.35,-1.21,91023,43463482.5
2026-01-14,AAKASH,EQ,INE087Z01024,AAKASH EXPLORATION SER L,8.85,8.85,8.32,8.53,8.45,0.95,40490,345379.69
2026-01-14,AAREYDRUGS,EQ,INE198H01019,AAREY DRUGS & PHARM LTD,66.0,66.01,62.8,64.37,64.86,-0.76,162508,10460640.41
2026-01-14,AARON,EQ,INE721Z01010,AARON INDUSTRIES LIMITED,169.49,170.69,165.85,166.88,167.88,-0.6,4439,740780.34
2026-01-14,AARTIDRUGS,EQ,INE767A01016,AARTI DRUGS LTD.,393.0,394.0,389.0,390.85,393.65,-0.71,51850,20265572.82
2026-01-14,AARTIIND,EQ,INE769A01020,AARTI INDUSTRIES LTD,362.0,365.7,360.1,362.0,363.0,-0.28,303834,109987908.0
2026-01-14,AARTIPHARM,EQ,INE0LRU01027,AARTI PHARMALABS LIMITED,769.0,804.95,761.45,791.85,764.7,3.55,504181,399235712.54
2026-01-14,AARVI,EQ,INE754X01016,AARVI ENCON LIMITED,129.84,132.99,126.33,128.02,129.84,-1.4,11259,1441377.23
2026-01-14,AAVAS,EQ,INE216P01012,AAVAS FINANCIERS LIMITED,1434.0,1472.2,1434.0,1443.6,1447.0,-0.23,2521040,3639373282.45
2026-01-14,ABB,EQ,INE117A01022,ABB INDIA LIMITED,4960.5,4992.0,4925.0,4935.0,4966.0,-0.62,107017,528128895.0
2026-01-14,ABBOTINDIA,EQ,INE358A01014,ABBOTT INDIA LIMITED,28105.0,28350.0,27850.0,27880.0,28090.0,-0.75,4218,117597840.0
2026-01-14,ABCAPITAL,EQ,INE674K01013,ADITYA BIRLA CAPITAL LTD.,350.8,359.4,347.5,358.6,350.85,2.21,4102260,1471070461.04
2026-01-14,ABCOTS,EQ,INE08PH01015,A B COTSPIN INDIA LIMITED,406.95,412.5,405.1,412.2,409.15,0.75,3246,1338001.24
2026-01-14,ABDL,EQ,INE552Z01027,ALLIED BLEND N DISTILS L,483.15,486.0,472.9,475.15,483.15,-1.66,349481,166055895.02
2026-01-14,ABFRL,EQ,INE647O01011,ADITYA BIRLA FASHION & RT,73.55,73.64,72.6,72.8,73.32,-0.71,1897060,138105973.79
2026-01-14,ABGSEC,EQ,INF209KC1134,BIRLASLAMC - ABGSEC,110.81,110.81,110.81,110.81,110.81,0.0,0,0.0
2026-01-14,ABLBL,EQ,INE14LE01019,ADITYA BIRLA LIFES BRAN L,118.87,119.06,114.25,117.8,118.39,-0.5,663582,78169961.63
2026-01-14,ABREL,EQ,INE055A01016,ADITYA BIRLA REAL EST LTD,1551.9,1565.9,1530.1,1532.7,1551.9,-1.24,87255,133735734.24
2026-01-14,ABSLAMC,EQ,INE404A01024,ADIT BIRL SUN LIF AMC LTD,821.25,827.5,804.9,810.4,821.05,-1.3,198061,160508639.24
2026-01-14,ABSLBANETF,EQ,INF209KB17D5,BIRLASLAMC - ABSLBANETF,61.09,61.09,60.56,60.8,60.84,-0.07,12971,788636.79
2026-01-14,ABSLLIQUID,EQ,INF209KB18T9,BIRLASLAMC - ABSLLIQUID,999.99,1000.01,999.99,1000.0,999.99,0.0,3441,3441000.0
2026-01-14,ABSLNN50ET,EQ,INF209KB16D7,BIRLASLAMC - ABSLNN50ET,71.0,72.14,71.0,72.12,71.66,0.64,6848,493877.78
2026-01-14,ABSLPSE,EQ,INF209KB19Z4,BIRLASLAMC-ABSLPSE,10.2,10.5,10.13,10.37,10.15,2.17,431475,4474395.7
2026-01-14,ACC,EQ,INE012A01025,ACC LIMITED,1708.9,1729.0,1705.0,1728.1,1707.3,1.22,102791,177633124.59
2026-01-14,ACCELYA,EQ,INE793A01012,ACCELYA SOLN INDIA LTD,1310.5,1350.0,1303.9,1342.0,1310.5,2.4,18215,24444530.0
2026-01-14,ACE,EQ,INE731H01025,ACTION CONST EQUIP LTD,888.1,890.95,872.0,874.55,886.45,-1.34,160226,140125646.34
2026-01-14,ACEINTEG,EQ,INE543V01017,ACE INTEGRATED SOLU. LTD.,19.61,20.79,19.61,20.56,19.79,3.89,1304,26810.24
2026-01-14,ACI,EQ,INE128X01021,ARCHEAN CHEMICAL IND LTD,510.0,516.75,508.05,510.5,510.95,-0.09,58487,29857613.5
2026-01-14,ACL,EQ,INE666E01020,ANDHRA CEMENTS LIMITED,67.0,68.23,66.0,66.24,68.24,-2.93,20304,1344936.92
2026-01-14,ACMESOLAR,EQ,INE622W01025,ACME SOLAR HOLDINGS LTD,224.59,225.69,220.59,221.77,224.59,-1.26,321648,71331878.33
2026-01-14,ACUTAAS,EQ,INE00FF01025,ACUTAAS CHEMICALS LIMITED,1683.3,1749.2,1680.0,1710.0,1683.3,1.59,263257,450169470.0
2026-01-14,ADANIENSOL,EQ,INE931S01010,ADANI ENERGY SOLUTION LTD,937.0,937.0,918.6,922.6,932.5,-1.06,1589464,1466439447.59
2026-01-14,ADANIENT,EQ,INE423A01024,ADANI ENTERPRISES LIMITED,2156.0,2169.0,2142.0,2153.3,2158.5,-0.24,618139,1331038738.88
2026-01-14,ADANIGREEN,EQ,INE364U01010,ADANI GREEN ENERGY LTD,935.5,945.0,932.1,935.3,936.7,-0.15,774904,724767701.74
2026-01-14,ADANIPORTS,EQ,INE742F01042,ADANI PORT & SEZ LTD,1429.0,1438.9,1423.0,1430.0,1428.6,0.1,1278819,1828711170.0
2026-01-14,ADANIPOWER,EQ,INE814H01029,ADANI POWER LTD,143.0,143.37,141.61,142.77,143.38,-0.43,7290553,1040872282.96
2026-01-14,ADFFOODS,EQ,INE982B01027,ADF FOODS LIMITED,192.5,196.31,192.5,193.6,193.83,-0.12,44976,8707353.87
2026-01-14,ADL,EQ,INE0CHO01012,ARCHIDPLY DECOR LIMITED,74.6,74.61,74.6,74.61,75.04,-0.57,117,8729.37
2026-01-14,ADOR,EQ,INE045A01017,ADOR WELDING LTD,1033.3,1034.4,1000.2,1003.0,1028.1,-2.44,13964,14005892.0
2026-01-14,ADROITINFO,EQ,INE737B01033,ADROIT INFOTECH LIMITED,10.0,10.04,9.85,10.03,10.04,-0.1,5449,54653.47
2026-01-14,ADSL,EQ,INE102I01027,ALLIED DIGITAL SERV. LTD,131.05,131.69,129.27,130.33,130.97,-0.49,113098,14740062.55
2026-01-14,ADVANCE,EQ,INE1B0W01010,ADVANCE AGROLIFE LIMITED,125.0,126.92,123.06,123.9,123.93,-0.02,281474,34874629.03
2026-01-14,ADVANIHOTR,EQ,INE199C01026,ADVANI HOT.& RES.(I) LTD,54.55,56.99,54.55,55.08,55.01,0.13,35106,1933638.54
2026-01-14,ADVENTHTL,EQ,INE28GN01010,ADVENT HOTELS INTERNATI L,221.5,222.19,215.18,217.63,221.72,-1.84,53553,11654739.65
2026-01-14,ADVENZYMES,EQ,INE837H01020,ADVANCED ENZYME TECH LTD,290.0,291.9,281.35,282.2,290.2,-2.76,125464,35405942.33
2026-01-14,AEGISLOG,EQ,INE208C01025,AEGIS LOGISTICS LIMITED,723.05,735.6,719.0,721.75,724.25,-0.35,138835,100204161.25
2026-01-14,AEGISVOPAK,EQ,INE0INX01018,AEGIS VOPAK TERMINALS LTD,231.99,232.8,225.45,226.07,230.38,-1.87,246243,55668156.81
2026-01-14,AEQUS,EQ,INE947N01017,AEQUS LIMITED,141.25,141.25,137.0,137.66,141.58,-2.77,842325,115954462.58
2026-01-14,AEROENTER,EQ,INE065D01027,AEROFLEX ENTERPRISES LTD,79.53,80.6,79.07,79.66,79.53,0.16,175792,14003591.36
2026-01-14,AEROFLEX,EQ,INE024001021,AEROFLEX INDUSTRIES LTD,180.1,182.26,173.35,176.49,179.67,-1.77,728807,128627151.43
2026-01-14,AERONEU,EQ,INE035801013,AEROFLEX NEU LIMITED,73.01,73.51,71.52,72.23,73.99,-2.38,11786,851302.82
2026-01-14,AETHER,EQ,INE0BWX01014,AETHER INDUSTRIES LIMITED,989.0,1006.2,982.8,996.1,989.45,0.67,210639,209817502.76
2026-01-14,AFCONS,EQ,INE101I01011,AFCONS INFRASTRUCTURE LTD,358.05,359.9,355.45,357.8,360.95,-0.87,727953,260461574.51
2026-01-14,AFFLE,EQ,INE00WC01027,AFFLE 3I LIMITED,1719.0,1741.0,1715.1,1734.2,1733.7,0.03,61442,106552713.4
2026-01-14,AFFORDABLE,EQ,INE692Z01013,AFFORD ROBO & AUTO LTD,186.7,189.08,182.35,184.38,186.34,-1.05,19116,3524608.17
2026-01-14,AFIL,EQ,INE916Y01027,AKME FINTRADE (INDIA) LTD,5.76,5.76,5.6,5.68,5.76,-1.39,722828,4105662.92
2026-01-14,AFSL,EQ,INE00ZE01026,ABANS FINANCIAL SRVCS LTD,203.0,203.0,201.0,201.64,201.51,0.06,5567,1122529.88
2026-01-14,AGARIND,EQ,INE204E01012,AGARWAL INDS CORP LTD.,682.0,700.05,682.0,698.1,691.55,0.95,6181,4314955.95
2026-01-14,AGARWALEYE,EQ,INE943P01029,DR AGARWALS HEALTH CARE L,500.1,508.75,488.2,492.4,500.1,-1.54,1399902,689311736.26
2026-01-14,AGI,EQ,INE415A01038,AGI GREENPAC LIMITED,685.1,695.0,680.0,681.75,684.15,-0.35,35614,24279844.5
2026-01-14,AGIIL,EQ,INE976R01033,AGI INFRA LIMITED,288.0,289.95,283.3,285.1,287.65,-0.89,250348,71374216.33
2026-01-14,AGRITECH,EQ,INE449G01018,AGRI-TECH (INDIA) LIMITED,150.02,152.5,147.5,149.67,150.0,-0.22,3033,453949.1
2026-01-14,AGROPHOS,EQ,INE740V01019,AGRO PHOS INDIA LIMITED,37.13,39.35,37.13,39.0,37.13,5.04,29616,1155024.0
2026-01-14,AHCL,EQ,INE0Y8W01025,ANLON HEALTHCARE LIMITED,13.74,13.95,13.6,13.71,13.69,0.13,344980,4728640.78
2026-01-14,AHLADA,EQ,INE00PV01013,AHLADA ENGINEERS LIMITED,52.5,52.79,51.0,52.6,52.82,-0.42,8100,426059.99
2026-01-14,AHLEAST,EQ,INE926K01017,ASIAN HOTELS (EAST) LTD,133.8,133.8,132.11,133.0,133.52,-0.39,261,34713.0
2026-01-14,AHLUCONT,EQ,INE758C01029,AHLUWALIA CONT IND LTD,907.0,907.0,889.95,895.6,898.3,-0.3,60046,53777196.13
2026-01-14,AIAENG,EQ,INE212H01026,AIA ENGINEERING LIMITED,3883.0,3965.0,3850.3,3935.4,3905.1,0.78,46240,181972891.48
2026-01-14,AIIL,EQ,INE206F01022,AUTHUM INVEST & INFRA LTD,645.0,675.0,643.4,666.5,667.9,-0.21,1369461,912745756.5
2026-01-14,AIRAN,EQ,INE645W01026,AIRAN LIMITED,16.34,16.9,15.99,16.58,16.34,1.47,64597,1071018.26
2026-01-14,AIROLAM,EQ,INE801L01010,AIRO LAM LIMITED,98.0,98.0,94.0,94.13,94.45,-0.34,1089,102507.57
2026-01-14,AJANTPHARM,EQ,INE031B01049,AJANTA PHARMA LIMITED,2739.0,2739.0,2659.4,2706.4,2730.6,-0.89,213763,578528162.32
2026-01-14,AJAXENGG,EQ,INE274Y01021,AJAX ENGINEERING LIMITED,571.0,574.45,568.6,570.25,575.15,-0.85,19502,11121015.5
2026-01-14,AJMERA,EQ,INE298G01035,AJMERA REALTY & INF I LTD,182.9,200.0,182.5,185.05,182.01,1.67,1624620,300635935.96
2026-01-14,AJOONI,EQ,INE820Y01021,AJOONI BIOTECH LIMITED,4.11,4.15,4.03,4.13,4.08,1.23,170659,704821.69
2026-01-14,AKASH,EQ,INE737W01013,AKASH INFRA-PROJECTS LTD,29.0,29.59,27.56,28.05,29.06,-3.48,33090,928174.47
2026-01-14,AKG,EQ,INE00Y801016,AKG EXIM LIMITED,12.21,13.5,11.55,12.97,12.41,4.51,161521,2094927.41
2026-01-14,AKSHAR,EQ,INE256Z01025,AKSHAR SPINTEX LIMITED,0.49,0.5,0.49,0.49,0.49,0.0,650314,318653.87
2026-01-14,AKUMS,EQ,INE09XN01023,AKUMS DRUGS AND PHARMA L,444.0,448.65,440.75,444.45,443.85,0.14,93037,41350295.79
2026-01-14,ALANKIT,EQ,INE914E01040,ALANKIT LIMITED,10.35,10.45,9.99,10.13,10.37,-2.31,272488,2760303.47
2026-01-14,ALBERTDAVD,EQ,INE155C01010,ALBERT DAVID LIMITED,717.0,717.0,704.0,710.85,719.0,-1.13,4958,3524394.18
2026-01-14,ALEMBICLTD,EQ,INE426A01027,ALEMBIC LIMITED,98.34,98.4,97.3,97.54,98.45,-0.92,163842,15981148.83
2026-01-14,ALGOQUANT,EQ,INE598D01035,ALGOQUANT FINTECH LIMITED,64.2,66.8,64.2,65.53,64.89,0.99,719356,47139397.8
2026-01-14,ALICON,EQ,INE062D01024,ALICON CASTALLOY LIMITED,763.1,778.7,748.7,757.0,771.95,-1.94,6581,4981817.0
2026-01-14,ALIVUS,EQ,INE03Q201024,ALIVUS LIFE SCIENCES LTD,876.7,893.2,871.45,888.6,876.7,1.36,38697,34386153.26
2026-01-14,ALKALI,EQ,INE773I01017,ALKALI METALS LTD,75.8,77.0,75.75,75.93,76.12,-0.25,2428,184358.04
2026-01-14,ALKEM,EQ,INE540L01014,ALKEM LABORATORIES LTD.,5888.0,5888.5,5778.5,5830.5,5863.5,-0.56,89063,519281821.5
2026-01-14,ALKYLAMINE,EQ,INE150B01039,ALKYL AMINES CHEM. LTD,1585.3,1668.7,1569.3,1642.7,1610.9,1.97,276943,454934252.58
2026-01-14,ALLCARGO,EQ,INE418H01029,ALLCARGO LOGISTICS LTD,11.0,11.0,10.37,10.41,11.09,-6.13,9773754,101744777.65
2026-01-14,ALLDIGI,EQ,INE835G01018,ALLDIGI TECH LIMITED,825.65,830.0,805.95,807.8,818.25,-1.28,3502,2828915.56
2026-01-14,ALLTIME,EQ,INE0GV601021,ALL TIME PLASTICS LIMITED,240.0,241.35,234.3,235.7,238.95,-1.36,31023,7312121.01
2026-01-14,ALMONDZ,EQ,INE326B01035,ALMONDZ GLOBAL SEC LTD,17.3,17.8,17.01,17.24,17.15,0.52,108077,1863247.46
2026-01-14,ALOKINDS,EQ,INE270A01029,ALOK INDUSTRIES LIMITED,15.8,15.9,15.75,15.82,15.87,-0.32,2419332,38273831.5
2026-01-14,ALPA,EQ,INE385I01010,ALPA LABORATORIES LTD,71.69,72.64,70.13,71.44,71.69,-0.35,7591,542301.06
2026-01-14,ALPHA,EQ,INF174KA1IA5,KOTAKMAMC - KOTAKALPHA,47.49,47.67,47.05,47.61,47.3,0.66,914574,43542868.7
2026-01-14,ALPHAETF,EQ,INF769K01KU7,MIRAEAMC - ALPHAETF,24.82,24.89,24.54,24.78,24.72,0.24,1355885,33598831.23
2026-01-14,ALPL30IETF,EQ,INF109KC17V7,ICICIPRAMC - ICICIALPLV,27.86,27.87,27.64,27.67,27.87,-0.72,5597541,154883959.9
2026-01-14,AMBER,EQ,INE371P01015,AMBER ENTERPRISES (I) LTD,6144.0,6194.0,6052.5,6113.5,6145.5,-0.52,150829,922093091.5
2026-01-14,AMBICAAGAR,EQ,INE792B01012,AMBICA AGAR & AROMAINDLTD,25.0,25.85,25.0,25.55,25.29,1.03,4227,107999.85
2026-01-14,AMBIKCO,EQ,INE540G01014,AMBIKA COTTON MILL LTD.,1222.0,1222.0,1189.2,1203.0,1213.3,-0.85,3042,3659526.0
2026-01-14,AMBUJACEM,EQ,INE079A01024,AMBUJA CEMENTS LTD,537.65,551.35,533.5,549.55,537.65,2.21,1736723,954416103.45
2026-01-14,AMJLAND,EQ,INE606A01024,AMJ LAND HOLDINGS LIMITED,49.3,50.22,48.25,48.67,48.97,-0.61,8076,393058.91
2026-01-14,AMNPLST,EQ,INE275D01022,AMINES & PLASTICIZERS LTD,182.0,186.77,179.02,183.02,182.5,0.28,6640,1215252.83
2026-01-14,AMRUTANJAN,EQ,INE098F01031,AMRUTAJAN HEALTH LTD,609.0,614.7,605.1,611.35,610.15,0.2,7493,4580845.37
2026-01-14,ANANDRATHI,EQ,INE463V01026,ANAND RATHI WEALTH LTD,1567.5,1574.5,1530.6,1542.1,1576.1,-2.16,472270,728287555.47
2026-01-14,ANANTRAJ,EQ,INE242C01024,ANANT RAJ LIMITED,565.95,567.9,548.15,552.0,566.55,-2.57,1062194,586331088.0
2026-01-14,ANDHRAPAP,EQ,INE435A01051,ANDHRA PAPER LIMITED,65.7,65.7,64.27,64.83,64.98,-0.23,40936,2653880.95
2026-01-14,ANDHRSUGAR,EQ,INE715B01021,ANDHRA SUGARS LTD,70.7,71.78,70.7,71.23,71.22,0.01,49398,3518619.71
2026-01-14,ANGELONE,EQ,INE732I01021,ANGEL ONE LIMITED,244.51,253.2,243.5,252.54,243.93,3.53,13136700,3317542129.8
2026-01-14,ANIKINDS,EQ,INE087B01017,ANIK INDUSTRIES LTD,43.2,45.94,42.2,44.56,42.29,5.37,180995,8065137.45
2026-01-14,ANNAPURNA,EQ,INE0MGM01017,ANNAPURNA SWADISHT LTD,202.85,202.85,192.5,194.4,198.4,-2.02,43000,8359199.74
2026-01-14,ANTELOPUS,EQ,INE818A01017,ANTELOPUS SELAN ENRGY LTD,365.8,441.35,365.8,441.25,367.8,19.97,3850148,1698877805.0
2026-01-14,ANTGRAPHIC,EQ,INE414B01021,ANTARCTICA LTD,1.05,1.05,0.99,1.0,0.99,1.01,64472,64472.0
2026-01-14,ANTHEM,EQ,INE0CZ201020,ANTHEM BIOSCIENCES LTD,628.0,628.0,620.3,622.8,629.65,-1.09,88484,55107834.12
2026-01-14,ANUHPHR,EQ,INE489G01022,ANUH PHARMA LIMITED,76.06,76.97,74.0,75.82,75.83,-0.01,31316,2374379.11
2026-01-14,ANUP,EQ,INE294Z01018,THE ANUP ENGINEERING LTD,2046.2,2070.0,1991.0,2001.9,2056.4,-2.65,24540,49126626.6
2026-01-14,ANURAS,EQ,INE930P01018,ANUPAM RASAYAN INDIA LTD,1337.2,1339.9,1315.9,1321.3,1337.7,-1.23,310602,410398437.77
2026-01-14,AONEGOLD,EQ,INF1J2R01114,AONEAMC - AONEGOLD,13.21,13.21,13.21,13.21,13.05,1.25,0,0.0
2026-01-14,AONELIQUID,EQ,INF1J2R01056,AONEAMC - AONELIQUID,1043.01,1043.01,1042.99,1043.0,1042.72,0.03,7967,8309581.0
2026-01-14,AONENIFTY,EQ,INF1J2R01064,AONEAMC - AONENIFTY,10.86,10.86,10.3,10.52,10.54,-0.19,259731,2732370.24
2026-01-14,AONETOTAL,EQ,INF1J2R01015,AONEAMC - AONETOTAL,11.89,11.9,11.81,11.85,11.82,0.25,310825,3683276.37
2026-01-14,APARINDS,EQ,INE372A01015,APAR INDUSTRIES LTD.,7748.0,7748.0,7430.0,7478.0,7651.5,-2.27,65098,486802844.0
2026-01-14,APCL,EQ,INE071F01012,ANJANI PORTLAND CEM LTD,138.2,141.08,136.4,139.9,140.3,-0.29,9122,1276167.74
2026-01-14,APCOTEXIND,EQ,INE116A01032,APCOTEX INDUSTRIES LIMITE,352.05,356.85,352.05,353.3,354.45,-0.32,10092,3565503.48
2026-01-14,APEX,EQ,INE346W01013,APEX FROZEN FOODS LIMITED,271.25,275.4,265.0,273.05,273.15,-0.04,118520,32361884.55
2026-01-14,APLAPOLLO,EQ,INE702C01027,APL APOLLO TUBES LTD,1905.0,1950.3,1900.1,1934.7,1905.2,1.55,819363,1585221556.09
2026-01-14,APLLTD,EQ,INE901L01018,ALEMBIC PHARMA LTD,795.0,801.95,786.35,789.9,801.1,-1.4,43944,34711366.67
2026-01-14,APOLLO,EQ,INE713T01028,APOLLO MICRO SYSTEMS LTD,248.85,251.0,247.05,247.8,248.9,-0.44,1109585,274955166.39
2026-01-14,APOLLOHOSP,EQ,INE437A01024,APOLLO HOSPITALS ENTER. L,7258.0,7325.5,7242.5,7272.5,7311.5,-0.53,383251,2787192897.5
2026-01-14,APOLLOPIPE,EQ,INE126J01016,APOLLO PIPES LIMITED,291.05,295.65,288.3,290.25,291.0,-0.26,50308,14601897.0
2026-01-14,APOLLOTYRE,EQ,INE438A01022,APOLLO TYRES LTD,520.0,529.1,517.5,527.95,520.5,1.43,1235341,652198296.03
2026-01-14,APOLSINHOT,EQ,INE451F01024,APOLLO SINDOORI HOTEL LTD,1310.0,1317.8,1280.0,1308.5,1280.0,2.23,1496,1957516.0
2026-01-14,APTUS,EQ,INE852O01025,APTUS VALUE HSG FIN I LTD,275.55,276.65,270.0,270.3,274.2,-1.42,662274,179012654.12
2026-01-14,AQYLON,EQ,INE416A01051,AQYLON NEXUS LIMITED,196.9,205.0,195.0,196.12,195.49,0.32,455890,89409144.57
2026-01-14,ARCHIDPLY,EQ,INE877I01016,ARCHIDPLY IND. LTD,84.07,88.65,84.06,86.7,86.3,0.46,2020,175133.99
2026-01-14,ARCHIES,EQ,INE731A01020,ARCHIES LTD,17.13,17.49,17.01,17.18,17.19,-0.06,10118,173827.24
2026-01-14,ARE&M,EQ,INE885A01032,AMARA RAJA ENERGY MOB LTD,880.0,882.45,865.9,874.1,881.85,-0.88,397761,347682880.39
2026-01-14,ARENTERP,EQ,INE610C01014,RAJDARSHAN INDUSTRIES LTD,46.65,46.65,43.0,44.86,46.68,-3.9,1155,51813.3
2026-01-14,ARFIN,EQ,INE784R01023,ARFIN INDIA LIMITED,81.99,82.02,78.32,81.01,81.73,-0.88,798938,64721969.09
2026-01-14,ARIHANTCAP,EQ,INE420B01036,ARIHANT CAPITAL MKTS LTD,88.75,90.23,87.8,88.29,88.7,-0.46,373345,32962630.39
2026-01-14,ARIHANTSUP,EQ,INE643K01018,ARIHANT SUPERSTRUCT LTD,310.05,310.35,304.2,308.8,308.4,0.13,10341,3193300.67
2026-01-14,ARIS,EQ,INE0H9P01028,ARISINFRA SOLUTIONS LTD,112.63,135.36,111.81,129.29,112.8,14.62,6827985,882790134.81
2026-01-14,ARKADE,EQ,INE0QRL01017,ARKADE DEVELOPERS LIMITED,129.37,129.37,126.1,126.59,127.95,-1.06,177106,22419847.89
2026-01-14,ARMANFIN,EQ,INE109C01017,ARMAN FIN SERV LTD,1534.0,1546.8,1505.0,1529.8,1534.5,-0.31,17314,26486958.05
2026-01-14,AROGRANITE,EQ,INE210C01013,ARO GRANITE IND. LTD.,29.4,29.4,28.55,28.72,28.65,0.24,6484,186220.48
2026-01-14,ARROWGREEN,EQ,INE570D01018,ARROW GREENTECH LIMITED,476.0,483.7,472.5,478.25,475.95,0.48,9934,4750935.5
2026-01-14,ARSSBL,EQ,INE549H01021,ANAND RATHI SH N STK BR L,637.0,639.6,623.55,632.7,634.0,-0.21,523557,331254520.29
2026-01-14,ARTEMISMED,EQ,INE025R01021,ARTEMIS MED SERVICE LTD,256.0,261.1,253.95,260.15,256.15,1.56,111752,29072282.12
2026-01-14,ARTNIRMAN,EQ,INE738V01013,ART NIRMAN LIMITED,47.0,47.0,47.0,47.0,47.0,0.0,0,0.0
2026-01-14,ARVEE,EQ,INE006Z01016,ARVEE LABORATORIES I LTD,184.0,188.78,179.45,183.83,188.89,-2.68,1213,222985.79
2026-01-14,ARVIND,EQ,INE034A01011,ARVIND LIMITED,300.1,305.9,297.15,305.05,301.65,1.13,147559,45012871.15
2026-01-14,ARVINDFASN,EQ,INE955V01021,ARVIND FASHIONS LIMITED,465.8,469.6,458.0,461.3,470.05,-1.86,200333,92413610.45
2026-01-14,ARVSMART,EQ,INE034S01021,ARVIND SMARTSPACES LTD,571.0,584.0,551.25,576.65,572.9,0.65,79053,45585914.38
2026-01-14,ASAHIINDIA,EQ,INE439A01020,ASAHI INDIA GLASS LIMITED,958.0,958.0,931.0,951.5,959.1,-0.79,82754,78740431.0
2026-01-14,ASAL,EQ,INE900C01027,AUTOMOTIVE STAMPINGS & AS,448.6,457.7,446.9,447.6,449.15,-0.35,12453,5573962.88
2026-01-14,ASALCBR,EQ,INE073G01016,ASSO ALCOHOLS & BREW LTD,868.1,880.45,861.3,865.55,868.05,-0.29,35760,30952067.56
2026-01-14,ASHAPURMIN,EQ,INE348A01023,ASHAPURA MINECHEM LTD,853.0,879.75,851.0,868.95,853.0,1.87,414269,359979052.61
2026-01-14,ASHIANA,EQ,INE365D01021,ASHIANA HOUSING LTD,287.25,293.2,287.05,290.35,291.5,-0.39,25466,7394053.26
2026-01-14,ASHIMASYN,EQ,INE440A01010,ASHIMA LTD,17.8,17.9,17.11,17.52,17.8,-1.57,33904,593998.1
2026-01-14,ASHOKA,EQ,INE442H01029,ASHOKA BUILDCON LTD,150.73,151.71,147.0,147.36,150.73,-2.24,1189373,175266006.01
2026-01-14,ASHOKAMET,EQ,INE760Y01011,ASHOKA METCAST LIMITED,14.89,15.27,14.62,14.78,14.75,0.2,10876,160747.28
2026-01-14,ASHOKLEY,EQ,INE208A01029,ASHOK LEYLAND LTD,185.21,187.69,184.15,186.89,185.7,0.64,7446179,1391616388.77
2026-01-14,ASIANENE,EQ,INE276G01015,ASIAN ENERGY SERVICES LTD,257.9,259.7,253.35,257.1,257.9,-0.31,40554,10426433.65
2026-01-14,ASIANHOTNR,EQ,INE363A01022,ASIAN HOTELS (NORTH) LTD,320.7,320.7,308.55,317.4,314.05,1.07,20662,6558118.67
2026-01-14,ASIANPAINT,EQ,INE021A01026,ASIAN PAINTS LIMITED,2884.0,2884.0,2807.3,2813.9,2886.3,-2.51,958254,2696430837.02
2026-01-14,ASIANTILES,EQ,INE022I01019,ASIAN GRANITO IND. LTD.,70.99,73.4,70.73,73.07,71.41,2.32,2268198,165737227.17
2026-01-14,ASKAUTOLTD,EQ,INE491J01022,ASK AUTOMOTIVE LIMITED,461.0,464.95,456.9,458.8,465.7,-1.48,86570,39718314.94
2026-01-14,ASPINWALL,EQ,INE991I01015,ASPINWALL & CO LTD,223.55,224.8,221.05,221.95,223.45,-0.67,1748,387968.59
2026-01-14,ASTEC,EQ,INE563J01010,ASTEC LIFESCIENCES LTD,632.8,670.0,629.75,651.5,637.2,2.24,94970,61872955.0
2026-01-14,ASTERDM,EQ,INE914M01019,ASTER DM QUALITY CARE LTD,607.45,613.1,601.1,608.05,606.25,0.3,222348,135198698.69
2026-01-14,ASTRAL,EQ,INE006I01046,ASTRAL LIMITED,1426.5,1474.8,1426.5,1462.6,1438.5,1.68,487267,712676702.3
2026-01-14,ASTRAMICRO,EQ,INE386C01029,ASTRA MICROWAVE LTD,986.15,988.1,960.2,965.2,986.15,-2.12,167906,162062873.25
2026-01-14,ASTRAZEN,EQ,INE203A01020,ASTRAZENECA PHARMA IND LT,8121.5,8331.5,8121.5,8284.0,8226.5,0.7,7427,61525268.0
2026-01-14,ATALREAL,EQ,INE0ALR01029,ATAL REALTECH LIMITED,26.4,27.04,25.7,26.89,25.88,3.9,3406112,91590349.6
2026-01-14,ATAM,EQ,INE09KD01013,ATAM VALVES LIMITED,82.1,82.56,80.33,81.07,81.11,-0.05,3693,299391.51
2026-01-14,ATGL,EQ,INE399L01023,ADANI TOTAL GAS LIMITED,555.45,558.8,552.95,554.4,555.45,-0.19,250494,138873879.72
2026-01-14,ATHERENERG,EQ,INE0LEZ01016,ATHER ENERGY LIMITED,659.6,659.9,637.15,646.6,653.35,-1.03,1168689,755674278.87
2026-01-14,ATL,EQ,INE0NN701020,ALLCARGO TERMINALS LTD,26.2,27.21,26.12,26.29,26.69,-1.5,178003,4679699.03
2026-01-14,ATLANTAA,EQ,INE285H01022,ATLANTAA LIMITED,46.7,49.5,46.06,48.71,46.63,4.46,492752,24001949.47
2026-01-14,ATLANTAELE,EQ,INE0Z4F01028,ATLANTA ELECTRICALS LTD,828.9,828.9,806.0,808.95,819.55,-1.29,19030,15394318.73
2026-01-14,ATLASCYCLE,EQ,INE446A01025,ATLAS CYCLE (HARYANA) LTD,103.65,107.57,103.65,105.51,105.13,0.36,5682,599507.83
2026-01-14,ATUL,EQ,INE100A01010,ATUL LTD,6137.5,6190.0,5982.5,6020.0,6137.5,-1.91,14868,89505360.0
2026-01-14,ATULAUTO,EQ,INE951D01028,ATUL AUTO LIMITED,434.0,439.35,432.55,435.85,433.6,0.52,40960,17852416.25
2026-01-14,AUBANK,EQ,INE949L01017,AU SMALL FINANCE BANK LTD,964.0,980.8,963.5,976.35,971.95,0.45,2737259,2672522757.82
2026-01-14,AURIONPRO,EQ,INE132H01018,AURIONPRO SOLN LTD,1028.0,1030.3,1007.0,1013.8,1030.1,-1.58,75583,76626044.48
2026-01-14,AUROPHARMA,EQ,INE406A01037,AUROBINDO PHARMA LTD,1165.0,1189.1,1158.0,1180.1,1167.7,1.06,726275,857077109.77
2026-01-14,AURUM,EQ,INE898S01029,AURUM PROPTECH LIMITED,178.21,196.0,178.01,190.13,178.03,6.8,223505,42495006.74
2026-01-14,AURUS,EQ,INE142K01011,AURUS GEM CORP LIMITED,4.99,4.99,4.83,4.93,4.87,1.23,7702,37970.86
2026-01-14,AUSOMENT,EQ,INE218C01016,AUSOM ENTERPRISE LIMITED,138.6,142.0,127.05,127.97,142.11,-9.95,79318,10150324.56
2026-01-14,AUTOAXLES,EQ,INE449A01011,AUTOMOTIVE AXLES LIMITED,1922.9,1922.9,1861.3,1900.8,1907.6,-0.36,4605,8753184.22
2026-01-14,AUTOBEES,EQ,INF204KC1337,NIPPONAMC - NETFAUTO,287.5,287.5,284.07,285.26,287.17,-0.67,365083,104143580.15
2026-01-14,AUTOIETF,EQ,INF109KC10V2,ICICIPRAMC - ICICIAUTO,28.73,28.73,28.39,28.53,28.73,-0.7,603617,17221193.42
2026-01-14,AUTOIND,EQ,INE718H01014,AUTOLINE INDUSTRIES LTD,72.91,74.93,72.52,74.24,73.01,1.68,44933,3335825.82
2026-01-14,AVADHSUGAR,EQ,INE349W01017,AVADH SUG & ENERGY LTD,333.5,334.45,327.1,332.1,331.75,0.11,31697,10526573.89
2026-01-14,AVALON,EQ,INE0LCL01028,AVALON TECHNOLOGIES LTD,884.85,914.8,878.85,904.6,890.3,1.61,182320,164926667.55
2026-01-14,AVANTEL,EQ,INE005B01027,AVANTEL LIMITED,152.6,154.2,151.12,152.15,152.9,-0.49,590835,89895541.64
2026-01-14,AVANTIFEED,EQ,INE871C01038,AVANTI FEEDS LIMITED,815.0,832.5,812.0,829.45,813.35,1.98,245507,203635784.15
2026-01-14,AVL,EQ,INE679V01027,ADITYA VISION LIMITED,487.75,493.0,484.45,488.85,487.75,0.23,43367,21199958.21
2026-01-14,AVONMORE,EQ,INE323B01024,AVONMORE CAP&MGT SERV LTD,17.56,18.1,17.26,17.4,17.73,-1.86,193558,3367909.13
2026-01-14,AVROIND,EQ,INE652Z01025,AVRO INDIA LIMITED,13.41,15.59,13.31,15.15,13.41,12.98,4118380,62393455.43
2026-01-14,AVTNPL,EQ,INE488D01021,AVT NATURAL PRODUCTS LTD,66.05,66.58,65.03,66.05,66.26,-0.32,19632,1296693.66
2026-01-14,AWFIS,EQ,INE108V01019,AWFIS SPACE SOLUTIONS LTD,464.95,465.05,449.0,451.0,460.7,-2.11,76277,34400927.0
2026-01-14,AWHCL,EQ,INE01BK01022,ANTONY WASTE HDG CELL LTD,462.5,471.95,457.85,467.05,462.4,1.01,105843,49433971.86
2026-01-14,AWL,EQ,INE699H01024,AWL AGRI BUSINESS LIMITED,219.49,220.63,217.5,217.91,219.78,-0.85,849535,185122174.96
2026-01-14,AXISBANK,EQ,INE238A01034,AXIS BANK LIMITED,1255.0,1308.0,1253.5,1298.8,1262.0,2.92,7776704,10100383534.92
2026-01-14,AXISCADES,EQ,INE555B01013,AXISCADES TECH LTD,1357.3,1377.0,1300.0,1309.4,1357.2,-3.52,63451,83082740.95
2026-01-14,AXITA,EQ,INE02EZ01022,AXITA COTTON LIMITED,8.44,8.66,8.36,8.53,8.26,3.19,475105,4051349.67
2026-01-14,AYMSYNTEX,EQ,INE193B01039,AYM SYNTEX LIMITED,160.0,160.0,157.0,157.28,160.07,-1.74,2819,443372.32
2026-01-14,AZAD,EQ,INE02IJ01035,AZAD ENGINEERING LIMITED,1551.0,1579.9,1550.1,1562.4,1563.9,-0.1,67870,106040089.66
2026-01-14,BAGFILMS,EQ,INE116D01028,B.A.G FILMS AND MEDIA LTD,6.22,6.42,6.2,6.22,6.11,1.8,165769,1031083.15
2026-01-14,BAIDFIN,EQ,INE020D01022,BAID FINSERV LIMITED,10.11,10.32,10.04,10.08,10.21,-1.27,81630,822830.39
2026-01-14,BAJAJ-AUTO,EQ,INE917I01010,BAJAJ AUTO LIMITED,9576.0,9610.0,9494.0,9579.5,9554.0,0.27,335206,3211105877.0
2026-01-14,BAJAJCON,EQ,INE933K01021,BAJAJ CONSUMER CARE LTD,283.15,285.05,280.3,282.85,283.5,-0.23,228125,64525157.64
2026-01-14,BAJAJELEC,EQ,INE193E01025,BAJAJ ELECT.LTD,435.4,440.65,432.5,435.55,436.15,-0.14,49433,21530542.55
2026-01-14,BAJAJFINSV,EQ,INE918I01026,BAJAJ FINSERV LTD.,2003.5,2015.8,1993.6,2000.9,2011.2,-0.51,1062849,2126654590.05
2026-01-14,BAJAJHCARE,EQ,INE411U01027,BAJAJ HEALTHCARE LIMITED,384.95,399.7,383.3,394.15,385.2,2.32,136748,53899223.37
2026-01-14,BAJAJHFL,EQ,INE377Y01014,BAJAJ HOUSING FINANCE LTD,94.15,94.35,93.23,93.49,94.23,-0.79,3192394,298456908.24
2026-01-14,BAJAJHIND,EQ,INE306A01021,BAJAJ HINDUSTHAN SUGAR LT,17.2,18.05,17.08,17.83,17.2,3.66,5347572,95347208.35
2026-01-14,BAJAJHLDNG,EQ,INE118A01012,BAJAJ HOLDINGS & INVS LTD,10799.0,10820.0,10600.0,10741.0,10729.0,0.11,88075,946013575.0
2026-01-14,BAJAJINDEF,EQ,INE0O9T01021,INDEF MANUFACTURING LTD,340.25,354.9,340.25,350.1,343.7,1.86,10032,3512203.26
2026-01-14,BAJEL,EQ,INE0KQN01018,BAJEL PROJECTS LIMITED,167.46,169.18,166.5,166.63,167.46,-0.5,40339,6721687.77
2026-01-14,BAJFINANCE,EQ,INE296A01032,BAJAJ FINANCE LIMITED,947.0,953.9,943.15,945.95,949.0,-0.32,4452202,4211560536.25
2026-01-14,BALAJEE,EQ,INE0S2G01011,SHREE TIRUPATI BALAJEE L,39.07,39.25,38.22,38.97,38.3,1.75,18491,720594.29
2026-01-14,BALAJITELE,EQ,INE794B01026,BALAJI TELEFILMS LIMITED.,105.5,106.0,103.16,103.57,105.9,-2.2,66743,6912572.49
2026-01-14,BALAMINES,EQ,INE050E01027,BALAJI AMINES LIMITED,1211.1,1325.0,1191.7,1264.5,1225.8,3.16,3405272,4305966444.0
2026-01-14,BALAXI,EQ,INE618N01022,BALAXI PHARMA LTD,25.9,26.5,25.5,25.84,25.82,0.08,52515,1356987.61
2026-01-14,BALKRISHNA,EQ,INE875R01011,BALKRISHNA PAPER MILLS L,17.5,18.2,17.01,18.12,17.78,1.91,19025,344733.02
2026-01-14,BALKRISIND,EQ,INE787D01026,BALKRISHNA IND. LTD,2391.4,2433.0,2388.3,2426.5,2395.9,1.28,334361,811326966.5
2026-01-14,BALMLAWRIE,EQ,INE164A01016,BALMER LAWRIE & CO LTD,172.6,174.39,172.6,173.89,173.66,0.13,98080,17055131.14
2026-01-14,BALPHARMA,EQ,INE083D01012,BAL PHARMA LTD.,72.07,72.07,71.0,71.82,71.07,1.06,2163,155346.66
2026-01-14,BALRAMCHIN,EQ,INE119A01028,BALRAMPUR CHINI MILLS LTD,426.5,427.5,421.95,425.25,425.4,-0.04,104242,44328910.5
2026-01-14,BALUFORGE,EQ,INE011E01029,BALU FORGE INDUSTRIES LTD,464.0,473.7,453.25,457.55,464.75,-1.55,1502410,687427677.16
2026-01-14,BANARBEADS,EQ,INE655B01011,BANARAS BEADS LTD,120.0,123.9,116.02,117.79,119.28,-1.25,3736,440063.44
2026-01-14,BANARISUG,EQ,INE459A01010,BANNARI AMMAN SUGARS LTD,3609.6,3609.6,3592.1,3600.5,3600.5,0.0,83,298841.5
2026-01-14,BANCOINDIA,EQ,INE213C01025,BANCO PRODUCTS (I) LTD,655.0,655.0,635.95,640.85,648.85,-1.23,131164,84056446.2
2026-01-14,BANDHANBNK,EQ,INE545U01014,BANDHAN BANK LIMITED,142.6,146.0,142.52,145.32,143.37,1.36,3933831,571664349.73
2026-01-14,BANG,EQ,INE863I01016,BANG OVERSEAS LTD.,46.13,47.65,46.13,46.91,46.71,0.43,1497,70224.27
2026-01-14,BANKA,EQ,INE862Y01015,BANKA BIOLOO LIMITED,61.02,64.38,61.02,64.1,61.32,4.53,9101,583374.09
2026-01-14,BANKADD,EQ,INF740KA1RX3,DSPAMC - DSPBANK,60.77,60.88,60.51,60.7,60.71,-0.02,10412,632008.41
2026-01-14,BANKBARODA,EQ,INE028A01039,BANK OF BARODA,302.55,308.4,299.35,307.7,301.85,1.94,11134333,3426034400.02
2026-01-14,BANKBEES,EQ,INF204KB15I9,NIP IND ETF BANK BEES,615.02,616.13,611.84,614.51,614.57,-0.01,313115,192412301.71
2026-01-14,BANKBETA,EQ,INF789F1AUV1,UTIAMC-BANKBETA,62.91,62.91,61.08,61.34,61.38,-0.07,61328,3761859.53
2026-01-14,BANKBETF,EQ,INF0QA701714,BFAM - BANKBETF,60.33,60.46,60.07,60.33,60.4,-0.12,6648,401073.85
2026-01-14,BANKETF,EQ,INF769K01KR3,MIRAEAMC - BANKETF,604.61,605.99,602.07,603.85,604.78,-0.15,8624,5207602.19
2026-01-14,BANKIETF,EQ,INF109KC15I8,ICICIPRAMC - IPRU5008,60.96,61.1,60.7,60.94,60.96,-0.03,108270,6597973.65
2026-01-14,BANKINDIA,EQ,INE084A01016,BANK OF INDIA,147.76,153.73,146.12,152.87,147.56,3.6,16837377,2573929739.78
2026-01-14,BANKNIFTY1,EQ,INF174KA1ZB7,KOTAKMAMC-KOTAKBKETF,611.3,617.99,608.62,615.47,616.3,-0.13,250776,154345097.37
2026-01-14,BANKPSU,EQ,INF769K01LZ4,MIRAEAMC - BANKPSU,87.9,89.51,87.18,89.34,87.4,2.22,22720,2029804.72
2026-01-14,BANSALWIRE,EQ,INE0B9K01025,BANSAL WIRE INDUSTRIES L,301.0,303.2,299.1,300.9,300.05,0.28,40073,12057965.46
2026-01-14,BANSWRAS,EQ,INE629D01020,BANSWARA SYNTEX LIMITED,104.79,104.79,102.0,103.94,101.25,2.66,18237,1895553.82
2026-01-14,BASF,EQ,INE373A01013,BASF INDIA LTD,3615.0,3645.9,3585.5,3617.8,3617.2,0.02,20957,75818235.62
2026-01-14,BATAINDIA,EQ,INE176A01028,BATA INDIA LTD,908.0,913.8,904.5,905.7,907.9,-0.24,57650,52213605.7
2026-01-14,BAYERCROP,EQ,INE462A01022,BAYER CROPSCIENCE LTD,4427.5,4451.1,4383.8,4412.3,4427.8,-0.35,18240,80480348.44
2026-01-14,BBETF0432,EQ,INF754K01OB1,EDELAMC - BBETF0432,1313.7,1315.2,1308.47,1308.98,1314.15,-0.39,5684,7440242.21
2026-01-14,BBL,EQ,INE464A01036,BHARAT BIJLEE LTD,2789.2,2811.5,2752.0,2766.9,2789.2,-0.8,7302,20203903.09
2026-01-14,BBNPNBETF,EQ,INF251K01TL6,BARODABNP - BBNPNBETF,60.67,60.67,59.49,59.82,59.49,0.55,673,40258.86
2026-01-14,BBNPPGOLD,EQ,INF251K01SU9,BARODABNP - BBNPPGOLD,139.0,139.0,136.7,137.8,136.65,0.84,55544,7653963.37
2026-01-14,BBOX,EQ,INE676A01027,BLACK BOX LIMITED,518.0,520.0,505.15,514.25,516.35,-0.41,444677,228675147.25
2026-01-14,BBTC,EQ,INE050A01025,BOMBAY BURMAH TRADING COR,1805.9,1854.0,1805.9,1846.3,1816.7,1.63,28690,52970348.4
2026-01-14,BBTCL,EQ,INE01EE01011,B&B TRIPLEWALL CONT LTD,190.18,192.0,188.0,190.0,193.96,-2.04,2167,411730.0
2026-01-14,BCG,EQ,INE425B01027,BRIGHTCOM GROUP LIMITED,9.88,9.95,9.72,9.82,9.9,-0.81,4785748,46996043.9
2026-01-14,BCLIND,EQ,INE412G01024,BCL INDUSTRIES LIMITED,29.94,29.94,29.11,29.52,29.94,-1.4,307812,9086610.38
2026-01-14,BCONCEPTS,EQ,INE977Y01011,BRAND CONCEPTS LIMITED,316.15,332.8,307.0,324.75,315.3,3.0,4642,1507489.5
2026-01-14,BDL,EQ,INE171Z01026,BHARAT DYNAMICS LIMITED,1519.9,1535.0,1509.0,1513.6,1522.5,-0.58,1090780,1651004581.37
2026-01-14,BEARDSELL,EQ,INE520H01022,BEARDSELL LIMITED,29.48,29.99,28.57,29.69,29.48,0.71,9434,280095.47
2026-01-14,BECTORFOOD,EQ,INE495P01020,MRS BECTORS FOOD SPE LTD,231.24,235.77,229.15,231.56,231.24,0.14,155390,35982108.02
2026-01-14,BEDMUTHA,EQ,INE844K01012,BEDMUTHA INDUST LTD,114.6,118.92,110.5,110.96,114.62,-3.19,14803,1642540.87
2026-01-14,BEL,EQ,INE263A01024,BHARAT ELECTRONICS LTD,411.0,420.8,411.0,417.6,413.7,0.94,17676239,7381597514.29
2026-01-14,BELLACASA,EQ,INE344T01014,BELLA CASA FASH AND RET L,354.9,354.9,336.9,345.9,349.05,-0.9,8956,3097880.35
2026-01-14,BELRISE,EQ,INE894V01022,BELRISE INDUSTRIES LTD,175.0,176.56,172.6,173.0,175.73,-1.55,3252570,562694610.0
2026-01-14,BEML,EQ,INE258A01024,BEML LIMITED,1766.0,1850.0,1763.9,1812.4,1770.0,2.4,254445,461156124.21
2026-01-14,BEPL,EQ,INE922A01025,BHANSALI ENG. POLYMERS LT,84.7,87.0,84.7,85.87,84.88,1.17,180597,15507864.89
2026-01-14,BERGEPAINT,EQ,INE463A01038,BERGER PAINTS (I) LTD,519.45,526.25,512.75,525.15,520.75,0.84,181978,95565751.14
2026-01-14,BESTAGRO,EQ,INE052T01021,BEST AGROLIFE LIMITED,30.28,30.92,28.47,28.95,30.11,-3.86,9861945,285470435.1
2026-01-14,BETA,EQ,INE351Y01019,BETA DRUGS LIMITED,1649.0,1649.4,1580.0,1585.0,1590.4,-0.34,1200,1902000.0
2026-01-14,BFINVEST,EQ,INE878K01010,BF INVESTMENT LIMITED,404.9,408.0,396.15,400.45,403.95,-0.87,10651,4265193.08
2026-01-14,BFSI,EQ,INF769K01HI8,MIRAEAMC - MAFSETF,28.51,28.63,28.35,28.43,28.51,-0.28,86743,2466103.52
2026-01-14,BFUTILITIE,EQ,INE243D01012,BF UTILITIES LIMITED,608.15,615.9,590.0,592.95,607.9,-2.46,8449,5009834.65
2026-01-14,BHAGCHEM,EQ,INE414D01027,BHAGIRADHA CHEM & INDS L,214.0,229.0,214.0,227.29,217.25,4.62,183600,41730442.77
2026-01-14,BHAGYANGR,EQ,INE458B01036,BHAGYANAGAR INDIA LIMITED,164.0,170.99,160.0,167.86,165.21,1.6,126719,21271051.42
2026-01-14,BHANDARI,EQ,INE474E01029,BHANDARI HOSIERY EXP LTD,3.9,4.67,3.82,4.04,3.9,3.59,426927,1724785.06
2026-01-14,BHARATFORG,EQ,INE465A01025,BHARAT FORGE LTD,1454.9,1464.6,1440.0,1447.2,1460.3,-0.9,306790,443986473.02
2026-01-14,BHARATRAS,EQ,INE838B01021,BHARAT RASAYAN LTD,2190.5,2207.0,2177.0,2189.8,2190.5,-0.03,9019,19749806.64
2026-01-14,BHARATSE,EQ,INE415D01024,BHARAT SEATS LIMITED,161.27,164.19,158.3,159.7,162.1,-1.48,37626,6008872.09
2026-01-14,BHARATWIRE,EQ,INE316L01019,BHARAT WIRE ROPES LTD.,175.25,177.0,172.32,173.74,177.9,-2.34,95199,16539874.78
2026-01-14,BHARTIARTL,EQ,INE397D01024,BHARTI AIRTEL LIMITED,2015.1,2034.0,2008.7,2022.5,2026.9,-0.22,4842964,9794894690.0
2026-01-14,BHARTIHEXA,EQ,INE343G01021,BHARTI HEXACOM LIMITED,1666.6,1672.8,1625.2,1639.8,1680.1,-2.4,310625,509362890.17
2026-01-14,BHEL,EQ,INE257A01026,BHEL,265.95,272.35,263.5,267.45,265.55,0.72,9508874,2543148467.38
2026-01-14,BIGBLOC,EQ,INE412U01025,BIGBLOC CONSTRUCTION LTD,67.85,69.09,67.0,67.16,68.52,-1.98,113126,7597542.57
2026-01-14,BIKAJI,EQ,INE00E101023,BIKAJI FOODS INTERN LTD,701.4,701.95,691.5,699.25,701.5,-0.32,103185,72152111.25
2026-01-14,BIL,EQ,INE828A01016,BHARTIYA INTERNATIONAL,697.3,697.3,653.45,657.15,662.2,-0.76,2026,1331385.95
2026-01-14,BIOCON,EQ,INE376G01013,BIOCON LIMITED.,375.4,383.85,372.95,379.0,377.3,0.45,3555556,1347555724.0
2026-01-14,BIOFILCHEM,EQ,INE829A01014,BIOFIL CHEM & PHARMA LTD,32.24,34.79,31.2,32.67,31.2,4.71,100573,3285719.73
2026-01-14,BIRLACABLE,EQ,INE800A01015,BIRLA CABLE LIMITED,133.0,135.5,130.0,132.73,133.99,-0.94,35826,4755184.83
2026-01-14,BIRLACORPN,EQ,INE340A01012,BIRLA CORPORATION LTD,1054.1,1084.0,1040.9,1080.8,1054.1,2.53,83463,90206814.48
2026-01-14,BIRLAMONEY,EQ,INE865C01022,ADITYA BIRLA MONEY LTD,137.14,138.0,133.35,134.96,137.14,-1.59,39057,5271132.98
2026-01-14,BIRLANU,EQ,INE557A01011,BIRLANU LIMITED,1764.2,1785.7,1750.0,1752.9,1764.1,-0.63,13306,23324087.72
2026-01-14,BLACKBUCK,EQ,INE0UIZ01018,BLACKBUCK LIMITED,657.05,657.05,636.8,641.7,657.75,-2.44,589299,378153175.49
2026-01-14,BLAL,EQ,INE0N7W01012,BEML LAND ASSETS LIMITED,202.62,206.37,202.48,205.3,201.66,1.81,17209,3533007.75
2026-01-14,BLBLIMITED,EQ,INE791A01024,BLB LIMITED,13.5,13.5,12.81,12.99,12.81,1.41,46876,608919.23
2026-01-14,BLKASHYAP,EQ,INE350H01032,B.L.KASHYAP & SON LTD,47.14,48.85,46.5,48.44,46.72,3.68,215693,10448168.62
2026-01-14,BLS,EQ,INE153T01027,BLS INTL SERVS LTD,297.4,315.05,297.35,306.55,297.35,3.09,6431106,1971455465.8
2026-01-14,BLSE,EQ,INE0NLT01010,BLS E-SERVICES LIMITED,176.0,189.8,174.24,182.36,175.18,4.1,193928,35364710.2
2026-01-14,BLUECOAST,EQ,INE472B01011,BLUE COAST HOTELS LIMITED,30.81,30.81,28.51,30.26,29.35,3.1,4827,146065.02
2026-01-14,BLUEDART,EQ,INE233B01017,BLUE DART EXPRESS LTD,5424.5,5444.0,5386.5,5434.0,5405.5,0.53,10733,58323122.0
2026-01-14,BLUEJET,EQ,INE0KBH01020,BLUE JET HEALTHCARE LTD,499.4,503.6,488.65,490.6,499.4,-1.76,181105,88850114.11
2026-01-14,BLUESTARCO,EQ,INE472A01039,BLUE STAR LIMITED,1800.8,1817.9,1766.1,1812.1,1793.2,1.05,109184,197852323.73
2026-01-14,BLUESTONE,EQ,INE304W01038,BLUESTONE JEWEL LFSTL LTD,475.75,477.0,460.1,465.5,475.75,-2.15,78150,36378825.0
2026-01-14,BLUSPRING,EQ,INE0U4101014,BLUSPRING ENTERPRISES LTD,67.11,67.11,64.72,66.52,67.11,-0.88,59310,3945301.0
2026-01-14,BMWVENTLTD,EQ,INE965W01036,BMW VENTURES LIMITED,50.74,52.64,50.74,51.77,50.74,2.03,149421,7735525.24
2026-01-14,BNKETFAXIS,EQ,INF846K01X63,AXISAMC-BNKETFAXIS,612.31,613.52,609.36,612.6,612.29,0.05,2249,1377737.35
2026-01-14,BODALCHEM,EQ,INE338D01028,BODAL CHEMICALS LTD,50.01,51.45,49.78,51.2,50.16,2.07,79417,4066150.46
2026-01-14,BOHRAIND,EQ,INE802W01023,BOHRA INDUSTRIES LIMITED,17.6,17.6,16.25,16.49,16.66,-1.02,5797,95592.53
2026-01-14,BOMDYEING,EQ,INE032A01023,BOMBAY DYEING & MFG. CO L,121.6,124.34,121.02,124.05,122.18,1.53,328267,40721522.35
2026-01-14,BORANA,EQ,INE16SF01016,BORANA WEAVES LIMITED,322.0,329.0,305.0,318.45,315.85,0.82,59962,19094899.63
2026-01-14,BOROLTD,EQ,INE02PY01013,BOROSIL LIMITED,277.85,278.9,275.0,276.25,277.85,-0.58,25013,6909841.25
2026-01-14,BORORENEW,EQ,INE666D01022,BOROSIL RENEWABLES LTD,493.9,513.65,488.0,509.8,493.3,3.34,223630,114006571.27
2026-01-14,BOROSCI,EQ,INE02L001032,BOROSIL SCIENTIFIC LTD,114.9,118.7,114.9,116.81,115.21,1.39,27860,3254326.53
2026-01-14,BOSCH-HCIL,EQ,INE782A01015,BOSCH HOME COMFRT IND LTD,1436.5,1450.2,1416.0,1426.3,1433.7,-0.52,4485,6396955.72
2026-01-14,BOSCHLTD,EQ,INE323A01026,BOSCH LIMITED,37900.0,38255.0,36930.0,37455.0,37905.0,-1.19,22519,843449145.0
2026-01-14,BPCL,EQ,INE029A01011,BHARAT PETROLEUM CORP  LT,354.5,358.5,351.15,356.9,355.1,0.51,7777436,2775766860.93
2026-01-14,BPL,EQ,INE110A01019,BPL LTD,61.7,66.0,60.9,64.1,61.86,3.62,115968,7433548.62
2026-01-14,BRIGADE,EQ,INE791I01019,BRIGADE ENTER. LTD,638.25,645.0,629.33,631.8,641.96,-1.58,596530,376887646.72
2026-01-14,BRIGHOTEL,EQ,INE03NU01014,BRIGADE HOTEL VENTURE LTD,66.01,68.2,66.01,67.52,66.65,1.31,79061,5338198.45
2026-01-14,BRITANNIA,EQ,INE216A01030,BRITANNIA INDUSTRIES LTD,5893.5,5945.5,5868.0,5906.5,5918.0,-0.19,307200,1814476800.0
2026-01-14,BRNL,EQ,INE727S01012,BHARAT ROAD NETWORK LTD,20.84,21.31,20.84,21.1,20.74,1.74,35674,752721.41
2026-01-14,BROOKS,EQ,INE650L01011,BROOKS LAB LIMITED,71.21,71.64,68.55,69.23,71.47,-3.13,54400,3766112.18
2026-01-14,BSE,EQ,INE118H01025,BSE LIMITED,2830.8,2865.0,2797.0,2836.8,2832.0,0.17,3844640,10906474939.73
2026-01-14,BSE500IETF,EQ,INF109KC1V59,ICICIPRAMC - ICICI500,40.17,40.18,39.35,39.75,39.7,0.13,129751,5157602.25
2026-01-14,BSHSL,EQ,INE032Z01020,BOMBAY SUPER HYBRID SEEDS,99.37,101.82,99.37,99.56,99.37,0.19,7519,748591.62
2026-01-14,BSL,EQ,INE594B01012,BSL LTD,138.0,146.5,137.2,139.27,139.83,-0.4,5326,741752.04
2026-01-14,BSLGOLDETF,EQ,INF209KB18D3,ADITYBIRLA SL GOLD ETF-GR,123.82,126.0,123.82,125.25,123.8,1.17,3142266,393568816.5
2026-01-14,BSLNIFTY,EQ,INF209KB19D1,ADITYBIRLA SL NIF ETF-GR,29.21,30.7,29.21,29.93,29.96,-0.1,663518,19859093.94
2026-01-14,BSLSENETFG,EQ,INF209KB10E8,BIRLASLAMC - BSLSENETFG,84.26,84.86,83.3,83.4,83.85,-0.54,1332,111088.8
2026-01-14,BSOFT,EQ,INE836A01035,BIRLASOFT LIMITED,426.0,429.9,414.75,419.6,425.1,-1.29,695985,292035310.25
2026-01-14,BTML,EQ,INE0EEJ01023,BODHI TREE MULTIMEDIA LTD,8.23,8.23,7.92,8.01,7.94,0.88,74688,598250.9
2026-01-14,BUILDPRO,EQ,INE24OJ01011,SHANKARA BUILDPRO LIMITED,696.75,770.05,696.75,767.05,733.4,4.59,203869,156377713.96
2026-01-14,BUTTERFLY,EQ,INE295F01017,BTRFLY GANDHI APPL LTD,610.55,615.9,602.05,606.35,610.5,-0.68,1947,1180563.4
2026-01-14,BVCL,EQ,INE139I01011,BARAK VALLEY CEM. LTD.,43.51,44.9,42.32,43.29,42.87,0.98,73317,3173893.0
2026-01-14,CAMLINFINE,EQ,INE052I01032,CAMLIN FINE SCIENCES LTD,151.59,152.69,147.02,148.43,151.06,-1.74,305888,45402953.6
2026-01-14,CAMPUS,EQ,INE278Y01022,CAMPUS ACTIVEWEAR LIMITED,250.7,253.15,248.0,249.95,253.2,-1.28,266645,66647916.94
2026-01-14,CAMS,EQ,INE596I01020,COMPUTER AGE MNGT SER LTD,712.0,734.0,711.0,721.15,711.0,1.43,1114112,803441896.0
2026-01-14,CANBK,EQ,INE476A01022,CANARA BANK,151.3,154.55,150.4,153.89,150.86,2.01,21735599,3344891316.84
2026-01-14,CANFINHOME,EQ,INE477A01020,CAN FIN HOMES LTD,894.7,919.5,889.8,917.45,894.0,2.62,160521,147269993.41
2026-01-14,CANHLIFE,EQ,INE01TY01017,CANARA HSBC LIFE INS CO L,141.89,143.86,140.65,143.02,141.63,0.98,2163290,309393745.04
2026-01-14,CANTABIL,EQ,INE068L01024,CANTABIL RETAIL LTD,289.5,297.25,288.2,294.85,288.65,2.15,177750,52409588.58
2026-01-14,CAPACITE,EQ,INE264T01014,CAPACITE INFRAPROJECT LTD,241.0,242.4,238.05,240.75,241.75,-0.41,103757,24979497.75
2026-01-14,CAPILLARY,EQ,INE0ILV01024,CAPILLARY TECHNO INDIA L,673.7,684.65,628.05,635.75,670.3,-5.15,645788,410559721.0
2026-01-14,CAPITALSFB,EQ,INE646H01017,CAPITAL SMALL FIN BANK L,262.0,265.75,262.0,263.45,263.5,-0.02,11552,3043374.54
2026-01-14,CAPLIPOINT,EQ,INE475E01026,CAPLIN POINT LAB LTD.,1810.0,1861.5,1803.4,1854.6,1812.1,2.35,43178,80077917.75
2026-01-14,CARBORUNIV,EQ,INE120A01034,CARBORUNDUM UNIVERSAL LTD,814.4,815.25,802.05,807.65,810.4,-0.34,100976,81553268.87
2026-01-14,CARERATING,EQ,INE752H01013,CARE RATINGS LIMITED,1610.5,1624.0,1594.7,1607.1,1618.6,-0.71,15476,24871479.22
2026-01-14,CARRARO,EQ,INE0V7W01012,CARRARO INDIA LIMITED,530.0,535.0,520.0,528.25,527.35,0.17,39381,20803013.25
2026-01-14,CARTRADE,EQ,INE290S01011,CARTRADE TECH LIMITED,2800.5,2859.7,2684.0,2706.6,2800.5,-3.35,222198,601401128.5
2026-01-14,CARYSIL,EQ,INE482D01024,CARYSIL LIMITED,792.9,797.6,768.0,771.85,794.45,-2.84,85830,66247883.4
2026-01-14,CASTROLIND,EQ,INE172A01027,CASTROL INDIA LIMITED,187.47,188.7,186.94,187.57,187.47,0.05,1021528,191608014.44
2026-01-14,CCAVENUE,EQ,INE483S01020,AVENUESAI LIMITED,15.15,15.64,15.15,15.47,15.38,0.59,5328830,82437001.52
2026-01-14,CCCL,EQ,INE429I01024,CONS. CONST. CONSORT LTD,17.25,17.37,16.41,16.53,17.15,-3.62,253919,4197281.24
2026-01-14,CCHHL,EQ,INE652F01027,COUNTRY CLUB HOSP HOL LTD,14.02,14.97,14.0,14.09,14.1,-0.07,31795,447991.55
2026-01-14,CCL,EQ,INE421D01022,CCL PRODUCTS (I) LTD,967.0,976.0,956.1,959.4,967.15,-0.8,446450,428324140.9
2026-01-14,CDSL,EQ,INE736A01011,CENTRAL DEPO SER (I) LTD,1419.0,1432.3,1410.0,1415.6,1419.9,-0.3,1253505,1774461647.4
2026-01-14,CEATLTD,EQ,INE482A01020,CEAT LIMITED,3852.1,3893.2,3805.8,3829.2,3852.1,-0.59,83930,321384751.9
2026-01-14,CEIGALL,EQ,INE0AG901020,CEIGALL INDIA LIMITED,273.05,281.5,273.05,277.75,276.0,0.63,322386,89542711.5
2026-01-14,CELEBRITY,EQ,INE185H01016,CELEBRITY FASHIONS LTD,7.89,8.22,7.83,8.11,7.74,4.78,34880,282876.79
2026-01-14,CELLO,EQ,INE0LMW01024,CELLO WORLD LIMITED,502.55,505.0,497.05,501.0,503.65,-0.53,55168,27639168.0
2026-01-14,CEMPRO,EQ,INE686A01026,CEMINDIA PROJECTS LIMITED,680.05,705.5,679.0,702.5,685.1,2.54,196166,137806615.0
2026-01-14,CENTENKA,EQ,INE485A01015,CENTURY ENKA LTD,425.0,439.95,423.05,435.8,430.75,1.17,23141,10084847.52
2026-01-14,CENTEXT,EQ,INE281A01026,CENTURY EXTRUSIONS LTD,22.17,22.7,21.11,22.62,21.79,3.81,84988,1922428.63
2026-01-14,CENTRALBK,EQ,INE483A01010,CENTRAL BANK OF INDIA,37.89,38.65,37.5,38.29,37.71,1.54,11056420,423350331.92
2026-01-14,CENTRUM,EQ,INE660C01027,CENTRUM CAPITAL LIMITED,27.4,27.75,26.51,26.77,27.53,-2.76,271806,7276246.74
2026-01-14,CENTUM,EQ,INE320B01020,CENTUM ELECTRONICS LTD,2330.1,2377.7,2270.0,2328.7,2330.6,-0.08,82221,191468038.69
2026-01-14,CENTURYPLY,EQ,INE348B01021,CENTURY PLYBOARDS (I) LTD,766.5,772.1,758.1,761.55,765.45,-0.51,27762,21142150.76
2026-01-14,CERA,EQ,INE739E01017,CERA SANITARYWARE LTD,5074.5,5106.0,5030.0,5096.5,5074.5,0.43,6704,34166936.0
2026-01-14,CESC,EQ,INE486A01021,CESC LTD,160.0,160.0,155.7,157.07,160.1,-1.89,3707907,582400979.65
2026-01-14,CEWATER,EQ,INE037Z01029,CONCORD ENVIRO SYSTEMS L,424.0,433.0,419.8,428.1,424.25,0.91,12083,5172732.37
2026-01-14,CGCL,EQ,INE180C01042,CAPRI GLOBAL CAPITAL LTD,180.27,182.65,179.95,180.6,180.26,0.19,794034,143402545.25
2026-01-14,CGPOWER,EQ,INE067A01029,CG POWER AND IND SOL LTD,580.0,585.0,574.7,576.9,581.6,-0.81,1928785,1112716113.59
2026-01-14,CHALET,EQ,INE427F01016,CHALET HOTELS LIMITED,865.3,886.3,865.3,881.85,874.5,0.84,110118,97107555.61
2026-01-14,CHAMBLFERT,EQ,INE085A01013,CHAMBAL FERTILIZERS LTD,443.05,447.85,441.3,446.1,443.05,0.69,686772,306368993.39
2026-01-14,CHEMBOND,EQ,INE995D01025,CHEMBOND MATERIALTECH LTD,159.95,159.95,155.27,159.04,158.75,0.18,17234,2740895.24
2026-01-14,CHEMFAB,EQ,INE783X01023,CHEMFAB ALKALIS LIMITED,415.15,429.7,400.0,425.85,415.15,2.58,45304,19292708.68
2026-01-14,CHEMPLASTS,EQ,INE488A01050,CHEMPLAST SANMAR LIMITED,270.0,277.75,266.0,274.9,278.15,-1.17,1253264,344522265.95
2026-01-14,CHENNPETRO,EQ,INE178A01016,CHENNAI PETROLEUM CORP LT,822.5,885.0,820.5,875.3,821.95,6.49,2969166,2598910963.56
2026-01-14,CHEVIOT,EQ,INE974B01016,CHEVIOT COMPANY LIMITED,1018.3,1020.0,1000.9,1014.3,1016.6,-0.23,574,582208.19
2026-01-14,CHOICEIN,EQ,INE102B01014,CHOICE INTERNATIONAL LTD,811.1,837.85,811.1,831.55,811.1,2.52,635756,528662894.04
2026-01-14,CHOLAFIN,EQ,INE121A01024,CHOLAMANDALAM IN & FIN CO,1690.1,1714.7,1681.0,1689.5,1701.1,-0.68,2111292,3567027834.0
2026-01-14,CHOLAHLDNG,EQ,INE149A01033,CHOLAMANDALAM FIN HOL LTD,1811.0,1825.0,1788.3,1812.7,1820.4,-0.42,104363,189178805.0
2026-01-14,CIEINDIA,EQ,INE536H01010,CIE AUTOMOTIVE INDIA LTD,405.8,408.8,402.4,404.65,406.7,-0.5,52096,21080646.08
2026-01-14,CIFL,EQ,INE345H01024,CAPITAL INDIA FINANCE LTD,33.77,39.69,33.75,34.67,33.09,4.77,17355375,601710819.47
2026-01-14,CINELINE,EQ,INE704H01022,CINELINE INDIA LIMITED,83.31,84.7,82.35,82.76,83.4,-0.77,4409,364888.85
2026-01-14,CINEVISTA,EQ,INE039B01026,CINEVISTA LIMITED,17.0,17.08,16.27,16.56,16.9,-2.01,6657,110239.92
2026-01-14,CIPLA,EQ,INE059A01026,CIPLA LTD,1443.8,1449.8,1425.7,1434.5,1448.3,-0.95,1775529,2546996350.5
2026-01-14,CLEAN,EQ,INE227W01023,CLEAN SCIENCE & TECH LTD,852.5,866.0,852.45,860.85,855.35,0.64,402196,346230416.78
2026-01-14,CLEDUCATE,EQ,INE201M01029,CL EDUCATE LIMITED,78.09,83.29,77.1,82.58,77.82,6.12,29586,2443211.93
2026-01-14,CLSEL,EQ,INE419D01026,CHAMAN LAL SETIA EXP LTD,252.0,259.9,250.7,258.8,254.2,1.81,55045,14245645.33
2026-01-14,CMSINFO,EQ,INE925R01014,CMS INFO SYSTEMS LIMITED,336.0,336.0,329.6,330.75,334.35,-1.08,293527,97084055.25
2026-01-14,CNL,EQ,INE985W01018,CREATIVE NEWTECH LIMITED,705.0,743.95,693.05,719.15,704.2,2.12,5249,3774818.48
2026-01-14,COALINDIA,EQ,INE522F01014,COAL INDIA LTD,428.0,442.0,427.4,432.2,428.9,0.77,17125550,7401662919.05
2026-01-14,COASTCORP,EQ,INE377E01024,COASTAL CORPORATION LTD,44.89,45.7,43.5,44.94,43.56,3.17,40089,1801599.6
2026-01-14,COCHINSHIP,EQ,INE704P01025,COCHIN SHIPYARD LIMITED,1547.0,1559.9,1525.6,1534.4,1547.3,-0.83,468787,719306784.24
2026-01-14,COFFEEDAY,EQ,INE335K01011,COFFEE DAY ENTERPRISE LTD,32.75,33.71,32.6,33.32,33.27,0.15,493964,16458880.33
2026-01-14,COFORGE,EQ,INE591G01025,COFORGE LIMITED,1710.0,1729.2,1673.4,1681.6,1708.5,-1.57,1903405,3200765801.53
2026-01-14,COHANCE,EQ,INE03QK01018,COHANCE LIFESCIENCES LTD,448.0,455.55,439.55,441.95,447.95,-1.34,329534,145637555.32
2026-01-14,COLPAL,EQ,INE259A01022,COLGATE PALMOLIVE LTD.,2115.0,2115.0,2082.7,2092.3,2106.7,-0.68,224914,470587573.18
2026-01-14,COMMOIETF,EQ,INF109KC19O8,ICICIPRAMC - ICICICOMMO,96.01,98.1,95.99,97.75,96.37,1.43,212738,20795139.5
2026-01-14,COMPUSOFT,EQ,INE453B01029,COMPUCOM SOFTWARE LTD,14.87,14.9,14.55,14.64,14.87,-1.55,21522,315082.09
2026-01-14,COMSYN,EQ,INE073V01015,COMMERCIAL SYN BAGS LTD,144.5,149.89,144.5,149.6,147.39,1.5,2709,405266.42
2026-01-14,CONCOR,EQ,INE111A01025,CONTAINER CORP OF IND LTD,517.65,521.1,512.6,519.5,517.5,0.39,1234098,641113911.0
2026-01-14,CONCORDBIO,EQ,INE338H01029,CONCORD BIOTECH LIMITED,1352.0,1357.8,1344.3,1351.1,1352.1,-0.07,23385,31595472.93
2026-01-14,CONFIPET,EQ,INE552D01024,CONFIDENCE PETRO IND LTD.,33.98,34.28,33.71,34.06,33.98,0.24,202313,6890781.06
2026-01-14,CONS,EQ,INF174KA1ZF8,KOTAKMAMC - KOTAKCONS,123.05,123.2,122.32,123.0,123.05,-0.04,6093,749439.0
2026-01-14,CONSUMAXIS,EQ,INF846K016C7,AXISAMC-CONSUMAXIS,123.91,123.91,122.74,123.39,123.91,-0.42,695,85756.05
2026-01-14,CONSUMBEES,EQ,INF204KA1LD7,NIP IND ETF CONSUMPTION,134.11,134.11,132.44,133.04,133.45,-0.31,85922,11431062.3
2026-01-14,CONSUMER,EQ,INF769K01NS5,MIRAEAMC - CONSUMER,11.61,11.64,11.56,11.61,11.61,0.0,154125,1789391.2
2026-01-14,CONSUMIETF,EQ,INF109KC1V42,ICICIPRAMC - ICICICONSU,123.92,124.5,123.45,123.99,124.24,-0.2,20117,2494306.79
2026-01-14,CONTROLPR,EQ,INE663B01015,CONTROL PRINT LIMITED,660.05,670.45,659.3,665.7,667.5,-0.27,10317,6868027.03
2026-01-14,CORALFINAC,EQ,INE558D01021,CORAL INDIA FIN & HOUS LT,36.53,38.74,36.16,37.03,36.53,1.37,107906,3995759.05
2026-01-14,CORDSCABLE,EQ,INE792I01017,CORDS CABLE INDUS LTD.,171.0,177.0,168.15,173.73,172.56,0.68,28899,5020623.15
2026-01-14,COROMANDEL,EQ,INE169A01031,COROMANDEL INTERNTL. LTD,2350.0,2350.0,2311.0,2320.5,2351.4,-1.31,155802,361538541.0
2026-01-14,CORONA,EQ,INE02ZQ01018,CORONA REMEDIES LIMITED,1433.8,1479.9,1432.2,1475.2,1432.9,2.95,61207,90292563.41
2026-01-14,COSMOFIRST,EQ,INE757A01017,COSMO FIRST LIMITED,643.15,654.45,640.7,641.9,643.15,-0.19,44963,28861750.8
2026-01-14,CPCAP,EQ,INE521J01018,CP CAPITAL LIMITED,114.88,115.81,109.1,109.36,114.39,-4.4,42234,4618710.27
2026-01-14,CPEDU,EQ,INE0P6P01016,CAREER POINT EDUTECH LTD,242.25,247.9,234.55,244.2,242.85,0.56,3112,759950.39
2026-01-14,CPPLUS,EQ,INE819V01029,ADITYA INFOTECH LIMITED,1415.0,1416.2,1387.0,1401.2,1419.7,-1.3,88428,123905309.28
2026-01-14,CPSEETF,EQ,INF457M01133,CPSE ETF,95.73,95.73,93.21,94.55,93.4,1.23,2588682,244759891.0
2026-01-14,CRAFTSMAN,EQ,INE00LO01017,CRAFTSMAN AUTOMATION LTD,7660.0,7867.0,7610.0,7850.0,7686.5,2.13,87690,688366500.0
2026-01-14,CRAMC,EQ,INE218I01013,CANARA ROBECO AMC LIMITED,283.3,285.9,280.15,282.4,280.95,0.52,600339,169535729.94
2026-01-14,CREATIVEYE,EQ,INE230B01021,CREATIVE EYE LIMITED,7.6,7.6,6.86,7.11,6.97,2.01,17952,127638.72
2026-01-14,CREDITACC,EQ,INE741K01010,CREDITACCESS GRAMEEN LTD,1295.3,1324.4,1278.9,1284.1,1288.7,-0.36,272566,350001993.95
2026-01-14,CREST,EQ,INE559D01011,CREST VENTURES LIMITED,379.0,386.55,373.8,384.6,376.4,2.18,3357,1291102.22
2026-01-14,CRESTO,EQ,INE203Y01012,CRESTO TECHNO LIMITED,20.39,20.39,19.42,19.99,20.44,-2.2,15486,309565.14
2026-01-14,CRISIL,EQ,INE007A01025,CRISIL LTD,4815.7,4868.0,4732.5,4767.2,4815.6,-1.01,47294,225459966.04
2026-01-14,CRIZAC,EQ,INE0S4R01014,CRIZAC LIMITED,260.1,262.0,250.1,252.35,258.9,-2.53,189714,47874329.06
2026-01-14,CROMPTON,EQ,INE299U01018,CROMPT GREA CON ELEC LTD,252.6,256.0,251.65,254.7,252.8,0.75,1388641,353686858.46
2026-01-14,CROWN,EQ,INE491V01019,CROWN LIFTERS LIMITED,117.35,118.12,112.83,114.3,118.29,-3.37,25960,2967228.08
2026-01-14,CSBBANK,EQ,INE679A01013,CSB BANK LIMITED,522.15,523.85,491.0,521.1,518.75,0.45,1134507,591191570.0
2026-01-14,CSLFINANCE,EQ,INE718F01018,CSL FINANCE LIMITED,287.6,292.0,280.3,289.6,288.4,0.42,18558,5374396.91
2026-01-14,CUB,EQ,INE491A01021,CITY UNION BANK LTD,206.25,209.96,204.9,207.38,207.9,-0.25,3078458,638395227.75
2026-01-14,CUBEXTUB,EQ,INE144D01012,CUBEX TUBINGS LTD,112.5,114.62,109.95,110.48,112.02,-1.37,199777,22071363.63
2026-01-14,CUMMINSIND,EQ,INE298A01020,CUMMINS INDIA LTD,3970.0,4038.4,3946.0,4029.2,3977.8,1.29,853871,3440416991.51
2026-01-14,CUPID,EQ,INE509F01029,CUPID LIMITED,87.96,93.79,87.2,92.97,87.77,5.92,55034740,5116579844.98
2026-01-14,CYIENT,EQ,INE136B01020,CYIENT LIMITED,1175.0,1185.2,1161.1,1175.9,1175.0,0.08,255742,300727024.04
2026-01-14,CYIENTDLM,EQ,INE055S01018,CYIENT DLM LIMITED,398.1,402.5,393.4,397.3,399.85,-0.64,96304,38261578.02
2026-01-14,DABUR,EQ,INE016A01026,DABUR INDIA LTD,518.1,523.7,511.1,513.75,522.05,-1.59,798936,410453370.0
2026-01-14,DALBHARAT,EQ,INE00R701025,DALMIA BHARAT LIMITED,2105.0,2183.9,2092.1,2177.3,2105.5,3.41,485036,1056068906.48
2026-01-14,DALMIASUG,EQ,INE495A01022,DALMIA BHARAT SUG IN LTD,277.5,284.8,276.0,282.35,278.8,1.27,43700,12338695.27
2026-01-14,DAMCAPITAL,EQ,INE284H01025,DAM CAPITAL ADVISORS LTD,208.4,209.89,204.01,205.04,208.22,-1.53,262102,53741392.32
2026-01-14,DANGEE,EQ,INE688Y01022,DANGEE DUMS LIMITED,3.49,3.51,3.4,3.41,3.48,-2.01,65467,223242.48
2026-01-14,DATAMATICS,EQ,INE365B01017,DATAMATICS GLOBAL SER LTD,735.05,741.3,702.6,710.8,735.7,-3.38,93004,66107242.06
2026-01-14,DATAPATTNS,EQ,INE0IX101010,DATA PATTERNS INDIA LTD,2582.0,2663.4,2571.1,2578.5,2591.5,-0.5,350858,904687353.0
2026-01-14,DAVANGERE,EQ,INE179G01029,DAVANGERE SUGAR COMPANY L,4.92,5.07,4.72,5.04,4.89,3.07,86323247,435069161.59
2026-01-14,DBCORP,EQ,INE950I01011,D.B.CORP LTD,244.1,246.1,242.2,244.65,244.6,0.02,23570,5766400.36
2026-01-14,DBEIL,EQ,INE0OPA01027,DEEPAK BUILDERS & ENG I L,10.4,10.7,10.39,10.52,10.38,1.37,422230,4443970.59
2026-01-14,DBL,EQ,INE917M01012,DILIP BUILDCON LIMITED,471.0,475.75,466.65,473.1,470.8,0.49,111430,52717533.68
2026-01-14,DBOL,EQ,INE0I3401014,DHAMPUR BIO ORGANICS LTD,78.35,79.19,77.9,78.23,79.2,-1.22,25001,1955828.31
2026-01-14,DBREALTY,EQ,INE879I01012,VALOR ESTATE LIMITED,110.0,110.5,107.9,108.7,109.54,-0.77,701678,76272396.46
2026-01-14,DCAL,EQ,INE385W01011,DISHMAN CARBO AMCIS LTD,261.0,263.15,253.14,254.11,263.33,-3.5,150897,38344436.76
2026-01-14,DCBBANK,EQ,INE503A01015,DCB BANK LIMITED,184.44,187.0,183.2,186.48,184.44,1.11,4062740,757619737.84
2026-01-14,DCI,EQ,INE0A1101019,DC INFOTECH AND COMUN LTD,240.5,245.95,234.9,237.12,242.6,-2.26,8262,1959085.4
2026-01-14,DCM,EQ,INE498A01018,DCM LTD,87.0,88.0,87.0,87.82,87.7,0.14,5259,461845.38
2026-01-14,DCMFINSERV,EQ,INE891B01012,DCM FINANCIAL SERVICES LT,4.75,5.78,4.26,4.85,4.82,0.62,426732,2069650.16
2026-01-14,DCMNVL,EQ,INE08KP01019,DCM NOUVELLE LIMITED,126.6,130.98,123.98,125.79,128.59,-2.18,9488,1193495.53
2026-01-14,DCMSHRIRAM,EQ,INE499A01024,DCM SHRIRAM LIMITED,1170.7,1189.0,1170.7,1181.1,1179.2,0.16,18105,21383815.06
2026-01-14,DCMSRIND,EQ,INE843D01027,DCM SHRIRAM IND LTD,45.53,45.9,44.74,45.37,45.51,-0.31,96274,4367951.28
2026-01-14,DCW,EQ,INE500A01029,DCW LTD,53.71,54.69,52.85,52.96,53.79,-1.54,613123,32470993.52
2026-01-14,DCXINDIA,EQ,INE0KL801015,DCX SYSTEMS LIMITED,179.17,187.0,178.35,180.36,179.52,0.47,931410,167989108.17
2026-01-14,DDEVPLSTIK,EQ,INE0HR601026,DDEV PLASTIKS IND LTD,282.0,289.95,282.0,289.45,282.25,2.55,41664,12059645.31
2026-01-14,DECCANCE,EQ,INE583C01021,DECCAN CEMENTS LIMITED,692.8,692.8,674.4,679.5,682.7,-0.47,10662,7244829.0
2026-01-14,DEEDEV,EQ,INE841L01016,DEE DEVELOPMENT ENG LTD,213.3,215.11,208.0,208.7,213.39,-2.2,103840,21671407.68
2026-01-14,DEEPAKFERT,EQ,INE501A01019,DEEPAK FERTILIZERS & PETR,1214.5,1232.5,1211.3,1216.8,1224.5,-0.63,113389,137971740.74
2026-01-14,DEEPAKNTR,EQ,INE288B01029,DEEPAK NITRITE LTD,1568.0,1584.0,1560.4,1564.0,1571.2,-0.46,58920,92150880.0
2026-01-14,DEEPINDS,EQ,INE0FHS01024,DEEP INDUSTRIES LIMITED,378.0,387.95,377.8,382.45,378.0,1.18,98617,37716072.85
2026-01-14,DELHIVERY,EQ,INE148O01028,DELHIVERY LIMITED,394.55,405.8,392.15,403.65,396.85,1.71,1178602,475742690.11
2026-01-14,DELTACORP,EQ,INE124G01033,DELTA CORP LIMITED,69.65,73.6,69.64,72.74,69.32,4.93,4680088,340429591.12
2026-01-14,DELTAMAGNT,EQ,INE393A01011,DELTA MANUFACTURING LTD,65.06,67.18,65.06,66.55,67.18,-0.94,2567,170833.86
2026-01-14,DEN,EQ,INE947J01015,DEN NETWORKS LTD,30.54,30.64,30.0,30.25,30.55,-0.98,267752,8099498.0
2026-01-14,DENORA,EQ,INE244A01016,DE NORA INDIA LIMITED,639.0,651.75,623.8,634.45,645.05,-1.64,2523,1600717.38
2026-01-14,DENTA,EQ,INE0R4L01018,DENTA WATER N INFRA SOL L,310.0,312.75,303.5,304.55,308.9,-1.41,103162,31417985.84
2026-01-14,DEVIT,EQ,INE060X01034,DEV INFO TECHNOLOGY LTD,33.2,34.45,33.2,33.6,33.22,1.14,41580,1397087.94
2026-01-14,DEVX,EQ,INE0VOV01021,DEV ACCELERATOR LIMITED,39.3,39.8,37.9,38.52,39.04,-1.33,376581,14505900.29
2026-01-14,DEVYANI,EQ,INE872J01023,DEVYANI INTERNATIONAL LTD,134.9,136.0,133.81,134.79,134.92,-0.1,651771,87852208.71
2026-01-14,DGCONTENT,EQ,INE03JI01017,DIGICONTENT LIMITED,32.88,32.97,31.02,32.0,32.36,-1.11,8108,259456.0
2026-01-14,DHAMPURSUG,EQ,INE041A01016,DHAMPUR SUGAR MILLS LTD.,119.59,119.63,116.8,118.05,118.52,-0.4,146038,17239786.35
2026-01-14,DHANBANK,EQ,INE680A01011,DHANLAXMI BANK LIMITED,24.8,25.62,24.8,25.26,24.87,1.57,504957,12755213.94
2026-01-14,DHANUKA,EQ,INE435G01025,DHANUKA AGRITECH LTD,1072.5,1098.4,1068.2,1087.7,1071.2,1.54,26126,28417248.92
2026-01-14,DHARMAJ,EQ,INE00OQ01016,DHARMAJ CROP GUARD LTD,238.0,244.47,236.21,242.04,237.81,1.78,16459,3983736.25
2026-01-14,DHRUV,EQ,INE506Z01015,DHRUV CONSULTANCY SER LTD,44.95,44.95,43.11,43.82,44.95,-2.51,3094,135579.08
2026-01-14,DHUNINV,EQ,INE320L01011,DHUNSERI INVESTMENTS LTD,1163.9,1164.0,1106.7,1135.7,1136.6,-0.08,709,805211.27
2026-01-14,DIAMINESQ,EQ,INE591D01014,DIAMINES & CHEMICALS LTD,262.0,262.0,255.7,256.75,258.2,-0.56,2588,664469.0
2026-01-14,DIAMONDYD,EQ,INE393P01035,PRATAAP SNACKS LIMITED,1148.6,1154.3,1135.0,1145.9,1151.5,-0.49,32624,37383842.4
2026-01-14,DICIND,EQ,INE303A01010,DIC INDIA LIMITED,474.0,474.0,461.0,461.5,463.45,-0.42,295,136142.5
2026-01-14,DIFFNKG,EQ,INE184O01015,DIFFUSION ENGINEERS LTD,301.75,307.95,293.05,294.6,301.75,-2.37,31112,9165595.39
2026-01-14,DIGIDRIVE,EQ,INE0PSC01024,DIGIDRIVE DISTRIBUTORS L,26.23,26.71,26.01,26.13,26.23,-0.38,6810,177945.29
2026-01-14,DIGISPICE,EQ,INE927C01020,DIGISPICE TECHNOLOGIES LT,22.99,22.99,22.1,22.37,22.66,-1.28,78819,1763181.1
2026-01-14,DIGITIDE,EQ,INE0U4701011,DIGITIDE SOLUTIONS LTD,121.4,125.09,121.4,123.63,123.09,0.44,127524,15765791.77
2026-01-14,DISHTV,EQ,INE836F01026,DISH TV INDIA LTD.,3.83,3.88,3.75,3.83,3.82,0.26,3001034,11493959.99
2026-01-14,DIVGIITTS,EQ,INE753U01022,DIVGI TORQTRANSFER SYST L,604.95,609.9,588.9,594.35,587.5,1.17,3219,1913212.57
2026-01-14,DIVISLAB,EQ,INE361B01024,DIVI S LABORATORIES LTD,6405.0,6462.0,6345.5,6355.5,6436.5,-1.26,524643,3334368586.5
2026-01-14,DIVOPPBEES,EQ,INF204KA1MS3,NIP IND ETF DIV OPP,81.22,83.31,81.22,82.97,82.69,0.34,37207,3087064.84
2026-01-14,DIXON,EQ,INE935N01020,DIXON TECHNO (INDIA) LTD,11260.0,11526.0,11055.0,11103.0,11238.0,-1.2,928937,10313987511.0
2026-01-14,DJML,EQ,INE0B1K01014,DJ MEDIAPRINT & LOG LTD,70.0,74.79,69.44,71.95,70.2,2.49,553849,39849433.86
2026-01-14,DLF,EQ,INE271C01023,DLF LIMITED,652.0,654.45,642.3,651.05,652.4,-0.21,7138253,4647359528.51
2026-01-14,DLINKINDIA,EQ,INE250K01012,D-LINK INDIA LTD,407.0,410.5,402.2,409.25,409.95,-0.17,30356,12423193.0
2026-01-14,DMART,EQ,INE192R01011,AVENUE SUPERMARTS LIMITED,3822.0,3889.8,3811.8,3830.3,3826.9,0.09,495104,1896396875.38
2026-01-14,DMCC,EQ,INE505A01010,DMCC SPECIALITY CHEMICALS,237.0,237.0,225.95,226.3,231.05,-2.06,33634,7611374.3
2026-01-14,DNAMEDIA,EQ,INE016M01021,DILIGENT MEDIA CORP LTD.,3.93,4.46,3.93,4.46,3.72,19.89,552976,2466272.98
2026-01-14,DODLA,EQ,INE021O01019,DODLA DAIRY LIMITED,1216.5,1230.3,1209.2,1218.8,1219.6,-0.07,20780,25326665.01
2026-01-14,DOLATALGO,EQ,INE966A01022,DOLAT ALGOTECH LIMITED,87.55,88.82,87.35,87.62,87.79,-0.19,159930,14013067.04
2026-01-14,DOLLAR,EQ,INE325C01035,DOLLAR INDUSTRIES LIMITED,331.15,336.7,331.15,335.2,333.65,0.46,10013,3356357.72
2026-01-14,DOLLEX,EQ,INE0JHH01011,DOLLEX AGROTECH LIMITED,38.2,39.3,38.0,38.0,39.5,-3.8,28000,1064000.0
2026-01-14,DOLPHIN,EQ,INE920A01037,DOLPHIN OFF ENT (IND) L,438.2,456.95,438.2,449.8,446.1,0.83,4034,1814493.15
2026-01-14,DOMS,EQ,INE321T01012,DOMS INDUSTRIES LIMITED,2450.0,2539.4,2450.0,2517.2,2452.6,2.63,48262,121485104.04
2026-01-14,DONEAR,EQ,INE668D01028,DONEAR IND. LIMITED,88.77,89.0,86.7,87.61,88.85,-1.4,10083,883371.64
2026-01-14,DPABHUSHAN,EQ,INE266Y01019,D. P. ABHUSHAN LIMITED,1427.8,1456.0,1420.3,1427.9,1426.5,0.1,5599,7994812.24
2026-01-14,DRCSYSTEMS,EQ,INE03RS01027,DRC SYSTEMS INDIA LIMITED,17.3,17.3,16.5,16.75,16.77,-0.12,18432,308736.0
2026-01-14,DREAMFOLKS,EQ,INE0JS101016,DREAMFOLKS SERVICES LTD,101.5,104.5,101.0,101.76,101.92,-0.16,93080,9471821.0
2026-01-14,DREDGECORP,EQ,INE506A01018,DREDGING CORP OF INDIA,1100.0,1159.0,1090.2,1130.25,1105.0,2.29,1697758,1918890979.5
2026-01-14,DRREDDY,EQ,INE089A01031,DR. REDDY S LABORATORIES,1191.1,1195.0,1176.1,1186.5,1191.3,-0.4,2834908,3363618342.0
2026-01-14,DSSL,EQ,INE417B01040,DYNACONS SYS & SOLN LTD,1020.0,1022.1,1001.2,1007.5,1019.0,-1.13,20653,20807897.5
2026-01-14,DUCON,EQ,INE741L01018,DUCON INFRATECHNOLOGIES L,3.23,3.65,3.16,3.54,3.16,12.03,1122331,3973051.7
2026-01-14,DVL,EQ,INE477B01010,DHUNSERI VENTURES LIMITED,268.3,274.7,267.55,272.1,270.8,0.48,4959,1349343.93
2026-01-14,DWARKESH,EQ,INE366A01041,DWARIKESH SUGAR IND LTD,34.7,35.45,34.5,35.22,34.7,1.5,304248,10715614.93
2026-01-14,DYCL,EQ,INE600Y01019,DYNAMIC CABLES LIMITED,314.0,316.65,311.0,312.05,310.65,0.45,77140,24071536.06
2026-01-14,DYNAMATECH,EQ,INE221B01012,DYNAMATIC TECHNOLOGIES,9020.0,9171.0,8910.0,9105.5,9062.5,0.47,16118,146762449.0
2026-01-14,DYNPRO,EQ,INE256H01015,DYNEMIC PRODUCTS LIMITED,227.8,234.5,225.95,232.1,227.75,1.91,13945,3236634.59
2026-01-14,EASEMYTRIP,EQ,INE07O001026,EASY TRIP PLANNERS LTD,7.1,7.12,7.03,7.04,7.09,-0.71,5825108,41008760.1
2026-01-14,EBANKNIFTY,EQ,INF754K01TE4,EDELAMC - EBANKNIFTY,60.39,60.39,59.78,60.0,60.09,-0.15,628,37680.0
2026-01-14,EBBETF0430,EQ,INF754K01KO2,EDELAMC - EBBETF0430,1567.0,1567.0,1559.04,1560.45,1563.1,-0.17,6142,9584283.6
2026-01-14,EBBETF0431,EQ,INF754K01LE1,EDELAMC - EBBETF0431,1398.93,1399.14,1393.76,1398.55,1396.71,0.13,6407,8960510.16
2026-01-14,EBBETF0433,EQ,INF754K01QX0,EDELAMC - EBBETF0433,1272.27,1276.5,1272.26,1275.02,1275.8,-0.06,5043,6429925.96
2026-01-14,EBGNG,EQ,INE18JU01028,GNG ELECTRONICS LIMITED,287.0,287.0,277.5,279.6,285.0,-1.89,57399,16048760.75
2026-01-14,ECAPINSURE,EQ,INF754K01TX4,EDELAMC - ECAPINSURE,24.39,24.46,23.87,24.12,23.92,0.84,181941,4388417.07
2026-01-14,ECLERX,EQ,INE738I01010,ECLERX SERVICES LTD,2295.15,2333.95,2285.75,2301.3,2297.1,0.18,76536,176132300.54
2026-01-14,ECOSMOBLTY,EQ,INE06HJ01020,ECOS (INDIA) MOB & HOSP L,186.4,192.0,183.07,184.9,187.8,-1.54,71026,13132706.97
2026-01-14,EDELWEISS,EQ,INE532F01054,EDELWEISS FIN SERV LTD,104.45,107.14,104.45,105.74,104.45,1.24,2288907,242029021.29
2026-01-14,EFCIL,EQ,INE886D01026,EFC (I) LIMITED,289.6,289.75,280.1,280.8,286.15,-1.87,421293,118299069.26
2026-01-14,EGOLD,EQ,INF754K01SE6,EDELAMC - EGOLD,141.5,143.25,141.05,142.6,140.8,1.28,1531267,218358683.55
2026-01-14,EICHERMOT,EQ,INE066A01021,EICHER MOTORS LTD,7390.0,7390.0,7236.0,7358.0,7404.0,-0.62,426082,3135111356.0
2026-01-14,EIDPARRY,EQ,INE126A01031,EID PARRY INDIA LTD,942.5,951.4,932.5,943.0,942.5,0.05,519478,489867754.0
2026-01-14,EIEL,EQ,INE0LLY01014,ENVIRO INFRA ENGINEERS L,190.5,190.5,186.54,187.16,189.32,-1.14,318702,59648267.49
2026-01-14,EIHAHOTELS,EQ,INE276C01014,EIH ASSOCIATED HOTELS LTD,335.0,347.9,335.0,341.65,338.2,1.02,14207,4853821.46
2026-01-14,EIHOTEL,EQ,INE230A01023,EIH LIMITED,345.05,348.4,343.85,344.85,346.3,-0.42,746477,257422598.01
2026-01-14,EIMCOELECO,EQ,INE158B01016,EIMCO ELECON (INDIA) LTD,1550.0,1620.1,1534.1,1558.9,1556.8,0.13,45664,71185610.71
2026-01-14,EKC,EQ,INE184H01027,EVEREST KANTO CYLINDERLTD,108.42,110.23,108.0,108.26,109.46,-1.1,148989,16129549.46
2026-01-14,ELDEHSG,EQ,INE668G01021,ELDECO HSG & IND LTD.,921.65,945.0,880.15,928.3,904.65,2.61,750,696224.99
2026-01-14,ELECON,EQ,INE205B01031,ELECON ENG. CO. LTD,401.95,405.35,391.95,395.95,400.6,-1.16,1105071,437552875.94
2026-01-14,ELECTCAST,EQ,INE086A01029,ELECTROSTEEL CASTINGS LTD,70.39,75.1,70.29,72.16,70.32,2.62,4079086,294346860.7
2026-01-14,ELECTHERM,EQ,INE822G01016,ELECTROTHERM (I) LTD.,885.0,895.55,873.75,880.75,881.1,-0.04,14571,12833408.25
2026-01-14,ELGIEQUIP,EQ,INE285A01027,ELGI EQUIPMENTS LTD,438.0,445.2,437.75,439.25,440.2,-0.22,156577,68776447.25
2026-01-14,ELGIRUBCO,EQ,INE819L01012,ELGI RUBBER CO. LTD,41.1,42.61,41.1,42.2,42.65,-1.06,12431,524588.21
2026-01-14,ELIN,EQ,INE050401020,ELIN ELECTRONICS LIMITED,148.0,152.25,145.0,146.72,148.65,-1.3,36087,5294684.68
2026-01-14,ELIQUID,EQ,INF754K01VW2,EDELAMC - ELIQUID,1014.5,1014.5,1014.5,1014.5,1014.36,0.01,0,0.0
2026-01-14,ELLEN,EQ,INE236E01022,ELLENBARRIE INDUS GASES L,283.7,283.7,272.55,274.8,281.05,-2.22,161790,44459890.03
2026-01-14,EMAMILTD,EQ,INE548C01032,EMAMI LIMITED,508.0,511.35,499.65,501.95,510.55,-1.68,431091,216386132.71
2026-01-14,EMAMIREAL,EQ,INE778K01012,EMAMI REALTY LIMITED,77.28,79.45,77.01,77.76,77.24,0.67,4826,375269.77
2026-01-14,EMBDL,EQ,INE069I01010,EMBASSY DEVELOPMENTS LTD,71.95,72.2,68.37,69.24,71.96,-3.78,2496219,172838198.23
2026-01-14,EMCURE,EQ,INE168P01015,EMCURE PHARMACEUTICALS L,1550.5,1575.0,1539.2,1570.6,1550.6,1.29,310254,487284924.83
2026-01-14,EMIL,EQ,INE02YR01019,ELECTRONICS MART IND LTD,99.07,99.07,95.55,95.96,98.65,-2.73,1153002,110642070.86
2026-01-14,EMKAY,EQ,INE296H01011,EMKAY GLOBAL FIN SERV LTD,265.0,279.95,257.1,271.5,264.4,2.69,19456,5282304.0
2026-01-14,EMMVEE,EQ,INE1C6T01020,EMMVEE PHOTOVOLTAIC PWR L,214.7,220.94,213.14,218.35,212.08,2.96,3600791,786232736.83
2026-01-14,EMSLIMITED,EQ,INE0OV601013,EMS LIMITED,385.0,388.7,379.5,380.05,387.6,-1.95,93038,35359090.76
2026-01-14,EMUDHRA,EQ,INE01QM01018,EMUDHRA LIMITED,558.75,561.4,550.0,557.05,560.6,-0.63,32189,17930882.06
2026-01-14,EMULTIMQ,EQ,INF754K01TF1,EDELAMC - EMULTIMQ,41.37,41.51,41.1,41.32,41.18,0.34,78218,3231967.74
2026-01-14,ENDURANCE,EQ,INE913H01037,ENDURANCE TECHNO. LTD.,2600.0,2621.2,2502.0,2520.4,2587.8,-2.6,69941,176279289.57
2026-01-14,ENERGY,EQ,INF769K01PR2,MIRAEAMC - ENERGY,34.63,34.63,34.63,34.63,34.42,0.6,0,0.0
2026-01-14,ENERGYDEV,EQ,INE306C01019,ENERGY DEVE. CO.LTD,18.16,18.49,17.85,18.12,18.28,-0.88,18816,340945.94
2026-01-14,ENGINERSIN,EQ,INE510A01028,ENGINEERS INDIA LTD,193.88,197.8,193.88,196.81,193.88,1.51,1074963,211563465.41
2026-01-14,ENIL,EQ,INE265F01028,ENTERTAIN NET. IND. LTD.,117.06,121.9,116.61,120.28,118.01,1.92,32850,3951197.96
2026-01-14,ENRIN,EQ,INE1NPP01017,SIEMENS ENERGY INDIA LTD,2404.0,2424.5,2339.0,2363.5,2404.4,-1.7,729905,1725130467.5
2026-01-14,ENTERO,EQ,INE010601016,ENTERO HEALTHCARE SOLU L,1224.9,1227.4,1201.3,1211.3,1223.7,-1.01,59848,72493885.32
2026-01-14,EPACK,EQ,INE0G5901015,EPACK DURABLE LIMITED,270.8,271.75,267.0,270.1,272.15,-0.75,231908,62638352.22
2026-01-14,EPACKPEB,EQ,INE0MLS01022,EPACK PREFAB TECHN LTD,249.0,254.4,244.55,247.25,249.65,-0.96,464238,114782845.5
2026-01-14,EPIGRAL,EQ,INE071N01016,EPIGRAL LIMITED,1178.0,1212.0,1154.8,1173.9,1161.5,1.07,75817,89001578.15
2026-01-14,EPL,EQ,INE255A01020,EPL LIMITED,206.85,208.5,205.66,206.99,205.99,0.49,214731,44447170.87
2026-01-14,EQUAL200,EQ,INF769K01OA1,MIRAEAMC - EQUAL200,13.31,13.31,13.31,13.31,13.29,0.17,0,0.0
2026-01-14,EQUAL50,EQ,INF769K01OO2,MIRAEAMC - EQUAL50,333.44,333.44,333.44,333.44,333.62,-0.05,0,0.0
2026-01-14,EQUAL50ADD,EQ,INF740KA1QK2,DSPAMC - DSPNEWETF,343.49,345.55,343.24,344.2,344.47,-0.08,6626,2280669.28
2026-01-14,EQUITASBNK,EQ,INE063P01018,EQUITAS SMALL FIN BNK LTD,68.01,69.89,67.51,69.24,68.01,1.81,4952765,342929438.02
2026-01-14,ERIS,EQ,INE406M01024,ERIS LIFESCIENCES LIMITED,1477.1,1480.8,1464.2,1473.9,1477.1,-0.22,32928,48532580.0
2026-01-14,ESABINDIA,EQ,INE284A01012,ESAB INDIA LTD,5625.5,5770.0,5558.0,5680.5,5628.0,0.93,5783,32850331.5
2026-01-14,ESCORTS,EQ,INE042A01014,ESCORTS KUBOTA LIMITED,3713.0,3720.1,3655.0,3690.0,3722.6,-0.88,64350,237451500.0
2026-01-14,ESG,EQ,INF769K01GS9,MIRAEAMC - MAESGETF,43.95,44.06,43.8,43.93,43.95,-0.05,6276,275704.68
2026-01-14,ESILVER,EQ,INF754K01SF3,EDELAMC - ESILVER,264.5,279.5,264.5,275.83,260.49,5.89,360587,99460707.37
2026-01-14,ESSARSHPNG,EQ,INE122M01019,ESSAR SHIPPING LTD,24.41,25.2,24.41,24.97,24.79,0.73,60135,1501570.91
2026-01-14,ESSENTIA,EQ,INE418N01035,INTEGRA ESSENTIA LIMITED,1.45,1.53,1.42,1.5,1.45,3.45,1794782,2692173.0
2026-01-14,ESTER,EQ,INE778B01029,ESTER INDUSTRIES LTD,94.75,94.87,91.58,92.39,94.84,-2.58,61357,5668773.19
2026-01-14,ETERNAL,EQ,INE758T01015,ETERNAL LIMITED,292.5,299.9,291.0,299.25,294.55,1.6,48489262,14510411653.5
2026-01-14,ETHOSLTD,EQ,INE04TZ01018,ETHOS LIMITED,2700.0,2732.4,2660.2,2677.9,2710.8,-1.21,20537,54996030.29
2026-01-14,EUREKAFORB,EQ,INE0KCE01017,EUREKA FORBES LIMITED,573.95,573.95,565.3,566.75,569.8,-0.54,46632,26428686.0
2026-01-14,EUROBOND,EQ,INE505V01016,EURO PANEL PRODUCTS LTD,192.99,192.99,175.02,181.23,177.41,2.15,10974,1988817.97
2026-01-14,EUROPRATIK,EQ,INE198501012,EURO PRATIK SALES LIMITED,279.4,282.95,266.0,268.65,278.05,-3.38,144985,38950219.37
2026-01-14,EVEREADY,EQ,INE128A01029,EVEREADY INDS. IND.  LTD.,331.0,334.6,323.0,328.25,328.85,-0.18,50067,16434492.75
2026-01-14,EVINDIA,EQ,INF769K01LQ3,MIRAEAMC - EVINDIA,31.06,31.06,30.72,30.81,30.98,-0.55,191943,5913763.73
2026-01-14,EXCELINDUS,EQ,INE369A01029,EXCEL INDUSTRIES LTD,943.2,943.2,901.7,915.45,931.65,-1.74,6405,5863457.33
2026-01-14,EXCELSOFT,EQ,INE606N01019,EXCELSOFT TECHNOLOGIES L,81.95,83.14,81.95,82.24,82.45,-0.25,657807,54098046.27
2026-01-14,EXICOM,EQ,INE777F01014,EXICOM TELE SYSTEMS LTD,105.43,106.79,104.31,104.85,105.43,-0.55,165162,17317235.45
2026-01-14,EXIDEIND,EQ,INE302A01020,EXIDE INDUSTRIES LTD,345.0,346.45,342.75,345.35,346.0,-0.19,989702,341793591.74
2026-01-14,EXPLEOSOL,EQ,INE201K01015,EXPLEO SOLUTIONS LIMITED,939.7,944.7,931.0,938.05,935.25,0.3,7655,7180772.66
2026-01-14,EXXARO,EQ,INE0GFE01026,EXXARO TILES LIMITED,7.82,7.82,7.55,7.64,7.62,0.26,143389,1095491.94
2026-01-14,FABTECH,EQ,INE0HF201011,FABTECH TECHNOLOGIES LTD,186.2,190.75,186.2,188.19,189.06,-0.46,133733,25167213.6
2026-01-14,FACT,EQ,INE188A01015,FACT LTD,864.0,877.0,850.5,852.85,868.05,-1.75,139493,118966601.64
2026-01-14,FAZE3Q,EQ,INE963C01033,FAZE THREE LIMITED,369.6,406.5,369.6,373.3,369.55,1.01,576419,215177205.66
2026-01-14,FCL,EQ,INE045J01034,FINEOTEX CHEMICAL LIMITED,23.01,23.08,22.67,22.74,23.12,-1.64,1096173,24926973.77
2026-01-14,FCSSOFT,EQ,INE512B01022,FCS SOFTWARE SOLN. LTD.,1.75,1.77,1.7,1.74,1.74,0.0,2153212,3746588.9
2026-01-14,FDC,EQ,INE258B01022,FDC LIMITED,393.0,393.3,388.0,389.85,391.55,-0.43,38398,14969460.53
2026-01-14,FEDERALBNK,EQ,INE171A01029,FEDERAL BANK LTD,248.5,248.5,242.3,246.85,249.3,-0.98,11287769,2786385846.55
2026-01-14,FEDFINA,EQ,INE007N01010,FEDBANK FINANCIAL SER L,162.29,178.48,159.1,176.39,162.1,8.82,6886876,1214776053.44
2026-01-14,FIBERWEB,EQ,INE296C01020,FIBERWEB INDIA LIMITED,33.04,33.59,32.1,32.5,33.04,-1.63,16493,536022.5
2026-01-14,FIEMIND,EQ,INE737H01014,FIEM INDUSTRIES LIMITED,2255.7,2260.4,2188.9,2251.8,2255.7,-0.17,64033,144189512.53
2026-01-14,FILATEX,EQ,INE816B01035,FILATEX INDIA LTD,45.7,46.2,45.3,45.77,45.86,-0.2,240898,11025901.57
2026-01-14,FILATFASH,EQ,INE185E01021,FILATEX FASHIONS LIMITED,0.31,0.32,0.3,0.31,0.3,3.33,23161967,7180209.83
2026-01-14,FINCABLES,EQ,INE235A01022,FINOLEX CABLES LTD,760.0,783.05,760.0,776.9,761.85,1.98,137226,106610882.75
2026-01-14,FINEORG,EQ,INE686Y01026,FINE ORGANIC IND. LTD.,4211.9,4244.0,4177.3,4211.9,4209.8,0.05,4969,20928930.61
2026-01-14,FINIETF,EQ,INF109KC17L8,ICICIPRAMC-ICICIFIN,32.29,32.44,32.05,32.29,32.17,0.37,284489,9186150.07
2026-01-14,FINKURVE,EQ,INE734I01027,FINKURVE FINANCIAL SERV L,103.0,103.0,93.85,95.92,95.45,0.49,8162,782899.03
2026-01-14,FINOPB,EQ,INE02NC01014,FINO PAYMENTS BANK LTD,240.65,242.5,235.05,241.35,240.2,0.48,103377,24950039.58
2026-01-14,FINPIPE,EQ,INE183A01024,FINOLEX INDUSTRIES LTD,173.15,177.0,173.05,175.51,174.01,0.86,228130,40039095.05
2026-01-14,FIRSTCRY,EQ,INE02RE01045,BRAINBEES SOLUTIONS LTD,268.05,274.85,257.4,269.95,269.1,0.32,3464886,935346018.0
2026-01-14,FISCHER,EQ,INE771F01041,FISCHER MEDICAL VENTURE L,40.1,41.12,38.55,39.07,40.07,-2.5,1604645,62693479.66
2026-01-14,FIVESTAR,EQ,INE128S01021,FIVE-STAR BUS FIN LTD,515.45,518.8,512.5,513.45,518.2,-0.92,451329,231734880.56
2026-01-14,FLAIR,EQ,INE00Y201027,FLAIR WRITING INDUST LTD,316.65,323.6,316.65,319.4,318.0,0.44,80471,25702436.91
2026-01-14,FLUOROCHEM,EQ,INE09N301011,GUJARAT FLUOROCHEM LTD,3470.0,3488.4,3372.5,3397.8,3454.5,-1.64,46601,158340880.08
2026-01-14,FMCGIETF,EQ,INF109KC19V3,ICICIPRAMC - ICICIFMCG,57.7,57.7,55.75,55.77,56.3,-0.94,12400620,691582583.08
2026-01-14,FMGOETZE,EQ,INE529A01010,FEDERAL-MOGUL GOETZE (IND,451.4,451.4,443.0,446.95,446.85,0.02,17172,7675025.61
2026-01-14,FMNL,EQ,INE360L01017,FUTURE MKT NETWORKS LTD,8.2,8.35,8.03,8.07,8.25,-2.18,38044,307015.07
2026-01-14,FOODSIN,EQ,INE976E01023,FOODS & INNS LIMITED,64.59,64.85,63.64,64.4,64.48,-0.12,69403,4469553.31
2026-01-14,FORCEMOT,EQ,INE451A01017,FORCE MOTORS LIMITED,20095.0,20590.0,19950.0,20495.0,20095.0,1.99,53127,1088837865.0
2026-01-14,FORTIS,EQ,INE061F01013,FORTIS HEALTHCARE LTD,908.0,917.05,903.0,909.95,908.0,0.21,2425030,2206656078.1
2026-01-14,FOSECOIND,EQ,INE519A01011,FOSECO INDIA LTD,4662.0,4710.4,4610.0,4639.6,4711.4,-1.52,886,4110685.69
2026-01-14,FSL,EQ,INE684F01012,FIRSTSOURCE SOLU. LTD.,322.05,322.65,316.25,320.0,322.05,-0.64,650761,208243520.0
2026-01-14,FUSION,EQ,INE139R01012,FUSION FINANCE LIMITED,164.0,172.11,164.0,167.07,165.13,1.17,435371,72737436.16
2026-01-14,GABRIEL,EQ,INE524A01029,GABRIEL INDIA LTD,952.5,953.4,925.2,932.7,952.6,-2.09,253109,236074767.39
2026-01-14,GAEL,EQ,INE036B01030,GUJARAT AMBUJA EXPORTS LT,138.5,141.98,135.95,140.19,138.07,1.54,1214858,170310945.99
2026-01-14,GAIL,EQ,INE129A01019,GAIL (INDIA) LTD,164.99,166.55,164.25,165.17,165.26,-0.05,12730825,2102750341.94
2026-01-14,GALAPREC,EQ,INE0RE001014,GALA PRECISION ENG LTD,735.15,742.05,725.0,734.75,735.9,-0.16,4841,3556924.75
2026-01-14,GALAXYSURF,EQ,INE600K01018,GALAXY SURFACTANTS LTD,1872.1,1911.0,1865.0,1896.9,1874.5,1.19,16188,30707017.6
2026-01-14,GALLANTT,EQ,INE297H01019,GALLANTT ISPAT LIMITED,550.25,567.0,545.3,557.0,557.95,-0.17,57959,32283163.0
2026-01-14,GANDHAR,EQ,INE717W01049,GANDHAR OIL REFINE IND L,159.0,159.85,152.6,153.99,161.69,-4.76,788937,121488412.96
2026-01-14,GANDHITUBE,EQ,INE524B01027,GANDHI SPL. TUBES LTD,745.0,761.9,742.2,754.55,751.05,0.47,2248,1696228.37
2026-01-14,GANECOS,EQ,INE845D01014,GANESHA ECOSPHERE LIMITED,771.25,774.0,733.6,742.3,776.8,-4.44,106434,79005956.9
2026-01-14,GANESHCP,EQ,INE652V01016,GANESH CONSUMER PRODUCT L,209.0,209.0,203.05,204.17,209.33,-2.47,90716,18521485.55
2026-01-14,GANESHHOU,EQ,INE460C01014,GANESH HOUSING LIMITED,763.85,763.85,742.0,747.45,766.75,-2.52,37339,27909036.01
2026-01-14,GANGAFORGE,EQ,INE691Z01023,GANGA FORGING LIMITED,3.26,3.35,3.26,3.32,3.33,-0.3,80622,267665.03
2026-01-14,GANGESSECU,EQ,INE335W01016,GANGES SECURITIES LIMITED,123.81,130.55,123.8,126.41,126.55,-0.11,2104,265966.65
2026-01-14,GARFIBRES,EQ,INE276A01018,GARWARE TECH FIBRES LTD,640.0,644.65,618.75,635.0,644.45,-1.47,91040,57810400.0
2026-01-14,GARUDA,EQ,INE0JVO01026,GARUDA CONSTRUCT N ENG L,188.35,191.5,182.55,187.8,194.7,-3.54,8518081,1599695637.8
2026-01-14,GATEWAY,EQ,INE079J01017,GATEWAY DISTRIPARKS LTD,56.42,56.94,56.3,56.41,56.28,0.23,323074,18224604.29
2026-01-14,GAYAHWS,EQ,INE287Z01012,GAYATRI HIGHWAYS LIMITED,2.68,2.74,2.6,2.67,2.68,-0.37,199537,532763.81
2026-01-14,GAYAPROJ,EQ,INE336H01023,GAYATRI PROJECTS LTD,12.1,12.1,12.1,12.1,12.1,0.0,0,0.0
2026-01-14,GCSL,EQ,INE199P01028,GRETEX CORPORATE SERVICES,320.0,333.95,310.9,333.95,324.5,2.91,90,30055.5
2026-01-14,GEEKAYWIRE,EQ,INE669X01032,GEEKAY WIRES LIMITED,31.23,31.87,30.72,31.17,31.23,-0.19,56701,1767370.17
2026-01-14,GEMAROMA,EQ,INE06XZ01023,GEM AROMATICS LIMITED,152.0,152.0,149.11,150.12,150.43,-0.21,177146,26593156.66
2026-01-14,GENCON,EQ,INE854S01022,GENERIC ENG CONS PROJ LTD,44.52,46.49,44.41,44.99,44.53,1.03,215416,9691566.2
2026-01-14,GENESYS,EQ,INE727B01026,GENESYS INTL CORPN LTD,379.7,386.1,353.85,356.35,379.7,-6.15,583895,208070986.81
2026-01-14,GENUSPAPER,EQ,INE949P01018,GENUS P&B LIMITED,13.09,13.09,12.8,12.93,13.04,-0.84,38473,497455.9
2026-01-14,GENUSPOWER,EQ,INE955D01029,GENUS POWER INFRASTRU LTD,270.45,279.9,269.4,275.55,269.55,2.23,904101,249125019.51
2026-01-14,GEOJITFSL,EQ,INE007B01023,GEOJIT FINANCIAL SER L,72.95,73.66,72.0,73.28,72.88,0.55,417520,30595865.09
2026-01-14,GESHIP,EQ,INE017A01032,THE GE SHPG.LTD,1106.3,1134.9,1101.7,1122.5,1106.3,1.46,564842,634035145.0
2026-01-14,GFLLIMITED,EQ,INE538A01037,GFL LIMITED,54.9,55.84,53.71,53.95,54.68,-1.34,39857,2150285.18
2026-01-14,GHCL,EQ,INE539A01019,GHCL LIMITED,547.05,557.35,545.4,551.45,549.0,0.45,49911,27523421.56
2026-01-14,GHCLTEXTIL,EQ,INE0PA801013,GHCL TEXTILES LIMITED,74.24,75.2,73.28,73.89,74.21,-0.43,79896,5903515.39
2026-01-14,GICHSGFIN,EQ,INE289B01019,GIC HOUSING FINANCE LTD,169.45,173.41,167.64,169.15,169.37,-0.13,147811,25002229.75
2026-01-14,GICRE,EQ,INE481Y01014,GENERAL INS CORP OF INDIA,366.55,369.5,364.05,364.5,366.55,-0.56,225968,82365336.0
2026-01-14,GILLANDERS,EQ,INE047B01011,GILLANDERS ARBUTHNOT LTD,104.05,104.05,97.5,99.04,101.85,-2.76,11365,1125589.61
2026-01-14,GILLETTE,EQ,INE322A01010,GILLETTE INDIA LTD,8037.0,8072.0,7981.0,8039.0,8094.0,-0.68,14149,113743811.0
2026-01-14,GILT10BETA,EQ,INF789F1AZF3,UTIAMC-GILT10BETA,26.2,26.37,25.85,26.01,26.33,-1.22,8294,215726.94
2026-01-14,GILT5BETA,EQ,INF789F1AZE6,UTIAMC-GILT5BETA,63.13,63.13,63.12,63.12,63.13,-0.02,952,60090.24
2026-01-14,GILT5YBEES,EQ,INF204KC1030,RELCAPAMC - NETFGILT5Y,63.46,63.84,63.4,63.49,63.49,0.0,163925,10407598.53
2026-01-14,GIPCL,EQ,INE162A01010,GUJ IND POW CO. LTD,142.71,145.0,142.55,144.65,143.45,0.84,151261,21879902.73
2026-01-14,GKENERGY,EQ,INE1AG301022,GK ENERGY LIMITED,143.0,145.39,139.25,140.44,141.36,-0.65,417428,58623589.34
2026-01-14,GKSL,EQ,INE0V0W01025,GUJARAT KIDNEY N SUP SP L,104.5,105.25,101.55,102.56,104.81,-2.15,1147322,117669341.52
2026-01-14,GKWLIMITED,EQ,INE528A01020,GKW LIMITED,1700.0,1794.9,1680.5,1769.1,1700.0,4.06,131,231752.1
2026-01-14,GLAND,EQ,INE068V01023,GLAND PHARMA LIMITED,1721.3,1760.0,1720.5,1753.6,1719.2,2.0,70941,124402135.87
2026-01-14,GLAXO,EQ,INE159A01016,GLAXOSMITHKLINE PHARMA LT,2369.0,2411.5,2361.0,2394.8,2369.1,1.08,56103,134355467.14
2026-01-14,GLENMARK,EQ,INE935A01035,GLENMARK PHARMACEUTICALS,2025.0,2041.8,2003.3,2011.3,2008.2,0.15,519013,1043890872.24
2026-01-14,GLFL,EQ,INE540A01017,GUJARAT LEASE FINANCING L,5.4,5.67,5.15,5.42,5.4,0.37,917,4970.14
2026-01-14,GLOBAL,EQ,INE291W01037,GLOBAL EDUCATION LIMITED,81.47,81.47,80.0,80.85,81.66,-0.99,9918,801870.28
2026-01-14,GLOBALE,EQ,INE0URU01010,GLOBALE TESSILE LIMITED,11.81,12.7,11.81,12.46,11.73,6.22,12980,161730.8
2026-01-14,GLOBALVECT,EQ,INE792H01019,GLOBAL VEC HELICORP LTD,186.28,191.0,183.5,184.3,185.96,-0.89,10529,1940494.73
2026-01-14,GLOBE,EQ,INE581X01021,GLOBE ENTERPRISE (I) LTD,3.05,3.08,2.41,2.86,3.01,-4.98,1967438,5626872.47
2026-01-14,GLOBECIVIL,EQ,INE0V3U01015,GLOBE CIVIL PROJECTS LTD,51.23,51.89,50.51,51.51,50.98,1.04,52089,2683104.3
2026-01-14,GLOBUSSPR,EQ,INE615I01010,GLOBUS SPIRITS LTD,1015.2,1027.7,962.1,967.0,1009.4,-4.2,210054,203122218.0
2026-01-14,GLOSTERLTD,EQ,INE350Z01018,GLOSTER LIMITED,621.35,629.0,610.2,613.5,633.25,-3.12,1848,1133748.0
2026-01-14,GLOTTIS,EQ,INE0TQE01026,GLOTTIS LIMITED,55.1,56.25,54.91,55.34,55.09,0.45,151345,8375432.32
2026-01-14,GMBREW,EQ,INE075D01018,G M BREWERIES LTD,1063.3,1086.8,1023.1,1033.6,1060.2,-2.51,242043,250175638.89
2026-01-14,GMDCLTD,EQ,INE131A01031,GUJARAT MINERAL DEV CORP,571.0,582.8,568.15,572.35,570.35,0.35,3523082,2016435896.69
2026-01-14,GMMPFAUDLR,EQ,INE541A01023,GMM PFAUDLER LIMITED,1025.0,1034.7,1010.0,1015.6,1024.7,-0.89,27061,27483150.94
2026-01-14,GMRAIRPORT,EQ,INE776C01039,GMR AIRPORTS LIMITED,98.54,100.13,98.16,99.7,99.27,0.43,19678439,1961940308.25
2026-01-14,GMRP&UI,EQ,INE0CU601026,GMR POW AND URBAN INFRA L,105.05,106.67,104.25,104.7,106.15,-1.37,717721,75145386.51
2026-01-14,GNA,EQ,INE934S01014,GNA AXLES LIMITED,348.1,369.55,342.6,358.4,351.3,2.02,93002,33331916.23
2026-01-14,GNFC,EQ,INE113A01013,GUJ NAR VAL FER & CHEM L,473.25,484.05,473.25,482.45,474.4,1.7,101805,49115823.49
2026-01-14,GOACARBON,EQ,INE426D01013,GOA CARBON LIMITED,384.2,402.0,384.2,392.65,383.8,2.31,41192,16174038.55
2026-01-14,GOCLCORP,EQ,INE077F01035,GOCL CORPORATION LIMITED,279.95,285.05,275.8,281.95,278.95,1.08,25544,7202131.11
2026-01-14,GOCOLORS,EQ,INE0BJS01011,GO FASHION INDIA LTD,407.0,411.2,395.15,401.4,404.85,-0.85,234692,94205367.37
2026-01-14,GODAVARIB,EQ,INE497S01012,GODAVARI BIOREFINERIES L,279.0,282.85,278.95,280.0,279.6,0.14,29875,8365000.0
2026-01-14,GODFRYPHLP,EQ,INE260B01028,GODFREY PHILLIPS INDIA LT,2210.0,2250.0,2182.1,2227.1,2215.5,0.52,364533,811851479.9
2026-01-14,GODIGIT,EQ,INE03JT01014,GO DIGIT GENERAL INS LTD,340.0,340.0,321.8,328.7,338.95,-3.02,2402361,789656090.03
2026-01-14,GODREJAGRO,EQ,INE850D01014,GODREJ AGROVET LIMITED,555.0,558.6,547.0,548.65,559.95,-2.02,64782,35542645.88
2026-01-14,GODREJCP,EQ,INE102D01028,GODREJ CONSUMER PRODUCTS,1229.0,1239.0,1222.6,1226.9,1239.4,-1.01,785823,964126257.89
2026-01-14,GODREJIND,EQ,INE233A01035,GODREJ INDUSTRIES LTD,997.8,1011.4,990.6,1003.4,1000.8,0.26,96454,96781945.95
2026-01-14,GODREJPROP,EQ,INE484J01027,GODREJ PROPERTIES LTD,1875.0,1876.4,1850.1,1871.4,1878.8,-0.39,918048,1718035049.61
2026-01-14,GOKEX,EQ,INE887G01027,GOKALDAS EXPORTS LTD.,601.2,606.0,595.1,598.95,597.95,0.17,517642,310041682.22
2026-01-14,GOKUL,EQ,INE020J01029,GOKUL REFOILS & SOLV LTD,38.87,38.87,37.21,38.07,38.3,-0.6,29803,1134600.2
2026-01-14,GOKULAGRO,EQ,INE314T01033,GOKUL AGRO RESOURCES LTD,163.82,165.71,162.5,163.98,163.0,0.6,211044,34606994.22
2026-01-14,GOLD1,EQ,INF174KA1HJ8,KOTAK GOLD ETF,117.33,119.3,117.33,118.51,117.31,1.02,7534973,892969666.33
2026-01-14,GOLDADD,EQ,INF740KA1ZP2,DSPAMC - DSPGOLD,13.8,13.91,13.7,13.84,13.62,1.58,3830800,53018272.58
2026-01-14,GOLDAXIS,EQ,INF846K01W80,AXISAMC-GOLDAXIS,120.55,120.55,117.82,119.86,117.61,1.91,3946855,473070042.71
2026-01-14,GOLDBEES,EQ,INF204KB17I5,NIP IND ETF GOLD BEES,117.83,118.49,116.36,118.01,116.37,1.41,77320821,9124630251.39
2026-01-14,GOLDBETA,EQ,INF789F1AUX7,UTIAMC-UTIGOLDBETA,115.35,120.55,115.35,120.05,118.3,1.48,1005670,120730686.57
2026-01-14,GOLDCASE,EQ,INF0R8F01042,ZERODHAAMC - GOLDCASE,22.82,22.82,21.9,22.42,22.17,1.13,18253982,409254277.83
2026-01-14,GOLDETF,EQ,INF769K01JP9,MIRAEAMC - MAGOLDETF,138.19,139.98,136.62,139.04,136.84,1.61,2208137,307019353.65
2026-01-14,GOLDIAM,EQ,INE025B01025,GOLDIAM INTERNATIONAL LTD,257.1,260.02,248.36,249.86,258.98,-3.52,548795,137123292.36
2026-01-14,GOLDIETF,EQ,INF109KC1NT3,ICICI PRUDENTIAL GOLD ETF,120.68,123.7,120.68,122.28,120.68,1.33,15451490,1889408178.34
2026-01-14,GOODLUCK,EQ,INE127I01024,GOODLUCK INDIA LIMITED,379.5,383.67,375.23,379.13,381.63,-0.66,179010,67868657.64
2026-01-14,GOPAL,EQ,INE0L9R01028,GOPAL SNACKS LIMITED,322.55,328.45,320.0,323.0,324.55,-0.48,51637,16678751.0
2026-01-14,GOYALALUM,EQ,INE705X01026,GOYAL ALUMINIUMS LIMITED,8.55,8.77,8.13,8.41,8.54,-1.52,338389,2845851.44
2026-01-14,GPIL,EQ,INE177H01039,GODAWARI POW & ISP LTD,259.4,267.35,256.8,265.15,259.2,2.3,2385429,632496484.79
2026-01-14,GPPL,EQ,INE517F01014,GUJARAT PIPAVAV PORT LTD,184.0,185.95,182.99,184.78,183.72,0.58,1326277,245069462.44
2026-01-14,GPTHEALTH,EQ,INE486R01017,GPT HEALTHCARE LIMITED,135.76,135.81,133.8,134.32,135.08,-0.56,60009,8060409.32
2026-01-14,GPTINFRA,EQ,INE390G01014,GPT INFRAPROJECTS LTD,104.3,108.35,103.95,107.6,105.13,2.35,196661,21160723.3
2026-01-14,GRANULES,EQ,INE101D01020,GRANULES INDIA LIMITED,588.4,602.45,585.2,599.35,590.8,1.45,533141,319538045.33
2026-01-14,GRAPHITE,EQ,INE371A01025,GRAPHITE INDIA LTD,594.0,649.1,594.0,632.9,599.3,5.61,4565288,2889370886.66
2026-01-14,GRASIM,EQ,INE047A01021,GRASIM INDUSTRIES LTD,2774.0,2821.1,2755.1,2795.8,2774.2,0.78,452326,1264613052.89
2026-01-14,GRAVITA,EQ,INE024L01027,GRAVITA INDIA LIMITED,1625.4,1645.6,1608.7,1613.4,1625.4,-0.74,110852,178848619.51
2026-01-14,GREAVESCOT,EQ,INE224A01026,GREAVES COTTON LTD.,171.0,173.0,169.2,170.62,171.92,-0.76,447351,76327025.44
2026-01-14,GREENLAM,EQ,INE544R01021,GREENLAM INDUSTRIES LTD.,242.0,244.15,238.34,241.84,243.76,-0.79,13726,3319495.79
2026-01-14,GREENPANEL,EQ,INE08ZM01014,GREENPANEL INDUSTRIES LTD,216.39,218.55,212.0,216.6,216.39,0.1,234185,50724472.43
2026-01-14,GREENPLY,EQ,INE461C01038,GREENPLY INDUSTRIES LTD,243.35,253.2,238.8,248.65,243.95,1.93,142038,35317747.83
2026-01-14,GREENPOWER,EQ,INE999K01014,ORIENT GREEN POWER CO LTD,10.79,10.86,10.7,10.81,10.81,0.0,2674690,28913400.02
2026-01-14,GRINDWELL,EQ,INE536A01023,GRINDWELL NORTON LIMITED,1577.7,1599.9,1577.7,1589.8,1577.7,0.77,32316,51375978.38
2026-01-14,GRINFRA,EQ,INE201P01022,G R INFRAPROJECTS LIMITED,933.05,940.3,923.0,927.25,939.85,-1.34,65699,60919397.75
2026-01-14,GRMOVER,EQ,INE192H01020,GRM OVERSEAS LIMITED,171.99,173.2,168.98,171.05,171.12,-0.04,1518491,259737890.18
2026-01-14,GROBTEA,EQ,INE646C01018,THE GROB TEA COMPANY LTD,985.7,999.0,966.0,983.0,990.65,-0.77,79,77657.0
2026-01-14,GROWW,EQ,INE0HOQ01053,BILLIONBRAINS GARAGE VN L,163.5,169.4,157.7,164.34,162.69,1.01,112099418,18422417943.6
2026-01-14,GROWWCAPM,EQ,INF666M01MM4,GROWWAMC - GROWWCAPM,9.98,9.98,9.98,9.98,9.83,1.48,0,0.0
2026-01-14,GROWWCHEM,EQ,INF666M01NP5,GROWWAMC - GROWWCHEM,28.76,28.76,28.76,28.76,28.8,-0.13,0,0.0
2026-01-14,GROWWDEFNC,EQ,INF666M01IO8,GROWWAMC - GROWWDEFNC,78.43,79.04,77.84,78.36,78.03,0.42,267699,20976893.8
2026-01-14,GROWWEV,EQ,INF666M01IH2,GROWWAMC - GROWWEV,30.93,30.94,30.6,30.62,30.82,-0.65,307122,9404075.9
2026-01-14,GROWWGOLD,EQ,INF666M01OE7,GROWWAMC - GROWWGOLD,139.46,142.0,138.42,139.95,138.07,1.36,761113,106517762.03
2026-01-14,GROWWLIQID,EQ,INF666M01IP5,GROWWAMC - GROWWLIQID,107.47,107.47,107.46,107.46,107.44,0.02,211391,22716076.67
2026-01-14,GROWWLOVOL,EQ,INF666M01LB9,GROWWAMC - GROWWLOVOL,10.64,10.64,10.64,10.64,10.7,-0.58,0,0.0
2026-01-14,GROWWMC150,EQ,INF666M01MV5,GROWWAMC - GROWWMC150,219.7,219.7,219.7,219.7,219.22,0.22,0,0.0
2026-01-14,GROWWMETAL,EQ,INF666M01NI0,GROWWAMC - GROWWMETAL,11.06,11.06,11.06,11.06,10.77,2.69,0,0.0
2026-01-14,GROWWMOM50,EQ,INF666M01KJ4,GROWWAMC - GROWWMOM50,10.41,10.41,10.41,10.41,10.38,0.25,0,0.0
2026-01-14,GROWWN200,EQ,INF666M01JV1,GROWWAMC - GROWWN200,11.57,11.57,11.57,11.57,11.58,-0.07,0,0.0
2026-01-14,GROWWNET,EQ,INF666M01LI4,GROWWAMC - GROWWNET,10.17,10.17,10.17,10.17,10.12,0.54,0,0.0
2026-01-14,GROWWNXT50,EQ,INF666M01LZ8,GROWWAMC - GROWWNXT50,68.75,68.75,68.75,68.75,68.49,0.38,0,0.0
2026-01-14,GROWWRAIL,EQ,INF666M01JJ6,GROWWAMC - GROWWRAIL,33.83,34.48,33.83,34.35,33.82,1.57,673506,23134930.07
2026-01-14,GROWWRLTY,EQ,INF666M01MN2,GROWWAMC - GROWWRLTY,9.52,9.52,9.52,9.52,9.61,-0.92,0,0.0
2026-01-14,GROWWSC250,EQ,INF666M01MO0,GROWWAMC - GROWWSC250,9.38,9.38,9.38,9.38,9.34,0.48,0,0.0
2026-01-14,GROWWSLVR,EQ,INF666M01OF4,GROWWAMC - GROWWSLVR,271.01,271.01,271.01,271.01,254.96,6.3,0,0.0
2026-01-14,GRPLTD,EQ,INE137I01015,GRP LIMITED,1798.5,1824.9,1771.9,1804.5,1793.5,0.61,1565,2824042.5
2026-01-14,GRSE,EQ,INE382Z01011,GARDEN REACH SHIP&ENG LTD,2440.0,2479.8,2424.0,2431.0,2449.4,-0.75,606996,1475607276.0
2026-01-14,GRWRHITECH,EQ,INE291A01017,GARWARE HI-TECH FILMS LTD,3002.0,3003.2,2903.0,2913.0,3007.3,-3.14,37702,109825926.0
2026-01-14,GSEC10IETF,EQ,INF109KC18O0,ICICIPRAMC - ICICI10GS,259.49,259.49,258.39,259.0,259.5,-0.19,605,156695.0
2026-01-14,GSEC10YEAR,EQ,INF769K01KF8,MIRAEAMC - MAGS813ETF,29.55,29.67,29.52,29.67,29.55,0.41,3945,117048.15
2026-01-14,GSEC5IETF,EQ,INF109KC14A8,ICICIPRAMC - ICICI5GSEC,63.76,65.0,63.7,64.17,63.75,0.66,17533,1125092.58
2026-01-14,GSFC,EQ,INE026A01025,GUJ STATE FERT & CHEM LTD,173.4,176.66,173.37,174.93,173.41,0.88,630372,110270969.34
2026-01-14,GSLSU,EQ,INE0JSX01015,GLOBAL SURFACES LIMITED,95.58,95.58,92.0,92.51,93.46,-1.02,10755,994945.07
2026-01-14,GSS,EQ,INE871H01011,GSS INFOTECH LIMITED,16.35,16.35,15.54,15.7,15.93,-1.44,31339,492022.29
2026-01-14,GTECJAINX,EQ,INE586X01012,G-TEC JAINX EDUCATION LTD,21.52,22.6,20.02,21.8,21.52,1.3,2583,56309.4
2026-01-14,GTL,EQ,INE043A01012,GTL LTD,7.6,7.77,7.55,7.58,7.62,-0.52,151553,1148771.73
2026-01-14,GTLINFRA,EQ,INE221H01019,GTL INFRA.LTD,1.15,1.16,1.14,1.15,1.15,0.0,22239675,25575625.72
2026-01-14,GTPL,EQ,INE869I01013,GTPL HATHWAY LIMITED,88.86,91.65,85.51,86.11,88.86,-3.09,338749,29169676.6
2026-01-14,GUFICBIO,EQ,INE742B01025,GUFIC BIOSCIENCES LTD.,318.3,319.4,312.6,315.05,319.9,-1.52,17686,5571974.08
2026-01-14,GUJALKALI,EQ,INE186A01019,GUJARAT ALKALIES & CHEM,478.55,488.1,478.55,482.05,481.35,0.15,15958,7692553.71
2026-01-14,GUJAPOLLO,EQ,INE826C01016,GUJ. APOLLO IND. LTD.,392.0,459.9,380.0,421.55,391.05,7.8,71869,30296376.07
2026-01-14,GUJENERGY,EQ,INE844O01030,GUJARAT ENERGY LIMITED,408.0,415.75,405.8,414.5,408.65,1.43,515804,213800758.0
2026-01-14,GUJRAFFIA,EQ,INE610B01024,GUJARAT RAFFIA INDUST LTD,44.36,45.84,44.13,44.95,45.16,-0.47,4796,215580.2
2026-01-14,GUJTHEM,EQ,INE942C01045,GUJARAT THEMIS BIOSYN LTD,362.0,388.4,361.0,374.3,366.9,2.02,151638,56758101.55
2026-01-14,GULFOILLUB,EQ,INE635Q01029,GULF OIL LUB. IND. LTD.,1139.3,1144.3,1120.8,1123.4,1133.3,-0.87,21428,24072215.72
2026-01-14,GULPOLY,EQ,INE255D01024,GULSHAN POLYOLS LIMITED,141.1,142.3,138.0,140.53,141.8,-0.9,65141,9154264.65
2026-01-14,GVPIL,EQ,INE878A01011,GE POWER INDIA LIMITED,304.1,307.0,301.25,303.95,304.45,-0.16,95695,29086496.42
2026-01-14,GVT&D,EQ,INE200A01026,GE VERNOVA T&D INDIA LTD,2744.9,2829.9,2723.5,2796.0,2731.5,2.36,775769,2169050124.0
2026-01-14,HAL,EQ,INE066F01020,HINDUSTAN AERONAUTICS LTD,4452.4,4501.0,4422.0,4461.4,4452.4,0.2,597515,2665753362.65
2026-01-14,HALEOSLABS,EQ,INE320X01016,HALEOS LABS LIMITED,1295.0,1295.0,1288.5,1288.5,1291.6,-0.24,28,36078.0
2026-01-14,HAPPSTMNDS,EQ,INE419U01012,HAPPIEST MINDS TECHNO LTD,429.55,430.0,423.6,427.9,429.45,-0.36,344655,147477872.4
2026-01-14,HAPPYFORGE,EQ,INE330T01021,HAPPY FORGINGS LIMITED,1104.8,1104.8,1080.5,1094.7,1104.9,-0.92,18478,20227865.7
2026-01-14,HARDWYN,EQ,INE626Z01029,HARDWYN INDIA LIMITED,12.38,12.86,12.0,12.72,12.63,0.74,793514,10094631.15
2026-01-14,HARIOMPIPE,EQ,INE00EV01017,HARIOM PIPE INDUSTRIES L,410.0,437.95,410.0,434.5,412.9,5.23,502815,218473117.5
2026-01-14,HARRMALAYA,EQ,INE544A01019,HARRISON MALAYALAM LTD,160.08,164.0,159.03,163.33,160.69,1.64,6425,1049395.26
2026-01-14,HARSHA,EQ,INE0JUS01029,HARSHA ENGINEERS INT LTD,380.0,395.9,380.0,393.45,385.2,2.14,20582,8097988.15
2026-01-14,HATHWAY,EQ,INE982F01036,HATHWAY CABLE & DATACOM,11.91,12.05,11.91,12.01,11.97,0.33,1406348,16890239.8
2026-01-14,HATSUN,EQ,INE473B01035,HATSUN AGRO PRODUCT LTD.,924.5,932.1,909.0,913.15,931.2,-1.94,38001,34700614.08
2026-01-14,HAVELLS,EQ,INE176B01034,HAVELLS INDIA LIMITED,1420.0,1448.3,1418.1,1437.1,1431.7,0.38,788769,1133539910.64
2026-01-14,HAVISHA,EQ,INE293B01029,SRI HAVISHA HOSP & INFR L,1.74,1.83,1.71,1.78,1.78,0.0,31896,56774.88
2026-01-14,HBLENGINE,EQ,INE292B01021,HBL ENGINEERING LTD,846.0,885.0,841.0,878.25,846.05,3.81,2305129,2024479544.25
2026-01-14,HBSL,EQ,INE550B01022,HB STOCKHOLDINGS LIMITED,69.47,71.49,68.0,69.33,69.13,0.29,3839,266157.88
2026-01-14,HCC,EQ,INE549A01026,HINDUSTAN CONSTRUCTION CO,19.6,20.33,19.41,20.11,19.65,2.34,37443051,752979778.46
2026-01-14,HCG,EQ,INE075I01017,HEALTHCARE GLOB. ENT. LTD,669.35,671.7,649.7,651.05,667.8,-2.51,142261,92619022.31
2026-01-14,HCL-INSYS,EQ,INE236A01020,HCL INFOSYSTEMS LTD,13.4,13.67,13.22,13.55,13.18,2.81,151348,2050765.43
2026-01-14,HCLTECH,EQ,INE860A01027,HCL TECHNOLOGIES LTD,1665.0,1677.9,1649.2,1668.5,1665.0,0.21,2470615,4122221127.5
2026-01-14,HDBFS,EQ,INE756I01012,HDB FINANCIAL SERVICES L,762.0,768.95,758.5,764.0,768.0,-0.52,410771,313829044.0
2026-01-14,HDFCAMC,EQ,INE127D01025,HDFC AMC LIMITED,2498.3,2603.3,2487.1,2554.1,2485.7,2.75,2340909,5978915905.5
2026-01-14,HDFCBANK,EQ,INE040A01034,HDFC BANK LTD,930.0,940.05,920.2,925.45,937.35,-1.27,36688248,33953139559.45
2026-01-14,HDFCBSE500,EQ,INF179KC1EZ4,HDFCAMC - HDFCBSE500,38.2,38.58,37.5,37.69,37.64,0.13,7421,279697.48
2026-01-14,HDFCGOLD,EQ,INF179KC1981,HDFC GOLD ETF,120.39,122.67,120.24,122.19,120.39,1.5,14397160,1759189015.55
2026-01-14,HDFCGROWTH,EQ,INF179KC1DJ0,HDFCAMC - HDFCGROWTH,129.78,130.36,128.65,129.42,130.35,-0.71,12746,1649587.3
2026-01-14,HDFCLIFE,EQ,INE795G01014,HDFC LIFE INS CO LTD,742.0,753.75,741.85,743.2,748.5,-0.71,2909648,2162450429.12
2026-01-14,HDFCLIQUID,EQ,INF179KC1JG3,HDFCAMC - HDFCLIQUID,1044.43,1044.47,1044.43,1044.46,1044.18,0.03,14599,15248070.97
2026-01-14,HDFCLOWVOL,EQ,INF179KC1HU8,HDFCAMC - HDFCLOWVOL,21.48,21.51,21.33,21.43,21.54,-0.51,309840,6639871.29
2026-01-14,HDFCMID150,EQ,INF179KC1HT0,HDFCAMC - HDFCMID150,22.79,22.79,22.02,22.19,22.13,0.27,201134,4463163.57
2026-01-14,HDFCMOMENT,EQ,INF179KC1HV6,HDFCAMC - HDFCMOMENT,30.38,31.27,30.38,31.13,31.16,-0.1,133563,4157816.08
2026-01-14,HDFCNEXT50,EQ,INF179KC1HS2,HDFCAMC - HDFCNEXT50,69.82,70.19,69.48,69.77,69.74,0.04,91465,6381512.74
2026-01-14,HDFCNIF100,EQ,INF179KC1HR4,HDFCAMC - HDFCNIF100,27.13,27.14,26.92,27.01,26.99,0.07,25220,681192.21
2026-01-14,HDFCNIFBAN,EQ,INF179KC1HY0,HDFCAMC - HDFCNIFBAN,61.2,61.23,60.68,61.11,61.04,0.11,1681552,102759643.75
2026-01-14,HDFCNIFIT,EQ,INF179KC1IA8,HDFCAMC - HDFCNIFIT,40.35,40.36,39.74,39.93,40.3,-0.92,21413,855021.1
2026-01-14,HDFCNIFTY,EQ,INF179KC1965,HDFCAMC - HDFCNIFTY,288.27,288.66,286.77,287.42,288.17,-0.26,205987,59204786.31
2026-01-14,HDFCPSUBK,EQ,INF179KC1HW4,HDFCAMC HDFCPSUBK,89.08,89.88,87.26,89.83,87.77,2.35,77016,6918347.42
2026-01-14,HDFCPVTBAN,EQ,INF179KC1HZ7,HDFCAMC - HDFCPVTBAN,29.13,29.18,28.57,28.98,28.99,-0.03,32622,945385.55
2026-01-14,HDFCQUAL,EQ,INF179KC1DL6,HDFCAMC - HDFCQUAL,60.79,60.79,60.15,60.24,60.49,-0.41,7651,460896.25
2026-01-14,HDFCSENSEX,EQ,INF179KC1HX2,HDFCAMC - HDFCSENSEX,93.41,94.69,93.41,94.07,94.35,-0.3,55476,5218627.3
2026-01-14,HDFCSILVER,EQ,INF179KC1DI2,HDFCAMC - HDFCSILVER,258.5,265.75,258.5,264.59,251.15,5.35,16442695,4350572609.84
2026-01-14,HDFCSML250,EQ,INF179KC1FB2,HDFCAMC - HDFCSML250,163.91,164.2,162.61,163.97,163.0,0.6,976164,160061612.27
2026-01-14,HDFCVALUE,EQ,INF179KC1DK8,HDFCAMC - HDFCVALUE,139.28,140.08,139.12,139.84,139.55,0.21,5695,796388.78
2026-01-14,HEADSUP,EQ,INE759V01019,HEADS UP VENTURES LIMITED,8.81,8.81,8.4,8.62,8.62,0.0,12175,104948.5
2026-01-14,HEALTHADD,EQ,INF740KA1ZG1,DSPAMC - HEALTHADD,146.0,147.05,146.0,146.31,147.05,-0.5,376,55012.56
2026-01-14,HEALTHAXIS,EQ,INF846K01Z12,AXISAMC-HEALTHAXIS,148.49,148.64,146.69,147.96,148.17,-0.14,5441,805050.4
2026-01-14,HEALTHIETF,EQ,INF109KC1Q72,ICICIPRAMC - ICICIPHARM,149.64,149.64,148.44,149.16,149.53,-0.25,39976,5962820.31
2026-01-14,HEALTHX,EQ,INE019J01013,HEALTH X PLATFORM LIMITED,334.2,340.0,320.0,322.15,329.95,-2.36,29415,9476042.07
2026-01-14,HEALTHY,EQ,INF209KB10C2,BIRLASLAMC - HEALTHY,15.02,15.19,14.89,14.92,14.94,-0.13,138793,2070791.57
2026-01-14,HECPROJECT,EQ,INE558R01013,HEC INFRA PROJECTS LTD,106.27,109.35,105.51,107.3,106.75,0.52,4211,451840.31
2026-01-14,HEIDELBERG,EQ,INE578A01017,HEIDELBERGCEMENT (I) LTD,168.19,169.98,168.01,169.51,168.19,0.78,33039,5600440.71
2026-01-14,HEMIPROP,EQ,INE0AJG01018,HEMISPHERE PROP IND LTD,135.4,136.75,135.4,135.92,136.56,-0.47,137491,18687776.47
2026-01-14,HERANBA,EQ,INE694N01015,HERANBA INDUSTRIES LTD,223.0,224.98,221.0,223.03,222.95,0.04,36633,8170257.95
2026-01-14,HERITGFOOD,EQ,INE978A01027,HERITAGE FOODS LTD,442.1,446.25,440.85,443.05,444.0,-0.21,91317,40457995.74
2026-01-14,HEROMOTOCO,EQ,INE158A01026,HERO MOTOCORP LIMITED,5720.0,5741.0,5640.0,5676.5,5734.5,-1.01,368182,2089985123.0
2026-01-14,HESTERBIO,EQ,INE782E01017,HESTER BIOSCIENCES LTD,1514.9,1529.0,1473.7,1486.6,1514.9,-1.87,6344,9430990.25
2026-01-14,HEXATRADEX,EQ,INE750M01017,HEXA TRADEX LIMITED,159.15,166.01,159.0,163.51,159.11,2.77,1948,318517.47
2026-01-14,HEXT,EQ,INE093A01041,HEXAWARE TECHNOLOGIES LTD,730.0,730.6,700.35,712.75,734.6,-2.97,1934000,1378458500.0
2026-01-14,HGINFRA,EQ,INE926X01010,H.G.INFRA ENGINEERING LTD,701.35,713.85,687.0,694.55,699.1,-0.65,101080,70205112.77
2026-01-14,HGM,EQ,INE596H01014,HANDSON GBL MNGMNT LTD,63.98,63.98,61.51,62.12,61.7,0.68,2367,147038.04
2026-01-14,HGS,EQ,INE170I01016,HINDUJA GLOBAL SOLS. LTD.,428.1,433.45,427.0,427.85,428.35,-0.12,8804,3766791.45
2026-01-14,HIKAL,EQ,INE475B01022,HIKAL LIMITED,211.35,213.49,209.85,211.91,212.83,-0.43,125303,26552959.19
2026-01-14,HILINFRA,EQ,INE00RL01028,HIGHWAY INFRASTRUCTURE L,55.25,55.59,54.31,54.76,55.28,-0.94,132872,7276070.5
2026-01-14,HILTON,EQ,INE788H01017,HILTON METAL FORGING LTD,30.7,31.9,30.11,31.4,31.13,0.87,77474,2432683.57
2026-01-14,HIMATSEIDE,EQ,INE049A01027,HIMATSINGKA SEIDE LTD,102.99,104.29,102.06,103.15,102.46,0.67,196828,20302808.5
2026-01-14,HINDALCO,EQ,INE038A01020,HINDALCO  INDUSTRIES  LTD,941.0,959.0,936.75,955.35,936.3,2.03,7050653,6735841171.41
2026-01-14,HINDCOMPOS,EQ,INE310C01029,HINDUSTAN COMPOSITES LTD.,427.1,433.9,425.0,430.45,416.5,3.35,6646,2860770.78
2026-01-14,HINDCON,EQ,INE642Y01029,HINDCON CHEMICALS LIMITED,24.81,24.97,24.42,24.5,24.83,-1.33,22497,551176.5
2026-01-14,HINDCOPPER,EQ,INE531E01026,HINDUSTAN COPPER LTD,548.05,576.0,545.65,572.8,539.45,6.18,53419763,30598839594.3
2026-01-14,HINDOILEXP,EQ,INE345A01011,HINDUSTAN OIL EXPLORATION,148.7,157.5,148.7,152.82,149.0,2.56,556671,85070466.3
2026-01-14,HINDPETRO,EQ,INE094A01015,HINDUSTAN PETROLEUM CORP,447.35,448.2,437.25,440.15,448.85,-1.94,8097390,3564066159.08
2026-01-14,HINDUNILVR,EQ,INE030A01027,HINDUSTAN UNILEVER LTD.,2398.9,2398.9,2341.0,2353.5,2389.5,-1.51,1027639,2418548386.5
2026-01-14,HINDWAREAP,EQ,INE05AN01011,HINDWARE HME INOVATON LTD,239.9,241.2,231.1,233.45,239.1,-2.36,48772,11385823.25
2026-01-14,HINDZINC,EQ,INE267A01025,HINDUSTAN ZINC LIMITED,640.0,670.95,636.45,654.2,629.85,3.87,27694609,18117813545.87
2026-01-14,HIRECT,EQ,INE835D01023,HIRECT LIMITED,682.85,700.0,682.85,695.5,696.35,-0.12,24488,17031404.0
2026-01-14,HISARMETAL,EQ,INE598C01011,HISAR METAL IND. LIMITED,153.46,164.89,152.56,161.09,153.65,4.84,6643,1070120.85
2026-01-14,HITECH,EQ,INE106T01025,HI-TECH PIPES LIMITED,85.0,85.96,84.8,85.22,85.33,-0.13,352883,30072689.69
2026-01-14,HLEGLAS,EQ,INE461D01028,HLE GLASCOAT LIMITED,448.8,450.0,440.8,443.25,448.8,-1.24,45693,20253422.25
2026-01-14,HLVLTD,EQ,INE102A01024,HLV LIMITED,8.82,9.15,8.82,8.95,8.96,-0.11,187585,1678885.71
2026-01-14,HMAAGRO,EQ,INE0ECP01024,HMA AGRO INDUSTRIES LTD,27.2,27.66,27.2,27.36,27.78,-1.51,110178,3014470.15
2026-01-14,HNDFDS,EQ,INE254N01026,HINDUSTAN FOODS LIMITED,500.0,501.7,491.0,495.85,501.35,-1.1,49999,24792004.46
2026-01-14,HNGSNGBEES,EQ,INF204KB19I1,NIP IND ETF HANGSENG BEES,532.02,539.77,520.0,539.77,532.02,1.46,269121,145263447.43
2026-01-14,HOMEFIRST,EQ,INE481N01025,HOME FIRST FIN CO IND LTD,1086.3,1090.6,1077.0,1082.6,1091.7,-0.83,82437,89246294.19
2026-01-14,HONASA,EQ,INE0J5401028,HONASA CONSUMER LIMITED,290.0,290.1,286.45,287.85,290.1,-0.78,138008,39725603.64
2026-01-14,HONAUT,EQ,INE671A01010,HONEYWELL AUTOMATION IND,33300.0,33645.0,33165.0,33550.0,33270.0,0.84,1524,51130200.0
2026-01-14,HONDAPOWER,EQ,INE634A01018,HONDA I POWER PRODUCT LTD,2184.0,2205.0,2152.3,2167.6,2181.8,-0.65,2349,5091692.63
2026-01-14,HPAL,EQ,INE0GSL01024,HP ADHESIVES LIMITED,39.95,40.95,39.36,40.62,39.81,2.03,40410,1641454.16
2026-01-14,HPIL,EQ,INE05X901010,HINDPRAKASH INDUSTRY LTD,137.01,137.65,132.5,133.21,136.96,-2.74,4336,577598.59
2026-01-14,HPL,EQ,INE495S01016,HPL ELECTRIC & POWER LTD,361.0,361.75,352.7,354.4,357.0,-0.73,71024,25170905.17
2026-01-14,HSCL,EQ,INE019C01026,HIMADRI SPECIALITY CHEM L,473.9,476.65,466.8,470.35,473.95,-0.76,534266,251292016.36
2026-01-14,HTMEDIA,EQ,INE501G01024,HT MEDIA LIMITED,23.79,23.8,23.36,23.56,23.44,0.51,20946,493487.75
2026-01-14,HUBTOWN,EQ,INE703H01016,HUBTOWN LIMITED,228.0,229.32,221.3,223.99,226.87,-1.27,405592,90848554.31
2026-01-14,HUDCO,EQ,INE031A01017,HSG & URBAN DEV CORPN LTD,215.0,217.89,214.4,216.64,215.04,0.74,1713446,371200940.39
2026-01-14,HUHTAMAKI,EQ,INE275B01026,HUHTAMAKI INDIA LIMITED,187.4,192.4,186.0,190.41,186.49,2.1,90653,17261238.06
2026-01-14,HYUNDAI,EQ,INE0V6F01027,HYUNDAI MOTOR INDIA LTD,2300.0,2322.1,2282.1,2317.1,2306.4,0.46,196437,455164191.88
2026-01-14,IBULLSLTD,EQ,INE126M01010,INDIABULLS LIMITED,12.19,12.68,12.1,12.54,12.08,3.81,6567456,82355897.99
2026-01-14,ICEMAKE,EQ,INE520Y01019,ICE MAKE REFRIGERAT LTD,746.45,753.5,725.45,749.0,750.2,-0.16,23276,17433724.0
2026-01-14,ICICIAMC,EQ,INE346A01027,ICICI PRUDENTIAL AMC LTD,2665.0,2749.0,2660.0,2736.0,2671.8,2.4,551849,1509858864.0
2026-01-14,ICICIB22,EQ,INF109KB15Y7,ICICIPRAMC - BHARATIWIN,118.0,118.5,115.8,118.32,117.0,1.13,447464,52943940.34
2026-01-14,ICICIBANK,EQ,INE090A01021,ICICI BANK LTD.,1425.6,1443.9,1414.9,1418.4,1437.0,-1.29,13832255,19619670829.7
2026-01-14,ICICIGI,EQ,INE765G01017,ICICI LOMBARD GIC LIMITED,1881.0,1905.0,1830.1,1857.7,1885.5,-1.47,1908268,3544989370.42
2026-01-14,ICICIPRULI,EQ,INE726G01019,ICICI PRU LIFE INS CO LTD,685.0,700.0,665.8,669.25,681.45,-1.79,4004960,2680319480.0
2026-01-14,ICIL,EQ,INE483B01026,INDO COUNT INDUSTRIES LTD,250.95,255.35,247.05,253.55,250.7,1.14,125499,31820271.83
2026-01-14,ICRA,EQ,INE725G01011,ICRA LIMITED,6060.0,6060.0,5962.5,6014.0,5999.5,0.24,6934,41701076.0
2026-01-14,IDBI,EQ,INE008A01015,IDBI BANK LIMITED,103.61,105.8,102.75,104.85,103.64,1.17,11150083,1169086185.54
2026-01-14,IDEA,EQ,INE669E01016,VODAFONE IDEA LIMITED,10.83,11.2,10.81,11.08,10.8,2.59,697551451,7728870023.86
2026-01-14,IDEAFORGE,EQ,INE349Y01013,IDEAFORGE TECHNO LTD,466.95,472.0,453.2,458.05,467.85,-2.09,135522,62075850.45
2026-01-14,IDFCFIRSTB,EQ,INE092T01019,IDFC FIRST BANK LIMITED,82.96,83.41,82.3,83.07,82.96,0.13,13353054,1109238191.7
2026-01-14,IDFNIFTYET,EQ,INF194KA1U07,BANDHANAMC - IDFNIFTYET,282.69,285.32,281.05,281.85,282.69,-0.3,1468,413755.81
2026-01-14,IEX,EQ,INE022Q01020,INDIAN ENERGY EXC LTD,141.73,142.6,138.76,139.37,141.31,-1.37,9549194,1330871121.15
2026-01-14,IFBAGRO,EQ,INE076C01018,IFB AGRO INDUSTRIES LTD,1446.1,1458.2,1428.2,1428.2,1503.3,-5.0,30255,43210189.52
2026-01-14,IFBIND,EQ,INE559A01017,IFB INDUSTRIES LTD,1420.0,1433.1,1387.0,1395.0,1421.2,-1.84,18803,26230185.0
2026-01-14,IFCI,EQ,INE039A01010,IFCI LTD,57.05,57.53,55.7,56.1,57.67,-2.72,45503157,2552727038.27
2026-01-14,IFGLEXPOR,EQ,INE133Y01011,IFGL REFRACTORIES LIMITED,191.88,197.31,191.8,193.93,191.88,1.07,13480,2614176.3
2026-01-14,IGARASHI,EQ,INE188B01013,IGARASHI MOTORS INDIA LTD,411.0,421.35,404.0,406.75,413.75,-1.69,93979,38225958.25
2026-01-14,IGCL,EQ,INE05J901018,INDOGULF CROPSCIENCES LTD,73.85,74.99,73.0,73.27,74.06,-1.07,28451,2084604.67
2026-01-14,IGIL,EQ,INE0Q9301021,INTL GEMOLOGICAL INST LTD,312.95,314.0,310.0,312.5,312.95,-0.14,223085,69714062.5
2026-01-14,IGL,EQ,INE203G01027,INDRAPRASTHA GAS LTD,182.0,183.14,180.4,181.38,181.14,0.13,1436969,260637444.24
2026-01-14,IGPL,EQ,INE204A01010,I G PETROCHEMICALS LTD,368.6,387.8,367.5,379.0,368.1,2.96,25770,9766830.0
2026-01-14,IIFL,EQ,INE530B01024,IIFL FINANCE LIMITED,640.0,640.85,629.4,635.35,637.55,-0.35,674117,428300219.49
2026-01-14,IIFLCAPS,EQ,INE489L01022,IIFL CAPITAL SERVICES LTD,372.0,379.0,371.45,375.15,370.1,1.36,272446,102208115.24
2026-01-14,IITL,EQ,INE886A01014,INDUSTRIAL INV TRUST LTD,165.0,165.0,148.84,150.53,151.57,-0.69,11187,1683979.1
2026-01-14,IKIO,EQ,INE0LOJ01019,IKIO TECHNOLOGIES LIMITED,170.0,171.99,166.08,170.11,169.37,0.44,53725,9139159.78
2026-01-14,IKS,EQ,INE115Q01022,INVENTURUS KNOWLEDGE SO L,1690.3,1705.9,1686.0,1702.4,1697.1,0.31,64184,109266843.17
2026-01-14,IMAGICAA,EQ,INE172N01012,IMAGICAAWORLD ENT LTD,51.5,53.0,51.5,52.56,51.3,2.46,1070206,56250028.83
2026-01-14,IMFA,EQ,INE919H01018,INDIAN METALS & FERRO,1223.1,1287.0,1219.2,1268.5,1220.6,3.92,190868,242116058.0
2026-01-14,IMPAL,EQ,INE547E01014,IND MOTOR PART & ACC LTD,998.9,1018.9,981.1,1003.8,998.2,0.56,1693,1699433.38
2026-01-14,INCREDIBLE,EQ,INE452L01012,INCREDIBLE INDUSTRIES LTD,37.8,37.8,34.3,36.32,37.34,-2.73,24134,876546.87
2026-01-14,INDBANK,EQ,INE841B01017,INDBANK MERCH BANK,35.48,42.0,35.06,38.25,35.06,9.1,2061801,78863888.25
2026-01-14,INDGN,EQ,INE065X01017,INDEGENE LIMITED,506.0,513.55,505.0,506.6,510.9,-0.84,220271,111589289.94
2026-01-14,INDHOTEL,EQ,INE053A01029,THE INDIAN HOTELS CO. LTD,679.05,692.5,675.1,689.45,678.15,1.67,3808208,2625569052.09
2026-01-14,INDIACEM,EQ,INE383A01012,THE INDIA CEMENTS LIMITED,467.0,477.5,464.0,473.6,467.1,1.39,527662,249900726.42
2026-01-14,INDIAGLYCO,EQ,INE560A01023,INDIA GLYCOLS LTD,964.9,970.0,954.5,959.4,963.0,-0.37,61210,58724875.49
2026-01-14,INDIAMART,EQ,INE933S01016,INDIAMART INTERMESH LTD,2153.1,2156.3,2110.0,2114.5,2156.6,-1.95,340003,718936343.5
2026-01-14,INDIANB,EQ,INE562A01011,INDIAN BANK,820.0,849.9,808.5,846.4,817.75,3.5,3279844,2776060041.67
2026-01-14,INDIANCARD,EQ,INE061A01014,INDIAN CARD CLOTHING CO.,235.49,240.99,234.9,235.98,234.18,0.77,2083,491546.33
2026-01-14,INDIANHUME,EQ,INE323C01030,INDIAN HUME PIPE CO. LTD.,394.0,400.35,394.0,395.3,399.95,-1.16,8954,3539516.09
2026-01-14,INDIASHLTR,EQ,INE922K01024,INDIA SHELTER FIN CORP L,784.3,788.0,779.75,784.1,783.6,0.06,104305,81785547.95
2026-01-14,INDIGO,EQ,INE646L01027,INTERGLOBE AVIATION LTD,4730.0,4756.5,4701.0,4733.0,4759.5,-0.56,1059301,5013671633.0
2026-01-14,INDIGOPNTS,EQ,INE09VQ01012,INDIGO PAINTS LIMITED,1215.2,1216.0,1198.2,1200.1,1223.1,-1.88,24350,29222434.41
2026-01-14,INDIQUBE,EQ,INE06ST01018,INDIQUBE SPACES LIMITED,206.0,206.0,197.71,198.19,203.52,-2.62,13564,2688249.19
2026-01-14,INDNIPPON,EQ,INE092B01025,INDIA NIPPON ELECT  LTD,777.95,787.5,770.7,784.55,770.95,1.76,11753,9220816.01
2026-01-14,INDOBORAX,EQ,INE803D01021,INDO BORAX & CHEMICAL LTD,267.55,267.55,252.1,256.9,263.6,-2.54,38176,9807414.17
2026-01-14,INDOCO,EQ,INE873D01024,INDOCO REMEDIES LTD.,215.4,219.9,206.0,210.96,216.22,-2.43,61830,13043657.22
2026-01-14,INDOFARM,EQ,INE622H01018,INDO FARM EQUIPMENT LTD,185.0,186.0,177.11,178.97,187.5,-4.55,358160,64099895.64
2026-01-14,INDORAMA,EQ,INE156A01020,INDO RAMA SYNTHETICS LTD,43.85,44.94,43.2,43.46,43.63,-0.39,72463,3149241.91
2026-01-14,INDOSTAR,EQ,INE896L01010,INDOSTAR CAPITAL FIN LTD,226.7,227.63,222.62,224.87,226.46,-0.7,79367,17847256.9
2026-01-14,INDOTECH,EQ,INE332H01014,INDO TECH TRANSFORM LTD.,1468.9,1469.5,1390.0,1403.2,1463.7,-4.13,28877,40520204.99
2026-01-14,INDOTHAI,EQ,INE337M01021,INDO THAI SEC LTD,258.4,266.0,256.1,263.75,259.2,1.76,303611,80077401.25
2026-01-14,INDOUS,EQ,INE250Z01010,INDO US BIOTECH LTD,118.0,121.69,113.51,114.55,118.91,-3.67,12962,1484797.14
2026-01-14,INDOWIND,EQ,INE227G01018,INDOWIND ENERGY LTD,14.5,17.59,14.26,16.81,14.69,14.43,2620785,44055394.45
2026-01-14,INDRAMEDCO,EQ,INE681B01017,INDRAPRASTHA MEDICAL CORP,401.25,414.45,401.25,407.8,407.85,-0.01,107768,43947789.08
2026-01-14,INDSWFTLAB,EQ,INE915B01019,IND SWIFT LABORATORIES LT,102.99,106.0,99.15,100.72,101.14,-0.42,734641,73993042.42
2026-01-14,INDTERRAIN,EQ,INE611L01021,IND TERRAIN FASHIONS LTD,32.11,33.4,32.1,32.62,32.8,-0.55,13992,456419.03
2026-01-14,INDUSINDBK,EQ,INE095A01012,INDUSIND BANK LIMITED,913.0,948.9,905.0,944.5,910.55,3.73,11559313,10917771128.5
2026-01-14,INDUSTOWER,EQ,INE121J01017,INDUS TOWERS LIMITED,432.25,443.7,432.25,438.4,427.9,2.45,9332296,4091278509.44
2026-01-14,INFOBEAN,EQ,INE344S01016,INFOBEANS TECHNO. LTD.,213.84,216.2,200.5,203.95,212.75,-4.14,1323836,269996348.16
2026-01-14,INFOMEDIA,EQ,INE669A01022,INFOMEDIA PRESS LIMITED,5.96,6.28,5.71,6.25,6.0,4.17,15165,94781.25
2026-01-14,INFRABEES,EQ,INF732E01268,NIP IND ETF INFRA BEES,954.37,958.8,945.36,956.56,952.83,0.39,18815,17997676.35
2026-01-14,INFRAIETF,EQ,INF109KC16E5,ICICIPRAMC - ICICIINFRA,95.01,95.52,94.28,95.23,94.84,0.41,131367,12510079.85
2026-01-14,INFY,EQ,INE009A01021,INFOSYS LIMITED,1588.0,1617.0,1583.1,1599.8,1599.0,0.05,7557157,12089940137.6
2026-01-14,INGERRAND,EQ,INE177A01018,INGERSOLL-RAND INDIA LTD,3199.9,3255.0,3153.0,3218.5,3200.1,0.57,19628,63172718.0
2026-01-14,INNOVACAP,EQ,INE0DUT01020,INNOVA CAPTAB LIMITED,684.0,690.35,676.25,679.2,688.05,-1.29,8910,6051672.11
2026-01-14,INNOVANA,EQ,INE403Y01018,INNOVANA THINKLABS LTD,406.2,406.2,392.0,395.1,401.15,-1.51,1530,604503.01
2026-01-14,INOXGREEN,EQ,INE510W01014,INOX GREEN ENERGY SER LTD,184.25,193.51,184.25,187.15,187.07,0.04,630106,117924334.05
2026-01-14,INOXINDIA,EQ,INE616N01034,INOX INDIA LIMITED,1114.1,1132.0,1110.8,1123.2,1118.1,0.46,24708,27752024.39
2026-01-14,INOXWIND,EQ,INE066P01011,INOX WIND LIMITED,114.95,118.49,114.1,114.49,115.16,-0.58,10797027,1236151598.17
2026-01-14,INSECTICID,EQ,INE070I01018,INSECTICIDES (I) LTD,635.45,648.0,633.1,641.55,634.8,1.06,7619,4887969.36
2026-01-14,INSPIRISYS,EQ,INE020G01017,INSPIRISYS SOLUTIONS LTD,87.35,87.35,83.0,83.9,84.08,-0.21,5107,428477.31
2026-01-14,INTELLECT,EQ,INE306R01017,INTELLECT DESIGN ARENA,931.0,937.25,911.3,915.05,931.0,-1.71,113240,103620260.62
2026-01-14,INTENTECH,EQ,INE781A01025,INTENSE TECHNOLOGIES LTD,112.0,119.9,107.5,116.86,114.7,1.88,222003,25943270.72
2026-01-14,INTERARCH,EQ,INE00M901018,INTERARCH BLDNG SOLTN LTD,2145.9,2145.9,2050.5,2069.2,2073.3,-0.2,178000,368317591.31
2026-01-14,INTERNET,EQ,INF769K01PB6,MIRAEAMC - INTERNET,13.72,13.72,13.72,13.72,13.65,0.54,0,0.0
2026-01-14,INTLCONV,EQ,INE575C01027,INTL CONVEYORS LIMITED,81.89,83.98,81.0,81.89,81.76,0.16,51040,4179665.57
2026-01-14,INVENTURE,EQ,INE878H01024,INVENTURE GRO & SEC LTD,1.13,1.17,1.12,1.14,1.13,0.88,782330,891856.19
2026-01-14,IOB,EQ,INE565A01014,INDIAN OVERSEAS BANK,35.5,36.77,35.45,36.11,35.37,2.09,28478641,1028363743.89
2026-01-14,IOC,EQ,INE242A01010,INDIAN OIL CORP LTD,157.0,159.59,156.09,159.16,157.4,1.12,10309941,1640930247.32
2026-01-14,IOLCP,EQ,INE485C01029,IOL CHEM AND PHARMA LTD,75.8,76.95,75.12,75.59,75.86,-0.36,368772,27875474.13
2026-01-14,IONEXCHANG,EQ,INE570A01022,ION EXCHANGE (INDIA) LTD,351.25,354.8,344.4,351.55,349.85,0.49,93175,32755670.11
2026-01-14,IPCALAB,EQ,INE571A01038,IPCA LABORATORIES LTD,1500.0,1525.6,1490.4,1517.0,1507.8,0.61,299342,454101814.0
2026-01-14,IPL,EQ,INE0D6701023,INDIA PESTICIDES LIMITED,167.19,167.78,165.01,165.57,167.19,-0.97,44264,7328790.8
2026-01-14,IRB,EQ,INE821I01022,IRB INFRA DEV LTD.,20.35,20.96,20.35,20.9,20.45,2.15,13053544,272753807.86
2026-01-14,IRCON,EQ,INE962Y01021,IRCON INTERNATIONAL LTD,161.14,167.72,161.14,164.97,162.25,1.68,6156105,1015572649.36
2026-01-14,IRCTC,EQ,INE335Y01020,INDIAN RAIL TOUR CORP LTD,630.2,634.45,626.0,627.45,630.2,-0.44,968707,607815218.98
2026-01-14,IREDA,EQ,INE202E01016,INDIAN RENEWABLE ENERGY,139.0,141.75,137.7,138.1,139.99,-1.35,8600026,1187663643.09
2026-01-14,IRFC,EQ,INE053F01010,INDIAN RAILWAY FIN CORP L,121.33,123.29,120.65,122.01,121.33,0.56,11544717,1408570945.83
2026-01-14,IRIS,EQ,INE864K01010,IRIS REGTECH SOLUTION LTD,285.0,292.45,271.0,280.8,289.55,-3.02,12661,3555208.65
2026-01-14,IRISDOREME,EQ,INE01GN01025,IRIS CLOTHINGS LIMITED,32.75,33.99,32.75,33.15,32.95,0.61,559899,18560652.7
2026-01-14,IRMENERGY,EQ,INE07U701015,IRM ENERGY LIMITED,268.95,273.85,251.9,258.65,273.05,-5.27,146350,37853426.61
2026-01-14,ISFT,EQ,INE566K01011,INTRASOFT TECH. LTD,91.1,93.0,91.0,91.25,92.13,-0.96,11371,1037603.75
2026-01-14,ISGEC,EQ,INE858B01029,ISGEC HEAVY ENG LTD,789.0,810.0,784.0,788.6,795.1,-0.82,27562,21735392.53
2026-01-14,ISHANCH,EQ,INE561M01018,ISHAN DYES N CHEMICALS L,63.16,64.79,58.99,62.85,62.85,0.0,18327,1151851.92
2026-01-14,IT,EQ,INF174KA1GC5,KOTAKMAMC - KOTAKIT,42.85,42.85,41.18,41.42,41.81,-0.93,152077,6299029.06
2026-01-14,ITADD,EQ,INF740KA1SX1,DSPAMC - DSPIT,40.04,40.04,39.5,39.62,39.96,-0.85,14043,556383.65
2026-01-14,ITAXIS,EQ,INF846K01Y96,AXISAMC-ITAXIS,414.26,415.86,410.7,413.0,416.61,-0.87,794,327922.0
2026-01-14,ITBEES,EQ,INF204KB15V2,NIP IND ETF IT,41.64,43.0,41.31,41.49,41.93,-1.05,5572625,231208220.6
2026-01-14,ITBETA,EQ,INF789F1AZD8,UTIAMC-ITBETA,395.84,395.84,390.91,393.24,396.41,-0.8,369,145105.56
2026-01-14,ITC,EQ,INE154A01025,ITC LTD,336.0,336.0,333.45,334.75,334.7,0.01,14913422,4992268014.5
2026-01-14,ITCHOTELS,EQ,INE379A01028,ITC HOTELS LIMITED,192.74,195.7,191.5,191.91,192.44,-0.28,2019407,387544404.77
2026-01-14,ITDC,EQ,INE353K01014,INDIA TOUR. DEV. CO. LTD.,568.1,579.95,565.25,568.8,568.1,0.12,25441,14470840.49
2026-01-14,ITETF,EQ,INF769K01KV5,MIRAEAMC - ITETF,40.01,40.06,39.42,39.56,40.01,-1.12,169193,6693275.31
2026-01-14,ITI,EQ,INE248A01017,ITI LTD,305.0,305.0,300.1,301.05,305.0,-1.3,640265,192751770.43
2026-01-14,ITIETF,EQ,INF109KC16I6,ICICIPRAMC - ICICITECH,41.87,42.0,41.26,41.45,41.88,-1.03,280540,11628383.21
2026-01-14,IVALUE,EQ,INE056801025,IVALUE INFOSOLUTIONS LTD,248.6,254.0,248.25,251.25,248.6,1.07,106620,26788275.0
2026-01-14,IVC,EQ,INE050B01023,IL&FS INVESTMENT MANAGERS,7.76,7.99,7.76,7.94,7.87,0.89,154146,1223919.25
2026-01-14,IVZINGOLD,EQ,INF205KA1BP1,INVESCO INDIA GOLD ETF,12596.95,12597.0,12333.0,12431.6,12466.8,-0.28,2506,31153588.62
2026-01-14,IVZINNIFTY,EQ,INF205KA1CC7,INVESCO INDIA NIFTY ETF,2919.5,2936.35,2916.25,2927.73,2928.28,-0.02,134,392315.82
2026-01-14,IXIGO,EQ,INE0HV901016,LE TRAVENUES TECHNOLOGY L,225.7,232.85,217.45,231.55,225.65,2.61,3424945,793046025.2
2026-01-14,IZMO,EQ,INE848A01014,IZMO LIMITED,716.7,724.95,703.15,708.45,717.75,-1.3,39039,27657180.03
2026-01-14,J&KBANK,EQ,INE168A01041,J & K BANK LTD.,100.34,103.39,100.16,102.66,100.44,2.21,1979553,203220918.23
2026-01-14,JAGRAN,EQ,INE199G01027,JAGRAN PRAKASHAN LIMITED,70.14,70.27,68.8,68.97,69.46,-0.71,143531,9899333.25
2026-01-14,JAGSNPHARM,EQ,INE048B01035,JAGSONPAL PHARMACEUTICALS,182.9,182.9,176.5,178.35,182.05,-2.03,39463,7038226.29
2026-01-14,JAIBALAJI,EQ,INE091G01026,JAI BALAJI INDUSTRIES LTD,65.74,67.57,65.31,65.87,65.73,0.21,1079731,71121883.94
2026-01-14,JAICORPLTD,EQ,INE070D01027,JAI CORP LIMITED,120.0,122.28,118.83,119.34,119.63,-0.24,326319,38942908.26
2026-01-14,JAINREC,EQ,INE0YD401026,JAIN RESOURCE RECYCLING L,415.9,416.9,406.55,411.7,413.85,-0.52,1515370,623877847.5
2026-01-14,JAIPURKURT,EQ,INE696V01013,NANDANI CREATION LIMITED,39.66,39.66,37.0,37.23,38.46,-3.2,55871,2080077.3
2026-01-14,JAMNAAUTO,EQ,INE039C01032,JAMNA AUTO IND LTD,133.0,133.01,126.01,126.68,133.52,-5.12,2540190,321791269.98
2026-01-14,JARO,EQ,INE00YJ01010,JARO INS OF TEC MG N RE L,422.9,480.0,419.75,471.7,422.15,11.74,3176652,1498426787.18
2026-01-14,JASH,EQ,INE039O01029,JASH ENGINEERING LIMITED,408.0,410.0,399.3,404.95,402.05,0.72,49983,20240616.46
2026-01-14,JAYAGROGN,EQ,INE785A01026,JAYANT AGRO ORGANICS LTD,192.61,196.0,192.03,193.32,196.4,-1.57,1837,355128.85
2026-01-14,JAYBARMARU,EQ,INE571B01036,JAY BHARAT MARUTI LTD,96.58,96.62,93.51,93.87,95.76,-1.97,88875,8342696.49
2026-01-14,JAYKAY,EQ,INE903A01025,JAYKAY ENTERPRISES LTD,176.0,177.31,174.0,175.93,176.34,-0.23,37761,6643292.45
2026-01-14,JAYNECOIND,EQ,INE854B01010,JAYASWAL NECO INDUSTR LTD,86.5,89.4,85.64,87.39,85.75,1.91,5156411,450618754.14
2026-01-14,JAYSREETEA,EQ,INE364A01020,JAYSHREE TEA & INDUSTRIES,85.49,86.76,84.99,85.57,84.7,1.03,11202,958555.14
2026-01-14,JBMA,EQ,INE927D01051,JBM AUTO LIMITED,607.05,611.0,596.6,600.9,607.7,-1.12,427796,257062626.84
2026-01-14,JETFREIGHT,EQ,INE982V01025,JET FREIGHT LOGISTICS LTD,16.6,17.0,16.6,16.77,16.68,0.54,28000,469560.01
2026-01-14,JGCHEM,EQ,INE0MB501011,J.G.CHEMICALS LIMITED,330.0,345.45,329.0,342.55,333.1,2.84,59683,20444410.92
2026-01-14,JHS,EQ,INE544H01014,JHS SVEND. LAB. LTD,10.71,10.71,10.0,10.19,10.5,-2.95,95323,971341.33
2026-01-14,JINDALPHOT,EQ,INE796G01012,JINDAL PHOTO LIMITED,1419.0,1419.0,1371.5,1387.2,1431.3,-3.08,29853,41412080.14
2026-01-14,JINDALPOLY,EQ,INE197D01010,JINDAL POLY FILMS LIMITED,424.7,426.95,410.0,413.65,420.35,-1.59,81486,33706683.4
2026-01-14,JINDALSAW,EQ,INE324A01032,JINDAL SAW LIMITED,161.6,162.9,159.5,159.97,161.52,-0.96,1444466,231071227.78
2026-01-14,JINDALSTEL,EQ,INE749A01030,JINDAL STEEL LIMITED,1012.0,1046.0,1006.0,1040.7,1010.8,2.96,1727062,1797353339.07
2026-01-14,JINDRILL,EQ,INE742C01031,JINDAL DRILLING IND. LTD,515.3,536.85,515.3,525.45,520.9,0.87,90832,47727675.51
2026-01-14,JINDWORLD,EQ,INE247D01039,JINDAL WORLDWIDE LTD,27.05,27.39,27.01,27.17,27.21,-0.15,199794,5428403.0
2026-01-14,JIOFIN,EQ,INE758E01017,JIO FIN SERVICES LTD,281.95,287.85,281.85,287.0,284.6,0.84,6701056,1923203072.0
2026-01-14,JISLDVREQS,EQ,IN9175A01010,JAIN DVR EQUITY SHARES,27.45,28.5,26.56,27.0,27.45,-1.64,87998,2375946.0
2026-01-14,JISLJALEQS,EQ,INE175A01038,JAIN IRRIGATION SYSTEMS,38.47,38.85,38.06,38.54,38.52,0.05,1278558,49275626.49
2026-01-14,JITFINFRA,EQ,INE863T01013,JITF INFRALOGISTICS LTD,273.9,273.9,262.2,264.2,271.0,-2.51,8972,2370402.51
2026-01-14,JKCEMENT,EQ,INE823G01014,JK CEMENT LIMITED,5668.0,5775.0,5651.5,5712.0,5783.0,-1.23,79023,451379376.0
2026-01-14,JKIL,EQ,INE576I01022,JKUMAR INFR.LTD.,549.65,557.95,546.5,551.7,553.0,-0.24,90270,49801960.1
2026-01-14,JKIPL,EQ,INE1FF001016,JINKUSHAL INDUSTRIES LTD,85.72,85.83,83.0,83.56,85.72,-2.52,43004,3593414.14
2026-01-14,JKLAKSHMI,EQ,INE786A01032,JK LAKSHMI CEMENT LTD,756.05,777.0,750.5,775.3,761.05,1.87,100370,77816859.77
2026-01-14,JKPAPER,EQ,INE789E01012,JK PAPER LIMITED,351.0,351.65,345.75,346.75,351.0,-1.21,370394,128434119.5
2026-01-14,JKTYRE,EQ,INE573A01042,JK TYRE & INDUSTRIES LTD,501.0,510.7,500.05,506.15,504.2,0.39,434644,219995057.95
2026-01-14,JLHL,EQ,INE682M01020,JUPITER LIFE LINE HOSP L,273.0,276.0,264.0,273.16,270.96,0.81,180015,49172898.06
2026-01-14,JMA,EQ,INE412C01023,JULLUNDUR MOT AGENCY LTD,76.8,78.0,73.2,74.24,75.01,-1.03,6340,470681.59
2026-01-14,JMFINANCIL,EQ,INE780C01023,JM FINANCIAL LIMITED,136.0,139.45,135.55,138.96,135.33,2.68,2468698,343050290.65
2026-01-14,JNKINDIA,EQ,INE0OAF01028,JNK INDIA LIMITED,222.8,223.5,218.71,219.92,221.93,-0.91,45239,9948960.8
2026-01-14,JOCIL,EQ,INE839G01010,JOCIL LIMITED,135.11,151.0,132.0,141.37,136.28,3.73,2432,343811.83
2026-01-14,JPOLYINVST,EQ,INE147P01019,JIND POL INV & FIN CO LTD,971.9,971.9,930.1,950.4,942.8,0.81,18469,17552938.05
2026-01-14,JPPOWER,EQ,INE351F01018,JAIPRAKASH POWER VEN. LTD,16.62,16.69,16.3,16.48,16.65,-1.02,22846645,376512699.14
2026-01-14,JSFB,EQ,INE953L01027,JANA SMALL FIN BANK LTD,403.35,405.75,399.1,400.8,403.35,-0.63,358061,143510844.43
2026-01-14,JSL,EQ,INE220G01021,JINDAL STAINLESS LIMITED,780.4,799.25,769.55,794.1,784.4,1.24,752362,597450645.83
2026-01-14,JSLL,EQ,INE0J5801029,JEENA SIKHO LIFECARE LTD,710.0,748.9,710.0,729.6,716.9,1.77,209080,152544762.9
2026-01-14,JSWCEMENT,EQ,INE718I01012,JSW CEMENT LIMITED,122.2,122.9,121.4,121.67,122.34,-0.55,1074279,130707523.96
2026-01-14,JSWDULUX,EQ,INE133A01011,JSW DULUX LIMITED,3096.0,3124.2,3085.0,3111.0,3102.6,0.27,28935,90016785.0
2026-01-14,JSWENERGY,EQ,INE121E01018,JSW ENERGY LIMITED,493.0,501.0,491.5,494.65,494.15,0.1,950741,470284029.85
2026-01-14,JSWHL,EQ,INE824G01012,JSW HOLDINGS LIMITED,18185.0,18655.0,17850.0,18440.0,18045.0,2.19,1697,31292680.0
2026-01-14,JSWINFRA,EQ,INE880J01026,JSW INFRASTRUCTURE LTD,264.7,264.8,262.1,263.25,264.35,-0.42,1561371,411030915.75
2026-01-14,JSWSTEEL,EQ,INE019A01038,JSW STEEL LIMITED,1179.9,1201.9,1170.3,1181.8,1178.1,0.31,2281726,2696543898.21
2026-01-14,JTEKTINDIA,EQ,INE643A01035,JTEKT INDIA LIMITED,146.4,148.36,145.52,146.63,147.74,-0.75,33130,4857852.06
2026-01-14,JTLIND,EQ,INE391J01032,JTL INDUSTRIES LIMITED,63.89,71.9,62.65,69.88,66.47,5.13,28469974,1989481704.92
2026-01-14,JUBLCPL,EQ,INE03CC01015,JUBILANT AGRI N CON PRO L,2190.1,2190.2,2114.4,2121.8,2190.1,-3.12,4744,10065819.43
2026-01-14,JUBLFOOD,EQ,INE797F01020,JUBILANT FOODWORKS LTD,528.0,530.8,523.2,529.3,528.0,0.25,1434389,759222080.19
2026-01-14,JUBLINGREA,EQ,INE0BY001018,JUBILANT INGREVIA LIMITED,682.6,690.0,674.35,686.45,684.3,0.31,97649,67031157.24
2026-01-14,JUBLPHARMA,EQ,INE700A01033,JUBILANT PHARMOVA LTD,1031.1,1073.0,1031.1,1066.3,1040.6,2.47,98430,104955913.81
2026-01-14,JUNIORBEES,EQ,INF732E01045,NIP IND ETF JUNIOR BEES,740.0,745.0,733.76,741.31,737.06,0.58,465966,345425254.32
2026-01-14,JUNIPER,EQ,INE696F01016,JUNIPER HOTELS LIMITED,249.95,251.6,246.0,248.5,249.9,-0.56,25618,6366073.0
2026-01-14,JUSTDIAL,EQ,INE599M01018,JUSTDIAL LTD.,730.15,732.9,717.0,719.7,733.15,-1.83,225369,162198072.05
2026-01-14,JWL,EQ,INE209L01016,JUPITER WAGONS LIMITED,294.6,334.9,292.15,331.15,294.2,12.56,45943210,15214093711.08
2026-01-14,JYOTHYLAB,EQ,INE668F01031,JYOTHY LABS LIMITED,260.0,261.0,255.3,256.65,260.4,-1.44,360589,92545164.65
2026-01-14,JYOTICNC,EQ,INE980O01024,JYOTI CNC AUTOMATION LTD,937.0,947.1,927.7,930.5,936.0,-0.59,105588,98249634.0
2026-01-14,JYOTISTRUC,EQ,INE197A01024,JYOTI STRUCTURES LTD,8.59,8.95,8.59,8.83,8.77,0.68,5939375,52444680.8
2026-01-14,KABRAEXTRU,EQ,INE900B01029,KABRA EXTRUSION TECHNIK L,201.0,206.58,200.11,201.07,204.58,-1.72,15864,3189774.6
2026-01-14,KAJARIACER,EQ,INE217B01036,KAJARIA CERAMICS LTD,985.0,998.8,980.0,995.55,994.55,0.1,163151,162424976.06
2026-01-14,KAKATCEM,EQ,INE437B01014,KAKATIYA CEM SUGAR &IND L,119.65,120.18,117.1,120.06,118.56,1.27,3596,431735.75
2026-01-14,KALAMANDIR,EQ,INE438K01021,SAI SILKS (KALAMANDIR) L,122.89,123.12,120.5,121.55,122.45,-0.73,430623,52342226.96
2026-01-14,KALPATARU,EQ,INE227J01012,KALPATARU LIMITED,353.4,373.4,352.3,356.6,358.7,-0.59,112357,40066506.89
2026-01-14,KALYANKJIL,EQ,INE303R01014,KALYAN JEWELLERS IND LTD,493.3,493.35,475.5,480.4,495.45,-3.04,6837010,3284499562.27
2026-01-14,KAMATHOTEL,EQ,INE967C01018,KAMAT HOTELS (I) LTD,228.87,231.3,228.07,229.68,230.02,-0.15,7895,1813323.54
2026-01-14,KAMOPAINTS,EQ,INE0BTI01037,KAMDHENU VENTURES LIMITED,6.52,6.6,6.4,6.48,6.48,0.0,1339198,8678003.07
2026-01-14,KANANIIND,EQ,INE879E01037,KANANI INDUSTRIES LTD,1.61,1.63,1.59,1.61,1.61,0.0,100244,161392.84
2026-01-14,KANPRPLA,EQ,INE694E01014,KANPUR PLASTIPACK LIMITED,165.62,171.9,163.5,170.42,166.63,2.27,7880,1342909.59
2026-01-14,KANSAINER,EQ,INE531A01024,KANSAI NEROLAC PAINTS LTD,232.23,237.81,231.23,236.55,232.26,1.85,151586,35857668.76
2026-01-14,KAPSTON,EQ,INE542Z01028,KAPSTON SERVICES LIMITED,314.4,318.8,312.3,317.25,312.8,1.42,9846,3123643.5
2026-01-14,KARMAENG,EQ,INE725L01011,KARMA ENERGY LIMITED,48.35,49.98,45.1,45.98,47.58,-3.36,5785,265994.3
2026-01-14,KARURVYSYA,EQ,INE036D01028,KARUR VYSYA BANK LTD,265.35,271.0,259.7,266.85,264.8,0.77,2808389,749418621.79
2026-01-14,KAYNES,EQ,INE918Z01012,KAYNES TECHNOLOGY IND LTD,3696.0,3805.0,3666.4,3680.6,3694.5,-0.38,1524652,5611634300.09
2026-01-14,KCP,EQ,INE805C01028,KCP LTD,170.44,172.38,169.1,170.15,171.97,-1.06,120797,20553608.81
2026-01-14,KDDL,EQ,INE291D01011,KDDL LIMITED,2298.6,2304.2,2240.2,2246.4,2322.4,-3.27,8904,20001944.73
2026-01-14,KEC,EQ,INE389H01022,KEC INTL. LIMITED,681.15,704.0,677.55,699.25,685.95,1.94,617356,431686183.0
2026-01-14,KECL,EQ,INE134B01017,KIRLOSKAR ELECTRIC CO LTD,91.7,93.5,90.61,92.96,92.46,0.54,137784,12808400.51
2026-01-14,KEEPLEARN,EQ,INE055C01020,DSJ KEEP LEARNING LTD,2.38,2.38,2.21,2.24,2.34,-4.27,46272,103649.28
2026-01-14,KEI,EQ,INE878B01027,KEI INDUSTRIES LTD.,4290.0,4393.5,4267.0,4384.6,4310.8,1.71,280180,1228477255.36
2026-01-14,KELLTONTEC,EQ,INE164B01030,KELLTON TECH SOL LTD,16.8,16.98,16.4,16.6,16.79,-1.13,1837391,30500691.3
2026-01-14,KERNEX,EQ,INE202H01019,KERNEX MICROSYS(I) LTD,1110.0,1289.9,1080.1,1256.7,1110.8,13.13,734233,922710575.25
2026-01-14,KEYFINSERV,EQ,INE681C01015,KEYNOTE FIN SERV LTD.,288.0,290.6,279.0,281.55,290.6,-3.11,1884,530440.18
2026-01-14,KFINTECH,EQ,INE138Y01010,KFIN TECHNOLOGIES LIMITED,1054.9,1074.2,1049.5,1067.8,1054.8,1.23,472865,504925270.09
2026-01-14,KHAICHEM,EQ,INE745B01028,KHAITAN CHEM & FERT LTD,68.98,69.84,68.0,68.41,68.98,-0.83,118526,8108364.09
2026-01-14,KHAITANLTD,EQ,INE731C01018,KHAITAN (INDIA)LTD.,96.22,98.99,94.4,96.57,95.75,0.86,553,53403.21
2026-01-14,KHANDSE,EQ,INE060B01014,KHANDWALA SECURITIES LTD,20.9,21.45,19.11,20.18,19.67,2.59,9574,193203.32
2026-01-14,KICL,EQ,INE029L01018,KALYANI INVEST CO LTD,4722.0,4819.1,4722.0,4778.8,4752.6,0.55,1029,4917385.0
2026-01-14,KIMS,EQ,INE967H01025,KRISHNA INST OF MED SCI L,622.0,631.0,616.15,623.6,622.85,0.12,151942,94751027.49
2026-01-14,KINGFA,EQ,INE473D01015,KINGFA SCI & TEC IND LTD.,4319.2,4360.0,4285.0,4340.6,4319.2,0.5,8343,36213626.61
2026-01-14,KIOCL,EQ,INE880L01014,KIOCL LIMITED,363.95,387.0,361.15,379.35,362.0,4.79,844128,320219961.95
2026-01-14,KIRIINDUS,EQ,INE415I01015,KIRI INDUSTRIES LIMITED,534.95,546.5,523.85,533.6,536.25,-0.49,5906960,3151953711.79
2026-01-14,KIRLOSBROS,EQ,INE732A01036,KIRLOSKAR BROTHERS LTD,1610.9,1627.1,1603.9,1612.1,1621.4,-0.57,15558,25081051.42
2026-01-14,KIRLOSENG,EQ,INE146L01010,KIRLOSKAR OIL ENG LTD,1150.0,1172.1,1138.9,1166.7,1150.7,1.39,154265,179980967.97
2026-01-14,KIRLOSIND,EQ,INE250A01039,KIRLOSKAR INDUSTRIES LTD,3057.6,3065.2,2985.0,2998.6,3069.1,-2.3,3298,9889383.12
2026-01-14,KIRLPNU,EQ,INE811A01038,KIRLOSKAR PNEUMATIC COM L,520.0,538.05,519.3,534.8,525.55,1.76,86768,46403525.34
2026-01-14,KITEX,EQ,INE602G01020,KITEX GARMENTS LTD,155.0,155.46,151.66,152.91,155.23,-1.49,714220,109211382.82
2026-01-14,KKCL,EQ,INE401H01017,KEWAL KIRAN CLOTHING LTD,462.8,495.55,462.8,493.65,467.45,5.6,40057,19774137.81
2026-01-14,KMEW,EQ,INE0CJD01029,KNOWLEDGE MARINE & EN W L,1838.0,1942.9,1800.0,1921.2,1837.6,4.55,429101,824388820.25
2026-01-14,KMSUGAR,EQ,INE157H01023,K M SUGAR MILLS LTD,27.48,27.75,26.91,27.09,27.22,-0.48,41870,1134258.31
2026-01-14,KNAGRI,EQ,INE0KNW01016,KN AGRI RESOURCES LIMITED,190.0,190.0,182.0,185.95,189.99,-2.13,9058,1684335.07
2026-01-14,KNRCON,EQ,INE634I01029,KNR CONSTRU LTD.,141.7,143.29,141.33,141.84,141.9,-0.04,505517,71702529.43
2026-01-14,KOHINOOR,EQ,INE080B01012,KOHINOOR FOODS LIMITED,25.0,25.65,24.61,24.97,25.1,-0.52,69192,1727724.19
2026-01-14,KOKUYOCMLN,EQ,INE760A01029,KOKUYO CAMLIN LIMITED,86.97,88.72,86.02,87.53,86.97,0.64,19103,1672085.57
2026-01-14,KOLTEPATIL,EQ,INE094I01018,KOLTE PATIL DEV. LTD.,371.0,377.95,367.5,375.4,371.15,1.15,93729,35185866.03
2026-01-14,KOPRAN,EQ,INE082A01010,KOPRAN LTD,147.0,148.23,145.1,146.17,147.71,-1.04,64138,9375051.34
2026-01-14,KOTAKBANK,EQ,INE237A01036,KOTAK MAHINDRA BANK LTD,426.0,427.6,418.8,421.0,426.52,-1.29,10818517,4554595657.0
2026-01-14,KOTHARIPET,EQ,INE720A01015,KOTHARI PETROCHEM LTD,118.1,122.0,118.1,119.97,119.31,0.55,22045,2644738.68
2026-01-14,KOTHARIPRO,EQ,INE823A01017,KOTHARI PRODUCTS LTD,68.46,70.48,68.46,68.63,68.8,-0.25,7194,493724.2
2026-01-14,KPEL,EQ,INE127T01021,K.P. ENERGY LIMITED,318.8,323.3,316.7,318.3,318.4,-0.03,161050,51262213.03
2026-01-14,KPIGREEN,EQ,INE542W01025,KPI GREEN ENERGY LIMITED,445.8,448.65,431.25,432.95,448.05,-3.37,994201,430439335.09
2026-01-14,KPIL,EQ,INE220B01022,KALPATARU PROJECT INT LTD,1125.0,1149.3,1117.4,1136.8,1127.7,0.81,87057,98966401.85
2026-01-14,KPITTECH,EQ,INE04I401011,KPIT TECHNOLOGIES LIMITED,1179.2,1205.7,1167.8,1179.4,1173.6,0.49,683650,806296826.69
2026-01-14,KPRMILL,EQ,INE930H01031,KPR MILL LTD.,854.45,863.5,843.2,858.95,854.35,0.54,226156,194256698.96
2026-01-14,KRBL,EQ,INE001B01026,KRBL LIMITED,358.2,362.75,355.0,357.75,362.15,-1.21,410963,147022013.25
2026-01-14,KREBSBIO,EQ,INE268B01013,KREBS BIOCHEMICALS & IND,62.5,65.0,62.5,64.72,63.15,2.49,1563,101157.36
2026-01-14,KRIDHANINF,EQ,INE524L01026,KRIDHAN INFRA LIMITED,4.0,4.0,3.75,3.86,3.9,-1.03,52314,201932.03
2026-01-14,KRISHANA,EQ,INE506W01020,KRISHANA PHOSCHEM LIMITED,100.0,100.54,97.32,97.83,99.8,-1.97,199440,19511215.57
2026-01-14,KRISHIVAL,EQ,INE0GGO01015,KRISHIVAL FOODS LIMITED,344.8,379.7,318.05,332.8,345.2,-3.59,67025,22305919.18
2026-01-14,KRISHNADEF,EQ,INE0J5601015,KRISHNA DEF AND ALD IND L,929.65,929.65,883.0,888.45,916.05,-3.01,54311,48252608.61
2026-01-14,KRITI,EQ,INE479D01038,KRITI INDUSTRIES IND LTD,81.05,85.93,80.11,82.32,82.51,-0.23,6656,547921.92
2026-01-14,KRITIKA,EQ,INE00Z501029,KRITIKA WIRES LIMITED,7.19,7.19,7.02,7.06,7.07,-0.14,113617,802136.01
2026-01-14,KRITINUT,EQ,INE798K01010,KRITI NUTRIENTS LIMITED,73.86,77.59,73.0,75.35,72.98,3.25,46629,3513495.08
2026-01-14,KRN,EQ,INE0Q3J01015,KRN HEAT EXCHANGE N REF L,714.7,728.95,705.15,721.45,711.55,1.39,137180,98968512.67
2026-01-14,KROSS,EQ,INE0O6601022,KROSS LIMITED,196.3,203.0,196.3,199.2,198.7,0.25,342174,68161059.76
2026-01-14,KRSNAA,EQ,INE08LI01020,KRSNAA DIAGNOSTICS LTD,726.95,735.25,706.0,708.7,724.85,-2.23,130979,92824818.9
2026-01-14,KRYSTAL,EQ,INE0QN801017,KRYSTAL INTEGRATED SER L,627.7,632.0,614.05,614.35,614.1,0.04,68035,41797300.59
2026-01-14,KSB,EQ,INE999A01023,KSB LIMITED,737.8,739.55,725.0,728.4,733.9,-0.75,26974,19647862.26
2026-01-14,KSCL,EQ,INE455I01029,KAVERI SEED CO. LTD.,893.6,901.0,882.0,887.8,897.2,-1.05,39848,35377053.91
2026-01-14,KSHINTL,EQ,INE987S01020,KSH INTERNATIONAL LIMITED,332.95,349.95,331.8,344.0,331.9,3.65,329251,113262344.0
2026-01-14,KSHITIJPOL,EQ,INE013801027,KSHITIJ POLYLINE LIMITED,2.46,2.46,2.33,2.33,2.4,-2.92,158195,368594.34
2026-01-14,KSL,EQ,INE907A01026,KALYANI STEELS LIMITED,686.5,708.6,686.5,697.85,696.85,0.14,30479,21269769.41
2026-01-14,KSOLVES,EQ,INE0D6I01023,KSOLVES INDIA LIMITED,279.0,284.0,278.0,279.25,280.85,-0.57,17326,4838285.5
2026-01-14,KTKBANK,EQ,INE614B01018,KARNATAKA BANK LIMITED,186.85,190.54,185.67,189.31,186.4,1.56,1934402,366201637.9
2026-01-14,KUANTUM,EQ,INE529I01021,KUANTUM PAPERS LIMITED,92.12,93.99,92.12,93.22,92.12,1.19,11012,1026538.65
2026-01-14,LAGNAM,EQ,INE548Z01017,LAGNAM SPINTEX LIMITED,72.19,72.19,67.35,70.52,70.29,0.33,2073,146187.95
2026-01-14,LAL,EQ,INE740X01023,LORENZINI APPARELS LTD,8.25,8.25,7.6,7.74,7.79,-0.64,50657,392085.17
2026-01-14,LALPATHLAB,EQ,INE600L01024,DR. LAL PATH LABS LTD.,1424.4,1455.0,1401.4,1410.2,1421.0,-0.76,505949,713489255.1
2026-01-14,LAMBODHARA,EQ,INE112F01022,LAMBODHARA TEXTILES LTD.,115.79,115.79,111.0,111.22,112.39,-1.04,5175,575563.51
2026-01-14,LANDMARK,EQ,INE559R01029,LANDMARK CARS LIMITED,450.9,455.0,437.0,450.0,455.05,-1.11,205175,92328750.0
2026-01-14,LANDSMILL,EQ,INE688J01023,LANDSMILL GREEN LIMITED,1.34,1.35,1.28,1.29,1.31,-1.53,3390450,4373680.37
2026-01-14,LAOPALA,EQ,INE059D01020,LA OPALA RG LIMITED,199.66,201.29,198.31,200.44,200.4,0.02,27767,5565617.55
2026-01-14,LATENTVIEW,EQ,INE0I7C01011,LATENT VIEW ANALYTICS LTD,438.0,441.9,423.85,429.8,439.45,-2.2,392020,168490191.21
2026-01-14,LATTEYS,EQ,INE262Z01023,LATTEYS INDUSTRIES LTD,25.16,25.16,23.98,25.16,23.97,4.96,341357,8588542.07
2026-01-14,LAURUSLABS,EQ,INE947Q01028,LAURUS LABS LIMITED,1063.0,1098.9,1057.8,1090.5,1058.3,3.04,2383234,2598916677.0
2026-01-14,LAXMICOT,EQ,INE801V01019,LAXMI COTSPIN LIMITED,16.0,16.0,15.36,15.56,15.85,-1.83,6414,99801.84
2026-01-14,LAXMIDENTL,EQ,INE0WO601020,LAXMI DENTAL LIMITED,247.6,247.65,237.0,237.85,243.95,-2.5,68166,16213283.52
2026-01-14,LAXMIINDIA,EQ,INE06WU01026,LAXMI INDIA FINANCE LTD,108.49,110.59,104.98,108.45,107.93,0.48,266672,28920577.59
2026-01-14,LCCINFOTEC,EQ,INE938A01021,LCC INFOTECH LTD,5.39,5.39,5.13,5.13,5.4,-5.0,18513,94971.69
2026-01-14,LEMERITE,EQ,INE0G1L01025,LE MERITE EXPORTS LIMITED,92.72,94.8,92.12,92.54,92.25,0.31,118920,11004856.91
2026-01-14,LEMONTREE,EQ,INE970X01018,LEMON TREE HOTELS LTD,151.55,152.51,149.15,149.47,151.5,-1.34,3392131,507021824.71
2026-01-14,LENSKART,EQ,INE956O01016,LENSKART SOLUTIONS LTD,445.05,460.55,440.2,457.7,446.95,2.41,2647444,1211735151.12
2026-01-14,LEXUS,EQ,INE500X01013,LEXUS GRANITO (INDIA) LTD,25.87,27.0,25.41,26.55,26.0,2.12,8207,217895.84
2026-01-14,LFIC,EQ,INE850E01012,LAKSHMI FIN IND CORP LTD,153.51,155.59,151.3,154.9,153.99,0.59,500,77450.0
2026-01-14,LGBBROSLTD,EQ,INE337A01034,LG BALAKRISHNAN & BROS,1923.3,1926.6,1852.5,1859.9,1928.1,-3.54,36910,68648909.9
2026-01-14,LGEINDIA,EQ,INE324D01010,LG ELECTRONICS INDIA LTD,1400.2,1402.9,1386.0,1391.7,1398.9,-0.51,1247457,1736085845.99
2026-01-14,LGHL,EQ,INE258Y01016,LAXMI GOLDORNA HOUSE LTD,300.0,300.0,288.2,289.5,292.05,-0.87,131328,38019456.0
2026-01-14,LIBAS,EQ,INE908V01012,LIBAS CONSU PRODUCTS LTD,10.56,11.36,10.43,10.51,10.58,-0.66,15998,168138.98
2026-01-14,LIBERTSHOE,EQ,INE557B01019,LIBERTY SHOES LTD,242.5,245.95,238.25,240.95,241.8,-0.35,16791,4045791.4
2026-01-14,LICHSGFIN,EQ,INE115A01026,LIC HOUSING FINANCE LTD,522.8,537.5,521.55,535.25,521.05,2.73,3607165,1930735066.25
2026-01-14,LICI,EQ,INE0J1Y01017,LIFE INSURA CORP OF INDIA,415.0,416.42,412.25,413.35,415.88,-0.61,1129766,466988783.0
2026-01-14,LICMFGOLD,EQ,INF767K01SM1,LIC MF - LIC GOLD ETF,12892.95,14500.0,12800.1,13164.4,12715.75,3.53,6318,83172681.67
2026-01-14,LICNETFGSC,EQ,INF767K01MV5,LICNAMC - LICNMFET,28.65,30.05,28.65,28.97,28.74,0.8,104303,3021657.84
2026-01-14,LICNETFN50,EQ,INF767K01OS7,LICNAMC - LICNFENGP,286.7,287.72,284.87,285.4,286.5,-0.38,1307,373017.79
2026-01-14,LICNETFSEN,EQ,INF767K01OT5,LICNAMC - LICNFESGP,938.0,938.0,935.8,935.8,940.29,-0.48,46,43046.8
2026-01-14,LICNFNHGP,EQ,INF767K01PC8,LICNAMC - LICNFNHGP,287.48,287.48,285.11,285.12,285.91,-0.28,248,70709.76
2026-01-14,LICNMID100,EQ,INF767K01RN1,LICNAMC - LICNMID100,59.94,60.19,59.36,59.95,59.65,0.5,12585,754470.76
2026-01-14,LIKHITHA,EQ,INE060901027,LIKHITHA INFRASTRUC LTD,169.4,173.18,167.28,170.33,170.95,-0.36,59696,10168019.79
2026-01-14,LINC,EQ,INE802B01027,LINC LIMITED,112.6,116.24,111.51,112.5,112.55,-0.04,22256,2503800.0
2026-01-14,LINCOLN,EQ,INE405C01035,LINCOLN PHARMA LTD,477.4,487.15,477.4,482.25,478.75,0.73,7350,3544537.5
2026-01-14,LINDEINDIA,EQ,INE473A01011,LINDE INDIA LIMITED,6081.0,6099.5,6011.5,6080.0,6083.0,-0.05,11067,67287360.0
2026-01-14,LIQUID,EQ,INF769K01KS1,MIRAEAMC - LIQUID,999.0,1000.0,999.0,999.99,999.99,0.0,102002,102000978.98
2026-01-14,LIQUID1,EQ,INF174KA1LV5,KOTAKMAMC - KOTAKLIQ,1086.0,1094.0,1086.0,1087.01,1086.7,0.03,652918,709728401.56
2026-01-14,LIQUIDADD,EQ,INF740KA1UM0,DSPAMC - LIQUIDADD,1108.85,1109.16,1108.85,1109.15,1108.85,0.03,345887,383640574.49
2026-01-14,LIQUIDBEES,EQ,INF732E01037,NIP IND ETF LIQUID BEES,1000.0,1000.01,999.99,1000.0,1000.0,0.0,1891317,1891317000.0
2026-01-14,LIQUIDBETF,EQ,INF0QA701854,BFAM - LIQUIDBETF,1065.2,1065.2,1065.18,1065.19,1064.92,0.03,329539,351021628.1
2026-01-14,LIQUIDCASE,EQ,INF0R8F01034,ZERODHAAMC - LIQUIDCASE,112.3,112.32,112.3,112.31,112.28,0.03,17535617,1969425102.46
2026-01-14,LIQUIDETF,EQ,INF740KA1EU7,DSP LIQUID ETF,1002.0,1002.0,999.99,999.99,1000.0,-0.0,65659,65658342.77
2026-01-14,LIQUIDIETF,EQ,INF109KC1KT9,ICICIPRAMC - ICICILIQ,999.99,1000.01,993.01,999.99,999.99,0.0,483697,483692158.31
2026-01-14,LIQUIDPLUS,EQ,INF769K01MY5,MIRAEAMC - LIQUIDPLUS,1068.49,1068.51,1068.49,1068.49,1068.2,0.03,31394,33544174.75
2026-01-14,LIQUIDSBI,EQ,INF200KA13Z8,SBIAMC - LIQUIDSBI,999.99,1000.01,999.99,1000.0,999.99,0.0,35960,35960000.0
2026-01-14,LIQUIDSHRI,EQ,INF680P01422,SHRIRAM - LIQUIDSHRI,1088.0,1088.02,1088.0,1088.01,1087.72,0.03,2358,2565527.6
2026-01-14,LLOYDSENGG,EQ,INE093R01011,LLOYDS ENGG WORK LIMITED,51.85,52.42,50.74,50.89,51.08,-0.37,2884681,146801414.33
2026-01-14,LLOYDSENT,EQ,INE080I01025,LLOYDS ENTERPRISES LTD,57.86,60.21,57.86,59.16,59.83,-1.12,2523572,149294519.13
2026-01-14,LLOYDSME,EQ,INE281B01032,LLOYDS METALS N ENERGY L,1231.0,1247.6,1226.0,1238.7,1235.7,0.24,246035,304763542.49
2026-01-14,LMW,EQ,INE269B01029,LMW LIMITED,14156.0,14666.0,14000.0,14234.0,14085.0,1.06,6880,97929920.0
2026-01-14,LODHA,EQ,INE670K01029,LODHA DEVELOPERS LIMITED,1054.4,1069.6,1047.5,1058.8,1074.4,-1.45,981592,1039309657.53
2026-01-14,LOKESHMACH,EQ,INE397H01017,LOKESH MACHINES LTD,180.8,186.9,170.0,184.61,180.32,2.38,106175,19600966.81
2026-01-14,LORDSCHLO,EQ,INE846D01012,LORDS CHLORO ALKALI LTD,155.63,159.5,153.61,155.57,155.63,-0.04,13129,2042478.63
2026-01-14,LOTUSEYE,EQ,INE947I01017,LOTUS EYE HOSP & INST L,108.17,110.78,107.28,108.13,107.93,0.19,66471,7187509.05
2026-01-14,LOVABLE,EQ,INE597L01014,LOVABLE LINGERIE LTD,75.78,76.95,74.0,75.58,75.78,-0.26,17130,1294685.43
2026-01-14,LOWVOL,EQ,INF769K01JU9,MIRAEAMC - MANV30F,214.7,214.7,213.7,213.79,214.7,-0.42,177,37840.83
2026-01-14,LOWVOL1,EQ,INF174KA1IY5,KOTAKMAMC - KOTAKLOVOL,22.0,22.0,21.81,21.87,22.0,-0.59,320359,7006251.6
2026-01-14,LOWVOLIETF,EQ,INF109KC19U5,ICICI PR NIF LW VL 30 ETF,23.19,23.19,22.96,23.0,23.14,-0.61,907209,20865807.0
2026-01-14,LOYALTEX,EQ,INE970D01010,LOYAL TEXTILE MILLS LTD,205.0,205.0,190.02,200.39,207.87,-3.6,725,145282.75
2026-01-14,LPDC,EQ,INE197J01017,LANDMARK PR.DEV.CO.LTD,7.09,7.09,6.9,6.9,7.02,-1.71,30209,208442.1
2026-01-14,LT,EQ,INE018A01030,LARSEN & TOUBRO LTD.,3900.0,3904.9,3856.6,3865.8,3887.4,-0.56,1914244,7400084548.67
2026-01-14,LTF,EQ,INE498L01015,L&T FINANCE LIMITED,286.1,296.45,283.7,295.8,288.65,2.48,10569647,3126501453.58
2026-01-14,LTFOODS,EQ,INE818H01020,LT FOODS LIMITED,374.1,374.85,364.7,370.9,374.1,-0.86,457364,169636304.81
2026-01-14,LTGILTBEES,EQ,INF204KB1882,NIP IND ETF LONGTERM GILT,29.23,29.25,29.17,29.19,29.17,0.07,1244032,36313294.74
2026-01-14,LTM,EQ,INE214T01019,LTM LIMITED,6105.0,6105.0,6014.5,6030.5,6100.5,-1.15,165031,995219445.5
2026-01-14,LTTS,EQ,INE010V01017,L&T TECHNOLOGY SER. LTD.,4350.0,4350.1,4231.8,4243.8,4317.7,-1.71,34963,148375972.57
2026-01-14,LUMAXIND,EQ,INE162B01018,LUMAX INDUSTRIES LTD,5472.5,5594.5,5350.5,5555.5,5472.5,1.52,16894,93854617.0
2026-01-14,LUMAXTECH,EQ,INE872H01027,LUMAX AUTO TECH LTD,1498.7,1547.9,1487.7,1531.6,1498.7,2.2,192247,294445500.51
2026-01-14,LUPIN,EQ,INE326A01037,LUPIN LIMITED,2168.2,2216.7,2156.4,2195.9,2179.0,0.78,737880,1620310619.94
2026-01-14,LUXIND,EQ,INE150G01020,LUX INDUSTRIES LIMITED,965.0,973.0,935.8,947.4,975.8,-2.91,77073,73018962.08
2026-01-14,LXCHEM,EQ,INE576O01020,LAXMI ORGANIC INDUS LTD,151.39,151.89,149.23,149.49,151.39,-1.26,197408,29510523.0
2026-01-14,M&M,EQ,INE101A01026,MAHINDRA & MAHINDRA LTD,3663.0,3682.0,3635.1,3649.5,3661.5,-0.33,1573135,5741156182.5
2026-01-14,M&MFIN,EQ,INE774D01024,M&M FIN. SERVICES LTD,362.8,363.8,353.05,354.95,362.8,-2.16,1850607,656872977.24
2026-01-14,MAANALU,EQ,INE215I01027,MAAN ALUMINIUM LIMITED,149.42,156.0,148.31,153.34,149.42,2.62,62449,9575929.43
2026-01-14,MACPOWER,EQ,INE155Z01011,MACPOWER CNC MACHINES LTD,958.9,961.1,925.0,934.5,953.8,-2.02,3517,3286636.5
2026-01-14,MADHAV,EQ,INE925C01016,MADHAV MARBLE & GRANITE,40.76,41.01,39.62,39.71,40.39,-1.68,5004,198708.84
2026-01-14,MADRASFERT,EQ,INE414A01015,MADRAS FERTILISERS LTD,79.46,81.0,78.9,79.84,79.38,0.58,129506,10339758.57
2026-01-14,MAFANG,EQ,INF769K01HF4,MIRAEAMC - MAFANG,168.51,168.51,168.51,168.51,168.19,0.19,531857,89623220.15
2026-01-14,MAGADSUGAR,EQ,INE347W01011,MAGADH SUGAR & ENERGY LTD,452.05,454.0,444.25,451.05,449.65,0.31,2155,972012.72
2026-01-14,MAGNUM,EQ,INE387I01016,MAGNUM VENTURES LTD.,21.93,22.41,21.52,21.84,21.83,0.05,21973,479890.32
2026-01-14,MAHABANK,EQ,INE457A01014,BANK OF MAHARASHTRA,66.0,67.74,64.28,65.9,65.05,1.31,73710924,4857550004.07
2026-01-14,MAHAPEXLTD,EQ,INE843B01013,MAHA RASHTRA APEX COPR. L,100.0,103.0,96.51,97.55,97.43,0.12,5803,566082.67
2026-01-14,MAHEPC,EQ,INE215D01010,MAHINDRA EPC IRRIG LTD,131.58,135.75,126.22,130.11,131.32,-0.92,62343,8111447.77
2026-01-14,MAHESHWARI,EQ,INE263W01010,MAHESHWARI LOGISTICS LTD.,43.75,44.79,43.75,44.05,43.84,0.48,3147,138625.35
2026-01-14,MAHKTECH,EQ,INF769K01HS7,MIRAEAMC - MAHKTECH,27.22,27.22,27.02,27.22,26.41,3.07,3183701,86660339.03
2026-01-14,MAHLIFE,EQ,INE813A01018,MAHINDRA LIFESPACE DEVLTD,367.95,377.25,366.35,376.25,367.6,2.35,72302,27203627.5
2026-01-14,MAHLOG,EQ,INE766P01016,MAHINDRA LOGISTIC LIMITED,303.5,308.5,299.3,305.05,303.5,0.51,58969,17988492.73
2026-01-14,MAHSCOOTER,EQ,INE288A01013,MAHARASHTRA SCOOTERS LTD,13802.0,14585.0,13642.0,14300.0,13802.0,3.61,27313,390575900.0
2026-01-14,MAHSEAMLES,EQ,INE271B01025,MAHARASHTRA SEAMLESS LTD,518.1,531.95,518.1,528.5,521.15,1.41,86739,45841561.5
2026-01-14,MAITHANALL,EQ,INE683C01011,MAITHAN ALLOYS LTD,1071.8,1153.9,1063.8,1125.2,1063.5,5.8,1105028,1243377451.64
2026-01-14,MAKEINDIA,EQ,INF769K01IB1,MIRAEAMC - MAMFGETF,154.85,155.64,153.61,155.18,154.39,0.51,98459,15278866.9
2026-01-14,MALLCOM,EQ,INE389C01015,MALLCOM (INDIA) LIMITED,1119.5,1119.5,1082.1,1085.2,1115.0,-2.67,3454,3748280.63
2026-01-14,MALUPAPER,EQ,INE383H01017,MALU PAPER MILLS LIMITED,34.28,34.7,33.82,33.97,33.74,0.68,9463,321458.12
2026-01-14,MAMATA,EQ,INE0TO701015,MAMATA MACHINERY LIMITED,400.05,407.7,400.05,405.2,403.8,0.35,71626,29022856.07
2026-01-14,MANAKALUCO,EQ,INE859Q01017,MANAK ALUMINIUM CO. LTD.,45.75,54.09,45.08,53.97,45.08,19.72,4436123,239417563.73
2026-01-14,MANAKCOAT,EQ,INE830Q01018,MAN COAT METAL & IND LTD,128.0,137.37,128.0,133.68,128.45,4.07,388548,51941093.79
2026-01-14,MANAKSIA,EQ,INE015D01022,MANAKSIA LTD.,65.7,67.0,63.46,66.2,65.29,1.39,91464,6054916.52
2026-01-14,MANALIPETC,EQ,INE201A01024,MANALI PETROCHEMICALS LT,58.51,60.12,58.01,59.26,58.76,0.85,165313,9796448.1
2026-01-14,MANAPPURAM,EQ,INE522D01027,MANAPPURAM FINANCE LTD,307.0,309.6,303.0,309.0,308.05,0.31,3052968,943367112.0
2026-01-14,MANBA,EQ,INE939X01013,MANBA FINANCE LIMITED,137.84,137.84,134.0,135.33,137.27,-1.41,89233,12075902.05
2026-01-14,MANCREDIT,EQ,INE545L01039,MANGAL CREDIT N FINCORP L,161.16,164.25,157.65,163.05,159.38,2.3,33435,5451576.85
2026-01-14,MANGALAM,EQ,INE584F01014,MANGALAM DRUG & CHEM LTD,44.77,44.77,44.77,44.77,42.64,5.0,185649,8311505.81
2026-01-14,MANGLMCEM,EQ,INE347A01017,MANGALAM CEMENT LTD,747.4,755.0,736.1,749.9,742.95,0.94,146892,110154314.39
2026-01-14,MANINDS,EQ,INE993A01026,MAN INDUSTRIES (I) LTD.,345.0,348.9,340.0,346.9,343.1,1.11,162525,56379921.51
2026-01-14,MANINFRA,EQ,INE949H01023,MAN INFRA LTD,118.0,119.22,115.56,116.05,118.6,-2.15,370354,42979582.83
2026-01-14,MANKIND,EQ,INE634S01028,MANKIND PHARMA LIMITED,2224.0,2252.2,2207.1,2244.4,2213.9,1.38,255195,572759633.08
2026-01-14,MANOMAY,EQ,INE784W01015,MANOMAY TEX INDIA LTD,220.0,224.0,220.0,220.85,218.31,1.16,2891,638477.37
2026-01-14,MANORAMA,EQ,INE00VM01036,MANORAMA INDUSTRIES LTD,1320.8,1325.1,1301.8,1305.7,1322.8,-1.29,31019,40501506.79
2026-01-14,MANORG,EQ,INE370D01013,MANGALAM ORGANICS LIMITED,492.4,495.0,462.0,469.5,498.55,-5.83,24458,11483031.0
2026-01-14,MANUGRAPH,EQ,INE867A01022,MANUGRAPH INDIA LIMITED,15.79,16.1,15.37,15.45,15.57,-0.77,6403,98926.35
2026-01-14,MANYAVAR,EQ,INE825V01034,VEDANT FASHIONS LIMITED,539.7,545.0,536.0,540.15,540.95,-0.15,60347,32596433.52
2026-01-14,MAPMYINDIA,EQ,INE0BV301023,C.E. INFO SYSTEMS LIMITED,1558.7,1565.2,1521.3,1526.4,1562.8,-2.33,49437,75460638.01
2026-01-14,MARALOVER,EQ,INE882A01013,MARAL OVERSEAS LTD,42.19,43.89,40.4,42.85,41.66,2.86,4279,183355.14
2026-01-14,MARATHON,EQ,INE182D01020,MARATHON NXTGEN REALT LTD,499.5,504.0,491.2,500.35,499.55,0.16,52679,26357937.97
2026-01-14,MARICO,EQ,INE196A01026,MARICO LIMITED,753.15,758.4,747.1,749.8,756.05,-0.83,720895,540527062.2
2026-01-14,MARINE,EQ,INE01JE01028,MARINE ELECTRICAL (I) LTD,194.0,197.4,192.0,194.23,195.87,-0.84,182447,35436680.03
2026-01-14,MARKOLINES,EQ,INE0FW001016,MARKOLINES PAVEMENT TEC L,145.0,145.76,140.2,143.22,144.34,-0.78,69513,9955651.94
2026-01-14,MARKSANS,EQ,INE750C01026,MARKSANS PHARMA LIMITED,172.69,174.02,172.0,172.45,173.55,-0.63,343946,59313486.65
2026-01-14,MARUTI,EQ,INE585B01010,MARUTI SUZUKI INDIA LTD.,16390.0,16412.0,16090.0,16152.0,16426.0,-1.67,240043,3877174536.0
2026-01-14,MASFIN,EQ,INE348L01012,MAS FINANCIAL SERV LTD,311.6,314.5,308.45,311.15,312.3,-0.37,109007,33917527.38
2026-01-14,MASKINVEST,EQ,INE885F01015,MASK INVESTMENTS LIMITED,131.05,143.85,131.0,131.5,137.01,-4.02,112,14728.0
2026-01-14,MASPTOP50,EQ,INF769K01HP3,MIRAEAMC - MASPTOP50,72.45,72.45,72.26,72.45,72.26,0.26,178828,12956088.05
2026-01-14,MASTEK,EQ,INE759A01021,MASTEK LTD,2030.1,2059.2,2024.6,2044.2,2034.8,0.46,24893,50886269.38
2026-01-14,MASTERTR,EQ,INE677D01037,MASTER TRUST LIMITED,107.91,108.84,104.17,106.19,107.91,-1.59,218961,23251469.12
2026-01-14,MATRIMONY,EQ,INE866R01028,MATRIMONY.COM LIMITED,552.0,554.65,548.55,552.8,549.4,0.62,27926,15437492.46
2026-01-14,MAWANASUG,EQ,INE636A01039,MAWANA SUGARS LIMITED,81.9,84.79,81.71,83.6,82.4,1.46,88792,7423011.06
2026-01-14,MAXESTATES,EQ,INE03EI01018,MAX ESTATES LIMITED,417.45,427.45,400.2,424.7,422.65,0.49,180485,76651981.7
2026-01-14,MAXHEALTH,EQ,INE027H01010,MAX HEALTHCARE INS LTD,1019.0,1040.0,1019.0,1033.6,1028.2,0.53,3215727,3323775348.69
2026-01-14,MAXIND,EQ,INE0CG601016,MAX INDIA LIMITED,170.01,172.95,167.4,169.62,170.54,-0.54,18360,3114223.11
2026-01-14,MAYURUNIQ,EQ,INE040D01038,MAYUR UNIQUOTERS LTD,489.3,489.7,481.5,484.8,486.75,-0.4,14230,6898703.83
2026-01-14,MAZDOCK,EQ,INE249Z01020,MAZAGON DOCK SHIPBUIL LTD,2475.0,2499.0,2459.6,2470.8,2481.4,-0.43,888001,2194072914.16
2026-01-14,MBAPL,EQ,INE900L01028,MADHYA BHARAT AGRO P. LTD,78.61,80.54,78.61,79.7,78.93,0.98,554185,44168542.81
2026-01-14,MBEL,EQ,INE08N601015,M AND B ENGINEERING LTD,349.0,352.0,340.2,341.6,348.85,-2.08,87035,29731156.53
2026-01-14,MBLINFRA,EQ,INE912H01013,MBL INFRASTRUCTURE LTD,28.39,28.39,27.5,27.66,27.83,-0.61,29380,812650.8
2026-01-14,MCL,EQ,INE813V01022,M TEK COPPER LIMITED,71.5,76.7,70.05,76.7,73.05,5.0,349868,26834874.53
2026-01-14,MCLEODRUSS,EQ,INE942G01012,MCLEOD RUSSEL INDIA LTD.,46.35,47.0,44.1,45.06,45.79,-1.59,337942,15227666.98
2026-01-14,MCLOUD,EQ,INE613C01026,MAGELLANIC CLOUD LIMITED,23.75,23.95,23.4,23.53,23.91,-1.59,1778537,41848976.83
2026-01-14,MCX,EQ,INE745G01043,MULTI COMMODITY EXCHANGE,2304.0,2445.0,2284.0,2417.0,2293.0,5.41,5300087,12810310279.0
2026-01-14,MEDANTA,EQ,INE474Q01031,GLOBAL HEALTH LIMITED,1168.5,1179.0,1159.2,1162.6,1168.3,-0.49,71828,83507231.05
2026-01-14,MEDIASSIST,EQ,INE456Z01021,MEDI ASSIST HEALTH SER L,440.85,441.95,435.6,436.4,444.1,-1.73,82779,36124755.09
2026-01-14,MEDICO,EQ,INE630Y01024,MEDICO REMEDIES LIMITED,46.9,47.56,46.7,46.96,47.39,-0.91,22433,1053453.66
2026-01-14,MEDPLUS,EQ,INE804L01022,MEDPLUS HEALTH SERV LTD,836.1,840.0,826.05,834.3,843.35,-1.07,49978,41696644.79
2026-01-14,MEESHO,EQ,INE0VDM01015,MEESHO LIMITED,164.77,165.95,161.84,164.29,164.77,-0.29,5822079,956509319.82
2026-01-14,MEGASTAR,EQ,INE00EM01016,MEGASTAR FOODS LIMITED,226.97,230.0,225.0,225.01,229.26,-1.85,521,117230.21
2026-01-14,MEIL,EQ,INE0PKD01011,MANGAL ELECTRICAL IND L,351.8,356.4,346.5,347.35,357.15,-2.74,24691,8576419.0
2026-01-14,METAL,EQ,INF769K01LY7,MIRAEAMC - METAL,11.69,11.78,11.42,11.72,11.41,2.72,17344918,203282443.59
2026-01-14,METALIETF,EQ,INF109KC19W1,ICICIPRAMC - METALIETF,11.12,11.77,11.12,11.72,11.41,2.72,41431696,485579488.18
2026-01-14,METROBRAND,EQ,INE317I01021,METRO BRANDS LIMITED,1088.0,1116.0,1080.2,1101.6,1088.0,1.25,20971,23101653.09
2026-01-14,METROPOLIS,EQ,INE112L01020,METROPOLIS HEALTHCARE LTD,478.0,497.23,468.75,471.12,476.7,-1.17,524176,246952418.0
2026-01-14,MFML,EQ,INE0US801024,MAHALAXMI FABRIC MILLS LT,23.96,25.0,23.1,24.15,23.54,2.59,1395,33689.25
2026-01-14,MFSL,EQ,INE180A01020,MAX FINANCIAL SERV LTD,1631.0,1658.3,1627.6,1649.1,1646.1,0.18,422995,697561044.17
2026-01-14,MGEL,EQ,INE0APB01032,MANGALAM GLOBAL ENT LTD,13.2,13.52,11.68,12.06,13.03,-7.44,1656709,19979911.24
2026-01-14,MGL,EQ,INE002S01010,MAHANAGAR GAS LTD.,1063.7,1077.0,1045.6,1048.4,1064.0,-1.47,255867,268250969.05
2026-01-14,MHRIL,EQ,INE998I01010,MAHINDRA HOLIDAYS LTD,299.65,303.5,299.65,302.2,302.45,-0.08,38635,11675497.47
2026-01-14,MID150BEES,EQ,INF204KB1V68,NIP IND ETF MIDCAP 150,226.63,227.0,224.93,226.63,225.89,0.33,589236,133538557.56
2026-01-14,MID150CASE,EQ,INF0R8F01059,ZERODHAAMC - MID150CASE,11.25,11.25,10.82,10.98,10.94,0.37,1346281,14782164.76
2026-01-14,MIDCAP,EQ,INF174KA1ZC5,KOTAKMAMC - KOTAKMID50,159.55,159.55,159.55,159.55,159.55,0.0,0,0.0
2026-01-14,MIDCAPADD,EQ,INF740KA1WW5,DSPAMC - MIDCAPADD,21.97,22.09,21.78,22.0,21.96,0.18,65528,1441616.0
2026-01-14,MIDCAPBETA,EQ,INF789F1AYX9,UTIAMC-MIDCAPBETA,220.75,222.03,219.91,221.22,220.75,0.21,4368,966288.97
2026-01-14,MIDCAPETF,EQ,INF769K01IC9,MIRAEAMC - MAM150ETF,22.37,22.42,22.2,22.39,22.3,0.4,2718899,60876146.95
2026-01-14,MIDCAPIETF,EQ,INF109KC11W8,ICICIPRAMC - ICICIM150,22.64,22.73,22.52,22.65,22.63,0.09,488332,11060719.61
2026-01-14,MIDHANI,EQ,INE099Z01011,MISHRA DHATU NIGAM LTD,342.0,362.15,341.2,350.65,341.4,2.71,1832181,642454256.47
2026-01-14,MIDQ50ADD,EQ,INF740KA1ZF3,DSPAMC - DSPQ50ETF,243.25,243.8,242.4,243.17,243.62,-0.18,2982,725132.93
2026-01-14,MIDSELIETF,EQ,INF109KC10W0,ICICI PRUD MIDCAP SEL ETF,18.0,18.24,18.0,18.07,18.12,-0.28,335893,6069586.41
2026-01-14,MIDSMALL,EQ,INF769K01LJ8,MIRAEAMC - MIDSMALL,47.39,47.39,46.78,47.08,46.98,0.21,129548,6099120.08
2026-01-14,MIDWESTLTD,EQ,INE0XAD01024,MIDWEST LIMITED,1539.1,1543.3,1482.0,1488.0,1550.2,-4.01,109470,162891360.0
2026-01-14,MINDACORP,EQ,INE842C01021,MINDA CORPORATION LTD,576.85,576.85,567.1,569.05,575.0,-1.03,162504,92472899.22
2026-01-14,MINDTECK,EQ,INE110B01017,MINDTECK (INDIA) LIMITED,225.0,232.0,221.2,224.54,224.32,0.1,174680,39222646.03
2026-01-14,MIRZAINT,EQ,INE771A01026,MIRZA INTERNATIONAL LIMIT,35.8,35.8,34.1,34.28,35.23,-2.7,144604,4957024.94
2026-01-14,MITCON,EQ,INE828O01033,MITCON CON & ENG SER LTD,62.51,62.75,59.0,60.92,63.0,-3.3,31657,1928544.38
2026-01-14,MITTAL,EQ,INE997Y01027,MITTAL LIFE STYLE LIMITED,1.03,1.03,1.0,1.01,1.03,-1.94,422367,426590.67
2026-01-14,MKPL,EQ,INE964W01021,M K PROTEINS LIMITED,5.92,5.98,5.82,5.87,5.95,-1.34,187873,1102814.49
2026-01-14,MMFL,EQ,INE227C01017,MM FORGINGS LTD,415.0,421.3,410.2,413.45,420.15,-1.59,47477,19629366.23
2026-01-14,MMP,EQ,INE511Y01018,MMP INDUSTRIES LIMITED,249.95,259.75,248.35,256.45,251.05,2.15,7706,1976203.79
2026-01-14,MMTC,EQ,INE123F01029,MMTC LIMITED,63.9,72.7,63.86,71.58,63.55,12.64,119531400,8556057830.87
2026-01-14,MNC,EQ,INF174KA1JF2,KOTAKMAMC - KOTAKMNC,31.21,31.33,30.91,31.1,31.06,0.13,59023,1835615.32
2026-01-14,MOALPHA50,EQ,INF247L01FR8,MOTILALAMC - MOALPHA50,49.61,49.61,49.61,49.61,49.17,0.89,0,0.0
2026-01-14,MOBIKWIK,EQ,INE0HLU01028,ONE MOBIKWIK SYSTEMS LTD,233.2,234.51,229.45,230.45,234.1,-1.56,349729,80595046.98
2026-01-14,MODEFENCE,EQ,INF247L01DJ0,MOTILALAMC - MODEFENCE,86.67,86.67,85.5,86.02,85.85,0.2,2830865,243510997.8
2026-01-14,MODINATUR,EQ,INE537F01012,MODI NATURALS LIMITED,349.95,365.0,345.8,349.85,353.15,-0.93,1653,578302.06
2026-01-14,MODIRUBBER,EQ,INE832A01018,MODI RUBBER LTD,120.0,125.0,119.9,124.16,120.23,3.27,8726,1083420.19
2026-01-14,MODIS,EQ,INE0L0L01012,MODIS NAVNIRMAN LTD,330.05,332.7,287.2,314.35,330.05,-4.76,119892,37688050.93
2026-01-14,MODTHREAD,EQ,INE794W01014,MODERN THREADS INDIA LTD,41.0,45.97,39.34,42.37,43.71,-3.07,2434,103128.58
2026-01-14,MOENERGY,EQ,INF247L01GH7,MOTILALAMC - MOENERGY,34.63,34.63,34.63,34.63,34.43,0.6,0,0.0
2026-01-14,MOGSEC,EQ,INF247L01AK4,MOTILALAMC - G5,62.89,63.01,62.7,62.99,62.98,0.02,2650,166923.5
2026-01-14,MOHEALTH,EQ,INF247L01BB1,MOTILALAMC - MOHEALTH,44.05,44.21,43.63,43.97,43.91,0.14,32669,1436455.97
2026-01-14,MOHITIND,EQ,INE954E01012,MOHIT INDUSTRIES LTD,27.4,28.3,26.5,27.0,27.45,-1.64,20870,563490.0
2026-01-14,MOIL,EQ,INE490G01020,MOIL LIMITED,340.4,354.3,339.2,349.1,340.25,2.6,1300690,454070886.94
2026-01-14,MOINFRA,EQ,INF247L01FL1,MOTILALAMC - MOINFRA,58.44,58.44,58.44,58.44,58.05,0.67,0,0.0
2026-01-14,MOKSH,EQ,INE514Y01020,MOKSH ORNAMENTS LIMITED,14.76,15.18,14.7,14.82,14.76,0.41,44165,654525.29
2026-01-14,MOL,EQ,INE0CT101020,MEGHMANI ORGANICS LIMITED,61.64,61.98,60.89,61.2,61.18,0.03,283775,17367030.22
2026-01-14,MOLDTKPAC,EQ,INE893J01029,MOLD-TEK PACKAGING LTD,579.0,590.5,575.3,586.85,579.05,1.35,39803,23358389.58
2026-01-14,MOLOWVOL,EQ,INF247L01BL0,MOTILALAMC - MOLOWVOL,38.86,38.98,38.63,38.63,38.86,-0.59,747,28856.61
2026-01-14,MOM100,EQ,INF247L01023,MOTILAL OS MIDCAP100 ETF,62.58,64.53,62.58,64.23,64.19,0.06,420477,27007239.12
2026-01-14,MOM30IETF,EQ,INF109KC17C7,ICICIPRAMC - ICICIMOM30,31.64,31.64,31.24,31.41,31.51,-0.32,1021755,32093324.39
2026-01-14,MOM50,EQ,INF247L01536,MOTILAL OSWAL M50 ETF,266.97,268.11,265.25,265.71,266.97,-0.47,2464,654709.42
2026-01-14,MOMENTUM,EQ,INF209KB14K7,BIRLASLAMC - MOMENTUM,31.25,31.36,31.08,31.27,31.34,-0.22,65522,2048872.97
2026-01-14,MOMENTUM50,EQ,INF247L01DK8,MOTILALAMC - MOMENTUM50,51.61,51.63,51.01,51.39,51.36,0.06,246483,12666761.22
2026-01-14,MOMGF,EQ,INF247L01FK3,MOTILALAMC - MOMGF,152.14,152.14,152.14,152.14,151.74,0.26,0,0.0
2026-01-14,MOMIDMTM,EQ,INF247L01FQ0,MOTILALAMC - MOMIDMTM,61.78,61.78,61.78,61.78,61.51,0.45,0,0.0
2026-01-14,MOMOMENTUM,EQ,INF247L01BK2,MOTILALAMC - MOMOMENTUM,62.2,62.7,62.2,62.49,62.51,-0.03,71487,4467222.75
2026-01-14,MON100,EQ,INF247L01AP3,MOTILAL OS NASDAQ100 ETF,236.44,236.44,233.71,234.23,234.79,-0.24,577508,135269696.37
2026-01-14,MON50EQUAL,EQ,INF247L01FC0,MOTILALAMC - MON50EQUAL,33.37,33.37,33.37,33.37,33.39,-0.05,0,0.0
2026-01-14,MONARCH,EQ,INE903D01011,MONARCH NETWORTH CAP LTD,298.75,300.2,296.15,296.95,299.15,-0.74,37065,11006452.2
2026-01-14,MONEXT50,EQ,INF247L01FD8,MOTILALAMC - MONEXT50,68.33,68.33,68.33,68.33,68.07,0.38,0,0.0
2026-01-14,MONEYBOXX,EQ,INE296Q01012,MONEYBOXX FINANCE LIMITED,59.01,68.39,59.01,63.49,59.1,7.43,281644,17881578.03
2026-01-14,MONIFTY100,EQ,INF247L01GG9,MOTILALAMC - MONIFTY100,26.3,26.3,26.3,26.3,26.34,-0.15,0,0.0
2026-01-14,MONIFTY500,EQ,INF247L01BU1,MOTILALAMC - MONIFTY500,23.98,24.0,23.82,23.86,23.94,-0.33,239252,5708552.87
2026-01-14,MONQ50,EQ,INF247L01AU3,MOTILALAMC - MONQ50,100.98,100.98,99.22,99.75,100.41,-0.66,104235,10397441.25
2026-01-14,MONTECARLO,EQ,INE950M01013,MONTE CARLO FASHIONS LTD.,601.0,614.65,601.0,610.1,607.25,0.47,14163,8640845.95
2026-01-14,MOPSE,EQ,INF247L01FO5,MOTILALAMC - MOPSE,100.29,100.29,100.29,100.29,99.32,0.98,0,0.0
2026-01-14,MOQUALITY,EQ,INF247L01BH8,MOTILALAMC - MOQUALITY,198.0,198.0,196.87,197.8,197.15,0.33,388,76746.4
2026-01-14,MOREALTY,EQ,INF247L01CI4,MOTILALAMC - MOREALTY,86.86,86.86,84.5,85.01,85.78,-0.9,820449,69746371.24
2026-01-14,MOREPENLAB,EQ,INE083A01026,MOREPEN LAB. LTD,38.42,38.65,38.0,38.09,38.42,-0.86,1179595,44930773.73
2026-01-14,MOSCHIP,EQ,INE935B01025,MOSCHIP TECHNOLOGIES LTD,193.48,195.08,190.26,190.7,193.49,-1.44,704552,134358064.25
2026-01-14,MOSMALL250,EQ,INF247L01CH6,MOTILALAMC - MOSMALL250,16.32,16.4,16.22,16.36,16.29,0.43,658050,10765698.4
2026-01-14,MOTHERSON,EQ,INE775A01035,SAMVRDHNA MTHRSN INTL LTD,114.38,115.65,113.21,113.55,114.93,-1.2,12258494,1391952031.11
2026-01-14,MOTILALOFS,EQ,INE338I01027,MOTILAL OSWAL FIN LTD,835.0,866.0,828.3,861.55,837.25,2.9,1364398,1175497080.24
2026-01-14,MOTISONS,EQ,INE0FRK01020,MOTISONS JEWELLERS LTD,13.2,13.24,12.82,12.91,13.13,-1.68,1700178,21949297.72
2026-01-14,MOTOGENFIN,EQ,INE861B01023,MOTOR & GENERAL FINANCE L,22.97,23.97,22.82,23.02,23.03,-0.04,578,13305.56
2026-01-14,MOTOUR,EQ,INF247L01FP2,MOTILALAMC - MOTOUR,80.5,80.99,80.35,80.82,80.6,0.27,15507,1253275.74
2026-01-14,MOVALUE,EQ,INF247L01BE5,MOTILALAMC - MOVALUE,117.22,118.1,116.05,117.83,116.64,1.02,79843,9407900.84
2026-01-14,MPHASIS,EQ,INE356A01018,MPHASIS LIMITED,2876.1,2882.9,2773.7,2788.8,2873.7,-2.95,363314,1013210100.94
2026-01-14,MPSLTD,EQ,INE943D01017,MPS LIMITED,1913.1,1949.9,1875.6,1884.2,1913.1,-1.51,13055,24598230.36
2026-01-14,MRF,EQ,INE883A01011,MRF LTD,148000.0,148005.0,145305.0,145665.0,147710.0,-1.38,5287,770130855.0
2026-01-14,MRPL,EQ,INE103A01014,MRPL,145.0,162.3,144.37,158.35,145.18,9.07,23944802,3791659542.85
2026-01-14,MSCIINDIA,EQ,INF174KA1VD2,KOTAKMAMC - MSCIINDIA,30.56,30.7,30.52,30.63,30.63,0.0,8376,256556.87
2026-01-14,MSPL,EQ,INE752G01015,MSP STEEL & POWER LTD.,33.0,34.91,33.0,34.66,33.58,3.22,688339,23857829.63
2026-01-14,MSTCLTD,EQ,INE255X01014,MSTC LIMITED,477.6,492.9,477.6,484.3,475.6,1.83,147821,71589708.5
2026-01-14,MSUMI,EQ,INE0FS801015,MOTHERSON SUMI WRNG IND L,45.6,46.74,45.3,46.07,45.72,0.77,6083840,280282506.94
2026-01-14,MTNL,EQ,INE153A01019,MAHANAGAR TELEPHONE NIGAM,33.55,34.04,33.5,33.69,33.56,0.39,745375,25111682.73
2026-01-14,MUFIN,EQ,INE08KJ01020,MUFIN GREEN FINANCE LTD,118.98,119.6,116.75,117.31,118.55,-1.05,764504,89683962.37
2026-01-14,MUFTI,EQ,INE220Q01020,CREDO BRANDS MARKETING L,94.12,94.84,92.8,93.91,94.59,-0.72,59135,5553368.07
2026-01-14,MUKANDLTD,EQ,INE304A01026,MUKAND LTD.,126.64,132.13,126.1,129.75,126.78,2.34,69281,8989209.75
2026-01-14,MULTICAP,EQ,INF769K01LX9,MIRAEAMC - MULTICAP,16.45,16.45,16.24,16.3,16.26,0.25,163109,2658676.58
2026-01-14,MUNJALAU,EQ,INE672B01032,MUNJAL AUTO IND. LTD.,74.0,74.8,73.7,74.17,74.2,-0.04,51316,3806107.63
2026-01-14,MUNJALSHOW,EQ,INE577A01027,MUNJAL SHOWA LTD,119.99,124.49,119.99,121.92,120.13,1.49,23071,2812816.28
2026-01-14,MURUDCERA,EQ,INE692B01014,MURUDESHWAR CERAMICS LTD,33.49,34.02,33.11,33.73,33.29,1.32,26116,880892.67
2026-01-14,MUTHOOTCAP,EQ,INE296G01013,MUTHOOT CAP SERV LTD,276.5,276.5,273.0,274.9,275.1,-0.07,4134,1136436.57
2026-01-14,MUTHOOTFIN,EQ,INE414G01012,MUTHOOT FINANCE LIMITED,3936.0,3954.3,3888.0,3938.1,3926.3,0.3,291366,1147428473.05
2026-01-14,MUTHOOTMF,EQ,INE046W01019,MUTHOOT MICROFIN LIMITED,180.6,189.7,180.6,188.74,183.34,2.95,192262,36287530.94
2026-01-14,MVGJL,EQ,INE0KNT01012,MANOJ VAIBHAV GEM N JEW L,175.4,183.8,175.3,179.45,176.9,1.44,57751,10363416.77
2026-01-14,MWL,EQ,INE0JYY01029,MANGALAM WORLDWIDE LTD,27.9,27.9,27.31,27.68,27.79,-0.38,620730,17184909.72
2026-01-14,NACLIND,EQ,INE295D01020,NACL INDUSTRIES LIMITED,175.99,184.55,175.99,184.5,175.77,4.97,630959,116411935.5
2026-01-14,NAGREEKCAP,EQ,INE245I01016,NAGREEKA CAP & INFR.LTD,26.5,27.95,26.16,27.01,27.3,-1.06,4693,126757.93
2026-01-14,NAGREEKEXP,EQ,INE123B01028,NAGREEKA EXPORTS LTD.,24.55,25.99,24.55,25.9,25.43,1.85,4201,108805.9
2026-01-14,NAHARCAP,EQ,INE049I01012,NAHAR CAP & FIN.,240.75,240.8,239.45,239.55,240.8,-0.52,994,238112.7
2026-01-14,NAHARINDUS,EQ,INE289A01011,NAHAR INDS ENT LTD,101.49,103.77,100.91,101.57,101.51,0.06,18226,1851214.81
2026-01-14,NAHARPOLY,EQ,INE308A01027,NAHAR POLY FILMS LIMITED,226.99,230.98,225.5,227.18,230.69,-1.52,3221,731746.76
2026-01-14,NAHARSPING,EQ,INE290A01027,NAHAR SPINNING MILLS LTD.,183.56,186.1,182.01,183.07,183.35,-0.15,5442,996266.98
2026-01-14,NAM-INDIA,EQ,INE298J01013,NIPPON L I A M LTD,888.0,890.85,861.85,864.05,891.95,-3.13,726402,627647639.23
2026-01-14,NARMADA,EQ,INE117Z01029,NARMADA AGROBASE LIMITED,13.7,13.97,13.45,13.66,13.57,0.66,340346,4650828.08
2026-01-14,NATCOPHARM,EQ,INE987B01026,NATCO PHARMA LTD.,875.0,894.1,870.8,891.95,871.8,2.31,460228,410500370.22
2026-01-14,NATHBIOGEN,EQ,INE448G01010,NATH BIO-GENES (I) LTD,148.3,150.25,142.2,148.31,146.82,1.01,38387,5693175.88
2026-01-14,NATIONALUM,EQ,INE139A01034,NATIONAL ALUMINIUM CO LTD,359.0,374.3,356.3,373.55,357.4,4.52,27306024,10200164931.87
2026-01-14,NAUKRI,EQ,INE663F01032,INFO EDGE (I) LTD,1321.0,1332.4,1302.1,1305.8,1332.4,-2.0,1122841,1466205832.63
2026-01-14,NAVA,EQ,INE725A01030,NAVA LIMITED,560.6,572.5,560.6,569.2,561.85,1.31,177096,100803045.36
2026-01-14,NAVINFLUOR,EQ,INE048G01026,NAVIN FLUORINE INT. LTD,5960.0,6087.5,5934.0,6032.0,5988.0,0.73,185693,1120100176.0
2026-01-14,NAVKARCORP,EQ,INE278M01019,NAVKAR CORPORATION LTD.,108.55,109.85,102.12,103.29,110.44,-6.47,2516042,259881980.48
2026-01-14,NAVNETEDUL,EQ,INE060A01024,NAVNEET EDUCATION LTD,144.87,144.87,143.47,143.62,144.31,-0.48,20256,2909166.62
2026-01-14,NAZARA,EQ,INE418L01047,NAZARA TECHNOLOGIES LTD,265.2,271.7,262.4,268.85,264.15,1.78,1592611,428173477.07
2026-01-14,NBCC,EQ,INE095N01031,NBCC (INDIA) LIMITED,104.7,106.7,104.58,105.18,105.31,-0.12,10212283,1074127929.06
2026-01-14,NBIFIN,EQ,INE365I01020,N.B.I. IND. FIN. CO. LTD,2155.0,2269.5,2116.0,2146.9,2161.2,-0.66,440,944635.96
2026-01-14,NCC,EQ,INE868B01028,NCC LIMITED,149.0,151.79,149.0,149.97,149.87,0.07,2204098,330548579.75
2026-01-14,NCLIND,EQ,INE732C01016,NCL INDUSTRIES LIMITED,206.0,208.0,203.85,205.15,205.55,-0.19,28043,5753021.28
2026-01-14,NDGL,EQ,INE756C01015,NAGA DHUNSERI GROUP LTD,2795.0,2970.0,2769.0,2775.2,2800.1,-0.89,515,1429227.97
2026-01-14,NDL,EQ,INE875G01048,NANDAN DENIM LIMITED,2.98,2.98,2.88,2.97,2.91,2.06,1740198,5168388.11
2026-01-14,NDLVENTURE,EQ,INE353A01023,NDL VENTURES LIMITED,89.5,92.35,88.55,90.0,89.99,0.01,3332,299880.0
2026-01-14,NDRAUTO,EQ,INE07OG01012,NDR AUTO COMPONENTS LTD,752.0,753.0,734.0,738.95,746.4,-1.0,10581,7818830.08
2026-01-14,NDTV,EQ,INE155G01029,NDTV LTD,93.0,93.5,90.62,91.99,93.27,-1.37,318214,29272505.18
2026-01-14,NECLIFE,EQ,INE023H01027,NECTAR LIFESCIENCES LTD.,15.58,15.58,15.58,15.58,16.39,-4.94,482506,7517443.44
2026-01-14,NELCAST,EQ,INE189I01024,NELCAST LIMITED,96.06,98.0,95.62,97.09,96.04,1.09,37043,3596504.73
2026-01-14,NELCO,EQ,INE045B01015,NELCO LTD,703.2,712.5,700.1,702.6,703.2,-0.09,40278,28299321.82
2026-01-14,NEOGEN,EQ,INE136S01016,NEOGEN CHEMICALS LIMITED,1270.0,1337.7,1265.5,1315.9,1302.3,1.04,201183,264736714.61
2026-01-14,NEPHROPLUS,EQ,INE428V01029,NEPHROCARE HEALTH SERV L,473.0,495.25,472.6,493.4,480.0,2.79,357866,176571082.22
2026-01-14,NESCO,EQ,INE317F01035,NESCO LTD.,1152.7,1168.0,1152.5,1163.4,1163.1,0.03,19110,22232574.47
2026-01-14,NESTLEIND,EQ,INE239A01024,NESTLE INDIA LIMITED,1321.0,1328.2,1302.2,1307.1,1318.7,-0.88,904110,1181762158.93
2026-01-14,NETF,EQ,INF277K015R5,TATAAML - NETF,278.92,279.6,276.12,278.33,277.5,0.3,2641,735069.49
2026-01-14,NETWEB,EQ,INE0NT901020,NETWEB TECH INDIA LTD,3290.0,3340.0,3159.0,3187.6,3273.0,-2.61,735503,2344489434.63
2026-01-14,NETWORK18,EQ,INE870H01013,NETWORK18 MEDIA & INV LTD,40.66,41.19,40.6,40.92,40.66,0.64,1798496,73594453.03
2026-01-14,NEULANDLAB,EQ,INE794A01010,NEULAND LAB LTD.,14326.0,14730.0,14200.0,14262.0,14326.0,-0.45,43272,617145264.0
2026-01-14,NEWGEN,EQ,INE619B01017,NEWGEN SOFTWARE TECH LTD,779.1,781.95,768.4,770.15,779.15,-1.16,173187,133379972.28
2026-01-14,NEXT30ADD,EQ,INF740KA1VE5,DSPAMC - NEXT30ADD,41.09,41.27,40.92,41.07,40.95,0.29,137777,5658501.35
2026-01-14,NEXT50,EQ,INF769K01FN2,MIRAEAMC - MANXT50,702.17,708.0,698.51,706.75,702.16,0.65,31623,22349555.25
2026-01-14,NEXT50BETA,EQ,INF789F1AUW9,UTIAMC-NEXT50BETA,73.88,74.32,73.35,73.99,73.63,0.49,227664,16844858.87
2026-01-14,NEXT50ETF,EQ,INF174KA1YO3,KOTAKMAMC - NEXT50ETF,68.88,68.88,68.88,68.88,68.62,0.38,0,0.0
2026-01-14,NEXT50IETF,EQ,INF109KC1NS5,ICICIPRAMC - ICICINXT50,72.5,72.5,71.51,72.26,71.97,0.4,339532,24534583.05
2026-01-14,NEXTMEDIA,EQ,INE747B01016,NEXT MEDIAWORKS LIMITED,5.82,5.94,5.55,5.78,5.94,-2.69,13847,80035.66
2026-01-14,NFL,EQ,INE870D01012,NATIONAL FERT. LTD,82.9,85.0,82.78,83.25,83.12,0.16,979020,81503415.0
2026-01-14,NGIL,EQ,INE236Y01012,NAKODA GROUP OF IND. LTD,29.99,29.99,28.51,28.56,29.09,-1.82,2033,58062.48
2026-01-14,NGLFINE,EQ,INE887E01022,NGL FINE CHEM LIMITED,1436.3,1496.0,1421.1,1469.4,1436.3,2.3,2389,3510396.66
2026-01-14,NH,EQ,INE410P01011,NARAYANA HRUDAYALAYA LTD.,1875.0,1950.0,1872.9,1946.1,1887.7,3.09,417229,811969346.71
2026-01-14,NHPC,EQ,INE848E01016,NHPC LTD,80.69,82.22,80.51,81.29,81.42,-0.16,9338673,759140736.72
2026-01-14,NIACL,EQ,INE470Y01017,THE NEW INDIA ASSU CO LTD,149.75,150.66,148.8,149.79,149.81,-0.01,201435,30172947.3
2026-01-14,NIBE,EQ,INE149O01018,NIBE LIMITED,1215.0,1227.6,1180.0,1196.3,1209.4,-1.08,22454,26861721.3
2026-01-14,NIBL,EQ,INE047O01014,NRB INDUS. BEARINGS LTD.,33.68,33.68,32.16,32.42,32.79,-1.13,30017,973151.09
2026-01-14,NIF100BEES,EQ,INF204K014N5,NIP IND ETF NIFTY 100,277.95,278.72,276.35,277.27,277.94,-0.24,23009,6379705.18
2026-01-14,NIF100IETF,EQ,INF109KC16V9,ICICI PRUD NIFTY 100 ETF,29.01,29.33,29.01,29.18,29.23,-0.17,75359,2198975.64
2026-01-14,NIFTY1,EQ,INF174K014P6,KOTAK NIFTY ETF,283.54,284.11,281.51,282.98,283.54,-0.2,230438,65209347.77
2026-01-14,NIFTYADD,EQ,INF740KA1CL0,DSPAMC - DSPNIFTY,268.61,269.96,268.0,268.62,269.42,-0.3,16043,4309470.58
2026-01-14,NIFTYAXIS,EQ,INF846K01W98,AXISAMC-NIFTYAXIS,282.19,283.45,281.78,281.86,282.84,-0.35,17693,4986948.72
2026-01-14,NIFTYBEES,EQ,INF204KB14I2,NIP IND ETF NIFTY BEES,291.13,291.99,289.9,290.66,291.13,-0.16,5577083,1621034965.2
2026-01-14,NIFTYBETA,EQ,INF789F1AZC0,UTIAMC-NIFTYBETA,286.19,286.19,282.09,282.95,283.41,-0.16,113741,32183017.34
2026-01-14,NIFTYBETF,EQ,INF0QA701722,BFAM - NIFTYBETF,262.91,263.85,261.82,262.04,263.17,-0.43,3149,825163.99
2026-01-14,NIFTYETF,EQ,INF769K01EG9,MIRAEAMC - MAN50ETF,277.45,278.56,276.56,277.07,278.01,-0.34,370082,102538622.45
2026-01-14,NIFTYIETF,EQ,INF109K012R6,ICICI PRUD NIFTY ETF,290.53,290.53,288.24,289.11,289.67,-0.19,946309,273587381.13
2026-01-14,NIFTYQLITY,EQ,INF209KB15K4,BIRLASLAMC - NIFTYQLITY,22.34,22.34,21.99,22.02,22.12,-0.45,14229,313322.59
2026-01-14,NIITLTD,EQ,INE161A01038,NIIT LIMITED,83.48,84.46,83.1,83.62,83.69,-0.08,168809,14115809.04
2026-01-14,NIITMTS,EQ,INE342G01023,NIIT LEARNING SYSTEMS LTD,418.9,422.0,411.8,419.75,418.9,0.2,350263,147022894.25
2026-01-14,NILAINFRA,EQ,INE937C01029,NILA INFRASTRUCTURES LTD,9.13,9.28,9.03,9.06,9.13,-0.77,119454,1082253.29
2026-01-14,NILASPACES,EQ,INE00S901012,NILA SPACES LIMITED,14.67,14.8,14.13,14.35,14.65,-2.05,520906,7475001.3
2026-01-14,NILKAMAL,EQ,INE310A01015,NILKAMAL LIMITED,1378.8,1406.0,1378.8,1403.2,1376.5,1.94,1628,2284409.52
2026-01-14,NINSYS,EQ,INE395U01014,NINTEC SYSTEMS LIMITED,383.0,389.6,383.0,384.1,383.0,0.29,398,152871.8
2026-01-14,NIPPOBATRY,EQ,INE567A01028,INDO-NATIONAL LIMITED,395.55,408.0,385.5,398.9,395.5,0.86,3114,1242174.58
2026-01-14,NIRAJ,EQ,INE368I01016,NIRAJ CEMENT STRUC LTD,34.38,36.44,33.89,34.1,34.38,-0.81,185152,6313682.92
2026-01-14,NITCO,EQ,INE858F01012,NITCO LIMITED,82.25,94.9,82.25,89.2,83.5,6.83,13552321,1208866991.84
2026-01-14,NITINSPIN,EQ,INE229H01012,NITIN SPINNERS LIMITED,319.25,328.95,319.25,326.85,324.1,0.85,62457,20414070.83
2026-01-14,NITIRAJ,EQ,INE439T01012,NITIRAJ ENGINEERS LTD,183.0,204.0,179.08,190.85,179.76,6.17,35797,6831857.67
2026-01-14,NIVABUPA,EQ,INE995S01015,NIVA BUPA HEALTH INS CO L,77.48,79.34,77.46,78.98,78.04,1.2,829483,65512570.12
2026-01-14,NLCINDIA,EQ,INE589A01014,NLC INDIA LIMITED,259.35,265.9,258.0,260.15,255.35,1.88,3761506,978555762.94
2026-01-14,NMDC,EQ,INE584A01023,NMDC LTD.,82.1,84.14,81.81,83.85,82.12,2.11,28795078,2414467246.36
2026-01-14,NOCIL,EQ,INE163A01018,NOCIL LIMITED,140.0,140.3,137.5,137.89,139.84,-1.39,171401,23634483.79
2026-01-14,NOIDATOLL,EQ,INE781B01015,NOIDA TOLL BRIDGE CO LTD,3.8,3.86,3.74,3.79,3.78,0.26,61623,233551.17
2026-01-14,NORBTEAEXP,EQ,INE369C01017,NORBEN TEA & EXPORTS LTD,89.52,89.52,89.52,89.52,91.34,-1.99,2949,263994.47
2026-01-14,NORTHARC,EQ,INE850M01015,NORTHERN ARC CAPITAL LTD,260.3,269.7,260.3,264.76,262.8,0.75,998418,264341159.43
2026-01-14,NOVAAGRI,EQ,INE02H701025,NOVA AGRITECH LIMITED,36.98,36.98,36.0,36.11,36.62,-1.39,83452,3013451.77
2026-01-14,NPBET,EQ,INF277K010X4,TATAAML - NPBET,294.05,295.59,294.05,295.59,294.05,0.52,196,57935.64
2026-01-14,NPST,EQ,INE0FFK01017,NETWORK PEOPLE SRV TECH L,1329.6,1345.7,1305.2,1326.3,1322.9,0.26,7467,9903482.46
2026-01-14,NRAIL,EQ,INE740D01017,N R AGARWAL INDS LTD,453.85,453.85,430.1,444.2,441.25,0.67,10549,4685865.93
2026-01-14,NRBBEARING,EQ,INE349A01021,NRB BEARING LIMITED,255.0,257.55,253.6,254.8,254.85,-0.02,86258,21978538.66
2026-01-14,NSIL,EQ,INE023A01030,NALWA SONS INVESTMENT LTD,6195.0,6212.0,6150.0,6159.5,6189.5,-0.48,962,5925439.0
2026-01-14,NSLNISP,EQ,INE0NNS01018,NMDC STEEL LIMITED,41.61,44.14,41.47,43.0,41.83,2.8,7158922,307833646.0
2026-01-14,NTPC,EQ,INE733E01010,NTPC LTD,338.9,350.5,337.45,349.1,337.9,3.31,20389924,7118122592.85
2026-01-14,NTPCGREEN,EQ,INE0ONG01011,NTPC GREEN ENERGY LIMITED,91.5,92.46,91.21,91.75,91.66,0.1,7152765,656266188.75
2026-01-14,NUCLEUS,EQ,INE096B01018,NUCLEUS SOFTWARE EXPORTS,905.6,915.0,905.6,910.05,910.5,-0.05,6257,5694182.77
2026-01-14,NUVAMA,EQ,INE531F01023,NUVAMA WEALTH MANAGE LTD,1413.1,1450.9,1413.0,1435.0,1420.1,1.05,317448,455537880.0
2026-01-14,NUVOCO,EQ,INE118D01016,NUVOCO VISTAS CORP LTD,352.9,358.65,349.85,354.2,352.9,0.37,470486,166646146.94
2026-01-14,NV20,EQ,INF174KA1ZE1,KOTAKMAMC - KTKNV20ETF,154.79,155.32,154.17,154.74,153.89,0.55,7134,1103915.2
2026-01-14,NV20BEES,EQ,INF204KB18I3,NIP IND ETF ETF NV20,159.67,159.67,154.7,154.84,155.78,-0.6,27468,4253145.02
2026-01-14,NV20IETF,EQ,INF109KC11V0,ICICI PRUDENTIAL NV20 ETF,15.54,15.54,14.9,15.13,15.17,-0.26,212326,3212492.4
2026-01-14,NYKAA,EQ,INE388Y01029,FSN E COMMERCE VENTURES,255.9,256.3,251.1,254.85,254.6,0.1,3678434,937448927.35
2026-01-14,OAL,EQ,INE959C01023,ORIENTAL AROMATICS LTD,281.05,287.85,277.1,280.75,281.45,-0.25,7936,2228032.0
2026-01-14,OBCL,EQ,INE426Z01016,OBCL LIMITED,56.0,57.0,55.01,55.9,55.01,1.62,39410,2203019.06
2026-01-14,OBEROIRLTY,EQ,INE093I01010,OBEROI REALTY LIMITED,1654.0,1666.9,1637.5,1648.4,1657.1,-0.53,212916,350970739.6
2026-01-14,ODIGMA,EQ,INE054301028,ODIGMA CONSULTANCY SOL L,29.18,29.18,27.55,28.93,27.98,3.4,15692,453969.56
2026-01-14,OFSS,EQ,INE881D01027,ORACLE FIN SERV SOFT LTD.,7700.5,7700.5,7510.0,7531.0,7696.0,-2.14,100564,757347484.0
2026-01-14,OIL,EQ,INE274J01014,OIL INDIA LTD,449.8,467.5,449.5,458.0,447.9,2.25,12398467,5678497886.0
2026-01-14,OILIETF,EQ,INF109KC18W3,ICICIPRAMC - OILIETF,11.79,11.93,11.76,11.88,11.79,0.76,6366586,75635042.41
2026-01-14,OLAELEC,EQ,INE0LXG01040,OLA ELECTRIC MOBILITY LTD,39.01,39.48,38.21,38.63,38.99,-0.92,56674547,2189337811.14
2026-01-14,OLECTRA,EQ,INE260D01016,OLECTRA GREENTECH LIMITED,1127.0,1139.1,1098.3,1114.6,1129.7,-1.34,298616,332837386.31
2026-01-14,OMAXAUTO,EQ,INE090B01011,OMAX AUTOS LTD,97.0,97.0,93.5,93.85,96.31,-2.55,18754,1760062.87
2026-01-14,OMAXE,EQ,INE800H01010,OMAXE LIMITED,78.12,79.9,76.5,77.98,81.8,-4.67,3550363,276857318.66
2026-01-14,OMINFRAL,EQ,INE239D01028,OM INFRA LIMITED,80.65,82.39,80.41,80.72,81.9,-1.44,61711,4981312.0
2026-01-14,ONEPOINT,EQ,INE840Y01029,ONE POINT ONE SOL LTD,53.6,55.17,53.5,54.75,53.72,1.92,483522,26472829.5
2026-01-14,ONESOURCE,EQ,INE013P01021,ONESOURCE SPECL PHARMA L,1775.1,1802.4,1755.0,1775.8,1778.7,-0.16,68665,121935310.35
2026-01-14,ONGC,EQ,INE213A01029,OIL AND NATURAL GAS CORP.,243.99,251.0,243.58,248.23,243.78,1.83,33094088,8214945322.85
2026-01-14,ONIDA,EQ,INE831A01028,ONIDA ELECTRONICS LIMITED,31.45,32.72,30.88,32.72,31.17,4.97,1770799,57940545.44
2026-01-14,ONWARDTEC,EQ,INE229A01017,ONWARD TECHNOLOGIES LTD,305.05,318.9,301.75,311.8,305.45,2.08,59125,18435174.28
2026-01-14,OPTIEMUS,EQ,INE350C01017,OPTIEMUS INFRACOM LTD,464.75,468.35,447.3,454.85,467.1,-2.62,109856,49968002.27
2026-01-14,ORCHASP,EQ,INE215B01022,ORCHASP LIMITED,2.58,2.74,2.56,2.68,2.56,4.69,202546,542823.29
2026-01-14,ORCHPHARMA,EQ,INE191A01027,ORCHID PHARMA LIMITED,734.7,745.25,725.1,742.35,738.4,0.53,21100,15663584.48
2026-01-14,ORICONENT,EQ,INE730A01022,ORICON ENTERPRISES LTD,61.93,62.0,59.9,61.04,61.05,-0.02,65890,4021925.66
2026-01-14,ORIENTALTL,EQ,INE998H01012,ORIENTAL TRIMEX LTD,7.7,8.0,7.7,7.92,7.81,1.41,114819,909366.49
2026-01-14,ORIENTBELL,EQ,INE607D01018,ORIENT BELL LIMITED,268.0,278.2,267.05,270.5,266.85,1.37,7285,1970592.5
2026-01-14,ORIENTCEM,EQ,INE876N01018,ORIENT CEMENT LTD.,165.0,169.65,163.63,169.07,165.16,2.37,546650,92422119.5
2026-01-14,ORIENTCER,EQ,INE569C01020,ORIENT CERATECH LIMITED,46.49,47.6,46.0,46.66,46.43,0.5,100680,4697728.78
2026-01-14,ORIENTELEC,EQ,INE142Z01019,ORIENT ELECTRIC LIMITED,164.01,167.9,162.37,164.7,164.55,0.09,1187340,195554894.38
2026-01-14,ORIENTHOT,EQ,INE750A01020,ORIENT HOTELS LTD,116.54,121.01,114.4,115.43,115.2,0.2,1237916,142892644.26
2026-01-14,ORIENTPPR,EQ,INE592A01026,ORIENT PAPER AND INDS LTD,22.11,22.44,21.96,22.02,22.19,-0.77,275676,6070385.65
2026-01-14,ORIENTTECH,EQ,INE0PPK01015,ORIENT TECHNOLOGIES LTD,371.6,379.5,365.75,368.5,373.45,-1.33,1700434,626609929.0
2026-01-14,ORISSAMINE,EQ,INE725E01024,ORISSA MIN DEV CO LTD,4827.5,4920.0,4792.5,4839.5,4810.5,0.6,8303,40182368.5
2026-01-14,ORKLAINDIA,EQ,INE16NZ01023,ORKLA INDIA LIMITED,608.35,612.0,604.5,609.35,611.45,-0.34,42771,26062507.81
2026-01-14,ORTINGLOBE,EQ,INE749B01020,ORTIN GLOBAL LIMITED,13.47,13.47,12.9,13.39,13.47,-0.59,892,11943.88
2026-01-14,OSWALAGRO,EQ,INE142A01012,OSWAL AGRO MILLS LTD,52.5,53.88,52.2,52.59,52.75,-0.3,34378,1807939.03
2026-01-14,OSWALGREEN,EQ,INE143A01010,OSWAL GREENTECH LIMITED,29.68,30.27,29.25,29.47,29.76,-0.97,131882,3886562.45
2026-01-14,OSWALPUMPS,EQ,INE0BYP01024,OSWAL PUMPS LIMITED,456.1,478.55,455.0,462.15,456.1,1.33,656277,303298411.54
2026-01-14,OSWALSEEDS,EQ,INE00IK01029,SHREEOSWAL S AND CHE LTD,15.16,15.16,14.56,14.99,14.87,0.81,30402,455725.97
2026-01-14,PACEDIGITK,EQ,INE0S3G01027,PACE DIGITEK LIMITED,176.5,179.95,174.1,174.84,177.34,-1.41,1270047,222055012.83
2026-01-14,PAGEIND,EQ,INE761H01022,PAGE INDUSTRIES LTD,34595.0,34595.0,34095.0,34320.0,34645.0,-0.94,30937,1061757840.0
2026-01-14,PAISALO,EQ,INE420C01059,PAISALO DIGITAL LIMITED,34.65,34.8,34.35,34.56,34.67,-0.32,1118228,38645961.22
2026-01-14,PAKKA,EQ,INE551D01018,PAKKA LIMITED,99.0,99.0,97.0,97.36,96.74,0.64,57908,5637922.92
2026-01-14,PALASHSECU,EQ,INE471W01019,PALASH SECURITIES LTD,98.2,104.25,98.2,101.27,98.41,2.91,3393,343609.1
2026-01-14,PALREDTEC,EQ,INE218G01033,PALRED TECHNOLOGIES LTD,47.12,48.0,44.67,45.3,47.02,-3.66,6331,286794.3
2026-01-14,PANACEABIO,EQ,INE922B01023,PANACEA BIOTEC LTD,394.8,404.35,391.2,394.5,396.75,-0.57,203130,80134785.0
2026-01-14,PANAMAPET,EQ,INE305C01029,PANAMA PETROCHEM LTD,296.5,297.7,291.45,295.9,297.6,-0.57,28087,8310943.13
2026-01-14,PANSARI,EQ,INE697V01011,PANSARI DEVELOPERS LTD,301.15,314.95,286.15,313.8,301.15,4.2,964,302503.19
2026-01-14,PARACABLES,EQ,INE074B01023,PARAMOUNT COMM LTD,35.51,35.8,34.75,34.97,35.24,-0.77,374157,13084270.75
2026-01-14,PARADEEP,EQ,INE088F01024,PARADEEP PHOSPHATES LTD,148.0,149.17,144.52,147.64,148.67,-0.69,3882978,573282869.55
2026-01-14,PARAGMILK,EQ,INE883N01014,PARAG MILK FOODS LTD.,275.1,277.0,269.25,274.45,273.75,0.26,443380,121685646.41
2026-01-14,PARAS,EQ,INE045601023,PARAS DEF AND SPCE TECH L,677.2,683.45,670.0,671.5,678.4,-1.02,269192,180762428.0
2026-01-14,PARASPETRO,EQ,INE162C01024,PARAS PETROFILS LTD.,2.04,2.04,1.53,1.85,1.9,-2.63,242557,448730.46
2026-01-14,PARKHOSPS,EQ,INE119201023,PARK MEDI WORLD LIMITED,148.0,151.0,147.3,149.67,150.62,-0.63,788594,118028862.54
2026-01-14,PARKHOTELS,EQ,INE988S01028,PARKHOTELS,126.72,129.6,125.62,128.94,126.82,1.67,240351,30990858.53
2026-01-14,PASHUPATI,EQ,INE124Y01028,PASHUPATI COTSPIN LIMITED,81.5,82.4,81.4,81.4,80.96,0.55,100,8140.0
2026-01-14,PASUPTAC,EQ,INE818B01023,PASUPATI ACRYLON LIMITED,47.5,48.33,47.5,47.78,47.49,0.61,33897,1619598.62
2026-01-14,PATANJALI,EQ,INE619A01035,PATANJALI FOODS LIMITED,542.05,545.9,541.05,543.55,543.85,-0.06,496759,270013348.39
2026-01-14,PATELENG,EQ,INE244B01030,PATEL ENGINEERING LTD.,26.57,27.89,26.45,27.41,26.57,3.16,12973694,355608950.56
2026-01-14,PATELRMART,EQ,INE0R8B01010,PATEL RETAIL LIMITED,180.9,183.0,176.9,177.63,180.55,-1.62,25507,4530808.53
2026-01-14,PAUSHAKLTD,EQ,INE111F01024,PAUSHAK LIMITED,552.0,568.9,549.05,554.85,558.5,-0.65,6943,3852323.38
2026-01-14,PAVNAIND,EQ,INE07S101038,PAVNA INDUSTRIES LIMITED,21.0,21.54,19.31,19.97,21.15,-5.58,99138,1979785.79
2026-01-14,PAYTM,EQ,INE982J01020,ONE 97 COMMUNICATIONS LTD,1285.0,1322.4,1281.0,1313.3,1281.6,2.47,2374640,3118614827.95
2026-01-14,PCBL,EQ,INE602A01031,PCBL CHEMICAL LIMITED,280.1,284.5,279.0,280.45,280.85,-0.14,705793,197939655.47
2026-01-14,PCJEWELLER,EQ,INE785M01021,PC JEWELLER LTD,10.2,10.39,10.09,10.12,10.29,-1.65,50766236,513754302.51
2026-01-14,PDMJEPAPER,EQ,INE865T01018,PUDUMJEE PAPER PRO. LTD,90.1,91.59,88.17,88.51,90.06,-1.72,47293,4185903.53
2026-01-14,PDSL,EQ,INE111Q01021,PDS LIMITED,352.7,352.7,346.5,349.9,352.7,-0.79,55449,19401604.76
2026-01-14,PEARLPOLY,EQ,INE844A01013,PEARL POLYMERS LTD,21.38,22.7,20.76,21.73,21.48,1.16,5534,120253.82
2026-01-14,PENIND,EQ,INE932A01024,PENNAR INDUSTRIES LTD,185.3,189.29,182.25,183.31,187.5,-2.23,539386,98874846.34
2026-01-14,PENINLAND,EQ,INE138A01028,PENINSULA LAND LIMITED,24.25,24.33,23.57,23.77,24.18,-1.7,154111,3663218.54
2026-01-14,PERSISTENT,EQ,INE262H01021,PERSISTENT SYSTEMS LTD,6325.0,6350.0,6230.0,6274.0,6357.5,-1.31,327713,2056071362.0
2026-01-14,PETRONET,EQ,INE347G01014,PETRONET LNG LIMITED,287.05,290.35,285.2,286.25,287.45,-0.42,2592474,742095682.5
2026-01-14,PFC,EQ,INE134E01011,POWER FIN CORP LTD.,369.5,373.3,367.5,371.85,369.55,0.62,4944952,1838780431.38
2026-01-14,PFIZER,EQ,INE182A01018,PFIZER LTD,4857.3,4857.3,4808.0,4819.6,4857.3,-0.78,9798,47222441.76
2026-01-14,PFOCUS,EQ,INE367G01038,PRIME FOCUS LIMITED,240.0,245.0,238.0,241.84,242.45,-0.25,2977862,720166135.17
2026-01-14,PFS,EQ,INE560K01014,PTC INDIA FIN SERV LTD,32.25,33.3,32.25,33.03,32.57,1.41,412965,13640233.45
2026-01-14,PGEL,EQ,INE457L01029,PG ELECTROPLAST LTD,588.0,599.65,584.6,587.3,591.7,-0.74,1129651,663444018.51
2026-01-14,PGHH,EQ,INE179A01014,P&G HYGIENE & HEALTH CARE,12483.0,12483.0,12312.0,12336.0,12383.0,-0.38,2739,33788304.0
2026-01-14,PGHL,EQ,INE199A01012,PROCTER & GAMBLE HEALTH L,5392.0,5426.0,5353.0,5381.0,5386.5,-0.1,5047,27157907.0
2026-01-14,PGIL,EQ,INE940H01022,PEARL GLOBAL IND LIMITED,741.5,747.5,722.55,727.7,750.2,-3.0,94590,68833144.15
2026-01-14,PHARMABEES,EQ,INF204KC1089,NIPPONAMC - NETFPHARMA,22.52,23.29,22.52,23.09,23.1,-0.04,2577983,59525627.86
2026-01-14,PHOENIXLTD,EQ,INE211B01039,THE PHOENIX MILLS LTD,1889.4,1889.5,1855.7,1868.4,1894.7,-1.39,419910,784559854.25
2026-01-14,PICCADIL,EQ,INE546C01010,PICCADILY AGRO INDUSTRI L,584.8,584.8,569.2,575.0,578.7,-0.64,58765,33789875.0
2026-01-14,PIDILITIND,EQ,INE318A01026,PIDILITE INDUSTRIES LTD,1482.1,1502.5,1482.1,1495.3,1498.9,-0.24,426425,637633323.32
2026-01-14,PIGL,EQ,INE557Z01018,POWER INSTRUMENT (G) LTD,113.25,113.25,107.98,109.4,109.05,0.32,16524,1807725.63
2026-01-14,PIIND,EQ,INE603J01030,PI INDUSTRIES LTD,3255.0,3293.1,3242.6,3287.6,3267.0,0.63,132172,434528680.11
2026-01-14,PILANIINVS,EQ,INE417C01014,PILANI INV & IND COR LTD,4901.0,4944.5,4857.0,4869.0,4914.5,-0.93,1210,5891490.0
2026-01-14,PILITA,EQ,INE600A01035,PIL ITALICA LIFESTYLE LTD,9.06,9.36,9.0,9.05,9.07,-0.22,55809,505071.46
2026-01-14,PINELABS,EQ,INE15B701018,PINE LABS LIMITED,215.2,232.76,213.5,226.1,215.17,5.08,2126502,480802115.18
2026-01-14,PIONEEREMB,EQ,INE156C01018,PIONEER EMBROIDERIES LTD,27.39,28.89,27.39,28.39,27.39,3.65,2742,77845.38
2026-01-14,PIRAMALFIN,EQ,INE202B01038,PIRAMAL FINANCE LIMITED,1865.2,1865.2,1813.0,1829.3,1847.7,-1.0,369678,676251983.45
2026-01-14,PITTIENG,EQ,INE450D01021,PITTI ENGINEERING LIMITED,730.4,736.0,704.0,727.95,726.7,0.17,91811,66833818.57
2026-01-14,PIXTRANS,EQ,INE751B01018,PIX TRANSMISSIONS LIMITED,1292.6,1331.0,1292.6,1316.9,1302.3,1.12,6132,8075230.95
2026-01-14,PLASTIBLEN,EQ,INE083C01022,PLASTIBLENDS INDIA LTD,159.99,162.92,157.0,158.96,157.78,0.75,17416,2768447.48
2026-01-14,PLATIND,EQ,INE0PT501018,PLATINUM INDUSTRIES LTD,238.0,238.17,226.0,227.64,235.28,-3.25,115914,26386662.89
2026-01-14,PLAZACABLE,EQ,INE0INJ01017,PLAZA WIRES LIMITED,39.0,39.92,39.0,39.42,39.43,-0.03,30048,1184492.1
2026-01-14,PNB,EQ,INE160A01022,PUNJAB NATIONAL BANK,124.55,129.0,124.52,128.68,124.52,3.34,34920863,4493616395.07
2026-01-14,PNBGILTS,EQ,INE859A01011,PNB GILTS LIMITED,80.49,81.68,79.16,79.99,79.94,0.06,252092,20164838.54
2026-01-14,PNBHOUSING,EQ,INE572E01012,PNB HOUSING FIN LTD.,968.0,982.45,967.8,975.0,970.05,0.51,353129,344300775.0
2026-01-14,PNC,EQ,INE392B01011,PNC MEDIA AND ENT LTD,25.0,26.38,25.0,26.13,25.01,4.48,2178,56911.14
2026-01-14,PNCINFRA,EQ,INE195J01029,PNC INFRATECH LTD.,236.0,241.95,235.35,240.5,236.4,1.73,119979,28854949.5
2026-01-14,PNGJL,EQ,INE953R01016,P N GADGIL JEWELLERS LTD,597.0,601.25,586.05,589.35,599.45,-1.68,221964,130814477.98
2026-01-14,POCL,EQ,INE063E01061,PONDY OXIDES & CHEM LTD,556.0,599.08,555.12,577.44,554.36,4.16,1702275,982961680.16
2026-01-14,PODDARMENT,EQ,INE371C01013,PODDAR PIGMENTS LIMITED,251.9,256.95,251.9,253.9,250.55,1.34,1015,257708.49
2026-01-14,POKARNA,EQ,INE637C01025,POKARNA LIMITED,777.05,782.25,761.3,770.35,777.05,-0.86,26972,20777879.54
2026-01-14,POLICYBZR,EQ,INE417T01026,PB FINTECH LIMITED,1638.3,1651.4,1620.2,1648.5,1638.3,0.62,1433945,2363858332.5
2026-01-14,POLYCAB,EQ,INE455K01017,POLYCAB INDIA LIMITED,7328.0,7538.0,7303.5,7323.5,7555.0,-3.06,1655893,12126932385.5
2026-01-14,POLYMED,EQ,INE205C01021,POLY MEDICURE LIMITED,1710.0,1717.2,1625.0,1666.8,1713.5,-2.73,125657,209445093.74
2026-01-14,POLYPLEX,EQ,INE633B01018,POLYPLEX CORPORATION LTD,810.1,846.0,810.1,840.45,815.9,3.01,60494,50842183.04
2026-01-14,PONNIERODE,EQ,INE838E01017,PONNIE SUGARS (ERODE) LTD,260.55,263.9,260.05,262.95,260.85,0.81,4595,1208255.31
2026-01-14,POONAWALLA,EQ,INE511C01022,POONAWALLA FINCORP LTD,459.0,474.0,456.35,471.25,461.15,2.19,715687,337267498.75
2026-01-14,POWERGRID,EQ,INE752E01010,POWER GRID CORP. LTD.,257.1,259.7,256.75,258.35,258.8,-0.17,15435341,3987720441.56
2026-01-14,POWERINDIA,EQ,INE07Y701011,HITACHI ENERGY INDIA LTD,17096.0,17100.0,16806.0,16937.0,17106.0,-0.99,207378,3512361186.0
2026-01-14,POWERMECH,EQ,INE211R01019,POWER MECH PROJECTS LTD.,2311.3,2311.3,2236.5,2259.9,2311.3,-2.22,151469,342304778.31
2026-01-14,PPLPHARMA,EQ,INE0DK501011,PIRAMAL PHARMA LIMITED,168.3,169.17,166.71,168.02,168.36,-0.2,1416806,238051750.17
2026-01-14,PRABHA,EQ,INE0I0M01023,PRABHA ENERGY LIMITED,165.9,173.09,160.81,163.04,168.6,-3.3,27791,4531044.45
2026-01-14,PRAENG,EQ,INE505C01016,PRAJAY ENG. SYN. LTD.,23.24,24.89,23.24,24.89,23.71,4.98,105771,2632640.13
2026-01-14,PRAJIND,EQ,INE074A01025,PRAJ INDUSTRIES LTD,307.9,312.0,305.25,308.35,307.85,0.16,363972,112230768.42
2026-01-14,PRAKASH,EQ,INE603A01013,PRAKASH INDUSTRIES LTD,132.0,136.97,132.0,135.33,132.73,1.96,353477,47836043.06
2026-01-14,PRAKASHSTL,EQ,INE696K01024,PRAKASH STEELAGE LTD,4.95,5.14,4.95,5.02,5.07,-0.99,102637,515237.74
2026-01-14,PRAXIS,EQ,INE546Y01022,PRAXIS HOME RETAIL LTD,9.38,9.44,8.81,8.97,9.24,-2.92,151838,1361986.9
2026-01-14,PRECAM,EQ,INE484I01029,PRECISION CAMSHAFTS LTD.,152.5,154.31,151.1,153.29,152.19,0.72,95422,14627237.74
2026-01-14,PRECOT,EQ,INE283A01014,PRECOT LIMITED,360.0,374.2,330.35,339.45,355.95,-4.64,31836,10806730.59
2026-01-14,PRECWIRE,EQ,INE372C01037,PRECISION WIRES INDIA LTD,225.3,230.9,223.51,227.19,226.93,0.11,316145,71824983.32
2026-01-14,PREMEXPLN,EQ,INE863B01029,PREMIER EXPLOSIVES LTD,509.9,517.0,506.75,511.85,506.65,1.03,130332,66710435.0
2026-01-14,PREMIERENE,EQ,INE0BS701011,PREMIER ENERGIES LIMITED,750.0,760.35,722.0,728.4,748.8,-2.72,1669700,1216209520.76
2026-01-14,PREMIERPOL,EQ,INE309M01020,PREMIER POLYFILM LTD,52.8,54.0,48.6,50.13,49.03,2.24,2159242,108242803.77
2026-01-14,PRESTIGE,EQ,INE811K01011,PRESTIGE ESTATE LTD,1520.0,1520.8,1476.0,1500.2,1517.7,-1.15,948921,1423571237.87
2026-01-14,PRICOLLTD,EQ,INE726V01018,PRICOL LIMITED,625.0,625.85,604.0,610.5,625.25,-2.36,618804,377779842.0
2026-01-14,PRIMESECU,EQ,INE032B01021,PRIME SECURITIES LIMITED,273.85,280.65,273.0,276.5,276.7,-0.07,63863,17658119.5
2026-01-14,PRIMO,EQ,INE607A01022,PRIMO CHEMICALS LIMITED,22.49,22.49,21.86,22.05,22.04,0.05,45710,1007905.47
2026-01-14,PRINCEPIPE,EQ,INE689W01016,PRINCE PIPES FITTINGS LTD,241.55,248.1,241.55,246.7,241.55,2.13,88965,21947665.23
2026-01-14,PRITI,EQ,INE974Z01015,PRITI INTERNATIONAL LTD,55.01,56.5,54.31,56.06,55.0,1.93,9072,508576.33
2026-01-14,PRIVISCL,EQ,INE959A01019,PRIVI SPECIALITY CHE LTD,2717.3,2733.0,2680.0,2693.4,2703.6,-0.38,103279,278171648.51
2026-01-14,PROSTARM,EQ,INE0BX301013,PROSTARM INFO SYSTEMS LTD,158.7,161.07,156.66,157.1,158.93,-1.15,209847,32966964.98
2026-01-14,PROTEAN,EQ,INE004A01022,PROTEAN EGOV TECHNO LTD,708.9,712.65,697.55,701.25,710.9,-1.36,135790,95222737.5
2026-01-14,PROZONER,EQ,INE195N01013,PROZONE REALTY LIMITED,56.0,56.0,55.76,56.0,56.89,-1.56,69478,3890768.0
2026-01-14,PRSMJOHNSN,EQ,INE010A01011,PRISM JOHNSON LIMITED,129.54,132.0,128.51,130.28,128.9,1.07,173581,22614132.47
2026-01-14,PRUDENT,EQ,INE00F201020,PRUDENT CORP ADV SER LTD,2448.0,2448.0,2389.3,2399.2,2428.4,-1.2,13184,31631052.16
2026-01-14,PSB,EQ,INE608A01012,PUNJAB & SIND BANK,27.25,28.99,27.13,28.33,27.3,3.77,2782356,78824145.27
2026-01-14,PSPPROJECT,EQ,INE488V01015,PSP PROJECTS LIMITED,825.8,838.0,825.0,829.45,827.6,0.22,18023,14949177.57
2026-01-14,PSUBANK,EQ,INF174KA1A86,KOTAK PSU BANK,850.22,891.49,850.22,890.66,872.03,2.14,29429,26211232.35
2026-01-14,PSUBANKADD,EQ,INF740KA1SY9,DSPAMC - DSPPSBKETF,88.06,89.89,87.34,89.6,87.82,2.03,82827,7421299.07
2026-01-14,PSUBNKBEES,EQ,INF204KB16I7,NIP IND ETF PSU BANK BEES,97.95,101.04,96.51,99.63,97.0,2.71,5843090,582147040.65
2026-01-14,PSUBNKIETF,EQ,INF109KC10S8,ICICIPRAMC - PSUBANKICI,90.29,90.29,87.68,89.92,88.09,2.08,306630,27572169.04
2026-01-14,PTC,EQ,INE877F01012,PTC INDIA LIMITED,158.0,161.36,158.0,160.77,158.54,1.41,652133,104843425.2
2026-01-14,PTCIL,EQ,INE596F01018,PTC INDUSTRIES LIMITED,17951.0,18132.0,17812.0,18065.0,18039.0,0.14,8469,152992485.0
2026-01-14,PTL,EQ,INE034D01049,PTL ENTERPRISES LTD,38.71,39.5,38.5,39.21,38.71,1.29,35981,1410814.98
2026-01-14,PUNJABCHEM,EQ,INE277B01014,PUNJAB CHEM & CROP PROT L,1114.3,1115.6,1074.0,1078.0,1110.6,-2.94,5003,5393234.0
2026-01-14,PURVA,EQ,INE323I01011,PURAVANKARA LIMITED,231.1,260.0,231.1,251.42,230.27,9.18,18969892,4769410211.91
2026-01-14,PVP,EQ,INE362A01016,PVP VENTURES LIMITED,32.69,33.92,32.5,32.56,33.35,-2.37,85891,2796611.08
2026-01-14,PVRINOX,EQ,INE191H01014,PVR INOX LIMITED,1035.0,1044.0,1012.2,1020.0,1042.7,-2.18,428347,436913940.0
2026-01-14,PVSL,EQ,INE772T01024,POPULAR VEHICLES N SER L,116.7,122.78,116.7,121.35,119.72,1.36,34685,4209024.7
2026-01-14,PVTBANIETF,EQ,INF109KC18U7,ICICIPRAMC - ICICIBANKP,28.72,28.95,28.64,28.77,28.79,-0.07,187155,5384449.44
2026-01-14,PVTBANKADD,EQ,INF740KA1TA7,DSPAMC - DSPPVBKETF,28.84,29.1,28.81,28.95,28.85,0.35,10027,290281.66
2026-01-14,PWL,EQ,INE0LP301011,PHYSICSWALLAH LIMITED,129.06,131.76,128.41,131.2,128.4,2.18,2927924,384143619.86
2026-01-14,PYRAMID,EQ,INE0MIS01010,PYRAMID TECHNOPLAST LTD,162.88,164.8,159.93,162.23,162.87,-0.39,17612,2857194.68
2026-01-14,QGOLDHALF,EQ,INF082J01408,QUANTUM GOLD ETF,117.29,118.35,116.84,117.8,116.7,0.94,128571,15145664.19
2026-01-14,QNIFTY,EQ,INF082J01499,QUANTUM NIFTY 50 ETF,2812.0,2822.0,2803.0,2804.15,2813.19,-0.32,371,1040339.61
2026-01-14,QPOWER,EQ,INE0SII01026,QUALITY POWER ELEC EQUP L,663.35,680.2,651.6,656.1,666.65,-1.58,600453,393957198.64
2026-01-14,QUADFUTURE,EQ,INE0LRY01011,QUADRANT FUTURE TEK LTD,304.0,344.3,299.0,331.35,304.7,8.75,7134877,2364141537.5
2026-01-14,QUAL30IETF,EQ,INF109KC18V5,ICICIPRAMC - ICICIQTY30,21.81,21.99,21.77,21.85,21.91,-0.27,39620,865697.02
2026-01-14,QUESS,EQ,INE615P01015,QUESS CORP LIMITED,213.99,215.0,210.3,211.39,212.84,-0.68,163634,34590591.16
2026-01-14,QUICKHEAL,EQ,INE306L01010,QUICK HEAL TECH LTD,226.5,230.0,223.75,225.7,225.95,-0.11,115041,25964753.35
2026-01-14,RACE,EQ,INE084Q01012,RACE ECO CHAIN LIMITED,125.0,129.84,121.5,123.05,123.8,-0.61,7867,968034.37
2026-01-14,RACLGEAR,EQ,INE704B01017,RACL GEARTECH LIMITED,1033.0,1058.0,1026.1,1052.2,1032.0,1.96,8910,9375101.56
2026-01-14,RADAAN,EQ,INE874F01027,RADAAN MEDIAWORKS (I) LTD,3.2,3.42,3.2,3.33,3.41,-2.35,17107,56966.31
2026-01-14,RADIANTCMS,EQ,INE855R01021,RADIANT CASH MGMT SER LTD,50.0,50.47,49.81,49.99,50.15,-0.32,193337,9664916.95
2026-01-14,RADICO,EQ,INE944F01028,RADICO KHAITAN LTD,2927.9,2949.8,2889.5,2907.4,2927.9,-0.7,296806,862933735.42
2026-01-14,RADIOCITY,EQ,INE919I01024,MUSIC BROADCAST LIMITED,6.41,6.6,6.41,6.53,6.41,1.87,77054,503162.64
2026-01-14,RAILTEL,EQ,INE0DD101019,RAILTEL CORP OF IND LTD,333.35,356.25,332.45,352.95,340.15,3.76,3551010,1253329022.85
2026-01-14,RAIN,EQ,INE855B01025,RAIN INDUSTRIES LIMITED,142.5,147.2,141.0,144.78,140.56,3.0,2857853,413759953.85
2026-01-14,RAINBOW,EQ,INE961O01016,RAINBOW CHILDRENS MED LTD,1248.0,1267.7,1245.0,1255.0,1256.7,-0.14,98030,123027650.0
2026-01-14,RAJMET,EQ,INE00KV01022,RAJNANDINI METAL LIMITED,4.35,4.45,4.3,4.32,4.35,-0.69,372272,1608215.1
2026-01-14,RAJRATAN,EQ,INE451D01029,RAJRATAN GLOBAL WIRE LTD,526.1,538.5,510.0,524.65,526.1,-0.28,311971,163675592.77
2026-01-14,RAJSREESUG,EQ,INE562B01019,RAJSHREE SUGAR & CHEMICAL,32.13,33.99,31.93,32.82,32.13,2.15,46391,1522552.61
2026-01-14,RAJTV,EQ,INE952H01027,RAJ TV NETWORK LTD,40.57,41.59,40.57,40.75,40.48,0.67,360,14670.0
2026-01-14,RALLIS,EQ,INE613A01020,RALLIS INDIA LTD,250.7,250.7,246.55,247.8,249.45,-0.66,184202,45645256.16
2026-01-14,RAMANEWS,EQ,INE278B01020,SHREE RAMA NEWSPRINT LTD,32.98,32.98,30.47,30.54,30.5,0.13,33342,1018264.71
2026-01-14,RAMAPHO,EQ,INE809A01032,RAMA PHOSPHATES LIMITED,184.85,195.8,173.1,185.11,185.45,-0.18,930272,172202650.49
2026-01-14,RAMCOCEM,EQ,INE331A01037,THE RAMCO CEMENTS LIMITED,1086.9,1088.3,1061.5,1064.4,1084.9,-1.89,218897,232993972.14
2026-01-14,RAMCOIND,EQ,INE614A01028,RAMCO INDUSTRIES LIMITED,317.0,317.0,304.55,306.3,317.0,-3.38,88363,27065585.82
2026-01-14,RAMCOSYS,EQ,INE246B01019,RAMCO SYSTEMS LTD.,486.35,488.4,475.0,480.55,486.35,-1.19,43275,20795800.72
2026-01-14,RAMKY,EQ,INE874I01013,RAMKY INFRA LTD,495.0,503.15,494.95,497.8,500.15,-0.47,26107,12996064.28
2026-01-14,RAMRAT,EQ,INE207E01023,RAM RATNA WIRES LIMITED,295.3,299.0,295.0,296.85,297.4,-0.18,20261,6014477.97
2026-01-14,RANASUG,EQ,INE625B01014,RANA SUGARS LTD.,11.73,12.0,11.73,11.93,11.89,0.34,174747,2084731.76
2026-01-14,RANEHOLDIN,EQ,INE384A01010,RANE HOLDINGS LIMITED,1306.6,1348.0,1280.0,1309.2,1305.3,0.3,11889,15565078.22
2026-01-14,RATEGAIN,EQ,INE0CLI01024,RATEGAIN TRAVEL TECHN LTD,657.65,669.0,653.0,664.65,661.75,0.44,67573,44912396.1
2026-01-14,RATNAMANI,EQ,INE703B01027,RATNAMANI MET & TUB LTD.,2181.0,2204.0,2165.0,2171.8,2187.5,-0.72,8540,18547172.42
2026-01-14,RATNAVEER,EQ,INE05CZ01011,RATNAVEER PRECISION ENG L,154.7,157.85,148.75,150.37,154.47,-2.65,1318749,198300280.69
2026-01-14,RAYMOND,EQ,INE301A01014,RAYMOND LTD,402.8,412.0,401.1,403.2,402.8,0.1,194593,78459899.98
2026-01-14,RAYMONDLSL,EQ,INE02ID01020,RAYMOND LIFESTYLE LIMITED,965.0,970.4,942.5,945.1,972.2,-2.79,61905,58506413.99
2026-01-14,RAYMONDREL,EQ,INE1SY401010,RAYMOND REALTY LIMITED,475.15,478.75,469.7,474.3,475.15,-0.18,79156,37543689.83
2026-01-14,RBA,EQ,INE07T201019,RESTAURANT BRAND ASIA LTD,67.55,69.48,67.07,69.08,67.66,2.1,7031428,485731059.11
2026-01-14,RBLBANK,EQ,INE976G01028,RBL BANK LIMITED,304.7,312.75,304.25,312.0,305.7,2.06,3432977,1071088824.0
2026-01-14,RCF,EQ,INE027A01015,RASHTRIYA CHEMICALS & FER,137.49,141.15,137.13,137.96,137.49,0.34,1139067,157145690.97
2026-01-14,RECLTD,EQ,INE020B01018,REC LIMITED,366.75,373.0,364.3,369.9,366.9,0.82,4870804,1801710369.87
2026-01-14,REDINGTON,EQ,INE891D01026,REDINGTON LIMITED,272.6,276.8,271.55,273.65,273.05,0.22,1055689,288889288.41
2026-01-14,REDTAPE,EQ,INE0LXT01019,REDTAPE LIMITED,124.94,127.99,119.52,125.67,129.12,-2.67,2321453,291736994.26
2026-01-14,REFEX,EQ,INE056I01025,REFEX INDUSTRIES LIMITED,241.65,241.65,235.5,236.6,241.65,-2.09,403666,95507378.06
2026-01-14,REGAAL,EQ,INE0MHO01029,REGAAL RESOURCES LIMITED,67.83,71.3,67.01,68.82,67.83,1.46,511962,35233224.68
2026-01-14,REGENCERAM,EQ,INE277C01012,REGENCY CERAMICS LTD.,47.01,49.33,46.1,46.19,46.54,-0.75,676,31224.44
2026-01-14,RELAXO,EQ,INE131B01039,RELAXO FOOT LTD.,393.65,395.7,392.0,393.1,395.65,-0.64,37901,14898883.33
2026-01-14,RELCHEMQ,EQ,INE750D01016,RELIANCE CHEMOTEX IND LTD,137.25,138.99,132.01,133.87,134.25,-0.28,787,105355.69
2026-01-14,RELIABLE,EQ,INE375Y01018,RELIABLE DATA SERVICE LTD,152.99,152.99,145.1,150.83,150.34,0.33,5657,853245.32
2026-01-14,RELIANCE,EQ,INE002A01018,RELIANCE INDUSTRIES LTD,1444.0,1467.0,1440.2,1458.8,1452.8,0.41,8321764,12139789729.54
2026-01-14,RELIGARE,EQ,INE621H01010,RELIGARE ENTER. LTD.,240.5,246.47,240.5,243.51,243.35,0.07,424792,103441097.59
2026-01-14,RELTD,EQ,INE206N01018,RAVINDRA ENERGY LIMITED,157.6,162.0,153.86,157.83,159.72,-1.18,300237,47386406.26
2026-01-14,REMSONSIND,EQ,INE474C01023,REMSONS INDUSTRIES LTD,114.74,116.78,112.46,115.72,114.89,0.72,52863,6117306.42
2026-01-14,RENUKA,EQ,INE087H01022,SHREE RENUKA SUGARS LTD,25.19,25.71,24.85,25.21,25.07,0.56,2845093,71724791.93
2026-01-14,REPCOHOME,EQ,INE612J01015,REPCO HOME FINANCE LTD,406.6,409.5,404.9,407.3,408.2,-0.22,36800,14988639.55
2026-01-14,REPRO,EQ,INE461B01014,REPRO INDIA LIMITED,447.4,451.6,440.05,441.65,448.25,-1.47,4987,2202508.52
2026-01-14,RESPONIND,EQ,INE688D01026,RESPONSIVE INDUSTRIES LTD,186.79,186.79,182.42,184.09,187.79,-1.97,18254,3360378.79
2026-01-14,RETAIL,EQ,INE03DD01011,JHS SVENDGAARD RETAIL V L,24.0,24.55,23.5,24.35,24.35,0.0,27783,676516.06
2026-01-14,RGL,EQ,INE722H01024,RENAISSANCE GLOBAL LTD,121.15,122.58,118.15,120.15,121.46,-1.08,510501,61336695.93
2026-01-14,RHETAN,EQ,INE0KKN01029,RHETAN TMT LIMITED,25.6,27.37,25.27,26.52,25.66,3.35,3435041,91097288.89
2026-01-14,RHIM,EQ,INE743M01012,RHI MAGNESITA INDIA LTD,445.9,469.4,442.2,460.15,447.6,2.8,227010,104458650.11
2026-01-14,RHL,EQ,INE508K01013,ROBUST HOTELS LIMITED,206.53,208.99,198.25,200.02,204.84,-2.35,34878,6976297.71
2026-01-14,RICOAUTO,EQ,INE209B01025,RICO AUTO INDUSTRIES LTD,130.46,130.46,125.57,127.61,128.08,-0.37,2206037,281512382.92
2026-01-14,RIIL,EQ,INE046A01015,RELIANCE INDUSTRIAL INFRA,774.8,776.2,763.1,764.35,774.2,-1.27,36144,27626665.52
2026-01-14,RISHABH,EQ,INE0N2P01017,RISHABH INSTRUMENTS LTD,357.9,364.0,351.5,356.3,354.15,0.61,27230,9702048.67
2026-01-14,RITCO,EQ,INE01EG01016,RITCO LOGISTICS LIMITED,253.4,256.15,252.25,253.2,253.35,-0.06,11646,2948767.16
2026-01-14,RITES,EQ,INE320J01015,RITES LIMITED,227.0,234.52,227.0,231.79,226.65,2.27,1124031,260539137.94
2026-01-14,RKDL,EQ,INE722J01012,RAVI KUMAR DIST. LTD.,21.2,22.48,21.2,22.02,21.92,0.46,7518,165546.36
2026-01-14,RKEC,EQ,INE786W01010,RKEC PROJECTS LIMITED,51.0,53.3,50.01,51.43,51.39,0.08,37127,1909441.62
2026-01-14,RKFORGE,EQ,INE399G01023,RAMKRISHNA FORGINGS LTD,495.6,512.25,493.5,504.45,496.75,1.55,343916,173488430.4
2026-01-14,RKSWAMY,EQ,INE0NQ801033,R K SWAMY LIMITED,108.86,112.0,107.61,110.56,108.02,2.35,64537,7135210.56
2026-01-14,RML,EQ,INE050H01012,RANE (MADRAS) LIMITED,777.0,809.3,774.95,793.2,782.65,1.35,11408,9048825.74
2026-01-14,ROHLTD,EQ,INE283H01019,ROYAL ORCHID HOTELS LTD,378.25,401.0,377.9,392.3,380.15,3.2,65057,25521860.31
2026-01-14,ROLEXRINGS,EQ,INE645S01024,ROLEX RINGS LIMITED,122.63,122.63,120.0,120.53,122.77,-1.82,480336,57894897.49
2026-01-14,ROML,EQ,INE294G01026,RAJ OIL MILLS LIMITED,47.48,48.5,47.48,47.74,48.76,-2.09,3100,147994.01
2026-01-14,ROSSARI,EQ,INE02A801020,ROSSARI BIOTECH LIMITED,547.5,552.05,538.5,539.8,544.65,-0.89,31717,17120836.21
2026-01-14,ROSSELLIND,EQ,INE847C01020,ROSSELL INDIA LIMITED,48.39,49.27,47.2,47.8,48.38,-1.2,20846,996438.78
2026-01-14,ROSSTECH,EQ,INE0OJW01016,ROSSELL TECHSYS LIMITED,576.6,663.0,576.55,637.35,576.6,10.54,1997753,1273267825.78
2026-01-14,ROTO,EQ,INE535D01037,ROTO PUMPS LIMITED,60.5,61.41,59.7,59.88,60.9,-1.67,716948,42930847.01
2026-01-14,ROUTE,EQ,INE450U01017,ROUTE MOBILE LIMITED,649.65,650.05,641.0,642.45,649.65,-1.11,86829,55783292.11
2026-01-14,RPEL,EQ,INE912T01018,RAGHAV PRODUCTIVITY ENH L,925.0,925.0,843.9,855.6,904.9,-5.45,134217,114836061.92
2026-01-14,RPGLIFE,EQ,INE105J01010,RPG LIFE SCIENCES LTD,2281.1,2320.1,2281.0,2314.1,2315.6,-0.06,3447,7976703.04
2026-01-14,RPOWER,EQ,INE614G01033,RELIANCE POWER LTD.,33.4,33.8,33.02,33.18,33.46,-0.84,18407414,610758002.14
2026-01-14,RPPINFRA,EQ,INE324L01013,R.P.P INFRA PROJECTS LTD,89.5,92.77,88.57,89.81,90.77,-1.06,112630,10115300.03
2026-01-14,RPSGVENT,EQ,INE425Y01011,RPSG VENTURES LIMITED,714.05,723.4,702.0,704.65,723.6,-2.62,17181,12106592.07
2026-01-14,RPTECH,EQ,INE0J1F01024,RASHI PERIPHERALS LIMITED,367.0,369.0,356.25,365.6,366.15,-0.15,148841,54416270.51
2026-01-14,RRKABEL,EQ,INE777K01022,R R KABEL LIMITED,1494.7,1505.9,1483.4,1500.1,1502.4,-0.15,62224,93342220.88
2026-01-14,RSSOFTWARE,EQ,INE165B01029,R. S. SOFTWARE (INDIA) LI,46.0,46.8,45.23,45.8,46.0,-0.43,28555,1307818.98
2026-01-14,RSYSTEMS,EQ,INE411H01032,R SYS INTERNATIONAL LTD,382.05,390.25,380.2,385.7,385.2,0.13,63001,24299486.47
2026-01-14,RTNINDIA,EQ,INE834M01019,RATTANINDIA ENT LIMITED,38.4,38.9,38.32,38.64,38.55,0.23,830701,32098286.13
2026-01-14,RTNPOWER,EQ,INE399K01017,RATTANINDIA POWER LIMITED,8.95,8.95,8.81,8.84,8.91,-0.79,7804910,68995405.59
2026-01-14,RUBFILA,EQ,INE642C01025,RUBFILA INTERNATIONAL LTD,71.8,72.0,70.38,71.9,70.86,1.47,4900,352310.01
2026-01-14,RUBICON,EQ,INE506V01022,RUBICON RESEARCH LIMITED,675.0,685.4,659.9,681.25,677.1,0.61,143977,98084331.25
2026-01-14,RUBYMILLS,EQ,INE301D01026,THE RUBY MILLS LTD,206.0,209.8,204.5,204.87,209.04,-1.99,6492,1330016.01
2026-01-14,RUCHINFRA,EQ,INE413B01023,RUCHI INFRASTRUCTURE LTD,6.0,6.26,5.95,6.1,6.11,-0.16,37222,227054.2
2026-01-14,RUCHIRA,EQ,INE803H01014,RUCHIRA PAPERS LIMITED,117.45,119.8,117.45,119.34,117.05,1.96,22345,2666652.22
2026-01-14,RUDRA,EQ,INE027T01023,RUDRA GLOBAL INFRA PROD L,25.19,26.3,24.5,24.82,24.76,0.24,104412,2591505.81
2026-01-14,RUPA,EQ,INE895B01021,RUPA & COMPANY LTD,158.0,159.48,157.25,159.07,158.72,0.22,64758,10301055.53
2026-01-14,RUSHIL,EQ,INE573K01025,RUSHIL DECOR LIMITED,21.3,22.3,21.25,21.49,21.34,0.7,305777,6571147.66
2026-01-14,RUSTOMJEE,EQ,INE263M01029,KEYSTONE REALTORS LIMITED,497.75,498.1,477.6,490.35,495.25,-0.99,188812,92583965.35
2026-01-14,RVHL,EQ,INE09E501017,RAVINDER HEIGHTS LIMITED,49.56,52.01,48.37,50.37,49.56,1.63,14938,752427.04
2026-01-14,RVNL,EQ,INE415G01027,RAIL VIKAS NIGAM LIMITED,329.5,341.9,328.0,338.3,330.2,2.45,10947879,3703667332.06
2026-01-14,RVTH,EQ,INE0DAB01012,REVATHI EQUIPMENT INDIA L,696.95,697.0,680.0,681.1,701.1,-2.85,255,173680.49
2026-01-14,S&SPOWER,EQ,INE902B01017,S&S POWER SWITCHGEARS LTD,286.35,286.35,266.3,266.3,280.3,-4.99,3655,973326.46
2026-01-14,SAATVIKGL,EQ,INE13B501022,SAATVIK GREEN ENERGY LTD,398.95,407.1,391.6,393.3,399.7,-1.6,171631,67502470.2
2026-01-14,SADBHAV,EQ,INE226H01026,SADBHAV ENGINEERING LTD,7.81,8.3,7.73,7.85,8.11,-3.21,111509,875345.64
2026-01-14,SADBHIN,EQ,INE764L01010,SADBHAV INFRA PROJ LTD.,3.63,3.63,3.53,3.55,3.63,-2.2,127043,451002.64
2026-01-14,SAFARI,EQ,INE429E01023,SAFARI IND (INDIA) LTD,2105.6,2113.2,2052.1,2079.5,2123.8,-2.09,31533,65572873.5
2026-01-14,SAGARDEEP,EQ,INE976T01013,SAGARDEEP ALLOYS LIMITED,26.36,27.35,26.36,26.76,26.88,-0.45,9930,265726.8
2026-01-14,SAGCEM,EQ,INE229C01021,SAGAR CEMENTS LIMITED,201.0,201.99,198.8,200.0,201.76,-0.87,19643,3928600.0
2026-01-14,SAGILITY,EQ,INE0W2G01015,SAGILITY LIMITED,50.79,51.69,50.5,51.35,50.77,1.14,12494678,641601696.23
2026-01-14,SAHYADRI,EQ,INE280H01015,SAHYADRI INDUSTRIES LTD,250.65,254.0,244.5,246.65,250.65,-1.6,456,112472.4
2026-01-14,SAIL,EQ,INE114A01011,STEEL AUTHORITY OF INDIA,147.76,152.65,147.21,152.44,147.76,3.17,26571101,4050498701.31
2026-01-14,SAILIFE,EQ,INE570L01029,SAI LIFE SCIENCES LIMITED,900.1,912.1,893.55,905.3,904.8,0.06,183433,166061892.66
2026-01-14,SAKAR,EQ,INE732S01012,SAKAR HEALTHCARE LIMITED,361.0,421.95,361.0,404.6,375.15,7.85,51410,20800486.31
2026-01-14,SAKHTISUG,EQ,INE623A01011,SAKTHI SUGARS LTD,18.1,18.23,17.69,17.89,17.88,0.06,46395,830006.52
2026-01-14,SAKSOFT,EQ,INE667G01023,SAKSOFT LIMITED,186.58,186.8,183.19,184.06,186.82,-1.48,68755,12655045.13
2026-01-14,SAKUMA,EQ,INE190H01024,SAKUMA EXPORTS LIMITED,2.06,2.08,2.04,2.05,2.06,-0.49,903975,1853148.71
2026-01-14,SALASAR,EQ,INE170V01027,SALASAR TECHNO ENGG. LTD.,8.5,8.58,8.48,8.51,8.5,0.12,2755635,23450454.48
2026-01-14,SALONA,EQ,INE498E01010,SALONA COTSPIN LTD.,246.0,254.9,242.25,254.9,252.55,0.93,193,49195.7
2026-01-14,SALSTEEL,EQ,INE658G01014,S.A.L. STEEL LTD.,40.98,40.98,39.51,40.98,40.18,1.99,101706,4167911.83
2026-01-14,SALZERELEC,EQ,INE457F01013,SALZER ELECTRONICS LTD,620.4,625.0,600.1,604.05,619.95,-2.56,95302,57567171.94
2026-01-14,SAMBHAAV,EQ,INE699B01027,SAMBHAAV MEDIA LTD,8.46,8.46,8.35,8.37,8.48,-1.3,14981,125390.97
2026-01-14,SAMBHV,EQ,INE12NJ01018,SAMBHV STEEL TUBES LTD,89.52,90.79,89.43,89.75,89.52,0.26,392199,35199860.25
2026-01-14,SAMHI,EQ,INE08U801020,SAMHI HOTELS LIMITED,189.32,191.39,185.07,189.14,186.91,1.19,334227,63215694.58
2026-01-14,SAMMAANCAP,EQ,INE148I01020,SAMMAAN CAPITAL LIMITED,142.0,145.38,141.88,142.97,141.99,0.69,5123849,732556697.78
2026-01-14,SAMPANN,EQ,INE735M01018,SAMPANN UTPADAN INDIA LTD,32.43,33.95,32.2,33.01,32.43,1.79,30992,1023045.87
2026-01-14,SANATHAN,EQ,INE0JPD01013,SANATHAN TEXTILES LIMITED,429.5,435.7,418.85,427.75,430.35,-0.6,21359,9136312.25
2026-01-14,SANDESH,EQ,INE583B01015,SANDESH LTD,1042.1,1059.9,1042.0,1058.5,1054.5,0.38,110,116435.0
2026-01-14,SANDHAR,EQ,INE278H01035,SANDHAR TECHNOLOGIES LTD,559.6,564.25,553.35,559.2,559.15,0.01,85750,47951401.05
2026-01-14,SANDUMA,EQ,INE149K01016,SANDUR MANG & IRON ORES L,227.92,235.83,227.43,232.41,227.92,1.97,2908187,675891751.32
2026-01-14,SANGAMIND,EQ,INE495C01010,SANGAM (INDIA) LTD,452.1,456.0,448.55,451.0,451.65,-0.14,12468,5623068.0
2026-01-14,SANGHVIMOV,EQ,INE989A01032,SANGHVI MOVERS LTD,312.9,318.35,312.4,315.25,315.15,0.03,67446,21262351.5
2026-01-14,SANOFI,EQ,INE058A01010,SANOFI INDIA LIMITED,4074.0,4074.0,4018.5,4021.5,4077.8,-1.38,13797,55484635.5
2026-01-14,SANOFICONR,EQ,INE0UOS01011,SANOFI CONS HEALTHC IND L,4231.4,4232.3,4194.4,4200.7,4232.5,-0.75,1168,4906417.83
2026-01-14,SANSERA,EQ,INE953O01021,SANSERA ENGINEERING LTD,1819.9,1819.9,1771.0,1778.2,1822.6,-2.44,168734,300042790.56
2026-01-14,SANSTAR,EQ,INE08NE01025,SANSTAR LIMITED,93.7,95.6,92.02,95.08,92.82,2.43,345137,32815626.59
2026-01-14,SAPPHIRE,EQ,INE806T01020,SAPPHIRE FOODS INDIA LTD,225.2,229.05,222.2,224.05,226.65,-1.15,270028,60499774.22
2026-01-14,SARDAEN,EQ,INE385C01021,SARDA ENERGY & MIN LTD,482.7,492.4,481.55,486.8,482.7,0.85,363858,177126069.96
2026-01-14,SAREGAMA,EQ,INE979A01025,SAREGAMA INDIA LIMITED,353.75,353.75,345.15,346.8,351.95,-1.46,449734,155967745.71
2026-01-14,SARLAPOLY,EQ,INE453D01025,SARLA PERF. FIBERS LTD,85.4,86.48,83.21,83.94,85.14,-1.41,58890,4943226.74
2026-01-14,SARVESHWAR,EQ,INE324X01026,SARVESHWAR FOODS LIMITED,4.22,4.27,4.19,4.21,4.29,-1.86,2579219,10858512.09
2026-01-14,SASKEN,EQ,INE231F01020,SASKEN TECHNOLOGIES LTD,1396.6,1397.7,1360.1,1362.1,1396.6,-2.47,13036,17756335.28
2026-01-14,SATIA,EQ,INE170E01023,SATIA INDUSTRIES LIMITED,66.0,68.59,66.0,67.48,66.92,0.84,63569,4289636.33
2026-01-14,SATIN,EQ,INE836B01017,SATIN CREDIT NET LTD,150.0,152.0,149.06,151.38,150.94,0.29,65675,9941881.82
2026-01-14,SAURASHCEM,EQ,INE626A01014,SAURASHTRA CEMENT LIMITED,79.0,79.0,76.26,78.29,77.1,1.54,63119,4941586.57
2026-01-14,SBC,EQ,INE04AK01028,SBC EXPORTS LIMITED,28.55,28.92,28.43,28.75,28.63,0.42,10182031,292733391.25
2026-01-14,SBCL,EQ,INE386D01027,SHIVALIK BIMETAL CON. LTD,433.5,438.4,430.05,437.45,433.5,0.91,40917,17899142.15
2026-01-14,SBFC,EQ,INE423Y01016,SBFC FINANCE LIMITED,101.93,101.93,101.18,101.57,101.94,-0.36,384010,39003895.58
2026-01-14,SBGLP,EQ,INE05ST01028,SURATWWALA BUS GROUP LTD,35.57,35.77,34.1,34.28,35.57,-3.63,50131,1718490.62
2026-01-14,SBICARD,EQ,INE018E01016,SBI CARDS & PAY SER LTD,852.55,858.3,843.75,846.5,857.85,-1.32,791044,669618746.0
2026-01-14,SBIETFCON,EQ,INF200KA1X17,SBIAMC - SBIETFCON,123.68,124.06,121.25,123.44,123.68,-0.19,11775,1453506.03
2026-01-14,SBIETFIT,EQ,INF200KA1S14,SBIAMC - SBIETFIT,417.41,418.84,413.31,415.79,418.84,-0.73,5317,2210755.48
2026-01-14,SBIETFPB,EQ,INF200KA1S22,SBIAMC - SBIETFPB,292.86,292.92,289.44,291.49,291.41,0.03,2080,606299.18
2026-01-14,SBIETFQLTY,EQ,INF200KA1WX6,SBIAMC - SBIETFQLTY,230.98,231.33,229.2,230.46,230.99,-0.23,7352,1694341.97
2026-01-14,SBILIFE,EQ,INE123W01016,SBI LIFE INSURANCE CO LTD,2070.2,2082.0,2063.3,2068.8,2082.4,-0.65,942775,1950412966.03
2026-01-14,SBIN,EQ,INE062A01020,STATE BANK OF INDIA,1030.0,1030.4,1020.5,1028.35,1028.45,-0.01,7370514,7579467891.96
2026-01-14,SBINEQWETF,EQ,INF200KB1282,SBIAMC - SBINEQWETF,33.44,33.67,33.4,33.5,33.44,0.18,6927,232054.5
2026-01-14,SBISILVER,EQ,INF200KB1217,SBIAMC - SBISILVER,261.51,271.89,258.5,269.62,255.14,5.68,7304070,1969323317.74
2026-01-14,SCHAEFFLER,EQ,INE513A01022,SCHAEFFLER INDIA LIMITED,3768.9,3828.9,3762.3,3813.2,3789.5,0.63,54640,208353245.33
2026-01-14,SCHAND,EQ,INE807K01035,S CHAND AND COMPANY LTD,159.69,162.96,156.25,157.66,161.9,-2.62,44900,7078934.16
2026-01-14,SCHNEIDER,EQ,INE839M01018,SCHNEIDER ELECTRIC INFRA,626.9,627.2,619.15,622.15,629.0,-1.09,117202,72917227.16
2026-01-14,SCI,EQ,INE109A01011,SHIPPING CORP OF INDIA LT,211.0,217.35,210.6,214.63,211.95,1.26,1634983,350916409.27
2026-01-14,SCILAL,EQ,INE0PB301013,SHIPPING CORP OF ILA LTD,46.44,47.13,46.2,46.42,46.44,-0.04,224398,10416554.75
2026-01-14,SCODATUBES,EQ,INE090501011,SCODA TUBES LIMITED,154.0,157.0,152.7,153.8,153.96,-0.1,127191,19561976.19
2026-01-14,SDBL,EQ,INE480C01038,SOM DIST & BREW LTD,101.01,101.55,100.2,100.72,101.24,-0.51,347614,35011682.5
2026-01-14,SEAMECLTD,EQ,INE497B01018,SEAMEC LIMITED,1030.0,1085.0,1030.0,1072.2,1032.8,3.81,13398,14365334.95
2026-01-14,SECMARK,EQ,INE0BTM01013,SECMARK CONSULTANCY LTD,115.84,115.84,106.71,108.5,111.24,-2.46,578,62713.0
2026-01-14,SECURKLOUD,EQ,INE650K01021,SECUREKLOUD TECH LIMITED,24.48,25.21,23.95,24.59,24.6,-0.04,7009,172351.31
2026-01-14,SEJALLTD,EQ,INE955I01044,SEJAL GLASS LIMITED,783.8,792.5,765.7,784.85,783.8,0.13,2757,2163831.38
2026-01-14,SELECTIPO,EQ,INF769K01ON4,MIRAEAMC - SELECTIPO,44.75,44.75,44.75,44.75,44.69,0.13,0,0.0
2026-01-14,SEMAC,EQ,INE617A01013,SEMAC CONSTRUCTION LTD,289.0,305.85,265.0,266.45,288.85,-7.75,19211,5118771.18
2026-01-14,SENCO,EQ,INE602W01027,SENCO GOLD LIMITED,336.6,341.0,331.0,332.95,336.65,-1.1,807612,268894425.26
2026-01-14,SENORES,EQ,INE0RB801010,SENORES PHARMACEUTICALS L,812.95,820.95,797.6,803.15,812.95,-1.21,118718,95348364.6
2026-01-14,SENSEXADD,EQ,INF740KA1SZ6,DSPAMC - DSPSENXETF,85.67,85.9,85.15,85.49,85.72,-0.27,2925,250058.24
2026-01-14,SENSEXAXIS,EQ,INF846K010Q0,AXISAMC-SENSEXAXIS,86.25,86.4,85.65,86.08,86.0,0.09,812,69896.96
2026-01-14,SENSEXBETA,EQ,INF789FB1X58,UTIAMC-SENSEXBETA,924.5,928.8,915.35,920.2,923.35,-0.34,4252,3912690.45
2026-01-14,SENSEXETF,EQ,INF769K01KT9,MIRAEAMC - SENSEXETF,85.6,86.75,85.3,85.48,85.67,-0.22,29254,2500632.02
2026-01-14,SENSEXIETF,EQ,INF346A01034,ICICI PRUD SENSEX ETF,955.43,959.0,950.51,953.48,956.43,-0.31,12566,11981429.43
2026-01-14,SEPC,EQ,INE964H01014,SEPC LIMITED,8.9,9.14,8.9,8.95,9.05,-1.1,11688840,104615115.77
2026-01-14,SERVOTECH,EQ,INE782X01033,SERVOTECH REN POW SYS LTD,71.06,71.59,70.12,70.32,70.7,-0.54,312899,22003057.58
2026-01-14,SESHAPAPER,EQ,INE630A01024,SESHASAYEE PAPER & BOARDS,239.3,239.3,229.9,230.68,237.33,-2.8,12097,2790535.87
2026-01-14,SETF10GILT,EQ,INF200KA1JT1,SBIAMC - SETF10GILT,259.64,259.99,258.36,259.18,259.43,-0.1,6363,1649162.29
2026-01-14,SETFGOLD,EQ,INF200KA16D8,SBI-ETF GOLD,119.75,122.35,119.75,122.01,120.13,1.56,12911226,1575298711.84
2026-01-14,SETFNIF50,EQ,INF200KA1FS1,SBI-ETF NIFTY 50,277.49,277.49,273.76,274.69,275.24,-0.2,591575,162499738.19
2026-01-14,SETFNIFBK,EQ,INF200KA1580,SBI-ETF NIFTY BANK,609.15,611.34,607.73,609.62,609.56,0.01,26666,16256126.79
2026-01-14,SETFNN50,EQ,INF200KA1598,SBI-ETF NIFTY NEXT 50,730.8,735.75,726.8,732.22,728.34,0.53,23312,17069511.96
2026-01-14,SETL,EQ,INE0M4D01010,STANDARD ENGNG TCNLGY LTD,138.5,140.87,135.78,135.98,138.39,-1.74,164090,22312957.5
2026-01-14,SFL,EQ,INE916U01025,SHEELA FOAM LIMITED,567.4,572.6,560.1,561.7,569.65,-1.4,32154,18060902.19
2026-01-14,SGFIN,EQ,INE618R01015,SG FINSERVE LIMITED,405.0,406.95,399.05,400.0,404.9,-1.21,94133,37653200.0
2026-01-14,SGIL,EQ,INE00QT01015,SYNERGY GREEN IND. LTD,510.15,532.0,502.5,522.25,507.6,2.89,24183,12629571.75
2026-01-14,SGL,EQ,INE353H01010,STL GLOBAL LIMITED,12.8,13.24,12.02,12.27,12.48,-1.68,11368,139485.37
2026-01-14,SGMART,EQ,INE385F01024,SG MART LIMITED,343.9,345.55,338.45,340.75,342.25,-0.44,59629,20318581.75
2026-01-14,SHAH,EQ,INE482J01021,SHAH METACORP LIMITED,5.24,5.34,5.2,5.21,5.21,0.0,1586575,8266055.81
2026-01-14,SHAILY,EQ,INE151G01028,SHAILY ENG PLASTICS LTD,2170.9,2177.9,2105.6,2132.8,2171.0,-1.76,232986,496912552.18
2026-01-14,SHAKTIPUMP,EQ,INE908D01010,SHAKTI PUMPS (I) LTD,718.4,724.8,707.5,710.75,720.9,-1.41,698496,496456032.0
2026-01-14,SHALBY,EQ,INE597J01018,SHALBY LIMITED,181.56,182.97,180.47,181.85,181.56,0.16,64490,11727506.89
2026-01-14,SHANKARA,EQ,INE274V01019,SHANKARA BLDG PRODUCT LTD,109.55,114.0,106.21,112.67,109.55,2.85,216438,24386069.06
2026-01-14,SHANTI,EQ,INE933X01016,SHANTI OVERSEAS INDIA LTD,8.09,8.25,7.81,8.02,8.07,-0.62,54322,435662.46
2026-01-14,SHANTIGEAR,EQ,INE631A01022,SHANTHI GEARS LTD,418.0,424.6,412.3,415.05,419.4,-1.04,17719,7354270.73
2026-01-14,SHANTIGOLD,EQ,INE06ZD01017,SHANTI GOLD INTERNATION L,210.19,210.36,201.83,205.31,210.19,-2.32,597331,122638026.15
2026-01-14,SHARDACROP,EQ,INE221J01015,SHARDA CROPCHEM LTD.,811.0,849.95,801.1,829.0,811.0,2.22,273066,226371714.0
2026-01-14,SHARDAMOTR,EQ,INE597I01028,SHARDA MOTOR INDS LTD,869.9,888.95,862.85,869.2,869.4,-0.02,142436,123805372.94
2026-01-14,SHAREINDIA,EQ,INE932X01026,SHARE IND. SECURITIES LTD,147.5,150.86,147.5,149.53,149.45,0.05,241011,36038374.54
2026-01-14,SHARIABEES,EQ,INF732E01128,NIP IND ETF SHARIAH BEES,519.16,520.0,513.0,515.47,516.58,-0.21,6013,3099520.93
2026-01-14,SHILCTECH,EQ,INE024F01011,SHILCHAR TECHNOLOGIES LTD,3284.8,3415.9,3221.0,3336.9,3199.4,4.3,53875,179775482.24
2026-01-14,SHILPAMED,EQ,INE790G01031,SHILPA MEDICARE LTD,294.1,296.8,291.35,294.15,294.9,-0.25,133465,39258728.94
2026-01-14,SHIVALIK,EQ,INE788J01021,SHIVALIK RASAYAN LIMITED,336.45,338.1,328.0,330.55,336.15,-1.67,14214,4698437.53
2026-01-14,SHIVAMAUTO,EQ,INE637H01024,SHIVAM AUTO.LTD,22.85,22.85,21.55,21.95,22.15,-0.9,87770,1926551.57
2026-01-14,SHIVAMILLS,EQ,INE644Y01017,SHIVA MILLS LIMITED,53.01,57.57,53.01,56.96,55.19,3.21,4409,251136.64
2026-01-14,SHIVATEX,EQ,INE705C01020,SHIVA TEXYARN LIMITED,172.01,175.5,170.3,171.47,170.16,0.77,305,52298.35
2026-01-14,SHIVAUM,EQ,INE719F01016,SHIV AUM STEELS LIMITED,296.55,296.55,295.1,295.9,296.55,-0.22,41,12131.9
2026-01-14,SHK,EQ,INE500L01026,S H KELKAR AND CO. LTD.,166.01,167.6,163.52,164.48,167.5,-1.8,352794,58027555.61
2026-01-14,SHOPERSTOP,EQ,INE498B01024,SHOPPERS STOP LIMITED,367.9,397.9,366.5,389.15,371.6,4.72,64914,25261282.7
2026-01-14,SHRADHA,EQ,INE715Y01031,SHRADHA REALTY LIMITED,40.23,41.85,39.0,40.19,39.91,0.7,11347,456035.91
2026-01-14,SHREDIGCEM,EQ,INE232A01011,SHREE DIGVIJAY CEM CO LTD,90.81,91.64,90.81,91.49,91.19,0.33,121463,11112649.61
2026-01-14,SHREECEM,EQ,INE070A01015,SHREE CEMENT LIMITED,26945.0,27670.0,26930.0,27550.0,27155.0,1.45,37405,1030507750.0
2026-01-14,SHREEJISPG,EQ,INE1B6101010,SHREEJI SHIPPING GLOBAL L,369.3,369.9,360.55,362.55,366.7,-1.13,1180849,428116790.54
2026-01-14,SHREEPUSHK,EQ,INE712K01011,SHRE PUSH CHEM & FERT LTD,329.85,333.4,328.5,330.9,334.85,-1.18,14720,4870847.91
2026-01-14,SHREERAMA,EQ,INE879A01019,SHREE RAMA MULTI TECH LTD,60.99,63.45,59.81,62.16,60.96,1.97,156815,9747620.38
2026-01-14,SHREYANIND,EQ,INE231C01019,SHREYANS INDUSTRIES LTD,169.73,170.5,166.5,168.43,168.86,-0.25,3347,563735.19
2026-01-14,SHRINGARMS,EQ,INE1B3L01017,SHRINGAR HOU OF MANGALS L,223.59,226.0,221.4,224.28,223.56,0.32,746524,167430401.81
2026-01-14,SHRIPISTON,EQ,INE526E01018,SPR AUTO TECHNOLOGIES LTD,3017.2,3075.1,2970.0,2989.9,3045.8,-1.84,79273,237018334.96
2026-01-14,SHRIRAMFIN,EQ,INE721A01047,SHRIRAM FINANCE LIMITED,980.0,990.5,970.4,981.1,979.05,0.21,3846614,3773912901.49
2026-01-14,SHRIRAMPPS,EQ,INE217L01019,SHRIRAM PROPERTIES LTD,80.0,80.73,79.02,79.3,80.46,-1.44,313023,24822724.86
2026-01-14,SHYAMMETL,EQ,INE810G01011,SHYAM METALICS AND ENGY L,818.0,845.0,810.8,836.75,812.95,2.93,173634,145288249.5
2026-01-14,SHYAMTEL,EQ,INE635A01023,SHYAM TELECOM LIMITED,11.76,12.2,11.76,12.09,11.76,2.81,2530,30587.7
2026-01-14,SIEMENS,EQ,INE003A01024,SIEMENS LTD,2950.0,2986.0,2930.5,2970.8,2947.7,0.78,148958,442524433.67
2026-01-14,SIGACHI,EQ,INE0D0K01022,SIGACHI INDUSTRIES LTD,28.45,28.63,27.65,27.86,28.31,-1.59,4188156,116682028.72
2026-01-14,SIGMA,EQ,INE0A0S01028,SIGMA SOLVE LIMITED,62.99,63.5,57.55,58.78,61.0,-3.64,337171,19818910.97
2026-01-14,SIGNATURE,EQ,INE903U01023,SIGNATUREGLOBAL INDIA LTD,947.6,950.0,916.2,922.9,947.6,-2.61,436443,402793255.36
2026-01-14,SIGNPOST,EQ,INE0KGZ01021,SIGNPOST INDIA LIMITED,204.45,204.79,197.31,200.78,198.57,1.11,23510,4720337.77
2026-01-14,SIL,EQ,INE173A01025,STANDARD INDUSTRIES LTD.,15.0,15.25,14.85,14.88,15.25,-2.43,23048,342954.24
2026-01-14,SILGO,EQ,INE01II01013,SILGO RETAIL LIMITED,70.9,72.0,68.0,69.89,71.15,-1.77,276646,19334788.77
2026-01-14,SILINV,EQ,INE923A01015,SIL INVESTMENTS LIMITED,470.05,494.0,470.05,472.45,478.1,-1.18,1471,694973.97
2026-01-14,SILVER,EQ,INF209KB19F6,BIRLASLAMC - SILVER,266.73,277.97,260.23,275.32,260.23,5.8,5962033,1641466969.23
2026-01-14,SILVER1,EQ,INF174KA1ZD3,KOTAKMAMC - KOTAKSILVE,260.2,269.75,260.2,266.79,253.51,5.24,3065122,817743924.57
2026-01-14,SILVERADD,EQ,INF740KA1ZQ0,DSPAMC - DSPSILVETF,25.44,26.6,25.44,26.46,25.08,5.47,23252940,615179766.09
2026-01-14,SILVERAG,EQ,INF769K01KG6,MIRAEAMC - MASILVER,258.6,271.88,258.6,269.07,254.27,5.82,1193065,321018008.29
2026-01-14,SILVERAXIS,EQ,INF846K011K1,AXISAMC-SILVERAXIS,265.0,277.9,265.0,274.53,258.73,6.11,2985838,819702102.5
2026-01-14,SILVERBEES,EQ,INF204KC1402,NIPPONAMC - NETFSILVER,258.5,264.0,258.5,262.81,249.51,5.33,137283440,36079460531.24
2026-01-14,SILVERBETA,EQ,INF789F1AYK6,UTIAMC-SILVERBETA,258.3,267.38,258.3,265.83,252.15,5.43,3666583,974687709.66
2026-01-14,SILVERCASE,EQ,INF0R8F01091,ZERODHAAMC - SILVERCASE,27.0,28.39,27.0,27.99,26.48,5.7,47979901,1342957418.01
2026-01-14,SILVERIETF,EQ,INF109KC1Y56,ICICIPRAMC - ICICISILVE,270.25,275.0,267.26,274.31,260.75,5.2,21577805,5919007636.87
2026-01-14,SILVERTUC,EQ,INE625X01026,SILVER TOUCH TECHNO LTD,151.0,155.1,144.24,152.94,151.06,1.24,2080340,318167204.68
2026-01-14,SIMPLEXINF,EQ,INE059B01024,SIMPLEX INFRASTRUCTURES L,243.0,243.0,235.0,236.1,239.43,-1.39,28967,6839108.88
2026-01-14,SINCLAIR,EQ,INE985A01022,SINCLAIRS HOTELS LIMITED,81.4,83.18,79.8,81.49,81.76,-0.33,27070,2205934.24
2026-01-14,SINDHUTRAD,EQ,INE325D01025,SINDHU TRADE LINKS LTD,18.65,19.27,18.62,18.94,18.9,0.21,102531,1941937.19
2026-01-14,SINTERCOM,EQ,INE129Z01016,SINTERCOM INDIA LIMITED,99.01,100.0,99.0,99.6,100.2,-0.6,946,94221.6
2026-01-14,SIRCA,EQ,INE792Z01011,SIRCA PAINT INDIA LIMITED,481.0,491.0,478.0,485.15,479.0,1.28,198945,96518165.54
2026-01-14,SIS,EQ,INE285J01028,SIS LIMITED,331.5,336.25,331.15,332.7,334.8,-0.63,36228,12053056.04
2026-01-14,SIYSIL,EQ,INE076B01028,SIYARAM SILK MILLS LTD,611.0,611.85,600.15,606.1,610.3,-0.69,49343,29906791.1
2026-01-14,SJS,EQ,INE284S01014,SJS ENTERPRISES LIMITED,1728.0,1728.0,1675.0,1684.6,1719.6,-2.04,94676,159491187.29
2026-01-14,SJVN,EQ,INE002L01015,SJVN LTD,79.41,79.57,78.22,78.71,79.42,-0.89,3672850,289090020.14
2026-01-14,SKFINDIA,EQ,INE640A01023,SKF INDIA LTD,1880.1,1903.7,1846.0,1861.6,1875.4,-0.74,59026,109882800.16
2026-01-14,SKFINDUS,EQ,INE2J8701016,SKF IND (INDUSTRIAL) LTD,2673.8,2686.4,2629.6,2674.1,2673.8,0.01,5668,15156799.35
2026-01-14,SKIPPER,EQ,INE439E01022,SKIPPER LIMITED,395.0,399.85,393.45,395.0,398.65,-0.92,213640,84387800.0
2026-01-14,SKMEGGPROD,EQ,INE411D01023,SKM EGG PROD EXPORT(I) LT,166.0,170.9,164.4,169.25,171.45,-1.28,267902,45342413.5
2026-01-14,SKYGOLD,EQ,INE01IU01018,SKY GOLD AND DIAMONDS LTD,326.35,331.05,320.65,324.7,330.05,-1.62,366539,119015217.77
2026-01-14,SMALLADD,EQ,INF740KA1WX3,DSPAMC - SMALLADD,16.23,16.41,16.2,16.27,16.23,0.25,17291,281324.58
2026-01-14,SMALLCAP,EQ,INF769K01LC3,MIRAEAMC - SMALLCAP,42.91,43.22,42.75,43.13,42.9,0.54,1092613,47124399.86
2026-01-14,SMARTWORKS,EQ,INE0NAZ01010,SMARTWORKS COWORKING SP L,475.3,484.9,466.6,478.4,475.3,0.65,86567,41413652.27
2026-01-14,SMCGLOBAL,EQ,INE103C01036,SMC GLOBAL SECURITIES LTD,84.5,86.25,83.23,85.51,84.23,1.52,539692,46149064.07
2026-01-14,SML100CASE,EQ,INF0R8F01141,ZERODHAAMC - SML100CASE,9.83,9.83,9.83,9.83,9.76,0.67,0,0.0
2026-01-14,SMLMAH,EQ,INE294B01019,SML MAHINDRA LIMITED,4258.0,4458.8,4222.1,4454.6,4246.5,4.9,90037,401078828.99
2026-01-14,SMLT,EQ,INE017W01010,SARTHAK METALS LIMITED,77.21,79.19,75.82,77.32,78.81,-1.89,17805,1376682.59
2026-01-14,SMSPHARMA,EQ,INE812G01025,SMS PHARMACEUTICALS LTD.,335.0,343.15,335.0,337.25,338.75,-0.44,174624,58891944.0
2026-01-14,SNOWMAN,EQ,INE734N01019,SNOWMAN LOGISTICS LTD.,38.86,38.9,38.08,38.17,38.81,-1.65,170755,6517718.04
2026-01-14,SNXT50BETA,EQ,INF789F1AUU3,UTIAMC-SNXT50BETA,94.1,95.0,92.56,94.42,93.82,0.64,4351,410821.41
2026-01-14,SOBHA,EQ,INE671H01015,SOBHA LIMITED,1530.7,1563.1,1516.1,1549.4,1532.8,1.08,108857,168663038.46
2026-01-14,SOFTTECH,EQ,INE728Z01015,SOFTTECH ENGINEERS LTD,296.8,317.95,290.0,314.4,296.8,5.93,18054,5676177.49
2026-01-14,SOLARA,EQ,INE624Z01016,SOLARA ACTIVE PHA SCI LTD,564.9,565.6,555.35,557.15,565.4,-1.46,24058,13403915.29
2026-01-14,SOLARINDS,EQ,INE343H01029,SOLAR INDUSTRIES (I) LTD,12661.0,12971.0,12600.0,12875.0,12696.0,1.41,166944,2149404000.0
2026-01-14,SOLARWORLD,EQ,INE0TY101024,SOLARWORLD ENERGY SOL LTD,276.0,278.0,271.9,275.45,275.95,-0.18,59320,16339694.72
2026-01-14,SOLEX,EQ,INE880Y01017,SOLEX ENERGY LIMITED,1118.0,1192.9,1102.8,1158.2,1118.6,3.54,29561,34237548.76
2026-01-14,SOMANYCERA,EQ,INE355A01028,SOMANY CERAMICS LIMITED,412.2,419.6,395.2,397.8,415.95,-4.36,52973,21072658.75
2026-01-14,SOMATEX,EQ,INE314C01013,SOMA TEXTILES & INDUST LT,117.62,118.2,117.62,117.62,120.02,-2.0,21420,2519420.46
2026-01-14,SOMICONVEY,EQ,INE323J01019,SOMI CONVEYOR BELT. LTD.,121.04,124.0,119.0,120.75,118.67,1.75,2780,335685.0
2026-01-14,SONACOMS,EQ,INE073K01018,SONA BLW PRECISION FRGS L,455.25,464.35,454.55,461.65,457.05,1.01,780253,360203792.69
2026-01-14,SONATSOFTW,EQ,INE269A01021,SONATA SOFTWARE LTD,351.05,353.4,345.4,346.25,351.55,-1.51,259836,89968215.0
2026-01-14,SOTL,EQ,INE035D01020,SAVITA OIL TECHNOLO. LTD,362.0,362.0,355.05,358.55,360.8,-0.62,13400,4804569.84
2026-01-14,SOUTHBANK,EQ,INE683A01023,THE SOUTH INDIAN BANK LTD,40.41,42.66,40.41,42.46,40.47,4.92,37504338,1592434157.14
2026-01-14,SOUTHWEST,EQ,INE980Y01015,SOUTH WEST PINNACLE LTD,178.35,187.5,173.0,186.66,178.63,4.5,53462,9979217.12
2026-01-14,SPAL,EQ,INE212I01016,S. P. APPARELS LIMITED,668.2,668.2,645.0,649.0,671.55,-3.36,20053,13014397.0
2026-01-14,SPANDANA,EQ,INE572J01011,SPANDANA SPHOORTY FIN LTD,238.3,247.0,238.3,242.45,240.25,0.92,92318,22382498.82
2026-01-14,SPARC,EQ,INE232I01014,SUN PHARMA ADV.RES.CO.LTD,136.79,139.45,134.99,135.44,135.85,-0.3,630164,85349413.7
2026-01-14,SPCENET,EQ,INE970N01027,SPACENET ENTERS IND LTD,6.01,6.14,5.71,5.89,5.96,-1.17,689740,4062568.51
2026-01-14,SPENCERS,EQ,INE020801028,SPENCER S RETAIL LIMITED,38.8,38.8,37.82,38.28,38.35,-0.18,26210,1003318.77
2026-01-14,SPIC,EQ,INE147A01011,SPIC LTD,78.22,80.79,78.22,79.68,78.24,1.84,430515,34303435.33
2026-01-14,SPLIL,EQ,INE978G01016,SPL INDUSTRIES LIMITED,30.91,31.64,30.47,31.4,30.9,1.62,11017,345933.8
2026-01-14,SPLPETRO,EQ,INE663A01033,SUPREME PETROCHEM LIMITED,558.2,560.25,539.25,543.85,563.3,-3.45,41487,22562703.94
2026-01-14,SPMLINFRA,EQ,INE937A01023,SPML INFRA LIMITED,161.25,167.0,161.25,165.86,163.73,1.3,65855,10922710.34
2026-01-14,SPORTKING,EQ,INE885H01029,SPORTKING INDIA LIMITED,84.85,86.99,83.79,85.36,85.0,0.42,34201,2919397.38
2026-01-14,SRD,EQ,INE01NE01012,SHANKAR LAL RAMPAL LTD,63.08,64.5,60.1,60.36,62.12,-2.83,178768,10790436.59
2026-01-14,SRF,EQ,INE647A01010,SRF LTD,3003.0,3068.1,3003.0,3032.0,3039.6,-0.25,291875,884965000.0
2026-01-14,SRGHFL,EQ,INE559N01010,SRG HOUSING FINANCE L,270.0,285.6,270.0,277.25,268.25,3.36,603,167181.75
2026-01-14,SRHHYPOLTD,EQ,INE917H01012,SREE RAYALSEEMA HHP LTD.,484.0,491.65,480.6,485.75,483.75,0.41,4936,2397662.0
2026-01-14,SRM,EQ,INE0R6Z01013,SRM CONTRACTORS LIMITED,486.55,498.0,480.0,490.65,484.15,1.34,57762,28340924.95
2026-01-14,SSDL,EQ,INE0PQ101010,SARASWATI SAREE DEPOT LTD,71.25,73.5,71.25,71.96,72.66,-0.96,17918,1289379.26
2026-01-14,SSWL,EQ,INE802C01033,STEEL STRIPS WHEELS LTD.,201.3,201.69,197.34,198.6,201.01,-1.2,152691,30324433.53
2026-01-14,STANLEY,EQ,INE01A001028,STANLEY LIFESTYLES LTD,191.0,193.93,190.2,190.78,192.93,-1.11,60537,11549248.79
2026-01-14,STAR,EQ,INE939A01011,STRIDES PHARMA SCI LTD,925.5,956.9,919.0,940.0,926.5,1.46,346770,325963800.0
2026-01-14,STARCEMENT,EQ,INE460H01021,STAR CEMENT LIMITED,213.0,217.0,213.0,216.23,214.33,0.89,1007740,217903615.89
2026-01-14,STARHEALTH,EQ,INE575P01011,STAR HEALTH & AL INS CO L,447.0,455.0,444.65,445.15,449.2,-0.9,967067,430489869.15
2026-01-14,STARPAPER,EQ,INE733A01018,STAR PAPER MILLS LTD,160.5,163.59,160.5,161.27,161.63,-0.22,1419,228842.14
2026-01-14,STARTECK,EQ,INE992I01013,STARTECK FINANCE LIMITED,269.05,276.95,269.05,270.35,272.15,-0.66,10955,2961684.32
2026-01-14,STCINDIA,EQ,INE655A01013,THE STATE TRADING CORPN,126.0,134.8,125.94,131.22,125.84,4.28,668502,87720833.26
2026-01-14,STEELCAS,EQ,INE124E01038,STEELCAST LIMITED,202.0,205.75,201.42,203.94,203.44,0.25,41440,8451273.7
2026-01-14,STEELCITY,EQ,INE395H01011,STEEL CITY SECURITIES LTD,90.7,90.7,88.0,89.33,90.63,-1.43,6448,575999.85
2026-01-14,STEELXIND,EQ,INE503B01021,STEEL EXCHANGE INDIA LTD,8.8,8.84,8.62,8.67,8.75,-0.91,381460,3307258.23
2026-01-14,STEL,EQ,INE577L01016,STEL HOLDINGS LIMITED,430.15,446.5,426.0,437.0,434.35,0.61,4705,2056085.0
2026-01-14,STLNETWORK,EQ,INE1VXE01018,STL NETWORKS LIMITED,21.04,21.49,20.65,20.7,21.04,-1.62,633910,13121937.48
2026-01-14,STOVEKRAFT,EQ,INE00IN01015,STOVE KRAFT LIMITED,551.8,552.4,536.5,538.55,548.95,-1.89,79442,42783488.13
2026-01-14,STUDDS,EQ,INE00Q601028,STUDDS ACCESSORIES LTD,528.0,533.95,525.0,532.95,532.95,0.0,22072,11763272.67
2026-01-14,STYL,EQ,INE04VU01023,SESHAASAI TECHNOLOGIES L,277.4,278.2,271.9,275.05,276.1,-0.38,41737,11479761.34
2026-01-14,STYLAMIND,EQ,INE239C01020,STYLAM INDUSTRIES LIMITED,2190.6,2229.7,2189.5,2224.2,2188.6,1.63,49352,109768715.99
2026-01-14,STYLEBAAZA,EQ,INE01FR01028,BAAZAR STYLE RETAIL LTD,255.4,257.5,252.25,256.9,255.4,0.59,127079,32646594.32
2026-01-14,STYRENIX,EQ,INE189B01011,STYRENIX PERFORMANCE LTD,1927.0,1935.0,1899.6,1913.7,1927.6,-0.72,17456,33405546.35
2026-01-14,SUBEXLTD,EQ,INE754A01055,SUBEX LTD,10.45,10.5,10.26,10.33,10.4,-0.67,1022096,10558251.6
2026-01-14,SUBROS,EQ,INE287B01021,SUBROS LIMITED,832.95,841.0,829.8,832.7,830.05,0.32,16893,14066801.31
2026-01-14,SUDARCOLOR,EQ,INE492A01029,SUDARSHAN COLORNT IND LTD,443.5,443.6,432.9,441.65,443.0,-0.3,6482,2862775.26
2026-01-14,SUDARSCHEM,EQ,INE659A01023,SUDARSHAN CHEMICAL INDS L,908.6,924.75,905.2,911.85,913.6,-0.19,22967,20942458.39
2026-01-14,SUDEEPPHRM,EQ,INE0QPI01025,SUDEEP PHARMA LIMITED,611.0,616.0,598.3,611.3,621.4,-1.63,223460,136601095.27
2026-01-14,SUKHJITS,EQ,INE450E01029,SUKHJIT STARCH & CHEM LTD,180.19,185.0,178.51,183.58,177.8,3.25,6355,1166650.91
2026-01-14,SULA,EQ,INE142Q01026,SULA VINEYARDS LIMITED,195.5,195.66,193.0,194.26,195.69,-0.73,333704,64825337.21
2026-01-14,SUMEETINDS,EQ,INE235C01036,SUMEET IND LIMITED,29.5,29.5,27.82,28.2,28.45,-0.88,98530,2778546.08
2026-01-14,SUMICHEM,EQ,INE258G01013,SUMITOMO CHEM INDIA LTD,444.35,444.8,428.0,430.2,441.9,-2.65,296102,127383084.01
2026-01-14,SUMIT,EQ,INE748Z01013,SUMIT WOODS LIMITED,58.38,58.38,55.25,56.07,55.96,0.2,19090,1070376.29
2026-01-14,SUMMITSEC,EQ,INE519C01017,SUMMIT SECURITIES LTD,1800.0,1833.0,1785.0,1793.2,1810.4,-0.95,3920,7029343.81
2026-01-14,SUNCLAY,EQ,INE0Q3R01026,SUNDARAM CLAYTON LIMITED,1229.0,1259.0,1225.0,1235.5,1241.9,-0.52,6967,8607728.5
2026-01-14,SUNDARAM,EQ,INE108E01023,SUNDARAM MULTI PAP LTD,1.79,1.79,1.75,1.78,1.77,0.56,231354,411810.11
2026-01-14,SUNDARMFIN,EQ,INE660A01013,SUNDARAM FINANCE LTD,5175.0,5175.0,5022.0,5051.5,5164.0,-2.18,119675,604538262.5
2026-01-14,SUNDRMFAST,EQ,INE387A01021,SUNDRAM FASTENERS LTD,926.1,943.45,921.05,936.9,928.25,0.93,32496,30445503.19
2026-01-14,SUNDROP,EQ,INE209A01019,SUNDROP BRANDS LIMITED,672.0,682.0,664.55,670.95,672.8,-0.27,13450,9024277.66
2026-01-14,SUNFLAG,EQ,INE947A01014,SUNFLAG IRON AND STEEL CO,256.0,262.65,255.1,256.55,256.95,-0.16,89791,23035879.95
2026-01-14,SUNPHARMA,EQ,INE044A01036,SUN PHARMACEUTICAL IND L,1737.1,1737.1,1689.2,1700.7,1728.7,-1.62,2479677,4217186552.82
2026-01-14,SUNTECK,EQ,INE805D01034,SUNTECK REALTY LIMITED,420.0,426.5,417.65,423.75,420.5,0.77,235178,99656677.5
2026-01-14,SUNTV,EQ,INE424H01027,SUN TV NETWORK LIMITED,552.0,557.5,551.05,553.5,557.0,-0.63,106709,59063431.5
2026-01-14,SUPERHOUSE,EQ,INE712B01010,SUPERHOUSE LIMITED,141.0,141.0,137.82,139.02,139.02,0.0,654,90919.08
2026-01-14,SUPRAJIT,EQ,INE399C01030,SUPRAJIT ENGINEERING LTD,454.0,471.1,452.25,463.85,458.95,1.07,195101,90497600.04
2026-01-14,SUPREME,EQ,INE822E01011,SUPREME HOLDIN N HOSP I L,62.0,70.25,62.0,68.17,62.66,8.79,608744,41498077.37
2026-01-14,SUPREMEIND,EQ,INE195A01028,SUPREME INDUSTRIES LTD,3475.0,3512.5,3449.6,3485.2,3464.8,0.59,231183,805718980.31
2026-01-14,SUPREMEINF,EQ,INE550H01011,SUPREME INFRA. LTD.,84.29,85.27,84.29,84.95,84.29,0.78,5759,489227.03
2026-01-14,SUPRIYA,EQ,INE07RO01027,SUPRIYA LIFESCIENCE LTD,734.55,749.5,731.0,744.1,738.6,0.74,79865,59427544.55
2026-01-14,SURAJEST,EQ,INE843S01025,SURAJ ESTATE DEVELOPERS L,232.0,239.55,232.0,236.5,236.05,0.19,72881,17236356.5
2026-01-14,SURAJLTD,EQ,INE713C01016,SURAJ LIMITED,240.0,240.0,230.0,232.91,241.0,-3.36,720,167695.2
2026-01-14,SURAKSHA,EQ,INE877V01027,SURAKSHA DIAGNOSTIC LTD,264.6,270.0,264.6,265.9,267.25,-0.51,8514,2263872.55
2026-01-14,SURANASOL,EQ,INE272L01022,SURANA SOLAR LIMITED,26.36,26.44,25.9,26.24,26.04,0.77,39709,1041964.15
2026-01-14,SURANAT&P,EQ,INE130B01031,SURANA TELECOM AND POW LT,19.79,19.85,19.2,19.27,19.36,-0.46,117454,2263338.63
2026-01-14,SURYALAXMI,EQ,INE713B01026,SURYALAKSHMI COT MIL LTD,57.01,57.89,55.26,56.33,56.99,-1.16,1992,112209.36
2026-01-14,SURYAROSNI,EQ,INE335A01020,SURYA ROSHNI LTD,264.1,271.35,264.1,265.95,265.55,0.15,271890,72309148.82
2026-01-14,SURYODAY,EQ,INE428Q01011,SURYODAY SMALL FIN BK LTD,139.66,143.5,139.26,140.5,139.66,0.6,194228,27289034.0
2026-01-14,SUVEN,EQ,INE495B01038,SUVEN LIFE SCIENCES LTD,156.0,156.0,150.5,154.49,153.12,0.89,340092,52540814.95
2026-01-14,SUVIDHAA,EQ,INE018401013,SUVIDHAA INFOSERVE LTD,3.4,3.49,3.38,3.45,3.47,-0.58,37205,128357.25
2026-01-14,SUYOG,EQ,INE442P01014,SUYOG TELEMATICS LIMITED,550.0,569.05,536.2,543.5,555.4,-2.14,22651,12310818.5
2026-01-14,SUZLON,EQ,INE040H01021,SUZLON ENERGY LIMITED,48.49,49.8,48.16,49.01,48.69,0.66,55863563,2737873128.86
2026-01-14,SVLL,EQ,INE00CE01017,SHREE VASU LOGISTICS LTD,632.05,696.35,632.05,675.85,665.0,1.63,936,632595.58
2026-01-14,SVPGLOB,EQ,INE308E01029,SVP GLOBAL TEXTILES LTD,3.7,3.74,3.54,3.65,3.63,0.55,36299,132491.35
2026-01-14,SWANCORP,EQ,INE665A01038,SWAN CORP LIMITED,421.9,428.15,417.2,421.25,421.2,0.01,582131,245222683.75
2026-01-14,SWARAJENG,EQ,INE277A01016,SWARAJ ENGINES LTD,3572.6,3620.0,3568.0,3593.7,3601.7,-0.22,13038,46854659.96
2026-01-14,SWELECTES,EQ,INE409B01013,SWELECT ENERGY SYS LTD,583.7,604.0,573.3,578.15,584.0,-1.0,17078,9873646.12
2026-01-14,SWIGGY,EQ,INE00H001014,SWIGGY LIMITED,348.1,348.6,341.3,347.05,350.35,-0.94,10277865,3566932922.79
2026-01-14,SWSOLAR,EQ,INE00M201021,STRLNG & WIL REN ENE LTD,202.5,207.55,197.25,198.09,202.63,-2.24,1241542,245937050.23
2026-01-14,SYMPHONY,EQ,INE225D01027,SYMPHONY LIMITED,906.0,912.0,900.0,904.15,905.15,-0.11,33524,30310725.42
2026-01-14,SYNCOMF,EQ,INE312C01025,SYNCOM FORMU (I) LTD,12.9,13.08,12.9,13.0,13.02,-0.15,715794,9305322.0
2026-01-14,SYNGENE,EQ,INE398R01022,SYNGENE INTERNATIONAL LTD,630.1,633.05,626.4,629.5,630.1,-0.1,349627,220090196.5
2026-01-14,SYRMA,EQ,INE0DYJ01015,SYRMA SGS TECHNOLOGY LTD,706.0,717.85,701.5,706.05,705.2,0.12,485308,342651707.48
2026-01-14,TAINWALCHM,EQ,INE123C01018,TAINWALA CHEMICAL AND PLA,175.08,189.98,172.5,181.5,180.05,0.81,18170,3297855.0
2026-01-14,TAJGVK,EQ,INE586B01026,TAJ GVK HOTELS & RESORTS,409.0,415.0,408.3,414.05,411.35,0.66,92303,38218056.02
2026-01-14,TAKE,EQ,INE142I01023,TAKE LIMITED,44.25,44.69,42.0,42.99,43.73,-1.69,1298391,55817831.27
2026-01-14,TALBROAUTO,EQ,INE187D01029,TALBROS AUTO. COMP. LTD,263.0,283.45,262.5,275.9,266.3,3.6,74904,20666013.14
2026-01-14,TANLA,EQ,INE483C01032,TANLA PLATFORMS LIMITED,494.0,495.05,481.5,483.4,498.05,-2.94,464731,224650962.56
2026-01-14,TARACHAND,EQ,INE555Z01020,TARA CHAND INFRA SOLN LTD,73.71,73.91,72.2,73.25,73.1,0.21,39033,2859167.25
2026-01-14,TARAPUR,EQ,INE747K01017,TARAPUR TRANSFORMERS LTD,26.75,27.99,26.03,26.83,26.78,0.19,53666,1439858.78
2026-01-14,TARC,EQ,INE0EK901012,TARC LIMITED,175.86,176.37,169.47,172.06,174.97,-1.66,843770,145179064.14
2026-01-14,TARIL,EQ,INE763I01026,TRANS & RECTI. LTD,271.0,272.1,264.4,265.9,271.3,-1.99,2556068,679658465.6
2026-01-14,TARMAT,EQ,INE924H01018,TARMAT LIMITED,54.45,54.45,52.1,52.33,54.03,-3.15,31586,1652895.44
2026-01-14,TARSONS,EQ,INE144Z01023,TARSONS PRODUCTS LIMITED,215.3,220.4,215.08,217.26,216.81,0.21,62877,13660656.67
2026-01-14,TASTYBITE,EQ,INE488B01017,TASTY BITE EATABLES LTD,7605.5,7760.0,7505.5,7686.5,7701.5,-0.19,971,7463591.5
2026-01-14,TATACAP,EQ,INE976I01016,TATA CAPITAL LIMITED,348.7,358.0,348.65,354.9,348.65,1.79,2607337,925343885.39
2026-01-14,TATACHEM,EQ,INE092A01019,TATA CHEMICALS LTD,762.8,775.0,758.95,770.35,762.8,0.99,360851,277981559.04
2026-01-14,TATACOMM,EQ,INE151A01013,TATA COMMUNICATIONS LTD,1734.0,1767.8,1720.0,1753.6,1738.6,0.86,86369,151456676.29
2026-01-14,TATACONSUM,EQ,INE192A01025,TATA CONSUMER PRODUCT LTD,1189.4,1191.0,1168.6,1171.4,1189.4,-1.51,577684,676699051.7
2026-01-14,TATAELXSI,EQ,INE670A01012,TATA ELXSI LIMITED,5700.0,5766.0,5467.0,5505.0,5793.0,-4.97,922269,5077090845.0
2026-01-14,TATAGOLD,EQ,INF277KA1976,TATAAML-TATAGOLD,14.0,14.08,13.71,13.87,13.66,1.54,99966581,1386536467.03
2026-01-14,TATAINVEST,EQ,INE672A01026,TATA INVESTMENT CORP LTD,669.1,673.3,662.0,663.8,669.1,-0.79,207788,137929671.86
2026-01-14,TATAPOWER,EQ,INE245A01021,TATA POWER CO LTD,366.4,370.0,366.3,367.4,368.45,-0.28,3084937,1133405834.97
2026-01-14,TATASTEEL,EQ,INE081A01020,TATA STEEL LIMITED,182.57,190.65,181.66,189.25,182.57,3.66,55907778,10580546986.5
2026-01-14,TATATECH,EQ,INE142M01025,TATA TECHNOLOGIES LIMITED,664.75,664.75,645.0,646.65,660.25,-2.06,1158638,749233290.99
2026-01-14,TATSILV,EQ,INF277KA1984,TATAAML-TATSILV,25.6,27.04,25.6,26.87,25.33,6.08,292754900,7866324408.69
2026-01-14,TATVA,EQ,INE0GK401011,TATVA CHIN PHARM CHEM LTD,1331.8,1375.0,1321.1,1360.0,1335.1,1.87,62384,84842240.0
2026-01-14,TBOTEK,EQ,INE673O01025,TBO TEK LIMITED,1521.0,1564.9,1504.5,1553.6,1536.4,1.12,60073,93329411.33
2026-01-14,TBZ,EQ,INE760L01018,TRIB BHIMJI ZAVERI LTD,165.5,167.4,163.25,164.84,164.61,0.14,404916,66746351.96
2026-01-14,TCI,EQ,INE688A01022,TRANSPORT CORPN OF INDIA,1060.5,1061.6,1040.9,1045.8,1061.6,-1.49,25447,26612473.84
2026-01-14,TCIEXP,EQ,INE586V01016,TCI EXPRESS LIMITED,529.2,544.9,522.0,527.35,531.85,-0.85,24324,12827260.81
2026-01-14,TCIFINANCE,EQ,INE911B01018,TCI FINANCE LTD,29.84,29.84,29.84,29.84,31.41,-5.0,8883,265068.72
2026-01-14,TCPLPACK,EQ,INE822C01015,TCPL PACKAGING LIMITED,2827.7,2830.6,2751.1,2791.7,2831.6,-1.41,3795,10594501.31
2026-01-14,TCS,EQ,INE467B01029,TATA CONSULTANCY SERV LT,3260.0,3260.0,3183.0,3192.5,3268.0,-2.31,3539511,11299888867.5
2026-01-14,TDPOWERSYS,EQ,INE419M01035,TD POWER SYSTEMS LTD.,343.73,344.0,335.05,339.05,343.65,-1.34,810752,274885455.7
2026-01-14,TEAMGTY,EQ,INE289C01025,TEAM INDIA GUARANTY LTD,305.0,305.0,272.05,281.8,286.0,-1.47,375,105675.0
2026-01-14,TEAMLEASE,EQ,INE985S01024,TEAMLEASE SERVICES LTD.,1485.7,1523.8,1480.9,1513.6,1484.2,1.98,14694,22240838.04
2026-01-14,TECH,EQ,INF209KB11D8,BIRLASLAMC - TECH,42.06,42.06,40.51,40.68,41.04,-0.88,37132,1510529.77
2026-01-14,TECHM,EQ,INE669C01036,TECH MAHINDRA LIMITED,1612.9,1613.0,1583.1,1588.5,1614.8,-1.63,1570385,2494556572.5
2026-01-14,TECHNOE,EQ,INE285K01026,TECHNO ELEC & ENG CO. LTD,991.0,1002.0,985.5,994.2,989.0,0.53,85473,84977257.64
2026-01-14,TECILCHEM,EQ,INE014B01011,TECIL CHEMICALS,18.0,18.0,15.52,17.53,17.2,1.92,379,6643.87
2026-01-14,TEGA,EQ,INE011K01018,TEGA INDUSTRIES LIMITED,1887.7,1890.0,1867.5,1875.2,1878.1,-0.15,81017,151923074.44
2026-01-14,TEJASNET,EQ,INE010J01012,TEJAS NETWORKS LIMITED,377.0,379.3,369.0,370.8,375.5,-1.25,2243266,831803005.42
2026-01-14,TEMBO,EQ,INE869Y01028,TEMBO GLOBAL IND LTD,58.5,58.69,56.42,57.27,57.72,-0.79,468650,26839585.71
2026-01-14,TENNIND,EQ,INE19RI01016,TENNECO CLEAN AIR INDIA L,534.0,539.5,528.9,533.1,534.75,-0.31,719949,383804794.32
2026-01-14,TERASOFT,EQ,INE482B01010,TERA SOFTWARE LIMITED,406.0,410.0,398.5,404.6,407.65,-0.75,11718,4741102.87
2026-01-14,TEXINFRA,EQ,INE435C01024,TEXMACO INFRA & HOLDG LTD,99.0,100.95,99.0,100.31,99.93,0.38,55583,5575530.59
2026-01-14,TEXMOPIPES,EQ,INE141K01013,TEXMO PIPE & PRODUCTS LTD,45.95,46.94,45.72,46.23,45.89,0.74,21494,993667.61
2026-01-14,TEXRAIL,EQ,INE621L01012,TEXMACO RAIL & ENG. LTD.,124.57,129.2,124.27,128.34,124.57,3.03,1980704,254203544.11
2026-01-14,TFCILTD,EQ,INE305A01023,TOURISM FINANCE CORP. OF,62.88,68.95,62.87,68.63,62.34,10.09,31471420,2159883468.16
2026-01-14,TFL,EQ,INE804H01012,TRANSWARRANTY FIN. LTD.,15.66,16.4,15.62,15.71,15.66,0.32,8419,132262.49
2026-01-14,TGBHOTELS,EQ,INE797H01018,TGB BANQUETS&HOTELS LTD,9.69,9.69,9.32,9.54,9.68,-1.45,7541,71941.14
2026-01-14,THANGAMAYL,EQ,INE085J01014,THANGAMAYIL JEWELLERY LTD,3730.0,3885.0,3701.9,3832.1,3746.6,2.28,121076,463975351.42
2026-01-14,THEINVEST,EQ,INE924D01017,THE INVEST TRUST OF IND L,119.8,121.35,116.06,118.96,116.14,2.43,4525,538294.0
2026-01-14,THEJO,EQ,INE121N01019,THEJO ENGINEERING LIMITED,1795.3,1886.0,1786.2,1858.8,1790.7,3.8,28194,52407008.58
2026-01-14,THELEELA,EQ,INE0AQ201015,LEELA PALACES HOTEL LTD,439.0,454.0,435.65,452.25,439.6,2.88,522823,236446701.75
2026-01-14,THEMISMED,EQ,INE083B01024,THEMIS MEDICARE LTD.,95.11,97.49,95.1,95.65,95.42,0.24,36898,3529293.76
2026-01-14,THERMAX,EQ,INE152A01029,THERMAX LTD,2951.0,2986.2,2940.5,2971.8,2964.2,0.26,28572,84910271.0
2026-01-14,THOMASCOOK,EQ,INE332A01027,THOMAS COOK (INDIA) LTD,138.6,141.5,136.1,137.99,138.47,-0.35,1019200,140639413.6
2026-01-14,THOMASCOTT,EQ,INE480M01011,THOMAS SCOTT (INDIA) LTD,330.0,353.0,330.0,348.7,330.65,5.46,25459,8877553.61
2026-01-14,THYROCARE,EQ,INE594H01019,THYROCARE TECH LTD,467.95,471.2,460.1,464.7,468.65,-0.84,262792,122119445.61
2026-01-14,TI,EQ,INE133E01013,TILAKNAGAR INDUSTRIES LTD,429.25,431.6,416.5,419.3,429.2,-2.31,411493,172539009.88
2026-01-14,TIGERLOGS,EQ,INE906O01029,TIGER LOGISTICS (INDIA) L,33.5,33.68,29.57,31.43,33.26,-5.5,707922,22249988.68
2026-01-14,TIIL,EQ,INE545H01011,TECHNOCRAFT IND LTD,2085.2,2105.5,2031.0,2043.6,2081.4,-1.82,11981,24484371.31
2026-01-14,TIINDIA,EQ,INE974X01010,TUBE INVEST OF INDIA LTD,2387.3,2387.3,2335.0,2354.8,2387.3,-1.36,484673,1141308004.07
2026-01-14,TIMETECHNO,EQ,INE508G01029,TIME TECHNOPLAST LTD.,178.5,184.06,178.22,182.32,180.29,1.13,2701522,492541510.83
2026-01-14,TIMKEN,EQ,INE325A01013,TIMKEN INDIA LTD.,3001.0,3068.0,3001.0,3051.2,3040.0,0.37,35871,109449593.45
2026-01-14,TINNARUBR,EQ,INE015C01016,TINNA RUBBER AND INFR LTD,710.0,710.0,685.0,691.45,702.25,-1.54,20932,14473431.66
2026-01-14,TIPSFILMS,EQ,INE0LQS01015,TIPS FILMS LIMITED,409.35,414.5,406.6,412.2,406.8,1.33,628,258861.61
2026-01-14,TIPSMUSIC,EQ,INE716B01029,TIPS MUSIC LIMITED,505.7,526.95,499.25,519.25,508.6,2.09,230762,119823168.5
2026-01-14,TIRUMALCHM,EQ,INE338A01024,THIRUMALAI CHEMICALS LTD,212.85,214.7,207.0,208.76,214.37,-2.62,183175,38239611.99
2026-01-14,TITAGARH,EQ,INE615H01020,TITAGARH RAIL SYSTEMS LTD,789.75,834.0,783.95,817.85,792.05,3.26,1702062,1392031365.15
2026-01-14,TITAN,EQ,INE280A01028,TITAN COMPANY LIMITED,4241.9,4283.0,4211.0,4221.5,4239.2,-0.42,998692,4215978278.0
2026-01-14,TMB,EQ,INE668A01016,TAMILNAD MERCA BANK LTD,568.0,573.1,563.4,564.5,566.65,-0.38,133251,75220189.5
2026-01-14,TMCV,EQ,INE1TAE01010,TATA MOTORS LIMITED,426.05,436.0,422.65,433.75,424.15,2.26,9765782,4235907942.5
2026-01-14,TMPV,EQ,INE155A01022,TATA MOTORS PASS VEH LTD,349.0,354.0,347.1,349.8,349.75,0.01,6249594,2186107904.91
2026-01-14,TNIDETF,EQ,INF277KA1364,TATAAML - TNIDETF,99.58,99.58,96.37,96.7,97.16,-0.47,31914,3086083.7
2026-01-14,TNPETRO,EQ,INE148A01019,TAMILNADU PETROPRODUCTS L,98.1,100.59,98.0,99.2,98.69,0.52,146296,14512562.75
2026-01-14,TNPL,EQ,INE107A01015,TAMILNADU NEWSPRT & PAPER,139.0,141.59,139.0,139.93,140.39,-0.33,28867,4039359.1
2026-01-14,TNTELE,EQ,INE141D01018,TAMILNADU TELECOMMUNICATI,9.8,9.9,9.24,9.71,9.55,1.68,23236,225621.56
2026-01-14,TOKYOPLAST,EQ,INE932C01012,TOKYO PLAST INTL LTD,105.0,107.8,103.01,104.43,106.02,-1.5,2391,249692.13
2026-01-14,TOLINS,EQ,INE0RWQ01014,TOLINS TYRES LIMITED,129.04,132.0,127.22,128.74,129.18,-0.34,103691,13349179.91
2026-01-14,TOP100CASE,EQ,INF0R8F01067,ZERODHAAMC - TOP100CASE,11.13,11.13,10.88,10.96,10.98,-0.18,804986,8822646.59
2026-01-14,TOP10ADD,EQ,INF740KA1UR9,DSPAMC - TOP10ADD,98.49,98.69,97.95,98.09,98.43,-0.35,155971,15299194.82
2026-01-14,TOP15IETF,EQ,INF109K1A344,ICICIPRAMC - TOP15IETF,10.79,10.79,10.79,10.79,10.85,-0.5,0,0.0
2026-01-14,TORNTPHARM,EQ,INE685A01028,TORRENT PHARMACEUTICALS L,3940.3,4012.9,3906.4,4003.7,3940.3,1.61,194665,779380250.99
2026-01-14,TORNTPOWER,EQ,INE813H01021,TORRENT POWER LTD,1325.0,1353.0,1325.0,1345.1,1346.5,-0.1,176445,237336165.19
2026-01-14,TOUCHWOOD,EQ,INE486Y01013,TOUCHWOOD ENTERTAIN LTD.,100.75,101.9,97.7,98.23,101.25,-2.98,4647,456474.83
2026-01-14,TPLPLASTEH,EQ,INE413G01022,TPL PLASTECH LIMITED,66.83,68.99,66.56,68.08,66.83,1.87,76707,5222212.7
2026-01-14,TRACXN,EQ,INE0HMF01019,TRACXN TECHNOLOGIES LTD,38.77,38.86,37.8,38.1,38.77,-1.73,66047,2516390.6
2026-01-14,TRANSRAILL,EQ,INE454P01035,TRANSRAIL LIGHTING LTD,485.55,494.65,480.6,486.3,485.25,0.22,503991,245090817.15
2026-01-14,TRAVELFOOD,EQ,INE103V01028,TRAVEL FOOD SERVICES LTD,1149.0,1150.7,1134.0,1141.8,1151.6,-0.85,29526,33712788.24
2026-01-14,TREEHOUSE,EQ,INE040M01013,TREE HOUSE EDU LTD,8.5,10.0,8.5,9.14,8.63,5.91,195864,1790197.03
2026-01-14,TREJHARA,EQ,INE00CA01015,TREJHARA SOLUTIONS LTD,223.28,223.28,212.33,213.86,218.9,-2.3,8304,1775893.45
2026-01-14,TREL,EQ,INE0O3901029,TRANSINDIA REAL ESTATE L,25.5,26.49,25.5,26.04,25.81,0.89,111162,2894658.58
2026-01-14,TRENT,EQ,INE849A01020,TRENT LTD,2604.0,2633.33,2590.8,2621.47,2614.6,0.26,1082931,2838867395.42
2026-01-14,TRF,EQ,INE391D01019,TRF LIMITED,281.0,289.25,281.0,283.55,286.2,-0.93,6658,1887875.82
2026-01-14,TRIDENT,EQ,INE064C01022,TRIDENT LIMITED,25.32,25.6,25.22,25.44,25.38,0.24,4871487,123930631.88
2026-01-14,TRIGYN,EQ,INE948A01012,TRIGYN TECHNOLOGIES LTD,61.51,63.58,61.51,62.15,62.06,0.15,32180,1999987.05
2026-01-14,TRITURBINE,EQ,INE152M01016,TRIVENI TURBINE LIMITED,510.0,512.75,505.05,508.55,513.3,-0.93,476805,242479176.93
2026-01-14,TRIVENI,EQ,INE256C01024,TRIVENI ENGG. & INDS. LTD,342.95,344.8,339.0,339.9,342.95,-0.89,89236,30331315.86
2026-01-14,TRU,EQ,INE615R01029,TRUCAP FINANCE LIMITED,7.64,7.85,7.53,7.73,7.69,0.52,37677,291243.21
2026-01-14,TRUALT,EQ,INE0MWH01014,TRUALT BIOENERGY LIMITED,370.15,373.45,363.3,366.55,370.15,-0.97,112847,41364066.47
2026-01-14,TSFINV,EQ,INE202Z01029,TSF INVESTMENTS LIMITED,426.1,442.5,421.25,435.85,426.1,2.29,80548,35106846.29
2026-01-14,TTKHLTCARE,EQ,INE910C01018,TTK HEALTHCARE LIMITED,999.0,999.0,983.0,987.7,988.3,-0.06,1092,1078568.41
2026-01-14,TTKPRESTIG,EQ,INE690A01028,TTK PRESTIGE LTD,594.45,601.9,584.5,592.0,594.55,-0.43,30933,18312336.0
2026-01-14,TTL,EQ,INE592B01024,T T LIMITED,7.9,7.9,7.5,7.62,7.76,-1.8,53844,410291.27
2026-01-14,TTML,EQ,INE517B01013,TATA TELESERV(MAHARASTRA),46.7,47.02,46.27,46.5,46.7,-0.43,1161220,53996730.0
2026-01-14,TVSELECT,EQ,INE236G01019,TVS ELECTRONICS LTD,424.5,426.1,424.1,424.5,431.35,-1.59,6590,2797455.0
2026-01-14,TVSHLTD,EQ,INE105A01035,TVS HOLDINGS LIMITED,14193.0,14266.0,14065.0,14146.0,14222.0,-0.53,3160,44701360.0
2026-01-14,TVSMOTOR,EQ,INE494B01023,TVS MOTOR COMPANY  LTD,3770.0,3770.1,3682.0,3690.4,3755.4,-1.73,601520,2219849349.26
2026-01-14,TVSSCS,EQ,INE395N01027,TVS SUPPLY CHAIN SOL L,108.0,108.01,105.25,105.47,109.07,-3.3,687120,72470547.24
2026-01-14,TVSSRICHAK,EQ,INE421C01016,TVS SRICHAKRA LIMITED,4097.1,4110.6,4015.6,4041.3,4106.1,-1.58,1608,6498410.48
2026-01-14,TVTODAY,EQ,INE038F01029,TV TODAY NETWORK LTD,138.0,138.0,134.05,135.3,137.86,-1.86,84048,11371694.66
2026-01-14,UBL,EQ,INE686F01025,UNITED BREWERIES LTD,1523.8,1529.7,1510.0,1519.6,1533.8,-0.93,103190,156807521.48
2026-01-14,UCOBANK,EQ,INE691A01018,UCO BANK,28.89,29.6,28.75,29.4,28.93,1.62,7993624,235012542.55
2026-01-14,UDS,EQ,INE851I01011,UPDATER SERVICES LIMITED,168.3,171.98,168.0,169.09,169.52,-0.25,103384,17481200.18
2026-01-14,UEL,EQ,INE899L01030,UJAAS ENERGY LIMITED,122.02,122.02,122.02,122.02,122.02,0.0,0,0.0
2026-01-14,UFLEX,EQ,INE516A01017,UFLEX LIMITED,477.0,477.0,468.35,471.75,473.45,-0.36,15465,7295613.75
2026-01-14,UFO,EQ,INE527H01019,UFO MOVIEZ INDIA LTD.,79.05,80.79,78.4,79.21,79.86,-0.81,76545,6063129.38
2026-01-14,UGARSUGAR,EQ,INE071E01023,THE UGAR SUGAR WORKS LTD,40.3,40.56,40.08,40.39,40.14,0.62,59039,2384585.17
2026-01-14,UGROCAP,EQ,INE583D01011,UGRO CAPITAL LIMITED,160.93,161.84,159.5,160.67,159.97,0.44,123242,19801291.91
2026-01-14,UJJIVANSFB,EQ,INE551W01018,UJJIVAN SMALL FINANC BANK,57.02,59.4,57.02,58.99,57.72,2.2,16458962,970914196.01
2026-01-14,ULTRACEMCO,EQ,INE481G01011,ULTRATECH CEMENT LIMITED,12074.0,12323.0,11942.0,12255.0,12044.0,1.75,408660,5008128300.0
2026-01-14,UMESLTD,EQ,INE240C01028,USHA MARTIN EDU & SOL LTD,5.01,5.01,4.8,4.86,4.95,-1.82,16653,80933.58
2026-01-14,UMIYA-MRO,EQ,INE398B01018,UMIYA BUILDCON LIMITED,82.56,84.5,82.5,83.72,83.1,0.75,9569,801116.69
2026-01-14,UNICHEMLAB,EQ,INE351A01035,UNICHEM LABORATORIES LTD,412.15,417.6,409.4,414.0,412.6,0.34,3597,1489158.0
2026-01-14,UNIDT,EQ,INE961D01019,UNITED DRILLING TOOLS LTD,199.0,199.0,195.55,197.27,196.54,0.37,2882,568532.15
2026-01-14,UNIECOM,EQ,INE00U401027,UNICOMMERCE ESOLUTIONS L,114.99,115.01,112.71,113.67,114.96,-1.12,201329,22885067.06
2026-01-14,UNIENTER,EQ,INE037A01022,UNIPHOS ENTERPRISES LTD,142.32,143.1,139.3,141.6,142.32,-0.51,3330,471528.02
2026-01-14,UNIINFO,EQ,INE481Z01011,UNIINFO TELECOM SERVI LTD,16.25,16.25,14.6,15.07,15.5,-2.77,1989,29974.23
2026-01-14,UNIMECH,EQ,INE0U3I01011,UNIMECH AEROSPACE N MFG L,888.0,920.0,888.0,908.35,893.9,1.62,35822,32538912.83
2026-01-14,UNIONBANK,EQ,INE692A01016,UNION BANK OF INDIA,166.2,180.69,164.8,179.27,166.19,7.87,88500243,15865438940.72
2026-01-14,UNIPARTS,EQ,INE244O01017,UNIPARTS INDIA LIMITED,440.4,444.7,430.4,431.95,440.4,-1.92,36690,15848245.95
2026-01-14,UNITDSPR,EQ,INE854D01024,UNITED SPIRITS LIMITED,1310.0,1343.3,1310.0,1336.0,1319.4,1.26,1050390,1403321040.0
2026-01-14,UNITECH,EQ,INE694A01020,UNITECH LTD,5.16,5.34,5.16,5.26,5.16,1.94,5040269,26511816.09
2026-01-14,UNITEDPOLY,EQ,INE368U01029,UNITED POLYFAB GUJ. LTD.,26.88,26.88,26.01,26.88,25.6,5.0,24584,660817.9
2026-01-14,UNITEDTEA,EQ,INE458F01011,UNITED NILGIRI TEA LTD,473.05,478.4,472.55,475.15,476.85,-0.36,978,464696.69
2026-01-14,UNIVCABLES,EQ,INE279A01012,UNIVERSAL CABLES LTD,800.1,800.1,750.25,755.45,805.75,-6.24,202453,152943121.32
2026-01-14,UNOMINDA,EQ,INE405E01023,UNO MINDA LIMITED,1200.8,1209.6,1188.7,1192.4,1200.8,-0.7,588659,701917005.97
2026-01-14,UPL,EQ,INE628A01036,UPL LIMITED,774.0,784.0,761.4,780.4,773.45,0.9,2672389,2085532440.84
2026-01-14,URBANCO,EQ,INE0CAZ01013,URBAN COMPANY LIMITED,135.75,137.53,133.9,136.31,135.51,0.59,2910212,396690990.61
2026-01-14,URJA,EQ,INE550C01020,URJA GLOBAL LIMITED,10.78,10.78,10.5,10.56,10.71,-1.4,1006229,10625778.66
2026-01-14,USHAMART,EQ,INE228A01035,USHA MARTIN LTD.,431.55,439.4,430.25,434.25,431.6,0.61,209342,90906763.5
2026-01-14,USK,EQ,INE0N0Y01013,UDAYSHIVAKUMAR INFRA LTD,21.72,22.69,21.0,21.45,22.18,-3.29,43437,931723.68
2026-01-14,UTIAMC,EQ,INE094J01016,UTI ASSET MNGMT CO LTD,1070.2,1088.3,1070.2,1076.2,1079.6,-0.31,38938,41905073.7
2026-01-14,UTKARSHBNK,EQ,INE735W01017,UTKARSH SMALL FIN BANK L,14.0,14.7,14.0,14.6,14.1,3.55,7856901,114710757.6
2026-01-14,UTLSOLAR,EQ,INE12UR01024,FUJIYAMA POWER SYSTEMS L,216.68,220.0,215.32,219.48,217.33,0.99,181536,39843520.5
2026-01-14,UTTAMSUGAR,EQ,INE786F01031,UTTAM SUGAR MILLS LTD.,229.2,233.5,228.15,230.1,229.15,0.41,23902,5499850.35
2026-01-14,V2RETAIL,EQ,INE945H01021,V2 RETAIL LIMITED,212.5,215.0,209.51,213.08,213.16,-0.04,698680,148874735.68
2026-01-14,VADILALIND,EQ,INE694D01016,VADILAL INDUSTRIES LTD,4555.0,4620.0,4524.1,4574.9,4595.3,-0.44,4036,18464296.01
2026-01-14,VAIBHAVGBL,EQ,INE884A01027,VAIBHAV GLOBAL LIMITED,220.1,223.59,220.1,221.37,221.69,-0.14,108450,24007575.97
2026-01-14,VAISHALI,EQ,INE972X01022,VAISHALI PHARMA LIMITED,8.25,8.58,8.13,8.32,8.42,-1.19,52681,438305.9
2026-01-14,VAKRANGEE,EQ,INE051B01021,VAKRANGEE LIMITED,7.49,7.49,7.38,7.44,7.41,0.4,1200120,8928892.87
2026-01-14,VAL30IETF,EQ,INF109KC16X5,ICICIPRAMC - VAL30IETF,15.05,15.4,15.0,15.24,14.98,1.74,269145,4101769.74
2026-01-14,VARDMNPOLY,EQ,INE835A01029,VARDHMAN POLYTEX LTD.,5.28,5.52,5.24,5.46,5.34,2.25,200645,1095521.71
2026-01-14,VARROC,EQ,INE665L01035,VARROC ENGINEERING LTD.,568.5,571.0,562.25,566.7,563.4,0.59,102228,57932608.85
2026-01-14,VASCONEQ,EQ,INE893I01013,VASCON ENGINEERS LTD,44.5,45.47,44.41,44.79,44.66,0.29,593551,26585149.83
2026-01-14,VASWANI,EQ,INE590L01019,VASWANI IND LTD,54.89,56.76,54.89,56.37,54.89,2.7,43139,2431745.38
2026-01-14,VBL,EQ,INE200M01039,VARUN BEVERAGES LIMITED,500.4,508.85,497.85,502.4,501.2,0.24,3400938,1708631230.44
2026-01-14,VEDL,EQ,INE205A01025,VEDANTA LIMITED,647.0,679.45,642.15,675.75,637.2,6.05,45759805,30922188228.75
2026-01-14,VEEDOL,EQ,INE484C01030,VEEDOL CORPORATION LTD,1550.2,1560.7,1540.1,1541.6,1555.2,-0.87,5436,8380137.47
2026-01-14,VENKEYS,EQ,INE398A01010,VENKY S (INDIA) LIMITED,1568.0,1593.9,1550.3,1554.7,1577.1,-1.42,20550,31949084.0
2026-01-14,VENTIVE,EQ,INE781S01027,VENTIVE HOSPITALITY LTD,759.0,775.0,748.6,770.95,760.5,1.37,77341,59626044.89
2026-01-14,VENUSPIPES,EQ,INE0JA001018,VENUS PIPES & TUBES LTD,1122.4,1140.8,1116.0,1130.5,1124.8,0.51,44970,50838585.0
2026-01-14,VERANDA,EQ,INE0IQ001011,VERANDA LEARNING SOL LTD,220.95,221.25,215.0,219.68,215.14,2.11,118514,26035154.65
2026-01-14,VERTOZ,EQ,INE188Y01031,VERTOZ LIMITED,68.52,70.11,68.11,69.07,68.72,0.51,219008,15126882.49
2026-01-14,VESUVIUS,EQ,INE386A01023,VESUVIUS INDIA LTD,445.0,463.0,441.7,460.4,444.65,3.54,83148,38281338.69
2026-01-14,VGL,EQ,INE273D01027,VARVEE GLOBAL LIMITED,67.9,68.99,65.53,67.48,67.19,0.43,45662,3081271.91
2026-01-14,VGUARD,EQ,INE951I01027,V-GUARD IND LTD.,312.2,314.35,302.0,302.85,313.05,-3.26,349297,105784598.58
2026-01-14,VHL,EQ,INE701A01023,VARDHMAN HOLDINGS LIMITED,3453.0,3480.0,3363.0,3472.0,3443.3,0.83,500,1736000.0
2026-01-14,VIDHIING,EQ,INE632C01026,VIDHI SPCLTY F INGRDNTS L,339.1,343.95,329.85,337.5,339.65,-0.63,7752,2616300.0
2026-01-14,VIDYAWIRES,EQ,INE14UN01029,VIDYA WIRES LIMITED,48.05,49.19,47.61,48.92,47.88,2.17,1367492,66897706.14
2026-01-14,VIJAYA,EQ,INE043W01024,VIJAYA DIAGNOSTIC CEN LTD,999.0,1005.0,990.0,994.7,999.1,-0.44,49030,48770141.6
2026-01-14,VIKASECO,EQ,INE806A01020,VIKAS ECOTECH LIMITED,1.59,1.66,1.58,1.63,1.59,2.52,2260258,3684220.53
2026-01-14,VIKASLIFE,EQ,INE161L01027,VIKAS LIFECARE LIMITED,1.78,1.84,1.75,1.79,1.78,0.56,2790424,4994858.85
2026-01-14,VIKRAMSOLR,EQ,INE078V01014,VIKRAM SOLAR LIMITED,229.35,230.9,226.26,227.08,229.34,-0.99,316934,71969373.3
2026-01-14,VIKRAN,EQ,INE01R501028,VIKRAN ENGINEERING LTD,95.0,95.8,93.52,93.93,95.36,-1.5,1275329,119791653.36
2026-01-14,VIMTALABS,EQ,INE579C01029,VIMTA LABS LIMITED,552.05,561.45,548.8,555.35,549.5,1.06,97281,54025000.97
2026-01-14,VINATIORGA,EQ,INE410B01037,VINATI ORGANICS LTD,1579.1,1602.8,1577.9,1596.3,1579.1,1.09,11726,18718214.37
2026-01-14,VINCOFE,EQ,INE498Q01014,VINTAGE COFFEE N BVRGS L,158.05,162.78,155.05,157.95,159.35,-0.88,1904616,300834091.39
2026-01-14,VINDHYATEL,EQ,INE707A01012,VINDHYA TELELINKS LTD,1319.5,1331.6,1290.2,1294.0,1311.6,-1.34,11741,15192854.0
2026-01-14,VINEETLAB,EQ,INE505Y01010,VINEET LABORATORIES LTD,34.26,34.34,32.7,33.17,33.59,-1.25,71434,2369465.65
2026-01-14,VINNY,EQ,INE01KI01027,VINNY OVERSEAS LIMITED,1.2,1.22,1.18,1.21,1.2,0.83,219950,266139.51
2026-01-14,VINYLINDIA,EQ,INE250B01029,VINYL CHEMICALS (I) LTD.,223.2,231.79,217.5,228.75,227.83,0.4,6209,1420308.75
2026-01-14,VIPCLOTHNG,EQ,INE450G01024,VIP CLOTHING LIMITED,30.49,30.49,29.62,29.74,30.06,-1.06,76999,2289950.24
2026-01-14,VIPIND,EQ,INE054A01027,VIP INDUSTRIES LTD,373.1,374.7,359.3,363.1,374.85,-3.13,538399,195492680.19
2026-01-14,VIRINCHI,EQ,INE539B01017,VIRINCHI LIMITED,21.83,22.33,21.83,22.03,21.93,0.46,43332,954603.99
2026-01-14,VISACHROME,EQ,INE286H01012,VISA CHROME LIMITED,42.0,44.15,41.0,43.5,42.56,2.21,16284,708354.0
2026-01-14,VISAKAIND,EQ,INE392A01021,VISAKA INDUSTRIES LIMITED,65.94,66.39,64.72,65.45,65.33,0.18,43851,2870047.82
2026-01-14,VISHNU,EQ,INE270I01022,VISHNU CHEMICALS LIMITED,512.0,525.5,500.2,518.75,516.55,0.43,86294,44765012.5
2026-01-14,VISHWARAJ,EQ,INE430N01022,VISHWARAJ SUGAR IND LTD,6.71,6.84,6.3,6.63,6.85,-3.21,236402,1567345.29
2026-01-14,VITAL,EQ,INE0L4K01016,VITAL CHEMTECH LIMITED,56.5,56.5,53.5,55.4,54.4,1.84,10800,598320.02
2026-01-14,VIVIANA,EQ,INE0MEG01014,VIVIANA POWER TECH LTD,690.0,698.2,675.2,694.95,686.75,1.19,6200,4308690.08
2026-01-14,VIVIDHA,EQ,INE370E01029,VISAGAR POLYTEX LTD,0.58,0.6,0.57,0.58,0.57,1.75,472027,273775.65
2026-01-14,VIYASH,EQ,INE807F01027,VIYASH SCIENTIFIC LIMITED,189.0,195.5,188.0,192.57,190.05,1.33,449490,86558292.59
2026-01-14,VLEGOV,EQ,INE03HW01020,VL E GOV AND IT SOL LTD,17.44,17.79,17.25,17.59,17.46,0.74,180069,3167413.74
2026-01-14,VLSFINANCE,EQ,INE709A01018,VLS FINANCE LTD,281.8,284.75,280.0,282.85,283.45,-0.21,6318,1787046.34
2026-01-14,VMART,EQ,INE665J01013,VMART RETAIL LTD,619.0,619.25,608.05,613.95,617.75,-0.62,181321,111322030.16
2026-01-14,VMM,EQ,INE01EA01019,VISHAL MEGA MART LIMITED,127.01,130.47,126.31,130.11,128.17,1.51,9081316,1181570030.3
2026-01-14,VMSTMT,EQ,INE0SJA01013,VMS TMT LIMITED,47.5,48.6,47.19,47.84,48.22,-0.79,195941,9373817.47
2026-01-14,VOLTAMP,EQ,INE540H01012,VOLTAMP TRANSFORMERS LTD,7160.5,7232.5,7115.0,7151.5,7160.5,-0.13,24935,178322652.5
2026-01-14,VOLTAS,EQ,INE226A01021,VOLTAS LTD,1459.0,1459.0,1429.1,1439.9,1460.7,-1.42,464407,668699650.64
2026-01-14,VPRPL,EQ,INE0AE001013,VISHNU PRAKASH R PUNGLI L,48.63,49.75,48.63,49.27,49.17,0.2,1172463,57767252.55
2026-01-14,VRAJ,EQ,INE0S2V01010,VRAJ IRON AND STEEL LTD,132.56,137.06,132.56,134.35,133.09,0.95,16795,2256408.35
2026-01-14,VRLLOG,EQ,INE366I01010,VRL LOGISTICS LIMITED,251.9,251.9,247.65,249.65,249.5,0.06,44074,11003073.83
2026-01-14,VSSL,EQ,INE050M01012,VARDHMAN SPC STEEL LTD,268.0,275.0,267.1,270.75,269.0,0.65,27761,7516290.75
2026-01-14,VSTIND,EQ,INE710A01016,VST INDUSTRIES LTD,241.05,242.5,239.7,240.15,242.55,-0.99,135944,32646950.77
2026-01-14,VSTL,EQ,INE0QTF01015,VIBHOR STEEL TUBES LTD,130.97,132.65,128.05,129.38,130.97,-1.21,5902,763600.79
2026-01-14,VSTTILLERS,EQ,INE764D01017,VST TILLERS TRACTORS LTD,5600.0,5719.5,5563.0,5685.5,5609.0,1.36,7980,45370290.0
2026-01-14,VTL,EQ,INE825A01020,VARDHMAN TEXTILES LIMITED,419.0,424.05,414.1,420.95,415.55,1.3,65328,27499822.4
2026-01-14,WAAREEENER,EQ,INE377N01017,WAAREE ENERGIES LIMITED,2598.1,2648.0,2550.0,2560.0,2600.0,-1.54,1067298,2732282880.0
2026-01-14,WAAREEINDO,EQ,INE866K01023,INDOSOLAR LIMITED,479.85,496.45,479.85,487.65,472.85,3.13,68252,33283087.38
2026-01-14,WAAREERTL,EQ,INE299N01021,WAAREE RENEWABLE TECH LTD,1015.0,1023.95,963.3,972.7,1006.35,-3.34,1785212,1736475734.19
2026-01-14,WABAG,EQ,INE956G01038,VA TECH WABAG LTD,1186.0,1209.0,1183.7,1197.2,1186.3,0.92,153424,183679205.31
2026-01-14,WAKEFIT,EQ,INE0E7301029,WAKEFIT INNOVATIONS LTD,175.0,179.4,173.06,177.91,176.21,0.96,195871,34847410.33
2026-01-14,WALCHANNAG,EQ,INE711A01022,WALCHANDNAGAR INDUSTRIES,164.15,165.49,160.5,161.3,163.58,-1.39,390154,62931841.39
2026-01-14,WANBURY,EQ,INE107F01022,WANBURY LIMITED,216.36,225.0,212.02,219.73,212.58,3.36,19032,4181901.28
2026-01-14,WCIL,EQ,INE0CJF01024,WESTERN CARRIERS (IND) L,113.9,116.0,112.78,114.19,113.39,0.71,111631,12747144.16
2026-01-14,WEALTH,EQ,INE658T01017,WEALTH FRST PORT. MG. LTD,842.35,871.45,822.95,833.35,869.8,-4.19,6916,5763448.43
2026-01-14,WEBELSOLAR,EQ,INE855C01023,WEBSOL ENERGY SYSTEM LTD,84.81,85.8,83.0,83.09,85.47,-2.78,1952162,162205133.43
2026-01-14,WEIZMANIND,EQ,INE080A01014,WEIZMANN LTD,92.0,93.99,91.1,92.48,92.55,-0.08,72,6658.56
2026-01-14,WEL,EQ,INE02WG01024,WONDER ELECTRICALS LTD,145.78,146.69,144.0,144.82,145.67,-0.58,17465,2529281.43
2026-01-14,WELCORP,EQ,INE191B01025,WELSPUN CORP LIMITED,740.7,744.95,735.0,738.65,740.7,-0.28,325192,240203078.74
2026-01-14,WELENT,EQ,INE625G01013,WELSPUN ENTERPRISES LTD.,452.65,464.25,447.9,456.95,453.15,0.84,78940,36071633.96
2026-01-14,WELSPUNLIV,EQ,INE192B01031,WELSPUN LIVING LIMITED,121.37,126.54,121.16,125.74,121.37,3.6,1288928,162069803.97
2026-01-14,WENDT,EQ,INE274C01019,WENDT (INDIA) LIMITED,7270.0,7400.0,7257.5,7374.5,7330.5,0.6,3365,24815192.5
2026-01-14,WESTLIFE,EQ,INE274F01020,WESTLIFE FOODWORLD LTD,510.75,514.0,495.0,496.45,510.75,-2.8,68228,33871791.43
2026-01-14,WEWIN,EQ,INE082W01014,WE WIN LIMITED,41.73,43.9,41.73,43.43,42.41,2.41,3595,156130.85
2026-01-14,WEWORK,EQ,INE085001019,WEWORK INDIA MANAGEMENT L,592.6,602.7,592.6,600.3,598.65,0.28,81220,48756365.01
2026-01-14,WHEELS,EQ,INE715A01015,WHEELS INDIA LTD,813.3,820.5,795.1,796.8,812.2,-1.9,20047,15973449.36
2026-01-14,WHIRLPOOL,EQ,INE716A01013,WHIRLPOOL OF INDIA LTD,811.95,812.05,801.0,802.6,809.65,-0.87,269518,216315140.22
2026-01-14,WILLAMAGOR,EQ,INE210A01017,WILLIAMSON MAGOR,27.97,29.24,27.1,28.05,27.59,1.67,825,23141.25
2026-01-14,WINDLAS,EQ,INE0H5O01029,WINDLAS BIOTECH LIMITED,780.9,837.0,760.0,805.7,775.1,3.95,59716,48113181.93
2026-01-14,WINDMACHIN,EQ,INE052A01021,WINDSOR MACHINES LIMITED,242.6,248.6,242.6,244.95,245.95,-0.41,26463,6482111.77
2026-01-14,WIPL,EQ,INE215F01023,THE WESTERN INDIA PLY LTD,158.9,158.9,142.49,143.37,148.0,-3.13,1455,208603.34
2026-01-14,WIPRO,EQ,INE075A01022,WIPRO LTD,264.0,264.0,259.6,260.2,264.2,-1.51,5625861,1463849100.88
2026-01-14,WOCKPHARMA,EQ,INE049B01025,WOCKHARDT LIMITED,1387.6,1418.3,1384.5,1395.1,1387.6,0.54,326215,455102538.54
2026-01-14,WONDERLA,EQ,INE066O01014,WONDERLA HOLIDAYS LTD.,524.9,530.1,523.55,527.0,524.9,0.4,23024,12133648.0
2026-01-14,WORTHPERI,EQ,INE196Y01018,WORTH PERIPHERALS LIMITED,136.28,136.28,132.92,135.82,132.44,2.55,1601,217447.83
2026-01-14,WSI,EQ,INE100D01014,W.S.INDUSTRIES (I) LTD.,85.6,86.73,83.07,83.8,85.46,-1.94,132241,11081796.2
2026-01-14,WSTCSTPAPR,EQ,INE976A01021,WEST COAST PAPER MILLS LT,409.35,420.95,409.35,414.75,415.6,-0.2,27474,11394841.5
2026-01-14,XCHANGING,EQ,INE692G01013,XCHANGING SOLUTIONS LTD,76.0,77.84,75.12,75.82,76.37,-0.72,64569,4895621.56
2026-01-14,XELPMOC,EQ,INE01P501012,XELPMOC DESIGN & TECH LTD,130.8,133.0,129.0,129.18,130.9,-1.31,5073,655330.1
2026-01-14,XPROINDIA,EQ,INE445C01015,XPRO INDIA LIMITED,885.7,1057.7,881.2,1021.5,890.15,14.76,593627,606389980.5
2026-01-14,XTGLOBAL,EQ,INE547B01028,XTGLOBAL INFOTECH LIMITED,30.26,32.0,30.26,30.96,31.2,-0.77,7299,225977.03
2026-01-14,YASHO,EQ,INE616Z01012,YASHO INDUSTRIES LIMITED,1305.0,1354.0,1276.8,1287.7,1305.4,-1.36,61978,79809067.57
2026-01-14,YATHARTH,EQ,INE0JO301016,YATHARTH HOSP & TRA C S L,641.0,641.15,632.0,634.1,639.8,-0.89,157825,100076828.65
2026-01-14,YATRA,EQ,INE0JR601024,YATRA ONLINE LIMITED,166.0,166.0,159.9,161.03,164.64,-2.19,669853,107866427.77
2026-01-14,YESBANK,EQ,INE528G01035,YES BANK LIMITED,22.8,23.06,22.67,22.95,22.79,0.7,69741380,1600564724.21
2026-01-14,YUKEN,EQ,INE384C01016,YUKEN INDIA LIMITED,805.0,825.0,802.0,805.4,804.35,0.13,1163,936680.23
2026-01-14,ZAGGLE,EQ,INE07K301024,ZAGGLE PREPA OCEAN SER L,307.0,309.45,301.5,302.4,306.05,-1.19,340895,103086645.92
2026-01-14,ZEEL,EQ,INE256A01028,ZEE ENTERTAINMENT ENT LTD,89.18,90.87,89.18,90.29,89.13,1.3,3977563,359134166.91
2026-01-14,ZEELEARN,EQ,INE565L01011,ZEE LEARN LIMITED,6.39,7.04,6.39,6.79,6.56,3.51,1166333,7919401.03
2026-01-14,ZEEMEDIA,EQ,INE966H01019,ZEE MEDIA CORPORATION LTD,8.66,8.79,8.6,8.7,8.68,0.23,684351,5953853.57
2026-01-14,ZENITHEXPO,EQ,INE058B01018,ZENITH EXPORTS LTD,196.01,205.1,196.01,201.61,205.99,-2.13,312,62902.32
2026-01-14,ZENITHSTL,EQ,INE318D01020,ZENITH STEEL PIP IND LTD,7.19,7.24,6.56,7.05,7.18,-1.81,144242,1016906.13
2026-01-14,ZENSARTECH,EQ,INE520A01027,ZENSAR TECHNOLOGIES  LTD,705.2,717.9,705.2,709.8,713.4,-0.5,719453,510667730.62
2026-01-14,ZENTEC,EQ,INE251B01027,ZEN TECHNOLOGIES LIMITED,1236.4,1255.9,1223.0,1228.1,1236.4,-0.67,233515,286779765.8
2026-01-14,ZFCVINDIA,EQ,INE342J01019,ZF COM VE CTR SYS IND LTD,2340.33,2370.67,2316.67,2338.0,2355.5,-0.74,138030,322714140.0
2026-01-14,ZIMLAB,EQ,INE518E01015,ZIM LABORATORIES LIMITED,76.6,76.92,74.55,75.94,75.51,0.57,63559,4826670.62
2026-01-14,ZODIAC,EQ,INE761Y01019,ZODIAC ENERGY LIMITED,276.95,280.35,266.3,271.65,277.7,-2.18,15541,4221712.56
2026-01-14,ZODIACLOTH,EQ,INE206B01013,ZODIAC CLOTHING CO. LTD.,82.89,84.05,82.89,83.94,83.06,1.06,3014,252995.17
2026-01-14,ZOTA,EQ,INE358U01012,ZOTA HEALTH CARE LIMITED,1365.0,1393.9,1332.0,1337.4,1373.6,-2.64,37283,49862285.11
2026-01-14,ZUARI,EQ,INE840M01016,ZUARI AGRO CHEMICALS LTD,294.7,298.0,290.3,291.25,294.7,-1.17,225037,65542026.25
2026-01-14,ZUARIIND,EQ,INE217A01012,ZUARI INDUSTRIES LIMITED,287.5,291.7,286.55,287.45,286.4,0.37,72039,20707611.43
2026-01-14,ZYDUSLIFE,EQ,INE010B01027,ZYDUS LIFESCIENCES LTD,900.7,902.0,881.0,883.75,900.7,-1.88,728209,643554703.75
2026-01-14,ZYDUSWELL,EQ,INE768C01028,ZYDUS WELLNESS LIMITED,439.0,445.0,432.65,443.8,441.55,0.51,105709,46913652.91
