date,symbol,series,isin,name,open,high,low,close,prev_close,chg_pct,volume,value
2026-09-11,3IINFOLTD,BE,INE748C01038,3I INFOTECH LIMITED,22.37,22.97,21.78,22.85,22.4,2.01,374143,8549167.69
2026-09-11,AARNAV,BE,INE750R01016,AARNAV FASHIONS LIMITED,29.78,30.87,29.75,30.56,31.31,-2.4,10028,306455.67
2026-09-11,AARTECH,BE,INE01C001026,AARTECH SOLONICS LIMITED,52.0,52.5,50.55,51.99,52.07,-0.15,23362,1214590.42
2026-09-11,AARTISURF,BE,INE09EO01013,AARTI SURFACTANTS LIMITED,495.0,515.0,488.15,506.65,500.85,1.16,32083,16254851.75
2026-09-11,ABAN,BE,INE421A01028,ABAN OFFSHORE LTD.,14.43,14.43,14.15,14.39,14.43,-0.28,6767,97377.13
2026-09-11,ABINFRA,BE,INE00YB01025,A B INFRABUILD LIMITED,11.5,11.5,11.11,11.34,11.31,0.27,96146,1090295.65
2026-09-11,ABMINTLLTD,BE,INE251C01025,ABM INTERNATIONAL LTD,52.5,52.5,52.5,52.5,52.63,-0.25,259,13597.5
2026-09-11,ACCURACY,BE,INE648Z01023,ACCURACY SHIPPING LIMITED,4.06,4.24,4.06,4.19,4.2,-0.24,22964,96219.16
2026-09-11,ACSTECH,BE,INE366C01021,A C S TECHNOLOGIES LTD.,57.1,59.95,56.5,58.29,57.86,0.74,220997,12881915.33
2026-09-11,AHLWEST,BE,INE915K01010,ASIAN HOTELS (WEST) LTD,503.5,505.0,499.7,505.0,526.0,-3.99,165,83325.0
2026-09-11,AKI,BE,INE642Z01026,AKI INDIA LIMITED,6.15,6.15,6.14,6.14,6.46,-4.95,88073,540768.21
2026-09-11,AKSHARCHEM,BE,INE542B01011,AKSHARCHEM INDIA LIMITED,390.0,428.85,388.05,423.4,408.45,3.66,18217,7713077.69
2026-09-11,AKSHOPTFBR,BE,INE523B01011,AKSH OPTIFIBRE  LTD,8.55,8.85,8.36,8.78,8.79,-0.11,739713,6494679.94
2026-09-11,ALPHAGEO,BE,INE137C01018,ALPHAGEO (INDIA) LIMITED,315.0,318.0,302.65,310.25,321.8,-3.59,7489,2323462.25
2026-09-11,AMANTA,BE,INE084K01015,AMANTA HEALTHCARE LIMITED,197.75,197.75,197.75,197.75,201.78,-2.0,19137,3784341.75
2026-09-11,AMBALALSA,BE,INE432A01017,AMBALAL SARABHAI ENT L,41.1,41.79,39.68,40.33,41.54,-2.91,56923,2295704.69
2026-09-11,AMDIND,BE,INE005I01014,AMD INDUSTRIES LIMITED,56.32,65.2,55.51,64.03,56.04,14.26,484603,31029129.5
2026-09-11,ANMOL,BE,INE02AR01019,ANMOL INDIA LIMITED,15.0,16.87,15.0,16.87,15.34,9.97,1521669,25670557.31
2026-09-11,APTECHT,BE,INE266F01018,APTECH LIMITED,87.0,89.0,85.68,88.2,87.49,0.81,39120,3450383.88
2026-09-11,ARIES,BE,INE298I01015,ARIES AGRO LTD.,462.0,485.0,445.2,475.6,468.6,1.49,24528,11665516.95
2026-09-11,ASAHISONG,BE,INE228I01012,ASAHI SONGWON COLOR LTD,365.55,370.0,356.9,363.95,375.65,-3.11,22015,8012359.52
2026-09-11,ASHIKAG,BE,INE094B01013,ASHIKA GLOBAL SEC LTD,411.3,424.0,399.0,415.45,411.3,1.01,36235,15053831.19
2026-09-11,ASMS,BE,INE855F01042,AVIO SMART MRKT STACK LTD,6.89,6.98,6.66,6.88,6.91,-0.43,141116,970878.1
2026-09-11,AVG,BE,INE680Z01018,AVG LOGISTICS LIMITED,183.0,185.0,175.0,176.41,182.49,-3.33,11880,2095750.84
2026-09-11,BAFNAPH,BE,INE878I01022,BAFNA PHARMACEUTICALS LTD,301.45,301.45,301.45,301.45,307.6,-2.0,11743,3539927.49
2026-09-11,BASML,BE,INE186H01022,BANNARI AM SPIN MILL LTD.,24.5,25.0,24.25,24.6,25.0,-1.6,14633,359971.81
2026-09-11,BGRENERGY,BE,INE661I01014,BGR ENERGY SYSTEMS LTD,238.0,245.0,231.5,232.78,243.22,-4.29,116498,27118404.3
2026-09-11,BHAGERIA,BE,INE354C01027,BHAGERIA INDUSTRIES LTD,287.95,318.25,287.95,317.05,303.1,4.6,395692,125454143.77
2026-09-11,BHARATGEAR,BE,INE561C01019,BHARAT GEARS LTD,101.5,102.69,100.16,101.14,102.67,-1.49,6384,645677.76
2026-09-11,BI,BE,INE986A01012,BILCARE LTD.,89.99,93.6,87.75,92.92,89.83,3.44,31238,2902634.9
2026-09-11,BILVYAPAR,BE,INE071A01013,BIL VYAPAR LIMITED,4.0,4.2,3.85,3.95,4.0,-1.25,11058,43679.1
2026-09-11,BIRLAPREC,BE,INE372E01025,BIRLA PRECISION TECH L,59.0,62.0,57.0,61.43,59.3,3.59,273989,16831144.35
2026-09-11,BLACKROSE,BE,INE761G01016,BLACK ROSE INDS. LTD.,110.9,110.9,106.21,108.14,111.79,-3.27,29808,3223437.1
2026-09-11,BLISSGVS,BE,INE416D01022,BLISS GVS PHARMA LTD,698.0,724.0,676.0,720.95,700.45,2.93,190726,137503912.03
2026-09-11,BNALTD,BE,INE489D01011,B & A LTD.,399.9,400.95,399.9,400.6,390.0,2.72,6,2403.6
2026-09-11,BTTL,BE,INE274K01012,BHILWARA TECHNICAL TEXT L,42.65,42.65,42.5,42.5,42.49,0.02,188,7990.0
2026-09-11,BURNPUR,BE,INE817H01022,BURNPUR CEMENT LIMITED,16.71,16.71,16.71,16.71,17.58,-4.95,9150,152896.49
2026-09-11,BYKE,BE,INE319B01014,THE BYKE HOSPITALITY LTD,31.42,31.42,31.0,31.05,31.62,-1.8,13074,405947.69
2026-09-11,CALSOFT,BE,INE526B01014,CALIFORNIA SOFTWARE CO LT,36.8,38.74,35.21,38.74,36.9,4.99,338230,13103030.77
2026-09-11,CAPTRUST,BE,INE707C01018,CAPITAL TRUST LIMITED,18.0,18.35,17.8,18.12,18.29,-0.93,24777,448959.26
2026-09-11,CFEL,BE,INE700F01024,CONFIDENCE FUTURIST ENE L,42.66,49.41,42.0,49.3,44.92,9.75,493522,24330634.22
2026-09-11,CHEMBONDCH,BE,INE0TGX01019,CHEMBOND CHEMICAL LIMITED,249.75,262.2,243.6,262.2,249.75,4.98,8561,2244694.3
2026-09-11,CHEMCON,BE,INE03YM01018,CHEMCON SPECIAL CHEM LTD,210.1,222.0,205.25,217.23,213.61,1.69,61940,13455225.94
2026-09-11,CONSOFINVT,BE,INE025A01027,CONSO. FIN. & HOLD. LTD.,302.4,311.4,301.4,301.5,303.5,-0.66,2225,670837.5
2026-09-11,COUNCODOS,BE,INE695B01025,COUNTRY CONDO S LIMITED,6.19,6.47,6.19,6.4,6.38,0.31,16149,103353.6
2026-09-11,CRSL,BE,INE716D01033,CRESSANDA RAILWAY SOLUT L,2.58,2.65,2.5,2.6,2.57,1.17,325910,847365.97
2026-09-11,CTE,BE,INE627H01017,CAMBRIDGE TECH ENTER LTD,43.08,43.08,40.21,41.37,42.24,-2.06,18583,768778.69
2026-09-11,CURAA,BE,INE117B01020,CURA TECHNOLOGIES LIMITED,75.88,83.97,75.41,79.61,75.88,4.92,727,57876.47
2026-09-11,CYBERMEDIA,BE,INE278G01037,CYBER MEDIA (INDIA) LTD.,21.26,23.2,21.26,22.69,22.37,1.43,31616,717367.06
2026-09-11,CYBERTECH,BE,INE214A01019,CYBERTECH SYSTEMS & SOFTW,140.78,142.62,135.8,140.53,140.78,-0.18,16480,2315934.38
2026-09-11,DAICHI,BE,INE928C01010,DAI-ICHI KARKARIA LTD.,336.0,344.95,332.0,337.15,341.05,-1.14,1241,418403.14
2026-09-11,DAMODARIND,BE,INE497D01022,DAMODAR INDUSTRIES LTD,29.78,29.78,28.02,28.8,29.49,-2.34,5955,171504.0
2026-09-11,DBSTOCKBRO,BE,INE921B01025,DB (INT) STOCK BROKERS,28.78,28.78,27.31,27.61,28.0,-1.39,2908,80289.88
2026-09-11,DELPHIFX,BE,INE726L01027,DELPHI WORLD MONEY LTD,5.99,5.99,5.64,5.75,5.9,-2.54,114964,661043.0
2026-09-11,DHABRIYA,BE,INE260R01016,DHABRIYA POLYWOOD LTD.,510.0,517.5,501.0,503.1,512.65,-1.86,2772,1394593.22
2026-09-11,DIACABS,BE,INE989C01038,DIAMOND POWER INFRA LTD,356.8,369.05,341.0,369.05,351.5,4.99,1300799,480059855.07
2026-09-11,DIGJAMLMTD,BE,INE731U01028,DIGJAM LTD,64.5,73.19,61.84,68.42,61.84,10.64,1282661,87759663.27
2026-09-11,DPSCLTD,BE,INE360C01024,DPSC LIMITED,7.08,7.29,7.0,7.14,7.05,1.28,54041,385852.73
2026-09-11,DPWIRES,BE,INE864X01013,D P WIRES LIMITED,153.0,154.49,147.0,150.33,153.47,-2.05,16075,2416554.78
2026-09-11,DSFCL,BE,INE0OFM01015,DCM SHRIRAM FINE CHEM LTD,25.5,25.89,24.7,24.73,25.49,-2.98,104784,2591308.27
2026-09-11,DSKULKARNI,BE,INE891A01022,DS KULKARNI DEVELOPERS L,21.0,21.0,21.0,21.0,20.59,1.99,52,1092.0
2026-09-11,DTIL,BE,INE341R01014,DHUNSERI TEA & IND. LTD.,143.95,145.0,140.1,142.91,144.2,-0.89,4346,621086.88
2026-09-11,E2E,BE,INE255Z01027,E2E NETWORKS LIMITED,604.0,620.0,595.0,610.35,605.9,0.73,660254,402986012.78
2026-09-11,EASTSILK,BE,INE962C01035,EASTERN SILK INDUSTRIES L,61.89,64.98,61.85,64.0,61.89,3.41,1194,76416.0
2026-09-11,EBIX,BE,INE432F01032,EBIX LIMITED,19.4,20.23,19.4,19.99,19.63,1.83,4484,89635.16
2026-09-11,EIFFL,BE,INE546V01010,EURO (I) FRESH FOODS LTD,281.2,281.2,281.0,281.2,275.7,1.99,3955,1112146.05
2026-09-11,EMAMIPAP,BE,INE830C01026,EMAMI PAPER MILLS LIMITED,117.69,119.0,113.11,116.0,117.74,-1.48,14352,1664832.0
2026-09-11,EMMBI,BE,INE753K01015,EMMBI INDUSTRIES LIMITED,89.0,89.0,86.0,88.95,89.23,-0.31,18027,1603501.59
2026-09-11,EQUIPPP,BE,INE217G01035,EQUIPPP SOC IMP TECH LTD,22.81,24.0,22.4,22.57,23.5,-3.96,22307,503468.98
2026-09-11,ESAFSFB,BE,INE818W01011,ESAF SMALL FINANCE BANK L,40.02,40.25,38.83,39.61,40.39,-1.93,466788,18489472.96
2026-09-11,EUROTEXIND,BE,INE022C01012,EUROTEX IND & EXPORTS LTD,13.2,13.2,13.2,13.2,13.46,-1.93,1,13.2
2026-09-11,EVERESTIND,BE,INE295A01018,EVEREST INDUSTRIES LTD,419.95,419.95,400.0,408.0,415.45,-1.79,10247,4180776.0
2026-09-11,FAIRCHEMOR,BE,INE0DNW01011,FAIRCHEM ORGANICS LIMITED,626.5,632.0,621.0,623.95,634.5,-1.66,3729,2326709.6
2026-09-11,FLEXITUFF,BE,INE060J01017,FLEXITUFF VENTURES INT L,2.12,2.17,2.02,2.14,2.1,1.9,44698,95653.72
2026-09-11,FOCUS,BE,INE593W01028,FOCUS LIGHTG & FIXTRS LTD,62.28,62.5,59.56,61.84,61.97,-0.21,22532,1393378.88
2026-09-11,GANESHBE,BE,INE388A01029,GANESH BENZOPLAST LIMITED,133.35,134.5,130.0,131.63,133.35,-1.29,118200,15558666.58
2026-09-11,GATECH,BE,INE224E01028,GACM TECHNOLOGIES LIMITED,0.73,0.73,0.73,0.73,0.76,-3.95,5044317,3682351.51
2026-09-11,GATECHDVR,BE,INE224E01036,GACM TECHNOLOGIES LIMITED,0.49,0.5,0.46,0.48,0.48,0.0,507246,243478.07
2026-09-11,GEECEE,BE,INE916G01016,GEECEE VENTURES LIMITED,370.05,370.05,355.0,364.55,370.05,-1.49,6469,2358273.87
2026-09-11,GFSTEELS,BE,INE534A01028,GRAND FOUNDRY LTD,20.95,20.95,20.95,20.95,19.96,4.96,2228,46676.6
2026-09-11,GICL,BE,INE947T01022,GLOBE INTL CARRIERS LTD,25.4,25.4,23.78,24.74,24.33,1.69,107323,2655171.0
2026-09-11,GINNIFILA,BE,INE424C01010,GINNIFILAMENTS LTD.,41.47,41.47,40.1,41.0,41.3,-0.73,47094,1930854.0
2026-09-11,GOLDTECH,BE,INE805A01014,AION-TECH SOLUTIONS LTD,46.04,46.99,45.0,45.0,46.5,-3.23,44583,2006235.0
2026-09-11,GRADIENTE,BE,INE361K01017,GRADIENTE INFOTAINMENT L,2.57,2.57,2.46,2.51,2.53,-0.79,1359568,3412515.67
2026-09-11,GRAVISSHO,BE,INE214F01026,GRAVISS HOSPITALITY LTD.,37.5,42.7,36.83,42.7,35.59,19.98,433905,18527743.83
2026-09-11,GULFPETRO,BE,INE586G01017,GP PETROLEUMS LIMITED,64.16,65.3,63.0,64.08,65.74,-2.53,86449,5539652.08
2026-09-11,GVKPIL,BE,INE251H01024,GVK POW. & INFRA LTD.,2.25,2.25,2.25,2.25,2.21,1.81,323735,728403.75
2026-09-11,GVPTECH,BE,INE382T01030,GVP INFOTECH LIMITED,8.25,8.25,7.67,7.82,8.05,-2.86,31151,243600.83
2026-09-11,HALDYNGL,BE,INE506D01020,HALDYN GLASS LTD.,142.18,146.79,138.51,145.7,142.18,2.48,42006,6120274.07
2026-09-11,HEG,BE,INE545A01024,HEG LIMITED,238.1,243.0,237.2,237.2,249.65,-4.99,1259054,298647604.96
2026-09-11,HEXAGON,BE,INE0JUI01012,HEXAGON NUTRITION LIMITED,68.0,70.0,66.75,67.99,68.17,-0.26,310047,21080094.87
2026-09-11,HFCL,BE,INE548A01028,HFCL LIMITED,225.05,237.3,222.25,233.69,233.32,0.16,8856109,2069584133.83
2026-09-11,HITECHCORP,BE,INE120D01012,HITECH CORPORATION LTD,331.75,337.75,331.4,334.5,332.25,0.68,3865,1292842.5
2026-09-11,HITECHGEAR,BE,INE127B01011,THE HI-TECH GEARS LIMITED,579.4,579.45,565.0,567.45,579.45,-2.07,1520,862524.02
2026-09-11,HMVL,BE,INE871K01015,HINDUSTAN MEDIA VENT LTD,78.9,80.35,76.0,79.9,78.76,1.45,3987,318561.31
2026-09-11,HYBRIDFIN,BE,INE965B01022,HYBRID FINANCIAL SERVICE,16.98,16.98,16.27,16.61,17.11,-2.92,12623,209668.04
2026-09-11,ICDSLTD,BE,INE613B01010,ICDSLTD,64.98,64.98,61.51,62.52,64.66,-3.31,6188,386873.76
2026-09-11,INDOAMIN,BE,INE760F01028,INDO AMINES LIMITED,126.1,128.0,124.65,126.92,127.87,-0.74,30597,3883371.18
2026-09-11,INVPRECQ,BE,INE155E01016,INVESTMENT & PREC CAST L,1405.8,1405.8,1405.8,1405.8,1378.3,2.0,4228,5943722.61
2026-09-11,IVP,BE,INE043C01018,IVP LIMITED,216.0,216.0,208.06,214.47,219.01,-2.07,15176,3254796.74
2026-09-11,KALYANIFRG,BE,INE314G01014,KALYANI FORGE LIMITED,990.0,1021.85,930.05,1021.65,973.2,4.98,8554,8739194.31
2026-09-11,KAMDHENU,BE,INE390H01020,KAMDHENU LIMITED,40.0,40.0,37.65,39.09,39.22,-0.33,860023,33618299.2
2026-09-11,KANORICHEM,BE,INE138C01024,KANORIACHEMICALS-,180.99,180.99,166.39,169.64,175.14,-3.14,85705,14538996.15
2026-09-11,KAUSHALYA,BE,INE234I01028,KAUSHALYA INFRA DEV LTD.,840.0,840.0,822.0,825.2,840.55,-1.83,286,236007.2
2026-09-11,KAVDEFENCE,BE,INE641C01019,KAVVERI DFS & WIR TEC LTD,72.41,73.8,68.2,69.33,74.77,-7.28,1320997,91584724.43
2026-09-11,KAYA,BE,INE587G01015,KAYA LIMITED,333.0,337.0,323.0,331.7,338.05,-1.88,6333,2100656.18
2026-09-11,KCPSUGIND,BE,INE790B01024,KCPSUGARINDUS,31.98,31.98,31.0,31.09,31.82,-2.29,65819,2046312.72
2026-09-11,KESORAMIND,BE,INE087A01019,KESORAM INDUSTRIES LTD,12.01,12.01,12.0,12.01,11.78,1.95,964628,11585182.5
2026-09-11,KHADIM,BE,INE834I01025,KHADIM INDIA LIMITED,121.01,125.54,121.01,121.01,123.08,-1.68,28736,3477343.42
2026-09-11,KILITCH,BE,INE729D01010,KILITCH DRUGS INDIA LTD,185.03,189.9,180.0,185.97,185.03,0.51,22611,4204967.7
2026-09-11,KOTARISUG,BE,INE419A01022,KOTHARI SUG & CHEM LTD.,29.01,30.55,28.3,28.57,29.47,-3.05,84368,2410393.73
2026-09-11,KOTYARK,BE,INE0J0B01017,KOTYARK INDUSTRIES LTD,31.13,32.68,30.8,32.19,31.13,3.41,243854,7849659.93
2026-09-11,KRONOX,BE,INE0ATZ01017,KRONOX LAB SCIENCES LTD,171.11,178.5,170.0,175.92,171.96,2.3,71650,12604667.87
2026-09-11,KSR,BE,INE1SPP01016,KSR FOOTWEAR LIMITED,42.5,42.9,39.05,42.4,40.93,3.59,124716,5287958.59
2026-09-11,LADDERUP,BE,INE519D01015,LADDERUP FINANCE LTD.,73.0,74.31,73.0,74.31,61.93,19.99,59231,4401455.47
2026-09-11,LANCORHOL,BE,INE572G01025,LANCOR HOLDINGS LIMITED,38.8,39.79,36.3,36.95,37.93,-2.58,150737,5569732.27
2026-09-11,LEENEE,BE,INE791B01014,LEE & NEE SOFTWARES (E) L,8.28,8.28,7.9,7.9,8.11,-2.59,5872,46388.8
2026-09-11,LOTUSDEV,BE,INE0V9Q01010,SRI LOTUS DEVLPRS N RTY L,213.7,215.0,206.25,209.27,207.88,0.67,2083473,436008403.61
2026-09-11,LYKALABS,BE,INE933A01014,LYKA LABS LTD.,82.9,84.0,82.8,82.9,84.2,-1.54,8273,685831.71
2026-09-11,MADHUCON,BE,INE378D01032,MADHUCON PROJECTS LTD.,4.64,4.64,4.27,4.34,4.49,-3.34,43771,189966.15
2026-09-11,MAHASTEEL,BE,INE451L01014,MAHAMAYA STEEL INDS LTD,1339.0,1345.0,1265.1,1276.1,1331.6,-4.17,4655,5940245.39
2026-09-11,MAJESAUT,BE,INE201B01022,MAJESTIC AUTO LTD.,379.8,379.8,360.3,366.7,372.15,-1.46,2182,800139.43
2026-09-11,MANAKSTEEL,BE,INE824Q01011,MANAKSIA STEELS LTD,116.5,120.76,112.1,117.91,115.01,2.52,149999,17686382.64
2026-09-11,MAZDA,BE,INE885E01042,MAZDA LIMITED,265.8,265.8,252.65,255.25,261.0,-2.2,5715,1458753.75
2026-09-11,MBECL,BE,INE748A01024,MCNALLY BHARAT ENGIN CO L,330.4,330.4,330.4,330.4,314.67,5.0,1091,360466.39
2026-09-11,MEDICAMEQ,BE,INE646B01010,MEDICAMEN BIOTECH LIMITED,301.0,330.0,289.45,323.05,307.5,5.06,191712,61932559.26
2026-09-11,MEDICAPQ,BE,INE442D01010,MEDI CAPS LTD.,34.59,36.2,31.7,31.7,35.22,-9.99,64727,2051845.95
2026-09-11,MENNPIS,BE,INE650G01029,MENON PISTONS LTD.,73.33,80.0,72.6,78.65,76.41,2.93,87291,6865437.28
2026-09-11,MENONBE,BE,INE071D01033,MENON BEARINGS LIMITED,297.5,305.05,286.6,297.5,301.65,-1.38,49421,14702747.5
2026-09-11,MHLXMIRU,BE,INE112D01035,MAHALAXMI RUBTECH LIMITED,158.31,159.8,157.06,157.24,158.31,-0.68,5666,890921.87
2026-09-11,MICEL,BE,INE287C01037,MIC ELECTRONICS LTD,35.49,35.49,35.49,35.49,35.85,-1.0,136226,4834660.97
2026-09-11,MINALIND,BE,INE097E01028,MINAL INDUSTRIES LTD.,5.56,5.56,5.56,5.56,5.67,-1.94,9067,50412.52
2026-09-11,MODISONLTD,BE,INE737D01021,MODISON LIMITED,498.9,517.0,495.0,503.05,514.8,-2.28,92092,46326879.48
2026-09-11,MOLDTECH,BE,INE835B01035,MOLD-TEK TECHNOLOGIES LTD,213.8,217.0,201.35,207.39,211.69,-2.03,46074,9555286.83
2026-09-11,MOMSBELIEF,BE,INE1FCO01014,RAYS OF BELIEF LIMITED,217.0,226.25,208.03,224.96,218.97,2.74,118302,26613218.71
2026-09-11,MPDL,BE,INE493H01014,MPDL LTD.,30.51,32.11,30.51,32.11,32.11,0.0,763,24499.93
2026-09-11,MTARTECH,BE,INE864I01014,MTAR TECHNOLOGIES LIMITED,7102.0,7399.0,7005.0,7312.5,7305.0,0.1,53464,390955500.0
2026-09-11,MTEDUCARE,BE,INE472M01018,MT EDUCARE LTD,1.86,1.86,1.77,1.82,1.86,-2.15,89233,162404.06
2026-09-11,MUKKA,BE,INE0CG401037,MUKKA PROTEINS LIMITED,30.57,33.0,28.56,32.17,30.57,5.23,1909923,61442219.41
2026-09-11,MUKTAARTS,BE,INE374B01019,MUKTA ARTS LIMITED,56.0,58.69,55.9,58.57,56.88,2.97,862,50487.34
2026-09-11,MYSORPETRO,BE,INE741A01011,MYSORE PETRO CHEMICALS L,147.78,147.78,141.1,141.1,148.52,-5.0,3988,562706.82
2026-09-11,NATCAPSUQ,BE,INE936B01015,NATURAL CAPSULES LIMITED,192.6,192.6,185.0,189.39,190.74,-0.71,8916,1688601.23
2026-09-11,NAVKARURB,BE,INE268H01044,NAVKAR URBANSTRUCTURE LTD,0.89,0.9,0.85,0.87,0.89,-2.25,487932,424500.84
2026-09-11,NECCLTD,BE,INE553C01016,NORTH EAST CARRY CORP LTD,19.4,19.4,18.36,19.1,19.26,-0.83,28292,540377.21
2026-09-11,NEUEON,BE,INE333I01044,NEUEON CORPORATION LTD,12.28,12.28,11.58,11.96,12.05,-0.75,37376,447016.96
2026-09-11,NIRAJISPAT,BE,INE326T01011,NIRAJ ISPAT IND LTD,301.0,301.0,300.2,300.3,315.95,-4.95,1868,560960.38
2026-09-11,NRL,BE,INE0JM501013,NUPUR RECYCLERS LIMITED,134.84,138.0,132.0,133.06,134.84,-1.32,39928,5312819.58
2026-09-11,NURECA,BE,INE0DSF01015,NURECA LIMITED,343.55,346.95,330.0,332.75,343.55,-3.14,5811,1933610.25
2026-09-11,OCCLLTD,BE,INE0PK601023,OCCL LIMITED,166.8,166.8,157.2,159.41,163.91,-2.75,48957,7804235.55
2026-09-11,OILCOUNTUB,BE,INE591A01010,OIL COUNTRY TUBULAR LTD.,61.2,61.2,59.3,61.2,60.51,1.14,6763,413895.61
2026-09-11,OMFREIGHT,BE,INE1BZC01019,OM FREIGHT FORWARDERS LTD,87.1,90.0,83.8,89.12,87.32,2.06,13225,1178612.04
2026-09-11,ONELIFECAP,BE,INE912L01015,ONELIFE CAP ADVISORS LTD,32.0,32.89,30.65,32.76,31.95,2.54,50114,1641734.56
2026-09-11,ONMOBILE,BE,INE809I01019,ONMOBILE GLOBAL LTD.,47.0,47.0,46.28,47.0,46.99,0.02,42356,1990732.0
2026-09-11,ORBTEXP,BE,INE231G01010,ORBIT EXPORTS LIMITED,237.0,244.0,232.4,237.0,237.0,0.0,484,114708.0
2026-09-11,ORIENTLTD,BE,INE609C01024,ORIENT PRESS LIMITED,84.0,84.0,78.11,82.75,81.73,1.25,845,69923.75
2026-09-11,OSIAHYPER,BE,INE06IR01021,OSIA HYPER RETAIL LIMITED,2.35,2.52,2.35,2.44,2.45,-0.41,321940,785533.62
2026-09-11,PANACHE,BE,INE895W01019,PANACHE DIGILIFE LIMITED,519.0,519.0,510.0,519.0,519.0,0.0,2302,1194738.0
2026-09-11,PAR,BE,INE04LG01015,PAR DRUGS AND CHEM LTD,141.99,147.96,134.03,140.92,141.08,-0.11,76296,10751632.18
2026-09-11,PARSVNATH,BE,INE561H01026,PARSVNATH DEVELOPER LTD,1.72,1.72,1.72,1.72,1.69,1.78,181521,312216.13
2026-09-11,PATINTLOG,BE,INE529D01014,PATEL INT. LOG. LTD,13.44,13.44,13.0,13.18,13.11,0.53,14144,186417.92
2026-09-11,PIONRINV,BE,INE746D01014,PIONEER INVESTCORP LTD.,86.0,87.21,84.75,87.21,88.99,-2.0,1782,155408.22
2026-09-11,PKTEA,BE,INE431F01018,THE P K TEA PROD CO LTD,1080.0,1150.0,1001.1,1121.75,1094.2,2.52,25219,28289413.25
2026-09-11,PPAP,BE,INE095I01015,PPAP AUTOMOTIVE LIMITED,240.0,246.7,236.0,238.85,242.75,-1.61,7156,1709210.64
2026-09-11,PPL,BE,INE050001010,PRAKASH PIPES LIMITED,285.2,287.2,279.1,285.55,290.9,-1.84,32412,9255246.2
2026-09-11,PRADPME,BE,INE770A01010,PRADEEP METALS LTD.,486.65,495.9,472.1,486.9,486.65,0.05,2492,1213354.78
2026-09-11,PREMIER,BE,INE342A01018,PREMIER LIMITED,2.83,2.83,2.69,2.69,2.83,-4.95,13437,36145.53
2026-09-11,PRIORITY,BE,INE15EH01014,PRIORITY JEWELS LIMITED,225.0,231.0,220.0,228.8,226.92,0.83,139869,32002027.63
2026-09-11,PRITIKAUTO,BE,INE583R01029,PRITIKA AUTO INDUS LTD,14.94,15.0,14.51,14.91,14.89,0.13,84922,1266187.01
2026-09-11,PRUDMOULI,BE,INE024D01016,PRUDENTIAL SUGAR CORPORAT,16.01,16.72,16.01,16.35,16.8,-2.68,1609,26307.15
2026-09-11,QMSMEDI,BE,INE0FMW01018,QMS MEDICAL ALLIED S LTD,150.4,157.98,150.4,157.98,150.46,5.0,30304,4787425.79
2026-09-11,RADHIKAJWE,BE,INE583V01021,RADHIKA JEWELTECH LIMITED,84.16,84.99,81.46,83.21,84.15,-1.12,1473665,122623663.3
2026-09-11,RAJOOENG,BE,INE535F01024,RAJOO ENGINEERS LIMITED,54.89,56.15,52.63,55.19,54.89,0.55,253434,13987022.11
2026-09-11,RAJRILTD,BE,INE533D01032,RAJ RAYON INDUSTRIES LTD,21.1,21.39,20.78,21.1,21.19,-0.42,8744,184498.4
2026-09-11,RAMASTEEL,BE,INE230R01035,RAMA STEEL TUBES LIMITED,3.93,3.93,3.93,3.93,4.01,-2.0,3936136,15469014.74
2026-09-11,RBZJEWEL,BE,INE0PEQ01016,RBZ JEWELLERS LIMITED,182.99,182.99,170.06,174.19,178.67,-2.51,110293,19211937.94
2026-09-11,RCOM,BE,INE330H01018,RELIANCE COMMUNICATIONS L,1.0,1.01,0.98,1.01,0.97,4.12,6790419,6858323.13
2026-09-11,RELINFRA,BE,INE036A01016,RELIANCE INFRASTRUCTU LTD,53.67,54.75,53.66,53.66,54.75,-1.99,110612,5935439.9
2026-09-11,REPL,BE,INE364Z01019,RUDRABHISHEK ENTERP LTD,60.87,61.64,60.06,61.0,60.87,0.21,1787,109007.0
2026-09-11,RMDRIP,BE,INE219Y01026,R M DRIP & SPRINK SYS LTD,23.5,23.97,23.5,23.55,23.33,0.94,456419,10748667.1
2026-09-11,RNBDENIMS,BE,INE012Q01039,R&B DENIMS LIMITED,9.52,9.67,9.36,9.46,9.79,-3.37,125822,1190276.12
2026-09-11,ROLLT,BE,INE927A01040,ROLLATAINERS LIMITED,4.42,4.84,4.42,4.75,4.61,3.04,415991,1975957.25
2026-09-11,RPPL,BE,INE760W01023,RAJSHREE POLYPACK LTD,21.0,21.37,20.35,20.74,21.37,-2.95,79579,1650468.44
2026-09-11,RSDFIN,BE,INE616F01022,R S D FINANCE LTD.,93.6,96.0,93.5,94.0,93.6,0.43,515,48410.0
2026-09-11,RSWM,BE,INE611A01016,RSWM LIMITED,217.7,219.0,208.0,218.23,214.46,1.76,30165,6582907.82
2026-09-11,SADHNANIQ,BE,INE888C01040,SADHANA NITROCHEM LIMITED,2.84,2.86,2.83,2.84,2.86,-0.7,529521,1503839.59
2026-09-11,SANGINITA,BE,INE753W01010,SANGINITA CHEMICALS LTD,65.67,65.67,65.67,65.67,64.39,1.99,29308,1924656.31
2026-09-11,SCANSTL,BE,INE099G01011,SCAN STEELS LTD.,56.85,56.85,55.5,56.34,57.82,-2.56,21017,1184097.78
2026-09-11,SCPL,BE,INE501Y01019,SHEETAL COOL PRODUCTS LTD,643.45,660.0,632.0,646.8,643.45,0.52,3724,2408683.15
2026-09-11,SETCO,BE,INE878E01021,SETCO AUTOMOTIVE LTD,17.1,17.37,16.63,16.74,17.16,-2.45,35391,592445.33
2026-09-11,SEYAIND,BE,INE573R01012,SEYA INDUSTRIES LIMITED,12.2,12.68,12.2,12.68,12.44,1.93,23451,297358.69
2026-09-11,SHAHALLOYS,BE,INE640C01011,SHAH ALLOYS LIMITED,96.76,97.88,91.93,92.62,96.76,-4.28,54813,5076780.21
2026-09-11,SHALPAINTS,BE,INE849C01026,SHALIM PAINTS LTD,85.5,86.45,84.8,85.73,85.44,0.34,139971,11999714.3
2026-09-11,SHARDUL,BE,INE037B01020,SHARDUL SECURITIES LTD.,54.91,55.6,54.5,55.43,54.91,0.95,29315,1624930.46
2026-09-11,SHEKHAWATI,BE,INE268L01046,SHEKHAWATI INDUSTRIES LTD,19.04,19.37,18.6,19.37,18.45,4.99,247905,4801920.06
2026-09-11,SHEMAROO,BE,INE363M01019,SHEMAROO ENTER. LTD.,121.1,124.9,119.05,120.57,121.99,-1.16,9440,1138180.8
2026-09-11,SHYAMCENT,BE,INE979R01011,SHYAM CENTURY FERROUS LTD,5.14,5.14,4.91,4.96,4.97,-0.2,42344,210026.24
2026-09-11,SICALLOG,BE,INE075B01020,SICAL LOGISTICS LIMITED,98.9,99.99,95.1,98.0,98.47,-0.48,22513,2206274.0
2026-09-11,SIGIND,BE,INE529F01035,SIGNET INDUSTRIES LIMITED,70.01,71.9,67.71,70.79,71.12,-0.46,28521,2019001.62
2026-09-11,SIGMAADV,BE,INE933B01012,SIGMA ADVANCED SYSTEM LTD,788.0,832.45,776.5,832.45,792.85,4.99,366669,305233613.53
2026-09-11,SIKKO,BE,INE112X01025,SIKKO INDUSTRIES LIMITED,5.66,5.83,5.38,5.83,5.56,4.86,760515,4433802.39
2026-09-11,SMARTLINK,BE,INE178C01020,SMARTLINK HOLDINGS LTD,219.5,230.54,215.05,230.3,219.57,4.89,20834,4798070.26
2026-09-11,SONAMLTD,BE,INE00LM01029,SONAM LIMITED,75.1,75.1,72.5,72.9,73.54,-0.87,26317,1918509.34
2026-09-11,SPECIALITY,BE,INE247M01014,SPECIALITY REST LTD,141.76,147.0,137.49,141.7,141.76,-0.04,41348,5859011.47
2026-09-11,SPECTRUM,BE,INE01EO01010,SPECTRUM ELECTRIC IND LTD,2970.0,3022.5,2752.0,3022.5,2878.6,5.0,47215,142707337.5
2026-09-11,SREEL,BE,INE099F01013,SREELEATHERS LIMITED,365.0,365.8,333.27,333.27,370.3,-10.0,129115,43030154.63
2026-09-11,SRIKPRIND,BE,INE009C01019,SRI KPR INDUSTRIES LTD.,31.39,31.6,29.86,30.75,31.43,-2.16,15491,476348.25
2026-09-11,STALLION,BE,INE0RYC01010,STALLION IND FLUOROCHEM L,229.7,229.7,223.0,225.09,234.26,-3.91,389412,87652745.65
2026-09-11,STERTOOLS,BE,INE334A01023,STERLING TOOLS LIMITED,216.21,216.99,212.0,214.66,216.21,-0.72,13342,2863993.77
2026-09-11,STLTECH,BE,INE089C01029,STERLITE TECHNOLOGIES LTD,870.0,897.45,830.0,897.4,854.75,4.99,2409510,2162294332.83
2026-09-11,SUNDRMBRAK,BE,INE073D01013,SUNDARAMBRAKE LININGS LTD,716.25,740.95,700.05,713.65,725.1,-1.58,768,548083.22
2026-09-11,SUPERSPIN,BE,INE662A01027,SUPER SPINNING MILLS LTD,7.38,7.68,7.37,7.41,7.36,0.68,46772,346580.51
2026-09-11,SUPTANERY,BE,INE460D01038,SUPER TANNERY LTD.,10.28,10.28,10.28,10.28,10.82,-4.99,14109,145040.52
2026-09-11,SUTLEJTEX,BE,INE645H01027,SUTLEJ TEXT & INDUS LTD,39.65,40.9,38.9,39.27,39.64,-0.93,20479,804210.34
2026-09-11,SWANDEF,BE,INE542F01020,SWAN DEFENCE N HEVY IND L,2705.0,2742.0,2662.8,2727.9,2662.8,2.44,20275,55308170.52
2026-09-11,SWARAJ,BE,INE0GMR01016,SWARAJ SUITING LIMITED,352.0,353.9,335.15,335.15,352.75,-4.99,110904,37169474.92
2026-09-11,SWISSMLTRY,BE,INE010C01025,SWISS MILITARY CON GOOD L,15.0,15.15,14.7,14.91,15.18,-1.78,76776,1144730.15
2026-09-11,SYSTMTXC,BE,INE356B01024,SYSTEMATIX CORP SERVICE L,72.53,72.53,72.53,72.53,71.11,2.0,27101,1965635.5
2026-09-11,TAMBOLIIN,BE,INE864J01012,TAMBOLI INDUSTRIES LTD.,305.95,314.9,303.0,306.85,299.95,2.3,20188,6194687.92
2026-09-11,TICL,BE,INE388G01026,TWAMEV CONS AND INFRA LTD,7.31,7.31,7.03,7.05,7.39,-4.6,140674,991751.73
2026-09-11,TIJARIA,BE,INE440L01017,TIJARIA POLYPIPES LTD,7.41,7.41,7.41,7.41,7.79,-4.88,55909,414285.68
2026-09-11,TIL,BE,INE806C01018,TIL LTD,243.21,258.55,235.1,255.3,246.24,3.68,170916,43634855.32
2026-09-11,TIRUPATIFL,BE,INE319Y01024,TIRUPATI FORGE LIMITED,70.65,71.3,69.0,69.12,70.48,-1.93,140025,9678528.38
2026-09-11,TOTAL,BE,INE336X01012,TOTAL TRANSPORT SYS LTD,76.95,77.0,74.0,76.78,76.98,-0.26,13215,1014647.68
2026-09-11,TPHQ,BE,INE065J01024,TEAMO PRODUCTIONS HQ LTD,0.51,0.51,0.5,0.5,0.5,0.0,724108,362054.0
2026-09-11,TRANSPEK,BE,INE687A01016,TRANSPEK INDUSTRIES LTD,1298.0,1350.0,1275.0,1344.9,1298.4,3.58,1190,1600431.03
2026-09-11,TRANSWORLD,BE,INE757B01015,TRANSWORLD SHIP LINES LTD,165.0,165.0,163.0,165.0,164.64,0.22,2369,390885.0
2026-09-11,TVVISION,BE,INE871L01013,TV VISION LIMITED,2.74,2.74,2.74,2.74,2.88,-4.86,67680,185443.2
2026-09-11,UCAL,BE,INE139B01016,UCAL LIMITED,144.6,145.99,139.51,143.43,145.8,-1.63,20280,2908760.25
2026-09-11,UFBL,BE,INE382M01027,UNITED FOODBRANDS LIMITED,712.0,712.0,685.1,698.85,712.85,-1.96,17971,12559032.91
2026-09-11,UMAEXPORTS,BE,INE0GIU01018,UMA EXPORTS LIMITED,21.68,21.68,21.68,21.68,22.12,-1.99,7556,163814.08
2026-09-11,UNIVASTU,BE,INE562X01013,UNIVASTU INDIA LIMITED,156.1,159.9,152.5,153.0,160.3,-4.55,91258,13962474.0
2026-09-11,UNIVPHOTO,BE,INE03V001013,UNIVERSUS IMAGINGS LTD,514.25,540.4,514.15,540.15,540.5,-0.06,889,480193.37
2026-09-11,URAVIDEF,BE,INE568Z01015,URAVI DEFENCE &TECH LTD,114.0,115.0,112.7,114.0,115.0,-0.87,1441,164274.0
2026-09-11,UYFINCORP,BE,INE152C01025,U. Y. FINCORP LIMITED,19.31,20.0,19.0,19.74,19.31,2.23,105430,2081188.18
2026-09-11,VALIANTLAB,BE,INE0JWS01017,VALIANT LABORATORIES LTD,118.56,129.9,118.56,127.91,124.8,2.49,234978,30056036.84
2026-09-11,VALIANTORG,BE,INE565V01010,VALIANT ORGANICS LIMITED,364.0,396.3,358.6,396.3,377.45,4.99,133752,53005915.97
2026-09-11,VARDHACRLC,BE,INE116G01013,VARDHAMAN ACRYLICS LTD,44.9,44.9,43.55,44.06,44.25,-0.43,29672,1307348.36
2026-09-11,VCL,BE,INE098201036,VAXTEX COTFAB LIMITED,1.81,1.81,1.65,1.65,1.73,-4.62,1158740,1911920.97
2026-09-11,VELJAN,BE,INE232E01013,VELJAN DENISON LTD.,1935.0,1935.0,1875.0,1890.0,1919.4,-1.53,693,1309770.0
2026-09-11,VENUSREM,BE,INE411B01019,VENUS REMEDIES LIMITED,1618.1,1655.0,1580.0,1616.3,1624.2,-0.49,16535,26725521.31
2026-09-11,VETO,BE,INE918N01018,VETO SWITCHGEAR CABLE LTD,128.48,128.48,124.0,125.81,127.15,-1.05,17098,2151099.34
2026-09-11,VHLTD,BE,INE048C01025,VICEROY HOTELS LIMITED,120.55,120.55,116.0,118.98,119.52,-0.45,12124,1442513.56
2026-09-11,VIJIFIN,BE,INE159N01027,VIJI FINANCE LIMITED,15.62,15.62,15.62,15.62,15.93,-1.95,428405,6691686.05
2026-09-11,VIPULLTD,BE,INE946H01037,VIPUL LIMITED,12.97,12.97,12.97,12.97,13.23,-1.97,14460,187546.2
2026-09-11,VIRTUALG,BE,INE247C01023,VIRTUAL GLOBAL EDU LTD,0.45,0.45,0.43,0.45,0.43,4.65,212463,95608.35
2026-09-11,VIVIMEDLAB,BE,INE526G01021,VIVIMED LABS LIMITED,6.03,6.03,6.03,6.03,6.15,-1.95,21885,131966.55
2026-09-11,WELINV,BE,INE389K01018,WELSPUN INV & COMM LTD,2322.0,2322.0,2321.0,2322.0,2345.0,-0.98,236,547992.0
2026-09-11,AGSTRA,BZ,INE583L01014,AGS TRANSACT TECH LTD,1.93,1.94,1.86,1.89,1.9,-0.53,116502,220188.78
2026-09-11,ANKITMETAL,BZ,INE106I01010,ANKIT MET & POW LTD,1.62,1.62,1.6,1.61,1.59,1.26,7730,12445.3
2026-09-11,ANSALAPI,BZ,INE436A01026,ANSAL PROP & INFRA LTD,3.39,3.44,3.33,3.34,3.39,-1.47,18247,60944.98
2026-09-11,ARSHIYA,BZ,INE968D01022,ARSHIYA LIMITED,0.75,0.77,0.71,0.76,0.74,2.7,530220,402967.19
2026-09-11,ASTRON,BZ,INE646X01014,ASTRON PAPER BORD MIL LTD,3.0,3.06,2.9,2.94,3.0,-2.0,15823,46519.62
2026-09-11,COMPINFO,BZ,INE070C01037,COMPUAGE INFOCOM LTD,1.13,1.13,1.05,1.1,1.08,1.85,17801,19581.1
2026-09-11,DHARAN,BZ,INE278R01034,DHARAN INFRA-EPC LIMITED,0.14,0.14,0.13,0.13,0.13,0.0,5856965,761405.42
2026-09-11,FEL,BZ,INE623B01027,FUTURE ENTERPRISES LTD,0.37,0.38,0.37,0.37,0.37,0.0,265359,98182.83
2026-09-11,FELDVR,BZ,IN9623B01058,FUTURE ENTERPRISES LTD,2.14,2.14,2.1,2.12,2.14,-0.93,1916,4061.92
2026-09-11,FLFL,BZ,INE452O01016,FUT LIFESTYLE FASH LTD,1.2,1.2,1.1,1.16,1.15,0.87,44725,51881.0
2026-09-11,GENSOL,BZ,INE06H201014,GENSOL ENGINEERING LTD,17.0,17.5,17.0,17.1,17.36,-1.5,65062,1112560.22
2026-09-11,GOLDENTOBC,BZ,INE973A01010,GOLDEN TOBACCO LIMITED,24.5,25.5,24.0,25.49,24.5,4.04,2541,64770.09
2026-09-11,HDIL,BZ,INE191I01012,HOUSING DEV & INFRA LTD,1.54,1.54,1.45,1.47,1.49,-1.34,139042,204391.74
2026-09-11,HMT,BZ,INE262A01018,HMT LTD -,63.99,63.99,62.5,63.36,63.91,-0.86,10153,643294.09
2026-09-11,IL&FSENGG,BZ,INE369I01014,IL&FS ENG AND CONS CO LTD,37.65,39.9,37.5,38.54,39.09,-1.41,62188,2396725.58
2026-09-11,IL&FSTRANS,BZ,INE975G01012,IL&FS TRANS NET LTD,2.03,2.06,1.96,2.01,2.03,-0.99,75974,152707.74
2026-09-11,IMPEXFERRO,BZ,INE691G01015,IMPEX FERRO TECH LIMITED,5.18,5.18,5.18,5.18,5.08,1.97,85364,442185.51
2026-09-11,LAKPRE,BZ,INE651C01018,LAKSHMI PRE SCRE LTD,5.78,6.0,5.44,6.0,5.72,4.9,7383,44298.0
2026-09-11,MEP,BZ,INE776I01010,MEP INFRA. DEVELOPERS LTD,0.67,0.68,0.66,0.67,0.67,0.0,40037,26824.79
2026-09-11,RAJESHEXPO,BZ,INE343B01030,RAJESH EXPORTS LTD,80.0,80.48,78.0,78.3,79.35,-1.32,81802,6405096.85
2026-09-11,RHFL,BZ,INE217K01011,RELIANCE HOME FINANCE LTD,1.8,1.89,1.78,1.87,1.8,3.89,1398093,2614433.92
2026-09-11,SANWARIA,BZ,INE890C01046,SANWARIA CONSUMER LIMITED,0.19,0.2,0.18,0.19,0.19,0.0,549342,104374.98
2026-09-11,SETUINFRA,BZ,INE023M01027,SETUBANDHAN INFRA LTD,0.7,0.7,0.64,0.66,0.67,-1.49,348843,230236.39
2026-09-11,SHRENIK,BZ,INE632X01030,SHRENIK LIMITED,0.3,0.3,0.29,0.29,0.29,0.0,332272,96358.88
2026-09-11,SIMBHALS,BZ,INE748T01016,SIMBHAOLI SUGARS LTD.,7.07,7.07,7.07,7.07,7.21,-1.94,3762,26597.34
2026-09-11,SITINET,BZ,INE965H01011,SITI NETWORKS LIMITED,0.29,0.29,0.27,0.27,0.28,-3.57,238231,64322.37
2026-09-11,SUPREMEENG,BZ,INE319Z01021,SUPREME ENGINEERING LTD,3.33,3.33,3.32,3.33,3.27,1.83,2178546,7254558.01
2026-09-11,20MICRONS,EQ,INE144J01027,20 MICRONS LTD,211.75,211.75,204.01,207.86,211.87,-1.89,163867,34061394.72
2026-09-11,21STCENMGM,EQ,INE253B01015,21ST CENTURY MGMT SERVICE,38.97,38.97,38.25,38.39,38.97,-1.49,528,20269.92
2026-09-11,360ONE,EQ,INE466L01038,360 ONE WAM LIMITED,1089.7,1098.3,1065.6,1091.0,1094.9,-0.36,835305,911317755.0
2026-09-11,3BBLACKBIO,EQ,INE994E01018,3B BLACKBIO DX LTD.,1442.0,1448.3,1389.0,1419.9,1443.3,-1.62,19596,27824360.88
2026-09-11,3MINDIA,EQ,INE470A01017,3M INDIA LIMITED,32410.0,32865.0,32400.0,32710.0,32800.0,-0.27,1598,52270580.0
2026-09-11,3PLAND,EQ,INE105C01023,3P LAND HOLDINGS LIMITED,32.0,32.0,28.51,31.24,32.0,-2.38,18145,566849.8
2026-09-11,5PAISA,EQ,INE618L01018,5PAISA CAPITAL LIMITED,330.0,331.8,322.35,326.55,332.5,-1.79,38072,12432411.14
2026-09-11,63MOONS,EQ,INE111B01023,63 MOONS TECHNOLOGIES LTD,880.0,945.0,861.3,908.9,886.35,2.54,1336886,1215095718.04
2026-09-11,A2ZINFRA,EQ,INE619I01012,A2Z INFRA ENGINEERING LTD,15.09,15.35,14.81,15.33,14.92,2.75,74902,1148247.65
2026-09-11,AAATECH,EQ,INE0D0U01013,AAA TECHNOLOGIES LIMITED,92.92,92.92,91.05,91.88,92.77,-0.96,7375,677614.98
2026-09-11,AADHARHFC,EQ,INE883F01010,AADHAR HOUSING FINANCE L,460.5,460.75,452.0,456.8,462.7,-1.28,197994,90443656.78
2026-09-11,AAKASH,EQ,INE087Z01024,AAKASH EXPLORATION SER L,9.15,9.4,9.04,9.1,9.14,-0.44,134797,1226652.75
2026-09-11,AAREYDRUGS,EQ,INE198H01019,AAREY DRUGS & PHARM LTD,95.71,100.3,94.92,98.89,95.71,3.32,369808,36570312.89
2026-09-11,AARON,EQ,INE721Z01010,AARON INDUSTRIES LIMITED,137.0,137.0,121.16,126.94,136.95,-7.31,34810,4418781.48
2026-09-11,AARTIDRUGS,EQ,INE767A01016,AARTI DRUGS LTD.,437.0,444.0,426.15,428.5,437.0,-1.95,173089,74168636.5
2026-09-11,AARTIIND,EQ,INE769A01020,AARTI INDUSTRIES LTD,503.0,503.0,490.05,492.7,504.05,-2.25,592348,291849866.83
2026-09-11,AARTIPHARM,EQ,INE0LRU01027,AARTI PHARMALABS LIMITED,814.0,833.0,814.0,826.95,825.75,0.15,268696,222198160.48
2026-09-11,AARVI,EQ,INE754X01016,AARVI ENCON LIMITED,142.0,143.11,140.7,141.85,143.11,-0.88,12981,1841354.93
2026-09-11,AASTHA,EQ,INE2FMX01012,AASTHA SPINTEX LIMITED,79.34,79.34,77.0,78.43,79.29,-1.08,179977,14115596.16
2026-09-11,AAVAS,EQ,INE216P01012,AAVAS FINANCIERS LIMITED,1282.3,1284.9,1256.6,1275.1,1286.1,-0.86,59394,75733287.95
2026-09-11,ABANSENT,EQ,INE365O01028,ABANS ENTERPRISES LTD.,27.91,28.37,27.43,28.09,27.78,1.12,7373,207107.57
2026-09-11,ABB,EQ,INE117A01022,ABB INDIA LIMITED,7294.0,7324.0,7173.0,7274.0,7329.0,-0.75,192422,1399677628.0
2026-09-11,ABBOTINDIA,EQ,INE358A01014,ABBOTT INDIA LIMITED,25260.0,25635.0,25135.0,25550.0,25260.0,1.15,9615,245663250.0
2026-09-11,ABCAPITAL,EQ,INE674K01013,ADITYA BIRLA CAPITAL LTD.,395.0,396.2,391.0,395.0,400.0,-1.25,1630117,643896215.0
2026-09-11,ABCOTS,EQ,INE08PH01015,A B COTSPIN INDIA LIMITED,211.0,211.0,201.6,203.06,205.55,-1.21,1253,254434.18
2026-09-11,ABDL,EQ,INE552Z01027,ALLIED BLEND N DISTILS L,601.0,636.9,599.0,632.5,611.45,3.44,563681,356528232.5
2026-09-11,ABFRL,EQ,INE647O01011,ADITYA BIRLA FASHION & RT,50.5,50.65,49.4,50.44,50.89,-0.88,4118000,207711914.34
2026-09-11,ABGSEC,EQ,INF209KC1134,BIRLASLAMC - ABGSEC,113.96,113.96,113.96,113.96,113.96,0.0,4,455.84
2026-09-11,ABLBL,EQ,INE14LE01019,ADITYA BIRLA LIFES BRAN L,83.56,83.94,82.6,83.61,84.0,-0.46,401584,33576438.49
2026-09-11,ABMKNO,EQ,INE850B01026,A B M KNOWLEDGEWARE LTD.,181.35,185.0,180.0,181.45,181.35,0.06,1407,255300.15
2026-09-11,ABREL,EQ,INE055A01016,ADITYA BIRLA REAL EST LTD,1315.1,1315.2,1276.0,1281.6,1337.4,-4.17,346175,443657871.55
2026-09-11,ABSL10BANK,EQ,INF209KC1670,BIRLASLAMC - ABSL10BANK,167.0,170.8,163.16,167.34,165.0,1.42,1397,233773.97
2026-09-11,ABSLAMC,EQ,INE404A01024,ADIT BIRL SUN LIF AMC LTD,1086.0,1116.9,1067.1,1109.9,1088.5,1.97,578949,642575509.23
2026-09-11,ABSLBANETF,EQ,INF209KB17D5,BIRLASLAMC - ABSLBANETF,57.34,58.1,57.23,58.01,57.76,0.43,69129,4010173.17
2026-09-11,ABSLLIQUID,EQ,INF209KB18T9,BIRLASLAMC - ABSLLIQUID,999.99,1000.01,999.99,1000.0,1000.0,0.0,14903,14903000.0
2026-09-11,ABSLMSCIN,EQ,INF209KC1662,BIRLASLAMC - ABSLMSCIN,29.02,29.09,28.75,28.9,28.93,-0.1,148,4277.2
2026-09-11,ABSLNN50ET,EQ,INF209KB16D7,BIRLASLAMC - ABSLNN50ET,78.0,78.61,75.22,76.15,76.61,-0.6,18690,1423243.53
2026-09-11,ABSLPSE,EQ,INF209KB19Z4,BIRLASLAMC-ABSLPSE,10.1,10.14,10.0,10.11,10.14,-0.3,127603,1290066.29
2026-09-11,ACC,EQ,INE012A01025,ACC LIMITED,1251.4,1251.7,1230.6,1246.5,1254.3,-0.62,111729,139270198.5
2026-09-11,ACCELYA,EQ,INE793A01012,ACCELYA SOLN INDIA LTD,1118.1,1120.9,1111.1,1118.4,1118.1,0.03,5762,6444220.94
2026-09-11,ACE,EQ,INE731H01025,ACTION CONST EQUIP LTD,1110.0,1134.0,1086.1,1129.0,1121.2,0.7,299344,337959376.0
2026-09-11,ACEINTEG,EQ,INE543V01017,ACE INTEGRATED SOLU. LTD.,18.47,18.47,17.16,17.62,17.89,-1.51,843,14853.66
2026-09-11,ACGL,EQ,INE451C01013,AUTOMOBILE CORPN OF GOA L,1702.0,1961.9,1702.0,1785.7,1754.6,1.77,2316,4135681.09
2026-09-11,ACI,EQ,INE128X01021,ARCHEAN CHEMICAL IND LTD,480.55,481.0,461.6,470.45,480.55,-2.1,306609,144244207.79
2026-09-11,ACL,EQ,INE666E01020,ANDHRA CEMENTS LIMITED,42.75,42.94,41.5,42.7,42.68,0.05,32848,1402609.63
2026-09-11,ACMESOLAR,EQ,INE622W01025,ACME SOLAR HOLDINGS LTD,390.05,407.9,389.6,402.3,397.25,1.27,1235415,497007439.42
2026-09-11,ACUTAAS,EQ,INE00FF01025,ACUTAAS CHEMICALS LIMITED,3488.0,3488.0,3350.0,3383.7,3451.4,-1.96,325242,1100521339.52
2026-09-11,ADANIENSOL,EQ,INE931S01010,ADANI ENERGY SOLUTION LTD,1375.0,1382.0,1364.2,1373.0,1391.9,-1.36,1154404,1584996692.0
2026-09-11,ADANIENT,EQ,INE423A01024,ADANI ENTERPRISES LIMITED,3040.0,3065.0,2999.0,3060.0,3077.2,-0.56,1815342,5554946520.0
2026-09-11,ADANIGREEN,EQ,INE364U01010,ADANI GREEN ENERGY LTD,1292.6,1302.4,1273.2,1281.3,1299.1,-1.37,997068,1277543277.08
2026-09-11,ADANIPORTS,EQ,INE742F01042,ADANI PORT & SEZ LTD,1755.0,1771.9,1750.8,1764.6,1768.0,-0.19,1674823,2955392624.91
2026-09-11,ADANIPOWER,EQ,INE814H01029,ADANI POWER LTD,212.0,212.48,208.41,209.97,213.5,-1.65,10271412,2156688390.18
2026-09-11,ADDIND,EQ,INE757C01021,ADDI INDUSTRIES LTD.,80.0,80.0,74.5,77.48,74.83,3.54,1712,132645.77
2026-09-11,ADFFOODS,EQ,INE982B01027,ADF FOODS LIMITED,270.65,271.65,267.15,269.55,274.05,-1.64,66092,17815097.79
2026-09-11,ADL,EQ,INE0CHO01012,ARCHIDPLY DECOR LIMITED,72.02,73.4,70.4,71.54,71.27,0.38,966,69107.64
2026-09-11,ADOR,EQ,INE045A01017,ADOR WELDING LTD,1633.9,1633.9,1579.4,1603.7,1623.4,-1.21,30109,48285801.83
2026-09-11,ADROITINFO,EQ,INE737B01033,ADROIT INFOTECH LIMITED,11.23,11.3,10.66,11.02,10.87,1.38,20102,221524.05
2026-09-11,ADSL,EQ,INE102I01027,ALLIED DIGITAL SERV. LTD,98.38,101.0,97.05,100.21,98.54,1.69,98156,9836212.67
2026-09-11,ADVAIT,EQ,INE0ALI01010,ADVAIT ENRGY TRANSITION L,2026.0,2086.7,2014.4,2065.0,2057.6,0.36,34152,70523880.0
2026-09-11,ADVANCE,EQ,INE1B0W01010,ADVANCE AGROLIFE LIMITED,119.03,119.03,116.62,117.85,119.03,-0.99,65560,7726245.9
2026-09-11,ADVANIHOTR,EQ,INE199C01026,ADVANI HOT.& RES.(I) LTD,48.99,50.0,48.0,49.18,48.43,1.55,16431,808076.59
2026-09-11,ADVENTHTL,EQ,INE28GN01010,ADVENT HOTELS INTERNATI L,132.0,132.0,127.0,128.56,132.39,-2.89,108834,13991698.77
2026-09-11,ADVENZYMES,EQ,INE837H01020,ADVANCED ENZYME TECH LTD,303.35,303.35,292.0,293.4,303.35,-3.28,216076,63396697.08
2026-09-11,ADVIKCA,EQ,INE178T01024,ADVIK CAPITAL LTD.,1.05,1.05,0.91,1.02,1.04,-1.92,603812,615888.23
2026-09-11,AEGISLOG,EQ,INE208C01025,AEGIS LOGISTICS LIMITED,1311.1,1364.6,1287.7,1353.6,1307.6,3.52,1216825,1647094290.29
2026-09-11,AEGISVOPAK,EQ,INE0INX01018,AEGIS VOPAK TERMINALS LTD,289.6,298.4,281.3,295.1,291.85,1.11,1776446,524229225.44
2026-09-11,AEPL,EQ,INE757T01025,ARTEMIS ELECTRICALS & P L,18.48,18.48,17.0,17.21,17.56,-1.99,27690,476544.87
2026-09-11,AEQUS,EQ,INE947N01017,AEQUS LIMITED,228.1,228.9,222.11,225.97,229.96,-1.74,2450720,553789201.39
2026-09-11,AEROENTER,EQ,INE065D01027,AEROFLEX ENTERPRISES LTD,133.6,139.0,130.54,137.09,135.01,1.54,981278,134523397.43
2026-09-11,AEROFLEX,EQ,INE024001021,AEROFLEX INDUSTRIES LTD,560.0,569.5,545.25,563.95,564.2,-0.04,1042637,587995148.88
2026-09-11,AERONEU,EQ,INE035801013,AEROFLEX NEU LIMITED,69.5,72.76,68.35,68.76,70.03,-1.81,81254,5587025.21
2026-09-11,AEROPLANE,EQ,INE05TO01019,AMIR CHAND JAG KUM (E) L,206.98,207.5,196.56,205.13,206.9,-0.86,4850211,994923806.11
2026-09-11,AETHER,EQ,INE0BWX01014,AETHER INDUSTRIES LIMITED,1629.9,1691.5,1600.1,1674.7,1640.3,2.1,352268,589943202.4
2026-09-11,AFCONS,EQ,INE101I01011,AFCONS INFRASTRUCTURE LTD,262.3,263.75,249.0,253.8,260.85,-2.7,1849652,469441683.24
2026-09-11,AFFLE,EQ,INE00WC01027,AFFLE 3I LIMITED,1583.1,1586.2,1558.5,1567.6,1594.0,-1.66,89489,140282954.22
2026-09-11,AFFORDABLE,EQ,INE692Z01013,AFFORD ROBO & AUTO LTD,165.9,165.9,157.9,159.88,162.34,-1.52,15027,2402516.83
2026-09-11,AFIL,EQ,INE916Y01027,AKME FINTRADE (INDIA) LTD,8.9,9.1,8.8,8.92,8.94,-0.22,234271,2089697.34
2026-09-11,AFSL,EQ,INE00ZE01026,ABANS FINANCIAL SRVCS LTD,201.5,201.9,201.0,201.0,201.27,-0.13,28715,5771715.0
2026-09-11,AGARIND,EQ,INE204E01012,AGARWAL INDS CORP LTD.,428.8,434.5,421.0,431.75,433.85,-0.48,45584,19680892.0
2026-09-11,AGARWALEYE,EQ,INE943P01029,DR AGARWALS HEALTH CARE L,503.0,511.85,493.25,508.4,508.35,0.01,183331,93205479.28
2026-09-11,AGI,EQ,INE415A01038,AGI GREENPAC LIMITED,778.0,778.0,756.0,762.65,778.05,-1.98,80322,61257575.26
2026-09-11,AGIIL,EQ,INE976R01033,AGI INFRA LIMITED,275.0,275.2,271.0,272.95,276.7,-1.36,223061,60884502.67
2026-09-11,AGL,EQ,INE1YPB01014,ALLCARGO GLOBAL LIMITED,15.32,15.69,15.0,15.13,15.51,-2.45,3154038,47720595.3
2026-09-11,AGRITECH,EQ,INE449G01018,AGRI-TECH (INDIA) LIMITED,100.72,100.72,99.0,99.84,99.08,0.77,851,84963.84
2026-09-11,AGROPHOS,EQ,INE740V01019,AGRO PHOS INDIA LIMITED,23.79,23.8,23.0,23.5,23.37,0.56,18506,434891.0
2026-09-11,AHCL,EQ,INE0Y8W01025,ANLON HEALTHCARE LIMITED,17.73,20.0,17.54,19.57,17.54,11.57,150749037,2950158608.09
2026-09-11,AHLADA,EQ,INE00PV01013,AHLADA ENGINEERS LIMITED,35.48,36.0,34.8,35.06,35.29,-0.65,20179,707475.77
2026-09-11,AHLEAST,EQ,INE926K01017,ASIAN HOTELS (EAST) LTD,136.01,136.01,133.0,133.95,135.85,-1.4,2151,288126.44
2026-09-11,AHLUCONT,EQ,INE758C01029,AHLUWALIA CONT IND LTD,587.0,605.9,582.65,601.0,592.3,1.47,57589,34610989.0
2026-09-11,AIAENG,EQ,INE212H01026,AIA ENGINEERING LIMITED,4116.3,4125.9,4055.6,4096.6,4116.3,-0.48,18371,75258640.39
2026-09-11,AIIL,EQ,INE206F01022,AUTHUM INVEST & INFRA LTD,508.0,558.0,503.0,544.35,512.3,6.26,5994616,3263169073.25
2026-09-11,AIRAN,EQ,INE645W01026,AIRAN LIMITED,16.62,17.36,16.5,17.13,17.04,0.53,109228,1871075.55
2026-09-11,AIROLAM,EQ,INE801L01010,AIRO LAM LIMITED,87.95,87.95,83.98,84.25,85.37,-1.31,1901,160159.25
2026-09-11,AJANTPHARM,EQ,INE031B01049,AJANTA PHARMA LIMITED,3516.0,3560.0,3460.0,3533.4,3520.0,0.38,45547,160935765.35
2026-09-11,AJAXENGG,EQ,INE274Y01021,AJAX ENGINEERING LIMITED,588.0,595.0,576.0,590.6,589.5,0.19,71818,42415709.05
2026-09-11,AJMERA,EQ,INE298G01035,AJMERA REALTY & INF I LTD,116.5,118.15,114.66,116.75,118.74,-1.68,411339,48023828.25
2026-09-11,AJOONI,EQ,INE820Y01021,AJOONI BIOTECH LIMITED,3.46,3.52,3.4,3.47,3.5,-0.86,416976,1446906.73
2026-09-11,AKASH,EQ,INE737W01013,AKASH INFRA-PROJECTS LTD,24.87,25.48,24.79,24.86,24.88,-0.08,5123,127357.78
2026-09-11,AKCAPIT,EQ,INE701G01012,A K CAPITAL SERVICES LTD.,1697.9,1744.9,1686.0,1708.4,1702.5,0.35,887,1515350.82
2026-09-11,AKG,EQ,INE00Y801016,AKG EXIM LIMITED,10.72,10.75,10.13,10.61,10.73,-1.12,23492,249250.11
2026-09-11,AKSHAR,EQ,INE256Z01025,AKSHAR SPINTEX LIMITED,0.42,0.43,0.41,0.41,0.42,-2.38,895612,367200.92
2026-09-11,AKUMS,EQ,INE09XN01023,AKUMS DRUGS AND PHARMA L,753.0,784.4,740.5,776.35,749.65,3.56,398725,309550144.02
2026-09-11,ALANKIT,EQ,INE914E01040,ALANKIT LIMITED,8.15,8.18,7.5,7.91,8.01,-1.25,185587,1467993.14
2026-09-11,ALBERTDAVD,EQ,INE155C01010,ALBERT DAVID LIMITED,847.65,850.45,835.5,844.35,850.0,-0.66,2805,2368401.68
2026-09-11,ALEMBICLTD,EQ,INE426A01027,ALEMBIC LIMITED,105.32,105.9,103.14,104.33,106.5,-2.04,698680,72893285.68
2026-09-11,ALFREDHE,EQ,INE782D01027,ALFRED HERBERT INDIA L,2830.0,2979.9,2775.5,2845.0,2900.0,-1.9,125,355625.0
2026-09-11,ALGOQUANT,EQ,INE598D01035,ALGOQUANT FINTECH LIMITED,63.63,65.55,63.5,64.61,63.94,1.05,1630807,105366441.27
2026-09-11,ALICON,EQ,INE062D01024,ALICON CASTALLOY LIMITED,731.4,743.85,712.4,733.4,740.6,-0.97,18905,13864927.46
2026-09-11,ALIVUS,EQ,INE03Q201024,ALIVUS LIFE SCIENCES LTD,1385.0,1398.1,1376.1,1386.8,1390.2,-0.24,74367,103132159.23
2026-09-11,ALKALI,EQ,INE773I01017,ALKALI METALS LTD,77.61,78.78,75.2,77.25,79.19,-2.45,19801,1529627.25
2026-09-11,ALKEM,EQ,INE540L01014,ALKEM LABORATORIES LTD.,5122.0,5128.0,5051.0,5087.5,5138.0,-0.98,238760,1214691500.0
2026-09-11,ALKYLAMINE,EQ,INE150B01039,ALKYL AMINES CHEM. LTD,1920.3,1920.3,1859.1,1867.5,1920.3,-2.75,67897,126797647.5
2026-09-11,ALLCARGO,EQ,INE418H01029,ALLCARGO LOGISTICS LTD,12.2,12.31,12.0,12.16,12.26,-0.82,10086572,122652713.98
2026-09-11,ALLDIGI,EQ,INE835G01018,ALLDIGI TECH LIMITED,802.7,802.7,795.15,797.3,802.7,-0.67,1925,1534802.48
2026-09-11,ALLTIME,EQ,INE0GV601021,ALL TIME PLASTICS LIMITED,209.9,225.76,200.0,221.15,210.16,5.23,431750,95481509.86
2026-09-11,ALMONDZ,EQ,INE326B01035,ALMONDZ GLOBAL SEC LTD,19.54,19.6,19.0,19.13,19.54,-2.1,165677,3169400.87
2026-09-11,ALOKINDS,EQ,INE270A01029,ALOK INDUSTRIES LIMITED,7.4,7.41,7.25,7.36,7.4,-0.54,13200683,97157028.64
2026-09-11,ALPA,EQ,INE385I01010,ALPA LABORATORIES LTD,62.93,63.2,61.0,61.69,62.62,-1.49,10634,656011.45
2026-09-11,ALPHA,EQ,INF174KA1IA5,KOTAKMAMC - KOTAKALPHA,54.74,54.74,53.0,54.06,54.27,-0.39,1159861,62702087.25
2026-09-11,ALPHAETF,EQ,INF769K01KU7,MIRAEAMC - ALPHAETF,26.55,26.56,26.13,26.49,26.57,-0.3,253862,6724804.32
2026-09-11,ALPINETEX,EQ,INE1JCQ01037,ALPINE TEXWORLD LIMITED,58.5,58.5,56.35,57.13,58.22,-1.87,94740,5412496.3
2026-09-11,ALPL30IETF,EQ,INF109KC17V7,ICICIPRAMC - ICICIALPLV,27.37,27.37,27.07,27.25,27.37,-0.44,122468,3337253.0
2026-09-11,ALUFLUOR,EQ,INE058F01019,ALUFLUORIDE LTD.,484.05,499.0,484.05,487.4,497.15,-1.96,8607,4195051.75
2026-09-11,AMAGI,EQ,INE121R01077,AMAGI MEDIA LABS LIMITED,571.0,586.0,562.75,578.35,572.05,1.1,380967,220332255.15
2026-09-11,AMAL,EQ,INE841D01013,AMAL LTD.,748.8,751.1,730.6,738.7,760.6,-2.88,8186,6046998.3
2026-09-11,AMARJOTHI,EQ,INE484D01012,AMARJOTHI SPINNING MILL L,151.6,154.95,148.01,150.14,152.36,-1.46,4782,717969.48
2026-09-11,AMBER,EQ,INE371P01015,AMBER ENTERPRISES (I) LTD,7261.0,7261.0,7125.5,7245.0,7280.0,-0.48,111991,811374795.0
2026-09-11,AMBICAAGAR,EQ,INE792B01012,AMBICA AGAR & AROMAINDLTD,25.5,26.29,24.75,24.99,25.49,-1.96,21404,534885.96
2026-09-11,AMBIKCO,EQ,INE540G01014,AMBIKA COTTON MILL LTD.,1606.0,1614.9,1588.6,1593.1,1606.9,-0.86,15561,24790228.72
2026-09-11,AMBUJACEM,EQ,INE079A01024,AMBUJA CEMENTS LTD,393.0,393.55,387.65,391.85,395.6,-0.95,1311052,513735734.2
2026-09-11,AMJLAND,EQ,INE606A01024,AMJ LAND HOLDINGS LIMITED,38.99,39.0,37.4,38.56,38.32,0.63,8003,308595.69
2026-09-11,AMNPLST,EQ,INE275D01022,AMINES & PLASTICIZERS LTD,169.95,169.95,164.0,165.26,167.92,-1.58,1476,243923.75
2026-09-11,AMRUTANJAN,EQ,INE098F01031,AMRUTAJAN HEALTH LTD,492.0,498.0,485.05,490.95,493.25,-0.47,73521,36095135.85
2026-09-11,ANANDRATHI,EQ,INE463V01026,ANAND RATHI WEALTH LTD,2180.1,2219.0,2180.1,2211.0,2202.5,0.39,175283,387550713.0
2026-09-11,ANANTRAJ,EQ,INE242C01024,ANANT RAJ LIMITED,602.0,604.45,585.05,598.35,608.85,-1.72,2041960,1221806716.15
2026-09-11,ANDHRAPAP,EQ,INE435A01051,ANDHRA PAPER LIMITED,72.5,73.95,70.84,73.36,72.58,1.07,1705341,125103816.8
2026-09-11,ANDHRSUGAR,EQ,INE715B01021,ANDHRA SUGARS LTD,96.5,97.39,93.97,96.38,96.5,-0.12,486239,46863713.48
2026-09-11,ANDREWYU,EQ,INE449C01025,ANDREW YULE & CO. LTD.,27.2,27.2,25.81,26.24,26.77,-1.98,64991,1705363.83
2026-09-11,ANGELONE,EQ,INE732I01021,ANGEL ONE LIMITED,295.0,307.4,289.05,305.0,297.3,2.59,5942668,1812513740.0
2026-09-11,ANIKINDS,EQ,INE087B01017,ANIK INDUSTRIES LTD,46.0,46.0,43.11,44.66,44.39,0.61,1140,50912.4
2026-09-11,ANNAPURNA,EQ,INE0MGM01017,ANNAPURNA SWADISHT LTD,135.72,138.9,132.21,137.95,135.03,2.16,32222,4445024.8
2026-09-11,ANNU,EQ,INE103001017,ANNU PROJECTS LIMITED,59.09,59.7,58.35,58.35,61.42,-5.0,291772,17024895.75
2026-09-11,ANSALBU,EQ,INE030C01015,ANSAL BUILDWELL LTD.,81.7,82.51,81.0,82.0,80.9,1.36,276,22632.0
2026-09-11,ANTELOPUS,EQ,INE818A01017,ANTELOPUS SELAN ENRGY LTD,1118.0,1200.0,1114.15,1139.35,1124.1,1.36,4164751,4745108950.17
2026-09-11,ANTGRAPHIC,EQ,INE414B01021,ANTARCTICA LTD,0.74,0.77,0.72,0.75,0.72,4.17,305036,228777.0
2026-09-11,ANTHEM,EQ,INE0CZ201020,ANTHEM BIOSCIENCES LTD,938.1,952.0,932.7,940.9,942.3,-0.15,844305,794406595.11
2026-09-11,ANUHPHR,EQ,INE489G01022,ANUH PHARMA LIMITED,91.2,95.88,90.79,94.86,91.21,4.0,222204,21078271.58
2026-09-11,ANUP,EQ,INE294Z01018,THE ANUP ENGINEERING LTD,1703.6,1708.0,1650.0,1664.3,1719.4,-3.2,34067,56697709.76
2026-09-11,ANURAS,EQ,INE930P01018,ANUPAM RASAYAN INDIA LTD,1232.5,1232.6,1205.0,1219.4,1231.1,-0.95,418693,510554254.42
2026-09-11,AONEGOLD,EQ,INF1J2R01114,AONEAMC - AONEGOLD,14.19,14.21,13.97,14.15,14.24,-0.63,480448,6798339.02
2026-09-11,AONELIQUID,EQ,INF1J2R01056,AONEAMC - AONELIQUID,1076.74,1076.76,1076.72,1076.74,1076.19,0.05,8190,8818500.52
2026-09-11,AONENIFTY,EQ,INF1J2R01064,AONEAMC - AONENIFTY,9.92,9.92,9.59,9.71,9.68,0.31,209232,2031642.73
2026-09-11,AONESILVER,EQ,INF1J2R01171,AONEAMC - AONESILVER,8.82,8.82,8.55,8.7,8.91,-2.36,630579,5486037.18
2026-09-11,AONETMMQ50,EQ,INF1J2R01148,AONEAMC - AONETMMQ50,10.58,10.58,10.2,10.34,10.37,-0.29,28404,293697.36
2026-09-11,AONETOTAL,EQ,INF1J2R01015,AONEAMC - AONETOTAL,11.95,11.95,10.74,11.7,11.72,-0.17,418828,4900287.52
2026-09-11,APARINDS,EQ,INE372A01015,APAR INDUSTRIES LTD.,17200.0,17558.0,16686.0,17500.0,17342.0,0.91,169196,2960930000.0
2026-09-11,APCL,EQ,INE071F01012,ANJANI PORTLAND CEM LTD,100.0,100.0,97.5,98.16,98.61,-0.46,3681,361326.97
2026-09-11,APCOTEXIND,EQ,INE116A01032,APCOTEX INDUSTRIES LIMITE,603.8,604.55,590.0,601.15,603.8,-0.44,92249,55455488.6
2026-09-11,APEX,EQ,INE346W01013,APEX FROZEN FOODS LIMITED,370.5,371.95,366.25,368.5,374.7,-1.65,64885,23910122.5
2026-09-11,APLAPOLLO,EQ,INE702C01027,APL APOLLO TUBES LTD,2176.2,2176.2,2109.8,2153.5,2194.8,-1.88,591497,1273788789.5
2026-09-11,APLLTD,EQ,INE901L01018,ALEMBIC PHARMA LTD,806.0,822.0,799.2,810.95,816.4,-0.67,118504,96100820.25
2026-09-11,APOLLO,EQ,INE713T01028,APOLLO MICRO SYSTEMS LTD,411.0,423.5,409.55,422.25,413.2,2.19,7751875,3273229218.75
2026-09-11,APOLLOHOSP,EQ,INE437A01024,APOLLO HOSPITALS ENTER. L,8806.0,8950.0,8806.0,8836.0,8900.0,-0.72,207930,1837269480.0
2026-09-11,APOLLOPIPE,EQ,INE126J01016,APOLLO PIPES LIMITED,569.35,569.35,550.0,554.9,569.35,-2.54,328830,182467775.03
2026-09-11,APOLLOTYRE,EQ,INE438A01022,APOLLO TYRES LTD,413.95,419.45,410.0,417.65,419.55,-0.45,260936,108979918.81
2026-09-11,APOLSINHOT,EQ,INE451F01024,APOLLO SINDOORI HOTEL LTD,1208.3,1237.7,1181.0,1226.7,1228.9,-0.18,1813,2224007.01
2026-09-11,APOORVA,EQ,INE217S01014,APOORVA LEAS F & INV C L,26.58,27.88,26.43,27.63,26.56,4.03,135,3730.05
2026-09-11,APTUS,EQ,INE852O01025,APTUS VALUE HSG FIN I LTD,250.02,251.2,245.5,249.11,252.2,-1.23,1138103,283512839.02
2026-09-11,AQYLON,EQ,INE416A01051,AQYLON NEXUS LIMITED,21.8,22.34,20.89,21.24,21.88,-2.93,515179,10942401.84
2026-09-11,ARCHIDPLY,EQ,INE877I01016,ARCHIDPLY IND. LTD,100.5,102.99,98.16,101.96,100.5,1.45,21936,2236594.54
2026-09-11,ARCHIES,EQ,INE731A01020,ARCHIES LTD,12.52,12.65,12.06,12.19,12.52,-2.64,47987,584961.51
2026-09-11,ARCL,EQ,INE372M01010,ARCL ORGANICS LTD.,240.0,249.9,235.0,249.9,238.0,5.0,3115,778438.48
2026-09-11,ARDEE,EQ,INE0XNF01022,ARDEE INDUSTRIES LIMITED,52.0,52.5,50.48,50.91,52.62,-3.25,4081585,207793491.73
2026-09-11,ARE&M,EQ,INE885A01032,AMARA RAJA ENERGY MOB LTD,815.2,816.4,803.75,813.9,819.2,-0.65,385804,314005885.02
2026-09-11,ARENTERP,EQ,INE610C01014,RAJDARSHAN INDUSTRIES LTD,33.4,33.4,32.6,33.34,32.6,2.27,517,17236.78
2026-09-11,ARFIN,EQ,INE784R01023,ARFIN INDIA LIMITED,88.0,88.61,85.14,85.98,88.07,-2.37,791089,68017834.88
2026-09-11,ARIHANT,EQ,INE413D01011,ARIHANT FOUN & HOU LTD,899.35,899.4,885.0,887.75,883.35,0.5,3002,2665025.5
2026-09-11,ARIHANTCAP,EQ,INE420B01036,ARIHANT CAPITAL MKTS LTD,76.0,79.44,74.52,79.0,76.47,3.31,273519,21608001.0
2026-09-11,ARIHANTSUP,EQ,INE643K01018,ARIHANT SUPERSTRUCT LTD,222.4,222.4,215.0,218.45,219.65,-0.55,2989,652947.04
2026-09-11,ARIS,EQ,INE0H9P01028,ARISINFRA SOLUTIONS LTD,126.06,127.0,122.0,125.46,126.98,-1.2,1150625,144357411.45
2026-09-11,ARKADE,EQ,INE0QRL01017,ARKADE DEVELOPERS LIMITED,123.24,123.85,120.0,122.03,122.94,-0.74,241772,29503436.86
2026-09-11,ARMANFIN,EQ,INE109C01017,ARMAN FIN SERV LTD,2000.6,2024.0,1960.5,2011.3,2036.5,-1.24,13661,27476369.97
2026-09-11,AROGRANITE,EQ,INE210C01013,ARO GRANITE IND. LTD.,23.6,24.82,23.0,23.38,24.19,-3.35,13819,323088.21
2026-09-11,ARROWGREEN,EQ,INE570D01018,ARROW GREENTECH LIMITED,782.0,818.95,780.0,813.0,791.7,2.69,19342,15725046.0
2026-09-11,ARSSBL,EQ,INE549H01021,ANAND RATHI SH N STK BR L,500.1,501.0,488.0,490.25,502.05,-2.35,176505,86531576.25
2026-09-11,ARTEMISMED,EQ,INE025R01021,ARTEMIS MED SERVICE LTD,348.55,351.8,339.7,344.9,348.55,-1.05,347172,119739620.68
2026-09-11,ARTNIRMAN,EQ,INE738V01013,ART NIRMAN LIMITED,40.06,40.06,38.0,39.92,39.87,0.13,2071,82674.32
2026-09-11,ARVEE,EQ,INE006Z01016,ARVEE LABORATORIES I LTD,195.0,195.0,176.5,180.69,195.25,-7.46,7318,1322289.44
2026-09-11,ARVIND,EQ,INE034A01011,ARVIND LIMITED,564.0,579.7,552.3,575.1,569.8,0.93,470791,270751892.61
2026-09-11,ARVINDFASN,EQ,INE955V01021,ARVIND FASHIONS LIMITED,450.0,453.95,441.7,446.5,453.4,-1.52,629613,281122204.5
2026-09-11,ARVSMART,EQ,INE034S01021,ARVIND SMARTSPACES LTD,595.45,602.9,585.15,598.05,597.05,0.17,60418,36132984.16
2026-09-11,ARYAMAN,EQ,INE032E01017,ARYAMAN FINANCIAL SERV L,635.0,635.0,615.0,635.0,625.0,1.6,112,71120.0
2026-09-11,ASAHIINDIA,EQ,INE439A01020,ASAHI INDIA GLASS LIMITED,976.0,992.5,963.6,985.8,976.2,0.98,205299,202383751.69
2026-09-11,ASAL,EQ,INE900C01027,AUTOMOTIVE STAMPINGS & AS,465.5,465.5,458.5,462.4,466.55,-0.89,6191,2862718.36
2026-09-11,ASALCBR,EQ,INE073G01016,ASSO ALCOHOLS & BREW LTD,694.0,694.0,675.0,676.7,698.25,-3.09,47216,31951067.78
2026-09-11,ASHAPURMIN,EQ,INE348A01023,ASHAPURA MINECHEM LTD,538.05,549.0,528.3,542.9,542.05,0.16,332067,180279182.41
2026-09-11,ASHIANA,EQ,INE365D01021,ASHIANA HOUSING LTD,346.0,349.75,340.0,346.75,347.9,-0.33,26317,9125419.75
2026-09-11,ASHIMASYN,EQ,INE440A01010,ASHIMA LTD,17.0,17.0,16.36,16.61,17.08,-2.75,88813,1475183.98
2026-09-11,ASHOKA,EQ,INE442H01029,ASHOKA BUILDCON LTD,112.0,114.24,111.15,113.86,113.53,0.29,682933,77758751.8
2026-09-11,ASHOKAMET,EQ,INE760Y01011,ASHOKA METCAST LIMITED,14.54,17.2,14.01,17.2,14.34,19.94,1455188,25029234.71
2026-09-11,ASHOKLEY,EQ,INE208A01029,ASHOK LEYLAND LTD,163.8,165.04,160.0,163.75,166.12,-1.43,19044403,3118520991.25
2026-09-11,ASIANENE,EQ,INE276G01015,ASIAN ENERGY SERVICES LTD,530.0,553.55,523.5,535.1,533.95,0.22,492430,263499280.98
2026-09-11,ASIANHOTNR,EQ,INE363A01022,ASIAN HOTELS (NORTH) LTD,384.6,404.0,370.1,378.8,382.15,-0.88,26340,9977591.68
2026-09-11,ASIANPAINT,EQ,INE021A01026,ASIAN PAINTS LIMITED,2453.2,2472.5,2442.8,2472.5,2498.1,-1.02,653006,1614557335.0
2026-09-11,ASIANTILES,EQ,INE022I01019,ASIAN GRANITO IND. LTD.,50.3,50.95,48.77,50.34,50.39,-0.1,5492697,276502367.82
2026-09-11,ASIANTNE,EQ,INE822B01017,ASIAN TEA & EXPORTS LTD.,9.46,9.85,9.22,9.25,9.23,0.22,1124,10397.0
2026-09-11,ASKAUTOLTD,EQ,INE491J01022,ASK AUTOMOTIVE LIMITED,621.7,632.85,612.05,624.55,622.4,0.35,129770,81047851.92
2026-09-11,ASPINWALL,EQ,INE991I01015,ASPINWALL & CO LTD,250.15,265.9,239.2,260.5,250.15,4.14,4219,1099049.5
2026-09-11,ASSAMENT,EQ,INE165G01010,ASSAM ENTRADE LIMITED,826.95,826.95,826.95,826.95,826.95,0.0,0,0.0
2026-09-11,ASTAR,EQ,INE194D01017,ASIAN STAR CO. LTD.,595.0,595.0,565.0,583.0,587.75,-0.81,172,100276.0
2026-09-11,ASTEC,EQ,INE563J01010,ASTEC LIFESCIENCES LTD,716.0,722.4,694.0,699.8,715.8,-2.24,83837,58669131.58
2026-09-11,ASTERDM,EQ,INE914M01019,ASTER DM QUALITY CARE LTD,761.0,770.9,757.55,763.05,766.5,-0.45,600395,458131397.42
2026-09-11,ASTRAL,EQ,INE006I01046,ASTRAL LIMITED,1452.0,1456.0,1402.5,1411.4,1459.0,-3.26,872167,1230976525.09
2026-09-11,ASTRAMICRO,EQ,INE386C01029,ASTRA MICROWAVE LTD,1691.9,1695.0,1656.1,1680.6,1696.8,-0.95,200377,336753581.31
2026-09-11,ASTRAZEN,EQ,INE203A01020,ASTRAZENECA PHARMA IND LT,6880.0,6880.0,6750.0,6764.5,6860.5,-1.4,3314,22417553.0
2026-09-11,ATALREAL,EQ,INE0ALR01029,ATAL REALTECH LIMITED,13.75,13.75,13.75,13.75,15.27,-9.95,370055,5088256.25
2026-09-11,ATAM,EQ,INE09KD01013,ATAM VALVES LIMITED,54.45,56.11,53.01,55.38,53.7,3.13,7175,397351.51
2026-09-11,ATGL,EQ,INE399L01023,ADANI TOTAL GAS LIMITED,599.5,601.45,592.5,594.8,602.7,-1.31,437058,259962093.06
2026-09-11,ATHERENERG,EQ,INE0LEZ01016,ATHER ENERGY LIMITED,1657.0,1673.5,1615.5,1656.0,1658.3,-0.14,4881695,8084086920.0
2026-09-11,ATL,EQ,INE0NN701020,ALLCARGO TERMINALS LTD,24.2,25.7,24.2,25.18,24.61,2.32,242102,6096128.43
2026-09-11,ATLANTAA,EQ,INE285H01022,ATLANTAA LIMITED,37.97,37.97,36.26,37.22,37.51,-0.77,29600,1101712.04
2026-09-11,ATLANTAELE,EQ,INE0Z4F01028,ATLANTA ELECTRICALS LTD,1798.0,1798.0,1759.0,1777.8,1805.4,-1.53,69995,124437114.42
2026-09-11,ATLASCYCLE,EQ,INE446A01025,ATLAS CYCLE (HARYANA) LTD,97.43,99.05,94.65,95.71,98.07,-2.41,26962,2580533.0
2026-09-11,ATUL,EQ,INE100A01010,ATUL LTD,6327.0,6327.0,6156.5,6244.5,6356.0,-1.75,33362,208329009.0
2026-09-11,ATULAUTO,EQ,INE951D01028,ATUL AUTO LIMITED,448.95,449.8,439.85,445.6,449.65,-0.9,59361,26451261.96
2026-09-11,AUBANK,EQ,INE949L01017,AU SMALL FINANCE BANK LTD,1052.0,1061.2,1033.2,1058.9,1054.7,0.4,1058773,1121134755.55
2026-09-11,AUGMONT,EQ,INE16W401027,AUGMONT ENTERPRISES LTD,915.0,915.0,873.7,886.15,917.5,-3.42,1169259,1036138891.4
2026-09-11,AURIONPRO,EQ,INE132H01018,AURIONPRO SOLN LTD,670.0,689.5,665.05,680.85,671.15,1.45,163921,111605608.85
2026-09-11,AUROPHARMA,EQ,INE406A01037,AUROBINDO PHARMA LTD,1666.7,1681.4,1655.5,1679.8,1668.4,0.68,494251,830242853.93
2026-09-11,AURUM,EQ,INE898S01029,AURUM PROPTECH LIMITED,218.4,226.16,218.4,224.02,220.38,1.65,74800,16756696.32
2026-09-11,AURUS,EQ,INE142K01011,AURUS GEM CORP LIMITED,4.8,4.92,4.68,4.89,4.8,1.87,14697,71868.33
2026-09-11,AUSOMENT,EQ,INE218C01016,AUSOM ENTERPRISE LIMITED,152.0,155.0,146.0,152.59,153.0,-0.27,7199,1098495.38
2026-09-11,AUSTENG,EQ,INE759F01012,AUSTIN ENGINEERING CO. L,127.04,137.0,124.2,135.29,127.04,6.49,6029,815663.37
2026-09-11,AUTOAXLES,EQ,INE449A01011,AUTOMOTIVE AXLES LIMITED,1652.2,1690.0,1650.0,1678.0,1657.9,1.21,4539,7616442.0
2026-09-11,AUTOBEES,EQ,INF204KC1337,NIPPONAMC - NETFAUTO,284.11,284.11,280.36,282.87,284.53,-0.58,170286,48168799.99
2026-09-11,AUTOIETF,EQ,INF109KC10V2,ICICIPRAMC - ICICIAUTO,28.55,29.41,28.12,28.58,28.55,0.11,608290,17384928.15
2026-09-11,AUTOIND,EQ,INE718H01014,AUTOLINE INDUSTRIES LTD,84.0,84.94,80.99,82.83,84.25,-1.69,152032,12592810.84
2026-09-11,AVADHSUGAR,EQ,INE349W01017,AVADH SUG & ENERGY LTD,788.95,812.0,763.3,769.6,794.45,-3.13,185275,142587635.48
2026-09-11,AVALON,EQ,INE0LCL01028,AVALON TECHNOLOGIES LTD,2225.0,2299.8,2188.4,2264.5,2227.0,1.68,334741,758020994.5
2026-09-11,AVANCE,EQ,INE758A01072,AVANCE TECHNOLOGIES LTD.,0.83,0.83,0.81,0.81,0.82,-1.22,3112294,2520958.15
2026-09-11,AVANTEL,EQ,INE005B01027,AVANTEL LIMITED,157.77,157.77,154.96,156.46,159.07,-1.64,782263,122392874.23
2026-09-11,AVANTIFEED,EQ,INE871C01038,AVANTI FEEDS LIMITED,809.55,809.55,795.7,798.6,815.3,-2.05,207665,165841263.93
2026-09-11,AVL,EQ,INE679V01027,ADITYA VISION LIMITED,600.0,620.0,593.8,616.45,603.55,2.14,243754,150262156.28
2026-09-11,AVONMORE,EQ,INE323B01024,AVONMORE CAP&MGT SERV LTD,14.2,14.6,13.85,14.0,14.19,-1.34,258430,3618020.0
2026-09-11,AVROIND,EQ,INE652Z01025,AVRO INDIA LIMITED,8.4,8.43,7.72,7.81,8.34,-6.35,891730,6964411.25
2026-09-11,AVTNPL,EQ,INE488D01021,AVT NATURAL PRODUCTS LTD,90.48,90.98,87.71,90.13,90.6,-0.52,180833,16298477.79
2026-09-11,AWFIS,EQ,INE108V01019,AWFIS SPACE SOLUTIONS LTD,248.5,299.45,244.1,293.2,249.6,17.47,23945553,7020836431.9
2026-09-11,AWHCL,EQ,INE01BK01022,ANTONY WASTE HDG CELL LTD,370.05,372.3,360.0,366.5,373.15,-1.78,85509,31339048.5
2026-09-11,AWL,EQ,INE699H01024,AWL AGRI BUSINESS LIMITED,185.3,185.94,181.0,185.02,185.7,-0.37,1727993,319713272.24
2026-09-11,AXISBANK,EQ,INE238A01034,AXIS BANK LIMITED,1237.9,1252.8,1229.8,1246.0,1246.0,0.0,4562285,5684607110.0
2026-09-11,AXISCADES,EQ,INE555B01013,AXISCADES TECH LTD,1864.2,1866.7,1815.0,1831.8,1869.7,-2.03,131542,240958642.02
2026-09-11,AXITA,EQ,INE02EZ01022,AXITA COTTON LIMITED,8.04,8.06,7.98,7.98,8.0,-0.25,1291259,10304246.84
2026-09-11,AXTEL,EQ,INE767C01012,AXTEL INDUSTRIES LTD.,425.5,448.0,413.0,440.2,425.1,3.55,20070,8834814.24
2026-09-11,AYE,EQ,INE501X01029,AYE FINANCE LIMITED,176.95,180.6,172.45,179.46,178.1,0.76,606572,108855415.19
2026-09-11,AYMSYNTEX,EQ,INE193B01039,AYM SYNTEX LIMITED,294.9,294.9,280.5,281.65,293.1,-3.91,93298,26277381.13
2026-09-11,AZAD,EQ,INE02IJ01035,AZAD ENGINEERING LIMITED,2744.0,2864.0,2677.8,2849.1,2773.5,2.73,454037,1293596861.04
2026-09-11,AZADIND,EQ,INE566M01017,AZAD INDIA MOBILITY LTD.,88.53,88.78,83.25,87.13,86.79,0.39,33984,2961025.83
2026-09-11,BAGFILMS,EQ,INE116D01028,B.A.G FILMS AND MEDIA LTD,4.53,4.66,4.32,4.44,4.46,-0.45,136648,606717.13
2026-09-11,BAIDFIN,EQ,INE020D01022,BAID FINSERV LIMITED,11.74,12.16,11.25,11.88,11.74,1.19,152112,1807090.58
2026-09-11,BAJAJ-AUTO,EQ,INE917I01010,BAJAJ AUTO LIMITED,11624.0,11723.0,11529.0,11678.0,11768.0,-0.76,214731,2507628618.0
2026-09-11,BAJAJCON,EQ,INE933K01021,BAJAJ CONSUMER CARE LTD,520.9,523.15,507.25,520.5,524.45,-0.75,901856,469416048.0
2026-09-11,BAJAJELEC,EQ,INE193E01025,BAJAJ ELECT.LTD,335.0,338.5,327.8,335.3,337.75,-0.73,102318,34307224.15
2026-09-11,BAJAJFINSV,EQ,INE918I01026,BAJAJ FINSERV LTD.,1912.1,1926.0,1895.0,1913.5,1940.5,-1.39,762375,1458804562.5
2026-09-11,BAJAJHCARE,EQ,INE411U01027,BAJAJ HEALTHCARE LIMITED,332.0,338.4,325.0,334.05,333.3,0.23,131431,43904523.95
2026-09-11,BAJAJHFL,EQ,INE377Y01014,BAJAJ HOUSING FINANCE LTD,83.6,85.51,82.9,84.11,84.22,-0.13,5140262,432347439.96
2026-09-11,BAJAJHIND,EQ,INE306A01021,BAJAJ HINDUSTHAN SUGAR LT,21.35,21.46,20.8,20.94,21.4,-2.15,24595964,515039499.3
2026-09-11,BAJAJHLDNG,EQ,INE118A01012,BAJAJ HOLDINGS & INVS LTD,10990.0,11146.0,10922.0,11134.0,10992.0,1.29,49910,555697940.0
2026-09-11,BAJAJINDEF,EQ,INE0O9T01021,INDEF MANUFACTURING LTD,222.9,237.0,219.61,228.57,221.03,3.41,44398,10148051.19
2026-09-11,BAJAJST,EQ,INE704G01024,BAJAJ STEEL INDS. LTD.,365.05,370.45,357.1,365.65,362.6,0.84,9972,3646261.74
2026-09-11,BAJEL,EQ,INE0KQN01018,BAJEL PROJECTS LIMITED,177.61,181.25,175.0,179.89,177.42,1.39,136248,24509652.64
2026-09-11,BAJFINANCE,EQ,INE296A01032,BAJAJ FINANCE LIMITED,1031.0,1035.0,1015.1,1034.5,1043.5,-0.86,5411299,5597988815.5
2026-09-11,BALAJEE,EQ,INE0S2G01011,SHREE TIRUPATI BALAJEE L,25.52,25.67,24.36,25.14,25.53,-1.53,53682,1349565.45
2026-09-11,BALAJITELE,EQ,INE794B01026,BALAJI TELEFILMS LIMITED.,91.66,91.89,89.21,90.63,91.81,-1.29,168159,15240249.71
2026-09-11,BALAMINES,EQ,INE050E01027,BALAJI AMINES LIMITED,2329.8,2329.8,2245.6,2276.5,2342.6,-2.82,175673,399919584.5
2026-09-11,BALAXI,EQ,INE618N01022,BALAXI PHARMA LTD,23.4,24.69,22.75,23.39,23.24,0.65,39705,928699.93
2026-09-11,BALKRISHNA,EQ,INE875R01011,BALKRISHNA PAPER MILLS L,16.59,16.59,15.9,16.1,16.28,-1.11,12742,205146.2
2026-09-11,BALKRISIND,EQ,INE787D01026,BALKRISHNA IND. LTD,2180.2,2190.1,2156.4,2164.6,2193.0,-1.3,177906,385095344.97
2026-09-11,BALMLAWRIE,EQ,INE164A01016,BALMER LAWRIE & CO LTD,170.21,170.25,167.41,168.72,174.08,-3.08,170327,28737571.65
2026-09-11,BALPHARMA,EQ,INE083D01012,BAL PHARMA LTD.,105.6,114.95,104.13,107.42,106.21,1.14,316936,34045264.54
2026-09-11,BALRAMCHIN,EQ,INE119A01028,BALRAMPUR CHINI MILLS LTD,697.4,709.0,687.0,691.4,705.15,-1.95,1301177,899633809.57
2026-09-11,BALUFORGE,EQ,INE011E01029,BALU FORGE INDUSTRIES LTD,534.0,536.9,523.3,533.4,536.65,-0.61,532783,284186465.21
2026-09-11,BANARBEADS,EQ,INE655B01011,BANARAS BEADS LTD,113.65,113.65,107.0,107.56,110.56,-2.71,1907,205116.92
2026-09-11,BANARISUG,EQ,INE459A01010,BANNARI AMMAN SUGARS LTD,3588.0,3588.0,3475.0,3517.6,3590.4,-2.03,1867,6567359.38
2026-09-11,BANCOINDIA,EQ,INE213C01025,BANCO PRODUCTS (I) LTD,619.05,619.05,607.0,615.0,627.5,-1.99,105218,64709070.0
2026-09-11,BANDHANBNK,EQ,INE545U01014,BANDHAN BANK LIMITED,171.75,178.54,170.85,176.52,174.0,1.45,25334991,4472132719.56
2026-09-11,BANG,EQ,INE863I01016,BANG OVERSEAS LTD.,34.9,35.9,33.49,35.12,34.51,1.77,316170,11103890.06
2026-09-11,BANK10ADD,EQ,INF740KA1YH2,DSPAMC - BANK10ADD,16.34,16.73,16.34,16.65,16.44,1.28,36319,604711.34
2026-09-11,BANK10BETF,EQ,INF0QA701CI0,BFAM - BANK10BETF,20.28,20.46,20.13,20.21,20.28,-0.35,31320,632977.17
2026-09-11,BANKA,EQ,INE862Y01015,BANKA BIOLOO LIMITED,77.75,81.82,77.75,81.78,77.93,4.94,3172,259406.16
2026-09-11,BANKADD,EQ,INF740KA1RX3,DSPAMC - DSPBANK,57.57,58.35,57.07,58.09,57.68,0.71,4145,240783.05
2026-09-11,BANKBARODA,EQ,INE028A01039,BANK OF BARODA,235.35,238.13,234.3,238.13,237.62,0.21,7018275,1671261860.02
2026-09-11,BANKBEES,EQ,INF204KB15I9,NIP IND ETF BANK BEES,583.13,587.5,578.23,586.35,583.52,0.48,931482,546174447.96
2026-09-11,BANKBETA,EQ,INF789F1AUV1,UTIAMC-BANKBETA,58.02,58.86,57.69,58.63,58.29,0.58,235689,13818446.32
2026-09-11,BANKBETF,EQ,INF0QA701714,BFAM - BANKBETF,57.05,57.77,56.61,57.61,57.31,0.52,1195831,68891824.64
2026-09-11,BANKETF,EQ,INF769K01KR3,MIRAEAMC - BANKETF,571.81,578.6,568.58,577.62,575.23,0.42,21995,12704751.79
2026-09-11,BANKIETF,EQ,INF109KC15I8,ICICIPRAMC - IPRU5008,57.79,58.21,57.29,58.14,57.87,0.47,2702304,157111952.91
2026-09-11,BANKINDIA,EQ,INE084A01016,BANK OF INDIA,140.0,140.1,137.26,140.0,141.0,-0.71,4385344,613948160.0
2026-09-11,BANKNIFTY1,EQ,INF174KA1ZB7,KOTAKMAMC-KOTAKBKETF,58.34,58.82,57.94,58.7,58.46,0.41,5309458,311665188.65
2026-09-11,BANKPSU,EQ,INF769K01LZ4,MIRAEAMC - BANKPSU,84.0,84.44,83.72,84.34,84.3,0.05,7528,634911.49
2026-09-11,BANSALWIRE,EQ,INE0B9K01025,BANSAL WIRE INDUSTRIES L,309.95,311.0,305.1,309.35,311.4,-0.66,36627,11330562.67
2026-09-11,BANSWRAS,EQ,INE629D01020,BANSWARA SYNTEX LIMITED,113.06,113.9,110.66,112.84,113.04,-0.18,13011,1468161.19
2026-09-11,BASF,EQ,INE373A01013,BASF INDIA LTD,3663.4,3682.8,3585.6,3661.5,3688.3,-0.73,18224,66727176.0
2026-09-11,BATAINDIA,EQ,INE176A01028,BATA INDIA LTD,652.0,652.55,643.0,648.65,653.25,-0.7,105041,68134847.21
2026-09-11,BATLIBOI,EQ,INE177C01022,BATLIBOI LTD.,84.89,86.0,84.5,85.91,85.59,0.37,25049,2151959.68
2026-09-11,BAYERCROP,EQ,INE462A01022,BAYER CROPSCIENCE LTD,3952.0,3990.0,3926.6,3974.1,3978.4,-0.11,19851,78889861.04
2026-09-11,BBETF0432,EQ,INF754K01OB1,EDELAMC - BBETF0432,1347.92,1353.59,1344.23,1350.41,1346.48,0.29,2657,3588039.46
2026-09-11,BBL,EQ,INE464A01036,BHARAT BIJLEE LTD,2215.3,2269.2,2189.0,2246.5,2231.2,0.69,18662,41924183.0
2026-09-11,BBNPNBETF,EQ,INF251K01TL6,BARODABNP - BBNPNBETF,56.67,56.88,56.24,56.66,56.89,-0.4,328,18584.48
2026-09-11,BBNPPGOLD,EQ,INF251K01SU9,BARODABNP - BBNPPGOLD,147.6,147.6,145.6,146.2,147.8,-1.08,7331,1071792.18
2026-09-11,BBOX,EQ,INE676A01027,BLACK BOX LIMITED,741.0,808.4,740.0,800.8,744.85,7.51,1663788,1332361410.09
2026-09-11,BBTC,EQ,INE050A01025,BOMBAY BURMAH TRADING COR,1426.0,1434.6,1405.3,1423.5,1434.7,-0.78,31609,44995411.5
2026-09-11,BBTCL,EQ,INE01EE01011,B&B TRIPLEWALL CONT LTD,231.0,233.99,226.76,227.51,235.33,-3.32,5488,1248574.85
2026-09-11,BCG,EQ,INE425B01027,BRIGHTCOM GROUP LIMITED,10.08,10.26,9.83,9.99,10.1,-1.09,8199526,81913262.86
2026-09-11,BCLIND,EQ,INE412G01024,BCL INDUSTRIES LIMITED,34.94,35.06,34.01,34.18,35.12,-2.68,573427,19599735.03
2026-09-11,BCONCEPTS,EQ,INE977Y01011,BRAND CONCEPTS LIMITED,159.0,159.0,150.3,156.56,154.5,1.33,8986,1406848.14
2026-09-11,BCPL,EQ,INE00SW01015,BCPL RAILWAY INFRA LTD,71.9,71.9,69.26,70.01,71.05,-1.46,13097,916921.0
2026-09-11,BDL,EQ,INE171Z01026,BHARAT DYNAMICS LIMITED,1185.0,1192.0,1165.0,1190.0,1195.0,-0.42,974802,1160014380.0
2026-09-11,BEARDSELL,EQ,INE520H01022,BEARDSELL LIMITED,24.21,24.87,24.21,24.67,24.39,1.15,11804,291204.68
2026-09-11,BECTORFOOD,EQ,INE495P01020,MRS BECTORS FOOD SPE LTD,244.8,245.7,236.51,242.5,245.44,-1.2,903250,219038125.0
2026-09-11,BEDMUTHA,EQ,INE844K01012,BEDMUTHA INDUST LTD,105.1,107.8,103.0,103.94,105.37,-1.36,8678,901991.34
2026-09-11,BEEKAY,EQ,INE213D01015,BEEKAY STEEL INDS. LTD.,430.3,446.5,417.0,425.6,433.4,-1.8,25298,10766828.95
2026-09-11,BEL,EQ,INE263A01024,BHARAT ELECTRONICS LTD,402.6,405.4,399.25,404.35,405.0,-0.16,7805974,3156345634.54
2026-09-11,BELLACASA,EQ,INE344T01014,BELLA CASA FASH AND RET L,265.0,265.66,252.0,256.52,262.11,-2.13,15318,3929373.19
2026-09-11,BELRISE,EQ,INE894V01022,BELRISE INDUSTRIES LTD,227.5,229.69,225.36,228.0,228.4,-0.18,1312518,299254104.0
2026-09-11,BEML,EQ,INE258A01024,BEML LIMITED,2019.0,2044.0,1982.2,2023.4,2029.0,-0.28,230934,467271861.24
2026-09-11,BENARAS,EQ,INE664D01019,BENARES HOTELS LTD.,10897.0,11100.0,10796.0,11085.0,10736.0,3.25,467,5176695.0
2026-09-11,BENGALASM,EQ,INE083K01017,BENGAL & ASSAM CO. LTD.,6107.5,6300.0,6105.0,6265.0,6200.5,1.04,186,1165290.0
2026-09-11,BEPL,EQ,INE922A01025,BHANSALI ENG. POLYMERS LT,129.0,129.76,126.26,128.08,130.29,-1.7,1126927,144336812.22
2026-09-11,BERGEPAINT,EQ,INE463A01038,BERGER PAINTS (I) LTD,460.75,465.75,457.0,458.05,463.8,-1.24,283827,130006953.89
2026-09-11,BESTAGRO,EQ,INE052T01021,BEST AGROLIFE LIMITED,19.14,19.35,18.63,19.05,19.14,-0.47,493330,9397936.12
2026-09-11,BETA,EQ,INE351Y01019,BETA DRUGS LIMITED,2070.0,2147.8,2013.8,2118.5,2085.8,1.57,18068,38277058.0
2026-09-11,BFINVEST,EQ,INE878K01010,BF INVESTMENT LIMITED,448.6,453.9,440.55,448.3,448.6,-0.07,19703,8832854.66
2026-09-11,BFSI,EQ,INF769K01HI8,MIRAEAMC - MAFSETF,26.36,26.6,26.15,26.52,26.47,0.19,2829147,75028979.74
2026-09-11,BFUTILITIE,EQ,INE243D01012,BF UTILITIES LIMITED,541.95,567.0,528.9,548.9,544.45,0.82,275682,151321856.53
2026-09-11,BHAGCHEM,EQ,INE414D01027,BHAGIRADHA CHEM & INDS L,257.1,261.0,254.6,258.75,258.2,0.21,21384,5533110.0
2026-09-11,BHAGYANGR,EQ,INE458B01036,BHAGYANAGAR INDIA LIMITED,431.75,431.75,410.6,422.55,432.2,-2.23,540725,228483342.15
2026-09-11,BHANDARI,EQ,INE474E01029,BHANDARI HOSIERY EXP LTD,3.0,3.05,2.98,3.0,3.0,0.0,161333,483999.0
2026-09-11,BHARATCOAL,EQ,INE05XR01022,BHARAT COKING COAL LTD,33.28,33.28,32.76,33.01,33.42,-1.23,4257207,140530395.92
2026-09-11,BHARATFORG,EQ,INE465A01025,BHARAT FORGE LTD,1947.8,1947.9,1908.6,1944.9,1954.9,-0.51,283776,551915949.33
2026-09-11,BHARATRAS,EQ,INE838B01021,BHARAT RASAYAN LTD,1168.9,1168.9,1154.0,1157.9,1168.2,-0.88,11351,13143323.18
2026-09-11,BHARATSE,EQ,INE415D01024,BHARAT SEATS LIMITED,215.0,218.59,211.2,217.47,217.08,0.18,128822,28014920.5
2026-09-11,BHARATWIRE,EQ,INE316L01019,BHARAT WIRE ROPES LTD.,173.2,173.89,168.5,172.48,173.2,-0.42,90466,15603575.29
2026-09-11,BHARTIARTL,EQ,INE397D01024,BHARTI AIRTEL LIMITED,1832.0,1852.0,1830.5,1831.1,1839.0,-0.43,4181325,7656424105.42
2026-09-11,BHARTIHEXA,EQ,INE343G01021,BHARTI HEXACOM LIMITED,1530.0,1567.4,1527.5,1545.0,1539.2,0.38,139554,215610930.0
2026-09-11,BHEL,EQ,INE257A01026,BHEL,427.0,433.0,418.2,431.0,429.5,0.35,6548117,2822238427.0
2026-09-11,BIGBLOC,EQ,INE412U01025,BIGBLOC CONSTRUCTION LTD,39.61,41.1,39.61,40.79,40.57,0.54,23710,967130.92
2026-09-11,BIKAJI,EQ,INE00E101023,BIKAJI FOODS INTERN LTD,566.0,566.0,547.3,548.25,566.15,-3.16,142922,78356986.5
2026-09-11,BIL,EQ,INE828A01016,BHARTIYA INTERNATIONAL,1097.0,1097.0,1030.2,1073.0,1081.7,-0.8,17520,18798960.0
2026-09-11,BIMETAL,EQ,INE469A01019,BIMETAL BEARINGS LTD.,635.05,647.0,635.05,640.5,645.0,-0.7,119,76219.5
2026-09-11,BIOCON,EQ,INE376G01013,BIOCON LIMITED.,391.55,396.85,384.65,390.65,391.65,-0.26,3665623,1431975602.58
2026-09-11,BIOFILCHEM,EQ,INE829A01014,BIOFIL CHEM & PHARMA LTD,37.8,37.8,32.36,34.51,36.79,-6.2,173376,5983205.47
2026-09-11,BIRLACABLE,EQ,INE800A01015,BIRLA CABLE LIMITED,367.0,393.35,362.25,392.35,374.65,4.72,996485,390970895.83
2026-09-11,BIRLACORPN,EQ,INE340A01012,BIRLA CORPORATION LTD,833.45,835.95,821.45,825.15,836.7,-1.38,70252,57968439.52
2026-09-11,BIRLAMONEY,EQ,INE865C01022,ADITYA BIRLA MONEY LTD,122.15,123.79,118.26,121.19,122.9,-1.39,53016,6425009.17
2026-09-11,BIRLANU,EQ,INE557A01011,BIRLANU LIMITED,1434.7,1465.0,1404.0,1448.4,1434.6,0.96,10843,15705001.46
2026-09-11,BLACKBUCK,EQ,INE0UIZ01018,BLACKBUCK LIMITED,575.0,634.4,575.0,628.15,585.9,7.21,4433382,2784829011.54
2026-09-11,BLAL,EQ,INE0N7W01012,BEML LAND ASSETS LIMITED,161.91,162.01,158.0,161.47,161.23,0.15,12189,1968157.84
2026-09-11,BLBLIMITED,EQ,INE791A01024,BLB LIMITED,15.98,17.3,15.6,16.13,15.98,0.94,420547,6783422.76
2026-09-11,BLEL,EQ,INE1EEM01017,BEHARI LAL ENGINEERING L,437.95,445.05,429.0,442.15,441.6,0.12,733830,324462930.02
2026-09-11,BLIL,EQ,INE525F01025,BALMER LAWRIE INVSTS. L,67.79,70.09,67.79,68.44,71.42,-4.17,188524,12902583.02
2026-09-11,BLKASHYAP,EQ,INE350H01032,B.L.KASHYAP & SON LTD,54.9,55.11,52.79,53.91,55.55,-2.95,557333,30045821.94
2026-09-11,BLS,EQ,INE153T01027,BLS INTL SERVS LTD,233.0,233.36,228.88,231.58,235.63,-1.72,804283,186255858.61
2026-09-11,BLSE,EQ,INE0NLT01010,BLS E-SERVICES LIMITED,314.9,316.05,307.05,312.8,316.6,-1.2,356250,111434995.65
2026-09-11,BLUECLOUDS,EQ,INE373T01047,BLUE CLOUD SOFTECH SOLU L,19.5,19.5,19.1,19.13,19.5,-1.9,846423,16192071.28
2026-09-11,BLUECOAST,EQ,INE472B01011,BLUE COAST HOTELS LIMITED,20.75,22.92,20.75,22.18,21.83,1.6,477,10579.86
2026-09-11,BLUEDART,EQ,INE233B01017,BLUE DART EXPRESS LTD,4850.0,4858.2,4812.2,4830.9,4882.6,-1.06,3737,18053072.94
2026-09-11,BLUEJET,EQ,INE0KBH01020,BLUE JET HEALTHCARE LTD,572.6,572.6,563.0,568.55,575.3,-1.17,294503,167439677.05
2026-09-11,BLUESTARCO,EQ,INE472A01039,BLUE STAR LIMITED,1500.0,1565.1,1489.0,1558.0,1514.0,2.91,1336366,2082058228.0
2026-09-11,BLUESTONE,EQ,INE304W01038,BLUESTONE JEWEL LFSTL LTD,853.0,899.0,841.5,890.35,855.15,4.12,1308518,1165038969.35
2026-09-11,BLUSPRING,EQ,INE0U4101014,BLUSPRING ENTERPRISES LTD,136.3,136.3,130.21,131.48,137.45,-4.34,388095,51026728.94
2026-09-11,BMWVENTLTD,EQ,INE965W01036,BMW VENTURES LIMITED,54.6,54.6,53.45,54.05,54.59,-0.99,32634,1763867.68
2026-09-11,BNAGROCHEM,EQ,INE00HZ01011,BN AGROCHEM LTD.,203.01,208.0,201.4,204.99,212.0,-3.31,13194,2704638.13
2026-09-11,BNKETFAXIS,EQ,INF846K01X63,AXISAMC-BNKETFAXIS,575.86,585.25,575.67,584.36,581.68,0.46,778,454632.07
2026-09-11,BODALCHEM,EQ,INE338D01028,BODAL CHEMICALS LTD,159.0,174.0,157.81,172.4,166.11,3.79,7456837,1285558653.29
2026-09-11,BOHRAIND,EQ,INE802W01023,BOHRA INDUSTRIES LIMITED,12.75,14.49,12.52,13.42,13.18,1.82,17722,237829.24
2026-09-11,BOMDYEING,EQ,INE032A01023,BOMBAY DYEING & MFG. CO L,111.9,111.9,109.8,111.27,112.51,-1.1,447712,49816912.74
2026-09-11,BONLON,EQ,INE0B9A01018,BONLON INDUSTRIES LIMITED,40.5,41.5,38.91,40.1,40.25,-0.37,12737,510753.68
2026-09-11,BORANA,EQ,INE16SF01016,BORANA WEAVES LIMITED,319.5,319.5,308.85,313.4,317.65,-1.34,10383,3254032.14
2026-09-11,BOROLTD,EQ,INE02PY01013,BOROSIL LIMITED,262.88,262.88,255.4,257.48,263.78,-2.39,117326,30209099.77
2026-09-11,BORORENEW,EQ,INE666D01022,BOROSIL RENEWABLES LTD,499.05,501.9,494.0,495.65,502.2,-1.3,331461,164288642.63
2026-09-11,BOROSCI,EQ,INE02L001032,BOROSIL SCIENTIFIC LTD,125.29,126.9,123.9,125.28,125.29,-0.01,17100,2142287.98
2026-09-11,BOSCH-HCIL,EQ,INE782A01015,BOSCH HOME COMFRT IND LTD,1678.0,1728.5,1652.2,1704.0,1689.9,0.83,48942,83397168.0
2026-09-11,BOSCHLTD,EQ,INE323A01026,BOSCH LIMITED,48480.0,48960.0,48080.0,48385.0,48775.0,-0.8,19898,962764730.0
2026-09-11,BPCL,EQ,INE029A01011,BHARAT PETROLEUM CORP  LT,299.4,306.45,296.0,304.5,303.0,0.5,4137678,1259922951.0
2026-09-11,BPL,EQ,INE110A01019,BPL LTD,47.21,48.25,45.3,46.3,47.36,-2.24,76466,3540375.74
2026-09-11,BPLPHARMA,EQ,INE365Y01019,BHARAT PARENTERALS LTD.,1558.6,1577.0,1449.8,1505.1,1558.6,-3.43,8418,12669931.59
2026-09-11,BRAHMINFRA,EQ,INE320I01017,BRAHMAPUTRA INFRA L,158.0,158.0,155.0,157.35,158.62,-0.8,12462,1960895.78
2026-09-11,BRIGADE,EQ,INE791I01019,BRIGADE ENTER. LTD,648.8,650.4,628.2,638.65,651.15,-1.92,380544,243034434.89
2026-09-11,BRIGHOTEL,EQ,INE03NU01014,BRIGADE HOTEL VENTURE LTD,56.0,56.69,55.75,56.51,56.36,0.27,65944,3726495.33
2026-09-11,BRIGHTBR,EQ,INE630D01010,BRIGHT BROTHERS LTD.,250.25,255.6,246.15,255.25,255.75,-0.2,1377,351479.25
2026-09-11,BRITANNIA,EQ,INE216A01030,BRITANNIA INDUSTRIES LTD,4996.0,5012.5,4945.0,4962.0,5009.0,-0.94,194857,966880434.0
2026-09-11,BRNL,EQ,INE727S01012,BHARAT ROAD NETWORK LTD,17.0,17.0,16.06,16.73,16.65,0.48,17005,284493.64
2026-09-11,BROOKS,EQ,INE650L01011,BROOKS LAB LIMITED,64.7,69.72,63.12,65.69,63.85,2.88,101530,6669505.95
2026-09-11,BSE,EQ,INE118H01025,BSE LIMITED,3280.0,3394.4,3193.2,3384.0,3306.0,2.36,4326473,14640784632.0
2026-09-11,BSE500IETF,EQ,INF109KC1V59,ICICIPRAMC - ICICI500,38.84,38.86,38.38,38.78,38.84,-0.15,63405,2458845.82
2026-09-11,BSHSL,EQ,INE032Z01020,BOMBAY SUPER HYBRID SEEDS,89.9,93.5,85.41,88.8,88.84,-0.05,17879,1587655.25
2026-09-11,BSL,EQ,INE594B01012,BSL LTD,122.06,123.28,117.2,120.39,122.06,-1.37,4137,498053.43
2026-09-11,BSLGOLDETF,EQ,INF209KB18D3,ADITYBIRLA SL GOLD ETF-GR,133.0,133.84,132.0,133.25,134.33,-0.8,472915,63015923.75
2026-09-11,BSLNIFTY,EQ,INF209KB19D1,ADITYBIRLA SL NIF ETF-GR,27.4,27.65,27.1,27.55,27.5,0.18,827639,22801453.82
2026-09-11,BSLSENETFG,EQ,INF209KB10E8,BIRLASLAMC - BSLSENETFG,75.41,78.08,75.05,77.19,75.53,2.2,1931,149053.89
2026-09-11,BSOFT,EQ,INE836A01035,BIRLASOFT LIMITED,280.75,284.8,274.2,281.65,275.8,2.12,4622260,1301859500.79
2026-09-11,BTML,EQ,INE0EEJ01023,BODHI TREE MULTIMEDIA LTD,7.79,7.88,7.28,7.48,7.79,-3.98,663574,4963533.53
2026-09-11,BUILDPRO,EQ,INE24OJ01011,SHANKARA BUILDPRO LIMITED,1272.2,1274.0,1240.0,1252.5,1272.2,-1.55,38794,48589485.0
2026-09-11,BUTTERFLY,EQ,INE295F01017,BTRFLY GANDHI APPL LTD,609.2,610.1,579.95,586.25,610.35,-3.95,36028,21121415.0
2026-09-11,BVCL,EQ,INE139I01011,BARAK VALLEY CEM. LTD.,43.43,43.8,41.9,42.05,43.44,-3.2,26950,1133247.48
2026-09-11,CAMLINFINE,EQ,INE052I01032,CAMLIN FINE SCIENCES LTD,102.57,102.65,100.89,101.68,103.57,-1.82,388816,39534811.0
2026-09-11,CAMPUS,EQ,INE278Y01022,CAMPUS ACTIVEWEAR LIMITED,212.8,215.5,210.98,214.36,213.68,0.32,196725,42169971.12
2026-09-11,CAMS,EQ,INE596I01020,COMPUTER AGE MNGT SER LTD,708.5,713.05,694.6,711.0,712.0,-0.14,1442644,1025719884.0
2026-09-11,CANBK,EQ,INE476A01022,CANARA BANK,124.0,124.06,122.65,124.0,124.6,-0.48,11131129,1380259996.0
2026-09-11,CANFINHOME,EQ,INE477A01020,CAN FIN HOMES LTD,781.3,782.4,768.05,779.75,782.2,-0.31,407215,317525896.25
2026-09-11,CANHLIFE,EQ,INE01TY01017,CANARA HSBC LIFE INS CO L,150.57,153.68,145.65,151.92,152.36,-0.29,603161,91632218.02
2026-09-11,CANTABIL,EQ,INE068L01024,CANTABIL RETAIL LTD,238.8,241.58,234.6,240.21,240.06,0.06,142609,34256108.85
2026-09-11,CAPACITE,EQ,INE264T01014,CAPACITE INFRAPROJECT LTD,193.7,195.56,190.96,191.98,196.25,-2.18,455544,87455335.17
2026-09-11,CAPILLARY,EQ,INE0ILV01024,CAPILLARY TECHNO INDIA L,458.95,464.4,449.55,461.95,459.9,0.45,61095,28222836.0
2026-09-11,CAPITALSFB,EQ,INE646H01017,CAPITAL SMALL FIN BANK L,272.0,274.95,269.6,271.35,272.15,-0.29,13631,3698771.93
2026-09-11,CAPLIPOINT,EQ,INE475E01026,CAPLIN POINT LAB LTD.,2790.1,2790.1,2716.0,2754.9,2795.4,-1.45,103090,284002630.93
2026-09-11,CARBORUNIV,EQ,INE120A01034,CARBORUNDUM UNIVERSAL LTD,1091.8,1091.8,1055.1,1075.2,1090.2,-1.38,113965,122535162.44
2026-09-11,CARERATING,EQ,INE752H01013,CARE RATINGS LIMITED,1680.0,1680.2,1645.3,1650.5,1693.0,-2.51,49841,82262570.5
2026-09-11,CARRARO,EQ,INE0V7W01012,CARRARO INDIA LIMITED,547.0,549.75,533.0,538.45,551.95,-2.45,90810,48896645.61
2026-09-11,CARTRADE,EQ,INE290S01011,CARTRADE TECH LIMITED,3005.9,3105.2,2982.1,3087.9,3034.7,1.75,273739,845278631.37
2026-09-11,CARYSIL,EQ,INE482D01024,CARYSIL LIMITED,1170.2,1172.0,1145.3,1161.9,1178.5,-1.41,67653,78606022.35
2026-09-11,CASHIETF,EQ,INF109K1A021,ICICIPRAMC - CASHIETF,1079.43,1079.45,1079.43,1079.43,1078.88,0.05,217314,234575262.69
2026-09-11,CASTROLIND,EQ,INE172A01027,CASTROL INDIA LIMITED,187.8,189.0,187.05,188.03,188.06,-0.02,1118348,210282973.07
2026-09-11,CCAVENUE,EQ,INE483S01020,AVENUESAI LIMITED,15.35,16.4,15.0,16.29,15.36,6.05,42406012,690793974.3
2026-09-11,CCCL,EQ,INE429I01024,CONS. CONST. CONSORT LTD,14.38,14.38,13.7,13.91,14.15,-1.7,245082,3409090.58
2026-09-11,CCHHL,EQ,INE652F01027,COUNTRY CLUB HOSP HOL LTD,12.41,12.89,12.2,12.37,12.5,-1.04,19039,235512.43
2026-09-11,CCL,EQ,INE421D01022,CCL PRODUCTS (I) LTD,1086.0,1089.0,1059.1,1081.0,1096.8,-1.44,152869,165251389.0
2026-09-11,CDSL,EQ,INE736A01011,CENTRAL DEPO SER (I) LTD,1343.6,1360.0,1315.5,1360.0,1355.0,0.37,1040559,1415160240.0
2026-09-11,CEATLTD,EQ,INE482A01020,CEAT LIMITED,3275.0,3294.6,3247.0,3278.5,3295.7,-0.52,37708,123625678.0
2026-09-11,CEIGALL,EQ,INE0AG901020,CEIGALL INDIA LIMITED,376.3,383.0,369.2,380.4,379.1,0.34,266487,101371653.17
2026-09-11,CEINSYS,EQ,INE016Q01014,CEINSYS TECH LIMITED,685.0,719.0,677.55,707.0,685.0,3.21,83507,59039449.0
2026-09-11,CELEBRITY,EQ,INE185H01016,CELEBRITY FASHIONS LTD,6.95,6.95,6.75,6.85,6.72,1.93,16891,115703.35
2026-09-11,CELLO,EQ,INE0LMW01024,CELLO WORLD LIMITED,338.9,338.9,332.0,332.8,338.9,-1.8,203828,67833955.91
2026-09-11,CEMNTGROWW,EQ,INF666M01PH7,GROWWAMC - CEMNTGROWW,14.44,14.53,14.02,14.37,14.34,0.21,141005,2026241.83
2026-09-11,CEMPRO,EQ,INE686A01026,CEMINDIA PROJECTS LIMITED,1248.0,1257.8,1214.9,1244.3,1251.9,-0.61,288343,358785208.98
2026-09-11,CENTENKA,EQ,INE485A01015,CENTURY ENKA LTD,568.5,569.45,552.3,565.4,569.1,-0.65,67709,38282670.25
2026-09-11,CENTEXT,EQ,INE281A01026,CENTURY EXTRUSIONS LTD,20.48,21.3,20.05,20.36,20.75,-1.89,774386,15766499.43
2026-09-11,CENTRALBK,EQ,INE483A01010,CENTRAL BANK OF INDIA,30.79,30.82,30.45,30.74,30.82,-0.26,3617142,111190944.25
2026-09-11,CENTRUM,EQ,INE660C01027,CENTRUM CAPITAL LIMITED,21.75,22.99,21.7,22.34,21.91,1.96,104669,2338305.48
2026-09-11,CENTUM,EQ,INE320B01020,CENTUM ELECTRONICS LTD,4214.0,4258.0,4082.5,4192.0,4210.4,-0.44,27427,114973984.0
2026-09-11,CENTURYPLY,EQ,INE348B01021,CENTURY PLYBOARDS (I) LTD,734.0,734.0,715.0,717.05,734.05,-2.32,51749,37106619.82
2026-09-11,CERA,EQ,INE739E01017,CERA SANITARYWARE LTD,5605.0,5643.0,5555.5,5587.5,5614.0,-0.47,3246,18137025.0
2026-09-11,CESC,EQ,INE486A01021,CESC LTD,145.0,146.7,144.65,145.37,147.58,-1.5,1387965,201768465.27
2026-09-11,CEWATER,EQ,INE037Z01029,CONCORD ENVIRO SYSTEMS L,278.0,289.7,278.0,284.7,279.9,1.71,378859,107861161.92
2026-09-11,CGCL,EQ,INE180C01042,CAPRI GLOBAL CAPITAL LTD,270.9,271.95,265.2,266.0,272.25,-2.3,1958467,520952222.0
2026-09-11,CGPOWER,EQ,INE067A01029,CG POWER AND IND SOL LTD,906.85,912.5,889.0,909.0,914.55,-0.61,2163164,1966316076.0
2026-09-11,CGVAK,EQ,INE084D01010,C G V A K SOFTWARE & EX L,150.99,150.99,144.1,145.83,146.25,-0.29,1819,265264.77
2026-09-11,CHALET,EQ,INE427F01016,CHALET HOTELS LIMITED,865.0,884.45,856.05,877.25,875.55,0.19,133609,117208495.25
2026-09-11,CHAMBLFERT,EQ,INE085A01013,CHAMBAL FERTILIZERS LTD,415.0,420.0,411.45,418.8,417.75,0.25,572806,239891145.81
2026-09-11,CHEMBOND,EQ,INE995D01025,CHEMBOND MATERIALTECH LTD,222.6,225.82,211.1,217.12,225.82,-3.85,15946,3462195.44
2026-09-11,CHEMCRUX,EQ,INE298W01016,CHEMCRUX ENTERPRISES LTD.,86.75,86.75,81.5,82.4,85.52,-3.65,3233,266399.2
2026-09-11,CHEMFAB,EQ,INE783X01023,CHEMFAB ALKALIS LIMITED,389.45,399.0,369.75,379.35,384.5,-1.34,4288,1626652.83
2026-09-11,CHEMICAL,EQ,INF174KA1XV0,KOTAKMAMC - CHEMICAL,30.85,30.85,29.79,29.97,30.1,-0.43,1512280,45323030.56
2026-09-11,CHEMPLASTS,EQ,INE488A01050,CHEMPLAST SANMAR LIMITED,176.15,176.16,170.0,171.35,176.15,-2.72,215773,36972704.87
2026-09-11,CHENNPETRO,EQ,INE178A01016,CHENNAI PETROLEUM CORP LT,1660.0,1677.5,1563.1,1572.9,1626.4,-3.29,2916939,4588053424.31
2026-09-11,CHEVIOT,EQ,INE974B01016,CHEVIOT COMPANY LIMITED,1190.0,1225.0,1180.1,1207.8,1195.9,1.0,1164,1405879.26
2026-09-11,CHOICEGOLD,EQ,INF2KCX01012,CHOICEAMC - CHOICEGOLD,148.7,151.08,148.7,150.0,151.84,-1.21,4250,637500.0
2026-09-11,CHOICEIN,EQ,INE102B01014,CHOICE INTERNATIONAL LTD,768.0,768.95,757.45,759.8,770.4,-1.38,228484,173602140.41
2026-09-11,CHOLAFIN,EQ,INE121A01024,CHOLAMANDALAM IN & FIN CO,1834.1,1850.2,1795.1,1845.9,1859.0,-0.7,1505149,2778354575.85
2026-09-11,CHOLAHLDNG,EQ,INE149A01033,CHOLAMANDALAM FIN HOL LTD,1525.0,1539.4,1493.0,1528.6,1532.0,-0.22,57387,87721766.8
2026-09-11,CIEINDIA,EQ,INE536H01010,CIE AUTOMOTIVE INDIA LTD,380.15,381.0,376.05,379.65,381.8,-0.56,100295,38076996.14
2026-09-11,CIFL,EQ,INE345H01024,CAPITAL INDIA FINANCE LTD,20.08,20.36,19.9,20.2,20.19,0.05,247154,4992510.99
2026-09-11,CINELINE,EQ,INE704H01022,CINELINE INDIA LIMITED,94.0,97.18,91.15,96.31,93.58,2.92,19934,1919843.49
2026-09-11,CINEVISTA,EQ,INE039B01026,CINEVISTA LIMITED,14.06,14.73,14.06,14.23,14.36,-0.91,10771,153271.33
2026-09-11,CIPLA,EQ,INE059A01026,CIPLA LTD,1373.0,1373.0,1347.7,1366.0,1373.3,-0.53,1681155,2296457730.0
2026-09-11,CLEAN,EQ,INE227W01023,CLEAN SCIENCE & TECH LTD,848.4,851.2,825.1,842.05,848.45,-0.75,371357,312701157.32
2026-09-11,CLEANMAX,EQ,INE647U01026,CLEAN MAX ENVIRO EN SOL L,1395.1,1442.0,1361.7,1431.0,1399.0,2.29,250397,358318107.0
2026-09-11,CLEDUCATE,EQ,INE201M01029,CL EDUCATE LIMITED,59.75,61.15,57.49,59.18,59.98,-1.33,16667,986353.07
2026-09-11,CLSEL,EQ,INE419D01026,CHAMAN LAL SETIA EXP LTD,299.0,299.0,294.45,296.5,302.55,-2.0,41516,12309494.0
2026-09-11,CMLL,EQ,INE11XY01018,CALIBER MINING AND LOG L,467.0,480.35,460.0,474.15,470.8,0.71,290791,137878550.88
2026-09-11,CMPDI,EQ,INE05HV01027,CENTRAL MINE P N D INST L,216.0,218.0,213.16,215.23,218.77,-1.62,1563637,336541584.83
2026-09-11,CMRGREEN,EQ,INE00WV01027,CMR GREEN TECHNOLOGIES L,216.77,219.9,215.0,216.58,220.45,-1.76,312177,67611295.23
2026-09-11,CMSINFO,EQ,INE925R01014,CMS INFO SYSTEMS LIMITED,225.1,226.45,223.5,224.38,227.69,-1.45,532465,119474499.3
2026-09-11,CNL,EQ,INE985W01018,CREATIVE NEWTECH LIMITED,1094.7,1139.0,1077.3,1116.9,1086.3,2.82,40193,44891562.68
2026-09-11,COALINDIA,EQ,INE522F01014,COAL INDIA LTD,432.0,434.3,424.2,426.4,432.0,-1.3,3868222,1649409837.19
2026-09-11,COASTCORP,EQ,INE377E01024,COASTAL CORPORATION LTD,39.15,39.55,38.5,39.09,39.43,-0.86,54723,2139122.08
2026-09-11,COCHINSHIP,EQ,INE704P01025,COCHIN SHIPYARD LIMITED,1510.0,1510.0,1372.0,1381.0,1520.4,-9.17,6390480,8825252880.0
2026-09-11,COCKERILL,EQ,INE515A01019,JOHN COCKERILL INDIA LTD.,7951.0,8259.0,7860.5,8191.0,8009.0,2.27,4452,36466332.0
2026-09-11,COFFEEDAY,EQ,INE335K01011,COFFEE DAY ENTERPRISE LTD,31.8,31.82,31.1,31.67,31.99,-1.0,619170,19609113.95
2026-09-11,COFORGE,EQ,INE591G01025,COFORGE LIMITED,1807.3,1858.6,1807.3,1846.5,1833.1,0.73,2687329,4962152998.5
2026-09-11,COHANCE,EQ,INE03QK01018,COHANCE LIFESCIENCES LTD,445.2,445.2,434.15,440.2,445.3,-1.15,468144,206076994.51
2026-09-11,COLPAL,EQ,INE259A01022,COLGATE PALMOLIVE LTD.,1799.0,1799.9,1782.1,1797.4,1808.5,-0.61,280878,504850124.06
2026-09-11,COMFINTE,EQ,INE819A01049,COMFORT INTECH LTD.,6.09,6.12,5.98,6.08,6.09,-0.16,101443,616773.43
2026-09-11,COMMOIETF,EQ,INF109KC19O8,ICICIPRAMC - ICICICOMMO,98.56,98.57,97.5,98.26,98.57,-0.31,55954,5498040.16
2026-09-11,COMPEAU,EQ,INE823B01015,COMPETENT AUTOMOB CO. L,363.0,363.0,361.0,362.0,360.0,0.56,885,320370.0
2026-09-11,COMPUSOFT,EQ,INE453B01029,COMPUCOM SOFTWARE LTD,13.1,13.29,12.85,12.9,13.21,-2.35,70186,905399.37
2026-09-11,COMSYN,EQ,INE073V01015,COMMERCIAL SYN BAGS LTD,299.35,304.9,297.1,299.15,299.0,0.05,71613,21423028.51
2026-09-11,CONCOR,EQ,INE111A01025,CONTAINER CORP OF IND LTD,500.0,503.5,494.15,499.25,504.15,-0.97,556686,277925485.5
2026-09-11,CONCORDBIO,EQ,INE338H01029,CONCORD BIOTECH LIMITED,1439.6,1529.0,1426.9,1505.7,1452.8,3.64,372504,560879254.61
2026-09-11,CONFIPET,EQ,INE552D01024,CONFIDENCE PETRO IND LTD.,87.79,90.5,86.95,89.22,87.84,1.57,4722048,421301128.32
2026-09-11,CONS,EQ,INF174KA1ZF8,KOTAKMAMC - KOTAKCONS,11.8,11.9,11.74,11.84,11.88,-0.34,28718,340021.12
2026-09-11,CONSUMAXIS,EQ,INF846K016C7,AXISAMC-CONSUMAXIS,120.8,120.8,117.62,117.94,118.4,-0.39,371,43755.74
2026-09-11,CONSUMBEES,EQ,INF204KA1LD7,NIP IND ETF CONSUMPTION,128.2,128.22,127.06,127.96,128.34,-0.3,61796,7907416.1
2026-09-11,CONSUMER,EQ,INF769K01NS5,MIRAEAMC - CONSUMER,11.64,12.1,11.64,11.82,11.88,-0.51,248772,2940484.96
2026-09-11,CONSUMIETF,EQ,INF109KC1V42,ICICIPRAMC - ICICICONSU,119.1,119.29,118.19,119.03,119.33,-0.25,10411,1239221.32
2026-09-11,CONTROLPR,EQ,INE663B01015,CONTROL PRINT LIMITED,576.0,597.95,576.0,588.7,572.95,2.75,84948,50008888.64
2026-09-11,CORALFINAC,EQ,INE558D01021,CORAL INDIA FIN & HOUS LT,32.21,32.99,32.05,32.16,32.88,-2.19,7264,233610.24
2026-09-11,CORDELIA,EQ,INE0LZF01039,WATERWAYS LEISURE TOUR L,109.38,114.32,107.05,112.85,109.44,3.12,3486070,393402994.18
2026-09-11,CORDSCABLE,EQ,INE792I01017,CORDS CABLE INDUS LTD.,357.6,382.8,353.15,373.4,363.1,2.84,522110,194955870.81
2026-09-11,COROMANDEL,EQ,INE169A01031,COROMANDEL INTERNTL. LTD,1950.8,1950.8,1916.4,1929.0,1961.9,-1.68,100672,194196288.0
2026-09-11,CORONA,EQ,INE02ZQ01018,CORONA REMEDIES LIMITED,2214.2,2250.8,2181.5,2236.1,2200.8,1.6,140561,314308465.83
2026-09-11,COSMOFIRST,EQ,INE757A01017,COSMO FIRST LIMITED,878.05,884.4,858.2,874.9,880.65,-0.65,51751,45276951.16
2026-09-11,CPCAP,EQ,INE521J01018,CP CAPITAL LIMITED,136.5,138.37,130.32,135.08,134.49,0.44,31656,4276092.54
2026-09-11,CPEDU,EQ,INE0P6P01016,CAREER POINT EDUTECH LTD,181.2,184.0,175.01,177.74,185.58,-4.22,3545,630088.32
2026-09-11,CPL,EQ,INE536P01021,CAPTAIN POLYPLAST LIMITED,66.39,66.39,64.71,64.79,66.38,-2.4,117444,7609196.87
2026-09-11,CPPLUS,EQ,INE819V01029,ADITYA INFOTECH LIMITED,3810.0,3900.0,3775.0,3825.5,3829.1,-0.09,161471,617707310.5
2026-09-11,CPSEETF,EQ,INF457M01133,CPSE ETF,94.78,95.25,93.5,93.89,94.78,-0.94,2100651,197230121.11
2026-09-11,CRAFTSMAN,EQ,INE00LO01017,CRAFTSMAN AUTOMATION LTD,11711.0,11831.0,11542.0,11669.0,11851.0,-1.54,53409,623229621.0
2026-09-11,CRAMC,EQ,INE218I01013,CANARA ROBECO AMC LIMITED,240.0,240.0,235.5,238.9,240.05,-0.48,234612,56048805.37
2026-09-11,CRAVATEX,EQ,INE145E01017,CRAVATEX LTD.,320.0,326.3,320.0,323.95,318.3,1.78,174,56367.3
2026-09-11,CREATIVEYE,EQ,INE230B01021,CREATIVE EYE LIMITED,5.99,5.99,5.26,5.72,6.07,-5.77,81227,464618.42
2026-09-11,CREDITACC,EQ,INE741K01010,CREDITACCESS GRAMEEN LTD,1382.1,1438.0,1370.8,1424.2,1403.2,1.5,120902,172188622.5
2026-09-11,CREST,EQ,INE559D01011,CREST VENTURES LIMITED,358.2,361.45,354.0,355.25,357.4,-0.6,285,101246.25
2026-09-11,CRESTO,EQ,INE203Y01012,CRESTO TECHNO LIMITED,16.1,17.25,14.35,16.91,16.01,5.62,52808,892983.27
2026-09-11,CRISIL,EQ,INE007A01025,CRISIL LTD,4711.0,4721.7,4656.3,4697.9,4721.7,-0.5,24019,112838857.75
2026-09-11,CRIZAC,EQ,INE0S4R01014,CRIZAC LIMITED,179.01,187.5,175.1,186.68,179.7,3.88,631557,117899056.13
2026-09-11,CROMPTON,EQ,INE299U01018,CROMPT GREA CON ELEC LTD,229.0,231.69,226.63,231.0,230.0,0.43,1077937,249003447.0
2026-09-11,CROWN,EQ,INE491V01019,CROWN LIFTERS LIMITED,113.8,116.48,112.0,112.55,114.47,-1.68,2853,321105.16
2026-09-11,CSBBANK,EQ,INE679A01013,CSB BANK LIMITED,307.5,307.75,304.0,305.7,307.6,-0.62,303520,92786067.71
2026-09-11,CSLFINANCE,EQ,INE718F01018,CSL FINANCE LIMITED,234.54,234.54,217.12,220.98,241.04,-8.32,149373,33008444.9
2026-09-11,CSM,EQ,INE0ZK601013,CSM TECHNOLOGIES LIMITED,101.15,101.15,76.26,83.44,94.96,-12.13,2772772,231360102.45
2026-09-11,CUB,EQ,INE491A01021,CITY UNION BANK LTD,225.9,231.85,223.69,227.32,226.45,0.38,1628700,370236095.93
2026-09-11,CUBEXTUB,EQ,INE144D01012,CUBEX TUBINGS LTD,78.69,78.69,76.07,77.1,77.2,-0.13,34020,2622941.95
2026-09-11,CUMMINSIND,EQ,INE298A01020,CUMMINS INDIA LTD,5117.0,5152.0,5020.5,5070.0,5155.0,-1.65,331010,1678220700.0
2026-09-11,CUPID,EQ,INE509F01029,CUPID LIMITED,275.0,283.5,275.0,280.0,277.45,0.92,10688011,2992643080.0
2026-09-11,CYIENT,EQ,INE136B01020,CYIENT LIMITED,1078.2,1087.4,1054.4,1059.4,1076.4,-1.58,308753,327092935.74
2026-09-11,CYIENTDLM,EQ,INE055S01018,CYIENT DLM LIMITED,907.05,921.3,893.3,904.4,923.3,-2.05,506275,457875122.36
2026-09-11,DABUR,EQ,INE016A01026,DABUR INDIA LTD,372.35,377.0,372.1,376.0,376.45,-0.12,863561,324698936.0
2026-09-11,DALBHARAT,EQ,INE00R701025,DALMIA BHARAT LIMITED,1745.0,1755.0,1708.0,1746.6,1745.3,0.07,41100,71785259.0
2026-09-11,DALMIASUG,EQ,INE495A01022,DALMIA BHARAT SUG IN LTD,430.0,436.9,414.0,417.35,431.5,-3.28,313193,130711100.46
2026-09-11,DAMCAPITAL,EQ,INE284H01025,DAM CAPITAL ADVISORS LTD,141.0,143.0,140.32,142.43,142.78,-0.25,162057,23081777.32
2026-09-11,DANGEE,EQ,INE688Y01022,DANGEE DUMS LIMITED,2.82,2.82,2.71,2.75,2.82,-2.48,54796,150689.0
2026-09-11,DATAMATICS,EQ,INE365B01017,DATAMATICS GLOBAL SER LTD,770.0,777.95,756.15,760.2,780.45,-2.59,44416,33765043.74
2026-09-11,DATAPATTNS,EQ,INE0IX101010,DATA PATTERNS INDIA LTD,4730.0,4848.0,4655.5,4829.2,4777.2,1.09,561224,2710263050.41
2026-09-11,DAVANGERE,EQ,INE179G01029,DAVANGERE SUGAR COMPANY L,1.95,2.1,1.9,2.1,1.91,9.95,36081250,75770621.56
2026-09-11,DBCORP,EQ,INE950I01011,D.B.CORP LTD,190.03,191.94,188.1,190.79,189.67,0.59,45053,8595661.57
2026-09-11,DBEIL,EQ,INE0OPA01027,DEEPAK BUILDERS & ENG I L,7.2,7.2,6.82,7.06,7.11,-0.7,110846,782572.75
2026-09-11,DBL,EQ,INE917M01012,DILIP BUILDCON LIMITED,407.45,407.45,398.5,403.35,407.75,-1.08,161004,64940964.38
2026-09-11,DBOL,EQ,INE0I3401014,DHAMPUR BIO ORGANICS LTD,120.3,123.25,117.58,118.55,120.38,-1.52,321135,38070555.23
2026-09-11,DBREALTY,EQ,INE879I01012,VALOR ESTATE LIMITED,99.15,99.5,97.0,97.79,100.19,-2.4,888816,86917317.45
2026-09-11,DCAL,EQ,INE385W01011,DISHMAN CARBO AMCIS LTD,167.49,168.35,163.57,167.25,167.49,-0.14,115563,19327911.75
2026-09-11,DCBBANK,EQ,INE503A01015,DCB BANK LIMITED,225.0,226.99,223.41,226.37,227.13,-0.33,1245963,282048638.23
2026-09-11,DCI,EQ,INE0A1101019,DC INFOTECH AND COMUN LTD,272.7,276.8,270.5,271.7,274.6,-1.06,86670,23548240.06
2026-09-11,DCM,EQ,INE498A01018,DCM LTD,76.2,77.0,75.0,75.0,76.2,-1.57,11232,842400.0
2026-09-11,DCMFINSERV,EQ,INE891B01012,DCM FINANCIAL SERVICES LT,5.07,5.28,4.78,5.07,5.22,-2.87,7604,38552.28
2026-09-11,DCMNVL,EQ,INE08KP01019,DCM NOUVELLE LIMITED,171.1,183.96,171.1,178.77,175.2,2.04,16378,2927895.13
2026-09-11,DCMSHRIRAM,EQ,INE499A01024,DCM SHRIRAM LIMITED,1000.2,1004.8,985.7,1000.0,1007.5,-0.74,30875,30875000.0
2026-09-11,DCMSIL,EQ,INE0OU201013,DCM SHRIRAM INTERNATNL L,73.99,73.99,69.72,71.04,72.36,-1.82,188725,13407024.17
2026-09-11,DCMSRIND,EQ,INE843D01027,DCM SHRIRAM IND LTD,41.89,41.89,40.39,40.56,41.76,-2.87,501707,20349236.61
2026-09-11,DCW,EQ,INE500A01029,DCW LTD,46.5,46.86,45.75,46.63,47.06,-0.91,839230,39133295.8
2026-09-11,DCXINDIA,EQ,INE0KL801015,DCX SYSTEMS LIMITED,166.1,167.8,163.55,166.63,167.56,-0.56,315264,52532441.86
2026-09-11,DDEVPLSTIK,EQ,INE0HR601026,DDEV PLASTIKS IND LTD,256.0,260.4,249.7,256.8,256.0,0.31,169491,43525286.73
2026-09-11,DECCANCE,EQ,INE583C01021,DECCAN CEMENTS LIMITED,566.8,625.75,563.0,573.7,571.75,0.34,161187,92472983.87
2026-09-11,DECNGOLD,EQ,INE945F01025,DECCAN GOLD MINES LTD.,225.41,236.8,222.13,229.73,225.88,1.7,3107818,713959015.86
2026-09-11,DEEDEV,EQ,INE841L01016,DEE DEVELOPMENT ENG LTD,645.0,652.95,632.8,639.35,653.45,-2.16,184000,117640395.51
2026-09-11,DEEP,EQ,INE00IY01012,DEEP POLYMERS LTD.,41.38,49.17,40.11,46.08,40.98,12.45,446458,20572785.46
2026-09-11,DEEPA,EQ,INE1M2N01020,DEEPA JEWELLERS LIMITED,194.0,194.25,185.0,185.86,196.04,-5.19,3500638,650628580.82
2026-09-11,DEEPAKFERT,EQ,INE501A01019,DEEPAK FERTILIZERS & PETR,1335.6,1341.3,1316.0,1320.4,1335.6,-1.14,147816,195176250.01
2026-09-11,DEEPAKNTR,EQ,INE288B01029,DEEPAK NITRITE LTD,1634.0,1635.1,1583.2,1587.8,1645.8,-3.52,323567,513759698.4
2026-09-11,DEEPINDS,EQ,INE0FHS01024,DEEP INDUSTRIES LIMITED,784.9,795.5,760.0,774.4,782.8,-1.07,513815,397898348.54
2026-09-11,DEFENCE,EQ,INF769K01QC2,MIRAEAMC - DEFENCE,82.35,82.35,81.09,81.92,82.35,-0.52,297659,24384224.73
2026-09-11,DELHIVERY,EQ,INE148O01028,DELHIVERY LIMITED,445.35,447.4,434.85,439.0,447.7,-1.94,1047933,460042587.0
2026-09-11,DELTACORP,EQ,INE124G01033,DELTA CORP LIMITED,54.0,55.4,53.1,54.15,54.34,-0.35,1394247,75498477.18
2026-09-11,DELTAMAGNT,EQ,INE393A01011,DELTA MANUFACTURING LTD,57.39,57.5,55.85,55.87,56.82,-1.67,665,37153.55
2026-09-11,DEN,EQ,INE947J01015,DEN NETWORKS LTD,27.13,27.13,26.5,26.98,27.05,-0.26,264336,7131785.16
2026-09-11,DENORA,EQ,INE244A01016,DE NORA INDIA LIMITED,802.05,814.2,766.0,798.45,802.05,-0.45,6410,5118064.58
2026-09-11,DENTA,EQ,INE0R4L01018,DENTA WATER N INFRA SOL L,285.1,291.6,280.25,287.75,287.45,0.1,91603,26358763.25
2026-09-11,DEVIT,EQ,INE060X01034,DEV INFO TECHNOLOGY LTD,24.75,25.0,23.82,24.18,23.97,0.88,37864,915551.53
2026-09-11,DEVX,EQ,INE0VOV01021,DEV ACCELERATOR LIMITED,32.88,34.2,32.57,34.05,32.99,3.21,150339,5119042.84
2026-09-11,DEVYANI,EQ,INE872J01023,DEVYANI INTERNATIONAL LTD,135.0,138.4,133.75,137.97,135.92,1.51,2136370,294754971.51
2026-09-11,DGCONTENT,EQ,INE03JI01017,DIGICONTENT LIMITED,23.89,24.68,23.88,24.12,24.09,0.12,3681,88785.72
2026-09-11,DHAMPURSUG,EQ,INE041A01016,DHAMPUR SUGAR MILLS LTD.,167.1,168.35,162.0,163.59,166.33,-1.65,644277,105397272.07
2026-09-11,DHANBANK,EQ,INE680A01011,DHANLAXMI BANK LIMITED,30.68,31.5,30.15,31.15,30.73,1.37,372461,11602160.01
2026-09-11,DHANUKA,EQ,INE435G01025,DHANUKA AGRITECH LTD,979.7,989.65,965.0,980.0,979.7,0.03,21689,21255220.0
2026-09-11,DHARMAJ,EQ,INE00OQ01016,DHARMAJ CROP GUARD LTD,270.0,271.0,262.8,269.35,270.0,-0.24,58585,15779870.11
2026-09-11,DHATRE,EQ,INE715T01031,DHATRE UDYOG LTD.,4.24,4.4,4.2,4.31,4.14,4.11,25752,110991.12
2026-09-11,DHOOTTRANS,EQ,INE01NH01023,DHOOT TRANSMISSION LTD,1552.0,1728.7,1531.5,1728.7,1571.6,10.0,5862704,10134856118.54
2026-09-11,DHRUV,EQ,INE506Z01015,DHRUV CONSULTANCY SER LTD,23.48,23.48,21.66,21.84,22.79,-4.17,16609,362740.56
2026-09-11,DHUNINV,EQ,INE320L01011,DHUNSERI INVESTMENTS LTD,982.1,1007.65,980.2,995.0,991.5,0.35,304,302480.0
2026-09-11,DIAMINESQ,EQ,INE591D01014,DIAMINES & CHEMICALS LTD,251.01,259.0,251.0,258.27,258.09,0.07,2539,655747.5
2026-09-11,DIAMONDYD,EQ,INE393P01035,PRATAAP SNACKS LIMITED,1108.5,1110.0,1093.0,1108.4,1115.6,-0.65,6366,7056074.56
2026-09-11,DICIND,EQ,INE303A01010,DIC INDIA LIMITED,602.0,619.75,600.0,602.1,601.25,0.14,2447,1473338.64
2026-09-11,DIFFNKG,EQ,INE184O01015,DIFFUSION ENGINEERS LTD,448.55,459.95,442.0,449.5,449.55,-0.01,124277,55862511.5
2026-09-11,DIGIDRIVE,EQ,INE0PSC01024,DIGIDRIVE DISTRIBUTORS L,17.5,17.5,17.1,17.15,17.47,-1.83,11469,196693.35
2026-09-11,DIGISPICE,EQ,INE927C01020,DIGISPICE TECHNOLOGIES LT,17.0,17.35,16.21,16.87,16.53,2.06,141198,2382010.38
2026-09-11,DIGITIDE,EQ,INE0U4701011,DIGITIDE SOLUTIONS LTD,88.47,90.31,86.25,88.75,88.28,0.53,238604,21176105.0
2026-09-11,DISAQ,EQ,INE131C01011,DISA INDIA LTD.,11845.0,11962.0,11623.0,11688.0,11849.0,-1.36,280,3272640.0
2026-09-11,DISHTV,EQ,INE836F01026,DISH TV INDIA LTD.,2.38,2.5,2.33,2.5,2.39,4.6,1281496,3203740.0
2026-09-11,DIVGIITTS,EQ,INE753U01022,DIVGI TORQTRANSFER SYST L,1168.0,1215.0,1146.1,1188.3,1171.3,1.45,136129,161762097.35
2026-09-11,DIVIDEND,EQ,INF769K01PY8,MIRAEAMC - DIVIDEND,35.17,35.17,34.77,34.86,35.0,-0.4,4455,155301.3
2026-09-11,DIVISLAB,EQ,INE361B01024,DIVI S LABORATORIES LTD,9370.0,9415.0,9310.5,9322.0,9438.5,-1.23,516756,4817199432.0
2026-09-11,DIVOPPBEES,EQ,INF204KA1MS3,NIP IND ETF DIV OPP,75.02,75.41,74.4,74.92,75.31,-0.52,32493,2434375.5
2026-09-11,DIXON,EQ,INE935N01020,DIXON TECHNO (INDIA) LTD,13300.0,13490.0,12980.0,13425.0,13500.0,-0.56,549928,7382783400.0
2026-09-11,DJML,EQ,INE0B1K01014,DJ MEDIAPRINT & LOG LTD,83.0,83.0,80.11,82.39,81.75,0.78,53632,4418740.45
2026-09-11,DLF,EQ,INE271C01023,DLF LIMITED,650.0,651.4,630.0,644.5,655.85,-1.73,4502321,2901745884.5
2026-09-11,DLINKINDIA,EQ,INE250K01012,D-LINK INDIA LTD,433.8,437.2,428.85,434.25,433.8,0.1,42937,18645392.25
2026-09-11,DMART,EQ,INE192R01011,AVENUE SUPERMARTS LIMITED,3677.8,3706.2,3650.0,3688.0,3690.0,-0.05,710188,2619173344.0
2026-09-11,DMCC,EQ,INE505A01010,DMCC SPECIALITY CHEMICALS,292.8,292.8,284.55,287.55,291.95,-1.51,79664,22907382.23
2026-09-11,DNAMEDIA,EQ,INE016M01021,DILIGENT MEDIA CORP LTD.,2.48,2.56,2.45,2.51,2.48,1.21,18152,45561.52
2026-09-11,DODLA,EQ,INE021O01019,DODLA DAIRY LIMITED,1090.1,1103.3,1068.1,1090.8,1090.1,0.06,20513,22375581.4
2026-09-11,DOLATALGO,EQ,INE966A01022,DOLAT ALGOTECH LIMITED,68.93,69.98,68.02,69.32,69.77,-0.64,89632,6213290.21
2026-09-11,DOLLAR,EQ,INE325C01035,DOLLAR INDUSTRIES LIMITED,270.0,276.9,265.6,273.55,271.8,0.64,119178,32601140.45
2026-09-11,DOLLEX,EQ,INE0JHH01011,DOLLEX AGROTECH LIMITED,35.0,38.95,35.0,38.45,39.05,-1.54,215183,8273786.51
2026-09-11,DOLPHIN,EQ,INE920A01037,DOLPHIN OFF ENT (IND) L,650.05,668.7,627.2,649.0,654.0,-0.76,66808,43358392.0
2026-09-11,DOMS,EQ,INE321T01012,DOMS INDUSTRIES LIMITED,2151.0,2165.1,2110.0,2121.0,2165.6,-2.06,28530,60512130.0
2026-09-11,DONEAR,EQ,INE668D01028,DONEAR IND. LIMITED,85.21,85.99,84.01,85.03,85.21,-0.21,13507,1148500.19
2026-09-11,DPABHUSHAN,EQ,INE266Y01019,D. P. ABHUSHAN LIMITED,1369.9,1369.9,1325.4,1340.6,1369.3,-2.1,23180,31075107.43
2026-09-11,DRAGARWQ,EQ,INE934C01018,DR. AGARWAL'S EYE HOSP L,5252.0,5350.5,5252.0,5306.5,5306.0,0.01,976,5179144.0
2026-09-11,DRCSYSTEMS,EQ,INE03RS01027,DRC SYSTEMS INDIA LIMITED,12.9,12.98,12.63,12.92,12.86,0.47,26002,335945.84
2026-09-11,DREAMFOLKS,EQ,INE0JS101016,DREAMFOLKS SERVICES LTD,66.6,66.99,65.27,66.12,67.12,-1.49,37033,2448622.06
2026-09-11,DREDGECORP,EQ,INE506A01018,DREDGING CORP OF INDIA,1025.5,1046.0,1009.1,1039.7,1030.7,0.87,59951,62331051.77
2026-09-11,DRREDDY,EQ,INE089A01031,DR. REDDY S LABORATORIES,1130.0,1182.0,1130.0,1165.5,1143.0,1.97,2403285,2801028667.5
2026-09-11,DSSL,EQ,INE417B01040,DYNACONS SYS & SOLN LTD,1030.0,1080.0,1015.3,1059.1,1032.2,2.61,32122,34020409.42
2026-09-11,DUCON,EQ,INE741L01018,DUCON INFRATECHNOLOGIES L,1.81,1.81,1.75,1.78,1.78,0.0,760655,1353965.88
2026-09-11,DVL,EQ,INE477B01010,DHUNSERI VENTURES LIMITED,286.7,290.0,282.45,286.2,285.1,0.39,8642,2473340.51
2026-09-11,DWARKESH,EQ,INE366A01041,DWARIKESH SUGAR IND LTD,45.65,47.45,44.52,44.74,45.78,-2.27,4383063,196098245.98
2026-09-11,DYCL,EQ,INE600Y01019,DYNAMIC CABLES LIMITED,452.1,462.3,442.05,455.45,454.65,0.18,397841,181196688.31
2026-09-11,DYNAMATECH,EQ,INE221B01012,DYNAMATIC TECHNOLOGIES,11463.0,12300.0,11250.0,12097.0,11543.0,4.8,62178,752167266.0
2026-09-11,DYNPRO,EQ,INE256H01015,DYNEMIC PRODUCTS LIMITED,235.0,235.0,231.0,232.18,237.05,-2.05,10634,2469002.04
2026-09-11,EASEMYTRIP,EQ,INE07O001026,EASY TRIP PLANNERS LTD,5.8,5.94,5.74,5.83,5.79,0.69,17129400,99864400.69
2026-09-11,EASTWEST,EQ,INE595R01023,EAST WEST FREIGHT CARRI L,2.36,2.38,2.29,2.36,2.34,0.85,26955,63613.8
2026-09-11,EBANK10,EQ,INF754K01XH9,EDELAMC - EBANK10,16.41,16.45,16.18,16.45,16.25,1.23,6818,112156.11
2026-09-11,EBANKNIFTY,EQ,INF754K01TE4,EDELAMC - EBANKNIFTY,57.01,57.25,56.25,56.94,57.06,-0.21,2370,134947.8
2026-09-11,EBBETF0430,EQ,INF754K01KO2,EDELAMC - EBBETF0430,1604.14,1616.98,1604.14,1608.01,1612.2,-0.26,34294,55145095.27
2026-09-11,EBBETF0431,EQ,INF754K01LE1,EDELAMC - EBBETF0431,1444.39,1444.39,1432.01,1432.97,1439.23,-0.43,6760,9686877.0
2026-09-11,EBBETF0433,EQ,INF754K01QX0,EDELAMC - EBBETF0433,1309.17,1311.97,1307.0,1308.54,1309.17,-0.05,1418,1855509.78
2026-09-11,EBGNG,EQ,INE18JU01028,GNG ELECTRONICS LIMITED,671.0,686.75,666.1,679.65,677.95,0.25,518414,352340087.76
2026-09-11,ECAPINSURE,EQ,INF754K01TX4,EDELAMC - ECAPINSURE,23.25,23.39,23.02,23.35,23.28,0.3,35535,829742.26
2026-09-11,ECLERX,EQ,INE738I01010,ECLERX SERVICES LTD,1875.0,1917.0,1864.2,1899.6,1899.8,-0.01,107578,204355166.17
2026-09-11,ECORECO,EQ,INE316A01038,ECO RECYCLING LTD.,440.0,441.0,423.05,435.5,437.25,-0.4,8801,3832835.5
2026-09-11,ECOSMOBLTY,EQ,INE06HJ01020,ECOS (INDIA) MOB & HOSP L,111.0,112.98,109.82,111.68,111.73,-0.04,36406,4065822.09
2026-09-11,EDELWEISS,EQ,INE532F01054,EDELWEISS FIN SERV LTD,134.0,134.98,130.3,132.43,136.74,-3.15,9724312,1287790566.94
2026-09-11,EFCIL,EQ,INE886D01026,EFC (I) LIMITED,187.99,187.99,184.0,185.18,188.04,-1.52,85983,15922331.31
2026-09-11,EGOLD,EQ,INF754K01SE6,EDELAMC - EGOLD,151.6,151.9,150.0,151.05,152.6,-1.02,86655,13089238.01
2026-09-11,EICHERMOT,EQ,INE066A01021,EICHER MOTORS LTD,7600.0,7633.0,7530.0,7530.0,7697.0,-2.17,444280,3345428400.0
2026-09-11,EIDPARRY,EQ,INE126A01031,EID PARRY INDIA LTD,733.35,733.35,719.0,721.05,733.95,-1.76,326581,235481226.06
2026-09-11,EIEL,EQ,INE0LLY01014,ENVIRO INFRA ENGINEERS L,209.0,209.0,202.09,207.11,211.65,-2.15,1550750,321175833.45
2026-09-11,EIHAHOTELS,EQ,INE276C01014,EIH ASSOCIATED HOTELS LTD,293.2,293.2,284.6,287.45,291.55,-1.41,15104,4341644.98
2026-09-11,EIHOTEL,EQ,INE230A01023,EIH LIMITED,283.9,287.5,281.6,286.45,285.05,0.49,104848,30033710.88
2026-09-11,EIMCOELECO,EQ,INE158B01016,EIMCO ELECON (INDIA) LTD,2279.0,2335.0,2255.4,2325.5,2291.4,1.49,27993,65097721.5
2026-09-11,EKC,EQ,INE184H01027,EVEREST KANTO CYLINDERLTD,101.41,102.61,100.0,101.8,102.39,-0.58,101748,10357946.71
2026-09-11,EKI,EQ,INE0CPR01018,EKI ENERGY SERVICES LTD,70.11,71.9,68.13,69.28,70.73,-2.05,14683,1017238.22
2026-09-11,ELANTAS,EQ,INE280B01018,ELANTAS BECK INDIA LTD.,13397.0,14769.0,13162.0,14513.0,13397.0,8.33,23985,348094305.0
2026-09-11,ELCIDIN,EQ,INE927X01018,ELCID INVESTMENTS LTD.,105000.0,107000.0,105000.0,106850.0,106400.0,0.42,6,641100.0
2026-09-11,ELDEHSG,EQ,INE668G01021,ELDECO HSG & IND LTD.,782.0,795.9,780.0,783.5,781.6,0.24,367,287544.5
2026-09-11,ELECON,EQ,INE205B01031,ELECON ENG. CO. LTD,418.0,426.0,412.1,422.1,420.5,0.38,298340,125929315.82
2026-09-11,ELECTCAST,EQ,INE086A01029,ELECTROSTEEL CASTINGS LTD,79.79,79.79,76.5,77.62,79.86,-2.8,1640745,127354631.41
2026-09-11,ELECTHERM,EQ,INE822G01016,ELECTROTHERM (I) LTD.,943.0,972.0,934.65,956.3,943.0,1.41,225365,215516546.75
2026-09-11,ELGIEQUIP,EQ,INE285A01027,ELGI EQUIPMENTS LTD,621.15,627.6,610.65,617.7,621.6,-0.63,335930,207503965.1
2026-09-11,ELGIRUBCO,EQ,INE819L01012,ELGI RUBBER CO. LTD,61.0,61.0,57.2,58.48,59.87,-2.32,38468,2249608.62
2026-09-11,ELIN,EQ,INE050401020,ELIN ELECTRONICS LIMITED,93.11,93.11,90.5,90.96,92.62,-1.79,159232,14483742.57
2026-09-11,ELIQUID,EQ,INF754K01VW2,EDELAMC - ELIQUID,1047.93,1047.93,1047.59,1047.59,1047.09,0.05,49832,52203503.18
2026-09-11,ELITECON,EQ,INE669R01026,ELITECON INTERNATIONAL L,7.97,8.19,7.96,8.18,7.8,4.87,13024169,106537706.39
2026-09-11,ELLEN,EQ,INE236E01022,ELLENBARRIE INDUS GASES L,373.0,384.0,366.1,380.2,373.5,1.79,1713956,651646092.12
2026-09-11,ELM250,EQ,INF754K01VV4,EDELAMC - ELM250,16.22,16.65,16.18,16.31,16.3,0.06,123028,2006586.61
2026-09-11,ELMDIV,EQ,INF754K01XI7,EDELAMC - ELMDIV,36.14,36.45,35.6,36.26,35.81,1.26,1154,41844.04
2026-09-11,ELPROINTL,EQ,INE579B01039,ELPRO INTERNATIONAL LTD,173.4,174.74,172.8,173.24,173.76,-0.3,10781,1867700.5
2026-09-11,EMAMILTD,EQ,INE548C01032,EMAMI LIMITED,370.0,370.0,363.0,363.8,370.85,-1.9,801488,291581324.62
2026-09-11,EMAMIREAL,EQ,INE778K01012,EMAMI REALTY LIMITED,72.31,74.5,69.16,69.8,72.31,-3.47,14904,1040299.25
2026-09-11,EMBDL,EQ,INE069I01010,EMBASSY DEVELOPMENTS LTD,57.31,57.32,55.04,55.28,57.6,-4.03,2777678,153550036.45
2026-09-11,EMCURE,EQ,INE168P01015,EMCURE PHARMACEUTICALS L,1965.0,1999.0,1948.2,1978.9,1962.8,0.82,122389,242195595.09
2026-09-11,EMETAL,EQ,INF754K01XG1,EDELAMC - EMETAL,13.49,13.49,12.87,13.06,13.49,-3.19,66044,862534.67
2026-09-11,EMIL,EQ,INE02YR01019,ELECTRONICS MART IND LTD,191.85,192.97,185.5,188.38,191.82,-1.79,2336802,440206772.17
2026-09-11,EMKAY,EQ,INE296H01011,EMKAY GLOBAL FIN SERV LTD,248.0,253.8,242.4,250.9,249.2,0.68,16946,4251751.3
2026-09-11,EMMVEE,EQ,INE1C6T01020,EMMVEE PHOTOVOLTAIC PWR L,342.65,348.2,332.9,346.0,342.65,0.98,3747104,1296497984.0
2026-09-11,EMPIND,EQ,INE515H01014,EMPIRE INDUSTRIES LTD.,1052.3,1062.9,1050.1,1054.0,1062.5,-0.8,2614,2755156.0
2026-09-11,EMPOWER,EQ,INE507F01023,EMPOWER INDIA LTD.,2.23,2.29,2.23,2.28,2.19,4.11,25714397,58628824.42
2026-09-11,EMSLIMITED,EQ,INE0OV601013,EMS LIMITED,385.55,387.95,379.5,383.1,391.4,-2.12,170750,65414326.04
2026-09-11,EMUDHRA,EQ,INE01QM01018,EMUDHRA LIMITED,492.0,498.1,489.0,494.05,497.9,-0.77,146792,72522585.81
2026-09-11,EMULTIMQ,EQ,INF754K01TF1,EDELAMC - EMULTIMQ,42.1,42.1,41.32,41.85,42.1,-0.59,14210,594688.48
2026-09-11,ENDURANCE,EQ,INE913H01037,ENDURANCE TECHNO. LTD.,2700.0,2733.3,2678.0,2692.6,2715.9,-0.86,56131,151138336.08
2026-09-11,ENERGY,EQ,INF769K01PR2,MIRAEAMC - ENERGY,38.97,38.97,38.15,38.3,38.42,-0.31,465300,17820989.65
2026-09-11,ENERGYAXIS,EQ,INF846KA1598,AXISAMC - ENERGYAXIS,19.51,19.51,18.97,19.06,19.18,-0.63,14940,284756.39
2026-09-11,ENERGYDEV,EQ,INE306C01019,ENERGY DEVE. CO.LTD,15.27,15.39,14.62,14.92,15.12,-1.32,20713,309037.96
2026-09-11,ENEXT50,EQ,INF754K01XF3,EDELAMC - ENEXT50,71.03,72.73,70.94,72.21,72.1,0.15,1951,140881.71
2026-09-11,ENGINERSIN,EQ,INE510A01028,ENGINEERS INDIA LTD,270.6,272.25,267.1,268.95,272.05,-1.14,1652427,444420261.82
2026-09-11,ENIFTY,EQ,INF754K01VX0,EDELAMC - ENIFTY,24.2,24.2,23.34,23.63,23.61,0.08,62822,1484483.81
2026-09-11,ENIL,EQ,INE265F01028,ENTERTAIN NET. IND. LTD.,101.68,102.0,99.02,101.24,101.74,-0.49,8264,836647.34
2026-09-11,ENKEIWHEL,EQ,INE130L01014,ENKEI WHEELS (INDIA) LTD.,397.4,406.6,380.4,399.0,392.2,1.73,2634,1050966.0
2026-09-11,ENRIN,EQ,INE1NPP01017,SIEMENS ENERGY INDIA LTD,3167.0,3191.0,3124.0,3181.3,3179.1,0.07,209741,667249053.54
2026-09-11,ENTERO,EQ,INE010601016,ENTERO HEALTHCARE SOLU L,1792.9,1840.4,1792.9,1815.4,1792.9,1.25,98792,179346999.21
2026-09-11,EPACK,EQ,INE0G5901015,EPACK DURABLE LIMITED,186.5,187.85,184.0,185.15,188.14,-1.59,281411,52103244.93
2026-09-11,EPACKPEB,EQ,INE0MLS01022,EPACK PREFAB TECHN LTD,236.0,242.49,229.41,240.44,239.03,0.59,1131348,272021315.88
2026-09-11,EPIGRAL,EQ,INE071N01016,EPIGRAL LIMITED,1155.9,1155.9,1117.0,1131.1,1149.8,-1.63,22425,25364916.95
2026-09-11,EPL,EQ,INE255A01020,EPL LIMITED,244.7,244.7,237.7,239.3,245.25,-2.43,2253374,539232405.08
2026-09-11,EQUAL200,EQ,INF769K01OA1,MIRAEAMC - EQUAL200,13.52,13.61,13.48,13.59,13.64,-0.37,99106,1346850.56
2026-09-11,EQUAL50,EQ,INF769K01OO2,MIRAEAMC - EQUAL50,328.12,328.12,321.41,324.09,324.87,-0.24,81887,26538757.53
2026-09-11,EQUAL50ADD,EQ,INF740KA1QK2,DSPAMC - DSPNEWETF,334.1,335.2,332.11,334.19,335.86,-0.5,32089,10723822.99
2026-09-11,EQUITASBNK,EQ,INE063P01018,EQUITAS SMALL FIN BNK LTD,71.71,73.75,71.3,73.15,72.63,0.72,1535970,112356207.84
2026-09-11,ERIS,EQ,INE406M01024,ERIS LIFESCIENCES LIMITED,1356.6,1362.0,1335.1,1355.5,1356.6,-0.08,24968,33844124.0
2026-09-11,ESABINDIA,EQ,INE284A01012,ESAB INDIA LTD,5880.5,5915.0,5740.0,5884.0,5824.0,1.03,4246,24983464.0
2026-09-11,ESCORTS,EQ,INE042A01014,ESCORTS KUBOTA LIMITED,2930.0,2949.6,2884.9,2899.7,2958.4,-1.98,42588,123492421.52
2026-09-11,ESDS,EQ,INE0DRI01029,ESDS SOFTWARE SOLUTION L,1600.0,1740.4,1582.7,1740.4,1582.2,10.0,7498763,13050847308.28
2026-09-11,ESENSEX,EQ,INF754K01VY8,EDELAMC - ESENSEX,75.19,75.62,74.88,75.52,75.45,0.09,1600,120831.99
2026-09-11,ESG,EQ,INF769K01GS9,MIRAEAMC - MAESGETF,39.99,40.34,39.95,40.18,40.18,0.0,31838,1279250.85
2026-09-11,ESILVER,EQ,INF754K01SF3,EDELAMC - ESILVER,228.0,228.0,223.46,226.52,233.29,-2.9,44105,9990664.79
2026-09-11,ESSARSHPNG,EQ,INE122M01019,ESSAR SHIPPING LTD,16.1,16.38,15.91,16.31,16.1,1.3,92645,1511039.9
2026-09-11,ESSENTIA,EQ,INE418N01035,INTEGRA ESSENTIA LIMITED,1.07,1.07,1.04,1.06,1.06,0.0,1743261,1847856.56
2026-09-11,ESTER,EQ,INE778B01029,ESTER INDUSTRIES LTD,89.23,90.48,89.12,89.89,90.54,-0.72,32880,2955583.18
2026-09-11,ETERNAL,EQ,INE758T01015,ETERNAL LIMITED,317.95,324.8,316.05,323.5,322.1,0.43,22712054,7347349469.0
2026-09-11,ETHOSLTD,EQ,INE04TZ01018,ETHOS LIMITED,2654.0,2668.0,2612.5,2635.4,2687.4,-1.93,52075,137238449.91
2026-09-11,EUREKAFORB,EQ,INE0KCE01017,EUREKA FORBES LIMITED,395.0,402.0,388.6,394.15,397.35,-0.81,141916,55936190.53
2026-09-11,EUROBOND,EQ,INE505V01016,EURO PANEL PRODUCTS LTD,154.0,155.0,148.05,150.46,150.0,0.31,3318,499226.3
2026-09-11,EUROPRATIK,EQ,INE198501012,EURO PRATIK SALES LIMITED,243.0,255.3,238.1,245.7,247.75,-0.83,196361,48245897.1
2026-09-11,EVEREADY,EQ,INE128A01029,EVEREADY INDS. IND.  LTD.,366.2,368.9,355.7,363.0,366.2,-0.87,205568,74621184.0
2026-09-11,EVIETF,EQ,INF109K1A153,ICICIPRAMC - EVIETF,32.11,32.15,31.7,31.97,32.14,-0.53,220571,7051654.72
2026-09-11,EVINDIA,EQ,INF769K01LQ3,MIRAEAMC - EVINDIA,32.77,32.77,31.71,31.99,32.13,-0.44,214172,6851362.23
2026-09-11,EXCELINDUS,EQ,INE369A01029,EXCEL INDUSTRIES LTD,995.0,995.0,961.2,980.8,992.6,-1.19,11159,10944747.06
2026-09-11,EXCELSOFT,EQ,INE606N01019,EXCELSOFT TECHNOLOGIES L,80.81,81.84,79.26,81.03,80.08,1.19,2108387,170842596.04
2026-09-11,EXICOM,EQ,INE777F01014,EXICOM TELE SYSTEMS LTD,175.65,183.5,172.17,182.28,176.73,3.14,1693706,308728727.61
2026-09-11,EXIDEIND,EQ,INE302A01020,EXIDE INDUSTRIES LTD,418.25,418.45,411.45,412.65,420.85,-1.95,1294606,534219158.0
2026-09-11,EXPLEOSOL,EQ,INE201K01015,EXPLEO SOLUTIONS LIMITED,883.0,892.95,873.2,889.5,883.8,0.64,9546,8491167.0
2026-09-11,EXXARO,EQ,INE0GFE01026,EXXARO TILES LIMITED,6.54,6.54,6.28,6.38,6.37,0.16,206060,1314662.82
2026-09-11,FABTECH,EQ,INE0HF201011,FABTECH TECHNOLOGIES LTD,146.0,148.35,146.0,147.02,147.42,-0.27,80611,11851429.56
2026-09-11,FACT,EQ,INE188A01015,FACT LTD,781.95,782.5,775.2,779.6,789.95,-1.31,61387,47857303.7
2026-09-11,FAZE3Q,EQ,INE963C01033,FAZE THREE LIMITED,484.3,498.9,474.05,489.45,486.4,0.63,13163,6442630.51
2026-09-11,FCL,EQ,INE045J01034,FINEOTEX CHEMICAL LIMITED,58.36,59.14,56.53,57.72,58.71,-1.69,23377217,1349332993.78
2026-09-11,FCSSOFT,EQ,INE512B01022,FCS SOFTWARE SOLN. LTD.,1.42,1.46,1.4,1.44,1.41,2.13,2063349,2971222.68
2026-09-11,FDC,EQ,INE258B01022,FDC LIMITED,344.0,344.8,339.0,341.45,345.35,-1.13,136483,46602122.02
2026-09-11,FEDDERSHOL,EQ,INE417D01020,FEDDERS HOLDING LTD.,48.5,49.32,48.5,48.51,48.42,0.19,1182463,57361278.15
2026-09-11,FEDERALBNK,EQ,INE171A01029,FEDERAL BANK LTD,343.0,345.3,341.15,344.5,346.0,-0.43,3188640,1098486480.0
2026-09-11,FEDFINA,EQ,INE007N01010,FEDBANK FINANCIAL SER L,156.36,159.49,155.78,158.53,158.88,-0.22,777351,123233453.08
2026-09-11,FERMENTA,EQ,INE225B01021,FERMENTA BIOTECH LTD.,484.0,484.0,471.0,474.65,483.65,-1.86,53319,25307863.02
2026-09-11,FIBERWEB,EQ,INE296C01020,FIBERWEB INDIA LIMITED,26.89,27.94,25.46,27.1,26.98,0.44,53439,1448196.92
2026-09-11,FIEMIND,EQ,INE737H01014,FIEM INDUSTRIES LIMITED,1973.0,2029.0,1947.9,2009.5,1986.8,1.14,52734,105968973.0
2026-09-11,FILATEX,EQ,INE816B01035,FILATEX INDIA LTD,76.0,90.9,74.27,87.41,76.25,14.64,38898608,3400127467.73
2026-09-11,FILATFASH,EQ,INE185E01021,FILATEX FASHIONS LIMITED,0.18,0.19,0.17,0.18,0.18,0.0,24532367,4415826.24
2026-09-11,FINCABLES,EQ,INE235A01022,FINOLEX CABLES LTD,1406.4,1498.0,1340.1,1424.0,1418.4,0.39,3358636,4782697664.0
2026-09-11,FINEORG,EQ,INE686Y01026,FINE ORGANIC IND. LTD.,5156.0,5180.5,5056.5,5167.5,5156.0,0.22,16852,87082710.0
2026-09-11,FINIETF,EQ,INF109KC17L8,ICICIPRAMC-ICICIFIN,33.16,33.16,31.81,32.4,32.36,0.12,255467,8277131.19
2026-09-11,FINKURVE,EQ,INE734I01027,FINKURVE FINANCIAL SERV L,67.08,74.92,66.16,72.49,66.73,8.63,794258,57575760.72
2026-09-11,FINOPB,EQ,INE02NC01014,FINO PAYMENTS BANK LTD,140.5,141.78,137.21,139.83,139.95,-0.09,229846,32139366.6
2026-09-11,FINPIPE,EQ,INE183A01024,FINOLEX INDUSTRIES LTD,155.1,155.77,152.9,153.45,157.08,-2.31,316277,48532704.68
2026-09-11,FIRSTCRY,EQ,INE02RE01045,BRAINBEES SOLUTIONS LTD,170.0,170.05,166.95,168.83,171.38,-1.49,749261,126497736.0
2026-09-11,FISCHER,EQ,INE771F01041,FISCHER MEDICAL VENTURE L,35.29,36.14,33.68,35.87,34.9,2.78,580113,20808652.69
2026-09-11,FIVESTAR,EQ,INE128S01021,FIVE-STAR BUS FIN LTD,525.75,556.85,521.0,551.05,530.65,3.84,1960216,1080177002.87
2026-09-11,FLAIR,EQ,INE00Y201027,FLAIR WRITING INDUST LTD,234.86,238.43,234.01,236.08,238.54,-1.03,71616,16907105.41
2026-09-11,FLEXIADD,EQ,INF740KA1WU9,DSPAMC - FLEXIADD,9.79,9.83,9.68,9.77,9.79,-0.2,77407,756266.43
2026-09-11,FLUOROCHEM,EQ,INE09N301011,GUJARAT FLUOROCHEM LTD,4750.0,4820.0,4730.0,4773.2,4786.3,-0.27,130082,620907427.81
2026-09-11,FMCGADD,EQ,INF740KA1ZA4,DSPAMC - FMCGADD,45.4,45.6,45.01,45.52,45.4,0.26,35532,1617416.66
2026-09-11,FMCGIETF,EQ,INF109KC19V3,ICICIPRAMC - ICICIFMCG,48.65,48.78,48.25,48.6,48.65,-0.1,1558291,75732940.22
2026-09-11,FMGOETZE,EQ,INE529A01010,FEDERAL-MOGUL GOETZE (IND,440.0,464.95,431.2,461.0,443.55,3.93,611438,281872918.0
2026-09-11,FMNL,EQ,INE360L01017,FUTURE MKT NETWORKS LTD,9.14,9.59,9.02,9.43,9.15,3.06,14442,136188.06
2026-09-11,FOODSIN,EQ,INE976E01023,FOODS & INNS LIMITED,55.77,55.95,54.01,55.23,56.77,-2.71,93506,5164336.34
2026-09-11,FORCEMOT,EQ,INE451A01017,FORCE MOTORS LIMITED,18000.0,18048.0,17630.0,17705.0,18175.0,-2.59,65131,1153144355.0
2026-09-11,FORTIS,EQ,INE061F01013,FORTIS HEALTHCARE LTD,897.5,900.0,885.0,887.8,902.45,-1.62,784589,696558104.62
2026-09-11,FOSECOIND,EQ,INE519A01011,FOSECO INDIA LTD,6231.5,6351.5,6100.0,6194.5,6194.0,0.01,9080,56246060.0
2026-09-11,FRACTAL,EQ,INE212S01015,FRACTAL ANALYTICS LIMITED,766.65,781.1,759.1,764.45,766.65,-0.29,662525,506467244.34
2026-09-11,FREDUN,EQ,INE194R01017,FREDUN PHARMACEUTICALS L,1450.0,1450.0,1400.0,1412.2,1461.2,-3.35,25210,35601560.77
2026-09-11,FRONTSP,EQ,INE572D01014,FRONTIER SPRINGS LTD.,1255.0,1255.0,1231.0,1240.0,1255.0,-1.2,10679,13241960.0
2026-09-11,FSL,EQ,INE684F01012,FIRSTSOURCE SOLU. LTD.,250.85,251.0,246.65,247.6,251.35,-1.49,557943,138146690.21
2026-09-11,FUSION,EQ,INE139R01012,FUSION FINANCE LIMITED,189.15,193.45,184.42,189.72,190.68,-0.5,1012761,192141018.16
2026-09-11,GABRIEL,EQ,INE524A01029,GABRIEL INDIA LTD,1326.3,1369.3,1314.1,1346.4,1338.7,0.58,116059,156261840.43
2026-09-11,GAEL,EQ,INE036B01030,GUJARAT AMBUJA EXPORTS LT,162.4,164.45,160.91,163.08,164.8,-1.04,569293,92840303.48
2026-09-11,GAIL,EQ,INE129A01019,GAIL (INDIA) LTD,173.5,175.18,173.01,173.62,174.49,-0.5,6770227,1175446778.68
2026-09-11,GAJA,EQ,INE18UN01038,GAJA ALT ASSET MGT LTD,155.0,155.2,151.0,152.6,155.33,-1.76,695770,106174506.25
2026-09-11,GALAPREC,EQ,INE0RE001014,GALA PRECISION ENG LTD,1027.0,1043.5,1013.4,1031.0,1038.0,-0.67,26357,27174067.0
2026-09-11,GALAXYSURF,EQ,INE600K01018,GALAXY SURFACTANTS LTD,2247.4,2248.7,2172.0,2187.3,2247.4,-2.67,24175,52877978.68
2026-09-11,GALLANTT,EQ,INE297H01019,GALLANTT ISPAT LIMITED,550.0,550.0,541.3,546.4,553.25,-1.24,45220,24708209.1
2026-09-11,GANDHAR,EQ,INE717W01049,GANDHAR OIL REFINE IND L,271.3,274.95,266.55,272.7,271.3,0.52,748277,204055147.03
2026-09-11,GANDHITUBE,EQ,INE524B01027,GANDHI SPL. TUBES LTD,899.3,899.3,886.0,887.75,899.3,-1.28,3500,3107125.0
2026-09-11,GANECOS,EQ,INE845D01014,GANESHA ECOSPHERE LIMITED,1031.0,1037.9,1008.4,1013.3,1048.6,-3.37,60954,61764687.46
2026-09-11,GANESHCP,EQ,INE652V01016,GANESH CONSUMER PRODUCT L,166.98,169.49,165.25,167.36,166.98,0.23,278416,46595701.93
2026-09-11,GANESHHOU,EQ,INE460C01014,GANESH HOUSING LIMITED,765.45,771.6,752.4,763.4,772.95,-1.24,25527,19487312.42
2026-09-11,GANGAFORGE,EQ,INE691Z01023,GANGA FORGING LIMITED,1.63,1.63,1.55,1.58,1.6,-1.25,4435014,7007322.31
2026-09-11,GANGESSECU,EQ,INE335W01016,GANGES SECURITIES LIMITED,118.0,118.0,115.0,115.11,115.62,-0.44,541,62274.51
2026-09-11,GARFIBRES,EQ,INE276A01018,GARWARE TECH FIBRES LTD,780.95,808.8,772.4,795.7,784.5,1.43,47380,37700266.58
2026-09-11,GARUDA,EQ,INE0JVO01026,GARUDA CONSTRUCT N ENG L,178.4,183.7,175.25,181.9,179.29,1.46,747410,135953874.44
2026-09-11,GATEWAY,EQ,INE079J01017,GATEWAY DISTRIPARKS LTD,53.22,53.7,53.02,53.35,53.65,-0.56,552261,29463123.51
2026-09-11,GAUDIUMIVF,EQ,INE0P8B01020,GAUDIUM IVF N WOMEN H L,115.88,121.02,111.75,117.75,115.26,2.16,241339,28417667.25
2026-09-11,GAYAHWS,EQ,INE287Z01012,GAYATRI HIGHWAYS LIMITED,1.93,1.93,1.85,1.92,1.9,1.05,113257,217453.44
2026-09-11,GAYAPROJ,EQ,INE336H01023,GAYATRI PROJECTS LTD,25.3,26.04,24.5,26.03,24.8,4.96,2686464,69928659.76
2026-09-11,GCSL,EQ,INE199P01028,GRETEX CORPORATE SERVICES,609.9,613.45,598.1,600.7,614.8,-2.29,862249,517952984.83
2026-09-11,GEEKAYWIRE,EQ,INE669X01032,GEEKAY WIRES LIMITED,28.62,28.84,27.26,27.83,28.62,-2.76,106072,2951983.75
2026-09-11,GEMAROMA,EQ,INE06XZ01023,GEM AROMATICS LIMITED,164.32,164.44,159.29,160.87,165.09,-2.56,84214,13547505.77
2026-09-11,GENCON,EQ,INE854S01022,GENERIC ENG CONS PROJ LTD,41.71,42.06,40.6,41.01,41.91,-2.15,237259,9729991.19
2026-09-11,GENESYS,EQ,INE727B01026,GENESYS INTL CORPN LTD,291.81,316.94,286.98,307.81,299.67,2.72,2809027,864646594.01
2026-09-11,GENUSPAPER,EQ,INE949P01018,GENUS P&B LIMITED,12.19,12.19,11.8,12.04,12.1,-0.5,82560,994022.4
2026-09-11,GENUSPOWER,EQ,INE955D01029,GENUS POWER INFRASTRU LTD,324.95,326.9,320.1,323.1,326.15,-0.94,1329018,429405723.91
2026-09-11,GEOJITFSL,EQ,INE007B01023,GEOJIT FINANCIAL SER L,79.34,79.74,78.0,78.6,79.47,-1.09,165423,13002247.55
2026-09-11,GESHIP,EQ,INE017A01032,THE GE SHPG.LTD,1400.0,1416.2,1389.4,1412.2,1400.2,0.86,902109,1273958285.75
2026-09-11,GFLLIMITED,EQ,INE538A01037,GFL LIMITED,58.0,59.9,56.42,58.27,58.44,-0.29,128897,7510828.25
2026-09-11,GHCL,EQ,INE539A01019,GHCL LIMITED,424.7,424.75,420.7,421.15,424.7,-0.84,114539,48238099.15
2026-09-11,GHCLTEXTIL,EQ,INE0PA801013,GHCL TEXTILES LIMITED,131.99,134.4,129.22,130.76,132.54,-1.34,509572,66631631.92
2026-09-11,GICHSGFIN,EQ,INE289B01019,GIC HOUSING FINANCE LTD,136.0,138.7,134.72,136.84,136.12,0.53,110463,15115756.52
2026-09-11,GICRE,EQ,INE481Y01014,GENERAL INS CORP OF INDIA,342.5,351.0,340.7,349.4,343.7,1.66,670025,234106730.91
2026-09-11,GILLANDERS,EQ,INE047B01011,GILLANDERS ARBUTHNOT LTD,102.0,109.5,100.0,103.58,102.37,1.18,16966,1757338.31
2026-09-11,GILLETTE,EQ,INE322A01010,GILLETTE INDIA LTD,7350.0,7350.0,7290.0,7307.0,7385.5,-1.06,8784,64184688.0
2026-09-11,GILT10BETA,EQ,INF789F1AZF3,UTIAMC-GILT10BETA,26.78,26.78,26.27,26.28,26.71,-1.61,1075,28251.0
2026-09-11,GILT5BETA,EQ,INF789F1AZE6,UTIAMC-GILT5BETA,67.17,67.17,66.31,66.41,67.19,-1.16,213,14145.33
2026-09-11,GILT5YBEES,EQ,INF204KC1030,RELCAPAMC - NETFGILT5Y,66.3,66.3,66.05,66.16,66.28,-0.18,139072,9201004.03
2026-09-11,GIPCL,EQ,INE162A01010,GUJ IND POW CO. LTD,196.5,204.0,195.01,199.72,201.3,-0.78,428319,85543871.2
2026-09-11,GKB,EQ,INE265D01015,GKB OPHTHALMICS LTD.,65.0,67.0,63.51,64.79,65.09,-0.46,2674,173248.46
2026-09-11,GKENERGY,EQ,INE1AG301022,GK ENERGY LIMITED,127.0,128.31,125.3,127.85,128.01,-0.12,215251,27519840.02
2026-09-11,GKSL,EQ,INE0V0W01025,GUJARAT KIDNEY N SUP SP L,174.35,176.45,170.0,171.09,173.22,-1.23,120195,20564162.11
2026-09-11,GKWLIMITED,EQ,INE528A01020,GKW LIMITED,1540.8,1591.8,1540.8,1584.8,1556.3,1.83,248,393030.41
2026-09-11,GLAND,EQ,INE068V01023,GLAND PHARMA LIMITED,2940.0,2950.1,2882.0,2922.3,2946.9,-0.83,389004,1136786408.19
2026-09-11,GLAXO,EQ,INE159A01016,GLAXOSMITHKLINE PHARMA LT,2840.9,2863.5,2793.9,2828.4,2840.9,-0.44,38428,108689751.45
2026-09-11,GLENMARK,EQ,INE935A01035,GLENMARK PHARMACEUTICALS,2411.2,2431.9,2384.1,2419.2,2415.0,0.17,346692,838717269.47
2026-09-11,GLFL,EQ,INE540A01017,GUJARAT LEASE FINANCING L,5.15,5.25,5.0,5.22,5.26,-0.76,6271,32734.62
2026-09-11,GLOBAL,EQ,INE291W01037,GLOBAL EDUCATION LIMITED,123.0,128.0,122.0,126.91,123.56,2.71,180836,22949897.42
2026-09-11,GLOBALE,EQ,INE0URU01010,GLOBALE TESSILE LIMITED,11.25,11.39,10.87,11.38,10.85,4.88,13142,149555.96
2026-09-11,GLOBALVECT,EQ,INE792H01019,GLOBAL VEC HELICORP LTD,137.0,139.89,130.0,132.17,138.35,-4.47,23069,3049029.69
2026-09-11,GLOBE,EQ,INE581X01021,GLOBE ENTERPRISE (I) LTD,1.84,1.86,1.8,1.81,1.85,-2.16,422290,764344.88
2026-09-11,GLOBECIVIL,EQ,INE0V3U01015,GLOBE CIVIL PROJECTS LTD,45.9,45.9,43.4,44.21,44.55,-0.76,25780,1139733.78
2026-09-11,GLOBUSSPR,EQ,INE615I01010,GLOBUS SPIRITS LTD,837.55,843.45,822.1,839.75,837.55,0.26,65575,55066606.25
2026-09-11,GLOSTERLTD,EQ,INE350Z01018,GLOSTER LIMITED,590.0,605.8,581.0,583.1,599.45,-2.73,1352,788351.17
2026-09-11,GLOTTIS,EQ,INE0TQE01026,GLOTTIS LIMITED,58.47,59.99,57.0,59.04,58.74,0.51,43281,2555310.28
2026-09-11,GMBREW,EQ,INE075D01018,G M BREWERIES LTD,910.0,921.95,900.5,910.9,912.5,-0.18,21159,19273733.62
2026-09-11,GMDCLTD,EQ,INE131A01031,GUJARAT MINERAL DEV CORP,577.85,577.85,569.1,575.35,580.4,-0.87,667017,383768214.67
2026-09-11,GMMPFAUDLR,EQ,INE541A01023,GMM PFAUDLER LIMITED,1327.0,1330.0,1295.6,1307.9,1319.2,-0.86,261557,342090406.69
2026-09-11,GMRAIRPORT,EQ,INE776C01039,GMR AIRPORTS LIMITED,96.79,97.98,95.28,97.98,97.46,0.53,7112955,696927354.78
2026-09-11,GMRP&UI,EQ,INE0CU601026,GMR POW AND URBAN INFRA L,95.0,95.44,93.8,94.07,96.51,-2.53,549701,51710372.9
2026-09-11,GNA,EQ,INE934S01014,GNA AXLES LIMITED,554.0,558.3,539.0,551.1,553.95,-0.51,293874,161953954.23
2026-09-11,GNFC,EQ,INE113A01013,GUJ NAR VAL FER & CHEM L,564.5,565.5,559.75,562.4,570.75,-1.46,310457,174601024.38
2026-09-11,GNRL,EQ,INE207H01018,GUJARAT NATURAL RES L,108.2,108.2,103.83,104.29,107.73,-3.19,102693,10709853.06
2026-09-11,GOACARBON,EQ,INE426D01013,GOA CARBON LIMITED,434.7,457.0,408.95,413.4,440.25,-6.1,164355,67944356.0
2026-09-11,GOCLCORP,EQ,INE077F01035,GOCL CORPORATION LIMITED,431.0,446.35,426.55,441.55,432.2,2.16,203952,90055003.11
2026-09-11,GOCOLORS,EQ,INE0BJS01011,GO FASHION INDIA LTD,314.85,328.2,314.85,324.75,318.45,1.98,89664,29118384.0
2026-09-11,GODAVARIB,EQ,INE497S01012,GODAVARI BIOREFINERIES L,235.6,237.9,230.82,233.65,235.82,-0.92,93278,21794404.13
2026-09-11,GODFRYPHLP,EQ,INE260B01028,GODFREY PHILLIPS INDIA LT,1965.8,1965.8,1921.2,1927.0,1972.0,-2.28,229401,442055727.0
2026-09-11,GODIGIT,EQ,INE03JT01014,GO DIGIT GENERAL INS LTD,250.6,257.8,248.0,256.2,250.75,2.17,216275,55409657.64
2026-09-11,GODREJAGRO,EQ,INE850D01014,GODREJ AGROVET LIMITED,669.8,680.0,659.25,675.85,673.05,0.42,217886,147258247.78
2026-09-11,GODREJCP,EQ,INE102D01028,GODREJ CONSUMER PRODUCTS,860.0,872.6,859.0,865.0,869.9,-0.56,772816,668485840.0
2026-09-11,GODREJIND,EQ,INE233A01035,GODREJ INDUSTRIES LTD,1115.0,1130.0,1101.1,1126.8,1122.3,0.4,46331,52205773.06
2026-09-11,GODREJPROP,EQ,INE484J01027,GODREJ PROPERTIES LTD,1855.0,1855.0,1719.0,1748.0,1872.0,-6.62,2684348,4692240304.0
2026-09-11,GOKEX,EQ,INE887G01027,GOKALDAS EXPORTS LTD.,769.0,791.7,757.45,785.5,774.2,1.46,298288,234305224.0
2026-09-11,GOKUL,EQ,INE020J01029,GOKUL REFOILS & SOLV LTD,43.67,43.67,41.27,42.03,42.61,-1.36,233417,9810516.23
2026-09-11,GOKULAGRO,EQ,INE314T01033,GOKUL AGRO RESOURCES LTD,225.0,228.5,221.21,226.76,226.4,0.16,329785,74782044.79
2026-09-11,GOLD1,EQ,INF174KA1HJ8,KOTAK GOLD ETF,125.98,126.93,125.16,126.19,127.4,-0.95,2448652,308995401.86
2026-09-11,GOLD360,EQ,INF579M01BB5,360ONEAMC - GOLD360,149.15,149.15,146.4,147.8,149.15,-0.91,7364,1088399.22
2026-09-11,GOLDADD,EQ,INF740KA1ZP2,DSPAMC - DSPGOLD,14.73,14.79,14.57,14.71,14.83,-0.81,11625798,171015489.02
2026-09-11,GOLDAXIS,EQ,INF846K01W80,AXISAMC-GOLDAXIS,125.71,126.78,124.75,125.93,127.19,-0.99,2104753,265051545.93
2026-09-11,GOLDBEES,EQ,INF204KB17I5,NIP IND ETF GOLD BEES,124.55,125.79,123.91,125.12,126.2,-0.86,22473340,2811864362.52
2026-09-11,GOLDBETA,EQ,INF789F1AUX7,UTIAMC-UTIGOLDBETA,127.25,128.1,126.25,127.5,128.5,-0.78,507327,64684192.5
2026-09-11,GOLDBND,EQ,INF194KB1KJ7,BANDHANAMC - GOLDBND,151.0,152.1,148.55,151.29,152.51,-0.8,25687,3886186.06
2026-09-11,GOLDCASE,EQ,INF0R8F01042,ZERODHAAMC - GOLDCASE,23.75,23.95,23.61,23.82,24.04,-0.92,9749511,232233349.04
2026-09-11,GOLDETF,EQ,INF769K01JP9,MIRAEAMC - MAGOLDETF,146.63,147.9,145.9,147.2,148.46,-0.85,1651331,243075918.16
2026-09-11,GOLDIAM,EQ,INE025B01025,GOLDIAM INTERNATIONAL LTD,325.0,329.3,320.8,325.0,327.8,-0.85,477957,155336025.0
2026-09-11,GOLDIETF,EQ,INF109KC1NT3,ICICI PRUDENTIAL GOLD ETF,129.35,130.3,128.29,129.63,130.75,-0.86,5171162,670337755.31
2026-09-11,GOODLUCK,EQ,INE127I01024,GOODLUCK INDIA LIMITED,519.8,522.0,508.55,516.85,517.9,-0.2,636725,329091300.7
2026-09-11,GOODYEAR,EQ,INE533A01012,GOODYEAR INDIA LIMITED,724.7,727.75,708.6,722.05,724.7,-0.37,4337,3131530.8
2026-09-11,GOPAL,EQ,INE0L9R01028,GOPAL SNACKS LIMITED,260.85,260.85,253.45,257.35,260.5,-1.21,94401,24294097.93
2026-09-11,GOYALALUM,EQ,INE705X01026,GOYAL ALUMINIUMS LIMITED,6.14,6.18,5.96,6.01,6.14,-2.12,118715,713477.18
2026-09-11,GPIL,EQ,INE177H01039,GODAWARI POW & ISP LTD,248.61,248.79,242.5,244.45,252.23,-3.08,2161543,528389179.75
2026-09-11,GPPL,EQ,INE517F01014,GUJARAT PIPAVAV PORT LTD,160.0,163.6,159.9,161.32,162.27,-0.59,1544847,249214729.35
2026-09-11,GPTHEALTH,EQ,INE486R01017,GPT HEALTHCARE LIMITED,161.0,161.2,157.12,159.38,161.29,-1.18,97541,15546085.06
2026-09-11,GPTINFRA,EQ,INE390G01014,GPT INFRAPROJECTS LTD,112.1,113.0,111.0,112.21,113.47,-1.11,59297,6653716.32
2026-09-11,GRANDOAK,EQ,INE926B01016,GRAND OAK CANYONS DIST L,36.16,36.16,35.04,35.16,36.88,-4.66,2496,87759.36
2026-09-11,GRANULES,EQ,INE101D01020,GRANULES INDIA LIMITED,895.95,914.85,881.25,909.3,899.25,1.12,7851231,7139124252.46
2026-09-11,GRAPHITE,EQ,INE371A01025,GRAPHITE INDIA LTD,812.0,834.4,785.1,825.8,824.8,0.12,3972340,3280358323.51
2026-09-11,GRASIM,EQ,INE047A01021,GRASIM INDUSTRIES LTD,3302.4,3302.4,3267.0,3281.9,3319.0,-1.12,515990,1693427530.61
2026-09-11,GRAUWEIL,EQ,INE266D01021,GRAUER & WEIL IND LTD,75.9,77.1,73.74,75.6,76.48,-1.15,839285,63449944.72
2026-09-11,GRAVITA,EQ,INE024L01027,GRAVITA INDIA LIMITED,1685.0,1688.0,1654.0,1668.2,1698.7,-1.8,113850,189924564.44
2026-09-11,GREAVESCOT,EQ,INE224A01026,GREAVES COTTON LTD.,193.6,193.6,190.05,192.25,193.6,-0.7,543534,104494411.5
2026-09-11,GREENLAM,EQ,INE544R01021,GREENLAM INDUSTRIES LTD.,234.4,237.78,231.11,234.63,236.39,-0.74,81141,19038113.23
2026-09-11,GREENPANEL,EQ,INE08ZM01014,GREENPANEL INDUSTRIES LTD,159.97,159.97,152.91,153.6,159.99,-3.99,484400,74403842.96
2026-09-11,GREENPLY,EQ,INE461C01038,GREENPLY INDUSTRIES LTD,295.0,295.0,287.5,290.25,296.7,-2.17,151520,43978680.0
2026-09-11,GREENPOWER,EQ,INE999K01014,ORIENT GREEN POWER CO LTD,9.3,9.48,9.2,9.31,9.36,-0.53,1717718,15991955.3
2026-09-11,GRINDWELL,EQ,INE536A01023,GRINDWELL NORTON LIMITED,1897.9,1930.0,1865.0,1885.8,1907.7,-1.15,12610,23779938.62
2026-09-11,GRINFRA,EQ,INE201P01022,G R INFRAPROJECTS LIMITED,850.0,866.65,842.0,855.8,850.55,0.62,11176,9564420.66
2026-09-11,GRMOVER,EQ,INE192H01020,GRM OVERSEAS LIMITED,86.37,87.38,82.2,84.45,87.48,-3.46,1178962,99563337.3
2026-09-11,GROBTEA,EQ,INE646C01018,THE GROB TEA COMPANY LTD,960.4,977.4,941.1,945.85,960.0,-1.47,87,82288.95
2026-09-11,GROWW,EQ,INE0HOQ01053,BILLIONBRAINS GARAGE VN L,194.7,200.91,192.6,200.24,195.84,2.25,31136422,6234757312.32
2026-09-11,GROWWCAPM,EQ,INF666M01MM4,GROWWAMC - GROWWCAPM,11.45,11.45,11.1,11.28,11.31,-0.27,1047081,11811073.4
2026-09-11,GROWWCHEM,EQ,INF666M01NP5,GROWWAMC - GROWWCHEM,30.15,30.15,29.6,29.87,30.05,-0.6,8627115,257691932.29
2026-09-11,GROWWDEFNC,EQ,INF666M01IO8,GROWWAMC - GROWWDEFNC,97.51,97.7,96.36,97.41,97.96,-0.56,169687,16529211.29
2026-09-11,GROWWEV,EQ,INF666M01IH2,GROWWAMC - GROWWEV,32.01,32.12,31.61,31.91,32.12,-0.65,210189,6707130.96
2026-09-11,GROWWGOLD,EQ,INF666M01OE7,GROWWAMC - GROWWGOLD,14.74,14.87,14.63,14.78,14.91,-0.87,4411269,65198554.64
2026-09-11,GROWWHOSPI,EQ,INF666M01OD9,GROWWAMC - GROWWHOSPI,52.53,52.89,51.96,52.32,52.65,-0.63,235268,12309221.69
2026-09-11,GROWWLIQID,EQ,INF666M01IP5,GROWWAMC - GROWWLIQID,110.74,110.75,110.74,110.74,110.68,0.05,613864,67979298.05
2026-09-11,GROWWLOVOL,EQ,INF666M01LB9,GROWWAMC - GROWWLOVOL,10.15,10.4,10.02,10.15,10.2,-0.49,28956,293903.39
2026-09-11,GROWWMC150,EQ,INF666M01MV5,GROWWAMC - GROWWMC150,225.47,230.14,225.47,228.18,229.09,-0.4,910,207643.79
2026-09-11,GROWWMETAL,EQ,INF666M01NI0,GROWWAMC - GROWWMETAL,12.7,12.7,12.24,12.45,12.7,-1.97,889261,11071299.28
2026-09-11,GROWWMOM50,EQ,INF666M01KJ4,GROWWAMC - GROWWMOM50,11.23,11.23,10.89,11.02,11.09,-0.63,148850,1640327.07
2026-09-11,GROWWN200,EQ,INF666M01JV1,GROWWAMC - GROWWN200,11.24,11.26,10.97,11.13,11.14,-0.09,75308,838178.05
2026-09-11,GROWWNET,EQ,INF666M01LI4,GROWWAMC - GROWWNET,10.95,11.0,10.65,10.96,10.83,1.2,3268901,35827155.08
2026-09-11,GROWWNIFTY,EQ,INF666M01LL8,GROWWAMC - GROWWNIFTY,9.55,9.69,9.4,9.49,9.5,-0.11,1174205,11143205.18
2026-09-11,GROWWNXT50,EQ,INF666M01LZ8,GROWWAMC - GROWWNXT50,72.45,72.99,71.57,71.83,73.06,-1.68,14536,1044120.91
2026-09-11,GROWWPOWER,EQ,INF666M01LM6,GROWWAMC - GROWWPOWER,11.55,11.55,11.2,11.36,11.36,0.0,13772281,156453107.43
2026-09-11,GROWWPSE,EQ,INF666M01NQ3,GROWWAMC - GROWWPSE,99.41,99.41,96.0,98.28,98.38,-0.1,3727,366289.56
2026-09-11,GROWWPSUBK,EQ,INF666M01OG2,GROWWAMC - GROWWPSUBK,84.35,84.38,83.11,84.03,84.45,-0.5,4371,367295.12
2026-09-11,GROWWRAIL,EQ,INF666M01JJ6,GROWWAMC - GROWWRAIL,28.33,28.33,27.06,27.32,27.64,-1.16,3297424,90085622.67
2026-09-11,GROWWRLTY,EQ,INF666M01MN2,GROWWAMC - GROWWRLTY,9.66,9.76,9.35,9.53,9.76,-2.36,1492211,14220770.43
2026-09-11,GROWWSC250,EQ,INF666M01MO0,GROWWAMC - GROWWSC250,10.66,10.68,10.5,10.64,10.66,-0.19,103950,1106028.04
2026-09-11,GROWWSLVR,EQ,INF666M01OF4,GROWWAMC - GROWWSLVR,22.13,22.34,21.94,22.2,22.92,-3.14,2935673,65171942.84
2026-09-11,GRPLTD,EQ,INE137I01015,GRP LIMITED,1984.6,1989.8,1885.5,1925.1,1992.5,-3.38,1612,3103261.16
2026-09-11,GRSE,EQ,INE382Z01011,GARDEN REACH SHIP&ENG LTD,2418.0,2449.2,2359.7,2427.5,2435.3,-0.32,460144,1116999560.0
2026-09-11,GRWRHITECH,EQ,INE291A01017,GARWARE HI-TECH FILMS LTD,6895.5,7010.0,6772.0,6921.5,6905.0,0.24,31550,218373325.0
2026-09-11,GSEC10IETF,EQ,INF109KC18O0,ICICIPRAMC - ICICI10GS,264.95,265.26,262.33,262.33,262.33,0.0,3063,803516.75
2026-09-11,GSEC10YEAR,EQ,INF769K01KF8,MIRAEAMC - MAGS813ETF,30.55,30.55,30.49,30.49,30.61,-0.39,33,1006.17
2026-09-11,GSEC5IETF,EQ,INF109KC14A8,ICICIPRAMC - ICICI5GSEC,66.3,66.77,66.19,66.26,66.19,0.11,1702,112774.52
2026-09-11,GSFC,EQ,INE026A01025,GUJ STATE FERT & CHEM LTD,154.91,156.8,152.85,155.95,160.38,-2.76,1425671,222333388.1
2026-09-11,GSLSU,EQ,INE0JSX01015,GLOBAL SURFACES LIMITED,27.5,28.58,26.78,28.25,27.22,3.78,76411,2158610.75
2026-09-11,GSPCROP,EQ,INE713R01022,GSP CROP SCIENCE LIMITED,472.0,485.4,464.95,471.25,471.75,-0.11,184008,86713770.0
2026-09-11,GSS,EQ,INE871H01011,GSS INFOTECH LIMITED,10.47,10.71,10.0,10.19,10.47,-2.67,87837,895058.99
2026-09-11,GTECJAINX,EQ,INE586X01012,G-TEC JAINX EDUCATION LTD,26.52,28.5,26.52,26.65,27.9,-4.48,6777,180607.05
2026-09-11,GTL,EQ,INE043A01012,GTL LTD,7.25,7.28,7.06,7.24,7.2,0.56,227358,1646071.87
2026-09-11,GTLINFRA,EQ,INE221H01019,GTL INFRA.LTD,1.17,1.17,1.15,1.16,1.16,0.0,19959792,23153358.05
2026-09-11,GTPL,EQ,INE869I01013,GTPL HATHWAY LIMITED,59.69,60.86,59.0,59.81,59.75,0.1,58766,3514794.54
2026-09-11,GUFICBIO,EQ,INE742B01025,GUFIC BIOSCIENCES LTD.,423.25,431.95,418.1,425.1,422.65,0.58,86404,36730340.93
2026-09-11,GUJALKALI,EQ,INE186A01019,GUJARAT ALKALIES & CHEM,715.5,716.05,703.55,705.0,718.75,-1.91,54425,38369625.0
2026-09-11,GUJAPOLLO,EQ,INE826C01016,GUJ. APOLLO IND. LTD.,333.05,350.0,333.0,348.1,338.35,2.88,12367,4304952.78
2026-09-11,GUJENERGY,EQ,INE844O01030,GUJARAT ENERGY LIMITED,247.94,249.21,240.36,241.59,254.8,-5.18,1808646,436950780.52
2026-09-11,GUJRAFFIA,EQ,INE610B01024,GUJARAT RAFFIA INDUST LTD,40.51,41.9,40.5,41.72,41.17,1.34,5856,244312.33
2026-09-11,GUJTHEM,EQ,INE942C01045,GUJARAT THEMIS BIOSYN LTD,430.0,430.0,413.6,422.65,430.1,-1.73,390855,165194863.36
2026-09-11,GULFOILLUB,EQ,INE635Q01029,GULF OIL LUB. IND. LTD.,1073.0,1073.0,1010.3,1060.7,1073.0,-1.15,62866,66681963.13
2026-09-11,GULPOLY,EQ,INE255D01024,GULSHAN POLYOLS LIMITED,176.4,176.62,173.0,174.84,176.68,-1.04,160780,28110774.61
2026-09-11,GVPIL,EQ,INE878A01011,GE POWER INDIA LIMITED,651.25,659.0,640.4,652.65,654.5,-0.28,102461,66871174.15
2026-09-11,GVT&D,EQ,INE200A01026,GE VERNOVA T&D INDIA LTD,4500.0,4548.1,4428.7,4548.1,4545.0,0.07,588462,2676384079.67
2026-09-11,GYFTR,EQ,INE724A01017,GYFTR LIMITED,189.0,189.0,175.0,175.73,185.32,-5.17,47421,8333292.13
2026-09-11,HAL,EQ,INE066F01020,HINDUSTAN AERONAUTICS LTD,4930.0,4930.0,4875.0,4905.0,4950.0,-0.91,762754,3741308370.0
2026-09-11,HALDER,EQ,INE115S01010,HALDER VENTURE LIMITED,275.0,284.35,271.7,276.15,281.9,-2.04,30980,8555126.81
2026-09-11,HALEOSLABS,EQ,INE320X01016,HALEOS LABS LIMITED,1450.6,1500.0,1437.0,1462.5,1450.6,0.82,382,558675.0
2026-09-11,HAMPTON,EQ,INE299D01022,HAMPTON SKY REALTY LTD.,8.39,8.39,8.02,8.05,8.4,-4.17,6475,52123.75
2026-09-11,HAPPSTMNDS,EQ,INE419U01012,HAPPIEST MINDS TECHNO LTD,331.5,338.15,328.8,332.35,332.4,-0.02,930766,309340085.78
2026-09-11,HAPPYFORGE,EQ,INE330T01021,HAPPY FORGINGS LIMITED,2195.0,2244.8,2150.0,2169.0,2233.4,-2.88,66048,143258112.0
2026-09-11,HARDWYN,EQ,INE626Z01029,HARDWYN INDIA LIMITED,9.15,9.2,9.04,9.16,9.12,0.44,496044,4543762.96
2026-09-11,HARIOMPIPE,EQ,INE00EV01017,HARIOM PIPE INDUSTRIES L,352.0,364.95,351.0,359.2,361.8,-0.72,66567,23910867.21
2026-09-11,HARRMALAYA,EQ,INE544A01019,HARRISON MALAYALAM LTD,187.14,189.58,183.55,185.81,186.8,-0.53,6619,1229876.37
2026-09-11,HARSHA,EQ,INE0JUS01029,HARSHA ENGINEERS INT LTD,444.0,446.55,436.0,445.0,447.2,-0.49,107635,47897575.0
2026-09-11,HATHWAY,EQ,INE982F01036,HATHWAY CABLE & DATACOM,10.01,10.29,10.0,10.23,10.17,0.59,1406853,14392105.55
2026-09-11,HATSUN,EQ,INE473B01035,HATSUN AGRO PRODUCT LTD.,1194.5,1240.2,1167.7,1224.4,1194.5,2.5,113105,138485764.76
2026-09-11,HAVELLS,EQ,INE176B01034,HAVELLS INDIA LIMITED,1107.9,1114.7,1096.2,1111.0,1116.0,-0.45,699007,776596777.0
2026-09-11,HAVISHA,EQ,INE293B01029,SRI HAVISHA HOSP & INFR L,1.32,1.35,1.25,1.34,1.34,0.0,35386,47417.24
2026-09-11,HAWKINCOOK,EQ,INE979B01015,HAWKINS COOKERS LTD,8410.5,8491.5,8366.5,8411.5,8408.0,0.04,2765,23257797.5
2026-09-11,HAZOOR,EQ,INE550F01049,HAZOOR MULTI PROJECTS LTD,19.79,19.99,18.8,19.22,19.7,-2.44,324963,6245788.64
2026-09-11,HBESD,EQ,INE640B01021,H B ESTATE DEVELOPERS L,75.37,75.38,70.7,72.99,71.26,2.43,616,44961.84
2026-09-11,HBLENGINE,EQ,INE292B01021,HBL ENGINEERING LTD,718.0,724.7,705.25,722.2,720.9,0.18,1018560,735604044.43
2026-09-11,HBPOR,EQ,INE638B01025,HB PORTFOLIO LTD.,58.7,60.05,58.5,59.99,58.9,1.85,664,39833.36
2026-09-11,HBSL,EQ,INE550B01022,HB STOCKHOLDINGS LIMITED,53.99,53.99,52.8,52.91,54.37,-2.69,3721,196878.11
2026-09-11,HCC,EQ,INE549A01026,HINDUSTAN CONSTRUCTION CO,22.65,22.89,21.94,22.73,22.81,-0.35,23241864,528287558.08
2026-09-11,HCG,EQ,INE075I01017,HEALTHCARE GLOB. ENT. LTD,700.9,700.9,691.3,693.9,700.9,-1.0,44421,30823732.98
2026-09-11,HCL-INSYS,EQ,INE236A01020,HCL INFOSYSTEMS LTD,10.06,10.15,9.9,10.07,10.12,-0.49,274708,2766309.48
2026-09-11,HCLTECH,EQ,INE860A01027,HCL TECHNOLOGIES LTD,1196.0,1223.4,1195.7,1206.1,1207.0,-0.07,2272845,2741278299.01
2026-09-11,HDBFS,EQ,INE756I01012,HDB FINANCIAL SERVICES L,672.5,674.5,666.4,669.2,677.7,-1.25,168613,112835821.66
2026-09-11,HDFCAMC,EQ,INE127D01025,HDFC AMC LIMITED,2405.0,2424.6,2366.1,2403.9,2433.8,-1.23,677643,1628985941.52
2026-09-11,HDFCBANK,EQ,INE040A01034,HDFC BANK LTD,683.9,709.0,681.9,708.25,693.8,2.08,31411934,22247502255.5
2026-09-11,HDFCBSE500,EQ,INF179KC1EZ4,HDFCAMC - HDFCBSE500,36.98,37.0,36.5,36.89,36.8,0.24,2047858,75545480.37
2026-09-11,HDFCGOLD,EQ,INF179KC1981,HDFC GOLD ETF,129.2,129.98,128.13,129.37,130.49,-0.86,3331298,430970005.99
2026-09-11,HDFCGROWTH,EQ,INF179KC1DJ0,HDFCAMC - HDFCGROWTH,115.06,115.98,115.01,115.87,115.49,0.33,5891,682590.19
2026-09-11,HDFCLIFE,EQ,INE795G01014,HDFC LIFE INS CO LTD,522.0,531.5,518.2,530.0,526.15,0.73,4127867,2187769510.0
2026-09-11,HDFCLIQUID,EQ,INF179KC1JG3,HDFCAMC - HDFCLIQUID,1077.78,1077.8,1077.78,1077.78,1077.25,0.05,28711,30944142.42
2026-09-11,HDFCLOWVOL,EQ,INF179KC1HU8,HDFCAMC - HDFCLOWVOL,19.92,20.05,19.89,20.01,19.98,0.15,5968,119419.68
2026-09-11,HDFCMID150,EQ,INF179KC1HT0,HDFCAMC - HDFCMID150,23.24,23.24,22.9,23.13,23.24,-0.47,685818,15862969.76
2026-09-11,HDFCMOMENT,EQ,INF179KC1HV6,HDFCAMC - HDFCMOMENT,31.61,31.61,30.65,30.91,31.12,-0.67,135504,4188428.62
2026-09-11,HDFCNEXT50,EQ,INF179KC1HS2,HDFCAMC - HDFCNEXT50,73.82,74.0,73.09,73.91,74.08,-0.23,103448,7645842.06
2026-09-11,HDFCNIF100,EQ,INF179KC1HR4,HDFCAMC - HDFCNIF100,25.5,25.5,25.25,25.44,25.47,-0.12,32301,821737.46
2026-09-11,HDFCNIFBAN,EQ,INF179KC1HY0,HDFCAMC - HDFCNIFBAN,57.83,58.41,57.4,58.33,58.03,0.52,78212,4562106.1
2026-09-11,HDFCNIFIT,EQ,INF179KC1IA8,HDFCAMC - HDFCNIFIT,30.84,31.15,30.84,31.01,30.85,0.52,50580,1568485.81
2026-09-11,HDFCNIFTY,EQ,INF179KC1965,HDFCAMC - HDFCNIFTY,270.93,270.93,262.16,263.79,264.33,-0.2,3460871,912943190.66
2026-09-11,HDFCNIMEG,EQ,INF179KC1KT4,HDFCAMC - HDFCNIMEG,130.21,130.7,129.03,130.37,133.04,-2.01,12438,1621542.0
2026-09-11,HDFCPSUBK,EQ,INF179KC1HW4,HDFCAMC HDFCPSUBK,84.01,84.96,83.84,84.27,84.7,-0.51,29654,2498942.48
2026-09-11,HDFCPVTBAN,EQ,INF179KC1HZ7,HDFCAMC - HDFCPVTBAN,27.65,28.15,27.5,27.94,27.74,0.72,140346,3921267.31
2026-09-11,HDFCQUAL,EQ,INF179KC1DL6,HDFCAMC - HDFCQUAL,57.15,57.46,57.1,57.43,57.4,0.05,1548,88901.64
2026-09-11,HDFCSENSEX,EQ,INF179KC1HX2,HDFCAMC - HDFCSENSEX,86.85,86.85,84.3,85.32,84.74,0.68,90887,7754478.81
2026-09-11,HDFCSILVER,EQ,INF179KC1DI2,HDFCAMC - HDFCSILVER,216.02,217.67,213.85,216.48,223.54,-3.16,6499736,1407062821.51
2026-09-11,HDFCSML250,EQ,INF179KC1FB2,HDFCAMC - HDFCSML250,188.11,188.2,183.26,185.17,186.25,-0.58,1196133,221487945.42
2026-09-11,HDFCVALUE,EQ,INF179KC1DK8,HDFCAMC - HDFCVALUE,122.61,122.83,121.45,122.49,122.37,0.1,9138,1119313.6
2026-09-11,HEADSUP,EQ,INE759V01019,HEADS UP VENTURES LIMITED,7.0,7.15,6.8,6.99,6.9,1.3,9463,66146.37
2026-09-11,HEALTHADD,EQ,INF740KA1ZG1,DSPAMC - HEALTHADD,16.58,16.82,16.55,16.68,16.66,0.12,240178,4006169.11
2026-09-11,HEALTHAXIS,EQ,INF846K01Z12,AXISAMC-HEALTHAXIS,168.13,168.85,167.02,168.42,168.13,0.17,3098,521765.15
2026-09-11,HEALTHCARE,EQ,INF769K01QA6,MIRAEAMC - HEALTHCARE,22.11,22.11,21.51,21.71,21.68,0.14,110839,2406314.59
2026-09-11,HEALTHIETF,EQ,INF109KC1Q72,ICICIPRAMC - ICICIPHARM,169.5,170.34,167.94,169.67,169.47,0.12,61063,10360559.1
2026-09-11,HEALTHX,EQ,INE019J01013,HEALTH X PLATFORM LIMITED,301.0,310.0,295.05,308.15,305.35,0.92,3397,1046785.53
2026-09-11,HEALTHY,EQ,INF209KB10C2,BIRLASLAMC - HEALTHY,17.0,17.25,16.81,16.96,17.0,-0.24,265871,4509171.92
2026-09-11,HECPROJECT,EQ,INE558R01013,HEC INFRA PROJECTS LTD,118.1,121.0,115.0,119.04,119.55,-0.43,9426,1122071.05
2026-09-11,HEIDELBERG,EQ,INE578A01017,HEIDELBERGCEMENT (I) LTD,150.95,150.95,147.8,149.8,158.79,-5.66,314126,47056075.76
2026-09-11,HEMIPROP,EQ,INE0AJG01018,HEMISPHERE PROP IND LTD,120.8,121.48,119.21,120.62,120.95,-0.27,254402,30685969.94
2026-09-11,HERANBA,EQ,INE694N01015,HERANBA INDUSTRIES LTD,172.3,174.0,168.5,171.58,172.3,-0.42,43044,7385489.6
2026-09-11,HERITGFOOD,EQ,INE978A01027,HERITAGE FOODS LTD,396.0,425.0,389.0,417.4,398.05,4.86,3638335,1518641006.79
2026-09-11,HEROMOTOCO,EQ,INE158A01026,HERO MOTOCORP LIMITED,5218.0,5243.0,5186.0,5221.5,5280.0,-1.11,251663,1314058354.5
2026-09-11,HESTERBIO,EQ,INE782E01017,HESTER BIOSCIENCES LTD,2275.0,2298.9,2238.3,2264.9,2279.0,-0.62,5276,11949611.88
2026-09-11,HEXATRADEX,EQ,INE750M01017,HEXA TRADEX LIMITED,156.88,159.99,155.3,155.81,156.88,-0.68,765,119194.65
2026-09-11,HEXT,EQ,INE093A01041,HEXAWARE TECHNOLOGIES LTD,501.3,502.95,496.0,497.05,502.95,-1.17,87553,43518217.58
2026-09-11,HGINFRA,EQ,INE926X01010,H.G.INFRA ENGINEERING LTD,485.0,490.0,476.55,484.0,487.25,-0.67,29567,14310428.0
2026-09-11,HGM,EQ,INE596H01014,HANDSON GBL MNGMNT LTD,48.62,50.0,48.5,48.68,49.57,-1.8,7531,366609.08
2026-09-11,HGS,EQ,INE170I01016,HINDUJA GLOBAL SOLS. LTD.,381.0,383.85,377.0,381.45,383.85,-0.63,9177,3500566.76
2026-09-11,HIKAL,EQ,INE475B01022,HIKAL LIMITED,231.02,232.39,221.98,224.95,234.78,-4.19,902881,203103078.19
2026-09-11,HILINFRA,EQ,INE00RL01028,HIGHWAY INFRASTRUCTURE L,42.5,42.99,40.2,41.53,42.59,-2.49,128374,5331372.06
2026-09-11,HILTON,EQ,INE788H01017,HILTON METAL FORGING LTD,18.3,18.7,17.61,18.06,18.28,-1.2,89366,1613949.91
2026-09-11,HIMATSEIDE,EQ,INE049A01027,HIMATSINGKA SEIDE LTD,68.7,68.7,66.63,67.83,68.85,-1.48,420697,28535878.28
2026-09-11,HINDADH,EQ,INE074C01013,HINDUSTAN ADHESIVES LTD.,365.3,370.9,345.25,369.1,365.3,1.04,3185,1175583.52
2026-09-11,HINDALCO,EQ,INE038A01020,HINDALCO  INDUSTRIES  LTD,990.0,992.8,973.1,981.5,1014.0,-3.21,4754493,4666534879.5
2026-09-11,HINDALUMI,EQ,INE227B01019,HIND ALUMINIUM INDS. LTD.,97.0,98.99,95.1,96.18,96.57,-0.4,2716,261224.88
2026-09-11,HINDCOMPOS,EQ,INE310C01029,HINDUSTAN COMPOSITES LTD.,380.0,390.0,375.0,376.45,381.45,-1.31,6223,2342648.43
2026-09-11,HINDCON,EQ,INE642Y01029,HINDCON CHEMICALS LIMITED,23.9,24.63,22.36,24.09,23.34,3.21,24080,580087.2
2026-09-11,HINDCOPPER,EQ,INE531E01026,HINDUSTAN COPPER LTD,510.0,516.5,505.0,514.5,527.3,-2.43,8769684,4512002418.0
2026-09-11,HINDOILEXP,EQ,INE345A01011,HINDUSTAN OIL EXPLORATION,189.44,192.4,184.5,185.22,187.66,-1.3,1154009,213745548.39
2026-09-11,HINDPETRO,EQ,INE094A01015,HINDUSTAN PETROLEUM CORP,346.5,354.9,340.1,352.0,352.65,-0.18,5835890,2054233280.0
2026-09-11,HINDUNILVR,EQ,INE030A01027,HINDUSTAN UNILEVER LTD.,1930.5,1946.6,1926.2,1927.0,1942.3,-0.79,1100313,2120303151.0
2026-09-11,HINDWAREAP,EQ,INE05AN01011,HINDWARE HME INOVATON LTD,181.67,181.67,177.94,178.4,181.67,-1.8,63015,11241875.62
2026-09-11,HINDZINC,EQ,INE267A01025,HINDUSTAN ZINC LIMITED,575.45,583.3,565.55,576.45,593.6,-2.89,7158790,4126684582.89
2026-09-11,HIRECT,EQ,INE835D01023,HIRECT LIMITED,1244.9,1255.0,1205.0,1245.4,1248.9,-0.28,51541,64189162.66
2026-09-11,HISARMETAL,EQ,INE598C01011,HISAR METAL IND. LIMITED,161.98,161.98,157.0,157.2,155.28,1.24,808,127017.6
2026-09-11,HITECH,EQ,INE106T01025,HI-TECH PIPES LIMITED,76.89,76.89,75.46,76.39,77.4,-1.3,643983,49193860.98
2026-09-11,HLEGLAS,EQ,INE461D01028,HLE GLASCOAT LIMITED,367.85,404.35,363.0,404.35,367.6,10.0,870661,352051780.66
2026-09-11,HLVLTD,EQ,INE102A01024,HLV LIMITED,6.38,6.4,6.3,6.38,6.38,0.0,148728,948884.66
2026-09-11,HMAAGRO,EQ,INE0ECP01024,HMA AGRO INDUSTRIES LTD,20.0,20.24,19.68,20.07,19.98,0.45,982208,19712914.26
2026-09-11,HNDFDS,EQ,INE254N01026,HINDUSTAN FOODS LIMITED,612.25,623.95,610.15,618.7,619.95,-0.2,51791,32043092.33
2026-09-11,HNGSNGBEES,EQ,INF204KB19I1,NIP IND ETF HANGSENG BEES,465.9,465.9,461.55,463.91,466.06,-0.46,63270,29351585.93
2026-09-11,HOMEFIRST,EQ,INE481N01025,HOME FIRST FIN CO IND LTD,1195.0,1195.0,1100.6,1184.5,1209.4,-2.06,435329,515647200.5
2026-09-11,HONASA,EQ,INE0J5401028,HONASA CONSUMER LIMITED,472.0,478.15,470.0,471.15,475.65,-0.95,680363,320553023.3
2026-09-11,HONAUT,EQ,INE671A01010,HONEYWELL AUTOMATION IND,34000.0,34700.0,33800.0,34580.0,34150.0,1.26,2181,75418980.0
2026-09-11,HONDAPOWER,EQ,INE634A01018,HONDA I POWER PRODUCT LTD,1979.8,1979.8,1941.2,1953.0,1969.5,-0.84,4009,7829577.0
2026-09-11,HORIZONIND,EQ,INE685T01010,HORIZON INDUSTRIAL PRKS L,55.0,55.89,53.75,55.67,55.55,0.22,3566247,198532963.96
2026-09-11,HPAL,EQ,INE0GSL01024,HP ADHESIVES LIMITED,37.5,39.82,37.0,37.91,36.61,3.55,620683,23530092.44
2026-09-11,HPIL,EQ,INE05X901010,HINDPRAKASH INDUSTRY LTD,120.1,124.89,120.04,123.87,120.03,3.2,278,34435.86
2026-09-11,HPL,EQ,INE495S01016,HPL ELECTRIC & POWER LTD,281.9,294.0,281.9,292.0,295.8,-1.28,129096,37696032.0
2026-09-11,HRYNSHP,EQ,INE400G01011,HARIYANA SHIP BREAKERS L,99.32,100.95,98.0,100.84,99.32,1.53,957,96503.88
2026-09-11,HSBCGOLD,EQ,INF336L01RX2,HSBCAMC - HSBCGOLD,132.0,132.41,130.95,131.94,132.9,-0.72,78821,10399642.93
2026-09-11,HSCL,EQ,INE019C01026,HIMADRI SPECIALITY CHEM L,660.0,666.0,654.2,664.9,663.75,0.17,1420588,944548995.88
2026-09-11,HTEL,EQ,INE0LEG01024,HY-TECH ENGINEERS LIMITED,85.6,85.6,80.0,85.6,81.53,4.99,3058271,261787992.93
2026-09-11,HTMEDIA,EQ,INE501G01024,HT MEDIA LIMITED,24.65,25.35,23.99,24.92,24.32,2.47,115860,2887231.21
2026-09-11,HUBTOWN,EQ,INE703H01016,HUBTOWN LIMITED,181.05,183.0,178.72,181.21,183.22,-1.1,181732,32931656.94
2026-09-11,HUDCO,EQ,INE031A01017,HSG & URBAN DEV CORPN LTD,173.6,173.6,171.6,172.76,174.08,-0.76,1180108,203875451.6
2026-09-11,HUHTAMAKI,EQ,INE275B01026,HUHTAMAKI INDIA LIMITED,260.0,260.0,250.25,254.4,262.05,-2.92,211803,53882681.91
2026-09-11,HYBRIDETF,EQ,INF769K01RJ5,MIRAEAMC - HYBRIDETF,10.19,10.19,9.98,10.04,10.09,-0.5,214733,2155919.31
2026-09-11,HYUNDAI,EQ,INE0V6F01027,HYUNDAI MOTOR INDIA LTD,2187.6,2195.5,2170.6,2174.0,2205.0,-1.41,484805,1053966070.0
2026-09-11,IBULLSLTD,EQ,INE126M01010,INDIABULLS LIMITED,24.31,26.14,24.31,26.14,24.9,4.98,32865374,859100856.3
2026-09-11,ICEMAKE,EQ,INE520Y01019,ICE MAKE REFRIGERAT LTD,727.0,739.0,721.0,730.1,727.9,0.3,11852,8653144.91
2026-09-11,ICICIAMC,EQ,INE346A01027,ICICI PRUDENTIAL AMC LTD,3010.0,3051.0,2992.3,3041.5,3033.5,0.26,135852,413193858.0
2026-09-11,ICICIB22,EQ,INF109KB15Y7,ICICIPRAMC - BHARATIWIN,113.64,113.64,112.6,113.16,113.5,-0.3,164595,18625570.8
2026-09-11,ICICIBANK,EQ,INE090A01021,ICICI BANK LTD.,1371.6,1389.0,1367.6,1379.3,1384.5,-0.38,7064417,9743950713.04
2026-09-11,ICICIGI,EQ,INE765G01017,ICICI LOMBARD GIC LIMITED,1465.0,1465.0,1443.7,1459.8,1465.0,-0.35,663654,968802141.6
2026-09-11,ICICIPRULI,EQ,INE726G01019,ICICI PRU LIFE INS CO LTD,468.8,475.5,461.25,471.5,471.0,0.11,1354875,638823562.5
2026-09-11,ICIL,EQ,INE483B01026,INDO COUNT INDUSTRIES LTD,437.35,446.3,426.4,443.25,439.45,0.86,443332,196506909.0
2026-09-11,ICRA,EQ,INE725G01011,ICRA LIMITED,4731.0,4754.7,4665.6,4728.9,4726.2,0.06,21358,100999844.11
2026-09-11,IDBI,EQ,INE008A01015,IDBI BANK LIMITED,81.21,84.2,80.62,83.43,81.62,2.22,22126952,1846051612.11
2026-09-11,IDEA,EQ,INE669E01016,VODAFONE IDEA LIMITED,15.08,15.2,14.84,14.97,14.9,0.47,547907103,8202169478.22
2026-09-11,IDEAFORGE,EQ,INE349Y01013,IDEAFORGE TECHNO LTD,740.0,742.0,724.0,733.95,743.45,-1.28,164262,120560096.91
2026-09-11,IDFCFIRSTB,EQ,INE092T01019,IDFC FIRST BANK LIMITED,86.2,86.73,85.41,86.21,86.84,-0.73,13937814,1201578932.18
2026-09-11,IDFNIFTYET,EQ,INF194KA1U07,BANDHANAMC - IDFNIFTYET,256.62,258.66,256.62,258.6,259.15,-0.21,2321,600210.61
2026-09-11,IEX,EQ,INE022Q01020,INDIAN ENERGY EXC LTD,115.88,115.91,113.0,113.88,116.63,-2.36,6657040,758103696.92
2026-09-11,IFBAGRO,EQ,INE076C01018,IFB AGRO INDUSTRIES LTD,880.0,894.9,860.0,884.45,874.8,1.1,5292,4680509.46
2026-09-11,IFBIND,EQ,INE559A01017,IFB INDUSTRIES LTD,1267.2,1312.1,1251.0,1300.1,1283.2,1.32,53221,69192620.8
2026-09-11,IFCI,EQ,INE039A01010,IFCI LTD,83.8,85.59,81.52,82.29,85.15,-3.36,110886137,9124820315.25
2026-09-11,IFGLEXPOR,EQ,INE133Y01011,IFGL REFRACTORIES LIMITED,210.0,212.2,203.67,206.08,212.54,-3.04,41185,8487404.88
2026-09-11,IGARASHI,EQ,INE188B01013,IGARASHI MOTORS INDIA LTD,408.55,418.45,402.05,414.3,408.3,1.47,45453,18831177.35
2026-09-11,IGCL,EQ,INE05J901018,INDOGULF CROPSCIENCES LTD,71.15,72.38,67.16,67.61,72.4,-6.62,265110,17924087.26
2026-09-11,IGIL,EQ,INE0Q9301021,INTL GEMOLOGICAL INST LTD,310.0,315.0,307.05,314.3,311.2,1.0,233518,73394704.55
2026-09-11,IGL,EQ,INE203G01027,INDRAPRASTHA GAS LTD,152.23,152.5,151.02,151.98,153.46,-0.96,766290,116460750.93
2026-09-11,IGPL,EQ,INE204A01010,I G PETROCHEMICALS LTD,555.9,555.9,535.7,547.05,553.5,-1.17,58951,32249143.83
2026-09-11,IIFL,EQ,INE530B01024,IIFL FINANCE LIMITED,605.0,616.35,595.0,600.6,607.65,-1.16,2661025,1598211550.03
2026-09-11,IIFLCAPS,EQ,INE489L01022,IIFL CAPITAL SERVICES LTD,336.6,340.95,336.6,339.05,337.3,0.52,422556,143267606.64
2026-09-11,IITL,EQ,INE886A01014,INDUSTRIAL INV TRUST LTD,147.8,153.84,145.6,149.01,147.23,1.21,93711,13963875.6
2026-09-11,IKIO,EQ,INE0LOJ01019,IKIO TECHNOLOGIES LIMITED,234.0,238.8,221.42,223.87,231.73,-3.39,1450380,324696563.52
2026-09-11,IKS,EQ,INE115Q01022,INVENTURUS KNOWLEDGE SO L,1783.0,1783.0,1732.4,1740.6,1783.7,-2.42,83326,145037233.57
2026-09-11,IMAGICAA,EQ,INE172N01012,IMAGICAAWORLD ENT LTD,53.01,53.15,51.8,52.33,53.2,-1.64,449274,23510509.24
2026-09-11,IMFA,EQ,INE919H01018,INDIAN METALS & FERRO,1272.0,1277.4,1236.9,1243.5,1279.1,-2.78,110255,137102092.5
2026-09-11,IMPAL,EQ,INE547E01014,IND MOTOR PART & ACC LTD,1108.0,1134.8,1105.0,1113.2,1127.7,-1.29,1166,1297991.14
2026-09-11,INA,EQ,INE0LGX01024,INSOLATION ENERGY LIMITED,92.9,93.95,90.61,92.98,93.0,-0.02,594093,55238769.13
2026-09-11,INCREDIBLE,EQ,INE452L01012,INCREDIBLE INDUSTRIES LTD,31.92,34.49,31.05,33.58,30.98,8.39,17146,575762.71
2026-09-11,INDBANK,EQ,INE841B01017,INDBANK MERCH BANK,27.85,28.45,27.25,27.64,27.72,-0.29,56742,1568348.85
2026-09-11,INDGN,EQ,INE065X01017,INDEGENE LIMITED,571.1,583.25,570.3,578.35,577.35,0.17,225658,130509298.79
2026-09-11,INDHOTEL,EQ,INE053A01029,THE INDIAN HOTELS CO. LTD,712.75,720.75,708.6,718.5,715.75,0.38,1019599,732581881.5
2026-09-11,INDIACEM,EQ,INE383A01012,THE INDIA CEMENTS LIMITED,347.95,348.0,342.55,346.9,347.95,-0.3,65795,22824285.1
2026-09-11,INDIAGLYCO,EQ,INE560A01023,INDIA GLYCOLS LTD,310.0,310.0,294.9,294.9,310.4,-4.99,164145,48406359.5
2026-09-11,INDIAMART,EQ,INE933S01016,INDIAMART INTERMESH LTD,1637.7,1716.4,1624.1,1695.0,1637.7,3.5,140423,238016985.0
2026-09-11,INDIANB,EQ,INE562A01011,INDIAN BANK,848.95,859.7,835.0,853.5,856.5,-0.35,1579708,1348280778.0
2026-09-11,INDIANCARD,EQ,INE061A01014,INDIAN CARD CLOTHING CO.,210.01,212.96,208.1,212.45,209.36,1.48,1949,414065.04
2026-09-11,INDIANHUME,EQ,INE323C01030,INDIAN HUME PIPE CO. LTD.,367.0,375.0,362.25,369.55,367.0,0.69,30095,11121606.88
2026-09-11,INDIASHLTR,EQ,INE922K01024,INDIA SHELTER FIN CORP L,674.35,674.35,647.0,652.25,672.15,-2.96,81000,52832250.0
2026-09-11,INDIGO,EQ,INE646L01027,INTERGLOBE AVIATION LTD,4875.0,4973.0,4822.0,4973.0,4945.0,0.57,923733,4593724209.0
2026-09-11,INDIGOPNTS,EQ,INE09VQ01012,INDIGO PAINTS LIMITED,1075.0,1094.0,1059.3,1089.3,1077.8,1.07,55830,60815621.73
2026-09-11,INDIQUBE,EQ,INE06ST01018,INDIQUBE SPACES LIMITED,204.0,205.1,199.35,202.87,205.56,-1.31,14391,2919502.1
2026-09-11,INDNIPPON,EQ,INE092B01025,INDIA NIPPON ELECT  LTD,1338.6,1404.0,1300.0,1358.9,1369.0,-0.74,274425,372916139.2
2026-09-11,INDOBORAX,EQ,INE803D01021,INDO BORAX & CHEMICAL LTD,481.0,492.45,465.25,484.55,483.45,0.23,125334,60730588.17
2026-09-11,INDOCO,EQ,INE873D01024,INDOCO REMEDIES LTD.,260.0,276.98,251.5,263.02,254.25,3.45,5002402,1315731719.08
2026-09-11,INDOFARM,EQ,INE622H01018,INDO FARM EQUIPMENT LTD,140.0,144.03,135.83,141.66,140.32,0.95,131169,18581401.02
2026-09-11,INDOKEM,EQ,INE716F01012,INDOKEM LTD.,617.0,620.0,603.0,613.85,620.45,-1.06,3375,2071743.67
2026-09-11,INDOMIM,EQ,INE084101034,INDO-MIM LIMITED,995.0,1024.5,978.75,1018.2,1006.55,1.16,1564591,1593066575.3
2026-09-11,INDORAMA,EQ,INE156A01020,INDO RAMA SYNTHETICS LTD,83.02,87.64,80.0,86.5,82.93,4.3,1794174,155196051.0
2026-09-11,INDOSTAR,EQ,INE896L01010,INDOSTAR CAPITAL FIN LTD,245.4,247.11,241.68,244.38,246.89,-1.02,52664,12870028.58
2026-09-11,INDOTECH,EQ,INE332H01014,INDO TECH TRANSFORM LTD.,3601.0,3687.6,3462.3,3522.9,3602.4,-2.21,12309,43363374.9
2026-09-11,INDOTHAI,EQ,INE337M01021,INDO THAI SEC LTD,43.4,45.49,41.17,41.17,43.43,-5.2,20200138,831639644.47
2026-09-11,INDOUS,EQ,INE250Z01010,INDO US BIOTECH LTD,82.0,82.0,78.0,78.24,79.54,-1.63,10159,794840.14
2026-09-11,INDOWIND,EQ,INE227G01018,INDOWIND ENERGY LTD,9.01,9.2,8.91,9.09,9.08,0.11,122015,1109116.37
2026-09-11,INDPRUD,EQ,INE620D01011,INDUSTRIAL & PRU INV CO L,6250.0,6250.0,6250.0,6250.0,6211.5,0.62,2,12500.0
2026-09-11,INDRAMEDCO,EQ,INE681B01017,INDRAPRASTHA MEDICAL CORP,345.0,356.2,344.1,355.0,360.0,-1.39,185246,65762330.0
2026-09-11,INDSWFTLAB,EQ,INE915B01019,IND SWIFT LABORATORIES LT,375.0,391.4,372.3,385.35,377.5,2.08,565658,217976313.75
2026-09-11,INDTERRAIN,EQ,INE611L01021,IND TERRAIN FASHIONS LTD,28.89,29.33,28.65,28.85,28.68,0.59,6587,190034.95
2026-09-11,INDUSINDBK,EQ,INE095A01012,INDUSIND BANK LIMITED,988.7,988.7,972.3,978.2,993.3,-1.52,2504608,2450007576.17
2026-09-11,INDUSTOWER,EQ,INE121J01017,INDUS TOWERS LIMITED,372.0,390.85,372.0,388.0,372.0,4.3,16707001,6482316388.0
2026-09-11,INFOBEAN,EQ,INE344S01016,INFOBEANS TECHNO. LTD.,155.2,155.2,152.91,154.01,155.2,-0.77,153246,23601415.62
2026-09-11,INFOMEDIA,EQ,INE669A01022,INFOMEDIA PRESS LIMITED,4.82,5.44,4.82,5.2,5.23,-0.57,18095,94094.0
2026-09-11,INFRA,EQ,INF769K01QB4,MIRAEAMC - INFRA,11.88,11.93,11.8,11.91,11.96,-0.42,127871,1522943.59
2026-09-11,INFRABEES,EQ,INF732E01268,NIP IND ETF INFRA BEES,943.84,946.69,934.7,943.65,944.9,-0.13,5078,4791854.82
2026-09-11,INFRAIETF,EQ,INF109KC16E5,ICICIPRAMC - ICICIINFRA,93.34,95.5,93.05,94.18,93.54,0.68,70908,6678115.46
2026-09-11,INFY,EQ,INE009A01021,INFOSYS LIMITED,1032.0,1047.3,1029.7,1037.7,1036.5,0.12,6168088,6400624616.42
2026-09-11,INGERRAND,EQ,INE177A01018,INGERSOLL-RAND INDIA LTD,4599.9,4617.3,4506.3,4573.0,4604.8,-0.69,10539,48194847.0
2026-09-11,INNOVACAP,EQ,INE0DUT01020,INNOVA CAPTAB LIMITED,1150.1,1168.1,1133.1,1147.2,1167.4,-1.73,44230,50740653.84
2026-09-11,INNOVANA,EQ,INE403Y01018,INNOVANA THINKLABS LTD,310.8,334.0,300.1,327.0,309.3,5.72,50677,16571379.0
2026-09-11,INNOVISION,EQ,INE0ADB01012,INNOVISION LIMITED,265.0,265.0,258.85,260.35,266.8,-2.42,22172,5772480.34
2026-09-11,INOXGREEN,EQ,INE510W01014,INOX GREEN ENERGY SER LTD,178.01,179.5,171.85,178.21,178.12,0.05,1096299,195371452.15
2026-09-11,INOXINDIA,EQ,INE616N01034,INOX INDIA LIMITED,2272.0,2313.4,2236.9,2246.6,2295.8,-2.14,245450,551427993.97
2026-09-11,INOXWIND,EQ,INE066P01011,INOX WIND LIMITED,75.5,76.5,73.78,76.5,76.02,0.63,7415115,567256297.5
2026-09-11,INSECTICID,EQ,INE070I01018,INSECTICIDES (I) LTD,610.0,619.0,595.1,609.7,612.5,-0.46,26007,15856468.22
2026-09-11,INSPIRISYS,EQ,INE020G01017,INSPIRISYS SOLUTIONS LTD,87.0,87.95,84.2,85.43,86.25,-0.95,4201,358891.43
2026-09-11,INSUREIETF,EQ,INF109K1A567,ICICIPRAMC - INSUREIETF,14.75,14.83,14.6,14.76,14.77,-0.07,143136,2112687.39
2026-09-11,INTELLECT,EQ,INE306R01017,INTELLECT DESIGN ARENA,680.2,689.6,676.6,682.6,685.05,-0.36,280610,191544379.15
2026-09-11,INTENTECH,EQ,INE781A01025,INTENSE TECHNOLOGIES LTD,78.5,80.5,76.49,78.53,79.12,-0.75,15643,1228444.77
2026-09-11,INTERARCH,EQ,INE00M901018,INTERARCH BLDNG SOLTN LTD,1717.1,1762.7,1700.0,1728.2,1729.4,-0.07,36252,62650704.63
2026-09-11,INTERNET,EQ,INF769K01PB6,MIRAEAMC - INTERNET,14.66,15.8,14.44,14.87,14.59,1.92,266026,3955806.59
2026-09-11,INTLCONV,EQ,INE575C01027,INTL CONVEYORS LIMITED,76.99,78.88,76.39,78.27,77.16,1.44,32019,2506127.02
2026-09-11,INVENTURE,EQ,INE878H01024,INVENTURE GRO & SEC LTD,0.92,0.94,0.9,0.92,0.91,1.1,1362737,1253718.06
2026-09-11,IOB,EQ,INE565A01014,INDIAN OVERSEAS BANK,32.7,33.14,32.54,33.07,32.86,0.64,1926531,63710379.58
2026-09-11,IOC,EQ,INE242A01010,INDIAN OIL CORP LTD,134.0,136.16,133.25,135.11,134.94,0.13,7203039,973202603.69
2026-09-11,IOLCP,EQ,INE485C01029,IOL CHEM AND PHARMA LTD,210.51,210.95,192.0,194.31,211.43,-8.1,5129124,996640071.92
2026-09-11,IONEXCHANG,EQ,INE570A01022,ION EXCHANGE (INDIA) LTD,430.0,461.0,426.65,445.7,435.45,2.35,1336559,595704362.62
2026-09-11,IPCALAB,EQ,INE571A01038,IPCA LABORATORIES LTD,1975.8,1995.0,1958.4,1968.5,1970.9,-0.12,176417,347276864.5
2026-09-11,IPL,EQ,INE0D6701023,INDIA PESTICIDES LIMITED,134.52,135.65,133.3,133.69,135.74,-1.51,100420,13425150.05
2026-09-11,IPRINGLTD,EQ,INE558A01019,IP RINGS LTD.,147.0,150.5,138.0,145.87,147.85,-1.34,2231,325435.96
2026-09-11,IRB,EQ,INE821I01022,IRB INFRA DEV LTD.,19.79,19.79,19.35,19.64,19.91,-1.36,8984467,176454926.4
2026-09-11,IRCON,EQ,INE962Y01021,IRCON INTERNATIONAL LTD,114.9,114.9,112.55,113.26,115.21,-1.69,1556241,176259858.98
2026-09-11,IRCTC,EQ,INE335Y01020,INDIAN RAIL TOUR CORP LTD,467.0,467.15,462.15,462.9,467.75,-1.04,604286,279723985.71
2026-09-11,IREDA,EQ,INE202E01016,INDIAN RENEWABLE ENERGY,112.27,112.57,111.31,111.71,113.32,-1.42,3342411,373380729.75
2026-09-11,IRFC,EQ,INE053F01010,INDIAN RAILWAY FIN CORP L,80.95,81.09,80.1,81.09,81.08,0.01,8029026,651073688.94
2026-09-11,IRIS,EQ,INE864K01010,IRIS REGTECH SOLUTION LTD,246.07,249.0,243.85,245.39,249.08,-1.48,12982,3185652.97
2026-09-11,IRISDOREME,EQ,INE01GN01025,IRIS CLOTHINGS LIMITED,62.6,62.84,60.9,61.47,62.29,-1.32,437736,26907632.45
2026-09-11,IRMENERGY,EQ,INE07U701015,IRM ENERGY LIMITED,281.2,284.9,274.3,280.25,281.25,-0.36,57018,15979294.5
2026-09-11,ISFT,EQ,INE566K01011,INTRASOFT TECH. LTD,81.78,81.78,78.15,79.48,81.17,-2.08,118688,9433322.64
2026-09-11,ISGEC,EQ,INE858B01029,ISGEC HEAVY ENG LTD,821.0,821.0,792.0,795.95,810.15,-1.75,47204,37572024.38
2026-09-11,ISHANCH,EQ,INE561M01018,ISHAN DYES N CHEMICALS L,45.44,45.44,42.99,44.84,44.82,0.04,15039,674348.76
2026-09-11,ISTLTD,EQ,INE684B01029,I S T LTD.,650.0,678.0,637.0,662.2,661.0,0.18,625,413875.01
2026-09-11,IT,EQ,INF174KA1GC5,KOTAKMAMC - KOTAKIT,32.03,32.34,31.95,32.13,32.06,0.22,281406,9041575.08
2026-09-11,ITADD,EQ,INF740KA1SX1,DSPAMC - DSPIT,30.63,30.87,30.59,30.75,30.59,0.52,8717,268047.75
2026-09-11,ITAXIS,EQ,INF846K01Y96,AXISAMC-ITAXIS,317.73,320.98,317.73,320.94,317.69,1.02,1947,624870.18
2026-09-11,ITBEES,EQ,INF204KB15V2,NIP IND ETF IT,32.1,32.38,31.99,32.17,32.06,0.34,7008652,225468322.01
2026-09-11,ITBETA,EQ,INF789F1AZD8,UTIAMC-ITBETA,302.0,308.0,299.48,305.42,309.14,-1.2,713,217764.47
2026-09-11,ITC,EQ,INE154A01025,ITC LTD,258.0,261.65,257.7,259.85,259.3,0.21,11116049,2888505400.5
2026-09-11,ITCHOTELS,EQ,INE379A01028,ITC HOTELS LIMITED,153.85,154.5,152.61,153.69,154.13,-0.29,1693876,260331806.58
2026-09-11,ITDC,EQ,INE353K01014,INDIA TOUR. DEV. CO. LTD.,679.95,730.0,674.7,690.85,664.6,3.95,3431057,2370345644.68
2026-09-11,ITETF,EQ,INF769K01KV5,MIRAEAMC - ITETF,31.17,31.17,30.51,30.74,30.56,0.59,182890,5622038.56
2026-09-11,ITI,EQ,INE248A01017,ITI LTD,261.4,264.0,258.45,262.85,263.5,-0.25,134104,35249237.22
2026-09-11,ITIETF,EQ,INF109KC16I6,ICICIPRAMC - ICICITECH,32.19,32.42,32.03,32.26,32.09,0.53,467820,15091872.41
2026-09-11,ITL,EQ,INE478D01014,ITL INDUSTRIES LTD.,368.3,371.9,359.0,369.25,368.3,0.26,3944,1456322.0
2026-09-11,IVALUE,EQ,INE056801025,IVALUE INFOSOLUTIONS LTD,227.0,229.27,219.6,223.35,226.62,-1.44,119413,26670894.28
2026-09-11,IVC,EQ,INE050B01023,IL&FS INVESTMENT MANAGERS,9.57,9.57,9.05,9.11,9.68,-5.89,1429459,13022371.0
2026-09-11,IVZBANKNF,EQ,INF205KA1CB9,RELIGARAMC - IVZBANKNF,56.2,56.2,55.78,55.85,56.22,-0.66,357,19938.45
2026-09-11,IVZINGOLD,EQ,INF205KA1BP1,INVESCO INDIA GOLD ETF,132.4,132.5,130.15,131.9,133.25,-1.01,76066,10033104.94
2026-09-11,IVZINNIFTY,EQ,INF205KA1CC7,INVESCO INDIA NIFTY ETF,266.53,269.4,266.53,269.29,269.07,0.08,1110,298911.91
2026-09-11,IVZSENSEX,EQ,INF205KA1CA1,RELIGARAMC - IVZSENSEX,75.95,76.81,74.27,75.01,74.64,0.5,685,51381.85
2026-09-11,IWP,EQ,INE586E01020,INDIAN WOOD PRODUCTS CO L,33.58,35.28,33.58,34.41,34.27,0.41,6626,228000.66
2026-09-11,IXIGO,EQ,INE0HV901016,LE TRAVENUES TECHNOLOGY L,159.24,161.27,157.27,158.63,161.92,-2.03,1167601,185216552.33
2026-09-11,IZMO,EQ,INE848A01014,IZMO LIMITED,895.0,916.8,866.4,906.8,900.2,0.73,117769,106792927.76
2026-09-11,J&KBANK,EQ,INE168A01041,J & K BANK LTD.,145.2,146.65,142.8,145.27,145.77,-0.34,1131898,164430827.3
2026-09-11,JAGRAN,EQ,INE199G01027,JAGRAN PRAKASHAN LIMITED,62.02,62.56,61.5,62.09,62.01,0.13,143137,8887376.35
2026-09-11,JAGSNPHARM,EQ,INE048B01035,JAGSONPAL PHARMACEUTICALS,229.21,234.6,228.01,232.89,232.99,-0.04,51421,11975436.66
2026-09-11,JAIBALAJI,EQ,INE091G01026,JAI BALAJI INDUSTRIES LTD,67.1,67.41,64.33,65.07,67.53,-3.64,934174,60786701.89
2026-09-11,JAICORPLTD,EQ,INE070D01027,JAI CORP LIMITED,96.0,96.59,94.9,95.73,96.84,-1.15,285725,27352455.21
2026-09-11,JAINREC,EQ,INE0YD401026,JAIN RESOURCE RECYCLING L,290.0,291.15,282.7,284.7,291.45,-2.32,807025,229760027.35
2026-09-11,JAIPURKURT,EQ,INE696V01013,NANDANI CREATION LIMITED,25.99,25.99,24.7,25.57,25.03,2.16,1576,40298.32
2026-09-11,JAMNAAUTO,EQ,INE039C01032,JAMNA AUTO IND LTD,132.5,137.33,131.27,135.46,131.86,2.73,6244729,845911032.27
2026-09-11,JARO,EQ,INE00YJ01010,JARO INS OF TEC MG N RE L,453.5,460.0,446.25,454.05,456.25,-0.48,93689,42539489.31
2026-09-11,JASH,EQ,INE039O01029,JASH ENGINEERING LIMITED,520.4,520.4,509.55,514.05,521.45,-1.42,90550,46547226.39
2026-09-11,JAYAGROGN,EQ,INE785A01026,JAYANT AGRO ORGANICS LTD,257.0,257.0,239.09,244.13,258.18,-5.44,47854,11682597.25
2026-09-11,JAYBARMARU,EQ,INE571B01036,JAY BHARAT MARUTI LTD,115.0,120.0,114.84,116.58,117.53,-0.81,333020,38823472.21
2026-09-11,JAYKAY,EQ,INE903A01025,JAYKAY ENTERPRISES LTD,165.09,168.0,160.22,165.32,165.09,0.14,256432,42393340.12
2026-09-11,JAYNECOIND,EQ,INE854B01010,JAYASWAL NECO INDUSTR LTD,90.2,91.26,89.0,89.97,91.29,-1.45,2973675,267541543.38
2026-09-11,JAYSREETEA,EQ,INE364A01020,JAYSHREE TEA & INDUSTRIES,93.88,94.6,92.02,92.9,95.08,-2.29,51691,4802093.98
2026-09-11,JBMA,EQ,INE927D01051,JBM AUTO LIMITED,604.0,633.45,594.0,620.3,604.25,2.66,857400,531845209.53
2026-09-11,JENBURPH,EQ,INE354A01013,JENBURKT PHARMACEUTICAL L,1020.0,1034.8,998.6,1003.9,1026.8,-2.23,1783,1789953.74
2026-09-11,JETFREIGHT,EQ,INE982V01025,JET FREIGHT LOGISTICS LTD,20.2,20.7,19.7,20.07,20.2,-0.64,180744,3627532.02
2026-09-11,JGCHEM,EQ,INE0MB501011,J.G.CHEMICALS LIMITED,591.85,595.1,575.6,592.05,595.0,-0.5,335069,198377597.36
2026-09-11,JHS,EQ,INE544H01014,JHS SVEND. LAB. LTD,8.38,9.21,7.91,8.43,8.03,4.98,305861,2578408.32
2026-09-11,JINDALPHOT,EQ,INE796G01012,JINDAL PHOTO LIMITED,980.4,1019.5,980.4,1010.9,1001.6,0.93,1935,1956091.55
2026-09-11,JINDALPOLY,EQ,INE197D01010,JINDAL POLY FILMS LIMITED,670.0,693.75,670.0,671.3,677.3,-0.89,9891,6639828.18
2026-09-11,JINDALSAW,EQ,INE324A01032,JINDAL SAW LIMITED,316.0,316.0,305.05,311.95,317.5,-1.75,1875374,585022942.19
2026-09-11,JINDALSTEL,EQ,INE749A01030,JINDAL STEEL LIMITED,1111.0,1122.0,1058.0,1120.5,1137.0,-1.45,549857,616114768.5
2026-09-11,JINDRILL,EQ,INE742C01031,JINDAL DRILLING IND. LTD,666.65,697.0,630.25,633.25,654.2,-3.2,2159907,1367761107.75
2026-09-11,JINDWORLD,EQ,INE247D01039,JINDAL WORLDWIDE LTD,54.7,55.5,52.01,52.88,55.64,-4.96,14626067,773426438.58
2026-09-11,JIOFIN,EQ,INE758E01017,JIO FIN SERVICES LTD,228.7,231.37,226.44,229.9,230.25,-0.15,22102551,5081376340.0
2026-09-11,JISLDVREQS,EQ,IN9175A01010,JAIN DVR EQUITY SHARES,20.83,21.39,20.33,20.76,20.84,-0.38,10008,207766.08
2026-09-11,JISLJALEQS,EQ,INE175A01038,JAIN IRRIGATION SYSTEMS,29.7,29.94,28.97,29.71,30.02,-1.03,2167782,64404801.24
2026-09-11,JITFINFRA,EQ,INE863T01013,JITF INFRALOGISTICS LTD,295.0,303.75,287.0,290.35,300.95,-3.52,32081,9314718.55
2026-09-11,JKCEMENT,EQ,INE823G01014,JK CEMENT LIMITED,4900.0,4909.5,4813.0,4843.5,4915.5,-1.46,54957,266184229.5
2026-09-11,JKIL,EQ,INE576I01022,JKUMAR INFR.LTD.,481.7,481.75,475.0,475.85,483.4,-1.56,37901,18035191.08
2026-09-11,JKIPL,EQ,INE1FF001016,JINKUSHAL INDUSTRIES LTD,92.03,92.9,89.42,91.64,91.6,0.04,22555,2066940.19
2026-09-11,JKLAKSHMI,EQ,INE786A01032,JK LAKSHMI CEMENT LTD,498.0,509.75,496.1,505.9,505.9,0.0,74863,37873191.24
2026-09-11,JKPAPER,EQ,INE789E01012,JK PAPER LIMITED,411.85,418.85,406.8,414.25,415.15,-0.22,395550,163856587.5
2026-09-11,JKTYRE,EQ,INE573A01042,JK TYRE & INDUSTRIES LTD,355.65,355.65,350.25,353.95,357.65,-1.03,331201,117228597.99
2026-09-11,JLHL,EQ,INE682M01020,JUPITER LIFE LINE HOSP L,277.55,285.05,277.3,279.15,281.0,-0.66,78427,21892896.57
2026-09-11,JMA,EQ,INE412C01023,JULLUNDUR MOT AGENCY LTD,95.99,95.99,91.35,93.22,95.51,-2.4,14169,1320834.2
2026-09-11,JMFINANCIL,EQ,INE780C01023,JM FINANCIAL LIMITED,125.5,125.94,123.2,124.47,127.24,-2.18,2358523,293565360.69
2026-09-11,JNKINDIA,EQ,INE0OAF01028,JNK INDIA LIMITED,425.05,433.9,416.85,422.4,428.85,-1.5,61081,25800614.03
2026-09-11,JNPR,EQ,INE05C901015,JUNIPER GREEN ENERGY LTD,259.0,269.3,254.85,265.35,259.05,2.43,773789,205324915.87
2026-09-11,JOCIL,EQ,INE839G01010,JOCIL LIMITED,150.61,150.8,143.1,149.89,149.87,0.01,8542,1280360.37
2026-09-11,JPOLYINVST,EQ,INE147P01019,JIND POL INV & FIN CO LTD,997.0,997.0,984.05,989.5,996.7,-0.72,822,813369.0
2026-09-11,JPPOWER,EQ,INE351F01018,JAIPRAKASH POWER VEN. LTD,16.2,16.2,15.95,16.02,16.23,-1.29,34693775,555794291.38
2026-09-11,JSFB,EQ,INE953L01027,JANA SMALL FIN BANK LTD,510.0,520.65,484.85,516.85,514.75,0.41,1255413,648860178.4
2026-09-11,JSL,EQ,INE220G01021,JINDAL STAINLESS LIMITED,754.55,766.5,741.0,756.1,762.15,-0.79,1619515,1224515251.96
2026-09-11,JSLL,EQ,INE0J5801029,JEENA SIKHO LIFECARE LTD,516.0,516.7,507.0,511.85,518.3,-1.24,342560,175339338.09
2026-09-11,JSWCEMENT,EQ,INE718I01012,JSW CEMENT LIMITED,120.5,120.74,118.4,118.87,120.77,-1.57,1784827,212162390.39
2026-09-11,JSWDULUX,EQ,INE133A01011,JSW DULUX LIMITED,3164.5,3172.0,3143.1,3155.1,3179.7,-0.77,31176,98363400.64
2026-09-11,JSWENERGY,EQ,INE121E01018,JSW ENERGY LIMITED,527.0,527.0,522.75,526.45,530.45,-0.75,583365,307112511.37
2026-09-11,JSWHL,EQ,INE824G01012,JSW HOLDINGS LIMITED,11444.0,11649.0,11213.0,11449.0,11444.0,0.04,2996,34301204.0
2026-09-11,JSWINFRA,EQ,INE880J01026,JSW INFRASTRUCTURE LTD,339.25,344.1,335.75,343.15,342.45,0.2,2957954,1015021897.05
2026-09-11,JSWSTEEL,EQ,INE019A01038,JSW STEEL LIMITED,1281.0,1286.9,1265.0,1265.0,1304.0,-2.99,1580944,1999894160.0
2026-09-11,JTEKTINDIA,EQ,INE643A01035,JTEKT INDIA LIMITED,120.29,121.25,118.52,120.55,119.93,0.52,79648,9601566.64
2026-09-11,JTLIND,EQ,INE391J01032,JTL INDUSTRIES LIMITED,88.8,89.39,86.4,88.68,89.6,-1.03,2156849,191269369.98
2026-09-11,JUBLCPL,EQ,INE03CC01015,JUBILANT AGRI N CON PRO L,2090.0,2142.0,2041.0,2105.8,2101.0,0.23,7884,16602127.58
2026-09-11,JUBLFOOD,EQ,INE797F01020,JUBILANT FOODWORKS LTD,470.6,472.85,465.65,470.25,473.8,-0.75,354487,166697511.75
2026-09-11,JUBLINGREA,EQ,INE0BY001018,JUBILANT INGREVIA LIMITED,664.0,666.8,651.4,658.4,666.6,-1.23,313699,206539429.26
2026-09-11,JUBLPHARMA,EQ,INE700A01033,JUBILANT PHARMOVA LTD,1020.0,1034.15,1006.3,1025.2,1025.65,-0.04,230939,236758651.52
2026-09-11,JUNIORBEES,EQ,INF732E01045,NIP IND ETF JUNIOR BEES,787.3,787.3,773.5,781.96,785.79,-0.49,470922,368242177.47
2026-09-11,JUNIPER,EQ,INE696F01016,JUNIPER HOTELS LIMITED,227.39,228.0,220.23,221.12,227.39,-2.76,163779,36214811.68
2026-09-11,JUSTDIAL,EQ,INE599M01018,JUSTDIAL LTD.,656.3,669.9,656.3,665.55,668.75,-0.48,97065,64601609.57
2026-09-11,JWL,EQ,INE209L01016,JUPITER WAGONS LIMITED,240.06,240.25,237.72,239.58,241.56,-0.82,394239,94451780.34
2026-09-11,JYOTHYLAB,EQ,INE668F01031,JYOTHY LABS LIMITED,195.7,196.61,194.0,195.06,195.65,-0.3,394200,76892651.04
2026-09-11,JYOTICNC,EQ,INE980O01024,JYOTI CNC AUTOMATION LTD,994.0,998.6,966.0,985.0,1003.9,-1.88,692249,681865265.0
2026-09-11,JYOTIRES,EQ,INE577D01013,JYOTI RESINS & ADHESIVE L,868.0,878.95,860.0,867.85,875.9,-0.92,7907,6862089.76
2026-09-11,JYOTISTRUC,EQ,INE197A01024,JYOTI STRUCTURES LTD,9.95,9.97,9.55,9.69,9.98,-2.91,7294287,70681637.97
2026-09-11,KABRAEXTRU,EQ,INE900B01029,KABRA EXTRUSION TECHNIK L,710.0,733.0,690.6,723.15,707.55,2.2,479794,346963042.81
2026-09-11,KAJARIACER,EQ,INE217B01036,KAJARIA CERAMICS LTD,1245.0,1245.0,1215.3,1226.4,1243.9,-1.41,88820,108928850.17
2026-09-11,KAKATCEM,EQ,INE437B01014,KAKATIYA CEM SUGAR &IND L,109.0,110.8,107.5,109.57,109.42,0.14,1851,202814.07
2026-09-11,KALAMANDIR,EQ,INE438K01021,SAI SILKS (KALAMANDIR) L,83.64,83.64,82.05,82.57,83.64,-1.28,345687,28543375.48
2026-09-11,KALPATARU,EQ,INE227J01012,KALPATARU LIMITED,267.4,267.9,263.1,266.25,267.4,-0.43,41966,11173447.5
2026-09-11,KALYANKJIL,EQ,INE303R01014,KALYAN JEWELLERS IND LTD,609.5,610.0,589.05,601.15,615.2,-2.28,6340796,3811769670.2
2026-09-11,KAMAHOLD,EQ,INE411F01010,KAMA HOLDINGS LTD.,2241.1,2303.5,2241.1,2273.5,2285.0,-0.5,2654,6033869.0
2026-09-11,KAMANWALA,EQ,INE344D01018,KAMANWALA HOUSING CONST L,17.5,17.5,16.27,17.46,17.02,2.59,2767,48311.82
2026-09-11,KAMATHOTEL,EQ,INE967C01018,KAMAT HOTELS (I) LTD,223.0,225.77,220.21,224.2,224.68,-0.21,38878,8716447.48
2026-09-11,KAMOPAINTS,EQ,INE0BTI01037,KAMDHENU VENTURES LIMITED,4.4,4.4,4.29,4.33,4.29,0.93,105351,456169.82
2026-09-11,KANANIIND,EQ,INE879E01037,KANANI INDUSTRIES LTD,1.51,1.54,1.31,1.5,1.51,-0.66,251370,377055.0
2026-09-11,KANCHI,EQ,INE081G01019,KANCHI KARPOORAM LTD.,396.0,397.0,383.6,390.75,403.75,-3.22,2129,831906.75
2026-09-11,KANCOTEA,EQ,INE398L01017,KANCO TEA & INDS. LTD.,52.29,52.29,52.29,52.29,52.29,0.0,0,0.0
2026-09-11,KANPRPLA,EQ,INE694E01014,KANPUR PLASTIPACK LIMITED,248.05,277.45,247.5,264.6,251.7,5.13,72663,19226630.24
2026-09-11,KANSAINER,EQ,INE531A01024,KANSAI NEROLAC PAINTS LTD,189.39,189.54,187.3,188.6,191.11,-1.31,119478,22533551.53
2026-09-11,KAPSTON,EQ,INE542Z01028,KAPSTON SERVICES LIMITED,584.95,597.85,578.55,588.2,584.95,0.56,63762,37504809.18
2026-09-11,KARMAENG,EQ,INE725L01011,KARMA ENERGY LIMITED,38.25,39.99,37.25,39.63,37.88,4.62,9768,387105.85
2026-09-11,KARURVYSYA,EQ,INE036D01028,KARUR VYSYA BANK LTD,336.05,336.05,330.45,333.8,335.3,-0.45,987355,329579086.95
2026-09-11,KAYNES,EQ,INE918Z01012,KAYNES TECHNOLOGY IND LTD,3475.0,3550.0,3433.4,3505.0,3499.0,0.17,555805,1948096525.0
2026-09-11,KCP,EQ,INE805C01028,KCP LTD,163.15,163.15,160.05,162.4,162.21,0.12,88951,14445641.86
2026-09-11,KDDL,EQ,INE291D01011,KDDL LIMITED,3894.9,3955.8,3835.0,3881.9,3891.4,-0.24,20482,79509073.8
2026-09-11,KDGREEN,EQ,INE348N01042,KD GREEN INDUSTRIES LTD,50.0,51.14,47.95,49.09,50.14,-2.09,20263,994710.67
2026-09-11,KEC,EQ,INE389H01022,KEC INTL. LIMITED,411.0,411.0,404.1,406.4,413.45,-1.71,608964,247482965.88
2026-09-11,KECL,EQ,INE134B01017,KIRLOSKAR ELECTRIC CO LTD,125.0,129.4,120.35,124.21,126.36,-1.7,152390,18928361.76
2026-09-11,KEEPLEARN,EQ,INE055C01020,DSJ KEEP LEARNING LTD,1.89,1.92,1.82,1.89,1.89,0.0,18438,34847.82
2026-09-11,KEI,EQ,INE878B01027,KEI INDUSTRIES LTD.,4599.0,4599.0,4447.0,4578.0,4640.0,-1.34,1138228,5210807784.0
2026-09-11,KELLTONTEC,EQ,INE164B01030,KELLTON TECH SOL LTD,13.45,15.19,13.35,13.77,13.51,1.92,9142272,125889089.62
2026-09-11,KENNAMET,EQ,INE717A01029,KENNAMETAL INDIA LIMITED,5000.0,5000.0,4660.0,4682.4,5027.9,-6.87,70326,329294455.53
2026-09-11,KERNEX,EQ,INE202H01019,KERNEX MICROSYS(I) LTD,1709.2,1750.0,1673.1,1732.1,1709.5,1.32,144751,250723203.57
2026-09-11,KEYFINSERV,EQ,INE681C01015,KEYNOTE FIN SERV LTD.,249.95,249.95,238.0,239.2,242.95,-1.54,800,191360.0
2026-09-11,KFINTECH,EQ,INE138Y01010,KFIN TECHNOLOGIES LIMITED,893.0,904.7,882.4,900.0,899.0,0.11,622342,560107800.0
2026-09-11,KHAICHEM,EQ,INE745B01028,KHAITAN CHEM & FERT LTD,52.68,55.55,51.22,54.03,52.68,2.56,402804,21763499.63
2026-09-11,KHAITANLTD,EQ,INE731C01018,KHAITAN (INDIA)LTD.,158.4,165.0,154.4,162.51,159.12,2.13,2808,456328.06
2026-09-11,KHANDSE,EQ,INE060B01014,KHANDWALA SECURITIES LTD,17.49,17.49,16.5,17.1,16.97,0.77,620,10602.0
2026-09-11,KICL,EQ,INE029L01018,KALYANI INVEST CO LTD,5065.0,5083.0,5014.0,5040.5,5083.5,-0.85,524,2641222.0
2026-09-11,KIMS,EQ,INE967H01025,KRISHNA INST OF MED SCI L,773.95,776.85,761.75,768.95,772.8,-0.5,127766,98245667.26
2026-09-11,KINGFA,EQ,INE473D01015,KINGFA SCI & TEC IND LTD.,6215.0,6240.0,6087.0,6197.0,6227.5,-0.49,15424,95582528.0
2026-09-11,KIOCL,EQ,INE880L01014,KIOCL LIMITED,365.35,365.35,354.3,355.9,367.9,-3.26,142628,50761304.33
2026-09-11,KIRANVYPAR,EQ,INE555P01013,KIRAN VYAPAR LTD.,204.45,209.89,203.99,207.02,206.99,0.01,2019,417973.39
2026-09-11,KIRIINDUS,EQ,INE415I01015,KIRI INDUSTRIES LIMITED,518.8,541.0,512.1,537.35,523.1,2.72,1067749,573754899.08
2026-09-11,KIRLFER,EQ,INE884B01025,KIRLOSKAR FERROUS IND LTD,465.0,468.4,458.85,465.1,466.1,-0.21,91717,42657577.26
2026-09-11,KIRLOSBROS,EQ,INE732A01036,KIRLOSKAR BROTHERS LTD,1805.1,1811.2,1771.0,1784.0,1818.3,-1.89,56553,100890552.0
2026-09-11,KIRLOSENG,EQ,INE146L01010,KIRLOSKAR OIL ENG LTD,2229.9,2230.0,2155.7,2168.6,2209.0,-1.83,316085,685461961.87
2026-09-11,KIRLOSIND,EQ,INE250A01039,KIRLOSKAR INDUSTRIES LTD,3575.0,4055.0,3562.3,3828.3,3576.8,7.03,639315,2447489645.72
2026-09-11,KIRLPNU,EQ,INE811A01038,KIRLOSKAR PNEUMATIC COM L,715.05,726.4,706.4,719.9,719.7,0.03,115300,83004472.81
2026-09-11,KISSHT,EQ,INE12F801023,ONEMI TECHNOLOGY SOL LTD,330.0,336.2,324.5,328.7,333.9,-1.56,1596936,524912882.69
2026-09-11,KITEX,EQ,INE602G01020,KITEX GARMENTS LTD,125.0,125.4,123.6,123.87,125.65,-1.42,247724,30685572.56
2026-09-11,KJMCFIN,EQ,INE533C01018,K J M C FINANCIAL SERV L,61.58,62.5,60.03,60.51,61.58,-1.74,1605,97118.55
2026-09-11,KKCL,EQ,INE401H01017,KEWAL KIRAN CLOTHING LTD,505.95,505.95,492.15,494.9,501.7,-1.36,45845,22688690.22
2026-09-11,KLBRENG-B,EQ,INE338F01015,KILBURN ENGINEERING LTD.,477.05,490.0,465.7,486.95,477.4,2.0,237994,115891181.21
2026-09-11,KMCSHIL,EQ,INE879K01018,K M C SPECIALITY HOSP I L,137.45,139.31,134.75,138.47,137.45,0.74,161203,22321779.61
2026-09-11,KMEW,EQ,INE0CJD01029,KNOWLEDGE MARINE & EN W L,2904.9,2950.8,2812.1,2869.2,2915.6,-1.59,93353,267848423.04
2026-09-11,KMSUGAR,EQ,INE157H01023,K M SUGAR MILLS LTD,30.1,31.23,29.5,30.41,30.1,1.03,222197,6757010.74
2026-09-11,KNACK,EQ,INE17QZ01016,KNACK PACKAGING LIMITED,185.74,185.74,181.51,183.27,186.96,-1.97,429457,78706586.22
2026-09-11,KNAGRI,EQ,INE0KNW01016,KN AGRI RESOURCES LIMITED,197.0,197.9,192.75,193.74,195.02,-0.66,9965,1930619.15
2026-09-11,KNRCON,EQ,INE634I01029,KNR CONSTRU LTD.,123.11,126.54,119.61,125.66,123.68,1.6,2245207,282132719.84
2026-09-11,KOHINOOR,EQ,INE080B01012,KOHINOOR FOODS LIMITED,30.0,31.2,28.72,30.85,30.17,2.25,148832,4591467.26
2026-09-11,KOKUYOCMLN,EQ,INE760A01029,KOKUYO CAMLIN LIMITED,77.4,78.97,77.3,77.91,78.94,-1.3,23988,1868905.17
2026-09-11,KOLTEPATIL,EQ,INE094I01018,KOLTE PATIL DEV. LTD.,445.0,445.0,435.0,436.85,451.15,-3.17,84268,36812476.31
2026-09-11,KOPRAN,EQ,INE082A01010,KOPRAN LTD,235.75,237.6,226.2,235.26,235.82,-0.24,399882,94076237.12
2026-09-11,KOTAKBANK,EQ,INE237A01036,KOTAK MAHINDRA BANK LTD,412.6,420.0,409.25,419.0,416.55,0.59,15197483,6367745377.0
2026-09-11,KOTHARIPET,EQ,INE720A01015,KOTHARI PETROCHEM LTD,143.0,143.06,136.33,138.57,143.21,-3.24,35052,4857155.9
2026-09-11,KOTHARIPRO,EQ,INE823A01017,KOTHARI PRODUCTS LTD,66.0,66.2,64.83,65.78,65.76,0.03,3613,237663.14
2026-09-11,KOTIC,EQ,INE972A01020,KOTHARI INDUSTRIAL CORP L,148.76,148.76,130.55,133.82,151.21,-11.5,122378,16376624.86
2026-09-11,KOVAI,EQ,INE177F01017,KOVAI MEDICAL CENTER & HO,6292.0,6339.0,6150.5,6203.5,6292.0,-1.41,4574,28374809.0
2026-09-11,KPEL,EQ,INE127T01021,K.P. ENERGY LIMITED,224.13,225.0,213.82,214.91,224.13,-4.11,618562,132935161.69
2026-09-11,KPIGREEN,EQ,INE542W01025,KPI GREEN ENERGY LIMITED,284.05,285.0,281.0,281.7,287.5,-2.02,847067,238618784.24
2026-09-11,KPIL,EQ,INE220B01022,KALPATARU PROJECT INT LTD,1432.0,1442.0,1401.1,1435.7,1432.0,0.26,107494,154329130.55
2026-09-11,KPITTECH,EQ,INE04I401011,KPIT TECHNOLOGIES LIMITED,550.9,555.95,545.6,553.75,550.95,0.51,860098,476279267.5
2026-09-11,KPL,EQ,INE552U01010,KWALITY PHARMACEUTICALS L,3500.1,3694.0,3422.3,3643.3,3511.6,3.75,42959,156512526.8
2026-09-11,KPRMILL,EQ,INE930H01031,KPR MILL LTD.,1122.0,1122.1,1100.0,1109.1,1127.3,-1.61,166974,185190859.32
2026-09-11,KRBL,EQ,INE001B01026,KRBL LIMITED,423.25,425.9,416.05,421.05,423.25,-0.52,377861,159098369.44
2026-09-11,KREBSBIO,EQ,INE268B01013,KREBS BIOCHEMICALS & IND,62.89,62.89,57.07,58.72,61.47,-4.47,8042,472226.25
2026-09-11,KRIDHANINF,EQ,INE524L01026,KRIDHAN INFRA LIMITED,1.96,2.05,1.91,1.96,1.99,-1.51,56301,110349.96
2026-09-11,KRISHANA,EQ,INE506W01020,KRISHANA PHOSCHEM LIMITED,183.5,183.67,178.72,179.66,183.5,-2.09,331496,59556572.57
2026-09-11,KRISHIVAL,EQ,INE0GGO01015,KRISHIVAL FOODS LIMITED,418.95,420.0,417.25,419.95,418.15,0.43,11258,4727797.24
2026-09-11,KRISHNADEF,EQ,INE0J5601015,KRISHNA DEF AND ALD IND L,1067.4,1075.0,1047.1,1065.5,1070.0,-0.42,70159,74754414.5
2026-09-11,KRITI,EQ,INE479D01038,KRITI INDUSTRIES IND LTD,62.9,63.3,60.0,61.4,62.9,-2.38,5393,331130.21
2026-09-11,KRITIKA,EQ,INE00Z501029,KRITIKA WIRES LIMITED,5.46,5.46,5.31,5.4,5.37,0.56,101267,546841.81
2026-09-11,KRITINUT,EQ,INE798K01010,KRITI NUTRIENTS LIMITED,81.98,81.98,80.1,80.52,81.98,-1.78,6426,517421.5
2026-09-11,KRN,EQ,INE0Q3J01015,KRN HEAT EXCHANGE N REF L,1560.0,1610.7,1531.5,1593.6,1584.6,0.57,188504,300399969.8
2026-09-11,KROSS,EQ,INE0O6601022,KROSS LIMITED,232.03,239.8,222.84,239.07,231.54,3.25,2135648,510569383.0
2026-09-11,KRSNAA,EQ,INE08LI01020,KRSNAA DIAGNOSTICS LTD,557.0,557.6,548.0,550.05,564.4,-2.54,40893,22493194.15
2026-09-11,KRYSTAL,EQ,INE0QN801017,KRYSTAL INTEGRATED SER L,624.45,624.45,608.6,614.45,624.45,-1.6,9449,5805938.17
2026-09-11,KSB,EQ,INE999A01023,KSB LIMITED,797.2,810.0,788.8,804.2,804.2,0.0,94866,76291238.36
2026-09-11,KSCL,EQ,INE455I01029,KAVERI SEED CO. LTD.,715.0,721.0,706.05,715.85,718.05,-0.31,80701,57769808.88
2026-09-11,KSE,EQ,INE953E01022,KSE LTD.,175.02,180.05,175.02,177.22,178.69,-0.82,23974,4248672.31
2026-09-11,KSHINTL,EQ,INE987S01020,KSH INTERNATIONAL LIMITED,1173.0,1178.35,1118.05,1170.9,1174.3,-0.29,259796,304195142.74
2026-09-11,KSHITIJPOL,EQ,INE013801027,KSHITIJ POLYLINE LIMITED,3.32,3.57,3.32,3.48,3.43,1.46,1531366,5329153.71
2026-09-11,KSL,EQ,INE907A01026,KALYANI STEELS LIMITED,970.0,981.9,931.0,968.75,968.2,0.06,204430,198041562.5
2026-09-11,KSOLVES,EQ,INE0D6I01023,KSOLVES INDIA LIMITED,255.5,261.9,254.0,258.1,259.1,-0.39,33182,8564274.4
2026-09-11,KTKBANK,EQ,INE614B01018,KARNATAKA BANK LIMITED,328.5,330.4,322.5,325.35,332.55,-2.17,2126968,692009051.78
2026-09-11,KUANTUM,EQ,INE529I01021,KUANTUM PAPERS LIMITED,75.49,78.49,75.01,76.43,75.49,1.25,117403,8973111.33
2026-09-11,KUSUMGAR,EQ,INE0ISX01025,KUSUMGAR LIMITED,561.85,574.5,556.6,568.1,566.0,0.37,170440,96826959.84
2026-09-11,KWIL,EQ,INE2KCE01013,KWALITY WALL'S (INDIA) L,41.1,44.17,40.7,43.04,41.53,3.64,42730153,1839105824.24
2026-09-11,LAGNAM,EQ,INE548Z01017,LAGNAM SPINTEX LIMITED,72.53,72.8,71.0,72.56,72.53,0.04,2870,208247.19
2026-09-11,LAHOTIOV,EQ,INE515C01023,LAHOTI OVERSEAS LTD.,41.0,41.5,40.16,40.55,41.14,-1.43,11066,448726.29
2026-09-11,LAKSHMIMIL,EQ,INE938C01019,LAKSHMI MILLS CO. LTD.,7760.0,7835.0,7540.0,7800.0,7800.0,0.0,30,234000.0
2026-09-11,LAL,EQ,INE740X01023,LORENZINI APPARELS LTD,8.89,9.19,8.8,8.83,8.89,-0.67,20411,180229.13
2026-09-11,LALITHAA,EQ,INE0K9O01026,LALITHAA JEWELLERY MART L,337.9,343.6,330.3,338.6,337.6,0.3,6734761,2280390115.71
2026-09-11,LALPATHLAB,EQ,INE600L01024,DR. LAL PATH LABS LTD.,1900.0,1924.6,1893.9,1909.0,1916.7,-0.4,224876,429288284.0
2026-09-11,LAMBODHARA,EQ,INE112F01022,LAMBODHARA TEXTILES LTD.,136.49,138.5,136.16,137.37,137.22,0.11,4215,579014.53
2026-09-11,LANCER,EQ,INE359U01028,LANCER CONTAINER LINES L,12.95,12.95,12.6,12.74,12.83,-0.7,169288,2156729.08
2026-09-11,LANDMARK,EQ,INE559R01029,LANDMARK CARS LIMITED,484.8,494.95,473.95,487.95,484.1,0.8,110531,53933602.8
2026-09-11,LANDSMILL,EQ,INE688J01023,LANDSMILL GREEN LIMITED,0.58,0.59,0.55,0.56,0.57,-1.75,4314557,2416151.93
2026-09-11,LAOPALA,EQ,INE059D01020,LA OPALA RG LIMITED,161.79,161.79,158.51,158.93,162.4,-2.14,142467,22642279.27
2026-09-11,LARGEMID50,EQ,INF769K01RK3,MIRAEAMC - LARGEMID50,36.55,36.55,35.4,35.69,35.83,-0.39,1478,52749.82
2026-09-11,LASERPOWER,EQ,INE17IR01028,LASER POWER & INFRA LTD,289.0,294.05,281.0,289.75,290.65,-0.31,685699,198681285.25
2026-09-11,LATENTVIEW,EQ,INE0I7C01011,LATENT VIEW ANALYTICS LTD,255.8,255.8,251.55,252.45,255.8,-1.31,335107,84597761.13
2026-09-11,LATTEYS,EQ,INE262Z01023,LATTEYS INDUSTRIES LTD,21.53,21.83,20.42,21.8,21.53,1.25,24026,523766.78
2026-09-11,LAURUSLABS,EQ,INE947Q01028,LAURUS LABS LIMITED,1943.0,1981.8,1918.1,1969.0,1945.0,1.23,2277375,4484151375.0
2026-09-11,LAXMICOT,EQ,INE801V01019,LAXMI COTSPIN LIMITED,13.08,13.47,12.2,12.89,13.18,-2.2,22433,289161.38
2026-09-11,LAXMIDENTL,EQ,INE0WO601020,LAXMI DENTAL LIMITED,201.15,204.0,197.01,202.84,202.56,0.14,52887,10727598.89
2026-09-11,LAXMIINDIA,EQ,INE06WU01026,LAXMI INDIA FINANCE LTD,126.5,131.11,125.5,129.07,127.88,0.93,162049,20915665.62
2026-09-11,LCCINFOTEC,EQ,INE938A01021,LCC INFOTECH LTD,3.12,3.24,2.88,3.14,3.19,-1.57,119835,376281.91
2026-09-11,LCL,EQ,INE0QJW01029,LOHIA CORP LIMITED,561.25,561.25,545.4,553.05,561.25,-1.46,237836,131535196.9
2026-09-11,LEAPIND,EQ,INE00GO01025,LEAP INDIA LIMITED,139.9,145.0,136.0,144.34,140.96,2.4,4172766,602297029.16
2026-09-11,LEMERITE,EQ,INE0G1L01025,LE MERITE EXPORTS LIMITED,21.0,21.73,20.3,21.11,20.71,1.93,319184,6737974.43
2026-09-11,LEMONTREE,EQ,INE970X01018,LEMON TREE HOTELS LTD,105.05,105.37,104.06,104.78,105.7,-0.87,1933002,202539947.2
2026-09-11,LENSKART,EQ,INE956O01016,LENSKART SOLUTIONS LTD,691.6,696.05,680.0,681.75,693.3,-1.67,4110589,2802394050.75
2026-09-11,LEXUS,EQ,INE500X01013,LEXUS GRANITO (INDIA) LTD,13.12,13.73,13.12,13.31,13.45,-1.04,5153,68586.43
2026-09-11,LFIC,EQ,INE850E01012,LAKSHMI FIN IND CORP LTD,144.0,144.0,137.0,139.35,145.32,-4.11,9389,1308357.21
2026-09-11,LGBBROSLTD,EQ,INE337A01034,LG BALAKRISHNAN & BROS,1711.0,1729.1,1697.1,1711.0,1715.4,-0.26,21366,36557226.0
2026-09-11,LGEINDIA,EQ,INE324D01010,LG ELECTRONICS INDIA LTD,1647.8,1661.0,1632.4,1636.8,1650.0,-0.8,358511,586810822.31
2026-09-11,LGHL,EQ,INE258Y01016,LAXMI GOLDORNA HOUSE LTD,197.75,199.0,180.0,183.99,189.49,-2.9,8290,1525277.15
2026-09-11,LIBAS,EQ,INE908V01012,LIBAS CONSU PRODUCTS LTD,10.79,11.48,10.19,11.2,10.69,4.77,371208,4157529.53
2026-09-11,LIBERTSHOE,EQ,INE557B01019,LIBERTY SHOES LTD,232.95,233.0,225.3,228.68,229.41,-0.32,9747,2228943.89
2026-09-11,LICHSGFIN,EQ,INE115A01026,LIC HOUSING FINANCE LTD,546.0,572.35,546.0,562.9,552.3,1.92,11556446,6505123735.54
2026-09-11,LICI,EQ,INE0J1Y01017,LIFE INSURA CORP OF INDIA,402.0,405.65,400.25,404.1,405.6,-0.37,8144654,3291254731.11
2026-09-11,LICMFGOLD,EQ,INF767K01SM1,LIC MF - LIC GOLD ETF,136.4,137.0,135.0,136.3,137.2,-0.66,65781,8965950.5
2026-09-11,LICNETFGSC,EQ,INF767K01MV5,LICNAMC - LICNMFET,29.12,29.56,29.12,29.31,29.37,-0.2,21752,637551.11
2026-09-11,LICNETFN50,EQ,INF767K01OS7,LICNAMC - LICNFENGP,256.84,263.8,256.84,263.79,263.43,0.14,2585,681897.17
2026-09-11,LICNETFSEN,EQ,INF767K01OT5,LICNAMC - LICNFESGP,841.94,841.94,838.51,841.94,844.02,-0.25,6,5051.64
2026-09-11,LICNFNHGP,EQ,INF767K01PC8,LICNAMC - LICNFNHGP,268.53,269.6,266.87,269.57,270.35,-0.29,99,26687.43
2026-09-11,LICNMID100,EQ,INF767K01RN1,LICNAMC - LICNMID100,62.5,62.81,61.53,62.8,62.54,0.42,31829,1998861.18
2026-09-11,LIKHITHA,EQ,INE060901027,LIKHITHA INFRASTRUC LTD,213.0,219.9,209.95,217.07,213.71,1.57,88740,19262792.45
2026-09-11,LINC,EQ,INE802B01027,LINC LIMITED,97.0,98.42,94.1,95.61,97.3,-1.74,8862,847295.83
2026-09-11,LINCOLN,EQ,INE405C01035,LINCOLN PHARMA LTD,635.0,635.0,619.1,623.5,634.4,-1.72,34328,21403508.0
2026-09-11,LINDEINDIA,EQ,INE473A01011,LINDE INDIA LIMITED,6203.0,6250.0,6160.0,6227.5,6227.5,0.0,11729,73042347.5
2026-09-11,LIQGRWBEES,EQ,INF204KC1FU1,NIPPONAMC - LIQGRWBEES,1051.75,1055.66,1051.75,1055.41,1054.92,0.05,34508,36420089.46
2026-09-11,LIQUID,EQ,INF769K01KS1,MIRAEAMC - LIQUID,999.99,1000.0,999.99,999.99,999.99,0.0,75735,75734241.91
2026-09-11,LIQUID1,EQ,INF174KA1LV5,KOTAKMAMC - KOTAKLIQ,1121.98,1123.01,1120.85,1122.52,1121.97,0.05,627614,704509279.54
2026-09-11,LIQUIDADD,EQ,INF740KA1UM0,DSPAMC - LIQUIDADD,1144.55,1144.61,1144.55,1144.6,1144.03,0.05,297195,340169389.74
2026-09-11,LIQUIDBEES,EQ,INF732E01037,NIP IND ETF LIQUID BEES,1000.0,1000.01,999.62,1000.0,999.99,0.0,3052115,3052115000.0
2026-09-11,LIQUIDBETF,EQ,INF0QA701854,BFAM - LIQUIDBETF,1098.14,1098.69,1098.14,1098.68,1098.14,0.05,592160,650594380.61
2026-09-11,LIQUIDCASE,EQ,INF0R8F01034,ZERODHAAMC - LIQUIDCASE,115.9,115.92,115.9,115.91,115.84,0.06,19174916,2222564583.78
2026-09-11,LIQUIDETF,EQ,INF740KA1EU7,DSP LIQUID ETF,1000.0,1000.01,999.99,1000.0,999.99,0.0,97436,97436000.0
2026-09-11,LIQUIDIETF,EQ,INF109KC1KT9,ICICIPRAMC - ICICILIQ,999.99,1000.01,999.99,999.99,1000.0,-0.0,1126798,1126786721.02
2026-09-11,LIQUIDPLUS,EQ,INF769K01MY5,MIRAEAMC - LIQUIDPLUS,1103.07,1103.09,1103.07,1103.07,1102.52,0.05,466094,514134283.55
2026-09-11,LIQUIDSBI,EQ,INF200KA13Z8,SBIAMC - LIQUIDSBI,999.99,1000.01,999.99,999.99,1000.0,-0.0,4014,4013959.82
2026-09-11,LIQUIDSHRI,EQ,INF680P01422,SHRIRAM - LIQUIDSHRI,1121.3,1121.32,1121.3,1121.3,1120.8,0.04,20670,23177272.01
2026-09-11,LKPSEC,EQ,INE341H01023,L K P SECURITIES LTD.,15.95,16.1,15.44,15.82,15.96,-0.88,2384,37714.88
2026-09-11,LLOYDSENGG,EQ,INE093R01011,LLOYDS ENGG WORK LIMITED,80.0,83.5,78.5,82.76,80.55,2.74,8020345,663763769.33
2026-09-11,LLOYDSENT,EQ,INE080I01025,LLOYDS ENTERPRISES LTD,69.36,70.24,67.6,69.79,70.01,-0.31,3763753,262672325.32
2026-09-11,LLOYDSME,EQ,INE281B01032,LLOYDS METALS N ENERGY L,1810.0,1819.0,1773.9,1799.6,1814.3,-0.81,400758,721204087.02
2026-09-11,LMW,EQ,INE269B01029,LMW LIMITED,17302.0,17970.0,17255.0,17727.0,17614.0,0.64,5570,98739390.0
2026-09-11,LODHA,EQ,INE670K01029,LODHA DEVELOPERS LIMITED,1145.7,1145.8,1075.5,1116.9,1163.4,-4.0,4191874,4681904172.94
2026-09-11,LOKESHMACH,EQ,INE397H01017,LOKESH MACHINES LTD,345.8,354.9,336.55,347.15,347.25,-0.03,33450,11612167.3
2026-09-11,LORDSCHLO,EQ,INE846D01012,LORDS CHLORO ALKALI LTD,136.08,139.96,135.0,137.67,139.08,-1.01,10254,1411668.16
2026-09-11,LOTUSCHO,EQ,INE026D01011,LOTUS CHOCOLATE CO. LTD.,597.1,599.9,579.6,589.45,597.1,-1.28,1396,822872.22
2026-09-11,LOTUSEYE,EQ,INE947I01017,LOTUS EYE HOSP & INST L,112.45,114.84,111.0,113.9,111.62,2.04,6522,742855.81
2026-09-11,LOVABLE,EQ,INE597L01014,LOVABLE LINGERIE LTD,72.05,72.88,70.0,71.73,71.85,-0.17,40924,2935478.66
2026-09-11,LOWVOL,EQ,INF769K01JU9,MIRAEAMC - MANV30F,199.57,200.63,199.5,200.1,200.52,-0.21,1327,265532.71
2026-09-11,LOWVOL1,EQ,INF174KA1IY5,KOTAKMAMC - KOTAKLOVOL,20.46,20.61,20.36,20.51,20.46,0.24,314690,6454291.97
2026-09-11,LOWVOLIETF,EQ,INF109KC19U5,ICICI PR NIF LW VL 30 ETF,21.49,21.69,21.36,21.47,21.51,-0.19,585603,12572896.01
2026-09-11,LOYALTEX,EQ,INE970D01010,LOYAL TEXTILE MILLS LTD,210.0,221.2,202.51,213.83,217.6,-1.73,354,75695.82
2026-09-11,LPDC,EQ,INE197J01017,LANDMARK PR.DEV.CO.LTD,6.1,6.35,6.1,6.16,6.14,0.33,28809,177463.44
2026-09-11,LT,EQ,INE018A01030,LARSEN & TOUBRO LTD.,3926.0,3948.0,3880.7,3930.7,3955.0,-0.61,1195489,4699108553.93
2026-09-11,LTF,EQ,INE498L01015,L&T FINANCE LIMITED,307.15,311.55,302.7,309.1,311.3,-0.71,3956142,1222843516.35
2026-09-11,LTFOODS,EQ,INE818H01020,LT FOODS LIMITED,438.0,440.35,431.4,438.1,441.5,-0.77,573174,251107532.9
2026-09-11,LTGILTBEES,EQ,INF204KB1882,NIP IND ETF LONGTERM GILT,29.89,29.89,29.75,29.75,29.84,-0.3,1845066,54890713.5
2026-09-11,LTGILTCASE,EQ,INF0R8F01133,ZERODHAAMC - LTGILTCASE,30.5,30.5,30.35,30.38,30.4,-0.07,124569,3784406.12
2026-09-11,LTM,EQ,INE214T01019,LTM LIMITED,4300.0,4366.8,4275.0,4275.0,4374.0,-2.26,349314,1493317350.0
2026-09-11,LTTS,EQ,INE010V01017,L&T TECHNOLOGY SER. LTD.,3370.0,3370.1,3322.1,3337.4,3377.9,-1.2,32052,106970341.67
2026-09-11,LUMAXIND,EQ,INE162B01018,LUMAX INDUSTRIES LTD,5862.0,5942.0,5750.0,5879.5,5861.0,0.32,12470,73317365.0
2026-09-11,LUMAXTECH,EQ,INE872H01027,LUMAX AUTO TECH LTD,1942.0,2011.9,1893.7,1993.7,1942.6,2.63,164997,328954510.84
2026-09-11,LUMINO,EQ,INE185Q01025,LUMINO INDUSTRIES LIMITED,106.0,112.8,105.65,108.81,107.93,0.82,22447623,2442525803.83
2026-09-11,LUPIN,EQ,INE326A01037,LUPIN LIMITED,2064.0,2108.5,2058.0,2095.0,2077.8,0.83,621899,1302878405.0
2026-09-11,LUXIND,EQ,INE150G01020,LUX INDUSTRIES LIMITED,1118.4,1118.4,1097.0,1098.6,1109.2,-0.96,16241,17842362.2
2026-09-11,LXCHEM,EQ,INE576O01020,LAXMI ORGANIC INDUS LTD,170.0,176.39,169.0,175.56,170.63,2.89,1243946,218387156.72
2026-09-11,M&M,EQ,INE101A01026,MAHINDRA & MAHINDRA LTD,3110.0,3124.2,3069.1,3107.0,3123.8,-0.54,1311484,4074780788.0
2026-09-11,M&MFIN,EQ,INE774D01024,M&M FIN. SERVICES LTD,355.0,357.6,351.55,356.15,359.25,-0.86,2169574,772693766.86
2026-09-11,MAANALU,EQ,INE215I01027,MAAN ALUMINIUM LIMITED,110.5,111.38,108.0,110.4,110.79,-0.35,36365,4014696.06
2026-09-11,MACPOWER,EQ,INE155Z01011,MACPOWER CNC MACHINES LTD,1868.0,1871.6,1780.1,1843.0,1870.4,-1.46,20730,38205390.0
2026-09-11,MADHAV,EQ,INE925C01016,MADHAV MARBLE & GRANITE,37.2,37.2,36.1,36.29,36.89,-1.63,328,11903.12
2026-09-11,MADHAVIPL,EQ,INE631R01026,MADHAV INFRA PROJECTS L,7.9,8.07,7.81,7.96,7.92,0.51,110032,875854.72
2026-09-11,MADRASFERT,EQ,INE414A01015,MADRAS FERTILISERS LTD,62.0,62.64,61.51,61.83,62.6,-1.23,52408,3240386.74
2026-09-11,MAFANG,EQ,INF769K01HF4,MIRAEAMC - MAFANG,227.96,239.98,221.0,235.56,225.7,4.37,802166,188958221.0
2026-09-11,MAFATIND,EQ,INE270B01035,MAFATLAL INDUSTRIES LTD.,122.7,123.58,120.15,122.57,122.85,-0.23,18322,2245727.53
2026-09-11,MAGADSUGAR,EQ,INE347W01011,MAGADH SUGAR & ENERGY LTD,554.0,554.9,530.3,543.8,554.65,-1.96,39314,21378952.72
2026-09-11,MAGNUM,EQ,INE387I01016,MAGNUM VENTURES LTD.,19.49,19.49,18.51,18.73,19.1,-1.94,12351,231334.22
2026-09-11,MAHABANK,EQ,INE457A01014,BANK OF MAHARASHTRA,83.8,84.9,83.05,84.2,84.35,-0.18,21676225,1825138078.85
2026-09-11,MAHAPEXLTD,EQ,INE843B01013,MAHA RASHTRA APEX COPR. L,57.63,57.63,54.0,54.57,56.23,-2.95,6489,354104.73
2026-09-11,MAHEPC,EQ,INE215D01010,MAHINDRA EPC IRRIG LTD,102.64,102.89,101.51,101.82,102.65,-0.81,15709,1599490.38
2026-09-11,MAHESHWARI,EQ,INE263W01010,MAHESHWARI LOGISTICS LTD.,71.52,72.0,70.5,70.71,71.87,-1.61,5358,378864.18
2026-09-11,MAHKTECH,EQ,INF769K01HS7,MIRAEAMC - MAHKTECH,23.8,23.8,21.2,22.03,22.24,-0.94,1130987,24915644.39
2026-09-11,MAHLIFE,EQ,INE813A01018,MAHINDRA LIFESPACE DEVLTD,359.6,360.0,349.1,353.05,359.65,-1.84,105958,37408470.61
2026-09-11,MAHLOG,EQ,INE766P01016,MAHINDRA LOGISTIC LIMITED,399.85,399.9,392.6,397.2,400.1,-0.72,90944,36122957.91
2026-09-11,MAHSCOOTER,EQ,INE288A01013,MAHARASHTRA SCOOTERS LTD,13098.0,13120.0,12852.0,12964.0,13098.0,-1.02,1980,25668720.0
2026-09-11,MAHSEAMLES,EQ,INE271B01025,MAHARASHTRA SEAMLESS LTD,720.95,738.0,707.25,728.9,718.95,1.38,1045480,762050397.52
2026-09-11,MAITHANALL,EQ,INE683C01011,MAITHAN ALLOYS LTD,1050.0,1058.0,1026.55,1045.85,1055.6,-0.92,91972,96188913.95
2026-09-11,MAKEINDIA,EQ,INF769K01IB1,MIRAEAMC - MAMFGETF,163.46,163.46,161.29,162.79,163.9,-0.68,68217,11105044.97
2026-09-11,MAKERSL,EQ,INE987A01010,MAKERS LABORATORIES LTD.,177.05,189.0,175.98,185.87,177.97,4.44,4047,752215.87
2026-09-11,MALLCOM,EQ,INE389C01015,MALLCOM (INDIA) LIMITED,970.05,980.0,943.0,952.15,976.3,-2.47,8524,8116126.81
2026-09-11,MALUPAPER,EQ,INE383H01017,MALU PAPER MILLS LIMITED,33.9,34.89,33.65,34.53,34.39,0.41,8781,303207.92
2026-09-11,MAMATA,EQ,INE0TO701015,MAMATA MACHINERY LIMITED,408.85,417.0,403.4,407.85,409.45,-0.39,22417,9142773.59
2026-09-11,MANAKALUCO,EQ,INE859Q01017,MANAK ALUMINIUM CO. LTD.,38.17,38.19,36.75,36.87,37.69,-2.18,147808,5449680.8
2026-09-11,MANAKCOAT,EQ,INE830Q01018,MAN COAT METAL & IND LTD,123.9,129.8,121.53,128.53,124.37,3.34,734495,94404641.45
2026-09-11,MANAKSIA,EQ,INE015D01022,MANAKSIA LTD.,69.45,73.4,68.91,70.95,70.51,0.62,221417,15709535.47
2026-09-11,MANALIPETC,EQ,INE201A01024,MANALI PETROCHEMICALS LT,85.49,87.65,82.22,84.93,86.27,-1.55,2153198,182871106.8
2026-09-11,MANAPPURAM,EQ,INE522D01027,MANAPPURAM FINANCE LTD,324.75,329.1,323.1,329.0,330.8,-0.54,3460959,1138655511.0
2026-09-11,MANBA,EQ,INE939X01013,MANBA FINANCE LIMITED,131.48,133.99,130.21,132.47,131.48,0.75,58753,7783009.98
2026-09-11,MANCREDIT,EQ,INE545L01039,MANGAL CREDIT N FINCORP L,221.5,222.0,215.25,219.9,218.58,0.6,17559,3861223.99
2026-09-11,MANGALAM,EQ,INE584F01014,MANGALAM DRUG & CHEM LTD,35.0,38.25,33.11,36.46,34.88,4.53,385169,14043261.39
2026-09-11,MANGLMCEM,EQ,INE347A01017,MANGALAM CEMENT LTD,1015.0,1038.2,1014.7,1028.0,1026.7,0.13,75011,77111308.0
2026-09-11,MANINDS,EQ,INE993A01026,MAN INDUSTRIES (I) LTD.,873.0,904.0,819.1,866.1,876.45,-1.18,4525404,3919452293.92
2026-09-11,MANINFRA,EQ,INE949H01023,MAN INFRA LTD,127.95,127.95,125.7,126.87,128.66,-1.39,1968685,249767071.36
2026-09-11,MANIPALHOS,EQ,INE459N01021,MANIPAL HEALTH ENTERPRI L,732.05,733.5,714.4,717.35,733.25,-2.17,725068,520127512.1
2026-09-11,MANKIND,EQ,INE634S01028,MANKIND PHARMA LIMITED,2237.2,2280.0,2222.0,2280.0,2238.4,1.86,530698,1209991440.0
2026-09-11,MANOMAY,EQ,INE784W01015,MANOMAY TEX INDIA LTD,234.8,236.0,231.27,234.19,234.86,-0.29,118616,27778681.33
2026-09-11,MANORAMA,EQ,INE00VM01036,MANORAMA INDUSTRIES LTD,2078.9,2080.0,2040.1,2055.7,2085.0,-1.41,120283,247265757.23
2026-09-11,MANORG,EQ,INE370D01013,MANGALAM ORGANICS LIMITED,459.0,470.05,450.25,466.45,458.8,1.67,7599,3544553.64
2026-09-11,MANUFGBEES,EQ,INF204KC1GH6,NIPPONAMC - MANUFGBEES,161.5,166.38,159.05,160.93,162.21,-0.79,4576,736415.65
2026-09-11,MANUGRAPH,EQ,INE867A01022,MANUGRAPH INDIA LIMITED,15.15,15.15,14.8,14.96,15.15,-1.25,811,12132.56
2026-09-11,MANYAVAR,EQ,INE825V01034,VEDANT FASHIONS LIMITED,575.8,584.5,562.0,582.35,576.6,1.0,230359,134149558.03
2026-09-11,MAPMYINDIA,EQ,INE0BV301023,C.E. INFO SYSTEMS LIMITED,940.0,943.4,921.4,925.8,939.9,-1.5,154456,142995362.91
2026-09-11,MARALOVER,EQ,INE882A01013,MARAL OVERSEAS LTD,63.35,63.35,59.0,62.41,62.65,-0.38,12281,766457.21
2026-09-11,MARATHON,EQ,INE182D01020,MARATHON NXTGEN REALT LTD,444.0,444.0,428.0,435.45,438.5,-0.7,87056,37908536.26
2026-09-11,MARICO,EQ,INE196A01026,MARICO LIMITED,797.0,810.0,795.7,802.1,803.0,-0.11,1533624,1230119772.96
2026-09-11,MARINE,EQ,INE01JE01028,MARINE ELECTRICAL (I) LTD,413.0,425.65,390.0,419.15,408.85,2.52,774758,324739810.97
2026-09-11,MARKOLINES,EQ,INE0FW001016,MARKOLINES PAVEMENT TEC L,172.79,172.9,168.88,170.86,171.42,-0.33,84274,14399055.69
2026-09-11,MARKSANS,EQ,INE750C01026,MARKSANS PHARMA LIMITED,325.0,333.75,324.2,329.4,330.4,-0.3,1631814,537519521.64
2026-09-11,MARSONS,EQ,INE415B01044,MARSONS LIMITED,125.38,128.4,122.46,127.24,125.38,1.48,1265195,160983409.1
2026-09-11,MARUTI,EQ,INE585B01010,MARUTI SUZUKI INDIA LTD.,12520.0,12541.0,12381.0,12400.0,12590.0,-1.51,514868,6384363200.0
2026-09-11,MASFIN,EQ,INE348L01012,MAS FINANCIAL SERV LTD,291.0,298.4,288.0,295.95,294.45,0.51,267840,79267251.27
2026-09-11,MASKINVEST,EQ,INE885F01015,MASK INVESTMENTS LIMITED,146.0,154.89,141.19,145.36,148.62,-2.19,671,97536.56
2026-09-11,MASPTOP50,EQ,INF769K01HP3,MIRAEAMC - MASPTOP50,97.96,103.96,91.36,93.97,95.58,-1.68,1819204,170950602.1
2026-09-11,MASTEK,EQ,INE759A01021,MASTEK LTD,1610.0,1643.9,1593.8,1626.3,1610.0,1.01,115370,187626236.63
2026-09-11,MASTERTR,EQ,INE677D01037,MASTER TRUST LIMITED,91.99,93.4,88.77,90.61,92.35,-1.88,346480,31394553.01
2026-09-11,MATRIMONY,EQ,INE866R01028,MATRIMONY.COM LIMITED,508.65,519.0,502.65,514.8,510.6,0.82,11096,5712220.66
2026-09-11,MAWANASUG,EQ,INE636A01039,MAWANA SUGARS LIMITED,135.0,138.19,132.4,134.63,135.7,-0.79,308048,41472503.74
2026-09-11,MAXESTATES,EQ,INE03EI01018,MAX ESTATES LIMITED,557.85,568.0,537.95,560.45,559.75,0.13,105077,58890405.93
2026-09-11,MAXHEALTH,EQ,INE027H01010,MAX HEALTHCARE INS LTD,1028.2,1041.5,1022.7,1037.7,1038.6,-0.09,2506618,2601117376.21
2026-09-11,MAXIND,EQ,INE0CG601016,MAX INDIA LIMITED,145.5,147.31,144.47,146.0,147.42,-0.96,45617,6660082.0
2026-09-11,MAYURUNIQ,EQ,INE040D01038,MAYUR UNIQUOTERS LTD,747.85,755.0,738.3,740.05,756.55,-2.18,80412,59508899.62
2026-09-11,MAZDOCK,EQ,INE249Z01020,MAZAGON DOCK SHIPBUIL LTD,2367.6,2367.6,2315.4,2339.0,2383.2,-1.85,509510,1191743890.0
2026-09-11,MBAPL,EQ,INE900L01028,MADHYA BHARAT AGRO P. LTD,162.05,162.25,159.63,160.87,161.2,-0.2,613250,98653524.51
2026-09-11,MBEL,EQ,INE08N601015,M AND B ENGINEERING LTD,259.0,259.3,249.65,254.2,259.35,-1.99,220155,55963400.33
2026-09-11,MBLINFRA,EQ,INE912H01013,MBL INFRASTRUCTURE LTD,23.7,23.7,22.7,23.0,23.13,-0.56,12917,297091.0
2026-09-11,MCCHRLS-B,EQ,INE435D01014,MAC CHARLES (INDIA) LTD.,720.0,720.0,670.0,673.9,679.0,-0.75,4933,3324348.82
2026-09-11,MCL,EQ,INE813V01022,M TEK COPPER LIMITED,59.9,59.9,57.56,57.92,59.86,-3.24,39370,2280310.33
2026-09-11,MCLEODRUSS,EQ,INE942G01012,MCLEOD RUSSEL INDIA LTD.,44.2,44.51,42.15,43.28,44.05,-1.75,258616,11192900.16
2026-09-11,MCLOUD,EQ,INE613C01026,MAGELLANIC CLOUD LIMITED,26.0,26.01,25.55,25.67,25.99,-1.23,940129,24133111.5
2026-09-11,MCX,EQ,INE745G01043,MULTI COMMODITY EXCHANGE,3326.0,3389.0,3247.2,3276.0,3300.0,-0.73,1686562,5525177112.0
2026-09-11,MEDANTA,EQ,INE474Q01031,GLOBAL HEALTH LIMITED,1450.1,1459.7,1432.3,1447.2,1459.6,-0.85,74678,108073997.95
2026-09-11,MEDIASSIST,EQ,INE456Z01021,MEDI ASSIST HEALTH SER L,320.6,321.0,311.05,316.4,323.05,-2.06,178119,56356850.51
2026-09-11,MEDICO,EQ,INE630Y01024,MEDICO REMEDIES LIMITED,35.15,38.75,34.86,37.05,35.42,4.6,1342990,49757778.48
2026-09-11,MEDPLUS,EQ,INE804L01022,MEDPLUS HEALTH SERV LTD,658.0,661.45,654.0,660.15,658.05,0.32,78313,51698328.86
2026-09-11,MEESHO,EQ,INE0VDM01015,MEESHO LIMITED,215.0,223.1,214.5,217.08,217.91,-0.38,27172498,5898605915.59
2026-09-11,MEGASTAR,EQ,INE00EM01016,MEGASTAR FOODS LIMITED,295.0,295.0,267.75,277.5,284.95,-2.61,1349,374347.5
2026-09-11,MEIL,EQ,INE0PKD01011,MANGAL ELECTRICAL IND L,277.0,284.0,272.0,282.1,280.2,0.68,33612,9481945.41
2026-09-11,MERCANTILE,EQ,INE689O01013,MERCANTILE VENTURES LTD.,24.0,24.78,23.52,23.86,24.03,-0.71,3994,95296.84
2026-09-11,MERCURYEV,EQ,INE763M01028,MERCURY EV-TECH LIMITED,41.51,44.05,40.71,41.86,41.61,0.6,2352177,98462130.66
2026-09-11,METAL,EQ,INF769K01LY7,MIRAEAMC - METAL,13.72,13.72,13.03,13.16,13.39,-1.72,2627619,34579465.64
2026-09-11,METALIETF,EQ,INF109KC19W1,ICICIPRAMC - METALIETF,13.34,13.35,12.98,13.1,13.34,-1.8,24846699,325491766.38
2026-09-11,METROBRAND,EQ,INE317I01021,METRO BRANDS LIMITED,940.25,950.0,922.6,940.2,952.1,-1.25,466848,438930495.3
2026-09-11,METROGLOBL,EQ,INE085D01033,METROGLOBAL LTD.,141.99,145.0,128.7,138.58,140.97,-1.7,6913,958003.55
2026-09-11,METROPOLIS,EQ,INE112L01020,METROPOLIS HEALTHCARE LTD,598.1,598.1,583.0,585.5,595.65,-1.7,121416,71089068.0
2026-09-11,MFML,EQ,INE0US801024,MAHALAXMI FABRIC MILLS LT,18.81,19.0,18.52,18.52,18.94,-2.22,2771,51318.92
2026-09-11,MFSL,EQ,INE180A01020,MAX FINANCIAL SERV LTD,1468.0,1488.0,1453.6,1477.0,1479.9,-0.2,350366,517490582.0
2026-09-11,MGEL,EQ,INE0APB01032,MANGALAM GLOBAL ENT LTD,15.72,16.6,15.6,15.86,16.03,-1.06,337674,5355509.52
2026-09-11,MGL,EQ,INE002S01010,MAHANAGAR GAS LTD.,1099.9,1099.9,1080.4,1084.3,1100.8,-1.5,76835,83312194.25
2026-09-11,MHRIL,EQ,INE998I01010,MAHINDRA HOLIDAYS LTD,195.0,199.95,193.97,196.73,196.57,0.08,136133,26781444.51
2026-09-11,MID150,EQ,INF174KA1VW2,KOTAKMAMC - MID150,23.25,23.59,22.97,23.25,23.14,0.48,52420,1218765.0
2026-09-11,MID150BEES,EQ,INF204KB1V68,NIP IND ETF MIDCAP 150,242.53,242.53,233.49,236.63,236.62,0.0,895099,211807280.74
2026-09-11,MID150CASE,EQ,INF0R8F01059,ZERODHAAMC - MID150CASE,11.28,11.6,11.28,11.51,11.51,0.0,1149059,13225669.35
2026-09-11,MIDBANKADD,EQ,INF740KA1ZH9,DSPAMC - MIDBANKADD,17.18,17.39,17.18,17.39,17.4,-0.06,2320,40344.8
2026-09-11,MIDCAP,EQ,INF174KA1ZC5,KOTAKMAMC - KOTAKMID50,18.69,18.69,18.04,18.31,18.32,-0.05,670228,12271874.32
2026-09-11,MIDCAPADD,EQ,INF740KA1WW5,DSPAMC - MIDCAPADD,22.69,22.98,22.66,22.89,22.98,-0.39,11142,255040.37
2026-09-11,MIDCAPBETA,EQ,INF789F1AYX9,UTIAMC-MIDCAPBETA,230.11,230.62,227.98,230.43,232.43,-0.86,1517,349562.3
2026-09-11,MIDCAPETF,EQ,INF769K01IC9,MIRAEAMC - MAM150ETF,23.5,23.5,23.1,23.39,23.41,-0.09,2535292,59300478.33
2026-09-11,MIDCAPIETF,EQ,INF109KC11W8,ICICIPRAMC - ICICIM150,23.86,23.86,23.37,23.71,23.73,-0.08,831090,19705143.14
2026-09-11,MIDHANI,EQ,INE099Z01011,MISHRA DHATU NIGAM LTD,461.0,461.0,442.5,447.4,463.35,-3.44,1941042,868422178.95
2026-09-11,MIDQ50ADD,EQ,INF740KA1ZF3,DSPAMC - DSPQ50ETF,24.88,24.88,24.1,24.33,24.39,-0.25,26379,641801.07
2026-09-11,MIDSELIETF,EQ,INF109KC10W0,ICICI PRUD MIDCAP SEL ETF,19.56,19.88,19.41,19.78,19.65,0.66,212799,4209164.37
2026-09-11,MIDSMALL,EQ,INF769K01LJ8,MIRAEAMC - MIDSMALL,51.48,51.65,50.8,51.56,51.56,0.0,390431,20130622.9
2026-09-11,MIDWESTLTD,EQ,INE0XAD01024,MIDWEST LIMITED,1066.7,1066.7,1005.5,1016.4,1065.5,-4.61,61358,62364272.7
2026-09-11,MIIL,EQ,INE898Q01015,MEGHNA INFRACON INFRA L,699.95,699.95,669.95,676.45,687.2,-1.56,76449,51713926.98
2026-09-11,MILKYMIST,EQ,INE00IT01020,MILKY MIST DAIRY FOOD L,279.0,292.77,276.83,292.77,278.83,5.0,8807785,2578655117.68
2026-09-11,MINDACORP,EQ,INE842C01021,MINDA CORPORATION LTD,698.0,708.0,693.1,705.45,703.1,0.33,109889,77521196.39
2026-09-11,MINDTECK,EQ,INE110B01017,MINDTECK (INDIA) LIMITED,160.0,161.39,156.61,158.61,160.0,-0.87,35491,5629227.53
2026-09-11,MIRZAINT,EQ,INE771A01026,MIRZA INTERNATIONAL LIMIT,30.81,31.0,30.31,30.63,30.81,-0.58,55731,1707040.48
2026-09-11,MITCON,EQ,INE828O01033,MITCON CON & ENG SER LTD,82.0,82.0,79.1,80.15,81.65,-1.84,9000,721350.01
2026-09-11,MITTAL,EQ,INE997Y01027,MITTAL LIFE STYLE LIMITED,0.82,0.83,0.78,0.8,0.83,-3.61,3402263,2721810.44
2026-09-11,MKEXIM,EQ,INE227F01010,M K EXIM (INDIA) LTD.,65.9,65.9,61.2,64.99,65.73,-1.13,33700,2190162.93
2026-09-11,MKPL,EQ,INE964W01021,M K PROTEINS LIMITED,4.01,4.05,3.68,3.96,4.01,-1.25,121039,479314.44
2026-09-11,MLKFOOD,EQ,INE588G01021,MILKFOOD LTD.,83.42,83.42,79.0,80.64,83.42,-3.33,3274,264015.36
2026-09-11,MMFL,EQ,INE227C01017,MM FORGINGS LTD,644.15,644.7,626.6,631.7,644.1,-1.93,71004,44853227.67
2026-09-11,MMP,EQ,INE511Y01018,MMP INDUSTRIES LIMITED,445.0,475.0,439.7,469.95,447.8,4.95,94390,44358581.65
2026-09-11,MMTC,EQ,INE123F01029,MMTC LIMITED,62.25,62.36,61.06,61.92,62.23,-0.5,1116559,69137331.24
2026-09-11,MMWL,EQ,INE200D01020,MEDIA MATRIX WORLDWIDE L,14.09,14.09,13.31,13.46,13.87,-2.96,16167,217607.82
2026-09-11,MNC,EQ,INF174KA1JF2,KOTAKMAMC - KOTAKMNC,33.06,33.06,32.4,32.71,32.9,-0.58,119113,3896186.12
2026-09-11,MOALPHA50,EQ,INF247L01FR8,MOTILALAMC - MOALPHA50,56.05,56.26,55.55,56.12,56.43,-0.55,6468,362984.15
2026-09-11,MOBANK10,EQ,INF247L01GV8,MOTILALAMC - MOBANK10,16.65,16.65,16.32,16.65,16.51,0.85,2913,48501.45
2026-09-11,MOBIKWIK,EQ,INE0HLU01028,ONE MOBIKWIK SYSTEMS LTD,194.42,220.22,193.21,209.7,194.68,7.72,18106631,3796960465.44
2026-09-11,MOCAPITAL,EQ,INF247L01EV3,MOTILALAMC - MOCAPITAL,53.63,54.45,52.56,53.99,53.63,0.67,971245,52437519.18
2026-09-11,MODEFENCE,EQ,INF247L01DJ0,MOTILALAMC - MODEFENCE,110.0,110.0,105.85,106.73,107.62,-0.83,1297463,138478230.35
2026-09-11,MODINATUR,EQ,INE537F01012,MODI NATURALS LIMITED,350.0,362.15,335.1,339.7,355.3,-4.39,15368,5220509.79
2026-09-11,MODIRUBBER,EQ,INE832A01018,MODI RUBBER LTD,126.64,126.64,122.4,123.91,125.39,-1.18,1863,230844.34
2026-09-11,MODIS,EQ,INE0L0L01012,MODIS NAVNIRMAN LTD,373.3,373.3,364.05,365.5,373.85,-2.23,10813,3952151.5
2026-09-11,MODTHREAD,EQ,INE794W01014,MODERN THREADS INDIA LTD,51.02,53.5,50.21,52.92,51.62,2.52,1510,79909.2
2026-09-11,MOENERGY,EQ,INF247L01GH7,MOTILALAMC - MOENERGY,38.8,38.8,38.0,38.06,38.15,-0.24,196018,7460445.35
2026-09-11,MOGOLD,EQ,INF247L01FY4,MOTILALAMC - MOGOLD,149.8,150.5,148.1,149.8,150.75,-0.63,15805,2367589.05
2026-09-11,MOGSEC,EQ,INF247L01AK4,MOTILALAMC - G5,65.69,65.7,65.08,65.17,65.64,-0.72,1358,88500.86
2026-09-11,MOHEALTH,EQ,INF247L01BB1,MOTILALAMC - MOHEALTH,52.08,52.28,51.33,52.15,51.83,0.62,37848,1973773.26
2026-09-11,MOHITE,EQ,INE154B01023,MOHITE INDUSTRIES LTD.,2.78,2.78,2.38,2.63,2.75,-4.36,242470,637696.13
2026-09-11,MOHITIND,EQ,INE954E01012,MOHIT INDUSTRIES LTD,23.5,23.95,22.67,23.23,23.55,-1.36,12041,279712.42
2026-09-11,MOIL,EQ,INE490G01020,MOIL LIMITED,248.6,248.6,244.36,244.93,250.18,-2.1,820722,201019433.45
2026-09-11,MOINFRA,EQ,INF247L01FL1,MOTILALAMC - MOINFRA,58.66,58.87,58.25,58.73,58.93,-0.34,917,53855.41
2026-09-11,MOIPO,EQ,INF247L01GI5,MOTILALAMC - MOIPO,48.09,48.71,47.79,48.7,48.68,0.04,5307,258450.9
2026-09-11,MOKSH,EQ,INE514Y01020,MOKSH ORNAMENTS LIMITED,10.23,10.7,9.99,10.31,10.18,1.28,352186,3631037.81
2026-09-11,MOL,EQ,INE0CT101020,MEGHMANI ORGANICS LIMITED,61.99,63.25,60.61,62.52,62.55,-0.05,903722,56500699.85
2026-09-11,MOLBIO,EQ,INE869T01028,MOLBIO DIAGNOSTICS LTD,1545.0,1686.8,1391.7,1438.2,1509.4,-4.72,22057840,31723584410.96
2026-09-11,MOLDTKPAC,EQ,INE893J01029,MOLD-TEK PACKAGING LTD,685.0,685.0,662.85,676.45,685.45,-1.31,45072,30488954.95
2026-09-11,MOLOWVOL,EQ,INF247L01BL0,MOTILALAMC - MOLOWVOL,35.58,35.58,35.06,35.33,35.41,-0.23,4926,174035.59
2026-09-11,MOM100,EQ,INF247L01023,MOTILAL OS MIDCAP100 ETF,67.31,67.5,66.28,67.29,67.31,-0.03,350787,23604457.55
2026-09-11,MOM30IETF,EQ,INF109KC17C7,ICICIPRAMC - ICICIMOM30,31.37,31.37,30.86,31.3,31.39,-0.29,846206,26486247.15
2026-09-11,MOM50,EQ,INF247L01536,MOTILAL OSWAL M50 ETF,244.44,246.88,244.01,246.88,245.5,0.56,3523,869758.26
2026-09-11,MOMENTUM,EQ,INF209KB14K7,BIRLASLAMC - MOMENTUM,31.8,31.98,30.76,31.61,31.33,0.89,61704,1950463.48
2026-09-11,MOMENTUM30,EQ,INF174KA1XS6,KOTAKMAMC - MOMENTUM30,30.55,30.81,30.37,30.63,30.9,-0.87,51053,1563753.35
2026-09-11,MOMENTUM50,EQ,INF247L01DK8,MOTILALAMC - MOMENTUM50,54.41,54.7,53.67,54.52,54.6,-0.15,412402,22484157.23
2026-09-11,MOMETAL,EQ,INF247L01HG7,MOTILALAMC - MOMETAL,13.3,13.3,12.87,13.07,13.28,-1.58,93214,1218306.95
2026-09-11,MOMGF,EQ,INF247L01FK3,MOTILALAMC - MOMGF,158.98,160.28,157.9,160.0,161.04,-0.65,2350,376000.0
2026-09-11,MOMIDMTM,EQ,INF247L01FQ0,MOTILALAMC - MOMIDMTM,64.25,64.75,63.39,64.37,64.35,0.03,37777,2431705.59
2026-09-11,MOMMIDCAP,EQ,INF769K01RC0,MIRAEAMC - MOMMIDCAP,12.91,13.01,12.8,12.99,12.99,0.0,1529959,19874167.06
2026-09-11,MOMNC,EQ,INF247L01GK1,MOTILALAMC - MOMNC,32.61,32.61,31.37,31.85,31.97,-0.38,6101,194316.85
2026-09-11,MOMOMENTUM,EQ,INF247L01BK2,MOTILALAMC - MOMOMENTUM,62.8,62.88,61.31,62.07,62.29,-0.35,49442,3068864.92
2026-09-11,MON100,EQ,INF247L01AP3,MOTILAL OS NASDAQ100 ETF,331.0,338.0,324.87,332.83,333.21,-0.11,624312,207789754.58
2026-09-11,MON50EQUAL,EQ,INF247L01FC0,MOTILALAMC - MON50EQUAL,32.5,32.57,32.3,32.51,32.68,-0.52,3476,113004.75
2026-09-11,MONARCH,EQ,INE903D01011,MONARCH NETWORTH CAP LTD,370.0,376.0,363.3,373.95,370.95,0.81,125966,47104987.24
2026-09-11,MONEXT50,EQ,INF247L01FD8,MOTILALAMC - MONEXT50,71.56,72.46,71.18,71.9,72.67,-1.06,6729,483815.11
2026-09-11,MONEYBOXX,EQ,INE296Q01012,MONEYBOXX FINANCE LIMITED,36.0,40.86,36.0,40.86,37.15,9.99,182568,7459728.59
2026-09-11,MONIFTY100,EQ,INF247L01GG9,MOTILALAMC - MONIFTY100,24.61,24.81,24.6,24.78,24.62,0.65,3430,84995.4
2026-09-11,MONIFTY500,EQ,INF247L01BU1,MOTILALAMC - MONIFTY500,23.49,23.74,23.25,23.53,23.5,0.13,476815,11219457.28
2026-09-11,MONQ50,EQ,INF247L01AU3,MOTILALAMC - MONQ50,198.99,218.7,190.26,216.35,199.89,8.23,805626,174297190.02
2026-09-11,MONTECARLO,EQ,INE950M01013,MONTE CARLO FASHIONS LTD.,556.05,557.8,548.0,555.45,556.05,-0.11,35635,19793461.18
2026-09-11,MOOILGAS,EQ,INF247L01HH5,MOTILALAMC - MOOILGAS,11.27,11.4,10.92,11.34,11.04,2.72,11555,131033.7
2026-09-11,MOPSE,EQ,INF247L01FO5,MOTILALAMC - MOPSE,99.23,99.41,98.53,99.27,99.68,-0.41,1829,181564.82
2026-09-11,MOQUALITY,EQ,INF247L01BH8,MOTILALAMC - MOQUALITY,193.74,195.0,193.74,194.92,195.85,-0.47,1640,319668.8
2026-09-11,MOREALTY,EQ,INF247L01CI4,MOTILALAMC - MOREALTY,90.1,90.1,83.51,85.21,87.52,-2.64,4236073,360955776.45
2026-09-11,MOREPENLAB,EQ,INE083A01026,MOREPEN LAB. LTD,114.5,117.7,111.01,115.78,115.28,0.43,15303804,1771874408.44
2026-09-11,MOSCHIP,EQ,INE935B01025,MOSCHIP TECHNOLOGIES LTD,206.7,211.75,204.0,210.29,206.69,1.74,1607823,338109087.88
2026-09-11,MOSERVICE,EQ,INF247L01GJ3,MOTILALAMC - MOSERVICE,30.13,30.35,29.81,30.33,30.13,0.66,1731,52501.23
2026-09-11,MOSILVER,EQ,INF247L01FZ1,MOTILALAMC - MOSILVER,225.98,225.98,221.29,224.35,230.84,-2.81,47162,10580794.99
2026-09-11,MOSMALL250,EQ,INF247L01CH6,MOTILALAMC - MOSMALL250,18.97,18.97,18.25,18.41,18.51,-0.54,1053169,19388841.13
2026-09-11,MOTHERSON,EQ,INE775A01035,SAMVRDHNA MTHRSN INTL LTD,161.44,165.58,160.71,164.45,163.2,0.77,13200183,2170770054.07
2026-09-11,MOTILALOFS,EQ,INE338I01027,MOTILAL OSWAL FIN LTD,1003.3,1030.7,988.0,1026.5,1015.0,1.13,625141,641707236.5
2026-09-11,MOTISONS,EQ,INE0FRK01020,MOTISONS JEWELLERS LTD,15.99,16.1,15.62,15.95,16.01,-0.37,10279100,163951643.04
2026-09-11,MOTOGENFIN,EQ,INE861B01023,MOTOR & GENERAL FINANCE L,26.56,26.86,25.16,25.59,26.87,-4.76,26188,670150.92
2026-09-11,MOTOUR,EQ,INF247L01FP2,MOTILALAMC - MOTOUR,76.5,77.32,75.53,76.85,76.58,0.35,12352,949251.18
2026-09-11,MOVALUE,EQ,INF247L01BE5,MOTILALAMC - MOVALUE,111.59,112.0,109.64,111.48,111.59,-0.1,45242,5043578.31
2026-09-11,MPHASIS,EQ,INE356A01018,MPHASIS LIMITED,2275.0,2309.2,2273.3,2295.0,2291.7,0.14,184932,424418940.0
2026-09-11,MPSLTD,EQ,INE943D01017,MPS LIMITED,2705.9,2705.9,2600.0,2608.5,2705.9,-3.6,26139,68183581.5
2026-09-11,MRF,EQ,INE883A01011,MRF LTD,128105.0,128765.0,127015.0,128290.0,128270.0,0.02,2143,274925470.0
2026-09-11,MRPL,EQ,INE103A01014,MRPL,183.99,186.83,173.51,175.86,181.32,-3.01,15708657,2762524429.61
2026-09-11,MSCI360,EQ,INF579M01BP5,360ONEAMC - MSCI360,9.86,10.09,9.8,9.94,9.96,-0.2,15049,149587.05
2026-09-11,MSCIADD,EQ,INF740KA1WV7,DSPAMC - MSCIADD,28.9,28.95,28.66,28.92,28.95,-0.1,594,17178.48
2026-09-11,MSCIINDIA,EQ,INF174KA1VD2,KOTAKMAMC - MSCIINDIA,29.18,29.4,28.94,29.11,29.29,-0.61,4111,119671.21
2026-09-11,MSL,EQ,INE829S01016,MANGALAM SEEDS LTD.,149.0,149.0,140.0,141.56,149.0,-4.99,236,33408.16
2026-09-11,MSPL,EQ,INE752G01015,MSP STEEL & POWER LTD.,34.11,34.53,33.06,33.96,34.4,-1.28,493940,16774201.95
2026-09-11,MSTCLTD,EQ,INE255X01014,MSTC LIMITED,727.0,758.95,717.0,738.55,737.55,0.14,311849,230316075.14
2026-09-11,MSUMI,EQ,INE0FS801015,MOTHERSON SUMI WRNG IND L,36.27,36.55,36.02,36.3,36.34,-0.11,7815501,283702680.34
2026-09-11,MTNL,EQ,INE153A01019,MAHANAGAR TELEPHONE NIGAM,25.0,25.06,24.61,24.74,25.1,-1.43,581753,14392569.09
2026-09-11,MUFIN,EQ,INE08KJ01020,MUFIN GREEN FINANCE LTD,134.8,135.84,133.6,134.76,135.22,-0.34,233975,31530469.71
2026-09-11,MUFTI,EQ,INE220Q01020,CREDO BRANDS MARKETING L,74.09,74.5,72.5,72.78,74.09,-1.77,70139,5104716.33
2026-09-11,MUKANDLTD,EQ,INE304A01026,MUKAND LTD.,140.89,140.89,137.81,139.48,142.57,-2.17,78890,11003576.86
2026-09-11,MUKESHB,EQ,INE596B01017,MUKESH BABU FINANC SER L,132.5,133.0,132.5,133.0,132.5,0.38,13,1729.0
2026-09-11,MULTICAP,EQ,INF769K01LX9,MIRAEAMC - MULTICAP,16.86,16.86,16.37,16.51,16.53,-0.12,258604,4269552.1
2026-09-11,MUNJALAU,EQ,INE672B01032,MUNJAL AUTO IND. LTD.,109.0,109.01,105.1,106.64,109.17,-2.32,457549,48793025.08
2026-09-11,MUNJALSHOW,EQ,INE577A01027,MUNJAL SHOWA LTD,127.47,128.4,125.42,127.66,127.07,0.46,14894,1901368.09
2026-09-11,MURUDCERA,EQ,INE692B01014,MURUDESHWAR CERAMICS LTD,29.76,30.4,29.21,29.78,30.0,-0.73,11028,328413.85
2026-09-11,MUTHOOTCAP,EQ,INE296G01013,MUTHOOT CAP SERV LTD,230.0,235.02,225.0,226.85,232.44,-2.4,11199,2540493.22
2026-09-11,MUTHOOTFIN,EQ,INE414G01012,MUTHOOT FINANCE LIMITED,2790.0,2820.0,2728.6,2792.1,2841.5,-1.74,1015297,2834810852.85
2026-09-11,MUTHOOTMF,EQ,INE046W01019,MUTHOOT MICROFIN LIMITED,196.13,197.0,190.25,196.48,196.13,0.18,130018,25545936.08
2026-09-11,MVELECTRO,EQ,INE0OWZ01020,MV ELECTROSYSTEMS LIMITED,843.0,874.25,817.5,841.7,835.45,0.75,4580933,3855771362.02
2026-09-11,MVGJL,EQ,INE0KNT01012,MANOJ VAIBHAV GEM N JEW L,208.7,208.7,195.6,197.37,208.78,-5.47,332881,65700721.34
2026-09-11,MWL,EQ,INE0JYY01029,MANGALAM WORLDWIDE LTD,38.95,41.9,38.25,40.6,39.56,2.63,1344494,54586454.35
2026-09-11,NACLIND,EQ,INE295D01020,NACL INDUSTRIES LIMITED,157.96,158.89,156.6,157.62,159.49,-1.17,259054,40832090.22
2026-09-11,NAGREEKCAP,EQ,INE245I01016,NAGREEKA CAP & INFR.LTD,22.98,25.15,22.31,24.9,22.87,8.88,17663,439808.69
2026-09-11,NAGREEKEXP,EQ,INE123B01028,NAGREEKA EXPORTS LTD.,22.33,22.74,22.26,22.4,22.33,0.31,9711,217526.4
2026-09-11,NAHARCAP,EQ,INE049I01012,NAHAR CAP & FIN.,258.6,259.0,252.0,258.9,256.9,0.78,1192,308608.79
2026-09-11,NAHARINDUS,EQ,INE289A01011,NAHAR INDS ENT LTD,133.89,134.7,130.1,131.62,133.89,-1.7,14797,1947581.07
2026-09-11,NAHARPOLY,EQ,INE308A01027,NAHAR POLY FILMS LIMITED,240.92,240.92,230.1,231.87,233.77,-0.81,3654,847252.96
2026-09-11,NAHARSPING,EQ,INE290A01027,NAHAR SPINNING MILLS LTD.,267.0,275.0,264.8,273.1,270.8,0.85,22807,6228591.84
2026-09-11,NAM-INDIA,EQ,INE298J01013,NIPPON L I A M LTD,1169.0,1192.0,1159.4,1189.6,1185.0,0.39,776467,923685124.24
2026-09-11,NARMADA,EQ,INE117Z01029,NARMADA AGROBASE LIMITED,13.89,14.49,13.82,14.38,14.05,2.35,319864,4599644.36
2026-09-11,NATCOPHARM,EQ,INE987B01026,NATCO PHARMA LTD.,816.1,821.45,801.4,815.35,818.65,-0.4,567956,463082910.73
2026-09-11,NATHBIOGEN,EQ,INE448G01010,NATH BIO-GENES (I) LTD,150.95,150.95,141.3,147.78,152.51,-3.1,29647,4381233.62
2026-09-11,NATIONALUM,EQ,INE139A01034,NATIONAL ALUMINIUM CO LTD,365.0,365.0,352.35,361.0,373.35,-3.31,6560514,2368345554.0
2026-09-11,NATIONSTD,EQ,INE166R01015,NATIONAL STAND (INDIA) L,116.5,116.5,110.1,110.11,115.89,-4.99,24335,2679526.86
2026-09-11,NAUKRI,EQ,INE663F01032,INFO EDGE (I) LTD,1250.0,1262.1,1244.8,1250.8,1265.0,-1.12,524171,655633112.39
2026-09-11,NAVA,EQ,INE725A01030,NAVA LIMITED,555.0,555.0,546.5,551.85,558.35,-1.16,169081,93307345.72
2026-09-11,NAVINFLUOR,EQ,INE048G01026,NAVIN FLUORINE INT. LTD,8671.0,8699.5,8486.5,8543.5,8700.5,-1.8,86538,739337403.0
2026-09-11,NAVKARCORP,EQ,INE278M01019,NAVKAR CORPORATION LTD.,93.55,94.28,92.6,93.58,93.85,-0.29,143303,13410295.0
2026-09-11,NAVNETEDUL,EQ,INE060A01024,NAVNEET EDUCATION LTD,127.61,128.3,126.61,127.85,127.69,0.13,49863,6374984.47
2026-09-11,NAZARA,EQ,INE418L01047,NAZARA TECHNOLOGIES LTD,372.4,374.6,362.0,370.3,374.65,-1.16,1148490,425285832.98
2026-09-11,NBCC,EQ,INE095N01031,NBCC (INDIA) LIMITED,82.88,83.14,82.0,82.9,83.94,-1.24,6012573,498442310.87
2026-09-11,NBIFIN,EQ,INE365I01020,N.B.I. IND. FIN. CO. LTD,1960.0,2020.0,1960.0,2020.0,2010.0,0.5,28,56560.0
2026-09-11,NCC,EQ,INE868B01028,NCC LIMITED,142.25,142.39,138.8,140.94,143.15,-1.54,1687263,237802851.34
2026-09-11,NCLIND,EQ,INE732C01016,NCL INDUSTRIES LIMITED,176.51,177.89,171.82,175.05,178.11,-1.72,60944,10668247.39
2026-09-11,NDGL,EQ,INE756C01015,NAGA DHUNSERI GROUP LTD,2660.0,2705.0,2648.9,2692.2,2716.0,-0.88,203,546516.59
2026-09-11,NDL,EQ,INE875G01048,NANDAN DENIM LIMITED,2.95,2.95,2.82,2.86,2.9,-1.38,711856,2035908.09
2026-09-11,NDLVENTURE,EQ,INE353A01023,NDL VENTURES LIMITED,129.0,131.5,121.07,125.43,126.46,-0.81,55538,6966131.36
2026-09-11,NDRAUTO,EQ,INE07OG01012,NDR AUTO COMPONENTS LTD,701.15,701.15,684.9,692.85,702.25,-1.34,13350,9249547.17
2026-09-11,NDTV,EQ,INE155G01029,NDTV LTD,72.29,72.61,70.1,72.02,72.29,-0.37,89989,6481007.48
2026-09-11,NEAGI,EQ,INE605D01012,NEELAMALAI AGRO INDS. L,3443.0,3443.0,3435.0,3435.0,3469.0,-0.98,11,37785.0
2026-09-11,NECLIFE,EQ,INE023H01027,NECTAR LIFESCIENCES LTD.,11.93,12.18,11.41,11.5,11.93,-3.6,110885,1275177.5
2026-09-11,NELCAST,EQ,INE189I01024,NELCAST LIMITED,110.0,110.0,107.71,108.56,110.0,-1.31,67750,7354939.83
2026-09-11,NELCO,EQ,INE045B01015,NELCO LTD,932.05,955.0,919.6,947.25,937.55,1.03,159706,151281508.5
2026-09-11,NEOGEN,EQ,INE136S01016,NEOGEN CHEMICALS LIMITED,2390.0,2411.0,2274.4,2373.0,2388.9,-0.67,409164,970946172.0
2026-09-11,NEPHROPLUS,EQ,INE428V01029,NEPHROCARE HEALTH SERV L,747.25,781.5,734.05,765.35,747.25,2.42,337264,258124994.17
2026-09-11,NESCO,EQ,INE317F01035,NESCO LTD.,1090.0,1109.8,1090.0,1102.2,1091.2,1.01,39091,43086098.29
2026-09-11,NESTLEIND,EQ,INE239A01024,NESTLE INDIA LIMITED,1376.7,1401.2,1373.5,1383.3,1386.2,-0.21,1238699,1713492387.18
2026-09-11,NETF,EQ,INF277K015R5,TATAAML - NETF,263.11,263.11,253.54,254.79,256.7,-0.74,8327,2121636.27
2026-09-11,NETWEB,EQ,INE0NT901020,NETWEB TECH INDIA LTD,4967.5,5055.0,4916.0,5027.0,5013.5,0.27,870299,4374993073.0
2026-09-11,NETWORK18,EQ,INE870H01013,NETWORK18 MEDIA & INV LTD,26.61,26.89,26.35,26.64,26.83,-0.71,3839278,102278363.58
2026-09-11,NEULANDLAB,EQ,INE794A01010,NEULAND LAB LTD.,23780.0,23895.0,23225.0,23535.0,23800.0,-1.11,43901,1033210035.0
2026-09-11,NEWGEN,EQ,INE619B01017,NEWGEN SOFTWARE TECH LTD,507.0,509.0,498.55,501.4,507.9,-1.28,583926,292780492.84
2026-09-11,NEXT30ADD,EQ,INF740KA1VE5,DSPAMC - NEXT30ADD,42.11,42.5,42.01,42.39,42.64,-0.59,3594,152349.66
2026-09-11,NEXT50,EQ,INF769K01FN2,MIRAEAMC - MANXT50,746.0,747.68,738.6,746.1,748.86,-0.37,39376,29378432.64
2026-09-11,NEXT50ADD,EQ,INF740KA1XU7,DSPAMC - NEXT50ADD,72.55,72.91,71.96,72.78,74.55,-2.37,6726,489518.27
2026-09-11,NEXT50BETA,EQ,INF789F1AUW9,UTIAMC-NEXT50BETA,78.34,78.34,77.27,78.06,78.34,-0.36,1478655,115423805.69
2026-09-11,NEXT50ETF,EQ,INF174KA1YO3,KOTAKMAMC - NEXT50ETF,72.95,74.98,71.86,72.96,73.21,-0.34,11202,817297.91
2026-09-11,NEXT50IETF,EQ,INF109KC1NS5,ICICIPRAMC - ICICINXT50,78.23,78.23,75.53,76.35,76.7,-0.46,1014382,77448064.15
2026-09-11,NEXTMEDIA,EQ,INE747B01016,NEXT MEDIAWORKS LIMITED,3.89,3.92,3.77,3.9,3.89,0.26,9170,35763.0
2026-09-11,NFL,EQ,INE870D01012,NATIONAL FERT. LTD,68.2,68.74,67.6,68.49,69.45,-1.38,498200,34121716.94
2026-09-11,NGIL,EQ,INE236Y01012,NAKODA GROUP OF IND. LTD,34.21,34.7,32.93,33.42,34.68,-3.63,13638,455781.94
2026-09-11,NGLFINE,EQ,INE887E01022,NGL FINE CHEM LIMITED,2723.5,2723.5,2578.0,2657.2,2725.7,-2.51,8524,22649972.38
2026-09-11,NH,EQ,INE410P01011,NARAYANA HRUDAYALAYA LTD.,1903.0,1908.3,1864.6,1869.2,1909.7,-2.12,183488,342975760.64
2026-09-11,NHPC,EQ,INE848E01016,NHPC LTD,75.91,77.4,75.87,76.38,76.35,0.04,12031109,918936072.38
2026-09-11,NIACL,EQ,INE470Y01017,THE NEW INDIA ASSU CO LTD,197.0,203.77,194.13,198.39,197.35,0.53,7024229,1393536787.02
2026-09-11,NIBE,EQ,INE149O01018,NIBE LIMITED,1298.0,1298.0,1266.5,1282.4,1298.2,-1.22,40817,52343721.8
2026-09-11,NIBL,EQ,INE047O01014,NRB INDUS. BEARINGS LTD.,31.0,36.69,29.97,33.23,30.58,8.67,438095,14557896.65
2026-09-11,NICCOPAR,EQ,INE653C01022,NICCO PARKS & RESORTS LTD,80.5,83.0,79.5,83.0,80.02,3.72,306,25398.0
2026-09-11,NIF100BEES,EQ,INF204K014N5,NIP IND ETF NIFTY 100,267.58,267.58,258.44,261.2,261.06,0.05,48961,12788613.8
2026-09-11,NIF100IETF,EQ,INF109KC16V9,ICICI PRUD NIFTY 100 ETF,27.3,27.6,27.21,27.49,27.49,0.0,71066,1953604.32
2026-09-11,NIF500BETA,EQ,INF789F1AG76,UTIAMC - NIF500BETA,36.6,36.78,36.42,36.78,36.94,-0.43,1712,62967.36
2026-09-11,NIFTY1,EQ,INF174K014P6,KOTAK NIFTY ETF,260.24,264.25,258.3,260.41,260.24,0.07,105159,27384455.58
2026-09-11,NIFTY100EW,EQ,INF174KA1UW4,KOTAKMAMC - NIFTY100EW,34.28,35.59,34.22,34.53,34.6,-0.2,91355,3154488.04
2026-09-11,NIFTYADD,EQ,INF740KA1CL0,DSPAMC - DSPNIFTY,246.48,247.58,245.37,246.89,247.15,-0.11,35502,8765088.76
2026-09-11,NIFTYAXIS,EQ,INF846K01W98,AXISAMC-NIFTYAXIS,258.76,262.29,257.75,259.44,259.69,-0.1,653406,169519654.24
2026-09-11,NIFTYBEES,EQ,INF204KB14I2,NIP IND ETF NIFTY BEES,268.6,268.6,265.01,267.14,267.17,-0.01,9238422,2467952188.41
2026-09-11,NIFTYBETA,EQ,INF789F1AZC0,UTIAMC-NIFTYBETA,266.56,266.56,257.46,260.23,260.06,0.07,20680,5381556.63
2026-09-11,NIFTYBETF,EQ,INF0QA701722,BFAM - NIFTYBETF,240.47,241.7,239.59,241.1,241.36,-0.11,3514,847225.42
2026-09-11,NIFTYCASE,EQ,INF0R8F01166,ZERODHAAMC - NIFTYCASE,9.64,9.64,9.33,9.41,9.41,0.0,1453190,13674517.68
2026-09-11,NIFTYETF,EQ,INF769K01EG9,MIRAEAMC - MAN50ETF,254.57,255.59,252.56,255.29,255.09,0.08,193221,49327387.79
2026-09-11,NIFTYIETF,EQ,INF109K012R6,ICICI PRUD NIFTY ETF,264.77,266.36,263.66,265.67,265.84,-0.06,494060,131256926.83
2026-09-11,NIFTYJBLK,EQ,INF22M001184,JIOBLACKROCKAMC-NIFTYJBLK,12.3,12.61,11.89,12.14,12.0,1.17,137929,1674458.11
2026-09-11,NIFTYQLITY,EQ,INF209KB15K4,BIRLASLAMC - NIFTYQLITY,20.9,20.9,20.63,20.83,20.8,0.14,10193,212320.19
2026-09-11,NIITLTD,EQ,INE161A01038,NIIT LIMITED,93.8,94.25,92.0,92.49,94.09,-1.7,219228,20276397.25
2026-09-11,NIITMTS,EQ,INE342G01023,NIIT LEARNING SYSTEMS LTD,224.0,237.93,219.44,229.84,224.64,2.31,1468129,337434763.98
2026-09-11,NILAINFRA,EQ,INE937C01029,NILA INFRASTRUCTURES LTD,6.8,6.8,6.61,6.64,6.73,-1.34,96646,641729.43
2026-09-11,NILASPACES,EQ,INE00S901012,NILA SPACES LIMITED,12.2,12.46,11.99,12.28,12.14,1.15,1502397,18449434.76
2026-09-11,NILE,EQ,INE445D01013,NILE LTD.,1450.5,1473.1,1440.0,1452.1,1457.0,-0.34,1642,2384348.16
2026-09-11,NILKAMAL,EQ,INE310A01015,NILKAMAL LIMITED,2067.1,2067.1,2005.0,2050.8,2077.4,-1.28,24037,49295080.77
2026-09-11,NIMBSPROJ,EQ,INE875B01015,NIMBUS PROJECTS LIMITED,163.63,165.43,163.5,165.25,157.56,4.88,1022,168885.5
2026-09-11,NINSYS,EQ,INE395U01014,NINTEC SYSTEMS LIMITED,714.7,716.7,705.0,710.7,708.45,0.32,3308,2350995.64
2026-09-11,NIPPOBATRY,EQ,INE567A01028,INDO-NATIONAL LIMITED,316.0,324.0,316.0,317.85,322.45,-1.43,1674,532080.91
2026-09-11,NIRAJ,EQ,INE368I01016,NIRAJ CEMENT STRUC LTD,27.5,28.37,25.7,27.22,27.76,-1.95,41690,1134801.77
2026-09-11,NIRLON,EQ,INE910A01012,NIRLON LTD,624.0,624.0,598.8,607.5,620.05,-2.02,6764,4109130.0
2026-09-11,NITCO,EQ,INE858F01012,NITCO LIMITED,94.3,94.3,91.5,93.71,95.23,-1.6,329886,30913616.76
2026-09-11,NITINSPIN,EQ,INE229H01012,NITIN SPINNERS LIMITED,649.0,652.95,636.55,651.05,649.5,0.24,63163,41122270.38
2026-09-11,NITIRAJ,EQ,INE439T01012,NITIRAJ ENGINEERS LTD,233.0,237.1,226.0,233.25,231.16,0.9,5204,1213833.0
2026-09-11,NITTAGELA,EQ,INE265B01019,NITTA GELATIN INDIA LTD.,1655.0,1655.1,1584.0,1645.3,1654.4,-0.55,6154,10125176.5
2026-09-11,NIVABUPA,EQ,INE995S01015,NIVA BUPA HEALTH INS CO L,79.1,80.36,78.36,79.93,79.42,0.64,472895,37798497.49
2026-09-11,NLCINDIA,EQ,INE589A01014,NLC INDIA LIMITED,268.0,268.55,263.55,264.4,270.4,-2.22,1177609,311359812.41
2026-09-11,NMDC,EQ,INE584A01023,NMDC LTD.,83.79,83.79,82.25,82.4,84.6,-2.6,9234255,760902626.09
2026-09-11,NOCIL,EQ,INE163A01018,NOCIL LIMITED,193.5,194.3,188.03,189.65,195.31,-2.9,1202651,228082754.81
2026-09-11,NOIDATOLL,EQ,INE781B01015,NOIDA TOLL BRIDGE CO LTD,4.0,4.08,3.9,3.95,3.99,-1.0,68478,270488.1
2026-09-11,NORBTEAEXP,EQ,INE369C01017,NORBEN TEA & EXPORTS LTD,64.02,67.34,61.4,64.4,64.14,0.41,4523,291281.21
2026-09-11,NORTHARC,EQ,INE850M01015,NORTHERN ARC CAPITAL LTD,306.15,307.65,302.4,305.1,309.15,-1.31,699849,213523934.17
2026-09-11,NOVAAGRI,EQ,INE02H701025,NOVA AGRITECH LIMITED,23.3,23.3,22.05,22.7,23.09,-1.69,61630,1399001.05
2026-09-11,NOVARTIND,EQ,INE234A01025,NOVARTIS INDIA LIMITED,2380.0,2550.0,2262.1,2391.3,2428.2,-1.52,454582,1087041958.8
2026-09-11,NPBET,EQ,INF277K010X4,TATAAML - NPBET,280.92,284.79,280.92,284.56,282.93,0.58,189,53781.84
2026-09-11,NPST,EQ,INE0FFK01017,NETWORK PEOPLE SRV TECH L,1720.0,1723.1,1663.4,1686.1,1718.5,-1.89,20477,34526269.2
2026-09-11,NRAIL,EQ,INE740D01017,N R AGARWAL INDS LTD,595.3,634.0,561.65,627.9,595.3,5.48,40702,25556786.79
2026-09-11,NRBBEARING,EQ,INE349A01021,NRB BEARING LIMITED,518.3,519.0,498.2,514.65,515.95,-0.25,700202,360358976.39
2026-09-11,NSIL,EQ,INE023A01030,NALWA SONS INVESTMENT LTD,5620.0,5638.0,5510.5,5551.0,5604.0,-0.95,2296,12745096.0
2026-09-11,NSLNISP,EQ,INE0NNS01018,NMDC STEEL LIMITED,43.36,43.83,42.46,43.66,43.86,-0.46,3568740,155811187.86
2026-09-11,NTCIND,EQ,INE920C01017,N T C INDUSTRIES LTD.,136.7,136.7,130.01,134.91,131.7,2.44,596,80406.36
2026-09-11,NTPC,EQ,INE733E01010,NTPC LTD,333.0,336.25,331.6,333.4,335.0,-0.48,4968535,1656509538.67
2026-09-11,NTPCGREEN,EQ,INE0ONG01011,NTPC GREEN ENERGY LIMITED,87.7,87.72,86.44,86.94,87.72,-0.89,1230861,107011058.35
2026-09-11,NUCLEUS,EQ,INE096B01018,NUCLEUS SOFTWARE EXPORTS,701.05,701.05,690.1,696.45,701.05,-0.66,13685,9530918.42
2026-09-11,NUVAMA,EQ,INE531F01023,NUVAMA WEALTH MANAGE LTD,1735.6,1746.5,1703.4,1737.2,1757.9,-1.18,240099,417099971.08
2026-09-11,NUVOCO,EQ,INE118D01016,NUVOCO VISTAS CORP LTD,330.85,331.5,325.25,330.15,331.3,-0.35,101606,33545220.28
2026-09-11,NV20,EQ,INF174KA1ZE1,KOTAKMAMC - KTKNV20ETF,13.73,13.73,13.26,13.56,13.57,-0.07,102904,1395378.28
2026-09-11,NV20BEES,EQ,INF204KB18I3,NIP IND ETF ETF NV20,135.5,136.68,134.6,136.15,135.96,0.14,29250,3982387.32
2026-09-11,NV20IETF,EQ,INF109KC11V0,ICICI PRUDENTIAL NV20 ETF,13.23,13.31,12.99,13.27,13.24,0.23,538148,7141224.21
2026-09-11,NYKAA,EQ,INE388Y01029,FSN E COMMERCE VENTURES,341.15,344.5,339.05,344.5,341.95,0.75,3977712,1370321784.0
2026-09-11,OAL,EQ,INE959C01023,ORIENTAL AROMATICS LTD,522.1,544.8,511.0,532.1,524.7,1.41,43221,22997893.04
2026-09-11,OBCL,EQ,INE426Z01016,OBCL LIMITED,56.7,56.7,55.7,55.78,55.89,-0.2,4948,275999.43
2026-09-11,OBEROIRLTY,EQ,INE093I01010,OBEROI REALTY LIMITED,1775.7,1780.0,1714.8,1741.1,1792.0,-2.84,543198,945762024.54
2026-09-11,ODIGMA,EQ,INE054301028,ODIGMA CONSULTANCY SOL L,22.33,22.7,21.99,22.23,22.33,-0.45,17891,397716.92
2026-09-11,ODYCORP,EQ,INE839E01023,ODYSSEY CORPORATION LTD.,7.4,7.4,6.11,7.18,7.03,2.13,121012,868866.14
2026-09-11,OFSS,EQ,INE881D01027,ORACLE FIN SERV SOFT LTD.,11599.0,11830.0,11595.0,11763.0,11725.0,0.32,246099,2894862537.0
2026-09-11,OIL,EQ,INE274J01014,OIL INDIA LTD,508.0,511.95,485.4,489.8,500.3,-2.1,5273521,2582970521.43
2026-09-11,OILIETF,EQ,INF109KC18W3,ICICIPRAMC - OILIETF,11.17,11.19,11.1,11.17,11.17,0.0,1400822,15647181.85
2026-09-11,OLAELEC,EQ,INE0LXG01040,OLA ELECTRIC MOBILITY LTD,38.7,39.35,38.34,38.54,39.15,-1.56,48676576,1875995283.6
2026-09-11,OLECTRA,EQ,INE260D01016,OLECTRA GREENTECH LIMITED,1193.1,1223.0,1185.5,1209.5,1206.7,0.23,311051,376216184.5
2026-09-11,OMAXAUTO,EQ,INE090B01011,OMAX AUTOS LTD,176.0,176.0,168.0,172.93,176.44,-1.99,67161,11614151.24
2026-09-11,OMAXE,EQ,INE800H01010,OMAXE LIMITED,121.0,126.2,117.51,123.98,122.42,1.27,1063265,131823598.27
2026-09-11,OMINFRAL,EQ,INE239D01028,OM INFRA LIMITED,80.8,82.0,78.85,79.59,80.8,-1.5,50982,4057657.19
2026-09-11,OMNI,EQ,INE0UH301010,OMNITECH ENGINEERING LTD,554.9,558.0,537.55,549.75,563.35,-2.41,582475,320215631.25
2026-09-11,OMPOWER,EQ,INE25E901019,OM POWER TRANSMISSION LTD,167.01,174.95,165.0,171.54,168.11,2.04,206438,35412373.13
2026-09-11,ONEGLOBAL,EQ,INE670O01013,ONE GLOBAL SERVICE PROV L,545.0,545.0,535.0,540.45,546.0,-1.02,10095,5455842.87
2026-09-11,ONEPOINT,EQ,INE840Y01029,ONE POINT ONE SOL LTD,57.7,57.7,55.99,56.39,57.74,-2.34,363820,20515809.58
2026-09-11,ONESOURCE,EQ,INE013P01021,ONESOURCE SPECL PHARMA L,1548.1,1624.7,1530.0,1592.2,1541.9,3.26,919086,1463368684.32
2026-09-11,ONGC,EQ,INE213A01029,OIL AND NATURAL GAS CORP.,239.9,243.16,232.5,232.5,237.27,-2.01,27128531,6307383457.5
2026-09-11,ONIDA,EQ,INE831A01028,ONIDA ELECTRONICS LIMITED,32.7,32.99,31.62,32.18,32.98,-2.43,510143,16416401.9
2026-09-11,ONIXSOLAR,EQ,INE173M01012,ONIX SOLAR ENERGY LTD.,458.9,459.0,436.45,438.65,459.4,-4.52,428009,187746145.24
2026-09-11,ONWARDTEC,EQ,INE229A01017,ONWARD TECHNOLOGIES LTD,287.15,287.15,281.0,283.65,288.65,-1.73,13987,3967412.46
2026-09-11,OPTIEMUS,EQ,INE350C01017,OPTIEMUS INFRACOM LTD,551.0,570.0,540.0,566.25,557.65,1.54,169027,95711538.75
2026-09-11,OPTIFIN,EQ,INE031G01022,OPTIMUS FINANCE LTD.,15.22,15.22,14.2,14.5,14.57,-0.48,31031,449949.5
2026-09-11,ORCHASP,EQ,INE215B01022,ORCHASP LIMITED,1.45,1.48,1.36,1.41,1.44,-2.08,169364,238803.23
2026-09-11,ORCHPHARMA,EQ,INE191A01027,ORCHID PHARMA LIMITED,1005.5,1010.0,973.55,1003.05,1016.1,-1.28,68916,69126192.96
2026-09-11,ORICONENT,EQ,INE730A01022,ORICON ENTERPRISES LTD,53.0,53.0,51.2,51.39,51.65,-0.5,48345,2484449.52
2026-09-11,ORIENTALTL,EQ,INE998H01012,ORIENTAL TRIMEX LTD,5.03,5.14,5.0,5.07,5.09,-0.39,65353,331339.72
2026-09-11,ORIENTBELL,EQ,INE607D01018,ORIENT BELL LIMITED,408.8,412.0,400.2,401.95,412.0,-2.44,22419,9011317.32
2026-09-11,ORIENTCEM,EQ,INE876N01018,ORIENT CEMENT LTD.,125.0,126.28,123.0,125.58,126.06,-0.38,258021,32402277.65
2026-09-11,ORIENTCER,EQ,INE569C01020,ORIENT CERATECH LIMITED,45.81,46.7,45.15,46.01,46.68,-1.44,58539,2693379.29
2026-09-11,ORIENTELEC,EQ,INE142Z01019,ORIENT ELECTRIC LIMITED,175.0,175.45,171.2,173.56,173.64,-0.05,143546,24913843.41
2026-09-11,ORIENTHOT,EQ,INE750A01020,ORIENT HOTELS LTD,139.0,145.0,137.35,141.35,139.81,1.1,466572,65949955.05
2026-09-11,ORIENTPPR,EQ,INE592A01026,ORIENT PAPER AND INDS LTD,17.65,18.06,17.65,17.78,18.06,-1.55,151622,2695839.26
2026-09-11,ORIENTTECH,EQ,INE0PPK01015,ORIENT TECHNOLOGIES LTD,237.18,274.5,233.7,249.64,235.36,6.07,8430139,2104499894.81
2026-09-11,ORIRAIL,EQ,INE457G01029,ORIENTAL RAIL INFRA L,123.8,125.0,116.86,124.11,122.3,1.48,164548,20422052.38
2026-09-11,ORISSAMINE,EQ,INE725E01024,ORISSA MIN DEV CO LTD,4100.0,4100.0,3948.0,3955.2,4074.5,-2.93,10318,40809753.1
2026-09-11,ORKLAINDIA,EQ,INE16NZ01023,ORKLA INDIA LIMITED,572.25,594.9,571.05,591.25,578.5,2.2,39880,23579050.0
2026-09-11,ORTINGLOBE,EQ,INE749B01020,ORTIN GLOBAL LIMITED,16.7,17.11,15.81,17.09,16.3,4.85,30391,519382.19
2026-09-11,OSWALAGRO,EQ,INE142A01012,OSWAL AGRO MILLS LTD,35.0,35.97,34.91,35.6,34.34,3.67,58945,2098441.91
2026-09-11,OSWALGREEN,EQ,INE143A01010,OSWAL GREENTECH LIMITED,19.79,20.09,19.65,20.01,19.79,1.11,43802,876478.03
2026-09-11,OSWALPUMPS,EQ,INE0BYP01024,OSWAL PUMPS LIMITED,282.0,283.5,276.4,282.45,283.6,-0.41,289556,81785095.73
2026-09-11,OSWALSEEDS,EQ,INE00IK01029,SHREEOSWAL S AND CHE LTD,15.0,17.0,15.0,15.54,14.75,5.36,1482517,23038314.12
2026-09-11,PACEDIGITK,EQ,INE0S3G01027,PACE DIGITEK LIMITED,157.6,159.8,155.71,158.33,159.0,-0.42,474369,75106844.64
2026-09-11,PACIFICI,EQ,INE883C01025,PACIFIC INDUSTRIES LTD.,144.8,145.0,140.0,140.0,137.82,1.58,421,58940.0
2026-09-11,PAGEIND,EQ,INE761H01022,PAGE INDUSTRIES LTD,35405.0,35410.0,35080.0,35365.0,35750.0,-1.08,11287,399164755.0
2026-09-11,PAISALO,EQ,INE420C01059,PAISALO DIGITAL LIMITED,81.72,84.6,81.2,84.23,83.05,1.42,16781160,1413477163.13
2026-09-11,PAKKA,EQ,INE551D01018,PAKKA LIMITED,77.29,77.59,76.01,76.57,76.28,0.38,159578,12218887.41
2026-09-11,PALASHSECU,EQ,INE471W01019,PALASH SECURITIES LTD,89.9,89.9,85.0,85.92,87.99,-2.35,2205,189453.6
2026-09-11,PALREDTEC,EQ,INE218G01033,PALRED TECHNOLOGIES LTD,50.9,54.9,50.62,52.0,53.28,-2.4,796,41392.0
2026-09-11,PANACEABIO,EQ,INE922B01023,PANACEA BIOTEC LTD,387.9,399.95,383.45,397.65,388.65,2.32,89281,35502589.11
2026-09-11,PANAMAPET,EQ,INE305C01029,PANAMA PETROCHEM LTD,493.8,495.0,479.0,483.15,491.65,-1.73,196478,94928344.5
2026-09-11,PANCHMAHQ,EQ,INE798F01010,PANCHMAHAL STEEL LTD.,280.0,300.0,280.0,280.0,290.0,-3.45,4,1120.0
2026-09-11,PANORAMA,EQ,INE258R01028,PANORAMA STUDIOS INTL. L,52.89,55.96,50.01,53.78,52.92,1.63,755344,40622399.4
2026-09-11,PANSARI,EQ,INE697V01011,PANSARI DEVELOPERS LTD,275.3,292.5,275.3,281.5,293.0,-3.92,1995,561592.5
2026-09-11,PARACABLES,EQ,INE074B01023,PARAMOUNT COMM LTD,65.1,65.71,63.2,64.87,65.69,-1.25,1513296,98167515.68
2026-09-11,PARADEEP,EQ,INE088F01024,PARADEEP PHOSPHATES LTD,156.25,156.38,153.03,155.96,157.11,-0.73,1894916,295531112.08
2026-09-11,PARAGMILK,EQ,INE883N01014,PARAG MILK FOODS LTD.,263.3,273.2,261.0,268.5,264.85,1.38,2611943,701306695.5
2026-09-11,PARAS,EQ,INE045601023,PARAS DEF AND SPCE TECH L,1440.0,1446.6,1404.0,1435.6,1453.3,-1.22,703534,1009993393.22
2026-09-11,PARASPETRO,EQ,INE162C01024,PARAS PETROFILS LTD.,2.19,2.23,2.1,2.17,2.15,0.93,112354,243808.19
2026-09-11,PARKHOSPS,EQ,INE119201023,PARK MEDI WORLD LIMITED,279.0,281.7,276.65,279.3,280.8,-0.53,211652,59114401.02
2026-09-11,PARKHOTELS,EQ,INE988S01028,PARKHOTELS,111.63,111.79,109.2,110.77,111.63,-0.77,113025,12519778.87
2026-09-11,PARNAXLAB,EQ,INE383L01019,PARNAX LAB LTD.,127.48,134.72,125.0,127.0,127.48,-0.38,3083,391541.0
2026-09-11,PASHUPATI,EQ,INE124Y01028,PASHUPATI COTSPIN LIMITED,81.0,84.7,79.98,80.73,80.24,0.61,139989,11301312.44
2026-09-11,PASUPTAC,EQ,INE818B01023,PASUPATI ACRYLON LIMITED,67.25,67.87,66.06,67.08,67.76,-1.0,32213,2160848.1
2026-09-11,PATANJALI,EQ,INE619A01035,PATANJALI FOODS LIMITED,338.0,341.0,336.0,341.0,339.75,0.37,1986378,677354898.0
2026-09-11,PATELENG,EQ,INE244B01030,PATEL ENGINEERING LTD.,26.7,26.74,26.11,26.61,26.87,-0.97,1915972,50984016.09
2026-09-11,PATELRMART,EQ,INE0R8B01010,PATEL RETAIL LIMITED,214.0,214.0,205.82,211.05,211.9,-0.4,101683,21460197.46
2026-09-11,PAUSHAKLTD,EQ,INE111F01024,PAUSHAK LIMITED,730.0,748.6,723.8,729.6,734.05,-0.61,55605,40569406.64
2026-09-11,PAVNAIND,EQ,INE07S101038,PAVNA INDUSTRIES LIMITED,15.23,15.88,14.51,14.88,15.08,-1.33,94965,1413079.21
2026-09-11,PAYTM,EQ,INE982J01020,ONE 97 COMMUNICATIONS LTD,1745.0,1840.0,1726.8,1807.5,1739.0,3.94,9269434,16754501955.0
2026-09-11,PBMPOLY,EQ,INE501F01018,P B M POLYTEX LTD.,59.43,61.0,59.43,61.0,60.0,1.67,65,3965.0
2026-09-11,PCBL,EQ,INE602A01031,PCBL CHEMICAL LIMITED,331.3,332.0,324.45,331.05,334.8,-1.12,1147765,379967589.24
2026-09-11,PCJEWELLER,EQ,INE785M01021,PC JEWELLER LTD,13.83,13.92,13.22,13.7,13.83,-0.94,420161544,5756213072.66
2026-09-11,PDMJEPAPER,EQ,INE865T01018,PUDUMJEE PAPER PRO. LTD,97.74,99.79,96.15,97.7,98.77,-1.08,231141,22582474.99
2026-09-11,PDSL,EQ,INE111Q01021,PDS LIMITED,347.45,349.6,342.3,348.2,348.2,0.0,31707,11040377.79
2026-09-11,PEARLPOLY,EQ,INE844A01013,PEARL POLYMERS LTD,15.65,15.97,15.51,15.51,15.62,-0.7,1835,28460.85
2026-09-11,PENIND,EQ,INE932A01024,PENNAR INDUSTRIES LTD,175.0,178.3,171.01,175.54,177.34,-1.02,471310,82733754.24
2026-09-11,PENINLAND,EQ,INE138A01028,PENINSULA LAND LIMITED,15.32,15.82,15.21,15.59,15.32,1.76,116121,1810326.41
2026-09-11,PERMAGN,EQ,INE418E01018,PERMANENT MAGNETS LTD.,857.0,878.5,849.5,864.65,869.5,-0.56,1843,1593549.99
2026-09-11,PERNIASPOP,EQ,INE0I1B01016,PURPLE STYLE LABS LIMITED,561.0,585.0,542.1,569.9,575.5,-0.97,426175,242877142.9
2026-09-11,PERSISTENT,EQ,INE262H01021,PERSISTENT SYSTEMS LTD,5469.0,5545.5,5444.5,5516.0,5509.5,0.12,335360,1849845760.0
2026-09-11,PETRONET,EQ,INE347G01014,PETRONET LNG LIMITED,285.65,287.2,283.85,287.2,288.7,-0.52,781806,224534692.74
2026-09-11,PFC,EQ,INE134E01011,POWER FIN CORP LTD.,348.0,353.45,348.0,353.45,352.8,0.18,6198609,2190898426.72
2026-09-11,PFIZER,EQ,INE182A01018,PFIZER LTD,4103.1,4123.8,4054.0,4060.2,4095.4,-0.86,138685,563088830.23
2026-09-11,PFOCUS,EQ,INE367G01038,PRIME FOCUS LIMITED,310.0,315.6,307.0,310.85,313.55,-0.86,313377,97413242.36
2026-09-11,PFS,EQ,INE560K01014,PTC INDIA FIN SERV LTD,27.1,27.83,26.99,27.42,27.47,-0.18,511300,14019846.04
2026-09-11,PGEL,EQ,INE457L01029,PG ELECTROPLAST LTD,537.5,545.0,527.5,545.0,542.0,0.55,852250,464476250.0
2026-09-11,PGHH,EQ,INE179A01014,P&G HYGIENE & HEALTH CARE,7560.0,7564.0,7507.5,7518.0,7581.5,-0.84,9836,73947048.0
2026-09-11,PGHL,EQ,INE199A01012,PROCTER & GAMBLE HEALTH L,5430.0,5470.5,5302.5,5411.5,5425.5,-0.26,7707,41706430.5
2026-09-11,PGIL,EQ,INE940H01022,PEARL GLOBAL IND LIMITED,1200.8,1224.8,1155.3,1187.7,1189.2,-0.13,130774,155320273.41
2026-09-11,PHARMABEES,EQ,INF204KC1089,NIPPONAMC - NETFPHARMA,27.27,27.77,26.58,27.29,27.27,0.07,3064207,83622211.84
2026-09-11,PHOENIXLTD,EQ,INE211B01039,THE PHOENIX MILLS LTD,1876.0,1910.0,1825.1,1890.0,1890.0,0.0,723014,1366496460.0
2026-09-11,PHOENXINTL,EQ,INE245B01011,PHOENIX INTERNATIONAL LTD,29.0,30.15,29.0,29.85,30.15,-1.0,1965,58655.25
2026-09-11,PICCADIL,EQ,INE546C01010,PICCADILY AGRO INDUSTRI L,602.0,610.2,592.1,602.15,600.5,0.27,150037,90344783.21
2026-09-11,PIDILITIND,EQ,INE318A01026,PIDILITE INDUSTRIES LTD,1550.0,1567.9,1540.4,1566.9,1569.0,-0.13,389368,610100728.71
2026-09-11,PIGL,EQ,INE557Z01018,POWER INSTRUMENT (G) LTD,104.0,105.99,102.0,102.1,104.11,-1.93,81976,8369749.47
2026-09-11,PIIND,EQ,INE603J01030,PI INDUSTRIES LTD,2350.0,2365.0,2191.0,2259.0,2365.0,-4.48,1124887,2541119733.0
2026-09-11,PILANIINVS,EQ,INE417C01014,PILANI INV & IND COR LTD,4270.0,4270.0,4167.3,4191.6,4235.8,-1.04,1468,6153268.94
2026-09-11,PILITA,EQ,INE600A01035,PIL ITALICA LIFESTYLE LTD,7.76,8.0,7.7,7.84,7.88,-0.51,15708,123150.72
2026-09-11,PINELABS,EQ,INE15B701018,PINE LABS LIMITED,171.0,206.38,170.96,202.17,173.17,16.75,276696049,55939639719.68
2026-09-11,PIONEEREMB,EQ,INE156C01018,PIONEER EMBROIDERIES LTD,20.42,21.4,20.24,20.51,20.42,0.44,7098,145579.98
2026-09-11,PIRAMALFIN,EQ,INE202B01038,PIRAMAL FINANCE LIMITED,2267.9,2287.4,2249.3,2255.6,2295.6,-1.74,290691,655682647.99
2026-09-11,PITTIENG,EQ,INE450D01021,PITTI ENGINEERING LIMITED,1170.0,1172.0,1123.8,1167.9,1171.4,-0.3,128175,149695585.63
2026-09-11,PIXTRANS,EQ,INE751B01018,PIX TRANSMISSIONS LIMITED,1721.1,1750.0,1709.9,1722.1,1728.3,-0.36,10173,17518923.05
2026-09-11,PLASTIBLEN,EQ,INE083C01022,PLASTIBLENDS INDIA LTD,194.4,195.04,186.73,192.78,194.15,-0.71,28068,5410949.01
2026-09-11,PLATIND,EQ,INE0PT501018,PLATINUM INDUSTRIES LTD,219.23,223.0,218.42,221.05,221.04,0.0,33790,7469279.6
2026-09-11,PLAZACABLE,EQ,INE0INJ01017,PLAZA WIRES LIMITED,60.9,63.5,59.32,62.97,60.51,4.07,304379,19166746.0
2026-09-11,PML,EQ,INE291E01019,PAUL MERCHANTS LTD.,499.0,499.0,482.0,482.45,486.75,-0.88,301,145217.45
2026-09-11,PNB,EQ,INE160A01022,PUNJAB NATIONAL BANK,116.0,117.79,114.52,116.75,116.85,-0.09,11479971,1340286614.25
2026-09-11,PNBGILTS,EQ,INE859A01011,PNB GILTS LIMITED,80.36,81.0,79.04,80.34,80.36,-0.02,230861,18547371.89
2026-09-11,PNBHOUSING,EQ,INE572E01012,PNB HOUSING FIN LTD.,1172.0,1189.6,1162.0,1178.9,1179.0,-0.01,1152599,1358798989.24
2026-09-11,PNC,EQ,INE392B01011,PNC MEDIA AND ENT LTD,16.0,16.94,16.0,16.5,16.52,-0.12,10552,174108.0
2026-09-11,PNCINFRA,EQ,INE195J01029,PNC INFRATECH LTD.,177.0,177.29,174.1,175.4,177.41,-1.13,287085,50354707.25
2026-09-11,PNGJL,EQ,INE953R01016,P N GADGIL JEWELLERS LTD,603.0,622.0,598.7,613.2,611.05,0.35,300120,184033587.66
2026-09-11,PNGSREVA,EQ,INE1RDG01013,PNGS REVA DIAMOND JEWEL L,504.6,517.45,500.0,512.7,504.7,1.59,79334,40674542.77
2026-09-11,POCL,EQ,INE063E01061,PONDY OXIDES & CHEM LTD,457.55,462.95,445.05,454.15,457.55,-0.74,414804,188383234.07
2026-09-11,PODDARMENT,EQ,INE371C01013,PODDAR PIGMENTS LIMITED,295.1,298.95,275.05,279.85,299.4,-6.53,12804,3583199.48
2026-09-11,POEL,EQ,INE035S01028,P O C L ENTERPRISES LTD.,140.85,141.99,138.8,140.83,140.7,0.09,25399,3576941.22
2026-09-11,POKARNA,EQ,INE637C01025,POKARNA LIMITED,775.0,819.0,753.35,804.15,780.45,3.04,314231,252688866.32
2026-09-11,POLICYBZR,EQ,INE417T01026,PB FINTECH LIMITED,1783.0,1813.3,1757.3,1797.3,1800.0,-0.15,564406,1014406931.36
2026-09-11,POLYCAB,EQ,INE455K01017,POLYCAB INDIA LIMITED,8319.0,8319.0,8118.0,8241.0,8358.0,-1.4,400369,3299440929.0
2026-09-11,POLYMED,EQ,INE205C01021,POLY MEDICURE LIMITED,1740.1,1741.2,1709.7,1738.5,1747.7,-0.53,69913,121543750.5
2026-09-11,POLYPLEX,EQ,INE633B01018,POLYPLEX CORPORATION LTD,1116.0,1149.9,1102.6,1134.2,1125.3,0.79,72017,81681677.88
2026-09-11,POLYSPIN,EQ,INE914G01029,POLYSPIN EXPORTS LTD.,29.97,30.0,28.55,29.58,28.5,3.79,1047,30970.26
2026-09-11,PONNIERODE,EQ,INE838E01017,PONNIE SUGARS (ERODE) LTD,362.0,375.6,358.4,371.1,363.45,2.1,41196,15287835.85
2026-09-11,POONAWALLA,EQ,INE511C01022,POONAWALLA FINCORP LTD,443.0,449.1,436.5,445.25,449.4,-0.92,1633833,727464143.25
2026-09-11,POWERGRID,EQ,INE752E01010,POWER GRID CORP. LTD.,269.95,274.05,268.35,269.1,271.75,-0.98,11423068,3073947668.52
2026-09-11,POWERICA,EQ,INE921L01032,POWERICA LIMITED,574.85,578.85,557.45,569.35,575.85,-1.13,169099,96276511.52
2026-09-11,POWERINDIA,EQ,INE07Y701011,HITACHI ENERGY INDIA LTD,31060.0,31515.0,30700.0,31435.0,31195.0,0.77,53538,1682967030.0
2026-09-11,POWERMECH,EQ,INE211R01019,POWER MECH PROJECTS LTD.,2365.0,2435.0,2332.6,2421.3,2379.4,1.76,38776,93888330.69
2026-09-11,PPLPHARMA,EQ,INE0DK501011,PIRAMAL PHARMA LIMITED,210.59,214.45,208.68,211.35,212.49,-0.54,3408833,720456875.36
2026-09-11,PRABHA,EQ,INE0I0M01023,PRABHA ENERGY LIMITED,239.0,247.0,230.4,244.64,247.58,-1.19,816981,199866231.34
2026-09-11,PRAENG,EQ,INE505C01016,PRAJAY ENG. SYN. LTD.,22.2,22.75,21.66,21.93,22.2,-1.22,48149,1055907.58
2026-09-11,PRAJIND,EQ,INE074A01025,PRAJ INDUSTRIES LTD,323.35,324.5,318.3,322.15,326.85,-1.44,479380,154432264.07
2026-09-11,PRAKASH,EQ,INE603A01013,PRAKASH INDUSTRIES LTD,123.0,124.0,122.0,123.14,123.78,-0.52,280763,34573155.65
2026-09-11,PRAKASHSTL,EQ,INE696K01024,PRAKASH STEELAGE LTD,3.79,3.83,3.7,3.75,3.79,-1.06,81450,305437.5
2026-09-11,PRAVEG,EQ,INE722B01019,PRAVEG LTD.,266.0,266.5,259.85,263.05,266.5,-1.29,38024,10002212.74
2026-09-11,PRAXIS,EQ,INE546Y01022,PRAXIS HOME RETAIL LTD,4.71,4.71,4.48,4.48,4.71,-4.88,310216,1389767.69
2026-09-11,PRECAM,EQ,INE484I01029,PRECISION CAMSHAFTS LTD.,117.49,119.9,114.54,116.81,118.05,-1.05,166363,19432861.62
2026-09-11,PRECOT,EQ,INE283A01014,PRECOT LIMITED,671.85,675.35,653.0,658.3,670.75,-1.86,5108,3362596.34
2026-09-11,PRECWIRE,EQ,INE372C01037,PRECISION WIRES INDIA LTD,463.0,469.5,447.5,462.55,464.65,-0.45,535295,247600695.72
2026-09-11,PREMCO,EQ,INE001E01012,PREMCO GLOBAL LTD.,386.3,398.0,385.05,394.0,386.3,1.99,162,63828.0
2026-09-11,PREMEXPLN,EQ,INE863B01029,PREMIER EXPLOSIVES LTD,666.9,668.85,663.35,668.0,667.05,0.14,98184,65586912.0
2026-09-11,PREMIERENE,EQ,INE0BS701011,PREMIER ENERGIES LIMITED,972.2,980.5,950.1,974.2,967.9,0.65,1528118,1488692574.25
2026-09-11,PREMIERPOL,EQ,INE309M01020,PREMIER POLYFILM LTD,87.5,87.69,85.01,85.91,87.99,-2.36,224408,19278892.1
2026-09-11,PRESTIGE,EQ,INE811K01011,PRESTIGE ESTATE LTD,1530.5,1530.8,1467.2,1498.0,1543.6,-2.95,746627,1118447246.0
2026-09-11,PRICOLLTD,EQ,INE726V01018,PRICOL LIMITED,743.5,770.85,739.05,761.4,739.6,2.95,760356,578935076.96
2026-09-11,PRIMESECU,EQ,INE032B01021,PRIME SECURITIES LIMITED,278.15,284.9,274.0,283.05,276.75,2.28,90543,25628195.04
2026-09-11,PRIMO,EQ,INE607A01022,PRIMO CHEMICALS LIMITED,21.43,24.67,21.43,23.71,21.7,9.26,1605579,38068276.62
2026-09-11,PRINCEPIPE,EQ,INE689W01016,PRINCE PIPES FITTINGS LTD,278.15,278.45,264.15,266.65,279.9,-4.73,328545,87606522.24
2026-09-11,PRISMX,EQ,INE286N01028,PRISMX GLOBAL VENTURES L,0.59,0.59,0.55,0.58,0.59,-1.69,269843,156508.94
2026-09-11,PRITI,EQ,INE974Z01015,PRITI INTERNATIONAL LTD,34.06,35.35,32.7,33.14,34.06,-2.7,9979,330704.05
2026-09-11,PRIVISCL,EQ,INE959A01019,PRIVI SPECIALITY CHE LTD,3437.9,3570.5,3418.0,3556.1,3495.6,1.73,107650,382814175.51
2026-09-11,PROSTARM,EQ,INE0BX301013,PROSTARM INFO SYSTEMS LTD,133.1,136.0,132.5,133.63,134.78,-0.85,128408,17159161.67
2026-09-11,PROTEAN,EQ,INE004A01022,PROTEAN EGOV TECHNO LTD,492.0,502.0,486.35,492.35,492.75,-0.08,194728,95874331.99
2026-09-11,PROZONER,EQ,INE195N01013,PROZONE REALTY LIMITED,52.18,53.48,50.65,52.88,52.3,1.11,257438,13613321.71
2026-09-11,PRSMJOHNSN,EQ,INE010A01011,PRISM JOHNSON LIMITED,114.0,114.25,112.5,113.35,115.22,-1.62,298782,33866939.24
2026-09-11,PRUDENT,EQ,INE00F201020,PRUDENT CORP ADV SER LTD,3288.0,3449.9,3249.1,3385.0,3318.8,1.99,39123,132431355.0
2026-09-11,PSB,EQ,INE608A01012,PUNJAB & SIND BANK,22.58,22.79,22.34,22.73,22.6,0.58,684511,15558934.72
2026-09-11,PSPPROJECT,EQ,INE488V01015,PSP PROJECTS LIMITED,865.0,865.0,840.2,846.4,865.05,-2.16,52797,44687382.09
2026-09-11,PSUBANK,EQ,INF174KA1A86,KOTAK PSU BANK,83.51,83.99,82.77,83.42,84.03,-0.73,438730,36598855.8
2026-09-11,PSUBANKADD,EQ,INF740KA1SY9,DSPAMC - DSPPSBKETF,84.54,84.59,83.8,84.34,84.62,-0.33,25438,2145440.83
2026-09-11,PSUBNKBEES,EQ,INF204KB16I7,NIP IND ETF PSU BANK BEES,93.54,93.54,92.38,93.22,93.54,-0.34,874574,81527789.35
2026-09-11,PSUBNKIETF,EQ,INF109KC10S8,ICICIPRAMC - PSUBANKICI,84.0,84.92,83.8,84.59,84.67,-0.09,106071,8972545.5
2026-09-11,PTC,EQ,INE877F01012,PTC INDIA LIMITED,153.5,153.65,152.3,152.78,153.69,-0.59,878717,134250382.19
2026-09-11,PTCIL,EQ,INE596F01018,PTC INDUSTRIES LIMITED,22385.0,24050.0,22055.0,23630.0,22385.0,5.56,65881,1556768030.0
2026-09-11,PTL,EQ,INE034D01049,PTL ENTERPRISES LTD,38.17,38.79,38.06,38.43,38.17,0.68,25926,996336.19
2026-09-11,PUNJABCHEM,EQ,INE277B01014,PUNJAB CHEM & CROP PROT L,1085.0,1095.2,1061.4,1065.3,1091.8,-2.43,2438,2597201.52
2026-09-11,PURVA,EQ,INE323I01011,PURAVANKARA LIMITED,214.02,214.02,209.64,212.06,214.16,-0.98,179867,38142595.58
2026-09-11,PVP,EQ,INE362A01016,PVP VENTURES LIMITED,66.0,66.0,63.2,64.82,66.1,-1.94,1157979,75060198.43
2026-09-11,PVRINOX,EQ,INE191H01014,PVR INOX LIMITED,1228.0,1256.0,1212.1,1237.1,1221.3,1.29,879763,1088354785.82
2026-09-11,PVSL,EQ,INE772T01024,POPULAR VEHICLES N SER L,98.52,102.31,98.01,101.3,100.53,0.77,28536,2890696.89
2026-09-11,PVTBANIETF,EQ,INF109KC18U7,ICICIPRAMC - ICICIBANKP,27.44,28.28,27.26,27.85,27.54,1.13,1573560,43823646.6
2026-09-11,PVTBANK,EQ,INF174KA1A94,KOTAKMAMC - PVTBANK,27.12,27.53,27.12,27.53,27.35,0.66,3765,103650.45
2026-09-11,PVTBANKADD,EQ,INF740KA1TA7,DSPAMC - DSPPVBKETF,27.44,28.06,27.41,27.89,27.76,0.47,53839,1501569.68
2026-09-11,PVTBKGROWW,EQ,INF666M01OT5,GROWWAMC - PVTBKGROWW,27.02,27.67,26.77,27.43,27.33,0.37,11593,317995.99
2026-09-11,PWL,EQ,INE0LP301011,PHYSICSWALLAH LIMITED,125.5,137.12,125.37,136.1,126.73,7.39,41161986,5602146545.83
2026-09-11,PYRAMID,EQ,INE0MIS01010,PYRAMID TECHNOPLAST LTD,154.56,160.0,151.11,157.74,154.59,2.04,116058,18306989.56
2026-09-11,QGOLDHALF,EQ,INF082J01408,QUANTUM GOLD ETF,124.84,125.95,124.25,125.35,126.42,-0.85,301995,37855072.79
2026-09-11,QNIFTY,EQ,INF082J01499,QUANTUM NIFTY 50 ETF,257.0,259.0,255.8,258.9,258.22,0.26,2099,543431.09
2026-09-11,QPOWER,EQ,INE0SII01026,QUALITY POWER ELEC EQUP L,1455.0,1473.5,1401.8,1426.5,1458.2,-2.17,364591,520089061.5
2026-09-11,QUADFUTURE,EQ,INE0LRY01011,QUADRANT FUTURE TEK LTD,431.0,511.8,428.2,478.5,435.8,9.8,10362562,4958485917.0
2026-09-11,QUAL30IETF,EQ,INF109KC18V5,ICICIPRAMC - ICICIQTY30,20.56,20.6,20.4,20.5,20.56,-0.29,75719,1552239.5
2026-09-11,QUALITY30,EQ,INF174KA1WT6,KOTAKMAMC - QUALITY30,20.11,20.18,19.99,20.18,20.22,-0.2,10110,204019.8
2026-09-11,QUESS,EQ,INE615P01015,QUESS CORP LIMITED,350.0,357.0,344.55,348.0,355.1,-2.0,382962,133270776.0
2026-09-11,QUICKHEAL,EQ,INE306L01010,QUICK HEAL TECH LTD,147.1,150.0,145.01,147.52,147.48,0.03,90015,13279013.18
2026-09-11,QUINT,EQ,INE641R01017,QUINT DIGITAL LTD.,39.23,41.48,38.49,40.2,39.23,2.47,13066,525253.21
2026-09-11,RACE,EQ,INE084Q01012,RACE ECO CHAIN LIMITED,96.0,99.9,94.03,98.12,96.43,1.75,3194,313395.29
2026-09-11,RACLGEAR,EQ,INE704B01017,RACL GEARTECH LIMITED,1586.0,1856.0,1551.0,1756.7,1588.2,10.61,1142834,2007616432.0
2026-09-11,RADAAN,EQ,INE874F01027,RADAAN MEDIAWORKS (I) LTD,2.81,2.96,2.81,2.83,2.87,-1.39,9763,27629.29
2026-09-11,RADIANTCMS,EQ,INE855R01021,RADIANT CASH MGMT SER LTD,37.21,37.69,35.26,35.99,37.53,-4.1,485582,17476097.0
2026-09-11,RADICO,EQ,INE944F01028,RADICO KHAITAN LTD,4422.4,4437.6,4362.5,4368.1,4460.0,-2.06,104310,455636521.19
2026-09-11,RADIOCITY,EQ,INE919I01024,MUSIC BROADCAST LIMITED,6.34,6.34,6.1,6.15,6.21,-0.97,17731,109045.65
2026-09-11,RAILTEL,EQ,INE0DD101019,RAILTEL CORP OF IND LTD,261.3,261.5,256.7,259.9,262.7,-1.07,439813,114307396.02
2026-09-11,RAIN,EQ,INE855B01025,RAIN INDUSTRIES LIMITED,214.46,217.4,208.64,215.97,217.28,-0.6,4334459,936113115.52
2026-09-11,RAINBOW,EQ,INE961O01016,RAINBOW CHILDRENS MED LTD,1453.5,1461.7,1430.1,1444.9,1460.1,-1.04,82388,119042423.21
2026-09-11,RAJMET,EQ,INE00KV01022,RAJNANDINI METAL LIMITED,3.21,3.25,3.1,3.2,3.26,-1.84,179619,574780.81
2026-09-11,RAJPALAYAM,EQ,INE296E01026,RAJAPALAYAM MILLS LTD.,765.95,778.4,754.0,775.95,751.1,3.31,374,290205.3
2026-09-11,RAJRATAN,EQ,INE451D01029,RAJRATAN GLOBAL WIRE LTD,507.45,507.45,492.8,498.15,509.65,-2.26,79238,39472409.22
2026-09-11,RAJSREESUG,EQ,INE562B01019,RAJSHREE SUGAR & CHEMICAL,33.7,34.89,32.81,33.13,33.66,-1.57,87667,2904407.8
2026-09-11,RAJTV,EQ,INE952H01027,RAJ TV NETWORK LTD,8.15,8.21,7.7,8.21,7.82,4.99,54141,444497.61
2026-09-11,RALLIS,EQ,INE613A01020,RALLIS INDIA LTD,201.94,202.99,200.52,201.99,203.06,-0.53,365628,73853201.73
2026-09-11,RAMANEWS,EQ,INE278B01020,SHREE RAMA NEWSPRINT LTD,32.79,32.79,30.52,30.95,32.15,-3.73,55690,1723605.54
2026-09-11,RAMAPHO,EQ,INE809A01032,RAMA PHOSPHATES LIMITED,123.0,124.84,120.71,122.67,123.57,-0.73,31234,3831474.72
2026-09-11,RAMBHAJO,EQ,INE1SJO01012,ADVIT JEWELS LIMITED,264.06,273.96,261.0,269.28,267.51,0.66,368989,99361357.47
2026-09-11,RAMCOCEM,EQ,INE331A01037,THE RAMCO CEMENTS LIMITED,860.0,869.9,851.75,866.65,869.75,-0.36,301862,261608709.67
2026-09-11,RAMCOIND,EQ,INE614A01028,RAMCO INDUSTRIES LIMITED,315.55,323.95,310.95,322.25,319.55,0.84,157854,50868451.5
2026-09-11,RAMCOSYS,EQ,INE246B01019,RAMCO SYSTEMS LTD.,610.0,610.55,591.0,594.55,610.6,-2.63,41056,24409844.3
2026-09-11,RAMKY,EQ,INE874I01013,RAMKY INFRA LTD,335.35,335.65,327.05,332.1,335.9,-1.13,36614,12159509.62
2026-09-11,RAMRAT,EQ,INE207E01023,RAM RATNA WIRES LIMITED,531.0,538.8,524.1,532.4,536.75,-0.81,107590,57280918.63
2026-09-11,RANASUG,EQ,INE625B01014,RANA SUGARS LTD.,14.92,15.28,14.6,14.74,14.85,-0.74,329456,4856181.36
2026-09-11,RANEHOLDIN,EQ,INE384A01010,RANE HOLDINGS LIMITED,1704.9,1706.2,1675.0,1696.2,1704.8,-0.5,6389,10837021.49
2026-09-11,RATEGAIN,EQ,INE0CLI01024,RATEGAIN TRAVEL TECHN LTD,861.85,887.2,851.6,878.25,866.45,1.36,249314,218960020.5
2026-09-11,RATNAMANI,EQ,INE703B01027,RATNAMANI MET & TUB LTD.,2780.0,2890.0,2741.5,2811.4,2823.0,-0.41,71947,202271788.77
2026-09-11,RATNAVEER,EQ,INE05CZ01011,RATNAVEER PRECISION ENG L,310.0,310.4,283.15,288.3,310.6,-7.18,4371239,1260228150.34
2026-09-11,RAYMOND,EQ,INE301A01014,RAYMOND LTD,853.85,1024.5,835.05,1002.8,853.85,17.44,16245056,16290541958.5
2026-09-11,RAYMONDLSL,EQ,INE02ID01020,RAYMOND LIFESTYLE LIMITED,687.45,708.9,675.05,692.0,687.65,0.63,445304,308150368.0
2026-09-11,RAYMONDREL,EQ,INE1SY401010,RAYMOND REALTY LIMITED,570.0,585.6,565.0,583.55,572.05,2.01,650450,379570089.56
2026-09-11,RBA,EQ,INE07T201019,RESTAURANT BRAND ASIA LTD,95.17,98.95,95.17,98.05,96.82,1.27,2109191,206806183.99
2026-09-11,RBLBANK,EQ,INE976G01028,RBL BANK LIMITED,408.0,416.5,406.0,412.55,410.8,0.43,3209425,1324048244.57
2026-09-11,RCF,EQ,INE027A01015,RASHTRIYA CHEMICALS & FER,111.7,111.9,110.12,111.45,112.57,-0.99,854075,95186656.14
2026-09-11,RECLTD,EQ,INE020B01018,REC LIMITED,312.0,315.05,311.25,312.7,313.8,-0.35,4509899,1410245472.35
2026-09-11,REDINGTON,EQ,INE891D01026,REDINGTON LIMITED,395.85,396.85,384.2,393.7,392.0,0.43,7473984,2942507592.04
2026-09-11,REDTAPE,EQ,INE0LXT01019,REDTAPE LIMITED,114.0,116.5,113.1,116.1,115.06,0.9,211278,24529375.48
2026-09-11,REFEX,EQ,INE056I01025,REFEX INDUSTRIES LIMITED,268.0,275.3,264.0,273.55,269.95,1.33,234110,64040787.64
2026-09-11,REGAAL,EQ,INE0MHO01029,REGAAL RESOURCES LIMITED,85.0,85.58,82.3,83.71,85.73,-2.36,296792,24844458.05
2026-09-11,REGENCERAM,EQ,INE277C01012,REGENCY CERAMICS LTD.,34.66,37.5,33.2,34.1,36.05,-5.41,4604,156996.39
2026-09-11,RELAXO,EQ,INE131B01039,RELAXO FOOT LTD.,326.05,328.95,319.85,324.95,326.9,-0.6,112342,36505534.27
2026-09-11,RELCHEMQ,EQ,INE750D01016,RELIANCE CHEMOTEX IND LTD,114.26,115.8,108.6,110.23,113.69,-3.04,4867,536489.43
2026-09-11,RELIABLE,EQ,INE375Y01018,RELIABLE DATA SERVICE LTD,138.9,138.9,134.81,137.04,135.95,0.8,2873,393715.9
2026-09-11,RELIANCE,EQ,INE002A01018,RELIANCE INDUSTRIES LTD,1267.0,1267.4,1253.0,1257.5,1274.0,-1.3,8777736,11038003020.0
2026-09-11,RELIGARE,EQ,INE621H01010,RELIGARE ENTER. LTD.,255.25,258.75,253.15,256.81,258.78,-0.76,416095,106857355.93
2026-09-11,RELTD,EQ,INE206N01018,RAVINDRA ENERGY LIMITED,153.23,157.8,151.72,155.64,155.08,0.36,145106,22584297.75
2026-09-11,REMSONSIND,EQ,INE474C01023,REMSONS INDUSTRIES LTD,96.25,98.45,92.63,96.32,96.32,0.0,148192,14273853.39
2026-09-11,RENUKA,EQ,INE087H01022,SHREE RENUKA SUGARS LTD,24.51,25.13,23.97,24.87,24.82,0.2,19203049,477579844.75
2026-09-11,REPCOHOME,EQ,INE612J01015,REPCO HOME FINANCE LTD,350.05,361.95,348.85,359.6,353.8,1.64,106122,38161471.85
2026-09-11,REPRO,EQ,INE461B01014,REPRO INDIA LIMITED,307.7,313.55,306.05,309.5,306.9,0.85,4874,1508503.0
2026-09-11,RESPONIND,EQ,INE688D01026,RESPONSIVE INDUSTRIES LTD,170.85,176.8,164.17,173.27,169.54,2.2,1947707,337479200.21
2026-09-11,RETAIL,EQ,INE03DD01011,JHS SVENDGAARD RETAIL V L,16.52,17.39,16.15,17.14,16.6,3.25,2912,49911.68
2026-09-11,RGL,EQ,INE722H01024,RENAISSANCE GLOBAL LTD,156.0,161.2,154.25,155.49,156.48,-0.63,1372451,213402413.53
2026-09-11,RHETAN,EQ,INE0KKN01029,RHETAN TMT LIMITED,24.01,24.01,24.01,24.01,25.27,-4.99,72250,1734722.52
2026-09-11,RHIM,EQ,INE743M01012,RHI MAGNESITA INDIA LTD,376.65,378.6,371.5,375.8,378.7,-0.77,112757,42374079.22
2026-09-11,RHL,EQ,INE508K01013,ROBUST HOTELS LIMITED,167.0,168.9,165.0,166.85,166.59,0.16,2318,386758.31
2026-09-11,RICOAUTO,EQ,INE209B01025,RICO AUTO INDUSTRIES LTD,129.25,136.0,127.11,134.17,130.31,2.96,1711893,229684680.68
2026-09-11,RIIL,EQ,INE046A01015,RELIANCE INDUSTRIAL INFRA,712.0,714.5,704.55,710.75,714.85,-0.57,35302,25090896.5
2026-09-11,RIR,EQ,INE302D01024,RIR POWER ELECTRONICS L,177.99,181.0,172.61,177.26,177.38,-0.07,353197,62607698.28
2026-09-11,RISHABH,EQ,INE0N2P01017,RISHABH INSTRUMENTS LTD,817.75,848.4,800.0,829.6,809.55,2.48,223706,185586492.14
2026-09-11,RITCO,EQ,INE01EG01016,RITCO LOGISTICS LIMITED,305.1,308.55,296.75,300.7,305.35,-1.52,49147,14778503.5
2026-09-11,RITES,EQ,INE320J01015,RITES LIMITED,209.05,210.79,207.12,209.15,210.8,-0.78,309078,64643661.81
2026-09-11,RKDL,EQ,INE722J01012,RAVI KUMAR DIST. LTD.,18.32,18.39,17.95,18.06,18.32,-1.42,10185,183941.09
2026-09-11,RKEC,EQ,INE786W01010,RKEC PROJECTS LIMITED,19.17,19.65,18.27,19.33,19.17,0.83,39692,767246.36
2026-09-11,RKFORGE,EQ,INE399G01023,RAMKRISHNA FORGINGS LTD,720.0,720.9,699.55,711.2,727.05,-2.18,571407,406384665.38
2026-09-11,RKSWAMY,EQ,INE0NQ801033,R K SWAMY LIMITED,91.5,94.0,91.0,92.94,91.47,1.61,13763,1279133.25
2026-09-11,RMC,EQ,INE655V01019,RMC SWITCHGEARS LIMITED,215.77,215.77,210.31,211.68,215.96,-1.98,29563,6257895.62
2026-09-11,RML,EQ,INE050H01012,RANE (MADRAS) LIMITED,1415.8,1415.9,1340.1,1360.0,1408.9,-3.47,72216,98213760.0
2026-09-11,ROHLTD,EQ,INE283H01019,ROYAL ORCHID HOTELS LTD,305.15,308.95,302.05,306.3,307.2,-0.29,8615,2638774.39
2026-09-11,ROLEXRINGS,EQ,INE645S01024,ROLEX RINGS LIMITED,173.9,173.9,166.5,171.37,173.15,-1.03,1250767,214343934.68
2026-09-11,ROML,EQ,INE294G01026,RAJ OIL MILLS LIMITED,42.94,43.22,41.72,42.69,42.13,1.33,1948,83160.12
2026-09-11,ROSSARI,EQ,INE02A801020,ROSSARI BIOTECH LIMITED,449.65,449.65,440.85,446.15,449.5,-0.75,36449,16261721.13
2026-09-11,ROSSELLIND,EQ,INE847C01020,ROSSELL INDIA LIMITED,56.11,56.14,54.5,55.06,56.1,-1.85,38496,2119589.81
2026-09-11,ROSSTECH,EQ,INE0OJW01016,ROSSELL TECHSYS LIMITED,1200.1,1236.0,1189.2,1214.3,1206.6,0.64,147435,179030327.7
2026-09-11,ROTO,EQ,INE535D01037,ROTO PUMPS LIMITED,65.0,65.55,63.27,64.29,65.07,-1.2,258884,16643652.6
2026-09-11,ROUTE,EQ,INE450U01017,ROUTE MOBILE LIMITED,499.95,502.0,491.0,493.55,500.75,-1.44,158844,78397454.26
2026-09-11,RPEL,EQ,INE912T01018,RAGHAV PRODUCTIVITY ENH L,1773.5,1854.1,1725.9,1845.2,1743.5,5.83,171393,316254355.23
2026-09-11,RPGLIFE,EQ,INE105J01010,RPG LIFE SCIENCES LTD,2794.3,2794.3,2680.0,2698.6,2782.7,-3.02,17821,48091752.34
2026-09-11,RPOWER,EQ,INE614G01033,RELIANCE POWER LTD.,21.7,21.77,21.41,21.58,21.84,-1.19,14641908,315972373.52
2026-09-11,RPPINFRA,EQ,INE324L01013,R.P.P INFRA PROJECTS LTD,62.39,62.65,60.0,60.34,63.03,-4.27,84305,5086963.71
2026-09-11,RPSGVENT,EQ,INE425Y01011,RPSG VENTURES LIMITED,828.6,844.85,828.2,831.8,840.2,-1.0,9494,7897109.08
2026-09-11,RPTECH,EQ,INE0J1F01024,RASHI PERIPHERALS LIMITED,780.0,830.75,780.0,819.65,806.45,1.64,286250,234624819.49
2026-09-11,RRECL,EQ,INE0AK901016,RDB REAL ESTATE CONS L,126.0,138.6,125.58,133.8,126.0,6.19,883,118145.4
2026-09-11,RRIL,EQ,INE951M01037,R R I L LTD.,16.4,16.4,15.6,15.99,15.97,0.13,31013,495897.86
2026-09-11,RRKABEL,EQ,INE777K01022,R R KABEL LIMITED,2425.0,2438.9,2368.6,2424.4,2437.0,-0.52,331584,803892217.22
2026-09-11,RSL,EQ,INE313L01016,RAJPUTANA STAINLESS LTD,186.8,191.99,184.01,190.1,186.7,1.82,379349,72114247.22
2026-09-11,RSSOFTWARE,EQ,INE165B01029,R. S. SOFTWARE (INDIA) LI,29.8,29.85,28.5,29.63,29.21,1.44,12071,357663.72
2026-09-11,RSYSTEMS,EQ,INE411H01032,R SYS INTERNATIONAL LTD,243.57,243.57,238.0,240.36,243.05,-1.11,89858,21598268.93
2026-09-11,RTNINDIA,EQ,INE834M01019,RATTANINDIA ENT LIMITED,27.48,28.0,27.0,27.68,27.6,0.29,1756505,48620058.94
2026-09-11,RTNPOWER,EQ,INE399K01017,RATTANINDIA POWER LIMITED,7.25,7.27,7.13,7.17,7.25,-1.1,15082630,108142458.25
2026-09-11,RTSPOWR,EQ,INE005C01017,R T S POWER CORPN. LTD.,88.51,89.99,80.3,87.94,88.07,-0.15,2567,225741.99
2026-09-11,RUBFILA,EQ,INE642C01025,RUBFILA INTERNATIONAL LTD,68.89,69.89,67.01,68.51,68.09,0.62,52411,3590677.72
2026-09-11,RUBICON,EQ,INE506V01022,RUBICON RESEARCH LIMITED,1792.0,1848.6,1758.1,1835.4,1790.0,2.54,318589,584738258.38
2026-09-11,RUBYMILLS,EQ,INE301D01026,THE RUBY MILLS LTD,445.9,463.8,426.95,455.1,445.9,2.06,11703,5326035.37
2026-09-11,RUCHINFRA,EQ,INE413B01023,RUCHI INFRASTRUCTURE LTD,5.62,5.68,5.46,5.55,5.68,-2.29,108052,599688.62
2026-09-11,RUCHIRA,EQ,INE803H01014,RUCHIRA PAPERS LIMITED,110.4,110.4,108.31,108.83,110.54,-1.55,51220,5574272.69
2026-09-11,RUDRA,EQ,INE027T01023,RUDRA GLOBAL INFRA PROD L,19.7,20.85,19.7,20.49,20.0,2.45,24938,510979.61
2026-09-11,RUPA,EQ,INE895B01021,RUPA & COMPANY LTD,138.9,138.9,135.8,137.48,140.45,-2.11,105141,14454784.23
2026-09-11,RUSHIL,EQ,INE573K01025,RUSHIL DECOR LIMITED,16.01,16.19,15.65,15.91,16.01,-0.62,258300,4109552.96
2026-09-11,RUSTOMJEE,EQ,INE263M01029,KEYSTONE REALTORS LIMITED,351.0,351.2,331.9,344.95,350.5,-1.58,351342,121195427.19
2026-09-11,RVHL,EQ,INE09E501017,RAVINDER HEIGHTS LIMITED,40.5,40.5,38.0,39.46,39.45,0.03,5424,214031.04
2026-09-11,RVNL,EQ,INE415G01027,RAIL VIKAS NIGAM LIMITED,204.5,204.99,202.04,204.9,205.6,-0.34,3816727,782047339.0
2026-09-11,RVTH,EQ,INE0DAB01012,REVATHI EQUIPMENT INDIA L,762.5,762.5,740.4,740.95,762.5,-2.83,97,71872.15
2026-09-11,S&SPOWER,EQ,INE902B01017,S&S POWER SWITCHGEARS LTD,352.0,359.0,333.05,350.35,342.6,2.26,2806,983082.12
2026-09-11,SAATVIKGL,EQ,INE13B501022,SAATVIK GREEN ENERGY LTD,402.05,402.2,389.15,395.95,402.05,-1.52,73637,29156571.05
2026-09-11,SAB,EQ,INE137M01017,S A B INDUSTRIES LTD.,175.05,175.05,175.05,175.05,175.05,0.0,0,0.0
2026-09-11,SADBHAV,EQ,INE226H01026,SADBHAV ENGINEERING LTD,8.06,8.06,7.71,7.87,8.06,-2.36,468955,3690675.8
2026-09-11,SADBHIN,EQ,INE764L01010,SADBHAV INFRA PROJ LTD.,2.53,2.58,2.45,2.52,2.53,-0.4,178190,449038.8
2026-09-11,SAFARI,EQ,INE429E01023,SAFARI IND (INDIA) LTD,1500.0,1556.8,1470.0,1544.7,1501.6,2.87,115745,178791295.85
2026-09-11,SAGARDEEP,EQ,INE976T01013,SAGARDEEP ALLOYS LIMITED,24.2,24.2,23.72,23.79,24.04,-1.04,9000,214110.01
2026-09-11,SAGCEM,EQ,INE229C01021,SAGAR CEMENTS LIMITED,149.48,150.34,145.5,146.25,150.34,-2.72,121275,17736468.75
2026-09-11,SAGILITY,EQ,INE0W2G01015,SAGILITY LIMITED,44.25,45.5,43.47,45.2,44.41,1.78,24429679,1104221509.44
2026-09-11,SAHLIBHFI,EQ,INE861D01011,SHALIBHADRA FINANCE LTD,83.15,84.0,81.1,81.67,82.33,-0.8,17382,1419587.91
2026-09-11,SAHYADRI,EQ,INE280H01015,SAHYADRI INDUSTRIES LTD,389.9,396.45,374.45,390.9,383.35,1.97,17080,6676571.9
2026-09-11,SAICAPI,EQ,INE531X01018,SAI CAPITAL LTD.,155.0,157.99,147.5,152.18,155.34,-2.03,329,50067.22
2026-09-11,SAIL,EQ,INE114A01011,STEEL AUTHORITY OF INDIA,182.43,182.43,178.65,179.0,183.75,-2.59,8764231,1568797349.0
2026-09-11,SAILIFE,EQ,INE570L01029,SAI LIFE SCIENCES LIMITED,1590.0,1616.1,1571.4,1585.0,1591.1,-0.38,1170229,1854812965.0
2026-09-11,SAIPARENT,EQ,INE0H9F01037,SAI PARENTERALS LIMITED,516.5,527.9,515.55,523.35,522.55,0.15,39054,20438909.95
2026-09-11,SAKAR,EQ,INE732S01012,SAKAR HEALTHCARE LIMITED,1118.0,1195.0,1096.05,1158.55,1117.3,3.69,181225,209958232.6
2026-09-11,SAKHTISUG,EQ,INE623A01011,SAKTHI SUGARS LTD,19.19,21.55,19.05,19.9,19.19,3.7,421371,8385282.74
2026-09-11,SAKSOFT,EQ,INE667G01023,SAKSOFT LIMITED,146.79,147.5,145.0,146.49,146.87,-0.26,211197,30938249.69
2026-09-11,SAKUMA,EQ,INE190H01024,SAKUMA EXPORTS LIMITED,1.58,1.6,1.54,1.57,1.59,-1.26,1273560,1999489.27
2026-09-11,SALASAR,EQ,INE170V01027,SALASAR TECHNO ENGG. LTD.,5.02,5.15,4.96,5.05,5.03,0.4,4132123,20867221.94
2026-09-11,SALONA,EQ,INE498E01010,SALONA COTSPIN LTD.,261.45,261.45,255.0,260.05,262.75,-1.03,55,14302.75
2026-09-11,SALSTEEL,EQ,INE658G01014,S.A.L. STEEL LTD.,76.0,76.69,74.0,74.81,76.63,-2.38,418767,31327958.25
2026-09-11,SALZERELEC,EQ,INE457F01013,SALZER ELECTRONICS LTD,549.25,558.95,544.25,550.55,550.15,0.07,39771,21895923.56
2026-09-11,SAMBANDAM,EQ,INE304D01012,SAMBANDAM SPINNING MILL L,113.01,113.25,111.0,111.65,113.01,-1.2,200,22330.0
2026-09-11,SAMBHAAV,EQ,INE699B01027,SAMBHAAV MEDIA LTD,5.94,6.4,5.81,5.96,5.82,2.41,26997,160902.12
2026-09-11,SAMBHV,EQ,INE12NJ01018,SAMBHV STEEL TUBES LTD,131.0,134.75,129.01,131.08,132.51,-1.08,1936674,253859231.47
2026-09-11,SAMHI,EQ,INE08U801020,SAMHI HOTELS LIMITED,158.4,160.0,156.13,157.07,160.2,-1.95,1091697,171472855.79
2026-09-11,SAMMAANCAP,EQ,INE148I01020,SAMMAAN CAPITAL LIMITED,149.0,149.37,146.6,147.3,149.77,-1.65,4129688,608303055.0
2026-09-11,SAMPANN,EQ,INE735M01018,SAMPANN UTPADAN INDIA LTD,24.5,24.99,24.0,24.46,24.11,1.45,24675,603550.48
2026-09-11,SANATHAN,EQ,INE0JPD01013,SANATHAN TEXTILES LIMITED,485.5,489.05,468.05,472.1,483.1,-2.28,142861,67444678.97
2026-09-11,SANDESH,EQ,INE583B01015,SANDESH LTD,1001.2,1032.0,1000.0,1014.6,1021.1,-0.64,1545,1567556.96
2026-09-11,SANDHAR,EQ,INE278H01035,SANDHAR TECHNOLOGIES LTD,624.95,624.95,610.2,618.6,627.25,-1.38,99497,61548841.77
2026-09-11,SANDUMA,EQ,INE149K01016,SANDUR MANG & IRON ORES L,195.0,195.35,189.6,190.35,196.74,-3.25,858154,163349619.14
2026-09-11,SANGAMIND,EQ,INE495C01010,SANGAM (INDIA) LTD,576.15,579.9,562.55,574.4,577.05,-0.46,19897,11428837.29
2026-09-11,SANGHVIMOV,EQ,INE989A01032,SANGHVI MOVERS LTD,431.05,433.0,420.1,426.5,434.15,-1.76,256297,109310670.5
2026-09-11,SANOFI,EQ,INE058A01010,SANOFI INDIA LIMITED,3101.3,3105.4,3069.3,3079.2,3106.0,-0.86,9890,30453287.52
2026-09-11,SANOFICONR,EQ,INE0UOS01011,SANOFI CONS HEALTHC IND L,4099.0,4113.5,4001.1,4023.4,4089.6,-1.62,4396,17686865.97
2026-09-11,SANSERA,EQ,INE953O01021,SANSERA ENGINEERING LTD,4086.7,4149.0,4050.0,4129.9,4107.9,0.54,127741,527557543.43
2026-09-11,SANSTAR,EQ,INE08NE01025,SANSTAR LIMITED,107.95,111.2,105.55,110.53,107.38,2.93,202115,22339770.7
2026-09-11,SAPPHIRE,EQ,INE806T01020,SAPPHIRE FOODS INDIA LTD,222.5,226.98,219.31,225.74,224.11,0.73,581886,131354948.84
2026-09-11,SAPPL,EQ,INE185C01017,SHREE AJIT PULP & PAPER L,292.0,292.0,286.05,290.8,286.05,1.66,212,61649.6
2026-09-11,SARDAEN,EQ,INE385C01021,SARDA ENERGY & MIN LTD,533.0,534.5,522.8,524.15,537.25,-2.44,374526,196307812.04
2026-09-11,SAREGAMA,EQ,INE979A01025,SAREGAMA INDIA LIMITED,505.45,516.2,493.35,505.5,505.15,0.07,522041,263891725.5
2026-09-11,SARLAPOLY,EQ,INE453D01025,SARLA PERF. FIBERS LTD,101.25,101.98,99.62,100.22,101.31,-1.08,107369,10760521.31
2026-09-11,SARVESHWAR,EQ,INE324X01026,SARVESHWAR FOODS LIMITED,4.1,4.1,3.89,4.01,3.99,0.5,4826620,19354747.3
2026-09-11,SASKEN,EQ,INE231F01020,SASKEN TECHNOLOGIES LTD,1780.7,1818.9,1728.0,1783.6,1777.6,0.34,29817,53181600.47
2026-09-11,SATIA,EQ,INE170E01023,SATIA INDUSTRIES LIMITED,68.43,68.43,66.0,68.01,68.57,-0.82,115287,7840669.12
2026-09-11,SATIN,EQ,INE836B01017,SATIN CREDIT NET LTD,217.0,220.89,215.03,216.68,217.21,-0.24,136042,29477579.56
2026-09-11,SAURASHCEM,EQ,INE626A01014,SAURASHTRA CEMENT LIMITED,55.63,55.84,54.0,54.76,55.48,-1.3,60190,3296004.3
2026-09-11,SAYAJIHOTL,EQ,INE318C01014,SAYAJI HOTELS LTD.,324.35,330.0,315.0,326.8,325.2,0.49,308,100654.4
2026-09-11,SAYAJIIND,EQ,INE327G01032,SAYAJI INDUSTRIES LTD.,110.3,118.9,110.3,118.9,115.99,2.51,214,25444.6
2026-09-11,SBC,EQ,INE04AK01028,SBC EXPORTS LIMITED,47.8,48.39,47.7,48.33,48.05,0.58,8267285,399557899.19
2026-09-11,SBCL,EQ,INE386D01027,SHIVALIK BIMETAL CON. LTD,1107.8,1108.0,1072.6,1087.0,1112.0,-2.25,165852,180281124.0
2026-09-11,SBFC,EQ,INE423Y01016,SBFC FINANCE LIMITED,97.99,99.01,96.52,98.19,98.48,-0.29,411967,40451040.74
2026-09-11,SBGLP,EQ,INE05ST01028,SURATWWALA BUS GROUP LTD,22.33,23.4,21.31,21.56,22.44,-3.92,95640,2061998.35
2026-09-11,SBIBPB,EQ,INF200KB1712,SBIAMC - SBIBPB,48.55,48.81,48.02,48.58,48.7,-0.25,69244,3363873.65
2026-09-11,SBICARD,EQ,INE018E01016,SBI CARDS & PAY SER LTD,665.0,665.15,650.05,655.2,666.3,-1.67,1571692,1029772617.59
2026-09-11,SBIETFCON,EQ,INF200KA1X17,SBIAMC - SBIETFCON,119.47,119.47,117.65,118.35,118.65,-0.25,2489,294573.15
2026-09-11,SBIETFIT,EQ,INF200KA1S14,SBIAMC - SBIETFIT,318.0,323.96,318.0,322.45,320.35,0.66,7677,2475448.74
2026-09-11,SBIETFPB,EQ,INF200KA1S22,SBIAMC - SBIETFPB,278.51,282.15,275.3,281.69,278.52,1.14,2857,804788.34
2026-09-11,SBIETFQLTY,EQ,INF200KA1WX6,SBIAMC - SBIETFQLTY,216.53,216.53,214.9,216.09,216.53,-0.2,640,138297.6
2026-09-11,SBIFUNDS,EQ,INE640G01020,SBI FUNDS MANAGEMENT LTD,550.0,550.0,543.15,544.3,551.0,-1.22,756177,411587131.87
2026-09-11,SBILIFE,EQ,INE123W01016,SBI LIFE INSURANCE CO LTD,1680.0,1697.7,1671.0,1684.7,1700.6,-0.93,308631,519950630.63
2026-09-11,SBILIQETF,EQ,INF200KB1969,SBIAMC - SBILIQETF,1055.82,1055.82,1055.8,1055.8,1055.27,0.05,435842,460162004.88
2026-09-11,SBIMIDMOM,EQ,INF200KB1AJ0,SBIAMC - SBIMIDMOM,63.35,63.82,62.68,63.53,63.53,0.0,55215,3507808.88
2026-09-11,SBIN,EQ,INE062A01020,STATE BANK OF INDIA,1000.0,1001.9,993.0,995.7,1009.7,-1.39,7771109,7737693326.16
2026-09-11,SBINEQWETF,EQ,INF200KB1282,SBIAMC - SBINEQWETF,32.98,32.98,32.31,32.55,32.7,-0.46,32422,1055336.08
2026-09-11,SBINMID150,EQ,INF200KB1AK8,SBIAMC - SBINMID150,22.9,22.96,22.64,22.94,22.95,-0.04,13150,301661.01
2026-09-11,SBISILVER,EQ,INF200KB1217,SBIAMC - SBISILVER,221.76,223.3,219.31,221.92,229.15,-3.16,1619779,359461352.71
2026-09-11,SBISMLETF,EQ,INF200KB1AY9,SBIAMC - SBISMLETF,18.55,18.55,18.14,18.28,18.46,-0.98,155495,2842448.71
2026-09-11,SBIVALETF,EQ,INF200KB1AX1,SBIAMC - SBIVALETF,14.62,14.62,14.42,14.57,14.62,-0.34,24030,350117.09
2026-09-11,SCHAEFFLER,EQ,INE513A01022,SCHAEFFLER INDIA LIMITED,3951.0,3967.7,3890.1,3950.5,3940.2,0.26,18313,72345506.5
2026-09-11,SCHAND,EQ,INE807K01035,S CHAND AND COMPANY LTD,136.0,138.0,134.96,137.72,135.42,1.7,36456,5020720.36
2026-09-11,SCHNEIDER,EQ,INE839M01018,SCHNEIDER ELECTRIC INFRA,1180.0,1237.0,1168.0,1227.0,1194.9,2.69,261523,320888721.0
2026-09-11,SCI,EQ,INE109A01011,SHIPPING CORP OF INDIA LT,283.25,283.35,277.5,280.6,285.2,-1.61,1518756,426162942.87
2026-09-11,SCILAL,EQ,INE0PB301013,SHIPPING CORP OF ILA LTD,38.0,38.94,37.9,38.14,38.46,-0.83,212235,8094642.77
2026-09-11,SCODATUBES,EQ,INE090501011,SCODA TUBES LIMITED,130.09,131.0,127.21,129.82,129.21,0.47,79209,10282912.96
2026-09-11,SDBL,EQ,INE480C01038,SOM DIST & BREW LTD,70.75,71.55,69.35,70.07,70.87,-1.13,386681,27094737.55
2026-09-11,SEAMECLTD,EQ,INE497B01018,SEAMEC LIMITED,1774.5,1849.0,1774.5,1788.4,1772.9,0.87,150565,269270449.68
2026-09-11,SECMARK,EQ,INE0BTM01013,SECMARK CONSULTANCY LTD,148.0,148.0,138.0,141.31,149.16,-5.26,2320,327839.19
2026-09-11,SECURKLOUD,EQ,INE650K01021,SECUREKLOUD TECH LIMITED,16.51,17.1,15.6,16.51,16.92,-2.42,79798,1317465.0
2026-09-11,SEDEMAC,EQ,INE00XB01019,SEDEMAC MECHATRONICS LTD,2915.9,3008.9,2878.1,2906.2,2915.7,-0.33,106773,310303687.39
2026-09-11,SEIL,EQ,INE440T01028,SHANTI EDU INITIATIVES L,196.68,196.68,191.0,192.68,195.02,-1.2,123748,23843763.73
2026-09-11,SEJALLTD,EQ,INE955I01044,SEJAL GLASS LIMITED,660.0,673.0,639.0,646.3,672.0,-3.82,7569,4891844.61
2026-09-11,SEKURITIND,EQ,INE068B01017,SAINT GOBAIN SEKUR IND L,111.2,115.0,108.96,110.34,112.43,-1.86,50303,5550432.84
2026-09-11,SELECTIPO,EQ,INF769K01ON4,MIRAEAMC - SELECTIPO,48.51,48.51,47.79,48.48,48.48,0.0,51448,2494199.02
2026-09-11,SEMAC,EQ,INE617A01013,SEMAC CONSTRUCTION LTD,279.85,279.85,270.0,273.05,279.85,-2.43,2318,632929.87
2026-09-11,SENCO,EQ,INE602W01027,SENCO GOLD LIMITED,349.9,349.9,340.25,346.4,349.9,-1.0,676349,234287289.47
2026-09-11,SENORES,EQ,INE0RB801010,SENORES PHARMACEUTICALS L,1452.0,1480.0,1437.1,1467.3,1463.1,0.29,134825,197828729.08
2026-09-11,SENSEXADD,EQ,INF740KA1SZ6,DSPAMC - DSPSENXETF,77.42,77.45,76.74,77.35,77.42,-0.09,4095,316748.24
2026-09-11,SENSEXAXIS,EQ,INF846K010Q0,AXISAMC-SENSEXAXIS,77.45,77.94,76.93,77.35,77.22,0.17,6532,505250.19
2026-09-11,SENSEXBETA,EQ,INF789FB1X58,UTIAMC-SENSEXBETA,836.84,836.84,824.05,832.37,840.98,-1.02,4181,3480138.95
2026-09-11,SENSEXETF,EQ,INF769K01KT9,MIRAEAMC - SENSEXETF,77.0,77.47,76.53,77.42,77.19,0.3,32749,2535427.52
2026-09-11,SENSEXIETF,EQ,INF346A01034,ICICI PRUD SENSEX ETF,856.19,866.0,854.8,863.63,860.55,0.36,325681,281267883.62
2026-09-11,SEPC,EQ,INE964H01014,SEPC LIMITED,5.28,5.3,5.17,5.27,5.29,-0.38,7963406,41967149.47
2026-09-11,SERVOTECH,EQ,INE782X01033,SERVOTECH REN POW SYS LTD,77.62,77.62,76.26,77.28,77.62,-0.44,356343,27538186.61
2026-09-11,SESHAPAPER,EQ,INE630A01024,SESHASAYEE PAPER & BOARDS,246.85,255.0,242.41,251.14,246.96,1.69,179922,45185610.97
2026-09-11,SETF10GILT,EQ,INF200KA1JT1,SBIAMC - SETF10GILT,265.0,265.0,262.57,263.98,264.48,-0.19,1367,360860.68
2026-09-11,SETFGOLD,EQ,INF200KA16D8,SBI-ETF GOLD,128.7,129.74,127.84,129.06,130.26,-0.92,6085719,785422879.28
2026-09-11,SETFNIF50,EQ,INF200KA1FS1,SBI-ETF NIFTY 50,258.92,258.92,250.8,252.41,252.61,-0.08,870218,219651728.57
2026-09-11,SETFNIFBK,EQ,INF200KA1580,SBI-ETF NIFTY BANK,581.72,582.9,573.42,581.78,578.83,0.51,222320,129341336.11
2026-09-11,SETFNN50,EQ,INF200KA1598,SBI-ETF NIFTY NEXT 50,781.51,781.51,767.21,772.61,777.83,-0.67,67424,52092455.65
2026-09-11,SETL,EQ,INE0M4D01010,STANDARD ENGNG TCNLGY LTD,468.15,468.15,443.0,468.15,445.9,4.99,2933978,1373541782.79
2026-09-11,SFL,EQ,INE916U01025,SHEELA FOAM LIMITED,697.1,701.5,679.95,691.55,697.95,-0.92,216987,150057357.2
2026-09-11,SGFIN,EQ,INE618R01015,SG FINSERVE LIMITED,670.0,673.2,658.0,660.75,672.0,-1.67,162612,107445879.0
2026-09-11,SGIL,EQ,INE00QT01015,SYNERGY GREEN IND. LTD,590.8,602.45,590.0,592.2,602.0,-1.63,8771,5194186.31
2026-09-11,SGL,EQ,INE353H01010,STL GLOBAL LIMITED,9.86,10.22,9.67,9.73,9.9,-1.72,8778,85409.94
2026-09-11,SGLRES,EQ,INE967B01028,SGL RESOURCES LIMITED,2.45,2.45,2.31,2.44,2.36,3.39,37017,90321.48
2026-09-11,SGMART,EQ,INE385F01024,SG MART LIMITED,766.55,775.0,749.4,750.95,766.55,-2.04,160171,120280414.41
2026-09-11,SGRL,EQ,INE414Y01015,SHREE GANESH REMEDIES LTD,633.95,661.95,620.0,659.2,631.65,4.36,18758,12365273.83
2026-09-11,SHADOWFAX,EQ,INE12UN01015,SHADOWFAX TECHNOLOGIES L,253.0,255.0,246.5,253.4,255.1,-0.67,1996782,505984546.61
2026-09-11,SHAH,EQ,INE482J01021,SHAH METACORP LIMITED,3.58,3.58,3.48,3.51,3.54,-0.85,945289,3317964.38
2026-09-11,SHAILY,EQ,INE151G01028,SHAILY ENG PLASTICS LTD,3351.8,3366.1,3222.1,3279.5,3383.2,-3.07,192834,632399103.0
2026-09-11,SHAKTIPUMP,EQ,INE908D01010,SHAKTI PUMPS (I) LTD,503.0,503.0,484.55,493.8,503.2,-1.87,1008120,497809643.69
2026-09-11,SHALBY,EQ,INE597J01018,SHALBY LIMITED,145.25,146.99,141.7,144.78,145.96,-0.81,112748,16323655.3
2026-09-11,SHANKARA,EQ,INE274V01019,SHANKARA BLDG PRODUCT LTD,148.0,148.51,146.0,148.29,148.41,-0.08,75913,11257138.26
2026-09-11,SHANKESH,EQ,INE1WFC01025,SHANKESH JEWELLERS LTD,104.4,115.9,100.0,101.3,98.41,2.94,53876821,5457722131.72
2026-09-11,SHANTI,EQ,INE933X01016,SHANTI OVERSEAS INDIA LTD,6.1,6.49,6.1,6.2,6.2,0.0,18127,112387.4
2026-09-11,SHANTIGEAR,EQ,INE631A01022,SHANTHI GEARS LTD,720.0,733.9,708.55,714.95,725.45,-1.45,146091,104447762.23
2026-09-11,SHANTIGOLD,EQ,INE06ZD01017,SHANTI GOLD INTERNATION L,256.9,259.75,247.53,258.17,257.29,0.34,1074560,277419169.63
2026-09-11,SHARDACROP,EQ,INE221J01015,SHARDA CROPCHEM LTD.,781.35,781.35,763.0,765.55,781.35,-2.02,90612,69368015.49
2026-09-11,SHARDAMOTR,EQ,INE597I01028,SHARDA MOTOR INDS LTD,946.3,948.5,915.1,943.75,946.25,-0.26,86523,81656081.25
2026-09-11,SHAREINDIA,EQ,INE932X01026,SHARE IND. SECURITIES LTD,197.0,204.87,192.3,198.93,196.32,1.33,15203480,3024428165.05
2026-09-11,SHARIABEES,EQ,INF732E01128,NIP IND ETF SHARIAH BEES,438.57,440.76,435.12,437.38,438.57,-0.27,11009,4815116.47
2026-09-11,SHBAJRG,EQ,INE402H01015,SHRI BAJRANG ALLIANCE L,159.5,159.81,153.0,155.85,159.5,-2.29,3297,513837.47
2026-09-11,SHERVANI,EQ,INE011D01013,SHERVANI INDUSTRIAL SYN L,326.0,360.0,309.0,348.85,311.0,12.17,3811,1329467.37
2026-09-11,SHILCTECH,EQ,INE024F01011,SHILCHAR TECHNOLOGIES LTD,4158.0,4189.0,4084.0,4174.4,4158.6,0.38,17556,73285764.69
2026-09-11,SHILGRAVQ,EQ,INE960A01017,SHILP GRAVURES LTD.,168.4,172.65,163.0,163.94,168.4,-2.65,5074,831831.57
2026-09-11,SHILPAMED,EQ,INE790G01031,SHILPA MEDICARE LTD,935.0,975.0,910.0,961.15,939.9,2.26,1471659,1414485083.78
2026-09-11,SHINDL,EQ,INE220Z01013,SHARAT INDUSTRIES LTD.,162.0,164.75,160.0,163.02,161.98,0.64,258569,42151919.48
2026-09-11,SHIPROCKET,EQ,INE0FOO01011,SHIPROCKET LIMITED,129.0,135.42,126.13,133.99,129.17,3.73,8823294,1182233211.53
2026-09-11,SHIVAAGRO,EQ,INE960E01019,SHIVA GLOBAL AGRO INDS. L,40.32,40.88,39.0,39.69,40.32,-1.56,5721,227066.48
2026-09-11,SHIVACEM,EQ,INE555C01029,SHIVA CEMENT LTD.,16.04,16.5,15.0,15.95,16.04,-0.56,117344,1871636.78
2026-09-11,SHIVALIK,EQ,INE788J01021,SHIVALIK RASAYAN LIMITED,358.45,365.65,349.55,362.05,366.8,-1.29,115411,41784551.14
2026-09-11,SHIVAMAUTO,EQ,INE637H01024,SHIVAM AUTO.LTD,16.98,16.98,16.45,16.69,16.68,0.06,13023,217353.88
2026-09-11,SHIVAMILLS,EQ,INE644Y01017,SHIVA MILLS LIMITED,62.7,62.7,59.59,61.47,60.38,1.81,162,9958.14
2026-09-11,SHIVATEX,EQ,INE705C01020,SHIVA TEXYARN LIMITED,178.95,187.95,173.07,178.05,179.18,-0.63,9452,1682928.63
2026-09-11,SHIVAUM,EQ,INE719F01016,SHIV AUM STEELS LIMITED,476.0,476.0,462.05,465.4,461.45,0.86,13315,6196800.92
2026-09-11,SHK,EQ,INE500L01026,S H KELKAR AND CO. LTD.,142.96,142.96,138.88,141.22,143.58,-1.64,231464,32687346.36
2026-09-11,SHOPERSTOP,EQ,INE498B01024,SHOPPERS STOP LIMITED,376.2,388.0,368.25,375.45,377.55,-0.56,38249,14360587.52
2026-09-11,SHRADDHA,EQ,INE311M01018,SHRADDHA PRIME PROJECTS L,150.0,154.85,148.0,152.67,150.02,1.77,5140,784723.79
2026-09-11,SHRADHA,EQ,INE715Y01031,SHRADHA REALTY LIMITED,31.0,31.7,29.5,30.84,31.19,-1.12,20345,627439.8
2026-09-11,SHREDIGCEM,EQ,INE232A01011,SHREE DIGVIJAY CEM CO LTD,69.41,69.51,68.0,68.49,69.09,-0.87,56640,3879273.48
2026-09-11,SHREECEM,EQ,INE070A01015,SHREE CEMENT LIMITED,22660.0,22680.0,22370.0,22570.0,22785.0,-0.94,16171,364979470.0
2026-09-11,SHREEJISPG,EQ,INE1B6101010,SHREEJI SHIPPING GLOBAL L,706.65,711.3,686.45,691.75,713.1,-2.99,919480,636050290.0
2026-09-11,SHREEPUSHK,EQ,INE712K01011,SHRE PUSH CHEM & FERT LTD,495.55,506.45,478.8,486.9,491.6,-0.96,157309,76593751.14
2026-09-11,SHREERAMA,EQ,INE879A01019,SHREE RAMA MULTI TECH LTD,46.69,47.4,45.0,47.12,45.88,2.7,107895,5084012.28
2026-09-11,SHREYANIND,EQ,INE231C01019,SHREYANS INDUSTRIES LTD,135.0,135.0,131.5,132.8,135.46,-1.96,3771,500788.81
2026-09-11,SHRIKRISH,EQ,INE997I01012,SHRI KRISHNA DEVCON LTD.,37.02,37.02,36.1,37.0,37.39,-1.04,492,18204.0
2026-09-11,SHRINGARMS,EQ,INE1B3L01017,SHRINGAR HOU OF MANGALS L,217.4,218.0,214.04,217.27,216.79,0.22,148214,32202456.41
2026-09-11,SHRIPISTON,EQ,INE526E01018,SPR AUTO TECHNOLOGIES LTD,4431.0,4462.0,4354.0,4371.5,4447.4,-1.71,35262,154147833.0
2026-09-11,SHRIRAMFIN,EQ,INE721A01047,SHRIRAM FINANCE LIMITED,1021.0,1034.5,1013.2,1028.6,1038.0,-0.91,3171217,3261913728.78
2026-09-11,SHRIRAMPPS,EQ,INE217L01019,SHRIRAM PROPERTIES LTD,72.37,72.61,70.96,71.83,72.62,-1.09,365745,26271464.02
2026-09-11,SHRJAGP,EQ,INE564J01026,SHRI JAGDAMBA POLYMERS L,625.55,664.0,625.55,647.0,643.45,0.55,155,100285.0
2026-09-11,SHUKRAPHAR,EQ,INE551C01044,SHUKRA PHARMACEUTICALS L,54.05,55.6,53.75,53.94,53.97,-0.06,1577298,85079451.95
2026-09-11,SHYAMMETL,EQ,INE810G01011,SHYAM METALICS AND ENGY L,1096.0,1096.0,1065.3,1074.8,1086.1,-1.04,224493,241285087.36
2026-09-11,SHYAMTEL,EQ,INE635A01023,SHYAM TELECOM LIMITED,11.5,11.5,11.01,11.48,11.5,-0.17,3685,42303.8
2026-09-11,SICAGEN,EQ,INE176J01011,SICAGEN INDIA LIMITED,55.89,55.89,53.11,53.53,55.24,-3.1,26131,1398792.4
2026-09-11,SIEL,EQ,INE843L01012,SUPERIOR INDUSTRIAL ENT L,29.35,30.0,28.1,30.0,29.35,2.21,169,5070.0
2026-09-11,SIEMENS,EQ,INE003A01024,SIEMENS LTD,3912.1,3957.0,3858.4,3957.0,3954.4,0.07,172514,682637898.0
2026-09-11,SIGACHI,EQ,INE0D0K01022,SIGACHI INDUSTRIES LTD,38.0,38.5,36.7,37.93,37.56,0.99,4502407,170776298.88
2026-09-11,SIGMA,EQ,INE0A0S01028,SIGMA SOLVE LIMITED,44.83,44.83,44.0,44.19,44.97,-1.73,64453,2848177.98
2026-09-11,SIGNATURE,EQ,INE903U01023,SIGNATUREGLOBAL INDIA LTD,772.35,779.95,751.0,760.85,772.35,-1.49,209605,159477959.13
2026-09-11,SIGNPOST,EQ,INE0KGZ01021,SIGNPOST INDIA LIMITED,269.25,279.0,260.15,276.25,267.8,3.16,102421,28293801.25
2026-09-11,SIKA,EQ,INE438E01032,SIKA INTERPLANT SYSTEMS L,1030.1,1111.0,993.6,1085.55,1024.85,5.92,654708,710718301.37
2026-09-11,SIL,EQ,INE173A01025,STANDARD INDUSTRIES LTD.,18.19,18.55,17.5,17.76,18.1,-1.88,43283,768706.09
2026-09-11,SILGO,EQ,INE01II01013,SILGO RETAIL LIMITED,70.75,70.98,69.0,70.01,71.74,-2.41,14401,1008214.04
2026-09-11,SILINV,EQ,INE923A01015,SIL INVESTMENTS LIMITED,450.0,475.4,445.0,463.8,451.0,2.84,3697,1714668.55
2026-09-11,SILVER,EQ,INF209KB19F6,BIRLASLAMC - SILVER,224.99,227.67,223.75,226.48,233.49,-3.0,1308998,296461861.45
2026-09-11,SILVER001,EQ,INF966L01EI5,QUANT_AMC - SILVER001,23.05,23.45,22.25,22.94,23.6,-2.8,269685,6186574.04
2026-09-11,SILVER1,EQ,INF174KA1ZD3,KOTAKMAMC - KOTAKSILVE,22.12,22.12,21.73,22.01,22.71,-3.08,15547379,342197815.35
2026-09-11,SILVER360,EQ,INF579M01BC3,360ONEAMC - SILVER360,225.0,225.0,221.33,223.61,230.33,-2.92,19580,4378283.81
2026-09-11,SILVERADD,EQ,INF740KA1ZQ0,DSPAMC - DSPSILVETF,21.8,21.98,21.55,21.82,22.55,-3.24,5816871,126924123.44
2026-09-11,SILVERAG,EQ,INF769K01KG6,MIRAEAMC - MASILVER,219.99,221.82,217.9,220.59,227.93,-3.22,423680,93459569.65
2026-09-11,SILVERAXIS,EQ,INF846K011K1,AXISAMC-SILVERAXIS,225.44,234.7,222.66,225.76,232.4,-2.86,1197571,270363622.38
2026-09-11,SILVERBEES,EQ,INF204KC1402,NIPPONAMC - NETFSILVER,216.79,218.0,214.02,216.72,223.53,-3.05,31806842,6893178837.07
2026-09-11,SILVERBETA,EQ,INF789F1AYK6,UTIAMC-SILVERBETA,218.44,219.95,215.92,218.53,225.65,-3.16,780985,170668651.1
2026-09-11,SILVERBND,EQ,INF194KB1KI9,BANDHANAMC - SILVERBND,228.0,228.88,222.69,227.2,233.85,-2.84,14276,3243507.16
2026-09-11,SILVERCASE,EQ,INF0R8F01091,ZERODHAAMC - SILVERCASE,22.88,23.11,22.71,22.98,23.72,-3.12,10830127,248876313.5
2026-09-11,SILVERIETF,EQ,INF109KC1Y56,ICICIPRAMC - ICICISILVE,225.9,227.66,223.7,226.39,233.48,-3.04,4458877,1009445161.31
2026-09-11,SILVERTUC,EQ,INE625X01026,SILVER TOUCH TECHNO LTD,151.15,157.59,150.0,152.49,152.0,0.32,529921,80807656.2
2026-09-11,SIMPLEXINF,EQ,INE059B01024,SIMPLEX INFRASTRUCTURES L,254.2,257.55,249.65,255.1,255.75,-0.25,108268,27619167.46
2026-09-11,SIMPLXREA,EQ,INE167H01014,SIMPLEX REALTY LTD.,139.0,139.0,137.0,137.0,132.5,3.4,10,1370.0
2026-09-11,SINCLAIR,EQ,INE985A01022,SINCLAIRS HOTELS LIMITED,80.04,81.58,79.62,80.28,81.58,-1.59,17030,1367168.38
2026-09-11,SINDHUTRAD,EQ,INE325D01025,SINDHU TRADE LINKS LTD,23.52,24.17,23.44,23.99,23.81,0.76,3110385,74618135.44
2026-09-11,SINGERIND,EQ,INE638A01035,SINGER INDIA LIMITED,75.3,76.96,73.01,76.16,74.02,2.89,62570,4765331.43
2026-09-11,SINTERCOM,EQ,INE129Z01016,SINTERCOM INDIA LIMITED,79.02,82.8,75.81,76.65,79.82,-3.97,13695,1049721.77
2026-09-11,SIRCA,EQ,INE792Z01011,SIRCA PAINT INDIA LIMITED,429.05,432.75,425.45,427.35,431.55,-0.97,166249,71046511.16
2026-09-11,SIS,EQ,INE285J01028,SIS LIMITED,423.8,427.0,415.2,419.3,422.95,-0.86,453528,190164284.86
2026-09-11,SIYSIL,EQ,INE076B01028,SIYARAM SILK MILLS LTD,540.45,543.75,528.65,535.15,547.0,-2.17,38397,20548155.49
2026-09-11,SJS,EQ,INE284S01014,SJS ENTERPRISES LIMITED,2341.2,2385.0,2314.4,2354.0,2342.6,0.49,140948,331791592.0
2026-09-11,SJVN,EQ,INE002L01015,SJVN LTD,66.8,66.84,66.1,66.18,67.2,-1.52,1187604,78595633.08
2026-09-11,SKFINDIA,EQ,INE640A01023,SKF INDIA LTD,1526.0,1531.9,1505.0,1527.8,1531.6,-0.25,16051,24522718.58
2026-09-11,SKFINDUS,EQ,INE2J8701016,SKF IND (INDUSTRIAL) LTD,2934.3,2963.2,2870.1,2887.7,2935.4,-1.62,40808,117841259.61
2026-09-11,SKIPPER,EQ,INE439E01022,SKIPPER LIMITED,581.0,581.0,541.35,551.55,583.0,-5.39,2163432,1193240893.19
2026-09-11,SKMEGGPROD,EQ,INE411D01023,SKM EGG PROD EXPORT(I) LT,247.65,247.65,240.0,241.3,247.9,-2.66,151658,36595075.86
2026-09-11,SKYGOLD,EQ,INE01IU01018,SKY GOLD AND DIAMONDS LTD,826.05,834.45,814.0,827.4,830.3,-0.35,436603,361245332.86
2026-09-11,SKYWAYS,EQ,INE0PX301025,SKYWAYS AIR SERVICES LTD,109.0,117.5,108.5,116.01,111.19,4.33,4483291,520106598.49
2026-09-11,SMALL250,EQ,INF769K01PQ4,MIRAEAMC - SMALL250,18.88,18.88,18.24,18.4,18.51,-0.59,390167,7179072.65
2026-09-11,SMALLADD,EQ,INF740KA1WX3,DSPAMC - SMALLADD,18.73,18.78,18.3,18.48,18.51,-0.16,15741,290893.67
2026-09-11,SMALLCAP,EQ,INF769K01LC3,MIRAEAMC - SMALLCAP,49.54,49.54,48.64,49.14,49.44,-0.61,1384314,68025189.12
2026-09-11,SMALLGROWW,EQ,INF666M01PG9,GROWWAMC - SMALLGROWW,49.05,49.56,48.57,49.55,49.16,0.79,21602,1070379.08
2026-09-11,SMALLIETF,EQ,INF109K1A476,ICICIPRAMC - SMALLIETF,18.3,18.6,18.24,18.4,18.47,-0.38,44709,822645.58
2026-09-11,SMARTWORKS,EQ,INE0NAZ01010,SMARTWORKS COWORKING SP L,534.3,534.7,521.1,530.75,535.55,-0.9,36274,19252425.5
2026-09-11,SMCGLOBAL,EQ,INE103C01036,SMC GLOBAL SECURITIES LTD,84.5,87.59,84.29,86.0,85.64,0.42,3491875,300301250.0
2026-09-11,SML100CASE,EQ,INF0R8F01141,ZERODHAAMC - SML100CASE,11.32,11.39,11.2,11.29,11.32,-0.27,2766423,31232915.56
2026-09-11,SMLMAH,EQ,INE294B01019,SML MAHINDRA LIMITED,6219.0,6591.5,6064.5,6583.0,6278.0,4.86,109374,720009042.0
2026-09-11,SMLT,EQ,INE017W01010,SARTHAK METALS LIMITED,62.01,63.0,61.31,62.29,61.44,1.38,2950,183755.5
2026-09-11,SMSPHARMA,EQ,INE812G01025,SMS PHARMACEUTICALS LTD.,417.85,469.0,414.55,463.45,417.45,11.02,10401534,4820591059.27
2026-09-11,SNOWMAN,EQ,INE734N01019,SNOWMAN LOGISTICS LTD.,36.1,36.16,35.51,35.91,36.16,-0.69,72438,2601248.57
2026-09-11,SNXT30BEES,EQ,INF204KC1EZ3,NIPPONAMC - SNXT30BEES,41.97,42.28,41.93,42.2,42.47,-0.64,12162,513236.41
2026-09-11,SNXT50BETA,EQ,INF789F1AUU3,UTIAMC-SNXT50BETA,93.3,94.46,92.21,94.41,93.19,1.31,586,55324.26
2026-09-11,SOBHA,EQ,INE671H01015,SOBHA LIMITED,1234.0,1234.0,1201.9,1216.8,1235.7,-1.53,96039,116860259.89
2026-09-11,SOFTTECH,EQ,INE728Z01015,SOFTTECH ENGINEERS LTD,435.0,455.9,433.85,452.35,435.0,3.99,7424,3358246.45
2026-09-11,SOLARA,EQ,INE624Z01016,SOLARA ACTIVE PHA SCI LTD,707.2,759.55,697.4,749.15,707.25,5.92,1159874,868919635.42
2026-09-11,SOLARINDS,EQ,INE343H01029,SOLAR INDUSTRIES (I) LTD,22300.0,22500.0,22130.0,22290.0,22370.0,-0.36,148838,3317599020.0
2026-09-11,SOLARWORLD,EQ,INE0TY101024,SOLARWORLD ENERGY SOL LTD,140.0,142.53,137.31,141.48,140.98,0.35,276812,39163360.58
2026-09-11,SOLEX,EQ,INE880Y01017,SOLEX ENERGY LIMITED,710.9,710.9,677.6,698.6,705.25,-0.94,28447,19873073.51
2026-09-11,SOMANYCERA,EQ,INE355A01028,SOMANY CERAMICS LIMITED,559.0,571.0,550.6,565.2,559.7,0.98,101279,57242892.04
2026-09-11,SOMATEX,EQ,INE314C01013,SOMA TEXTILES & INDUST LT,84.48,85.9,81.25,84.52,84.48,0.05,5517,466296.82
2026-09-11,SOMICONVEY,EQ,INE323J01019,SOMI CONVEYOR BELT. LTD.,97.6,97.6,92.12,92.93,92.76,0.18,10309,958015.37
2026-09-11,SONACOMS,EQ,INE073K01018,SONA BLW PRECISION FRGS L,798.0,799.95,786.9,788.0,803.5,-1.93,832096,655691648.0
2026-09-11,SONAL,EQ,INE321M01017,SONAL MERCANTILE LTD.,90.5,90.5,86.25,86.25,90.08,-4.25,108,9315.0
2026-09-11,SONATSOFTW,EQ,INE269A01021,SONATA SOFTWARE LTD,260.1,268.1,257.8,265.85,260.1,2.21,1384592,368093791.65
2026-09-11,SOTL,EQ,INE035D01020,SAVITA OIL TECHNOLO. LTD,697.1,732.8,681.3,716.25,697.1,2.75,461088,330254280.0
2026-09-11,SOUTHBANK,EQ,INE683A01023,THE SOUTH INDIAN BANK LTD,45.6,46.47,45.18,46.18,46.08,0.22,5755589,265793101.78
2026-09-11,SOUTHWEST,EQ,INE980Y01015,SOUTH WEST PINNACLE LTD,214.1,217.77,212.04,213.35,216.19,-1.31,203063,43323492.29
2026-09-11,SPAL,EQ,INE212I01016,S. P. APPARELS LIMITED,1015.9,1027.0,1003.9,1023.0,1029.7,-0.65,54987,56251701.0
2026-09-11,SPANDANA,EQ,INE572J01011,SPANDANA SPHOORTY FIN LTD,230.0,236.79,228.37,235.37,232.17,1.38,102898,24219101.76
2026-09-11,SPARC,EQ,INE232I01014,SUN PHARMA ADV.RES.CO.LTD,196.89,197.55,192.56,196.01,196.91,-0.46,475527,93208044.66
2026-09-11,SPCENET,EQ,INE970N01027,SPACENET ENTERS IND LTD,3.46,3.5,3.37,3.39,3.47,-2.31,367991,1247489.53
2026-09-11,SPENCERS,EQ,INE020801028,SPENCER S RETAIL LIMITED,28.56,28.65,27.0,28.3,28.64,-1.19,121748,3445468.31
2026-09-11,SPIC,EQ,INE147A01011,SPIC LTD,68.5,69.3,68.16,69.0,69.3,-0.43,246359,16998771.0
2026-09-11,SPLIL,EQ,INE978G01016,SPL INDUSTRIES LIMITED,30.4,31.19,30.0,30.05,30.5,-1.48,4270,128313.5
2026-09-11,SPLPETRO,EQ,INE663A01033,SUPREME PETROCHEM LIMITED,836.0,836.05,804.6,818.35,828.15,-1.18,176561,144488690.04
2026-09-11,SPMLINFRA,EQ,INE937A01023,SPML INFRA LIMITED,172.35,172.72,169.51,171.63,173.0,-0.79,140993,24198629.28
2026-09-11,SPORTKING,EQ,INE885H01029,SPORTKING INDIA LIMITED,215.4,215.6,210.61,214.77,215.83,-0.49,182419,39178129.41
2026-09-11,SRD,EQ,INE01NE01012,SHANKAR LAL RAMPAL LTD,38.9,39.4,37.85,38.27,38.5,-0.6,52623,2013882.23
2026-09-11,SRF,EQ,INE647A01010,SRF LTD,2508.0,2508.0,2460.0,2482.4,2519.0,-1.45,288552,716301456.62
2026-09-11,SRGHFL,EQ,INE559N01010,SRG HOUSING FINANCE L,156.0,156.0,156.0,156.0,195.0,-20.0,11743,1831908.0
2026-09-11,SRHHYPOLTD,EQ,INE917H01012,SREE RAYALSEEMA HHP LTD.,524.4,528.1,518.5,523.8,517.1,1.3,18998,9951152.17
2026-09-11,SRM,EQ,INE0R6Z01013,SRM CONTRACTORS LIMITED,447.7,447.7,437.15,439.35,447.7,-1.87,64564,28366193.79
2026-09-11,SRTL,EQ,INE19GK01015,SHREE RAM TWISTEX LIMITED,37.0,37.4,36.67,37.32,37.39,-0.19,15044,561442.08
2026-09-11,SSDL,EQ,INE0PQ101010,SARASWATI SAREE DEPOT LTD,71.0,72.7,61.37,62.59,67.84,-7.74,560099,35056596.5
2026-09-11,SSWL,EQ,INE802C01033,STEEL STRIPS WHEELS LTD.,370.0,384.15,364.55,370.65,373.6,-0.79,1219997,452191880.6
2026-09-11,STANLEY,EQ,INE01A001028,STANLEY LIFESTYLES LTD,136.0,137.97,135.0,135.6,137.43,-1.33,76185,10330686.46
2026-09-11,STAR,EQ,INE939A01011,STRIDES PHARMA SCI LTD,1199.9,1215.9,1179.0,1183.4,1217.0,-2.76,161625,191267028.95
2026-09-11,STARCEMENT,EQ,INE460H01021,STAR CEMENT LIMITED,194.0,195.9,193.1,195.14,194.68,0.24,240287,46889605.03
2026-09-11,STARHEALTH,EQ,INE575P01011,STAR HEALTH & AL INS CO L,575.0,579.75,559.7,562.7,576.25,-2.35,460832,259310172.03
2026-09-11,STARPAPER,EQ,INE733A01018,STAR PAPER MILLS LTD,170.0,170.8,166.05,168.44,169.84,-0.82,26257,4422729.14
2026-09-11,STARTECK,EQ,INE992I01013,STARTECK FINANCE LIMITED,242.35,247.0,238.55,240.65,245.2,-1.86,52,12513.8
2026-09-11,STCINDIA,EQ,INE655A01013,THE STATE TRADING CORPN,113.2,113.5,112.11,112.6,113.25,-0.57,8404,946290.39
2026-09-11,STEELCAS,EQ,INE124E01038,STEELCAST LIMITED,323.55,328.75,315.0,325.25,323.55,0.53,102466,33327066.5
2026-09-11,STEELCITY,EQ,INE395H01011,STEEL CITY SECURITIES LTD,91.4,92.74,88.2,90.3,91.4,-1.2,31154,2813206.3
2026-09-11,STEELXIND,EQ,INE503B01021,STEEL EXCHANGE INDIA LTD,12.49,12.53,12.01,12.14,12.17,-0.25,11073848,134436518.52
2026-09-11,STEL,EQ,INE577L01016,STEL HOLDINGS LIMITED,604.0,620.6,589.0,611.1,590.2,3.54,4670,2853836.89
2026-09-11,STLNETWORK,EQ,INE1VXE01018,STL NETWORKS LIMITED,36.0,36.6,35.57,36.6,34.86,4.99,5579818,204221330.29
2026-09-11,STLSTRINF,EQ,INE205F01016,STEEL STRIPS INFRA L,19.19,21.2,18.7,21.2,17.67,19.98,12925,274010.01
2026-09-11,STOVEKRAFT,EQ,INE00IN01015,STOVE KRAFT LIMITED,830.0,832.95,809.1,814.9,840.05,-2.99,106138,86491858.79
2026-09-11,STUDDS,EQ,INE00Q601028,STUDDS ACCESSORIES LTD,417.95,424.2,410.0,418.65,418.4,0.06,44136,18477536.13
2026-09-11,STYL,EQ,INE04VU01023,SESHAASAI TECHNOLOGIES L,379.95,391.55,374.15,387.4,385.9,0.39,124133,48089123.44
2026-09-11,STYLAMIND,EQ,INE239C01020,STYLAM INDUSTRIES LIMITED,3280.0,3355.1,3250.8,3329.9,3310.6,0.58,19311,64303697.01
2026-09-11,STYLEBAAZA,EQ,INE01FR01028,BAAZAR STYLE RETAIL LTD,388.0,394.05,378.0,388.1,388.95,-0.22,488731,189676504.08
2026-09-11,STYRENIX,EQ,INE189B01011,STYRENIX PERFORMANCE LTD,2125.6,2127.5,2100.0,2113.1,2142.9,-1.39,34221,72312398.44
2026-09-11,SUBEXLTD,EQ,INE754A01055,SUBEX LTD,19.91,21.0,19.2,20.8,19.76,5.26,34488169,717353888.89
2026-09-11,SUBROS,EQ,INE287B01021,SUBROS LIMITED,707.15,708.85,697.1,703.75,712.6,-1.24,27663,19467836.25
2026-09-11,SUDARCOLOR,EQ,INE492A01029,SUDARSHAN COLORNT IND LTD,380.05,391.25,375.25,378.4,380.9,-0.66,5571,2108066.37
2026-09-11,SUDARSCHEM,EQ,INE659A01023,SUDARSHAN CHEMICAL INDS L,1262.0,1277.5,1232.2,1248.2,1270.8,-1.78,316394,394922975.35
2026-09-11,SUDEEPPHRM,EQ,INE0QPI01025,SUDEEP PHARMA LIMITED,1152.9,1244.0,1152.9,1202.8,1213.5,-0.88,593341,713670583.77
2026-09-11,SUKHJITS,EQ,INE450E01029,SUKHJIT STARCH & CHEM LTD,159.99,161.0,158.11,159.78,159.99,-0.13,13568,2167895.02
2026-09-11,SULA,EQ,INE142Q01026,SULA VINEYARDS LIMITED,138.0,138.13,135.75,136.38,138.28,-1.37,349596,47677904.19
2026-09-11,SUMEDHA,EQ,INE886B01012,SUMEDHA FISCAL SERVICES L,41.94,43.5,39.56,41.4,39.0,6.15,5329,220620.61
2026-09-11,SUMEETINDS,EQ,INE235C01036,SUMEET IND LIMITED,10.95,11.04,10.72,10.77,10.95,-1.64,715081,7701422.7
2026-09-11,SUMICHEM,EQ,INE258G01013,SUMITOMO CHEM INDIA LTD,480.0,480.0,466.5,476.4,480.9,-0.94,269822,128543199.15
2026-09-11,SUMIT,EQ,INE748Z01013,SUMIT WOODS LIMITED,53.2,53.2,48.2,49.4,48.93,0.96,22760,1124344.03
2026-09-11,SUMMITSEC,EQ,INE519C01017,SUMMIT SECURITIES LTD,1439.2,1441.9,1400.0,1409.2,1438.6,-2.04,2388,3365169.48
2026-09-11,SUNCLAY,EQ,INE0Q3R01026,SUNDARAM CLAYTON LIMITED,1304.0,1304.0,1276.7,1298.3,1295.2,0.24,3732,4845255.78
2026-09-11,SUNDARAM,EQ,INE108E01023,SUNDARAM MULTI PAP LTD,1.23,1.23,1.18,1.19,1.2,-0.83,300725,357862.77
2026-09-11,SUNDARMFIN,EQ,INE660A01013,SUNDARAM FINANCE LTD,4679.7,4746.5,4611.0,4710.7,4703.0,0.16,25632,120744667.41
2026-09-11,SUNDRMFAST,EQ,INE387A01021,SUNDRAM FASTENERS LTD,1257.3,1284.6,1227.1,1270.0,1256.1,1.11,158860,201752200.0
2026-09-11,SUNDROP,EQ,INE209A01019,SUNDROP BRANDS LIMITED,673.8,673.8,656.1,662.0,669.15,-1.07,8117,5373454.0
2026-09-11,SUNFLAG,EQ,INE947A01014,SUNFLAG IRON AND STEEL CO,344.85,344.85,334.0,337.2,345.4,-2.37,122690,41371069.5
2026-09-11,SUNLOC,EQ,INE671C01016,SUNIL HEALTHCARE LTD.,75.7,75.7,75.0,75.5,75.5,0.0,909,68629.5
2026-09-11,SUNPHARMA,EQ,INE044A01036,SUN PHARMACEUTICAL IND L,1845.0,1854.5,1834.0,1840.0,1861.0,-1.13,1445071,2658930640.0
2026-09-11,SUNRAKSHAK,EQ,INE671K01027,SUNRAKSHAKK INDUS IND L,376.0,378.95,374.95,377.05,375.55,0.4,14206,5356372.13
2026-09-11,SUNSHIEL,EQ,INE199E01014,SUNSHIELD CHEMICALS LTD.,1220.0,1249.0,1185.7,1200.2,1231.7,-2.56,4670,5604933.77
2026-09-11,SUNSHINE,EQ,INE1B3O01011,SUNSHINE PICTURES LIMITED,512.4,524.95,407.8,407.8,509.7,-19.99,3900142,1590477859.99
2026-09-11,SUNTECK,EQ,INE805D01034,SUNTECK REALTY LIMITED,288.25,289.9,282.1,288.0,289.8,-0.62,127980,36858240.0
2026-09-11,SUNTV,EQ,INE424H01027,SUN TV NETWORK LIMITED,450.55,485.5,450.0,476.0,455.55,4.49,3312335,1576671460.0
2026-09-11,SUPERHOUSE,EQ,INE712B01010,SUPERHOUSE LIMITED,168.2,173.87,166.6,169.66,171.67,-1.17,5993,1016772.4
2026-09-11,SUPRAJIT,EQ,INE399C01030,SUPRAJIT ENGINEERING LTD,497.0,497.0,480.3,488.9,500.3,-2.28,105726,51689440.75
2026-09-11,SUPREME,EQ,INE822E01011,SUPREME HOLDIN N HOSP I L,34.3,35.84,33.01,34.74,34.7,0.12,42197,1465923.85
2026-09-11,SUPREMEIND,EQ,INE195A01028,SUPREME INDUSTRIES LTD,3499.1,3499.1,3364.4,3364.4,3510.0,-4.15,130229,438142434.88
2026-09-11,SUPREMEINF,EQ,INE550H01011,SUPREME INFRA. LTD.,87.98,87.98,84.0,85.04,88.73,-4.16,56316,4789112.69
2026-09-11,SUPRIYA,EQ,INE07RO01027,SUPRIYA LIFESCIENCE LTD,915.0,915.3,891.25,901.75,917.45,-1.71,208583,188089720.25
2026-09-11,SURAJEST,EQ,INE843S01025,SURAJ ESTATE DEVELOPERS L,175.0,175.49,172.5,174.59,177.0,-1.36,44125,7703783.59
2026-09-11,SURAJLTD,EQ,INE713C01016,SURAJ LIMITED,200.0,205.0,196.0,199.99,200.66,-0.33,1492,298385.09
2026-09-11,SURAKSHA,EQ,INE877V01027,SURAKSHA DIAGNOSTIC LTD,330.1,330.1,318.1,323.75,327.85,-1.25,50564,16370095.0
2026-09-11,SURANASOL,EQ,INE272L01022,SURANA SOLAR LIMITED,25.5,25.63,25.01,25.51,25.63,-0.47,25340,646423.41
2026-09-11,SURANAT&P,EQ,INE130B01031,SURANA TELECOM AND POW LT,16.05,16.2,15.8,16.1,16.05,0.31,56422,908394.22
2026-09-11,SURYALA,EQ,INE132C01027,SURYALATA SPINNING MILL L,395.05,410.0,383.0,395.25,398.55,-0.83,782,309085.5
2026-09-11,SURYALAXMI,EQ,INE713B01026,SURYALAKSHMI COT MIL LTD,58.41,59.38,55.0,56.28,58.12,-3.17,5357,301491.95
2026-09-11,SURYAROSNI,EQ,INE335A01020,SURYA ROSHNI LTD,215.5,218.0,212.02,214.27,216.05,-0.82,455493,97598487.06
2026-09-11,SURYODAY,EQ,INE428Q01011,SURYODAY SMALL FIN BK LTD,149.5,150.0,146.75,148.05,151.06,-1.99,400335,59269597.97
2026-09-11,SUVEN,EQ,INE495B01038,SUVEN LIFE SCIENCES LTD,355.0,359.95,351.5,355.55,360.7,-1.43,369913,131522562.63
2026-09-11,SUVIDHAA,EQ,INE018401013,SUVIDHAA INFOSERVE LTD,2.47,2.47,2.19,2.25,2.41,-6.64,184883,415986.75
2026-09-11,SUYOG,EQ,INE442P01014,SUYOG TELEMATICS LIMITED,661.05,679.6,645.05,650.5,669.4,-2.82,46738,30403069.0
2026-09-11,SUZLON,EQ,INE040H01021,SUZLON ENERGY LIMITED,44.12,44.5,43.21,44.12,44.22,-0.23,52777120,2328526478.03
2026-09-11,SVGLOBAL,EQ,INE159L01013,S V GLOBAL MILL LTD.,140.69,140.69,126.55,133.35,140.8,-5.29,1859,247897.66
2026-09-11,SVLL,EQ,INE00CE01017,SHREE VASU LOGISTICS LTD,793.0,810.0,775.0,785.05,793.1,-1.02,4356,3419677.75
2026-09-11,SVPGLOB,EQ,INE308E01029,SVP GLOBAL TEXTILES LTD,3.44,3.46,3.34,3.45,3.42,0.88,20107,69369.15
2026-09-11,SWANCORP,EQ,INE665A01038,SWAN CORP LIMITED,296.0,298.5,284.0,296.45,298.15,-0.57,5650793,1675177653.83
2026-09-11,SWARAJENG,EQ,INE277A01016,SWARAJ ENGINES LTD,3550.0,3592.2,3531.3,3576.0,3551.0,0.7,8326,29773776.0
2026-09-11,SWARNSAR,EQ,INE967A01012,SWARNSARITA JEWELS IND L,40.7,41.4,39.3,39.66,41.61,-4.69,60733,2408670.77
2026-09-11,SWELECTES,EQ,INE409B01013,SWELECT ENERGY SYS LTD,570.65,582.0,561.05,567.4,568.15,-0.13,15589,8845198.98
2026-09-11,SWIGGY,EQ,INE00H001014,SWIGGY LIMITED,276.05,281.45,275.3,278.2,279.0,-0.29,17233642,4794399414.77
2026-09-11,SWSOLAR,EQ,INE00M201021,STRLNG & WIL REN ENE LTD,182.0,182.11,178.51,180.22,182.65,-1.33,763085,137523179.63
2026-09-11,SYMBIOTEC,EQ,INE899I01028,SYMBIOTEC PHARMALAB LTD,1128.0,1148.0,1105.0,1133.45,1138.95,-0.48,1010520,1145373844.66
2026-09-11,SYMPHONY,EQ,INE225D01027,SYMPHONY LIMITED,604.85,605.0,591.0,592.65,606.95,-2.36,62790,37212495.03
2026-09-11,SYNCOMF,EQ,INE312C01025,SYNCOM FORMU (I) LTD,18.98,20.1,18.51,19.46,19.26,1.04,9148018,178020421.9
2026-09-11,SYNGENE,EQ,INE398R01022,SYNGENE INTERNATIONAL LTD,383.25,383.6,375.55,382.65,384.0,-0.35,373196,142803447.12
2026-09-11,SYRMA,EQ,INE0DYJ01015,SYRMA SGS TECHNOLOGY LTD,1598.9,1608.2,1556.1,1589.3,1598.8,-0.59,638884,1015378372.4
2026-09-11,TAALTECH,EQ,INE524T01011,TAAL TECH LTD.,5190.0,5550.0,5180.0,5375.5,5198.7,3.4,43191,232173220.5
2026-09-11,TAINWALCHM,EQ,INE123C01018,TAINWALA CHEMICAL AND PLA,212.0,212.0,207.01,207.79,210.02,-1.06,258,53609.82
2026-09-11,TAJGVK,EQ,INE586B01026,TAJ GVK HOTELS & RESORTS,341.9,342.0,333.2,334.8,342.6,-2.28,51864,17364066.57
2026-09-11,TAKE,EQ,INE142I01023,TAKE LIMITED,17.61,17.61,16.78,17.61,16.78,4.95,317126,5584589.05
2026-09-11,TALBROAUTO,EQ,INE187D01029,TALBROS AUTO. COMP. LTD,418.0,427.2,414.9,423.75,420.2,0.84,164443,69682721.25
2026-09-11,TANAA,EQ,INE692C01020,TANEJA AEROSPACE & AVIA L,246.55,269.85,238.0,266.95,251.5,6.14,50644,13519416.42
2026-09-11,TANLA,EQ,INE483C01032,TANLA PLATFORMS LIMITED,500.0,505.0,497.0,502.8,503.85,-0.21,289977,145800432.06
2026-09-11,TARACHAND,EQ,INE555Z01020,TARA CHAND INFRA SOLN LTD,47.6,47.6,46.57,46.86,47.24,-0.8,84039,3938067.59
2026-09-11,TARAPUR,EQ,INE747K01017,TARAPUR TRANSFORMERS LTD,12.74,13.0,12.5,12.97,12.74,1.81,21384,277350.49
2026-09-11,TARC,EQ,INE0EK901012,TARC LIMITED,128.56,132.59,126.4,131.39,128.56,2.2,472565,62090315.06
2026-09-11,TARIL,EQ,INE763I01026,TRANS & RECTI. LTD,288.5,290.45,285.15,288.5,289.95,-0.5,827433,238714420.5
2026-09-11,TARMAT,EQ,INE924H01018,TARMAT LIMITED,60.5,61.99,58.58,59.6,60.66,-1.75,30543,1820362.75
2026-09-11,TARSONS,EQ,INE144Z01023,TARSONS PRODUCTS LIMITED,317.65,317.65,304.0,311.2,317.65,-2.03,159992,49789512.35
2026-09-11,TASTYBITE,EQ,INE488B01017,TASTY BITE EATABLES LTD,10074.0,10339.0,10074.0,10273.0,10201.0,0.71,2921,30007433.0
2026-09-11,TATACAP,EQ,INE976I01016,TATA CAPITAL LIMITED,361.2,365.15,356.8,362.9,363.15,-0.07,495348,179761786.18
2026-09-11,TATACHEM,EQ,INE092A01019,TATA CHEMICALS LTD,608.25,616.25,600.0,612.45,610.55,0.31,642048,393222305.44
2026-09-11,TATACOMM,EQ,INE151A01013,TATA COMMUNICATIONS LTD,1756.2,1785.0,1747.8,1761.6,1764.4,-0.16,167102,294366879.12
2026-09-11,TATACONSUM,EQ,INE192A01025,TATA CONSUMER PRODUCT LTD,993.0,1000.0,988.0,991.0,999.6,-0.86,905959,897805369.0
2026-09-11,TATAELXSI,EQ,INE670A01012,TATA ELXSI LIMITED,3400.2,3411.0,3373.7,3383.0,3409.0,-0.76,112924,382021892.0
2026-09-11,TATAGOLD,EQ,INF277KA1976,TATAAML-TATAGOLD,14.61,14.79,14.58,14.7,14.83,-0.88,38276819,562669232.0
2026-09-11,TATAINVEST,EQ,INE672A01026,TATA INVESTMENT CORP LTD,646.0,654.5,641.7,650.9,645.15,0.89,577285,375754820.59
2026-09-11,TATAPOWER,EQ,INE245A01021,TATA POWER CO LTD,364.8,367.4,362.95,364.65,367.0,-0.64,2425732,884543158.99
2026-09-11,TATASTEEL,EQ,INE081A01020,TATA STEEL LIMITED,184.0,184.24,180.79,183.0,186.78,-2.02,31510206,5766367698.0
2026-09-11,TATATECH,EQ,INE142M01025,TATA TECHNOLOGIES LIMITED,774.0,777.0,758.1,762.15,779.05,-2.17,871685,664354744.03
2026-09-11,TATSILV,EQ,INF277KA1984,TATAAML-TATSILV,22.01,22.13,21.73,21.99,22.69,-3.09,73279808,1611422961.15
2026-09-11,TATVA,EQ,INE0GK401011,TATVA CHIN PHARM CHEM LTD,1659.2,1659.6,1597.0,1608.7,1659.2,-3.04,47765,76839553.17
2026-09-11,TBOTEK,EQ,INE673O01025,TBO TEK LIMITED,1671.0,1687.0,1632.2,1679.5,1671.6,0.47,128318,215510081.0
2026-09-11,TBZ,EQ,INE760L01018,TRIB BHIMJI ZAVERI LTD,485.2,526.3,476.2,526.3,501.25,5.0,2734893,1439374152.52
2026-09-11,TCC,EQ,INE887D01024,TCC CONCEPT LIMITED,54.0,57.31,54.0,55.32,53.62,3.17,13756114,760988222.28
2026-09-11,TCI,EQ,INE688A01022,TRANSPORT CORPN OF INDIA,856.9,865.5,843.2,858.85,856.9,0.23,21578,18532264.77
2026-09-11,TCIEXP,EQ,INE586V01016,TCI EXPRESS LIMITED,535.1,535.1,509.0,514.6,535.4,-3.88,32945,16953496.2
2026-09-11,TCIFINANCE,EQ,INE911B01018,TCI FINANCE LTD,14.95,15.49,14.9,15.01,15.11,-0.66,14232,213622.32
2026-09-11,TCPLPACK,EQ,INE822C01015,TCPL PACKAGING LIMITED,3803.2,3911.8,3801.0,3871.0,3856.1,0.39,5134,19873714.0
2026-09-11,TCS,EQ,INE467B01029,TATA CONSULTANCY SERV LT,2185.5,2232.6,2185.5,2200.8,2204.1,-0.15,2634124,5797180227.82
2026-09-11,TDPOWERSYS,EQ,INE419M01035,TD POWER SYSTEMS LTD.,760.0,812.8,743.05,804.9,762.75,5.53,4284956,3448961189.01
2026-09-11,TEAMGTY,EQ,INE289C01025,TEAM INDIA GUARANTY LTD,243.8,243.8,235.0,235.0,235.32,-0.14,1191,279885.0
2026-09-11,TEAMLEASE,EQ,INE985S01024,TEAMLEASE SERVICES LTD.,1252.0,1252.0,1232.3,1241.4,1253.9,-1.0,14460,17950644.35
2026-09-11,TECH,EQ,INF209KB11D8,BIRLASLAMC - TECH,31.7,32.5,31.5,31.78,31.7,0.25,27370,869818.62
2026-09-11,TECHM,EQ,INE669C01036,TECH MAHINDRA LIMITED,1519.3,1557.3,1518.6,1541.0,1525.8,1.0,2007328,3093292448.0
2026-09-11,TECHNOCRAF,EQ,INE1D0W01018,TECHNOCRAFT VENTURES LTD,459.15,459.8,425.5,442.3,439.4,0.66,2759682,1220607314.91
2026-09-11,TECHNOE,EQ,INE285K01026,TECHNO ELEC & ENG CO. LTD,972.0,985.95,963.55,972.15,977.85,-0.58,127552,123999679.91
2026-09-11,TECHNVISN,EQ,INE314H01012,TECHNVISION VENTURES LTD.,4800.0,4800.5,4766.0,4788.0,4808.0,-0.42,145,694260.0
2026-09-11,TECILCHEM,EQ,INE014B01011,TECIL CHEMICALS,9.77,9.77,9.2,9.6,9.43,1.8,9564,91814.4
2026-09-11,TEGA,EQ,INE011K01018,TEGA INDUSTRIES LIMITED,1721.0,1742.0,1677.0,1729.1,1721.6,0.44,278676,481858664.8
2026-09-11,TEJASNET,EQ,INE010J01012,TEJAS NETWORKS LIMITED,546.0,560.4,539.4,552.65,549.8,0.52,2465801,1362724982.85
2026-09-11,TEMBO,EQ,INE869Y01028,TEMBO GLOBAL IND LTD,56.9,57.0,56.0,56.08,57.12,-1.82,1259812,70650259.27
2026-09-11,TEMPSENS,EQ,INE1KZI01025,TEMPSENS INST (INDIA) LTD,578.9,594.15,561.2,584.8,581.3,0.6,2352665,1375838463.28
2026-09-11,TENNIND,EQ,INE19RI01016,TENNECO CLEAN AIR INDIA L,518.55,518.55,504.8,506.35,519.25,-2.48,515274,260908993.04
2026-09-11,TERASOFT,EQ,INE482B01010,TERA SOFTWARE LIMITED,252.85,256.25,245.0,248.8,253.55,-1.87,39096,9727084.92
2026-09-11,TEXINFRA,EQ,INE435C01024,TEXMACO INFRA & HOLDG LTD,114.25,117.0,112.1,115.52,114.21,1.15,140099,16184236.01
2026-09-11,TEXMOPIPES,EQ,INE141K01013,TEXMO PIPE & PRODUCTS LTD,56.25,62.99,55.5,60.08,56.44,6.45,1133568,68104767.52
2026-09-11,TEXRAIL,EQ,INE621L01012,TEXMACO RAIL & ENG. LTD.,117.44,118.8,113.65,117.81,117.77,0.03,2468362,290797721.19
2026-09-11,TFCILTD,EQ,INE305A01023,TOURISM FINANCE CORP. OF,142.0,144.21,140.05,141.49,143.17,-1.17,6496168,919142846.0
2026-09-11,TFL,EQ,INE804H01012,TRANSWARRANTY FIN. LTD.,12.05,12.46,11.64,11.8,12.11,-2.56,10799,127428.2
2026-09-11,TGBHOTELS,EQ,INE797H01018,TGB BANQUETS&HOTELS LTD,9.86,9.9,9.31,9.7,9.86,-1.62,42580,413025.99
2026-09-11,TGVSL,EQ,INE284B01028,T G V SRAAC LTD.,107.45,107.45,105.12,105.91,107.45,-1.43,70249,7440071.85
2026-09-11,THACKER,EQ,INE077P01034,THACKER & CO. LTD.,1045.0,1045.0,1000.0,1038.0,1045.0,-0.67,9,9342.0
2026-09-11,THAKDEV,EQ,INE403F01017,THAKKERS DEVELOPERS LTD.,130.65,139.8,125.35,128.15,138.99,-7.8,660,84579.0
2026-09-11,THANGAMAYL,EQ,INE085J01014,THANGAMAYIL JEWELLERY LTD,5063.0,5158.0,5038.5,5126.0,5081.5,0.88,79789,408998414.0
2026-09-11,THEINVEST,EQ,INE924D01017,THE INVEST TRUST OF IND L,99.0,99.0,94.66,96.8,97.34,-0.55,5797,561149.62
2026-09-11,THEJO,EQ,INE121N01019,THEJO ENGINEERING LIMITED,2197.4,2231.9,2158.0,2192.6,2197.4,-0.22,19444,42632916.3
2026-09-11,THELEELA,EQ,INE0AQ201015,LEELA PALACES HOTEL LTD,553.8,553.95,533.35,542.3,554.15,-2.14,361329,195948712.29
2026-09-11,THEMISMED,EQ,INE083B01024,THEMIS MEDICARE LTD.,132.02,132.02,126.16,128.25,132.07,-2.89,110605,14185091.25
2026-09-11,THERMAX,EQ,INE152A01029,THERMAX LTD,3611.0,3702.1,3589.5,3682.0,3645.4,1.0,84569,311383058.0
2026-09-11,THOMASCOOK,EQ,INE332A01027,THOMAS COOK (INDIA) LTD,107.5,109.25,106.12,108.63,108.35,0.26,462603,50252562.62
2026-09-11,THOMASCOTT,EQ,INE480M01011,THOMAS SCOTT (INDIA) LTD,241.0,244.2,232.35,237.55,243.9,-2.6,93348,22174817.68
2026-09-11,THYROCARE,EQ,INE594H01019,THYROCARE TECH LTD,552.0,555.95,545.0,549.7,557.7,-1.43,394901,217077084.52
2026-09-11,TI,EQ,INE133E01013,TILAKNAGAR INDUSTRIES LTD,525.0,529.45,520.05,521.6,535.75,-2.64,316424,165046750.67
2026-09-11,TIGERLOGS,EQ,INE906O01029,TIGER LOGISTICS (INDIA) L,27.11,28.42,26.95,27.16,27.73,-2.06,76584,2080021.43
2026-09-11,TIIL,EQ,INE545H01011,TECHNOCRAFT IND LTD,3135.0,3300.0,3107.9,3250.2,3157.1,2.95,40351,131148818.23
2026-09-11,TIINDIA,EQ,INE974X01010,TUBE INVEST OF INDIA LTD,2637.0,2637.1,2580.1,2606.1,2652.0,-1.73,135215,352383824.7
2026-09-11,TIMETECHNO,EQ,INE508G01029,TIME TECHNOPLAST LTD.,183.89,183.89,179.42,180.8,184.87,-2.2,1260819,227956079.05
2026-09-11,TIMEX,EQ,INE064A01026,TIMEX GROUP INDIA LTD.,625.0,636.0,611.5,631.7,627.1,0.73,226422,143030780.16
2026-09-11,TIMKEN,EQ,INE325A01013,TIMKEN INDIA LTD.,3297.2,3319.8,3210.1,3302.4,3297.2,0.16,43706,144334690.13
2026-09-11,TINNARUBR,EQ,INE015C01016,TINNA RUBBER AND INFR LTD,1025.0,1043.2,1004.1,1034.05,1028.6,0.53,33404,34541407.83
2026-09-11,TIPSFILMS,EQ,INE0LQS01015,TIPS FILMS LIMITED,322.1,329.4,322.1,327.5,327.4,0.03,501,164077.5
2026-09-11,TIPSMUSIC,EQ,INE716B01029,TIPS MUSIC LIMITED,657.1,668.45,650.05,661.55,658.4,0.48,252477,167026156.27
2026-09-11,TIRUMALCHM,EQ,INE338A01024,THIRUMALAI CHEMICALS LTD,157.52,157.7,153.55,155.98,157.52,-0.98,432083,67396304.49
2026-09-11,TITAGARH,EQ,INE615H01020,TITAGARH RAIL SYSTEMS LTD,852.0,853.1,833.2,842.15,859.2,-1.98,463818,390604340.02
2026-09-11,TITAN,EQ,INE280A01028,TITAN COMPANY LIMITED,4964.0,5015.0,4943.0,5009.5,5021.0,-0.23,403235,2020005732.5
2026-09-11,TMB,EQ,INE668A01016,TAMILNAD MERCA BANK LTD,918.0,920.0,904.0,910.9,923.65,-1.38,89596,81612998.59
2026-09-11,TMCV,EQ,INE1TAE01010,TATA MOTORS LIMITED,436.0,436.95,425.35,434.55,439.25,-1.07,7109495,3089430965.46
2026-09-11,TMPV,EQ,INE155A01022,TATA MOTORS PASS VEH LTD,299.75,304.4,296.5,301.1,300.5,0.2,7683193,2313409459.19
2026-09-11,TNIDETF,EQ,INF277KA1364,TATAAML - TNIDETF,88.88,89.74,87.43,88.36,88.6,-0.27,32712,2890432.34
2026-09-11,TNPETRO,EQ,INE148A01019,TAMILNADU PETROPRODUCTS L,133.0,146.0,126.41,128.9,133.14,-3.18,5650401,728336654.41
2026-09-11,TNPL,EQ,INE107A01015,TAMILNADU NEWSPRT & PAPER,152.52,155.26,151.1,153.27,154.03,-0.49,185071,28365832.96
2026-09-11,TNTELE,EQ,INE141D01018,TAMILNADU TELECOMMUNICATI,9.0,9.34,8.8,8.94,8.94,0.0,21111,188732.33
2026-09-11,TOKYOPLAST,EQ,INE932C01012,TOKYO PLAST INTL LTD,80.29,80.29,75.26,78.94,76.81,2.77,1713,135224.22
2026-09-11,TOLINS,EQ,INE0RWQ01014,TOLINS TYRES LIMITED,90.86,92.68,88.63,89.4,90.96,-1.72,44120,3944328.07
2026-09-11,TOP100CASE,EQ,INF0R8F01067,ZERODHAAMC - TOP100CASE,10.31,10.35,10.2,10.33,10.31,0.19,660684,6824865.67
2026-09-11,TOP10ADD,EQ,INF740KA1UR9,DSPAMC - TOP10ADD,84.81,86.0,84.59,85.56,84.89,0.79,218951,18733447.03
2026-09-11,TOP15IETF,EQ,INF109K1A344,ICICIPRAMC - TOP15IETF,9.51,9.62,9.48,9.56,9.56,0.0,103972,993972.36
2026-09-11,TOP20,EQ,INF769K01PZ5,MIRAEAMC - TOP20,8.65,8.67,8.59,8.65,8.65,0.0,62958,544586.68
2026-09-11,TORNTPHARM,EQ,INE685A01028,TORRENT PHARMACEUTICALS L,4929.0,4988.0,4894.0,4965.5,4930.0,0.72,263114,1306492567.0
2026-09-11,TORNTPOWER,EQ,INE813H01021,TORRENT POWER LTD,1281.7,1300.4,1278.3,1297.6,1296.3,0.1,194814,252790641.64
2026-09-11,TOUCHWOOD,EQ,INE486Y01013,TOUCHWOOD ENTERTAIN LTD.,61.16,61.16,61.16,61.16,61.16,0.0,0,0.0
2026-09-11,TOYAMSL,EQ,INE457P01020,TOYAM SPORTS LTD.,0.64,0.66,0.63,0.66,0.63,4.76,1597779,1054534.18
2026-09-11,TPLPLASTEH,EQ,INE413G01022,TPL PLASTECH LIMITED,68.5,69.1,67.13,68.48,68.2,0.41,124603,8532813.86
2026-09-11,TRACXN,EQ,INE0HMF01019,TRACXN TECHNOLOGIES LTD,28.59,32.39,28.43,31.9,28.61,11.5,1039887,33172394.9
2026-09-11,TRANSCOR,EQ,INE330E01023,TRANSCORP INTERNATIONAL L,25.05,25.48,24.0,25.39,25.05,1.36,5538,140609.82
2026-09-11,TRANSRAILL,EQ,INE454P01035,TRANSRAIL LIGHTING LTD,417.0,418.95,407.0,410.35,419.2,-2.11,547873,224819688.89
2026-09-11,TRAVELFOOD,EQ,INE103V01028,TRAVEL FOOD SERVICES LTD,1285.0,1285.0,1247.5,1253.6,1285.9,-2.51,25521,31993124.98
2026-09-11,TREEHOUSE,EQ,INE040M01013,TREE HOUSE EDU LTD,6.28,6.3,5.9,6.14,5.95,3.19,11939,73305.46
2026-09-11,TREJHARA,EQ,INE00CA01015,TREJHARA SOLUTIONS LTD,145.36,145.36,142.5,143.02,145.33,-1.59,13989,2000706.84
2026-09-11,TREL,EQ,INE0O3901029,TRANSINDIA REAL ESTATE L,26.7,27.39,26.0,26.97,26.94,0.11,157483,4247316.4
2026-09-11,TRENT,EQ,INE849A01020,TRENT LTD,2789.0,2816.0,2757.5,2802.4,2818.7,-0.58,677898,1899741289.0
2026-09-11,TRF,EQ,INE391D01019,TRF LIMITED,221.0,223.0,218.6,222.05,220.8,0.57,12406,2754752.34
2026-09-11,TRIDENT,EQ,INE064C01022,TRIDENT LIMITED,23.59,23.6,23.23,23.39,23.59,-0.85,2078247,48610196.06
2026-09-11,TRIGYN,EQ,INE948A01012,TRIGYN TECHNOLOGIES LTD,56.5,57.85,55.35,56.1,57.03,-1.63,40050,2246804.94
2026-09-11,TRITONV,EQ,INE440G01017,TRITON VALVES LTD.,1133.4,1144.6,1059.3,1092.1,1133.3,-3.64,4924,5377500.28
2026-09-11,TRITURBINE,EQ,INE152M01016,TRIVENI TURBINE LIMITED,560.85,572.8,552.5,569.65,560.85,1.57,613864,349687642.59
2026-09-11,TRIVENI,EQ,INE256C01024,TRIVENI ENGG. & INDS. LTD,263.95,264.0,254.0,255.4,263.95,-3.24,744952,190260736.25
2026-09-11,TRU,EQ,INE615R01029,TRUCAP FINANCE LIMITED,4.32,4.32,4.03,4.28,4.28,0.0,36038,154242.65
2026-09-11,TRUALT,EQ,INE0MWH01014,TRUALT BIOENERGY LIMITED,416.1,423.95,413.55,416.35,419.65,-0.79,99815,41557975.86
2026-09-11,TSFINV,EQ,INE202Z01029,TSF INVESTMENTS LIMITED,436.0,439.95,425.1,437.25,441.15,-0.88,91968,40213008.0
2026-09-11,TTKHLTCARE,EQ,INE910C01018,TTK HEALTHCARE LIMITED,1139.0,1146.5,1112.1,1115.4,1134.4,-1.67,34353,38317337.04
2026-09-11,TTKPRESTIG,EQ,INE690A01028,TTK PRESTIGE LTD,540.2,540.2,527.45,537.3,540.2,-0.54,39518,21233020.92
2026-09-11,TTL,EQ,INE592B01024,T T LIMITED,6.8,6.8,6.32,6.66,6.73,-1.04,488208,3251465.21
2026-09-11,TTML,EQ,INE517B01013,TATA TELESERV(MAHARASTRA),35.81,35.81,35.31,35.6,35.91,-0.86,1102640,39253982.32
2026-09-11,TURTLEMINT,EQ,INE0OC301013,TURTLEMINT FINTECH SOLS L,131.99,136.87,129.84,136.12,131.84,3.25,589477,80239606.36
2026-09-11,TUTIALKA,EQ,INE400A01014,TUTICORIN ALKAL CH & FE L,58.45,59.89,57.79,59.19,58.48,1.21,4605,272569.94
2026-09-11,TVSELECT,EQ,INE236G01019,TVS ELECTRONICS LTD,410.5,418.0,402.05,413.85,410.45,0.83,26088,10796518.96
2026-09-11,TVSHLTD,EQ,INE105A01035,TVS HOLDINGS LIMITED,13239.0,13239.0,12876.0,13024.0,13134.0,-0.84,2094,27272256.0
2026-09-11,TVSMOTOR,EQ,INE494B01023,TVS MOTOR COMPANY  LTD,4081.0,4151.9,4062.8,4125.0,4121.5,0.08,454748,1875835500.0
2026-09-11,TVSSCS,EQ,INE395N01027,TVS SUPPLY CHAIN SOL L,130.01,135.25,127.0,130.49,128.73,1.37,2918654,380855176.49
2026-09-11,TVSSRICHAK,EQ,INE421C01016,TVS SRICHAKRA LIMITED,5220.0,5250.5,4940.5,5146.0,5222.5,-1.46,9142,47044732.0
2026-09-11,TVTODAY,EQ,INE038F01029,TV TODAY NETWORK LTD,109.7,109.98,108.0,109.3,109.7,-0.36,18765,2051014.56
2026-09-11,TWCGOLDETF,EQ,INF2F0001370,WEALTH - TWCGOLDETF,151.8,152.92,147.0,150.58,152.05,-0.97,10595,1595395.12
2026-09-11,UBL,EQ,INE686F01025,UNITED BREWERIES LTD,1254.5,1263.5,1240.2,1256.1,1256.7,-0.05,407531,511899679.15
2026-09-11,UCOBANK,EQ,INE691A01018,UCO BANK,23.7,24.17,23.59,24.12,23.93,0.79,5092337,122827172.71
2026-09-11,UDAYJEW,EQ,INE551B01012,UDAY JEWELLERY INDS. LTD.,178.0,178.0,169.9,172.04,175.12,-1.76,19771,3401402.71
2026-09-11,UDS,EQ,INE851I01011,UPDATER SERVICES LIMITED,211.0,211.88,206.06,207.5,214.07,-3.07,83336,17292220.0
2026-09-11,UEL,EQ,INE899L01030,UJAAS ENERGY LIMITED,188.01,206.64,186.96,206.64,196.8,5.0,41410,8556962.37
2026-09-11,UFLEX,EQ,INE516A01017,UFLEX LIMITED,666.5,674.95,650.0,653.45,672.6,-2.85,184116,120310602.45
2026-09-11,UFO,EQ,INE527H01019,UFO MOVIEZ INDIA LTD.,63.31,63.65,62.11,62.63,63.08,-0.71,7797,488326.12
2026-09-11,UGARSUGAR,EQ,INE071E01023,THE UGAR SUGAR WORKS LTD,49.99,58.99,48.49,54.3,49.92,8.77,11275075,612236563.9
2026-09-11,UGROCAP,EQ,INE583D01011,UGRO CAPITAL LIMITED,83.0,84.54,81.5,83.66,83.17,0.59,244074,20419231.73
2026-09-11,UJJIVANSFB,EQ,INE551W01018,UJJIVAN SMALL FINANC BANK,65.9,66.08,64.7,65.54,66.52,-1.47,9596521,628955995.13
2026-09-11,ULTRACEMCO,EQ,INE481G01011,ULTRATECH CEMENT LIMITED,10859.0,11060.0,10790.0,11000.0,10979.0,0.19,223277,2456047000.0
2026-09-11,ULTRAMAR,EQ,INE405A01021,ULTRAMARINE & PIGMENTS L,430.5,432.2,422.85,428.55,433.35,-1.11,21619,9264822.19
2026-09-11,UMESLTD,EQ,INE240C01028,USHA MARTIN EDU & SOL LTD,4.99,5.02,4.7,4.97,5.01,-0.8,28419,141242.42
2026-09-11,UMIYA-MRO,EQ,INE398B01018,UMIYA BUILDCON LIMITED,94.0,97.45,93.44,96.23,94.84,1.47,7897,759928.34
2026-09-11,UNICHEMLAB,EQ,INE351A01035,UNICHEM LABORATORIES LTD,528.7,544.2,522.05,539.7,532.7,1.31,59557,32142913.63
2026-09-11,UNIDT,EQ,INE961D01019,UNITED DRILLING TOOLS LTD,232.0,233.0,225.85,230.95,230.47,0.21,15876,3666562.15
2026-09-11,UNIECOM,EQ,INE00U401027,UNICOMMERCE ESOLUTIONS L,84.77,84.8,82.69,83.33,84.77,-1.7,208793,17398721.07
2026-09-11,UNIENTER,EQ,INE037A01022,UNIPHOS ENTERPRISES LTD,92.0,92.98,91.01,91.32,91.55,-0.25,1757,160449.24
2026-09-11,UNIINFO,EQ,INE481Z01011,UNIINFO TELECOM SERVI LTD,10.91,11.13,10.71,10.94,11.27,-2.93,5048,55225.12
2026-09-11,UNIMECH,EQ,INE0U3I01011,UNIMECH AEROSPACE N MFG L,1560.9,1614.9,1531.0,1610.0,1568.1,2.67,296742,477754620.0
2026-09-11,UNIONBANK,EQ,INE692A01016,UNION BANK OF INDIA,177.1,179.65,175.53,178.1,179.2,-0.61,7422504,1321948007.7
2026-09-11,UNIONGOLD,EQ,INF582M01KS4,UNIONAMC - UNIONGOLD,149.0,149.0,146.8,148.3,149.35,-0.7,3579,530765.71
2026-09-11,UNIPARTS,EQ,INE244O01017,UNIPARTS INDIA LIMITED,888.0,905.0,859.95,897.45,893.85,0.4,168282,151024682.95
2026-09-11,UNITDSPR,EQ,INE854D01024,UNITED SPIRITS LIMITED,1395.1,1407.2,1384.3,1395.0,1400.0,-0.36,552853,771229935.0
2026-09-11,UNITECH,EQ,INE694A01020,UNITECH LTD,4.22,4.22,4.06,4.17,4.22,-1.18,3308451,13796240.92
2026-09-11,UNITEDPOLY,EQ,INE368U01029,UNITED POLYFAB GUJ. LTD.,44.0,44.0,41.0,43.28,43.07,0.49,144169,6239634.14
2026-09-11,UNITEDTEA,EQ,INE458F01011,UNITED NILGIRI TEA LTD,434.9,439.6,421.7,432.95,435.8,-0.65,1928,834727.62
2026-09-11,UNIVCABLES,EQ,INE279A01012,UNIVERSAL CABLES LTD,1540.0,1540.1,1485.0,1492.5,1556.9,-4.14,129409,193142932.5
2026-09-11,UNOMINDA,EQ,INE405E01023,UNO MINDA LIMITED,1217.0,1217.6,1199.5,1201.6,1224.8,-1.89,374682,450217882.05
2026-09-11,UPHOT,EQ,INE726E01014,U P HOTELS LTD.,1424.0,1499.4,1424.0,1499.0,1428.0,4.97,64,95936.0
2026-09-11,UPL,EQ,INE628A01036,UPL LIMITED,571.8,577.65,567.55,572.95,575.3,-0.41,1449635,830568390.95
2026-09-11,URBANCO,EQ,INE0CAZ01013,URBAN COMPANY LIMITED,162.97,167.8,161.1,166.89,164.56,1.42,4314864,720107650.33
2026-09-11,URJA,EQ,INE550C01020,URJA GLOBAL LIMITED,9.0,9.05,8.8,9.02,9.0,0.22,452061,4077590.43
2026-09-11,USHAMART,EQ,INE228A01035,USHA MARTIN LTD.,493.0,501.5,487.05,494.5,495.75,-0.25,1607761,795037814.5
2026-09-11,USK,EQ,INE0N0Y01013,UDAYSHIVAKUMAR INFRA LTD,20.74,21.1,20.51,20.64,20.56,0.39,10354,213706.55
2026-09-11,UTIAMC,EQ,INE094J01016,UTI ASSET MNGMT CO LTD,909.65,920.0,899.35,910.0,921.45,-1.24,113860,103612600.0
2026-09-11,UTKARSHBNK,EQ,INE735W01017,UTKARSH SMALL FIN BANK L,14.76,14.76,14.29,14.52,14.8,-1.89,14252337,206943939.76
2026-09-11,UTLSOLAR,EQ,INE12UR01024,FUJIYAMA POWER SYSTEMS L,439.0,450.15,434.8,447.8,441.25,1.48,169862,76064201.53
2026-09-11,UTTAMSUGAR,EQ,INE786F01031,UTTAM SUGAR MILLS LTD.,279.2,287.0,275.8,279.85,282.4,-0.9,205674,57557870.16
2026-09-11,V2RETAIL,EQ,INE945H01021,V2 RETAIL LIMITED,217.5,219.03,212.57,218.0,218.13,-0.06,879127,191649686.0
2026-09-11,VADILALIND,EQ,INE694D01016,VADILAL INDUSTRIES LTD,7125.0,7217.0,6887.5,6960.5,7256.5,-4.08,52588,366038774.0
2026-09-11,VADILENT,EQ,INE693D01018,VADILAL ENTERPRISES LTD.,10401.0,10501.0,10400.0,10400.0,10400.0,0.0,31,322400.0
2026-09-11,VAIBHAVGBL,EQ,INE884A01027,VAIBHAV GLOBAL LIMITED,215.96,216.1,210.0,212.58,215.96,-1.57,187970,39958662.94
2026-09-11,VAISHALI,EQ,INE972X01022,VAISHALI PHARMA LIMITED,8.22,9.42,8.22,8.77,8.57,2.33,392962,3446276.92
2026-09-11,VAKRANGEE,EQ,INE051B01021,VAKRANGEE LIMITED,5.4,5.49,5.3,5.37,5.47,-1.83,1038339,5575880.31
2026-09-11,VAL30IETF,EQ,INF109KC16X5,ICICIPRAMC - VAL30IETF,15.01,15.1,14.86,15.02,15.06,-0.27,223102,3350992.14
2026-09-11,VALUE,EQ,INF769K01QV2,MIRAEAMC - VALUE,16.03,16.03,15.82,15.92,16.04,-0.75,41013,652926.96
2026-09-11,VALUEAXIS,EQ,INF846KA1119,AXISAMC-VALUEAXIS,33.03,33.03,32.26,32.47,32.54,-0.22,66956,2174061.4
2026-09-11,VAML,EQ,INE1CDF01017,VEDANTA ALUMINIUM METAL L,431.25,432.0,416.25,421.75,437.05,-3.5,11587958,4887221286.5
2026-09-11,VARDMNPOLY,EQ,INE835A01029,VARDHMAN POLYTEX LTD.,6.0,6.0,5.88,5.94,5.94,0.0,66395,394386.3
2026-09-11,VARROC,EQ,INE665L01035,VARROC ENGINEERING LTD.,877.4,889.85,866.0,872.0,884.4,-1.4,482620,420844640.0
2026-09-11,VASCONEQ,EQ,INE893I01013,VASCON ENGINEERS LTD,30.15,30.34,29.62,30.08,30.15,-0.23,205831,6191396.46
2026-09-11,VASWANI,EQ,INE590L01019,VASWANI IND LTD,46.01,47.99,45.67,45.88,46.41,-1.14,13498,619288.25
2026-09-11,VBL,EQ,INE200M01039,VARUN BEVERAGES LIMITED,406.8,417.15,403.0,416.5,410.5,1.46,9719304,4048090116.0
2026-09-11,VEDAVAAG,EQ,INE359B01010,VEDAVAAG SYSTEMS LTD.,22.65,25.69,22.51,23.38,22.21,5.27,930326,21751021.1
2026-09-11,VEDL,EQ,INE205A01025,VEDANTA LIMITED,264.0,264.85,256.5,263.7,269.05,-1.99,11843976,3123256615.78
2026-09-11,VEDPOWER,EQ,INE694L01019,VEDANTA POWER LIMITED,33.8,33.94,33.34,33.62,33.96,-1.0,5964281,200519120.85
2026-09-11,VEEDOL,EQ,INE484C01030,VEEDOL CORPORATION LTD,1437.7,1437.7,1422.0,1428.5,1437.7,-0.64,8081,11543708.5
2026-09-11,VENKEYS,EQ,INE398A01010,VENKY S (INDIA) LIMITED,1690.0,1795.0,1676.2,1787.2,1706.7,4.72,254979,455698456.35
2026-09-11,VENTIVE,EQ,INE781S01027,VENTIVE HOSPITALITY LTD,569.7,577.95,560.05,574.7,569.8,0.86,34114,19605316.22
2026-09-11,VENUSPIPES,EQ,INE0JA001018,VENUS PIPES & TUBES LTD,1948.0,2044.4,1909.4,2020.1,1949.1,3.64,301736,609536886.23
2026-09-11,VERANDA,EQ,INE0IQ001011,VERANDA LEARNING SOL LTD,230.1,232.86,223.66,225.24,230.51,-2.29,334713,75390757.96
2026-09-11,VERTOZ,EQ,INE188Y01031,VERTOZ LIMITED,39.43,39.43,38.0,38.38,39.42,-2.64,43289,1661431.87
2026-09-11,VESUVIUS,EQ,INE386A01023,VESUVIUS INDIA LTD,412.3,415.65,408.55,413.05,416.1,-0.73,31667,13080053.96
2026-09-11,VGCL,EQ,INE761Q01015,VIBRANT GLOBAL CAPITAL L,51.77,51.77,49.0,50.0,49.42,1.17,548,27400.0
2026-09-11,VGL,EQ,INE273D01027,VARVEE GLOBAL LIMITED,57.96,69.33,54.62,66.82,57.78,15.65,2056842,137438181.81
2026-09-11,VGUARD,EQ,INE951I01027,V-GUARD IND LTD.,326.4,327.0,318.05,323.7,328.75,-1.54,303031,98091138.4
2026-09-11,VHL,EQ,INE701A01023,VARDHMAN HOLDINGS LIMITED,3407.0,3483.4,3407.0,3447.9,3443.0,0.14,337,1161942.27
2026-09-11,VIDHIING,EQ,INE632C01026,VIDHI SPCLTY F INGRDNTS L,333.9,337.9,328.85,334.45,338.9,-1.31,17238,5765249.31
2026-09-11,VIDYAWIRES,EQ,INE14UN01029,VIDYA WIRES LIMITED,88.8,89.59,87.4,88.25,90.21,-2.17,606031,53482235.75
2026-09-11,VIJAYA,EQ,INE043W01024,VIJAYA DIAGNOSTIC CEN LTD,1495.0,1517.4,1466.1,1502.0,1498.8,0.21,98574,148058148.0
2026-09-11,VIJSOLX,EQ,INE362D01010,VIJAY SOLVEX LTD.,649.8,649.8,610.0,633.7,625.9,1.25,503,318751.11
2026-09-11,VIKASECO,EQ,INE806A01020,VIKAS ECOTECH LIMITED,1.06,1.06,1.04,1.05,1.05,0.0,1426919,1498264.88
2026-09-11,VIKASLIFE,EQ,INE161L01027,VIKAS LIFECARE LIMITED,1.23,1.24,1.22,1.22,1.23,-0.81,1661197,2026660.39
2026-09-11,VIKRAMSOLR,EQ,INE078V01014,VIKRAM SOLAR LIMITED,165.52,167.84,165.15,166.86,165.61,0.75,1840186,307053437.08
2026-09-11,VIKRAN,EQ,INE01R501028,VIKRAN ENGINEERING LTD,57.37,57.5,56.3,57.08,57.64,-0.97,856569,48892960.09
2026-09-11,VIMTALABS,EQ,INE579C01029,VIMTA LABS LIMITED,635.8,635.8,623.25,629.6,634.95,-0.84,75010,47226294.17
2026-09-11,VINATIORGA,EQ,INE410B01037,VINATI ORGANICS LTD,1313.0,1315.0,1289.5,1294.3,1312.4,-1.38,64208,83104417.54
2026-09-11,VINCOFE,EQ,INE498Q01014,VINTAGE COFFEE N BVRGS L,178.0,180.61,173.05,174.35,176.93,-1.46,1851750,322852623.8
2026-09-11,VINDHYATEL,EQ,INE707A01012,VINDHYA TELELINKS LTD,2795.0,2865.5,2760.6,2813.5,2818.3,-0.17,64033,180156845.5
2026-09-11,VINEETLAB,EQ,INE505Y01010,VINEET LABORATORIES LTD,37.09,37.57,35.01,37.02,35.79,3.44,71650,2652483.03
2026-09-11,VINNY,EQ,INE01KI01027,VINNY OVERSEAS LIMITED,1.0,1.01,0.95,0.97,1.0,-3.0,331980,322020.61
2026-09-11,VINYLINDIA,EQ,INE250B01029,VINYL CHEMICALS (I) LTD.,221.63,224.0,219.02,219.93,221.63,-0.77,4847,1066000.67
2026-09-11,VIPCLOTHNG,EQ,INE450G01024,VIP CLOTHING LIMITED,21.26,21.88,20.05,21.38,21.26,0.56,69320,1482061.54
2026-09-11,VIPIND,EQ,INE054A01027,VIP INDUSTRIES LTD,301.55,301.95,296.15,300.1,301.55,-0.48,215768,64751978.12
2026-09-11,VIRAT,EQ,INE467D01017,VIRAT INDUSTRIES LTD.,448.7,454.75,448.7,450.05,450.35,-0.07,6401,2880769.97
2026-09-11,VIRINCHI,EQ,INE539B01017,VIRINCHI LIMITED,13.93,14.34,13.93,14.25,14.16,0.64,30033,427970.25
2026-09-11,VISACHROME,EQ,INE286H01012,VISA CHROME LIMITED,36.39,36.39,34.8,35.03,34.9,0.37,12397,434266.89
2026-09-11,VISAKAIND,EQ,INE392A01021,VISAKA INDUSTRIES LIMITED,91.15,91.37,89.31,90.45,91.91,-1.59,142149,12857376.62
2026-09-11,VISHAL,EQ,INE755Q01025,VISHAL FABRICS LTD.,17.85,18.8,17.85,18.36,18.17,1.05,76965,1413077.45
2026-09-11,VISHNU,EQ,INE270I01022,VISHNU CHEMICALS LIMITED,724.45,724.45,708.2,713.95,723.8,-1.36,101468,72443079.84
2026-09-11,VISHWARAJ,EQ,INE430N01022,VISHWARAJ SUGAR IND LTD,5.52,5.59,5.33,5.38,5.62,-4.27,934016,5025006.19
2026-09-11,VISL,EQ,INE1CLE01013,VEDANTA IRON AND STEEL L,33.35,33.6,32.39,33.34,33.37,-0.09,13476504,449306645.42
2026-09-11,VITAL,EQ,INE0L4K01016,VITAL CHEMTECH LIMITED,55.99,55.99,54.06,55.65,55.96,-0.55,2687,149531.55
2026-09-11,VIVIANA,EQ,INE0MEG01014,VIVIANA POWER TECH LTD,750.0,774.75,748.0,752.15,769.15,-2.21,12940,9732821.32
2026-09-11,VIVIDHA,EQ,INE370E01029,VISAGAR POLYTEX LTD,0.52,0.54,0.51,0.51,0.51,0.0,204897,104497.47
2026-09-11,VIVOBIOT,EQ,INE380K01017,VIVO BIO TECH LTD.,17.0,17.37,16.5,17.13,16.99,0.82,33194,568613.19
2026-09-11,VIYASH,EQ,INE807F01027,VIYASH SCIENTIFIC LIMITED,259.3,259.35,253.5,257.6,260.45,-1.09,1859725,479065171.35
2026-09-11,VLEGOV,EQ,INE03HW01020,VL E GOV AND IT SOL LTD,10.01,10.3,9.4,10.24,9.87,3.75,148242,1517998.05
2026-09-11,VLSFINANCE,EQ,INE709A01018,VLS FINANCE LTD,242.05,246.38,241.0,244.0,244.68,-0.28,12116,2956304.0
2026-09-11,VMART,EQ,INE665J01013,VMART RETAIL LTD,814.0,820.8,803.85,808.95,817.8,-1.08,67763,54816879.68
2026-09-11,VMM,EQ,INE01EA01019,VISHAL MEGA MART LIMITED,102.6,102.65,101.06,101.71,103.4,-1.63,7712844,784473356.18
2026-09-11,VMSTMT,EQ,INE0SJA01013,VMS TMT LIMITED,44.05,44.5,43.75,44.12,44.09,0.07,10687,471510.43
2026-09-11,VOEPL,EQ,INE0I0T01010,VIRTUOSO OPTOELECTRONIC L,531.8,531.8,503.8,515.35,531.85,-3.1,132543,68306031.81
2026-09-11,VOGL,EQ,INE704J01044,VEDANTA OIL AND GAS LTD,36.5,37.44,35.85,36.71,36.37,0.93,38669198,1419546223.18
2026-09-11,VOITHPAPR,EQ,INE285C01015,VOITH PAPER FABRICS IND L,1440.0,1470.0,1440.0,1459.6,1484.7,-1.69,347,506481.19
2026-09-11,VOLTAMP,EQ,INE540H01012,VOLTAMP TRANSFORMERS LTD,10800.0,11255.0,10672.0,11217.0,10924.0,2.68,22505,252438585.0
2026-09-11,VOLTAS,EQ,INE226A01021,VOLTAS LTD,1149.0,1169.0,1138.0,1165.0,1158.5,0.56,762254,888025910.0
2026-09-11,VPRPL,EQ,INE0AE001013,VISHNU PRAKASH R PUNGLI L,36.4,37.0,35.8,36.17,37.12,-2.56,413477,14955462.33
2026-09-11,VRAJ,EQ,INE0S2V01010,VRAJ IRON AND STEEL LTD,125.3,126.5,124.0,125.5,126.31,-0.64,31941,4008595.5
2026-09-11,VRLLOG,EQ,INE366I01010,VRL LOGISTICS LIMITED,286.0,291.45,286.0,288.3,288.8,-0.17,101854,29364506.96
2026-09-11,VSSL,EQ,INE050M01012,VARDHMAN SPC STEEL LTD,389.1,405.0,381.25,397.45,392.0,1.39,621233,246909063.43
2026-09-11,VSTIND,EQ,INE710A01016,VST INDUSTRIES LTD,206.0,206.45,203.0,203.93,206.46,-1.23,169400,34545740.76
2026-09-11,VSTL,EQ,INE0QTF01015,VIBHOR STEEL TUBES LTD,118.45,122.8,117.0,119.71,120.17,-0.38,8436,1009873.55
2026-09-11,VSTTILLERS,EQ,INE764D01017,VST TILLERS TRACTORS LTD,4082.0,4088.9,4026.3,4042.9,4081.3,-0.94,6213,25118537.09
2026-09-11,VTL,EQ,INE825A01020,VARDHMAN TEXTILES LIMITED,572.6,573.3,557.7,566.2,575.6,-1.63,200543,113547449.05
2026-09-11,VTMLTD,EQ,INE222F01029,V T M LTD.,53.24,53.24,46.83,48.42,52.72,-8.16,58536,2834313.01
2026-09-11,WAAREEENER,EQ,INE377N01017,WAAREE ENERGIES LIMITED,2543.3,2635.0,2515.1,2625.0,2548.0,3.02,1067044,2800990500.0
2026-09-11,WAAREEINDO,EQ,INE866K01023,INDOSOLAR LIMITED,259.8,261.95,251.0,251.95,258.25,-2.44,206769,52095448.92
2026-09-11,WAAREERTL,EQ,INE299N01021,WAAREE RENEWABLE TECH LTD,831.0,836.95,821.5,831.95,833.85,-0.23,89735,74655034.35
2026-09-11,WABAG,EQ,INE956G01038,VA TECH WABAG LTD,2195.0,2319.0,2164.6,2277.9,2211.8,2.99,2231415,5082940010.59
2026-09-11,WAKEFIT,EQ,INE0E7301029,WAKEFIT INNOVATIONS LTD,152.75,158.2,150.45,155.13,152.44,1.76,732141,113577036.9
2026-09-11,WALCHANNAG,EQ,INE711A01022,WALCHANDNAGAR INDUSTRIES,207.0,214.74,203.5,210.1,208.92,0.56,1276691,268232786.89
2026-09-11,WANBURY,EQ,INE107F01022,WANBURY LIMITED,240.0,240.4,234.75,239.35,241.45,-0.87,59568,14257601.16
2026-09-11,WARDINMOBI,EQ,INE945P01024,WARDWIZARD INNO & MOB L,5.84,5.89,5.67,5.72,5.78,-1.04,221210,1265321.15
2026-09-11,WATERBASE,EQ,INE054C01015,WATERBASE LTD.,46.53,47.24,45.7,46.54,46.55,-0.02,9577,445713.59
2026-09-11,WCIL,EQ,INE0CJF01024,WESTERN CARRIERS (IND) L,84.95,89.4,84.63,87.51,84.42,3.66,446170,39044337.65
2026-09-11,WEALTH,EQ,INE658T01017,WEALTH FRST PORT. MG. LTD,821.1,852.9,815.3,845.25,839.3,0.71,1525,1289006.25
2026-09-11,WEBELSOLAR,EQ,INE855C01023,WEBSOL ENERGY SYSTEM LTD,75.37,76.95,74.05,75.84,75.39,0.6,1825883,138474960.03
2026-09-11,WEIZMANIND,EQ,INE080A01014,WEIZMANN LTD,74.0,74.0,70.5,71.71,71.57,0.2,2145,153817.95
2026-09-11,WEL,EQ,INE02WG01024,WONDER ELECTRICALS LTD,72.0,72.85,70.7,72.34,74.2,-2.51,401778,29064619.05
2026-09-11,WELCORP,EQ,INE191B01025,WELSPUN CORP LIMITED,2745.0,2761.8,2658.5,2676.6,2776.9,-3.61,1221515,3269507168.29
2026-09-11,WELENT,EQ,INE625G01013,WELSPUN ENTERPRISES LTD.,797.95,797.95,777.0,786.2,797.95,-1.47,250248,196744980.65
2026-09-11,WELSPLSOL,EQ,INE731F01037,WELSPUN SPECIALTY SOL L,56.0,56.21,54.51,55.59,56.42,-1.47,525139,29192477.09
2026-09-11,WELSPUNLIV,EQ,INE192B01031,WELSPUN LIVING LIMITED,208.0,208.9,203.52,207.68,210.5,-1.34,2653493,551077406.81
2026-09-11,WENDT,EQ,INE274C01019,WENDT (INDIA) LIMITED,8660.0,8900.0,8461.0,8812.5,8669.5,1.65,28678,252724875.0
2026-09-11,WESTLIFE,EQ,INE274F01020,WESTLIFE FOODWORLD LTD,554.8,572.0,548.95,569.6,561.95,1.36,7221944,4113619126.08
2026-09-11,WEWIN,EQ,INE082W01014,WE WIN LIMITED,43.2,43.4,42.01,42.46,42.99,-1.23,2714,115236.44
2026-09-11,WEWORK,EQ,INE085001019,WEWORK INDIA MANAGEMENT L,667.0,674.45,656.55,670.25,676.95,-0.99,78098,52345184.5
2026-09-11,WHBRADY,EQ,INE855A01019,W H BRADY & CO. LTD.,480.5,480.5,480.5,480.5,480.5,0.0,0,0.0
2026-09-11,WHEELS,EQ,INE715A01015,WHEELS INDIA LTD,2288.1,2319.9,2215.2,2230.1,2313.0,-3.58,386291,861467596.82
2026-09-11,WHIRLPOOL,EQ,INE716A01013,WHIRLPOOL OF INDIA LTD,786.1,786.1,760.75,762.35,795.65,-4.19,300241,228888719.02
2026-09-11,WILLAMAGOR,EQ,INE210A01017,WILLIAMSON MAGOR,24.61,24.61,23.5,24.18,24.49,-1.27,593,14338.74
2026-09-11,WINDLAS,EQ,INE0H5O01029,WINDLAS BIOTECH LIMITED,1127.1,1141.9,1110.75,1129.25,1129.4,-0.01,66749,75376308.25
2026-09-11,WINDMACHIN,EQ,INE052A01021,WINDSOR MACHINES LIMITED,299.0,304.95,292.0,300.65,298.9,0.59,53705,16146407.92
2026-09-11,WIPL,EQ,INE215F01023,THE WESTERN INDIA PLY LTD,164.11,169.88,164.11,169.58,164.55,3.06,145,24589.1
2026-09-11,WIPRO,EQ,INE075A01022,WIPRO LTD,165.2,167.75,165.16,167.4,166.3,0.66,8484897,1420371706.01
2026-09-11,WOCKPHARMA,EQ,INE049B01025,WOCKHARDT LIMITED,2200.0,2237.0,2167.3,2179.4,2220.6,-1.86,1109909,2418935566.21
2026-09-11,WONDERLA,EQ,INE066O01014,WONDERLA HOLIDAYS LTD.,518.75,530.45,504.1,520.95,519.05,0.37,73285,38177821.64
2026-09-11,WORTHPERI,EQ,INE196Y01018,WORTH PERIPHERALS LIMITED,150.0,150.0,144.5,145.82,149.96,-2.76,7377,1075714.19
2026-09-11,WPIL,EQ,INE765D01022,W P I L LTD.,442.8,444.0,430.0,435.25,444.2,-2.01,51726,22513741.5
2026-09-11,WSI,EQ,INE100D01014,W.S.INDUSTRIES (I) LTD.,61.98,63.8,58.22,61.92,58.83,5.25,146840,9092332.53
2026-09-11,WSTCSTPAPR,EQ,INE976A01021,WEST COAST PAPER MILLS LT,703.0,722.4,691.05,713.8,710.1,0.52,271781,193997274.48
2026-09-11,XCHANGING,EQ,INE692G01013,XCHANGING SOLUTIONS LTD,63.98,64.94,61.78,62.34,63.62,-2.01,82421,5138125.15
2026-09-11,XELPMOC,EQ,INE01P501012,XELPMOC DESIGN & TECH LTD,75.11,77.47,72.1,76.03,76.21,-0.24,12608,958586.22
2026-09-11,XPROINDIA,EQ,INE445C01015,XPRO INDIA LIMITED,1269.8,1309.2,1239.2,1294.7,1265.5,2.31,50993,66020634.61
2026-09-11,XTGLOBAL,EQ,INE547B01028,XTGLOBAL INFOTECH LIMITED,30.9,30.9,29.5,29.53,30.04,-1.7,25934,765831.04
2026-09-11,XTRANET,EQ,INE0NG701011,XTRANET TECHNOLOGIES LTD,284.91,288.89,270.0,271.34,285.59,-4.99,1232212,334348399.57
2026-09-11,YASHO,EQ,INE616Z01012,YASHO INDUSTRIES LIMITED,3950.0,4250.0,3773.0,4187.5,3960.0,5.74,95474,399797375.0
2026-09-11,YATHARTH,EQ,INE0JO301016,YATHARTH HOSP & TRA C S L,971.1,975.9,960.9,966.3,977.2,-1.12,128509,124178245.13
2026-09-11,YATRA,EQ,INE0JR601024,YATRA ONLINE LIMITED,113.25,116.95,111.25,115.42,113.98,1.26,1430101,165062254.8
2026-09-11,YESBANK,EQ,INE528G01035,YES BANK LIMITED,22.23,23.95,22.07,23.48,22.3,5.29,234792571,5512929459.6
2026-09-11,YOGI,EQ,INE290E01011,YOGI LTD.,162.9,169.0,155.0,157.13,155.37,1.13,3204,503444.54
2026-09-11,YUKEN,EQ,INE384C01016,YUKEN INDIA LIMITED,1085.7,1124.85,1060.55,1113.75,1085.7,2.58,35432,39462390.0
2026-09-11,ZAGGLE,EQ,INE07K301024,ZAGGLE PREPA OCEAN SER L,182.0,187.88,180.34,187.0,183.93,1.67,1685484,315185508.0
2026-09-11,ZEEL,EQ,INE256A01028,ZEE ENTERTAINMENT ENT LTD,81.0,81.9,79.2,79.36,80.95,-1.96,21161135,1679347686.52
2026-09-11,ZEELEARN,EQ,INE565L01011,ZEE LEARN LIMITED,6.4,6.8,6.3,6.78,6.48,4.63,240086,1627783.13
2026-09-11,ZEEMEDIA,EQ,INE966H01019,ZEE MEDIA CORPORATION LTD,7.65,7.65,7.26,7.43,7.67,-3.13,2297783,17072527.3
2026-09-11,ZENITHEXPO,EQ,INE058B01018,ZENITH EXPORTS LTD,206.0,206.0,205.0,205.0,204.98,0.01,17,3485.0
2026-09-11,ZENITHSTL,EQ,INE318D01020,ZENITH STEEL PIP IND LTD,6.13,6.35,5.73,5.85,5.99,-2.34,88082,515279.69
2026-09-11,ZENSARTECH,EQ,INE520A01027,ZENSAR TECHNOLOGIES  LTD,425.7,432.8,421.0,425.25,427.4,-0.5,980587,416994621.75
2026-09-11,ZENTEC,EQ,INE251B01027,ZEN TECHNOLOGIES LIMITED,1740.0,1741.2,1707.1,1722.6,1749.9,-1.56,273823,471687493.11
2026-09-11,ZFCVINDIA,EQ,INE342J01019,ZF COM VE CTR SYS IND LTD,2514.9,2559.9,2490.0,2548.2,2528.4,0.78,49717,126688856.97
2026-09-11,ZFSTEERING,EQ,INE116C01012,Z F STEERING GEAR (I) LTD,742.0,773.7,723.0,764.75,743.4,2.87,18700,14300825.0
2026-09-11,ZIMLAB,EQ,INE518E01015,ZIM LABORATORIES LIMITED,137.18,141.5,132.0,139.22,136.43,2.05,119406,16623703.47
2026-09-11,ZODIAC,EQ,INE761Y01019,ZODIAC ENERGY LIMITED,221.35,231.18,221.35,227.98,230.88,-1.26,12124,2764029.47
2026-09-11,ZODIACLOTH,EQ,INE206B01013,ZODIAC CLOTHING CO. LTD.,70.01,70.4,69.0,69.54,70.42,-1.25,2956,205560.24
2026-09-11,ZOTA,EQ,INE358U01012,ZOTA HEALTH CARE LIMITED,1100.0,1103.8,1081.0,1087.2,1099.5,-1.12,22932,24931669.28
2026-09-11,ZSARACOM,EQ,INE967G01019,SARASWATI COMM (INDIA) L,11100.0,11190.0,10221.0,10797.0,11190.0,-3.51,43,464271.0
2026-09-11,ZUARI,EQ,INE840M01016,ZUARI AGRO CHEMICALS LTD,221.01,221.01,218.02,220.42,223.04,-1.17,62275,13726655.39
2026-09-11,ZUARIIND,EQ,INE217A01012,ZUARI INDUSTRIES LIMITED,270.0,276.8,265.0,273.15,271.5,0.61,49536,13530758.1
2026-09-11,ZYDUSLIFE,EQ,INE010B01027,ZYDUS LIFESCIENCES LTD,1114.0,1135.5,1104.6,1119.1,1117.8,0.12,1038797,1162517697.34
2026-09-11,ZYDUSWELL,EQ,INE768C01028,ZYDUS WELLNESS LIMITED,567.85,570.0,545.3,552.0,566.3,-2.53,210690,116300880.0
