date,symbol,series,isin,name,open,high,low,close,prev_close,chg_pct,volume,value
2026-08-03,3IINFOLTD,BE,INE748C01038,3I INFOTECH LIMITED,23.41,25.05,23.4,24.39,23.21,5.08,3449586,84135400.43
2026-08-03,AARNAV,BE,INE750R01016,AARNAV FASHIONS LIMITED,31.73,31.73,30.25,30.44,31.36,-2.93,37253,1133981.34
2026-08-03,AARTECH,BE,INE01C001026,AARTECH SOLONICS LIMITED,46.44,48.5,46.01,46.96,46.44,1.12,19078,895902.86
2026-08-03,AARTISURF,BE,INE09EO01013,AARTI SURFACTANTS LIMITED,470.0,481.0,455.25,481.0,400.85,20.0,103704,49881624.0
2026-08-03,ABAN,BE,INE421A01028,ABAN OFFSHORE LTD.,16.57,16.57,16.57,16.57,15.79,4.94,54545,903810.63
2026-08-03,ABINFRA,BE,INE00YB01025,A B INFRABUILD LIMITED,10.18,10.2,10.0,10.06,10.05,0.1,195761,1969355.74
2026-08-03,ABMINTLLTD,BE,INE251C01025,ABM INTERNATIONAL LTD,45.0,45.0,42.0,42.51,43.71,-2.75,1513,64317.63
2026-08-03,ACCURACY,BE,INE648Z01023,ACCURACY SHIPPING LIMITED,4.8,4.86,4.75,4.8,4.8,0.0,30080,144384.01
2026-08-03,AHLWEST,BE,INE915K01010,ASIAN HOTELS (WEST) LTD,542.0,542.0,521.0,537.0,541.15,-0.77,402,215874.0
2026-08-03,AKI,BE,INE642Z01026,AKI INDIA LIMITED,4.28,4.28,4.01,4.08,4.14,-1.45,136796,558127.67
2026-08-03,AKSHARCHEM,BE,INE542B01011,AKSHARCHEM INDIA LIMITED,249.93,260.0,241.2,255.54,249.94,2.24,7544,1927793.71
2026-08-03,AKSHOPTFBR,BE,INE523B01011,AKSH OPTIFIBRE  LTD,5.7,5.71,5.47,5.71,5.44,4.96,133889,764506.2
2026-08-03,ALPHAGEO,BE,INE137C01018,ALPHAGEO (INDIA) LIMITED,225.9,264.15,220.25,264.15,220.13,20.0,276528,73044869.51
2026-08-03,AMANTA,BE,INE084K01015,AMANTA HEALTHCARE LIMITED,172.09,172.09,171.8,172.09,168.72,2.0,40274,6930752.51
2026-08-03,AMBALALSA,BE,INE432A01017,AMBALAL SARABHAI ENT L,35.49,37.7,34.07,36.83,34.84,5.71,403707,14868529.55
2026-08-03,AMDIND,BE,INE005I01014,AMD INDUSTRIES LIMITED,46.99,47.99,46.43,47.52,46.43,2.35,14397,684145.45
2026-08-03,ANMOL,BE,INE02AR01019,ANMOL INDIA LIMITED,10.0,10.2,9.96,10.01,10.12,-1.09,16537,165535.37
2026-08-03,APTECHT,BE,INE266F01018,APTECH LIMITED,92.1,96.0,90.48,95.27,91.67,3.93,146999,14004594.24
2026-08-03,ARIES,BE,INE298I01015,ARIES AGRO LTD.,334.1,342.0,333.45,340.7,337.45,0.96,4220,1437754.05
2026-08-03,ASAHISONG,BE,INE228I01012,ASAHI SONGWON COLOR LTD,413.95,413.95,378.0,391.35,394.9,-0.9,36757,14384852.17
2026-08-03,ASMS,BE,INE855F01042,AVIO SMART MRKT STACK LTD,7.02,7.2,7.0,7.08,7.02,0.85,118400,838271.99
2026-08-03,AVG,BE,INE680Z01018,AVG LOGISTICS LIMITED,204.15,209.0,202.05,204.0,204.15,-0.07,8304,1694016.0
2026-08-03,BAFNAPH,BE,INE878I01022,BAFNA PHARMACEUTICALS LTD,268.2,268.2,268.2,268.2,262.91,2.01,593,159042.61
2026-08-03,BASML,BE,INE186H01022,BANNARI AM SPIN MILL LTD.,26.06,27.5,26.06,27.06,26.87,0.71,57271,1549753.23
2026-08-03,BGRENERGY,BE,INE661I01014,BGR ENERGY SYSTEMS LTD,289.0,293.85,273.25,278.4,287.6,-3.2,100511,27982261.79
2026-08-03,BHAGERIA,BE,INE354C01027,BHAGERIA INDUSTRIES LTD,222.78,222.78,214.11,219.57,212.18,3.48,46209,10146110.47
2026-08-03,BHARATGEAR,BE,INE561C01019,BHARAT GEARS LTD,125.03,127.4,122.2,123.57,126.22,-2.1,18702,2311006.13
2026-08-03,BILVYAPAR,BE,INE071A01013,BIL VYAPAR LIMITED,4.09,4.09,3.91,4.04,4.06,-0.49,2912,11764.48
2026-08-03,BLISSGVS,BE,INE416D01022,BLISS GVS PHARMA LTD,473.5,483.9,462.55,466.45,465.65,0.17,156322,72916398.81
2026-08-03,BTTL,BE,INE274K01012,BHILWARA TECHNICAL TEXT L,45.32,46.36,45.11,46.14,47.48,-2.82,15770,727627.79
2026-08-03,BURNPUR,BE,INE817H01022,BURNPUR CEMENT LIMITED,33.0,33.0,33.0,33.0,33.0,0.0,0,0.0
2026-08-03,BYKE,BE,INE319B01014,THE BYKE HOSPITALITY LTD,35.49,35.49,34.0,34.45,35.16,-2.02,18546,638909.71
2026-08-03,CALSOFT,BE,INE526B01014,CALIFORNIA SOFTWARE CO LT,21.32,22.1,21.11,21.81,21.32,2.3,52140,1137173.37
2026-08-03,CAPTRUST,BE,INE707C01018,CAPITAL TRUST LIMITED,18.7,19.07,18.7,19.07,18.17,4.95,87562,1669807.31
2026-08-03,CHEMBONDCH,BE,INE0TGX01019,CHEMBOND CHEMICAL LIMITED,234.0,234.0,221.0,225.43,226.41,-0.43,10415,2347853.37
2026-08-03,CHEMCON,BE,INE03YM01018,CHEMCON SPECIAL CHEM LTD,184.0,184.28,177.0,184.09,175.51,4.89,28460,5239201.3
2026-08-03,CONSOFINVT,BE,INE025A01027,CONSO. FIN. & HOLD. LTD.,301.0,302.7,292.0,295.75,298.25,-0.84,6069,1794906.75
2026-08-03,COUNCODOS,BE,INE695B01025,COUNTRY CONDO S LIMITED,5.95,6.24,5.89,6.02,5.95,1.18,47085,283451.7
2026-08-03,CTE,BE,INE627H01017,CAMBRIDGE TECH ENTER LTD,36.48,38.35,34.0,37.65,34.92,7.82,79517,2993815.17
2026-08-03,CURAA,BE,INE117B01020,CURA TECHNOLOGIES LIMITED,71.11,72.78,71.1,72.5,73.14,-0.88,470,34075.0
2026-08-03,CYBERMEDIA,BE,INE278G01037,CYBER MEDIA (INDIA) LTD.,16.4,16.4,15.31,16.19,15.83,2.27,5658,91603.02
2026-08-03,CYBERTECH,BE,INE214A01019,CYBERTECH SYSTEMS & SOFTW,138.33,143.35,138.33,141.59,140.27,0.94,5834,826036.04
2026-08-03,DAMODARIND,BE,INE497D01022,DAMODAR INDUSTRIES LTD,29.4,29.4,27.32,28.05,28.54,-1.72,3532,99072.6
2026-08-03,DBSTOCKBRO,BE,INE921B01025,DB (INT) STOCK BROKERS,34.46,35.98,33.6,34.16,34.46,-0.87,10951,374086.16
2026-08-03,DELPHIFX,BE,INE726L01027,DELPHI WORLD MONEY LTD,6.99,6.99,6.64,6.81,6.71,1.49,53774,366200.94
2026-08-03,DIACABS,BE,INE989C01038,DIAMOND POWER INFRA LTD,322.0,329.0,316.5,322.85,323.97,-0.35,3140560,1013929815.17
2026-08-03,DIGJAMLMTD,BE,INE731U01028,DIGJAM LTD,49.01,50.0,47.03,48.59,48.95,-0.74,16187,786526.33
2026-08-03,DPSCLTD,BE,INE360C01024,DPSC LIMITED,7.5,7.7,7.41,7.53,7.35,2.45,99625,750176.27
2026-08-03,DPWIRES,BE,INE864X01013,D P WIRES LIMITED,166.98,166.98,162.05,164.27,165.53,-0.76,7304,1199828.11
2026-08-03,DSFCL,BE,INE0OFM01015,DCM SHRIRAM FINE CHEM LTD,25.56,25.81,25.33,25.56,25.81,-0.97,16848,430634.87
2026-08-03,DSKULKARNI,BE,INE891A01022,DS KULKARNI DEVELOPERS L,8.6,9.03,8.6,9.03,13.55,-33.36,59,532.77
2026-08-03,DTIL,BE,INE341R01014,DHUNSERI TEA & IND. LTD.,130.87,133.97,130.01,130.39,130.87,-0.37,2121,276557.19
2026-08-03,E2E,BE,INE255Z01027,E2E NETWORKS LIMITED,536.35,543.0,526.9,543.0,517.15,5.0,539520,292959360.0
2026-08-03,EASTSILK,BE,INE962C01035,EASTERN SILK INDUSTRIES L,60.24,62.63,59.36,62.63,59.65,5.0,3515,220144.45
2026-08-03,EIFFL,BE,INE546V01010,EURO (I) FRESH FOODS LTD,325.0,325.0,298.1,299.1,313.75,-4.67,17056,5101449.7
2026-08-03,EMAMIPAP,BE,INE830C01026,EMAMI PAPER MILLS LIMITED,114.98,115.06,111.0,114.9,109.59,4.85,82627,9493842.43
2026-08-03,EMMBI,BE,INE753K01015,EMMBI INDUSTRIES LIMITED,88.0,89.9,83.1,85.61,87.46,-2.12,10054,860722.95
2026-08-03,EQUIPPP,BE,INE217G01035,EQUIPPP SOC IMP TECH LTD,21.87,23.1,21.77,23.09,22.33,3.4,9293,214575.37
2026-08-03,ESAFSFB,BE,INE818W01011,ESAF SMALL FINANCE BANK L,41.0,42.49,40.0,40.92,42.05,-2.69,9790624,400632316.15
2026-08-03,EUROTEXIND,BE,INE022C01012,EUROTEX IND & EXPORTS LTD,12.81,12.81,12.69,12.69,12.87,-1.4,719,9124.11
2026-08-03,EVERESTIND,BE,INE295A01018,EVEREST INDUSTRIES LTD,455.0,468.8,450.0,462.85,450.65,2.71,9558,4423920.36
2026-08-03,FAIRCHEMOR,BE,INE0DNW01011,FAIRCHEM ORGANICS LIMITED,813.0,813.0,781.2,813.0,797.1,1.99,25905,21060765.0
2026-08-03,FLEXITUFF,BE,INE060J01017,FLEXITUFF VENTURES INT L,4.36,4.36,4.1,4.2,4.3,-2.33,54023,226896.59
2026-08-03,FOCUS,BE,INE593W01028,FOCUS LIGHTG & FIXTRS LTD,69.5,71.0,68.0,70.44,70.21,0.33,59668,4203014.07
2026-08-03,GANESHBE,BE,INE388A01029,GANESH BENZOPLAST LIMITED,112.33,117.3,111.0,113.64,112.33,1.17,154551,17563175.55
2026-08-03,GATECH,BE,INE224E01028,GACM TECHNOLOGIES LIMITED,0.75,0.75,0.74,0.75,0.69,8.7,43550740,32663055.0
2026-08-03,GATECHDVR,BE,INE224E01036,GACM TECHNOLOGIES LIMITED,0.54,0.59,0.53,0.53,0.53,0.0,2299277,1218616.74
2026-08-03,GEECEE,BE,INE916G01016,GEECEE VENTURES LIMITED,350.3,367.3,349.5,361.45,352.05,2.67,5161,1865443.51
2026-08-03,GFSTEELS,BE,INE534A01028,GRAND FOUNDRY LTD,14.29,14.29,14.29,14.29,14.29,0.0,1359,19420.11
2026-08-03,GICL,BE,INE947T01022,GLOBE INTL CARRIERS LTD,17.5,18.0,17.3,17.83,17.17,3.84,89079,1588278.56
2026-08-03,GINNIFILA,BE,INE424C01010,GINNIFILAMENTS LTD.,45.99,46.89,45.3,45.86,45.63,0.5,17864,819243.05
2026-08-03,GOLDTECH,BE,INE805A01014,AION-TECH SOLUTIONS LTD,56.38,57.8,54.2,54.94,56.38,-2.55,17269,948758.84
2026-08-03,GRADIENTE,BE,INE361K01017,GRADIENTE INFOTAINMENT L,2.84,2.84,2.61,2.78,2.74,1.46,204269,567867.81
2026-08-03,GULFPETRO,BE,INE586G01017,GP PETROLEUMS LIMITED,52.45,52.45,52.45,52.45,49.96,4.98,204084,10704205.96
2026-08-03,GVKPIL,BE,INE251H01024,GVK POW. & INFRA LTD.,2.39,2.42,2.35,2.39,2.39,0.0,601035,1436473.71
2026-08-03,GVPTECH,BE,INE382T01030,GVP INFOTECH LIMITED,7.24,7.24,6.95,7.06,7.03,0.43,63841,450717.46
2026-08-03,HEG,BE,INE545A01024,HEG LIMITED,661.0,671.8,652.4,665.25,657.25,1.22,722406,480580591.5
2026-08-03,HEXAGON,BE,INE0JUI01012,HEXAGON NUTRITION LIMITED,65.29,66.99,64.0,66.35,64.19,3.37,373945,24811250.18
2026-08-03,HFCL,BE,INE548A01028,HFCL LIMITED,196.95,203.61,195.7,202.52,193.92,4.43,39140552,7926744758.27
2026-08-03,HITECHCORP,BE,INE120D01012,HITECH CORPORATION LTD,321.0,324.0,319.0,319.2,320.2,-0.31,14716,4697347.38
2026-08-03,HITECHGEAR,BE,INE127B01011,THE HI-TECH GEARS LIMITED,565.0,584.0,560.05,574.55,571.8,0.48,2956,1698369.76
2026-08-03,HMVL,BE,INE871K01015,HINDUSTAN MEDIA VENT LTD,93.1,95.5,92.7,95.08,94.63,0.48,44985,4277173.88
2026-08-03,HYBRIDFIN,BE,INE965B01022,HYBRID FINANCIAL SERVICE,18.01,18.75,18.0,18.02,18.5,-2.59,8156,146971.12
2026-08-03,ICDSLTD,BE,INE613B01010,ICDSLTD,39.1,41.0,39.0,39.65,40.39,-1.83,4879,193452.36
2026-08-03,INDOAMIN,BE,INE760F01028,INDO AMINES LIMITED,127.0,129.0,121.5,126.24,127.48,-0.97,46167,5828121.98
2026-08-03,IVP,BE,INE043C01018,IVP LIMITED,153.5,158.9,153.35,158.23,152.0,4.1,6857,1084983.08
2026-08-03,KALYANIFRG,BE,INE314G01014,KALYANI FORGE LIMITED,620.0,620.0,593.0,599.6,601.9,-0.38,989,593004.38
2026-08-03,KAMDHENU,BE,INE390H01020,KAMDHENU LIMITED,34.3,34.89,33.44,34.55,34.3,0.73,367286,12689731.02
2026-08-03,KANORICHEM,BE,INE138C01024,KANORIACHEMICALS-,140.99,147.5,139.0,142.97,142.38,0.41,14005,2002294.87
2026-08-03,KAUSHALYA,BE,INE234I01028,KAUSHALYA INFRA DEV LTD.,892.3,929.0,892.3,924.55,909.0,1.71,148,136833.4
2026-08-03,KAVDEFENCE,BE,INE641C01019,KAVVERI DFS & WIR TEC LTD,56.71,59.71,56.71,58.52,57.11,2.47,117414,6871067.33
2026-08-03,KAYA,BE,INE587G01015,KAYA LIMITED,275.15,283.0,275.15,278.45,275.74,0.98,7972,2219803.5
2026-08-03,KCPSUGIND,BE,INE790B01024,KCPSUGARINDUS,32.27,33.0,30.8,32.59,31.95,2.0,537049,17502426.99
2026-08-03,KESORAMIND,BE,INE087A01019,KESORAM INDUSTRIES LTD,13.14,13.14,13.14,13.14,12.52,4.95,1049528,13790798.28
2026-08-03,KHADIM,BE,INE834I01025,KHADIM INDIA LIMITED,97.8,97.8,95.05,96.79,96.99,-0.21,11164,1080563.57
2026-08-03,KILITCH,BE,INE729D01010,KILITCH DRUGS INDIA LTD,192.0,192.0,185.0,190.86,186.59,2.29,17781,3393681.67
2026-08-03,KOTARISUG,BE,INE419A01022,KOTHARI SUG & CHEM LTD.,25.07,26.48,25.07,26.13,25.28,3.36,112364,2936071.23
2026-08-03,KOTYARK,BE,INE0J0B01017,KOTYARK INDUSTRIES LTD,34.56,34.89,34.55,34.89,33.23,5.0,143927,5021612.94
2026-08-03,KRONOX,BE,INE0ATZ01017,KRONOX LAB SCIENCES LTD,151.3,154.9,151.3,153.81,151.3,1.66,33807,5199854.59
2026-08-03,KSR,BE,INE1SPP01016,KSR FOOTWEAR LIMITED,29.69,30.0,28.68,29.67,29.69,-0.07,10836,321504.12
2026-08-03,LANCORHOL,BE,INE572G01025,LANCOR HOLDINGS LIMITED,26.17,26.94,26.05,26.54,26.16,1.45,48293,1281696.26
2026-08-03,LOTUSDEV,BE,INE0V9Q01010,SRI LOTUS DEVLPRS N RTY L,207.5,207.5,196.65,197.66,200.12,-1.23,9820738,1941167109.04
2026-08-03,LYKALABS,BE,INE933A01014,LYKA LABS LTD.,60.8,63.84,60.3,63.84,60.8,5.0,26590,1697505.6
2026-08-03,MADHUCON,BE,INE378D01032,MADHUCON PROJECTS LTD.,5.02,5.33,5.02,5.28,5.14,2.72,15244,80488.32
2026-08-03,MAHASTEEL,BE,INE451L01014,MAHAMAYA STEEL INDS LTD,1000.0,1035.0,975.1,1027.1,1001.25,2.58,29414,30211118.68
2026-08-03,MAJESAUT,BE,INE201B01022,MAJESTIC AUTO LTD.,436.0,484.0,433.0,475.3,431.7,10.1,92023,43738530.78
2026-08-03,MANAKSTEEL,BE,INE824Q01011,MANAKSIA STEELS LTD,68.5,75.21,68.5,75.21,68.38,9.99,85658,6442338.1
2026-08-03,MAZDA,BE,INE885E01042,MAZDA LIMITED,219.9,224.97,216.1,221.63,217.17,2.05,8012,1775699.6
2026-08-03,MBECL,BE,INE748A01024,MCNALLY BHARAT ENGIN CO L,65.4,65.4,65.4,65.4,65.4,0.0,0,0.0
2026-08-03,MEDICAMEQ,BE,INE646B01010,MEDICAMEN BIOTECH LIMITED,238.0,242.22,233.0,240.02,234.55,2.33,15083,3620221.72
2026-08-03,MENONBE,BE,INE071D01033,MENON BEARINGS LIMITED,214.0,221.11,210.59,221.09,210.59,4.99,94482,20889025.03
2026-08-03,MHLXMIRU,BE,INE112D01035,MAHALAXMI RUBTECH LIMITED,143.5,148.33,141.9,148.33,141.27,5.0,75124,11143143.06
2026-08-03,MICEL,BE,INE287C01037,MIC ELECTRONICS LTD,39.5,39.5,38.0,38.65,38.37,0.73,284722,11004505.73
2026-08-03,MODISONLTD,BE,INE737D01021,MODISON LIMITED,268.95,281.8,268.95,281.8,268.4,4.99,63381,17860765.03
2026-08-03,MOLDTECH,BE,INE835B01035,MOLD-TEK TECHNOLOGIES LTD,151.0,154.5,146.99,149.19,152.76,-2.34,205395,30642880.55
2026-08-03,MTARTECH,BE,INE864I01014,MTAR TECHNOLOGIES LIMITED,6012.0,6012.0,6012.0,6012.0,5726.0,4.99,75480,453785760.0
2026-08-03,MTEDUCARE,BE,INE472M01018,MT EDUCARE LTD,1.92,2.12,1.92,2.01,2.02,-0.5,55763,112083.63
2026-08-03,MUKKA,BE,INE0CG401037,MUKKA PROTEINS LIMITED,22.7,23.37,22.7,23.29,22.54,3.33,432151,10064797.19
2026-08-03,MUKTAARTS,BE,INE374B01019,MUKTA ARTS LIMITED,56.06,56.06,54.88,55.4,56.8,-2.46,1420,78668.0
2026-08-03,NATCAPSUQ,BE,INE936B01015,NATURAL CAPSULES LIMITED,144.71,168.9,144.1,162.33,143.28,13.3,161886,26278954.68
2026-08-03,NAVKARURB,BE,INE268H01044,NAVKAR URBANSTRUCTURE LTD,1.07,1.07,1.02,1.03,1.03,0.0,3823692,3938402.65
2026-08-03,NECCLTD,BE,INE553C01016,NORTH EAST CARRY CORP LTD,15.19,15.68,15.19,15.68,14.94,4.95,43911,688524.49
2026-08-03,NEUEON,BE,INE333I01044,NEUEON CORPORATION LTD,14.84,14.84,14.84,14.84,15.62,-4.99,4882,72448.88
2026-08-03,NIRAJISPAT,BE,INE326T01011,NIRAJ ISPAT IND LTD,220.0,220.0,210.0,215.99,222.49,-2.92,174,37582.26
2026-08-03,NRL,BE,INE0JM501013,NUPUR RECYCLERS LIMITED,108.72,108.72,108.72,108.72,106.59,2.0,42236,4591897.97
2026-08-03,NURECA,BE,INE0DSF01015,NURECA LIMITED,332.2,346.6,327.0,333.4,343.6,-2.97,36669,12225444.38
2026-08-03,OCCLLTD,BE,INE0PK601023,OCCL LIMITED,174.32,174.32,174.32,174.32,166.02,5.0,30139,5253830.7
2026-08-03,OILCOUNTUB,BE,INE591A01010,OIL COUNTRY TUBULAR LTD.,55.94,56.9,55.13,56.49,56.1,0.7,9742,550325.6
2026-08-03,OMFREIGHT,BE,INE1BZC01019,OM FREIGHT FORWARDERS LTD,89.66,91.95,88.0,88.0,89.66,-1.85,8030,706640.0
2026-08-03,ONELIFECAP,BE,INE912L01015,ONELIFE CAP ADVISORS LTD,35.22,36.9,34.9,36.09,36.13,-0.11,61128,2206109.53
2026-08-03,ONMOBILE,BE,INE809I01019,ONMOBILE GLOBAL LTD.,66.55,66.58,64.72,66.58,63.41,5.0,69195,4607003.23
2026-08-03,ORBTEXP,BE,INE231G01010,ORBIT EXPORTS LIMITED,246.0,250.0,233.0,243.79,241.14,1.1,39086,9528775.68
2026-08-03,ORIENTLTD,BE,INE609C01024,ORIENT PRESS LIMITED,83.4,83.4,76.91,77.26,80.95,-4.56,16074,1241877.27
2026-08-03,OSIAHYPER,BE,INE06IR01021,OSIA HYPER RETAIL LIMITED,2.95,3.01,2.85,2.91,2.89,0.69,321474,935489.37
2026-08-03,PANACHE,BE,INE895W01019,PANACHE DIGILIFE LIMITED,429.0,448.0,429.0,439.55,430.5,2.1,3504,1540183.16
2026-08-03,PAR,BE,INE04LG01015,PAR DRUGS AND CHEM LTD,100.99,101.97,97.02,99.09,98.9,0.19,4025,398837.24
2026-08-03,PARSVNATH,BE,INE561H01026,PARSVNATH DEVELOPER LTD,1.77,1.77,1.77,1.77,1.8,-1.67,203245,359743.65
2026-08-03,PATINTLOG,BE,INE529D01014,PATEL INT. LOG. LTD,13.92,14.39,13.9,14.01,13.92,0.65,54644,765562.45
2026-08-03,PKTEA,BE,INE431F01018,THE P K TEA PROD CO LTD,710.0,710.0,668.0,699.0,676.4,3.34,284,198516.0
2026-08-03,PPAP,BE,INE095I01015,PPAP AUTOMOTIVE LIMITED,284.0,289.95,270.2,288.35,281.7,2.36,23053,6647332.69
2026-08-03,PPL,BE,INE050001010,PRAKASH PIPES LIMITED,265.9,275.0,261.0,262.25,265.9,-1.37,29140,7641965.0
2026-08-03,PREMIER,BE,INE342A01018,PREMIER LIMITED,2.98,3.0,2.79,2.79,2.88,-3.13,19708,54985.32
2026-08-03,PRITIKAUTO,BE,INE583R01029,PRITIKA AUTO INDUS LTD,17.47,18.19,17.47,17.72,17.42,1.72,99241,1758550.45
2026-08-03,PRUDMOULI,BE,INE024D01016,PRUDENTIAL SUGAR CORPORAT,13.67,13.67,12.74,13.46,13.41,0.37,2085,28064.1
2026-08-03,QMSMEDI,BE,INE0FMW01018,QMS MEDICAL ALLIED S LTD,117.9,117.9,112.0,112.3,114.59,-2.0,13120,1473376.04
2026-08-03,RADHIKAJWE,BE,INE583V01021,RADHIKA JEWELTECH LIMITED,72.45,73.49,70.85,71.22,71.75,-0.74,974269,69387439.37
2026-08-03,RAJOOENG,BE,INE535F01024,RAJOO ENGINEERS LIMITED,52.6,53.6,52.07,52.45,52.66,-0.4,189033,9914780.99
2026-08-03,RAJRILTD,BE,INE533D01032,RAJ RAYON INDUSTRIES LTD,21.22,21.22,20.82,21.22,20.81,1.97,6883,146057.26
2026-08-03,RAMASTEEL,BE,INE230R01035,RAMA STEEL TUBES LIMITED,4.23,4.3,4.1,4.22,4.13,2.18,3243922,13689350.16
2026-08-03,RBZJEWEL,BE,INE0PEQ01016,RBZ JEWELLERS LIMITED,149.0,153.8,148.5,152.54,148.98,2.39,102323,15608349.73
2026-08-03,RCOM,BE,INE330H01018,RELIANCE COMMUNICATIONS L,0.84,0.85,0.82,0.84,0.82,2.44,2049908,1721922.67
2026-08-03,RELINFRA,BE,INE036A01016,RELIANCE INFRASTRUCTU LTD,63.04,63.04,63.04,63.04,60.04,5.0,214554,13525484.36
2026-08-03,REPL,BE,INE364Z01019,RUDRABHISHEK ENTERP LTD,63.0,66.69,63.0,65.08,63.95,1.77,2281,148447.48
2026-08-03,RMDRIP,BE,INE219Y01026,R M DRIP & SPRINK SYS LTD,18.8,18.94,18.5,18.62,18.95,-1.74,135815,2528875.41
2026-08-03,RNBDENIMS,BE,INE012Q01039,R&B DENIMS LIMITED,9.06,9.27,9.0,9.08,9.06,0.22,127399,1156782.91
2026-08-03,ROLLT,BE,INE927A01040,ROLLATAINERS LIMITED,2.58,2.58,2.58,2.58,2.46,4.88,99388,256421.03
2026-08-03,RPPL,BE,INE760W01023,RAJSHREE POLYPACK LTD,21.89,22.44,21.08,22.33,21.12,5.73,92204,2058915.31
2026-08-03,RSWM,BE,INE611A01016,RSWM LIMITED,214.0,225.29,213.0,224.76,214.57,4.75,183073,41147486.47
2026-08-03,SADHNANIQ,BE,INE888C01040,SADHANA NITROCHEM LIMITED,2.79,2.79,2.71,2.79,2.66,4.89,1776535,4956532.58
2026-08-03,SANGINITA,BE,INE753W01010,SANGINITA CHEMICALS LTD,64.06,64.06,64.06,64.06,65.36,-1.99,103800,6649427.75
2026-08-03,SCPL,BE,INE501Y01019,SHEETAL COOL PRODUCTS LTD,619.0,648.0,619.0,638.6,615.0,3.84,137704,87937771.04
2026-08-03,SETCO,BE,INE878E01021,SETCO AUTOMOTIVE LTD,17.9,17.94,17.75,17.9,17.7,1.13,61831,1106774.88
2026-08-03,SEYAIND,BE,INE573R01012,SEYA INDUSTRIES LIMITED,12.36,12.55,12.11,12.25,12.35,-0.81,34977,428468.25
2026-08-03,SHAHALLOYS,BE,INE640C01011,SHAH ALLOYS LIMITED,68.0,68.0,66.1,67.44,66.5,1.41,696,46938.24
2026-08-03,SHALPAINTS,BE,INE849C01026,SHALIM PAINTS LTD,67.68,80.01,67.68,80.01,66.68,19.99,4518150,361497191.15
2026-08-03,SHARDUL,BE,INE037B01020,SHARDUL SECURITIES LTD.,39.44,43.58,39.44,43.58,41.51,4.99,43976,1916474.16
2026-08-03,SHEKHAWATI,BE,INE268L01046,SHEKHAWATI INDUSTRIES LTD,12.56,13.8,12.51,13.59,12.56,8.2,40983,556958.98
2026-08-03,SHEMAROO,BE,INE363M01019,SHEMAROO ENTER. LTD.,117.5,120.1,117.0,117.99,117.5,0.42,2443,288249.56
2026-08-03,SHYAMCENT,BE,INE979R01011,SHYAM CENTURY FERROUS LTD,5.21,5.21,5.01,5.06,5.19,-2.5,41031,207616.86
2026-08-03,SICALLOG,BE,INE075B01020,SICAL LOGISTICS LIMITED,107.0,107.0,106.91,106.91,112.53,-4.99,20315,2171876.72
2026-08-03,SIGIND,BE,INE529F01035,SIGNET INDUSTRIES LIMITED,53.41,58.5,51.1,55.93,52.31,6.92,98549,5511845.6
2026-08-03,SIGMAADV,BE,INE933B01012,SIGMA ADVANCED SYSTEM LTD,634.0,654.7,625.0,654.7,623.55,5.0,146018,95597986.38
2026-08-03,SIKKO,BE,INE112X01025,SIKKO INDUSTRIES LIMITED,5.41,5.45,5.33,5.37,5.3,1.32,701908,3769245.88
2026-08-03,SMARTLINK,BE,INE178C01020,SMARTLINK HOLDINGS LTD,207.0,210.42,207.0,210.42,200.4,5.0,3475,731209.49
2026-08-03,SONAMLTD,BE,INE00LM01029,SONAM LIMITED,56.8,56.8,54.0,54.16,55.22,-1.92,10228,553948.48
2026-08-03,SPECIALITY,BE,INE247M01014,SPECIALITY REST LTD,135.32,135.32,132.01,132.12,133.14,-0.77,14057,1857210.77
2026-08-03,SPECTRUM,BE,INE01EO01010,SPECTRUM ELECTRIC IND LTD,2395.9,2591.0,2357.0,2547.4,2363.0,7.8,97267,247777946.3
2026-08-03,SREEL,BE,INE099F01013,SREELEATHERS LIMITED,212.0,222.72,212.0,216.45,213.6,1.33,10312,2232032.37
2026-08-03,STALLION,BE,INE0RYC01010,STALLION IND FLUOROCHEM L,264.9,278.1,261.45,265.45,260.12,2.05,4439437,1178448605.84
2026-08-03,STERTOOLS,BE,INE334A01023,STERLING TOOLS LIMITED,250.0,256.0,248.0,255.05,252.11,1.17,21263,5423128.21
2026-08-03,STLTECH,BE,INE089C01029,STERLITE TECHNOLOGIES LTD,584.9,584.9,584.9,584.9,557.05,5.0,1919449,1122685766.96
2026-08-03,SUNDRMBRAK,BE,INE073D01013,SUNDARAMBRAKE LININGS LTD,771.0,788.0,766.5,778.45,766.85,1.51,875,681143.76
2026-08-03,SUPERSPIN,BE,INE662A01027,SUPER SPINNING MILLS LTD,6.14,6.14,6.14,6.14,6.02,1.99,36205,222298.7
2026-08-03,SUTLEJTEX,BE,INE645H01027,SUTLEJ TEXT & INDUS LTD,39.75,39.75,37.53,38.03,38.0,0.08,25216,958964.45
2026-08-03,SWANDEF,BE,INE542F01020,SWAN DEFENCE N HEVY IND L,2470.0,2550.0,2470.0,2527.2,2473.7,2.16,23400,59136478.86
2026-08-03,SWARAJ,BE,INE0GMR01016,SWARAJ SUITING LIMITED,367.0,367.0,356.0,357.75,364.7,-1.91,158500,56703375.0
2026-08-03,SYSTMTXC,BE,INE356B01024,SYSTEMATIX CORP SERVICE L,63.0,63.0,60.0,60.22,61.25,-1.68,4406,265329.33
2026-08-03,TICL,BE,INE388G01026,TWAMEV CONS AND INFRA LTD,9.57,9.7,9.25,9.63,9.57,0.63,70353,677499.4
2026-08-03,TIJARIA,BE,INE440L01017,TIJARIA POLYPIPES LTD,5.34,5.49,4.91,4.98,5.03,-0.99,185584,924208.32
2026-08-03,TIL,BE,INE806C01018,TIL LTD,255.05,267.85,248.55,259.9,252.38,2.98,1915163,497750852.01
2026-08-03,TIRUPATIFL,BE,INE319Y01024,TIRUPATI FORGE LIMITED,69.0,73.5,69.0,73.1,70.0,4.43,418783,30613036.66
2026-08-03,TOTAL,BE,INE336X01012,TOTAL TRANSPORT SYS LTD,49.28,53.33,49.0,52.05,49.28,5.62,8190,426289.49
2026-08-03,TPHQ,BE,INE065J01024,TEAMO PRODUCTIONS HQ LTD,0.42,0.44,0.42,0.42,0.42,0.0,1122867,471604.13
2026-08-03,TRANSPEK,BE,INE687A01016,TRANSPEK INDUSTRIES LTD,1364.0,1447.9,1311.6,1414.5,1321.3,7.05,175728,248567256.0
2026-08-03,TRANSWORLD,BE,INE757B01015,TRANSWORLD SHIP LINES LTD,162.21,164.0,158.01,161.66,162.21,-0.34,16892,2730760.78
2026-08-03,TVVISION,BE,INE871L01013,TV VISION LIMITED,4.88,4.88,4.5,4.72,4.56,3.51,20790,98128.8
2026-08-03,UCAL,BE,INE139B01016,UCAL LIMITED,115.01,117.1,113.0,113.51,114.53,-0.89,5323,604213.74
2026-08-03,UFBL,BE,INE382M01027,UNITED FOODBRANDS LIMITED,708.95,708.95,677.0,700.45,701.65,-0.17,101664,71210550.04
2026-08-03,UMAEXPORTS,BE,INE0GIU01018,UMA EXPORTS LIMITED,20.37,20.7,20.01,20.42,20.13,1.44,14282,291638.44
2026-08-03,UNIVASTU,BE,INE562X01013,UNIVASTU INDIA LIMITED,137.5,141.0,132.11,139.97,136.68,2.41,269324,37697280.61
2026-08-03,UNIVPHOTO,BE,INE03V001013,UNIVERSUS IMAGINGS LTD,484.0,488.5,476.0,480.4,475.0,1.14,1284,616833.59
2026-08-03,URAVIDEF,BE,INE568Z01015,URAVI DEFENCE &TECH LTD,110.9,116.46,110.9,113.85,113.0,0.75,1677,190926.45
2026-08-03,UYFINCORP,BE,INE152C01025,U. Y. FINCORP LIMITED,19.8,19.94,19.53,19.76,19.95,-0.95,245080,4842780.86
2026-08-03,VALIANTLAB,BE,INE0JWS01017,VALIANT LABORATORIES LTD,60.74,62.3,59.5,61.74,60.74,1.65,41581,2567211.01
2026-08-03,VALIANTORG,BE,INE565V01010,VALIANT ORGANICS LIMITED,266.0,280.0,265.0,280.0,266.7,4.99,33456,9367680.0
2026-08-03,VARDHACRLC,BE,INE116G01013,VARDHAMAN ACRYLICS LTD,45.3,45.93,44.91,45.11,44.91,0.45,37804,1705338.46
2026-08-03,VCL,BE,INE098201036,VAXTEX COTFAB LIMITED,1.11,1.12,1.09,1.12,1.07,4.67,66491,74469.92
2026-08-03,VENUSREM,BE,INE411B01019,VENUS REMEDIES LIMITED,1567.1,1600.0,1520.0,1584.1,1581.6,0.16,21239,33644699.38
2026-08-03,VETO,BE,INE918N01018,VETO SWITCHGEAR CABLE LTD,121.38,124.0,120.6,123.17,121.38,1.47,7499,923651.82
2026-08-03,VHLTD,BE,INE048C01025,VICEROY HOTELS LIMITED,136.0,136.0,128.55,133.0,134.13,-0.84,5283,702639.0
2026-08-03,VIJIFIN,BE,INE159N01027,VIJI FINANCE LIMITED,10.41,10.41,10.41,10.41,10.21,1.96,75577,786756.56
2026-08-03,VIPULLTD,BE,INE946H01037,VIPUL LIMITED,11.81,11.81,11.45,11.45,12.05,-4.98,188669,2160260.01
2026-08-03,VIVIMEDLAB,BE,INE526G01021,VIVIMED LABS LIMITED,5.18,5.33,4.97,4.98,5.08,-1.97,248176,1235916.48
2026-08-03,WELINV,BE,INE389K01018,WELSPUN INV & COMM LTD,1879.9,1879.9,1869.9,1869.9,1879.9,-0.53,14,26178.6
2026-08-03,AGSTRA,BZ,INE583L01014,AGS TRANSACT TECH LTD,2.2,2.2,2.07,2.19,2.1,4.29,730820,1600495.84
2026-08-03,ANKITMETAL,BZ,INE106I01010,ANKIT MET & POW LTD,1.56,1.63,1.51,1.62,1.56,3.85,50531,81860.22
2026-08-03,ANSALAPI,BZ,INE436A01026,ANSAL PROP & INFRA LTD,3.39,3.39,3.39,3.39,3.33,1.8,5300,17967.0
2026-08-03,ARSHIYA,BZ,INE968D01022,ARSHIYA LIMITED,0.99,0.99,0.94,0.96,0.98,-2.04,135614,130189.44
2026-08-03,ASTRON,BZ,INE646X01014,ASTRON PAPER BORD MIL LTD,3.93,3.93,3.7,3.88,3.8,2.11,37132,144072.16
2026-08-03,COMPINFO,BZ,INE070C01037,COMPUAGE INFOCOM LTD,1.08,1.18,1.08,1.15,1.13,1.77,43895,50479.25
2026-08-03,DHARAN,BZ,INE278R01034,DHARAN INFRA-EPC LIMITED,0.16,0.16,0.15,0.15,0.15,0.0,9616608,1442491.26
2026-08-03,FEL,BZ,INE623B01027,FUTURE ENTERPRISES LTD,0.39,0.39,0.38,0.38,0.38,0.0,210176,79866.88
2026-08-03,FELDVR,BZ,IN9623B01058,FUTURE ENTERPRISES LTD,2.5,2.5,2.31,2.49,2.39,4.18,4314,10741.86
2026-08-03,FLFL,BZ,INE452O01016,FUT LIFESTYLE FASH LTD,1.29,1.29,1.23,1.24,1.29,-3.88,68967,85519.08
2026-08-03,GENSOL,BZ,INE06H201014,GENSOL ENGINEERING LTD,18.31,18.31,18.31,18.31,17.44,4.99,344004,6298713.06
2026-08-03,GOLDENTOBC,BZ,INE973A01010,GOLDEN TOBACCO LIMITED,24.99,24.99,24.05,24.85,24.99,-0.56,594,14760.9
2026-08-03,HDIL,BZ,INE191I01012,HOUSING DEV & INFRA LTD,1.63,1.69,1.63,1.65,1.67,-1.2,117720,194238.0
2026-08-03,HMT,BZ,INE262A01018,HMT LTD -,60.1,62.49,60.0,61.4,61.42,-0.03,8971,550819.41
2026-08-03,IL&FSENGG,BZ,INE369I01014,IL&FS ENG AND CONS CO LTD,36.96,36.96,35.14,35.19,36.98,-4.84,63162,2222670.69
2026-08-03,IL&FSTRANS,BZ,INE975G01012,IL&FS TRANS NET LTD,2.1,2.15,2.1,2.11,2.08,1.44,20986,44280.46
2026-08-03,IMPEXFERRO,BZ,INE691G01015,IMPEX FERRO TECH LIMITED,2.62,2.62,2.62,2.62,2.5,4.8,24689,64685.18
2026-08-03,LAKPRE,BZ,INE651C01018,LAKSHMI PRE SCRE LTD,5.17,5.17,4.81,4.81,4.93,-2.43,360,1731.6
2026-08-03,MEP,BZ,INE776I01010,MEP INFRA. DEVELOPERS LTD,0.53,0.53,0.53,0.53,0.52,1.92,34417,18241.01
2026-08-03,RAJESHEXPO,BZ,INE343B01030,RAJESH EXPORTS LTD,84.8,86.14,84.6,84.8,84.89,-0.11,101144,8577011.51
2026-08-03,RHFL,BZ,INE217K01011,RELIANCE HOME FINANCE LTD,1.93,1.94,1.85,1.88,1.94,-3.09,2066881,3885736.27
2026-08-03,SANWARIA,BZ,INE890C01046,SANWARIA CONSUMER LIMITED,0.2,0.21,0.2,0.2,0.2,0.0,483800,96760.0
2026-08-03,SETUINFRA,BZ,INE023M01027,SETUBANDHAN INFRA LTD,0.41,0.43,0.41,0.42,0.41,2.44,15826,6646.92
2026-08-03,SHRENIK,BZ,INE632X01030,SHRENIK LIMITED,0.34,0.34,0.33,0.33,0.33,0.0,538831,177814.24
2026-08-03,SIMBHALS,BZ,INE748T01016,SIMBHAOLI SUGARS LTD.,6.85,6.99,6.62,6.96,6.67,4.35,19171,133430.16
2026-08-03,SITINET,BZ,INE965H01011,SITI NETWORKS LIMITED,0.31,0.31,0.31,0.31,0.3,3.33,428778,132921.18
2026-08-03,SUPREMEENG,BZ,INE319Z01021,SUPREME ENGINEERING LTD,2.13,2.13,2.13,2.13,2.09,1.91,130458,277875.55
2026-08-03,20MICRONS,EQ,INE144J01027,20 MICRONS LTD,193.03,199.8,192.5,196.03,192.46,1.85,173167,33945926.8
2026-08-03,21STCENMGM,EQ,INE253B01015,21ST CENTURY MGMT SERVICE,40.17,40.97,39.94,40.97,40.17,1.99,4003,164002.91
2026-08-03,360ONE,EQ,INE466L01038,360 ONE WAM LIMITED,1153.6,1158.5,1136.6,1147.8,1135.3,1.1,366010,420106295.87
2026-08-03,3MINDIA,EQ,INE470A01017,3M INDIA LIMITED,35170.0,36660.0,35020.0,35955.0,34615.0,3.87,6489,233311995.0
2026-08-03,3PLAND,EQ,INE105C01023,3P LAND HOLDINGS LIMITED,33.0,33.0,31.45,31.63,31.7,-0.22,2931,92707.53
2026-08-03,5PAISA,EQ,INE618L01018,5PAISA CAPITAL LIMITED,353.75,356.2,350.4,353.25,348.6,1.33,16751,5917290.75
2026-08-03,63MOONS,EQ,INE111B01023,63 MOONS TECHNOLOGIES LTD,941.25,957.95,882.0,897.05,931.4,-3.69,2873773,2577918034.57
2026-08-03,A2ZINFRA,EQ,INE619I01012,A2Z INFRA ENGINEERING LTD,15.76,17.1,15.76,17.1,15.55,9.97,1605294,27450528.01
2026-08-03,AAATECH,EQ,INE0D0U01013,AAA TECHNOLOGIES LIMITED,89.38,91.45,88.0,90.6,89.38,1.36,16635,1507130.97
2026-08-03,AADHARHFC,EQ,INE883F01010,AADHAR HOUSING FINANCE L,502.05,515.95,490.4,504.15,496.7,1.5,656790,331120674.49
2026-08-03,AAKASH,EQ,INE087Z01024,AAKASH EXPLORATION SER L,9.13,9.13,8.85,8.98,8.95,0.34,77021,691648.54
2026-08-03,AAREYDRUGS,EQ,INE198H01019,AAREY DRUGS & PHARM LTD,80.47,81.75,77.5,81.53,77.86,4.71,59350,4838805.43
2026-08-03,AARON,EQ,INE721Z01010,AARON INDUSTRIES LIMITED,133.5,136.75,130.0,131.6,135.81,-3.1,21709,2856904.53
2026-08-03,AARTIDRUGS,EQ,INE767A01016,AARTI DRUGS LTD.,424.0,424.0,405.0,407.25,422.75,-3.67,383239,156074082.75
2026-08-03,AARTIIND,EQ,INE769A01020,AARTI INDUSTRIES LTD,486.35,492.55,482.0,486.8,489.1,-0.47,805775,392251260.16
2026-08-03,AARTIPHARM,EQ,INE0LRU01027,AARTI PHARMALABS LIMITED,670.8,693.0,670.65,675.8,667.15,1.3,86652,58559420.54
2026-08-03,AARVI,EQ,INE754X01016,AARVI ENCON LIMITED,153.0,158.28,153.0,155.21,156.7,-0.95,36090,5601529.14
2026-08-03,AASTHA,EQ,INE2FMX01012,AASTHA SPINTEX LIMITED,76.6,77.4,76.0,76.12,76.25,-0.17,1564318,119075890.46
2026-08-03,AAVAS,EQ,INE216P01012,AAVAS FINANCIERS LIMITED,1359.8,1453.2,1359.8,1439.0,1359.8,5.82,142280,204740920.0
2026-08-03,ABB,EQ,INE117A01022,ABB INDIA LIMITED,7243.5,7657.0,7243.0,7601.0,7284.5,4.34,1207164,9175653564.0
2026-08-03,ABBOTINDIA,EQ,INE358A01014,ABBOTT INDIA LIMITED,27950.0,28045.0,27680.0,27895.0,27800.0,0.34,9455,263747225.0
2026-08-03,ABCAPITAL,EQ,INE674K01013,ADITYA BIRLA CAPITAL LTD.,410.0,430.7,410.0,424.35,404.3,4.96,14133770,5997665385.77
2026-08-03,ABCOTS,EQ,INE08PH01015,A B COTSPIN INDIA LIMITED,199.05,202.9,198.6,200.91,198.85,1.04,4106,824936.48
2026-08-03,ABDL,EQ,INE552Z01027,ALLIED BLEND N DISTILS L,619.5,630.0,616.0,619.55,619.5,0.01,159051,98540045.11
2026-08-03,ABFRL,EQ,INE647O01011,ADITYA BIRLA FASHION & RT,60.69,62.95,60.15,62.41,60.24,3.6,10947431,683229167.04
2026-08-03,ABGSEC,EQ,INF209KC1134,BIRLASLAMC - ABGSEC,113.67,114.98,113.33,113.63,114.01,-0.33,182,20680.66
2026-08-03,ABLBL,EQ,INE14LE01019,ADITYA BIRLA LIFES BRAN L,95.4,96.17,93.85,95.91,94.67,1.31,1330639,127621591.36
2026-08-03,ABREL,EQ,INE055A01016,ADITYA BIRLA REAL EST LTD,1446.9,1449.5,1415.1,1432.1,1418.1,0.99,98610,141219378.59
2026-08-03,ABSLAMC,EQ,INE404A01024,ADIT BIRL SUN LIF AMC LTD,1026.3,1027.8,1000.0,1017.8,1011.8,0.59,292827,298039317.03
2026-08-03,ABSLBANETF,EQ,INF209KB17D5,BIRLASLAMC - ABSLBANETF,59.77,59.77,58.6,59.14,58.6,0.92,30836,1823641.02
2026-08-03,ABSLLIQUID,EQ,INF209KB18T9,BIRLASLAMC - ABSLLIQUID,1000.01,1000.01,999.99,1000.0,1000.0,0.0,6730,6730000.0
2026-08-03,ABSLNN50ET,EQ,INF209KB16D7,BIRLASLAMC - ABSLNN50ET,77.98,78.95,77.02,78.07,77.4,0.87,29937,2337181.58
2026-08-03,ABSLPSE,EQ,INF209KB19Z4,BIRLASLAMC-ABSLPSE,10.4,10.4,10.32,10.36,10.34,0.19,260079,2694418.35
2026-08-03,ACC,EQ,INE012A01025,ACC LIMITED,1374.0,1400.9,1360.0,1398.0,1357.4,2.99,427582,597759636.0
2026-08-03,ACCELYA,EQ,INE793A01012,ACCELYA SOLN INDIA LTD,1160.0,1160.0,1135.5,1141.9,1142.6,-0.06,4889,5582749.22
2026-08-03,ACE,EQ,INE731H01025,ACTION CONST EQUIP LTD,1072.0,1114.8,1071.4,1105.4,1070.3,3.28,853582,943549563.64
2026-08-03,ACEINTEG,EQ,INE543V01017,ACE INTEGRATED SOLU. LTD.,19.85,19.85,18.81,19.37,19.04,1.73,5575,107987.75
2026-08-03,ACI,EQ,INE128X01021,ARCHEAN CHEMICAL IND LTD,528.0,543.1,522.6,535.6,525.65,1.89,407906,218474443.64
2026-08-03,ACL,EQ,INE666E01020,ANDHRA CEMENTS LIMITED,48.85,48.85,47.16,47.72,47.63,0.19,11075,528499.01
2026-08-03,ACMESOLAR,EQ,INE622W01025,ACME SOLAR HOLDINGS LTD,364.7,376.35,362.6,371.1,362.6,2.34,3058650,1135065033.67
2026-08-03,ACUTAAS,EQ,INE00FF01025,ACUTAAS CHEMICALS LIMITED,3100.0,3150.7,3025.0,3116.4,3104.9,0.37,479397,1493992763.98
2026-08-03,ADANIENSOL,EQ,INE931S01010,ADANI ENERGY SOLUTION LTD,1654.3,1676.0,1635.8,1647.0,1645.4,0.1,1135101,1869511347.0
2026-08-03,ADANIENT,EQ,INE423A01024,ADANI ENTERPRISES LIMITED,3025.0,3077.0,3024.5,3068.0,3009.5,1.94,891429,2734904172.0
2026-08-03,ADANIGREEN,EQ,INE364U01010,ADANI GREEN ENERGY LTD,1390.0,1427.0,1386.6,1395.0,1383.0,0.87,3037528,4237351560.0
2026-08-03,ADANIPORTS,EQ,INE742F01042,ADANI PORT & SEZ LTD,1713.4,1715.9,1692.8,1701.0,1696.5,0.27,1664693,2831642793.0
2026-08-03,ADANIPOWER,EQ,INE814H01029,ADANI POWER LTD,211.8,215.11,211.15,213.65,211.31,1.11,13859607,2961104950.96
2026-08-03,ADFFOODS,EQ,INE982B01027,ADF FOODS LIMITED,272.95,279.9,270.95,273.75,270.95,1.03,117969,32294013.75
2026-08-03,ADL,EQ,INE0CHO01012,ARCHIDPLY DECOR LIMITED,72.0,82.85,69.52,78.97,71.33,10.71,2531,199873.07
2026-08-03,ADOR,EQ,INE045A01017,ADOR WELDING LTD,1480.0,1508.8,1474.1,1503.3,1444.7,4.06,60045,90265651.43
2026-08-03,ADROITINFO,EQ,INE737B01033,ADROIT INFOTECH LIMITED,9.99,10.99,9.73,9.87,10.01,-1.4,74649,736785.62
2026-08-03,ADSL,EQ,INE102I01027,ALLIED DIGITAL SERV. LTD,120.0,120.0,115.53,116.94,114.64,2.01,121064,14157224.46
2026-08-03,ADVAIT,EQ,INE0ALI01010,ADVAIT ENRGY TRANSITION L,2340.0,2418.0,2315.0,2359.2,2310.6,2.1,56187,132556367.66
2026-08-03,ADVANCE,EQ,INE1B0W01010,ADVANCE AGROLIFE LIMITED,126.26,129.0,122.3,124.56,125.01,-0.36,539029,67141450.92
2026-08-03,ADVANIHOTR,EQ,INE199C01026,ADVANI HOT.& RES.(I) LTD,51.13,52.0,51.13,51.56,51.06,0.98,9794,504978.65
2026-08-03,ADVENTHTL,EQ,INE28GN01010,ADVENT HOTELS INTERNATI L,148.1,149.75,146.82,147.88,147.67,0.14,91892,13588989.41
2026-08-03,ADVENZYMES,EQ,INE837H01020,ADVANCED ENZYME TECH LTD,334.0,343.0,318.6,323.75,315.1,2.75,1793899,580774801.25
2026-08-03,AEGISLOG,EQ,INE208C01025,AEGIS LOGISTICS LIMITED,1286.5,1400.0,1282.1,1388.3,1280.8,8.39,2444861,3394200645.68
2026-08-03,AEGISVOPAK,EQ,INE0INX01018,AEGIS VOPAK TERMINALS LTD,293.0,306.4,292.6,301.8,290.16,4.01,2083398,628769490.97
2026-08-03,AEPL,EQ,INE757T01025,ARTEMIS ELECTRICALS & P L,14.21,14.57,14.21,14.32,14.38,-0.42,12960,185587.2
2026-08-03,AEQUS,EQ,INE947N01017,AEQUS LIMITED,229.7,240.68,228.2,233.66,229.16,1.96,4222534,986637309.9
2026-08-03,AEROENTER,EQ,INE065D01027,AEROFLEX ENTERPRISES LTD,121.22,124.0,120.81,123.3,119.43,3.24,220022,27128713.27
2026-08-03,AEROFLEX,EQ,INE024001021,AEROFLEX INDUSTRIES LTD,435.7,439.75,428.1,431.4,435.45,-0.93,607121,261911995.69
2026-08-03,AERONEU,EQ,INE035801013,AEROFLEX NEU LIMITED,86.0,89.8,86.0,87.73,86.0,2.01,64813,5686044.71
2026-08-03,AEROPLANE,EQ,INE05TO01019,AMIR CHAND JAG KUM (E) L,204.9,206.9,198.0,198.62,200.34,-0.86,587646,116718245.65
2026-08-03,AETHER,EQ,INE0BWX01014,AETHER INDUSTRIES LIMITED,1561.0,1574.9,1492.7,1509.5,1539.6,-1.96,557752,841926644.0
2026-08-03,AFCONS,EQ,INE101I01011,AFCONS INFRASTRUCTURE LTD,271.15,282.05,271.15,275.95,271.15,1.77,1309257,361289485.13
2026-08-03,AFFLE,EQ,INE00WC01027,AFFLE 3I LIMITED,1608.7,1668.2,1580.0,1663.0,1586.0,4.85,447915,744882645.0
2026-08-03,AFFORDABLE,EQ,INE692Z01013,AFFORD ROBO & AUTO LTD,182.95,182.95,175.3,177.54,180.86,-1.84,12142,2155690.6
2026-08-03,AFIL,EQ,INE916Y01027,AKME FINTRADE (INDIA) LTD,9.34,9.44,9.15,9.22,9.3,-0.86,253814,2340165.15
2026-08-03,AFSL,EQ,INE00ZE01026,ABANS FINANCIAL SRVCS LTD,201.07,202.49,201.0,201.72,201.04,0.34,9485,1913314.21
2026-08-03,AGARIND,EQ,INE204E01012,AGARWAL INDS CORP LTD.,510.0,526.9,509.8,514.95,499.8,3.03,59423,30599874.58
2026-08-03,AGARWALEYE,EQ,INE943P01029,DR AGARWALS HEALTH CARE L,477.9,495.2,477.35,483.3,478.0,1.11,56679,27392960.01
2026-08-03,AGI,EQ,INE415A01038,AGI GREENPAC LIMITED,710.0,713.3,703.0,704.25,709.25,-0.7,80787,56894244.75
2026-08-03,AGIIL,EQ,INE976R01033,AGI INFRA LIMITED,315.95,324.5,307.7,309.15,312.1,-0.95,2549469,788168325.79
2026-08-03,AGL,EQ,INE1YPB01014,ALLCARGO GLOBAL LIMITED,12.1,12.55,12.1,12.46,12.23,1.88,1465955,18265799.36
2026-08-03,AGRITECH,EQ,INE449G01018,AGRI-TECH (INDIA) LIMITED,114.89,114.89,109.0,112.0,109.63,2.16,5130,574560.0
2026-08-03,AGROPHOS,EQ,INE740V01019,AGRO PHOS INDIA LIMITED,29.33,29.72,28.63,29.18,29.25,-0.24,9808,286197.44
2026-08-03,AHCL,EQ,INE0Y8W01025,ANLON HEALTHCARE LIMITED,14.45,14.85,14.45,14.71,14.61,0.68,1760550,25897690.57
2026-08-03,AHLADA,EQ,INE00PV01013,AHLADA ENGINEERS LIMITED,37.94,37.94,36.0,36.38,36.96,-1.57,15998,582007.26
2026-08-03,AHLEAST,EQ,INE926K01017,ASIAN HOTELS (EAST) LTD,144.1,144.99,142.05,143.12,145.1,-1.36,1406,201226.71
2026-08-03,AHLUCONT,EQ,INE758C01029,AHLUWALIA CONT IND LTD,824.0,848.0,823.75,833.6,821.4,1.49,33625,28029799.18
2026-08-03,AIAENG,EQ,INE212H01026,AIA ENGINEERING LIMITED,4568.0,4700.0,4460.0,4684.6,4591.0,2.04,57776,270657455.24
2026-08-03,AIIL,EQ,INE206F01022,AUTHUM INVEST & INFRA LTD,549.0,556.75,541.4,548.8,539.3,1.76,105935,58137126.71
2026-08-03,AIRAN,EQ,INE645W01026,AIRAN LIMITED,15.4,15.4,14.97,15.03,15.13,-0.66,86715,1303326.43
2026-08-03,AIROLAM,EQ,INE801L01010,AIRO LAM LIMITED,88.0,88.49,86.04,86.17,86.03,0.16,934,80482.78
2026-08-03,AJANTPHARM,EQ,INE031B01049,AJANTA PHARMA LIMITED,3485.5,3540.0,3476.2,3513.9,3465.2,1.41,119278,419130952.55
2026-08-03,AJAXENGG,EQ,INE274Y01021,AJAX ENGINEERING LIMITED,580.5,597.5,580.5,594.0,580.15,2.39,49050,29135700.0
2026-08-03,AJMERA,EQ,INE298G01035,AJMERA REALTY & INF I LTD,126.95,131.0,126.95,130.41,126.34,3.22,297862,38844184.51
2026-08-03,AJOONI,EQ,INE820Y01021,AJOONI BIOTECH LIMITED,3.93,4.05,3.93,3.99,4.0,-0.25,201708,804814.92
2026-08-03,AKASH,EQ,INE737W01013,AKASH INFRA-PROJECTS LTD,26.55,27.23,26.16,26.34,26.69,-1.31,6719,176978.46
2026-08-03,AKG,EQ,INE00Y801016,AKG EXIM LIMITED,10.06,10.69,9.9,10.05,9.86,1.93,30104,302545.21
2026-08-03,AKSHAR,EQ,INE256Z01025,AKSHAR SPINTEX LIMITED,0.39,0.41,0.39,0.4,0.39,2.56,1354682,541872.81
2026-08-03,AKUMS,EQ,INE09XN01023,AKUMS DRUGS AND PHARMA L,666.7,688.3,664.65,681.2,658.35,3.47,143860,97997433.76
2026-08-03,ALANKIT,EQ,INE914E01040,ALANKIT LIMITED,7.9,7.9,7.62,7.77,7.78,-0.13,103580,804816.6
2026-08-03,ALBERTDAVD,EQ,INE155C01010,ALBERT DAVID LIMITED,691.75,707.85,686.2,692.55,689.3,0.47,5943,4115824.58
2026-08-03,ALEMBICLTD,EQ,INE426A01027,ALEMBIC LIMITED,91.35,92.17,91.07,91.67,91.13,0.59,594583,54505422.52
2026-08-03,ALGOQUANT,EQ,INE598D01035,ALGOQUANT FINTECH LIMITED,69.0,70.97,67.6,69.34,68.41,1.36,1528105,105958795.1
2026-08-03,ALICON,EQ,INE062D01024,ALICON CASTALLOY LIMITED,679.95,724.9,661.2,702.75,672.35,4.52,23053,16200495.75
2026-08-03,ALIVUS,EQ,INE03Q201024,ALIVUS LIFE SCIENCES LTD,1182.8,1225.0,1172.9,1214.4,1160.0,4.69,199736,242559403.28
2026-08-03,ALKALI,EQ,INE773I01017,ALKALI METALS LTD,71.0,71.0,68.5,68.59,70.66,-2.93,13416,920203.39
2026-08-03,ALKEM,EQ,INE540L01014,ALKEM LABORATORIES LTD.,5774.5,5774.5,5668.0,5707.0,5751.5,-0.77,122664,700043448.0
2026-08-03,ALKYLAMINE,EQ,INE150B01039,ALKYL AMINES CHEM. LTD,1785.9,1845.0,1785.9,1824.4,1785.6,2.17,48406,88311907.58
2026-08-03,ALLCARGO,EQ,INE418H01029,ALLCARGO LOGISTICS LTD,8.08,8.25,8.05,8.2,8.03,2.12,2879970,23615753.45
2026-08-03,ALLDIGI,EQ,INE835G01018,ALLDIGI TECH LIMITED,815.7,816.95,792.0,814.4,812.7,0.21,16603,13521483.61
2026-08-03,ALLTIME,EQ,INE0GV601021,ALL TIME PLASTICS LIMITED,223.25,227.0,220.15,221.95,221.01,0.43,57115,12676674.08
2026-08-03,ALMONDZ,EQ,INE326B01035,ALMONDZ GLOBAL SEC LTD,14.76,14.94,13.57,13.8,14.76,-6.5,168249,2321836.23
2026-08-03,ALOKINDS,EQ,INE270A01029,ALOK INDUSTRIES LIMITED,12.01,12.13,12.01,12.04,11.92,1.01,2054221,24732820.76
2026-08-03,ALPA,EQ,INE385I01010,ALPA LABORATORIES LTD,67.55,68.25,66.15,66.66,66.84,-0.27,13453,896777.03
2026-08-03,ALPHA,EQ,INF174KA1IA5,KOTAKMAMC - KOTAKALPHA,52.32,52.43,51.93,52.24,51.93,0.6,1226216,64057525.9
2026-08-03,ALPHAETF,EQ,INF769K01KU7,MIRAEAMC - ALPHAETF,26.44,26.44,26.23,26.25,26.18,0.27,416257,10926746.25
2026-08-03,ALPINETEX,EQ,INE1JCQ01037,ALPINE TEXWORLD LIMITED,71.3,74.5,69.5,71.68,73.15,-2.01,456767,32741058.7
2026-08-03,ALPL30IETF,EQ,INF109KC17V7,ICICIPRAMC - ICICIALPLV,28.38,28.65,27.98,28.33,28.38,-0.18,721158,20430406.08
2026-08-03,AMAGI,EQ,INE121R01077,AMAGI MEDIA LABS LIMITED,659.0,690.0,652.35,669.7,650.7,2.92,376284,251997399.39
2026-08-03,AMBER,EQ,INE371P01015,AMBER ENTERPRISES (I) LTD,7567.0,7567.0,7400.0,7400.0,7440.5,-0.54,133339,986708600.0
2026-08-03,AMBICAAGAR,EQ,INE792B01012,AMBICA AGAR & AROMAINDLTD,25.49,25.49,24.75,25.05,25.0,0.2,3362,84218.1
2026-08-03,AMBIKCO,EQ,INE540G01014,AMBIKA COTTON MILL LTD.,1711.8,1788.0,1711.8,1778.9,1711.8,3.92,22628,40252949.75
2026-08-03,AMBUJACEM,EQ,INE079A01024,AMBUJA CEMENTS LTD,434.2,444.5,434.2,444.0,432.2,2.73,3648798,1620066312.0
2026-08-03,AMJLAND,EQ,INE606A01024,AMJ LAND HOLDINGS LIMITED,39.46,39.46,36.3,38.12,39.34,-3.1,31333,1194413.93
2026-08-03,AMNPLST,EQ,INE275D01022,AMINES & PLASTICIZERS LTD,202.01,208.26,196.0,197.51,198.81,-0.65,10787,2130540.31
2026-08-03,AMRUTANJAN,EQ,INE098F01031,AMRUTAJAN HEALTH LTD,520.0,522.4,517.5,521.2,515.0,1.2,8820,4596984.11
2026-08-03,ANANDRATHI,EQ,INE463V01026,ANAND RATHI WEALTH LTD,2094.0,2114.9,2050.0,2058.7,2073.7,-0.72,121852,250856706.45
2026-08-03,ANANTRAJ,EQ,INE242C01024,ANANT RAJ LIMITED,626.0,641.7,621.15,626.15,624.5,0.26,2760905,1728740733.15
2026-08-03,ANDHRAPAP,EQ,INE435A01051,ANDHRA PAPER LIMITED,62.4,62.84,61.65,61.99,61.03,1.57,313581,19438886.72
2026-08-03,ANDHRSUGAR,EQ,INE715B01021,ANDHRA SUGARS LTD,82.99,86.2,82.95,85.48,82.13,4.08,398288,34045659.58
2026-08-03,ANGELONE,EQ,INE732I01021,ANGEL ONE LIMITED,299.9,302.5,296.3,302.0,297.95,1.36,4487008,1355076416.0
2026-08-03,ANIKINDS,EQ,INE087B01017,ANIK INDUSTRIES LTD,43.5,43.5,42.98,43.13,41.33,4.36,5878,253518.15
2026-08-03,ANNAPURNA,EQ,INE0MGM01017,ANNAPURNA SWADISHT LTD,130.0,133.5,127.0,130.65,128.05,2.03,86000,11235899.48
2026-08-03,ANTELOPUS,EQ,INE818A01017,ANTELOPUS SELAN ENRGY LTD,821.0,846.0,812.0,834.55,821.5,1.59,130427,108847851.26
2026-08-03,ANTGRAPHIC,EQ,INE414B01021,ANTARCTICA LTD,0.76,0.78,0.75,0.75,0.75,0.0,116107,87080.25
2026-08-03,ANTHEM,EQ,INE0CZ201020,ANTHEM BIOSCIENCES LTD,819.0,832.95,802.2,829.85,809.2,2.55,960047,796694979.51
2026-08-03,ANUHPHR,EQ,INE489G01022,ANUH PHARMA LIMITED,81.47,81.47,79.5,80.41,79.48,1.17,47682,3834109.79
2026-08-03,ANUP,EQ,INE294Z01018,THE ANUP ENGINEERING LTD,2173.1,2199.9,2151.5,2175.4,2172.9,0.12,14483,31506316.79
2026-08-03,ANURAS,EQ,INE930P01018,ANUPAM RASAYAN INDIA LTD,1211.0,1216.8,1196.0,1209.8,1207.8,0.17,199378,241207514.14
2026-08-03,AONEGOLD,EQ,INF1J2R01114,AONEAMC - AONEGOLD,13.26,13.37,13.21,13.27,13.26,0.08,557416,7396910.58
2026-08-03,AONELIQUID,EQ,INF1J2R01056,AONEAMC - AONELIQUID,1070.96,1070.96,1070.94,1070.94,1070.8,0.01,40902,43803585.48
2026-08-03,AONENIFTY,EQ,INF1J2R01064,AONEAMC - AONENIFTY,10.3,10.3,9.95,10.13,10.05,0.8,330350,3346445.54
2026-08-03,AONESILVER,EQ,INF1J2R01171,AONEAMC - AONESILVER,8.34,8.38,8.25,8.28,8.28,0.0,455260,3769552.68
2026-08-03,AONETMMQ50,EQ,INF1J2R01148,AONEAMC - AONETMMQ50,10.09,10.15,9.93,9.98,10.04,-0.6,58298,581814.01
2026-08-03,AONETOTAL,EQ,INF1J2R01015,AONEAMC - AONETOTAL,11.94,12.1,11.91,12.02,11.94,0.67,444230,5339644.8
2026-08-03,APARINDS,EQ,INE372A01015,APAR INDUSTRIES LTD.,14400.0,14994.0,14321.0,14746.0,14348.0,2.77,281739,4154523294.0
2026-08-03,APCL,EQ,INE071F01012,ANJANI PORTLAND CEM LTD,101.15,103.4,101.15,102.03,100.6,1.42,6249,637585.46
2026-08-03,APCOTEXIND,EQ,INE116A01032,APCOTEX INDUSTRIES LIMITE,614.0,636.0,605.1,617.6,611.35,1.02,621211,383659898.43
2026-08-03,APEX,EQ,INE346W01013,APEX FROZEN FOODS LIMITED,373.95,382.55,372.75,380.4,371.5,2.4,83417,31731826.29
2026-08-03,APLAPOLLO,EQ,INE702C01027,APL APOLLO TUBES LTD,1820.3,1958.0,1820.3,1941.5,1819.5,6.71,4251591,8254463926.5
2026-08-03,APLLTD,EQ,INE901L01018,ALEMBIC PHARMA LTD,797.05,815.05,792.55,805.75,797.05,1.09,58590,47208892.5
2026-08-03,APOLLO,EQ,INE713T01028,APOLLO MICRO SYSTEMS LTD,393.95,400.1,391.05,397.35,389.9,1.91,4826053,1917632189.01
2026-08-03,APOLLOHOSP,EQ,INE437A01024,APOLLO HOSPITALS ENTER. L,9030.0,9049.0,8789.0,8820.0,8957.0,-1.53,250717,2211323940.0
2026-08-03,APOLLOPIPE,EQ,INE126J01016,APOLLO PIPES LIMITED,520.0,533.6,510.0,515.85,515.6,0.05,217488,112191179.49
2026-08-03,APOLLOTYRE,EQ,INE438A01022,APOLLO TYRES LTD,432.25,438.35,430.95,436.6,428.15,1.97,623690,272303057.81
2026-08-03,APOLSINHOT,EQ,INE451F01024,APOLLO SINDOORI HOTEL LTD,1210.7,1217.8,1195.1,1207.1,1200.0,0.59,382,461112.19
2026-08-03,APTUS,EQ,INE852O01025,APTUS VALUE HSG FIN I LTD,263.95,265.2,258.5,263.6,261.2,0.92,1314539,346512488.42
2026-08-03,AQYLON,EQ,INE416A01051,AQYLON NEXUS LIMITED,25.81,26.76,24.22,26.75,25.49,4.94,10374623,277521165.25
2026-08-03,ARCHIDPLY,EQ,INE877I01016,ARCHIDPLY IND. LTD,83.0,83.48,81.3,81.8,81.14,0.81,1504,123027.2
2026-08-03,ARCHIES,EQ,INE731A01020,ARCHIES LTD,13.88,14.75,13.77,13.95,13.77,1.31,5427,75706.65
2026-08-03,ARE&M,EQ,INE885A01032,AMARA RAJA ENERGY MOB LTD,916.2,939.4,912.0,932.3,910.45,2.4,1710264,1594479106.32
2026-08-03,ARENTERP,EQ,INE610C01014,RAJDARSHAN INDUSTRIES LTD,41.26,41.99,38.67,38.96,41.46,-6.03,5934,231188.63
2026-08-03,ARFIN,EQ,INE784R01023,ARFIN INDIA LIMITED,89.0,90.44,84.0,85.49,89.77,-4.77,2342321,200245017.29
2026-08-03,ARIHANT,EQ,INE413D01011,ARIHANT FOUN & HOU LTD,1142.0,1142.0,1106.2,1137.9,1142.75,-0.42,1624,1847949.64
2026-08-03,ARIHANTCAP,EQ,INE420B01036,ARIHANT CAPITAL MKTS LTD,78.0,79.7,77.02,77.48,78.34,-1.1,208574,16160314.22
2026-08-03,ARIHANTSUP,EQ,INE643K01018,ARIHANT SUPERSTRUCT LTD,262.0,263.0,259.0,259.85,261.85,-0.76,4384,1139182.43
2026-08-03,ARIS,EQ,INE0H9P01028,ARISINFRA SOLUTIONS LTD,129.95,133.5,129.0,129.94,128.65,1.0,1878707,244119192.17
2026-08-03,ARKADE,EQ,INE0QRL01017,ARKADE DEVELOPERS LIMITED,142.5,142.97,140.0,140.65,141.19,-0.38,239449,33678500.39
2026-08-03,ARMANFIN,EQ,INE109C01017,ARMAN FIN SERV LTD,1941.0,2001.0,1941.0,1994.3,1941.0,2.75,34160,68125289.67
2026-08-03,AROGRANITE,EQ,INE210C01013,ARO GRANITE IND. LTD.,25.5,25.79,24.9,25.16,25.44,-1.1,20710,521063.6
2026-08-03,ARROWGREEN,EQ,INE570D01018,ARROW GREENTECH LIMITED,732.0,736.0,715.0,727.5,722.4,0.71,10421,7581277.5
2026-08-03,ARSSBL,EQ,INE549H01021,ANAND RATHI SH N STK BR L,518.7,518.7,510.0,511.2,510.8,0.08,83356,42611588.22
2026-08-03,ARTEMISMED,EQ,INE025R01021,ARTEMIS MED SERVICE LTD,304.8,305.0,299.0,302.2,298.5,1.24,261601,79055825.39
2026-08-03,ARTNIRMAN,EQ,INE738V01013,ART NIRMAN LIMITED,37.02,39.5,37.02,38.18,37.07,2.99,3348,127826.64
2026-08-03,ARVEE,EQ,INE006Z01016,ARVEE LABORATORIES I LTD,156.72,158.29,153.85,155.44,156.72,-0.82,62,9637.28
2026-08-03,ARVIND,EQ,INE034A01011,ARVIND LIMITED,517.8,537.4,516.5,528.95,513.2,3.07,623621,329864335.56
2026-08-03,ARVINDFASN,EQ,INE955V01021,ARVIND FASHIONS LIMITED,453.45,456.7,445.55,449.15,450.0,-0.19,164972,74097172.79
2026-08-03,ARVSMART,EQ,INE034S01021,ARVIND SMARTSPACES LTD,595.9,604.45,595.9,600.65,592.55,1.37,16680,10018842.41
2026-08-03,ASAHIINDIA,EQ,INE439A01020,ASAHI INDIA GLASS LIMITED,875.0,900.55,875.0,897.05,876.55,2.34,46380,41605178.43
2026-08-03,ASAL,EQ,INE900C01027,AUTOMOTIVE STAMPINGS & AS,501.9,510.0,501.9,507.85,500.2,1.53,13492,6851912.28
2026-08-03,ASALCBR,EQ,INE073G01016,ASSO ALCOHOLS & BREW LTD,765.0,793.15,765.0,777.85,763.25,1.91,25180,19586262.39
2026-08-03,ASHAPURMIN,EQ,INE348A01023,ASHAPURA MINECHEM LTD,709.65,731.0,708.0,717.85,702.55,2.18,903568,648626266.74
2026-08-03,ASHIANA,EQ,INE365D01021,ASHIANA HOUSING LTD,397.0,399.0,384.3,385.55,390.65,-1.31,53104,20474246.55
2026-08-03,ASHIMASYN,EQ,INE440A01010,ASHIMA LTD,18.08,18.59,17.8,18.09,18.08,0.06,106327,1923455.45
2026-08-03,ASHOKA,EQ,INE442H01029,ASHOKA BUILDCON LTD,121.92,122.68,120.8,121.12,121.09,0.02,960055,116281864.24
2026-08-03,ASHOKAMET,EQ,INE760Y01011,ASHOKA METCAST LIMITED,14.18,14.5,14.18,14.19,14.18,0.07,15401,218540.18
2026-08-03,ASHOKLEY,EQ,INE208A01029,ASHOK LEYLAND LTD,169.28,175.0,169.13,174.55,166.18,5.04,47817945,8346622445.68
2026-08-03,ASIANENE,EQ,INE276G01015,ASIAN ENERGY SERVICES LTD,408.9,418.0,402.05,410.65,398.55,3.04,835789,343216747.75
2026-08-03,ASIANHOTNR,EQ,INE363A01022,ASIAN HOTELS (NORTH) LTD,307.95,308.9,299.65,303.35,300.1,1.08,118626,35985197.82
2026-08-03,ASIANPAINT,EQ,INE021A01026,ASIAN PAINTS LIMITED,2770.9,2810.0,2762.1,2810.0,2747.3,2.28,1040453,2923672930.0
2026-08-03,ASIANTILES,EQ,INE022I01019,ASIAN GRANITO IND. LTD.,54.97,55.18,53.07,53.83,54.68,-1.55,5168198,278204107.8
2026-08-03,ASKAUTOLTD,EQ,INE491J01022,ASK AUTOMOTIVE LIMITED,535.0,577.95,529.0,569.65,528.05,7.88,1082723,616773183.38
2026-08-03,ASPINWALL,EQ,INE991I01015,ASPINWALL & CO LTD,234.1,243.0,234.1,236.19,233.57,1.12,1733,409317.27
2026-08-03,ASTEC,EQ,INE563J01010,ASTEC LIFESCIENCES LTD,645.0,663.8,625.0,628.3,655.35,-4.13,70469,44275671.84
2026-08-03,ASTERDM,EQ,INE914M01019,ASTER DM QUALITY CARE LTD,825.05,836.5,808.0,815.15,822.15,-0.85,623483,508232182.67
2026-08-03,ASTRAL,EQ,INE006I01046,ASTRAL LIMITED,1465.0,1465.7,1425.2,1435.6,1448.6,-0.9,652477,936695965.27
2026-08-03,ASTRAMICRO,EQ,INE386C01029,ASTRA MICROWAVE LTD,1878.0,1893.5,1831.0,1848.8,1861.6,-0.69,372847,689319551.81
2026-08-03,ASTRAZEN,EQ,INE203A01020,ASTRAZENECA PHARMA IND LT,8250.0,8510.0,8180.0,8300.0,8100.0,2.47,13555,112506500.0
2026-08-03,ATALREAL,EQ,INE0ALR01029,ATAL REALTECH LIMITED,33.25,33.9,33.25,33.54,33.17,1.12,8515476,285609072.84
2026-08-03,ATAM,EQ,INE09KD01013,ATAM VALVES LIMITED,65.99,67.0,65.01,65.49,64.44,1.63,5993,392481.56
2026-08-03,ATGL,EQ,INE399L01023,ADANI TOTAL GAS LIMITED,655.9,677.85,654.0,667.6,651.45,2.48,1235916,825097491.43
2026-08-03,ATHERENERG,EQ,INE0LEZ01016,ATHER ENERGY LIMITED,1269.0,1289.9,1242.0,1272.7,1260.3,0.98,3918512,4987090031.07
2026-08-03,ATL,EQ,INE0NN701020,ALLCARGO TERMINALS LTD,23.26,23.6,23.16,23.28,23.24,0.17,64482,1501141.0
2026-08-03,ATLANTAA,EQ,INE285H01022,ATLANTAA LIMITED,35.1,35.7,34.56,35.2,35.1,0.28,15290,538208.01
2026-08-03,ATLANTAELE,EQ,INE0Z4F01028,ATLANTA ELECTRICALS LTD,1588.0,1610.0,1551.3,1589.8,1539.0,3.3,109420,173955921.34
2026-08-03,ATLASCYCLE,EQ,INE446A01025,ATLAS CYCLE (HARYANA) LTD,99.25,99.25,96.43,97.58,98.35,-0.78,3463,337919.55
2026-08-03,ATUL,EQ,INE100A01010,ATUL LTD,6765.0,6872.0,6756.5,6777.0,6736.5,0.6,23390,158514030.0
2026-08-03,ATULAUTO,EQ,INE951D01028,ATUL AUTO LIMITED,521.5,573.75,520.0,563.35,515.45,9.29,1998434,1125817745.11
2026-08-03,AUBANK,EQ,INE949L01017,AU SMALL FINANCE BANK LTD,1054.1,1060.0,1038.4,1060.0,1047.3,1.21,1367532,1449583920.0
2026-08-03,AURIONPRO,EQ,INE132H01018,AURIONPRO SOLN LTD,734.15,751.0,733.0,739.55,733.4,0.84,233978,173038427.04
2026-08-03,AUROPHARMA,EQ,INE406A01037,AUROBINDO PHARMA LTD,1586.9,1591.8,1541.6,1554.7,1580.2,-1.61,1496353,2326379936.04
2026-08-03,AURUM,EQ,INE898S01029,AURUM PROPTECH LIMITED,224.99,224.99,218.0,218.62,219.92,-0.59,165374,36154063.07
2026-08-03,AURUS,EQ,INE142K01011,AURUS GEM CORP LIMITED,4.55,4.75,4.5,4.61,4.54,1.54,24301,112027.61
2026-08-03,AUSOMENT,EQ,INE218C01016,AUSOM ENTERPRISE LIMITED,143.14,146.0,139.0,142.14,143.14,-0.7,5384,765281.76
2026-08-03,AUTOAXLES,EQ,INE449A01011,AUTOMOTIVE AXLES LIMITED,1824.4,1890.0,1810.2,1880.5,1801.2,4.4,43652,82087586.0
2026-08-03,AUTOBEES,EQ,INF204KC1337,NIPPONAMC - NETFAUTO,299.98,301.02,298.07,299.32,297.13,0.74,557956,167007394.01
2026-08-03,AUTOIETF,EQ,INF109KC10V2,ICICIPRAMC - ICICIAUTO,29.97,30.17,29.41,29.74,29.73,0.03,2585573,76894940.43
2026-08-03,AUTOIND,EQ,INE718H01014,AUTOLINE INDUSTRIES LTD,88.45,90.5,86.01,88.86,87.83,1.17,34292,3047187.14
2026-08-03,AVADHSUGAR,EQ,INE349W01017,AVADH SUG & ENERGY LTD,510.0,575.0,510.0,558.7,504.0,10.85,578282,323086160.46
2026-08-03,AVALON,EQ,INE0LCL01028,AVALON TECHNOLOGIES LTD,1814.0,1834.3,1740.0,1751.8,1807.9,-3.1,280823,491945745.11
2026-08-03,AVANTEL,EQ,INE005B01027,AVANTEL LIMITED,162.0,164.79,162.0,162.99,161.89,0.68,634730,103454646.19
2026-08-03,AVANTIFEED,EQ,INE871C01038,AVANTI FEEDS LIMITED,907.35,931.9,901.0,907.3,899.6,0.86,650344,590057103.26
2026-08-03,AVL,EQ,INE679V01027,ADITYA VISION LIMITED,625.0,635.1,604.8,623.65,638.05,-2.26,338580,211155425.27
2026-08-03,AVONMORE,EQ,INE323B01024,AVONMORE CAP&MGT SERV LTD,11.35,11.48,11.25,11.36,11.17,1.7,126394,1435835.8
2026-08-03,AVROIND,EQ,INE652Z01025,AVRO INDIA LIMITED,8.79,8.83,8.53,8.77,8.71,0.69,94601,829650.81
2026-08-03,AVTNPL,EQ,INE488D01021,AVT NATURAL PRODUCTS LTD,72.18,72.18,69.1,70.71,71.47,-1.06,42562,3009558.98
2026-08-03,AWFIS,EQ,INE108V01019,AWFIS SPACE SOLUTIONS LTD,280.0,283.1,276.05,277.3,278.1,-0.29,171951,47682010.2
2026-08-03,AWHCL,EQ,INE01BK01022,ANTONY WASTE HDG CELL LTD,429.55,438.95,426.8,429.65,426.8,0.67,130134,55912072.31
2026-08-03,AWL,EQ,INE699H01024,AWL AGRI BUSINESS LIMITED,190.25,193.9,189.36,190.3,189.44,0.45,3413191,649530257.72
2026-08-03,AXISBANK,EQ,INE238A01034,AXIS BANK LIMITED,1236.9,1272.0,1230.5,1272.0,1229.5,3.46,6713421,8539471512.0
2026-08-03,AXISCADES,EQ,INE555B01013,AXISCADES TECH LTD,1564.0,1599.0,1535.8,1572.9,1553.5,1.25,224880,353713757.49
2026-08-03,AXITA,EQ,INE02EZ01022,AXITA COTTON LIMITED,7.35,7.42,7.3,7.3,7.32,-0.27,414015,3022309.58
2026-08-03,AYE,EQ,INE501X01029,AYE FINANCE LIMITED,167.97,175.49,166.41,172.6,166.52,3.65,852884,147207783.61
2026-08-03,AYMSYNTEX,EQ,INE193B01039,AYM SYNTEX LIMITED,251.0,259.9,248.0,251.6,251.81,-0.08,14782,3719151.29
2026-08-03,AZAD,EQ,INE02IJ01035,AZAD ENGINEERING LIMITED,2309.7,2372.0,2275.1,2306.8,2292.5,0.62,304016,701304123.64
2026-08-03,BAGFILMS,EQ,INE116D01028,B.A.G FILMS AND MEDIA LTD,4.47,4.53,4.37,4.45,4.42,0.68,116426,518095.68
2026-08-03,BAIDFIN,EQ,INE020D01022,BAID FINSERV LIMITED,9.89,10.1,9.89,10.01,9.81,2.04,24127,241511.28
2026-08-03,BAJAJ-AUTO,EQ,INE917I01010,BAJAJ AUTO LIMITED,11575.0,11856.0,11456.0,11856.0,11520.5,2.91,281232,3334286592.0
2026-08-03,BAJAJCON,EQ,INE933K01021,BAJAJ CONSUMER CARE LTD,524.1,534.45,518.45,523.8,524.1,-0.06,1264747,662474463.16
2026-08-03,BAJAJELEC,EQ,INE193E01025,BAJAJ ELECT.LTD,336.0,342.0,334.0,337.65,332.9,1.43,110852,37429177.12
2026-08-03,BAJAJFINSV,EQ,INE918I01026,BAJAJ FINSERV LTD.,2050.5,2096.0,2040.4,2096.0,2029.1,3.3,2850085,5973778160.0
2026-08-03,BAJAJHCARE,EQ,INE411U01027,BAJAJ HEALTHCARE LIMITED,341.0,342.0,336.7,340.4,336.45,1.17,111278,37879030.52
2026-08-03,BAJAJHFL,EQ,INE377Y01014,BAJAJ HOUSING FINANCE LTD,86.85,87.29,86.31,86.85,86.02,0.96,3208217,278633641.55
2026-08-03,BAJAJHIND,EQ,INE306A01021,BAJAJ HINDUSTHAN SUGAR LT,16.9,17.65,16.9,17.52,16.75,4.6,8736035,153055337.2
2026-08-03,BAJAJHLDNG,EQ,INE118A01012,BAJAJ HOLDINGS & INVS LTD,11313.0,11629.0,11257.0,11599.0,11343.0,2.26,46101,534725499.0
2026-08-03,BAJAJINDEF,EQ,INE0O9T01021,INDEF MANUFACTURING LTD,238.99,238.99,232.65,234.8,234.7,0.04,11245,2640326.03
2026-08-03,BAJEL,EQ,INE0KQN01018,BAJEL PROJECTS LIMITED,175.5,180.0,175.5,177.35,176.8,0.31,117082,20764493.41
2026-08-03,BAJFINANCE,EQ,INE296A01032,BAJAJ FINANCE LIMITED,1176.3,1176.4,1140.2,1153.0,1141.2,1.03,13758012,15862987836.0
2026-08-03,BALAJEE,EQ,INE0S2G01011,SHREE TIRUPATI BALAJEE L,27.33,27.87,27.11,27.36,27.33,0.11,12158,332642.89
2026-08-03,BALAJITELE,EQ,INE794B01026,BALAJI TELEFILMS LIMITED.,84.01,86.7,84.0,84.54,83.61,1.11,116653,9861844.73
2026-08-03,BALAMINES,EQ,INE050E01027,BALAJI AMINES LIMITED,2148.0,2165.0,2010.4,2025.2,2133.3,-5.07,368391,746065435.21
2026-08-03,BALAXI,EQ,INE618N01022,BALAXI PHARMA LTD,23.67,24.75,23.67,24.0,23.9,0.42,13887,333288.0
2026-08-03,BALKRISHNA,EQ,INE875R01011,BALKRISHNA PAPER MILLS L,17.25,18.25,17.25,18.05,17.24,4.7,16164,291760.19
2026-08-03,BALKRISIND,EQ,INE787D01026,BALKRISHNA IND. LTD,2478.5,2521.9,2442.1,2492.2,2473.5,0.76,541456,1349416616.76
2026-08-03,BALMLAWRIE,EQ,INE164A01016,BALMER LAWRIE & CO LTD,173.95,175.65,172.68,174.14,172.2,1.13,167087,29096530.08
2026-08-03,BALPHARMA,EQ,INE083D01012,BAL PHARMA LTD.,88.4,90.59,88.0,89.49,88.09,1.59,14911,1334385.36
2026-08-03,BALRAMCHIN,EQ,INE119A01028,BALRAMPUR CHINI MILLS LTD,595.05,665.5,594.0,646.8,586.2,10.34,3161974,2045164744.6
2026-08-03,BALUFORGE,EQ,INE011E01029,BALU FORGE INDUSTRIES LTD,440.45,451.95,440.45,444.85,440.35,1.02,387655,172448329.12
2026-08-03,BANARBEADS,EQ,INE655B01011,BANARAS BEADS LTD,115.4,117.6,112.01,113.98,115.29,-1.14,4734,539581.34
2026-08-03,BANARISUG,EQ,INE459A01010,BANNARI AMMAN SUGARS LTD,3474.9,3532.5,3470.0,3487.2,3475.3,0.34,345,1203083.98
2026-08-03,BANCOINDIA,EQ,INE213C01025,BANCO PRODUCTS (I) LTD,644.2,664.0,643.6,657.75,637.25,3.22,158594,104315203.5
2026-08-03,BANDHANBNK,EQ,INE545U01014,BANDHAN BANK LIMITED,175.14,176.25,172.59,173.65,174.13,-0.28,5621918,976246026.39
2026-08-03,BANG,EQ,INE863I01016,BANG OVERSEAS LTD.,30.1,31.25,29.3,30.27,29.57,2.37,16281,492825.88
2026-08-03,BANK10ADD,EQ,INF740KA1YH2,DSPAMC - BANK10ADD,17.08,17.55,17.08,17.19,17.02,1.0,209619,3603350.72
2026-08-03,BANK10BETF,EQ,INF0QA701CI0,BFAM - BANK10BETF,20.98,21.15,20.82,20.82,20.98,-0.76,5999,124899.18
2026-08-03,BANKA,EQ,INE862Y01015,BANKA BIOLOO LIMITED,88.0,88.0,87.0,87.92,86.01,2.22,445,39124.4
2026-08-03,BANKADD,EQ,INF740KA1RX3,DSPAMC - DSPBANK,58.91,59.23,58.08,58.66,58.57,0.15,37342,2190481.71
2026-08-03,BANKBARODA,EQ,INE028A01039,BANK OF BARODA,244.05,248.48,244.0,247.25,242.6,1.92,8511143,2104380106.75
2026-08-03,BANKBEES,EQ,INF204KB15I9,NIP IND ETF BANK BEES,592.26,599.0,592.21,597.34,592.26,0.86,1031006,615861151.73
2026-08-03,BANKBETA,EQ,INF789F1AUV1,UTIAMC-BANKBETA,59.23,60.02,58.82,59.75,59.12,1.07,531315,31746071.25
2026-08-03,BANKBETF,EQ,INF0QA701714,BFAM - BANKBETF,58.09,59.3,58.09,58.61,58.09,0.9,18123,1062189.04
2026-08-03,BANKETF,EQ,INF769K01KR3,MIRAEAMC - BANKETF,586.03,594.3,585.08,589.78,582.97,1.17,20372,12014998.76
2026-08-03,BANKIETF,EQ,INF109KC15I8,ICICIPRAMC - IPRU5008,59.49,59.49,58.43,59.04,58.78,0.44,831443,49088395.48
2026-08-03,BANKINDIA,EQ,INE084A01016,BANK OF INDIA,139.01,141.66,139.01,140.5,137.95,1.85,8509334,1195561427.0
2026-08-03,BANKNIFTY1,EQ,INF174KA1ZB7,KOTAKMAMC-KOTAKBKETF,60.25,60.25,58.9,59.87,59.46,0.69,410042,24549214.1
2026-08-03,BANKPSU,EQ,INF769K01LZ4,MIRAEAMC - BANKPSU,82.6,86.14,82.6,85.33,84.51,0.97,16035,1368266.58
2026-08-03,BANSALWIRE,EQ,INE0B9K01025,BANSAL WIRE INDUSTRIES L,315.0,320.0,315.0,318.5,314.65,1.22,54172,17253782.0
2026-08-03,BANSWRAS,EQ,INE629D01020,BANSWARA SYNTEX LIMITED,126.0,128.0,123.5,127.34,123.66,2.98,31778,4046610.4
2026-08-03,BASF,EQ,INE373A01013,BASF INDIA LTD,3652.0,3750.0,3652.0,3729.7,3633.8,2.64,14660,54677401.28
2026-08-03,BATAINDIA,EQ,INE176A01028,BATA INDIA LTD,693.1,716.0,693.1,709.65,696.15,1.94,600705,426290317.92
2026-08-03,BATLIBOI,EQ,INE177C01022,BATLIBOI LTD.,82.0,83.91,82.0,82.55,81.88,0.82,8753,722560.18
2026-08-03,BAYERCROP,EQ,INE462A01022,BAYER CROPSCIENCE LTD,4270.0,4324.0,4255.8,4303.3,4234.4,1.63,27279,117389715.37
2026-08-03,BBETF0432,EQ,INF754K01OB1,EDELAMC - BBETF0432,1356.77,1358.0,1355.0,1355.09,1356.86,-0.13,291,394331.18
2026-08-03,BBL,EQ,INE464A01036,BHARAT BIJLEE LTD,2539.0,2586.6,2535.0,2564.5,2524.4,1.59,28315,72613817.5
2026-08-03,BBNPNBETF,EQ,INF251K01TL6,BARODABNP - BBNPNBETF,58.7,58.97,57.91,58.29,57.56,1.27,934,54442.86
2026-08-03,BBNPPGOLD,EQ,INF251K01SU9,BARODABNP - BBNPPGOLD,136.85,137.8,136.0,137.05,137.5,-0.33,2773,380039.66
2026-08-03,BBOX,EQ,INE676A01027,BLACK BOX LIMITED,769.0,796.0,742.2,753.7,755.5,-0.24,509040,383663454.21
2026-08-03,BBTC,EQ,INE050A01025,BOMBAY BURMAH TRADING COR,1520.0,1558.0,1497.0,1537.2,1497.1,2.68,111484,171373199.36
2026-08-03,BBTCL,EQ,INE01EE01011,B&B TRIPLEWALL CONT LTD,239.0,239.0,220.0,222.48,241.22,-7.77,31193,6939818.51
2026-08-03,BCG,EQ,INE425B01027,BRIGHTCOM GROUP LIMITED,9.38,9.5,9.3,9.35,9.33,0.21,2536384,23715191.37
2026-08-03,BCLIND,EQ,INE412G01024,BCL INDUSTRIES LIMITED,37.75,38.25,37.0,37.89,36.74,3.13,1467506,55603801.44
2026-08-03,BCONCEPTS,EQ,INE977Y01011,BRAND CONCEPTS LIMITED,188.05,191.0,185.88,189.14,188.55,0.31,10751,2033444.13
2026-08-03,BCPL,EQ,INE00SW01015,BCPL RAILWAY INFRA LTD,70.8,71.69,70.0,70.41,69.07,1.94,9435,664318.38
2026-08-03,BDL,EQ,INE171Z01026,BHARAT DYNAMICS LIMITED,1254.9,1272.0,1254.9,1265.0,1253.1,0.95,361236,456963540.0
2026-08-03,BEARDSELL,EQ,INE520H01022,BEARDSELL LIMITED,26.85,27.76,26.85,27.5,26.85,2.42,13877,381617.5
2026-08-03,BECTORFOOD,EQ,INE495P01020,MRS BECTORS FOOD SPE LTD,207.34,213.2,207.13,211.27,206.46,2.33,1052608,222384496.66
2026-08-03,BEDMUTHA,EQ,INE844K01012,BEDMUTHA INDUST LTD,109.4,114.0,109.2,111.71,108.91,2.57,3431,383277.01
2026-08-03,BEL,EQ,INE263A01024,BHARAT ELECTRONICS LTD,390.0,392.25,388.0,392.15,387.85,1.11,9389415,3682059034.94
2026-08-03,BELLACASA,EQ,INE344T01014,BELLA CASA FASH AND RET L,242.0,254.99,238.1,246.04,237.4,3.64,24355,5992304.04
2026-08-03,BELRISE,EQ,INE894V01022,BELRISE INDUSTRIES LTD,239.9,244.9,238.4,241.86,236.73,2.17,5748763,1390395822.69
2026-08-03,BEML,EQ,INE258A01024,BEML LIMITED,1755.0,1768.0,1740.0,1743.7,1750.4,-0.38,149171,260109465.42
2026-08-03,BEPL,EQ,INE922A01025,BHANSALI ENG. POLYMERS LT,117.89,121.7,116.93,120.72,116.02,4.05,2334789,281855730.93
2026-08-03,BERGEPAINT,EQ,INE463A01038,BERGER PAINTS (I) LTD,522.3,536.55,522.0,526.55,520.45,1.17,389074,204866909.95
2026-08-03,BESTAGRO,EQ,INE052T01021,BEST AGROLIFE LIMITED,19.71,19.8,18.5,18.89,19.12,-1.2,9001014,170029148.97
2026-08-03,BETA,EQ,INE351Y01019,BETA DRUGS LIMITED,2231.9,2390.0,2226.8,2353.0,2231.9,5.43,33631,79133743.0
2026-08-03,BFINVEST,EQ,INE878K01010,BF INVESTMENT LIMITED,468.5,487.0,460.05,483.0,454.85,6.19,140019,67629177.0
2026-08-03,BFSI,EQ,INF769K01HI8,MIRAEAMC - MAFSETF,27.78,28.2,27.43,27.9,27.61,1.05,599668,16730736.97
2026-08-03,BFUTILITIE,EQ,INE243D01012,BF UTILITIES LIMITED,580.0,595.95,575.0,576.2,570.35,1.03,85468,49246662.64
2026-08-03,BHAGCHEM,EQ,INE414D01027,BHAGIRADHA CHEM & INDS L,291.95,316.9,289.05,298.35,290.75,2.61,1299490,387702849.43
2026-08-03,BHAGYANGR,EQ,INE458B01036,BHAGYANAGAR INDIA LIMITED,389.9,393.3,376.1,387.45,380.3,1.88,73246,28379163.59
2026-08-03,BHANDARI,EQ,INE474E01029,BHANDARI HOSIERY EXP LTD,2.84,2.9,2.84,2.89,2.86,1.05,73669,212903.42
2026-08-03,BHARATCOAL,EQ,INE05XR01022,BHARAT COKING COAL LTD,34.25,34.59,33.9,34.09,33.97,0.35,7406978,252503881.15
2026-08-03,BHARATFORG,EQ,INE465A01025,BHARAT FORGE LTD,2218.0,2232.5,2192.0,2211.0,2199.8,0.51,596791,1319504901.0
2026-08-03,BHARATRAS,EQ,INE838B01021,BHARAT RASAYAN LTD,1286.0,1349.9,1280.3,1337.2,1280.3,4.44,19868,26567488.63
2026-08-03,BHARATSE,EQ,INE415D01024,BHARAT SEATS LIMITED,223.9,230.99,222.1,223.36,221.65,0.77,423854,94672029.7
2026-08-03,BHARATWIRE,EQ,INE316L01019,BHARAT WIRE ROPES LTD.,197.48,204.85,197.48,202.77,196.99,2.93,204511,41468696.34
2026-08-03,BHARTIARTL,EQ,INE397D01024,BHARTI AIRTEL LIMITED,1987.4,1987.4,1943.0,1970.5,1972.0,-0.08,4361200,8593744600.0
2026-08-03,BHARTIHEXA,EQ,INE343G01021,BHARTI HEXACOM LIMITED,1633.4,1653.9,1618.4,1645.8,1607.5,2.38,68641,112969361.15
2026-08-03,BHEL,EQ,INE257A01026,BHEL,409.0,414.35,406.45,411.15,407.0,1.02,5593016,2299568494.26
2026-08-03,BIGBLOC,EQ,INE412U01025,BIGBLOC CONSTRUCTION LTD,45.45,46.03,44.5,45.8,45.45,0.77,42425,1943064.97
2026-08-03,BIKAJI,EQ,INE00E101023,BIKAJI FOODS INTERN LTD,641.65,656.0,641.65,650.0,641.65,1.3,86120,55978000.0
2026-08-03,BIL,EQ,INE828A01016,BHARTIYA INTERNATIONAL,764.95,764.95,735.0,760.85,740.6,2.73,1859,1414420.1
2026-08-03,BIMETAL,EQ,INE469A01019,BIMETAL BEARINGS LTD.,651.3,678.0,635.25,637.15,669.7,-4.86,2106,1341837.95
2026-08-03,BIOCON,EQ,INE376G01013,BIOCON LIMITED.,429.0,429.5,423.3,427.0,425.7,0.31,3389704,1447403608.0
2026-08-03,BIOFILCHEM,EQ,INE829A01014,BIOFIL CHEM & PHARMA LTD,32.05,33.89,32.05,33.07,31.94,3.54,12853,425048.71
2026-08-03,BIRLACABLE,EQ,INE800A01015,BIRLA CABLE LIMITED,214.0,214.0,214.0,214.0,203.81,5.0,22264,4764496.0
2026-08-03,BIRLACORPN,EQ,INE340A01012,BIRLA CORPORATION LTD,903.0,909.2,884.0,906.1,890.5,1.75,129029,116913173.75
2026-08-03,BIRLAMONEY,EQ,INE865C01022,ADITYA BIRLA MONEY LTD,134.84,136.37,133.15,134.25,134.84,-0.44,44422,5963653.5
2026-08-03,BIRLANU,EQ,INE557A01011,BIRLANU LIMITED,1341.7,1369.9,1334.7,1341.3,1334.7,0.49,6095,8175223.8
2026-08-03,BLACKBUCK,EQ,INE0UIZ01018,BLACKBUCK LIMITED,545.2,555.0,541.0,551.0,542.5,1.57,455290,250864790.0
2026-08-03,BLAL,EQ,INE0N7W01012,BEML LAND ASSETS LIMITED,172.75,176.2,172.75,174.62,172.75,1.08,17946,3133730.43
2026-08-03,BLBLIMITED,EQ,INE791A01024,BLB LIMITED,15.88,15.95,15.35,15.39,15.5,-0.71,114654,1764525.1
2026-08-03,BLKASHYAP,EQ,INE350H01032,B.L.KASHYAP & SON LTD,55.0,55.25,53.8,54.32,54.46,-0.26,174052,9454504.59
2026-08-03,BLS,EQ,INE153T01027,BLS INTL SERVS LTD,240.0,251.5,239.42,250.75,239.4,4.74,1694645,424932233.75
2026-08-03,BLSE,EQ,INE0NLT01010,BLS E-SERVICES LIMITED,306.1,307.65,298.1,299.8,300.66,-0.29,824838,247286422.33
2026-08-03,BLUECOAST,EQ,INE472B01011,BLUE COAST HOTELS LIMITED,24.74,25.91,24.61,24.64,24.74,-0.4,3945,97204.8
2026-08-03,BLUEDART,EQ,INE233B01017,BLUE DART EXPRESS LTD,5560.0,5745.0,5326.0,5427.0,5160.3,5.17,601176,3262582152.0
2026-08-03,BLUEJET,EQ,INE0KBH01020,BLUE JET HEALTHCARE LTD,633.0,647.8,577.05,589.5,626.25,-5.87,6512064,3838861728.0
2026-08-03,BLUESTARCO,EQ,INE472A01039,BLUE STAR LIMITED,1683.4,1730.0,1678.6,1729.2,1681.2,2.86,374036,646783032.94
2026-08-03,BLUESTONE,EQ,INE304W01038,BLUESTONE JEWEL LFSTL LTD,823.4,831.0,791.05,802.7,816.2,-1.65,5474663,4394512056.93
2026-08-03,BLUSPRING,EQ,INE0U4101014,BLUSPRING ENTERPRISES LTD,115.85,120.99,112.05,114.78,115.85,-0.92,643179,73824084.83
2026-08-03,BMWVENTLTD,EQ,INE965W01036,BMW VENTURES LIMITED,56.86,58.41,56.76,57.69,56.85,1.48,76337,4403881.43
2026-08-03,BNKETFAXIS,EQ,INF846K01X63,AXISAMC-BNKETFAXIS,592.05,596.71,592.05,593.71,587.51,1.06,820,486842.22
2026-08-03,BODALCHEM,EQ,INE338D01028,BODAL CHEMICALS LTD,70.66,74.19,70.66,73.97,70.66,4.68,481198,35594216.65
2026-08-03,BOHRAIND,EQ,INE802W01023,BOHRA INDUSTRIES LIMITED,14.96,15.29,14.1,15.0,14.67,2.25,14199,212985.0
2026-08-03,BOMDYEING,EQ,INE032A01023,BOMBAY DYEING & MFG. CO L,122.3,122.99,121.6,121.92,121.53,0.32,200678,24466661.39
2026-08-03,BONLON,EQ,INE0B9A01018,BONLON INDUSTRIES LIMITED,38.55,42.35,38.55,41.23,40.34,2.21,1950,80398.5
2026-08-03,BORANA,EQ,INE16SF01016,BORANA WEAVES LIMITED,324.65,334.0,317.25,318.85,324.65,-1.79,24131,7694169.5
2026-08-03,BOROLTD,EQ,INE02PY01013,BOROSIL LIMITED,236.6,239.84,231.47,233.47,236.44,-1.26,91420,21343827.51
2026-08-03,BORORENEW,EQ,INE666D01022,BOROSIL RENEWABLES LTD,564.0,564.0,552.05,553.95,555.7,-0.31,409223,226689085.85
2026-08-03,BOROSCI,EQ,INE02L001032,BOROSIL SCIENTIFIC LTD,160.01,163.5,147.2,153.42,157.65,-2.68,341108,52332788.74
2026-08-03,BOSCH-HCIL,EQ,INE782A01015,BOSCH HOME COMFRT IND LTD,1398.0,1409.7,1374.0,1390.2,1391.3,-0.08,71134,98890483.33
2026-08-03,BOSCHLTD,EQ,INE323A01026,BOSCH LIMITED,41325.0,41600.0,41105.0,41300.0,41085.0,0.52,14910,615783000.0
2026-08-03,BPCL,EQ,INE029A01011,BHARAT PETROLEUM CORP  LT,324.75,329.95,322.0,329.95,319.75,3.19,5844038,1928240409.44
2026-08-03,BPL,EQ,INE110A01019,BPL LTD,53.9,54.95,53.9,54.49,53.33,2.18,24580,1339364.24
2026-08-03,BRIGADE,EQ,INE791I01019,BRIGADE ENTER. LTD,581.95,587.55,575.0,583.65,580.2,0.59,430693,251373979.96
2026-08-03,BRIGHOTEL,EQ,INE03NU01014,BRIGADE HOTEL VENTURE LTD,60.29,62.79,59.65,61.04,59.45,2.67,268790,16406941.85
2026-08-03,BRITANNIA,EQ,INE216A01030,BRITANNIA INDUSTRIES LTD,5422.0,5531.0,5401.0,5531.0,5416.5,2.11,201410,1113998710.0
2026-08-03,BRNL,EQ,INE727S01012,BHARAT ROAD NETWORK LTD,17.55,18.22,17.2,17.47,17.51,-0.23,45968,803060.93
2026-08-03,BROOKS,EQ,INE650L01011,BROOKS LAB LIMITED,61.16,62.4,61.0,61.26,60.98,0.46,8073,494551.97
2026-08-03,BSE,EQ,INE118H01025,BSE LIMITED,3660.0,3671.4,3560.0,3575.0,3646.2,-1.95,3750195,13406947125.0
2026-08-03,BSE500IETF,EQ,INF109KC1V59,ICICIPRAMC - ICICI500,39.21,40.07,39.21,40.0,39.58,1.06,104846,4193840.0
2026-08-03,BSHSL,EQ,INE032Z01020,BOMBAY SUPER HYBRID SEEDS,86.0,88.55,85.35,86.0,85.0,1.18,4759,409274.0
2026-08-03,BSL,EQ,INE594B01012,BSL LTD,126.95,126.95,123.25,123.65,124.8,-0.92,3036,375401.4
2026-08-03,BSLGOLDETF,EQ,INF209KB18D3,ADITYBIRLA SL GOLD ETF-GR,125.91,125.91,124.36,124.69,124.66,0.02,121126,15103201.24
2026-08-03,BSLNIFTY,EQ,INF209KB19D1,ADITYBIRLA SL NIF ETF-GR,28.6,29.31,28.2,28.84,28.6,0.84,1988887,57359501.38
2026-08-03,BSLSENETFG,EQ,INF209KB10E8,BIRLASLAMC - BSLSENETFG,77.75,79.97,76.98,79.14,78.55,0.75,3241,256492.74
2026-08-03,BSOFT,EQ,INE836A01035,BIRLASOFT LIMITED,303.95,323.0,303.1,321.5,302.4,6.32,3371518,1083943037.0
2026-08-03,BTML,EQ,INE0EEJ01023,BODHI TREE MULTIMEDIA LTD,6.95,6.98,6.58,6.84,7.09,-3.53,403947,2762997.54
2026-08-03,BUILDPRO,EQ,INE24OJ01011,SHANKARA BUILDPRO LIMITED,1250.0,1360.0,1249.1,1343.6,1242.2,8.16,222434,298862316.97
2026-08-03,BUTTERFLY,EQ,INE295F01017,BTRFLY GANDHI APPL LTD,723.4,755.0,722.2,736.5,719.65,2.34,82511,60769351.5
2026-08-03,BVCL,EQ,INE139I01011,BARAK VALLEY CEM. LTD.,42.42,42.42,39.25,40.61,41.2,-1.43,22305,905806.06
2026-08-03,CAMLINFINE,EQ,INE052I01032,CAMLIN FINE SCIENCES LTD,125.25,130.5,125.25,128.47,127.74,0.57,331756,42620693.72
2026-08-03,CAMPUS,EQ,INE278Y01022,CAMPUS ACTIVEWEAR LIMITED,223.9,225.0,222.38,223.2,222.35,0.38,553988,123650119.91
2026-08-03,CAMS,EQ,INE596I01020,COMPUTER AGE MNGT SER LTD,810.0,815.0,789.8,791.0,796.15,-0.65,1922245,1520495795.0
2026-08-03,CANBK,EQ,INE476A01022,CANARA BANK,125.95,127.59,125.5,127.1,124.98,1.7,18180646,2310760078.86
2026-08-03,CANFINHOME,EQ,INE477A01020,CAN FIN HOMES LTD,824.6,825.25,813.45,817.0,820.6,-0.44,287473,234865441.0
2026-08-03,CANHLIFE,EQ,INE01TY01017,CANARA HSBC LIFE INS CO L,148.0,154.8,147.15,150.92,146.45,3.05,1146685,173057698.1
2026-08-03,CANTABIL,EQ,INE068L01024,CANTABIL RETAIL LTD,245.55,252.47,244.6,247.24,245.55,0.69,189873,46944201.56
2026-08-03,CAPACITE,EQ,INE264T01014,CAPACITE INFRAPROJECT LTD,216.01,218.7,213.05,213.61,214.7,-0.51,362818,77501553.2
2026-08-03,CAPILLARY,EQ,INE0ILV01024,CAPILLARY TECHNO INDIA L,505.95,505.95,493.05,495.55,497.35,-0.36,61368,30410911.65
2026-08-03,CAPITALSFB,EQ,INE646H01017,CAPITAL SMALL FIN BANK L,292.0,298.9,292.0,295.65,291.7,1.35,18503,5470411.84
2026-08-03,CAPLIPOINT,EQ,INE475E01026,CAPLIN POINT LAB LTD.,2516.8,2586.5,2496.2,2566.1,2516.8,1.96,55647,142795772.13
2026-08-03,CARBORUNIV,EQ,INE120A01034,CARBORUNDUM UNIVERSAL LTD,1076.1,1110.0,1063.8,1095.5,1063.8,2.98,199525,218579637.5
2026-08-03,CARERATING,EQ,INE752H01013,CARE RATINGS LIMITED,1723.0,1763.0,1703.2,1715.6,1709.5,0.36,50880,87289726.76
2026-08-03,CARRARO,EQ,INE0V7W01012,CARRARO INDIA LIMITED,538.9,545.15,533.05,542.8,536.4,1.19,129879,70498319.61
2026-08-03,CARTRADE,EQ,INE290S01011,CARTRADE TECH LIMITED,2746.0,2827.9,2727.7,2803.3,2719.6,3.08,352049,986898978.89
2026-08-03,CARYSIL,EQ,INE482D01024,CARYSIL LIMITED,1170.1,1196.0,1168.0,1188.3,1175.3,1.11,71106,84495263.27
2026-08-03,CASTROLIND,EQ,INE172A01027,CASTROL INDIA LIMITED,185.54,186.9,184.98,185.84,185.21,0.34,1264598,235012887.69
2026-08-03,CCAVENUE,EQ,INE483S01020,AVENUESAI LIMITED,16.04,18.05,15.92,17.43,15.85,9.97,95564917,1665696532.47
2026-08-03,CCCL,EQ,INE429I01024,CONS. CONST. CONSORT LTD,15.65,15.99,15.56,15.73,15.49,1.55,124087,1951888.45
2026-08-03,CCHHL,EQ,INE652F01027,COUNTRY CLUB HOSP HOL LTD,13.01,13.47,12.82,13.06,13.08,-0.15,32135,419683.11
2026-08-03,CCL,EQ,INE421D01022,CCL PRODUCTS (I) LTD,1156.5,1197.1,1136.1,1152.4,1155.3,-0.25,182159,209920036.05
2026-08-03,CDSL,EQ,INE736A01011,CENTRAL DEPO SER (I) LTD,1341.9,1354.0,1318.0,1322.2,1333.0,-0.81,2784297,3681397357.45
2026-08-03,CEATLTD,EQ,INE482A01020,CEAT LIMITED,3481.9,3563.0,3451.1,3542.5,3429.9,3.28,152999,541998957.5
2026-08-03,CEIGALL,EQ,INE0AG901020,CEIGALL INDIA LIMITED,342.75,349.45,342.75,344.75,342.75,0.58,120537,41555130.75
2026-08-03,CEINSYS,EQ,INE016Q01014,CEINSYS TECH LIMITED,841.0,858.0,820.0,833.1,839.35,-0.74,50461,42039057.87
2026-08-03,CELEBRITY,EQ,INE185H01016,CELEBRITY FASHIONS LTD,7.12,7.3,6.97,7.11,6.95,2.3,29141,207192.51
2026-08-03,CELLO,EQ,INE0LMW01024,CELLO WORLD LIMITED,345.0,348.5,344.05,345.55,343.3,0.66,182632,63108485.37
2026-08-03,CEMNTGROWW,EQ,INF666M01PH7,GROWWAMC - CEMNTGROWW,15.55,15.55,15.24,15.49,15.23,1.71,79261,1227752.87
2026-08-03,CEMPRO,EQ,INE686A01026,CEMINDIA PROJECTS LIMITED,1375.0,1375.0,1326.1,1363.3,1367.8,-0.33,439717,599466207.57
2026-08-03,CENTENKA,EQ,INE485A01015,CENTURY ENKA LTD,615.0,625.9,614.5,621.6,610.45,1.83,161398,100324992.86
2026-08-03,CENTEXT,EQ,INE281A01026,CENTURY EXTRUSIONS LTD,20.0,20.69,19.37,20.0,19.87,0.65,203679,4073580.0
2026-08-03,CENTRALBK,EQ,INE483A01010,CENTRAL BANK OF INDIA,31.11,31.6,31.09,31.46,30.97,1.58,6387087,200937751.17
2026-08-03,CENTRUM,EQ,INE660C01027,CENTRUM CAPITAL LIMITED,23.81,24.76,23.52,24.09,23.73,1.52,611346,14727325.23
2026-08-03,CENTUM,EQ,INE320B01020,CENTUM ELECTRONICS LTD,3600.0,3748.4,3577.2,3676.5,3543.1,3.77,52835,194247877.5
2026-08-03,CENTURYPLY,EQ,INE348B01021,CENTURY PLYBOARDS (I) LTD,802.0,827.9,767.1,772.8,799.5,-3.34,358636,277153896.42
2026-08-03,CERA,EQ,INE739E01017,CERA SANITARYWARE LTD,6200.0,6308.0,6130.0,6280.5,6126.0,2.52,6740,42330570.0
2026-08-03,CESC,EQ,INE486A01021,CESC LTD,166.0,169.1,164.58,165.98,165.57,0.25,901195,149580342.25
2026-08-03,CEWATER,EQ,INE037Z01029,CONCORD ENVIRO SYSTEMS L,290.0,290.05,285.0,285.8,287.8,-0.69,74058,21165775.5
2026-08-03,CGCL,EQ,INE180C01042,CAPRI GLOBAL CAPITAL LTD,232.38,234.83,225.1,227.47,232.38,-2.11,2461491,559915360.77
2026-08-03,CGPOWER,EQ,INE067A01029,CG POWER AND IND SOL LTD,865.55,867.95,826.1,826.1,863.4,-4.32,4042469,3339483542.21
2026-08-03,CHALET,EQ,INE427F01016,CHALET HOTELS LIMITED,811.4,828.45,807.95,821.5,811.4,1.24,69654,57220761.0
2026-08-03,CHAMBLFERT,EQ,INE085A01013,CHAMBAL FERTILIZERS LTD,440.0,455.7,439.75,455.0,438.9,3.67,882614,401589370.0
2026-08-03,CHEMBOND,EQ,INE995D01025,CHEMBOND MATERIALTECH LTD,165.5,175.3,161.6,173.91,167.0,4.14,7569,1316324.82
2026-08-03,CHEMFAB,EQ,INE783X01023,CHEMFAB ALKALIS LIMITED,375.0,377.0,364.0,376.95,374.7,0.6,1550,584272.52
2026-08-03,CHEMICAL,EQ,INF174KA1XV0,KOTAKMAMC - CHEMICAL,29.75,30.87,29.75,30.69,30.17,1.72,507603,15578336.34
2026-08-03,CHEMPLASTS,EQ,INE488A01050,CHEMPLAST SANMAR LIMITED,194.21,198.3,194.21,196.1,194.18,0.99,226481,44412925.48
2026-08-03,CHENNPETRO,EQ,INE178A01016,CHENNAI PETROLEUM CORP LT,1266.7,1343.0,1266.0,1325.5,1260.6,5.15,3024039,4008363694.5
2026-08-03,CHEVIOT,EQ,INE974B01016,CHEVIOT COMPANY LIMITED,1150.0,1150.0,1112.0,1130.4,1106.6,2.15,2008,2269843.25
2026-08-03,CHOICEIN,EQ,INE102B01014,CHOICE INTERNATIONAL LTD,828.0,835.8,821.0,828.1,822.95,0.63,550388,455776289.36
2026-08-03,CHOLAFIN,EQ,INE121A01024,CHOLAMANDALAM IN & FIN CO,1870.4,1913.0,1861.1,1888.2,1849.9,2.07,2277492,4300360283.19
2026-08-03,CHOLAHLDNG,EQ,INE149A01033,CHOLAMANDALAM FIN HOL LTD,1554.0,1590.0,1550.0,1574.6,1534.2,2.63,291653,459236806.68
2026-08-03,CIEINDIA,EQ,INE536H01010,CIE AUTOMOTIVE INDIA LTD,409.45,422.0,409.45,419.65,408.6,2.7,467187,196055021.7
2026-08-03,CIFL,EQ,INE345H01024,CAPITAL INDIA FINANCE LTD,21.89,22.61,20.62,20.76,20.78,-0.1,102825,2134647.02
2026-08-03,CINELINE,EQ,INE704H01022,CINELINE INDIA LIMITED,89.75,92.9,87.9,88.53,87.8,0.83,62732,5553663.88
2026-08-03,CINEVISTA,EQ,INE039B01026,CINEVISTA LIMITED,15.49,15.49,14.81,14.94,15.06,-0.8,11459,171197.46
2026-08-03,CIPLA,EQ,INE059A01026,CIPLA LTD,1475.0,1480.6,1454.3,1474.4,1473.2,0.08,811745,1196836847.82
2026-08-03,CLEAN,EQ,INE227W01023,CLEAN SCIENCE & TECH LTD,757.55,799.8,735.0,764.15,734.05,4.1,3558094,2718917616.97
2026-08-03,CLEANMAX,EQ,INE647U01026,CLEAN MAX ENVIRO EN SOL L,1373.0,1417.5,1338.0,1349.5,1335.6,1.04,514965,694945267.5
2026-08-03,CLEDUCATE,EQ,INE201M01029,CL EDUCATE LIMITED,57.49,59.28,56.7,59.28,56.46,4.99,27052,1603642.53
2026-08-03,CLSEL,EQ,INE419D01026,CHAMAN LAL SETIA EXP LTD,288.0,297.0,285.05,292.3,285.5,2.38,87977,25715676.03
2026-08-03,CMLL,EQ,INE11XY01018,CALIBER MINING AND LOG L,566.9,571.65,542.0,566.85,556.1,1.93,1270104,719958421.39
2026-08-03,CMPDI,EQ,INE05HV01027,CENTRAL MINE P N D INST L,243.8,249.7,243.51,247.49,239.83,3.19,1911924,473182081.26
2026-08-03,CMRGREEN,EQ,INE00WV01027,CMR GREEN TECHNOLOGIES L,219.0,227.8,217.3,222.58,216.7,2.71,1805490,401865967.51
2026-08-03,CMSINFO,EQ,INE925R01014,CMS INFO SYSTEMS LIMITED,267.7,278.6,267.5,275.4,263.7,4.44,1312567,361480943.79
2026-08-03,CNL,EQ,INE985W01018,CREATIVE NEWTECH LIMITED,1006.0,1028.95,1000.25,1015.9,993.2,2.29,67299,68369055.74
2026-08-03,COALINDIA,EQ,INE522F01014,COAL INDIA LTD,415.95,416.0,412.6,416.0,414.15,0.45,5371911,2234714976.0
2026-08-03,COASTCORP,EQ,INE377E01024,COASTAL CORPORATION LTD,49.01,56.68,49.01,51.04,48.84,4.5,876777,44750698.88
2026-08-03,COCHINSHIP,EQ,INE704P01025,COCHIN SHIPYARD LIMITED,1430.0,1448.6,1423.5,1441.9,1423.0,1.33,919243,1325456504.14
2026-08-03,COCKERILL,EQ,INE515A01019,JOHN COCKERILL INDIA LTD.,8670.0,9149.0,8500.5,8987.5,8645.5,3.96,8857,79602287.5
2026-08-03,COFFEEDAY,EQ,INE335K01011,COFFEE DAY ENTERPRISE LTD,30.99,32.03,30.99,32.03,30.51,4.98,370012,11851483.91
2026-08-03,COFORGE,EQ,INE591G01025,COFORGE LIMITED,1739.0,1771.0,1719.0,1768.0,1721.0,2.73,2365023,4181360664.0
2026-08-03,COHANCE,EQ,INE03QK01018,COHANCE LIFESCIENCES LTD,425.05,436.7,423.0,425.35,425.05,0.07,312974,133123492.81
2026-08-03,COLPAL,EQ,INE259A01022,COLGATE PALMOLIVE LTD.,2076.1,2116.6,2050.1,2077.0,2076.1,0.04,515125,1069914625.0
2026-08-03,COMMOIETF,EQ,INF109KC19O8,ICICIPRAMC - ICICICOMMO,99.62,101.7,99.62,101.49,100.63,0.85,62270,6319782.17
2026-08-03,COMPUSOFT,EQ,INE453B01029,COMPUCOM SOFTWARE LTD,13.43,13.67,13.32,13.4,13.43,-0.22,15772,211344.79
2026-08-03,COMSYN,EQ,INE073V01015,COMMERCIAL SYN BAGS LTD,215.0,218.8,208.0,208.72,214.81,-2.84,565652,118062886.13
2026-08-03,CONCOR,EQ,INE111A01025,CONTAINER CORP OF IND LTD,527.0,531.7,522.5,525.0,525.5,-0.1,1928428,1012424700.0
2026-08-03,CONCORDBIO,EQ,INE338H01029,CONCORD BIOTECH LIMITED,1444.4,1456.3,1389.0,1414.6,1420.8,-0.44,402980,570055498.16
2026-08-03,CONFIPET,EQ,INE552D01024,CONFIDENCE PETRO IND LTD.,80.03,84.4,80.0,83.77,79.66,5.16,5300850,444052186.71
2026-08-03,CONS,EQ,INF174KA1ZF8,KOTAKMAMC - KOTAKCONS,12.65,12.65,12.29,12.47,12.47,0.0,80418,1002812.48
2026-08-03,CONSUMAXIS,EQ,INF846K016C7,AXISAMC-CONSUMAXIS,124.29,125.69,124.29,125.1,124.29,0.65,7213,902346.29
2026-08-03,CONSUMBEES,EQ,INF204KA1LD7,NIP IND ETF CONSUMPTION,135.09,135.93,133.53,135.2,134.53,0.5,219813,29718716.93
2026-08-03,CONSUMER,EQ,INF769K01NS5,MIRAEAMC - CONSUMER,12.11,12.25,12.1,12.18,12.08,0.83,421073,5128669.27
2026-08-03,CONSUMIETF,EQ,INF109KC1V42,ICICIPRAMC - ICICICONSU,127.91,127.91,125.35,125.94,125.4,0.43,26499,3337284.12
2026-08-03,CONTROLPR,EQ,INE663B01015,CONTROL PRINT LIMITED,571.05,577.0,570.05,571.45,572.5,-0.18,23627,13501649.44
2026-08-03,CORALFINAC,EQ,INE558D01021,CORAL INDIA FIN & HOUS LT,34.74,35.95,32.7,33.4,33.6,-0.6,272811,9111887.82
2026-08-03,CORDELIA,EQ,INE0LZF01039,WATERWAYS LEISURE TOUR L,83.0,83.19,80.11,80.68,82.08,-1.71,1282430,103460044.16
2026-08-03,CORDSCABLE,EQ,INE792I01017,CORDS CABLE INDUS LTD.,204.85,211.6,204.0,211.6,201.53,5.0,33925,7178530.21
2026-08-03,COROMANDEL,EQ,INE169A01031,COROMANDEL INTERNTL. LTD,2083.0,2128.9,2064.5,2115.3,2073.6,2.01,184125,389479621.49
2026-08-03,CORONA,EQ,INE02ZQ01018,CORONA REMEDIES LIMITED,2210.0,2210.0,2052.0,2105.7,2098.8,0.33,115041,242241828.08
2026-08-03,COSMOFIRST,EQ,INE757A01017,COSMO FIRST LIMITED,896.75,914.9,894.1,910.05,892.3,1.99,102857,93605011.59
2026-08-03,CPCAP,EQ,INE521J01018,CP CAPITAL LIMITED,112.5,115.0,111.0,114.57,110.07,4.09,23954,2744409.77
2026-08-03,CPEDU,EQ,INE0P6P01016,CAREER POINT EDUTECH LTD,208.0,215.1,202.6,207.48,208.81,-0.64,16046,3329224.01
2026-08-03,CPL,EQ,INE536P01021,CAPTAIN POLYPLAST LIMITED,71.5,72.45,70.2,70.49,71.04,-0.77,29740,2096372.54
2026-08-03,CPPLUS,EQ,INE819V01029,ADITYA INFOTECH LIMITED,3444.2,3525.0,3346.6,3428.7,3391.0,1.11,164705,564724025.46
2026-08-03,CPSEETF,EQ,INF457M01133,CPSE ETF,94.99,96.29,94.7,94.89,94.91,-0.02,757122,71843306.12
2026-08-03,CRAFTSMAN,EQ,INE00LO01017,CRAFTSMAN AUTOMATION LTD,9934.5,10400.0,9922.5,10338.5,9873.5,4.71,85274,881605249.0
2026-08-03,CRAMC,EQ,INE218I01013,CANARA ROBECO AMC LIMITED,262.0,265.0,258.9,261.2,261.27,-0.03,358624,93672593.18
2026-08-03,CREATIVEYE,EQ,INE230B01021,CREATIVE EYE LIMITED,6.1,6.72,6.1,6.2,6.24,-0.64,13205,81871.0
2026-08-03,CREDITACC,EQ,INE741K01010,CREDITACCESS GRAMEEN LTD,1602.0,1606.0,1542.2,1558.2,1592.8,-2.17,290154,452117948.63
2026-08-03,CREST,EQ,INE559D01011,CREST VENTURES LIMITED,376.55,395.0,372.1,389.7,376.2,3.59,15908,6199347.79
2026-08-03,CRESTO,EQ,INE203Y01012,CRESTO TECHNO LIMITED,16.16,16.16,14.91,15.13,15.62,-3.14,34567,522998.71
2026-08-03,CRISIL,EQ,INE007A01025,CRISIL LTD,4359.8,4450.0,4309.9,4424.9,4359.8,1.49,53732,237758721.55
2026-08-03,CRIZAC,EQ,INE0S4R01014,CRIZAC LIMITED,198.4,205.0,188.22,195.88,195.13,0.38,2333300,457046815.39
2026-08-03,CROMPTON,EQ,INE299U01018,CROMPT GREA CON ELEC LTD,261.5,268.8,260.8,266.3,260.2,2.34,1873396,498885331.93
2026-08-03,CROWN,EQ,INE491V01019,CROWN LIFTERS LIMITED,114.59,116.0,113.16,115.11,114.59,0.45,7190,827640.9
2026-08-03,CSBBANK,EQ,INE679A01013,CSB BANK LIMITED,330.1,334.75,329.65,332.8,329.9,0.88,211279,70313648.62
2026-08-03,CSLFINANCE,EQ,INE718F01018,CSL FINANCE LIMITED,214.99,225.99,212.02,219.78,212.96,3.2,15488,3403952.62
2026-08-03,CSM,EQ,INE0ZK601013,CSM TECHNOLOGIES LIMITED,102.52,108.2,101.1,104.88,104.78,0.1,1147334,120332386.77
2026-08-03,CUB,EQ,INE491A01021,CITY UNION BANK LTD,208.5,210.48,202.6,204.65,206.5,-0.9,2349845,480895764.91
2026-08-03,CUBEXTUB,EQ,INE144D01012,CUBEX TUBINGS LTD,77.5,79.95,76.66,79.65,76.28,4.42,54804,4365138.68
2026-08-03,CUMMINSIND,EQ,INE298A01020,CUMMINS INDIA LTD,5526.0,5550.0,5486.0,5550.0,5519.0,0.56,146209,811459950.0
2026-08-03,CUPID,EQ,INE509F01029,CUPID LIMITED,231.5,234.38,229.0,230.95,230.62,0.14,11488664,2653306915.74
2026-08-03,CYIENT,EQ,INE136B01020,CYIENT LIMITED,847.7,865.9,845.0,858.55,847.7,1.28,309567,265778744.07
2026-08-03,CYIENTDLM,EQ,INE055S01018,CYIENT DLM LIMITED,672.0,687.2,670.0,671.7,670.05,0.25,207998,139712259.14
2026-08-03,DABUR,EQ,INE016A01026,DABUR INDIA LTD,423.8,426.2,421.4,425.8,421.45,1.03,1969475,838602430.96
2026-08-03,DALBHARAT,EQ,INE00R701025,DALMIA BHARAT LIMITED,1799.7,1846.6,1795.0,1844.6,1799.7,2.49,226772,418303625.66
2026-08-03,DALMIASUG,EQ,INE495A01022,DALMIA BHARAT SUG IN LTD,351.0,421.05,351.0,411.85,350.9,17.37,10294952,4239976044.04
2026-08-03,DAMCAPITAL,EQ,INE284H01025,DAM CAPITAL ADVISORS LTD,155.7,155.7,152.1,153.71,152.86,0.56,197235,30316993.17
2026-08-03,DANGEE,EQ,INE688Y01022,DANGEE DUMS LIMITED,2.95,3.08,2.9,2.98,2.94,1.36,51910,154691.8
2026-08-03,DATAMATICS,EQ,INE365B01017,DATAMATICS GLOBAL SER LTD,833.7,835.0,820.05,824.95,832.05,-0.85,58143,47965068.56
2026-08-03,DATAPATTNS,EQ,INE0IX101010,DATA PATTERNS INDIA LTD,4300.7,4455.0,4236.1,4428.8,4281.0,3.45,1046196,4633392640.46
2026-08-03,DAVANGERE,EQ,INE179G01029,DAVANGERE SUGAR COMPANY L,3.25,3.29,3.17,3.18,3.19,-0.31,5404905,17187598.26
2026-08-03,DBCORP,EQ,INE950I01011,D.B.CORP LTD,210.0,213.2,208.28,210.53,208.95,0.76,140805,29643676.48
2026-08-03,DBEIL,EQ,INE0OPA01027,DEEPAK BUILDERS & ENG I L,7.35,7.6,7.28,7.3,7.35,-0.68,213420,1557966.04
2026-08-03,DBL,EQ,INE917M01012,DILIP BUILDCON LIMITED,426.9,464.7,425.9,444.35,429.2,3.53,1336317,593792467.11
2026-08-03,DBOL,EQ,INE0I3401014,DHAMPUR BIO ORGANICS LTD,97.55,106.13,97.01,102.91,97.88,5.14,260131,26770082.16
2026-08-03,DBREALTY,EQ,INE879I01012,VALOR ESTATE LIMITED,113.3,114.95,112.15,113.03,112.8,0.2,135275,15290133.08
2026-08-03,DCAL,EQ,INE385W01011,DISHMAN CARBO AMCIS LTD,187.3,191.24,187.05,188.05,186.94,0.59,106708,20066439.73
2026-08-03,DCBBANK,EQ,INE503A01015,DCB BANK LIMITED,189.0,191.89,187.16,191.09,186.09,2.69,801482,153155192.44
2026-08-03,DCI,EQ,INE0A1101019,DC INFOTECH AND COMUN LTD,345.0,365.9,315.0,337.2,329.7,2.27,155608,52471019.5
2026-08-03,DCM,EQ,INE498A01018,DCM LTD,89.8,89.8,83.65,83.65,88.05,-5.0,14955,1250985.77
2026-08-03,DCMFINSERV,EQ,INE891B01012,DCM FINANCIAL SERVICES LT,5.05,5.59,4.7,4.94,5.22,-5.36,25466,125802.04
2026-08-03,DCMNVL,EQ,INE08KP01019,DCM NOUVELLE LIMITED,141.75,143.2,140.05,142.57,137.37,3.79,3917,558446.72
2026-08-03,DCMSHRIRAM,EQ,INE499A01024,DCM SHRIRAM LIMITED,1045.9,1045.9,1025.0,1029.8,1033.9,-0.4,134290,138291848.56
2026-08-03,DCMSIL,EQ,INE0OU201013,DCM SHRIRAM INTERNATNL L,70.74,76.49,70.74,75.68,73.37,3.15,108852,8237919.39
2026-08-03,DCMSRIND,EQ,INE843D01027,DCM SHRIRAM IND LTD,39.3,42.35,39.3,41.56,39.26,5.86,218527,9081982.42
2026-08-03,DCW,EQ,INE500A01029,DCW LTD,46.46,47.3,46.28,46.73,46.19,1.17,584703,27323170.92
2026-08-03,DCXINDIA,EQ,INE0KL801015,DCX SYSTEMS LIMITED,181.8,184.5,181.31,183.55,180.37,1.76,286931,52666185.93
2026-08-03,DDEVPLSTIK,EQ,INE0HR601026,DDEV PLASTIKS IND LTD,268.15,289.95,268.15,288.35,268.15,7.53,265871,76663904.47
2026-08-03,DECCANCE,EQ,INE583C01021,DECCAN CEMENTS LIMITED,551.1,561.85,551.1,556.0,553.2,0.51,12303,6840468.0
2026-08-03,DEEDEV,EQ,INE841L01016,DEE DEVELOPMENT ENG LTD,682.0,695.0,680.0,692.35,678.55,2.03,56156,38879605.23
2026-08-03,DEEPAKFERT,EQ,INE501A01019,DEEPAK FERTILIZERS & PETR,1562.0,1593.8,1536.1,1576.0,1552.8,1.49,297790,469317040.0
2026-08-03,DEEPAKNTR,EQ,INE288B01029,DEEPAK NITRITE LTD,1667.0,1725.0,1656.1,1713.8,1662.2,3.1,179743,308043562.18
2026-08-03,DEEPINDS,EQ,INE0FHS01024,DEEP INDUSTRIES LIMITED,613.0,655.0,608.9,649.3,596.9,8.78,3599984,2337469567.25
2026-08-03,DELHIVERY,EQ,INE148O01028,DELHIVERY LIMITED,487.95,487.95,468.85,470.0,481.95,-2.48,3336754,1568274380.0
2026-08-03,DELTACORP,EQ,INE124G01033,DELTA CORP LIMITED,63.29,63.94,63.12,63.4,62.97,0.68,744582,47206499.94
2026-08-03,DELTAMAGNT,EQ,INE393A01011,DELTA MANUFACTURING LTD,56.76,59.0,56.76,57.92,56.86,1.86,2731,158179.51
2026-08-03,DEN,EQ,INE947J01015,DEN NETWORKS LTD,27.49,27.86,27.49,27.72,27.41,1.13,271484,7525536.29
2026-08-03,DENORA,EQ,INE244A01016,DE NORA INDIA LIMITED,906.4,935.3,870.6,891.05,906.4,-1.69,15207,13550197.16
2026-08-03,DENTA,EQ,INE0R4L01018,DENTA WATER N INFRA SOL L,358.75,366.0,352.25,364.05,354.25,2.77,460266,167559831.68
2026-08-03,DEVIT,EQ,INE060X01034,DEV INFO TECHNOLOGY LTD,27.3,27.49,26.81,27.12,27.03,0.33,27764,752959.7
2026-08-03,DEVX,EQ,INE0VOV01021,DEV ACCELERATOR LIMITED,34.97,34.97,33.9,34.33,33.94,1.15,62313,2139205.4
2026-08-03,DEVYANI,EQ,INE872J01023,DEVYANI INTERNATIONAL LTD,114.5,117.14,112.55,116.76,114.18,2.26,2504773,292457300.83
2026-08-03,DGCONTENT,EQ,INE03JI01017,DIGICONTENT LIMITED,24.98,25.29,23.62,23.84,23.96,-0.5,23800,567392.0
2026-08-03,DHAMPURSUG,EQ,INE041A01016,DHAMPUR SUGAR MILLS LTD.,139.5,146.25,138.46,143.84,135.48,6.17,1242280,178689550.65
2026-08-03,DHANBANK,EQ,INE680A01011,DHANLAXMI BANK LIMITED,32.6,33.66,32.27,32.73,32.07,2.06,1294688,42375137.65
2026-08-03,DHANUKA,EQ,INE435G01025,DHANUKA AGRITECH LTD,1019.0,1049.5,943.3,1023.3,1021.9,0.14,340620,348556441.84
2026-08-03,DHARMAJ,EQ,INE00OQ01016,DHARMAJ CROP GUARD LTD,270.4,272.5,267.75,269.85,267.85,0.75,20508,5534083.93
2026-08-03,DHRUV,EQ,INE506Z01015,DHRUV CONSULTANCY SER LTD,24.6,24.6,24.3,24.55,24.59,-0.16,1190,29214.5
2026-08-03,DHUNINV,EQ,INE320L01011,DHUNSERI INVESTMENTS LTD,866.55,895.0,865.0,886.9,846.55,4.77,517,458527.31
2026-08-03,DIAMINESQ,EQ,INE591D01014,DIAMINES & CHEMICALS LTD,243.4,244.0,239.1,239.73,243.05,-1.37,3443,825390.38
2026-08-03,DIAMONDYD,EQ,INE393P01035,PRATAAP SNACKS LIMITED,1199.0,1199.0,1102.1,1163.8,1159.5,0.37,412833,480455065.56
2026-08-03,DICIND,EQ,INE303A01010,DIC INDIA LIMITED,510.4,528.0,508.0,510.1,514.65,-0.88,765,390226.5
2026-08-03,DIFFNKG,EQ,INE184O01015,DIFFUSION ENGINEERS LTD,385.1,410.0,385.1,406.1,383.65,5.85,164109,66644665.9
2026-08-03,DIGIDRIVE,EQ,INE0PSC01024,DIGIDRIVE DISTRIBUTORS L,17.63,18.0,17.55,17.76,17.76,0.0,32984,585795.85
2026-08-03,DIGISPICE,EQ,INE927C01020,DIGISPICE TECHNOLOGIES LT,17.95,18.38,17.75,17.98,18.1,-0.66,18310,329213.79
2026-08-03,DIGITIDE,EQ,INE0U4701011,DIGITIDE SOLUTIONS LTD,101.49,102.89,99.2,100.15,101.33,-1.16,210639,21095496.17
2026-08-03,DISAQ,EQ,INE131C01011,DISA INDIA LTD.,12350.0,12350.0,12200.0,12332.0,12225.0,0.88,824,10161568.0
2026-08-03,DISHTV,EQ,INE836F01026,DISH TV INDIA LTD.,2.85,2.86,2.82,2.84,2.85,-0.35,576402,1636981.63
2026-08-03,DIVGIITTS,EQ,INE753U01022,DIVGI TORQTRANSFER SYST L,984.85,986.95,960.45,975.6,962.75,1.33,25072,24460242.59
2026-08-03,DIVIDEND,EQ,INF769K01PY8,MIRAEAMC - DIVIDEND,36.38,36.55,36.31,36.46,36.1,1.0,6132,223572.71
2026-08-03,DIVISLAB,EQ,INE361B01024,DIVI S LABORATORIES LTD,8380.0,8585.0,8105.0,8585.0,8056.0,6.57,1798150,15437117750.0
2026-08-03,DIVOPPBEES,EQ,INF204KA1MS3,NIP IND ETF DIV OPP,79.11,79.44,78.28,79.31,78.34,1.24,86558,6864914.77
2026-08-03,DIXON,EQ,INE935N01020,DIXON TECHNO (INDIA) LTD,13875.0,14085.0,13579.0,13892.0,14049.0,-1.12,728101,10114779092.0
2026-08-03,DJML,EQ,INE0B1K01014,DJ MEDIAPRINT & LOG LTD,114.3,115.86,111.1,112.58,114.81,-1.94,203464,22905977.49
2026-08-03,DLF,EQ,INE271C01023,DLF LIMITED,668.25,670.9,660.6,668.55,659.3,1.4,1660676,1110244919.53
2026-08-03,DLINKINDIA,EQ,INE250K01012,D-LINK INDIA LTD,452.85,459.2,449.1,450.8,451.8,-0.22,114653,51685571.0
2026-08-03,DMART,EQ,INE192R01011,AVENUE SUPERMARTS LIMITED,3945.1,4017.0,3912.1,4015.0,3921.0,2.4,497304,1996675560.0
2026-08-03,DMCC,EQ,INE505A01010,DMCC SPECIALITY CHEMICALS,282.75,285.9,274.35,278.0,282.75,-1.68,52656,14638368.0
2026-08-03,DNAMEDIA,EQ,INE016M01021,DILIGENT MEDIA CORP LTD.,2.76,3.15,2.76,2.87,2.83,1.41,167358,480317.44
2026-08-03,DODLA,EQ,INE021O01019,DODLA DAIRY LIMITED,1026.1,1052.8,1026.1,1046.3,1040.6,0.55,12607,13190704.72
2026-08-03,DOLATALGO,EQ,INE966A01022,DOLAT ALGOTECH LIMITED,67.77,68.84,67.45,67.56,68.17,-0.89,170157,11495806.5
2026-08-03,DOLLAR,EQ,INE325C01035,DOLLAR INDUSTRIES LIMITED,267.95,269.3,264.55,267.4,264.0,1.29,65550,17528069.6
2026-08-03,DOLLEX,EQ,INE0JHH01011,DOLLEX AGROTECH LIMITED,30.0,31.5,30.0,30.45,30.25,0.66,56000,1705200.04
2026-08-03,DOLPHIN,EQ,INE920A01037,DOLPHIN OFF ENT (IND) L,404.0,418.4,390.15,405.45,393.8,2.96,69378,28129310.95
2026-08-03,DOMS,EQ,INE321T01012,DOMS INDUSTRIES LIMITED,2282.6,2324.7,2230.0,2292.0,2260.0,1.42,53904,123547968.0
2026-08-03,DONEAR,EQ,INE668D01028,DONEAR IND. LIMITED,84.95,85.0,82.01,84.44,84.74,-0.35,62982,5318200.23
2026-08-03,DPABHUSHAN,EQ,INE266Y01019,D. P. ABHUSHAN LIMITED,1329.9,1436.0,1329.9,1420.2,1317.95,7.76,73799,104809336.2
2026-08-03,DRCSYSTEMS,EQ,INE03RS01027,DRC SYSTEMS INDIA LIMITED,13.21,13.63,13.15,13.57,13.12,3.43,23317,316411.68
2026-08-03,DREAMFOLKS,EQ,INE0JS101016,DREAMFOLKS SERVICES LTD,66.01,68.45,66.0,67.48,66.66,1.23,41228,2782065.58
2026-08-03,DREDGECORP,EQ,INE506A01018,DREDGING CORP OF INDIA,1145.0,1161.5,1088.0,1096.5,1139.4,-3.77,139028,152444202.0
2026-08-03,DRREDDY,EQ,INE089A01031,DR. REDDY S LABORATORIES,1166.2,1182.0,1160.3,1180.0,1148.1,2.78,2150927,2538093860.0
2026-08-03,DSSL,EQ,INE417B01040,DYNACONS SYS & SOLN LTD,1241.0,1280.0,1226.0,1253.3,1233.1,1.64,38680,48477645.89
2026-08-03,DUCON,EQ,INE741L01018,DUCON INFRATECHNOLOGIES L,3.0,3.02,2.9,2.98,2.95,1.02,140674,419208.52
2026-08-03,DVL,EQ,INE477B01010,DHUNSERI VENTURES LIMITED,239.85,247.2,238.25,245.89,240.64,2.18,6618,1627300.02
2026-08-03,DWARKESH,EQ,INE366A01041,DWARIKESH SUGAR IND LTD,37.28,39.49,37.28,39.0,37.04,5.29,2345093,91458627.0
2026-08-03,DYCL,EQ,INE600Y01019,DYNAMIC CABLES LIMITED,398.0,406.85,394.65,402.45,395.2,1.83,345799,139166811.77
2026-08-03,DYNAMATECH,EQ,INE221B01012,DYNAMATIC TECHNOLOGIES,10356.0,10985.0,10356.0,10763.0,10339.0,4.1,17854,192162602.0
2026-08-03,DYNPRO,EQ,INE256H01015,DYNEMIC PRODUCTS LIMITED,275.0,275.0,260.6,264.2,263.12,0.41,19622,5184132.64
2026-08-03,EASEMYTRIP,EQ,INE07O001026,EASY TRIP PLANNERS LTD,6.66,6.74,6.59,6.6,6.61,-0.15,21818045,143999094.92
2026-08-03,EBANK10,EQ,INF754K01XH9,EDELAMC - EBANK10,17.0,17.0,17.0,17.0,,,0,0.0
2026-08-03,EBANKNIFTY,EQ,INF754K01TE4,EDELAMC - EBANKNIFTY,58.25,58.54,57.86,58.41,57.95,0.79,4830,282120.3
2026-08-03,EBBETF0430,EQ,INF754K01KO2,EDELAMC - EBBETF0430,1615.7,1615.7,1608.01,1610.35,1608.56,0.11,24591,39600116.25
2026-08-03,EBBETF0431,EQ,INF754K01LE1,EDELAMC - EBBETF0431,1437.0,1444.74,1435.64,1438.99,1441.34,-0.16,57504,82747680.4
2026-08-03,EBBETF0433,EQ,INF754K01QX0,EDELAMC - EBBETF0433,1318.86,1320.0,1312.7,1319.23,1316.96,0.17,10158,13400738.14
2026-08-03,EBGNG,EQ,INE18JU01028,GNG ELECTRONICS LIMITED,539.15,547.0,516.85,535.2,528.65,1.24,561641,300590270.06
2026-08-03,ECAPINSURE,EQ,INF754K01TX4,EDELAMC - ECAPINSURE,23.58,24.15,23.58,23.97,23.82,0.63,61152,1465813.4
2026-08-03,ECLERX,EQ,INE738I01010,ECLERX SERVICES LTD,1860.1,1945.0,1852.0,1922.2,1845.5,4.16,159968,307490481.79
2026-08-03,ECOSMOBLTY,EQ,INE06HJ01020,ECOS (INDIA) MOB & HOSP L,137.7,137.81,131.05,135.2,134.48,0.54,33507,4530146.3
2026-08-03,EDELWEISS,EQ,INE532F01054,EDELWEISS FIN SERV LTD,116.6,118.45,116.04,116.33,115.47,0.74,1669628,194227828.3
2026-08-03,EFCIL,EQ,INE886D01026,EFC (I) LIMITED,194.51,195.98,192.05,193.96,194.86,-0.46,283297,54948288.02
2026-08-03,EGOLD,EQ,INF754K01SE6,EDELAMC - EGOLD,143.05,143.05,141.4,141.7,141.65,0.04,29918,4239380.51
2026-08-03,EICHERMOT,EQ,INE066A01021,EICHER MOTORS LTD,7900.0,8056.0,7852.0,8050.0,7833.5,2.76,1009396,8125637800.0
2026-08-03,EIDPARRY,EQ,INE126A01031,EID PARRY INDIA LTD,761.2,782.8,761.2,780.3,760.05,2.66,179666,140193377.61
2026-08-03,EIEL,EQ,INE0LLY01014,ENVIRO INFRA ENGINEERS L,223.0,224.4,221.1,222.64,220.06,1.17,641485,142820220.01
2026-08-03,EIHAHOTELS,EQ,INE276C01014,EIH ASSOCIATED HOTELS LTD,313.0,317.0,309.2,312.55,309.95,0.84,14302,4470089.93
2026-08-03,EIHOTEL,EQ,INE230A01023,EIH LIMITED,327.55,332.1,327.4,330.1,327.0,0.95,85964,28376716.92
2026-08-03,EIMCOELECO,EQ,INE158B01016,EIMCO ELECON (INDIA) LTD,1793.0,1874.5,1785.5,1837.8,1780.8,3.2,21467,39452053.65
2026-08-03,EKC,EQ,INE184H01027,EVEREST KANTO CYLINDERLTD,107.7,110.5,106.89,109.78,106.77,2.82,180853,19854042.12
2026-08-03,ELANTAS,EQ,INE280B01018,ELANTAS BECK INDIA LTD.,9497.0,9899.0,9497.0,9797.0,9370.0,4.56,935,9160195.0
2026-08-03,ELCIDIN,EQ,INE927X01018,ELCID INVESTMENTS LTD.,112995.0,112995.0,110600.0,111750.0,111000.0,0.68,18,2011500.0
2026-08-03,ELDEHSG,EQ,INE668G01021,ELDECO HSG & IND LTD.,796.8,807.7,775.0,803.5,771.8,4.11,1301,1045353.5
2026-08-03,ELECON,EQ,INE205B01031,ELECON ENG. CO. LTD,425.2,434.9,422.45,428.3,419.05,2.21,367171,157259334.82
2026-08-03,ELECTCAST,EQ,INE086A01029,ELECTROSTEEL CASTINGS LTD,70.98,72.99,70.98,71.8,70.65,1.63,1007842,72363058.68
2026-08-03,ELECTHERM,EQ,INE822G01016,ELECTROTHERM (I) LTD.,1010.4,1064.9,1000.0,1008.0,1007.6,0.04,29706,29943648.0
2026-08-03,ELGIEQUIP,EQ,INE285A01027,ELGI EQUIPMENTS LTD,570.05,585.1,569.65,582.6,569.65,2.27,172551,100528208.39
2026-08-03,ELGIRUBCO,EQ,INE819L01012,ELGI RUBBER CO. LTD,60.0,60.31,57.0,57.41,59.69,-3.82,65204,3743361.63
2026-08-03,ELIN,EQ,INE050401020,ELIN ELECTRONICS LIMITED,100.6,105.11,100.6,103.55,100.6,2.93,193419,20028538.04
2026-08-03,ELIQUID,EQ,INF754K01VW2,EDELAMC - ELIQUID,1042.06,1042.06,1042.04,1042.05,1041.92,0.01,31610,32939202.04
2026-08-03,ELLEN,EQ,INE236E01022,ELLENBARRIE INDUS GASES L,267.95,280.5,265.1,273.05,263.45,3.64,751725,205258502.07
2026-08-03,ELM250,EQ,INF754K01VV4,EDELAMC - ELM250,16.34,17.0,16.34,16.9,16.67,1.38,47480,802411.98
2026-08-03,ELMDIV,EQ,INF754K01XI7,EDELAMC - ELMDIV,36.68,36.68,36.68,36.68,,,0,0.0
2026-08-03,ELPROINTL,EQ,INE579B01039,ELPRO INTERNATIONAL LTD,177.0,179.0,176.51,178.37,177.0,0.77,68128,12151991.03
2026-08-03,EMAMILTD,EQ,INE548C01032,EMAMI LIMITED,399.5,407.95,398.7,406.0,398.05,2.0,413488,167876128.0
2026-08-03,EMAMIREAL,EQ,INE778K01012,EMAMI REALTY LIMITED,76.85,81.5,76.85,78.28,78.42,-0.18,9953,779120.83
2026-08-03,EMBDL,EQ,INE069I01010,EMBASSY DEVELOPMENTS LTD,62.0,62.3,60.25,60.79,61.14,-0.57,1877185,114114077.87
2026-08-03,EMCURE,EQ,INE168P01015,EMCURE PHARMACEUTICALS L,1966.0,1996.7,1933.1,1969.7,1960.1,0.49,116048,228579739.93
2026-08-03,EMETAL,EQ,INF754K01XG1,EDELAMC - EMETAL,12.81,13.36,12.81,12.94,12.87,0.54,11246,145523.24
2026-08-03,EMIL,EQ,INE02YR01019,ELECTRONICS MART IND LTD,130.5,135.38,130.5,131.35,130.16,0.91,3324272,436643147.49
2026-08-03,EMKAY,EQ,INE296H01011,EMKAY GLOBAL FIN SERV LTD,245.9,246.58,238.21,241.35,241.75,-0.17,10919,2635300.72
2026-08-03,EMMVEE,EQ,INE1C6T01020,EMMVEE PHOTOVOLTAIC PWR L,319.75,323.5,314.4,319.55,317.6,0.61,1059943,338704772.71
2026-08-03,EMSLIMITED,EQ,INE0OV601013,EMS LIMITED,414.0,416.85,407.55,414.35,411.5,0.69,245231,101611466.35
2026-08-03,EMUDHRA,EQ,INE01QM01018,EMUDHRA LIMITED,462.9,483.9,462.9,477.85,464.1,2.96,315431,150728705.28
2026-08-03,EMULTIMQ,EQ,INF754K01TF1,EDELAMC - EMULTIMQ,41.17,41.88,40.23,40.96,41.07,-0.27,319038,13067796.19
2026-08-03,ENDURANCE,EQ,INE913H01037,ENDURANCE TECHNO. LTD.,2771.9,2835.3,2731.4,2787.6,2758.3,1.06,125969,351151196.7
2026-08-03,ENERGY,EQ,INF769K01PR2,MIRAEAMC - ENERGY,38.96,39.17,38.53,38.99,38.85,0.36,291666,11372057.83
2026-08-03,ENERGYDEV,EQ,INE306C01019,ENERGY DEVE. CO.LTD,16.75,17.41,16.75,16.77,16.72,0.3,27320,458156.41
2026-08-03,ENEXT50,EQ,INF754K01XF3,EDELAMC - ENEXT50,74.25,74.25,73.7,74.0,73.66,0.46,89,6586.0
2026-08-03,ENGINERSIN,EQ,INE510A01028,ENGINEERS INDIA LTD,222.38,228.68,222.38,226.8,222.38,1.99,1543983,350175349.11
2026-08-03,ENIFTY,EQ,INF754K01VX0,EDELAMC - ENIFTY,25.08,25.08,24.6,24.79,24.59,0.81,6734,166935.87
2026-08-03,ENIL,EQ,INE265F01028,ENTERTAIN NET. IND. LTD.,108.0,112.99,107.52,108.81,108.0,0.75,22979,2500344.93
2026-08-03,ENRIN,EQ,INE1NPP01017,SIEMENS ENERGY INDIA LTD,3236.0,3298.3,3181.0,3256.0,3230.8,0.78,411370,1339420720.0
2026-08-03,ENTERO,EQ,INE010601016,ENTERO HEALTHCARE SOLU L,1264.5,1264.5,1231.0,1233.2,1243.9,-0.86,70955,87501702.54
2026-08-03,EPACK,EQ,INE0G5901015,EPACK DURABLE LIMITED,230.73,232.85,229.0,229.94,229.59,0.15,358583,82452575.9
2026-08-03,EPACKPEB,EQ,INE0MLS01022,EPACK PREFAB TECHN LTD,248.35,254.45,239.05,243.95,267.31,-8.74,3446835,840855387.73
2026-08-03,EPIGRAL,EQ,INE071N01016,EPIGRAL LIMITED,1095.0,1137.0,1089.5,1120.7,1088.7,2.94,49169,55103695.9
2026-08-03,EPL,EQ,INE255A01020,EPL LIMITED,225.0,229.4,223.29,226.7,222.42,1.92,278760,63194891.15
2026-08-03,EQUAL200,EQ,INF769K01OA1,MIRAEAMC - EQUAL200,14.04,14.12,13.99,14.08,13.91,1.22,13473,189699.84
2026-08-03,EQUAL50,EQ,INF769K01OO2,MIRAEAMC - EQUAL50,339.95,342.59,335.03,341.18,336.58,1.37,10851,3702144.1
2026-08-03,EQUAL50ADD,EQ,INF740KA1QK2,DSPAMC - DSPNEWETF,349.73,354.33,349.52,351.94,348.51,0.98,38349,13496547.15
2026-08-03,EQUITASBNK,EQ,INE063P01018,EQUITAS SMALL FIN BNK LTD,75.0,77.0,75.0,76.26,75.21,1.4,3338159,254568012.47
2026-08-03,ERIS,EQ,INE406M01024,ERIS LIFESCIENCES LIMITED,1353.0,1388.0,1352.5,1383.2,1354.7,2.1,110236,152478429.82
2026-08-03,ESABINDIA,EQ,INE284A01012,ESAB INDIA LTD,5680.0,5689.0,5602.0,5614.5,5628.5,-0.25,2518,14137311.0
2026-08-03,ESCORTS,EQ,INE042A01014,ESCORTS KUBOTA LIMITED,3110.0,3150.0,3043.4,3135.5,3086.0,1.6,678771,2128286470.5
2026-08-03,ESENSEX,EQ,INF754K01VY8,EDELAMC - ESENSEX,80.33,80.33,78.73,79.37,78.75,0.79,2051,162787.88
2026-08-03,ESG,EQ,INF769K01GS9,MIRAEAMC - MAESGETF,42.29,42.68,42.2,42.47,42.08,0.93,54940,2333301.87
2026-08-03,ESILVER,EQ,INF754K01SF3,EDELAMC - ESILVER,218.63,218.63,215.2,216.05,216.47,-0.19,376947,81439400.5
2026-08-03,ESSARSHPNG,EQ,INE122M01019,ESSAR SHIPPING LTD,20.2,20.81,19.97,20.57,19.93,3.21,131530,2705572.06
2026-08-03,ESSENTIA,EQ,INE418N01035,INTEGRA ESSENTIA LIMITED,1.13,1.15,1.11,1.15,1.1,4.55,757500,871124.98
2026-08-03,ESTER,EQ,INE778B01029,ESTER INDUSTRIES LTD,89.39,89.68,85.1,86.67,87.9,-1.4,138696,12020782.07
2026-08-03,ETERNAL,EQ,INE758T01015,ETERNAL LIMITED,303.5,310.9,300.05,310.5,302.45,2.66,26906290,8354403045.0
2026-08-03,ETHOSLTD,EQ,INE04TZ01018,ETHOS LIMITED,2556.0,3090.4,2555.9,2962.7,2575.4,15.04,1592283,4717456766.35
2026-08-03,EUREKAFORB,EQ,INE0KCE01017,EUREKA FORBES LIMITED,448.5,456.95,448.0,453.65,448.45,1.16,68833,31226090.03
2026-08-03,EUROBOND,EQ,INE505V01016,EURO PANEL PRODUCTS LTD,158.29,163.8,156.25,161.15,158.29,1.81,7046,1135462.86
2026-08-03,EUROPRATIK,EQ,INE198501012,EURO PRATIK SALES LIMITED,303.75,307.55,300.35,301.7,305.05,-1.1,139763,42166498.81
2026-08-03,EVEREADY,EQ,INE128A01029,EVEREADY INDS. IND.  LTD.,350.0,357.0,347.6,355.65,342.85,3.73,187826,66800315.75
2026-08-03,EVIETF,EQ,INF109K1A153,ICICIPRAMC - EVIETF,32.88,33.27,32.81,33.17,32.79,1.16,365917,12137466.22
2026-08-03,EVINDIA,EQ,INF769K01LQ3,MIRAEAMC - EVINDIA,33.65,33.65,32.87,33.12,32.83,0.88,534370,17698333.83
2026-08-03,EXCELINDUS,EQ,INE369A01029,EXCEL INDUSTRIES LTD,991.2,1041.1,987.05,1021.7,986.3,3.59,14306,14616440.37
2026-08-03,EXCELSOFT,EQ,INE606N01019,EXCELSOFT TECHNOLOGIES L,78.0,85.38,77.9,82.99,77.41,7.21,3128940,259670723.92
2026-08-03,EXICOM,EQ,INE777F01014,EXICOM TELE SYSTEMS LTD,160.7,165.92,159.96,163.95,158.37,3.52,1190577,195195095.52
2026-08-03,EXIDEIND,EQ,INE302A01020,EXIDE INDUSTRIES LTD,449.95,460.0,440.0,444.7,449.8,-1.13,3583632,1593641194.15
2026-08-03,EXPLEOSOL,EQ,INE201K01015,EXPLEO SOLUTIONS LIMITED,801.0,818.0,801.0,805.15,802.85,0.29,62353,50203519.47
2026-08-03,EXXARO,EQ,INE0GFE01026,EXXARO TILES LIMITED,6.1,6.36,5.99,6.11,6.06,0.83,783552,4787502.82
2026-08-03,FABTECH,EQ,INE0HF201011,FABTECH TECHNOLOGIES LTD,151.69,152.5,149.0,149.77,149.46,0.21,66667,9984716.87
2026-08-03,FACT,EQ,INE188A01015,FACT LTD,831.0,849.95,831.0,843.25,826.65,2.01,129872,109514564.0
2026-08-03,FAZE3Q,EQ,INE963C01033,FAZE THREE LIMITED,536.95,563.75,536.95,551.25,536.95,2.66,29565,16297706.25
2026-08-03,FCL,EQ,INE045J01034,FINEOTEX CHEMICAL LIMITED,39.74,40.29,39.11,39.27,39.32,-0.13,4962550,194879340.77
2026-08-03,FCSSOFT,EQ,INE512B01022,FCS SOFTWARE SOLN. LTD.,1.52,1.53,1.49,1.49,1.5,-0.67,2060375,3069958.77
2026-08-03,FDC,EQ,INE258B01022,FDC LIMITED,409.8,425.05,399.05,404.65,409.8,-1.26,464734,188054610.26
2026-08-03,FEDERALBNK,EQ,INE171A01029,FEDERAL BANK LTD,359.45,371.7,357.3,371.7,358.85,3.58,4384044,1629549208.32
2026-08-03,FEDFINA,EQ,INE007N01010,FEDBANK FINANCIAL SER L,156.8,156.8,149.8,150.37,153.83,-2.25,1857400,279297228.93
2026-08-03,FIBERWEB,EQ,INE296C01020,FIBERWEB INDIA LIMITED,29.99,29.99,28.2,29.28,29.27,0.03,36341,1064064.5
2026-08-03,FIEMIND,EQ,INE737H01014,FIEM INDUSTRIES LIMITED,2358.1,2358.1,2306.1,2338.4,2323.3,0.65,63451,148373812.2
2026-08-03,FILATEX,EQ,INE816B01035,FILATEX INDIA LTD,74.13,79.0,72.69,76.7,73.52,4.33,13952850,1070183552.42
2026-08-03,FILATFASH,EQ,INE185E01021,FILATEX FASHIONS LIMITED,0.18,0.19,0.18,0.18,0.18,0.0,13710709,2467927.72
2026-08-03,FINCABLES,EQ,INE235A01022,FINOLEX CABLES LTD,991.0,1006.0,988.0,998.05,987.6,1.06,200264,199873482.76
2026-08-03,FINEORG,EQ,INE686Y01026,FINE ORGANIC IND. LTD.,4800.0,4989.6,4768.6,4933.7,4816.5,2.43,21917,108131907.18
2026-08-03,FINIETF,EQ,INF109KC17L8,ICICIPRAMC-ICICIFIN,34.37,34.37,33.54,33.8,33.54,0.78,556566,18811930.38
2026-08-03,FINKURVE,EQ,INE734I01027,FINKURVE FINANCIAL SERV L,61.75,62.73,59.01,59.72,62.73,-4.8,161723,9658097.76
2026-08-03,FINOPB,EQ,INE02NC01014,FINO PAYMENTS BANK LTD,160.05,166.16,160.05,162.25,159.09,1.99,594852,96514737.0
2026-08-03,FINPIPE,EQ,INE183A01024,FINOLEX INDUSTRIES LTD,163.48,166.6,163.16,165.79,162.37,2.11,520336,86266501.95
2026-08-03,FIRSTCRY,EQ,INE02RE01045,BRAINBEES SOLUTIONS LTD,213.2,215.17,213.2,214.61,212.26,1.11,290453,62334118.51
2026-08-03,FISCHER,EQ,INE771F01041,FISCHER MEDICAL VENTURE L,38.13,39.14,38.07,38.67,39.13,-1.18,2436237,94209280.33
2026-08-03,FIVESTAR,EQ,INE128S01021,FIVE-STAR BUS FIN LTD,550.0,564.0,549.0,551.4,547.95,0.63,338346,186563992.66
2026-08-03,FLAIR,EQ,INE00Y201027,FLAIR WRITING INDUST LTD,263.8,263.8,248.15,252.0,259.1,-2.74,140255,35344260.0
2026-08-03,FLEXIADD,EQ,INF740KA1WU9,DSPAMC - FLEXIADD,10.12,10.33,10.12,10.3,10.19,1.08,90814,935384.22
2026-08-03,FLUOROCHEM,EQ,INE09N301011,GUJARAT FLUOROCHEM LTD,4386.7,4523.9,4376.8,4483.5,4366.8,2.67,125504,562697184.0
2026-08-03,FMCGADD,EQ,INF740KA1ZA4,DSPAMC - FMCGADD,49.85,50.25,49.67,50.0,49.43,1.15,7978,398900.0
2026-08-03,FMCGIETF,EQ,INF109KC19V3,ICICIPRAMC - ICICIFMCG,53.01,53.7,52.43,53.03,52.72,0.59,1740791,92314144.61
2026-08-03,FMGOETZE,EQ,INE529A01010,FEDERAL-MOGUL GOETZE (IND,472.25,481.0,472.25,474.45,474.35,0.02,30889,14655286.43
2026-08-03,FMNL,EQ,INE360L01017,FUTURE MKT NETWORKS LTD,9.43,9.94,9.35,9.85,9.47,4.01,31038,305724.31
2026-08-03,FOODSIN,EQ,INE976E01023,FOODS & INNS LIMITED,55.16,55.16,54.01,54.33,54.61,-0.51,28155,1529661.2
2026-08-03,FORCEMOT,EQ,INE451A01017,FORCE MOTORS LIMITED,18216.0,18647.0,18103.0,18494.0,17902.0,3.31,124218,2297287692.0
2026-08-03,FORTIS,EQ,INE061F01013,FORTIS HEALTHCARE LTD,953.8,979.6,938.0,940.0,945.0,-0.53,2160190,2030578600.0
2026-08-03,FOSECOIND,EQ,INE519A01011,FOSECO INDIA LTD,5180.0,5300.0,5082.0,5204.5,5133.5,1.38,3096,16113132.0
2026-08-03,FRACTAL,EQ,INE212S01015,FRACTAL ANALYTICS LIMITED,822.7,822.7,797.6,803.45,812.05,-1.06,310799,249711460.34
2026-08-03,FSL,EQ,INE684F01012,FIRSTSOURCE SOLU. LTD.,304.0,330.95,304.0,324.35,302.12,7.36,10047629,3258948527.48
2026-08-03,FUSION,EQ,INE139R01012,FUSION FINANCE LIMITED,208.86,218.09,207.5,210.78,207.83,1.42,505834,106619689.9
2026-08-03,GABRIEL,EQ,INE524A01029,GABRIEL INDIA LTD,1465.3,1542.0,1461.0,1527.4,1441.8,5.94,886748,1354418916.85
2026-08-03,GAEL,EQ,INE036B01030,GUJARAT AMBUJA EXPORTS LT,178.0,182.0,171.52,180.68,172.11,4.98,8639340,1560955887.92
2026-08-03,GAIL,EQ,INE129A01019,GAIL (INDIA) LTD,182.1,182.38,172.15,174.3,181.44,-3.94,37607447,6554978126.87
2026-08-03,GALAPREC,EQ,INE0RE001014,GALA PRECISION ENG LTD,1100.9,1120.6,1067.6,1090.5,1093.9,-0.31,24656,26887368.0
2026-08-03,GALAXYSURF,EQ,INE600K01018,GALAXY SURFACTANTS LTD,1950.9,2026.7,1950.9,1988.8,1944.5,2.28,17874,35547812.07
2026-08-03,GALLANTT,EQ,INE297H01019,GALLANTT ISPAT LIMITED,644.0,644.0,614.0,627.6,614.6,2.12,358473,224977646.05
2026-08-03,GANDHAR,EQ,INE717W01049,GANDHAR OIL REFINE IND L,224.78,238.27,223.52,231.64,223.25,3.76,3962749,917931175.94
2026-08-03,GANDHITUBE,EQ,INE524B01027,GANDHI SPL. TUBES LTD,881.7,883.9,873.0,881.2,876.35,0.55,4746,4182175.26
2026-08-03,GANECOS,EQ,INE845D01014,GANESHA ECOSPHERE LIMITED,1192.0,1225.0,1126.3,1156.6,1183.8,-2.3,260274,301032902.05
2026-08-03,GANESHCP,EQ,INE652V01016,GANESH CONSUMER PRODUCT L,180.98,184.7,175.27,177.8,178.28,-0.27,193376,34382253.39
2026-08-03,GANESHHOU,EQ,INE460C01014,GANESH HOUSING LIMITED,749.7,790.0,745.0,778.15,740.6,5.07,59334,46170753.55
2026-08-03,GANGAFORGE,EQ,INE691Z01023,GANGA FORGING LIMITED,1.79,1.8,1.78,1.79,1.77,1.13,766871,1372699.06
2026-08-03,GANGESSECU,EQ,INE335W01016,GANGES SECURITIES LIMITED,112.57,120.0,112.57,120.0,113.13,6.07,7681,921720.0
2026-08-03,GARFIBRES,EQ,INE276A01018,GARWARE TECH FIBRES LTD,735.8,770.95,732.95,761.6,732.9,3.92,53200,40517118.7
2026-08-03,GARUDA,EQ,INE0JVO01026,GARUDA CONSTRUCT N ENG L,173.5,175.42,171.25,172.5,172.8,-0.17,163285,28166662.5
2026-08-03,GATEWAY,EQ,INE079J01017,GATEWAY DISTRIPARKS LTD,58.3,59.48,58.0,58.14,57.97,0.29,1261361,73335527.77
2026-08-03,GAUDIUMIVF,EQ,INE0P8B01020,GAUDIUM IVF N WOMEN H L,134.75,134.75,134.75,134.75,137.5,-2.0,45151,6084097.25
2026-08-03,GAYAHWS,EQ,INE287Z01012,GAYATRI HIGHWAYS LIMITED,2.11,2.11,1.92,2.0,2.02,-0.99,584877,1169754.0
2026-08-03,GAYAPROJ,EQ,INE336H01023,GAYATRI PROJECTS LTD,20.0,20.79,19.71,19.98,19.98,0.0,336149,6716256.87
2026-08-03,GCSL,EQ,INE199P01028,GRETEX CORPORATE SERVICES,528.95,528.95,506.0,508.75,520.55,-2.27,596679,303560441.25
2026-08-03,GEEKAYWIRE,EQ,INE669X01032,GEEKAY WIRES LIMITED,23.2,23.47,22.72,23.21,22.52,3.06,103800,2409197.9
2026-08-03,GEMAROMA,EQ,INE06XZ01023,GEM AROMATICS LIMITED,191.01,198.0,191.01,196.21,191.6,2.41,189088,37100957.75
2026-08-03,GENCON,EQ,INE854S01022,GENERIC ENG CONS PROJ LTD,40.73,41.04,39.25,39.62,40.33,-1.76,388963,15410713.64
2026-08-03,GENESYS,EQ,INE727B01026,GENESYS INTL CORPN LTD,187.56,203.76,187.53,203.76,185.24,10.0,750397,152901129.05
2026-08-03,GENUSPAPER,EQ,INE949P01018,GENUS P&B LIMITED,12.08,12.75,11.95,12.47,12.08,3.23,306737,3825010.47
2026-08-03,GENUSPOWER,EQ,INE955D01029,GENUS POWER INFRASTRU LTD,314.75,319.95,314.0,316.0,312.7,1.06,918619,290283604.0
2026-08-03,GEOJITFSL,EQ,INE007B01023,GEOJIT FINANCIAL SER L,77.89,77.89,75.9,77.52,76.36,1.52,231942,17980143.06
2026-08-03,GESHIP,EQ,INE017A01032,THE GE SHPG.LTD,1358.0,1412.2,1358.0,1398.4,1350.4,3.55,595738,833080033.74
2026-08-03,GFLLIMITED,EQ,INE538A01037,GFL LIMITED,47.5,48.5,47.02,48.26,46.64,3.47,54627,2636298.93
2026-08-03,GHCL,EQ,INE539A01019,GHCL LIMITED,445.0,451.95,434.2,444.1,438.1,1.37,411921,182934118.61
2026-08-03,GHCLTEXTIL,EQ,INE0PA801013,GHCL TEXTILES LIMITED,113.01,118.3,113.01,114.36,113.62,0.65,1159893,132645364.19
2026-08-03,GICHSGFIN,EQ,INE289B01019,GIC HOUSING FINANCE LTD,149.0,151.0,148.0,148.1,147.68,0.28,59019,8740714.26
2026-08-03,GICRE,EQ,INE481Y01014,GENERAL INS CORP OF INDIA,359.5,363.75,357.05,358.05,356.6,0.41,600417,214979299.52
2026-08-03,GILLANDERS,EQ,INE047B01011,GILLANDERS ARBUTHNOT LTD,89.75,90.89,88.55,88.66,89.31,-0.73,992,87950.72
2026-08-03,GILLETTE,EQ,INE322A01010,GILLETTE INDIA LTD,7624.0,7776.0,7624.0,7719.0,7624.0,1.25,25853,199559307.0
2026-08-03,GILT10BETA,EQ,INF789F1AZF3,UTIAMC-GILT10BETA,26.76,26.76,26.49,26.53,26.36,0.64,280,7428.4
2026-08-03,GILT5BETA,EQ,INF789F1AZE6,UTIAMC-GILT5BETA,66.53,66.9,65.86,66.03,66.73,-1.05,1443,95281.29
2026-08-03,GILT5YBEES,EQ,INF204KC1030,RELCAPAMC - NETFGILT5Y,67.15,67.15,65.89,66.18,66.17,0.02,204377,13525669.92
2026-08-03,GIPCL,EQ,INE162A01010,GUJ IND POW CO. LTD,163.0,164.0,161.1,161.48,161.17,0.19,180171,29094012.31
2026-08-03,GKENERGY,EQ,INE1AG301022,GK ENERGY LIMITED,130.5,132.88,130.25,131.17,129.38,1.38,221635,29071862.54
2026-08-03,GKSL,EQ,INE0V0W01025,GUJARAT KIDNEY N SUP SP L,127.0,129.0,126.75,127.74,127.32,0.33,49403,6310739.11
2026-08-03,GKWLIMITED,EQ,INE528A01020,GKW LIMITED,1622.9,1685.0,1622.9,1660.2,1630.8,1.8,963,1598772.55
2026-08-03,GLAND,EQ,INE068V01023,GLAND PHARMA LIMITED,2505.6,2585.0,2494.1,2579.2,2502.9,3.05,502554,1296187252.26
2026-08-03,GLAXO,EQ,INE159A01016,GLAXOSMITHKLINE PHARMA LT,2665.4,2670.0,2630.0,2662.3,2655.4,0.26,89406,238025598.17
2026-08-03,GLENMARK,EQ,INE935A01035,GLENMARK PHARMACEUTICALS,2256.4,2256.4,2162.0,2230.0,2233.9,-0.17,1307223,2915107290.0
2026-08-03,GLFL,EQ,INE540A01017,GUJARAT LEASE FINANCING L,5.91,6.15,5.6,5.85,5.89,-0.68,2338,13677.3
2026-08-03,GLOBAL,EQ,INE291W01037,GLOBAL EDUCATION LIMITED,101.3,104.47,100.5,101.36,104.06,-2.59,50348,5103273.31
2026-08-03,GLOBALE,EQ,INE0URU01010,GLOBALE TESSILE LIMITED,11.24,11.24,10.4,10.69,10.89,-1.84,369,3944.61
2026-08-03,GLOBALVECT,EQ,INE792H01019,GLOBAL VEC HELICORP LTD,177.9,177.9,163.95,165.1,165.13,-0.02,17703,2922765.41
2026-08-03,GLOBE,EQ,INE581X01021,GLOBE ENTERPRISE (I) LTD,2.05,2.18,2.01,2.1,2.09,0.48,620321,1302674.04
2026-08-03,GLOBECIVIL,EQ,INE0V3U01015,GLOBE CIVIL PROJECTS LTD,40.26,40.69,38.5,39.93,39.04,2.28,44727,1785949.12
2026-08-03,GLOBUSSPR,EQ,INE615I01010,GLOBUS SPIRITS LTD,888.0,909.9,882.6,900.85,883.5,1.96,70266,63299124.38
2026-08-03,GLOSTERLTD,EQ,INE350Z01018,GLOSTER LIMITED,669.4,670.0,662.0,668.6,659.6,1.36,734,490752.38
2026-08-03,GLOTTIS,EQ,INE0TQE01026,GLOTTIS LIMITED,68.0,68.0,66.05,67.06,67.0,0.09,19878,1333018.63
2026-08-03,GMBREW,EQ,INE075D01018,G M BREWERIES LTD,902.65,906.45,895.0,896.2,898.3,-0.23,28514,25554247.15
2026-08-03,GMDCLTD,EQ,INE131A01031,GUJARAT MINERAL DEV CORP,562.0,569.0,558.25,561.0,564.25,-0.58,769090,431459490.0
2026-08-03,GMMPFAUDLR,EQ,INE541A01023,GMM PFAUDLER LIMITED,855.0,875.95,851.0,858.45,864.4,-0.69,72539,62271105.44
2026-08-03,GMRAIRPORT,EQ,INE776C01039,GMR AIRPORTS LIMITED,106.87,106.87,104.88,105.55,105.26,0.28,5825312,614861699.38
2026-08-03,GMRP&UI,EQ,INE0CU601026,GMR POW AND URBAN INFRA L,100.0,100.6,96.46,97.18,99.16,-2.0,1512131,146948891.04
2026-08-03,GNA,EQ,INE934S01014,GNA AXLES LIMITED,544.0,544.35,528.15,537.2,535.75,0.27,184492,99109104.65
2026-08-03,GNFC,EQ,INE113A01013,GUJ NAR VAL FER & CHEM L,514.95,529.85,512.1,516.1,510.3,1.14,378921,195561118.85
2026-08-03,GOACARBON,EQ,INE426D01013,GOA CARBON LIMITED,387.45,387.45,380.55,382.7,380.6,0.55,6466,2474538.28
2026-08-03,GOCLCORP,EQ,INE077F01035,GOCL CORPORATION LIMITED,407.5,419.55,405.1,416.15,402.55,3.38,109585,45603797.08
2026-08-03,GOCOLORS,EQ,INE0BJS01011,GO FASHION INDIA LTD,327.05,334.65,322.0,323.8,327.05,-0.99,339001,109768519.66
2026-08-03,GODAVARIB,EQ,INE497S01012,GODAVARI BIOREFINERIES L,260.0,265.45,258.3,260.65,260.9,-0.1,154431,40252439.21
2026-08-03,GODFRYPHLP,EQ,INE260B01028,GODFREY PHILLIPS INDIA LT,2144.8,2269.9,2134.2,2247.0,2133.4,5.32,1547162,3476473014.0
2026-08-03,GODIGIT,EQ,INE03JT01014,GO DIGIT GENERAL INS LTD,255.0,264.0,252.8,262.75,254.3,3.32,611681,160719182.75
2026-08-03,GODREJAGRO,EQ,INE850D01014,GODREJ AGROVET LIMITED,557.05,566.75,557.05,565.05,556.8,1.48,112626,63639319.93
2026-08-03,GODREJCP,EQ,INE102D01028,GODREJ CONSUMER PRODUCTS,1072.1,1100.0,1071.1,1085.9,1070.4,1.45,615866,668768904.44
2026-08-03,GODREJIND,EQ,INE233A01035,GODREJ INDUSTRIES LTD,1326.0,1352.9,1319.2,1337.1,1317.6,1.48,78905,105503873.57
2026-08-03,GODREJPROP,EQ,INE484J01027,GODREJ PROPERTIES LTD,2125.0,2126.6,2060.0,2089.7,2105.7,-0.76,366499,765872942.4
2026-08-03,GOKEX,EQ,INE887G01027,GOKALDAS EXPORTS LTD.,818.95,835.85,810.0,816.8,814.95,0.23,182653,149190968.17
2026-08-03,GOKUL,EQ,INE020J01029,GOKUL REFOILS & SOLV LTD,39.05,39.99,38.9,39.43,39.05,0.97,148731,5864463.38
2026-08-03,GOKULAGRO,EQ,INE314T01033,GOKUL AGRO RESOURCES LTD,225.0,236.9,224.99,231.58,225.11,2.87,704955,163253480.19
2026-08-03,GOLD1,EQ,INF174KA1HJ8,KOTAK GOLD ETF,118.16,119.49,117.01,118.39,118.16,0.19,1261516,149350878.47
2026-08-03,GOLDADD,EQ,INF740KA1ZP2,DSPAMC - DSPGOLD,13.79,13.81,13.74,13.78,13.77,0.09,3264790,44995334.43
2026-08-03,GOLDAXIS,EQ,INF846K01W80,AXISAMC-GOLDAXIS,118.52,118.53,117.7,118.23,117.96,0.23,538980,63723607.21
2026-08-03,GOLDBEES,EQ,INF204KB17I5,NIP IND ETF GOLD BEES,117.2,117.46,116.92,117.26,117.11,0.13,19279545,2260719487.89
2026-08-03,GOLDBETA,EQ,INF789F1AUX7,UTIAMC-UTIGOLDBETA,119.45,119.55,119.05,119.3,119.2,0.08,543434,64831677.86
2026-08-03,GOLDBND,EQ,INF194KB1KJ7,BANDHANAMC - GOLDBND,143.38,143.9,141.06,141.95,141.96,-0.01,3741,531034.94
2026-08-03,GOLDCASE,EQ,INF0R8F01042,ZERODHAAMC - GOLDCASE,22.46,22.46,22.21,22.31,22.3,0.04,10695538,238617447.07
2026-08-03,GOLDETF,EQ,INF769K01JP9,MIRAEAMC - MAGOLDETF,136.01,138.31,136.01,137.9,137.85,0.04,620775,85604868.71
2026-08-03,GOLDIAM,EQ,INE025B01025,GOLDIAM INTERNATIONAL LTD,376.0,381.45,361.1,362.95,375.7,-3.39,765796,277945667.55
2026-08-03,GOLDIETF,EQ,INF109KC1NT3,ICICI PRUDENTIAL GOLD ETF,122.23,122.23,120.26,121.44,121.33,0.09,6404088,777712462.35
2026-08-03,GOODLUCK,EQ,INE127I01024,GOODLUCK INDIA LIMITED,506.3,511.8,498.73,502.4,505.83,-0.68,397302,199604522.38
2026-08-03,GOODYEAR,EQ,INE533A01012,GOODYEAR INDIA LIMITED,839.0,862.95,835.15,857.15,833.25,2.87,84106,72091459.95
2026-08-03,GOPAL,EQ,INE0L9R01028,GOPAL SNACKS LIMITED,273.0,281.15,273.0,278.9,270.5,3.11,275249,76766944.42
2026-08-03,GOYALALUM,EQ,INE705X01026,GOYAL ALUMINIUMS LIMITED,6.44,6.69,6.44,6.58,6.52,0.92,53149,349720.42
2026-08-03,GPIL,EQ,INE177H01039,GODAWARI POW & ISP LTD,244.05,248.95,240.0,244.37,242.4,0.81,1106208,270324043.56
2026-08-03,GPPL,EQ,INE517F01014,GUJARAT PIPAVAV PORT LTD,151.45,152.79,150.5,151.37,150.27,0.73,879659,133153978.53
2026-08-03,GPTHEALTH,EQ,INE486R01017,GPT HEALTHCARE LIMITED,169.64,170.0,163.0,163.94,170.49,-3.84,509164,83472347.4
2026-08-03,GPTINFRA,EQ,INE390G01014,GPT INFRAPROJECTS LTD,117.0,118.85,113.5,114.02,118.62,-3.88,251340,28657785.96
2026-08-03,GRANULES,EQ,INE101D01020,GRANULES INDIA LIMITED,827.8,848.65,814.2,843.2,824.65,2.25,957769,807590832.49
2026-08-03,GRAPHITE,EQ,INE371A01025,GRAPHITE INDIA LTD,657.0,672.0,654.35,657.95,656.4,0.24,878541,578036061.67
2026-08-03,GRASIM,EQ,INE047A01021,GRASIM INDUSTRIES LTD,3120.0,3260.0,3103.1,3260.0,3100.8,5.13,393816,1283840160.0
2026-08-03,GRAUWEIL,EQ,INE266D01021,GRAUER & WEIL IND LTD,77.37,79.8,76.83,78.76,76.56,2.87,236764,18647533.15
2026-08-03,GRAVITA,EQ,INE024L01027,GRAVITA INDIA LIMITED,1624.4,1673.0,1613.2,1663.9,1616.4,2.94,268858,447352832.76
2026-08-03,GREAVESCOT,EQ,INE224A01026,GREAVES COTTON LTD.,240.0,241.85,231.2,232.67,238.05,-2.26,1179564,274449153.72
2026-08-03,GREENLAM,EQ,INE544R01021,GREENLAM INDUSTRIES LTD.,252.0,257.7,250.25,251.7,251.9,-0.08,52394,13187569.64
2026-08-03,GREENPANEL,EQ,INE08ZM01014,GREENPANEL INDUSTRIES LTD,194.01,197.5,193.42,196.72,193.02,1.92,66735,13128109.28
2026-08-03,GREENPLY,EQ,INE461C01038,GREENPLY INDUSTRIES LTD,289.95,295.9,285.25,287.4,284.75,0.93,195013,56046735.01
2026-08-03,GREENPOWER,EQ,INE999K01014,ORIENT GREEN POWER CO LTD,10.0,10.29,10.0,10.08,9.95,1.31,2062868,20793709.28
2026-08-03,GRINDWELL,EQ,INE536A01023,GRINDWELL NORTON LIMITED,2130.9,2146.2,2061.0,2087.8,2120.2,-1.53,21035,43916874.03
2026-08-03,GRINFRA,EQ,INE201P01022,G R INFRAPROJECTS LIMITED,885.1,915.0,885.1,907.0,884.1,2.59,17876,16213532.0
2026-08-03,GRMOVER,EQ,INE192H01020,GRM OVERSEAS LIMITED,89.73,96.49,89.1,94.88,89.73,5.74,2999165,284560766.96
2026-08-03,GROBTEA,EQ,INE646C01018,THE GROB TEA COMPANY LTD,903.3,919.4,893.3,918.05,920.0,-0.21,223,204725.15
2026-08-03,GROWW,EQ,INE0HOQ01053,BILLIONBRAINS GARAGE VN L,195.35,195.35,190.6,192.6,194.37,-0.91,33125267,6379926626.38
2026-08-03,GROWWCAPM,EQ,INF666M01MM4,GROWWAMC - GROWWCAPM,11.27,11.31,11.07,11.12,11.22,-0.89,601299,6686444.81
2026-08-03,GROWWCHEM,EQ,INF666M01NP5,GROWWAMC - GROWWCHEM,30.24,30.95,30.12,30.45,30.24,0.69,121420,3697239.09
2026-08-03,GROWWDEFNC,EQ,INF666M01IO8,GROWWAMC - GROWWDEFNC,93.17,94.67,93.17,94.22,93.16,1.14,250272,23580628.15
2026-08-03,GROWWEV,EQ,INF666M01IH2,GROWWAMC - GROWWEV,32.66,33.32,32.45,33.15,32.66,1.5,637915,21146883.22
2026-08-03,GROWWGOLD,EQ,INF666M01OE7,GROWWAMC - GROWWGOLD,13.85,13.91,13.8,13.85,13.85,0.0,970075,13435539.12
2026-08-03,GROWWLIQID,EQ,INF666M01IP5,GROWWAMC - GROWWLIQID,110.18,110.19,110.18,110.18,110.17,0.01,418290,46087192.33
2026-08-03,GROWWLOVOL,EQ,INF666M01LB9,GROWWAMC - GROWWLOVOL,10.52,10.87,10.52,10.7,10.62,0.75,9128,97669.6
2026-08-03,GROWWMC150,EQ,INF666M01MV5,GROWWAMC - GROWWMC150,234.58,235.85,228.99,232.82,231.23,0.69,3130,728726.62
2026-08-03,GROWWMETAL,EQ,INF666M01NI0,GROWWAMC - GROWWMETAL,12.14,12.4,12.14,12.24,12.14,0.82,540113,6610983.0
2026-08-03,GROWWMOM50,EQ,INF666M01KJ4,GROWWAMC - GROWWMOM50,11.07,11.07,10.64,10.75,10.67,0.75,171803,1846882.25
2026-08-03,GROWWN200,EQ,INF666M01JV1,GROWWAMC - GROWWN200,11.54,11.61,11.39,11.56,11.4,1.4,83575,966127.04
2026-08-03,GROWWNET,EQ,INF666M01LI4,GROWWAMC - GROWWNET,10.0,10.35,10.0,10.31,10.04,2.69,844267,8704393.12
2026-08-03,GROWWNIFTY,EQ,INF666M01LL8,GROWWAMC - GROWWNIFTY,9.85,10.0,9.71,9.89,9.85,0.41,1349589,13347435.67
2026-08-03,GROWWNXT50,EQ,INF666M01LZ8,GROWWAMC - GROWWNXT50,73.88,76.79,73.67,76.32,73.67,3.6,9217,703441.44
2026-08-03,GROWWPOWER,EQ,INF666M01LM6,GROWWAMC - GROWWPOWER,11.69,11.69,11.52,11.62,11.56,0.52,1228437,14274437.8
2026-08-03,GROWWPSE,EQ,INF666M01NQ3,GROWWAMC - GROWWPSE,100.0,101.8,97.5,100.17,99.52,0.65,4047,405387.98
2026-08-03,GROWWPSUBK,EQ,INF666M01OG2,GROWWAMC - GROWWPSUBK,84.9,85.45,83.1,84.8,83.75,1.25,4423,375070.41
2026-08-03,GROWWRAIL,EQ,INF666M01JJ6,GROWWAMC - GROWWRAIL,29.25,30.0,29.04,29.78,29.02,2.62,1569075,46727054.58
2026-08-03,GROWWRLTY,EQ,INF666M01MN2,GROWWAMC - GROWWRLTY,10.3,10.3,9.97,10.09,10.11,-0.2,328115,3310680.4
2026-08-03,GROWWSC250,EQ,INF666M01MO0,GROWWAMC - GROWWSC250,10.35,10.55,10.14,10.51,10.34,1.64,343921,3614609.79
2026-08-03,GROWWSLVR,EQ,INF666M01OF4,GROWWAMC - GROWWSLVR,21.23,21.36,21.12,21.15,21.16,-0.05,1175641,24864806.7
2026-08-03,GRPLTD,EQ,INE137I01015,GRP LIMITED,2100.0,2143.4,2011.3,2028.7,2098.2,-3.31,3607,7317520.72
2026-08-03,GRSE,EQ,INE382Z01011,GARDEN REACH SHIP&ENG LTD,2615.0,2622.8,2575.0,2582.7,2601.2,-0.71,317050,818845019.52
2026-08-03,GRWRHITECH,EQ,INE291A01017,GARWARE HI-TECH FILMS LTD,7190.0,7249.0,7115.5,7182.0,7151.5,0.43,38146,273964572.0
2026-08-03,GSEC10IETF,EQ,INF109KC18O0,ICICIPRAMC - ICICI10GS,261.79,265.44,261.79,264.77,261.79,1.14,3465,917428.01
2026-08-03,GSEC10YEAR,EQ,INF769K01KF8,MIRAEAMC - MAGS813ETF,30.16,31.3,30.15,30.15,30.31,-0.53,2318,69887.7
2026-08-03,GSEC5IETF,EQ,INF109KC14A8,ICICIPRAMC - ICICI5GSEC,67.16,67.16,66.0,66.02,66.5,-0.72,3492,230541.83
2026-08-03,GSFC,EQ,INE026A01025,GUJ STATE FERT & CHEM LTD,160.2,161.95,159.99,160.81,158.84,1.24,286583,46085411.53
2026-08-03,GSLSU,EQ,INE0JSX01015,GLOBAL SURFACES LIMITED,27.96,28.75,27.1,27.69,27.95,-0.93,33189,919003.43
2026-08-03,GSPCROP,EQ,INE713R01022,GSP CROP SCIENCE LIMITED,582.0,594.0,580.75,587.85,582.95,0.84,191658,112666150.62
2026-08-03,GSS,EQ,INE871H01011,GSS INFOTECH LIMITED,12.82,13.82,12.64,13.79,12.57,9.71,165823,2286699.16
2026-08-03,GTECJAINX,EQ,INE586X01012,G-TEC JAINX EDUCATION LTD,27.39,29.34,27.39,28.05,27.95,0.36,4846,135930.3
2026-08-03,GTL,EQ,INE043A01012,GTL LTD,7.39,7.6,7.3,7.44,7.29,2.06,241270,1795048.81
2026-08-03,GTLINFRA,EQ,INE221H01019,GTL INFRA.LTD,1.24,1.34,1.23,1.31,1.23,6.5,69477266,91015214.48
2026-08-03,GTPL,EQ,INE869I01013,GTPL HATHWAY LIMITED,61.35,61.35,59.66,59.95,59.9,0.08,18323,1098463.86
2026-08-03,GUFICBIO,EQ,INE742B01025,GUFIC BIOSCIENCES LTD.,390.45,397.35,386.55,390.5,389.85,0.17,35368,13811204.0
2026-08-03,GUJALKALI,EQ,INE186A01019,GUJARAT ALKALIES & CHEM,689.0,719.0,680.05,697.25,670.8,3.94,465124,324307709.0
2026-08-03,GUJAPOLLO,EQ,INE826C01016,GUJ. APOLLO IND. LTD.,385.0,385.0,346.15,364.0,344.35,5.71,25548,9299472.0
2026-08-03,GUJENERGY,EQ,INE844O01030,GUJARAT ENERGY LIMITED,277.3,281.9,274.8,277.55,274.5,1.11,670676,186146115.61
2026-08-03,GUJRAFFIA,EQ,INE610B01024,GUJARAT RAFFIA INDUST LTD,39.15,41.38,39.01,39.59,39.65,-0.15,1607,63621.13
2026-08-03,GUJTHEM,EQ,INE942C01045,GUJARAT THEMIS BIOSYN LTD,356.3,361.3,354.1,356.6,358.05,-0.4,35793,12763784.02
2026-08-03,GULFOILLUB,EQ,INE635Q01029,GULF OIL LUB. IND. LTD.,1072.9,1121.0,1072.9,1115.1,1069.3,4.28,143329,159826164.4
2026-08-03,GULPOLY,EQ,INE255D01024,GULSHAN POLYOLS LIMITED,199.0,206.99,196.61,198.5,197.32,0.6,442709,87877736.5
2026-08-03,GVPIL,EQ,INE878A01011,GE POWER INDIA LIMITED,700.0,758.0,700.0,758.0,721.95,4.99,157148,119118184.0
2026-08-03,GVT&D,EQ,INE200A01026,GE VERNOVA T&D INDIA LTD,4323.0,4370.0,4267.9,4370.0,4323.3,1.08,478516,2091114920.0
2026-08-03,GYFTR,EQ,INE724A01017,GYFTR LIMITED,158.0,168.0,156.0,161.69,159.68,1.26,44488,7193264.83
2026-08-03,HAL,EQ,INE066F01020,HINDUSTAN AERONAUTICS LTD,4660.4,4699.0,4647.5,4690.0,4646.5,0.94,466729,2188959010.0
2026-08-03,HALDER,EQ,INE115S01010,HALDER VENTURE LIMITED,240.44,260.0,240.44,255.0,247.11,3.19,27523,7018365.0
2026-08-03,HALEOSLABS,EQ,INE320X01016,HALEOS LABS LIMITED,1541.2,1590.0,1541.2,1589.0,1530.8,3.8,302,479878.0
2026-08-03,HAPPSTMNDS,EQ,INE419U01012,HAPPIEST MINDS TECHNO LTD,377.2,387.0,371.35,384.0,377.2,1.8,1063697,408459648.0
2026-08-03,HAPPYFORGE,EQ,INE330T01021,HAPPY FORGINGS LIMITED,1668.0,1710.5,1652.8,1699.2,1652.7,2.81,56505,96013293.24
2026-08-03,HARDWYN,EQ,INE626Z01029,HARDWYN INDIA LIMITED,11.3,11.55,11.16,11.23,11.27,-0.35,2675789,30049109.25
2026-08-03,HARIOMPIPE,EQ,INE00EV01017,HARIOM PIPE INDUSTRIES L,391.0,408.5,391.0,402.7,390.5,3.12,229192,92295621.2
2026-08-03,HARRMALAYA,EQ,INE544A01019,HARRISON MALAYALAM LTD,215.55,220.0,212.25,214.63,215.55,-0.43,10527,2259410.06
2026-08-03,HARSHA,EQ,INE0JUS01029,HARSHA ENGINEERS INT LTD,402.55,409.0,402.55,407.55,401.05,1.62,61608,25108339.65
2026-08-03,HATHWAY,EQ,INE982F01036,HATHWAY CABLE & DATACOM,10.77,11.13,10.77,11.05,10.77,2.6,1971674,21786998.08
2026-08-03,HATSUN,EQ,INE473B01035,HATSUN AGRO PRODUCT LTD.,877.0,894.45,877.0,884.8,885.4,-0.07,18783,16619198.17
2026-08-03,HAVELLS,EQ,INE176B01034,HAVELLS INDIA LIMITED,1261.9,1287.3,1259.1,1285.0,1260.7,1.93,1214090,1560105650.0
2026-08-03,HAVISHA,EQ,INE293B01029,SRI HAVISHA HOSP & INFR L,1.37,1.37,1.29,1.32,1.28,3.13,26883,35485.56
2026-08-03,HAWKINCOOK,EQ,INE979B01015,HAWKINS COOKERS LTD,8500.5,8649.5,8400.0,8496.5,8549.5,-0.62,984,8360556.0
2026-08-03,HBLENGINE,EQ,INE292B01021,HBL ENGINEERING LTD,724.0,741.7,721.65,739.2,718.7,2.85,967783,715385205.41
2026-08-03,HBSL,EQ,INE550B01022,HB STOCKHOLDINGS LIMITED,52.6,52.74,49.95,50.5,48.0,5.21,3507,177103.5
2026-08-03,HCC,EQ,INE549A01026,HINDUSTAN CONSTRUCTION CO,21.6,22.0,21.51,21.81,21.44,1.73,13986818,305052493.11
2026-08-03,HCG,EQ,INE075I01017,HEALTHCARE GLOB. ENT. LTD,684.0,684.0,663.9,671.75,671.2,0.08,77076,51775803.0
2026-08-03,HCL-INSYS,EQ,INE236A01020,HCL INFOSYSTEMS LTD,11.53,11.89,11.42,11.66,11.39,2.37,218623,2549144.15
2026-08-03,HCLTECH,EQ,INE860A01027,HCL TECHNOLOGIES LTD,1352.0,1377.0,1343.5,1377.0,1346.9,2.23,2314332,3186835164.0
2026-08-03,HDBFS,EQ,INE756I01012,HDB FINANCIAL SERVICES L,690.0,697.0,681.4,684.85,686.35,-0.22,375358,257063917.14
2026-08-03,HDFCAMC,EQ,INE127D01025,HDFC AMC LIMITED,2640.0,2644.8,2562.2,2600.6,2615.8,-0.58,534990,1391295046.25
2026-08-03,HDFCBANK,EQ,INE040A01034,HDFC BANK LTD,753.05,756.85,750.05,753.0,748.15,0.65,14827841,11165364273.0
2026-08-03,HDFCBSE500,EQ,INF179KC1EZ4,HDFCAMC - HDFCBSE500,37.86,38.4,37.83,38.25,37.8,1.19,340883,13038774.75
2026-08-03,HDFCGOLD,EQ,INF179KC1981,HDFC GOLD ETF,121.55,121.75,120.8,121.2,121.02,0.15,3241656,392888697.31
2026-08-03,HDFCGROWTH,EQ,INF179KC1DJ0,HDFCAMC - HDFCGROWTH,121.96,124.0,121.96,123.35,121.81,1.26,119630,14756360.32
2026-08-03,HDFCLIFE,EQ,INE795G01014,HDFC LIFE INS CO LTD,553.7,554.0,549.1,553.1,548.5,0.84,2516331,1391782614.67
2026-08-03,HDFCLIQUID,EQ,INF179KC1JG3,HDFCAMC - HDFCLIQUID,1072.06,1072.08,1072.06,1072.06,1071.94,0.01,13186,14136183.93
2026-08-03,HDFCLOWVOL,EQ,INF179KC1HU8,HDFCAMC - HDFCLOWVOL,21.49,21.49,21.06,21.2,21.1,0.47,17547,371996.41
2026-08-03,HDFCMID150,EQ,INF179KC1HT0,HDFCAMC - HDFCMID150,24.0,24.0,23.43,23.67,23.38,1.24,458400,10850328.03
2026-08-03,HDFCMOMENT,EQ,INF179KC1HV6,HDFCAMC - HDFCMOMENT,31.21,31.21,30.71,30.86,30.81,0.16,163285,5038975.2
2026-08-03,HDFCNEXT50,EQ,INF179KC1HS2,HDFCAMC - HDFCNEXT50,76.09,76.09,74.63,75.3,75.19,0.15,2537116,191044842.54
2026-08-03,HDFCNIF100,EQ,INF179KC1HR4,HDFCAMC - HDFCNIF100,26.96,26.96,26.08,26.45,26.31,0.53,50419,1333582.59
2026-08-03,HDFCNIFBAN,EQ,INF179KC1HY0,HDFCAMC - HDFCNIFBAN,59.13,59.55,58.63,59.0,58.91,0.15,142086,8383074.0
2026-08-03,HDFCNIFIT,EQ,INF179KC1IA8,HDFCAMC - HDFCNIFIT,32.86,33.73,32.86,33.58,32.86,2.19,196822,6609283.12
2026-08-03,HDFCNIFTY,EQ,INF179KC1965,HDFCAMC - HDFCNIFTY,274.0,281.16,271.5,275.72,274.31,0.51,105484,29084048.61
2026-08-03,HDFCNIMEG,EQ,INF179KC1KT4,HDFCAMC - HDFCNIMEG,130.42,132.0,128.04,130.7,127.13,2.81,61917,8092551.71
2026-08-03,HDFCPSUBK,EQ,INF179KC1HW4,HDFCAMC HDFCPSUBK,86.3,86.3,83.93,84.83,84.61,0.26,276802,23481114.17
2026-08-03,HDFCPVTBAN,EQ,INF179KC1HZ7,HDFCAMC - HDFCPVTBAN,28.34,28.5,28.1,28.39,28.09,1.07,365678,10381598.2
2026-08-03,HDFCQUAL,EQ,INF179KC1DL6,HDFCAMC - HDFCQUAL,59.18,59.71,58.43,59.29,58.89,0.68,52828,3132172.17
2026-08-03,HDFCSENSEX,EQ,INF179KC1HX2,HDFCAMC - HDFCSENSEX,86.21,90.64,86.21,89.02,88.43,0.67,40131,3572461.49
2026-08-03,HDFCSILVER,EQ,INF179KC1DI2,HDFCAMC - HDFCSILVER,207.13,208.25,206.02,206.78,206.6,0.09,2552996,527908509.76
2026-08-03,HDFCSML250,EQ,INF179KC1FB2,HDFCAMC - HDFCSML250,180.67,183.5,180.67,183.38,180.67,1.5,2334249,428054593.02
2026-08-03,HDFCVALUE,EQ,INF179KC1DK8,HDFCAMC - HDFCVALUE,128.0,128.72,128.0,128.21,127.07,0.9,5334,683872.18
2026-08-03,HEADSUP,EQ,INE759V01019,HEADS UP VENTURES LIMITED,6.98,6.98,6.53,6.79,6.53,3.98,16070,109115.3
2026-08-03,HEALTHADD,EQ,INF740KA1ZG1,DSPAMC - HEALTHADD,17.0,17.06,16.8,16.8,16.91,-0.65,43283,727154.37
2026-08-03,HEALTHAXIS,EQ,INF846K01Z12,AXISAMC-HEALTHAXIS,170.6,172.3,168.63,170.26,170.6,-0.2,8530,1452317.75
2026-08-03,HEALTHCARE,EQ,INF769K01QA6,MIRAEAMC - HEALTHCARE,22.26,22.26,21.56,21.61,21.61,0.0,78987,1706909.12
2026-08-03,HEALTHIETF,EQ,INF109KC1Q72,ICICIPRAMC - ICICIPHARM,172.61,173.68,170.2,171.14,171.89,-0.44,223480,38246367.06
2026-08-03,HEALTHX,EQ,INE019J01013,HEALTH X PLATFORM LIMITED,307.95,319.45,307.95,315.0,307.95,2.29,21093,6644295.0
2026-08-03,HEALTHY,EQ,INF209KB10C2,BIRLASLAMC - HEALTHY,17.51,17.51,17.09,17.12,17.2,-0.47,552949,9466487.34
2026-08-03,HECPROJECT,EQ,INE558R01013,HEC INFRA PROJECTS LTD,132.22,138.4,132.18,135.49,131.53,3.01,6912,936506.92
2026-08-03,HEIDELBERG,EQ,INE578A01017,HEIDELBERGCEMENT (I) LTD,153.1,155.89,153.1,155.51,152.69,1.85,65037,10113903.51
2026-08-03,HEMIPROP,EQ,INE0AJG01018,HEMISPHERE PROP IND LTD,135.38,141.95,135.1,140.0,134.32,4.23,1780008,249201120.0
2026-08-03,HERANBA,EQ,INE694N01015,HERANBA INDUSTRIES LTD,179.57,187.18,178.48,182.74,179.57,1.77,37947,6934434.99
2026-08-03,HERITGFOOD,EQ,INE978A01027,HERITAGE FOODS LTD,334.3,339.3,333.35,335.1,330.15,1.5,244425,81906818.99
2026-08-03,HEROMOTOCO,EQ,INE158A01026,HERO MOTOCORP LIMITED,5425.0,5460.5,5388.0,5460.0,5386.0,1.37,602971,3292221660.0
2026-08-03,HESTERBIO,EQ,INE782E01017,HESTER BIOSCIENCES LTD,2477.0,2489.8,2420.0,2442.4,2477.7,-1.42,6340,15484815.38
2026-08-03,HEXATRADEX,EQ,INE750M01017,HEXA TRADEX LIMITED,157.01,159.9,156.4,157.9,157.38,0.33,3521,555965.88
2026-08-03,HEXT,EQ,INE093A01041,HEXAWARE TECHNOLOGIES LTD,567.4,569.85,549.1,559.85,561.65,-0.32,676648,378821366.28
2026-08-03,HGINFRA,EQ,INE926X01010,H.G.INFRA ENGINEERING LTD,538.55,548.0,538.0,546.85,538.55,1.54,48918,26750807.11
2026-08-03,HGM,EQ,INE596H01014,HANDSON GBL MNGMNT LTD,52.7,52.7,48.5,49.45,50.31,-1.71,18981,938610.46
2026-08-03,HGS,EQ,INE170I01016,HINDUJA GLOBAL SOLS. LTD.,422.9,435.9,422.9,430.55,422.9,1.81,25443,10954483.34
2026-08-03,HIKAL,EQ,INE475B01022,HIKAL LIMITED,222.2,234.8,222.2,229.9,221.31,3.88,575992,132420557.28
2026-08-03,HILINFRA,EQ,INE00RL01028,HIGHWAY INFRASTRUCTURE L,46.48,47.2,45.71,47.0,45.9,2.4,68684,3228148.0
2026-08-03,HILTON,EQ,INE788H01017,HILTON METAL FORGING LTD,21.7,21.95,20.42,21.37,21.49,-0.56,164617,3517865.43
2026-08-03,HIMATSEIDE,EQ,INE049A01027,HIMATSINGKA SEIDE LTD,79.99,81.82,79.99,80.99,79.23,2.22,325428,26356413.02
2026-08-03,HINDALCO,EQ,INE038A01020,HINDALCO  INDUSTRIES  LTD,990.0,994.9,981.35,994.9,974.45,2.1,5617219,5588571320.24
2026-08-03,HINDCOMPOS,EQ,INE310C01029,HINDUSTAN COMPOSITES LTD.,425.5,431.95,424.5,425.55,423.0,0.6,3202,1362611.06
2026-08-03,HINDCON,EQ,INE642Y01029,HINDCON CHEMICALS LIMITED,24.44,24.44,23.06,23.15,24.03,-3.66,16892,391049.79
2026-08-03,HINDCOPPER,EQ,INE531E01026,HINDUSTAN COPPER LTD,495.0,498.5,491.0,495.05,491.6,0.7,2755226,1363974597.67
2026-08-03,HINDOILEXP,EQ,INE345A01011,HINDUSTAN OIL EXPLORATION,161.0,162.0,158.0,161.13,161.29,-0.1,341878,55086803.81
2026-08-03,HINDPETRO,EQ,INE094A01015,HINDUSTAN PETROLEUM CORP,396.9,398.85,392.1,395.0,389.75,1.35,4909326,1939183770.0
2026-08-03,HINDUNILVR,EQ,INE030A01027,HINDUSTAN UNILEVER LTD.,2107.0,2138.0,2105.3,2138.0,2101.3,1.75,740649,1583507562.0
2026-08-03,HINDWAREAP,EQ,INE05AN01011,HINDWARE HME INOVATON LTD,220.45,226.5,219.93,222.23,220.45,0.81,78473,17439054.45
2026-08-03,HINDZINC,EQ,INE267A01025,HINDUSTAN ZINC LIMITED,543.6,550.45,541.45,547.0,539.2,1.45,2640411,1444304817.0
2026-08-03,HIRECT,EQ,INE835D01023,HIRECT LIMITED,1344.0,1360.0,1319.9,1339.4,1338.3,0.08,80334,107599361.56
2026-08-03,HISARMETAL,EQ,INE598C01011,HISAR METAL IND. LIMITED,146.0,151.0,144.0,146.47,147.29,-0.56,3008,440581.76
2026-08-03,HITECH,EQ,INE106T01025,HI-TECH PIPES LIMITED,84.99,86.9,84.99,85.49,84.65,0.99,552712,47251347.7
2026-08-03,HLEGLAS,EQ,INE461D01028,HLE GLASCOAT LIMITED,433.0,434.0,420.1,422.85,426.9,-0.95,105745,44714273.9
2026-08-03,HLVLTD,EQ,INE102A01024,HLV LIMITED,7.12,7.54,7.0,7.21,7.12,1.26,374443,2699734.04
2026-08-03,HMAAGRO,EQ,INE0ECP01024,HMA AGRO INDUSTRIES LTD,20.51,21.5,20.51,20.89,20.52,1.8,491190,10260958.8
2026-08-03,HNDFDS,EQ,INE254N01026,HINDUSTAN FOODS LIMITED,580.0,593.9,573.8,589.05,574.65,2.51,104727,61689438.07
2026-08-03,HNGSNGBEES,EQ,INF204KB19I1,NIP IND ETF HANGSENG BEES,512.52,512.52,494.04,496.64,497.59,-0.19,126477,62813539.13
2026-08-03,HOMEFIRST,EQ,INE481N01025,HOME FIRST FIN CO IND LTD,1193.5,1220.0,1168.0,1170.2,1189.0,-1.58,114585,134087361.41
2026-08-03,HONASA,EQ,INE0J5401028,HONASA CONSUMER LIMITED,447.25,461.8,437.3,458.2,449.55,1.92,725342,332351713.25
2026-08-03,HONAUT,EQ,INE671A01010,HONEYWELL AUTOMATION IND,38355.0,38945.0,38255.0,38570.0,38155.0,1.09,3672,141629040.0
2026-08-03,HONDAPOWER,EQ,INE634A01018,HONDA I POWER PRODUCT LTD,2093.9,2126.6,2077.2,2096.0,2093.9,0.1,6450,13519200.0
2026-08-03,HPAL,EQ,INE0GSL01024,HP ADHESIVES LIMITED,32.56,34.0,32.56,33.3,32.56,2.27,49769,1657307.66
2026-08-03,HPIL,EQ,INE05X901010,HINDPRAKASH INDUSTRY LTD,125.0,130.99,123.21,127.74,126.08,1.32,3083,393822.41
2026-08-03,HPL,EQ,INE495S01016,HPL ELECTRIC & POWER LTD,335.0,342.0,335.0,335.95,332.45,1.05,65003,21837758.64
2026-08-03,HSBCGOLD,EQ,INF336L01RX2,HSBCAMC - HSBCGOLD,123.39,124.01,123.15,123.4,123.1,0.24,15876,1959098.42
2026-08-03,HSCL,EQ,INE019C01026,HIMADRI SPECIALITY CHEM L,750.0,756.85,735.2,750.65,750.65,0.0,3225995,2421593225.51
2026-08-03,HTMEDIA,EQ,INE501G01024,HT MEDIA LIMITED,24.31,25.24,24.31,24.87,24.65,0.89,44939,1117632.97
2026-08-03,HUBTOWN,EQ,INE703H01016,HUBTOWN LIMITED,190.88,194.0,188.0,190.51,190.58,-0.04,350784,66827857.91
2026-08-03,HUDCO,EQ,INE031A01017,HSG & URBAN DEV CORPN LTD,195.9,200.39,195.9,199.38,195.1,2.19,2281853,454955862.28
2026-08-03,HUHTAMAKI,EQ,INE275B01026,HUHTAMAKI INDIA LIMITED,298.0,310.7,295.5,300.0,298.14,0.62,459416,137824800.0
2026-08-03,HYBRIDETF,EQ,INF769K01RJ5,MIRAEAMC - HYBRIDETF,10.28,10.28,10.04,10.06,10.02,0.39,42360,426141.62
2026-08-03,HYUNDAI,EQ,INE0V6F01027,HYUNDAI MOTOR INDIA LTD,2212.1,2247.6,2200.0,2207.0,2180.7,1.21,1774484,3916286188.0
2026-08-03,IBULLSLTD,EQ,INE126M01010,INDIABULLS LIMITED,27.02,28.01,26.6,27.09,27.38,-1.06,6862536,185906101.29
2026-08-03,ICEMAKE,EQ,INE520Y01019,ICE MAKE REFRIGERAT LTD,827.0,840.0,822.0,825.25,831.35,-0.73,13373,11036068.25
2026-08-03,ICICIAMC,EQ,INE346A01027,ICICI PRUDENTIAL AMC LTD,3129.0,3130.0,3087.1,3099.1,3115.9,-0.54,322476,999385403.09
2026-08-03,ICICIB22,EQ,INF109KB15Y7,ICICIPRAMC - BHARATIWIN,116.0,117.15,115.0,116.6,115.79,0.7,391983,45705217.2
2026-08-03,ICICIBANK,EQ,INE090A01021,ICICI BANK LTD.,1442.0,1460.0,1433.0,1460.0,1435.4,1.71,7706747,11251850620.0
2026-08-03,ICICIGI,EQ,INE765G01017,ICICI LOMBARD GIC LIMITED,1632.7,1675.0,1632.7,1675.0,1623.7,3.16,908054,1520990450.0
2026-08-03,ICICIPRULI,EQ,INE726G01019,ICICI PRU LIFE INS CO LTD,515.4,522.35,513.8,522.35,515.4,1.35,2151448,1123808810.27
2026-08-03,ICIL,EQ,INE483B01026,INDO COUNT INDUSTRIES LTD,401.25,415.85,401.25,409.7,401.25,2.11,487006,199526364.14
2026-08-03,ICRA,EQ,INE725G01011,ICRA LIMITED,4969.0,5145.0,4911.0,5131.5,4903.5,4.65,109701,562930681.5
2026-08-03,IDBI,EQ,INE008A01015,IDBI BANK LIMITED,84.8,86.23,84.51,84.71,83.75,1.15,4244574,359557859.65
2026-08-03,IDEA,EQ,INE669E01016,VODAFONE IDEA LIMITED,13.01,13.11,12.82,12.86,13.01,-1.15,235409728,3027369021.26
2026-08-03,IDEAFORGE,EQ,INE349Y01013,IDEAFORGE TECHNO LTD,892.0,899.0,870.05,887.1,875.1,1.37,124436,110387172.56
2026-08-03,IDFCFIRSTB,EQ,INE092T01019,IDFC FIRST BANK LIMITED,85.31,86.5,84.69,86.0,84.68,1.56,12814087,1102011482.0
2026-08-03,IDFNIFTYET,EQ,INF194KA1U07,BANDHANAMC - IDFNIFTYET,271.98,272.2,267.11,271.54,269.59,0.72,2385,647622.92
2026-08-03,IEX,EQ,INE022Q01020,INDIAN ENERGY EXC LTD,133.0,133.8,126.01,128.0,132.24,-3.21,18350173,2348822144.0
2026-08-03,IFBAGRO,EQ,INE076C01018,IFB AGRO INDUSTRIES LTD,994.0,997.95,975.0,984.0,978.25,0.59,2843,2797512.0
2026-08-03,IFBIND,EQ,INE559A01017,IFB INDUSTRIES LTD,1315.7,1365.5,1305.0,1354.0,1315.7,2.91,70710,95741340.0
2026-08-03,IFCI,EQ,INE039A01010,IFCI LTD,77.3,79.2,76.92,77.31,76.54,1.01,20352925,1573484582.06
2026-08-03,IFGLEXPOR,EQ,INE133Y01011,IFGL REFRACTORIES LIMITED,212.0,218.3,203.92,207.35,208.57,-0.58,79459,16475824.13
2026-08-03,IGARASHI,EQ,INE188B01013,IGARASHI MOTORS INDIA LTD,451.4,469.9,451.4,467.15,451.15,3.55,57816,27008744.05
2026-08-03,IGCL,EQ,INE05J901018,INDOGULF CROPSCIENCES LTD,77.9,77.9,75.0,75.47,77.9,-3.12,118216,8921761.66
2026-08-03,IGIL,EQ,INE0Q9301021,INTL GEMOLOGICAL INST LTD,355.0,371.4,354.6,364.95,353.45,3.25,1356968,495225488.16
2026-08-03,IGL,EQ,INE203G01027,INDRAPRASTHA GAS LTD,152.05,156.52,152.05,156.17,151.98,2.76,1720749,268729368.18
2026-08-03,IGPL,EQ,INE204A01010,I G PETROCHEMICALS LTD,478.3,500.0,471.05,496.65,471.25,5.39,185122,91940840.17
2026-08-03,IIFL,EQ,INE530B01024,IIFL FINANCE LIMITED,610.8,622.0,602.4,617.85,608.65,1.51,2681421,1656715899.39
2026-08-03,IIFLCAPS,EQ,INE489L01022,IIFL CAPITAL SERVICES LTD,339.3,339.3,335.1,336.65,337.8,-0.34,293307,98741799.76
2026-08-03,IITL,EQ,INE886A01014,INDUSTRIAL INV TRUST LTD,133.21,153.21,133.21,153.21,127.68,20.0,270241,41403625.42
2026-08-03,IKIO,EQ,INE0LOJ01019,IKIO TECHNOLOGIES LIMITED,201.0,203.9,199.3,201.54,200.22,0.66,165776,33410493.93
2026-08-03,IKS,EQ,INE115Q01022,INVENTURUS KNOWLEDGE SO L,1858.0,1858.0,1839.3,1846.4,1848.9,-0.14,61283,113152932.7
2026-08-03,IMAGICAA,EQ,INE172N01012,IMAGICAAWORLD ENT LTD,47.24,49.85,47.18,49.09,46.99,4.47,1090738,53544328.59
2026-08-03,IMFA,EQ,INE919H01018,INDIAN METALS & FERRO,1482.9,1498.9,1454.0,1492.0,1448.6,3.0,229842,342924264.0
2026-08-03,IMPAL,EQ,INE547E01014,IND MOTOR PART & ACC LTD,1080.0,1114.7,1070.0,1104.6,1084.4,1.86,1846,2039091.55
2026-08-03,INA,EQ,INE0LGX01024,INSOLATION ENERGY LIMITED,111.31,113.98,111.11,112.75,111.78,0.87,374327,42205369.25
2026-08-03,INCREDIBLE,EQ,INE452L01012,INCREDIBLE INDUSTRIES LTD,33.48,33.99,33.02,33.1,33.15,-0.15,86,2846.6
2026-08-03,INDBANK,EQ,INE841B01017,INDBANK MERCH BANK,32.26,32.84,32.26,32.49,32.35,0.43,19689,639695.64
2026-08-03,INDGN,EQ,INE065X01017,INDEGENE LIMITED,523.45,554.85,512.3,545.25,515.15,5.84,1886714,1028730808.5
2026-08-03,INDHOTEL,EQ,INE053A01029,THE INDIAN HOTELS CO. LTD,740.0,752.0,739.5,752.0,738.55,1.82,1980772,1489540544.0
2026-08-03,INDIACEM,EQ,INE383A01012,THE INDIA CEMENTS LIMITED,400.0,400.0,388.5,390.95,398.0,-1.77,195037,76249717.53
2026-08-03,INDIAGLYCO,EQ,INE560A01023,INDIA GLYCOLS LTD,1158.0,1164.6,1140.0,1145.2,1147.45,-0.2,110002,125974285.03
2026-08-03,INDIAMART,EQ,INE933S01016,INDIAMART INTERMESH LTD,1820.0,1825.0,1790.0,1798.6,1799.8,-0.07,165345,297389512.96
2026-08-03,INDIANB,EQ,INE562A01011,INDIAN BANK,841.95,853.8,838.0,845.0,836.5,1.02,1497239,1265166955.0
2026-08-03,INDIANCARD,EQ,INE061A01014,INDIAN CARD CLOTHING CO.,225.72,232.0,222.03,224.29,225.72,-0.63,1358,304585.81
2026-08-03,INDIANHUME,EQ,INE323C01030,INDIAN HUME PIPE CO. LTD.,393.2,421.0,393.2,414.5,390.75,6.08,183169,75923550.5
2026-08-03,INDIASHLTR,EQ,INE922K01024,INDIA SHELTER FIN CORP L,722.85,745.4,715.3,726.5,726.5,0.0,98972,71903158.0
2026-08-03,INDIGO,EQ,INE646L01027,INTERGLOBE AVIATION LTD,5300.0,5402.0,5276.0,5400.0,5171.0,4.43,990927,5351005800.0
2026-08-03,INDIGOPNTS,EQ,INE09VQ01012,INDIGO PAINTS LIMITED,1106.6,1113.4,1086.0,1087.4,1111.8,-2.19,48464,52699754.78
2026-08-03,INDIQUBE,EQ,INE06ST01018,INDIQUBE SPACES LIMITED,176.84,178.4,169.45,171.97,173.76,-1.03,47200,8116984.06
2026-08-03,INDNIPPON,EQ,INE092B01025,INDIA NIPPON ELECT  LTD,1186.5,1214.6,1150.1,1173.2,1170.4,0.24,64388,75539998.46
2026-08-03,INDOBORAX,EQ,INE803D01021,INDO BORAX & CHEMICAL LTD,378.15,422.35,373.0,418.7,374.9,11.68,889883,372594022.96
2026-08-03,INDOCO,EQ,INE873D01024,INDOCO REMEDIES LTD.,222.78,225.02,220.0,221.76,219.49,1.03,89085,19755489.11
2026-08-03,INDOFARM,EQ,INE622H01018,INDO FARM EQUIPMENT LTD,161.9,164.5,160.16,161.6,161.22,0.24,179064,28936743.49
2026-08-03,INDOMIM,EQ,INE084101034,INDO-MIM LIMITED,776.0,802.7,765.0,770.15,776.15,-0.77,7110886,5476449026.51
2026-08-03,INDORAMA,EQ,INE156A01020,INDO RAMA SYNTHETICS LTD,56.55,64.85,56.55,63.49,56.25,12.87,2539412,161227272.14
2026-08-03,INDOSTAR,EQ,INE896L01010,INDOSTAR CAPITAL FIN LTD,250.25,253.0,243.05,245.25,250.0,-1.9,101092,24792813.0
2026-08-03,INDOTECH,EQ,INE332H01014,INDO TECH TRANSFORM LTD.,3510.0,3529.8,3351.1,3470.7,3453.8,0.49,20769,72082967.29
2026-08-03,INDOTHAI,EQ,INE337M01021,INDO THAI SEC LTD,214.9,215.0,170.75,170.75,213.43,-20.0,2912295,497274371.25
2026-08-03,INDOUS,EQ,INE250Z01010,INDO US BIOTECH LTD,81.0,84.63,81.0,83.6,81.62,2.43,10809,903632.38
2026-08-03,INDOWIND,EQ,INE227G01018,INDOWIND ENERGY LTD,9.18,9.36,9.1,9.12,9.18,-0.65,79213,722422.55
2026-08-03,INDRAMEDCO,EQ,INE681B01017,INDRAPRASTHA MEDICAL CORP,367.0,373.3,365.65,368.9,366.35,0.7,118293,43638286.98
2026-08-03,INDSWFTLAB,EQ,INE915B01019,IND SWIFT LABORATORIES LT,224.27,231.2,222.2,228.63,224.27,1.94,195400,44674302.95
2026-08-03,INDTERRAIN,EQ,INE611L01021,IND TERRAIN FASHIONS LTD,28.6,33.39,28.12,33.39,27.83,19.98,296135,9887947.47
2026-08-03,INDUSINDBK,EQ,INE095A01012,INDUSIND BANK LIMITED,1019.0,1028.9,1013.3,1028.9,1012.45,1.62,887652,913305164.47
2026-08-03,INDUSTOWER,EQ,INE121J01017,INDUS TOWERS LIMITED,394.0,398.3,390.1,395.3,391.1,1.07,2253714,890893116.69
2026-08-03,INFOBEAN,EQ,INE344S01016,INFOBEANS TECHNO. LTD.,170.44,175.88,167.69,171.95,166.86,3.05,424632,73015471.1
2026-08-03,INFOMEDIA,EQ,INE669A01022,INFOMEDIA PRESS LIMITED,5.45,5.7,5.13,5.38,5.43,-0.92,13289,71494.82
2026-08-03,INFRA,EQ,INF769K01QB4,MIRAEAMC - INFRA,12.15,12.28,12.15,12.25,12.14,0.91,23976,293706.0
2026-08-03,INFRAIETF,EQ,INF109KC16E5,ICICIPRAMC - ICICIINFRA,97.91,97.91,96.35,97.52,96.65,0.9,384312,37478104.95
2026-08-03,INFY,EQ,INE009A01021,INFOSYS LIMITED,1145.1,1180.0,1138.1,1180.0,1130.1,4.42,8582270,10127078600.0
2026-08-03,INGERRAND,EQ,INE177A01018,INGERSOLL-RAND INDIA LTD,4335.6,4418.2,4290.0,4327.0,4335.6,-0.2,7602,32893854.0
2026-08-03,INNOVACAP,EQ,INE0DUT01020,INNOVA CAPTAB LIMITED,975.0,975.85,945.2,956.4,974.25,-1.83,18202,17408393.24
2026-08-03,INNOVANA,EQ,INE403Y01018,INNOVANA THINKLABS LTD,315.0,336.75,315.0,322.0,327.9,-1.8,2468,794696.0
2026-08-03,INNOVISION,EQ,INE0ADB01012,INNOVISION LIMITED,284.1,288.0,283.6,285.75,285.5,0.09,14255,4073366.25
2026-08-03,INOXGREEN,EQ,INE510W01014,INOX GREEN ENERGY SER LTD,170.0,177.3,165.0,174.32,169.89,2.61,653228,113870709.74
2026-08-03,INOXINDIA,EQ,INE616N01034,INOX INDIA LIMITED,1908.0,1980.0,1879.0,1920.4,1908.0,0.65,133526,256423333.66
2026-08-03,INOXWIND,EQ,INE066P01011,INOX WIND LIMITED,78.9,81.14,78.54,78.9,78.14,0.97,11919807,940472790.49
2026-08-03,INSECTICID,EQ,INE070I01018,INSECTICIDES (I) LTD,643.3,665.95,636.1,663.6,641.2,3.49,61729,40963362.89
2026-08-03,INSPIRISYS,EQ,INE020G01017,INSPIRISYS SOLUTIONS LTD,97.0,99.0,96.1,98.49,99.0,-0.52,4502,443401.97
2026-08-03,INSUREIETF,EQ,INF109K1A567,ICICIPRAMC - INSUREIETF,15.84,15.84,15.84,15.84,,,0,0.0
2026-08-03,INTELLECT,EQ,INE306R01017,INTELLECT DESIGN ARENA,727.7,764.4,722.15,748.85,719.9,4.02,1625516,1217267616.91
2026-08-03,INTENTECH,EQ,INE781A01025,INTENSE TECHNOLOGIES LTD,82.5,85.87,82.5,83.07,83.32,-0.3,25387,2108898.08
2026-08-03,INTERARCH,EQ,INE00M901018,INTERARCH BLDNG SOLTN LTD,1811.0,1858.0,1811.0,1846.1,1808.8,2.06,53516,98795886.29
2026-08-03,INTERNET,EQ,INF769K01PB6,MIRAEAMC - INTERNET,13.62,13.95,13.61,13.92,13.58,2.5,295701,4116157.94
2026-08-03,INTLCONV,EQ,INE575C01027,INTL CONVEYORS LIMITED,74.0,75.75,73.55,73.77,74.47,-0.94,49859,3678098.26
2026-08-03,INVENTURE,EQ,INE878H01024,INVENTURE GRO & SEC LTD,0.91,0.95,0.9,0.91,0.9,1.11,2382685,2168243.41
2026-08-03,IOB,EQ,INE565A01014,INDIAN OVERSEAS BANK,34.29,34.6,34.01,34.1,33.9,0.59,2431701,82921000.39
2026-08-03,IOC,EQ,INE242A01010,INDIAN OIL CORP LTD,142.52,145.2,142.38,143.7,140.17,2.52,17986947,2584724229.01
2026-08-03,IOLCP,EQ,INE485C01029,IOL CHEM AND PHARMA LTD,147.1,153.9,146.48,151.7,146.33,3.67,1909350,289648389.17
2026-08-03,IONEXCHANG,EQ,INE570A01022,ION EXCHANGE (INDIA) LTD,420.7,436.0,419.75,429.95,420.7,2.2,321970,138431005.43
2026-08-03,IPCALAB,EQ,INE571A01038,IPCA LABORATORIES LTD,1752.9,1767.0,1714.0,1725.6,1747.8,-1.27,159711,275597297.7
2026-08-03,IPL,EQ,INE0D6701023,INDIA PESTICIDES LIMITED,144.01,152.48,142.4,148.57,154.15,-3.62,1006156,149484604.29
2026-08-03,IRB,EQ,INE821I01022,IRB INFRA DEV LTD.,20.17,20.38,20.06,20.18,20.0,0.9,6221967,125559295.96
2026-08-03,IRCON,EQ,INE962Y01021,IRCON INTERNATIONAL LTD,126.12,132.38,126.1,131.88,125.99,4.67,3483133,459355597.05
2026-08-03,IRCTC,EQ,INE335Y01020,INDIAN RAIL TOUR CORP LTD,494.35,517.5,493.0,513.5,489.8,4.84,2801518,1438579493.0
2026-08-03,IREDA,EQ,INE202E01016,INDIAN RENEWABLE ENERGY,120.38,123.9,120.19,123.0,119.59,2.85,7823276,962262948.0
2026-08-03,IRFC,EQ,INE053F01010,INDIAN RAILWAY FIN CORP L,89.5,90.85,89.42,90.25,89.15,1.23,11813006,1066123791.5
2026-08-03,IRIS,EQ,INE864K01010,IRIS REGTECH SOLUTION LTD,252.0,263.97,249.8,254.52,248.2,2.55,19353,4925725.64
2026-08-03,IRISDOREME,EQ,INE01GN01025,IRIS CLOTHINGS LIMITED,53.26,54.5,52.81,53.52,52.96,1.06,459911,24614436.93
2026-08-03,IRMENERGY,EQ,INE07U701015,IRM ENERGY LIMITED,257.6,268.4,257.6,265.0,257.55,2.89,97929,25951185.0
2026-08-03,ISFT,EQ,INE566K01011,INTRASOFT TECH. LTD,82.5,84.0,78.3,82.5,81.31,1.46,5293,436672.5
2026-08-03,ISGEC,EQ,INE858B01029,ISGEC HEAVY ENG LTD,834.0,847.0,833.35,838.95,825.95,1.57,39861,33441386.44
2026-08-03,ISHANCH,EQ,INE561M01018,ISHAN DYES N CHEMICALS L,52.99,53.3,50.5,51.84,52.22,-0.73,49811,2582202.25
2026-08-03,IT,EQ,INF174KA1GC5,KOTAKMAMC - KOTAKIT,34.83,35.14,33.75,34.95,34.15,2.34,685778,23967941.62
2026-08-03,ITADD,EQ,INF740KA1SX1,DSPAMC - DSPIT,32.72,33.5,32.7,33.22,32.59,1.93,125860,4181069.35
2026-08-03,ITAXIS,EQ,INF846K01Y96,AXISAMC-ITAXIS,341.14,349.0,338.1,345.94,337.83,2.4,7479,2587285.28
2026-08-03,ITBEES,EQ,INF204KB15V2,NIP IND ETF IT,34.2,35.2,34.0,34.98,34.12,2.52,19835504,693845920.84
2026-08-03,ITBETA,EQ,INF789F1AZD8,UTIAMC-ITBETA,320.69,333.99,319.91,324.4,323.35,0.32,352251,114270222.25
2026-08-03,ITC,EQ,INE154A01025,ITC LTD,284.45,292.55,283.0,287.0,281.0,2.14,45392755,13027720685.0
2026-08-03,ITCHOTELS,EQ,INE379A01028,ITC HOTELS LIMITED,163.59,167.35,162.8,165.22,162.37,1.76,2135051,352753128.83
2026-08-03,ITDC,EQ,INE353K01014,INDIA TOUR. DEV. CO. LTD.,707.0,730.2,705.45,715.2,700.7,2.07,343982,246015930.6
2026-08-03,ITETF,EQ,INF769K01KV5,MIRAEAMC - ITETF,32.79,33.6,32.66,33.46,32.57,2.73,589716,19731896.82
2026-08-03,ITI,EQ,INE248A01017,ITI LTD,279.4,282.9,277.8,282.15,276.7,1.97,264548,74642216.59
2026-08-03,ITIETF,EQ,INF109KC16I6,ICICIPRAMC - ICICITECH,34.32,35.83,34.03,34.9,34.2,2.05,1165091,40661677.68
2026-08-03,IVALUE,EQ,INE056801025,IVALUE INFOSOLUTIONS LTD,272.55,282.0,271.35,274.7,274.05,0.24,446702,122709044.85
2026-08-03,IVC,EQ,INE050B01023,IL&FS INVESTMENT MANAGERS,8.5,8.51,8.44,8.45,8.4,0.6,154929,1309150.02
2026-08-03,IVZINGOLD,EQ,INF205KA1BP1,INVESCO INDIA GOLD ETF,124.0,124.2,122.65,123.5,123.35,0.12,77619,9585946.5
2026-08-03,IVZINNIFTY,EQ,INF205KA1CC7,INVESCO INDIA NIFTY ETF,287.59,287.59,278.0,280.97,280.58,0.14,3673,1032002.81
2026-08-03,IXIGO,EQ,INE0HV901016,LE TRAVENUES TECHNOLOGY L,199.85,204.58,198.13,199.6,197.62,1.0,591507,118064800.81
2026-08-03,IZMO,EQ,INE848A01014,IZMO LIMITED,997.0,1028.25,973.85,988.9,992.9,-0.4,91192,90179771.03
2026-08-03,J&KBANK,EQ,INE168A01041,J & K BANK LTD.,155.0,158.7,152.55,156.12,156.0,0.08,6169987,963258340.31
2026-08-03,JAGRAN,EQ,INE199G01027,JAGRAN PRAKASHAN LIMITED,64.2,64.5,62.8,62.88,63.81,-1.46,361401,22724895.27
2026-08-03,JAGSNPHARM,EQ,INE048B01035,JAGSONPAL PHARMACEUTICALS,228.5,239.0,227.21,235.37,230.8,1.98,182821,43030577.88
2026-08-03,JAIBALAJI,EQ,INE091G01026,JAI BALAJI INDUSTRIES LTD,57.96,60.59,57.71,60.59,57.71,4.99,187525,11362139.78
2026-08-03,JAICORPLTD,EQ,INE070D01027,JAI CORP LIMITED,102.15,104.39,102.15,103.83,101.64,2.15,283415,29426979.97
2026-08-03,JAINREC,EQ,INE0YD401026,JAIN RESOURCE RECYCLING L,353.9,363.0,321.2,350.2,348.2,0.57,6506503,2278577430.03
2026-08-03,JAIPURKURT,EQ,INE696V01013,NANDANI CREATION LIMITED,26.5,27.96,26.5,26.91,26.67,0.9,141267,3801494.95
2026-08-03,JAMNAAUTO,EQ,INE039C01032,JAMNA AUTO IND LTD,132.99,141.6,132.49,140.86,131.18,7.38,6125287,862807930.56
2026-08-03,JARO,EQ,INE00YJ01010,JARO INS OF TEC MG N RE L,474.8,476.65,469.75,472.55,467.85,1.0,113121,53455327.17
2026-08-03,JASH,EQ,INE039O01029,JASH ENGINEERING LIMITED,506.0,511.4,496.2,500.6,504.55,-0.78,90209,45158625.95
2026-08-03,JAYAGROGN,EQ,INE785A01026,JAYANT AGRO ORGANICS LTD,236.0,241.35,229.2,230.95,229.35,0.7,42437,9800825.02
2026-08-03,JAYBARMARU,EQ,INE571B01036,JAY BHARAT MARUTI LTD,165.0,165.12,160.0,162.17,160.59,0.98,471198,76414178.8
2026-08-03,JAYKAY,EQ,INE903A01025,JAYKAY ENTERPRISES LTD,169.8,172.0,163.68,165.32,167.36,-1.22,121972,20164411.93
2026-08-03,JAYNECOIND,EQ,INE854B01010,JAYASWAL NECO INDUSTR LTD,86.48,89.26,86.2,88.18,86.03,2.5,3042725,268307491.43
2026-08-03,JAYSREETEA,EQ,INE364A01020,JAYSHREE TEA & INDUSTRIES,82.9,84.15,82.48,83.27,81.96,1.6,20508,1707701.09
2026-08-03,JBMA,EQ,INE927D01051,JBM AUTO LIMITED,663.0,670.95,660.0,662.6,658.35,0.65,161748,107174220.85
2026-08-03,JETFREIGHT,EQ,INE982V01025,JET FREIGHT LOGISTICS LTD,23.77,23.85,22.51,22.67,22.7,-0.13,276654,6271746.2
2026-08-03,JGCHEM,EQ,INE0MB501011,J.G.CHEMICALS LIMITED,507.0,514.8,501.65,508.4,503.8,0.91,84625,43023349.48
2026-08-03,JHS,EQ,INE544H01014,JHS SVEND. LAB. LTD,7.74,7.79,7.49,7.64,7.57,0.92,95703,731170.91
2026-08-03,JINDALPHOT,EQ,INE796G01012,JINDAL PHOTO LIMITED,1070.0,1079.9,1038.0,1064.0,1061.1,0.27,2158,2296112.0
2026-08-03,JINDALPOLY,EQ,INE197D01010,JINDAL POLY FILMS LIMITED,642.0,642.0,622.0,625.0,633.3,-1.31,16801,10500625.0
2026-08-03,JINDALSAW,EQ,INE324A01032,JINDAL SAW LIMITED,256.75,260.8,253.25,259.3,256.95,0.91,1071375,277807524.42
2026-08-03,JINDALSTEL,EQ,INE749A01030,JINDAL STEEL LIMITED,1114.0,1128.3,1105.1,1105.1,1102.4,0.24,1173261,1296570702.46
2026-08-03,JINDRILL,EQ,INE742C01031,JINDAL DRILLING IND. LTD,622.9,628.35,607.0,611.15,616.2,-0.82,283953,173537882.88
2026-08-03,JINDWORLD,EQ,INE247D01039,JINDAL WORLDWIDE LTD,37.91,42.4,37.63,40.41,38.34,5.4,123958484,5009162319.53
2026-08-03,JIOFIN,EQ,INE758E01017,JIO FIN SERVICES LTD,260.0,266.95,256.3,263.0,256.46,2.55,36582683,9621245629.0
2026-08-03,JISLDVREQS,EQ,IN9175A01010,JAIN DVR EQUITY SHARES,22.21,23.23,22.05,22.53,22.1,1.95,28796,648773.9
2026-08-03,JISLJALEQS,EQ,INE175A01038,JAIN IRRIGATION SYSTEMS,30.07,32.4,30.05,31.33,29.94,4.64,4959953,155395327.11
2026-08-03,JITFINFRA,EQ,INE863T01013,JITF INFRALOGISTICS LTD,340.0,352.0,335.65,345.25,337.95,2.16,30630,10575007.5
2026-08-03,JKCEMENT,EQ,INE823G01014,JK CEMENT LIMITED,5461.0,5595.0,5461.0,5563.5,5444.0,2.2,39151,217816588.5
2026-08-03,JKIL,EQ,INE576I01022,JKUMAR INFR.LTD.,484.0,489.9,483.1,485.2,482.0,0.66,72309,35084327.68
2026-08-03,JKIPL,EQ,INE1FF001016,JINKUSHAL INDUSTRIES LTD,98.5,101.0,94.51,96.83,97.97,-1.16,10971,1062321.95
2026-08-03,JKLAKSHMI,EQ,INE786A01032,JK LAKSHMI CEMENT LTD,569.9,571.85,564.0,568.65,564.65,0.71,67274,38255361.74
2026-08-03,JKPAPER,EQ,INE789E01012,JK PAPER LIMITED,390.95,392.7,385.0,385.75,390.55,-1.23,205827,79397765.25
2026-08-03,JKTYRE,EQ,INE573A01042,JK TYRE & INDUSTRIES LTD,405.0,418.25,403.15,410.3,399.75,2.64,1668484,684578964.83
2026-08-03,JLHL,EQ,INE682M01020,JUPITER LIFE LINE HOSP L,325.0,325.0,310.3,319.0,331.5,-3.77,607371,193751349.0
2026-08-03,JMA,EQ,INE412C01023,JULLUNDUR MOT AGENCY LTD,89.0,90.9,87.02,88.67,87.92,0.85,12766,1131961.2
2026-08-03,JMFINANCIL,EQ,INE780C01023,JM FINANCIAL LIMITED,123.69,125.25,117.7,120.89,122.16,-1.04,8194497,990632737.33
2026-08-03,JNKINDIA,EQ,INE0OAF01028,JNK INDIA LIMITED,430.0,430.0,405.2,410.85,437.55,-6.1,732715,301035962.22
2026-08-03,JOCIL,EQ,INE839G01010,JOCIL LIMITED,147.5,151.5,146.1,150.87,144.29,4.56,12800,1931135.94
2026-08-03,JPOLYINVST,EQ,INE147P01019,JIND POL INV & FIN CO LTD,1021.0,1045.0,1021.0,1029.2,1020.8,0.82,5203,5354927.35
2026-08-03,JPPOWER,EQ,INE351F01018,JAIPRAKASH POWER VEN. LTD,18.59,19.28,18.31,18.76,18.29,2.57,197024299,3696175894.34
2026-08-03,JSFB,EQ,INE953L01027,JANA SMALL FIN BANK LTD,579.0,593.0,573.6,584.85,575.0,1.71,673070,393644973.07
2026-08-03,JSL,EQ,INE220G01021,JINDAL STAINLESS LIMITED,734.8,740.0,719.95,731.7,734.8,-0.42,382465,279849645.17
2026-08-03,JSLL,EQ,INE0J5801029,JEENA SIKHO LIFECARE LTD,595.6,602.05,573.2,582.5,586.15,-0.62,415999,242319417.5
2026-08-03,JSWCEMENT,EQ,INE718I01012,JSW CEMENT LIMITED,134.0,134.75,132.15,132.9,133.1,-0.15,692633,92050921.47
2026-08-03,JSWDULUX,EQ,INE133A01011,JSW DULUX LIMITED,2938.8,3035.0,2938.8,3015.5,2938.8,2.61,13123,39572406.5
2026-08-03,JSWENERGY,EQ,INE121E01018,JSW ENERGY LIMITED,559.0,569.0,557.35,569.0,554.65,2.59,2824425,1607097825.0
2026-08-03,JSWHL,EQ,INE824G01012,JSW HOLDINGS LIMITED,11250.0,12200.0,11250.0,12016.0,11257.0,6.74,7448,89495168.0
2026-08-03,JSWINFRA,EQ,INE880J01026,JSW INFRASTRUCTURE LTD,317.7,330.95,314.4,329.0,312.4,5.31,6061606,1994268374.0
2026-08-03,JSWSTEEL,EQ,INE019A01038,JSW STEEL LIMITED,1278.9,1294.8,1268.7,1292.3,1270.0,1.76,2577735,3331207066.37
2026-08-03,JTEKTINDIA,EQ,INE643A01035,JTEKT INDIA LIMITED,141.9,143.94,138.2,141.74,140.71,0.73,256541,36362122.75
2026-08-03,JTLIND,EQ,INE391J01032,JTL INDUSTRIES LIMITED,77.4,77.4,75.3,75.73,75.39,0.45,1165467,88260819.82
2026-08-03,JUBLCPL,EQ,INE03CC01015,JUBILANT AGRI N CON PRO L,1800.0,1848.7,1800.0,1822.3,1778.6,2.46,1471,2680603.37
2026-08-03,JUBLFOOD,EQ,INE797F01020,JUBILANT FOODWORKS LTD,439.95,470.8,439.95,470.0,438.25,7.24,6073943,2854753210.0
2026-08-03,JUBLINGREA,EQ,INE0BY001018,JUBILANT INGREVIA LIMITED,739.9,760.55,734.05,757.45,735.7,2.96,300636,227716741.87
2026-08-03,JUBLPHARMA,EQ,INE700A01033,JUBILANT PHARMOVA LTD,936.0,944.45,925.4,933.15,935.15,-0.21,204728,191041938.2
2026-08-03,JUNIORBEES,EQ,INF732E01045,NIP IND ETF JUNIOR BEES,800.0,805.0,795.0,801.59,795.65,0.75,548402,439593573.91
2026-08-03,JUNIPER,EQ,INE696F01016,JUNIPER HOTELS LIMITED,198.0,199.0,196.45,197.75,195.33,1.24,82931,16399605.25
2026-08-03,JUSTDIAL,EQ,INE599M01018,JUSTDIAL LTD.,719.9,729.35,705.8,710.65,716.7,-0.84,399720,284061027.76
2026-08-03,JWL,EQ,INE209L01016,JUPITER WAGONS LIMITED,259.25,269.55,259.25,264.95,259.2,2.22,1890451,500875015.53
2026-08-03,JYOTHYLAB,EQ,INE668F01031,JYOTHY LABS LIMITED,200.83,207.4,199.84,206.06,198.85,3.63,941754,194057826.94
2026-08-03,JYOTICNC,EQ,INE980O01024,JYOTI CNC AUTOMATION LTD,814.8,864.2,812.05,858.3,808.65,6.14,1473324,1264553971.22
2026-08-03,JYOTISTRUC,EQ,INE197A01024,JYOTI STRUCTURES LTD,10.88,11.74,10.88,11.6,10.8,7.41,9771430,113348591.73
2026-08-03,KABRAEXTRU,EQ,INE900B01029,KABRA EXTRUSION TECHNIK L,401.0,447.95,395.0,418.6,394.95,5.99,873684,365724127.73
2026-08-03,KAJARIACER,EQ,INE217B01036,KAJARIA CERAMICS LTD,1220.3,1223.0,1188.2,1214.7,1198.3,1.37,664373,807013850.66
2026-08-03,KAKATCEM,EQ,INE437B01014,KAKATIYA CEM SUGAR &IND L,121.5,121.5,117.01,119.87,122.37,-2.04,3518,421702.67
2026-08-03,KALAMANDIR,EQ,INE438K01021,SAI SILKS (KALAMANDIR) L,89.11,90.7,89.05,90.03,89.13,1.01,317343,28570389.9
2026-08-03,KALPATARU,EQ,INE227J01012,KALPATARU LIMITED,300.75,309.8,297.0,300.7,297.85,0.96,100525,30227868.73
2026-08-03,KALYANKJIL,EQ,INE303R01014,KALYAN JEWELLERS IND LTD,616.35,623.4,602.55,608.0,612.6,-0.75,15638729,9508347232.0
2026-08-03,KAMATHOTEL,EQ,INE967C01018,KAMAT HOTELS (I) LTD,166.3,171.39,166.3,170.15,166.99,1.89,34581,5883956.94
2026-08-03,KAMOPAINTS,EQ,INE0BTI01037,KAMDHENU VENTURES LIMITED,4.57,4.73,4.5,4.56,4.58,-0.44,307600,1402655.98
2026-08-03,KANANIIND,EQ,INE879E01037,KANANI INDUSTRIES LTD,1.55,1.55,1.47,1.5,1.49,0.67,79472,119208.0
2026-08-03,KANPRPLA,EQ,INE694E01014,KANPUR PLASTIPACK LIMITED,209.99,213.37,206.44,211.01,207.13,1.87,11000,2321109.94
2026-08-03,KANSAINER,EQ,INE531A01024,KANSAI NEROLAC PAINTS LTD,197.19,205.26,197.19,204.18,196.74,3.78,514487,105047951.89
2026-08-03,KAPSTON,EQ,INE542Z01028,KAPSTON SERVICES LIMITED,483.9,534.0,478.8,525.9,474.9,10.74,302591,159132614.29
2026-08-03,KARMAENG,EQ,INE725L01011,KARMA ENERGY LIMITED,36.6,39.9,36.6,38.5,38.24,0.68,1381,53168.5
2026-08-03,KARURVYSYA,EQ,INE036D01028,KARUR VYSYA BANK LTD,343.5,351.8,342.5,348.1,342.45,1.65,3406254,1185717038.19
2026-08-03,KAYNES,EQ,INE918Z01012,KAYNES TECHNOLOGY IND LTD,3830.0,3866.8,3760.0,3805.0,3804.6,0.01,1176113,4475109965.0
2026-08-03,KCP,EQ,INE805C01028,KCP LTD,161.6,165.39,148.98,152.97,161.57,-5.32,890397,136204030.18
2026-08-03,KDDL,EQ,INE291D01011,KDDL LIMITED,3318.5,3495.0,3272.7,3463.2,3302.0,4.88,54531,188851756.54
2026-08-03,KEC,EQ,INE389H01022,KEC INTL. LIMITED,473.75,482.85,472.35,478.75,468.95,2.09,806688,386201880.0
2026-08-03,KECL,EQ,INE134B01017,KIRLOSKAR ELECTRIC CO LTD,134.0,140.0,130.4,135.26,137.79,-1.84,303094,40996492.78
2026-08-03,KEEPLEARN,EQ,INE055C01020,DSJ KEEP LEARNING LTD,1.99,1.99,1.85,1.94,1.91,1.57,37793,73318.42
2026-08-03,KEI,EQ,INE878B01027,KEI INDUSTRIES LTD.,5024.0,5063.2,4963.2,5023.3,4999.0,0.49,274828,1380543438.72
2026-08-03,KELLTONTEC,EQ,INE164B01030,KELLTON TECH SOL LTD,14.27,14.4,14.15,14.27,14.18,0.63,1738942,24814703.14
2026-08-03,KENNAMET,EQ,INE717A01029,KENNAMETAL INDIA LIMITED,2888.0,2987.0,2851.3,2907.5,2821.4,3.05,16803,48854722.5
2026-08-03,KERNEX,EQ,INE202H01019,KERNEX MICROSYS(I) LTD,2337.0,2352.8,2270.0,2278.0,2291.7,-0.6,119055,271207290.0
2026-08-03,KEYFINSERV,EQ,INE681C01015,KEYNOTE FIN SERV LTD.,259.85,260.7,251.15,253.2,256.0,-1.09,1581,400309.2
2026-08-03,KFINTECH,EQ,INE138Y01010,KFIN TECHNOLOGIES LIMITED,943.7,953.55,934.25,945.0,937.9,0.76,514392,486100440.0
2026-08-03,KHAICHEM,EQ,INE745B01028,KHAITAN CHEM & FERT LTD,47.9,52.79,47.7,49.35,47.15,4.67,234709,11582888.79
2026-08-03,KHAITANLTD,EQ,INE731C01018,KHAITAN (INDIA)LTD.,141.0,155.4,134.0,155.39,129.5,19.99,49355,7669273.42
2026-08-03,KHANDSE,EQ,INE060B01014,KHANDWALA SECURITIES LTD,17.9,17.9,17.0,17.52,17.93,-2.29,1503,26332.56
2026-08-03,KICL,EQ,INE029L01018,KALYANI INVEST CO LTD,5580.0,5600.0,5490.5,5522.0,5498.5,0.43,1259,6952198.0
2026-08-03,KIMS,EQ,INE967H01025,KRISHNA INST OF MED SCI L,805.95,826.65,804.2,820.6,804.7,1.98,818769,671881821.41
2026-08-03,KINGFA,EQ,INE473D01015,KINGFA SCI & TEC IND LTD.,5248.0,5250.5,5160.0,5185.5,5248.5,-1.2,2833,14690521.5
2026-08-03,KIOCL,EQ,INE880L01014,KIOCL LIMITED,371.0,410.7,369.55,394.9,365.55,8.03,2831917,1118324006.02
2026-08-03,KIRIINDUS,EQ,INE415I01015,KIRI INDUSTRIES LIMITED,415.95,429.95,415.95,425.6,414.65,2.64,346596,147511259.72
2026-08-03,KIRLFER,EQ,INE884B01025,KIRLOSKAR FERROUS IND LTD,477.0,484.4,470.05,475.05,475.65,-0.13,55463,26347697.47
2026-08-03,KIRLOSBROS,EQ,INE732A01036,KIRLOSKAR BROTHERS LTD,1840.0,1914.0,1839.9,1859.7,1870.1,-0.56,147293,273920784.91
2026-08-03,KIRLOSENG,EQ,INE146L01010,KIRLOSKAR OIL ENG LTD,2190.0,2246.9,2157.5,2225.2,2189.8,1.62,271651,604477791.94
2026-08-03,KIRLOSIND,EQ,INE250A01039,KIRLOSKAR INDUSTRIES LTD,3970.0,4067.8,3924.0,3952.6,3940.8,0.3,10676,42197958.64
2026-08-03,KIRLPNU,EQ,INE811A01038,KIRLOSKAR PNEUMATIC COM L,741.5,745.55,730.0,731.65,741.2,-1.29,151734,111016184.8
2026-08-03,KISSHT,EQ,INE12F801023,ONEMI TECHNOLOGY SOL LTD,320.0,321.65,307.0,313.6,317.8,-1.32,2279384,714814836.31
2026-08-03,KITEX,EQ,INE602G01020,KITEX GARMENTS LTD,146.45,149.19,145.0,146.34,145.81,0.36,346394,50691296.69
2026-08-03,KKCL,EQ,INE401H01017,KEWAL KIRAN CLOTHING LTD,505.0,514.5,497.7,509.95,497.0,2.61,32890,16772255.9
2026-08-03,KMEW,EQ,INE0CJD01029,KNOWLEDGE MARINE & EN W L,2470.6,2533.0,2470.6,2493.5,2463.3,1.23,51459,128313016.5
2026-08-03,KMSUGAR,EQ,INE157H01023,K M SUGAR MILLS LTD,27.8,28.5,27.75,28.19,27.6,2.14,149407,4211783.41
2026-08-03,KNACK,EQ,INE17QZ01016,KNACK PACKAGING LIMITED,192.5,202.9,192.49,197.28,190.15,3.75,2439087,481183080.38
2026-08-03,KNAGRI,EQ,INE0KNW01016,KN AGRI RESOURCES LIMITED,215.0,215.59,207.0,207.06,208.24,-0.57,9368,1939738.06
2026-08-03,KNRCON,EQ,INE634I01029,KNR CONSTRU LTD.,121.85,127.7,121.85,126.53,121.85,3.84,983664,124463004.72
2026-08-03,KOHINOOR,EQ,INE080B01012,KOHINOOR FOODS LIMITED,23.27,23.77,23.04,23.25,23.27,-0.09,41849,972989.25
2026-08-03,KOKUYOCMLN,EQ,INE760A01029,KOKUYO CAMLIN LIMITED,85.94,88.8,85.25,85.93,85.94,-0.01,42642,3664227.07
2026-08-03,KOLTEPATIL,EQ,INE094I01018,KOLTE PATIL DEV. LTD.,385.5,399.95,385.2,391.4,385.1,1.64,164542,64401737.8
2026-08-03,KOPRAN,EQ,INE082A01010,KOPRAN LTD,188.22,194.6,182.15,190.27,191.03,-0.4,61771,11753168.43
2026-08-03,KOTAKBANK,EQ,INE237A01036,KOTAK MAHINDRA BANK LTD,392.0,397.5,391.05,397.5,390.3,1.84,11247062,4470707145.0
2026-08-03,KOTHARIPET,EQ,INE720A01015,KOTHARI PETROCHEM LTD,139.99,148.77,139.09,147.14,139.86,5.21,369243,54330414.79
2026-08-03,KOTHARIPRO,EQ,INE823A01017,KOTHARI PRODUCTS LTD,68.43,71.0,66.36,68.66,66.77,2.83,7339,503895.77
2026-08-03,KOVAI,EQ,INE177F01017,KOVAI MEDICAL CENTER & HO,5895.0,5920.0,5810.0,5832.5,5910.0,-1.31,4105,23942412.5
2026-08-03,KPEL,EQ,INE127T01021,K.P. ENERGY LIMITED,309.05,319.2,309.05,316.25,306.95,3.03,193005,61037831.25
2026-08-03,KPIGREEN,EQ,INE542W01025,KPI GREEN ENERGY LIMITED,375.4,383.0,375.4,380.85,373.75,1.9,369696,140798723.86
2026-08-03,KPIL,EQ,INE220B01022,KALPATARU PROJECT INT LTD,1289.0,1310.0,1273.1,1283.5,1289.6,-0.47,152552,195800492.0
2026-08-03,KPITTECH,EQ,INE04I401011,KPIT TECHNOLOGIES LIMITED,602.15,622.5,598.45,619.25,598.4,3.48,4526739,2803183125.75
2026-08-03,KPRMILL,EQ,INE930H01031,KPR MILL LTD.,1064.7,1077.0,1050.5,1063.7,1049.8,1.32,156682,166662635.75
2026-08-03,KRBL,EQ,INE001B01026,KRBL LIMITED,350.0,381.0,350.0,373.7,351.1,6.44,798295,298322851.24
2026-08-03,KREBSBIO,EQ,INE268B01013,KREBS BIOCHEMICALS & IND,53.11,58.04,53.11,55.79,53.65,3.99,10136,565487.45
2026-08-03,KRIDHANINF,EQ,INE524L01026,KRIDHAN INFRA LIMITED,2.44,2.44,2.28,2.3,2.34,-1.71,24337,55975.1
2026-08-03,KRISHANA,EQ,INE506W01020,KRISHANA PHOSCHEM LIMITED,183.7,186.0,178.5,180.38,182.95,-1.4,980090,176788638.99
2026-08-03,KRISHIVAL,EQ,INE0GGO01015,KRISHIVAL FOODS LIMITED,394.15,400.0,387.6,389.35,393.55,-1.07,104025,40502134.38
2026-08-03,KRISHNADEF,EQ,INE0J5601015,KRISHNA DEF AND ALD IND L,1206.7,1230.0,1202.0,1218.3,1198.5,1.65,69989,85267602.12
2026-08-03,KRITI,EQ,INE479D01038,KRITI INDUSTRIES IND LTD,69.71,71.3,69.05,69.6,70.34,-1.05,3815,265523.99
2026-08-03,KRITIKA,EQ,INE00Z501029,KRITIKA WIRES LIMITED,6.39,6.39,5.98,6.01,6.14,-2.12,415349,2496247.59
2026-08-03,KRITINUT,EQ,INE798K01010,KRITI NUTRIENTS LIMITED,72.0,76.94,71.85,73.69,72.58,1.53,9034,665715.48
2026-08-03,KRN,EQ,INE0Q3J01015,KRN HEAT EXCHANGE N REF L,1175.0,1218.0,1175.0,1212.1,1174.4,3.21,46692,56595372.06
2026-08-03,KROSS,EQ,INE0O6601022,KROSS LIMITED,196.2,204.99,196.2,203.39,196.2,3.66,421877,85805562.77
2026-08-03,KRSNAA,EQ,INE08LI01020,KRSNAA DIAGNOSTICS LTD,529.0,561.45,526.55,540.8,527.45,2.53,220315,119146349.31
2026-08-03,KRYSTAL,EQ,INE0QN801017,KRYSTAL INTEGRATED SER L,602.0,608.85,601.0,602.2,600.05,0.36,12552,7558814.55
2026-08-03,KSB,EQ,INE999A01023,KSB LIMITED,858.0,868.55,850.5,857.75,855.9,0.22,50364,43199721.0
2026-08-03,KSCL,EQ,INE455I01029,KAVERI SEED CO. LTD.,782.4,801.95,772.25,780.5,782.45,-0.25,178531,139343445.5
2026-08-03,KSHINTL,EQ,INE987S01020,KSH INTERNATIONAL LIMITED,845.45,885.6,845.45,878.2,839.7,4.58,211171,185450374.78
2026-08-03,KSHITIJPOL,EQ,INE013801027,KSHITIJ POLYLINE LIMITED,3.03,3.03,2.88,2.97,2.97,0.0,945344,2807671.71
2026-08-03,KSL,EQ,INE907A01026,KALYANI STEELS LIMITED,889.0,889.7,875.05,886.5,874.05,1.42,15557,13791280.5
2026-08-03,KSOLVES,EQ,INE0D6I01023,KSOLVES INDIA LIMITED,281.55,286.8,281.55,282.8,281.5,0.46,34087,9639803.18
2026-08-03,KTKBANK,EQ,INE614B01018,KARNATAKA BANK LIMITED,288.0,294.0,286.0,289.45,284.75,1.65,3342740,967556133.8
2026-08-03,KUANTUM,EQ,INE529I01021,KUANTUM PAPERS LIMITED,79.0,80.8,78.71,79.35,78.05,1.67,103500,8212724.84
2026-08-03,KUSUMGAR,EQ,INE0ISX01025,KUSUMGAR LIMITED,587.95,633.0,583.6,615.8,582.85,5.65,2180851,1342968019.18
2026-08-03,KWIL,EQ,INE2KCE01013,KWALITY WALL'S (INDIA) L,31.19,33.42,30.94,33.16,30.91,7.28,17265472,572523048.89
2026-08-03,LAGNAM,EQ,INE548Z01017,LAGNAM SPINTEX LIMITED,85.8,89.5,85.0,88.44,86.34,2.43,24808,2194019.58
2026-08-03,LAL,EQ,INE740X01023,LORENZINI APPARELS LTD,8.37,8.69,8.05,8.13,8.53,-4.69,253681,2062426.56
2026-08-03,LALPATHLAB,EQ,INE600L01024,DR. LAL PATH LABS LTD.,1920.0,1941.7,1880.6,1900.4,1905.2,-0.25,718505,1365446919.54
2026-08-03,LAMBODHARA,EQ,INE112F01022,LAMBODHARA TEXTILES LTD.,114.7,115.95,111.0,111.3,113.75,-2.15,9964,1108993.23
2026-08-03,LANDMARK,EQ,INE559R01029,LANDMARK CARS LIMITED,541.0,558.9,538.2,542.9,540.75,0.4,265414,144093267.08
2026-08-03,LANDSMILL,EQ,INE688J01023,LANDSMILL GREEN LIMITED,0.82,0.82,0.8,0.8,0.81,-1.23,1487699,1190159.22
2026-08-03,LAOPALA,EQ,INE059D01020,LA OPALA RG LIMITED,185.3,190.25,185.3,187.81,184.35,1.88,155641,29230935.83
2026-08-03,LASERPOWER,EQ,INE17IR01028,LASER POWER & INFRA LTD,303.0,307.8,288.0,295.1,299.37,-1.43,2496781,736800088.34
2026-08-03,LATENTVIEW,EQ,INE0I7C01011,LATENT VIEW ANALYTICS LTD,300.0,308.7,292.6,297.85,316.2,-5.8,3420336,1018747098.48
2026-08-03,LATTEYS,EQ,INE262Z01023,LATTEYS INDUSTRIES LTD,19.26,20.2,19.26,19.86,19.98,-0.6,57845,1148801.74
2026-08-03,LAURUSLABS,EQ,INE947Q01028,LAURUS LABS LIMITED,1821.0,1838.3,1789.1,1811.4,1816.2,-0.26,1919384,3476772224.46
2026-08-03,LAXMICOT,EQ,INE801V01019,LAXMI COTSPIN LIMITED,14.49,15.58,14.49,14.63,14.49,0.97,15770,230715.1
2026-08-03,LAXMIDENTL,EQ,INE0WO601020,LAXMI DENTAL LIMITED,214.69,227.9,214.69,218.13,212.69,2.56,320951,70009043.2
2026-08-03,LAXMIINDIA,EQ,INE06WU01026,LAXMI INDIA FINANCE LTD,129.0,131.8,125.0,131.05,126.48,3.61,226143,29636040.84
2026-08-03,LCCINFOTEC,EQ,INE938A01021,LCC INFOTECH LTD,4.01,4.38,4.01,4.14,4.18,-0.96,159959,662230.24
2026-08-03,LCL,EQ,INE0QJW01029,LOHIA CORP LIMITED,534.0,547.7,517.3,525.7,535.15,-1.77,2411586,1267770789.64
2026-08-03,LEMERITE,EQ,INE0G1L01025,LE MERITE EXPORTS LIMITED,23.57,24.2,23.01,23.26,23.27,-0.04,242961,5651272.92
2026-08-03,LEMONTREE,EQ,INE970X01018,LEMON TREE HOTELS LTD,110.13,114.58,110.0,114.03,109.3,4.33,5869426,669290639.62
2026-08-03,LENSKART,EQ,INE956O01016,LENSKART SOLUTIONS LTD,566.0,574.55,559.3,568.35,561.4,1.24,2729162,1551119156.07
2026-08-03,LEXUS,EQ,INE500X01013,LEXUS GRANITO (INDIA) LTD,14.45,15.2,14.45,14.64,14.66,-0.14,20296,297133.45
2026-08-03,LFIC,EQ,INE850E01012,LAKSHMI FIN IND CORP LTD,142.0,145.0,138.1,141.06,144.12,-2.12,2693,379874.57
2026-08-03,LGBBROSLTD,EQ,INE337A01034,LG BALAKRISHNAN & BROS,1569.0,1569.0,1524.0,1532.4,1588.4,-3.53,60387,92537040.27
2026-08-03,LGEINDIA,EQ,INE324D01010,LG ELECTRONICS INDIA LTD,1510.9,1574.0,1499.0,1569.8,1490.5,5.32,520588,817219067.82
2026-08-03,LGHL,EQ,INE258Y01016,LAXMI GOLDORNA HOUSE LTD,209.25,209.25,198.99,201.31,205.37,-1.98,39063,7863772.43
2026-08-03,LIBAS,EQ,INE908V01012,LIBAS CONSU PRODUCTS LTD,10.43,10.43,9.71,10.09,10.07,0.2,14102,142289.18
2026-08-03,LIBERTSHOE,EQ,INE557B01019,LIBERTY SHOES LTD,264.25,265.0,260.05,261.9,260.4,0.58,14474,3790740.51
2026-08-03,LICHSGFIN,EQ,INE115A01026,LIC HOUSING FINANCE LTD,525.5,527.0,515.1,519.0,523.1,-0.78,2191300,1137284700.0
2026-08-03,LICI,EQ,INE0J1Y01017,LIFE INSURA CORP OF INDIA,426.05,431.3,422.95,428.5,424.7,0.89,2043005,875427642.5
2026-08-03,LICMFGOLD,EQ,INF767K01SM1,LIC MF - LIC GOLD ETF,127.95,128.45,127.55,127.8,127.4,0.31,38616,4935124.92
2026-08-03,LICNETFGSC,EQ,INF767K01MV5,LICNAMC - LICNMFET,29.49,29.63,29.22,29.43,29.49,-0.2,100528,2958539.07
2026-08-03,LICNETFN50,EQ,INF767K01OS7,LICNAMC - LICNFENGP,274.06,276.47,274.06,275.94,272.83,1.14,1685,464958.9
2026-08-03,LICNETFSEN,EQ,INF767K01OT5,LICNAMC - LICNFESGP,889.0,889.0,852.0,888.5,877.1,1.3,182,161707.0
2026-08-03,LICNFNHGP,EQ,INF767K01PC8,LICNAMC - LICNFNHGP,279.71,282.9,272.05,282.62,276.95,2.05,386,109091.32
2026-08-03,LICNMID100,EQ,INF767K01RN1,LICNAMC - LICNMID100,63.79,64.07,63.26,63.8,63.24,0.89,23633,1507785.38
2026-08-03,LIKHITHA,EQ,INE060901027,LIKHITHA INFRASTRUC LTD,222.0,228.43,222.0,226.1,220.8,2.4,24746,5595070.75
2026-08-03,LINC,EQ,INE802B01027,LINC LIMITED,102.3,103.0,100.22,101.64,102.19,-0.54,16037,1630000.67
2026-08-03,LINCOLN,EQ,INE405C01035,LINCOLN PHARMA LTD,578.9,592.8,578.0,580.75,577.15,0.62,14502,8422036.5
2026-08-03,LINDEINDIA,EQ,INE473A01011,LINDE INDIA LIMITED,6770.5,7035.0,6770.5,6980.5,6745.0,3.49,50665,353667032.5
2026-08-03,LIQGRWBEES,EQ,INF204KC1FU1,NIPPONAMC - LIQGRWBEES,1049.05,1050.15,1049.05,1050.14,1050.01,0.01,78228,82150353.07
2026-08-03,LIQUID,EQ,INF769K01KS1,MIRAEAMC - LIQUID,999.99,1000.0,999.99,999.99,999.99,0.0,886933,886924122.01
2026-08-03,LIQUID1,EQ,INF174KA1LV5,KOTAKMAMC - KOTAKLIQ,1116.3,1116.45,1116.3,1116.43,1116.3,0.01,544885,608325989.82
2026-08-03,LIQUIDADD,EQ,INF740KA1UM0,DSPAMC - LIQUIDADD,1138.59,1138.69,1138.56,1138.57,1138.43,0.01,576733,656650860.83
2026-08-03,LIQUIDBEES,EQ,INF732E01037,NIP IND ETF LIQUID BEES,1000.0,1000.01,999.22,999.99,1000.0,-0.0,2215987,2215964818.49
2026-08-03,LIQUIDBETF,EQ,INF0QA701854,BFAM - LIQUIDBETF,1092.99,1092.99,1092.97,1092.98,1092.84,0.01,438816,479617103.11
2026-08-03,LIQUIDCASE,EQ,INF0R8F01034,ZERODHAAMC - LIQUIDCASE,115.31,115.31,115.29,115.3,115.28,0.02,21339134,2460402215.32
2026-08-03,LIQUIDETF,EQ,INF740KA1EU7,DSP LIQUID ETF,999.99,1000.01,999.99,1000.0,1000.0,0.0,162788,162788000.0
2026-08-03,LIQUIDIETF,EQ,INF109KC1KT9,ICICIPRAMC - ICICILIQ,999.99,1000.01,999.98,999.99,999.99,0.0,580250,580244191.83
2026-08-03,LIQUIDPLUS,EQ,INF769K01MY5,MIRAEAMC - LIQUIDPLUS,1098.0,1098.0,1097.21,1097.21,1097.06,0.01,360740,395807521.31
2026-08-03,LIQUIDSBI,EQ,INF200KA13Z8,SBIAMC - LIQUIDSBI,1000.0,1000.01,999.99,1000.0,1000.01,-0.0,2777,2777000.0
2026-08-03,LIQUIDSHRI,EQ,INF680P01422,SHRIRAM - LIQUIDSHRI,1115.72,1115.72,1115.7,1115.7,1115.56,0.01,1293,1442600.04
2026-08-03,LLOYDSENGG,EQ,INE093R01011,LLOYDS ENGG WORK LIMITED,89.2,92.5,88.72,91.84,88.66,3.59,10908467,1001833569.33
2026-08-03,LLOYDSENT,EQ,INE080I01025,LLOYDS ENTERPRISES LTD,81.88,84.16,80.76,81.57,79.96,2.01,3960227,323035715.18
2026-08-03,LLOYDSME,EQ,INE281B01032,LLOYDS METALS N ENERGY L,2050.9,2068.0,2035.1,2050.6,2047.0,0.18,607387,1245507841.52
2026-08-03,LMW,EQ,INE269B01029,LMW LIMITED,16152.0,16342.0,16071.0,16182.0,16152.0,0.19,1403,22703346.0
2026-08-03,LODHA,EQ,INE670K01029,LODHA DEVELOPERS LIMITED,1248.0,1257.8,1226.4,1239.8,1243.95,-0.33,1834226,2274073484.36
2026-08-03,LOKESHMACH,EQ,INE397H01017,LOKESH MACHINES LTD,335.1,338.0,335.0,335.1,338.0,-0.86,6194,2075609.44
2026-08-03,LORDSCHLO,EQ,INE846D01012,LORDS CHLORO ALKALI LTD,145.25,149.5,145.25,147.86,143.77,2.84,12408,1834646.89
2026-08-03,LOTUSEYE,EQ,INE947I01017,LOTUS EYE HOSP & INST L,122.0,122.0,116.3,117.46,117.51,-0.04,14327,1682849.41
2026-08-03,LOVABLE,EQ,INE597L01014,LOVABLE LINGERIE LTD,72.0,74.9,71.07,73.93,71.44,3.49,24559,1815646.88
2026-08-03,LOWVOL,EQ,INF769K01JU9,MIRAEAMC - MANV30F,212.75,215.0,212.32,214.3,211.7,1.23,1969,421956.71
2026-08-03,LOWVOL1,EQ,INF174KA1IY5,KOTAKMAMC - KOTAKLOVOL,21.53,21.98,21.53,21.86,21.67,0.88,603966,13202697.13
2026-08-03,LOWVOLIETF,EQ,INF109KC19U5,ICICI PR NIF LW VL 30 ETF,22.27,22.91,22.2,22.81,22.72,0.4,2472893,56406688.01
2026-08-03,LOYALTEX,EQ,INE970D01010,LOYAL TEXTILE MILLS LTD,205.0,215.0,200.05,200.05,204.0,-1.94,187,37409.35
2026-08-03,LPDC,EQ,INE197J01017,LANDMARK PR.DEV.CO.LTD,6.02,6.34,6.01,6.3,6.05,4.13,65016,409600.81
2026-08-03,LT,EQ,INE018A01030,LARSEN & TOUBRO LTD.,3974.0,4025.0,3962.5,4025.0,3938.9,2.19,1890377,7608767425.0
2026-08-03,LTF,EQ,INE498L01015,L&T FINANCE LIMITED,314.55,324.1,314.1,318.0,311.25,2.17,8873490,2821769820.0
2026-08-03,LTFOODS,EQ,INE818H01020,LT FOODS LIMITED,414.5,417.0,408.7,415.3,410.35,1.21,748298,310768150.27
2026-08-03,LTGILTBEES,EQ,INF204KB1882,NIP IND ETF LONGTERM GILT,30.0,30.18,29.78,29.96,29.98,-0.07,3216391,96363071.42
2026-08-03,LTGILTCASE,EQ,INF0R8F01133,ZERODHAAMC - LTGILTCASE,30.1,31.11,30.1,30.44,30.5,-0.2,306248,9322189.28
2026-08-03,LTM,EQ,INE214T01019,LTM LIMITED,4399.0,4720.4,4386.1,4690.0,4362.1,7.52,1900137,8911642530.0
2026-08-03,LTTS,EQ,INE010V01017,L&T TECHNOLOGY SER. LTD.,3580.0,3593.0,3454.8,3564.8,3555.4,0.26,147067,524264448.78
2026-08-03,LUMAXIND,EQ,INE162B01018,LUMAX INDUSTRIES LTD,5316.0,5878.0,5316.0,5772.5,5284.5,9.23,106937,617293832.5
2026-08-03,LUMAXTECH,EQ,INE872H01027,LUMAX AUTO TECH LTD,1579.0,1652.0,1579.0,1625.7,1568.3,3.66,308962,502279508.31
2026-08-03,LUPIN,EQ,INE326A01037,LUPIN LIMITED,2435.0,2440.0,2362.6,2393.0,2415.0,-0.91,1717110,4109044230.0
2026-08-03,LUXIND,EQ,INE150G01020,LUX INDUSTRIES LIMITED,1258.0,1270.0,1248.0,1260.0,1247.6,0.99,19126,24098760.0
2026-08-03,LXCHEM,EQ,INE576O01020,LAXMI ORGANIC INDUS LTD,180.45,184.8,178.77,180.46,178.48,1.11,1691485,305245394.46
2026-08-03,M&M,EQ,INE101A01026,MAHINDRA & MAHINDRA LTD,3465.0,3465.0,3386.2,3428.6,3398.5,0.89,2169303,7437672477.65
2026-08-03,M&MFIN,EQ,INE774D01024,M&M FIN. SERVICES LTD,390.05,409.75,388.05,405.5,385.75,5.12,5394649,2187530169.5
2026-08-03,MAANALU,EQ,INE215I01027,MAAN ALUMINIUM LIMITED,124.7,128.0,121.88,126.78,122.62,3.39,167145,21190642.9
2026-08-03,MACPOWER,EQ,INE155Z01011,MACPOWER CNC MACHINES LTD,1489.8,1510.0,1431.5,1457.8,1458.2,-0.03,38917,56733204.5
2026-08-03,MADHAV,EQ,INE925C01016,MADHAV MARBLE & GRANITE,34.91,35.0,33.9,34.22,34.8,-1.67,3669,125553.18
2026-08-03,MADRASFERT,EQ,INE414A01015,MADRAS FERTILISERS LTD,66.76,67.55,66.67,66.76,66.43,0.5,46486,3103405.46
2026-08-03,MAFANG,EQ,INF769K01HF4,MIRAEAMC - MAFANG,191.18,191.18,191.18,191.18,185.74,2.93,121688,23264310.95
2026-08-03,MAFATIND,EQ,INE270B01035,MAFATLAL INDUSTRIES LTD.,134.6,137.19,132.4,134.61,133.63,0.73,47533,6398417.16
2026-08-03,MAGADSUGAR,EQ,INE347W01011,MAGADH SUGAR & ENERGY LTD,497.65,541.3,497.65,534.95,500.4,6.9,104201,55742326.22
2026-08-03,MAGNUM,EQ,INE387I01016,MAGNUM VENTURES LTD.,19.77,20.1,19.55,19.99,19.68,1.58,9265,185207.35
2026-08-03,MAHABANK,EQ,INE457A01014,BANK OF MAHARASHTRA,80.0,80.76,78.97,79.57,79.33,0.3,11500933,915129235.3
2026-08-03,MAHAPEXLTD,EQ,INE843B01013,MAHA RASHTRA APEX COPR. L,45.15,46.0,44.0,45.55,44.92,1.4,5253,239274.15
2026-08-03,MAHEPC,EQ,INE215D01010,MAHINDRA EPC IRRIG LTD,106.8,108.18,106.21,107.76,106.66,1.03,15937,1717371.15
2026-08-03,MAHESHWARI,EQ,INE263W01010,MAHESHWARI LOGISTICS LTD.,72.63,73.5,71.2,73.0,72.99,0.01,45196,3299308.0
2026-08-03,MAHKTECH,EQ,INF769K01HS7,MIRAEAMC - MAHKTECH,23.6,23.6,23.6,23.6,23.69,-0.38,252187,5951613.3
2026-08-03,MAHLIFE,EQ,INE813A01018,MAHINDRA LIFESPACE DEVLTD,395.0,400.0,391.05,398.25,392.65,1.43,142818,56877268.5
2026-08-03,MAHLOG,EQ,INE766P01016,MAHINDRA LOGISTIC LIMITED,414.0,418.7,412.25,416.3,409.5,1.66,184166,76668303.55
2026-08-03,MAHSCOOTER,EQ,INE288A01013,MAHARASHTRA SCOOTERS LTD,13149.0,14099.0,13013.0,13937.0,13009.0,7.13,20823,290210151.0
2026-08-03,MAHSEAMLES,EQ,INE271B01025,MAHARASHTRA SEAMLESS LTD,572.5,583.6,567.0,573.7,565.35,1.48,135333,77640543.75
2026-08-03,MAITHANALL,EQ,INE683C01011,MAITHAN ALLOYS LTD,990.0,992.7,955.35,963.9,983.7,-2.01,87126,83980753.53
2026-08-03,MAKEINDIA,EQ,INF769K01IB1,MIRAEAMC - MAMFGETF,166.7,168.29,166.66,167.29,166.26,0.62,54293,9082675.61
2026-08-03,MALLCOM,EQ,INE389C01015,MALLCOM (INDIA) LIMITED,982.2,982.2,970.1,975.85,982.2,-0.65,3458,3374489.22
2026-08-03,MALUPAPER,EQ,INE383H01017,MALU PAPER MILLS LIMITED,32.7,33.4,32.2,33.15,32.26,2.76,9651,319930.66
2026-08-03,MAMATA,EQ,INE0TO701015,MAMATA MACHINERY LIMITED,408.45,413.3,400.05,403.15,406.45,-0.81,66661,26874381.74
2026-08-03,MANAKALUCO,EQ,INE859Q01017,MANAK ALUMINIUM CO. LTD.,34.5,36.6,34.01,34.5,35.22,-2.04,81640,2816580.0
2026-08-03,MANAKCOAT,EQ,INE830Q01018,MAN COAT METAL & IND LTD,120.3,121.81,120.0,120.08,119.97,0.09,92221,11073897.85
2026-08-03,MANAKSIA,EQ,INE015D01022,MANAKSIA LTD.,57.0,57.5,56.17,56.67,55.73,1.69,12185,690523.93
2026-08-03,MANALIPETC,EQ,INE201A01024,MANALI PETROCHEMICALS LT,64.89,68.5,64.25,66.64,64.89,2.7,541344,36075163.83
2026-08-03,MANAPPURAM,EQ,INE522D01027,MANAPPURAM FINANCE LTD,364.0,371.0,357.3,365.0,371.85,-1.84,17549652,6405622980.0
2026-08-03,MANBA,EQ,INE939X01013,MANBA FINANCE LIMITED,138.0,139.41,135.25,137.29,135.48,1.34,61575,8453631.34
2026-08-03,MANCREDIT,EQ,INE545L01039,MANGAL CREDIT N FINCORP L,248.0,262.76,247.63,257.36,245.28,4.92,285884,73575102.05
2026-08-03,MANGALAM,EQ,INE584F01014,MANGALAM DRUG & CHEM LTD,27.66,27.99,26.8,26.98,27.11,-0.48,20871,563099.57
2026-08-03,MANGLMCEM,EQ,INE347A01017,MANGALAM CEMENT LTD,950.0,960.95,944.0,945.5,950.45,-0.52,11334,10716297.0
2026-08-03,MANINDS,EQ,INE993A01026,MAN INDUSTRIES (I) LTD.,538.0,552.95,530.3,548.6,532.3,3.06,334265,183377770.84
2026-08-03,MANINFRA,EQ,INE949H01023,MAN INFRA LTD,98.99,102.25,98.6,99.82,98.08,1.77,1280728,127842268.57
2026-08-03,MANKIND,EQ,INE634S01028,MANKIND PHARMA LIMITED,2458.0,2497.9,2442.2,2483.0,2469.6,0.54,639674,1588310542.0
2026-08-03,MANOMAY,EQ,INE784W01015,MANOMAY TEX INDIA LTD,211.99,215.0,208.05,213.3,210.39,1.38,249028,53117673.16
2026-08-03,MANORAMA,EQ,INE00VM01036,MANORAMA INDUSTRIES LTD,1602.9,1640.4,1602.1,1633.0,1604.5,1.78,67319,109931927.0
2026-08-03,MANORG,EQ,INE370D01013,MANGALAM ORGANICS LIMITED,486.0,486.0,475.0,478.2,485.3,-1.46,7487,3580283.49
2026-08-03,MANUFGBEES,EQ,INF204KC1GH6,NIPPONAMC - MANUFGBEES,165.11,165.6,162.43,163.54,164.36,-0.5,9774,1598439.89
2026-08-03,MANUGRAPH,EQ,INE867A01022,MANUGRAPH INDIA LIMITED,14.39,14.88,14.1,14.5,14.45,0.35,8348,121046.0
2026-08-03,MANYAVAR,EQ,INE825V01034,VEDANT FASHIONS LIMITED,414.6,422.75,412.75,418.75,414.65,0.99,271527,113701931.25
2026-08-03,MAPMYINDIA,EQ,INE0BV301023,C.E. INFO SYSTEMS LIMITED,1195.7,1217.4,1186.4,1196.0,1181.65,1.21,192256,229938176.0
2026-08-03,MARALOVER,EQ,INE882A01013,MARAL OVERSEAS LTD,58.36,58.5,55.45,57.01,58.36,-2.31,37980,2165239.74
2026-08-03,MARATHON,EQ,INE182D01020,MARATHON NXTGEN REALT LTD,400.35,413.8,392.05,402.25,389.7,3.22,122627,49326710.75
2026-08-03,MARICO,EQ,INE196A01026,MARICO LIMITED,870.0,881.35,865.3,880.95,870.65,1.18,2383722,2099939925.0
2026-08-03,MARINE,EQ,INE01JE01028,MARINE ELECTRICAL (I) LTD,270.35,290.0,268.0,287.75,266.0,8.18,1548816,445671804.0
2026-08-03,MARKOLINES,EQ,INE0FW001016,MARKOLINES PAVEMENT TEC L,177.0,182.5,171.45,177.28,176.35,0.53,242655,43017878.1
2026-08-03,MARKSANS,EQ,INE750C01026,MARKSANS PHARMA LIMITED,259.0,264.0,258.85,262.25,258.35,1.51,653691,171430464.75
2026-08-03,MARSONS,EQ,INE415B01044,MARSONS LIMITED,111.15,113.49,109.35,110.45,110.04,0.37,2317039,255916950.48
2026-08-03,MARUTI,EQ,INE585B01010,MARUTI SUZUKI INDIA LTD.,14300.0,14440.0,13901.0,14150.0,14234.0,-0.59,961183,13600739450.0
2026-08-03,MASFIN,EQ,INE348L01012,MAS FINANCIAL SERV LTD,326.35,326.35,315.1,317.65,319.8,-0.67,120744,38354330.86
2026-08-03,MASKINVEST,EQ,INE885F01015,MASK INVESTMENTS LIMITED,149.0,149.0,147.0,147.0,150.0,-2.0,351,51597.0
2026-08-03,MASPTOP50,EQ,INF769K01HP3,MIRAEAMC - MASPTOP50,77.42,77.42,77.42,77.42,75.48,2.57,59174,4581250.97
2026-08-03,MASTEK,EQ,INE759A01021,MASTEK LTD,1874.8,1909.6,1845.1,1893.2,1874.8,0.98,85210,161319567.84
2026-08-03,MASTERTR,EQ,INE677D01037,MASTER TRUST LIMITED,82.15,85.3,82.15,84.85,82.14,3.3,326366,27692154.6
2026-08-03,MATRIMONY,EQ,INE866R01028,MATRIMONY.COM LIMITED,432.0,444.0,429.0,430.95,437.0,-1.38,16227,6993025.85
2026-08-03,MAWANASUG,EQ,INE636A01039,MAWANA SUGARS LIMITED,107.0,109.86,107.0,109.86,104.63,5.0,50173,5512005.81
2026-08-03,MAXESTATES,EQ,INE03EI01018,MAX ESTATES LIMITED,397.0,406.4,394.0,400.35,393.2,1.82,72890,29181511.94
2026-08-03,MAXHEALTH,EQ,INE027H01010,MAX HEALTHCARE INS LTD,1109.8,1113.9,1089.0,1100.4,1098.5,0.17,1187048,1306227648.18
2026-08-03,MAXIND,EQ,INE0CG601016,MAX INDIA LIMITED,171.5,178.0,171.5,174.64,172.22,1.41,71610,12505970.36
2026-08-03,MAYURUNIQ,EQ,INE040D01038,MAYUR UNIQUOTERS LTD,752.0,794.0,752.0,783.95,750.95,4.39,82833,64936931.36
2026-08-03,MAZDOCK,EQ,INE249Z01020,MAZAGON DOCK SHIPBUIL LTD,2387.4,2412.0,2375.5,2390.0,2381.8,0.34,498319,1190982410.0
2026-08-03,MBAPL,EQ,INE900L01028,MADHYA BHARAT AGRO P. LTD,161.8,164.0,158.5,160.01,160.2,-0.12,686146,109790217.69
2026-08-03,MBEL,EQ,INE08N601015,M AND B ENGINEERING LTD,293.65,297.0,292.3,294.7,293.65,0.36,97922,28857614.6
2026-08-03,MBLINFRA,EQ,INE912H01013,MBL INFRASTRUCTURE LTD,24.5,25.49,24.5,25.13,24.99,0.56,11577,290930.0
2026-08-03,MCL,EQ,INE813V01022,M TEK COPPER LIMITED,52.8,57.67,52.8,56.17,53.3,5.38,55568,3121254.46
2026-08-03,MCLEODRUSS,EQ,INE942G01012,MCLEOD RUSSEL INDIA LTD.,51.9,52.8,50.65,51.95,51.96,-0.02,155395,8072770.37
2026-08-03,MCLOUD,EQ,INE613C01026,MAGELLANIC CLOUD LIMITED,29.3,29.64,29.01,29.23,29.29,-0.2,2037635,59560070.12
2026-08-03,MCX,EQ,INE745G01043,MULTI COMMODITY EXCHANGE,2700.0,2710.0,2630.1,2642.1,2692.2,-1.86,2108978,5572130979.75
2026-08-03,MEDANTA,EQ,INE474Q01031,GLOBAL HEALTH LIMITED,1412.6,1475.8,1405.0,1444.9,1405.6,2.8,382840,553165525.35
2026-08-03,MEDIASSIST,EQ,INE456Z01021,MEDI ASSIST HEALTH SER L,363.75,369.65,359.9,361.0,358.0,0.84,116139,41926179.0
2026-08-03,MEDICO,EQ,INE630Y01024,MEDICO REMEDIES LIMITED,49.7,51.49,47.0,49.66,48.87,1.62,649441,32251239.96
2026-08-03,MEDPLUS,EQ,INE804L01022,MEDPLUS HEALTH SERV LTD,704.95,708.75,695.0,696.4,704.95,-1.21,218379,152079140.93
2026-08-03,MEESHO,EQ,INE0VDM01015,MEESHO LIMITED,182.19,192.77,180.26,191.57,182.19,5.15,11827508,2265795794.19
2026-08-03,MEGASTAR,EQ,INE00EM01016,MEGASTAR FOODS LIMITED,331.9,336.4,321.55,327.2,331.95,-1.43,2994,979636.84
2026-08-03,MEIL,EQ,INE0PKD01011,MANGAL ELECTRICAL IND L,293.9,295.0,286.4,289.0,284.05,1.74,32122,9283258.0
2026-08-03,MERCURYEV,EQ,INE763M01028,MERCURY EV-TECH LIMITED,34.82,35.97,34.82,35.43,35.09,0.97,110395,3911294.88
2026-08-03,METAL,EQ,INF769K01LY7,MIRAEAMC - METAL,13.16,13.16,12.87,13.0,12.84,1.25,3066601,39865813.0
2026-08-03,METALIETF,EQ,INF109KC19W1,ICICIPRAMC - METALIETF,12.95,13.01,12.82,12.97,12.78,1.49,10939689,141887769.25
2026-08-03,METROBRAND,EQ,INE317I01021,METRO BRANDS LIMITED,1036.6,1043.3,1027.0,1034.9,1036.6,-0.16,28132,29113807.49
2026-08-03,METROGLOBL,EQ,INE085D01033,METROGLOBAL LTD.,131.9,135.0,129.1,133.26,131.9,1.03,748,99678.48
2026-08-03,METROPOLIS,EQ,INE112L01020,METROPOLIS HEALTHCARE LTD,584.95,605.0,584.7,596.45,582.45,2.4,184833,110243645.11
2026-08-03,MFML,EQ,INE0US801024,MAHALAXMI FABRIC MILLS LT,18.99,19.99,18.99,19.84,18.92,4.86,1696,33648.64
2026-08-03,MFSL,EQ,INE180A01020,MAX FINANCIAL SERV LTD,1519.1,1542.5,1510.0,1542.5,1499.0,2.9,500008,771262340.0
2026-08-03,MGEL,EQ,INE0APB01032,MANGALAM GLOBAL ENT LTD,16.28,16.45,15.35,15.51,15.95,-2.76,177353,2750745.07
2026-08-03,MGL,EQ,INE002S01010,MAHANAGAR GAS LTD.,1125.9,1131.1,1110.8,1115.7,1120.5,-0.43,145295,162105624.41
2026-08-03,MHRIL,EQ,INE998I01010,MAHINDRA HOLIDAYS LTD,218.41,221.75,217.76,218.96,218.41,0.25,86726,18989525.54
2026-08-03,MID150,EQ,INF174KA1VW2,KOTAKMAMC - MID150,23.6,23.78,23.58,23.71,23.47,1.02,273011,6473090.56
2026-08-03,MID150BEES,EQ,INF204KB1V68,NIP IND ETF MIDCAP 150,239.72,242.2,238.25,241.51,239.48,0.85,1672922,404027383.03
2026-08-03,MID150CASE,EQ,INF0R8F01059,ZERODHAAMC - MID150CASE,11.8,11.8,11.6,11.73,11.62,0.95,1524354,17880671.72
2026-08-03,MIDCAP,EQ,INF174KA1ZC5,KOTAKMAMC - KOTAKMID50,18.01,18.98,18.01,18.61,18.48,0.7,602905,11220062.42
2026-08-03,MIDCAPADD,EQ,INF740KA1WW5,DSPAMC - MIDCAPADD,23.32,23.46,23.28,23.35,23.21,0.6,64339,1502315.67
2026-08-03,MIDCAPBETA,EQ,INF789F1AYX9,UTIAMC-MIDCAPBETA,233.55,236.63,233.0,236.2,233.0,1.37,2157,509483.39
2026-08-03,MIDCAPETF,EQ,INF769K01IC9,MIRAEAMC - MAM150ETF,23.65,23.91,23.65,23.86,23.64,0.93,3667403,87504237.82
2026-08-03,MIDCAPIETF,EQ,INF109KC11W8,ICICIPRAMC - ICICIM150,24.22,24.24,23.83,24.15,23.94,0.88,1593023,38471504.84
2026-08-03,MIDHANI,EQ,INE099Z01011,MISHRA DHATU NIGAM LTD,398.05,406.9,396.0,403.65,396.0,1.93,321794,129892146.14
2026-08-03,MIDQ50ADD,EQ,INF740KA1ZF3,DSPAMC - DSPQ50ETF,25.26,25.52,25.26,25.46,25.18,1.11,201399,5127618.36
2026-08-03,MIDSELIETF,EQ,INF109KC10W0,ICICI PRUD MIDCAP SEL ETF,19.6,19.8,19.59,19.71,19.6,0.56,363403,7162672.8
2026-08-03,MIDSMALL,EQ,INF769K01LJ8,MIRAEAMC - MIDSMALL,51.21,51.57,51.1,51.42,51.17,0.49,572832,29455020.39
2026-08-03,MIDWESTLTD,EQ,INE0XAD01024,MIDWEST LIMITED,1195.1,1221.0,1195.1,1214.9,1194.1,1.74,10062,12224324.05
2026-08-03,MINDACORP,EQ,INE842C01021,MINDA CORPORATION LTD,703.05,735.9,699.5,727.6,700.95,3.8,749804,545557372.09
2026-08-03,MINDTECK,EQ,INE110B01017,MINDTECK (INDIA) LIMITED,193.5,197.94,192.2,193.37,193.86,-0.25,45377,8774550.27
2026-08-03,MIRZAINT,EQ,INE771A01026,MIRZA INTERNATIONAL LIMIT,33.01,34.43,33.01,33.72,33.27,1.35,167395,5644559.6
2026-08-03,MITCON,EQ,INE828O01033,MITCON CON & ENG SER LTD,76.99,76.99,73.01,75.7,73.5,2.99,590,44663.0
2026-08-03,MITTAL,EQ,INE997Y01027,MITTAL LIFE STYLE LIMITED,0.93,0.94,0.91,0.91,0.91,0.0,296308,269640.29
2026-08-03,MKPL,EQ,INE964W01021,M K PROTEINS LIMITED,4.16,4.32,4.16,4.25,4.18,1.67,111596,474283.0
2026-08-03,MMFL,EQ,INE227C01017,MM FORGINGS LTD,551.05,560.0,550.0,554.4,546.85,1.38,57875,32085901.41
2026-08-03,MMP,EQ,INE511Y01018,MMP INDUSTRIES LIMITED,297.2,298.9,290.2,294.65,292.5,0.74,48017,14148208.76
2026-08-03,MMTC,EQ,INE123F01029,MMTC LIMITED,62.93,64.57,62.55,63.65,62.66,1.58,1667788,106154708.74
2026-08-03,MMWL,EQ,INE200D01020,MEDIA MATRIX WORLDWIDE L,13.72,14.4,13.72,13.9,13.73,1.24,2808,39031.2
2026-08-03,MNC,EQ,INF174KA1JF2,KOTAKMAMC - KOTAKMNC,34.24,34.44,34.1,34.35,34.04,0.91,202047,6940314.14
2026-08-03,MOALPHA50,EQ,INF247L01FR8,MOTILALAMC - MOALPHA50,55.17,55.5,53.39,54.39,55.23,-1.52,26515,1442150.83
2026-08-03,MOBANK10,EQ,INF247L01GV8,MOTILALAMC - MOBANK10,17.13,17.21,17.06,17.17,17.23,-0.35,10496,180216.32
2026-08-03,MOBIKWIK,EQ,INE0HLU01028,ONE MOBIKWIK SYSTEMS LTD,207.95,222.8,206.1,214.77,205.21,4.66,17160792,3685623371.16
2026-08-03,MOCAPITAL,EQ,INF247L01EV3,MOTILALAMC - MOCAPITAL,53.67,53.67,52.55,52.76,53.38,-1.16,1203129,63477084.02
2026-08-03,MODEFENCE,EQ,INF247L01DJ0,MOTILALAMC - MODEFENCE,101.01,103.44,100.75,102.98,102.34,0.63,1090925,112343460.16
2026-08-03,MODINATUR,EQ,INE537F01012,MODI NATURALS LIMITED,390.05,405.35,390.0,394.1,389.2,1.26,4233,1668225.33
2026-08-03,MODIRUBBER,EQ,INE832A01018,MODI RUBBER LTD,121.51,125.42,118.35,121.37,120.84,0.44,1912,232059.45
2026-08-03,MODIS,EQ,INE0L0L01012,MODIS NAVNIRMAN LTD,397.0,410.0,394.75,398.55,393.15,1.37,26859,10704654.12
2026-08-03,MODTHREAD,EQ,INE794W01014,MODERN THREADS INDIA LTD,47.86,52.14,47.86,48.85,47.88,2.03,331,16169.35
2026-08-03,MOENERGY,EQ,INF247L01GH7,MOTILALAMC - MOENERGY,39.97,39.97,38.85,38.98,38.94,0.1,126782,4941962.3
2026-08-03,MOGSEC,EQ,INF247L01AK4,MOTILALAMC - G5,65.52,67.33,65.0,66.02,65.56,0.7,1466559,96822220.26
2026-08-03,MOHEALTH,EQ,INF247L01BB1,MOTILALAMC - MOHEALTH,52.97,52.97,51.37,51.52,51.66,-0.27,97623,5029537.0
2026-08-03,MOHITIND,EQ,INE954E01012,MOHIT INDUSTRIES LTD,23.59,23.61,22.33,22.45,22.58,-0.58,10846,243492.71
2026-08-03,MOIL,EQ,INE490G01020,MOIL LIMITED,283.45,286.75,280.55,282.05,281.05,0.36,707805,199636391.61
2026-08-03,MOINFRA,EQ,INF247L01FL1,MOTILALAMC - MOINFRA,60.94,61.4,60.94,61.25,60.6,1.07,1467,89853.75
2026-08-03,MOKSH,EQ,INE514Y01020,MOKSH ORNAMENTS LIMITED,10.05,10.34,10.05,10.2,10.06,1.39,38729,395035.79
2026-08-03,MOL,EQ,INE0CT101020,MEGHMANI ORGANICS LIMITED,54.33,55.7,53.9,54.36,53.88,0.89,1111172,60403310.6
2026-08-03,MOLDTKPAC,EQ,INE893J01029,MOLD-TEK PACKAGING LTD,672.2,679.8,669.0,675.1,672.2,0.43,45411,30656964.99
2026-08-03,MOLOWVOL,EQ,INF247L01BL0,MOTILALAMC - MOLOWVOL,37.81,39.64,37.05,39.01,37.26,4.7,2596147,101275690.11
2026-08-03,MOM100,EQ,INF247L01023,MOTILAL OS MIDCAP100 ETF,67.07,68.97,66.51,68.22,67.87,0.52,1932452,131831877.8
2026-08-03,MOM30IETF,EQ,INF109KC17C7,ICICIPRAMC - ICICIMOM30,31.26,31.49,30.43,31.1,31.09,0.03,1208367,37580214.16
2026-08-03,MOM50,EQ,INF247L01536,MOTILAL OSWAL M50 ETF,258.4,258.4,254.86,256.41,255.03,0.54,251906,64591218.38
2026-08-03,MOMENTUM,EQ,INF209KB14K7,BIRLASLAMC - MOMENTUM,30.9,31.28,30.83,30.93,30.9,0.1,54980,1700531.42
2026-08-03,MOMENTUM30,EQ,INF174KA1XS6,KOTAKMAMC - MOMENTUM30,30.48,30.85,30.32,30.6,30.63,-0.1,28217,863440.21
2026-08-03,MOMENTUM50,EQ,INF247L01DK8,MOTILALAMC - MOMENTUM50,52.63,53.19,52.63,53.01,52.63,0.72,2888975,153144559.9
2026-08-03,MOMGF,EQ,INF247L01FK3,MOTILALAMC - MOMGF,168.42,168.42,163.44,163.87,163.51,0.22,1226,200904.61
2026-08-03,MOMIDMTM,EQ,INF247L01FQ0,MOTILALAMC - MOMIDMTM,64.19,64.25,63.65,63.8,63.97,-0.27,157640,10057431.88
2026-08-03,MOMMIDCAP,EQ,INF769K01RC0,MIRAEAMC - MOMMIDCAP,12.9,12.9,12.52,12.72,12.65,0.55,1688150,21473268.45
2026-08-03,MOMNC,EQ,INF247L01GK1,MOTILALAMC - MOMNC,33.92,34.0,33.03,33.47,32.93,1.64,13398,448431.08
2026-08-03,MOMOMENTUM,EQ,INF247L01BK2,MOTILALAMC - MOMOMENTUM,62.0,62.9,61.87,62.09,61.9,0.31,168761,10478370.52
2026-08-03,MON100,EQ,INF247L01AP3,MOTILAL OS NASDAQ100 ETF,315.45,315.45,315.45,315.45,305.18,3.37,210240,66320210.57
2026-08-03,MON50EQUAL,EQ,INF247L01FC0,MOTILALAMC - MON50EQUAL,34.74,34.74,34.0,34.24,33.9,1.0,3849,131789.77
2026-08-03,MONARCH,EQ,INE903D01011,MONARCH NETWORTH CAP LTD,396.0,396.95,382.1,384.55,390.15,-1.44,94012,36152313.45
2026-08-03,MONEXT50,EQ,INF247L01FD8,MOTILALAMC - MONEXT50,73.86,74.44,73.86,73.97,73.07,1.23,539926,39938326.88
2026-08-03,MONEYBOXX,EQ,INE296Q01012,MONEYBOXX FINANCE LIMITED,57.3,62.98,57.3,60.69,58.22,4.24,71113,4315847.87
2026-08-03,MONIFTY100,EQ,INF247L01GG9,MOTILALAMC - MONIFTY100,25.83,26.08,25.53,25.77,25.65,0.47,72973,1880514.24
2026-08-03,MONIFTY500,EQ,INF247L01BU1,MOTILALAMC - MONIFTY500,24.67,24.67,24.11,24.19,24.07,0.5,1339302,32397716.1
2026-08-03,MONQ50,EQ,INF247L01AU3,MOTILALAMC - MONQ50,140.56,140.56,140.56,140.56,137.56,2.18,48243,6781035.96
2026-08-03,MONTECARLO,EQ,INE950M01013,MONTE CARLO FASHIONS LTD.,529.0,538.0,524.3,533.0,523.0,1.91,55989,29842137.0
2026-08-03,MOPSE,EQ,INF247L01FO5,MOTILALAMC - MOPSE,101.57,101.59,100.0,101.3,100.23,1.07,2427,245855.11
2026-08-03,MOQUALITY,EQ,INF247L01BH8,MOTILALAMC - MOQUALITY,204.56,219.9,204.3,206.55,204.09,1.21,491673,101555059.65
2026-08-03,MOREALTY,EQ,INF247L01CI4,MOTILALAMC - MOREALTY,91.3,91.31,89.63,90.41,90.31,0.11,963160,87079299.13
2026-08-03,MOREPENLAB,EQ,INE083A01026,MOREPEN LAB. LTD,58.0,58.9,57.25,57.65,57.04,1.07,5950210,343029615.58
2026-08-03,MOSCHIP,EQ,INE935B01025,MOSCHIP TECHNOLOGIES LTD,209.6,212.9,208.3,210.23,207.8,1.17,1394138,293089625.78
2026-08-03,MOSERVICE,EQ,INF247L01GJ3,MOTILALAMC - MOSERVICE,31.61,31.86,31.59,31.77,31.49,0.89,24792,787641.85
2026-08-03,MOSMALL250,EQ,INF247L01CH6,MOTILALAMC - MOSMALL250,18.13,18.27,16.2,17.89,18.05,-0.89,10512377,188066418.11
2026-08-03,MOTHERSON,EQ,INE775A01035,SAMVRDHNA MTHRSN INTL LTD,152.9,155.01,152.03,155.01,150.75,2.83,17765051,2753760457.92
2026-08-03,MOTILALOFS,EQ,INE338I01027,MOTILAL OSWAL FIN LTD,861.0,873.75,852.7,867.95,851.95,1.88,688125,597258102.15
2026-08-03,MOTISONS,EQ,INE0FRK01020,MOTISONS JEWELLERS LTD,14.3,14.55,14.1,14.25,14.22,0.21,7971960,113600430.0
2026-08-03,MOTOGENFIN,EQ,INE861B01023,MOTOR & GENERAL FINANCE L,26.51,27.49,26.0,26.48,26.95,-1.74,15198,402443.03
2026-08-03,MOTOUR,EQ,INF247L01FP2,MOTILALAMC - MOTOUR,79.98,81.55,77.61,80.33,78.41,2.45,59253,4759793.6
2026-08-03,MOVALUE,EQ,INF247L01BE5,MOTILALAMC - MOVALUE,115.0,115.75,114.01,115.24,114.33,0.8,110633,12749346.68
2026-08-03,MPHASIS,EQ,INE356A01018,MPHASIS LIMITED,2361.0,2429.0,2339.9,2429.0,2342.3,3.7,423329,1028266141.0
2026-08-03,MPSLTD,EQ,INE943D01017,MPS LIMITED,2700.0,2790.0,2644.7,2770.5,2696.0,2.76,61657,170820718.5
2026-08-03,MRF,EQ,INE883A01011,MRF LTD,134100.0,134550.0,133205.0,133730.0,132770.0,0.72,3472,464310560.0
2026-08-03,MRPL,EQ,INE103A01014,MRPL,170.32,176.3,170.32,174.06,169.94,2.42,8770678,1526624191.27
2026-08-03,MSCI360,EQ,INF579M01BP5,360ONEAMC - MSCI360,10.23,10.51,10.1,10.37,10.23,1.37,31339,324985.43
2026-08-03,MSCIADD,EQ,INF740KA1WV7,DSPAMC - MSCIADD,30.01,30.21,30.01,30.07,29.96,0.37,16332,491103.24
2026-08-03,MSCIINDIA,EQ,INF174KA1VD2,KOTAKMAMC - MSCIINDIA,29.3,30.54,29.3,30.5,30.15,1.16,1069823,32629601.5
2026-08-03,MSPL,EQ,INE752G01015,MSP STEEL & POWER LTD.,34.47,35.51,34.25,35.07,34.31,2.22,857318,30066142.0
2026-08-03,MSTCLTD,EQ,INE255X01014,MSTC LIMITED,630.0,630.0,602.1,608.8,618.2,-1.52,158493,96490536.47
2026-08-03,MSUMI,EQ,INE0FS801015,MOTHERSON SUMI WRNG IND L,41.25,42.22,40.75,41.48,40.61,2.14,7432396,308295782.68
2026-08-03,MTNL,EQ,INE153A01019,MAHANAGAR TELEPHONE NIGAM,27.16,28.6,27.16,28.11,27.03,4.0,1325102,37248618.03
2026-08-03,MUFIN,EQ,INE08KJ01020,MUFIN GREEN FINANCE LTD,132.5,135.8,131.5,133.1,131.74,1.03,1896535,252428820.08
2026-08-03,MUFTI,EQ,INE220Q01020,CREDO BRANDS MARKETING L,81.9,83.4,81.71,82.69,81.52,1.44,36229,2995776.1
2026-08-03,MUKANDLTD,EQ,INE304A01026,MUKAND LTD.,141.6,144.5,141.6,143.6,141.42,1.54,112231,16116372.29
2026-08-03,MULTICAP,EQ,INF769K01LX9,MIRAEAMC - MULTICAP,17.07,17.37,16.83,16.93,16.74,1.14,232698,3939577.21
2026-08-03,MUNJALAU,EQ,INE672B01032,MUNJAL AUTO IND. LTD.,102.49,104.32,101.72,103.68,101.34,2.31,311141,32259098.97
2026-08-03,MUNJALSHOW,EQ,INE577A01027,MUNJAL SHOWA LTD,138.11,147.1,138.11,143.47,137.35,4.46,653918,93817616.26
2026-08-03,MURUDCERA,EQ,INE692B01014,MURUDESHWAR CERAMICS LTD,30.93,31.25,30.61,30.7,30.62,0.26,11268,345927.61
2026-08-03,MUTHOOTCAP,EQ,INE296G01013,MUTHOOT CAP SERV LTD,231.4,239.57,231.4,237.88,233.48,1.88,29195,6944906.74
2026-08-03,MUTHOOTFIN,EQ,INE414G01012,MUTHOOT FINANCE LIMITED,2876.0,2928.0,2671.0,2890.9,3119.6,-7.33,8573629,24785503238.83
2026-08-03,MUTHOOTMF,EQ,INE046W01019,MUTHOOT MICROFIN LIMITED,246.78,249.4,230.1,235.66,245.46,-3.99,670040,157901628.85
2026-08-03,MVGJL,EQ,INE0KNT01012,MANOJ VAIBHAV GEM N JEW L,168.3,172.89,167.62,170.7,168.14,1.52,18255,3116128.44
2026-08-03,MWL,EQ,INE0JYY01029,MANGALAM WORLDWIDE LTD,37.4,40.19,36.36,37.9,36.0,5.28,2911152,110332665.24
2026-08-03,NACLIND,EQ,INE295D01020,NACL INDUSTRIES LIMITED,190.0,193.74,175.0,178.59,188.93,-5.47,1856983,331638587.17
2026-08-03,NAGREEKCAP,EQ,INE245I01016,NAGREEKA CAP & INFR.LTD,23.35,23.99,22.81,22.89,23.35,-1.97,14150,323893.49
2026-08-03,NAGREEKEXP,EQ,INE123B01028,NAGREEKA EXPORTS LTD.,21.22,23.0,21.22,22.48,21.55,4.32,8197,184268.56
2026-08-03,NAHARCAP,EQ,INE049I01012,NAHAR CAP & FIN.,250.37,265.0,249.95,262.72,249.13,5.45,7726,2029774.73
2026-08-03,NAHARINDUS,EQ,INE289A01011,NAHAR INDS ENT LTD,113.2,119.5,112.64,118.15,113.31,4.27,14251,1683755.67
2026-08-03,NAHARPOLY,EQ,INE308A01027,NAHAR POLY FILMS LIMITED,265.2,276.95,265.1,274.9,268.65,2.33,28525,7841522.33
2026-08-03,NAHARSPING,EQ,INE290A01027,NAHAR SPINNING MILLS LTD.,283.3,313.8,283.3,311.15,281.1,10.69,176570,54939754.42
2026-08-03,NAM-INDIA,EQ,INE298J01013,NIPPON L I A M LTD,1171.1,1178.4,1161.0,1165.0,1161.4,0.31,515538,600601770.0
2026-08-03,NARMADA,EQ,INE117Z01029,NARMADA AGROBASE LIMITED,17.4,17.5,16.05,16.26,17.02,-4.47,6126667,99619606.82
2026-08-03,NATCOPHARM,EQ,INE987B01026,NATCO PHARMA LTD.,921.0,939.85,918.1,929.1,917.0,1.32,289116,268617668.54
2026-08-03,NATHBIOGEN,EQ,INE448G01010,NATH BIO-GENES (I) LTD,160.0,160.7,158.6,158.84,159.18,-0.21,9732,1545830.84
2026-08-03,NATIONALUM,EQ,INE139A01034,NATIONAL ALUMINIUM CO LTD,357.95,369.0,353.5,369.0,350.05,5.41,12541474,4627803906.0
2026-08-03,NAUKRI,EQ,INE663F01032,INFO EDGE (I) LTD,1231.8,1268.8,1231.8,1268.8,1226.25,3.47,937278,1189218372.17
2026-08-03,NAVA,EQ,INE725A01030,NAVA LIMITED,561.8,589.4,556.2,579.9,553.45,4.78,527726,306028320.28
2026-08-03,NAVINFLUOR,EQ,INE048G01026,NAVIN FLUORINE INT. LTD,7650.0,7703.5,7510.0,7555.0,7567.5,-0.17,97345,735441475.0
2026-08-03,NAVKARCORP,EQ,INE278M01019,NAVKAR CORPORATION LTD.,103.0,104.36,102.5,103.26,102.72,0.53,387137,39975767.45
2026-08-03,NAVNETEDUL,EQ,INE060A01024,NAVNEET EDUCATION LTD,134.16,136.17,131.7,132.18,134.1,-1.43,276327,36524900.84
2026-08-03,NAZARA,EQ,INE418L01047,NAZARA TECHNOLOGIES LTD,344.95,345.8,335.95,339.55,339.0,0.16,3028157,1028210672.39
2026-08-03,NBCC,EQ,INE095N01031,NBCC (INDIA) LIMITED,95.2,96.6,95.0,95.5,94.8,0.74,5156861,492480225.5
2026-08-03,NBIFIN,EQ,INE365I01020,N.B.I. IND. FIN. CO. LTD,2191.0,2244.9,2190.0,2226.3,2200.4,1.18,353,785883.92
2026-08-03,NCC,EQ,INE868B01028,NCC LIMITED,143.0,145.81,143.0,144.42,141.08,2.37,1905604,275207326.19
2026-08-03,NCLIND,EQ,INE732C01016,NCL INDUSTRIES LIMITED,180.6,184.3,180.6,182.45,182.14,0.17,28836,5261128.11
2026-08-03,NDGL,EQ,INE756C01015,NAGA DHUNSERI GROUP LTD,2805.0,2850.0,2775.0,2849.0,2783.7,2.35,182,518518.0
2026-08-03,NDL,EQ,INE875G01048,NANDAN DENIM LIMITED,2.38,2.4,2.36,2.37,2.36,0.42,545178,1292071.8
2026-08-03,NDLVENTURE,EQ,INE353A01023,NDL VENTURES LIMITED,129.99,132.96,127.0,129.34,129.03,0.24,46986,6077169.07
2026-08-03,NDRAUTO,EQ,INE07OG01012,NDR AUTO COMPONENTS LTD,818.0,835.55,817.55,824.65,817.55,0.87,18333,15118308.9
2026-08-03,NDTV,EQ,INE155G01029,NDTV LTD,77.2,78.48,76.86,77.39,77.1,0.38,105058,8130438.56
2026-08-03,NECLIFE,EQ,INE023H01027,NECTAR LIFESCIENCES LTD.,10.78,10.97,10.5,10.72,10.58,1.32,95867,1027694.27
2026-08-03,NELCAST,EQ,INE189I01024,NELCAST LIMITED,121.7,122.82,120.21,121.35,121.37,-0.02,88182,10700885.57
2026-08-03,NELCO,EQ,INE045B01015,NELCO LTD,1024.1,1026.0,995.5,1000.8,1015.65,-1.46,772071,772688647.38
2026-08-03,NEOGEN,EQ,INE136S01016,NEOGEN CHEMICALS LIMITED,2055.7,2072.0,2005.1,2056.1,2023.1,1.63,81141,166834018.02
2026-08-03,NEPHROPLUS,EQ,INE428V01029,NEPHROCARE HEALTH SERV L,689.0,699.0,676.5,688.75,681.65,1.04,100842,69454927.5
2026-08-03,NESCO,EQ,INE317F01035,NESCO LTD.,1080.0,1089.0,1065.2,1073.4,1064.8,0.81,22505,24156867.55
2026-08-03,NESTLEIND,EQ,INE239A01024,NESTLE INDIA LIMITED,1509.5,1530.0,1505.4,1530.0,1509.6,1.35,1232625,1885916250.0
2026-08-03,NETF,EQ,INF277K015R5,TATAAML - NETF,264.0,268.0,264.0,266.73,264.24,0.94,4894,1305376.67
2026-08-03,NETWEB,EQ,INE0NT901020,NETWEB TECH INDIA LTD,4560.4,4740.0,4540.0,4586.0,4524.0,1.37,2334958,10708117388.0
2026-08-03,NETWORK18,EQ,INE870H01013,NETWORK18 MEDIA & INV LTD,29.56,29.87,29.25,29.38,29.45,-0.24,2035411,59800373.47
2026-08-03,NEULANDLAB,EQ,INE794A01010,NEULAND LAB LTD.,19149.0,19912.0,19005.0,19675.0,19043.0,3.32,46146,907922550.0
2026-08-03,NEWGEN,EQ,INE619B01017,NEWGEN SOFTWARE TECH LTD,559.0,569.75,553.55,562.75,555.7,1.27,1071891,603206660.25
2026-08-03,NEXT30ADD,EQ,INF740KA1VE5,DSPAMC - NEXT30ADD,43.63,43.69,43.47,43.65,43.19,1.07,8854,386477.11
2026-08-03,NEXT50,EQ,INF769K01FN2,MIRAEAMC - MANXT50,761.0,769.11,761.0,768.39,759.41,1.18,72334,55580723.32
2026-08-03,NEXT50ADD,EQ,INF740KA1XU7,DSPAMC - NEXT50ADD,75.7,75.7,73.58,74.12,74.19,-0.09,1968,145868.17
2026-08-03,NEXT50BETA,EQ,INF789F1AUW9,UTIAMC-NEXT50BETA,80.12,80.25,78.83,79.39,79.32,0.09,692464,54974716.54
2026-08-03,NEXT50ETF,EQ,INF174KA1YO3,KOTAKMAMC - NEXT50ETF,75.97,75.97,74.14,74.87,74.14,0.98,24962,1868905.01
2026-08-03,NEXT50IETF,EQ,INF109KC1NS5,ICICIPRAMC - ICICINXT50,77.66,78.49,77.3,78.06,77.59,0.61,1622959,126688175.58
2026-08-03,NEXTMEDIA,EQ,INE747B01016,NEXT MEDIAWORKS LIMITED,4.0,4.03,3.87,3.87,3.95,-2.03,2586,10007.82
2026-08-03,NFL,EQ,INE870D01012,NATIONAL FERT. LTD,71.7,72.54,71.7,71.84,71.47,0.52,356485,25609881.09
2026-08-03,NGIL,EQ,INE236Y01012,NAKODA GROUP OF IND. LTD,40.94,42.02,39.15,40.0,40.94,-2.3,48485,1939400.0
2026-08-03,NGLFINE,EQ,INE887E01022,NGL FINE CHEM LIMITED,3299.0,3448.2,3200.1,3292.8,3260.3,1.0,18024,59349428.08
2026-08-03,NH,EQ,INE410P01011,NARAYANA HRUDAYALAYA LTD.,1999.0,1999.0,1914.0,1919.7,2029.2,-5.4,1188916,2282361987.15
2026-08-03,NHPC,EQ,INE848E01016,NHPC LTD,78.5,80.7,78.5,79.25,78.73,0.66,21147708,1675955859.0
2026-08-03,NIACL,EQ,INE470Y01017,THE NEW INDIA ASSU CO LTD,178.49,178.49,174.72,175.46,173.62,1.06,1164311,204290015.88
2026-08-03,NIBE,EQ,INE149O01018,NIBE LIMITED,1399.0,1399.0,1360.0,1364.4,1379.0,-1.06,40021,54604653.38
2026-08-03,NIBL,EQ,INE047O01014,NRB INDUS. BEARINGS LTD.,34.69,35.69,34.55,35.09,33.87,3.6,22502,789595.18
2026-08-03,NIF100IETF,EQ,INF109KC16V9,ICICI PRUD NIFTY 100 ETF,28.65,28.71,28.4,28.64,28.38,0.92,132554,3796346.48
2026-08-03,NIFTY1,EQ,INF174K014P6,KOTAK NIFTY ETF,272.7,273.49,270.85,272.05,270.14,0.71,156388,42545353.49
2026-08-03,NIFTY100EW,EQ,INF174KA1UW4,KOTAKMAMC - NIFTY100EW,34.45,35.9,34.45,35.79,35.34,1.27,41917,1500209.47
2026-08-03,NIFTYADD,EQ,INF740KA1CL0,DSPAMC - DSPNIFTY,259.19,260.0,257.27,258.73,256.62,0.82,33314,8619331.59
2026-08-03,NIFTYAXIS,EQ,INF846K01W98,AXISAMC-NIFTYAXIS,271.39,272.2,270.73,271.85,269.3,0.95,13577,3690907.53
2026-08-03,NIFTYBEES,EQ,INF204KB14I2,NIP IND ETF NIFTY BEES,278.5,280.09,278.5,279.87,277.42,0.88,8115406,2271258637.59
2026-08-03,NIFTYBETA,EQ,INF789F1AZC0,UTIAMC-NIFTYBETA,270.3,273.0,270.0,272.09,270.3,0.66,35738,9723952.29
2026-08-03,NIFTYBETF,EQ,INF0QA701722,BFAM - NIFTYBETF,253.25,253.3,251.91,252.68,251.06,0.65,4929,1245459.68
2026-08-03,NIFTYCASE,EQ,INF0R8F01166,ZERODHAAMC - NIFTYCASE,9.6,9.89,9.6,9.85,9.78,0.72,1008040,9929194.38
2026-08-03,NIFTYETF,EQ,INF769K01EG9,MIRAEAMC - MAN50ETF,268.11,269.05,266.24,267.69,265.46,0.84,2196167,587891949.59
2026-08-03,NIFTYQLITY,EQ,INF209KB15K4,BIRLASLAMC - NIFTYQLITY,21.68,21.99,21.54,21.69,21.58,0.51,94304,2045453.81
2026-08-03,NIITLTD,EQ,INE161A01038,NIIT LIMITED,95.8,98.99,95.8,96.86,95.76,1.15,343623,33283323.99
2026-08-03,NIITMTS,EQ,INE342G01023,NIIT LEARNING SYSTEMS LTD,243.4,249.95,226.0,246.61,239.81,2.84,328404,80987710.64
2026-08-03,NILAINFRA,EQ,INE937C01029,NILA INFRASTRUCTURES LTD,7.32,7.8,7.32,7.66,7.38,3.79,264861,2028835.22
2026-08-03,NILASPACES,EQ,INE00S901012,NILA SPACES LIMITED,12.0,13.3,11.94,12.74,11.89,7.15,2101294,26770485.08
2026-08-03,NILKAMAL,EQ,INE310A01015,NILKAMAL LIMITED,1789.0,1797.6,1645.0,1699.9,1797.8,-5.45,251226,427059083.53
2026-08-03,NIMBSPROJ,EQ,INE875B01015,NIMBUS PROJECTS LIMITED,192.15,192.15,180.0,182.59,183.0,-0.22,1260,230063.4
2026-08-03,NINSYS,EQ,INE395U01014,NINTEC SYSTEMS LIMITED,779.0,797.0,743.0,751.5,782.1,-3.91,29470,22146705.0
2026-08-03,NIPPOBATRY,EQ,INE567A01028,INDO-NATIONAL LIMITED,327.0,330.05,321.1,327.15,322.35,1.49,2179,712859.84
2026-08-03,NIRAJ,EQ,INE368I01016,NIRAJ CEMENT STRUC LTD,28.98,29.85,28.98,29.08,28.95,0.45,62984,1831574.72
2026-08-03,NIRLON,EQ,INE910A01012,NIRLON LTD,620.65,632.2,615.5,620.15,620.5,-0.06,3137,1945410.63
2026-08-03,NITCO,EQ,INE858F01012,NITCO LIMITED,107.84,109.9,107.2,108.09,107.6,0.46,479633,51843529.21
2026-08-03,NITINSPIN,EQ,INE229H01012,NITIN SPINNERS LIMITED,545.95,583.9,543.9,572.35,544.2,5.17,285468,163387602.83
2026-08-03,NITIRAJ,EQ,INE439T01012,NITIRAJ ENGINEERS LTD,219.95,220.0,213.2,214.87,215.82,-0.44,1976,424583.11
2026-08-03,NITTAGELA,EQ,INE265B01019,NITTA GELATIN INDIA LTD.,1822.2,1822.2,1700.0,1729.2,1922.5,-10.05,39875,68951848.05
2026-08-03,NIVABUPA,EQ,INE995S01015,NIVA BUPA HEALTH INS CO L,87.21,88.7,86.0,86.56,87.01,-0.52,1535003,132869855.93
2026-08-03,NLCINDIA,EQ,INE589A01014,NLC INDIA LIMITED,299.8,301.3,296.6,298.05,297.9,0.05,1390048,414303789.43
2026-08-03,NMDC,EQ,INE584A01023,NMDC LTD.,85.6,85.84,83.05,83.8,85.04,-1.46,18494856,1549868989.24
2026-08-03,NOCIL,EQ,INE163A01018,NOCIL LIMITED,165.25,184.0,165.25,174.05,164.17,6.02,12374720,2153820053.76
2026-08-03,NOIDATOLL,EQ,INE781B01015,NOIDA TOLL BRIDGE CO LTD,4.5,4.6,4.36,4.44,4.39,1.14,72994,324093.36
2026-08-03,NORBTEAEXP,EQ,INE369C01017,NORBEN TEA & EXPORTS LTD,66.85,70.0,65.15,65.29,68.57,-4.78,2954,192866.66
2026-08-03,NORTHARC,EQ,INE850M01015,NORTHERN ARC CAPITAL LTD,290.0,295.6,282.0,284.65,287.0,-0.82,597266,170011763.25
2026-08-03,NOVAAGRI,EQ,INE02H701025,NOVA AGRITECH LIMITED,22.56,23.49,22.56,23.0,23.12,-0.52,32890,756470.0
2026-08-03,NOVARTIND,EQ,INE234A01025,NOVARTIS INDIA LIMITED,1540.1,1651.4,1540.1,1635.7,1537.1,6.41,29922,48943413.94
2026-08-03,NPBET,EQ,INF277K010X4,TATAAML - NPBET,284.71,291.69,284.71,288.87,284.71,1.46,875,252761.25
2026-08-03,NPST,EQ,INE0FFK01017,NETWORK PEOPLE SRV TECH L,1560.0,1560.0,1505.0,1523.0,1525.6,-0.17,25007,38085661.0
2026-08-03,NRAIL,EQ,INE740D01017,N R AGARWAL INDS LTD,484.8,490.0,476.1,488.15,473.4,3.12,3261,1591857.13
2026-08-03,NRBBEARING,EQ,INE349A01021,NRB BEARING LIMITED,418.4,440.25,416.5,433.8,409.9,5.83,756420,328134986.77
2026-08-03,NSIL,EQ,INE023A01030,NALWA SONS INVESTMENT LTD,5562.5,5749.0,5504.0,5622.0,5520.0,1.85,4566,25670052.0
2026-08-03,NSLNISP,EQ,INE0NNS01018,NMDC STEEL LIMITED,43.5,43.8,43.15,43.37,43.02,0.81,3092634,134127533.28
2026-08-03,NTPC,EQ,INE733E01010,NTPC LTD,347.25,350.9,345.3,350.9,347.25,1.05,5460220,1915991164.67
2026-08-03,NTPCGREEN,EQ,INE0ONG01011,NTPC GREEN ENERGY LIMITED,90.85,91.6,90.02,90.7,90.03,0.74,4694420,425783879.67
2026-08-03,NUCLEUS,EQ,INE096B01018,NUCLEUS SOFTWARE EXPORTS,686.05,702.75,686.05,696.7,686.05,1.55,36002,25082593.84
2026-08-03,NUVAMA,EQ,INE531F01023,NUVAMA WEALTH MANAGE LTD,1822.7,1840.0,1744.0,1765.7,1803.8,-2.11,316161,558245462.26
2026-08-03,NUVOCO,EQ,INE118D01016,NUVOCO VISTAS CORP LTD,349.75,353.2,347.05,350.6,344.65,1.73,284291,99672426.34
2026-08-03,NV20,EQ,INF174KA1ZE1,KOTAKMAMC - KTKNV20ETF,14.29,14.3,14.15,14.26,14.09,1.21,77602,1106604.54
2026-08-03,NV20BEES,EQ,INF204KB18I3,NIP IND ETF ETF NV20,142.56,142.9,141.0,142.62,140.78,1.31,14634,2087101.01
2026-08-03,NV20IETF,EQ,INF109KC11V0,ICICI PRUDENTIAL NV20 ETF,13.5,13.94,13.0,13.89,13.78,0.8,574609,7981319.21
2026-08-03,NYKAA,EQ,INE388Y01029,FSN E COMMERCE VENTURES,335.0,344.9,332.8,344.9,333.4,3.45,6931047,2390518068.0
2026-08-03,OAL,EQ,INE959C01023,ORIENTAL AROMATICS LTD,371.0,385.0,362.0,378.85,364.5,3.94,33764,12791491.61
2026-08-03,OBCL,EQ,INE426Z01016,OBCL LIMITED,52.0,53.9,52.0,53.1,52.68,0.8,65944,3501626.3
2026-08-03,OBEROIRLTY,EQ,INE093I01010,OBEROI REALTY LIMITED,1834.1,1861.1,1821.6,1861.1,1827.7,1.83,178400,332020235.64
2026-08-03,ODIGMA,EQ,INE054301028,ODIGMA CONSULTANCY SOL L,23.25,23.25,22.51,22.82,22.73,0.4,23128,527780.95
2026-08-03,OFSS,EQ,INE881D01027,ORACLE FIN SERV SOFT LTD.,11186.0,11484.0,11160.0,11332.0,11186.0,1.31,164111,1859705852.0
2026-08-03,OIL,EQ,INE274J01014,OIL INDIA LTD,454.0,457.65,450.0,452.0,458.6,-1.44,3770840,1704419680.0
2026-08-03,OILIETF,EQ,INF109KC18W3,ICICIPRAMC - OILIETF,11.48,11.53,11.42,11.45,11.42,0.26,2463758,28210028.63
2026-08-03,OLAELEC,EQ,INE0LXG01040,OLA ELECTRIC MOBILITY LTD,38.66,39.18,38.5,38.74,38.66,0.21,20929717,810817271.71
2026-08-03,OLECTRA,EQ,INE260D01016,OLECTRA GREENTECH LIMITED,1330.7,1353.9,1326.8,1344.2,1324.2,1.51,216171,290577047.64
2026-08-03,OMAXAUTO,EQ,INE090B01011,OMAX AUTOS LTD,193.8,197.7,183.15,190.92,190.59,0.17,62654,11961901.57
2026-08-03,OMAXE,EQ,INE800H01010,OMAXE LIMITED,86.16,87.84,84.35,85.38,86.16,-0.91,201187,17177345.51
2026-08-03,OMINFRAL,EQ,INE239D01028,OM INFRA LIMITED,91.5,92.25,89.9,91.6,89.34,2.53,102499,9388908.24
2026-08-03,OMNI,EQ,INE0UH301010,OMNITECH ENGINEERING LTD,588.0,638.5,583.85,602.3,580.95,3.68,920924,554672513.96
2026-08-03,OMPOWER,EQ,INE25E901019,OM POWER TRANSMISSION LTD,171.99,171.99,167.01,169.4,167.93,0.88,59098,10011200.84
2026-08-03,ONEPOINT,EQ,INE840Y01029,ONE POINT ONE SOL LTD,58.0,58.38,56.25,56.9,57.46,-0.97,776161,44163562.08
2026-08-03,ONESOURCE,EQ,INE013P01021,ONESOURCE SPECL PHARMA L,1624.0,1624.0,1550.0,1560.5,1619.7,-3.65,291606,455051163.0
2026-08-03,ONGC,EQ,INE213A01029,OIL AND NATURAL GAS CORP.,241.45,242.62,240.06,242.0,242.53,-0.22,8277525,2003161050.0
2026-08-03,ONIDA,EQ,INE831A01028,ONIDA ELECTRONICS LIMITED,39.99,41.0,37.9,39.85,39.54,0.78,407321,16231741.23
2026-08-03,ONWARDTEC,EQ,INE229A01017,ONWARD TECHNOLOGIES LTD,294.9,297.35,290.0,293.85,292.1,0.6,49531,14554684.65
2026-08-03,OPTIEMUS,EQ,INE350C01017,OPTIEMUS INFRACOM LTD,641.2,661.0,635.85,657.8,637.65,3.16,394268,259349485.59
2026-08-03,ORCHASP,EQ,INE215B01022,ORCHASP LIMITED,1.8,1.8,1.6,1.65,1.63,1.23,242277,399757.04
2026-08-03,ORCHPHARMA,EQ,INE191A01027,ORCHID PHARMA LIMITED,990.0,998.0,975.1,990.65,986.55,0.42,44068,43655965.28
2026-08-03,ORICONENT,EQ,INE730A01022,ORICON ENTERPRISES LTD,54.88,54.88,53.51,54.24,53.79,0.84,16899,916601.79
2026-08-03,ORIENTALTL,EQ,INE998H01012,ORIENTAL TRIMEX LTD,5.03,5.3,5.03,5.19,5.13,1.17,67795,351856.05
2026-08-03,ORIENTBELL,EQ,INE607D01018,ORIENT BELL LIMITED,319.25,320.25,311.55,317.6,319.25,-0.52,5191,1648661.63
2026-08-03,ORIENTCEM,EQ,INE876N01018,ORIENT CEMENT LTD.,136.07,140.1,136.07,139.51,136.64,2.1,265963,37104496.67
2026-08-03,ORIENTCER,EQ,INE569C01020,ORIENT CERATECH LIMITED,41.7,41.7,40.72,41.0,40.97,0.07,23646,969486.0
2026-08-03,ORIENTELEC,EQ,INE142Z01019,ORIENT ELECTRIC LIMITED,174.9,177.0,173.8,175.55,174.77,0.45,342278,60086903.94
2026-08-03,ORIENTHOT,EQ,INE750A01020,ORIENT HOTELS LTD,132.34,137.1,131.75,135.39,131.65,2.84,278925,37763655.58
2026-08-03,ORIENTPPR,EQ,INE592A01026,ORIENT PAPER AND INDS LTD,18.2,19.35,18.05,19.05,18.37,3.7,790848,15065653.8
2026-08-03,ORIENTTECH,EQ,INE0PPK01015,ORIENT TECHNOLOGIES LTD,261.5,265.45,258.85,261.5,261.32,0.07,330338,86383387.0
2026-08-03,ORISSAMINE,EQ,INE725E01024,ORISSA MIN DEV CO LTD,4050.0,4140.0,4005.0,4106.3,3986.4,3.01,12037,49427530.75
2026-08-03,ORKLAINDIA,EQ,INE16NZ01023,ORKLA INDIA LIMITED,557.0,581.1,557.0,573.6,557.3,2.92,96546,55378783.24
2026-08-03,ORTINGLOBE,EQ,INE749B01020,ORTIN GLOBAL LIMITED,14.6,15.99,14.6,15.5,15.35,0.98,25275,391762.5
2026-08-03,OSWALAGRO,EQ,INE142A01012,OSWAL AGRO MILLS LTD,39.89,40.25,38.2,38.49,38.25,0.63,52487,2020224.72
2026-08-03,OSWALGREEN,EQ,INE143A01010,OSWAL GREENTECH LIMITED,21.04,22.04,21.04,21.76,21.04,3.42,263168,5726535.74
2026-08-03,OSWALPUMPS,EQ,INE0BYP01024,OSWAL PUMPS LIMITED,332.9,339.15,329.6,331.25,329.15,0.64,812409,269110481.25
2026-08-03,OSWALSEEDS,EQ,INE00IK01029,SHREEOSWAL S AND CHE LTD,10.88,10.88,10.53,10.68,10.76,-0.74,11735,125329.8
2026-08-03,PACEDIGITK,EQ,INE0S3G01027,PACE DIGITEK LIMITED,206.35,207.67,201.01,201.59,205.38,-1.85,775987,156431216.49
2026-08-03,PAGEIND,EQ,INE761H01022,PAGE INDUSTRIES LTD,40500.0,40665.0,40125.0,40200.0,40375.0,-0.43,8626,346765200.0
2026-08-03,PAISALO,EQ,INE420C01059,PAISALO DIGITAL LIMITED,71.79,73.25,70.91,72.29,71.2,1.53,9209200,665733076.43
2026-08-03,PAKKA,EQ,INE551D01018,PAKKA LIMITED,71.1,72.94,71.01,71.28,70.79,0.69,49666,3540192.42
2026-08-03,PALASHSECU,EQ,INE471W01019,PALASH SECURITIES LTD,87.8,91.35,87.04,89.01,87.07,2.23,1841,163867.41
2026-08-03,PALREDTEC,EQ,INE218G01033,PALRED TECHNOLOGIES LTD,45.55,46.35,44.81,45.39,44.15,2.81,3212,145792.68
2026-08-03,PANACEABIO,EQ,INE922B01023,PANACEA BIOTEC LTD,425.05,425.05,415.6,423.45,421.45,0.47,71008,30068338.47
2026-08-03,PANAMAPET,EQ,INE305C01029,PANAMA PETROCHEM LTD,459.8,471.35,456.0,460.75,453.55,1.59,132370,60989477.5
2026-08-03,PANSARI,EQ,INE697V01011,PANSARI DEVELOPERS LTD,336.85,343.0,316.1,329.1,323.9,1.61,4836,1591527.63
2026-08-03,PARACABLES,EQ,INE074B01023,PARAMOUNT COMM LTD,65.06,67.35,64.16,66.39,64.88,2.33,2042931,135630187.84
2026-08-03,PARADEEP,EQ,INE088F01024,PARADEEP PHOSPHATES LTD,148.8,150.2,144.0,144.92,147.33,-1.64,7384190,1070116801.28
2026-08-03,PARAGMILK,EQ,INE883N01014,PARAG MILK FOODS LTD.,218.0,227.0,216.19,225.47,214.31,5.21,695232,156753959.89
2026-08-03,PARAS,EQ,INE045601023,PARAS DEF AND SPCE TECH L,1262.8,1323.0,1255.0,1292.3,1256.5,2.85,1553761,2007925416.17
2026-08-03,PARASPETRO,EQ,INE162C01024,PARAS PETROFILS LTD.,2.53,2.59,2.43,2.44,2.47,-1.21,491460,1199162.43
2026-08-03,PARKHOSPS,EQ,INE119201023,PARK MEDI WORLD LIMITED,299.0,302.8,280.0,288.6,292.65,-1.38,1692327,488405582.53
2026-08-03,PARKHOTELS,EQ,INE988S01028,PARKHOTELS,122.38,127.9,122.38,124.53,122.38,1.76,234150,29158699.21
2026-08-03,PASHUPATI,EQ,INE124Y01028,PASHUPATI COTSPIN LIMITED,85.8,86.7,85.13,85.32,85.55,-0.27,80796,6893514.7
2026-08-03,PASUPTAC,EQ,INE818B01023,PASUPATI ACRYLON LIMITED,58.0,60.74,58.0,60.49,58.34,3.69,58400,3532616.1
2026-08-03,PATANJALI,EQ,INE619A01035,PATANJALI FOODS LIMITED,358.0,365.5,352.5,364.0,354.6,2.65,5089623,1852622772.0
2026-08-03,PATELENG,EQ,INE244B01030,PATEL ENGINEERING LTD.,27.51,28.97,27.5,28.85,27.33,5.56,6702672,193372089.76
2026-08-03,PATELRMART,EQ,INE0R8B01010,PATEL RETAIL LIMITED,226.9,228.7,223.73,226.78,225.65,0.5,93105,21114351.79
2026-08-03,PAUSHAKLTD,EQ,INE111F01024,PAUSHAK LIMITED,659.4,661.0,644.0,652.8,629.7,3.67,69349,45271026.35
2026-08-03,PAVNAIND,EQ,INE07S101038,PAVNA INDUSTRIES LIMITED,18.9,18.9,17.72,18.01,18.11,-0.55,36102,650197.03
2026-08-03,PAYTM,EQ,INE982J01020,ONE 97 COMMUNICATIONS LTD,1348.0,1437.6,1344.4,1410.0,1343.0,4.99,7964165,11229472650.0
2026-08-03,PCBL,EQ,INE602A01031,PCBL CHEMICAL LIMITED,322.05,334.8,322.05,326.8,317.9,2.8,3202738,1046654739.3
2026-08-03,PCJEWELLER,EQ,INE785M01021,PC JEWELLER LTD,9.32,9.77,9.23,9.64,9.26,4.1,252990519,2438828690.02
2026-08-03,PDMJEPAPER,EQ,INE865T01018,PUDUMJEE PAPER PRO. LTD,95.9,97.68,94.86,96.3,94.86,1.52,86733,8352388.16
2026-08-03,PDSL,EQ,INE111Q01021,PDS LIMITED,370.0,372.65,354.9,357.25,363.55,-1.73,83148,29704623.0
2026-08-03,PEARLPOLY,EQ,INE844A01013,PEARL POLYMERS LTD,17.75,17.75,16.43,16.65,17.29,-3.7,22373,372510.44
2026-08-03,PENIND,EQ,INE932A01024,PENNAR INDUSTRIES LTD,166.0,171.28,165.5,169.12,165.12,2.42,311606,52698805.2
2026-08-03,PENINLAND,EQ,INE138A01028,PENINSULA LAND LIMITED,15.81,15.81,15.3,15.81,15.5,2.0,84000,1328040.04
2026-08-03,PERSISTENT,EQ,INE262H01021,PERSISTENT SYSTEMS LTD,5533.5,5575.0,5319.5,5575.0,5549.0,0.47,1344826,7497404950.0
2026-08-03,PETRONET,EQ,INE347G01014,PETRONET LNG LIMITED,280.75,284.85,279.05,284.85,280.75,1.46,1506784,429207431.6
2026-08-03,PFC,EQ,INE134E01011,POWER FIN CORP LTD.,425.5,429.25,417.3,421.5,424.35,-0.67,5985708,2522975922.0
2026-08-03,PFIZER,EQ,INE182A01018,PFIZER LTD,4823.9,4934.0,4804.9,4914.6,4823.9,1.88,44131,216886216.91
2026-08-03,PFOCUS,EQ,INE367G01038,PRIME FOCUS LIMITED,287.5,304.5,285.0,298.75,287.11,4.05,1045783,312427671.25
2026-08-03,PFS,EQ,INE560K01014,PTC INDIA FIN SERV LTD,27.84,28.77,27.82,28.41,27.73,2.45,433258,12308859.71
2026-08-03,PGEL,EQ,INE457L01029,PG ELECTROPLAST LTD,616.0,629.0,612.2,618.0,613.35,0.76,1239700,766134600.0
2026-08-03,PGHH,EQ,INE179A01014,P&G HYGIENE & HEALTH CARE,8644.5,8700.0,8582.0,8649.0,8594.0,0.64,16117,139395933.0
2026-08-03,PGHL,EQ,INE199A01012,PROCTER & GAMBLE HEALTH L,6604.5,6699.5,6452.5,6501.5,6604.5,-1.56,7179,46674268.5
2026-08-03,PGIL,EQ,INE940H01022,PEARL GLOBAL IND LIMITED,1033.3,1063.75,1033.3,1051.7,1032.4,1.87,140930,148216074.12
2026-08-03,PHARMABEES,EQ,INF204KC1089,NIPPONAMC - NETFPHARMA,27.27,27.95,27.16,27.23,27.27,-0.15,5428430,147816146.42
2026-08-03,PHOENIXLTD,EQ,INE211B01039,THE PHOENIX MILLS LTD,1893.7,1955.0,1883.9,1955.0,1893.3,3.26,380365,743613575.0
2026-08-03,PICCADIL,EQ,INE546C01010,PICCADILY AGRO INDUSTRI L,742.45,755.0,727.3,752.0,733.85,2.47,299304,225076608.0
2026-08-03,PIDILITIND,EQ,INE318A01026,PIDILITE INDUSTRIES LTD,1623.0,1642.5,1622.0,1642.5,1611.4,1.93,653565,1073480512.5
2026-08-03,PIGL,EQ,INE557Z01018,POWER INSTRUMENT (G) LTD,104.32,113.71,103.56,110.83,104.32,6.24,121633,13480585.61
2026-08-03,PIIND,EQ,INE603J01030,PI INDUSTRIES LTD,2754.6,2845.0,2746.6,2793.0,2751.2,1.52,276209,771451737.0
2026-08-03,PILANIINVS,EQ,INE417C01014,PILANI INV & IND COR LTD,4302.9,4382.0,4302.9,4346.8,4302.9,1.02,794,3451359.04
2026-08-03,PILITA,EQ,INE600A01035,PIL ITALICA LIFESTYLE LTD,8.6,8.81,8.41,8.65,8.62,0.35,24611,212885.14
2026-08-03,PINELABS,EQ,INE15B701018,PINE LABS LIMITED,141.24,153.4,139.61,152.17,138.97,9.5,71026387,10808085179.74
2026-08-03,PIONEEREMB,EQ,INE156C01018,PIONEER EMBROIDERIES LTD,25.5,25.98,24.75,25.61,25.26,1.39,13245,339204.46
2026-08-03,PIRAMALFIN,EQ,INE202B01038,PIRAMAL FINANCE LIMITED,2066.4,2088.0,2025.0,2047.8,2055.5,-0.37,317656,650495972.31
2026-08-03,PITTIENG,EQ,INE450D01021,PITTI ENGINEERING LIMITED,925.0,935.9,920.5,928.4,924.5,0.42,39086,36287443.35
2026-08-03,PIXTRANS,EQ,INE751B01018,PIX TRANSMISSIONS LIMITED,1669.9,1729.2,1636.1,1701.1,1672.9,1.69,11302,19225831.92
2026-08-03,PLASTIBLEN,EQ,INE083C01022,PLASTIBLENDS INDIA LTD,187.01,191.8,187.01,190.61,186.14,2.4,34535,6582716.37
2026-08-03,PLATIND,EQ,INE0PT501018,PLATINUM INDUSTRIES LTD,227.05,231.18,225.0,225.53,225.89,-0.16,65731,14824312.35
2026-08-03,PLAZACABLE,EQ,INE0INJ01017,PLAZA WIRES LIMITED,42.0,44.4,42.0,44.01,42.45,3.67,22752,1001315.48
2026-08-03,PNB,EQ,INE160A01022,PUNJAB NATIONAL BANK,113.01,114.47,112.66,113.0,112.71,0.26,12088257,1365973041.0
2026-08-03,PNBGILTS,EQ,INE859A01011,PNB GILTS LIMITED,85.8,85.8,83.0,83.51,84.5,-1.17,316121,26399265.39
2026-08-03,PNBHOUSING,EQ,INE572E01012,PNB HOUSING FIN LTD.,1057.0,1094.5,1049.7,1090.0,1053.1,3.5,1194896,1302436640.0
2026-08-03,PNC,EQ,INE392B01011,PNC MEDIA AND ENT LTD,19.55,21.45,19.23,20.37,19.55,4.19,14848,302453.77
2026-08-03,PNCINFRA,EQ,INE195J01029,PNC INFRATECH LTD.,249.09,251.6,245.01,247.58,246.12,0.59,562424,139244934.95
2026-08-03,PNGJL,EQ,INE953R01016,P N GADGIL JEWELLERS LTD,670.3,679.5,655.0,658.05,670.3,-1.83,356967,234902129.99
2026-08-03,PNGSREVA,EQ,INE1RDG01013,PNGS REVA DIAMOND JEWEL L,428.1,444.7,426.85,443.25,428.1,3.54,144582,64085971.5
2026-08-03,POCL,EQ,INE063E01061,PONDY OXIDES & CHEM LTD,529.0,552.9,529.0,550.45,525.1,4.83,490666,270087105.69
2026-08-03,PODDARMENT,EQ,INE371C01013,PODDAR PIGMENTS LIMITED,265.0,265.25,250.3,251.55,261.61,-3.85,10592,2664417.63
2026-08-03,POKARNA,EQ,INE637C01025,POKARNA LIMITED,932.0,950.0,925.0,932.45,937.9,-0.58,42452,39584367.92
2026-08-03,POLICYBZR,EQ,INE417T01026,PB FINTECH LIMITED,1607.0,1650.0,1600.6,1650.0,1601.5,3.03,648291,1069680150.0
2026-08-03,POLYCAB,EQ,INE455K01017,POLYCAB INDIA LIMITED,9120.0,9150.0,9001.0,9034.0,9106.5,-0.8,154112,1392247808.0
2026-08-03,POLYMED,EQ,INE205C01021,POLY MEDICURE LIMITED,1723.5,1749.0,1704.8,1727.9,1702.0,1.52,98125,169550189.9
2026-08-03,POLYPLEX,EQ,INE633B01018,POLYPLEX CORPORATION LTD,1104.5,1114.5,1091.1,1094.8,1105.3,-0.95,60391,66116069.75
2026-08-03,PONNIERODE,EQ,INE838E01017,PONNIE SUGARS (ERODE) LTD,301.55,330.45,301.55,328.3,302.65,8.48,44920,14747235.45
2026-08-03,POONAWALLA,EQ,INE511C01022,POONAWALLA FINCORP LTD,468.0,474.4,464.7,471.9,463.55,1.8,855124,403533010.38
2026-08-03,POWERGRID,EQ,INE752E01010,POWER GRID CORP. LTD.,285.0,287.0,283.9,287.0,284.25,0.97,8749092,2510989404.0
2026-08-03,POWERICA,EQ,INE921L01032,POWERICA LIMITED,535.0,549.8,512.0,519.4,529.6,-1.93,297730,154640969.27
2026-08-03,POWERINDIA,EQ,INE07Y701011,HITACHI ENERGY INDIA LTD,32180.0,32380.0,31865.0,32000.0,32175.0,-0.54,57777,1848864000.0
2026-08-03,POWERMECH,EQ,INE211R01019,POWER MECH PROJECTS LTD.,2594.0,2627.9,2566.5,2593.0,2566.4,1.04,92494,239836942.0
2026-08-03,PPLPHARMA,EQ,INE0DK501011,PIRAMAL PHARMA LIMITED,196.36,202.95,193.03,199.28,195.61,1.88,7051612,1405245230.75
2026-08-03,PRABHA,EQ,INE0I0M01023,PRABHA ENERGY LIMITED,150.0,155.5,147.34,153.78,147.91,3.97,82791,12731599.88
2026-08-03,PRAENG,EQ,INE505C01016,PRAJAY ENG. SYN. LTD.,20.16,20.9,20.0,20.07,20.26,-0.94,33090,664116.29
2026-08-03,PRAJIND,EQ,INE074A01025,PRAJ INDUSTRIES LTD,314.95,317.95,313.45,315.05,311.9,1.01,381592,120220554.94
2026-08-03,PRAKASH,EQ,INE603A01013,PRAKASH INDUSTRIES LTD,124.0,126.5,124.0,125.5,123.4,1.7,229100,28752050.0
2026-08-03,PRAKASHSTL,EQ,INE696K01024,PRAKASH STEELAGE LTD,4.0,4.11,3.98,4.03,4.0,0.75,140048,564393.47
2026-08-03,PRAXIS,EQ,INE546Y01022,PRAXIS HOME RETAIL LTD,6.3,6.74,6.0,6.56,6.13,7.01,229975,1508635.99
2026-08-03,PRECAM,EQ,INE484I01029,PRECISION CAMSHAFTS LTD.,141.47,146.0,141.39,143.31,140.29,2.15,168272,24115059.91
2026-08-03,PRECOT,EQ,INE283A01014,PRECOT LIMITED,850.0,850.0,791.05,819.0,809.55,1.17,10974,8987706.0
2026-08-03,PRECWIRE,EQ,INE372C01037,PRECISION WIRES INDIA LTD,374.5,388.1,372.7,379.1,372.6,1.74,311874,118231435.3
2026-08-03,PREMEXPLN,EQ,INE863B01029,PREMIER EXPLOSIVES LTD,664.9,668.95,661.2,661.8,664.15,-0.35,104311,69033018.53
2026-08-03,PREMIERENE,EQ,INE0BS701011,PREMIER ENERGIES LIMITED,1027.3,1040.1,1020.7,1020.7,1022.2,-0.15,617990,630782400.54
2026-08-03,PREMIERPOL,EQ,INE309M01020,PREMIER POLYFILM LTD,67.6,75.8,67.6,73.56,69.78,5.42,748386,55051272.33
2026-08-03,PRESTIGE,EQ,INE811K01011,PRESTIGE ESTATE LTD,1620.0,1670.0,1610.5,1670.0,1616.2,3.33,349987,584478290.0
2026-08-03,PRICOLLTD,EQ,INE726V01018,PRICOL LIMITED,715.0,740.0,709.45,732.85,696.65,5.2,1638587,1200838442.95
2026-08-03,PRIMESECU,EQ,INE032B01021,PRIME SECURITIES LIMITED,277.1,281.5,275.35,277.45,276.9,0.2,39599,10986743.03
2026-08-03,PRIMO,EQ,INE607A01022,PRIMO CHEMICALS LIMITED,26.0,26.0,24.11,24.3,25.24,-3.72,158094,3841684.08
2026-08-03,PRINCEPIPE,EQ,INE689W01016,PRINCE PIPES FITTINGS LTD,262.0,270.0,262.0,263.4,264.0,-0.23,181389,47777861.49
2026-08-03,PRITI,EQ,INE974Z01015,PRITI INTERNATIONAL LTD,37.2,38.2,37.0,37.81,37.24,1.53,4152,156987.13
2026-08-03,PRIVISCL,EQ,INE959A01019,PRIVI SPECIALITY CHE LTD,3680.0,3680.0,3585.0,3597.0,3617.1,-0.56,103747,373177959.0
2026-08-03,PROSTARM,EQ,INE0BX301013,PROSTARM INFO SYSTEMS LTD,127.0,138.0,126.25,135.87,127.04,6.95,1483618,201579170.42
2026-08-03,PROTEAN,EQ,INE004A01022,PROTEAN EGOV TECHNO LTD,620.0,640.0,620.0,630.85,616.15,2.39,243186,153413882.16
2026-08-03,PROZONER,EQ,INE195N01013,PROZONE REALTY LIMITED,41.73,43.64,41.51,43.13,41.58,3.73,269992,11644755.25
2026-08-03,PRSMJOHNSN,EQ,INE010A01011,PRISM JOHNSON LIMITED,106.9,110.59,106.84,108.88,106.46,2.27,125836,13701023.33
2026-08-03,PRUDENT,EQ,INE00F201020,PRUDENT CORP ADV SER LTD,3319.8,3385.1,3270.1,3359.2,3292.0,2.04,27698,93043120.25
2026-08-03,PSB,EQ,INE608A01012,PUNJAB & SIND BANK,23.4,23.9,23.4,23.76,23.19,2.46,1577094,37471753.8
2026-08-03,PSPPROJECT,EQ,INE488V01015,PSP PROJECTS LIMITED,990.0,990.0,939.9,949.55,978.0,-2.91,147018,139600940.11
2026-08-03,PSUBANK,EQ,INF174KA1A86,KOTAK PSU BANK,83.95,85.5,83.33,84.54,83.65,1.06,448463,37913062.43
2026-08-03,PSUBANKADD,EQ,INF740KA1SY9,DSPAMC - DSPPSBKETF,84.45,86.22,84.45,85.42,84.46,1.14,61957,5292366.83
2026-08-03,PSUBNKBEES,EQ,INF204KB16I7,NIP IND ETF PSU BANK BEES,94.49,95.22,93.33,94.57,93.42,1.23,5391757,509898457.84
2026-08-03,PSUBNKIETF,EQ,INF109KC10S8,ICICIPRAMC - PSUBANKICI,85.14,86.5,84.53,85.6,84.77,0.98,201181,17221093.29
2026-08-03,PTC,EQ,INE877F01012,PTC INDIA LIMITED,176.21,182.2,175.9,180.11,175.52,2.62,4283556,771511273.77
2026-08-03,PTCIL,EQ,INE596F01018,PTC INDUSTRIES LIMITED,17776.0,18041.0,17776.0,17981.0,17737.0,1.38,8054,144818974.0
2026-08-03,PTL,EQ,INE034D01049,PTL ENTERPRISES LTD,39.99,40.05,39.4,39.77,39.42,0.89,50827,2021389.81
2026-08-03,PUNJABCHEM,EQ,INE277B01014,PUNJAB CHEM & CROP PROT L,1180.0,1180.0,1145.0,1151.9,1143.8,0.71,14842,17096500.16
2026-08-03,PURVA,EQ,INE323I01011,PURAVANKARA LIMITED,212.05,215.89,206.5,207.67,210.79,-1.48,264312,54889672.56
2026-08-03,PVP,EQ,INE362A01016,PVP VENTURES LIMITED,27.05,27.39,26.65,27.1,26.83,1.01,493615,13376966.69
2026-08-03,PVRINOX,EQ,INE191H01014,PVR INOX LIMITED,1142.9,1153.0,1131.5,1141.4,1130.6,0.96,583974,666547937.86
2026-08-03,PVSL,EQ,INE772T01024,POPULAR VEHICLES N SER L,110.2,112.14,106.15,107.19,108.51,-1.22,42496,4555146.34
2026-08-03,PVTBANIETF,EQ,INF109KC18U7,ICICIPRAMC - ICICIBANKP,28.1,28.14,27.9,28.05,27.75,1.08,3285922,92170109.59
2026-08-03,PVTBANK,EQ,INF174KA1A94,KOTAKMAMC - PVTBANK,27.72,27.92,27.5,27.86,27.5,1.31,15780,439630.81
2026-08-03,PVTBANKADD,EQ,INF740KA1TA7,DSPAMC - DSPPVBKETF,28.02,28.37,27.43,27.76,27.9,-0.5,1098199,30486004.49
2026-08-03,PVTBKGROWW,EQ,INF666M01OT5,GROWWAMC - PVTBKGROWW,27.84,27.94,27.51,27.79,27.5,1.05,14226,395340.55
2026-08-03,PWL,EQ,INE0LP301011,PHYSICSWALLAH LIMITED,125.2,129.09,123.85,126.03,124.89,0.91,4198871,529183707.0
2026-08-03,PYRAMID,EQ,INE0MIS01010,PYRAMID TECHNOPLAST LTD,185.97,188.0,183.34,184.97,181.12,2.13,58304,10784490.95
2026-08-03,QGOLDHALF,EQ,INF082J01408,QUANTUM GOLD ETF,117.96,117.99,116.06,117.47,117.38,0.08,247926,29123867.52
2026-08-03,QNIFTY,EQ,INF082J01499,QUANTUM NIFTY 50 ETF,274.0,274.0,268.87,270.54,268.61,0.72,3985,1078101.93
2026-08-03,QPOWER,EQ,INE0SII01026,QUALITY POWER ELEC EQUP L,1150.0,1185.0,1145.0,1158.0,1133.3,2.18,106482,123306156.0
2026-08-03,QUADFUTURE,EQ,INE0LRY01011,QUADRANT FUTURE TEK LTD,348.8,365.7,348.8,360.95,345.95,4.34,281272,101525131.83
2026-08-03,QUAL30IETF,EQ,INF109KC18V5,ICICIPRAMC - ICICIQTY30,21.58,21.61,21.37,21.6,21.39,0.98,161980,3498768.06
2026-08-03,QUALITY30,EQ,INF174KA1WT6,KOTAKMAMC - QUALITY30,20.94,21.23,20.94,21.22,20.94,1.34,12969,275202.17
2026-08-03,QUESS,EQ,INE615P01015,QUESS CORP LIMITED,335.95,349.5,331.85,345.05,332.55,3.76,1991991,687336470.23
2026-08-03,QUICKHEAL,EQ,INE306L01010,QUICK HEAL TECH LTD,153.0,160.0,153.0,159.3,152.88,4.2,93220,14849946.28
2026-08-03,RACE,EQ,INE084Q01012,RACE ECO CHAIN LIMITED,110.0,111.99,109.48,111.79,109.49,2.1,5364,599641.56
2026-08-03,RACLGEAR,EQ,INE704B01017,RACL GEARTECH LIMITED,1260.0,1295.0,1260.0,1291.3,1262.3,2.3,19888,25681375.37
2026-08-03,RADAAN,EQ,INE874F01027,RADAAN MEDIAWORKS (I) LTD,3.27,3.27,3.15,3.2,3.21,-0.31,7768,24857.6
2026-08-03,RADIANTCMS,EQ,INE855R01021,RADIANT CASH MGMT SER LTD,36.97,37.1,36.62,36.97,36.35,1.71,54912,2030096.71
2026-08-03,RADICO,EQ,INE944F01028,RADICO KHAITAN LTD,4350.8,4459.1,4349.9,4459.1,4340.8,2.73,352530,1571966557.43
2026-08-03,RADIOCITY,EQ,INE919I01024,MUSIC BROADCAST LIMITED,6.79,7.09,6.79,6.81,6.79,0.29,69178,471102.18
2026-08-03,RAILTEL,EQ,INE0DD101019,RAILTEL CORP OF IND LTD,284.3,293.7,283.15,292.25,284.5,2.72,1106898,323490940.5
2026-08-03,RAIN,EQ,INE855B01025,RAIN INDUSTRIES LIMITED,224.1,233.37,224.1,229.53,222.95,2.95,5596995,1284678255.52
2026-08-03,RAINBOW,EQ,INE961O01016,RAINBOW CHILDRENS MED LTD,1550.0,1574.8,1530.6,1545.6,1525.4,1.32,161412,249478383.26
2026-08-03,RAJMET,EQ,INE00KV01022,RAJNANDINI METAL LIMITED,3.27,3.35,3.27,3.31,3.27,1.22,197052,652242.11
2026-08-03,RAJPALAYAM,EQ,INE296E01026,RAJAPALAYAM MILLS LTD.,830.0,839.9,806.3,818.85,829.05,-1.23,1355,1109541.72
2026-08-03,RAJRATAN,EQ,INE451D01029,RAJRATAN GLOBAL WIRE LTD,500.0,518.0,497.05,513.5,495.0,3.74,154143,79152430.5
2026-08-03,RAJSREESUG,EQ,INE562B01019,RAJSHREE SUGAR & CHEMICAL,31.29,31.99,29.91,30.39,29.29,3.76,53084,1613222.73
2026-08-03,RAJTV,EQ,INE952H01027,RAJ TV NETWORK LTD,11.45,11.62,10.76,10.76,11.32,-4.95,281976,3034061.82
2026-08-03,RALLIS,EQ,INE613A01020,RALLIS INDIA LTD,218.5,220.96,216.61,217.82,217.14,0.31,863483,188083873.38
2026-08-03,RAMANEWS,EQ,INE278B01020,SHREE RAMA NEWSPRINT LTD,28.39,31.99,28.39,30.85,28.39,8.67,96270,2969929.54
2026-08-03,RAMAPHO,EQ,INE809A01032,RAMA PHOSPHATES LIMITED,131.99,134.9,126.67,130.91,128.48,1.89,89184,11675077.77
2026-08-03,RAMBHAJO,EQ,INE1SJO01012,ADVIT JEWELS LIMITED,180.3,189.49,178.64,183.76,178.32,3.05,280637,51569853.58
2026-08-03,RAMCOCEM,EQ,INE331A01037,THE RAMCO CEMENTS LIMITED,920.15,950.0,920.15,945.25,918.25,2.94,128262,121239655.5
2026-08-03,RAMCOIND,EQ,INE614A01028,RAMCO INDUSTRIES LIMITED,329.9,334.65,328.0,332.15,326.4,1.76,91714,30462804.54
2026-08-03,RAMCOSYS,EQ,INE246B01019,RAMCO SYSTEMS LTD.,585.9,588.95,561.3,563.95,580.9,-2.92,250501,141270042.01
2026-08-03,RAMKY,EQ,INE874I01013,RAMKY INFRA LTD,379.2,392.9,379.2,389.15,379.2,2.62,41901,16305773.89
2026-08-03,RAMRAT,EQ,INE207E01023,RAM RATNA WIRES LIMITED,439.0,444.45,424.0,429.95,448.5,-4.14,339219,145847213.19
2026-08-03,RANASUG,EQ,INE625B01014,RANA SUGARS LTD.,11.81,12.82,11.81,12.52,11.81,6.01,589199,7376771.75
2026-08-03,RANEHOLDIN,EQ,INE384A01010,RANE HOLDINGS LIMITED,1759.9,1888.0,1745.0,1872.6,1748.5,7.1,79892,149605757.25
2026-08-03,RATEGAIN,EQ,INE0CLI01024,RATEGAIN TRAVEL TECHN LTD,929.0,978.9,927.0,965.4,918.4,5.12,757521,731310791.89
2026-08-03,RATNAMANI,EQ,INE703B01027,RATNAMANI MET & TUB LTD.,2373.0,2424.3,2358.9,2371.8,2358.9,0.55,24944,59162180.42
2026-08-03,RATNAVEER,EQ,INE05CZ01011,RATNAVEER PRECISION ENG L,184.99,212.2,184.43,205.79,181.38,13.46,39358650,8099616319.25
2026-08-03,RAYMOND,EQ,INE301A01014,RAYMOND LTD,589.4,609.3,584.05,602.0,580.1,3.78,668558,402471916.0
2026-08-03,RAYMONDLSL,EQ,INE02ID01020,RAYMOND LIFESTYLE LIMITED,699.6,754.0,677.0,727.3,710.5,2.36,659709,479806347.65
2026-08-03,RAYMONDREL,EQ,INE1SY401010,RAYMOND REALTY LIMITED,650.0,677.85,646.35,669.75,643.1,4.14,300774,201443386.5
2026-08-03,RBA,EQ,INE07T201019,RESTAURANT BRAND ASIA LTD,67.0,71.4,67.0,70.76,66.64,6.18,5382951,380897624.26
2026-08-03,RBLBANK,EQ,INE976G01028,RBL BANK LIMITED,379.5,382.4,376.35,379.95,375.5,1.19,3413992,1297146302.07
2026-08-03,RCF,EQ,INE027A01015,RASHTRIYA CHEMICALS & FER,127.4,129.59,127.11,127.62,127.4,0.17,881041,112438454.84
2026-08-03,RECLTD,EQ,INE020B01018,REC LIMITED,374.0,376.7,367.05,368.1,372.95,-1.3,3512873,1293088572.74
2026-08-03,REDINGTON,EQ,INE891D01026,REDINGTON LIMITED,320.5,357.8,319.5,347.85,321.65,8.15,69118282,24042794815.56
2026-08-03,REDTAPE,EQ,INE0LXT01019,REDTAPE LIMITED,131.9,133.08,130.51,130.79,132.51,-1.3,148310,19397463.9
2026-08-03,REFEX,EQ,INE056I01025,REFEX INDUSTRIES LIMITED,309.0,311.0,304.0,306.8,302.8,1.32,360544,110614894.8
2026-08-03,REGAAL,EQ,INE0MHO01029,REGAAL RESOURCES LIMITED,82.99,85.97,82.99,85.97,81.88,5.0,229882,19762955.82
2026-08-03,REGENCERAM,EQ,INE277C01012,REGENCY CERAMICS LTD.,32.01,34.9,31.0,32.9,32.92,-0.06,6139,201973.11
2026-08-03,RELAXO,EQ,INE131B01039,RELAXO FOOT LTD.,405.0,414.7,403.05,408.7,403.95,1.18,208423,85182482.64
2026-08-03,RELCHEMQ,EQ,INE750D01016,RELIANCE CHEMOTEX IND LTD,122.1,127.5,122.1,124.83,123.03,1.46,2328,290604.24
2026-08-03,RELIABLE,EQ,INE375Y01018,RELIABLE DATA SERVICE LTD,144.75,147.49,140.5,146.37,139.74,4.74,83363,12201841.9
2026-08-03,RELIANCE,EQ,INE002A01018,RELIANCE INDUSTRIES LTD,1315.2,1319.0,1306.0,1319.0,1307.8,0.86,7508023,9903082337.0
2026-08-03,RELIGARE,EQ,INE621H01010,RELIGARE ENTER. LTD.,255.95,262.0,253.8,261.1,253.15,3.14,1464485,382377042.44
2026-08-03,RELTD,EQ,INE206N01018,RAVINDRA ENERGY LIMITED,169.87,170.79,164.5,166.81,167.98,-0.7,255178,42566241.56
2026-08-03,REMSONSIND,EQ,INE474C01023,REMSONS INDUSTRIES LTD,82.15,84.79,82.15,83.44,83.19,0.3,48460,4043502.52
2026-08-03,RENUKA,EQ,INE087H01022,SHREE RENUKA SUGARS LTD,21.77,22.69,21.75,22.33,21.87,2.1,8155897,182121179.39
2026-08-03,REPCOHOME,EQ,INE612J01015,REPCO HOME FINANCE LTD,385.9,390.8,385.0,385.95,385.1,0.22,72642,28036180.79
2026-08-03,REPRO,EQ,INE461B01014,REPRO INDIA LIMITED,378.85,405.0,377.5,398.7,378.65,5.3,64234,25610096.58
2026-08-03,RESPONIND,EQ,INE688D01026,RESPONSIVE INDUSTRIES LTD,171.6,175.0,171.6,173.3,171.6,0.99,84594,14660140.46
2026-08-03,RETAIL,EQ,INE03DD01011,JHS SVENDGAARD RETAIL V L,16.56,17.4,16.01,16.57,16.48,0.55,3428,56801.96
2026-08-03,RGL,EQ,INE722H01024,RENAISSANCE GLOBAL LTD,118.0,119.38,115.0,115.5,117.27,-1.51,354917,40992913.5
2026-08-03,RHETAN,EQ,INE0KKN01029,RHETAN TMT LIMITED,31.22,31.5,31.1,31.12,30.67,1.47,6489222,201944594.09
2026-08-03,RHIM,EQ,INE743M01012,RHI MAGNESITA INDIA LTD,390.0,419.35,390.0,412.25,388.55,6.1,1273074,524824756.5
2026-08-03,RHL,EQ,INE508K01013,ROBUST HOTELS LIMITED,174.0,174.0,168.8,172.99,168.5,2.66,1708,295466.93
2026-08-03,RICOAUTO,EQ,INE209B01025,RICO AUTO INDUSTRIES LTD,142.5,146.73,141.45,142.07,141.77,0.21,1456704,206953947.95
2026-08-03,RIIL,EQ,INE046A01015,RELIANCE INDUSTRIAL INFRA,747.0,755.05,740.1,746.85,742.6,0.57,45659,34100423.04
2026-08-03,RIR,EQ,INE302D01024,RIR POWER ELECTRONICS L,161.95,163.44,157.17,159.25,158.93,0.2,117095,18647378.75
2026-08-03,RISHABH,EQ,INE0N2P01017,RISHABH INSTRUMENTS LTD,619.1,662.05,617.75,650.2,610.55,6.49,201022,130704506.85
2026-08-03,RITCO,EQ,INE01EG01016,RITCO LOGISTICS LIMITED,295.7,306.0,293.0,301.25,291.7,3.27,268052,80750665.0
2026-08-03,RITES,EQ,INE320J01015,RITES LIMITED,214.9,221.32,214.9,219.31,214.09,2.44,785441,172255063.79
2026-08-03,RKDL,EQ,INE722J01012,RAVI KUMAR DIST. LTD.,19.8,19.8,18.5,19.14,19.74,-3.04,18391,352003.73
2026-08-03,RKEC,EQ,INE786W01010,RKEC PROJECTS LIMITED,26.21,26.93,26.2,26.4,26.03,1.42,7602,200692.8
2026-08-03,RKFORGE,EQ,INE399G01023,RAMKRISHNA FORGINGS LTD,659.7,684.7,642.35,681.15,651.15,4.61,3196714,2177441819.14
2026-08-03,RKSWAMY,EQ,INE0NQ801033,R K SWAMY LIMITED,102.39,104.38,101.02,101.98,102.39,-0.4,43302,4415938.11
2026-08-03,RMC,EQ,INE655V01019,RMC SWITCHGEARS LIMITED,254.85,299.8,245.4,292.15,251.1,16.35,272852,79713710.13
2026-08-03,RML,EQ,INE050H01012,RANE (MADRAS) LIMITED,1174.7,1237.0,1162.4,1210.8,1154.7,4.86,55286,66940291.5
2026-08-03,ROHLTD,EQ,INE283H01019,ROYAL ORCHID HOTELS LTD,316.3,317.6,312.65,313.8,312.85,0.3,14282,4481691.43
2026-08-03,ROLEXRINGS,EQ,INE645S01024,ROLEX RINGS LIMITED,139.06,141.7,137.65,139.1,136.95,1.57,975005,135623201.45
2026-08-03,ROML,EQ,INE294G01026,RAJ OIL MILLS LIMITED,43.58,45.99,43.58,45.0,44.41,1.33,770,34650.0
2026-08-03,ROSSARI,EQ,INE02A801020,ROSSARI BIOTECH LIMITED,505.95,511.0,500.6,508.25,504.3,0.78,57189,29066309.25
2026-08-03,ROSSELLIND,EQ,INE847C01020,ROSSELL INDIA LIMITED,59.79,60.4,57.71,58.74,57.55,2.07,26997,1585803.83
2026-08-03,ROSSTECH,EQ,INE0OJW01016,ROSSELL TECHSYS LIMITED,975.95,1086.75,966.0,1067.1,954.1,11.84,1333256,1422717445.05
2026-08-03,ROTO,EQ,INE535D01037,ROTO PUMPS LIMITED,67.99,68.45,67.1,67.48,67.47,0.01,233785,15775812.58
2026-08-03,ROUTE,EQ,INE450U01017,ROUTE MOBILE LIMITED,540.0,549.5,531.1,537.05,540.0,-0.55,488967,262599721.38
2026-08-03,RPEL,EQ,INE912T01018,RAGHAV PRODUCTIVITY ENH L,1215.0,1272.0,1208.1,1245.6,1216.3,2.41,50178,62501715.57
2026-08-03,RPGLIFE,EQ,INE105J01010,RPG LIFE SCIENCES LTD,2780.0,2819.5,2727.3,2756.8,2768.2,-0.41,14650,40387120.72
2026-08-03,RPOWER,EQ,INE614G01033,RELIANCE POWER LTD.,23.56,24.57,23.56,23.87,23.41,1.96,31020819,740466975.56
2026-08-03,RPPINFRA,EQ,INE324L01013,R.P.P INFRA PROJECTS LTD,59.1,61.19,59.1,59.93,60.16,-0.38,33550,2010651.51
2026-08-03,RPSGVENT,EQ,INE425Y01011,RPSG VENTURES LIMITED,931.0,964.85,931.0,952.3,935.25,1.82,32582,31027838.2
2026-08-03,RPTECH,EQ,INE0J1F01024,RASHI PERIPHERALS LIMITED,840.0,889.0,822.05,883.65,833.55,6.01,1212672,1071577642.41
2026-08-03,RRKABEL,EQ,INE777K01022,R R KABEL LIMITED,2634.0,2656.0,2605.1,2631.9,2602.8,1.12,287192,755860596.75
2026-08-03,RSL,EQ,INE313L01016,RAJPUTANA STAINLESS LTD,143.0,143.99,140.9,142.89,141.03,1.32,1421684,203144425.89
2026-08-03,RSSOFTWARE,EQ,INE165B01029,R. S. SOFTWARE (INDIA) LI,31.0,31.4,30.0,30.68,30.3,1.25,10487,321741.16
2026-08-03,RSYSTEMS,EQ,INE411H01032,R SYS INTERNATIONAL LTD,264.2,275.4,262.15,273.8,262.46,4.32,477441,130723339.97
2026-08-03,RTNINDIA,EQ,INE834M01019,RATTANINDIA ENT LIMITED,31.34,33.35,31.34,33.11,31.34,5.65,2634603,87231706.94
2026-08-03,RTNPOWER,EQ,INE399K01017,RATTANINDIA POWER LIMITED,8.75,8.95,8.67,8.8,8.71,1.03,18178783,159973293.87
2026-08-03,RUBFILA,EQ,INE642C01025,RUBFILA INTERNATIONAL LTD,71.25,72.24,71.0,71.45,71.25,0.28,11099,793023.52
2026-08-03,RUBICON,EQ,INE506V01022,RUBICON RESEARCH LIMITED,1501.2,1530.0,1490.0,1500.8,1491.0,0.66,93519,140353319.77
2026-08-03,RUBYMILLS,EQ,INE301D01026,THE RUBY MILLS LTD,382.0,382.0,368.0,369.75,373.0,-0.87,15691,5801747.25
2026-08-03,RUCHINFRA,EQ,INE413B01023,RUCHI INFRASTRUCTURE LTD,5.94,5.94,5.73,5.89,5.88,0.17,40821,240435.68
2026-08-03,RUCHIRA,EQ,INE803H01014,RUCHIRA PAPERS LIMITED,109.32,109.8,107.63,108.09,108.24,-0.14,37111,4011327.85
2026-08-03,RUDRA,EQ,INE027T01023,RUDRA GLOBAL INFRA PROD L,17.73,18.99,17.02,18.06,17.27,4.57,89942,1624352.47
2026-08-03,RUPA,EQ,INE895B01021,RUPA & COMPANY LTD,161.9,164.54,161.32,163.63,161.05,1.6,99599,16297384.86
2026-08-03,RUSHIL,EQ,INE573K01025,RUSHIL DECOR LIMITED,17.84,17.84,16.81,16.99,17.23,-1.39,538624,9151221.64
2026-08-03,RUSTOMJEE,EQ,INE263M01029,KEYSTONE REALTORS LIMITED,405.85,407.6,395.4,396.8,399.85,-0.76,48605,19286463.41
2026-08-03,RVHL,EQ,INE09E501017,RAVINDER HEIGHTS LIMITED,45.8,46.47,45.0,45.97,44.93,2.31,13469,619169.95
2026-08-03,RVNL,EQ,INE415G01027,RAIL VIKAS NIGAM LIMITED,225.7,234.7,225.7,232.9,225.48,3.29,8366055,1948454158.44
2026-08-03,RVTH,EQ,INE0DAB01012,REVATHI EQUIPMENT INDIA L,712.5,721.0,700.0,706.65,700.45,0.89,769,543413.87
2026-08-03,S&SPOWER,EQ,INE902B01017,S&S POWER SWITCHGEARS LTD,316.9,334.35,316.1,334.35,318.45,4.99,3578,1196304.32
2026-08-03,SAATVIKGL,EQ,INE13B501022,SAATVIK GREEN ENERGY LTD,433.55,442.0,433.55,437.8,433.55,0.98,36670,16054125.55
2026-08-03,SADBHAV,EQ,INE226H01026,SADBHAV ENGINEERING LTD,9.08,9.08,8.63,8.64,9.08,-4.85,351653,3038282.04
2026-08-03,SADBHIN,EQ,INE764L01010,SADBHAV INFRA PROJ LTD.,2.63,2.67,2.51,2.52,2.64,-4.55,288658,727418.15
2026-08-03,SAFARI,EQ,INE429E01023,SAFARI IND (INDIA) LTD,1559.7,1588.9,1504.0,1548.1,1559.6,-0.74,153429,237523431.15
2026-08-03,SAGARDEEP,EQ,INE976T01013,SAGARDEEP ALLOYS LIMITED,25.44,25.44,24.24,24.49,24.24,1.03,3300,80817.0
2026-08-03,SAGCEM,EQ,INE229C01021,SAGAR CEMENTS LIMITED,174.49,176.39,171.21,172.67,173.96,-0.74,37113,6408301.64
2026-08-03,SAGILITY,EQ,INE0W2G01015,SAGILITY LIMITED,43.5,44.58,43.11,43.88,43.4,1.11,18555073,814196623.06
2026-08-03,SAHLIBHFI,EQ,INE861D01011,SHALIBHADRA FINANCE LTD,81.0,81.0,78.46,78.52,78.09,0.55,330,25911.6
2026-08-03,SAHYADRI,EQ,INE280H01015,SAHYADRI INDUSTRIES LTD,314.0,332.85,313.75,326.9,303.6,7.67,34936,11420578.19
2026-08-03,SAIL,EQ,INE114A01011,STEEL AUTHORITY OF INDIA,170.6,172.7,165.0,165.0,169.03,-2.38,12154369,2005470885.0
2026-08-03,SAILIFE,EQ,INE570L01029,SAI LIFE SCIENCES LIMITED,1325.0,1350.0,1315.2,1333.4,1315.1,1.39,316024,421386409.32
2026-08-03,SAIPARENT,EQ,INE0H9F01037,SAI PARENTERALS LIMITED,551.7,560.0,546.0,554.55,547.5,1.29,73640,40837061.1
2026-08-03,SAKAR,EQ,INE732S01012,SAKAR HEALTHCARE LIMITED,908.7,944.0,894.05,922.5,885.25,4.21,181604,167529690.0
2026-08-03,SAKHTISUG,EQ,INE623A01011,SAKTHI SUGARS LTD,17.15,17.5,17.0,17.44,16.89,3.26,115918,2021609.98
2026-08-03,SAKSOFT,EQ,INE667G01023,SAKSOFT LIMITED,171.8,177.39,170.0,176.57,169.3,4.29,1129208,199384264.83
2026-08-03,SAKUMA,EQ,INE190H01024,SAKUMA EXPORTS LIMITED,1.63,1.67,1.63,1.64,1.64,0.0,629153,1031810.91
2026-08-03,SALASAR,EQ,INE170V01027,SALASAR TECHNO ENGG. LTD.,5.88,6.03,5.86,5.9,5.84,1.03,4405746,25993901.82
2026-08-03,SALONA,EQ,INE498E01010,SALONA COTSPIN LTD.,244.02,252.96,243.9,248.06,243.9,1.71,965,239377.9
2026-08-03,SALSTEEL,EQ,INE658G01014,S.A.L. STEEL LTD.,58.92,58.92,56.11,57.69,57.56,0.23,71609,4131123.11
2026-08-03,SALZERELEC,EQ,INE457F01013,SALZER ELECTRONICS LTD,589.4,596.7,586.4,591.3,581.9,1.62,41938,24797938.89
2026-08-03,SAMBHAAV,EQ,INE699B01027,SAMBHAAV MEDIA LTD,6.55,6.82,6.39,6.58,6.36,3.46,21777,143292.66
2026-08-03,SAMBHV,EQ,INE12NJ01018,SAMBHV STEEL TUBES LTD,122.07,123.55,119.0,119.96,120.06,-0.08,1664182,199635271.2
2026-08-03,SAMHI,EQ,INE08U801020,SAMHI HOTELS LIMITED,179.9,184.75,178.32,181.68,179.84,1.02,777492,141254740.87
2026-08-03,SAMMAANCAP,EQ,INE148I01020,SAMMAAN CAPITAL LIMITED,163.0,166.1,160.63,161.08,162.43,-0.83,6896585,1110901924.43
2026-08-03,SAMPANN,EQ,INE735M01018,SAMPANN UTPADAN INDIA LTD,26.82,27.69,26.82,27.14,26.56,2.18,19084,517939.75
2026-08-03,SANATHAN,EQ,INE0JPD01013,SANATHAN TEXTILES LIMITED,477.5,494.0,467.0,484.8,474.95,2.07,74544,36138930.29
2026-08-03,SANDESH,EQ,INE583B01015,SANDESH LTD,978.15,992.0,973.0,989.6,978.15,1.17,501,495789.59
2026-08-03,SANDHAR,EQ,INE278H01035,SANDHAR TECHNOLOGIES LTD,632.8,658.0,620.6,647.95,626.8,3.37,597937,387433286.45
2026-08-03,SANDUMA,EQ,INE149K01016,SANDUR MANG & IRON ORES L,214.0,215.86,210.5,212.05,212.84,-0.37,507588,107634036.95
2026-08-03,SANGAMIND,EQ,INE495C01010,SANGAM (INDIA) LTD,620.0,622.6,602.8,609.5,609.9,-0.07,20611,12562404.5
2026-08-03,SANGHVIMOV,EQ,INE989A01032,SANGHVI MOVERS LTD,414.95,457.0,412.55,437.5,409.8,6.76,1799166,787135125.0
2026-08-03,SANOFI,EQ,INE058A01010,SANOFI INDIA LIMITED,3330.0,3407.5,3330.0,3381.8,3318.0,1.92,60108,203273237.33
2026-08-03,SANOFICONR,EQ,INE0UOS01011,SANOFI CONS HEALTHC IND L,4619.0,4659.0,4515.0,4539.5,4611.2,-1.55,4422,20073669.0
2026-08-03,SANSERA,EQ,INE953O01021,SANSERA ENGINEERING LTD,3378.0,3471.0,3358.3,3452.7,3346.9,3.16,174571,602741283.18
2026-08-03,SANSTAR,EQ,INE08NE01025,SANSTAR LIMITED,115.0,123.99,115.0,116.85,111.75,4.56,2123607,248143474.71
2026-08-03,SAPPHIRE,EQ,INE806T01020,SAPPHIRE FOODS INDIA LTD,184.75,188.5,182.06,187.48,185.11,1.28,464853,87150638.45
2026-08-03,SARDAEN,EQ,INE385C01021,SARDA ENERGY & MIN LTD,523.0,538.0,515.2,516.2,516.6,-0.08,542580,280079802.62
2026-08-03,SAREGAMA,EQ,INE979A01025,SAREGAMA INDIA LIMITED,522.85,532.9,508.1,514.2,522.85,-1.65,363206,186760529.63
2026-08-03,SARLAPOLY,EQ,INE453D01025,SARLA PERF. FIBERS LTD,98.4,102.5,98.21,101.51,98.87,2.67,41222,4184445.31
2026-08-03,SARVESHWAR,EQ,INE324X01026,SARVESHWAR FOODS LIMITED,3.46,3.5,3.36,3.38,3.38,0.0,1074130,3630559.52
2026-08-03,SASKEN,EQ,INE231F01020,SASKEN TECHNOLOGIES LTD,1902.3,1902.3,1902.3,1902.3,1811.8,5.0,7255,13801186.85
2026-08-03,SATIA,EQ,INE170E01023,SATIA INDUSTRIES LIMITED,61.75,63.15,61.03,62.5,61.75,1.21,49149,3071812.5
2026-08-03,SATIN,EQ,INE836B01017,SATIN CREDIT NET LTD,239.0,240.0,230.2,230.7,239.81,-3.8,1031247,237908679.75
2026-08-03,SAURASHCEM,EQ,INE626A01014,SAURASHTRA CEMENT LIMITED,60.0,61.9,59.31,60.14,60.38,-0.4,124767,7503487.3
2026-08-03,SAYAJIHOTL,EQ,INE318C01014,SAYAJI HOTELS LTD.,304.75,304.75,296.0,304.75,290.25,5.0,700,213325.0
2026-08-03,SBC,EQ,INE04AK01028,SBC EXPORTS LIMITED,42.26,42.4,40.61,41.99,42.01,-0.05,7304193,306703076.33
2026-08-03,SBCL,EQ,INE386D01027,SHIVALIK BIMETAL CON. LTD,752.9,769.4,747.0,763.45,749.45,1.87,213225,162786628.85
2026-08-03,SBFC,EQ,INE423Y01016,SBFC FINANCE LIMITED,90.4,92.35,90.26,92.08,90.4,1.86,1319954,121541366.74
2026-08-03,SBGLP,EQ,INE05ST01028,SURATWWALA BUS GROUP LTD,25.44,26.99,25.0,25.55,25.44,0.43,31067,793761.83
2026-08-03,SBIBPB,EQ,INF200KB1712,SBIAMC - SBIBPB,48.68,49.41,48.21,48.98,48.08,1.87,111890,5480372.15
2026-08-03,SBICARD,EQ,INE018E01016,SBI CARDS & PAY SER LTD,661.0,674.2,658.45,665.05,660.15,0.74,816319,542892940.99
2026-08-03,SBIETFCON,EQ,INF200KA1X17,SBIAMC - SBIETFCON,124.7,127.15,122.0,124.4,124.87,-0.38,9780,1216632.01
2026-08-03,SBIETFIT,EQ,INF200KA1S14,SBIAMC - SBIETFIT,340.51,352.0,336.0,349.87,340.51,2.75,19113,6687065.22
2026-08-03,SBIETFPB,EQ,INF200KA1S22,SBIAMC - SBIETFPB,285.48,285.48,281.92,283.58,280.43,1.12,33884,9608824.27
2026-08-03,SBIETFQLTY,EQ,INF200KA1WX6,SBIAMC - SBIETFQLTY,225.74,227.85,225.74,226.27,225.59,0.3,2673,604819.72
2026-08-03,SBIFUNDS,EQ,INE640G01020,SBI FUNDS MANAGEMENT LTD,591.0,592.9,583.2,588.05,589.15,-0.19,2624696,1543452450.76
2026-08-03,SBILIFE,EQ,INE123W01016,SBI LIFE INSURANCE CO LTD,1899.0,1915.0,1882.8,1915.0,1882.0,1.75,885610,1695943150.0
2026-08-03,SBILIQETF,EQ,INF200KB1969,SBIAMC - SBILIQETF,1050.19,1050.21,1050.19,1050.21,1050.07,0.01,15826,16620622.84
2026-08-03,SBIN,EQ,INE062A01020,STATE BANK OF INDIA,1035.0,1051.5,1031.6,1045.0,1027.4,1.71,10507450,10980285250.0
2026-08-03,SBINEQWETF,EQ,INF200KB1282,SBIAMC - SBINEQWETF,34.0,34.35,33.73,34.25,33.84,1.21,92053,3152815.25
2026-08-03,SBINMID150,EQ,INF200KB1AK8,SBIAMC - SBINMID150,23.64,23.7,23.23,23.43,23.23,0.86,12408,290719.44
2026-08-03,SBISILVER,EQ,INF200KB1217,SBIAMC - SBISILVER,212.0,213.39,211.09,211.66,211.64,0.01,613860,129929609.85
2026-08-03,SBISMLETF,EQ,INF200KB1AY9,SBIAMC - SBISMLETF,18.2,18.35,17.88,18.17,17.88,1.62,29714,539903.38
2026-08-03,SBIVALETF,EQ,INF200KB1AX1,SBIAMC - SBIVALETF,15.04,15.16,15.04,15.11,14.97,0.94,5548,83830.28
2026-08-03,SCHAEFFLER,EQ,INE513A01022,SCHAEFFLER INDIA LIMITED,4079.2,4138.4,3978.5,4069.2,4079.2,-0.25,35057,142653942.69
2026-08-03,SCHAND,EQ,INE807K01035,S CHAND AND COMPANY LTD,146.0,146.61,143.04,144.7,142.74,1.37,24392,3529522.33
2026-08-03,SCHNEIDER,EQ,INE839M01018,SCHNEIDER ELECTRIC INFRA,1370.0,1378.5,1339.5,1346.1,1355.3,-0.68,198032,266570870.37
2026-08-03,SCI,EQ,INE109A01011,SHIPPING CORP OF INDIA LT,294.0,295.75,290.7,292.65,291.45,0.41,1989074,582102493.96
2026-08-03,SCILAL,EQ,INE0PB301013,SHIPPING CORP OF ILA LTD,41.21,42.5,41.21,41.89,41.19,1.7,203515,8525243.23
2026-08-03,SCODATUBES,EQ,INE090501011,SCODA TUBES LIMITED,147.0,151.97,146.22,150.82,146.4,3.02,166875,25168088.72
2026-08-03,SDBL,EQ,INE480C01038,SOM DIST & BREW LTD,72.15,72.69,71.01,71.41,71.91,-0.7,382704,27328894.04
2026-08-03,SEAMECLTD,EQ,INE497B01018,SEAMEC LIMITED,1498.0,1520.0,1430.0,1457.2,1462.3,-0.35,81786,119178555.21
2026-08-03,SECMARK,EQ,INE0BTM01013,SECMARK CONSULTANCY LTD,127.63,127.7,122.0,124.46,127.0,-2.0,1074,133670.04
2026-08-03,SECURKLOUD,EQ,INE650K01021,SECUREKLOUD TECH LIMITED,18.0,18.0,17.52,17.83,18.07,-1.33,14675,261655.25
2026-08-03,SEDEMAC,EQ,INE00XB01019,SEDEMAC MECHATRONICS LTD,2749.3,2900.0,2697.8,2752.1,2684.4,2.52,353233,972132573.8
2026-08-03,SEJALLTD,EQ,INE955I01044,SEJAL GLASS LIMITED,721.0,790.1,717.5,742.55,755.25,-1.68,21053,15632904.89
2026-08-03,SELECTIPO,EQ,INF769K01ON4,MIRAEAMC - SELECTIPO,47.85,47.85,47.22,47.57,46.91,1.41,75449,3589108.91
2026-08-03,SEMAC,EQ,INE617A01013,SEMAC CONSTRUCTION LTD,312.0,323.85,305.1,311.7,311.4,0.1,1402,437003.42
2026-08-03,SENCO,EQ,INE602W01027,SENCO GOLD LIMITED,408.9,408.9,366.5,388.1,403.2,-3.75,1410396,547374696.21
2026-08-03,SENORES,EQ,INE0RB801010,SENORES PHARMACEUTICALS L,1326.6,1364.4,1312.1,1355.3,1305.7,3.8,198818,269458045.11
2026-08-03,SENSEXADD,EQ,INF740KA1SZ6,DSPAMC - DSPSENXETF,78.35,81.32,78.35,81.11,80.36,0.93,1702,138049.22
2026-08-03,SENSEXAXIS,EQ,INF846K010Q0,AXISAMC-SENSEXAXIS,82.69,82.7,80.01,81.0,81.07,-0.09,3300,267300.0
2026-08-03,SENSEXBETA,EQ,INF789FB1X58,UTIAMC-SENSEXBETA,866.0,876.0,860.05,864.44,863.29,0.13,1579,1364950.76
2026-08-03,SENSEXETF,EQ,INF769K01KT9,MIRAEAMC - SENSEXETF,80.8,81.69,80.8,81.25,80.45,0.99,48270,3921937.5
2026-08-03,SENSEXIETF,EQ,INF346A01034,ICICI PRUD SENSEX ETF,901.1,905.9,884.41,898.76,896.51,0.25,27386,24613441.63
2026-08-03,SEPC,EQ,INE964H01014,SEPC LIMITED,6.0,6.04,5.96,6.02,5.92,1.69,6046035,36397130.58
2026-08-03,SERVOTECH,EQ,INE782X01033,SERVOTECH REN POW SYS LTD,87.1,87.96,84.81,85.75,85.88,-0.15,853663,73201602.25
2026-08-03,SESHAPAPER,EQ,INE630A01024,SESHASAYEE PAPER & BOARDS,243.0,245.0,234.2,237.87,243.11,-2.16,126507,30092219.47
2026-08-03,SETF10GILT,EQ,INF200KA1JT1,SBIAMC - SETF10GILT,264.42,265.82,263.27,263.97,264.42,-0.17,6833,1803707.02
2026-08-03,SETFGOLD,EQ,INF200KA16D8,SBI-ETF GOLD,123.86,123.86,120.59,121.03,120.84,0.16,7727223,935225790.26
2026-08-03,SETFNIF50,EQ,INF200KA1FS1,SBI-ETF NIFTY 50,263.7,265.0,263.4,264.58,262.43,0.82,1715511,453889877.34
2026-08-03,SETFNIFBK,EQ,INF200KA1580,SBI-ETF NIFTY BANK,588.4,595.3,588.4,594.08,588.0,1.03,282537,167849585.79
2026-08-03,SETFNN50,EQ,INF200KA1598,SBI-ETF NIFTY NEXT 50,793.0,798.0,793.0,795.3,789.27,0.76,28634,22772619.85
2026-08-03,SETL,EQ,INE0M4D01010,STANDARD ENGNG TCNLGY LTD,276.95,282.7,275.3,278.55,275.1,1.25,223337,62210518.62
2026-08-03,SFL,EQ,INE916U01025,SHEELA FOAM LIMITED,784.05,797.0,784.05,790.75,783.8,0.89,92503,73146747.25
2026-08-03,SGFIN,EQ,INE618R01015,SG FINSERVE LIMITED,686.0,713.85,680.7,702.6,682.25,2.98,367008,257859811.84
2026-08-03,SGIL,EQ,INE00QT01015,SYNERGY GREEN IND. LTD,615.0,625.3,590.0,592.2,602.5,-1.71,8367,4954937.5
2026-08-03,SGL,EQ,INE353H01010,STL GLOBAL LIMITED,10.02,10.12,9.7,9.88,9.82,0.61,1960,19364.8
2026-08-03,SGMART,EQ,INE385F01024,SG MART LIMITED,705.0,707.0,685.1,699.25,697.35,0.27,229145,160229641.25
2026-08-03,SHADOWFAX,EQ,INE12UN01015,SHADOWFAX TECHNOLOGIES L,253.09,261.5,237.15,240.78,242.9,-0.87,29699377,7151015957.81
2026-08-03,SHAH,EQ,INE482J01021,SHAH METACORP LIMITED,3.96,4.08,3.92,4.01,3.84,4.43,1845572,7400744.14
2026-08-03,SHAILY,EQ,INE151G01028,SHAILY ENG PLASTICS LTD,3065.0,3096.6,3034.8,3056.0,3061.4,-0.18,104738,320079328.0
2026-08-03,SHAKTIPUMP,EQ,INE908D01010,SHAKTI PUMPS (I) LTD,525.5,526.95,517.05,518.8,520.4,-0.31,540773,280553025.8
2026-08-03,SHALBY,EQ,INE597J01018,SHALBY LIMITED,161.9,166.04,161.9,163.84,161.3,1.57,55574,9105243.96
2026-08-03,SHANKARA,EQ,INE274V01019,SHANKARA BLDG PRODUCT LTD,143.3,144.9,141.1,141.92,141.87,0.04,608991,86428001.6
2026-08-03,SHANTI,EQ,INE933X01016,SHANTI OVERSEAS INDIA LTD,6.87,7.5,6.67,6.9,6.67,3.45,35474,244770.6
2026-08-03,SHANTIGEAR,EQ,INE631A01022,SHANTHI GEARS LTD,414.8,421.05,413.0,415.0,412.3,0.65,13852,5748580.0
2026-08-03,SHANTIGOLD,EQ,INE06ZD01017,SHANTI GOLD INTERNATION L,224.88,224.88,218.68,219.49,217.29,1.01,632833,138900866.27
2026-08-03,SHARDACROP,EQ,INE221J01015,SHARDA CROPCHEM LTD.,825.0,849.0,817.1,826.15,819.75,0.78,354204,292625643.25
2026-08-03,SHARDAMOTR,EQ,INE597I01028,SHARDA MOTOR INDS LTD,871.3,916.0,871.3,912.3,871.3,4.71,93432,85238012.46
2026-08-03,SHAREINDIA,EQ,INE932X01026,SHARE IND. SECURITIES LTD,178.7,182.07,177.07,180.74,178.48,1.27,406589,73486898.09
2026-08-03,SHARIABEES,EQ,INF732E01128,NIP IND ETF SHARIAH BEES,475.25,478.28,470.0,474.65,470.54,0.87,10908,5177482.13
2026-08-03,SHILCTECH,EQ,INE024F01011,SHILCHAR TECHNOLOGIES LTD,4582.0,4735.0,4582.0,4682.5,4580.5,2.23,25924,121389130.0
2026-08-03,SHILPAMED,EQ,INE790G01031,SHILPA MEDICARE LTD,616.1,629.75,614.1,623.55,611.25,2.01,477775,297916595.42
2026-08-03,SHIVALIK,EQ,INE788J01021,SHIVALIK RASAYAN LIMITED,248.3,258.4,247.05,250.28,247.21,1.24,32229,8066274.08
2026-08-03,SHIVAMAUTO,EQ,INE637H01024,SHIVAM AUTO.LTD,17.64,18.0,17.64,17.64,18.0,-2.0,6421,113266.44
2026-08-03,SHIVAMILLS,EQ,INE644Y01017,SHIVA MILLS LIMITED,61.02,61.62,58.21,60.31,61.02,-1.16,73,4402.63
2026-08-03,SHIVATEX,EQ,INE705C01020,SHIVA TEXYARN LIMITED,165.0,166.66,163.02,163.57,164.24,-0.41,676,110573.32
2026-08-03,SHIVAUM,EQ,INE719F01016,SHIV AUM STEELS LIMITED,440.1,449.4,426.0,428.05,440.95,-2.93,5702,2440741.03
2026-08-03,SHK,EQ,INE500L01026,S H KELKAR AND CO. LTD.,166.4,167.99,165.03,166.54,164.59,1.18,429687,71560070.1
2026-08-03,SHOPERSTOP,EQ,INE498B01024,SHOPPERS STOP LIMITED,388.6,411.95,380.0,403.35,389.6,3.53,85036,34299271.12
2026-08-03,SHRADHA,EQ,INE715Y01031,SHRADHA REALTY LIMITED,34.19,35.25,32.7,33.86,33.86,0.0,34507,1168407.04
2026-08-03,SHREDIGCEM,EQ,INE232A01011,SHREE DIGVIJAY CEM CO LTD,71.7,74.49,71.7,73.93,72.31,2.24,49567,3664488.33
2026-08-03,SHREECEM,EQ,INE070A01015,SHREE CEMENT LIMITED,26150.0,27000.0,26110.0,27000.0,26055.0,3.63,33488,904176000.0
2026-08-03,SHREEJISPG,EQ,INE1B6101010,SHREEJI SHIPPING GLOBAL L,648.95,673.0,648.95,666.55,645.35,3.29,525755,350441988.83
2026-08-03,SHREEPUSHK,EQ,INE712K01011,SHRE PUSH CHEM & FERT LTD,396.75,408.0,396.0,405.85,396.75,2.29,33426,13565942.3
2026-08-03,SHREERAMA,EQ,INE879A01019,SHREE RAMA MULTI TECH LTD,39.39,40.78,39.29,40.36,39.17,3.04,47303,1909149.11
2026-08-03,SHREYANIND,EQ,INE231C01019,SHREYANS INDUSTRIES LTD,139.32,144.78,137.11,141.88,139.32,1.84,5323,755227.27
2026-08-03,SHRINGARMS,EQ,INE1B3L01017,SHRINGAR HOU OF MANGALS L,225.01,232.4,225.01,229.85,222.84,3.15,786356,180743931.4
2026-08-03,SHRIPISTON,EQ,INE526E01018,SPR AUTO TECHNOLOGIES LTD,4441.0,4547.0,4430.4,4524.4,4395.2,2.94,66253,299755066.73
2026-08-03,SHRIRAMFIN,EQ,INE721A01047,SHRIRAM FINANCE LIMITED,1058.0,1095.0,1051.6,1090.2,1046.7,4.16,7047761,7683468698.07
2026-08-03,SHRIRAMPPS,EQ,INE217L01019,SHRIRAM PROPERTIES LTD,84.72,86.0,84.48,85.65,84.03,1.93,174452,14941814.07
2026-08-03,SHYAMMETL,EQ,INE810G01011,SHYAM METALICS AND ENGY L,1041.8,1044.8,1017.5,1025.1,1031.3,-0.6,477723,489713835.64
2026-08-03,SHYAMTEL,EQ,INE635A01023,SHYAM TELECOM LIMITED,16.21,17.1,16.21,17.1,16.29,4.97,6547,111953.7
2026-08-03,SICAGEN,EQ,INE176J01011,SICAGEN INDIA LIMITED,49.71,50.48,48.5,49.97,49.71,0.52,6976,348590.73
2026-08-03,SIEMENS,EQ,INE003A01024,SIEMENS LTD,3741.7,3905.0,3694.2,3900.0,3760.0,3.72,609663,2377685700.0
2026-08-03,SIGACHI,EQ,INE0D0K01022,SIGACHI INDUSTRIES LTD,24.63,27.0,24.63,26.61,25.92,2.66,1507634,40118141.66
2026-08-03,SIGMA,EQ,INE0A0S01028,SIGMA SOLVE LIMITED,53.0,53.98,49.75,50.24,54.98,-8.62,1362441,68449038.13
2026-08-03,SIGNATURE,EQ,INE903U01023,SIGNATUREGLOBAL INDIA LTD,824.8,838.0,822.15,833.65,820.45,1.61,243726,203182185.85
2026-08-03,SIGNPOST,EQ,INE0KGZ01021,SIGNPOST INDIA LIMITED,283.6,288.05,275.35,280.0,283.55,-1.25,146187,40932360.0
2026-08-03,SIL,EQ,INE173A01025,STANDARD INDUSTRIES LTD.,16.89,17.08,16.33,16.95,16.77,1.07,22031,373425.47
2026-08-03,SILGO,EQ,INE01II01013,SILGO RETAIL LIMITED,69.94,70.69,68.67,69.79,69.94,-0.21,214160,14946226.6
2026-08-03,SILINV,EQ,INE923A01015,SIL INVESTMENTS LIMITED,419.0,430.0,419.0,427.6,418.05,2.28,1022,437007.21
2026-08-03,SILVER,EQ,INF209KB19F6,BIRLASLAMC - SILVER,217.99,217.99,215.1,215.54,215.6,-0.03,618961,133410849.78
2026-08-03,SILVER1,EQ,INF174KA1ZD3,KOTAKMAMC - KOTAKSILVE,20.97,21.14,20.91,20.95,20.96,-0.05,4005765,83920779.81
2026-08-03,SILVERADD,EQ,INF740KA1ZQ0,DSPAMC - DSPSILVETF,20.79,20.98,20.74,20.79,20.81,-0.11,1312850,27288899.18
2026-08-03,SILVERAG,EQ,INF769K01KG6,MIRAEAMC - MASILVER,210.38,211.99,209.77,210.34,210.31,0.01,124705,26230449.24
2026-08-03,SILVERAXIS,EQ,INF846K011K1,AXISAMC-SILVERAXIS,215.41,216.55,214.2,214.72,214.71,0.0,166495,35749806.6
2026-08-03,SILVERBEES,EQ,INF204KC1402,NIPPONAMC - NETFSILVER,206.55,208.2,206.0,206.45,206.51,-0.03,18831765,3887817826.78
2026-08-03,SILVERBETA,EQ,INF789F1AYK6,UTIAMC-SILVERBETA,208.71,210.3,208.05,208.42,208.68,-0.12,202123,42126475.29
2026-08-03,SILVERBND,EQ,INF194KB1KI9,BANDHANAMC - SILVERBND,217.87,218.47,212.01,216.89,216.79,0.05,3341,724629.49
2026-08-03,SILVERCASE,EQ,INF0R8F01091,ZERODHAAMC - SILVERCASE,22.32,22.4,21.83,21.86,21.88,-0.09,5815085,127117761.65
2026-08-03,SILVERIETF,EQ,INF109KC1Y56,ICICIPRAMC - ICICISILVE,217.19,217.3,214.92,215.46,215.72,-0.12,2136953,460427907.73
2026-08-03,SILVERTUC,EQ,INE625X01026,SILVER TOUCH TECHNO LTD,202.0,207.7,192.25,197.38,201.79,-2.19,699145,137997243.51
2026-08-03,SIMPLEXINF,EQ,INE059B01024,SIMPLEX INFRASTRUCTURES L,235.75,239.89,234.0,235.64,236.35,-0.3,57252,13490861.25
2026-08-03,SINCLAIR,EQ,INE985A01022,SINCLAIRS HOTELS LIMITED,71.61,75.45,71.61,74.69,72.86,2.51,29359,2192823.78
2026-08-03,SINDHUTRAD,EQ,INE325D01025,SINDHU TRADE LINKS LTD,24.96,24.96,24.42,24.5,24.41,0.37,137842,3377129.0
2026-08-03,SINGERIND,EQ,INE638A01035,SINGER INDIA LIMITED,65.98,66.43,64.55,64.9,64.78,0.19,18711,1214343.93
2026-08-03,SINTERCOM,EQ,INE129Z01016,SINTERCOM INDIA LIMITED,83.0,87.0,83.0,86.99,83.69,3.94,15200,1322247.97
2026-08-03,SIRCA,EQ,INE792Z01011,SIRCA PAINT INDIA LIMITED,425.0,436.0,422.45,430.7,420.45,2.44,458544,197494906.4
2026-08-03,SIS,EQ,INE285J01028,SIS LIMITED,424.5,429.75,422.55,425.1,422.4,0.64,66651,28333340.51
2026-08-03,SIYSIL,EQ,INE076B01028,SIYARAM SILK MILLS LTD,611.35,634.0,605.75,629.3,602.3,4.48,128794,81050062.63
2026-08-03,SJS,EQ,INE284S01014,SJS ENTERPRISES LIMITED,2430.2,2498.9,2410.0,2483.4,2391.7,3.83,155365,385833425.83
2026-08-03,SJVN,EQ,INE002L01015,SJVN LTD,69.2,70.43,69.01,69.42,68.62,1.17,2713188,188349505.99
2026-08-03,SKFINDIA,EQ,INE640A01023,SKF INDIA LTD,1489.6,1513.8,1482.2,1506.5,1479.6,1.82,49615,74744997.5
2026-08-03,SKFINDUS,EQ,INE2J8701016,SKF IND (INDUSTRIAL) LTD,2780.0,2788.2,2679.9,2697.7,2739.9,-1.54,24922,67232078.18
2026-08-03,SKIPPER,EQ,INE439E01022,SKIPPER LIMITED,533.9,555.0,531.6,549.15,527.75,4.05,755981,415146984.61
2026-08-03,SKMEGGPROD,EQ,INE411D01023,SKM EGG PROD EXPORT(I) LT,249.85,249.85,241.0,242.33,249.85,-3.01,636187,154167196.87
2026-08-03,SKYGOLD,EQ,INE01IU01018,SKY GOLD AND DIAMONDS LTD,649.0,700.0,649.0,691.85,643.7,7.48,1001359,692790199.7
2026-08-03,SMALL250,EQ,INF769K01PQ4,MIRAEAMC - SMALL250,18.04,18.5,18.02,18.28,17.97,1.73,678931,12410859.15
2026-08-03,SMALLADD,EQ,INF740KA1WX3,DSPAMC - SMALLADD,18.09,18.31,18.09,18.27,18.06,1.16,30591,558897.58
2026-08-03,SMALLCAP,EQ,INF769K01LC3,MIRAEAMC - SMALLCAP,46.83,47.68,46.3,47.4,46.83,1.22,1681432,79699879.37
2026-08-03,SMALLGROWW,EQ,INF666M01PG9,GROWWAMC - SMALLGROWW,47.36,47.7,46.71,47.56,46.92,1.36,7049,335250.45
2026-08-03,SMALLIETF,EQ,INF109K1A476,ICICIPRAMC - SMALLIETF,18.15,18.25,18.05,18.21,17.98,1.28,41113,748667.69
2026-08-03,SMARTWORKS,EQ,INE0NAZ01010,SMARTWORKS COWORKING SP L,478.85,489.0,466.6,481.65,470.5,2.37,48510,23364841.2
2026-08-03,SMCGLOBAL,EQ,INE103C01036,SMC GLOBAL SECURITIES LTD,81.9,81.9,79.4,79.94,80.83,-1.1,606571,48489287.22
2026-08-03,SML100CASE,EQ,INF0R8F01141,ZERODHAAMC - SML100CASE,11.0,11.4,11.0,11.15,11.0,1.36,4311067,48068395.41
2026-08-03,SMLMAH,EQ,INE294B01019,SML MAHINDRA LIMITED,5690.0,5756.0,5401.0,5464.0,5685.6,-3.9,257127,1404941928.0
2026-08-03,SMLT,EQ,INE017W01010,SARTHAK METALS LIMITED,68.0,70.0,68.0,69.0,67.11,2.82,4596,317124.0
2026-08-03,SMSPHARMA,EQ,INE812G01025,SMS PHARMACEUTICALS LTD.,375.75,376.6,361.2,363.55,373.9,-2.77,299209,108777428.3
2026-08-03,SNOWMAN,EQ,INE734N01019,SNOWMAN LOGISTICS LTD.,38.89,39.0,38.3,38.5,38.3,0.52,102594,3949869.0
2026-08-03,SNXT30BEES,EQ,INF204KC1EZ3,NIPPONAMC - SNXT30BEES,42.94,43.65,42.94,43.39,42.94,1.05,16508,716282.11
2026-08-03,SNXT50BETA,EQ,INF789F1AUU3,UTIAMC-SNXT50BETA,93.51,96.95,93.51,95.84,95.25,0.62,4438,425337.9
2026-08-03,SOBHA,EQ,INE671H01015,SOBHA LIMITED,1380.0,1387.9,1361.2,1372.3,1372.2,0.01,75517,103631982.79
2026-08-03,SOFTTECH,EQ,INE728Z01015,SOFTTECH ENGINEERS LTD,416.0,418.0,412.05,418.0,417.05,0.23,3696,1544928.0
2026-08-03,SOLARA,EQ,INE624Z01016,SOLARA ACTIVE PHA SCI LTD,522.85,523.65,513.0,515.85,513.55,0.45,111052,57286171.49
2026-08-03,SOLARINDS,EQ,INE343H01029,SOLAR INDUSTRIES (I) LTD,18400.0,18710.0,18358.0,18659.0,18391.0,1.46,53004,989001636.0
2026-08-03,SOLARWORLD,EQ,INE0TY101024,SOLARWORLD ENERGY SOL LTD,190.65,192.6,184.01,184.62,188.3,-1.95,412946,76238088.5
2026-08-03,SOLEX,EQ,INE880Y01017,SOLEX ENERGY LIMITED,911.0,949.5,911.0,946.8,910.8,3.95,22853,21637220.12
2026-08-03,SOMANYCERA,EQ,INE355A01028,SOMANY CERAMICS LIMITED,490.0,514.0,488.1,509.0,488.85,4.12,123707,62966863.0
2026-08-03,SOMATEX,EQ,INE314C01013,SOMA TEXTILES & INDUST LT,99.5,99.76,95.0,95.64,98.82,-3.22,19383,1853790.11
2026-08-03,SOMICONVEY,EQ,INE323J01019,SOMI CONVEYOR BELT. LTD.,94.3,97.63,92.8,93.45,93.07,0.41,11239,1050284.52
2026-08-03,SONACOMS,EQ,INE073K01018,SONA BLW PRECISION FRGS L,775.0,785.0,768.05,785.0,769.4,2.03,2517947,1976588395.0
2026-08-03,SONATSOFTW,EQ,INE269A01021,SONATA SOFTWARE LTD,324.0,348.45,319.0,345.85,322.45,7.26,6562997,2269812552.51
2026-08-03,SOTL,EQ,INE035D01020,SAVITA OIL TECHNOLO. LTD,605.9,636.0,603.3,630.1,601.75,4.71,261606,164837934.21
2026-08-03,SOUTHBANK,EQ,INE683A01023,THE SOUTH INDIAN BANK LTD,47.0,47.87,46.93,47.07,46.7,0.79,8220206,386925093.91
2026-08-03,SOUTHWEST,EQ,INE980Y01015,SOUTH WEST PINNACLE LTD,239.88,242.98,237.89,240.44,238.27,0.91,106951,25715298.7
2026-08-03,SPAL,EQ,INE212I01016,S. P. APPARELS LIMITED,1008.0,1011.0,980.0,988.7,992.1,-0.34,38788,38349696.07
2026-08-03,SPANDANA,EQ,INE572J01011,SPANDANA SPHOORTY FIN LTD,262.55,265.55,260.4,262.4,261.1,0.5,145722,38237451.91
2026-08-03,SPARC,EQ,INE232I01014,SUN PHARMA ADV.RES.CO.LTD,207.11,213.29,207.02,207.93,206.21,0.83,793057,164900336.2
2026-08-03,SPCENET,EQ,INE970N01027,SPACENET ENTERS IND LTD,3.5,3.55,3.36,3.43,3.42,0.29,358350,1229140.52
2026-08-03,SPENCERS,EQ,INE020801028,SPENCER S RETAIL LIMITED,33.48,34.04,32.82,33.23,32.9,1.0,53604,1781260.9
2026-08-03,SPIC,EQ,INE147A01011,SPIC LTD,66.72,68.07,66.66,67.34,66.47,1.31,212929,14338638.08
2026-08-03,SPLIL,EQ,INE978G01016,SPL INDUSTRIES LIMITED,29.52,30.98,29.52,30.0,30.1,-0.33,2920,87600.0
2026-08-03,SPLPETRO,EQ,INE663A01033,SUPREME PETROCHEM LIMITED,718.3,724.7,713.0,715.9,713.15,0.39,71200,50972081.74
2026-08-03,SPMLINFRA,EQ,INE937A01023,SPML INFRA LIMITED,192.23,198.39,192.23,196.13,191.75,2.28,151774,29767435.36
2026-08-03,SPORTKING,EQ,INE885H01029,SPORTKING INDIA LIMITED,225.99,241.51,220.1,229.63,201.26,14.1,12667361,2908806168.28
2026-08-03,SRD,EQ,INE01NE01012,SHANKAR LAL RAMPAL LTD,37.95,40.0,37.2,39.21,37.44,4.73,79787,3128448.2
2026-08-03,SRF,EQ,INE647A01010,SRF LTD,2630.0,2657.8,2625.0,2645.0,2622.5,0.86,150758,398754910.0
2026-08-03,SRGHFL,EQ,INE559N01010,SRG HOUSING FINANCE L,293.25,300.05,288.0,299.7,293.2,2.22,8457,2534563.0
2026-08-03,SRHHYPOLTD,EQ,INE917H01012,SREE RAYALSEEMA HHP LTD.,484.0,502.5,484.0,494.1,484.4,2.0,5423,2679504.33
2026-08-03,SRM,EQ,INE0R6Z01013,SRM CONTRACTORS LIMITED,497.95,499.95,491.55,496.4,495.3,0.22,42013,20855252.94
2026-08-03,SRTL,EQ,INE19GK01015,SHREE RAM TWISTEX LIMITED,41.0,41.0,40.1,40.22,40.55,-0.81,23191,932742.05
2026-08-03,SSDL,EQ,INE0PQ101010,SARASWATI SAREE DEPOT LTD,52.55,54.37,52.55,54.06,52.84,2.31,9672,522868.33
2026-08-03,SSWL,EQ,INE802C01033,STEEL STRIPS WHEELS LTD.,328.4,328.4,313.05,317.85,310.36,2.41,1702280,541069708.39
2026-08-03,STANLEY,EQ,INE01A001028,STANLEY LIFESTYLES LTD,159.0,159.0,155.16,155.88,157.03,-0.73,67560,10531253.13
2026-08-03,STAR,EQ,INE939A01011,STRIDES PHARMA SCI LTD,1034.0,1043.3,1000.0,1028.5,1025.0,0.34,472242,485700897.0
2026-08-03,STARCEMENT,EQ,INE460H01021,STAR CEMENT LIMITED,203.2,206.94,203.0,203.96,202.78,0.58,168528,34372972.01
2026-08-03,STARHEALTH,EQ,INE575P01011,STAR HEALTH & AL INS CO L,598.65,600.85,586.5,592.6,601.0,-1.4,586750,347708035.68
2026-08-03,STARPAPER,EQ,INE733A01018,STAR PAPER MILLS LTD,147.5,152.91,147.5,150.7,151.39,-0.46,5828,878279.58
2026-08-03,STARTECK,EQ,INE992I01013,STARTECK FINANCE LIMITED,265.4,266.8,261.0,261.15,259.1,0.79,7320,1911617.96
2026-08-03,STCINDIA,EQ,INE655A01013,THE STATE TRADING CORPN,120.48,123.9,119.16,119.66,120.5,-0.7,55568,6649267.08
2026-08-03,STEELCAS,EQ,INE124E01038,STEELCAST LIMITED,330.0,330.05,317.7,325.9,309.95,5.15,195000,63550498.81
2026-08-03,STEELCITY,EQ,INE395H01011,STEEL CITY SECURITIES LTD,76.39,76.8,75.0,76.4,75.25,1.53,8728,666819.21
2026-08-03,STEELXIND,EQ,INE503B01021,STEEL EXCHANGE INDIA LTD,11.26,11.49,11.22,11.4,11.23,1.51,835801,9528131.08
2026-08-03,STEL,EQ,INE577L01016,STEL HOLDINGS LIMITED,580.0,580.0,562.35,565.75,574.85,-1.58,1833,1037019.75
2026-08-03,STLNETWORK,EQ,INE1VXE01018,STL NETWORKS LIMITED,24.34,25.0,24.34,24.73,24.29,1.81,343227,8488003.55
2026-08-03,STOVEKRAFT,EQ,INE00IN01015,STOVE KRAFT LIMITED,788.0,795.95,726.3,754.6,778.4,-3.06,198066,149460598.76
2026-08-03,STUDDS,EQ,INE00Q601028,STUDDS ACCESSORIES LTD,442.6,457.0,442.6,447.95,440.15,1.77,44287,19838362.19
2026-08-03,STYL,EQ,INE04VU01023,SESHAASAI TECHNOLOGIES L,350.0,369.8,350.0,368.05,346.15,6.33,110667,40730988.0
2026-08-03,STYLAMIND,EQ,INE239C01020,STYLAM INDUSTRIES LIMITED,3401.6,3470.0,3385.0,3453.0,3384.3,2.03,30618,105723954.0
2026-08-03,STYLEBAAZA,EQ,INE01FR01028,BAAZAR STYLE RETAIL LTD,275.0,281.0,272.05,278.05,271.4,2.45,96840,26926360.82
2026-08-03,STYRENIX,EQ,INE189B01011,STYRENIX PERFORMANCE LTD,2504.8,2557.6,2479.0,2487.3,2476.5,0.44,60685,150941803.46
2026-08-03,SUBEXLTD,EQ,INE754A01055,SUBEX LTD,12.05,12.94,12.05,12.85,12.33,4.22,1173695,15081981.2
2026-08-03,SUBROS,EQ,INE287B01021,SUBROS LIMITED,829.0,832.85,812.0,817.3,819.25,-0.24,45959,37562290.14
2026-08-03,SUDARCOLOR,EQ,INE492A01029,SUDARSHAN COLORNT IND LTD,365.0,375.0,358.85,369.3,361.15,2.26,9831,3630588.18
2026-08-03,SUDARSCHEM,EQ,INE659A01023,SUDARSHAN CHEMICAL INDS L,1039.0,1096.0,1034.2,1068.3,1013.9,5.37,421749,450554477.29
2026-08-03,SUDEEPPHRM,EQ,INE0QPI01025,SUDEEP PHARMA LIMITED,893.5,913.95,862.35,867.6,881.05,-1.53,516361,447994790.99
2026-08-03,SUKHJITS,EQ,INE450E01029,SUKHJIT STARCH & CHEM LTD,168.5,172.5,163.11,164.66,164.6,0.04,28382,4673380.22
2026-08-03,SULA,EQ,INE142Q01026,SULA VINEYARDS LIMITED,172.24,172.25,164.05,165.32,170.71,-3.16,512289,84691621.23
2026-08-03,SUMEETINDS,EQ,INE235C01036,SUMEET IND LIMITED,21.18,21.18,21.18,21.18,22.29,-4.98,48960,1036972.81
2026-08-03,SUMICHEM,EQ,INE258G01013,SUMITOMO CHEM INDIA LTD,512.5,517.7,503.15,515.85,510.3,1.09,263929,136147768.21
2026-08-03,SUMIT,EQ,INE748Z01013,SUMIT WOODS LIMITED,58.97,58.97,53.25,55.06,52.23,5.42,42841,2358825.52
2026-08-03,SUMMITSEC,EQ,INE519C01017,SUMMIT SECURITIES LTD,1520.0,1540.0,1510.0,1522.2,1504.3,1.19,5394,8210746.54
2026-08-03,SUNCLAY,EQ,INE0Q3R01026,SUNDARAM CLAYTON LIMITED,1284.0,1284.0,1251.0,1253.0,1253.6,-0.05,2582,3235246.0
2026-08-03,SUNDARAM,EQ,INE108E01023,SUNDARAM MULTI PAP LTD,1.27,1.29,1.24,1.25,1.23,1.63,707839,884798.75
2026-08-03,SUNDARMFIN,EQ,INE660A01013,SUNDARAM FINANCE LTD,4641.6,4965.3,4629.8,4828.7,4665.6,3.5,309611,1495018696.17
2026-08-03,SUNDRMFAST,EQ,INE387A01021,SUNDRAM FASTENERS LTD,980.0,998.0,978.0,993.25,977.45,1.62,151032,150012534.0
2026-08-03,SUNDROP,EQ,INE209A01019,SUNDROP BRANDS LIMITED,661.25,690.0,661.25,679.5,665.45,2.11,34878,23699601.0
2026-08-03,SUNFLAG,EQ,INE947A01014,SUNFLAG IRON AND STEEL CO,370.05,379.3,363.1,366.85,365.3,0.42,422640,155045486.58
2026-08-03,SUNPHARMA,EQ,INE044A01036,SUN PHARMACEUTICAL IND L,1983.2,1988.0,1935.2,1963.5,1990.5,-1.36,3972351,7799711188.5
2026-08-03,SUNTECK,EQ,INE805D01034,SUNTECK REALTY LIMITED,305.05,312.1,304.45,308.1,302.3,1.92,265799,81892673.52
2026-08-03,SUNTV,EQ,INE424H01027,SUN TV NETWORK LIMITED,507.0,516.95,499.1,503.8,508.65,-0.95,283161,142656508.34
2026-08-03,SUPERHOUSE,EQ,INE712B01010,SUPERHOUSE LIMITED,155.7,164.9,151.9,158.57,160.12,-0.97,2973,471428.63
2026-08-03,SUPRAJIT,EQ,INE399C01030,SUPRAJIT ENGINEERING LTD,508.0,526.0,508.0,512.7,504.6,1.61,341765,175222919.67
2026-08-03,SUPREME,EQ,INE822E01011,SUPREME HOLDIN N HOSP I L,45.5,47.25,45.21,45.99,45.72,0.59,48344,2223340.64
2026-08-03,SUPREMEIND,EQ,INE195A01028,SUPREME INDUSTRIES LTD,3465.4,3539.1,3455.0,3530.0,3465.4,1.86,145252,512739560.0
2026-08-03,SUPREMEINF,EQ,INE550H01011,SUPREME INFRA. LTD.,83.63,85.6,81.25,84.17,83.63,0.65,48810,4108337.61
2026-08-03,SUPRIYA,EQ,INE07RO01027,SUPRIYA LIFESCIENCE LTD,867.05,898.55,867.05,879.65,867.0,1.46,247600,217801346.04
2026-08-03,SURAJEST,EQ,INE843S01025,SURAJ ESTATE DEVELOPERS L,196.0,202.69,196.0,201.68,195.95,2.92,36523,7365958.37
2026-08-03,SURAJLTD,EQ,INE713C01016,SURAJ LIMITED,220.0,224.0,218.0,220.91,219.42,0.68,1291,285194.81
2026-08-03,SURAKSHA,EQ,INE877V01027,SURAKSHA DIAGNOSTIC LTD,253.0,259.5,251.15,252.1,252.15,-0.02,27179,6851826.07
2026-08-03,SURANASOL,EQ,INE272L01022,SURANA SOLAR LIMITED,26.4,26.4,26.05,26.27,26.04,0.88,32610,856664.71
2026-08-03,SURANAT&P,EQ,INE130B01031,SURANA TELECOM AND POW LT,18.3,18.47,17.66,17.89,17.95,-0.33,54741,979316.46
2026-08-03,SURYALAXMI,EQ,INE713B01026,SURYALAKSHMI COT MIL LTD,61.7,62.0,59.6,60.87,60.84,0.05,4183,254619.21
2026-08-03,SURYAROSNI,EQ,INE335A01020,SURYA ROSHNI LTD,241.5,243.89,236.11,237.32,239.4,-0.87,432577,102659176.81
2026-08-03,SURYODAY,EQ,INE428Q01011,SURYODAY SMALL FIN BK LTD,163.1,166.75,162.3,163.73,161.92,1.12,659356,107956355.06
2026-08-03,SUVEN,EQ,INE495B01038,SUVEN LIFE SCIENCES LTD,307.25,313.4,304.0,307.2,307.1,0.03,394700,121251844.82
2026-08-03,SUVIDHAA,EQ,INE018401013,SUVIDHAA INFOSERVE LTD,2.64,2.64,2.53,2.54,2.55,-0.39,139004,353070.15
2026-08-03,SUYOG,EQ,INE442P01014,SUYOG TELEMATICS LIMITED,875.0,883.1,858.2,865.7,866.25,-0.06,15733,13620058.29
2026-08-03,SUZLON,EQ,INE040H01021,SUZLON ENERGY LIMITED,48.2,49.3,48.08,48.1,48.01,0.19,55317614,2660777148.99
2026-08-03,SVLL,EQ,INE00CE01017,SHREE VASU LOGISTICS LTD,736.4,736.4,736.4,736.4,722.0,1.99,430,316652.01
2026-08-03,SVPGLOB,EQ,INE308E01029,SVP GLOBAL TEXTILES LTD,3.75,3.96,3.75,3.89,3.78,2.91,33999,132256.11
2026-08-03,SWANCORP,EQ,INE665A01038,SWAN CORP LIMITED,308.05,312.3,308.05,310.2,307.8,0.78,751667,233167112.58
2026-08-03,SWARAJENG,EQ,INE277A01016,SWARAJ ENGINES LTD,3628.7,3662.0,3613.0,3630.6,3628.7,0.05,6150,22328190.6
2026-08-03,SWELECTES,EQ,INE409B01013,SWELECT ENERGY SYS LTD,595.95,616.4,595.95,613.5,594.3,3.23,14607,8961394.5
2026-08-03,SWIGGY,EQ,INE00H001014,SWIGGY LIMITED,284.8,288.9,277.1,288.0,284.86,1.1,20781750,5985144000.0
2026-08-03,SWSOLAR,EQ,INE00M201021,STRLNG & WIL REN ENE LTD,205.29,212.47,205.29,208.41,203.96,2.18,1303946,271755390.64
2026-08-03,SYMPHONY,EQ,INE225D01027,SYMPHONY LIMITED,689.65,695.0,681.0,682.75,688.2,-0.79,129741,88580667.75
2026-08-03,SYNCOMF,EQ,INE312C01025,SYNCOM FORMU (I) LTD,13.3,13.48,13.0,13.19,13.12,0.53,1054189,13904752.47
2026-08-03,SYNGENE,EQ,INE398R01022,SYNGENE INTERNATIONAL LTD,386.5,403.7,384.0,402.2,385.9,4.22,1674593,673521325.04
2026-08-03,SYRMA,EQ,INE0DYJ01015,SYRMA SGS TECHNOLOGY LTD,1380.0,1397.5,1351.6,1360.6,1366.8,-0.45,1098353,1494419064.98
2026-08-03,TAINWALCHM,EQ,INE123C01018,TAINWALA CHEMICAL AND PLA,195.01,217.8,195.01,206.82,197.14,4.91,20128,4162873.11
2026-08-03,TAJGVK,EQ,INE586B01026,TAJ GVK HOTELS & RESORTS,363.95,374.0,361.2,363.45,363.25,0.06,198799,72253498.98
2026-08-03,TAKE,EQ,INE142I01023,TAKE LIMITED,21.99,22.45,21.0,22.36,21.42,4.39,596965,13348137.76
2026-08-03,TALBROAUTO,EQ,INE187D01029,TALBROS AUTO. COMP. LTD,417.0,424.0,410.5,417.65,407.75,2.43,180850,75532001.4
2026-08-03,TANLA,EQ,INE483C01032,TANLA PLATFORMS LIMITED,591.9,618.55,591.0,614.15,586.55,4.71,1281918,787289971.0
2026-08-03,TARACHAND,EQ,INE555Z01020,TARA CHAND INFRA SOLN LTD,55.55,59.25,55.02,58.84,55.12,6.75,217541,12800112.47
2026-08-03,TARAPUR,EQ,INE747K01017,TARAPUR TRANSFORMERS LTD,16.71,17.4,15.77,15.77,16.6,-5.0,109832,1732050.69
2026-08-03,TARC,EQ,INE0EK901012,TARC LIMITED,136.7,137.93,135.4,135.7,137.25,-1.13,431816,58597429.88
2026-08-03,TARIL,EQ,INE763I01026,TRANS & RECTI. LTD,299.05,302.5,295.0,295.5,296.5,-0.34,989409,292370359.5
2026-08-03,TARMAT,EQ,INE924H01018,TARMAT LIMITED,49.33,50.47,48.56,50.13,49.33,1.62,8709,436582.18
2026-08-03,TARSONS,EQ,INE144Z01023,TARSONS PRODUCTS LIMITED,317.9,323.45,316.0,317.4,314.6,0.89,107915,34252220.34
2026-08-03,TASTYBITE,EQ,INE488B01017,TASTY BITE EATABLES LTD,9236.5,9550.0,9231.0,9430.0,9236.5,2.09,3497,32976710.0
2026-08-03,TATACAP,EQ,INE976I01016,TATA CAPITAL LIMITED,365.4,370.45,359.9,364.75,365.4,-0.18,1730931,631357082.25
2026-08-03,TATACHEM,EQ,INE092A01019,TATA CHEMICALS LTD,673.6,679.9,672.8,674.65,673.55,0.16,369029,248965423.86
2026-08-03,TATACOMM,EQ,INE151A01013,TATA COMMUNICATIONS LTD,1765.9,1793.8,1755.0,1780.1,1756.4,1.35,206782,368092633.15
2026-08-03,TATACONSUM,EQ,INE192A01025,TATA CONSUMER PRODUCT LTD,1085.0,1110.0,1083.1,1110.0,1083.1,2.48,1322017,1467438870.0
2026-08-03,TATAELXSI,EQ,INE670A01012,TATA ELXSI LIMITED,3704.6,3765.0,3678.0,3761.9,3672.9,2.42,322468,1213092337.71
2026-08-03,TATAGOLD,EQ,INF277KA1976,TATAAML-TATAGOLD,13.78,13.88,13.7,13.78,13.78,0.0,38629129,532309387.3
2026-08-03,TATAINVEST,EQ,INE672A01026,TATA INVESTMENT CORP LTD,685.55,687.0,673.2,676.65,679.45,-0.41,133851,90570282.42
2026-08-03,TATAPOWER,EQ,INE245A01021,TATA POWER CO LTD,382.0,382.9,378.05,382.0,380.7,0.34,2051770,783776140.0
2026-08-03,TATASTEEL,EQ,INE081A01020,TATA STEEL LIMITED,192.94,193.5,188.49,191.0,189.69,0.69,27563681,5264663071.0
2026-08-03,TATATECH,EQ,INE142M01025,TATA TECHNOLOGIES LIMITED,748.55,768.9,748.0,763.8,747.65,2.16,814680,622252574.06
2026-08-03,TATSILV,EQ,INF277KA1984,TATAAML-TATSILV,20.99,21.17,20.83,20.98,20.99,-0.05,29146967,611503354.32
2026-08-03,TATVA,EQ,INE0GK401011,TATVA CHIN PHARM CHEM LTD,1827.0,1838.1,1750.6,1771.0,1788.2,-0.96,114209,202264139.0
2026-08-03,TBOTEK,EQ,INE673O01025,TBO TEK LIMITED,1542.9,1677.6,1540.4,1615.9,1531.2,5.53,1205579,1948095135.53
2026-08-03,TBZ,EQ,INE760L01018,TRIB BHIMJI ZAVERI LTD,277.5,292.0,275.0,287.7,276.34,4.11,1976511,568642238.83
2026-08-03,TCC,EQ,INE887D01024,TCC CONCEPT LIMITED,64.4,64.4,57.37,58.3,57.93,0.64,223750,13044624.83
2026-08-03,TCI,EQ,INE688A01022,TRANSPORT CORPN OF INDIA,930.1,944.95,909.25,914.6,930.5,-1.71,71624,65507308.65
2026-08-03,TCIEXP,EQ,INE586V01016,TCI EXPRESS LIMITED,541.65,567.0,540.4,557.25,541.65,2.88,52562,29290174.5
2026-08-03,TCIFINANCE,EQ,INE911B01018,TCI FINANCE LTD,15.2,15.24,14.9,15.14,14.91,1.54,8381,126888.34
2026-08-03,TCPLPACK,EQ,INE822C01015,TCPL PACKAGING LIMITED,3165.0,3280.5,3165.0,3250.8,3153.4,3.09,4103,13338032.6
2026-08-03,TCS,EQ,INE467B01029,TATA CONSULTANCY SERV LT,2383.9,2473.7,2383.0,2473.7,2365.6,4.57,3036839,7512228486.02
2026-08-03,TDPOWERSYS,EQ,INE419M01035,TD POWER SYSTEMS LTD.,572.5,576.35,553.05,556.2,565.5,-1.64,1422424,791152246.16
2026-08-03,TEAMGTY,EQ,INE289C01025,TEAM INDIA GUARANTY LTD,228.7,229.0,217.11,223.48,215.32,3.79,210,46930.8
2026-08-03,TEAMLEASE,EQ,INE985S01024,TEAMLEASE SERVICES LTD.,1238.9,1256.0,1235.0,1239.8,1234.9,0.4,73578,91222007.99
2026-08-03,TECH,EQ,INF209KB11D8,BIRLASLAMC - TECH,34.17,34.58,33.77,34.48,33.65,2.47,137169,4729587.06
2026-08-03,TECHM,EQ,INE669C01036,TECH MAHINDRA LIMITED,1663.4,1670.0,1634.3,1649.0,1651.3,-0.14,4154154,6850199946.0
2026-08-03,TECHNOE,EQ,INE285K01026,TECHNO ELEC & ENG CO. LTD,998.0,1012.0,985.35,999.4,980.3,1.95,145672,145584600.36
2026-08-03,TECILCHEM,EQ,INE014B01011,TECIL CHEMICALS,9.6,10.2,9.6,10.05,9.68,3.82,2720,27336.0
2026-08-03,TEGA,EQ,INE011K01018,TEGA INDUSTRIES LIMITED,1485.5,1613.0,1485.5,1587.7,1485.5,6.88,631620,1002823043.16
2026-08-03,TEJASNET,EQ,INE010J01012,TEJAS NETWORKS LIMITED,517.95,527.35,516.15,519.6,513.0,1.29,835876,434321149.19
2026-08-03,TEMBO,EQ,INE869Y01028,TEMBO GLOBAL IND LTD,56.31,57.42,55.48,56.04,55.33,1.29,2821210,158100610.98
2026-08-03,TENNIND,EQ,INE19RI01016,TENNECO CLEAN AIR INDIA L,543.0,553.9,540.65,544.6,537.95,1.24,1154720,628860483.81
2026-08-03,TERASOFT,EQ,INE482B01010,TERA SOFTWARE LIMITED,384.75,395.4,370.25,389.1,376.6,3.32,8534,3320579.45
2026-08-03,TEXINFRA,EQ,INE435C01024,TEXMACO INFRA & HOLDG LTD,114.5,115.05,113.13,113.93,113.99,-0.05,94532,10770030.79
2026-08-03,TEXMOPIPES,EQ,INE141K01013,TEXMO PIPE & PRODUCTS LTD,43.09,43.85,42.76,42.99,42.88,0.26,18526,796432.77
2026-08-03,TEXRAIL,EQ,INE621L01012,TEXMACO RAIL & ENG. LTD.,112.49,114.1,112.26,112.91,111.39,1.36,1465480,165467352.17
2026-08-03,TFCILTD,EQ,INE305A01023,TOURISM FINANCE CORP. OF,103.1,107.25,103.1,105.62,101.87,3.68,13190800,1393212332.23
2026-08-03,TFL,EQ,INE804H01012,TRANSWARRANTY FIN. LTD.,11.36,11.7,11.03,11.14,11.12,0.18,7121,79327.94
2026-08-03,TGBHOTELS,EQ,INE797H01018,TGB BANQUETS&HOTELS LTD,9.47,9.62,9.0,9.27,9.38,-1.17,28089,260385.04
2026-08-03,THANGAMAYL,EQ,INE085J01014,THANGAMAYIL JEWELLERY LTD,5175.0,5175.0,4965.5,4965.5,5226.5,-4.99,358583,1780543886.5
2026-08-03,THEINVEST,EQ,INE924D01017,THE INVEST TRUST OF IND L,100.66,101.99,98.79,101.23,97.61,3.71,15629,1582123.72
2026-08-03,THEJO,EQ,INE121N01019,THEJO ENGINEERING LIMITED,2135.0,2189.5,2098.1,2169.1,2108.7,2.86,21034,45624851.45
2026-08-03,THELEELA,EQ,INE0AQ201015,LEELA PALACES HOTEL LTD,505.0,517.95,498.0,501.8,494.6,1.46,2192952,1100423286.83
2026-08-03,THEMISMED,EQ,INE083B01024,THEMIS MEDICARE LTD.,105.23,108.4,105.23,107.06,105.22,1.75,29219,3128186.07
2026-08-03,THERMAX,EQ,INE152A01029,THERMAX LTD,4302.5,4319.0,4070.8,4122.2,4306.0,-4.27,707697,2917268711.62
2026-08-03,THOMASCOOK,EQ,INE332A01027,THOMAS COOK (INDIA) LTD,106.0,109.9,105.9,107.15,104.27,2.76,2230082,238953289.7
2026-08-03,THOMASCOTT,EQ,INE480M01011,THOMAS SCOTT (INDIA) LTD,298.45,322.0,298.3,311.25,298.45,4.29,20575,6403968.75
2026-08-03,THYROCARE,EQ,INE594H01019,THYROCARE TECH LTD,583.0,608.0,582.5,592.55,579.0,2.34,642124,380490568.36
2026-08-03,TI,EQ,INE133E01013,TILAKNAGAR INDUSTRIES LTD,465.9,481.0,464.2,465.8,465.15,0.14,1070931,498839646.73
2026-08-03,TIGERLOGS,EQ,INE906O01029,TIGER LOGISTICS (INDIA) L,28.89,29.4,27.33,27.44,28.37,-3.28,207337,5689327.39
2026-08-03,TIIL,EQ,INE545H01011,TECHNOCRAFT IND LTD,2580.0,2675.0,2580.0,2628.2,2580.5,1.85,9022,23711619.96
2026-08-03,TIINDIA,EQ,INE974X01010,TUBE INVEST OF INDIA LTD,2810.0,2813.0,2723.2,2766.0,2753.0,0.47,227956,630526296.0
2026-08-03,TIMETECHNO,EQ,INE508G01029,TIME TECHNOPLAST LTD.,211.0,213.4,203.92,210.15,208.56,0.76,3019188,634482339.77
2026-08-03,TIMEX,EQ,INE064A01026,TIMEX GROUP INDIA LTD.,533.65,553.6,532.0,549.25,532.05,3.23,257413,141384090.25
2026-08-03,TIMKEN,EQ,INE325A01013,TIMKEN INDIA LTD.,3145.0,3241.2,3138.1,3216.1,3145.4,2.25,40209,129316168.83
2026-08-03,TINNARUBR,EQ,INE015C01016,TINNA RUBBER AND INFR LTD,1130.0,1145.0,1084.0,1106.8,1114.4,-0.68,111490,123397137.44
2026-08-03,TIPSFILMS,EQ,INE0LQS01015,TIPS FILMS LIMITED,388.85,397.75,373.6,379.0,386.2,-1.86,11805,4474095.0
2026-08-03,TIPSMUSIC,EQ,INE716B01029,TIPS MUSIC LIMITED,668.05,694.45,666.35,688.55,668.05,3.07,276541,190412302.17
2026-08-03,TIRUMALCHM,EQ,INE338A01024,THIRUMALAI CHEMICALS LTD,175.25,183.74,175.0,183.12,174.25,5.09,747837,136943907.79
2026-08-03,TITAGARH,EQ,INE615H01020,TITAGARH RAIL SYSTEMS LTD,825.4,869.9,825.4,859.05,825.2,4.1,929203,798231825.81
2026-08-03,TITAN,EQ,INE280A01028,TITAN COMPANY LIMITED,4875.2,5000.0,4851.8,5000.0,4875.2,2.56,505420,2527100000.0
2026-08-03,TMB,EQ,INE668A01016,TAMILNAD MERCA BANK LTD,864.9,879.4,855.45,861.55,851.7,1.16,226900,195485692.23
2026-08-03,TMCV,EQ,INE1TAE01010,TATA MOTORS LIMITED,440.0,455.15,434.55,452.5,436.8,3.59,17112543,7743425707.5
2026-08-03,TMPV,EQ,INE155A01022,TATA MOTORS PASS VEH LTD,344.5,350.45,343.5,349.3,339.75,2.81,12027810,4201313886.18
2026-08-03,TNIDETF,EQ,INF277KA1364,TATAAML - TNIDETF,87.16,91.4,87.16,90.53,88.49,2.31,252979,22902188.56
2026-08-03,TNPETRO,EQ,INE148A01019,TAMILNADU PETROPRODUCTS L,96.5,98.3,95.96,97.85,96.5,1.4,89849,8791724.51
2026-08-03,TNPL,EQ,INE107A01015,TAMILNADU NEWSPRT & PAPER,151.5,156.7,151.44,154.88,150.68,2.79,254861,39472872.92
2026-08-03,TNTELE,EQ,INE141D01018,TAMILNADU TELECOMMUNICATI,9.08,9.24,9.0,9.11,9.08,0.33,6202,56500.22
2026-08-03,TOKYOPLAST,EQ,INE932C01012,TOKYO PLAST INTL LTD,76.5,79.99,75.0,79.0,76.5,3.27,1426,112654.0
2026-08-03,TOLINS,EQ,INE0RWQ01014,TOLINS TYRES LIMITED,104.07,104.3,102.82,103.82,102.21,1.58,74883,7774353.04
2026-08-03,TOP100CASE,EQ,INF0R8F01067,ZERODHAAMC - TOP100CASE,10.83,10.83,10.68,10.79,10.68,1.03,719530,7763728.67
2026-08-03,TOP10ADD,EQ,INF740KA1UR9,DSPAMC - TOP10ADD,89.13,89.69,89.0,89.56,88.32,1.4,124240,11126934.1
2026-08-03,TOP15IETF,EQ,INF109K1A344,ICICIPRAMC - TOP15IETF,9.76,10.16,9.76,10.03,10.02,0.1,376593,3777227.69
2026-08-03,TOP20,EQ,INF769K01PZ5,MIRAEAMC - TOP20,9.1,9.18,9.07,9.14,9.03,1.22,138749,1268165.91
2026-08-03,TORNTPHARM,EQ,INE685A01028,TORRENT PHARMACEUTICALS L,5250.0,5250.0,5007.5,5050.0,5122.8,-1.42,841750,4250837500.0
2026-08-03,TORNTPOWER,EQ,INE813H01021,TORRENT POWER LTD,1422.0,1423.8,1387.2,1391.7,1413.3,-1.53,337462,469645848.92
2026-08-03,TOUCHWOOD,EQ,INE486Y01013,TOUCHWOOD ENTERTAIN LTD.,67.44,67.44,66.06,66.45,66.24,0.32,155,10299.75
2026-08-03,TPLPLASTEH,EQ,INE413G01022,TPL PLASTECH LIMITED,79.5,82.0,79.5,81.26,79.31,2.46,123751,10056006.52
2026-08-03,TRACXN,EQ,INE0HMF01019,TRACXN TECHNOLOGIES LTD,30.03,30.84,30.03,30.44,30.35,0.3,68640,2089401.64
2026-08-03,TRANSRAILL,EQ,INE454P01035,TRANSRAIL LIGHTING LTD,502.95,507.65,493.8,500.25,502.95,-0.54,302458,151304614.5
2026-08-03,TRAVELFOOD,EQ,INE103V01028,TRAVEL FOOD SERVICES LTD,1293.0,1348.0,1292.7,1344.6,1302.9,3.2,37161,49966679.69
2026-08-03,TREEHOUSE,EQ,INE040M01013,TREE HOUSE EDU LTD,6.48,6.48,6.29,6.36,6.36,0.0,8505,54091.8
2026-08-03,TREJHARA,EQ,INE00CA01015,TREJHARA SOLUTIONS LTD,134.0,136.19,134.0,135.95,134.76,0.88,8426,1145514.67
2026-08-03,TREL,EQ,INE0O3901029,TRANSINDIA REAL ESTATE L,24.25,24.77,23.96,24.17,24.25,-0.33,80905,1955473.86
2026-08-03,TRENT,EQ,INE849A01020,TRENT LTD,3035.0,3050.0,3002.9,3050.0,3005.9,1.47,883208,2693784400.0
2026-08-03,TRF,EQ,INE391D01019,TRF LIMITED,226.0,233.99,226.0,228.56,225.93,1.16,86597,19792610.11
2026-08-03,TRIDENT,EQ,INE064C01022,TRIDENT LIMITED,24.83,25.23,24.83,24.94,24.71,0.93,2924262,72931095.84
2026-08-03,TRIGYN,EQ,INE948A01012,TRIGYN TECHNOLOGIES LTD,55.0,55.44,53.72,54.89,53.72,2.18,27576,1513646.62
2026-08-03,TRITURBINE,EQ,INE152M01016,TRIVENI TURBINE LIMITED,602.65,616.0,602.65,611.6,601.7,1.65,403135,246557356.16
2026-08-03,TRIVENI,EQ,INE256C01024,TRIVENI ENGG. & INDS. LTD,226.0,232.57,226.0,232.3,221.5,4.88,623781,144904328.2
2026-08-03,TRU,EQ,INE615R01029,TRUCAP FINANCE LIMITED,4.5,4.8,4.46,4.71,4.6,2.39,117710,554414.1
2026-08-03,TRUALT,EQ,INE0MWH01014,TRUALT BIOENERGY LIMITED,424.9,439.0,422.5,437.85,423.0,3.51,184496,80781574.73
2026-08-03,TSFINV,EQ,INE202Z01029,TSF INVESTMENTS LIMITED,455.1,461.0,452.95,454.3,452.5,0.4,38493,17487369.43
2026-08-03,TTKHLTCARE,EQ,INE910C01018,TTK HEALTHCARE LIMITED,1030.0,1094.0,1030.0,1049.2,1024.5,2.41,32751,34362347.6
2026-08-03,TTKPRESTIG,EQ,INE690A01028,TTK PRESTIGE LTD,648.0,653.75,636.2,644.3,641.6,0.42,82001,52833243.3
2026-08-03,TTL,EQ,INE592B01024,T T LIMITED,6.47,6.6,6.3,6.37,6.42,-0.78,192564,1226632.66
2026-08-03,TTML,EQ,INE517B01013,TATA TELESERV(MAHARASTRA),40.75,40.87,40.11,40.21,39.95,0.65,1280580,51492120.63
2026-08-03,TURTLEMINT,EQ,INE0OC301013,TURTLEMINT FINTECH SOLS L,121.3,121.6,116.5,117.57,120.1,-2.11,246639,28997347.15
2026-08-03,TVSELECT,EQ,INE236G01019,TVS ELECTRONICS LTD,489.9,509.35,489.9,495.6,489.3,1.29,47235,23409666.29
2026-08-03,TVSHLTD,EQ,INE105A01035,TVS HOLDINGS LIMITED,14800.0,14950.0,14800.0,14836.0,14713.0,0.84,2983,44255788.0
2026-08-03,TVSMOTOR,EQ,INE494B01023,TVS MOTOR COMPANY  LTD,4336.5,4389.0,4281.9,4389.0,4313.1,1.76,1612965,7079303385.0
2026-08-03,TVSSCS,EQ,INE395N01027,TVS SUPPLY CHAIN SOL L,136.5,139.18,136.11,136.9,135.11,1.32,296279,40560593.29
2026-08-03,TVSSRICHAK,EQ,INE421C01016,TVS SRICHAKRA LIMITED,3910.0,4049.0,3900.0,3987.9,3931.1,1.44,5375,21434961.98
2026-08-03,TVTODAY,EQ,INE038F01029,TV TODAY NETWORK LTD,113.69,118.2,113.69,115.76,113.69,1.82,46794,5416873.54
2026-08-03,TWCGOLDETF,EQ,INF2F0001370,WEALTH - TWCGOLDETF,141.35,141.83,140.51,141.58,141.35,0.16,984,139314.72
2026-08-03,UBL,EQ,INE686F01025,UNITED BREWERIES LTD,1437.0,1464.0,1430.0,1438.4,1418.8,1.38,154717,222544936.58
2026-08-03,UCOBANK,EQ,INE691A01018,UCO BANK,26.4,26.58,26.28,26.31,26.17,0.53,3408343,89673502.51
2026-08-03,UDS,EQ,INE851I01011,UPDATER SERVICES LIMITED,205.0,207.5,202.2,206.06,203.28,1.37,301334,62092883.3
2026-08-03,UEL,EQ,INE899L01030,UJAAS ENERGY LIMITED,172.5,184.47,163.15,184.47,153.73,20.0,211631,39039570.83
2026-08-03,UFLEX,EQ,INE516A01017,UFLEX LIMITED,473.0,491.95,472.65,482.25,470.65,2.46,103064,49702614.0
2026-08-03,UFO,EQ,INE527H01019,UFO MOVIEZ INDIA LTD.,65.0,69.39,65.0,68.86,65.15,5.69,76131,5242380.71
2026-08-03,UGARSUGAR,EQ,INE071E01023,THE UGAR SUGAR WORKS LTD,40.61,42.95,40.55,42.56,40.69,4.6,255780,10885997.15
2026-08-03,UGROCAP,EQ,INE583D01011,UGRO CAPITAL LIMITED,96.4,106.38,96.07,97.63,95.45,2.28,6281719,613284208.72
2026-08-03,UJJIVANSFB,EQ,INE551W01018,UJJIVAN SMALL FINANC BANK,72.89,73.1,71.0,71.14,71.75,-0.85,13435710,955816401.2
2026-08-03,ULTRACEMCO,EQ,INE481G01011,ULTRATECH CEMENT LIMITED,11940.0,12054.0,11905.0,12054.0,11903.0,1.27,159579,1923565266.0
2026-08-03,ULTRAMAR,EQ,INE405A01021,ULTRAMARINE & PIGMENTS L,394.9,394.9,382.35,385.2,387.25,-0.53,27753,10690455.94
2026-08-03,UMESLTD,EQ,INE240C01028,USHA MARTIN EDU & SOL LTD,5.51,5.64,5.4,5.51,5.46,0.92,9408,51838.08
2026-08-03,UMIYA-MRO,EQ,INE398B01018,UMIYA BUILDCON LIMITED,89.1,89.9,87.15,88.15,88.81,-0.74,12249,1079749.37
2026-08-03,UNICHEMLAB,EQ,INE351A01035,UNICHEM LABORATORIES LTD,514.0,518.65,502.25,505.25,513.4,-1.59,65951,33321742.75
2026-08-03,UNIDT,EQ,INE961D01019,UNITED DRILLING TOOLS LTD,225.2,233.9,215.35,231.63,222.98,3.88,14187,3286134.88
2026-08-03,UNIECOM,EQ,INE00U401027,UNICOMMERCE ESOLUTIONS L,85.02,86.76,85.02,86.21,84.71,1.77,261395,22534862.71
2026-08-03,UNIENTER,EQ,INE037A01022,UNIPHOS ENTERPRISES LTD,94.92,98.19,94.92,97.08,94.92,2.28,4101,398125.09
2026-08-03,UNIINFO,EQ,INE481Z01011,UNIINFO TELECOM SERVI LTD,11.76,12.55,11.4,12.15,12.0,1.25,1076,13073.4
2026-08-03,UNIMECH,EQ,INE0U3I01011,UNIMECH AEROSPACE N MFG L,1265.9,1304.9,1235.9,1259.8,1235.9,1.93,152774,192464692.66
2026-08-03,UNIONBANK,EQ,INE692A01016,UNION BANK OF INDIA,171.4,175.74,171.4,174.0,171.24,1.61,8353185,1453454190.0
2026-08-03,UNIPARTS,EQ,INE244O01017,UNIPARTS INDIA LIMITED,732.0,745.0,726.1,737.45,728.0,1.3,134584,99248972.44
2026-08-03,UNITDSPR,EQ,INE854D01024,UNITED SPIRITS LIMITED,1515.0,1530.0,1512.7,1530.0,1515.9,0.93,410981,628800930.0
2026-08-03,UNITECH,EQ,INE694A01020,UNITECH LTD,4.38,4.39,4.23,4.26,4.28,-0.47,3574683,15228150.4
2026-08-03,UNITEDPOLY,EQ,INE368U01029,UNITED POLYFAB GUJ. LTD.,31.0,31.0,29.61,29.73,30.69,-3.13,8301,246788.73
2026-08-03,UNITEDTEA,EQ,INE458F01011,UNITED NILGIRI TEA LTD,480.95,481.0,465.3,472.8,480.95,-1.69,1194,564523.19
2026-08-03,UNIVCABLES,EQ,INE279A01012,UNIVERSAL CABLES LTD,1368.9,1435.0,1362.1,1431.8,1358.4,5.4,252927,362140890.95
2026-08-03,UNOMINDA,EQ,INE405E01023,UNO MINDA LIMITED,1195.0,1219.6,1185.0,1210.0,1180.5,2.5,818368,990225280.0
2026-08-03,UPL,EQ,INE628A01036,UPL LIMITED,606.45,622.6,598.0,620.0,604.3,2.6,2234338,1385289560.0
2026-08-03,URBANCO,EQ,INE0CAZ01013,URBAN COMPANY LIMITED,136.33,152.21,136.3,146.19,129.39,12.98,92834272,13571442450.33
2026-08-03,URJA,EQ,INE550C01020,URJA GLOBAL LIMITED,9.18,10.37,9.15,10.06,9.09,10.67,5881622,59169119.79
2026-08-03,USHAMART,EQ,INE228A01035,USHA MARTIN LTD.,503.0,513.0,500.0,504.05,495.95,1.63,557146,280829434.5
2026-08-03,USK,EQ,INE0N0Y01013,UDAYSHIVAKUMAR INFRA LTD,22.1,22.89,21.75,22.43,22.25,0.81,16660,373683.81
2026-08-03,UTIAMC,EQ,INE094J01016,UTI ASSET MNGMT CO LTD,911.55,917.85,904.5,915.75,903.1,1.4,290426,265957609.5
2026-08-03,UTKARSHBNK,EQ,INE735W01017,UTKARSH SMALL FIN BANK L,15.0,15.14,14.3,14.56,14.62,-0.41,14520349,211416287.53
2026-08-03,UTLSOLAR,EQ,INE12UR01024,FUJIYAMA POWER SYSTEMS L,387.0,394.0,385.2,389.3,380.5,2.31,341058,132773875.24
2026-08-03,UTTAMSUGAR,EQ,INE786F01031,UTTAM SUGAR MILLS LTD.,223.4,243.0,223.0,240.45,222.33,8.15,459755,110548088.35
2026-08-03,V2RETAIL,EQ,INE945H01021,V2 RETAIL LIMITED,218.5,223.36,216.0,218.64,219.33,-0.31,976692,213543938.28
2026-08-03,VADILALIND,EQ,INE694D01016,VADILAL INDUSTRIES LTD,7214.5,7478.5,7211.0,7356.5,7214.5,1.97,24838,182720747.0
2026-08-03,VAIBHAVGBL,EQ,INE884A01027,VAIBHAV GLOBAL LIMITED,267.0,272.9,264.0,265.7,266.36,-0.25,388078,103112329.34
2026-08-03,VAISHALI,EQ,INE972X01022,VAISHALI PHARMA LIMITED,7.7,7.7,7.35,7.64,7.35,3.95,114111,871808.02
2026-08-03,VAKRANGEE,EQ,INE051B01021,VAKRANGEE LIMITED,5.97,6.05,5.95,5.99,5.97,0.34,706924,4234474.6
2026-08-03,VAL30IETF,EQ,INF109KC16X5,ICICIPRAMC - VAL30IETF,15.2,15.66,15.2,15.52,15.42,0.65,295710,4589419.34
2026-08-03,VALUE,EQ,INF769K01QV2,MIRAEAMC - VALUE,16.32,16.4,16.32,16.35,16.23,0.74,38463,628870.06
2026-08-03,VALUEAXIS,EQ,INF846KA1119,AXISAMC-VALUEAXIS,33.06,33.37,32.76,33.18,33.06,0.36,59247,1965815.48
2026-08-03,VAML,EQ,INE1CDF01017,VEDANTA ALUMINIUM METAL L,457.0,461.9,451.1,459.95,454.2,1.27,8502145,3910561696.54
2026-08-03,VARDMNPOLY,EQ,INE835A01029,VARDHMAN POLYTEX LTD.,6.09,6.16,6.06,6.12,5.97,2.51,169091,1034836.9
2026-08-03,VARROC,EQ,INE665L01035,VARROC ENGINEERING LTD.,687.65,706.95,681.25,686.9,679.2,1.13,365591,251124466.83
2026-08-03,VASCONEQ,EQ,INE893I01013,VASCON ENGINEERS LTD,32.11,33.54,31.85,33.26,31.95,4.1,355374,11819738.64
2026-08-03,VASWANI,EQ,INE590L01019,VASWANI IND LTD,52.01,52.98,51.62,51.81,51.58,0.45,14751,764249.33
2026-08-03,VBL,EQ,INE200M01039,VARUN BEVERAGES LIMITED,444.0,450.0,442.6,445.0,442.3,0.61,6028529,2682695405.0
2026-08-03,VEDL,EQ,INE205A01025,VEDANTA LIMITED,267.9,268.8,264.5,267.25,264.25,1.14,6725800,1797470050.0
2026-08-03,VEDPOWER,EQ,INE694L01019,VEDANTA POWER LIMITED,34.9,35.64,34.45,35.2,34.52,1.97,18829447,662796548.77
2026-08-03,VEEDOL,EQ,INE484C01030,VEEDOL CORPORATION LTD,1406.9,1420.9,1403.0,1412.2,1399.5,0.91,9104,12856668.36
2026-08-03,VENKEYS,EQ,INE398A01010,VENKY S (INDIA) LIMITED,1508.6,1578.0,1508.6,1565.0,1499.4,4.38,81484,127522460.0
2026-08-03,VENTIVE,EQ,INE781S01027,VENTIVE HOSPITALITY LTD,634.0,634.0,616.0,622.25,624.6,-0.38,18953,11793504.25
2026-08-03,VENUSPIPES,EQ,INE0JA001018,VENUS PIPES & TUBES LTD,1700.0,1700.0,1540.1,1564.3,1666.1,-6.11,321514,502944365.9
2026-08-03,VERANDA,EQ,INE0IQ001011,VERANDA LEARNING SOL LTD,261.0,265.5,248.0,254.45,259.09,-1.79,1362459,346677688.39
2026-08-03,VERTOZ,EQ,INE188Y01031,VERTOZ LIMITED,35.87,36.4,35.3,35.61,35.54,0.2,57895,2061640.99
2026-08-03,VESUVIUS,EQ,INE386A01023,VESUVIUS INDIA LTD,444.3,459.0,444.3,451.4,443.75,1.72,62578,28247708.82
2026-08-03,VGL,EQ,INE273D01027,VARVEE GLOBAL LIMITED,62.2,62.9,60.6,61.7,62.2,-0.8,16310,1006327.01
2026-08-03,VGUARD,EQ,INE951I01027,V-GUARD IND LTD.,315.0,318.6,311.8,314.7,314.5,0.06,1522820,479231472.59
2026-08-03,VHL,EQ,INE701A01023,VARDHMAN HOLDINGS LIMITED,3398.0,3550.3,3398.0,3425.2,3398.0,0.8,1443,4942563.53
2026-08-03,VIDHIING,EQ,INE632C01026,VIDHI SPCLTY F INGRDNTS L,335.0,349.9,330.55,340.9,329.1,3.59,97996,33406835.8
2026-08-03,VIDYAWIRES,EQ,INE14UN01029,VIDYA WIRES LIMITED,92.4,93.5,92.06,93.23,91.64,1.74,524651,48913214.49
2026-08-03,VIJAYA,EQ,INE043W01024,VIJAYA DIAGNOSTIC CEN LTD,1342.0,1369.7,1334.6,1354.0,1344.4,0.71,110427,149518158.0
2026-08-03,VIKASECO,EQ,INE806A01020,VIKAS ECOTECH LIMITED,1.09,1.14,1.09,1.11,1.09,1.83,2204741,2447262.54
2026-08-03,VIKASLIFE,EQ,INE161L01027,VIKAS LIFECARE LIMITED,1.28,1.31,1.28,1.28,1.28,0.0,2566730,3285414.33
2026-08-03,VIKRAMSOLR,EQ,INE078V01014,VIKRAM SOLAR LIMITED,180.0,181.8,177.3,177.8,177.65,0.08,1360118,241828984.55
2026-08-03,VIKRAN,EQ,INE01R501028,VIKRAN ENGINEERING LTD,72.7,73.84,72.1,72.54,72.19,0.48,1164030,84438737.27
2026-08-03,VIMTALABS,EQ,INE579C01029,VIMTA LABS LIMITED,605.05,625.0,605.05,620.15,608.85,1.86,200457,124313413.44
2026-08-03,VINATIORGA,EQ,INE410B01037,VINATI ORGANICS LTD,1304.9,1340.0,1304.9,1323.1,1304.6,1.42,46628,61693505.66
2026-08-03,VINCOFE,EQ,INE498Q01014,VINTAGE COFFEE N BVRGS L,151.89,156.0,151.05,152.39,149.48,1.95,2097019,319564724.13
2026-08-03,VINDHYATEL,EQ,INE707A01012,VINDHYA TELELINKS LTD,2185.9,2383.0,2073.6,2383.0,1985.9,20.0,605417,1442708711.0
2026-08-03,VINEETLAB,EQ,INE505Y01010,VINEET LABORATORIES LTD,40.0,40.0,38.16,38.35,39.63,-3.23,57576,2208039.51
2026-08-03,VINNY,EQ,INE01KI01027,VINNY OVERSEAS LIMITED,1.05,1.07,1.05,1.05,1.05,0.0,192610,202240.49
2026-08-03,VINYLINDIA,EQ,INE250B01029,VINYL CHEMICALS (I) LTD.,241.8,247.0,241.8,246.25,241.8,1.84,12773,3145351.25
2026-08-03,VIPCLOTHNG,EQ,INE450G01024,VIP CLOTHING LIMITED,21.45,21.94,21.35,21.5,21.33,0.8,35072,754048.0
2026-08-03,VIPIND,EQ,INE054A01027,VIP INDUSTRIES LTD,301.95,315.3,299.1,310.4,298.95,3.83,431915,134066413.36
2026-08-03,VIRINCHI,EQ,INE539B01017,VIRINCHI LIMITED,15.64,15.64,15.12,15.32,15.2,0.79,69383,1062947.54
2026-08-03,VISACHROME,EQ,INE286H01012,VISA CHROME LIMITED,38.85,38.85,37.85,37.85,37.75,0.26,16378,619907.28
2026-08-03,VISAKAIND,EQ,INE392A01021,VISAKA INDUSTRIES LIMITED,86.75,88.66,86.0,86.99,85.34,1.93,535341,46569312.45
2026-08-03,VISHNU,EQ,INE270I01022,VISHNU CHEMICALS LIMITED,602.5,622.1,593.0,599.7,613.25,-2.21,280125,167990965.92
2026-08-03,VISHWARAJ,EQ,INE430N01022,VISHWARAJ SUGAR IND LTD,5.17,5.38,5.12,5.24,5.12,2.34,416008,2179881.82
2026-08-03,VISL,EQ,INE1CLE01013,VEDANTA IRON AND STEEL L,32.8,33.89,31.88,33.89,32.28,4.99,46832885,1587166444.07
2026-08-03,VITAL,EQ,INE0L4K01016,VITAL CHEMTECH LIMITED,48.42,48.42,47.48,48.42,47.48,1.98,110,5326.2
2026-08-03,VIVIANA,EQ,INE0MEG01014,VIVIANA POWER TECH LTD,722.1,734.9,701.1,717.9,718.55,-0.09,15056,10808702.77
2026-08-03,VIVIDHA,EQ,INE370E01029,VISAGAR POLYTEX LTD,0.55,0.55,0.51,0.52,0.52,0.0,449682,233834.63
2026-08-03,VIYASH,EQ,INE807F01027,VIYASH SCIENTIFIC LIMITED,256.05,266.15,252.8,263.7,252.0,4.64,2970032,783197474.66
2026-08-03,VLEGOV,EQ,INE03HW01020,VL E GOV AND IT SOL LTD,10.35,10.4,10.35,10.35,10.4,-0.48,31765,328767.76
2026-08-03,VLSFINANCE,EQ,INE709A01018,VLS FINANCE LTD,255.05,256.8,253.6,254.65,254.6,0.02,15584,3968465.5
2026-08-03,VMART,EQ,INE665J01013,VMART RETAIL LTD,782.9,786.0,765.8,777.95,779.1,-0.15,104165,81035163.02
2026-08-03,VMM,EQ,INE01EA01019,VISHAL MEGA MART LIMITED,107.65,111.39,107.11,111.2,107.1,3.83,12521867,1392431572.19
2026-08-03,VMSTMT,EQ,INE0SJA01013,VMS TMT LIMITED,45.0,45.32,43.95,44.38,44.66,-0.63,28351,1258217.41
2026-08-03,VOEPL,EQ,INE0I0T01010,VIRTUOSO OPTOELECTRONIC L,488.4,505.0,472.05,498.45,478.6,4.15,90890,45304121.61
2026-08-03,VOGL,EQ,INE704J01044,VEDANTA OIL AND GAS LTD,35.9,35.96,35.1,35.24,35.54,-0.84,25163239,886752584.6
2026-08-03,VOLTAMP,EQ,INE540H01012,VOLTAMP TRANSFORMERS LTD,10215.0,10425.0,9886.0,10021.0,9923.0,0.99,132224,1325016704.0
2026-08-03,VOLTAS,EQ,INE226A01021,VOLTAS LTD,1328.9,1343.6,1315.0,1324.8,1328.9,-0.31,259054,343194751.85
2026-08-03,VPRPL,EQ,INE0AE001013,VISHNU PRAKASH R PUNGLI L,27.03,28.2,27.0,28.05,27.03,3.77,179634,5038733.56
2026-08-03,VRAJ,EQ,INE0S2V01010,VRAJ IRON AND STEEL LTD,122.25,125.25,122.25,122.94,122.55,0.32,29729,3654883.33
2026-08-03,VRLLOG,EQ,INE366I01010,VRL LOGISTICS LIMITED,265.65,273.3,260.75,272.1,265.65,2.43,842000,229108205.14
2026-08-03,VSSL,EQ,INE050M01012,VARDHMAN SPC STEEL LTD,312.2,312.2,303.0,304.0,304.75,-0.25,76665,23306160.0
2026-08-03,VSTIND,EQ,INE710A01016,VST INDUSTRIES LTD,221.5,223.56,217.0,219.29,221.5,-1.0,522416,114560601.13
2026-08-03,VSTL,EQ,INE0QTF01015,VIBHOR STEEL TUBES LTD,110.9,112.33,109.0,109.81,110.87,-0.96,13699,1504287.16
2026-08-03,VSTTILLERS,EQ,INE764D01017,VST TILLERS TRACTORS LTD,4464.0,4522.0,4442.4,4472.8,4455.9,0.38,9030,40389382.24
2026-08-03,VTL,EQ,INE825A01020,VARDHMAN TEXTILES LIMITED,585.8,592.0,576.0,588.35,585.8,0.44,480679,282807477.91
2026-08-03,WAAREEENER,EQ,INE377N01017,WAAREE ENERGIES LIMITED,2705.0,2719.0,2670.2,2676.0,2680.2,-0.16,671684,1797426384.0
2026-08-03,WAAREEINDO,EQ,INE866K01023,INDOSOLAR LIMITED,310.0,322.0,305.6,322.0,306.7,4.99,97025,31242050.0
2026-08-03,WAAREERTL,EQ,INE299N01021,WAAREE RENEWABLE TECH LTD,913.2,925.0,913.2,919.65,913.2,0.71,105874,97367026.68
2026-08-03,WABAG,EQ,INE956G01038,VA TECH WABAG LTD,1987.3,2027.0,1971.0,2012.0,1977.2,1.76,760477,1530079724.0
2026-08-03,WAKEFIT,EQ,INE0E7301029,WAKEFIT INNOVATIONS LTD,126.2,132.0,125.0,130.05,125.14,3.92,1247319,162213839.76
2026-08-03,WALCHANNAG,EQ,INE711A01022,WALCHANDNAGAR INDUSTRIES,234.58,239.5,227.41,229.33,232.0,-1.15,564388,129431101.07
2026-08-03,WANBURY,EQ,INE107F01022,WANBURY LIMITED,294.0,300.95,283.0,286.2,293.55,-2.5,225207,64454246.15
2026-08-03,WCIL,EQ,INE0CJF01024,WESTERN CARRIERS (IND) L,90.89,92.11,89.81,90.48,90.03,0.5,49280,4458854.57
2026-08-03,WEALTH,EQ,INE658T01017,WEALTH FRST PORT. MG. LTD,929.95,945.6,929.95,939.25,929.95,1.0,1110,1042567.5
2026-08-03,WEBELSOLAR,EQ,INE855C01023,WEBSOL ENERGY SYSTEM LTD,98.07,98.7,97.36,97.58,96.69,0.92,1309761,127806480.78
2026-08-03,WEIZMANIND,EQ,INE080A01014,WEIZMANN LTD,77.5,78.98,77.12,77.91,77.48,0.55,3079,239884.9
2026-08-03,WEL,EQ,INE02WG01024,WONDER ELECTRICALS LTD,122.9,128.5,120.11,123.02,119.55,2.9,791935,97423841.04
2026-08-03,WELCORP,EQ,INE191B01025,WELSPUN CORP LIMITED,1672.0,1721.9,1659.2,1715.3,1650.6,3.92,698272,1197745995.7
2026-08-03,WELENT,EQ,INE625G01013,WELSPUN ENTERPRISES LTD.,599.9,609.7,590.0,606.75,592.3,2.44,125389,76079775.75
2026-08-03,WELSPUNLIV,EQ,INE192B01031,WELSPUN LIVING LIMITED,156.0,159.37,152.98,154.63,155.94,-0.84,1531380,236797296.88
2026-08-03,WENDT,EQ,INE274C01019,WENDT (INDIA) LIMITED,8260.0,8314.5,8172.5,8206.0,8207.5,-0.02,4828,39618568.0
2026-08-03,WESTLIFE,EQ,INE274F01020,WESTLIFE FOODWORLD LTD,510.0,534.65,505.05,531.2,507.1,4.75,168396,89451957.26
2026-08-03,WEWIN,EQ,INE082W01014,WE WIN LIMITED,46.0,46.0,45.5,45.59,44.9,1.54,205,9345.95
2026-08-03,WEWORK,EQ,INE085001019,WEWORK INDIA MANAGEMENT L,750.0,754.0,726.6,744.6,743.5,0.15,163517,121754754.21
2026-08-03,WHEELS,EQ,INE715A01015,WHEELS INDIA LTD,1410.1,1464.8,1410.1,1415.7,1409.6,0.43,74118,104928848.98
2026-08-03,WHIRLPOOL,EQ,INE716A01013,WHIRLPOOL OF INDIA LTD,807.0,829.5,806.25,824.45,802.9,2.68,291357,240209282.21
2026-08-03,WILLAMAGOR,EQ,INE210A01017,WILLIAMSON MAGOR,27.0,27.0,25.11,26.57,25.21,5.39,2370,62970.9
2026-08-03,WINDLAS,EQ,INE0H5O01029,WINDLAS BIOTECH LIMITED,856.6,870.0,856.6,867.8,857.7,1.18,11626,10089042.66
2026-08-03,WINDMACHIN,EQ,INE052A01021,WINDSOR MACHINES LIMITED,288.0,289.9,275.0,281.05,283.1,-0.72,65736,18475102.0
2026-08-03,WIPL,EQ,INE215F01023,THE WESTERN INDIA PLY LTD,169.22,170.0,165.01,168.0,169.22,-0.72,1366,229488.0
2026-08-03,WIPRO,EQ,INE075A01022,WIPRO LTD,184.02,189.81,184.02,188.66,183.65,2.73,15840516,2988471806.57
2026-08-03,WOCKPHARMA,EQ,INE049B01025,WOCKHARDT LIMITED,1967.0,2035.0,1941.0,2028.4,1959.7,3.51,1182004,2397576942.46
2026-08-03,WONDERLA,EQ,INE066O01014,WONDERLA HOLIDAYS LTD.,480.0,488.9,480.0,485.2,477.7,1.57,47508,23050882.18
2026-08-03,WORTHPERI,EQ,INE196Y01018,WORTH PERIPHERALS LIMITED,148.0,148.0,145.01,145.93,145.77,0.11,7412,1081633.11
2026-08-03,WSI,EQ,INE100D01014,W.S.INDUSTRIES (I) LTD.,60.69,61.34,60.21,60.51,60.9,-0.64,23812,1440864.08
2026-08-03,WSTCSTPAPR,EQ,INE976A01021,WEST COAST PAPER MILLS LT,570.0,579.9,563.1,569.0,569.5,-0.09,110065,62626985.0
2026-08-03,XCHANGING,EQ,INE692G01013,XCHANGING SOLUTIONS LTD,66.12,69.49,66.12,67.65,66.12,2.31,320112,21655577.29
2026-08-03,XELPMOC,EQ,INE01P501012,XELPMOC DESIGN & TECH LTD,82.0,84.8,79.11,83.4,81.25,2.65,12434,1036995.62
2026-08-03,XPROINDIA,EQ,INE445C01015,XPRO INDIA LIMITED,1400.0,1401.4,1278.5,1302.8,1500.4,-13.17,349840,455771569.08
2026-08-03,XTGLOBAL,EQ,INE547B01028,XTGLOBAL INFOTECH LIMITED,34.0,35.0,32.4,33.38,33.95,-1.68,115546,3856925.6
2026-08-03,XTRANET,EQ,INE0NG701011,XTRANET TECHNOLOGIES LTD,125.26,125.89,122.85,124.01,126.53,-1.99,295731,36673601.94
2026-08-03,YASHO,EQ,INE616Z01012,YASHO INDUSTRIES LIMITED,4120.0,4223.3,3701.1,3884.8,3858.7,0.68,438114,1701985288.59
2026-08-03,YATHARTH,EQ,INE0JO301016,YATHARTH HOSP & TRA C S L,824.0,843.85,824.0,833.95,818.45,1.89,199791,166615706.89
2026-08-03,YATRA,EQ,INE0JR601024,YATRA ONLINE LIMITED,108.99,109.58,106.68,107.63,106.48,1.08,494101,53180089.27
2026-08-03,YESBANK,EQ,INE528G01035,YES BANK LIMITED,22.8,23.0,22.75,23.0,22.77,1.01,35072952,806677896.0
2026-08-03,YUKEN,EQ,INE384C01016,YUKEN INDIA LIMITED,724.0,736.35,710.3,718.6,718.9,-0.04,10575,7599194.74
2026-08-03,ZAGGLE,EQ,INE07K301024,ZAGGLE PREPA OCEAN SER L,206.01,208.31,203.1,205.85,204.6,0.61,537714,110688430.18
2026-08-03,ZEEL,EQ,INE256A01028,ZEE ENTERTAINMENT ENT LTD,103.0,106.7,95.55,98.14,114.55,-14.33,107649848,10564756017.02
2026-08-03,ZEELEARN,EQ,INE565L01011,ZEE LEARN LIMITED,8.09,8.5,8.0,8.14,8.13,0.12,570007,4639857.18
2026-08-03,ZEEMEDIA,EQ,INE966H01019,ZEE MEDIA CORPORATION LTD,7.75,7.75,7.05,7.19,7.5,-4.13,3278479,23572264.2
2026-08-03,ZENITHEXPO,EQ,INE058B01018,ZENITH EXPORTS LTD,198.89,200.9,198.89,198.89,200.9,-1.0,253,50319.17
2026-08-03,ZENITHSTL,EQ,INE318D01020,ZENITH STEEL PIP IND LTD,5.55,5.85,5.5,5.63,5.54,1.62,70459,396684.18
2026-08-03,ZENSARTECH,EQ,INE520A01027,ZENSAR TECHNOLOGIES  LTD,510.15,521.0,500.6,518.0,507.95,1.98,2261287,1171346666.0
2026-08-03,ZENTEC,EQ,INE251B01027,ZEN TECHNOLOGIES LIMITED,1635.0,1673.5,1624.0,1656.4,1624.2,1.98,298507,494447002.09
2026-08-03,ZFCVINDIA,EQ,INE342J01019,ZF COM VE CTR SYS IND LTD,2418.0,2468.5,2400.0,2447.8,2417.9,1.24,105608,258507267.56
2026-08-03,ZFSTEERING,EQ,INE116C01012,Z F STEERING GEAR (I) LTD,670.35,682.0,664.0,679.0,663.95,2.27,2315,1571885.0
2026-08-03,ZIMLAB,EQ,INE518E01015,ZIM LABORATORIES LIMITED,116.99,118.0,110.0,111.23,112.99,-1.56,109300,12157439.37
2026-08-03,ZODIAC,EQ,INE761Y01019,ZODIAC ENERGY LIMITED,270.05,271.0,253.25,256.3,251.65,1.85,32586,8351791.4
2026-08-03,ZODIACLOTH,EQ,INE206B01013,ZODIAC CLOTHING CO. LTD.,76.61,78.49,75.2,76.65,76.39,0.34,4203,322159.96
2026-08-03,ZOTA,EQ,INE358U01012,ZOTA HEALTH CARE LIMITED,1290.0,1297.2,1260.5,1265.7,1279.3,-1.06,42565,53874518.42
2026-08-03,ZUARI,EQ,INE840M01016,ZUARI AGRO CHEMICALS LTD,234.55,240.98,232.96,233.27,234.54,-0.54,107463,25067894.47
2026-08-03,ZUARIIND,EQ,INE217A01012,ZUARI INDUSTRIES LIMITED,263.0,264.85,258.65,259.35,258.8,0.21,11327,2937657.52
2026-08-03,ZYDUSLIFE,EQ,INE010B01027,ZYDUS LIFESCIENCES LTD,1135.0,1135.9,1108.1,1121.0,1126.8,-0.51,1420266,1592118186.0
2026-08-03,ZYDUSWELL,EQ,INE768C01028,ZYDUS WELLNESS LIMITED,570.0,578.45,557.0,559.85,577.55,-3.06,540492,302594433.0
