date,symbol,series,isin,name,open,high,low,close,prev_close,chg_pct,volume,value
2026-05-29,3IINFOLTD,BE,INE748C01038,3I INFOTECH LIMITED,16.91,17.58,16.89,17.24,17.3,-0.35,280076,4828510.18
2026-05-29,AARNAV,BE,INE750R01016,AARNAV FASHIONS LIMITED,23.5,24.9,23.34,24.47,24.44,0.12,374645,9167562.89
2026-05-29,AARTECH,BE,INE01C001026,AARTECH SOLONICS LIMITED,44.15,44.15,41.62,42.05,43.67,-3.71,58465,2458453.21
2026-05-29,AARTISURF,BE,INE09EO01013,AARTI SURFACTANTS LIMITED,390.6,394.95,386.1,389.05,390.6,-0.4,7633,2969618.56
2026-05-29,ABAN,BE,INE421A01028,ABAN OFFSHORE LTD.,17.0,17.0,17.0,17.0,17.0,0.0,0,0.0
2026-05-29,ABINFRA,BE,INE00YB01025,A B INFRABUILD LIMITED,12.06,12.33,10.77,10.93,11.88,-8.0,1909772,20873808.54
2026-05-29,ABMINTLLTD,BE,INE251C01025,ABM INTERNATIONAL LTD,44.54,47.5,44.54,47.44,45.61,4.01,1800,85392.0
2026-05-29,ACCURACY,BE,INE648Z01023,ACCURACY SHIPPING LIMITED,5.71,5.71,5.35,5.49,5.63,-2.49,186339,1023001.07
2026-05-29,AHLWEST,BE,INE915K01010,ASIAN HOTELS (WEST) LTD,576.0,603.0,574.05,574.1,604.25,-4.99,2865,1644796.43
2026-05-29,AKI,BE,INE642Z01026,AKI INDIA LIMITED,4.85,5.36,4.8,4.92,4.85,1.44,76031,374072.53
2026-05-29,AKSHARCHEM,BE,INE542B01011,AKSHARCHEM INDIA LIMITED,188.6,197.3,186.2,190.41,199.76,-4.68,7748,1475296.71
2026-05-29,AKSHOPTFBR,BE,INE523B01011,AKSH OPTIFIBRE  LTD,6.1,6.1,6.1,6.1,5.99,1.84,19001,115906.1
2026-05-29,ALPHAGEO,BE,INE137C01018,ALPHAGEO (INDIA) LIMITED,227.0,227.9,220.59,221.18,225.96,-2.12,4681,1035343.55
2026-05-29,AMANTA,BE,INE084K01015,AMANTA HEALTHCARE LIMITED,131.3,134.0,122.93,125.51,131.8,-4.77,222537,27930619.35
2026-05-29,AMBALALSA,BE,INE432A01017,AMBALAL SARABHAI ENT L,35.0,36.4,33.31,35.29,34.52,2.23,235878,8324134.84
2026-05-29,AMDIND,BE,INE005I01014,AMD INDUSTRIES LIMITED,45.79,47.51,45.57,46.11,45.57,1.18,12133,559452.64
2026-05-29,ANMOL,BE,INE02AR01019,ANMOL INDIA LIMITED,12.0,12.0,11.44,11.58,11.56,0.17,35336,409190.88
2026-05-29,APTECHT,BE,INE266F01018,APTECH LIMITED,107.76,108.25,102.0,102.77,107.76,-4.63,461147,47392075.64
2026-05-29,ARIES,BE,INE298I01015,ARIES AGRO LTD.,358.05,359.0,332.35,336.5,363.75,-7.49,73660,24786590.0
2026-05-29,ASAHISONG,BE,INE228I01012,ASAHI SONGWON COLOR LTD,250.04,250.75,242.78,244.61,252.66,-3.19,35768,8749210.5
2026-05-29,ASMS,BE,INE855F01042,AVIO SMART MRKT STACK LTD,7.75,8.2,7.23,7.42,7.6,-2.37,1548780,11491947.72
2026-05-29,AVG,BE,INE680Z01018,AVG LOGISTICS LIMITED,158.9,164.0,154.15,155.4,158.86,-2.18,20150,3131309.88
2026-05-29,BAFNAPH,BE,INE878I01022,BAFNA PHARMACEUTICALS LTD,135.5,135.5,131.1,131.9,129.9,1.54,926,122139.39
2026-05-29,BASML,BE,INE186H01022,BANNARI AM SPIN MILL LTD.,26.82,27.48,24.96,25.32,26.82,-5.59,388468,9836009.64
2026-05-29,BGRENERGY,BE,INE661I01014,BGR ENERGY SYSTEMS LTD,339.7,346.7,335.0,346.35,330.2,4.89,242349,83937577.63
2026-05-29,BHAGERIA,BE,INE354C01027,BHAGERIA INDUSTRIES LTD,159.1,163.3,156.7,158.59,158.06,0.34,37098,5883371.68
2026-05-29,BHARATGEAR,BE,INE561C01019,BHARAT GEARS LTD,120.2,121.29,118.05,119.41,120.09,-0.57,83978,10027813.29
2026-05-29,BILVYAPAR,BE,INE071A01013,BIL VYAPAR LIMITED,4.62,4.62,4.62,4.62,4.62,0.0,0,0.0
2026-05-29,BLISSGVS,BE,INE416D01022,BLISS GVS PHARMA LTD,398.1,438.0,393.55,425.3,396.85,7.17,7739080,3291430629.53
2026-05-29,BTTL,BE,INE274K01012,BHILWARA TECHNICAL TEXT L,35.5,35.5,33.05,33.83,34.42,-1.71,14911,504439.16
2026-05-29,BURNPUR,BE,INE817H01022,BURNPUR CEMENT LIMITED,33.0,33.0,33.0,33.0,33.0,0.0,0,0.0
2026-05-29,BYKE,BE,INE319B01014,THE BYKE HOSPITALITY LTD,37.0,37.0,34.81,35.0,36.1,-3.05,63855,2234925.0
2026-05-29,CALSOFT,BE,INE526B01014,CALIFORNIA SOFTWARE CO LT,19.01,20.07,18.4,20.07,19.12,4.97,210062,4215944.28
2026-05-29,CAPTRUST,BE,INE707C01018,CAPITAL TRUST LIMITED,14.27,14.73,13.84,13.84,14.56,-4.95,57237,792160.09
2026-05-29,CHEMBONDCH,BE,INE0TGX01019,CHEMBOND CHEMICAL LIMITED,193.41,199.5,184.11,185.32,193.41,-4.18,7982,1479224.3
2026-05-29,CHEMCON,BE,INE03YM01018,CHEMCON SPECIAL CHEM LTD,192.0,193.85,185.55,186.46,193.18,-3.48,66283,12359128.63
2026-05-29,CONSOFINVT,BE,INE025A01027,CONSO. FIN. & HOLD. LTD.,239.85,239.85,229.0,230.31,231.88,-0.68,2611,601339.4
2026-05-29,COUNCODOS,BE,INE695B01025,COUNTRY CONDO S LIMITED,4.85,5.7,4.73,4.91,4.85,1.24,99651,489286.39
2026-05-29,CTE,BE,INE627H01017,CAMBRIDGE TECH ENTER LTD,31.0,32.63,31.0,32.61,31.08,4.92,13904,453409.45
2026-05-29,CURAA,BE,INE117B01020,CURA TECHNOLOGIES LIMITED,89.34,92.9,85.5,86.67,89.5,-3.16,643,55728.81
2026-05-29,CYBERMEDIA,BE,INE278G01037,CYBER MEDIA (INDIA) LTD.,17.55,18.25,16.9,17.22,17.55,-1.88,20396,351219.11
2026-05-29,CYBERTECH,BE,INE214A01019,CYBERTECH SYSTEMS & SOFTW,150.0,152.71,138.01,140.3,151.22,-7.22,112147,15734224.44
2026-05-29,DAMODARIND,BE,INE497D01022,DAMODAR INDUSTRIES LTD,33.4,33.4,31.03,31.9,31.66,0.76,2604,83067.6
2026-05-29,DBSTOCKBRO,BE,INE921B01025,DB (INT) STOCK BROKERS,31.02,33.83,30.42,33.57,31.03,8.19,56951,1911845.05
2026-05-29,DELPHIFX,BE,INE726L01027,DELPHI WORLD MONEY LTD,10.98,10.98,9.96,10.02,10.36,-3.28,186767,1871405.43
2026-05-29,DIACABS,BE,INE989C01038,DIAMOND POWER INFRA LTD,201.0,203.5,193.01,194.31,198.2,-1.96,5178090,1006154655.26
2026-05-29,DIGJAMLMTD,BE,INE731U01028,DIGJAM LTD,45.3,47.19,44.38,45.41,46.28,-1.88,3381,153531.21
2026-05-29,DPSCLTD,BE,INE360C01024,DPSC LIMITED,8.47,8.77,8.05,8.47,8.47,0.0,119731,1014121.6
2026-05-29,DPWIRES,BE,INE864X01013,D P WIRES LIMITED,188.0,188.47,182.25,185.25,183.85,0.76,20190,3740197.5
2026-05-29,DSFCL,BE,INE0OFM01015,DCM SHRIRAM FINE CHEM LTD,26.02,26.02,24.55,25.08,25.83,-2.9,33403,837747.24
2026-05-29,DSKULKARNI,BE,INE891A01022,DS KULKARNI DEVELOPERS L,13.55,13.55,13.55,13.55,13.55,0.0,0,0.0
2026-05-29,DTIL,BE,INE341R01014,DHUNSERI TEA & IND. LTD.,139.0,141.75,132.62,133.28,136.99,-2.71,5641,751832.47
2026-05-29,E2E,BE,INE255Z01027,E2E NETWORKS LIMITED,397.01,407.0,381.31,392.24,395.14,-0.73,3135380,1229821420.58
2026-05-29,EASTSILK,BE,INE962C01035,EASTERN SILK INDUSTRIES L,53.07,55.95,53.05,55.91,55.35,1.01,1169,65358.79
2026-05-29,EIFFL,BE,INE546V01010,EURO (I) FRESH FOODS LTD,255.0,257.4,233.15,233.55,235.3,-0.74,62667,14635878.04
2026-05-29,EMAMIPAP,BE,INE830C01026,EMAMI PAPER MILLS LIMITED,84.19,88.8,84.19,87.01,79.82,9.01,229021,19927117.7
2026-05-29,EMMBI,BE,INE753K01015,EMMBI INDUSTRIES LIMITED,86.5,87.5,83.0,83.32,84.21,-1.06,6576,547912.32
2026-05-29,EQUIPPP,BE,INE217G01035,EQUIPPP SOC IMP TECH LTD,16.77,17.6,16.77,17.6,16.77,4.95,11638,204828.8
2026-05-29,ESAFSFB,BE,INE818W01011,ESAF SMALL FINANCE BANK L,29.1,29.4,28.4,28.61,28.89,-0.97,493336,14114343.26
2026-05-29,EUROTEXIND,BE,INE022C01012,EUROTEX IND & EXPORTS LTD,15.5,16.33,15.5,15.6,15.5,0.65,7701,120135.6
2026-05-29,EVERESTIND,BE,INE295A01018,EVEREST INDUSTRIES LTD,385.2,394.9,376.0,380.55,391.15,-2.71,6984,2657761.11
2026-05-29,FAIRCHEMOR,BE,INE0DNW01011,FAIRCHEM ORGANICS LIMITED,606.2,638.7,606.15,616.15,617.15,-0.16,25892,15953356.43
2026-05-29,FLEXITUFF,BE,INE060J01017,FLEXITUFF VENTURES INT L,6.96,7.0,6.7,6.89,6.83,0.88,11526,79414.14
2026-05-29,FOCUS,BE,INE593W01028,FOCUS LIGHTG & FIXTRS LTD,81.0,84.08,80.9,82.8,79.6,4.02,170917,14151928.12
2026-05-29,GANESHBE,BE,INE388A01029,GANESH BENZOPLAST LIMITED,99.8,99.8,94.24,96.23,99.31,-3.1,669705,64445714.4
2026-05-29,GATECH,BE,INE224E01028,GACM TECHNOLOGIES LIMITED,0.52,0.54,0.52,0.53,0.53,0.0,8664135,4591991.3
2026-05-29,GATECHDVR,BE,INE224E01036,GACM TECHNOLOGIES LIMITED,0.49,0.5,0.48,0.49,0.49,0.0,279874,137138.26
2026-05-29,GEECEE,BE,INE916G01016,GEECEE VENTURES LIMITED,327.95,328.0,314.3,315.85,322.75,-2.14,4054,1280455.92
2026-05-29,GFSTEELS,BE,INE534A01028,GRAND FOUNDRY LTD,12.97,12.97,12.97,12.97,12.97,0.0,0,0.0
2026-05-29,GICL,BE,INE947T01022,GLOBE INTL CARRIERS LTD,41.65,41.75,41.01,41.28,40.83,1.1,1523499,62890036.86
2026-05-29,GINNIFILA,BE,INE424C01010,GINNIFILAMENTS LTD.,45.0,45.45,42.05,42.68,44.93,-5.01,113532,4845545.79
2026-05-29,GOLDTECH,BE,INE805A01014,AION-TECH SOLUTIONS LTD,49.85,49.85,44.12,44.99,48.37,-6.99,183953,8276045.78
2026-05-29,GRADIENTE,BE,INE361K01017,GRADIENTE INFOTAINMENT L,3.75,3.75,3.75,3.75,3.94,-4.82,169189,634458.75
2026-05-29,GULFPETRO,BE,INE586G01017,GP PETROLEUMS LIMITED,37.3,37.78,36.01,36.45,36.62,-0.46,124645,4543310.35
2026-05-29,GVKPIL,BE,INE251H01024,GVK POW. & INFRA LTD.,3.06,3.12,3.0,3.05,3.06,-0.33,2304462,7028608.99
2026-05-29,GVPTECH,BE,INE382T01030,GVP INFOTECH LIMITED,6.8,6.87,6.66,6.76,6.77,-0.15,38630,261138.81
2026-05-29,HEG,BE,INE545A01024,HEG LIMITED,583.95,584.85,564.3,566.85,579.75,-2.23,1085366,615239690.6
2026-05-29,HFCL,BE,INE548A01028,HFCL LIMITED,175.0,189.08,170.32,179.94,173.92,3.46,111112652,19993610872.15
2026-05-29,HITECHCORP,BE,INE120D01012,HITECH CORPORATION LTD,242.18,242.18,242.18,242.18,220.17,10.0,20068,4860068.09
2026-05-29,HITECHGEAR,BE,INE127B01011,THE HI-TECH GEARS LIMITED,576.0,590.0,576.0,580.25,591.65,-1.93,762,442150.5
2026-05-29,HMVL,BE,INE871K01015,HINDUSTAN MEDIA VENT LTD,65.39,71.1,65.39,68.18,63.67,7.08,127023,8660428.18
2026-05-29,HYBRIDFIN,BE,INE965B01022,HYBRID FINANCIAL SERVICE,17.2,17.99,16.85,17.46,17.55,-0.51,8180,142822.79
2026-05-29,ICDSLTD,BE,INE613B01010,ICDSLTD,44.99,44.99,43.25,43.26,44.99,-3.85,906,39193.56
2026-05-29,INDOAMIN,BE,INE760F01028,INDO AMINES LIMITED,139.2,139.2,133.0,133.71,139.2,-3.94,206571,27620609.8
2026-05-29,IVP,BE,INE043C01018,IVP LIMITED,175.0,180.29,174.0,174.72,175.91,-0.68,12991,2269787.54
2026-05-29,KALYANIFRG,BE,INE314G01014,KALYANI FORGE LIMITED,633.0,646.95,591.55,606.3,630.55,-3.85,2387,1447238.07
2026-05-29,KAMDHENU,BE,INE390H01020,KAMDHENU LIMITED,25.16,25.41,23.5,24.04,25.53,-5.84,1483562,35664831.84
2026-05-29,KANORICHEM,BE,INE138C01024,KANORIACHEMICALS-,102.0,104.9,96.25,98.6,100.8,-2.18,27724,2733586.36
2026-05-29,KAUSHALYA,BE,INE234I01028,KAUSHALYA INFRA DEV LTD.,851.4,880.0,851.0,859.4,876.25,-1.92,158,135785.2
2026-05-29,KAVDEFENCE,BE,INE641C01019,KAVVERI DFS & WIR TEC LTD,65.24,66.38,63.0,63.7,65.23,-2.35,90461,5762365.77
2026-05-29,KAYA,BE,INE587G01015,KAYA LIMITED,242.3,249.45,242.0,244.4,242.3,0.87,16188,3956347.1
2026-05-29,KCPSUGIND,BE,INE790B01024,KCPSUGARINDUS,24.05,24.98,22.41,22.92,24.62,-6.9,689469,15802629.53
2026-05-29,KESORAMIND,BE,INE087A01019,KESORAM INDUSTRIES LTD,12.51,13.13,12.51,12.51,13.16,-4.94,1054896,13196749.2
2026-05-29,KHADIM,BE,INE834I01025,KHADIM INDIA LIMITED,102.76,104.7,100.1,101.73,103.01,-1.24,68930,7012249.13
2026-05-29,KILITCH,BE,INE729D01010,KILITCH DRUGS INDIA LTD,183.34,190.8,178.9,182.39,182.02,0.2,138343,25232379.69
2026-05-29,KOTARISUG,BE,INE419A01022,KOTHARI SUG & CHEM LTD.,25.16,26.5,25.16,25.51,25.4,0.43,38592,984481.93
2026-05-29,KOTYARK,BE,INE0J0B01017,KOTYARK INDUSTRIES LTD,38.38,38.92,37.73,37.99,38.38,-1.02,177485,6742816.59
2026-05-29,KRONOX,BE,INE0ATZ01017,KRONOX LAB SCIENCES LTD,144.94,145.8,138.0,138.87,143.12,-2.97,81514,11319848.78
2026-05-29,KSR,BE,INE1SPP01016,KSR FOOTWEAR LIMITED,33.4,33.4,31.93,31.96,33.61,-4.91,47266,1510621.32
2026-05-29,LANCORHOL,BE,INE572G01025,LANCOR HOLDINGS LIMITED,25.45,25.45,24.3,24.58,24.39,0.78,70828,1740952.23
2026-05-29,LOTUSDEV,BE,INE0V9Q01010,SRI LOTUS DEVLPRS N RTY L,136.31,139.8,136.31,137.88,136.25,1.2,382446,52731656.35
2026-05-29,LYKALABS,BE,INE933A01014,LYKA LABS LTD.,57.59,59.4,57.09,58.3,57.59,1.23,31052,1810331.58
2026-05-29,MADHUCON,BE,INE378D01032,MADHUCON PROJECTS LTD.,5.24,5.49,5.18,5.36,5.24,2.29,18211,97610.96
2026-05-29,MAHASTEEL,BE,INE451L01014,MAHAMAYA STEEL INDS LTD,930.0,950.0,905.0,946.35,932.45,1.49,7715,7301090.06
2026-05-29,MAJESAUT,BE,INE201B01022,MAJESTIC AUTO LTD.,344.5,344.5,325.35,335.95,335.9,0.01,3141,1055218.99
2026-05-29,MANAKSTEEL,BE,INE824Q01011,MANAKSIA STEELS LTD,69.15,72.0,67.3,67.66,69.16,-2.17,50459,3414056.12
2026-05-29,MAZDA,BE,INE885E01042,MAZDA LIMITED,209.05,227.68,209.05,223.42,208.21,7.31,110093,24596977.86
2026-05-29,MBECL,BE,INE748A01024,MCNALLY BHARAT ENGIN CO L,65.4,65.4,65.4,65.4,65.4,0.0,0,0.0
2026-05-29,MEDICAMEQ,BE,INE646B01010,MEDICAMEN BIOTECH LIMITED,286.25,299.4,269.0,271.55,284.6,-4.59,80954,21983057.71
2026-05-29,MENONBE,BE,INE071D01033,MENON BEARINGS LIMITED,149.01,150.0,144.35,145.17,149.01,-2.58,106390,15444636.11
2026-05-29,MHLXMIRU,BE,INE112D01035,MAHALAXMI RUBTECH LIMITED,179.05,183.0,177.85,179.23,183.27,-2.2,3770,675697.08
2026-05-29,MICEL,BE,INE287C01037,MIC ELECTRONICS LTD,44.01,44.83,43.51,43.74,44.01,-0.61,662402,28973464.59
2026-05-29,MODISONLTD,BE,INE737D01021,MODISON LIMITED,276.0,300.95,270.26,284.6,274.71,3.6,1419614,404022153.06
2026-05-29,MOLDTECH,BE,INE835B01035,MOLD-TEK TECHNOLOGIES LTD,120.51,122.92,120.51,121.22,120.71,0.42,35473,4300037.1
2026-05-29,MTARTECH,BE,INE864I01014,MTAR TECHNOLOGIES LIMITED,7900.0,8145.0,7620.0,7879.5,7889.5,-0.13,1528301,12042247729.5
2026-05-29,MTEDUCARE,BE,INE472M01018,MT EDUCARE LTD,1.59,1.73,1.59,1.59,1.67,-4.79,48648,77350.32
2026-05-29,MUKKA,BE,INE0CG401037,MUKKA PROTEINS LIMITED,23.21,23.61,22.6,22.79,23.21,-1.81,261559,5960929.85
2026-05-29,MUKTAARTS,BE,INE374B01019,MUKTA ARTS LIMITED,68.49,69.19,64.29,64.87,67.56,-3.98,16449,1067046.68
2026-05-29,NATCAPSUQ,BE,INE936B01015,NATURAL CAPSULES LIMITED,160.0,166.9,160.0,162.62,167.98,-3.19,16467,2677863.46
2026-05-29,NAVKARURB,BE,INE268H01044,NAVKAR URBANSTRUCTURE LTD,0.97,0.97,0.95,0.97,0.93,4.3,815627,791158.21
2026-05-29,NECCLTD,BE,INE553C01016,NORTH EAST CARRY CORP LTD,15.45,15.7,15.28,15.41,15.4,0.06,25525,393340.25
2026-05-29,NEUEON,BE,INE333I01044,NEUEON CORPORATION LTD,24.27,24.27,24.27,24.27,24.27,0.0,0,0.0
2026-05-29,NIRAJISPAT,BE,INE326T01011,NIRAJ ISPAT IND LTD,234.4,234.4,225.4,230.51,223.24,3.26,165,38034.15
2026-05-29,NRL,BE,INE0JM501013,NUPUR RECYCLERS LIMITED,64.9,68.5,64.11,66.66,63.16,5.54,674920,44990169.67
2026-05-29,NURECA,BE,INE0DSF01015,NURECA LIMITED,274.95,287.05,272.4,281.45,272.15,3.42,17255,4856419.96
2026-05-29,OCCLLTD,BE,INE0PK601023,OCCL LIMITED,118.01,121.98,114.31,114.73,118.03,-2.8,64677,7420392.43
2026-05-29,OILCOUNTUB,BE,INE591A01010,OIL COUNTRY TUBULAR LTD.,54.15,56.95,54.15,55.0,55.31,-0.56,22502,1237610.0
2026-05-29,OMFREIGHT,BE,INE1BZC01019,OM FREIGHT FORWARDERS LTD,84.7,89.0,82.0,84.23,86.38,-2.49,38517,3244287.04
2026-05-29,ONELIFECAP,BE,INE912L01015,ONELIFE CAP ADVISORS LTD,29.04,30.25,27.59,27.59,29.04,-4.99,127229,3510248.13
2026-05-29,ONMOBILE,BE,INE809I01019,ONMOBILE GLOBAL LTD.,51.2,51.79,51.0,51.23,51.55,-0.62,133052,6816253.9
2026-05-29,ORBTEXP,BE,INE231G01010,ORBIT EXPORTS LIMITED,172.0,176.5,167.5,175.04,172.82,1.28,11324,1982152.88
2026-05-29,ORIENTLTD,BE,INE609C01024,ORIENT PRESS LIMITED,62.59,63.99,61.7,62.0,62.28,-0.45,5537,343294.0
2026-05-29,OSIAHYPER,BE,INE06IR01021,OSIA HYPER RETAIL LIMITED,3.64,3.83,3.64,3.64,3.83,-4.96,3020214,10993579.28
2026-05-29,PANACHE,BE,INE895W01019,PANACHE DIGILIFE LIMITED,356.95,357.95,337.0,339.3,350.1,-3.08,27960,9486827.66
2026-05-29,PAR,BE,INE04LG01015,PAR DRUGS AND CHEM LTD,90.27,92.0,89.0,89.09,90.27,-1.31,3045,271279.04
2026-05-29,PARSVNATH,BE,INE561H01026,PARSVNATH DEVELOPER LTD,4.01,4.01,4.01,4.01,4.09,-1.96,242764,973483.7
2026-05-29,PATINTLOG,BE,INE529D01014,PATEL INT. LOG. LTD,13.8,14.55,13.74,13.98,13.73,1.82,368620,5153307.43
2026-05-29,PKTEA,BE,INE431F01018,THE P K TEA PROD CO LTD,840.0,840.0,800.0,806.05,843.25,-4.41,682,549726.09
2026-05-29,PPAP,BE,INE095I01015,PPAP AUTOMOTIVE LIMITED,215.9,215.9,207.28,208.22,210.39,-1.03,11077,2306452.95
2026-05-29,PPL,BE,INE050001010,PRAKASH PIPES LIMITED,206.78,213.97,204.48,207.25,205.26,0.97,168354,34891366.5
2026-05-29,PREMIER,BE,INE342A01018,PREMIER LIMITED,3.09,3.15,2.9,3.0,3.05,-1.64,26866,80598.0
2026-05-29,PRITIKAUTO,BE,INE583R01029,PRITIKA AUTO INDUS LTD,13.86,14.28,13.51,13.67,13.93,-1.87,281672,3850456.26
2026-05-29,PRUDMOULI,BE,INE024D01016,PRUDENTIAL SUGAR CORPORAT,15.55,16.2,15.05,15.21,15.54,-2.12,15088,229488.48
2026-05-29,QMSMEDI,BE,INE0FMW01018,QMS MEDICAL ALLIED S LTD,85.0,88.1,85.0,87.4,84.5,3.43,14000,1223600.02
2026-05-29,RADHIKAJWE,BE,INE583V01021,RADHIKA JEWELTECH LIMITED,57.31,62.0,56.21,58.06,57.03,1.81,855911,49694193.84
2026-05-29,RAJOOENG,BE,INE535F01024,RAJOO ENGINEERS LIMITED,56.38,56.97,54.49,55.06,56.38,-2.34,349507,19243855.9
2026-05-29,RAJRILTD,BE,INE533D01032,RAJ RAYON INDUSTRIES LTD,19.93,20.43,19.9,20.4,20.03,1.85,7816,159446.4
2026-05-29,RAMASTEEL,BE,INE230R01035,RAMA STEEL TUBES LIMITED,5.5,5.6,5.48,5.5,5.46,0.73,5523183,30377506.5
2026-05-29,RBZJEWEL,BE,INE0PEQ01016,RBZ JEWELLERS LIMITED,121.0,128.89,121.0,124.35,122.45,1.55,93840,11669003.86
2026-05-29,RCOM,BE,INE330H01018,RELIANCE COMMUNICATIONS L,0.91,0.93,0.9,0.91,0.9,1.11,3258557,2965286.96
2026-05-29,RELINFRA,BE,INE036A01016,RELIANCE INFRASTRUCTU LTD,64.08,64.08,64.08,64.08,64.08,0.0,0,0.0
2026-05-29,REPL,BE,INE364Z01019,RUDRABHISHEK ENTERP LTD,74.99,74.99,72.02,72.29,71.55,1.03,3026,218749.54
2026-05-29,RMDRIP,BE,INE219Y01026,R M DRIP & SPRINK SYS LTD,18.41,18.49,17.85,17.94,18.41,-2.55,702045,12594687.67
2026-05-29,RNBDENIMS,BE,INE012Q01039,R&B DENIMS LIMITED,12.4,12.4,11.86,12.09,11.81,2.37,567437,6860313.42
2026-05-29,ROLLT,BE,INE927A01040,ROLLATAINERS LIMITED,1.78,1.96,1.78,1.95,1.87,4.28,555985,1084170.78
2026-05-29,RPPL,BE,INE760W01023,RAJSHREE POLYPACK LTD,16.63,18.7,16.08,16.91,16.45,2.8,163612,2766678.9
2026-05-29,RSWM,BE,INE611A01016,RSWM LIMITED,181.65,183.39,175.1,176.3,181.65,-2.95,55119,9717479.87
2026-05-29,SADHNANIQ,BE,INE888C01040,SADHANA NITROCHEM LIMITED,2.44,2.44,2.44,2.44,2.4,1.67,3055988,7456610.89
2026-05-29,SANGINITA,BE,INE753W01010,SANGINITA CHEMICALS LTD,28.62,28.62,28.62,28.62,28.06,2.0,52007,1488440.38
2026-05-29,SCPL,BE,INE501Y01019,SHEETAL COOL PRODUCTS LTD,423.0,425.1,421.0,425.05,404.9,4.98,12022,5109950.95
2026-05-29,SETCO,BE,INE878E01021,SETCO AUTOMOTIVE LTD,28.06,28.06,28.06,28.06,27.51,2.0,136293,3824381.51
2026-05-29,SEYAIND,BE,INE573R01012,SEYA INDUSTRIES LIMITED,14.56,15.14,14.56,14.98,14.85,0.88,8914,133531.72
2026-05-29,SHAHALLOYS,BE,INE640C01011,SHAH ALLOYS LIMITED,71.55,73.49,69.98,70.44,71.36,-1.29,7255,511042.22
2026-05-29,SHALPAINTS,BE,INE849C01026,SHALIM PAINTS LTD,53.34,53.48,50.7,51.07,52.56,-2.83,37756,1928198.91
2026-05-29,SHARDUL,BE,INE037B01020,SHARDUL SECURITIES LTD.,26.5,29.57,26.5,28.25,27.16,4.01,3217,90880.25
2026-05-29,SHEKHAWATI,BE,INE268L01046,SHEKHAWATI INDUSTRIES LTD,16.36,16.36,15.53,15.53,16.34,-4.96,25573,397148.68
2026-05-29,SHEMAROO,BE,INE363M01019,SHEMAROO ENTER. LTD.,105.2,106.39,103.1,103.82,105.18,-1.29,12474,1295050.68
2026-05-29,SHYAMCENT,BE,INE979R01011,SHYAM CENTURY FERROUS LTD,5.0,5.19,4.92,5.01,4.98,0.6,48946,245219.47
2026-05-29,SICALLOG,BE,INE075B01020,SICAL LOGISTICS LIMITED,64.83,66.74,64.5,65.56,64.83,1.13,40853,2678322.58
2026-05-29,SIGIND,BE,INE529F01035,SIGNET INDUSTRIES LIMITED,51.5,51.5,50.5,50.75,50.36,0.77,5478,278008.5
2026-05-29,SIGMAADV,BE,INE933B01012,SIGMA ADVANCED SYSTEM LTD,424.8,424.8,392.0,424.8,404.6,4.99,1673045,710709495.58
2026-05-29,SIKKO,BE,INE112X01025,SIKKO INDUSTRIES LIMITED,4.14,4.2,4.1,4.14,4.14,0.0,360157,1491049.93
2026-05-29,SMARTLINK,BE,INE178C01020,SMARTLINK HOLDINGS LTD,163.45,164.8,159.0,160.52,160.04,0.3,5489,881094.3
2026-05-29,SONAMLTD,BE,INE00LM01029,SONAM LIMITED,54.88,61.0,54.7,57.43,56.25,2.1,232249,13338060.14
2026-05-29,SPECIALITY,BE,INE247M01014,SPECIALITY REST LTD,115.0,115.0,110.51,110.8,113.99,-2.8,17551,1944650.85
2026-05-29,SPECTRUM,BE,INE01EO01010,SPECTRUM ELECTRIC IND LTD,1472.8,1485.0,1437.0,1443.4,1451.0,-0.52,9493,13702196.43
2026-05-29,SREEL,BE,INE099F01013,SREELEATHERS LIMITED,199.8,199.8,190.27,192.01,192.76,-0.39,9410,1806814.05
2026-05-29,STALLION,BE,INE0RYC01010,STALLION IND FLUOROCHEM L,180.73,180.73,171.6,173.5,180.73,-4.0,1593261,276430783.5
2026-05-29,STERTOOLS,BE,INE334A01023,STERLING TOOLS LIMITED,235.5,242.39,230.25,235.23,233.54,0.72,52549,12361101.05
2026-05-29,STLTECH,BE,INE089C01029,STERLITE TECHNOLOGIES LTD,536.15,536.15,536.15,536.15,510.65,4.99,596606,319870321.47
2026-05-29,SUNDRMBRAK,BE,INE073D01013,SUNDARAMBRAKE LININGS LTD,762.1,765.95,709.95,738.75,762.1,-3.06,9059,6692336.25
2026-05-29,SUPERSPIN,BE,INE662A01027,SUPER SPINNING MILLS LTD,5.1,5.76,5.0,5.26,5.09,3.34,83805,440814.32
2026-05-29,SUTLEJTEX,BE,INE645H01027,SUTLEJ TEXT & INDUS LTD,35.83,36.43,35.55,35.6,35.66,-0.17,20469,728696.37
2026-05-29,SWANDEF,BE,INE542F01020,SWAN DEFENCE N HEVY IND L,2000.0,2060.2,1950.1,2060.2,1962.1,5.0,22578,46515194.5
2026-05-29,SWARAJ,BE,INE0GMR01016,SWARAJ SUITING LIMITED,247.0,247.05,238.05,240.1,245.05,-2.02,37500,9003750.23
2026-05-29,SYSTMTXC,BE,INE356B01024,SYSTEMATIX CORP SERVICE L,66.5,67.42,64.5,67.12,66.16,1.45,57877,3884704.4
2026-05-29,TICL,BE,INE388G01026,TWAMEV CONS AND INFRA LTD,23.14,23.27,21.26,22.89,22.75,0.62,1956069,44774418.22
2026-05-29,TIJARIA,BE,INE440L01017,TIJARIA POLYPIPES LTD,4.74,4.74,4.54,4.65,4.52,2.88,7768,36121.2
2026-05-29,TIL,BE,INE806C01018,TIL LTD,196.0,196.0,173.65,186.76,198.88,-6.09,509692,95190075.12
2026-05-29,TIRUPATIFL,BE,INE319Y01024,TIRUPATI FORGE LIMITED,45.8,45.8,44.04,45.05,45.93,-1.92,210340,9475816.84
2026-05-29,TOTAL,BE,INE336X01012,TOTAL TRANSPORT SYS LTD,54.31,55.0,53.01,53.44,54.31,-1.6,2025,108216.0
2026-05-29,TPHQ,BE,INE065J01024,TEAMO PRODUCTIONS HQ LTD,0.52,0.53,0.51,0.52,0.52,0.0,1979590,1029386.76
2026-05-29,TRANSPEK,BE,INE687A01016,TRANSPEK INDUSTRIES LTD,1099.0,1112.0,1030.0,1038.1,1069.6,-2.95,3834,3980075.31
2026-05-29,TRANSWORLD,BE,INE757B01015,TRANSWORLD SHIP LINES LTD,164.56,165.05,160.0,161.53,163.55,-1.24,22526,3638624.75
2026-05-29,TVVISION,BE,INE871L01013,TV VISION LIMITED,5.17,5.42,5.15,5.22,5.27,-0.95,8446,44088.12
2026-05-29,UCAL,BE,INE139B01016,UCAL LIMITED,97.83,102.0,96.3,99.26,97.35,1.96,52858,5246685.19
2026-05-29,UFBL,BE,INE382M01027,UNITED FOODBRANDS LIMITED,483.0,507.45,477.2,493.2,483.0,2.11,345818,170557441.82
2026-05-29,UMAEXPORTS,BE,INE0GIU01018,UMA EXPORTS LIMITED,26.88,26.88,25.85,25.93,25.85,0.31,28823,747380.4
2026-05-29,UNIVASTU,BE,INE562X01013,UNIVASTU INDIA LIMITED,78.9,83.9,73.68,77.0,75.87,1.49,927976,71454152.0
2026-05-29,UNIVPHOTO,BE,INE03V001013,UNIVERSUS IMAGINGS LTD,420.55,425.0,420.55,420.55,429.1,-1.99,70,29438.5
2026-05-29,URAVIDEF,BE,INE568Z01015,URAVI DEFENCE &TECH LTD,119.0,121.6,114.0,119.65,117.32,1.99,12731,1523264.17
2026-05-29,UYFINCORP,BE,INE152C01025,U. Y. FINCORP LIMITED,15.68,15.8,14.9,15.15,14.49,4.55,397541,6022746.0
2026-05-29,VALIANTLAB,BE,INE0JWS01017,VALIANT LABORATORIES LTD,80.02,80.02,77.0,77.44,80.02,-3.22,18713,1449134.77
2026-05-29,VALIANTORG,BE,INE565V01010,VALIANT ORGANICS LIMITED,310.0,316.0,294.0,297.2,302.25,-1.67,119901,35634578.66
2026-05-29,VARDHACRLC,BE,INE116G01013,VARDHAMAN ACRYLICS LTD,43.0,43.0,42.0,42.08,43.03,-2.21,39109,1645706.79
2026-05-29,VCL,BE,INE098201036,VAXTEX COTFAB LIMITED,1.4,1.43,1.37,1.39,1.41,-1.42,298150,414428.5
2026-05-29,VENUSREM,BE,INE411B01019,VENUS REMEDIES LIMITED,1280.05,1280.05,1280.05,1280.05,1219.1,5.0,41551,53187359.58
2026-05-29,VETO,BE,INE918N01018,VETO SWITCHGEAR CABLE LTD,129.0,129.45,122.6,124.0,122.08,1.57,320183,39702692.0
2026-05-29,VHLTD,BE,INE048C01025,VICEROY HOTELS LIMITED,142.0,142.0,136.62,140.09,140.74,-0.46,18159,2543894.24
2026-05-29,VIJIFIN,BE,INE159N01027,VIJI FINANCE LIMITED,4.17,4.17,3.85,3.93,3.99,-1.5,165657,651032.02
2026-05-29,VIPULLTD,BE,INE946H01037,VIPUL LIMITED,8.65,9.07,8.65,8.81,8.65,1.85,803826,7081707.4
2026-05-29,VIVIMEDLAB,BE,INE526G01021,VIVIMED LABS LIMITED,6.67,6.77,6.21,6.72,6.45,4.19,130236,875185.89
2026-05-29,WELINV,BE,INE389K01018,WELSPUN INV & COMM LTD,1877.0,1879.0,1835.0,1840.3,1900.4,-3.16,695,1279008.53
2026-05-29,AGSTRA,BZ,INE583L01014,AGS TRANSACT TECH LTD,2.24,2.24,2.24,2.24,2.24,0.0,0,0.0
2026-05-29,ANKITMETAL,BZ,INE106I01010,ANKIT MET & POW LTD,1.56,1.58,1.45,1.58,1.51,4.64,33520,52961.6
2026-05-29,ANSALAPI,BZ,INE436A01026,ANSAL PROP & INFRA LTD,3.94,3.94,3.94,3.94,3.94,0.0,0,0.0
2026-05-29,ARSHIYA,BZ,INE968D01022,ARSHIYA LIMITED,1.18,1.2,1.17,1.18,1.17,0.85,46430,54787.4
2026-05-29,ASTRON,BZ,INE646X01014,ASTRON PAPER BORD MIL LTD,4.15,4.18,3.8,3.96,4.0,-1.0,66860,264765.6
2026-05-29,COMPINFO,BZ,INE070C01037,COMPUAGE INFOCOM LTD,1.34,1.35,1.24,1.33,1.3,2.31,22983,30567.39
2026-05-29,DHARAN,BZ,INE278R01034,DHARAN INFRA-EPC LIMITED,0.13,0.13,0.13,0.13,0.13,0.0,0,0.0
2026-05-29,FEL,BZ,INE623B01027,FUTURE ENTERPRISES LTD,0.44,0.44,0.42,0.44,0.43,2.33,90415,39782.6
2026-05-29,FELDVR,BZ,IN9623B01058,FUTURE ENTERPRISES LTD,2.69,2.69,2.56,2.68,2.69,-0.37,1650,4422.0
2026-05-29,FLFL,BZ,INE452O01016,FUT LIFESTYLE FASH LTD,1.4,1.48,1.39,1.44,1.43,0.7,34720,49996.8
2026-05-29,GENSOL,BZ,INE06H201014,GENSOL ENGINEERING LTD,18.87,18.87,18.87,18.87,18.87,0.0,0,0.0
2026-05-29,GOLDENTOBC,BZ,INE973A01010,GOLDEN TOBACCO LIMITED,26.43,26.6,25.12,25.46,26.43,-3.67,1109,28235.14
2026-05-29,HDIL,BZ,INE191I01012,HOUSING DEV & INFRA LTD,1.95,2.0,1.91,1.93,1.95,-1.03,164260,317021.79
2026-05-29,HMT,BZ,INE262A01018,HMT LTD -,56.11,56.74,54.2,54.66,57.02,-4.14,25126,1373387.16
2026-05-29,IL&FSENGG,BZ,INE369I01014,IL&FS ENG AND CONS CO LTD,32.0,33.46,30.5,30.78,31.87,-3.42,77008,2370306.29
2026-05-29,IL&FSTRANS,BZ,INE975G01012,IL&FS TRANS NET LTD,2.26,2.31,2.16,2.25,2.27,-0.88,43715,98358.75
2026-05-29,IMPEXFERRO,BZ,INE691G01015,IMPEX FERRO TECH LIMITED,2.0,2.0,1.84,1.89,1.93,-2.07,18342,34666.38
2026-05-29,LAKPRE,BZ,INE651C01018,LAKSHMI PRE SCRE LTD,5.46,5.68,5.45,5.65,5.46,3.48,660,3729.0
2026-05-29,MEP,BZ,INE776I01010,MEP INFRA. DEVELOPERS LTD,0.92,0.92,0.92,0.92,0.93,-1.08,85202,78385.84
2026-05-29,RAJESHEXPO,BZ,INE343B01030,RAJESH EXPORTS LTD,120.51,122.1,117.14,118.33,122.12,-3.1,199578,23616065.11
2026-05-29,RHFL,BZ,INE217K01011,RELIANCE HOME FINANCE LTD,2.17,2.21,2.15,2.16,2.2,-1.82,895834,1935001.52
2026-05-29,SANWARIA,BZ,INE890C01046,SANWARIA CONSUMER LIMITED,0.25,0.25,0.23,0.23,0.24,-4.17,547321,125883.83
2026-05-29,SETUINFRA,BZ,INE023M01027,SETUBANDHAN INFRA LTD,0.55,0.55,0.55,0.55,0.55,0.0,0,0.0
2026-05-29,SHRENIK,BZ,INE632X01030,SHRENIK LIMITED,0.39,0.39,0.37,0.38,0.38,0.0,471439,179146.82
2026-05-29,SIMBHALS,BZ,INE748T01016,SIMBHAOLI SUGARS LTD.,8.38,8.38,8.38,8.38,8.38,0.0,0,0.0
2026-05-29,SITINET,BZ,INE965H01011,SITI NETWORKS LIMITED,0.35,0.35,0.33,0.34,0.34,0.0,1096354,372760.36
2026-05-29,SUPREMEENG,BZ,INE319Z01021,SUPREME ENGINEERING LTD,0.95,0.99,0.91,0.96,0.95,1.05,104515,100334.4
2026-05-29,20MICRONS,EQ,INE144J01027,20 MICRONS LTD,188.5,189.58,182.02,182.76,188.03,-2.8,136815,25004308.65
2026-05-29,21STCENMGM,EQ,INE253B01015,21ST CENTURY MGMT SERVICE,34.88,34.88,34.88,34.88,34.2,1.99,9424,328709.13
2026-05-29,360ONE,EQ,INE466L01038,360 ONE WAM LIMITED,1118.0,1127.8,1095.0,1104.5,1112.1,-0.68,1006275,1111430737.5
2026-05-29,3MINDIA,EQ,INE470A01017,3M INDIA LIMITED,33245.0,33475.0,32510.0,32810.0,33225.0,-1.25,4786,157028660.0
2026-05-29,3PLAND,EQ,INE105C01023,3P LAND HOLDINGS LIMITED,31.7,32.0,30.5,31.24,31.71,-1.48,3102,96906.48
2026-05-29,5PAISA,EQ,INE618L01018,5PAISA CAPITAL LIMITED,335.1,336.0,324.5,327.7,335.1,-2.21,25083,8219699.41
2026-05-29,63MOONS,EQ,INE111B01023,63 MOONS TECHNOLOGIES LTD,634.5,636.7,596.65,610.95,631.7,-3.28,405963,248023099.81
2026-05-29,A2ZINFRA,EQ,INE619I01012,A2Z INFRA ENGINEERING LTD,14.66,15.0,14.43,14.53,14.66,-0.89,247002,3588938.99
2026-05-29,AAATECH,EQ,INE0D0U01013,AAA TECHNOLOGIES LIMITED,95.99,98.8,92.8,94.09,95.39,-1.36,19785,1861570.58
2026-05-29,AADHARHFC,EQ,INE883F01010,AADHAR HOUSING FINANCE L,482.0,482.0,471.1,477.2,477.8,-0.13,363653,173535216.04
2026-05-29,AAKASH,EQ,INE087Z01024,AAKASH EXPLORATION SER L,8.89,9.0,8.77,8.86,8.89,-0.34,131598,1165958.23
2026-05-29,AAREYDRUGS,EQ,INE198H01019,AAREY DRUGS & PHARM LTD,79.73,80.0,76.3,77.99,79.73,-2.18,7140,556848.58
2026-05-29,AARON,EQ,INE721Z01010,AARON INDUSTRIES LIMITED,125.8,125.8,119.08,121.06,120.9,0.13,16824,2036713.4
2026-05-29,AARTIDRUGS,EQ,INE767A01016,AARTI DRUGS LTD.,388.75,393.75,377.5,380.4,390.9,-2.69,113580,43205831.31
2026-05-29,AARTIIND,EQ,INE769A01020,AARTI INDUSTRIES LTD,500.75,501.4,470.6,475.0,500.75,-5.14,807914,383759150.0
2026-05-29,AARTIPHARM,EQ,INE0LRU01027,AARTI PHARMALABS LIMITED,656.25,663.0,626.0,633.25,655.25,-3.36,504434,319432830.5
2026-05-29,AARVI,EQ,INE754X01016,AARVI ENCON LIMITED,132.6,135.57,128.6,129.99,135.64,-4.17,31951,4153310.67
2026-05-29,AAVAS,EQ,INE216P01012,AAVAS FINANCIERS LIMITED,1369.0,1382.9,1326.4,1343.1,1369.0,-1.89,105409,141574825.33
2026-05-29,ABB,EQ,INE117A01022,ABB INDIA LIMITED,7280.0,7340.0,7121.0,7253.0,7219.0,0.47,1105117,8015413601.0
2026-05-29,ABBOTINDIA,EQ,INE358A01014,ABBOTT INDIA LIMITED,27735.0,27845.0,26630.0,26855.0,27735.0,-3.17,10979,294841045.0
2026-05-29,ABCAPITAL,EQ,INE674K01013,ADITYA BIRLA CAPITAL LTD.,366.85,369.8,360.8,363.3,364.9,-0.44,5569935,2023557317.51
2026-05-29,ABCOTS,EQ,INE08PH01015,A B COTSPIN INDIA LIMITED,216.1,221.99,214.75,216.25,215.61,0.3,29078,6288117.5
2026-05-29,ABDL,EQ,INE552Z01027,ALLIED BLEND N DISTILS L,539.95,566.8,538.15,558.3,539.85,3.42,330864,184721367.16
2026-05-29,ABFRL,EQ,INE647O01011,ADITYA BIRLA FASHION & RT,64.06,68.19,63.25,64.61,64.06,0.86,21866359,1412785468.34
2026-05-29,ABGSEC,EQ,INF209KC1134,BIRLASLAMC - ABGSEC,112.05,112.05,112.05,112.05,111.19,0.77,2,224.1
2026-05-29,ABLBL,EQ,INE14LE01019,ADITYA BIRLA LIFES BRAN L,102.5,102.9,98.2,100.17,102.0,-1.79,2913328,291828060.43
2026-05-29,ABREL,EQ,INE055A01016,ADITYA BIRLA REAL EST LTD,1248.0,1297.7,1225.0,1243.8,1252.8,-0.72,215115,267560047.5
2026-05-29,ABSLAMC,EQ,INE404A01024,ADIT BIRL SUN LIF AMC LTD,1027.3,1089.5,1025.1,1064.0,1027.3,3.57,432117,459772488.0
2026-05-29,ABSLBANETF,EQ,INF209KB17D5,BIRLASLAMC - ABSLBANETF,56.52,57.27,55.4,55.53,56.15,-1.1,57395,3187144.28
2026-05-29,ABSLLIQUID,EQ,INF209KB18T9,BIRLASLAMC - ABSLLIQUID,1000.0,1000.01,999.99,1000.0,1000.0,0.0,3505,3505000.0
2026-05-29,ABSLNN50ET,EQ,INF209KB16D7,BIRLASLAMC - ABSLNN50ET,75.8,76.0,74.6,74.82,75.48,-0.87,19015,1422702.29
2026-05-29,ABSLPSE,EQ,INF209KB19Z4,BIRLASLAMC-ABSLPSE,10.85,11.25,10.53,10.64,10.84,-1.85,211731,2252817.91
2026-05-29,ACC,EQ,INE012A01025,ACC LIMITED,1430.0,1433.5,1388.0,1399.3,1426.6,-1.91,195857,274062709.66
2026-05-29,ACCELYA,EQ,INE793A01012,ACCELYA SOLN INDIA LTD,1143.0,1160.1,1130.8,1142.3,1130.1,1.08,9650,11023195.47
2026-05-29,ACE,EQ,INE731H01025,ACTION CONST EQUIP LTD,911.0,926.25,879.0,884.95,906.25,-2.35,438256,387834652.55
2026-05-29,ACEINTEG,EQ,INE543V01017,ACE INTEGRATED SOLU. LTD.,19.56,20.34,19.22,19.22,19.89,-3.37,5873,112879.06
2026-05-29,ACI,EQ,INE128X01021,ARCHEAN CHEMICAL IND LTD,536.3,542.85,521.0,525.25,534.15,-1.67,194206,102006701.5
2026-05-29,ACL,EQ,INE666E01020,ANDHRA CEMENTS LIMITED,56.17,57.0,55.2,55.37,56.17,-1.42,9873,546668.0
2026-05-29,ACMESOLAR,EQ,INE622W01025,ACME SOLAR HOLDINGS LTD,307.8,313.45,301.5,310.1,305.6,1.47,4064881,1260519622.91
2026-05-29,ACUTAAS,EQ,INE00FF01025,ACUTAAS CHEMICALS LIMITED,3009.9,3184.9,2991.0,3132.5,3000.6,4.4,602384,1886967880.0
2026-05-29,ADANIENSOL,EQ,INE931S01010,ADANI ENERGY SOLUTION LTD,1557.1,1578.5,1504.0,1513.3,1540.1,-1.74,3353166,5074346271.53
2026-05-29,ADANIENT,EQ,INE423A01024,ADANI ENTERPRISES LIMITED,2987.8,2995.0,2926.8,2937.4,2973.1,-1.2,4040865,11869636456.38
2026-05-29,ADANIGREEN,EQ,INE364U01010,ADANI GREEN ENERGY LTD,1500.0,1532.5,1465.1,1475.4,1489.9,-0.97,4207457,6207682160.52
2026-05-29,ADANIPORTS,EQ,INE742F01042,ADANI PORT & SEZ LTD,1836.4,1840.7,1796.4,1804.6,1824.5,-1.09,3554087,6413705313.43
2026-05-29,ADANIPOWER,EQ,INE814H01029,ADANI POWER LTD,250.9,254.2,242.19,243.37,248.91,-2.23,71856898,17487812915.4
2026-05-29,ADFFOODS,EQ,INE982B01027,ADF FOODS LIMITED,270.0,279.3,259.85,264.65,270.3,-2.09,245714,65028208.6
2026-05-29,ADL,EQ,INE0CHO01012,ARCHIDPLY DECOR LIMITED,77.8,79.4,73.0,74.28,75.04,-1.01,403,29934.84
2026-05-29,ADOR,EQ,INE045A01017,ADOR WELDING LTD,1168.1,1172.0,1128.7,1139.6,1168.8,-2.5,23354,26614217.83
2026-05-29,ADROITINFO,EQ,INE737B01033,ADROIT INFOTECH LIMITED,9.76,9.76,8.81,9.02,8.94,0.89,34069,307302.4
2026-05-29,ADSL,EQ,INE102I01027,ALLIED DIGITAL SERV. LTD,122.0,123.26,119.22,120.33,122.38,-1.68,116878,14063929.95
2026-05-29,ADVAIT,EQ,INE0ALI01010,ADVAIT ENRGY TRANSITION L,2082.7,2122.2,2006.0,2036.4,2062.7,-1.28,93876,191169088.69
2026-05-29,ADVANCE,EQ,INE1B0W01010,ADVANCE AGROLIFE LIMITED,104.0,104.95,101.8,102.23,103.57,-1.29,42325,4326884.89
2026-05-29,ADVANIHOTR,EQ,INE199C01026,ADVANI HOT.& RES.(I) LTD,53.9,53.92,52.52,53.33,53.92,-1.09,28249,1506519.22
2026-05-29,ADVENTHTL,EQ,INE28GN01010,ADVENT HOTELS INTERNATI L,141.14,142.0,136.0,136.64,141.14,-3.19,211757,28934476.35
2026-05-29,ADVENZYMES,EQ,INE837H01020,ADVANCED ENZYME TECH LTD,371.75,371.75,362.5,364.0,371.75,-2.08,133264,48508096.0
2026-05-29,AEGISLOG,EQ,INE208C01025,AEGIS LOGISTICS LIMITED,720.0,774.0,720.0,748.45,714.0,4.82,5777221,4323961127.97
2026-05-29,AEGISVOPAK,EQ,INE0INX01018,AEGIS VOPAK TERMINALS LTD,207.53,208.92,193.01,196.16,205.76,-4.67,777726,152558735.01
2026-05-29,AEPL,EQ,INE757T01025,ARTEMIS ELECTRICALS & P L,16.52,16.95,16.0,16.17,16.52,-2.12,37012,598484.04
2026-05-29,AEQUS,EQ,INE947N01017,AEQUS LIMITED,187.57,194.7,176.53,191.55,190.47,0.57,6334708,1213413336.73
2026-05-29,AEROENTER,EQ,INE065D01027,AEROFLEX ENTERPRISES LTD,97.88,98.39,95.15,96.25,97.42,-1.2,313085,30134431.25
2026-05-29,AEROFLEX,EQ,INE024001021,AEROFLEX INDUSTRIES LTD,410.75,410.9,376.55,401.4,407.4,-1.47,2205272,885196167.34
2026-05-29,AERONEU,EQ,INE035801013,AEROFLEX NEU LIMITED,87.6,90.29,87.5,89.99,89.0,1.11,59546,5358544.41
2026-05-29,AEROPLANE,EQ,INE05TO01019,AMIR CHAND JAG KUM (E) L,127.0,127.6,124.0,125.96,126.04,-0.06,308739,38888764.16
2026-05-29,AETHER,EQ,INE0BWX01014,AETHER INDUSTRIES LIMITED,1100.0,1114.8,1077.0,1098.0,1094.7,0.3,367593,403617114.0
2026-05-29,AFCONS,EQ,INE101I01011,AFCONS INFRASTRUCTURE LTD,314.85,342.5,313.0,339.05,318.05,6.6,3017788,1023180984.56
2026-05-29,AFFLE,EQ,INE00WC01027,AFFLE 3I LIMITED,1477.3,1503.9,1449.5,1463.0,1477.2,-0.96,218062,319024706.0
2026-05-29,AFFORDABLE,EQ,INE692Z01013,AFFORD ROBO & AUTO LTD,175.86,175.86,169.0,172.52,171.09,0.84,11721,2022106.97
2026-05-29,AFIL,EQ,INE916Y01027,AKME FINTRADE (INDIA) LTD,9.46,10.25,9.46,10.07,9.77,3.07,3752480,37787472.45
2026-05-29,AFSL,EQ,INE00ZE01026,ABANS FINANCIAL SRVCS LTD,201.95,203.63,201.0,201.0,201.01,-0.0,14655,2945655.0
2026-05-29,AGARIND,EQ,INE204E01012,AGARWAL INDS CORP LTD.,430.65,431.85,413.0,415.05,427.45,-2.9,64028,26574820.62
2026-05-29,AGARWALEYE,EQ,INE943P01029,DR AGARWALS HEALTH CARE L,476.1,488.7,476.1,484.1,479.95,0.86,62462,30237854.58
2026-05-29,AGI,EQ,INE415A01038,AGI GREENPAC LIMITED,592.0,606.0,588.0,589.95,586.85,0.53,189989,112084012.87
2026-05-29,AGIIL,EQ,INE976R01033,AGI INFRA LIMITED,366.35,368.5,357.4,361.8,365.0,-0.88,983126,355694974.8
2026-05-29,AGRITECH,EQ,INE449G01018,AGRI-TECH (INDIA) LIMITED,106.0,109.88,106.0,106.88,109.77,-2.63,1836,196231.67
2026-05-29,AGROPHOS,EQ,INE740V01019,AGRO PHOS INDIA LIMITED,33.2,34.79,32.31,33.09,33.81,-2.13,44000,1455960.01
2026-05-29,AHCL,EQ,INE0Y8W01025,ANLON HEALTHCARE LIMITED,14.29,15.02,13.52,13.85,14.25,-2.81,10072113,139498768.89
2026-05-29,AHLADA,EQ,INE00PV01013,AHLADA ENGINEERS LIMITED,39.7,40.84,38.96,39.37,39.7,-0.83,5948,234172.75
2026-05-29,AHLEAST,EQ,INE926K01017,ASIAN HOTELS (EAST) LTD,162.11,165.8,157.7,160.59,161.67,-0.67,4957,796044.61
2026-05-29,AHLUCONT,EQ,INE758C01029,AHLUWALIA CONT IND LTD,828.85,840.0,775.0,792.0,828.7,-4.43,90923,72011016.0
2026-05-29,AIAENG,EQ,INE212H01026,AIA ENGINEERING LIMITED,4461.0,4551.7,4376.5,4503.6,4428.1,1.71,212656,957717582.37
2026-05-29,AIIL,EQ,INE206F01022,AUTHUM INVEST & INFRA LTD,492.3,495.8,472.0,478.75,497.0,-3.67,446188,213612505.0
2026-05-29,AIRAN,EQ,INE645W01026,AIRAN LIMITED,17.1,17.69,16.82,17.15,17.08,0.41,96205,1649915.71
2026-05-29,AIROLAM,EQ,INE801L01010,AIRO LAM LIMITED,83.2,83.2,81.09,81.24,84.48,-3.84,3895,316429.79
2026-05-29,AJANTPHARM,EQ,INE031B01049,AJANTA PHARMA LIMITED,3038.9,3060.4,2850.0,2928.9,3020.8,-3.04,227318,665791668.0
2026-05-29,AJAXENGG,EQ,INE274Y01021,AJAX ENGINEERING LIMITED,582.6,595.0,582.6,590.0,582.6,1.27,197776,116687840.0
2026-05-29,AJMERA,EQ,INE298G01035,AJMERA REALTY & INF I LTD,123.0,124.4,117.31,118.99,121.4,-1.99,1170637,139294094.13
2026-05-29,AJOONI,EQ,INE820Y01021,AJOONI BIOTECH LIMITED,4.25,4.25,4.12,4.15,4.26,-2.58,404411,1678305.69
2026-05-29,AKASH,EQ,INE737W01013,AKASH INFRA-PROJECTS LTD,27.25,28.49,27.25,27.28,27.72,-1.59,4723,128843.44
2026-05-29,AKG,EQ,INE00Y801016,AKG EXIM LIMITED,11.67,11.67,11.17,11.53,11.18,3.13,7130,82208.9
2026-05-29,AKSHAR,EQ,INE256Z01025,AKSHAR SPINTEX LIMITED,0.47,0.47,0.45,0.46,0.46,0.0,561125,258117.5
2026-05-29,AKUMS,EQ,INE09XN01023,AKUMS DRUGS AND PHARMA L,537.9,543.0,522.0,524.5,535.25,-2.01,84905,44532672.5
2026-05-29,ALANKIT,EQ,INE914E01040,ALANKIT LIMITED,8.8,8.9,8.51,8.64,9.0,-4.0,331662,2865559.79
2026-05-29,ALBERTDAVD,EQ,INE155C01010,ALBERT DAVID LIMITED,717.1,720.0,705.0,708.45,716.1,-1.07,2077,1471450.68
2026-05-29,ALEMBICLTD,EQ,INE426A01027,ALEMBIC LIMITED,87.4,88.9,87.26,87.64,87.13,0.59,276516,24233862.07
2026-05-29,ALGOQUANT,EQ,INE598D01035,ALGOQUANT FINTECH LIMITED,62.4,62.4,55.71,56.44,56.99,-0.97,1698493,95862942.59
2026-05-29,ALICON,EQ,INE062D01024,ALICON CASTALLOY LIMITED,684.0,692.2,670.9,677.6,678.15,-0.08,16129,10929010.01
2026-05-29,ALIVUS,EQ,INE03Q201024,ALIVUS LIFE SCIENCES LTD,1086.4,1099.1,1049.0,1055.5,1070.3,-1.38,60799,64173344.5
2026-05-29,ALKALI,EQ,INE773I01017,ALKALI METALS LTD,94.0,97.2,85.96,86.81,89.46,-2.96,431746,37479869.21
2026-05-29,ALKEM,EQ,INE540L01014,ALKEM LABORATORIES LTD.,5578.0,5789.0,5472.0,5498.0,5451.5,0.85,1404988,7724624024.0
2026-05-29,ALKYLAMINE,EQ,INE150B01039,ALKYL AMINES CHEM. LTD,1690.0,1707.9,1641.5,1651.3,1692.0,-2.41,60412,99758338.55
2026-05-29,ALLCARGO,EQ,INE418H01029,ALLCARGO LOGISTICS LTD,9.25,9.25,9.02,9.1,9.14,-0.44,2988234,27192930.54
2026-05-29,ALLDIGI,EQ,INE835G01018,ALLDIGI TECH LIMITED,830.8,834.2,815.0,818.6,830.0,-1.37,3060,2504915.93
2026-05-29,ALLTIME,EQ,INE0GV601021,ALL TIME PLASTICS LIMITED,229.8,230.9,218.5,221.41,228.46,-3.09,56374,12481767.55
2026-05-29,ALMONDZ,EQ,INE326B01035,ALMONDZ GLOBAL SEC LTD,13.98,13.98,12.96,13.63,13.69,-0.44,197557,2692701.93
2026-05-29,ALOKINDS,EQ,INE270A01029,ALOK INDUSTRIES LIMITED,12.88,13.64,12.66,12.75,12.88,-1.01,42648128,543763632.0
2026-05-29,ALPA,EQ,INE385I01010,ALPA LABORATORIES LTD,70.36,74.8,69.61,71.42,70.71,1.0,41231,2944717.94
2026-05-29,ALPHA,EQ,INF174KA1IA5,KOTAKMAMC - KOTAKALPHA,51.49,52.59,50.45,50.64,51.31,-1.31,2681753,135803970.28
2026-05-29,ALPHAETF,EQ,INF769K01KU7,MIRAEAMC - ALPHAETF,26.2,26.51,25.93,25.99,26.31,-1.22,420006,10915955.84
2026-05-29,ALPL30IETF,EQ,INF109KC17V7,ICICIPRAMC - ICICIALPLV,27.51,27.51,26.4,26.46,26.84,-1.42,303726,8036589.68
2026-05-29,AMAGI,EQ,INE121R01077,AMAGI MEDIA LABS LIMITED,402.05,412.2,390.0,398.8,401.75,-0.73,169175,67466987.93
2026-05-29,AMBER,EQ,INE371P01015,AMBER ENTERPRISES (I) LTD,7574.0,7749.0,7410.0,7615.0,7516.0,1.32,486302,3703189730.0
2026-05-29,AMBICAAGAR,EQ,INE792B01012,AMBICA AGAR & AROMAINDLTD,24.49,24.84,23.11,24.24,24.03,0.87,7301,176976.24
2026-05-29,AMBIKCO,EQ,INE540G01014,AMBIKA COTTON MILL LTD.,1705.1,1720.0,1640.0,1657.6,1661.1,-0.21,29452,48819634.48
2026-05-29,AMBUJACEM,EQ,INE079A01024,AMBUJA CEMENTS LTD,460.95,461.95,445.45,447.85,459.75,-2.59,3804649,1703912077.87
2026-05-29,AMJLAND,EQ,INE606A01024,AMJ LAND HOLDINGS LIMITED,38.0,38.34,36.54,37.02,37.18,-0.43,9248,342360.96
2026-05-29,AMNPLST,EQ,INE275D01022,AMINES & PLASTICIZERS LTD,200.35,203.5,186.0,189.51,196.02,-3.32,8738,1655938.33
2026-05-29,AMRUTANJAN,EQ,INE098F01031,AMRUTAJAN HEALTH LTD,559.95,567.0,552.0,558.65,559.95,-0.23,25987,14517638.18
2026-05-29,ANANDRATHI,EQ,INE463V01026,ANAND RATHI WEALTH LTD,1785.0,1805.0,1715.35,1725.35,1783.35,-3.25,5630394,9714400150.44
2026-05-29,ANANTRAJ,EQ,INE242C01024,ANANT RAJ LIMITED,510.8,528.0,504.0,514.15,508.3,1.15,3429985,1763526871.49
2026-05-29,ANDHRAPAP,EQ,INE435A01051,ANDHRA PAPER LIMITED,63.05,64.3,63.0,63.33,63.38,-0.08,102679,6502661.26
2026-05-29,ANDHRSUGAR,EQ,INE715B01021,ANDHRA SUGARS LTD,87.96,92.0,86.77,89.43,87.0,2.79,465695,41647103.99
2026-05-29,ANGELONE,EQ,INE732I01021,ANGEL ONE LIMITED,338.45,344.0,335.3,337.3,336.95,0.1,5635640,1900901303.21
2026-05-29,ANIKINDS,EQ,INE087B01017,ANIK INDUSTRIES LTD,42.85,45.48,42.85,44.47,45.05,-1.29,585,26014.95
2026-05-29,ANNAPURNA,EQ,INE0MGM01017,ANNAPURNA SWADISHT LTD,138.95,141.0,137.5,139.2,136.35,2.09,30250,4210799.91
2026-05-29,ANTELOPUS,EQ,INE818A01017,ANTELOPUS SELAN ENRGY LTD,765.0,797.0,759.3,774.85,759.25,2.05,198251,153614782.51
2026-05-29,ANTGRAPHIC,EQ,INE414B01021,ANTARCTICA LTD,0.83,0.84,0.8,0.81,0.83,-2.41,235715,190929.15
2026-05-29,ANTHEM,EQ,INE0CZ201020,ANTHEM BIOSCIENCES LTD,756.8,777.0,745.4,759.95,757.2,0.36,3003554,2282550898.96
2026-05-29,ANUHPHR,EQ,INE489G01022,ANUH PHARMA LIMITED,77.9,77.98,74.0,76.1,76.67,-0.74,42753,3253503.23
2026-05-29,ANUP,EQ,INE294Z01018,THE ANUP ENGINEERING LTD,1870.0,1889.9,1789.1,1840.4,1947.0,-5.48,108373,199449671.85
2026-05-29,ANURAS,EQ,INE930P01018,ANUPAM RASAYAN INDIA LTD,1360.2,1368.0,1265.0,1293.9,1368.0,-5.42,1019264,1318825714.48
2026-05-29,AONEGOLD,EQ,INF1J2R01114,AONEAMC - AONEGOLD,14.5,14.5,14.5,14.5,14.45,0.35,0,0.0
2026-05-29,AONELIQUID,EQ,INF1J2R01056,AONEAMC - AONELIQUID,1066.56,1066.56,1061.7,1061.71,1061.26,0.04,70282,74619099.47
2026-05-29,AONENIFTY,EQ,INF1J2R01064,AONEAMC - AONENIFTY,9.82,10.02,9.57,9.72,9.82,-1.02,598318,5815651.12
2026-05-29,AONESILVER,EQ,INF1J2R01171,AONEAMC - AONESILVER,9.95,9.95,9.95,9.95,9.87,0.89,0,0.0
2026-05-29,AONETMMQ50,EQ,INF1J2R01148,AONEAMC - AONETMMQ50,10.34,10.34,10.34,10.34,10.5,-1.56,0,0.0
2026-05-29,AONETOTAL,EQ,INF1J2R01015,AONEAMC - AONETOTAL,11.98,11.98,11.4,11.54,11.63,-0.77,213397,2462601.37
2026-05-29,APARINDS,EQ,INE372A01015,APAR INDUSTRIES LTD.,13500.0,13500.0,12760.0,13118.0,13426.0,-2.29,338022,4434172596.0
2026-05-29,APCL,EQ,INE071F01012,ANJANI PORTLAND CEM LTD,123.0,124.8,122.0,122.81,124.7,-1.52,12988,1595056.25
2026-05-29,APCOTEXIND,EQ,INE116A01032,APCOTEX INDUSTRIES LIMITE,487.35,495.0,477.0,479.6,487.3,-1.58,38764,18591214.64
2026-05-29,APEX,EQ,INE346W01013,APEX FROZEN FOODS LIMITED,440.0,443.85,421.75,426.3,446.45,-4.51,505985,215701399.32
2026-05-29,APLAPOLLO,EQ,INE702C01027,APL APOLLO TUBES LTD,1897.9,1897.9,1820.0,1831.1,1867.7,-1.96,1955412,3580554865.46
2026-05-29,APLLTD,EQ,INE901L01018,ALEMBIC PHARMA LTD,754.95,760.65,724.95,736.1,754.2,-2.4,134388,98923003.52
2026-05-29,APOLLO,EQ,INE713T01028,APOLLO MICRO SYSTEMS LTD,419.4,421.6,403.0,409.0,417.85,-2.12,19000777,7771317793.0
2026-05-29,APOLLOHOSP,EQ,INE437A01024,APOLLO HOSPITALS ENTER. L,8176.5,8325.0,8146.0,8176.5,8272.5,-1.16,1042419,8523338953.5
2026-05-29,APOLLOPIPE,EQ,INE126J01016,APOLLO PIPES LIMITED,519.0,522.95,503.65,508.85,514.9,-1.17,167313,85137221.07
2026-05-29,APOLLOTYRE,EQ,INE438A01022,APOLLO TYRES LTD,401.5,406.0,392.0,394.5,399.75,-1.31,1172571,462579259.5
2026-05-29,APOLSINHOT,EQ,INE451F01024,APOLLO SINDOORI HOTEL LTD,1169.2,1290.0,1169.2,1239.8,1162.5,6.65,3932,4874893.79
2026-05-29,APTUS,EQ,INE852O01025,APTUS VALUE HSG FIN I LTD,264.15,268.95,257.45,260.3,262.7,-0.91,553372,144042724.84
2026-05-29,AQYLON,EQ,INE416A01051,AQYLON NEXUS LIMITED,61.81,64.43,60.32,64.42,61.37,4.97,4086783,263270553.38
2026-05-29,ARCHIDPLY,EQ,INE877I01016,ARCHIDPLY IND. LTD,81.31,81.9,78.52,79.11,81.16,-2.53,18053,1428172.84
2026-05-29,ARCHIES,EQ,INE731A01020,ARCHIES LTD,14.6,15.5,14.6,15.04,14.97,0.47,27111,407749.44
2026-05-29,ARE&M,EQ,INE885A01032,AMARA RAJA ENERGY MOB LTD,910.1,924.5,873.1,886.1,905.95,-2.19,1453821,1288230752.61
2026-05-29,ARENTERP,EQ,INE610C01014,RAJDARSHAN INDUSTRIES LTD,40.99,40.99,38.31,40.19,39.13,2.71,1118,44932.42
2026-05-29,ARFIN,EQ,INE784R01023,ARFIN INDIA LIMITED,95.65,95.65,91.25,92.51,94.01,-1.6,2665679,246601969.98
2026-05-29,ARIHANT,EQ,INE413D01011,ARIHANT FOUN & HOU LTD,853.25,919.95,853.25,893.85,893.2,0.07,2213,1978090.0
2026-05-29,ARIHANTCAP,EQ,INE420B01036,ARIHANT CAPITAL MKTS LTD,68.5,68.89,66.6,67.09,68.57,-2.16,103364,6934690.38
2026-05-29,ARIHANTSUP,EQ,INE643K01018,ARIHANT SUPERSTRUCT LTD,260.85,263.55,255.0,260.65,258.85,0.7,30707,8003779.36
2026-05-29,ARIS,EQ,INE0H9P01028,ARISINFRA SOLUTIONS LTD,120.0,121.58,117.56,119.76,121.02,-1.04,700253,83862300.78
2026-05-29,ARKADE,EQ,INE0QRL01017,ARKADE DEVELOPERS LIMITED,120.0,120.5,113.0,113.91,123.26,-7.59,873679,99520778.09
2026-05-29,ARMANFIN,EQ,INE109C01017,ARMAN FIN SERV LTD,1829.0,1869.0,1671.1,1686.1,1803.2,-6.49,131706,222069483.38
2026-05-29,AROGRANITE,EQ,INE210C01013,ARO GRANITE IND. LTD.,26.9,26.9,25.5,25.71,26.7,-3.71,2710,69674.1
2026-05-29,ARROWGREEN,EQ,INE570D01018,ARROW GREENTECH LIMITED,497.05,539.0,497.05,530.55,499.1,6.3,230502,122292833.29
2026-05-29,ARSSBL,EQ,INE549H01021,ANAND RATHI SH N STK BR L,545.0,551.0,533.25,537.4,539.6,-0.41,228394,122738941.18
2026-05-29,ARTEMISMED,EQ,INE025R01021,ARTEMIS MED SERVICE LTD,280.06,293.96,270.51,273.36,277.17,-1.37,273786,74842136.95
2026-05-29,ARTNIRMAN,EQ,INE738V01013,ART NIRMAN LIMITED,41.0,42.54,41.0,42.54,42.6,-0.14,786,33436.44
2026-05-29,ARVEE,EQ,INE006Z01016,ARVEE LABORATORIES I LTD,168.0,168.0,159.89,165.23,160.03,3.25,243,40150.89
2026-05-29,ARVIND,EQ,INE034A01011,ARVIND LIMITED,480.0,491.0,466.05,473.35,484.9,-2.38,644318,304987929.23
2026-05-29,ARVINDFASN,EQ,INE955V01021,ARVIND FASHIONS LIMITED,468.35,468.35,456.2,461.35,468.35,-1.49,81756,37718131.1
2026-05-29,ARVSMART,EQ,INE034S01021,ARVIND SMARTSPACES LTD,609.0,609.95,588.7,594.1,608.25,-2.33,29387,17458815.98
2026-05-29,ASAHIINDIA,EQ,INE439A01020,ASAHI INDIA GLASS LIMITED,946.25,946.25,885.2,902.6,918.55,-1.74,155898,140713530.99
2026-05-29,ASAL,EQ,INE900C01027,AUTOMOTIVE STAMPINGS & AS,508.95,511.2,495.55,504.15,507.3,-0.62,13962,7038942.21
2026-05-29,ASALCBR,EQ,INE073G01016,ASSO ALCOHOLS & BREW LTD,864.9,874.95,835.0,839.45,864.9,-2.94,25894,21736718.62
2026-05-29,ASHAPURMIN,EQ,INE348A01023,ASHAPURA MINECHEM LTD,683.0,755.5,677.15,739.5,654.05,13.06,7817941,5781367369.5
2026-05-29,ASHIANA,EQ,INE365D01021,ASHIANA HOUSING LTD,367.2,373.0,336.0,364.4,377.9,-3.57,529136,192817155.17
2026-05-29,ASHIMASYN,EQ,INE440A01010,ASHIMA LTD,16.49,16.94,15.75,16.08,16.49,-2.49,67030,1077842.39
2026-05-29,ASHOKA,EQ,INE442H01029,ASHOKA BUILDCON LTD,124.0,125.2,122.0,122.39,123.69,-1.05,874353,107012063.14
2026-05-29,ASHOKAMET,EQ,INE760Y01011,ASHOKA METCAST LIMITED,15.81,16.19,15.71,15.76,15.8,-0.25,21156,333418.56
2026-05-29,ASHOKLEY,EQ,INE208A01029,ASHOK LEYLAND LTD,165.66,165.7,154.86,155.44,163.62,-5.0,87249539,13562068555.17
2026-05-29,ASIANENE,EQ,INE276G01015,ASIAN ENERGY SERVICES LTD,358.0,363.65,351.0,358.1,356.85,0.35,428255,153358118.11
2026-05-29,ASIANHOTNR,EQ,INE363A01022,ASIAN HOTELS (NORTH) LTD,309.7,315.0,309.7,314.05,312.55,0.48,15042,4723939.92
2026-05-29,ASIANPAINT,EQ,INE021A01026,ASIAN PAINTS LIMITED,2676.1,2748.2,2631.6,2671.6,2671.9,-0.01,5062328,13524515979.17
2026-05-29,ASIANTILES,EQ,INE022I01019,ASIAN GRANITO IND. LTD.,61.79,62.65,60.78,61.15,61.77,-1.0,5708437,349070931.26
2026-05-29,ASKAUTOLTD,EQ,INE491J01022,ASK AUTOMOTIVE LIMITED,459.65,460.8,450.0,455.95,459.65,-0.8,112307,51206378.02
2026-05-29,ASPINWALL,EQ,INE991I01015,ASPINWALL & CO LTD,245.0,246.55,240.55,241.15,240.84,0.13,3197,770956.53
2026-05-29,ASTEC,EQ,INE563J01010,ASTEC LIFESCIENCES LTD,763.5,850.0,755.65,770.95,761.25,1.27,585738,451574718.25
2026-05-29,ASTERDM,EQ,INE914M01019,ASTER DM QUALITY CARE LTD,741.1,751.45,721.3,728.35,741.25,-1.74,514480,374721495.44
2026-05-29,ASTRAL,EQ,INE006I01046,ASTRAL LIMITED,1596.0,1614.8,1568.2,1578.2,1598.6,-1.28,3173296,5008095592.25
2026-05-29,ASTRAMICRO,EQ,INE386C01029,ASTRA MICROWAVE LTD,1395.2,1433.0,1380.0,1401.7,1397.4,0.31,1614132,2262528745.58
2026-05-29,ASTRAZEN,EQ,INE203A01020,ASTRAZENECA PHARMA IND LT,8600.0,8820.0,8431.5,8631.5,8648.0,-0.19,29548,255043562.0
2026-05-29,ATALREAL,EQ,INE0ALR01029,ATAL REALTECH LIMITED,30.0,30.33,28.68,29.09,29.92,-2.77,4887159,142167456.06
2026-05-29,ATAM,EQ,INE09KD01013,ATAM VALVES LIMITED,71.1,73.72,70.3,71.17,71.78,-0.85,10141,721734.95
2026-05-29,ATGL,EQ,INE399L01023,ADANI TOTAL GAS LIMITED,821.9,859.85,761.55,773.3,808.55,-4.36,44779830,34628241992.37
2026-05-29,ATHERENERG,EQ,INE0LEZ01016,ATHER ENERGY LIMITED,969.9,1003.9,947.85,964.1,955.5,0.9,7558790,7287429254.46
2026-05-29,ATL,EQ,INE0NN701020,ALLCARGO TERMINALS LTD,24.85,25.86,24.61,24.81,25.46,-2.55,115079,2855109.93
2026-05-29,ATLANTAA,EQ,INE285H01022,ATLANTAA LIMITED,42.23,42.84,40.9,41.42,42.2,-1.85,76193,3155913.92
2026-05-29,ATLANTAELE,EQ,INE0Z4F01028,ATLANTA ELECTRICALS LTD,1972.2,1972.2,1835.0,1971.9,1878.3,4.98,195275,385062777.27
2026-05-29,ATLASCYCLE,EQ,INE446A01025,ATLAS CYCLE (HARYANA) LTD,100.85,101.0,98.0,99.29,100.66,-1.36,6458,641214.83
2026-05-29,ATUL,EQ,INE100A01010,ATUL LTD,7002.5,7007.5,6758.5,6855.5,7002.5,-2.1,16807,115220388.5
2026-05-29,ATULAUTO,EQ,INE951D01028,ATUL AUTO LIMITED,479.95,488.0,477.0,480.85,478.35,0.52,150962,72590078.62
2026-05-29,AUBANK,EQ,INE949L01017,AU SMALL FINANCE BANK LTD,1005.0,1013.3,971.1,984.7,1005.0,-2.02,5062185,4984733631.29
2026-05-29,AURIONPRO,EQ,INE132H01018,AURIONPRO SOLN LTD,813.55,814.0,784.6,794.8,808.5,-1.69,137387,109195185.92
2026-05-29,AUROPHARMA,EQ,INE406A01037,AUROBINDO PHARMA LTD,1435.9,1453.4,1411.0,1426.4,1435.9,-0.66,2434944,3473204181.05
2026-05-29,AURUM,EQ,INE898S01029,AURUM PROPTECH LIMITED,182.2,182.2,175.01,175.71,180.12,-2.45,100722,17697863.3
2026-05-29,AURUS,EQ,INE142K01011,AURUS GEM CORP LIMITED,4.98,5.22,4.98,5.08,5.07,0.2,22355,113563.4
2026-05-29,AUSOMENT,EQ,INE218C01016,AUSOM ENTERPRISE LIMITED,139.2,142.0,135.25,136.16,139.3,-2.25,3323,452459.69
2026-05-29,AUTOAXLES,EQ,INE449A01011,AUTOMOTIVE AXLES LIMITED,1775.0,1791.9,1701.0,1730.6,1772.6,-2.37,9337,16158611.97
2026-05-29,AUTOBEES,EQ,INF204KC1337,NIPPONAMC - NETFAUTO,277.99,277.99,270.12,271.31,276.05,-1.72,263738,71554756.14
2026-05-29,AUTOIETF,EQ,INF109KC10V2,ICICIPRAMC - ICICIAUTO,27.67,27.86,27.05,27.16,27.67,-1.84,809954,21998350.52
2026-05-29,AUTOIND,EQ,INE718H01014,AUTOLINE INDUSTRIES LTD,81.98,82.0,80.0,80.22,81.89,-2.04,77173,6190818.15
2026-05-29,AVADHSUGAR,EQ,INE349W01017,AVADH SUG & ENERGY LTD,448.0,453.0,428.0,447.4,445.1,0.52,24374,10904927.45
2026-05-29,AVALON,EQ,INE0LCL01028,AVALON TECHNOLOGIES LTD,1498.2,1528.4,1452.0,1520.5,1497.1,1.56,377729,574336944.5
2026-05-29,AVANTEL,EQ,INE005B01027,AVANTEL LIMITED,182.0,184.0,176.0,177.38,180.75,-1.86,3226961,572398357.94
2026-05-29,AVANTIFEED,EQ,INE871C01038,AVANTI FEEDS LIMITED,1290.4,1290.4,1180.0,1203.6,1297.4,-7.23,2349147,2827433271.85
2026-05-29,AVL,EQ,INE679V01027,ADITYA VISION LIMITED,535.0,542.7,522.05,534.85,535.35,-0.09,185105,99003404.73
2026-05-29,AVONMORE,EQ,INE323B01024,AVONMORE CAP&MGT SERV LTD,11.49,11.49,10.85,10.91,11.06,-1.36,159435,1739435.83
2026-05-29,AVROIND,EQ,INE652Z01025,AVRO INDIA LIMITED,11.24,11.94,10.19,10.84,10.92,-0.73,479844,5201509.03
2026-05-29,AVTNPL,EQ,INE488D01021,AVT NATURAL PRODUCTS LTD,76.9,78.0,71.6,72.2,68.64,5.19,645654,46616216.83
2026-05-29,AWFIS,EQ,INE108V01019,AWFIS SPACE SOLUTIONS LTD,344.95,344.95,324.1,327.9,345.85,-5.19,448890,147191028.26
2026-05-29,AWHCL,EQ,INE01BK01022,ANTONY WASTE HDG CELL LTD,478.6,483.4,461.3,467.85,472.25,-0.93,115567,54068021.66
2026-05-29,AWL,EQ,INE699H01024,AWL AGRI BUSINESS LIMITED,193.72,195.38,191.1,192.3,193.46,-0.6,2026013,389602306.08
2026-05-29,AXISBANK,EQ,INE238A01034,AXIS BANK LIMITED,1296.1,1312.6,1277.4,1286.6,1304.1,-1.34,15215715,19576538547.52
2026-05-29,AXISCADES,EQ,INE555B01013,AXISCADES TECH LTD,1863.8,1863.8,1863.8,1863.8,1961.8,-5.0,19724,36761592.16
2026-05-29,AXITA,EQ,INE02EZ01022,AXITA COTTON LIMITED,8.11,8.58,8.0,8.21,8.03,2.24,1565146,12849848.72
2026-05-29,AYE,EQ,INE501X01029,AYE FINANCE LIMITED,145.79,148.61,140.28,144.96,145.09,-0.09,932574,135185933.3
2026-05-29,AYMSYNTEX,EQ,INE193B01039,AYM SYNTEX LIMITED,234.1,234.1,214.68,225.48,219.48,2.73,31430,7086836.27
2026-05-29,AZAD,EQ,INE02IJ01035,AZAD ENGINEERING LIMITED,2057.1,2082.8,1990.0,2016.7,2057.1,-1.96,420344,847707724.28
2026-05-29,BAGFILMS,EQ,INE116D01028,B.A.G FILMS AND MEDIA LTD,4.97,5.12,4.97,5.05,5.03,0.4,52634,265801.71
2026-05-29,BAIDFIN,EQ,INE020D01022,BAID FINSERV LIMITED,10.4,10.7,10.2,10.33,10.37,-0.39,61911,639540.63
2026-05-29,BAJAJ-AUTO,EQ,INE917I01010,BAJAJ AUTO LIMITED,10650.0,10750.0,10388.5,10460.0,10808.5,-3.22,483158,5053832680.0
2026-05-29,BAJAJCON,EQ,INE933K01021,BAJAJ CONSUMER CARE LTD,560.75,579.9,545.25,552.8,560.75,-1.42,745950,412361150.89
2026-05-29,BAJAJELEC,EQ,INE193E01025,BAJAJ ELECT.LTD,337.3,337.3,311.15,314.45,333.95,-5.84,1593842,501183636.36
2026-05-29,BAJAJFINSV,EQ,INE918I01026,BAJAJ FINSERV LTD.,1801.0,1817.6,1776.9,1783.6,1809.1,-1.41,1445842,2578803755.9
2026-05-29,BAJAJHCARE,EQ,INE411U01027,BAJAJ HEALTHCARE LIMITED,310.0,313.8,301.0,302.2,307.05,-1.58,121886,36833950.69
2026-05-29,BAJAJHFL,EQ,INE377Y01014,BAJAJ HOUSING FINANCE LTD,86.2,86.46,84.77,84.89,86.02,-1.31,3227303,273965749.7
2026-05-29,BAJAJHIND,EQ,INE306A01021,BAJAJ HINDUSTHAN SUGAR LT,18.4,18.68,18.3,18.38,18.33,0.27,5794124,106495994.26
2026-05-29,BAJAJHLDNG,EQ,INE118A01012,BAJAJ HOLDINGS & INVS LTD,10570.0,10620.0,10270.0,10361.0,10556.0,-1.85,103855,1076041655.0
2026-05-29,BAJAJINDEF,EQ,INE0O9T01021,INDEF MANUFACTURING LTD,269.9,270.0,250.15,252.6,271.95,-7.12,132068,33360377.61
2026-05-29,BAJEL,EQ,INE0KQN01018,BAJEL PROJECTS LIMITED,195.0,215.5,192.1,195.47,184.34,6.04,10672753,2086203041.94
2026-05-29,BAJFINANCE,EQ,INE296A01032,BAJAJ FINANCE LIMITED,915.1,937.8,895.3,908.25,931.15,-2.46,46752428,42462892731.0
2026-05-29,BALAJEE,EQ,INE0S2G01011,SHREE TIRUPATI BALAJEE L,30.8,30.8,29.6,29.74,29.93,-0.63,40459,1203250.65
2026-05-29,BALAJITELE,EQ,INE794B01026,BALAJI TELEFILMS LIMITED.,92.67,95.04,89.83,90.35,91.94,-1.73,309672,27978864.73
2026-05-29,BALAMINES,EQ,INE050E01027,BALAJI AMINES LIMITED,1835.0,1868.9,1763.0,1775.6,1821.0,-2.49,219900,390454434.63
2026-05-29,BALAXI,EQ,INE618N01022,BALAXI PHARMA LTD,24.95,26.21,24.95,26.21,24.97,4.97,52623,1379248.78
2026-05-29,BALKRISHNA,EQ,INE875R01011,BALKRISHNA PAPER MILLS L,18.88,18.88,17.51,18.33,18.86,-2.81,70579,1293713.06
2026-05-29,BALKRISIND,EQ,INE787D01026,BALKRISHNA IND. LTD,2201.0,2351.5,2166.0,2205.5,2194.7,0.49,638688,1408626384.0
2026-05-29,BALMLAWRIE,EQ,INE164A01016,BALMER LAWRIE & CO LTD,185.99,186.0,182.34,183.58,184.58,-0.54,66689,12242766.74
2026-05-29,BALPHARMA,EQ,INE083D01012,BAL PHARMA LTD.,95.99,96.97,88.0,90.12,96.43,-6.54,73218,6598406.36
2026-05-29,BALRAMCHIN,EQ,INE119A01028,BALRAMPUR CHINI MILLS LTD,530.2,534.2,510.15,514.8,530.2,-2.9,814888,419504332.45
2026-05-29,BALUFORGE,EQ,INE011E01029,BALU FORGE INDUSTRIES LTD,504.35,504.8,470.0,475.9,504.35,-5.64,1908302,908160910.15
2026-05-29,BANARBEADS,EQ,INE655B01011,BANARAS BEADS LTD,110.91,114.65,106.0,107.39,111.85,-3.99,2516,270193.24
2026-05-29,BANARISUG,EQ,INE459A01010,BANNARI AMMAN SUGARS LTD,3603.0,3641.9,3600.0,3600.4,3603.5,-0.09,576,2073830.34
2026-05-29,BANCOINDIA,EQ,INE213C01025,BANCO PRODUCTS (I) LTD,640.5,685.0,640.0,656.25,625.85,4.86,2319297,1522038656.25
2026-05-29,BANDHANBNK,EQ,INE545U01014,BANDHAN BANK LIMITED,205.93,212.48,205.93,208.3,205.83,1.2,17292707,3602070920.87
2026-05-29,BANG,EQ,INE863I01016,BANG OVERSEAS LTD.,38.2,40.88,38.0,38.43,39.11,-1.74,5841,224469.63
2026-05-29,BANK10ADD,EQ,INF740KA1YH2,DSPAMC - BANK10ADD,16.25,16.32,16.0,16.07,16.24,-1.05,28362,455777.33
2026-05-29,BANKA,EQ,INE862Y01015,BANKA BIOLOO LIMITED,88.75,88.75,88.75,88.75,87.01,2.0,12245,1086743.75
2026-05-29,BANKADD,EQ,INF740KA1RX3,DSPAMC - DSPBANK,56.17,57.75,55.36,55.48,56.1,-1.11,37344,2071845.1
2026-05-29,BANKBARODA,EQ,INE028A01039,BANK OF BARODA,272.55,274.0,267.15,268.5,270.95,-0.9,17624514,4732182009.0
2026-05-29,BANKBEES,EQ,INF204KB15I9,NIP IND ETF BANK BEES,569.08,569.7,560.18,561.32,567.32,-1.06,1559135,875173669.62
2026-05-29,BANKBETA,EQ,INF789F1AUV1,UTIAMC-BANKBETA,56.69,56.92,55.78,56.03,56.69,-1.16,396293,22204296.31
2026-05-29,BANKBETF,EQ,INF0QA701714,BFAM - BANKBETF,55.74,55.9,54.84,54.99,55.7,-1.27,58316,3206796.94
2026-05-29,BANKETF,EQ,INF769K01KR3,MIRAEAMC - BANKETF,560.05,560.85,550.7,551.77,558.34,-1.18,59040,32576501.95
2026-05-29,BANKIETF,EQ,INF109KC15I8,ICICIPRAMC - IPRU5008,56.47,56.53,55.47,55.64,56.26,-1.1,480708,26746592.83
2026-05-29,BANKINDIA,EQ,INE084A01016,BANK OF INDIA,142.48,144.16,139.5,139.91,147.0,-4.82,12099858,1692891177.09
2026-05-29,BANKNIFTY1,EQ,INF174KA1ZB7,KOTAKMAMC-KOTAKBKETF,56.96,57.14,56.15,56.24,56.79,-0.97,534251,30046277.14
2026-05-29,BANKPSU,EQ,INF769K01LZ4,MIRAEAMC - BANKPSU,84.0,84.0,82.15,82.29,83.12,-1.0,29559,2432410.14
2026-05-29,BANSALWIRE,EQ,INE0B9K01025,BANSAL WIRE INDUSTRIES L,328.9,329.0,316.0,318.25,328.1,-3.0,48996,15592977.0
2026-05-29,BANSWRAS,EQ,INE629D01020,BANSWARA SYNTEX LIMITED,122.1,124.93,120.55,121.28,122.37,-0.89,7117,863149.75
2026-05-29,BASF,EQ,INE373A01013,BASF INDIA LTD,3430.2,3468.4,3372.0,3399.7,3430.2,-0.89,16081,54670574.91
2026-05-29,BATAINDIA,EQ,INE176A01028,BATA INDIA LTD,658.0,675.95,657.95,668.95,692.6,-3.41,488366,326692441.66
2026-05-29,BATLIBOI,EQ,INE177C01022,BATLIBOI LTD.,83.4,83.4,77.61,78.3,79.68,-1.73,29365,2299279.59
2026-05-29,BAYERCROP,EQ,INE462A01022,BAYER CROPSCIENCE LTD,4668.9,4670.0,4473.8,4509.5,4615.8,-2.3,37890,170864955.0
2026-05-29,BBETF0432,EQ,INF754K01OB1,EDELAMC - BBETF0432,1307.62,1310.0,1305.0,1307.0,1307.99,-0.08,1031,1347517.0
2026-05-29,BBL,EQ,INE464A01036,BHARAT BIJLEE LTD,2828.0,2877.5,2749.1,2784.4,2828.0,-1.54,30356,84523243.44
2026-05-29,BBNPNBETF,EQ,INF251K01TL6,BARODABNP - BBNPNBETF,55.48,55.55,54.64,54.75,55.28,-0.96,566,30988.5
2026-05-29,BBNPPGOLD,EQ,INF251K01SU9,BARODABNP - BBNPPGOLD,150.8,151.35,150.05,150.6,150.8,-0.13,164795,24818128.01
2026-05-29,BBOX,EQ,INE676A01027,BLACK BOX LIMITED,1013.8,1050.0,976.95,1037.15,994.1,4.33,1519897,1576361210.66
2026-05-29,BBTC,EQ,INE050A01025,BOMBAY BURMAH TRADING COR,1540.5,1547.8,1488.0,1501.6,1536.6,-2.28,31040,46609663.24
2026-05-29,BBTCL,EQ,INE01EE01011,B&B TRIPLEWALL CONT LTD,217.8,233.0,217.8,225.41,208.13,8.3,74487,16790114.94
2026-05-29,BCG,EQ,INE425B01027,BRIGHTCOM GROUP LIMITED,10.29,10.58,10.16,10.44,10.29,1.46,7237329,75557711.72
2026-05-29,BCLIND,EQ,INE412G01024,BCL INDUSTRIES LIMITED,33.07,33.7,31.5,32.64,32.91,-0.82,725861,23692102.6
2026-05-29,BCONCEPTS,EQ,INE977Y01011,BRAND CONCEPTS LIMITED,204.99,206.91,195.01,196.42,199.15,-1.37,13803,2711185.23
2026-05-29,BCPL,EQ,INE00SW01015,BCPL RAILWAY INFRA LTD,82.01,84.8,78.5,79.77,82.72,-3.57,49350,3936649.33
2026-05-29,BDL,EQ,INE171Z01026,BHARAT DYNAMICS LIMITED,1207.0,1230.0,1175.4,1204.6,1282.2,-6.05,7665885,9234324883.84
2026-05-29,BEARDSELL,EQ,INE520H01022,BEARDSELL LIMITED,26.0,28.8,25.75,27.95,24.4,14.55,217013,6065513.52
2026-05-29,BECTORFOOD,EQ,INE495P01020,MRS BECTORS FOOD SPE LTD,179.5,180.69,170.76,171.71,180.76,-5.01,1148062,197133733.73
2026-05-29,BEDMUTHA,EQ,INE844K01012,BEDMUTHA INDUST LTD,113.4,113.4,110.0,113.4,108.0,5.0,17848,2023963.23
2026-05-29,BEL,EQ,INE263A01024,BHARAT ELECTRONICS LTD,413.3,419.1,409.9,410.75,419.1,-1.99,26559872,10909467424.0
2026-05-29,BELLACASA,EQ,INE344T01014,BELLA CASA FASH AND RET L,233.35,255.75,228.45,231.55,248.75,-6.91,19337,4477482.41
2026-05-29,BELRISE,EQ,INE894V01022,BELRISE INDUSTRIES LTD,219.9,220.0,213.68,216.46,218.13,-0.77,4978945,1077742468.13
2026-05-29,BEML,EQ,INE258A01024,BEML LIMITED,1850.0,1864.0,1693.0,1722.4,1832.6,-6.01,976409,1681766885.44
2026-05-29,BEPL,EQ,INE922A01025,BHANSALI ENG. POLYMERS LT,95.22,98.4,94.56,95.53,95.21,0.34,714011,68209469.96
2026-05-29,BERGEPAINT,EQ,INE463A01038,BERGER PAINTS (I) LTD,528.0,530.0,495.0,500.6,526.95,-5.0,659911,330351450.63
2026-05-29,BESTAGRO,EQ,INE052T01021,BEST AGROLIFE LIMITED,16.35,16.8,16.0,16.33,17.92,-8.87,1382030,22568549.79
2026-05-29,BETA,EQ,INE351Y01019,BETA DRUGS LIMITED,1450.0,1450.0,1410.1,1429.5,1442.0,-0.87,23766,33973497.0
2026-05-29,BFINVEST,EQ,INE878K01010,BF INVESTMENT LIMITED,403.9,472.0,401.0,431.15,402.6,7.09,619076,266914613.62
2026-05-29,BFSI,EQ,INF769K01HI8,MIRAEAMC - MAFSETF,27.2,27.2,26.2,26.29,26.65,-1.35,380039,9991225.66
2026-05-29,BFUTILITIE,EQ,INE243D01012,BF UTILITIES LIMITED,560.2,589.3,542.5,568.75,571.05,-0.4,148995,84740906.25
2026-05-29,BHAGCHEM,EQ,INE414D01027,BHAGIRADHA CHEM & INDS L,248.3,251.25,243.05,247.65,244.65,1.23,42562,10540479.04
2026-05-29,BHAGYANGR,EQ,INE458B01036,BHAGYANAGAR INDIA LIMITED,275.0,293.2,267.1,293.2,279.25,5.0,162667,47693966.39
2026-05-29,BHANDARI,EQ,INE474E01029,BHANDARI HOSIERY EXP LTD,3.18,3.27,3.17,3.2,3.18,0.63,307129,982812.81
2026-05-29,BHARATCOAL,EQ,INE05XR01022,BHARAT COKING COAL LTD,39.47,42.5,38.07,41.34,38.75,6.68,139843757,5781140935.72
2026-05-29,BHARATFORG,EQ,INE465A01025,BHARAT FORGE LTD,1956.4,1967.8,1920.0,1957.2,1938.6,0.96,3127027,6120217091.71
2026-05-29,BHARATRAS,EQ,INE838B01021,BHARAT RASAYAN LTD,1500.7,1500.7,1441.5,1452.0,1488.7,-2.47,22255,32314260.0
2026-05-29,BHARATSE,EQ,INE415D01024,BHARAT SEATS LIMITED,193.94,195.49,182.31,184.03,191.09,-3.69,123235,22678936.9
2026-05-29,BHARATWIRE,EQ,INE316L01019,BHARAT WIRE ROPES LTD.,234.88,234.99,220.1,223.06,231.48,-3.64,239605,53446290.72
2026-05-29,BHARTIARTL,EQ,INE397D01024,BHARTI AIRTEL LIMITED,1860.0,1860.0,1818.5,1829.0,1852.2,-1.25,52886264,96728976856.0
2026-05-29,BHARTIHEXA,EQ,INE343G01021,BHARTI HEXACOM LIMITED,1535.3,1535.3,1490.0,1495.5,1534.0,-2.51,109670,164011485.0
2026-05-29,BHEL,EQ,INE257A01026,BHEL,424.05,424.9,413.05,416.75,422.35,-1.33,18794737,7832706644.75
2026-05-29,BIGBLOC,EQ,INE412U01025,BIGBLOC CONSTRUCTION LTD,50.9,52.79,49.5,50.03,52.01,-3.81,240819,12048174.28
2026-05-29,BIKAJI,EQ,INE00E101023,BIKAJI FOODS INTERN LTD,650.0,655.0,636.8,650.05,637.8,1.92,434589,282504574.14
2026-05-29,BIL,EQ,INE828A01016,BHARTIYA INTERNATIONAL,756.6,793.0,756.6,775.6,757.35,2.41,6352,4926611.04
2026-05-29,BIMETAL,EQ,INE469A01019,BIMETAL BEARINGS LTD.,604.95,666.0,604.95,648.4,572.15,13.33,15805,10247962.39
2026-05-29,BIOCON,EQ,INE376G01013,BIOCON LIMITED.,432.2,440.0,425.65,428.65,432.2,-0.82,6229370,2670219412.48
2026-05-29,BIOFILCHEM,EQ,INE829A01014,BIOFIL CHEM & PHARMA LTD,36.85,36.85,34.8,35.09,35.62,-1.49,32236,1131161.24
2026-05-29,BIRLACABLE,EQ,INE800A01015,BIRLA CABLE LIMITED,190.0,193.91,186.53,193.91,184.68,5.0,204580,39670108.55
2026-05-29,BIRLACORPN,EQ,INE340A01012,BIRLA CORPORATION LTD,1006.4,1012.75,991.0,997.3,1006.45,-0.91,32585,32497020.1
2026-05-29,BIRLAMONEY,EQ,INE865C01022,ADITYA BIRLA MONEY LTD,142.97,142.97,136.35,138.08,141.57,-2.47,57621,7956307.79
2026-05-29,BIRLANU,EQ,INE557A01011,BIRLANU LIMITED,1341.9,1359.8,1322.0,1336.9,1342.0,-0.38,9260,12379694.23
2026-05-29,BLACKBUCK,EQ,INE0UIZ01018,BLACKBUCK LIMITED,520.35,522.5,506.1,510.55,520.3,-1.87,563151,287516736.18
2026-05-29,BLAL,EQ,INE0N7W01012,BEML LAND ASSETS LIMITED,189.08,190.01,187.0,187.52,188.45,-0.49,10317,1934643.88
2026-05-29,BLBLIMITED,EQ,INE791A01024,BLB LIMITED,17.29,17.29,16.5,17.01,16.58,2.59,90922,1546583.24
2026-05-29,BLKASHYAP,EQ,INE350H01032,B.L.KASHYAP & SON LTD,54.38,57.75,54.1,55.01,54.38,1.16,1272195,69983444.81
2026-05-29,BLS,EQ,INE153T01027,BLS INTL SERVS LTD,270.0,276.0,260.0,260.9,264.85,-1.49,2448859,638907298.15
2026-05-29,BLSE,EQ,INE0NLT01010,BLS E-SERVICES LIMITED,220.01,223.3,217.69,221.96,220.12,0.84,508023,112760788.49
2026-05-29,BLUECOAST,EQ,INE472B01011,BLUE COAST HOTELS LIMITED,33.0,33.0,31.06,32.42,31.58,2.66,2747,89057.73
2026-05-29,BLUEDART,EQ,INE233B01017,BLUE DART EXPRESS LTD,4849.0,4849.0,4731.5,4741.5,4773.0,-0.66,16927,80259370.5
2026-05-29,BLUEJET,EQ,INE0KBH01020,BLUE JET HEALTHCARE LTD,466.4,468.0,445.0,449.35,470.25,-4.44,1391474,625258850.39
2026-05-29,BLUESTARCO,EQ,INE472A01039,BLUE STAR LIMITED,1655.0,1655.1,1581.0,1589.0,1657.1,-4.11,685025,1088504725.0
2026-05-29,BLUESTONE,EQ,INE304W01038,BLUESTONE JEWEL LFSTL LTD,468.05,489.75,466.4,479.6,469.9,2.06,1663503,797816048.95
2026-05-29,BLUSPRING,EQ,INE0U4101014,BLUSPRING ENTERPRISES LTD,72.72,80.97,70.0,79.03,68.76,14.94,2503523,197853419.63
2026-05-29,BMWVENTLTD,EQ,INE965W01036,BMW VENTURES LIMITED,61.8,61.8,59.23,59.82,62.57,-4.4,125278,7494129.92
2026-05-29,BNKETFAXIS,EQ,INF846K01X63,AXISAMC-BNKETFAXIS,564.23,567.07,558.53,558.53,564.23,-1.01,6533,3648876.68
2026-05-29,BODALCHEM,EQ,INE338D01028,BODAL CHEMICALS LTD,73.0,75.5,70.1,70.9,73.35,-3.34,187874,13320266.89
2026-05-29,BOHRAIND,EQ,INE802W01023,BOHRA INDUSTRIES LIMITED,18.82,19.58,17.84,17.87,18.73,-4.59,8253,147481.12
2026-05-29,BOMDYEING,EQ,INE032A01023,BOMBAY DYEING & MFG. CO L,128.6,129.7,125.24,126.94,128.41,-1.14,665354,84460038.38
2026-05-29,BONLON,EQ,INE0B9A01018,BONLON INDUSTRIES LIMITED,48.65,48.65,46.27,46.27,48.7,-4.99,15655,724356.86
2026-05-29,BORANA,EQ,INE16SF01016,BORANA WEAVES LIMITED,340.0,340.0,320.0,323.2,333.9,-3.2,33529,10836573.21
2026-05-29,BOROLTD,EQ,INE02PY01013,BOROSIL LIMITED,222.82,225.99,217.89,219.24,222.82,-1.61,67312,14757483.25
2026-05-29,BORORENEW,EQ,INE666D01022,BOROSIL RENEWABLES LTD,507.6,514.55,498.15,501.75,507.6,-1.15,390770,196068847.5
2026-05-29,BOROSCI,EQ,INE02L001032,BOROSIL SCIENTIFIC LTD,150.5,151.8,147.01,150.01,148.53,1.0,122276,18342622.09
2026-05-29,BOSCH-HCIL,EQ,INE782A01015,BOSCH HOME COMFRT IND LTD,1412.1,1417.5,1385.0,1396.2,1398.3,-0.15,15148,21149636.86
2026-05-29,BOSCHLTD,EQ,INE323A01026,BOSCH LIMITED,36365.0,37950.0,36290.0,36625.0,36035.0,1.64,168254,6162302750.0
2026-05-29,BPCL,EQ,INE029A01011,BHARAT PETROLEUM CORP  LT,310.6,312.0,290.0,298.1,307.15,-2.95,26387806,7866205129.66
2026-05-29,BPL,EQ,INE110A01019,BPL LTD,56.0,57.75,53.9,54.33,56.24,-3.4,94957,5159013.98
2026-05-29,BRIGADE,EQ,INE791I01019,BRIGADE ENTER. LTD,496.2,500.7,484.46,489.26,494.81,-1.12,630374,308418366.87
2026-05-29,BRIGHOTEL,EQ,INE03NU01014,BRIGADE HOTEL VENTURE LTD,62.48,62.69,60.25,61.42,61.55,-0.21,113704,6983699.47
2026-05-29,BRITANNIA,EQ,INE216A01030,BRITANNIA INDUSTRIES LTD,5335.5,5350.0,5164.5,5204.5,5335.5,-2.46,1697949,8836975570.5
2026-05-29,BRNL,EQ,INE727S01012,BHARAT ROAD NETWORK LTD,20.11,20.77,20.11,20.35,20.11,1.19,31241,635754.36
2026-05-29,BROOKS,EQ,INE650L01011,BROOKS LAB LIMITED,65.29,65.29,65.29,65.29,62.19,4.98,33389,2179967.84
2026-05-29,BSE,EQ,INE118H01025,BSE LIMITED,4250.0,4256.0,4127.9,4146.1,4248.4,-2.41,4544243,18840886346.07
2026-05-29,BSE500IETF,EQ,INF109KC1V59,ICICIPRAMC - ICICI500,38.35,39.3,38.16,38.26,38.72,-1.19,140841,5388576.42
2026-05-29,BSHSL,EQ,INE032Z01020,BOMBAY SUPER HYBRID SEEDS,93.0,98.8,93.0,95.8,97.53,-1.77,4154,397953.21
2026-05-29,BSL,EQ,INE594B01012,BSL LTD,142.8,142.8,131.0,131.41,136.89,-4.0,10495,1379147.99
2026-05-29,BSLGOLDETF,EQ,INF209KB18D3,ADITYBIRLA SL GOLD ETF-GR,137.1,137.41,136.35,136.82,137.23,-0.3,468173,64055433.29
2026-05-29,BSLNIFTY,EQ,INF209KB19D1,ADITYBIRLA SL NIF ETF-GR,27.89,28.05,27.45,27.54,27.89,-1.25,460221,12674486.76
2026-05-29,BSLSENETFG,EQ,INF209KB10E8,BIRLASLAMC - BSLSENETFG,75.23,77.0,74.48,75.23,76.0,-1.01,3360,252772.81
2026-05-29,BSOFT,EQ,INE836A01035,BIRLASOFT LIMITED,330.0,333.15,316.5,319.35,328.1,-2.67,1208857,386048490.33
2026-05-29,BTML,EQ,INE0EEJ01023,BODHI TREE MULTIMEDIA LTD,6.57,6.73,5.9,6.06,6.56,-7.62,1913201,11593997.95
2026-05-29,BUILDPRO,EQ,INE24OJ01011,SHANKARA BUILDPRO LIMITED,1158.2,1184.0,1145.0,1164.8,1160.6,0.36,54866,63907919.48
2026-05-29,BUTTERFLY,EQ,INE295F01017,BTRFLY GANDHI APPL LTD,677.45,677.45,660.0,663.75,670.55,-1.01,20509,13612848.75
2026-05-29,BVCL,EQ,INE139I01011,BARAK VALLEY CEM. LTD.,42.92,43.88,42.0,43.16,42.07,2.59,11289,487233.24
2026-05-29,CAMLINFINE,EQ,INE052I01032,CAMLIN FINE SCIENCES LTD,131.22,131.22,121.01,122.05,130.19,-6.25,1426637,174121050.2
2026-05-29,CAMPUS,EQ,INE278Y01022,CAMPUS ACTIVEWEAR LIMITED,252.7,254.9,247.25,253.2,253.8,-0.24,462538,117114620.19
2026-05-29,CAMS,EQ,INE596I01020,COMPUTER AGE MNGT SER LTD,787.95,807.45,780.1,791.5,787.0,0.57,1797386,1422631019.0
2026-05-29,CANBK,EQ,INE476A01022,CANARA BANK,134.96,135.15,130.15,130.8,134.16,-2.5,57212379,7483379347.8
2026-05-29,CANFINHOME,EQ,INE477A01020,CAN FIN HOMES LTD,833.05,838.0,821.5,829.65,832.95,-0.4,135727,112605908.86
2026-05-29,CANHLIFE,EQ,INE01TY01017,CANARA HSBC LIFE INS CO L,139.39,141.74,135.13,138.04,139.39,-0.97,1776170,245182494.88
2026-05-29,CANTABIL,EQ,INE068L01024,CANTABIL RETAIL LTD,216.6,219.0,208.5,211.25,218.54,-3.34,289172,61087585.0
2026-05-29,CAPACITE,EQ,INE264T01014,CAPACITE INFRAPROJECT LTD,231.6,232.25,225.0,226.45,230.6,-1.8,242553,54926126.11
2026-05-29,CAPILLARY,EQ,INE0ILV01024,CAPILLARY TECHNO INDIA L,514.65,526.05,506.3,511.65,514.65,-0.58,15381,7869688.56
2026-05-29,CAPITALSFB,EQ,INE646H01017,CAPITAL SMALL FIN BANK L,284.75,284.75,272.9,274.65,284.75,-3.55,39442,10832745.06
2026-05-29,CAPLIPOINT,EQ,INE475E01026,CAPLIN POINT LAB LTD.,2023.0,2086.5,2012.0,2024.5,2023.3,0.06,97307,196998021.5
2026-05-29,CARBORUNIV,EQ,INE120A01034,CARBORUNDUM UNIVERSAL LTD,1035.2,1082.0,1017.7,1029.05,1035.0,-0.57,271476,279362391.06
2026-05-29,CARERATING,EQ,INE752H01013,CARE RATINGS LIMITED,1660.1,1681.2,1610.0,1618.2,1658.8,-2.45,39747,64318593.46
2026-05-29,CARRARO,EQ,INE0V7W01012,CARRARO INDIA LIMITED,569.0,570.0,535.0,543.55,555.1,-2.08,343303,186602341.46
2026-05-29,CARTRADE,EQ,INE290S01011,CARTRADE TECH LIMITED,1735.7,1778.2,1711.0,1735.2,1721.6,0.79,683838,1186595664.21
2026-05-29,CARYSIL,EQ,INE482D01024,CARYSIL LIMITED,1107.0,1115.65,1070.1,1077.55,1095.55,-1.64,100303,108081502.55
2026-05-29,CASTROLIND,EQ,INE172A01027,CASTROL INDIA LIMITED,185.0,185.05,182.17,183.22,185.37,-1.16,2378162,435726844.54
2026-05-29,CCAVENUE,EQ,INE483S01020,AVENUESAI LIMITED,14.09,14.19,13.8,13.89,14.05,-1.14,16176320,224689090.35
2026-05-29,CCCL,EQ,INE429I01024,CONS. CONST. CONSORT LTD,15.11,15.19,14.7,14.77,15.11,-2.25,233903,3454747.42
2026-05-29,CCHHL,EQ,INE652F01027,COUNTRY CLUB HOSP HOL LTD,13.24,13.95,13.23,13.48,13.15,2.51,35095,473080.58
2026-05-29,CCL,EQ,INE421D01022,CCL PRODUCTS (I) LTD,1071.0,1077.7,1044.9,1053.8,1071.0,-1.61,138228,145664673.15
2026-05-29,CDSL,EQ,INE736A01011,CENTRAL DEPO SER (I) LTD,1249.8,1269.3,1236.1,1244.6,1243.8,0.06,2255976,2807787674.52
2026-05-29,CEATLTD,EQ,INE482A01020,CEAT LIMITED,3324.9,3324.9,3206.2,3241.0,3295.3,-1.65,123867,401452947.0
2026-05-29,CEIGALL,EQ,INE0AG901020,CEIGALL INDIA LIMITED,348.15,357.85,341.3,347.15,347.6,-0.13,487311,169170010.68
2026-05-29,CEINSYS,EQ,INE016Q01014,CEINSYS TECH LIMITED,975.8,989.6,930.0,935.5,968.1,-3.37,72457,67783523.5
2026-05-29,CELEBRITY,EQ,INE185H01016,CELEBRITY FASHIONS LTD,7.79,8.08,7.75,7.91,7.75,2.06,82886,655628.25
2026-05-29,CELLO,EQ,INE0LMW01024,CELLO WORLD LIMITED,393.8,393.8,365.0,368.25,393.8,-6.49,1769764,651715593.0
2026-05-29,CEMPRO,EQ,INE686A01026,CEMINDIA PROJECTS LIMITED,1000.0,1089.9,992.3,1071.15,992.95,7.88,2073404,2220926745.22
2026-05-29,CENTENKA,EQ,INE485A01015,CENTURY ENKA LTD,495.0,498.0,483.0,487.25,492.95,-1.16,70210,34209822.5
2026-05-29,CENTEXT,EQ,INE281A01026,CENTURY EXTRUSIONS LTD,20.1,20.59,19.66,19.81,20.18,-1.83,179982,3565443.32
2026-05-29,CENTRALBK,EQ,INE483A01010,CENTRAL BANK OF INDIA,30.99,31.27,30.61,30.77,30.84,-0.23,18107823,557177722.0
2026-05-29,CENTRUM,EQ,INE660C01027,CENTRUM CAPITAL LIMITED,22.75,23.18,22.2,22.45,22.65,-0.88,193423,4342346.5
2026-05-29,CENTUM,EQ,INE320B01020,CENTUM ELECTRONICS LTD,3241.5,3549.8,3224.9,3484.0,3241.5,7.48,183236,638394224.0
2026-05-29,CENTURYPLY,EQ,INE348B01021,CENTURY PLYBOARDS (I) LTD,765.0,785.0,748.35,773.35,770.35,0.39,122497,94733051.96
2026-05-29,CERA,EQ,INE739E01017,CERA SANITARYWARE LTD,5830.5,5854.0,5532.5,5564.5,5797.5,-4.02,13564,75476878.0
2026-05-29,CESC,EQ,INE486A01021,CESC LTD,187.0,188.32,180.12,182.09,185.87,-2.03,3121806,568449643.11
2026-05-29,CEWATER,EQ,INE037Z01029,CONCORD ENVIRO SYSTEMS L,281.05,285.9,280.0,283.0,281.05,0.69,24982,7069906.0
2026-05-29,CGCL,EQ,INE180C01042,CAPRI GLOBAL CAPITAL LTD,190.15,199.47,190.06,198.36,189.9,4.45,4062438,805825204.16
2026-05-29,CGPOWER,EQ,INE067A01029,CG POWER AND IND SOL LTD,938.9,944.1,910.95,917.45,934.8,-1.86,9449904,8669814540.16
2026-05-29,CHALET,EQ,INE427F01016,CHALET HOTELS LIMITED,810.0,810.0,775.0,784.6,799.9,-1.91,159390,125057390.11
2026-05-29,CHAMBLFERT,EQ,INE085A01013,CHAMBAL FERTILIZERS LTD,480.1,481.95,463.0,466.4,478.15,-2.46,1003197,467891074.68
2026-05-29,CHEMBOND,EQ,INE995D01025,CHEMBOND MATERIALTECH LTD,170.77,175.0,162.24,166.4,170.77,-2.56,2900,482559.98
2026-05-29,CHEMFAB,EQ,INE783X01023,CHEMFAB ALKALIS LIMITED,408.0,410.0,381.2,405.05,401.25,0.95,1662,673193.08
2026-05-29,CHEMPLASTS,EQ,INE488A01050,CHEMPLAST SANMAR LIMITED,223.32,223.64,213.5,216.41,222.23,-2.62,416891,90219382.84
2026-05-29,CHENNPETRO,EQ,INE178A01016,CHENNAI PETROLEUM CORP LT,1065.0,1070.0,1045.0,1058.2,1053.1,0.48,689112,729218284.75
2026-05-29,CHEVIOT,EQ,INE974B01016,CHEVIOT COMPANY LIMITED,1110.0,1120.0,1072.3,1079.1,1095.6,-1.51,1547,1669367.66
2026-05-29,CHOICEIN,EQ,INE102B01014,CHOICE INTERNATIONAL LTD,685.4,686.95,665.95,672.3,685.75,-1.96,513983,345550764.63
2026-05-29,CHOLAFIN,EQ,INE121A01024,CHOLAMANDALAM IN & FIN CO,1590.4,1629.9,1530.2,1537.7,1579.2,-2.63,2265673,3483925261.47
2026-05-29,CHOLAHLDNG,EQ,INE149A01033,CHOLAMANDALAM FIN HOL LTD,1630.0,1644.4,1561.3,1582.0,1636.9,-3.35,200641,317414062.0
2026-05-29,CIEINDIA,EQ,INE536H01010,CIE AUTOMOTIVE INDIA LTD,457.75,457.75,442.15,446.45,457.75,-2.47,294695,131566586.35
2026-05-29,CIFL,EQ,INE345H01024,CAPITAL INDIA FINANCE LTD,24.01,25.28,23.48,24.12,24.1,0.08,579194,13970159.77
2026-05-29,CINELINE,EQ,INE704H01022,CINELINE INDIA LIMITED,79.0,80.5,78.2,79.42,80.0,-0.73,5444,432362.47
2026-05-29,CINEVISTA,EQ,INE039B01026,CINEVISTA LIMITED,15.11,15.97,15.11,15.4,15.64,-1.53,10723,165134.2
2026-05-29,CIPLA,EQ,INE059A01026,CIPLA LTD,1411.0,1429.2,1382.7,1401.0,1418.2,-1.21,9540984,13366918584.0
2026-05-29,CLEAN,EQ,INE227W01023,CLEAN SCIENCE & TECH LTD,757.0,817.6,757.0,797.5,756.55,5.41,1562925,1246432687.5
2026-05-29,CLEANMAX,EQ,INE647U01026,CLEAN MAX ENVIRO EN SOL L,1097.2,1131.8,1078.1,1109.9,1097.2,1.16,225047,249779670.79
2026-05-29,CLEDUCATE,EQ,INE201M01029,CL EDUCATE LIMITED,46.51,49.45,45.0,46.43,47.1,-1.42,50403,2340211.31
2026-05-29,CLSEL,EQ,INE419D01026,CHAMAN LAL SETIA EXP LTD,279.9,295.0,273.95,282.75,279.9,1.02,248348,70220397.0
2026-05-29,CMPDI,EQ,INE05HV01027,CENTRAL MINE P N D INST L,250.0,251.64,235.61,237.63,248.16,-4.24,3444035,818406053.87
2026-05-29,CMSINFO,EQ,INE925R01014,CMS INFO SYSTEMS LIMITED,310.0,313.75,297.1,304.5,309.4,-1.58,507390,154500255.0
2026-05-29,CNL,EQ,INE985W01018,CREATIVE NEWTECH LIMITED,644.9,644.9,623.95,628.55,629.35,-0.13,8798,5529982.79
2026-05-29,COALINDIA,EQ,INE522F01014,COAL INDIA LTD,458.9,474.0,455.9,457.9,463.05,-1.11,97895486,44826342441.89
2026-05-29,COASTCORP,EQ,INE377E01024,COASTAL CORPORATION LTD,60.6,62.23,59.0,60.25,60.9,-1.07,179062,10788485.5
2026-05-29,COCHINSHIP,EQ,INE704P01025,COCHIN SHIPYARD LIMITED,1524.5,1530.6,1455.5,1467.4,1523.9,-3.71,1596837,2343198652.79
2026-05-29,COCKERILL,EQ,INE515A01019,JOHN COCKERILL INDIA LTD.,6886.0,7400.0,6870.0,7076.5,6764.0,4.62,31441,222492236.5
2026-05-29,COFFEEDAY,EQ,INE335K01011,COFFEE DAY ENTERPRISE LTD,33.0,34.78,31.7,34.78,28.99,19.97,27574113,959027616.48
2026-05-29,COFORGE,EQ,INE591G01025,COFORGE LIMITED,1410.0,1449.8,1405.5,1421.8,1388.4,2.41,3533060,5023304880.51
2026-05-29,COHANCE,EQ,INE03QK01018,COHANCE LIFESCIENCES LTD,427.3,435.0,427.2,431.5,428.75,0.64,609209,262873683.5
2026-05-29,COLPAL,EQ,INE259A01022,COLGATE PALMOLIVE LTD.,2100.0,2108.9,2050.4,2059.9,2087.4,-1.32,1193673,2458846896.13
2026-05-29,COMMOIETF,EQ,INF109KC19O8,ICICIPRAMC - ICICICOMMO,107.41,107.46,104.5,104.95,107.08,-1.99,118920,12480653.64
2026-05-29,COMPUSOFT,EQ,INE453B01029,COMPUCOM SOFTWARE LTD,13.41,13.79,13.41,13.6,13.39,1.57,18306,248961.61
2026-05-29,COMSYN,EQ,INE073V01015,COMMERCIAL SYN BAGS LTD,153.0,155.99,153.0,153.53,153.17,0.24,11315,1737191.94
2026-05-29,CONCOR,EQ,INE111A01025,CONTAINER CORP OF IND LTD,472.95,477.65,460.15,463.65,472.3,-1.83,2702698,1253105911.2
2026-05-29,CONCORDBIO,EQ,INE338H01029,CONCORD BIOTECH LIMITED,1108.4,1123.6,1040.3,1051.2,1099.6,-4.4,335959,353160084.4
2026-05-29,CONFIPET,EQ,INE552D01024,CONFIDENCE PETRO IND LTD.,63.85,70.15,63.85,67.77,63.78,6.26,5422010,367449599.5
2026-05-29,CONS,EQ,INF174KA1ZF8,KOTAKMAMC - KOTAKCONS,11.8,11.82,11.54,11.57,11.75,-1.53,16434,190141.37
2026-05-29,CONSUMAXIS,EQ,INF846K016C7,AXISAMC-CONSUMAXIS,117.63,117.94,115.7,116.03,117.05,-0.87,2512,291467.36
2026-05-29,CONSUMBEES,EQ,INF204KA1LD7,NIP IND ETF CONSUMPTION,127.54,127.54,124.53,125.04,127.24,-1.73,81928,10244277.2
2026-05-29,CONSUMER,EQ,INF769K01NS5,MIRAEAMC - CONSUMER,10.99,11.15,10.88,10.96,11.1,-1.26,207876,2278320.97
2026-05-29,CONSUMIETF,EQ,INF109KC1V42,ICICIPRAMC - ICICICONSU,118.58,118.58,116.12,116.8,118.35,-1.31,11084,1294611.23
2026-05-29,CONTROLPR,EQ,INE663B01015,CONTROL PRINT LIMITED,618.4,620.35,603.0,610.35,614.0,-0.59,13545,8267190.42
2026-05-29,CORALFINAC,EQ,INE558D01021,CORAL INDIA FIN & HOUS LT,31.61,33.5,31.61,32.15,32.21,-0.19,16269,523048.37
2026-05-29,CORDSCABLE,EQ,INE792I01017,CORDS CABLE INDUS LTD.,253.0,259.4,230.3,239.9,243.58,-1.51,393136,94313324.0
2026-05-29,COROMANDEL,EQ,INE169A01031,COROMANDEL INTERNTL. LTD,1831.7,1848.9,1720.2,1753.6,1831.7,-4.26,1123484,1970141514.97
2026-05-29,CORONA,EQ,INE02ZQ01018,CORONA REMEDIES LIMITED,1700.0,1701.0,1656.3,1676.7,1675.2,0.09,31022,52014585.89
2026-05-29,COSMOFIRST,EQ,INE757A01017,COSMO FIRST LIMITED,749.8,753.55,724.0,727.65,748.15,-2.74,86620,63029045.11
2026-05-29,CPCAP,EQ,INE521J01018,CP CAPITAL LIMITED,96.31,96.31,92.0,92.32,93.29,-1.04,4303,397252.96
2026-05-29,CPEDU,EQ,INE0P6P01016,CAREER POINT EDUTECH LTD,183.35,189.0,183.0,183.74,192.58,-4.59,3711,681859.16
2026-05-29,CPPLUS,EQ,INE819V01029,ADITYA INFOTECH LIMITED,2903.5,2903.5,2821.1,2903.5,2639.6,10.0,905751,2629848028.5
2026-05-29,CPSEETF,EQ,INF457M01133,CPSE ETF,103.0,105.74,101.2,101.69,103.99,-2.21,1751047,178063973.71
2026-05-29,CRAFTSMAN,EQ,INE00LO01017,CRAFTSMAN AUTOMATION LTD,8830.0,9259.0,8748.5,9074.0,8688.5,4.44,135231,1227086094.0
2026-05-29,CRAMC,EQ,INE218I01013,CANARA ROBECO AMC LIMITED,247.9,253.35,244.0,245.8,245.95,-0.06,303739,74659047.13
2026-05-29,CREATIVEYE,EQ,INE230B01021,CREATIVE EYE LIMITED,6.94,7.08,6.63,6.84,6.94,-1.44,6181,42278.04
2026-05-29,CREDITACC,EQ,INE741K01010,CREDITACCESS GRAMEEN LTD,1294.7,1328.7,1290.7,1295.5,1288.4,0.55,214487,277867908.5
2026-05-29,CREST,EQ,INE559D01011,CREST VENTURES LIMITED,354.85,354.85,346.0,347.75,352.0,-1.21,2228,774787.0
2026-05-29,CRESTO,EQ,INE203Y01012,CRESTO TECHNO LIMITED,17.7,17.7,17.0,17.08,16.95,0.77,5887,100549.96
2026-05-29,CRISIL,EQ,INE007A01025,CRISIL LTD,3990.0,4015.3,3907.5,3948.4,3987.3,-0.98,43652,172355552.54
2026-05-29,CRIZAC,EQ,INE0S4R01014,CRIZAC LIMITED,231.0,231.99,214.1,215.86,227.33,-5.05,364846,78755657.78
2026-05-29,CROMPTON,EQ,INE299U01018,CROMPT GREA CON ELEC LTD,288.0,292.6,272.3,281.15,288.25,-2.46,2676816,752586802.06
2026-05-29,CROWN,EQ,INE491V01019,CROWN LIFTERS LIMITED,113.52,114.9,111.5,112.59,112.12,0.42,15549,1750661.85
2026-05-29,CSBBANK,EQ,INE679A01013,CSB BANK LIMITED,371.6,372.65,347.5,352.85,370.05,-4.65,810525,285993751.2
2026-05-29,CSLFINANCE,EQ,INE718F01018,CSL FINANCE LIMITED,243.72,244.9,233.5,235.91,242.51,-2.72,58782,13867261.84
2026-05-29,CUB,EQ,INE491A01021,CITY UNION BANK LTD,190.43,193.76,190.35,191.59,190.39,0.63,1831233,350841341.21
2026-05-29,CUBEXTUB,EQ,INE144D01012,CUBEX TUBINGS LTD,91.26,91.26,87.68,88.72,89.91,-1.32,135915,12058378.97
2026-05-29,CUMMINSIND,EQ,INE298A01020,CUMMINS INDIA LTD,6100.0,6100.0,5855.5,5881.0,6027.5,-2.43,2020815,11884413015.0
2026-05-29,CUPID,EQ,INE509F01029,CUPID LIMITED,129.55,130.59,128.0,129.06,128.9,0.12,10644521,1373781854.27
2026-05-29,CYIENT,EQ,INE136B01020,CYIENT LIMITED,922.5,927.6,885.7,908.25,917.5,-1.01,407322,369950206.5
2026-05-29,CYIENTDLM,EQ,INE055S01018,CYIENT DLM LIMITED,428.05,434.8,419.0,420.6,429.05,-1.97,137745,57935547.84
2026-05-29,DABUR,EQ,INE016A01026,DABUR INDIA LTD,445.45,455.0,440.1,443.4,445.45,-0.46,13072946,5796544176.61
2026-05-29,DALBHARAT,EQ,INE00R701025,DALMIA BHARAT LIMITED,1799.9,1807.0,1739.0,1748.2,1792.1,-2.45,247902,433382264.3
2026-05-29,DALMIASUG,EQ,INE495A01022,DALMIA BHARAT SUG IN LTD,341.0,343.15,337.6,339.8,340.55,-0.22,65674,22316024.4
2026-05-29,DAMCAPITAL,EQ,INE284H01025,DAM CAPITAL ADVISORS LTD,152.0,152.88,150.0,150.64,152.15,-0.99,260870,39297456.64
2026-05-29,DANGEE,EQ,INE688Y01022,DANGEE DUMS LIMITED,3.5,3.61,3.33,3.35,3.46,-3.18,153288,513514.79
2026-05-29,DATAMATICS,EQ,INE365B01017,DATAMATICS GLOBAL SER LTD,778.05,795.0,759.9,766.2,775.1,-1.15,89007,68197164.49
2026-05-29,DATAPATTNS,EQ,INE0IX101010,DATA PATTERNS INDIA LTD,4142.0,4249.0,4010.0,4043.1,4139.2,-2.32,995093,4023260605.48
2026-05-29,DAVANGERE,EQ,INE179G01029,DAVANGERE SUGAR COMPANY L,4.16,4.25,4.02,4.02,4.13,-2.66,12303424,49459764.25
2026-05-29,DBCORP,EQ,INE950I01011,D.B.CORP LTD,207.0,209.83,205.0,205.42,207.43,-0.97,52514,10787425.78
2026-05-29,DBEIL,EQ,INE0OPA01027,DEEPAK BUILDERS & ENG I L,8.68,9.0,8.15,8.23,8.59,-4.24,1540220,12671390.3
2026-05-29,DBL,EQ,INE917M01012,DILIP BUILDCON LIMITED,427.65,431.8,421.5,425.1,427.65,-0.6,96075,40841483.09
2026-05-29,DBOL,EQ,INE0I3401014,DHAMPUR BIO ORGANICS LTD,106.8,110.4,104.0,107.95,105.18,2.63,89145,9623202.48
2026-05-29,DBREALTY,EQ,INE879I01012,VALOR ESTATE LIMITED,120.28,121.99,117.55,120.12,120.28,-0.13,453002,54414601.48
2026-05-29,DCAL,EQ,INE385W01011,DISHMAN CARBO AMCIS LTD,198.0,199.87,193.31,194.7,197.69,-1.51,198939,38733422.69
2026-05-29,DCBBANK,EQ,INE503A01015,DCB BANK LIMITED,180.25,181.89,174.2,175.33,179.52,-2.33,798260,139958927.26
2026-05-29,DCI,EQ,INE0A1101019,DC INFOTECH AND COMUN LTD,272.05,295.0,272.05,291.45,281.0,3.72,4519,1317062.61
2026-05-29,DCM,EQ,INE498A01018,DCM LTD,86.99,88.5,83.8,87.04,90.44,-3.76,19046,1657763.86
2026-05-29,DCMFINSERV,EQ,INE891B01012,DCM FINANCIAL SERVICES LT,5.98,5.98,5.97,5.98,5.7,4.91,12764,76328.72
2026-05-29,DCMNVL,EQ,INE08KP01019,DCM NOUVELLE LIMITED,153.45,155.94,150.51,151.45,153.49,-1.33,17209,2606303.0
2026-05-29,DCMSHRIRAM,EQ,INE499A01024,DCM SHRIRAM LIMITED,1079.4,1093.5,1022.1,1036.7,1079.3,-3.95,66430,68867977.76
2026-05-29,DCMSIL,EQ,INE0OU201013,DCM SHRIRAM INTERNATNL L,60.49,60.5,58.02,60.21,60.37,-0.27,98649,5939656.2
2026-05-29,DCMSRIND,EQ,INE843D01027,DCM SHRIRAM IND LTD,38.83,39.29,37.58,38.05,38.83,-2.01,188885,7187074.11
2026-05-29,DCW,EQ,INE500A01029,DCW LTD,48.35,48.98,46.7,47.02,48.2,-2.45,1019774,47949773.95
2026-05-29,DCXINDIA,EQ,INE0KL801015,DCX SYSTEMS LIMITED,201.95,204.97,195.0,195.9,212.39,-7.76,2488988,487592734.01
2026-05-29,DDEVPLSTIK,EQ,INE0HR601026,DDEV PLASTIKS IND LTD,240.0,250.05,235.0,247.9,241.05,2.84,267578,66332584.57
2026-05-29,DECCANCE,EQ,INE583C01021,DECCAN CEMENTS LIMITED,629.9,634.0,609.4,616.5,619.8,-0.53,28534,17591211.0
2026-05-29,DEEDEV,EQ,INE841L01016,DEE DEVELOPMENT ENG LTD,576.0,593.4,566.0,593.4,565.15,5.0,310369,184172972.18
2026-05-29,DEEPAKFERT,EQ,INE501A01019,DEEPAK FERTILIZERS & PETR,1344.2,1458.8,1344.2,1410.1,1448.3,-2.64,828721,1168579461.87
2026-05-29,DEEPAKNTR,EQ,INE288B01029,DEEPAK NITRITE LTD,1716.8,1732.8,1656.3,1682.0,1714.8,-1.91,188681,317361442.0
2026-05-29,DEEPINDS,EQ,INE0FHS01024,DEEP INDUSTRIES LIMITED,490.0,495.2,473.0,476.8,487.15,-2.12,337142,160749301.48
2026-05-29,DELHIVERY,EQ,INE148O01028,DELHIVERY LIMITED,462.9,464.0,450.1,452.35,459.75,-1.61,1986258,898483818.42
2026-05-29,DELTACORP,EQ,INE124G01033,DELTA CORP LIMITED,69.01,76.0,66.55,69.6,81.05,-14.13,53043771,3691846380.66
2026-05-29,DELTAMAGNT,EQ,INE393A01011,DELTA MANUFACTURING LTD,65.0,65.0,61.0,61.92,62.12,-0.32,9104,563719.66
2026-05-29,DEN,EQ,INE947J01015,DEN NETWORKS LTD,27.85,28.37,27.45,27.64,27.85,-0.75,370096,10229453.21
2026-05-29,DENORA,EQ,INE244A01016,DE NORA INDIA LIMITED,731.75,739.85,707.95,710.35,731.75,-2.92,5692,4043312.06
2026-05-29,DENTA,EQ,INE0R4L01018,DENTA WATER N INFRA SOL L,252.6,258.95,251.0,252.05,252.35,-0.12,86986,21924821.57
2026-05-29,DEVIT,EQ,INE060X01034,DEV INFO TECHNOLOGY LTD,30.5,31.3,27.6,28.03,29.11,-3.71,264089,7402414.85
2026-05-29,DEVX,EQ,INE0VOV01021,DEV ACCELERATOR LIMITED,39.65,39.65,37.8,37.92,38.28,-0.94,73294,2779308.35
2026-05-29,DEVYANI,EQ,INE872J01023,DEVYANI INTERNATIONAL LTD,117.0,118.1,114.82,115.36,117.16,-1.54,883629,101935441.98
2026-05-29,DGCONTENT,EQ,INE03JI01017,DIGICONTENT LIMITED,26.62,28.0,26.5,26.65,27.84,-4.27,4752,126640.8
2026-05-29,DHAMPURSUG,EQ,INE041A01016,DHAMPUR SUGAR MILLS LTD.,144.2,144.2,140.11,141.07,143.55,-1.73,205003,28919774.71
2026-05-29,DHANBANK,EQ,INE680A01011,DHANLAXMI BANK LIMITED,34.33,34.99,31.61,32.88,34.12,-3.63,3246165,106733908.67
2026-05-29,DHANUKA,EQ,INE435G01025,DHANUKA AGRITECH LTD,1165.0,1165.0,1128.0,1134.8,1180.3,-3.85,75085,85206461.67
2026-05-29,DHARMAJ,EQ,INE00OQ01016,DHARMAJ CROP GUARD LTD,288.35,293.0,266.0,281.4,284.25,-1.0,203992,57403347.55
2026-05-29,DHRUV,EQ,INE506Z01015,DHRUV CONSULTANCY SER LTD,29.7,31.5,29.7,31.39,30.0,4.63,9387,294657.92
2026-05-29,DHUNINV,EQ,INE320L01011,DHUNSERI INVESTMENTS LTD,853.0,859.7,830.75,832.1,848.6,-1.94,358,297891.79
2026-05-29,DIAMINESQ,EQ,INE591D01014,DIAMINES & CHEMICALS LTD,248.85,249.0,240.0,244.9,248.65,-1.51,5448,1334215.17
2026-05-29,DIAMONDYD,EQ,INE393P01035,PRATAAP SNACKS LIMITED,1130.6,1156.85,1105.0,1106.8,1144.65,-3.31,46723,51713018.68
2026-05-29,DICIND,EQ,INE303A01010,DIC INDIA LIMITED,529.75,529.75,495.0,499.3,524.0,-4.71,1787,892249.08
2026-05-29,DIFFNKG,EQ,INE184O01015,DIFFUSION ENGINEERS LTD,339.75,344.95,326.3,328.75,336.9,-2.42,141772,46607545.0
2026-05-29,DIGIDRIVE,EQ,INE0PSC01024,DIGIDRIVE DISTRIBUTORS L,19.11,19.48,18.8,19.04,19.11,-0.37,15735,299594.41
2026-05-29,DIGISPICE,EQ,INE927C01020,DIGISPICE TECHNOLOGIES LT,19.69,20.39,19.24,19.74,20.02,-1.4,85252,1682874.46
2026-05-29,DIGITIDE,EQ,INE0U4701011,DIGITIDE SOLUTIONS LTD,83.4,89.6,83.4,86.31,84.03,2.71,942735,81367455.55
2026-05-29,DISAQ,EQ,INE131C01011,DISA INDIA LTD.,11500.0,11750.0,11400.0,11458.0,11566.0,-0.93,539,6175862.0
2026-05-29,DISHTV,EQ,INE836F01026,DISH TV INDIA LTD.,3.25,3.27,3.2,3.21,3.27,-1.83,1569316,5037504.42
2026-05-29,DIVGIITTS,EQ,INE753U01022,DIVGI TORQTRANSFER SYST L,791.0,843.25,778.55,811.55,791.55,2.53,186496,151350826.52
2026-05-29,DIVIDEND,EQ,INF769K01PY8,MIRAEAMC - DIVIDEND,36.99,36.99,35.87,36.05,36.61,-1.53,25399,915633.93
2026-05-29,DIVISLAB,EQ,INE361B01024,DIVI S LABORATORIES LTD,6800.0,6849.0,6590.0,6667.0,6797.5,-1.92,612037,4080450679.0
2026-05-29,DIVOPPBEES,EQ,INF204KA1MS3,NIP IND ETF DIV OPP,79.19,79.19,77.35,77.66,78.76,-1.4,50836,3947923.95
2026-05-29,DIXON,EQ,INE935N01020,DIXON TECHNO (INDIA) LTD,11770.0,11831.0,11480.0,11524.0,11756.0,-1.97,498590,5745751160.0
2026-05-29,DJML,EQ,INE0B1K01014,DJ MEDIAPRINT & LOG LTD,106.02,108.45,102.0,105.18,106.02,-0.79,614684,64652463.31
2026-05-29,DLF,EQ,INE271C01023,DLF LIMITED,595.0,607.9,586.55,590.6,593.9,-0.56,16165925,9547594910.32
2026-05-29,DLINKINDIA,EQ,INE250K01012,D-LINK INDIA LTD,470.1,474.05,462.0,463.85,471.65,-1.65,75287,34921875.41
2026-05-29,DMART,EQ,INE192R01011,AVENUE SUPERMARTS LIMITED,4149.9,4149.9,4000.1,4054.5,4124.4,-1.69,2177691,8829448159.5
2026-05-29,DMCC,EQ,INE505A01010,DMCC SPECIALITY CHEMICALS,267.1,277.35,266.05,269.25,270.05,-0.3,26195,7053003.75
2026-05-29,DNAMEDIA,EQ,INE016M01021,DILIGENT MEDIA CORP LTD.,2.92,2.98,2.92,2.93,2.99,-2.01,48170,141138.1
2026-05-29,DODLA,EQ,INE021O01019,DODLA DAIRY LIMITED,1124.9,1131.9,1071.5,1081.1,1119.6,-3.44,30879,33383286.15
2026-05-29,DOLATALGO,EQ,INE966A01022,DOLAT ALGOTECH LIMITED,75.87,75.99,72.72,73.27,75.39,-2.81,174563,12790230.42
2026-05-29,DOLLAR,EQ,INE325C01035,DOLLAR INDUSTRIES LIMITED,268.8,268.8,263.0,266.2,268.8,-0.97,118872,31643727.85
2026-05-29,DOLLEX,EQ,INE0JHH01011,DOLLEX AGROTECH LIMITED,31.45,31.45,31.45,31.45,31.45,0.0,0,0.0
2026-05-29,DOLPHIN,EQ,INE920A01037,DOLPHIN OFF ENT (IND) L,405.45,407.95,396.8,402.2,404.4,-0.54,9275,3730405.11
2026-05-29,DOMS,EQ,INE321T01012,DOMS INDUSTRIES LIMITED,2209.4,2219.9,2180.0,2185.1,2209.4,-1.1,24120,52704614.36
2026-05-29,DONEAR,EQ,INE668D01028,DONEAR IND. LIMITED,94.0,94.8,92.25,92.65,93.84,-1.27,26301,2436787.69
2026-05-29,DPABHUSHAN,EQ,INE266Y01019,D. P. ABHUSHAN LIMITED,965.5,979.0,940.0,950.9,956.9,-0.63,10172,9672555.05
2026-05-29,DRCSYSTEMS,EQ,INE03RS01027,DRC SYSTEMS INDIA LIMITED,15.0,15.19,14.89,14.96,15.0,-0.27,17926,268172.96
2026-05-29,DREAMFOLKS,EQ,INE0JS101016,DREAMFOLKS SERVICES LTD,81.48,81.48,77.01,77.78,79.39,-2.03,100188,7792622.52
2026-05-29,DREDGECORP,EQ,INE506A01018,DREDGING CORP OF INDIA,1200.0,1225.0,1140.0,1161.05,1191.5,-2.56,492229,571502504.48
2026-05-29,DRREDDY,EQ,INE089A01031,DR. REDDY S LABORATORIES,1318.8,1328.6,1297.5,1303.5,1319.0,-1.18,5424483,7070813590.5
2026-05-29,DSSL,EQ,INE417B01040,DYNACONS SYS & SOLN LTD,1824.0,1827.8,1671.4,1745.9,1803.8,-3.21,291137,508296095.41
2026-05-29,DUCON,EQ,INE741L01018,DUCON INFRATECHNOLOGIES L,3.33,3.57,3.3,3.54,3.4,4.12,297654,1053695.15
2026-05-29,DVL,EQ,INE477B01010,DHUNSERI VENTURES LIMITED,244.15,248.4,239.41,242.25,244.79,-1.04,11025,2670806.25
2026-05-29,DWARKESH,EQ,INE366A01041,DWARIKESH SUGAR IND LTD,43.22,44.9,43.06,44.14,43.22,2.13,1063432,46939887.83
2026-05-29,DYCL,EQ,INE600Y01019,DYNAMIC CABLES LIMITED,329.8,329.8,315.2,317.5,326.0,-2.61,203067,64473772.5
2026-05-29,DYNAMATECH,EQ,INE221B01012,DYNAMATIC TECHNOLOGIES,10807.0,11220.0,10791.0,11122.0,10668.0,4.26,29858,332080676.0
2026-05-29,DYNPRO,EQ,INE256H01015,DYNEMIC PRODUCTS LIMITED,255.0,277.0,227.01,257.25,231.12,11.31,100249,25789055.25
2026-05-29,EASEMYTRIP,EQ,INE07O001026,EASY TRIP PLANNERS LTD,7.51,7.65,7.01,7.16,7.41,-3.37,67231604,481378274.38
2026-05-29,EBANKNIFTY,EQ,INF754K01TE4,EDELAMC - EBANKNIFTY,54.73,55.58,53.3,54.39,55.29,-1.63,2176,118352.64
2026-05-29,EBBETF0430,EQ,INF754K01KO2,EDELAMC - EBBETF0430,1562.31,1577.0,1558.56,1565.46,1567.26,-0.11,7385,11560921.81
2026-05-29,EBBETF0431,EQ,INF754K01LE1,EDELAMC - EBBETF0431,1397.63,1397.63,1391.48,1396.29,1397.63,-0.1,5451,7611177.0
2026-05-29,EBBETF0433,EQ,INF754K01QX0,EDELAMC - EBBETF0433,1268.24,1272.81,1265.89,1268.89,1266.0,0.23,3437,4361174.98
2026-05-29,EBGNG,EQ,INE18JU01028,GNG ELECTRONICS LIMITED,443.0,451.8,435.0,438.95,439.9,-0.22,441035,193592318.63
2026-05-29,ECAPINSURE,EQ,INF754K01TX4,EDELAMC - ECAPINSURE,24.75,24.75,24.15,24.24,24.63,-1.58,47483,1150987.91
2026-05-29,ECLERX,EQ,INE738I01010,ECLERX SERVICES LTD,1547.3,1556.4,1489.0,1507.8,1540.9,-2.15,186077,280566909.69
2026-05-29,ECOSMOBLTY,EQ,INE06HJ01020,ECOS (INDIA) MOB & HOSP L,150.0,162.8,124.44,137.89,155.55,-11.35,1530215,211001345.42
2026-05-29,EDELWEISS,EQ,INE532F01054,EDELWEISS FIN SERV LTD,112.3,115.85,111.55,112.82,112.33,0.44,3774593,425849581.11
2026-05-29,EFCIL,EQ,INE886D01026,EFC (I) LIMITED,190.2,190.7,180.0,180.44,191.1,-5.58,557184,100538282.32
2026-05-29,EGOLD,EQ,INF754K01SE6,EDELAMC - EGOLD,158.9,158.9,154.7,155.6,155.9,-0.19,225588,35101494.18
2026-05-29,EICHERMOT,EQ,INE066A01021,EICHER MOTORS LTD,7350.0,7440.5,7131.5,7177.0,7419.0,-3.26,1464680,10512008360.0
2026-05-29,EIDPARRY,EQ,INE126A01031,EID PARRY INDIA LTD,748.45,768.5,744.0,755.4,743.4,1.61,447536,338068705.33
2026-05-29,EIEL,EQ,INE0LLY01014,ENVIRO INFRA ENGINEERS L,200.0,200.0,189.0,190.02,206.0,-7.76,3232987,614332203.55
2026-05-29,EIHAHOTELS,EQ,INE276C01014,EIH ASSOCIATED HOTELS LTD,312.15,315.7,310.75,314.25,311.8,0.79,11460,3601305.0
2026-05-29,EIHOTEL,EQ,INE230A01023,EIH LIMITED,314.0,317.0,289.0,296.2,313.2,-5.43,980990,290569249.97
2026-05-29,EIMCOELECO,EQ,INE158B01016,EIMCO ELECON (INDIA) LTD,1590.4,1625.0,1550.1,1570.4,1612.9,-2.64,17118,26882107.62
2026-05-29,EKC,EQ,INE184H01027,EVEREST KANTO CYLINDERLTD,120.5,124.24,116.8,117.75,121.09,-2.76,211984,24961116.0
2026-05-29,ELANTAS,EQ,INE280B01018,ELANTAS BECK INDIA LTD.,9313.5,9400.0,9150.0,9252.5,9317.5,-0.7,574,5310935.0
2026-05-29,ELCIDIN,EQ,INE927X01018,ELCID INVESTMENTS LTD.,120800.0,122000.0,117970.0,119020.0,119990.0,-0.81,19,2261380.0
2026-05-29,ELDEHSG,EQ,INE668G01021,ELDECO HSG & IND LTD.,789.75,820.0,757.7,777.25,784.85,-0.97,1123,872851.75
2026-05-29,ELECON,EQ,INE205B01031,ELECON ENG. CO. LTD,531.0,537.15,506.35,510.0,532.7,-4.26,792179,404011290.0
2026-05-29,ELECTCAST,EQ,INE086A01029,ELECTROSTEEL CASTINGS LTD,81.65,82.66,76.05,77.13,81.65,-5.54,13255949,1022431309.96
2026-05-29,ELECTHERM,EQ,INE822G01016,ELECTROTHERM (I) LTD.,789.0,919.0,778.0,883.35,779.4,13.34,95305,84187669.42
2026-05-29,ELGIEQUIP,EQ,INE285A01027,ELGI EQUIPMENTS LTD,582.0,633.85,567.3,573.45,577.9,-0.77,6614154,3792886692.04
2026-05-29,ELGIRUBCO,EQ,INE819L01012,ELGI RUBBER CO. LTD,51.49,51.49,46.15,47.5,51.49,-7.75,114618,5444355.0
2026-05-29,ELIN,EQ,INE050401020,ELIN ELECTRONICS LIMITED,115.52,118.2,113.5,114.28,116.23,-1.68,107638,12300870.51
2026-05-29,ELIQUID,EQ,INF754K01VW2,EDELAMC - ELIQUID,1032.71,1032.71,1032.71,1032.71,1032.57,0.01,0,0.0
2026-05-29,ELLEN,EQ,INE236E01022,ELLENBARRIE INDUS GASES L,261.05,265.0,260.0,260.75,260.55,0.08,253912,66207554.0
2026-05-29,ELPROINTL,EQ,INE579B01039,ELPRO INTERNATIONAL LTD,165.89,166.89,159.87,166.04,166.02,0.01,49898,8285063.58
2026-05-29,EMAMILTD,EQ,INE548C01032,EMAMI LIMITED,400.5,404.0,393.3,399.1,400.45,-0.34,1065444,425218706.9
2026-05-29,EMAMIREAL,EQ,INE778K01012,EMAMI REALTY LIMITED,87.52,88.0,87.52,87.52,89.3,-1.99,4395,384650.39
2026-05-29,EMBDL,EQ,INE069I01010,EMBASSY DEVELOPMENTS LTD,59.5,64.2,59.37,60.38,59.79,0.99,3625342,218898153.83
2026-05-29,EMCURE,EQ,INE168P01015,EMCURE PHARMACEUTICALS L,1739.9,1750.0,1675.0,1696.0,1725.3,-1.7,230123,390288608.0
2026-05-29,EMIL,EQ,INE02YR01019,ELECTRONICS MART IND LTD,116.25,117.65,113.6,114.0,116.01,-1.73,424178,48356292.0
2026-05-29,EMKAY,EQ,INE296H01011,EMKAY GLOBAL FIN SERV LTD,222.23,227.38,218.0,219.75,223.9,-1.85,63607,13977638.25
2026-05-29,EMMVEE,EQ,INE1C6T01020,EMMVEE PHOTOVOLTAIC PWR L,315.0,329.95,313.5,325.3,312.1,4.23,14721141,4788786987.6
2026-05-29,EMSLIMITED,EQ,INE0OV601013,EMS LIMITED,335.15,337.85,324.95,326.1,335.15,-2.7,130079,42418762.69
2026-05-29,EMUDHRA,EQ,INE01QM01018,EMUDHRA LIMITED,481.0,488.25,461.5,469.05,474.95,-1.24,51371,24095566.92
2026-05-29,EMULTIMQ,EQ,INF754K01TF1,EDELAMC - EMULTIMQ,43.32,43.35,42.66,42.8,43.32,-1.2,24866,1064264.78
2026-05-29,ENDURANCE,EQ,INE913H01037,ENDURANCE TECHNO. LTD.,2751.9,2758.6,2715.0,2722.6,2749.5,-0.98,110739,301498012.21
2026-05-29,ENERGY,EQ,INF769K01PR2,MIRAEAMC - ENERGY,41.98,42.82,40.84,41.01,41.77,-1.82,1496715,61380279.64
2026-05-29,ENERGYDEV,EQ,INE306C01019,ENERGY DEVE. CO.LTD,17.02,17.34,15.67,16.44,17.02,-3.41,149904,2464421.84
2026-05-29,ENEXT50,EQ,INF754K01XF3,EDELAMC - ENEXT50,71.08,71.08,71.08,71.08,71.96,-1.22,0,0.0
2026-05-29,ENGINERSIN,EQ,INE510A01028,ENGINEERS INDIA LTD,235.95,240.75,230.0,231.7,234.4,-1.15,3177009,736112975.6
2026-05-29,ENIL,EQ,INE265F01028,ENTERTAIN NET. IND. LTD.,109.99,111.0,108.33,109.09,109.89,-0.73,32242,3517279.66
2026-05-29,ENRIN,EQ,INE1NPP01017,SIEMENS ENERGY INDIA LTD,3814.9,3968.0,3809.0,3872.1,3766.1,2.81,2387595,9245006832.66
2026-05-29,ENTERO,EQ,INE010601016,ENTERO HEALTHCARE SOLU L,1185.6,1204.1,1154.0,1195.8,1185.4,0.88,219531,262515180.52
2026-05-29,EPACK,EQ,INE0G5901015,EPACK DURABLE LIMITED,232.4,232.4,225.0,226.7,230.95,-1.84,548697,124389608.23
2026-05-29,EPACKPEB,EQ,INE0MLS01022,EPACK PREFAB TECHN LTD,187.13,188.94,176.63,178.04,187.04,-4.81,469969,83673277.6
2026-05-29,EPIGRAL,EQ,INE071N01016,EPIGRAL LIMITED,1211.9,1224.0,1151.2,1160.9,1211.9,-4.21,59185,68707867.94
2026-05-29,EPL,EQ,INE255A01020,EPL LIMITED,214.5,217.5,209.21,213.65,215.39,-0.81,575348,122923096.69
2026-05-29,EQUAL200,EQ,INF769K01OA1,MIRAEAMC - EQUAL200,13.68,13.7,13.43,13.44,13.64,-1.47,35211,473235.83
2026-05-29,EQUAL50,EQ,INF769K01OO2,MIRAEAMC - EQUAL50,330.93,331.09,324.8,327.78,330.05,-0.69,695,227807.1
2026-05-29,EQUAL50ADD,EQ,INF740KA1QK2,DSPAMC - DSPNEWETF,342.37,342.42,336.4,338.28,341.33,-0.89,18815,6364738.18
2026-05-29,EQUITASBNK,EQ,INE063P01018,EQUITAS SMALL FIN BNK LTD,72.29,72.58,69.57,70.21,72.18,-2.73,2026309,142267153.03
2026-05-29,ERIS,EQ,INE406M01024,ERIS LIFESCIENCES LIMITED,1350.8,1403.0,1350.8,1399.0,1350.8,3.57,174852,244617948.0
2026-05-29,ESABINDIA,EQ,INE284A01012,ESAB INDIA LTD,6827.0,6870.0,6430.5,6511.0,7019.5,-7.24,23464,152774104.0
2026-05-29,ESCORTS,EQ,INE042A01014,ESCORTS KUBOTA LIMITED,2896.0,2921.8,2750.0,2859.8,2880.4,-0.72,805789,2304395421.55
2026-05-29,ESG,EQ,INF769K01GS9,MIRAEAMC - MAESGETF,40.83,41.22,40.18,40.37,40.83,-1.13,13046,526667.01
2026-05-29,ESILVER,EQ,INF754K01SF3,EDELAMC - ESILVER,261.56,262.0,258.02,259.9,260.25,-0.13,14682,3815851.71
2026-05-29,ESSARSHPNG,EQ,INE122M01019,ESSAR SHIPPING LTD,24.01,24.4,23.77,23.92,24.01,-0.37,201964,4830978.9
2026-05-29,ESSENTIA,EQ,INE418N01035,INTEGRA ESSENTIA LIMITED,1.58,1.68,1.52,1.65,1.6,3.12,6393158,10548710.55
2026-05-29,ESTER,EQ,INE778B01029,ESTER INDUSTRIES LTD,93.12,96.0,91.54,92.15,93.49,-1.43,74444,6860014.71
2026-05-29,ETERNAL,EQ,INE758T01015,ETERNAL LIMITED,256.75,257.1,249.41,250.58,256.51,-2.31,51989116,13027432782.47
2026-05-29,ETHOSLTD,EQ,INE04TZ01018,ETHOS LIMITED,2372.7,2429.0,2368.1,2381.5,2389.8,-0.35,19751,47037006.5
2026-05-29,EUREKAFORB,EQ,INE0KCE01017,EUREKA FORBES LIMITED,454.95,454.95,436.65,440.25,449.8,-2.12,189800,83559450.0
2026-05-29,EUROBOND,EQ,INE505V01016,EURO PANEL PRODUCTS LTD,188.89,190.0,182.0,184.26,185.14,-0.48,5108,941200.05
2026-05-29,EUROPRATIK,EQ,INE198501012,EURO PRATIK SALES LIMITED,252.0,258.5,249.4,255.95,252.25,1.47,234831,60104993.73
2026-05-29,EVEREADY,EQ,INE128A01029,EVEREADY INDS. IND.  LTD.,327.4,327.55,315.5,316.65,321.6,-1.54,101374,32100076.48
2026-05-29,EVINDIA,EQ,INF769K01LQ3,MIRAEAMC - EVINDIA,31.75,31.75,30.61,30.83,31.24,-1.31,456604,14077101.29
2026-05-29,EXCELINDUS,EQ,INE369A01029,EXCEL INDUSTRIES LTD,968.85,973.4,919.65,928.1,968.85,-4.21,17511,16251958.67
2026-05-29,EXCELSOFT,EQ,INE606N01019,EXCELSOFT TECHNOLOGIES L,88.95,91.59,88.6,89.77,87.43,2.68,1567345,140700555.39
2026-05-29,EXICOM,EQ,INE777F01014,EXICOM TELE SYSTEMS LTD,148.0,173.0,142.89,159.4,147.21,8.28,20016645,3190653090.83
2026-05-29,EXIDEIND,EQ,INE302A01020,EXIDE INDUSTRIES LTD,396.0,397.55,384.75,386.5,394.15,-1.94,5242497,2026225090.5
2026-05-29,EXPLEOSOL,EQ,INE201K01015,EXPLEO SOLUTIONS LIMITED,885.15,888.4,863.15,874.25,885.15,-1.23,32019,27992610.75
2026-05-29,EXXARO,EQ,INE0GFE01026,EXXARO TILES LIMITED,6.72,6.83,6.6,6.68,6.62,0.91,107947,721085.94
2026-05-29,FABTECH,EQ,INE0HF201011,FABTECH TECHNOLOGIES LTD,159.04,160.0,153.2,155.38,158.97,-2.26,88294,13719122.15
2026-05-29,FACT,EQ,INE188A01015,FACT LTD,927.95,927.95,850.05,875.65,923.4,-5.17,768163,672641949.7
2026-05-29,FAZE3Q,EQ,INE963C01033,FAZE THREE LIMITED,548.9,549.75,520.15,545.8,523.6,4.24,68094,37165704.37
2026-05-29,FCL,EQ,INE045J01034,FINEOTEX CHEMICAL LIMITED,39.34,40.89,38.71,39.99,38.56,3.71,28513505,1140255112.81
2026-05-29,FCSSOFT,EQ,INE512B01022,FCS SOFTWARE SOLN. LTD.,1.57,1.57,1.53,1.57,1.5,4.67,2002242,3143520.05
2026-05-29,FDC,EQ,INE258B01022,FDC LIMITED,429.0,429.5,399.9,405.0,429.55,-5.72,2408123,975289815.0
2026-05-29,FEDERALBNK,EQ,INE171A01029,FEDERAL BANK LTD,292.0,293.9,283.6,288.95,288.9,0.02,239376091,69167724416.52
2026-05-29,FEDFINA,EQ,INE007N01010,FEDBANK FINANCIAL SER L,162.89,165.4,159.15,161.69,162.13,-0.27,1161859,187860984.55
2026-05-29,FIBERWEB,EQ,INE296C01020,FIBERWEB INDIA LIMITED,29.8,29.8,27.81,28.09,29.27,-4.03,71945,2020935.06
2026-05-29,FIEMIND,EQ,INE737H01014,FIEM INDUSTRIES LIMITED,2325.0,2325.0,2221.1,2243.0,2315.2,-3.12,54610,122490230.0
2026-05-29,FILATEX,EQ,INE816B01035,FILATEX INDIA LTD,47.0,47.39,45.5,45.74,46.75,-2.16,1366532,62505175.97
2026-05-29,FILATFASH,EQ,INE185E01021,FILATEX FASHIONS LIMITED,0.24,0.24,0.23,0.23,0.23,0.0,26076804,5997665.03
2026-05-29,FINCABLES,EQ,INE235A01022,FINOLEX CABLES LTD,1155.0,1165.0,1126.45,1136.3,1177.25,-3.48,870200,988808302.49
2026-05-29,FINEORG,EQ,INE686Y01026,FINE ORGANIC IND. LTD.,4677.3,4699.8,4612.7,4625.4,4677.3,-1.11,6781,31364836.74
2026-05-29,FINIETF,EQ,INF109KC17L8,ICICIPRAMC-ICICIFIN,31.61,32.59,31.61,31.87,32.43,-1.73,1142754,36419570.94
2026-05-29,FINKURVE,EQ,INE734I01027,FINKURVE FINANCIAL SERV L,60.62,62.09,56.0,59.77,60.62,-1.4,190842,11406626.43
2026-05-29,FINOPB,EQ,INE02NC01014,FINO PAYMENTS BANK LTD,134.7,134.7,126.96,127.74,133.97,-4.65,353434,45147658.4
2026-05-29,FINPIPE,EQ,INE183A01024,FINOLEX INDUSTRIES LTD,194.7,196.78,183.2,186.22,191.93,-2.98,2115003,393855861.24
2026-05-29,FIRSTCRY,EQ,INE02RE01045,BRAINBEES SOLUTIONS LTD,228.5,234.0,224.1,225.49,229.53,-1.76,1380558,311302031.0
2026-05-29,FISCHER,EQ,INE771F01041,FISCHER MEDICAL VENTURE L,38.05,39.06,37.5,38.14,37.46,1.82,1019009,38865002.64
2026-05-29,FIVESTAR,EQ,INE128S01021,FIVE-STAR BUS FIN LTD,448.0,455.95,413.55,445.15,454.45,-2.05,1350826,601320185.66
2026-05-29,FLAIR,EQ,INE00Y201027,FLAIR WRITING INDUST LTD,309.35,309.4,286.25,288.6,306.65,-5.89,470150,135685292.87
2026-05-29,FLUOROCHEM,EQ,INE09N301011,GUJARAT FLUOROCHEM LTD,3698.0,3698.0,3550.0,3629.0,3682.1,-1.44,328021,1190388209.0
2026-05-29,FMCGADD,EQ,INF740KA1ZA4,DSPAMC - FMCGADD,50.05,50.1,49.36,49.48,50.2,-1.43,4996,247202.08
2026-05-29,FMCGIETF,EQ,INF109KC19V3,ICICIPRAMC - ICICIFMCG,53.72,53.72,52.52,52.65,53.57,-1.72,3294935,173478332.78
2026-05-29,FMGOETZE,EQ,INE529A01010,FEDERAL-MOGUL GOETZE (IND,431.05,438.45,418.3,419.8,433.0,-3.05,82031,34436612.8
2026-05-29,FMNL,EQ,INE360L01017,FUTURE MKT NETWORKS LTD,10.24,10.75,10.02,10.73,10.24,4.79,89912,964755.72
2026-05-29,FOODSIN,EQ,INE976E01023,FOODS & INNS LIMITED,55.8,59.4,55.08,56.31,55.8,0.91,133780,7533151.98
2026-05-29,FORCEMOT,EQ,INE451A01017,FORCE MOTORS LIMITED,19905.0,20098.0,19283.0,19473.0,19864.0,-1.97,64016,1246583568.0
2026-05-29,FORTIS,EQ,INE061F01013,FORTIS HEALTHCARE LTD,962.5,967.3,920.0,928.45,960.9,-3.38,3005046,2790034995.38
2026-05-29,FOSECOIND,EQ,INE519A01011,FOSECO INDIA LTD,5031.0,5069.8,4935.0,4980.7,5019.0,-0.76,1220,6076454.24
2026-05-29,FRACTAL,EQ,INE212S01015,FRACTAL ANALYTICS LIMITED,1023.65,1039.0,990.0,1002.4,1023.65,-2.08,1421686,1425098081.11
2026-05-29,FSL,EQ,INE684F01012,FIRSTSOURCE SOLU. LTD.,266.0,267.33,260.0,262.73,264.97,-0.85,2166762,569273404.06
2026-05-29,FUSION,EQ,INE139R01012,FUSION FINANCE LIMITED,176.89,182.7,176.13,178.47,176.13,1.33,449662,80251177.69
2026-05-29,GABRIEL,EQ,INE524A01029,GABRIEL INDIA LTD,1129.2,1140.6,1091.0,1100.1,1129.3,-2.59,885161,973765594.49
2026-05-29,GAEL,EQ,INE036B01030,GUJARAT AMBUJA EXPORTS LT,160.47,161.51,152.0,154.89,160.47,-3.48,1287580,199433265.41
2026-05-29,GAIL,EQ,INE129A01019,GAIL (INDIA) LTD,170.0,170.0,163.4,164.51,169.0,-2.66,26119462,4296912550.14
2026-05-29,GALAPREC,EQ,INE0RE001014,GALA PRECISION ENG LTD,976.6,976.6,915.1,921.85,944.35,-2.38,40955,37754365.75
2026-05-29,GALAXYSURF,EQ,INE600K01018,GALAXY SURFACTANTS LTD,1822.8,1832.8,1765.9,1795.3,1822.8,-1.51,7056,12667637.14
2026-05-29,GALLANTT,EQ,INE297H01019,GALLANTT ISPAT LIMITED,696.9,698.95,665.0,669.45,689.4,-2.89,129328,86578631.18
2026-05-29,GANDHAR,EQ,INE717W01049,GANDHAR OIL REFINE IND L,163.4,163.45,155.1,155.97,162.86,-4.23,605478,94436404.4
2026-05-29,GANDHITUBE,EQ,INE524B01027,GANDHI SPL. TUBES LTD,830.0,843.15,825.0,829.3,824.7,0.56,13995,11606053.33
2026-05-29,GANECOS,EQ,INE845D01014,GANESHA ECOSPHERE LIMITED,965.2,975.0,916.3,923.2,967.8,-4.61,167581,154710781.25
2026-05-29,GANESHCP,EQ,INE652V01016,GANESH CONSUMER PRODUCT L,196.4,204.76,193.5,196.56,196.53,0.02,104434,20527546.79
2026-05-29,GANESHHOU,EQ,INE460C01014,GANESH HOUSING LIMITED,695.35,720.45,647.25,705.85,703.0,0.41,213401,150629090.64
2026-05-29,GANGAFORGE,EQ,INE691Z01023,GANGA FORGING LIMITED,2.48,2.48,2.32,2.36,2.34,0.85,505886,1193890.91
2026-05-29,GANGESSECU,EQ,INE335W01016,GANGES SECURITIES LIMITED,124.79,124.79,122.42,122.97,122.11,0.7,431,53000.07
2026-05-29,GARFIBRES,EQ,INE276A01018,GARWARE TECH FIBRES LTD,649.55,662.0,639.9,659.45,649.55,1.52,80806,53287517.69
2026-05-29,GARUDA,EQ,INE0JVO01026,GARUDA CONSTRUCT N ENG L,177.5,177.85,172.0,173.97,177.91,-2.21,419551,72989287.98
2026-05-29,GATEWAY,EQ,INE079J01017,GATEWAY DISTRIPARKS LTD,56.6,57.0,55.8,56.0,56.6,-1.06,390561,21871416.0
2026-05-29,GAUDIUMIVF,EQ,INE0P8B01020,GAUDIUM IVF N WOMEN H L,117.02,119.12,117.02,117.02,116.79,0.2,96168,11253579.04
2026-05-29,GAYAHWS,EQ,INE287Z01012,GAYATRI HIGHWAYS LIMITED,2.27,2.35,2.27,2.28,2.27,0.44,243992,556301.75
2026-05-29,GAYAPROJ,EQ,INE336H01023,GAYATRI PROJECTS LTD,19.0,19.3,18.26,18.72,18.58,0.75,714945,13383769.91
2026-05-29,GCSL,EQ,INE199P01028,GRETEX CORPORATE SERVICES,413.0,416.9,401.1,406.55,409.65,-0.76,242015,98391195.3
2026-05-29,GEEKAYWIRE,EQ,INE669X01032,GEEKAY WIRES LIMITED,24.42,24.93,23.0,23.13,24.43,-5.32,154271,3568288.1
2026-05-29,GEMAROMA,EQ,INE06XZ01023,GEM AROMATICS LIMITED,152.0,152.0,148.0,148.42,151.04,-1.73,31240,4636640.74
2026-05-29,GENCON,EQ,INE854S01022,GENERIC ENG CONS PROJ LTD,40.15,41.13,38.67,39.68,39.99,-0.78,1328598,52718769.05
2026-05-29,GENESYS,EQ,INE727B01026,GENESYS INTL CORPN LTD,248.0,278.7,242.5,262.65,247.15,6.27,2089095,548700789.0
2026-05-29,GENUSPAPER,EQ,INE949P01018,GENUS P&B LIMITED,12.94,12.94,12.5,12.56,12.62,-0.48,38720,486323.22
2026-05-29,GENUSPOWER,EQ,INE955D01029,GENUS POWER INFRASTRU LTD,318.55,326.8,312.0,313.3,318.55,-1.65,473641,148391719.52
2026-05-29,GEOJITFSL,EQ,INE007B01023,GEOJIT FINANCIAL SER L,74.26,75.11,72.0,72.93,74.32,-1.87,258444,18848321.0
2026-05-29,GESHIP,EQ,INE017A01032,THE GE SHPG.LTD,1522.0,1526.3,1410.0,1418.9,1511.3,-6.11,2447379,3472586122.85
2026-05-29,GFLLIMITED,EQ,INE538A01037,GFL LIMITED,49.0,49.0,46.29,46.94,47.69,-1.57,67351,3161455.85
2026-05-29,GHCL,EQ,INE539A01019,GHCL LIMITED,463.35,470.65,447.55,454.15,463.1,-1.93,2114169,960149838.45
2026-05-29,GHCLTEXTIL,EQ,INE0PA801013,GHCL TEXTILES LIMITED,100.8,101.22,95.0,95.81,100.17,-4.35,481942,46174861.84
2026-05-29,GICHSGFIN,EQ,INE289B01019,GIC HOUSING FINANCE LTD,150.25,150.63,148.72,149.01,149.81,-0.53,74348,11078595.07
2026-05-29,GICRE,EQ,INE481Y01014,GENERAL INS CORP OF INDIA,390.6,392.0,378.6,381.25,390.6,-2.39,292956,111689475.0
2026-05-29,GILLANDERS,EQ,INE047B01011,GILLANDERS ARBUTHNOT LTD,90.4,92.5,88.55,92.46,90.85,1.77,5833,539319.17
2026-05-29,GILLETTE,EQ,INE322A01010,GILLETTE INDIA LTD,8300.0,8330.5,7938.0,8016.5,8273.5,-3.11,36719,294357863.5
2026-05-29,GILT10BETA,EQ,INF789F1AZF3,UTIAMC-GILT10BETA,25.62,25.98,25.62,25.95,25.99,-0.15,2186,56726.7
2026-05-29,GILT5YBEES,EQ,INF204KC1030,RELCAPAMC - NETFGILT5Y,64.21,64.64,64.2,64.35,64.33,0.03,156009,10039178.91
2026-05-29,GIPCL,EQ,INE162A01010,GUJ IND POW CO. LTD,159.0,167.74,159.0,165.17,157.57,4.82,1880697,310634720.05
2026-05-29,GKENERGY,EQ,INE1AG301022,GK ENERGY LIMITED,124.51,132.43,121.74,124.34,123.88,0.37,2660213,330770874.68
2026-05-29,GKSL,EQ,INE0V0W01025,GUJARAT KIDNEY N SUP SP L,136.9,140.8,136.0,137.52,135.98,1.13,306933,42209427.47
2026-05-29,GKWLIMITED,EQ,INE528A01020,GKW LIMITED,1748.0,1809.0,1690.0,1698.9,1696.2,0.16,618,1049920.22
2026-05-29,GLAND,EQ,INE068V01023,GLAND PHARMA LIMITED,2315.0,2337.5,2230.0,2250.0,2313.0,-2.72,218609,491870250.0
2026-05-29,GLAXO,EQ,INE159A01016,GLAXOSMITHKLINE PHARMA LT,2259.9,2267.0,2194.4,2210.2,2296.2,-3.75,304042,671993613.55
2026-05-29,GLENMARK,EQ,INE935A01035,GLENMARK PHARMACEUTICALS,2400.0,2400.7,2257.8,2274.9,2384.9,-4.61,1343564,3056473612.39
2026-05-29,GLFL,EQ,INE540A01017,GUJARAT LEASE FINANCING L,6.1,6.1,6.1,6.1,6.1,0.0,413,2519.3
2026-05-29,GLOBAL,EQ,INE291W01037,GLOBAL EDUCATION LIMITED,106.9,106.91,100.6,100.8,105.83,-4.75,321001,32356901.78
2026-05-29,GLOBALE,EQ,INE0URU01010,GLOBALE TESSILE LIMITED,12.7,13.95,12.7,13.05,13.35,-2.25,6498,84798.9
2026-05-29,GLOBALVECT,EQ,INE792H01019,GLOBAL VEC HELICORP LTD,171.52,171.52,162.56,165.78,172.38,-3.83,24594,4077193.29
2026-05-29,GLOBE,EQ,INE581X01021,GLOBE ENTERPRISE (I) LTD,2.36,2.42,2.35,2.38,2.37,0.42,183825,437503.52
2026-05-29,GLOBECIVIL,EQ,INE0V3U01015,GLOBE CIVIL PROJECTS LTD,42.23,43.75,42.0,42.59,42.23,0.85,18099,770836.41
2026-05-29,GLOBUSSPR,EQ,INE615I01010,GLOBUS SPIRITS LTD,872.0,881.0,861.0,865.2,875.4,-1.17,68538,59299078.44
2026-05-29,GLOSTERLTD,EQ,INE350Z01018,GLOSTER LIMITED,681.35,681.35,659.9,665.75,678.15,-1.83,6283,4182907.25
2026-05-29,GLOTTIS,EQ,INE0TQE01026,GLOTTIS LIMITED,65.0,67.0,64.1,65.87,65.16,1.09,120508,7937862.29
2026-05-29,GMBREW,EQ,INE075D01018,G M BREWERIES LTD,945.0,949.8,920.1,928.4,946.25,-1.89,28764,26704498.3
2026-05-29,GMDCLTD,EQ,INE131A01031,GUJARAT MINERAL DEV CORP,704.7,704.95,660.05,670.0,699.1,-4.16,2081626,1394689420.0
2026-05-29,GMMPFAUDLR,EQ,INE541A01023,GMM PFAUDLER LIMITED,786.75,787.85,755.55,766.7,787.15,-2.6,1317244,1009930990.88
2026-05-29,GMRAIRPORT,EQ,INE776C01039,GMR AIRPORTS LIMITED,102.0,104.14,99.56,100.37,97.84,2.59,131030009,13151482363.21
2026-05-29,GMRP&UI,EQ,INE0CU601026,GMR POW AND URBAN INFRA L,109.9,113.9,107.81,109.52,109.57,-0.05,5651624,618965841.51
2026-05-29,GNA,EQ,INE934S01014,GNA AXLES LIMITED,382.4,385.3,368.55,370.55,382.4,-3.1,72588,26897482.51
2026-05-29,GNFC,EQ,INE113A01013,GUJ NAR VAL FER & CHEM L,519.0,521.4,502.0,504.3,516.15,-2.3,375006,189115521.22
2026-05-29,GOACARBON,EQ,INE426D01013,GOA CARBON LIMITED,409.0,409.45,400.1,403.6,404.65,-0.26,12243,4941274.87
2026-05-29,GOCLCORP,EQ,INE077F01035,GOCL CORPORATION LIMITED,383.75,386.65,362.35,367.45,381.6,-3.71,99145,36430831.46
2026-05-29,GOCOLORS,EQ,INE0BJS01011,GO FASHION INDIA LTD,338.5,341.85,311.1,315.8,340.55,-7.27,1600522,505444828.06
2026-05-29,GODAVARIB,EQ,INE497S01012,GODAVARI BIOREFINERIES L,284.05,287.75,278.8,280.5,284.05,-1.25,182884,51298962.0
2026-05-29,GODFRYPHLP,EQ,INE260B01028,GODFREY PHILLIPS INDIA LT,2319.9,2348.4,2271.7,2282.8,2310.9,-1.22,557834,1273423482.44
2026-05-29,GODIGIT,EQ,INE03JT01014,GO DIGIT GENERAL INS LTD,301.0,308.35,300.35,305.5,304.4,0.36,790077,241368523.5
2026-05-29,GODREJAGRO,EQ,INE850D01014,GODREJ AGROVET LIMITED,590.0,595.0,567.0,576.2,588.15,-2.03,180080,103762098.2
2026-05-29,GODREJCP,EQ,INE102D01028,GODREJ CONSUMER PRODUCTS,1044.9,1053.6,1024.1,1029.3,1044.4,-1.45,3721352,3830387795.31
2026-05-29,GODREJIND,EQ,INE233A01035,GODREJ INDUSTRIES LTD,1149.7,1199.95,1092.0,1107.3,1134.1,-2.36,425178,470799620.16
2026-05-29,GODREJPROP,EQ,INE484J01027,GODREJ PROPERTIES LTD,1812.5,1834.8,1750.0,1762.7,1788.6,-1.45,2150631,3790917158.69
2026-05-29,GOKEX,EQ,INE887G01027,GOKALDAS EXPORTS LTD.,695.1,717.25,684.45,691.8,693.75,-0.28,872071,603298707.15
2026-05-29,GOKUL,EQ,INE020J01029,GOKUL REFOILS & SOLV LTD,43.85,44.93,40.5,41.07,43.84,-6.32,203541,8359428.81
2026-05-29,GOKULAGRO,EQ,INE314T01033,GOKUL AGRO RESOURCES LTD,238.96,238.96,227.55,229.08,235.44,-2.7,279735,64081694.31
2026-05-29,GOLD1,EQ,INF174KA1HJ8,KOTAK GOLD ETF,130.18,130.94,129.5,129.94,130.18,-0.18,1497167,194541883.64
2026-05-29,GOLDADD,EQ,INF740KA1ZP2,DSPAMC - DSPGOLD,15.15,15.19,15.08,15.11,15.16,-0.33,5933790,89659564.86
2026-05-29,GOLDAXIS,EQ,INF846K01W80,AXISAMC-GOLDAXIS,129.93,130.32,129.28,129.51,129.93,-0.32,3190187,413161100.85
2026-05-29,GOLDBEES,EQ,INF204KB17I5,NIP IND ETF GOLD BEES,129.04,129.39,126.8,128.65,129.04,-0.3,18731585,2409818295.92
2026-05-29,GOLDBETA,EQ,INF789F1AUX7,UTIAMC-UTIGOLDBETA,130.5,131.6,130.5,130.8,131.45,-0.49,314503,41136993.36
2026-05-29,GOLDBND,EQ,INF194KB1KJ7,BANDHANAMC - GOLDBND,155.88,156.01,154.88,155.28,155.86,-0.37,56875,8831549.93
2026-05-29,GOLDCASE,EQ,INF0R8F01042,ZERODHAAMC - GOLDCASE,25.16,25.16,24.41,24.51,24.55,-0.16,10508855,257572038.46
2026-05-29,GOLDETF,EQ,INF769K01JP9,MIRAEAMC - MAGOLDETF,151.69,151.88,150.72,151.04,151.46,-0.28,1385034,209195526.06
2026-05-29,GOLDIAM,EQ,INE025B01025,GOLDIAM INTERNATIONAL LTD,311.21,320.85,302.4,306.67,308.96,-0.74,887689,272232013.24
2026-05-29,GOLDIETF,EQ,INF109KC1NT3,ICICI PRUDENTIAL GOLD ETF,133.54,133.91,132.76,133.12,133.54,-0.31,7259449,966377815.43
2026-05-29,GOODLUCK,EQ,INE127I01024,GOODLUCK INDIA LIMITED,458.33,458.33,427.43,431.8,460.43,-6.22,750603,324110366.24
2026-05-29,GOODYEAR,EQ,INE533A01012,GOODYEAR INDIA LIMITED,755.55,791.9,732.2,736.5,750.0,-1.8,22749,16754638.5
2026-05-29,GOPAL,EQ,INE0L9R01028,GOPAL SNACKS LIMITED,302.0,302.8,292.0,295.45,299.85,-1.47,87896,25968874.27
2026-05-29,GOYALALUM,EQ,INE705X01026,GOYAL ALUMINIUMS LIMITED,6.89,6.89,6.61,6.72,6.78,-0.88,83788,563055.34
2026-05-29,GPIL,EQ,INE177H01039,GODAWARI POW & ISP LTD,284.3,292.0,279.0,288.05,281.8,2.22,3807408,1096723827.92
2026-05-29,GPPL,EQ,INE517F01014,GUJARAT PIPAVAV PORT LTD,163.0,166.8,154.56,157.35,159.11,-1.11,11759790,1850403028.28
2026-05-29,GPTHEALTH,EQ,INE486R01017,GPT HEALTHCARE LIMITED,141.0,147.0,140.77,142.4,139.92,1.77,219382,31239995.46
2026-05-29,GPTINFRA,EQ,INE390G01014,GPT INFRAPROJECTS LTD,117.65,119.4,115.0,115.51,118.32,-2.37,116192,13421338.17
2026-05-29,GRANULES,EQ,INE101D01020,GRANULES INDIA LIMITED,795.0,804.3,768.55,773.85,782.6,-1.12,1170367,905688474.38
2026-05-29,GRAPHITE,EQ,INE371A01025,GRAPHITE INDIA LTD,736.05,768.0,716.0,727.75,746.8,-2.55,2540945,1849172723.75
2026-05-29,GRASIM,EQ,INE047A01021,GRASIM INDUSTRIES LTD,3175.0,3190.3,3111.4,3122.4,3170.0,-1.5,1635193,5105726463.51
2026-05-29,GRAUWEIL,EQ,INE266D01021,GRAUER & WEIL IND LTD,72.9,73.62,69.0,69.68,72.27,-3.58,291547,20314995.05
2026-05-29,GRAVITA,EQ,INE024L01027,GRAVITA INDIA LIMITED,1669.9,1674.6,1604.5,1612.9,1668.5,-3.33,226993,366117015.24
2026-05-29,GREAVESCOT,EQ,INE224A01026,GREAVES COTTON LTD.,184.87,188.64,178.5,181.65,183.96,-1.26,2221220,403484599.44
2026-05-29,GREENLAM,EQ,INE544R01021,GREENLAM INDUSTRIES LTD.,236.94,236.94,221.52,228.39,230.72,-1.01,1587052,362466805.31
2026-05-29,GREENPANEL,EQ,INE08ZM01014,GREENPANEL INDUSTRIES LTD,198.36,200.73,184.0,185.57,200.15,-7.28,307327,57030673.64
2026-05-29,GREENPLY,EQ,INE461C01038,GREENPLY INDUSTRIES LTD,255.6,258.85,246.0,248.1,254.7,-2.59,129358,32093720.59
2026-05-29,GREENPOWER,EQ,INE999K01014,ORIENT GREEN POWER CO LTD,11.7,11.74,11.48,11.53,11.45,0.7,5728547,66050145.38
2026-05-29,GRINDWELL,EQ,INE536A01023,GRINDWELL NORTON LIMITED,1930.0,1948.6,1797.8,1839.8,1912.3,-3.79,84867,156138310.74
2026-05-29,GRINFRA,EQ,INE201P01022,G R INFRAPROJECTS LIMITED,912.1,931.0,891.1,899.7,912.1,-1.36,91074,81939278.91
2026-05-29,GRMOVER,EQ,INE192H01020,GRM OVERSEAS LIMITED,160.0,167.0,158.35,160.03,158.32,1.08,5335694,853871104.31
2026-05-29,GROBTEA,EQ,INE646C01018,THE GROB TEA COMPANY LTD,912.0,912.0,883.3,896.45,905.3,-0.98,73,65440.85
2026-05-29,GROWW,EQ,INE0HOQ01053,BILLIONBRAINS GARAGE VN L,188.31,190.31,184.21,184.89,187.35,-1.31,22238820,4111735416.23
2026-05-29,GROWWCAPM,EQ,INF666M01MM4,GROWWAMC - GROWWCAPM,11.7,11.9,11.52,11.55,11.79,-2.04,989540,11429187.19
2026-05-29,GROWWCHEM,EQ,INF666M01NP5,GROWWAMC - GROWWCHEM,29.75,29.75,29.04,29.25,29.75,-1.68,131582,3848773.5
2026-05-29,GROWWDEFNC,EQ,INF666M01IO8,GROWWAMC - GROWWDEFNC,94.97,94.97,90.6,91.22,92.61,-1.5,496886,45325941.53
2026-05-29,GROWWEV,EQ,INF666M01IH2,GROWWAMC - GROWWEV,31.48,31.48,30.43,30.52,31.08,-1.8,381380,11639717.77
2026-05-29,GROWWGOLD,EQ,INF666M01OE7,GROWWAMC - GROWWGOLD,15.23,15.28,15.16,15.18,15.23,-0.33,1351121,20510017.19
2026-05-29,GROWWLIQID,EQ,INF666M01IP5,GROWWAMC - GROWWLIQID,109.27,109.28,109.27,109.27,109.23,0.04,395208,43184376.83
2026-05-29,GROWWLOVOL,EQ,INF666M01LB9,GROWWAMC - GROWWLOVOL,10.4,10.4,10.16,10.2,10.42,-2.11,11623,118554.6
2026-05-29,GROWWMC150,EQ,INF666M01MV5,GROWWAMC - GROWWMC150,228.4,230.45,226.19,226.64,228.07,-0.63,5206,1179887.84
2026-05-29,GROWWMETAL,EQ,INF666M01NI0,GROWWAMC - GROWWMETAL,13.4,13.45,12.69,12.82,13.08,-1.99,1112967,14268236.6
2026-05-29,GROWWMOM50,EQ,INF666M01KJ4,GROWWAMC - GROWWMOM50,10.85,10.92,10.56,10.58,10.79,-1.95,298786,3161155.86
2026-05-29,GROWWN200,EQ,INF666M01JV1,GROWWAMC - GROWWN200,11.43,11.43,11.0,11.04,11.25,-1.87,84322,930914.88
2026-05-29,GROWWNET,EQ,INF666M01LI4,GROWWAMC - GROWWNET,9.2,9.28,8.93,9.0,9.17,-1.85,397594,3578346.0
2026-05-29,GROWWNIFTY,EQ,INF666M01LL8,GROWWAMC - GROWWNIFTY,9.6,9.64,9.47,9.5,9.6,-1.04,524909,4986635.5
2026-05-29,GROWWNXT50,EQ,INF666M01LZ8,GROWWAMC - GROWWNXT50,71.89,72.54,70.81,71.36,71.89,-0.74,6869,490171.84
2026-05-29,GROWWPOWER,EQ,INF666M01LM6,GROWWAMC - GROWWPOWER,12.96,13.03,12.6,12.65,12.81,-1.25,7030283,88933077.27
2026-05-29,GROWWPSE,EQ,INF666M01NQ3,GROWWAMC - GROWWPSE,103.1,105.0,102.2,102.95,105.08,-2.03,3098,318939.09
2026-05-29,GROWWPSUBK,EQ,INF666M01OG2,GROWWAMC - GROWWPSUBK,81.92,81.92,81.92,81.92,82.61,-0.84,0,0.0
2026-05-29,GROWWRAIL,EQ,INF666M01JJ6,GROWWAMC - GROWWRAIL,31.54,31.54,29.9,30.02,30.77,-2.44,1464362,43960147.91
2026-05-29,GROWWRLTY,EQ,INF666M01MN2,GROWWAMC - GROWWRLTY,9.27,9.27,8.68,8.78,8.76,0.23,232677,2042904.0
2026-05-29,GROWWSC250,EQ,INF666M01MO0,GROWWAMC - GROWWSC250,9.88,9.94,9.72,9.79,9.84,-0.51,188886,1849193.93
2026-05-29,GROWWSLVR,EQ,INF666M01OF4,GROWWAMC - GROWWSLVR,25.68,25.75,25.35,25.54,25.58,-0.16,1213869,31002215.37
2026-05-29,GRPLTD,EQ,INE137I01015,GRP LIMITED,1700.4,1839.0,1698.8,1787.9,1698.8,5.24,5361,9584932.03
2026-05-29,GRSE,EQ,INE382Z01011,GARDEN REACH SHIP&ENG LTD,2655.0,2710.0,2616.2,2654.8,2651.5,0.12,1118570,2969579690.62
2026-05-29,GRWRHITECH,EQ,INE291A01017,GARWARE HI-TECH FILMS LTD,5726.1,6166.0,5604.2,6117.9,5746.2,6.47,214990,1315287300.0
2026-05-29,GSEC10IETF,EQ,INF109KC18O0,ICICIPRAMC - ICICI10GS,257.9,259.53,257.23,257.48,257.9,-0.16,61,15706.28
2026-05-29,GSEC10YEAR,EQ,INF769K01KF8,MIRAEAMC - MAGS813ETF,29.51,29.92,29.51,29.7,29.59,0.37,3834,113869.8
2026-05-29,GSEC5IETF,EQ,INF109KC14A8,ICICIPRAMC - ICICI5GSEC,64.5,64.82,64.31,64.34,64.69,-0.54,4468,287471.1
2026-05-29,GSFC,EQ,INE026A01025,GUJ STATE FERT & CHEM LTD,169.24,169.95,161.25,163.11,169.21,-3.6,1239204,202126565.2
2026-05-29,GSLSU,EQ,INE0JSX01015,GLOBAL SURFACES LIMITED,56.94,56.94,54.02,54.37,54.28,0.17,10697,581595.88
2026-05-29,GSPCROP,EQ,INE713R01022,GSP CROP SCIENCE LIMITED,445.0,447.75,430.55,435.45,441.25,-1.31,165873,72229399.87
2026-05-29,GSS,EQ,INE871H01011,GSS INFOTECH LIMITED,13.98,14.0,13.33,13.49,13.98,-3.51,38478,519068.21
2026-05-29,GTECJAINX,EQ,INE586X01012,G-TEC JAINX EDUCATION LTD,17.75,18.0,16.2,16.69,17.75,-5.97,4056,67694.64
2026-05-29,GTL,EQ,INE043A01012,GTL LTD,7.65,7.75,7.32,7.51,7.5,0.13,564677,4240724.4
2026-05-29,GTLINFRA,EQ,INE221H01019,GTL INFRA.LTD,1.37,1.52,1.36,1.42,1.37,3.65,234225152,332599705.79
2026-05-29,GTPL,EQ,INE869I01013,GTPL HATHWAY LIMITED,65.5,68.45,64.67,67.25,64.55,4.18,101188,6804893.0
2026-05-29,GUFICBIO,EQ,INE742B01025,GUFIC BIOSCIENCES LTD.,328.9,341.95,319.65,333.85,325.9,2.44,267768,89394348.43
2026-05-29,GUJALKALI,EQ,INE186A01019,GUJARAT ALKALIES & CHEM,694.0,707.7,657.35,679.55,687.35,-1.13,384778,261475885.2
2026-05-29,GUJAPOLLO,EQ,INE826C01016,GUJ. APOLLO IND. LTD.,386.2,390.75,375.35,381.95,390.0,-2.06,8028,3066294.7
2026-05-29,GUJENERGY,EQ,INE844O01030,GUJARAT ENERGY LIMITED,370.0,410.0,370.0,401.15,369.8,8.48,2598864,1042534277.74
2026-05-29,GUJRAFFIA,EQ,INE610B01024,GUJARAT RAFFIA INDUST LTD,47.7,47.7,43.7,43.9,45.63,-3.79,20060,880634.03
2026-05-29,GUJTHEM,EQ,INE942C01045,GUJARAT THEMIS BIOSYN LTD,429.05,429.05,400.0,404.3,432.2,-6.46,350107,141548255.83
2026-05-29,GULFOILLUB,EQ,INE635Q01029,GULF OIL LUB. IND. LTD.,930.1,994.05,926.85,973.05,930.05,4.62,588617,572753764.66
2026-05-29,GULPOLY,EQ,INE255D01024,GULSHAN POLYOLS LIMITED,179.35,182.25,174.51,175.8,178.47,-1.5,272528,47910423.23
2026-05-29,GVPIL,EQ,INE878A01011,GE POWER INDIA LIMITED,838.0,867.45,837.95,865.15,826.15,4.72,549391,475305637.06
2026-05-29,GVT&D,EQ,INE200A01026,GE VERNOVA T&D INDIA LTD,5140.0,5222.1,4940.0,5148.6,5097.7,1.0,2379024,12248643198.73
2026-05-29,HAL,EQ,INE066F01020,HINDUSTAN AERONAUTICS LTD,4409.8,4418.0,4255.3,4303.8,4413.0,-2.47,4597399,19786284918.27
2026-05-29,HALDER,EQ,INE115S01010,HALDER VENTURE LIMITED,215.01,229.0,215.0,218.0,227.0,-3.96,4173,909714.0
2026-05-29,HALEOSLABS,EQ,INE320X01016,HALEOS LABS LIMITED,1630.0,1675.4,1530.2,1581.3,1631.5,-3.08,1467,2319767.17
2026-05-29,HAPPSTMNDS,EQ,INE419U01012,HAPPIEST MINDS TECHNO LTD,388.0,394.0,366.2,371.7,378.6,-1.82,1614645,600163566.21
2026-05-29,HAPPYFORGE,EQ,INE330T01021,HAPPY FORGINGS LIMITED,1422.1,1434.4,1380.0,1387.4,1416.9,-2.08,87596,121530692.54
2026-05-29,HARDWYN,EQ,INE626Z01029,HARDWYN INDIA LIMITED,18.46,18.53,17.87,17.97,18.26,-1.6,6678672,120025272.43
2026-05-29,HARIOMPIPE,EQ,INE00EV01017,HARIOM PIPE INDUSTRIES L,391.1,407.95,371.2,394.0,395.0,-0.25,861467,339417998.0
2026-05-29,HARRMALAYA,EQ,INE544A01019,HARRISON MALAYALAM LTD,210.0,210.0,195.95,200.69,207.29,-3.18,11445,2296897.08
2026-05-29,HARSHA,EQ,INE0JUS01029,HARSHA ENGINEERS INT LTD,405.0,411.0,395.05,397.15,399.7,-0.64,306105,121569598.88
2026-05-29,HATHWAY,EQ,INE982F01036,HATHWAY CABLE & DATACOM,11.0,11.11,10.71,10.8,10.98,-1.64,3124721,33746987.4
2026-05-29,HATSUN,EQ,INE473B01035,HATSUN AGRO PRODUCT LTD.,925.0,930.0,892.55,899.15,918.25,-2.08,28027,25200477.73
2026-05-29,HAVELLS,EQ,INE176B01034,HAVELLS INDIA LIMITED,1214.4,1215.9,1166.0,1176.8,1211.0,-2.82,4333519,5099685370.8
2026-05-29,HAVISHA,EQ,INE293B01029,SRI HAVISHA HOSP & INFR L,1.55,1.55,1.45,1.51,1.52,-0.66,97904,147835.04
2026-05-29,HAWKINCOOK,EQ,INE979B01015,HAWKINS COOKERS LTD,7520.0,7679.5,7360.0,7483.0,7339.5,1.96,4378,32760574.0
2026-05-29,HBLENGINE,EQ,INE292B01021,HBL ENGINEERING LTD,855.0,875.0,818.0,822.6,817.5,0.62,5948248,4893028659.58
2026-05-29,HBSL,EQ,INE550B01022,HB STOCKHOLDINGS LIMITED,55.96,55.96,54.01,55.33,55.97,-1.14,3561,197030.14
2026-05-29,HCC,EQ,INE549A01026,HINDUSTAN CONSTRUCTION CO,23.3,23.98,22.55,22.81,23.21,-1.72,64253697,1465626794.25
2026-05-29,HCG,EQ,INE075I01017,HEALTHCARE GLOB. ENT. LTD,660.0,663.0,625.0,637.25,659.95,-3.44,205589,131011590.25
2026-05-29,HCL-INSYS,EQ,INE236A01020,HCL INFOSYSTEMS LTD,12.9,13.07,12.28,12.64,12.74,-0.78,1036688,13103736.68
2026-05-29,HCLTECH,EQ,INE860A01027,HCL TECHNOLOGIES LTD,1180.0,1191.7,1177.0,1183.8,1165.2,1.6,12446602,14734288055.34
2026-05-29,HDBFS,EQ,INE756I01012,HDB FINANCIAL SERVICES L,674.0,675.0,659.55,665.85,674.2,-1.24,276971,184421133.59
2026-05-29,HDFCAMC,EQ,INE127D01025,HDFC AMC LIMITED,2716.3,2768.4,2652.6,2674.3,2716.3,-1.55,2092882,5596994434.79
2026-05-29,HDFCBANK,EQ,INE040A01034,HDFC BANK LTD,746.05,760.5,737.75,744.55,758.65,-1.86,101299431,75422490114.48
2026-05-29,HDFCBSE500,EQ,INF179KC1EZ4,HDFCAMC - HDFCBSE500,36.38,37.0,36.34,36.42,36.8,-1.03,10729,390750.16
2026-05-29,HDFCGOLD,EQ,INF179KC1981,HDFC GOLD ETF,133.34,133.56,132.57,132.81,133.35,-0.4,2770846,367996050.5
2026-05-29,HDFCGROWTH,EQ,INF179KC1DJ0,HDFCAMC - HDFCGROWTH,114.43,114.49,112.05,112.94,113.97,-0.9,12118,1368606.95
2026-05-29,HDFCLIFE,EQ,INE795G01014,HDFC LIFE INS CO LTD,614.0,614.0,588.8,594.8,609.6,-2.43,11094751,6599157759.37
2026-05-29,HDFCLIQUID,EQ,INF179KC1JG3,HDFCAMC - HDFCLIQUID,1062.81,1062.83,1062.81,1062.82,1062.37,0.04,21833,23204547.89
2026-05-29,HDFCLOWVOL,EQ,INF179KC1HU8,HDFCAMC - HDFCLOWVOL,20.23,20.36,19.98,20.1,20.19,-0.45,15857,318725.71
2026-05-29,HDFCMID150,EQ,INF179KC1HT0,HDFCAMC - HDFCMID150,22.54,23.27,22.54,22.82,23.12,-1.3,953353,21755515.17
2026-05-29,HDFCMOMENT,EQ,INF179KC1HV6,HDFCAMC - HDFCMOMENT,30.53,31.47,30.53,30.82,31.15,-1.06,174493,5377874.21
2026-05-29,HDFCNEXT50,EQ,INF179KC1HS2,HDFCAMC - HDFCNEXT50,73.26,73.78,72.33,72.7,73.26,-0.76,61351,4460217.51
2026-05-29,HDFCNIF100,EQ,INF179KC1HR4,HDFCAMC - HDFCNIF100,25.85,25.85,25.29,25.36,25.56,-0.78,77989,1977801.09
2026-05-29,HDFCNIFBAN,EQ,INF179KC1HY0,HDFCAMC - HDFCNIFBAN,56.11,56.6,55.61,55.82,56.41,-1.05,1769530,98775164.06
2026-05-29,HDFCNIFIT,EQ,INF179KC1IA8,HDFCAMC - HDFCNIFIT,31.05,31.69,30.88,31.16,30.83,1.07,356505,11108695.75
2026-05-29,HDFCNIFTY,EQ,INF179KC1965,HDFCAMC - HDFCNIFTY,267.32,269.36,264.07,264.74,268.08,-1.25,253461,67101262.66
2026-05-29,HDFCPSUBK,EQ,INF179KC1HW4,HDFCAMC HDFCPSUBK,83.66,83.89,82.32,82.59,83.36,-0.92,14764,1219358.71
2026-05-29,HDFCPVTBAN,EQ,INF179KC1HZ7,HDFCAMC - HDFCPVTBAN,26.86,27.7,26.65,26.78,27.02,-0.89,359637,9631079.11
2026-05-29,HDFCQUAL,EQ,INF179KC1DL6,HDFCAMC - HDFCQUAL,57.92,58.22,56.92,57.75,57.92,-0.29,5367,309944.25
2026-05-29,HDFCSENSEX,EQ,INF179KC1HX2,HDFCAMC - HDFCSENSEX,85.58,85.97,84.46,84.91,85.84,-1.08,127656,10839271.43
2026-05-29,HDFCSILVER,EQ,INF179KC1DI2,HDFCAMC - HDFCSILVER,250.91,251.5,247.41,249.75,249.88,-0.05,2814352,702884412.0
2026-05-29,HDFCSML250,EQ,INF179KC1FB2,HDFCAMC - HDFCSML250,173.39,173.4,169.0,170.66,171.88,-0.71,1430589,244144323.98
2026-05-29,HDFCVALUE,EQ,INF179KC1DK8,HDFCAMC - HDFCVALUE,128.68,129.5,126.89,127.01,128.42,-1.1,2409,305967.1
2026-05-29,HEADSUP,EQ,INE759V01019,HEADS UP VENTURES LIMITED,7.07,7.3,6.74,7.14,7.23,-1.24,43498,310575.71
2026-05-29,HEALTHADD,EQ,INF740KA1ZG1,DSPAMC - HEALTHADD,158.74,158.84,153.03,154.9,157.96,-1.94,10548,1633885.14
2026-05-29,HEALTHAXIS,EQ,INF846K01Z12,AXISAMC-HEALTHAXIS,159.77,160.56,156.0,157.29,159.77,-1.55,2657,417919.51
2026-05-29,HEALTHCARE,EQ,INF769K01QA6,MIRAEAMC - HEALTHCARE,20.31,20.31,19.77,19.83,20.19,-1.78,97661,1936617.62
2026-05-29,HEALTHIETF,EQ,INF109KC1Q72,ICICIPRAMC - ICICIPHARM,156.59,161.65,156.0,157.66,160.61,-1.84,204812,32290660.67
2026-05-29,HEALTHX,EQ,INE019J01013,HEALTH X PLATFORM LIMITED,308.3,313.0,304.85,307.25,311.6,-1.4,6271,1926764.75
2026-05-29,HEALTHY,EQ,INF209KB10C2,BIRLASLAMC - HEALTHY,16.47,16.67,15.15,15.87,16.07,-1.24,333220,5288201.36
2026-05-29,HECPROJECT,EQ,INE558R01013,HEC INFRA PROJECTS LTD,133.01,133.05,125.0,125.51,133.07,-5.68,16685,2094134.39
2026-05-29,HEIDELBERG,EQ,INE578A01017,HEIDELBERGCEMENT (I) LTD,159.05,160.66,157.0,157.49,158.97,-0.93,55655,8765106.26
2026-05-29,HEMIPROP,EQ,INE0AJG01018,HEMISPHERE PROP IND LTD,142.99,143.99,138.66,139.77,142.78,-2.11,406461,56811055.71
2026-05-29,HERANBA,EQ,INE694N01015,HERANBA INDUSTRIES LTD,191.86,191.86,176.5,177.9,195.18,-8.85,204283,36341944.45
2026-05-29,HERITGFOOD,EQ,INE978A01027,HERITAGE FOODS LTD,329.45,330.2,318.35,320.8,328.1,-2.22,188553,60487800.1
2026-05-29,HEROMOTOCO,EQ,INE158A01026,HERO MOTOCORP LIMITED,5115.0,5140.0,4875.5,4903.0,5075.0,-3.39,1648645,8083306435.0
2026-05-29,HESTERBIO,EQ,INE782E01017,HESTER BIOSCIENCES LTD,1999.0,2078.9,1978.0,2009.2,1990.0,0.96,19894,39971023.83
2026-05-29,HEXATRADEX,EQ,INE750M01017,HEXA TRADEX LIMITED,161.2,164.99,161.2,162.24,161.18,0.66,1190,193065.61
2026-05-29,HEXT,EQ,INE093A01041,HEXAWARE TECHNOLOGIES LTD,508.95,517.35,498.8,508.0,508.2,-0.04,511956,260073648.0
2026-05-29,HGINFRA,EQ,INE926X01010,H.G.INFRA ENGINEERING LTD,602.6,607.95,577.35,583.65,605.55,-3.62,212887,124251502.75
2026-05-29,HGM,EQ,INE596H01014,HANDSON GBL MNGMNT LTD,62.79,62.79,57.5,60.19,61.96,-2.86,3811,229384.08
2026-05-29,HGS,EQ,INE170I01016,HINDUJA GLOBAL SOLS. LTD.,411.85,418.8,405.1,412.9,414.1,-0.29,20218,8348012.08
2026-05-29,HIKAL,EQ,INE475B01022,HIKAL LIMITED,209.0,210.0,193.0,195.28,221.32,-11.77,1142633,223133370.85
2026-05-29,HILINFRA,EQ,INE00RL01028,HIGHWAY INFRASTRUCTURE L,51.0,51.0,48.5,48.63,49.86,-2.47,46673,2269708.04
2026-05-29,HILTON,EQ,INE788H01017,HILTON METAL FORGING LTD,22.23,22.65,21.75,22.11,22.23,-0.54,193533,4279014.75
2026-05-29,HIMATSEIDE,EQ,INE049A01027,HIMATSINGKA SEIDE LTD,77.29,80.3,77.0,77.38,79.79,-3.02,1100973,85193287.72
2026-05-29,HINDALCO,EQ,INE038A01020,HINDALCO  INDUSTRIES  LTD,1176.0,1176.0,1122.0,1126.7,1149.7,-2.0,11987286,13506074550.88
2026-05-29,HINDCOMPOS,EQ,INE310C01029,HINDUSTAN COMPOSITES LTD.,423.45,423.45,406.1,410.15,412.3,-0.52,5515,2261977.22
2026-05-29,HINDCON,EQ,INE642Y01029,HINDCON CHEMICALS LIMITED,23.45,23.45,22.22,22.44,22.69,-1.1,32520,729748.82
2026-05-29,HINDCOPPER,EQ,INE531E01026,HINDUSTAN COPPER LTD,558.0,564.65,528.0,538.7,555.35,-3.0,5365662,2890482184.9
2026-05-29,HINDOILEXP,EQ,INE345A01011,HINDUSTAN OIL EXPLORATION,169.46,169.46,160.01,160.91,169.46,-5.05,887716,142842384.81
2026-05-29,HINDPETRO,EQ,INE094A01015,HINDUSTAN PETROLEUM CORP,407.0,409.0,390.0,393.85,402.9,-2.25,12624474,4972149161.95
2026-05-29,HINDUNILVR,EQ,INE030A01027,HINDUSTAN UNILEVER LTD.,2133.5,2207.8,2118.1,2153.5,2198.4,-2.04,17701621,38120440823.5
2026-05-29,HINDWAREAP,EQ,INE05AN01011,HINDWARE HME INOVATON LTD,229.42,231.62,218.1,223.51,229.42,-2.58,134573,30078410.49
2026-05-29,HINDZINC,EQ,INE267A01025,HINDUSTAN ZINC LIMITED,652.95,656.25,630.0,632.95,648.85,-2.45,4146682,2624642422.52
2026-05-29,HIRECT,EQ,INE835D01023,HIRECT LIMITED,1176.45,1212.1,1095.1,1113.95,1152.35,-3.33,570326,635314619.85
2026-05-29,HISARMETAL,EQ,INE598C01011,HISAR METAL IND. LIMITED,151.45,151.5,146.0,147.6,151.45,-2.54,694,102434.4
2026-05-29,HITECH,EQ,INE106T01025,HI-TECH PIPES LIMITED,88.77,90.0,86.3,86.7,95.16,-8.89,2882059,249874506.5
2026-05-29,HLEGLAS,EQ,INE461D01028,HLE GLASCOAT LIMITED,327.95,331.55,316.6,319.75,327.95,-2.5,59582,19051344.5
2026-05-29,HLVLTD,EQ,INE102A01024,HLV LIMITED,8.35,8.48,7.95,8.04,8.34,-3.6,213882,1719611.27
2026-05-29,HMAAGRO,EQ,INE0ECP01024,HMA AGRO INDUSTRIES LTD,23.75,24.0,23.2,23.25,23.56,-1.32,1303481,30305933.25
2026-05-29,HNDFDS,EQ,INE254N01026,HINDUSTAN FOODS LIMITED,531.9,531.95,515.0,518.75,531.9,-2.47,41488,21521900.0
2026-05-29,HNGSNGBEES,EQ,INF204KB19I1,NIP IND ETF HANGSENG BEES,527.89,528.64,517.79,518.53,523.0,-0.85,207014,107342975.48
2026-05-29,HOMEFIRST,EQ,INE481N01025,HOME FIRST FIN CO IND LTD,1109.6,1134.1,1052.6,1065.2,1117.9,-4.71,604512,643926152.88
2026-05-29,HONASA,EQ,INE0J5401028,HONASA CONSUMER LIMITED,412.1,424.9,403.2,406.4,419.95,-3.23,1394041,566538253.89
2026-05-29,HONAUT,EQ,INE671A01010,HONEYWELL AUTOMATION IND,36300.0,36500.0,35300.0,35520.0,36180.0,-1.82,11346,403009920.0
2026-05-29,HONDAPOWER,EQ,INE634A01018,HONDA I POWER PRODUCT LTD,2306.9,2412.0,2306.9,2363.4,2306.9,2.45,20470,48378796.0
2026-05-29,HPAL,EQ,INE0GSL01024,HP ADHESIVES LIMITED,36.9,37.47,35.79,35.98,36.9,-2.49,65691,2363562.15
2026-05-29,HPIL,EQ,INE05X901010,HINDPRAKASH INDUSTRY LTD,132.84,142.0,130.0,131.8,132.84,-0.78,2743,361527.41
2026-05-29,HPL,EQ,INE495S01016,HPL ELECTRIC & POWER LTD,361.4,368.8,347.05,350.15,372.3,-5.95,509535,178413677.14
2026-05-29,HSCL,EQ,INE019C01026,HIMADRI SPECIALITY CHEM L,611.0,614.15,595.0,606.45,607.2,-0.12,6139031,3723015424.89
2026-05-29,HTMEDIA,EQ,INE501G01024,HT MEDIA LIMITED,22.6,24.1,22.1,22.88,22.36,2.33,431472,9872079.0
2026-05-29,HUBTOWN,EQ,INE703H01016,HUBTOWN LIMITED,206.9,208.9,202.2,205.2,205.93,-0.35,507993,104240162.05
2026-05-29,HUDCO,EQ,INE031A01017,HSG & URBAN DEV CORPN LTD,206.24,207.47,200.6,203.51,206.24,-1.32,1720084,350054285.39
2026-05-29,HUHTAMAKI,EQ,INE275B01026,HUHTAMAKI INDIA LIMITED,167.4,172.49,162.65,163.43,166.44,-1.81,297898,48685467.96
2026-05-29,HYUNDAI,EQ,INE0V6F01027,HYUNDAI MOTOR INDIA LTD,1902.1,2004.6,1890.3,1924.0,1913.6,0.54,20806845,40032369780.0
2026-05-29,IBULLSLTD,EQ,INE126M01010,INDIABULLS LIMITED,20.45,21.09,19.75,21.03,20.09,4.68,10488003,220562710.29
2026-05-29,ICEMAKE,EQ,INE520Y01019,ICE MAKE REFRIGERAT LTD,878.0,906.1,805.0,835.15,877.45,-4.82,101324,84620741.07
2026-05-29,ICICIAMC,EQ,INE346A01027,ICICI PRUDENTIAL AMC LTD,3450.0,3611.0,3385.8,3538.5,3437.2,2.95,680397,2407584784.5
2026-05-29,ICICIB22,EQ,INF109KB15Y7,ICICIPRAMC - BHARATIWIN,124.46,124.46,120.12,120.48,122.02,-1.26,462341,55702845.23
2026-05-29,ICICIBANK,EQ,INE090A01021,ICICI BANK LTD.,1275.1,1287.8,1247.9,1256.4,1272.7,-1.28,31007884,38958306214.63
2026-05-29,ICICIGI,EQ,INE765G01017,ICICI LOMBARD GIC LIMITED,1852.5,1857.1,1739.5,1792.2,1850.6,-3.16,2916778,5227449389.18
2026-05-29,ICICIPRULI,EQ,INE726G01019,ICICI PRU LIFE INS CO LTD,525.0,525.75,498.25,503.95,522.9,-3.62,6149632,3099107121.47
2026-05-29,ICIL,EQ,INE483B01026,INDO COUNT INDUSTRIES LTD,312.0,316.0,305.95,312.1,311.75,0.11,383976,119838911.94
2026-05-29,ICRA,EQ,INE725G01011,ICRA LIMITED,5427.0,5427.0,5350.0,5375.0,5390.0,-0.28,5034,27057750.0
2026-05-29,IDBI,EQ,INE008A01015,IDBI BANK LIMITED,74.1,76.19,73.4,73.83,73.49,0.46,13441911,992416313.74
2026-05-29,IDEA,EQ,INE669E01016,VODAFONE IDEA LIMITED,14.32,14.44,13.87,13.99,14.18,-1.34,846740260,11845896043.6
2026-05-29,IDEAFORGE,EQ,INE349Y01013,IDEAFORGE TECHNO LTD,880.0,880.0,815.3,845.0,845.3,-0.04,375987,317709015.0
2026-05-29,IDFCFIRSTB,EQ,INE092T01019,IDFC FIRST BANK LIMITED,71.81,73.08,70.51,71.32,71.48,-0.22,116119106,8281614604.48
2026-05-29,IDFNIFTYET,EQ,INF194KA1U07,BANDHANAMC - IDFNIFTYET,259.85,264.99,258.1,259.32,262.47,-1.2,2160,560131.22
2026-05-29,IEX,EQ,INE022Q01020,INDIAN ENERGY EXC LTD,126.48,129.8,126.43,128.31,126.59,1.36,7112020,912543268.84
2026-05-29,IFBAGRO,EQ,INE076C01018,IFB AGRO INDUSTRIES LTD,1094.0,1094.0,1020.0,1044.15,1050.55,-0.61,17115,17870627.67
2026-05-29,IFBIND,EQ,INE559A01017,IFB INDUSTRIES LTD,1209.0,1347.0,1188.3,1252.5,1192.0,5.08,912172,1142495430.0
2026-05-29,IFCI,EQ,INE039A01010,IFCI LTD,68.9,70.2,67.75,68.53,68.38,0.22,45005174,3084204519.28
2026-05-29,IFGLEXPOR,EQ,INE133Y01011,IFGL REFRACTORIES LIMITED,173.71,182.39,170.0,174.69,173.71,0.56,52979,9254901.64
2026-05-29,IGARASHI,EQ,INE188B01013,IGARASHI MOTORS INDIA LTD,383.9,389.0,370.1,374.25,382.8,-2.23,45373,16980845.25
2026-05-29,IGCL,EQ,INE05J901018,INDOGULF CROPSCIENCES LTD,64.0,64.0,57.1,58.2,62.74,-7.24,536647,31232855.81
2026-05-29,IGIL,EQ,INE0Q9301021,INTL GEMOLOGICAL INST LTD,370.5,380.4,367.5,371.8,369.9,0.51,1106297,411321211.1
2026-05-29,IGL,EQ,INE203G01027,INDRAPRASTHA GAS LTD,165.9,166.37,158.31,160.47,164.61,-2.52,3052492,489833394.97
2026-05-29,IGPL,EQ,INE204A01010,I G PETROCHEMICALS LTD,440.15,447.0,420.25,425.1,444.8,-4.43,79125,33636037.98
2026-05-29,IIFL,EQ,INE530B01024,IIFL FINANCE LIMITED,480.4,483.55,462.65,466.9,478.35,-2.39,3116222,1454964032.78
2026-05-29,IIFLCAPS,EQ,INE489L01022,IIFL CAPITAL SERVICES LTD,341.1,344.6,338.15,341.4,341.1,0.09,1571170,536397428.41
2026-05-29,IITL,EQ,INE886A01014,INDUSTRIAL INV TRUST LTD,153.63,156.0,145.0,149.36,152.15,-1.83,93551,13972777.42
2026-05-29,IKIO,EQ,INE0LOJ01019,IKIO TECHNOLOGIES LIMITED,156.35,156.8,151.0,152.32,156.31,-2.55,76345,11628870.96
2026-05-29,IKS,EQ,INE115Q01022,INVENTURUS KNOWLEDGE SO L,1644.4,1695.0,1630.0,1675.6,1637.5,2.33,357907,599708960.46
2026-05-29,IMAGICAA,EQ,INE172N01012,IMAGICAAWORLD ENT LTD,44.33,46.75,44.3,44.85,44.33,1.17,1352962,60680343.64
2026-05-29,IMFA,EQ,INE919H01018,INDIAN METALS & FERRO,1485.0,1491.9,1388.1,1446.2,1472.4,-1.78,532050,769450684.02
2026-05-29,IMPAL,EQ,INE547E01014,IND MOTOR PART & ACC LTD,1111.7,1139.6,1077.8,1080.2,1105.1,-2.25,2365,2554672.88
2026-05-29,INA,EQ,INE0LGX01024,INSOLATION ENERGY LIMITED,123.68,129.25,123.0,126.25,121.53,3.88,1306042,164887802.5
2026-05-29,INCREDIBLE,EQ,INE452L01012,INCREDIBLE INDUSTRIES LTD,35.8,36.94,35.06,35.52,36.22,-1.93,1975,70152.0
2026-05-29,INDBANK,EQ,INE841B01017,INDBANK MERCH BANK,33.0,33.75,32.5,32.95,33.37,-1.26,37844,1246959.83
2026-05-29,INDGN,EQ,INE065X01017,INDEGENE LIMITED,523.45,535.0,508.1,521.55,518.9,0.51,582028,303556696.3
2026-05-29,INDHOTEL,EQ,INE053A01029,THE INDIAN HOTELS CO. LTD,669.0,673.2,650.6,654.25,667.7,-2.01,5298646,3466639145.5
2026-05-29,INDIACEM,EQ,INE383A01012,THE INDIA CEMENTS LIMITED,400.1,403.95,376.1,381.95,400.6,-4.66,524636,200384726.6
2026-05-29,INDIAGLYCO,EQ,INE560A01023,INDIA GLYCOLS LTD,1007.0,1007.0,966.2,975.0,1000.8,-2.58,92597,90282075.0
2026-05-29,INDIAMART,EQ,INE933S01016,INDIAMART INTERMESH LTD,2012.0,2028.6,1966.4,2015.7,2020.1,-0.22,131355,264772267.09
2026-05-29,INDIANB,EQ,INE562A01011,INDIAN BANK,837.0,853.95,817.15,833.0,833.35,-0.04,34509165,28746134445.0
2026-05-29,INDIANCARD,EQ,INE061A01014,INDIAN CARD CLOTHING CO.,230.0,235.03,224.5,228.87,223.22,2.53,9407,2152980.04
2026-05-29,INDIANHUME,EQ,INE323C01030,INDIAN HUME PIPE CO. LTD.,316.55,320.0,307.35,311.2,316.55,-1.69,55607,17304899.08
2026-05-29,INDIASHLTR,EQ,INE922K01024,INDIA SHELTER FIN CORP L,787.3,800.0,749.7,763.85,787.3,-2.98,209699,160178576.03
2026-05-29,INDIGO,EQ,INE646L01027,INTERGLOBE AVIATION LTD,4550.0,4555.0,4381.2,4405.0,4570.0,-3.61,1359472,5988474160.0
2026-05-29,INDIGOPNTS,EQ,INE09VQ01012,INDIGO PAINTS LIMITED,999.25,1012.65,972.25,990.9,999.25,-0.84,653666,647717655.36
2026-05-29,INDIQUBE,EQ,INE06ST01018,INDIQUBE SPACES LIMITED,164.99,165.07,157.0,159.38,163.77,-2.68,30054,4790006.67
2026-05-29,INDNIPPON,EQ,INE092B01025,INDIA NIPPON ELECT  LTD,854.0,976.4,840.0,921.2,816.75,12.79,1260773,1161424102.99
2026-05-29,INDOBORAX,EQ,INE803D01021,INDO BORAX & CHEMICAL LTD,330.05,352.55,327.8,344.2,331.05,3.97,273569,94162453.14
2026-05-29,INDOCO,EQ,INE873D01024,INDOCO REMEDIES LTD.,214.7,220.0,208.61,209.66,204.0,2.77,490667,102873245.02
2026-05-29,INDOFARM,EQ,INE622H01018,INDO FARM EQUIPMENT LTD,131.42,132.95,126.11,127.6,131.42,-2.91,76284,9733838.28
2026-05-29,INDORAMA,EQ,INE156A01020,INDO RAMA SYNTHETICS LTD,42.47,42.82,40.6,41.1,41.98,-2.1,285586,11737584.16
2026-05-29,INDOSTAR,EQ,INE896L01010,INDOSTAR CAPITAL FIN LTD,231.0,253.0,231.0,236.37,230.25,2.66,852336,201466656.16
2026-05-29,INDOTECH,EQ,INE332H01014,INDO TECH TRANSFORM LTD.,2530.0,2645.0,2425.6,2516.8,2549.9,-1.3,24220,60956897.18
2026-05-29,INDOTHAI,EQ,INE337M01021,INDO THAI SEC LTD,247.0,251.95,224.15,227.1,246.55,-7.89,1105874,251143992.15
2026-05-29,INDOUS,EQ,INE250Z01010,INDO US BIOTECH LTD,102.98,103.12,98.13,99.8,100.58,-0.78,9993,997301.43
2026-05-29,INDOWIND,EQ,INE227G01018,INDOWIND ENERGY LTD,9.81,10.0,9.5,9.73,9.77,-0.41,202649,1971774.68
2026-05-29,INDRAMEDCO,EQ,INE681B01017,INDRAPRASTHA MEDICAL CORP,392.2,393.7,377.0,380.35,391.8,-2.92,427905,162753669.36
2026-05-29,INDSWFTLAB,EQ,INE915B01019,IND SWIFT LABORATORIES LT,138.0,161.0,138.0,152.11,134.83,12.82,7365010,1120291675.6
2026-05-29,INDTERRAIN,EQ,INE611L01021,IND TERRAIN FASHIONS LTD,32.99,33.9,31.2,31.97,32.78,-2.47,31206,997655.8
2026-05-29,INDUSINDBK,EQ,INE095A01012,INDUSIND BANK LIMITED,930.6,940.2,910.35,914.35,932.3,-1.93,3160610,2889903676.34
2026-05-29,INDUSTOWER,EQ,INE121J01017,INDUS TOWERS LIMITED,438.0,449.4,432.1,442.05,436.25,1.33,14310382,6325904188.41
2026-05-29,INFOBEAN,EQ,INE344S01016,INFOBEANS TECHNO. LTD.,150.04,154.69,148.03,149.17,150.3,-0.75,305094,45510871.42
2026-05-29,INFOMEDIA,EQ,INE669A01022,INFOMEDIA PRESS LIMITED,6.1,6.3,5.85,6.01,6.12,-1.8,38271,230008.72
2026-05-29,INFRA,EQ,INF769K01QB4,MIRAEAMC - INFRA,12.44,12.44,12.16,12.2,12.38,-1.45,96165,1173212.98
2026-05-29,INFRAIETF,EQ,INF109KC16E5,ICICIPRAMC - ICICIINFRA,97.99,98.23,95.58,95.86,97.27,-1.45,151108,14485212.97
2026-05-29,INFY,EQ,INE009A01021,INFOSYS LIMITED,1182.0,1210.0,1153.6,1160.9,1159.9,0.09,69085430,80201277373.66
2026-05-29,INGERRAND,EQ,INE177A01018,INGERSOLL-RAND INDIA LTD,4488.0,4536.1,4316.1,4352.0,4439.6,-1.97,19771,86043392.0
2026-05-29,INNOVACAP,EQ,INE0DUT01020,INNOVA CAPTAB LIMITED,846.2,864.9,837.05,850.4,846.2,0.5,36595,31120388.89
2026-05-29,INNOVANA,EQ,INE403Y01018,INNOVANA THINKLABS LTD,348.8,348.8,328.5,335.6,329.95,1.71,3140,1053784.02
2026-05-29,INNOVISION,EQ,INE0ADB01012,INNOVISION LIMITED,307.55,311.0,304.0,305.7,308.7,-0.97,28940,8846958.35
2026-05-29,INOXGREEN,EQ,INE510W01014,INOX GREEN ENERGY SER LTD,173.58,175.96,170.89,172.41,173.9,-0.86,1176531,202845714.02
2026-05-29,INOXINDIA,EQ,INE616N01034,INOX INDIA LIMITED,1548.7,1555.0,1480.0,1493.6,1524.9,-2.05,226271,337958360.08
2026-05-29,INOXWIND,EQ,INE066P01011,INOX WIND LIMITED,96.79,96.79,92.44,93.02,95.81,-2.91,16314958,1517617338.39
2026-05-29,INSECTICID,EQ,INE070I01018,INSECTICIDES (I) LTD,765.0,765.0,724.0,735.55,765.1,-3.86,44204,32514251.66
2026-05-29,INSPIRISYS,EQ,INE020G01017,INSPIRISYS SOLUTIONS LTD,131.99,131.99,126.37,128.51,127.15,1.07,17626,2265117.16
2026-05-29,INTELLECT,EQ,INE306R01017,INTELLECT DESIGN ARENA,717.7,746.6,707.4,716.85,710.1,0.95,904651,648499047.26
2026-05-29,INTENTECH,EQ,INE781A01025,INTENSE TECHNOLOGIES LTD,98.58,99.82,95.26,96.21,98.09,-1.92,37736,3630580.53
2026-05-29,INTERARCH,EQ,INE00M901018,INTERARCH BLDNG SOLTN LTD,1770.9,1799.9,1741.8,1748.0,1785.8,-2.12,59973,104832804.0
2026-05-29,INTERNET,EQ,INF769K01PB6,MIRAEAMC - INTERNET,12.2,12.46,12.09,12.13,12.4,-2.18,150851,1829822.65
2026-05-29,INTLCONV,EQ,INE575C01027,INTL CONVEYORS LIMITED,78.99,83.0,78.47,82.01,78.46,4.52,104824,8596616.46
2026-05-29,INVENTURE,EQ,INE878H01024,INVENTURE GRO & SEC LTD,0.98,0.98,0.96,0.96,0.97,-1.03,1230998,1181758.05
2026-05-29,IOB,EQ,INE565A01014,INDIAN OVERSEAS BANK,33.88,34.06,33.1,33.42,33.88,-1.36,3503704,117093781.26
2026-05-29,IOC,EQ,INE242A01010,INDIAN OIL CORP LTD,146.0,147.0,139.63,140.24,143.94,-2.57,36212028,5078375005.64
2026-05-29,IOLCP,EQ,INE485C01029,IOL CHEM AND PHARMA LTD,131.9,132.92,128.02,128.98,131.4,-1.84,2824555,364311091.83
2026-05-29,IONEXCHANG,EQ,INE570A01022,ION EXCHANGE (INDIA) LTD,384.1,384.7,360.0,362.05,380.1,-4.75,501475,181559017.63
2026-05-29,IPCALAB,EQ,INE571A01038,IPCA LABORATORIES LTD,1576.9,1618.7,1482.9,1524.4,1572.4,-3.05,979166,1492640674.31
2026-05-29,IPL,EQ,INE0D6701023,INDIA PESTICIDES LIMITED,168.05,169.0,162.5,164.28,168.02,-2.23,207407,34072821.71
2026-05-29,IRB,EQ,INE821I01022,IRB INFRA DEV LTD.,21.85,21.86,21.06,21.16,21.69,-2.44,17478108,369836762.61
2026-05-29,IRCON,EQ,INE962Y01021,IRCON INTERNATIONAL LTD,140.0,140.56,135.7,136.9,139.66,-1.98,2689199,368151326.69
2026-05-29,IRCTC,EQ,INE335Y01020,INDIAN RAIL TOUR CORP LTD,525.45,527.05,503.0,509.85,523.2,-2.55,1654816,843707947.7
2026-05-29,IREDA,EQ,INE202E01016,INDIAN RENEWABLE ENERGY,131.0,135.5,129.57,133.25,130.2,2.34,31424380,4187298635.0
2026-05-29,IRFC,EQ,INE053F01010,INDIAN RAILWAY FIN CORP L,99.24,100.14,97.02,97.51,99.19,-1.69,9652408,941206324.7
2026-05-29,IRIS,EQ,INE864K01010,IRIS REGTECH SOLUTION LTD,264.88,269.81,260.0,260.35,258.29,0.8,14145,3682650.84
2026-05-29,IRISDOREME,EQ,INE01GN01025,IRIS CLOTHINGS LIMITED,36.0,37.4,33.01,35.78,36.31,-1.46,331370,11856418.2
2026-05-29,IRMENERGY,EQ,INE07U701015,IRM ENERGY LIMITED,272.45,273.0,261.8,264.75,271.05,-2.32,417661,110575749.75
2026-05-29,ISFT,EQ,INE566K01011,INTRASOFT TECH. LTD,82.5,85.93,82.5,85.01,85.93,-1.07,13667,1161831.7
2026-05-29,ISGEC,EQ,INE858B01029,ISGEC HEAVY ENG LTD,1037.8,1071.7,923.0,929.8,1032.3,-9.93,295677,274920470.99
2026-05-29,ISHANCH,EQ,INE561M01018,ISHAN DYES N CHEMICALS L,65.0,65.0,60.62,61.36,64.33,-4.62,34811,2136002.98
2026-05-29,IT,EQ,INF174KA1GC5,KOTAKMAMC - KOTAKIT,32.59,32.87,32.0,32.17,32.03,0.44,524273,16865861.45
2026-05-29,ITADD,EQ,INF740KA1SX1,DSPAMC - DSPIT,31.2,31.4,30.71,30.89,30.62,0.88,79940,2469346.55
2026-05-29,ITAXIS,EQ,INF846K01Y96,AXISAMC-ITAXIS,322.24,326.38,318.71,319.69,318.25,0.45,2966,948200.55
2026-05-29,ITBEES,EQ,INF204KB15V2,NIP IND ETF IT,32.31,32.95,32.16,32.27,32.06,0.66,19888606,641805324.72
2026-05-29,ITBETA,EQ,INF789F1AZD8,UTIAMC-ITBETA,307.95,312.0,303.94,309.05,302.89,2.03,3533,1091873.61
2026-05-29,ITC,EQ,INE154A01025,ITC LTD,292.0,292.4,285.9,286.9,291.95,-1.73,31930439,9160842754.21
2026-05-29,ITCHOTELS,EQ,INE379A01028,ITC HOTELS LIMITED,158.0,159.8,153.99,154.85,156.43,-1.01,4153816,643218432.95
2026-05-29,ITDC,EQ,INE353K01014,INDIA TOUR. DEV. CO. LTD.,550.0,554.0,535.1,543.4,549.25,-1.07,22555,12256387.55
2026-05-29,ITETF,EQ,INF769K01KV5,MIRAEAMC - ITETF,31.11,31.42,30.65,30.89,30.57,1.05,1133947,35027622.14
2026-05-29,ITI,EQ,INE248A01017,ITI LTD,307.15,313.65,297.15,300.4,301.4,-0.33,1947665,585078554.11
2026-05-29,ITIETF,EQ,INF109KC16I6,ICICIPRAMC - ICICITECH,32.53,32.94,32.2,32.36,32.09,0.84,1576842,51026608.08
2026-05-29,IVALUE,EQ,INE056801025,IVALUE INFOSOLUTIONS LTD,255.0,256.15,239.25,243.7,243.75,-0.02,169276,41252560.68
2026-05-29,IVC,EQ,INE050B01023,IL&FS INVESTMENT MANAGERS,7.66,7.9,7.66,7.77,7.66,1.44,164567,1278685.59
2026-05-29,IVZINGOLD,EQ,INF205KA1BP1,INVESCO INDIA GOLD ETF,137.9,137.9,133.1,135.2,135.7,-0.37,15218,2057473.55
2026-05-29,IVZINNIFTY,EQ,INF205KA1CC7,INVESCO INDIA NIFTY ETF,2662.09,2738.38,2662.09,2695.27,2730.35,-1.28,185,498624.95
2026-05-29,IXIGO,EQ,INE0HV901016,LE TRAVENUES TECHNOLOGY L,165.12,171.73,165.12,168.36,164.44,2.38,2016973,339577575.51
2026-05-29,IZMO,EQ,INE848A01014,IZMO LIMITED,750.9,750.9,750.9,750.9,715.15,5.0,101014,75851415.07
2026-05-29,J&KBANK,EQ,INE168A01041,J & K BANK LTD.,143.6,144.36,139.5,140.36,143.88,-2.45,3114207,437110096.42
2026-05-29,JAGRAN,EQ,INE199G01027,JAGRAN PRAKASHAN LIMITED,75.25,78.3,74.48,74.93,70.05,6.97,7083803,530789360.95
2026-05-29,JAGSNPHARM,EQ,INE048B01035,JAGSONPAL PHARMACEUTICALS,210.0,212.9,206.0,206.6,209.02,-1.16,43254,8936276.66
2026-05-29,JAIBALAJI,EQ,INE091G01026,JAI BALAJI INDUSTRIES LTD,71.85,72.9,71.1,72.37,72.76,-0.54,353699,25597197.6
2026-05-29,JAICORPLTD,EQ,INE070D01027,JAI CORP LIMITED,118.67,119.8,115.47,115.93,118.64,-2.28,321800,37306274.1
2026-05-29,JAINREC,EQ,INE0YD401026,JAIN RESOURCE RECYCLING L,396.05,398.65,370.0,373.55,396.15,-5.7,1691300,631785094.35
2026-05-29,JAIPURKURT,EQ,INE696V01013,NANDANI CREATION LIMITED,33.0,33.93,31.9,32.13,33.44,-3.92,8739,280784.08
2026-05-29,JAMNAAUTO,EQ,INE039C01032,JAMNA AUTO IND LTD,124.55,134.0,123.5,127.67,123.92,3.03,14745250,1882526040.5
2026-05-29,JARO,EQ,INE00YJ01010,JARO INS OF TEC MG N RE L,568.05,573.45,560.0,562.3,567.6,-0.93,78656,44228267.84
2026-05-29,JASH,EQ,INE039O01029,JASH ENGINEERING LIMITED,423.95,425.3,401.0,402.9,423.25,-4.81,114484,46125602.9
2026-05-29,JAYAGROGN,EQ,INE785A01026,JAYANT AGRO ORGANICS LTD,221.0,229.8,220.0,224.47,219.3,2.36,11711,2628768.18
2026-05-29,JAYBARMARU,EQ,INE571B01036,JAY BHARAT MARUTI LTD,114.99,116.9,111.35,112.03,113.68,-1.45,420810,47143343.79
2026-05-29,JAYKAY,EQ,INE903A01025,JAYKAY ENTERPRISES LTD,205.0,207.89,171.16,172.93,213.94,-19.17,2575642,445405752.2
2026-05-29,JAYNECOIND,EQ,INE854B01010,JAYASWAL NECO INDUSTR LTD,105.05,105.88,101.5,102.34,104.51,-2.08,3618727,370340507.93
2026-05-29,JAYSREETEA,EQ,INE364A01020,JAYSHREE TEA & INDUSTRIES,84.6,85.39,82.64,83.32,83.9,-0.69,39525,3293222.99
2026-05-29,JBMA,EQ,INE927D01051,JBM AUTO LIMITED,643.0,657.5,616.15,621.45,640.8,-3.02,680048,422615837.9
2026-05-29,JETFREIGHT,EQ,INE982V01025,JET FREIGHT LOGISTICS LTD,23.0,23.8,22.69,22.91,22.56,1.55,516101,11823873.83
2026-05-29,JGCHEM,EQ,INE0MB501011,J.G.CHEMICALS LIMITED,406.45,453.7,404.2,436.2,405.7,7.52,807267,352129875.25
2026-05-29,JHS,EQ,INE544H01014,JHS SVEND. LAB. LTD,9.3,9.3,9.0,9.03,9.3,-2.9,26133,235980.98
2026-05-29,JINDALPHOT,EQ,INE796G01012,JINDAL PHOTO LIMITED,1029.7,1045.9,995.0,1001.3,1012.6,-1.12,4301,4306591.25
2026-05-29,JINDALPOLY,EQ,INE197D01010,JINDAL POLY FILMS LIMITED,704.7,714.45,671.15,678.35,704.7,-3.74,18137,12303233.51
2026-05-29,JINDALSAW,EQ,INE324A01032,JINDAL SAW LIMITED,248.0,251.7,240.18,247.09,246.07,0.41,4042280,998806950.4
2026-05-29,JINDALSTEL,EQ,INE749A01030,JINDAL STEEL LIMITED,1227.0,1230.5,1191.7,1207.2,1220.6,-1.1,4256869,5138892048.95
2026-05-29,JINDRILL,EQ,INE742C01031,JINDAL DRILLING IND. LTD,620.0,620.55,588.65,593.15,613.85,-3.37,571546,339012523.85
2026-05-29,JINDWORLD,EQ,INE247D01039,JINDAL WORLDWIDE LTD,30.8,32.76,29.8,30.25,30.89,-2.07,6798103,205642615.75
2026-05-29,JIOFIN,EQ,INE758E01017,JIO FIN SERVICES LTD,244.0,245.15,238.05,238.95,242.89,-1.62,22534996,5384737225.43
2026-05-29,JISLDVREQS,EQ,IN9175A01010,JAIN DVR EQUITY SHARES,24.02,24.53,23.65,23.65,24.6,-3.86,3601,85163.65
2026-05-29,JISLJALEQS,EQ,INE175A01038,JAIN IRRIGATION SYSTEMS,30.37,30.6,29.55,29.85,30.35,-1.65,2017186,60213002.87
2026-05-29,JITFINFRA,EQ,INE863T01013,JITF INFRALOGISTICS LTD,299.0,308.75,294.3,308.75,294.05,5.0,20192,6234280.0
2026-05-29,JKCEMENT,EQ,INE823G01014,JK CEMENT LIMITED,5302.0,5316.0,5125.0,5171.0,5301.0,-2.45,103183,533559293.0
2026-05-29,JKIL,EQ,INE576I01022,JKUMAR INFR.LTD.,504.0,511.5,500.0,502.75,503.75,-0.2,70382,35384550.5
2026-05-29,JKIPL,EQ,INE1FF001016,JINKUSHAL INDUSTRIES LTD,82.0,89.65,82.0,89.64,85.39,4.98,27252,2442869.26
2026-05-29,JKLAKSHMI,EQ,INE786A01032,JK LAKSHMI CEMENT LTD,603.6,609.9,584.0,590.35,604.0,-2.26,140934,83200383.46
2026-05-29,JKPAPER,EQ,INE789E01012,JK PAPER LIMITED,383.9,388.0,365.3,369.15,382.45,-3.48,354162,130738900.14
2026-05-29,JKTYRE,EQ,INE573A01042,JK TYRE & INDUSTRIES LTD,415.4,417.3,405.5,408.0,413.3,-1.28,1552369,633366552.0
2026-05-29,JLHL,EQ,INE682M01020,JUPITER LIFE LINE HOSP L,267.58,271.44,262.56,265.42,265.22,0.08,235740,62570113.97
2026-05-29,JMA,EQ,INE412C01023,JULLUNDUR MOT AGENCY LTD,91.99,92.4,87.5,88.06,90.56,-2.76,21065,1854983.85
2026-05-29,JMFINANCIL,EQ,INE780C01023,JM FINANCIAL LIMITED,132.15,133.9,129.0,130.36,131.5,-0.87,2377331,309908870.61
2026-05-29,JNKINDIA,EQ,INE0OAF01028,JNK INDIA LIMITED,392.9,393.0,363.35,369.8,381.9,-3.17,469584,173652157.47
2026-05-29,JOCIL,EQ,INE839G01010,JOCIL LIMITED,149.8,152.8,145.0,147.5,151.12,-2.4,27340,4032650.0
2026-05-29,JPOLYINVST,EQ,INE147P01019,JIND POL INV & FIN CO LTD,978.0,1056.8,978.0,1013.6,1010.9,0.27,5759,5837322.26
2026-05-29,JPPOWER,EQ,INE351F01018,JAIPRAKASH POWER VEN. LTD,24.5,24.5,21.7,21.87,22.87,-4.37,656884514,14366064872.46
2026-05-29,JSFB,EQ,INE953L01027,JANA SMALL FIN BANK LTD,488.5,501.0,487.0,495.25,488.25,1.43,452606,224153121.5
2026-05-29,JSL,EQ,INE220G01021,JINDAL STAINLESS LIMITED,727.0,727.2,676.05,685.1,722.2,-5.14,3368094,2307481117.17
2026-05-29,JSLL,EQ,INE0J5801029,JEENA SIKHO LIFECARE LTD,635.95,639.7,599.55,614.95,626.3,-1.81,730284,449088154.71
2026-05-29,JSWCEMENT,EQ,INE718I01012,JSW CEMENT LIMITED,131.49,133.19,128.57,129.63,130.73,-0.84,3731743,483745863.31
2026-05-29,JSWDULUX,EQ,INE133A01011,JSW DULUX LIMITED,2905.0,3170.6,2905.0,3151.8,2905.6,8.47,377196,1188846371.22
2026-05-29,JSWENERGY,EQ,INE121E01018,JSW ENERGY LIMITED,606.0,617.35,592.1,595.05,602.05,-1.16,11039282,6568924619.34
2026-05-29,JSWHL,EQ,INE824G01012,JSW HOLDINGS LIMITED,12498.0,13232.0,12498.0,13177.0,12602.0,4.56,19909,262340893.0
2026-05-29,JSWINFRA,EQ,INE880J01026,JSW INFRASTRUCTURE LTD,280.0,284.0,272.1,275.3,279.55,-1.52,2487702,684864330.23
2026-05-29,JSWSTEEL,EQ,INE019A01038,JSW STEEL LIMITED,1309.5,1312.2,1270.3,1278.0,1309.3,-2.39,3129836,3999930408.0
2026-05-29,JTEKTINDIA,EQ,INE643A01035,JTEKT INDIA LIMITED,132.99,135.9,130.5,131.42,132.29,-0.66,248099,32605170.13
2026-05-29,JTLIND,EQ,INE391J01032,JTL INDUSTRIES LIMITED,69.21,70.07,68.51,69.0,70.12,-1.6,772605,53309745.0
2026-05-29,JUBLCPL,EQ,INE03CC01015,JUBILANT AGRI N CON PRO L,1822.0,1847.7,1778.0,1790.1,1848.0,-3.13,6193,11086089.15
2026-05-29,JUBLFOOD,EQ,INE797F01020,JUBILANT FOODWORKS LTD,427.0,437.75,422.15,427.5,427.3,0.05,41607027,17787004042.5
2026-05-29,JUBLINGREA,EQ,INE0BY001018,JUBILANT INGREVIA LIMITED,683.85,687.35,636.0,646.2,680.45,-5.03,590562,381621171.61
2026-05-29,JUBLPHARMA,EQ,INE700A01033,JUBILANT PHARMOVA LTD,993.0,1002.65,978.55,995.0,991.75,0.33,149716,148967420.0
2026-05-29,JUNIORBEES,EQ,INF732E01045,NIP IND ETF JUNIOR BEES,759.61,780.89,759.61,767.86,775.11,-0.94,718861,551984596.93
2026-05-29,JUNIPER,EQ,INE696F01016,JUNIPER HOTELS LIMITED,199.9,199.9,194.5,197.14,196.83,0.16,88739,17494006.41
2026-05-29,JUSTDIAL,EQ,INE599M01018,JUSTDIAL LTD.,534.5,539.2,521.1,524.6,534.5,-1.85,108499,56918572.75
2026-05-29,JWL,EQ,INE209L01016,JUPITER WAGONS LIMITED,300.05,303.65,287.05,290.75,298.5,-2.6,2893884,841396773.0
2026-05-29,JYOTHYLAB,EQ,INE668F01031,JYOTHY LABS LIMITED,210.4,212.25,203.0,204.55,208.6,-1.94,794961,162609274.98
2026-05-29,JYOTICNC,EQ,INE980O01024,JYOTI CNC AUTOMATION LTD,660.25,670.0,587.0,596.0,656.95,-9.28,10148134,6048287864.0
2026-05-29,JYOTISTRUC,EQ,INE197A01024,JYOTI STRUCTURES LTD,13.28,13.38,12.86,12.95,13.14,-1.45,7515710,97328443.07
2026-05-29,KABRAEXTRU,EQ,INE900B01029,KABRA EXTRUSION TECHNIK L,222.01,224.13,212.72,215.66,227.97,-5.4,55619,11994793.74
2026-05-29,KAJARIACER,EQ,INE217B01036,KAJARIA CERAMICS LTD,1086.7,1099.0,1060.5,1072.6,1081.4,-0.81,375752,403031586.03
2026-05-29,KAKATCEM,EQ,INE437B01014,KAKATIYA CEM SUGAR &IND L,124.37,127.75,119.0,126.41,124.0,1.94,5158,652022.8
2026-05-29,KALAMANDIR,EQ,INE438K01021,SAI SILKS (KALAMANDIR) L,109.0,112.0,108.51,109.73,109.87,-0.13,614571,67436877.89
2026-05-29,KALPATARU,EQ,INE227J01012,KALPATARU LIMITED,332.5,332.5,328.0,329.15,334.15,-1.5,22628,7448006.06
2026-05-29,KALYANKJIL,EQ,INE303R01014,KALYAN JEWELLERS IND LTD,354.95,365.9,350.45,355.05,354.75,0.08,52597584,18674771557.14
2026-05-29,KAMATHOTEL,EQ,INE967C01018,KAMAT HOTELS (I) LTD,174.0,185.18,168.21,180.9,169.4,6.79,212151,38378114.61
2026-05-29,KAMOPAINTS,EQ,INE0BTI01037,KAMDHENU VENTURES LIMITED,5.38,5.38,5.12,5.21,5.36,-2.8,425140,2214979.42
2026-05-29,KANANIIND,EQ,INE879E01037,KANANI INDUSTRIES LTD,1.56,1.57,1.54,1.56,1.55,0.65,100479,156747.23
2026-05-29,KANPRPLA,EQ,INE694E01014,KANPUR PLASTIPACK LIMITED,205.19,205.19,198.04,200.07,198.15,0.97,4244,849097.11
2026-05-29,KANSAINER,EQ,INE531A01024,KANSAI NEROLAC PAINTS LTD,220.4,222.5,217.0,218.06,218.34,-0.13,486286,106039523.97
2026-05-29,KAPSTON,EQ,INE542Z01028,KAPSTON SERVICES LIMITED,350.5,363.8,345.0,349.65,346.5,0.91,64820,22664312.6
2026-05-29,KARMAENG,EQ,INE725L01011,KARMA ENERGY LIMITED,46.86,46.86,45.12,45.73,45.94,-0.46,3702,169292.46
2026-05-29,KARURVYSYA,EQ,INE036D01028,KARUR VYSYA BANK LTD,296.7,296.8,287.0,288.75,294.05,-1.8,2006790,579460612.5
2026-05-29,KAYNES,EQ,INE918Z01012,KAYNES TECHNOLOGY IND LTD,3258.8,3269.0,3122.5,3133.6,3229.6,-2.97,1268705,3975614111.9
2026-05-29,KCP,EQ,INE805C01028,KCP LTD,165.5,174.0,161.25,164.53,161.7,1.75,763591,125633626.3
2026-05-29,KDDL,EQ,INE291D01011,KDDL LIMITED,2749.8,2845.0,2714.0,2778.0,2705.9,2.66,50725,140914050.0
2026-05-29,KEC,EQ,INE389H01022,KEC INTL. LIMITED,507.25,507.35,495.1,499.65,502.5,-0.57,744063,371771073.41
2026-05-29,KECL,EQ,INE134B01017,KIRLOSKAR ELECTRIC CO LTD,117.71,117.71,117.71,117.71,120.11,-2.0,10973,1291631.82
2026-05-29,KEEPLEARN,EQ,INE055C01020,DSJ KEEP LEARNING LTD,2.11,2.17,2.05,2.08,2.11,-1.42,52225,108628.0
2026-05-29,KEI,EQ,INE878B01027,KEI INDUSTRIES LTD.,5474.9,5476.3,5230.0,5267.5,5446.2,-3.28,348840,1837514700.0
2026-05-29,KELLTONTEC,EQ,INE164B01030,KELLTON TECH SOL LTD,16.76,16.94,16.15,16.63,16.76,-0.78,4104739,68261806.13
2026-05-29,KENNAMET,EQ,INE717A01029,KENNAMETAL INDIA LIMITED,2960.0,3010.0,2861.3,2895.6,2965.0,-2.34,7287,21100237.91
2026-05-29,KERNEX,EQ,INE202H01019,KERNEX MICROSYS(I) LTD,1520.0,1747.0,1467.0,1689.9,1485.5,13.76,2204926,3726104501.23
2026-05-29,KEYFINSERV,EQ,INE681C01015,KEYNOTE FIN SERV LTD.,267.3,287.95,267.3,274.85,275.15,-0.11,2274,625008.91
2026-05-29,KFINTECH,EQ,INE138Y01010,KFIN TECHNOLOGIES LIMITED,851.2,876.9,849.55,857.75,848.15,1.13,1492069,1279822184.75
2026-05-29,KHAICHEM,EQ,INE745B01028,KHAITAN CHEM & FERT LTD,56.48,56.48,53.7,55.08,56.17,-1.94,93538,5152073.21
2026-05-29,KHAITANLTD,EQ,INE731C01018,KHAITAN (INDIA)LTD.,137.5,137.5,131.23,136.0,136.51,-0.37,1371,186456.0
2026-05-29,KHANDSE,EQ,INE060B01014,KHANDWALA SECURITIES LTD,17.75,18.48,17.01,17.65,18.07,-2.32,7480,132022.0
2026-05-29,KICL,EQ,INE029L01018,KALYANI INVEST CO LTD,5124.1,5235.0,5030.1,5044.4,5117.8,-1.43,3695,18639057.64
2026-05-29,KIMS,EQ,INE967H01025,KRISHNA INST OF MED SCI L,785.0,787.9,751.1,758.85,784.45,-3.26,361245,274130759.43
2026-05-29,KINGFA,EQ,INE473D01015,KINGFA SCI & TEC IND LTD.,5601.5,5699.4,5325.0,5473.4,5540.5,-1.21,13939,76293721.24
2026-05-29,KIOCL,EQ,INE880L01014,KIOCL LIMITED,408.45,409.0,390.1,396.7,416.1,-4.66,393856,156242680.01
2026-05-29,KIRIINDUS,EQ,INE415I01015,KIRI INDUSTRIES LIMITED,404.0,420.0,401.1,412.0,399.85,3.04,397466,163755992.0
2026-05-29,KIRLFER,EQ,INE884B01025,KIRLOSKAR FERROUS IND LTD,446.4,450.75,430.0,435.1,446.4,-2.53,71633,31167518.74
2026-05-29,KIRLOSBROS,EQ,INE732A01036,KIRLOSKAR BROTHERS LTD,1670.0,1734.8,1610.0,1633.0,1652.4,-1.17,220787,360545171.0
2026-05-29,KIRLOSENG,EQ,INE146L01010,KIRLOSKAR OIL ENG LTD,1834.5,1943.7,1821.9,1928.0,1830.0,5.36,1104553,2129578184.0
2026-05-29,KIRLOSIND,EQ,INE250A01039,KIRLOSKAR INDUSTRIES LTD,3213.1,3216.4,3120.0,3139.1,3197.2,-1.82,4112,12907979.6
2026-05-29,KIRLPNU,EQ,INE811A01038,KIRLOSKAR PNEUMATIC COM L,821.0,833.0,772.75,787.15,821.9,-4.23,441192,347284293.57
2026-05-29,KISSHT,EQ,INE12F801023,ONEMI TECHNOLOGY SOL LTD,273.0,281.59,267.14,272.46,261.98,4.0,5366954,1462280240.98
2026-05-29,KITEX,EQ,INE602G01020,KITEX GARMENTS LTD,161.51,164.07,161.19,161.48,161.19,0.18,495281,79977973.76
2026-05-29,KKCL,EQ,INE401H01017,KEWAL KIRAN CLOTHING LTD,438.95,441.0,432.0,434.5,438.65,-0.95,13626,5920497.0
2026-05-29,KMEW,EQ,INE0CJD01029,KNOWLEDGE MARINE & EN W L,2030.0,2048.0,1902.0,1918.3,2050.2,-6.43,197103,378102694.52
2026-05-29,KMSUGAR,EQ,INE157H01023,K M SUGAR MILLS LTD,27.16,27.83,27.0,27.04,27.36,-1.17,114970,3108788.91
2026-05-29,KNAGRI,EQ,INE0KNW01016,KN AGRI RESOURCES LIMITED,191.73,195.4,186.58,191.74,189.57,1.14,41230,7905440.43
2026-05-29,KNRCON,EQ,INE634I01029,KNR CONSTRU LTD.,131.8,132.79,124.1,126.66,131.69,-3.82,1264802,160199825.95
2026-05-29,KOHINOOR,EQ,INE080B01012,KOHINOOR FOODS LIMITED,25.28,25.79,25.26,25.52,25.28,0.95,93276,2380403.56
2026-05-29,KOKUYOCMLN,EQ,INE760A01029,KOKUYO CAMLIN LIMITED,86.3,87.69,84.29,85.12,87.65,-2.89,32161,2737544.41
2026-05-29,KOLTEPATIL,EQ,INE094I01018,KOLTE PATIL DEV. LTD.,375.0,380.35,363.35,366.65,377.1,-2.77,31576,11577340.21
2026-05-29,KOPRAN,EQ,INE082A01010,KOPRAN LTD,194.5,219.0,194.05,206.27,193.58,6.56,3854785,795126518.42
2026-05-29,KOTAKBANK,EQ,INE237A01036,KOTAK MAHINDRA BANK LTD,388.85,392.55,381.25,384.2,388.7,-1.16,40109830,15410197175.62
2026-05-29,KOTHARIPET,EQ,INE720A01015,KOTHARI PETROCHEM LTD,126.0,128.39,122.26,123.13,126.12,-2.37,68150,8391309.31
2026-05-29,KOTHARIPRO,EQ,INE823A01017,KOTHARI PRODUCTS LTD,74.0,77.95,73.21,76.27,73.95,3.14,64909,4950609.21
2026-05-29,KOVAI,EQ,INE177F01017,KOVAI MEDICAL CENTER & HO,5400.0,5540.0,5340.0,5360.5,5392.0,-0.58,11272,60423556.0
2026-05-29,KPEL,EQ,INE127T01021,K.P. ENERGY LIMITED,371.45,375.0,356.0,357.6,369.7,-3.27,285713,102170970.54
2026-05-29,KPIGREEN,EQ,INE542W01025,KPI GREEN ENERGY LIMITED,434.0,442.9,410.0,420.95,435.85,-3.42,856374,360490645.75
2026-05-29,KPIL,EQ,INE220B01022,KALPATARU PROJECT INT LTD,1279.7,1322.7,1269.9,1305.0,1274.4,2.4,382079,498613095.0
2026-05-29,KPITTECH,EQ,INE04I401011,KPIT TECHNOLOGIES LIMITED,778.0,793.95,764.35,771.95,771.8,0.02,1432401,1105741969.44
2026-05-29,KPRMILL,EQ,INE930H01031,KPR MILL LTD.,937.55,988.2,930.55,966.5,937.55,3.09,317957,307305440.5
2026-05-29,KRBL,EQ,INE001B01026,KRBL LIMITED,361.45,367.55,345.3,350.2,360.25,-2.79,645080,225907023.87
2026-05-29,KREBSBIO,EQ,INE268B01013,KREBS BIOCHEMICALS & IND,68.0,71.25,64.75,65.16,68.14,-4.37,23975,1562211.09
2026-05-29,KRIDHANINF,EQ,INE524L01026,KRIDHAN INFRA LIMITED,3.07,3.2,3.05,3.09,3.07,0.65,46384,143326.56
2026-05-29,KRISHANA,EQ,INE506W01020,KRISHANA PHOSCHEM LIMITED,138.0,138.4,132.69,133.62,136.22,-1.91,825910,110358090.17
2026-05-29,KRISHIVAL,EQ,INE0GGO01015,KRISHIVAL FOODS LIMITED,398.0,400.0,396.55,398.9,397.85,0.26,2260,901513.99
2026-05-29,KRISHNADEF,EQ,INE0J5601015,KRISHNA DEF AND ALD IND L,1141.3,1150.0,1092.0,1101.5,1141.3,-3.49,150077,165309815.5
2026-05-29,KRITI,EQ,INE479D01038,KRITI INDUSTRIES IND LTD,71.57,74.5,70.0,71.73,72.4,-0.93,27408,1965975.93
2026-05-29,KRITIKA,EQ,INE00Z501029,KRITIKA WIRES LIMITED,6.14,6.29,6.01,6.12,6.16,-0.65,101643,622055.15
2026-05-29,KRITINUT,EQ,INE798K01010,KRITI NUTRIENTS LIMITED,96.0,97.84,92.71,94.5,97.23,-2.81,21996,2078622.0
2026-05-29,KRN,EQ,INE0Q3J01015,KRN HEAT EXCHANGE N REF L,1136.0,1139.0,1103.0,1107.3,1123.3,-1.42,107530,119067974.25
2026-05-29,KROSS,EQ,INE0O6601022,KROSS LIMITED,192.05,194.84,190.05,190.83,191.09,-0.14,251822,48055192.72
2026-05-29,KRSNAA,EQ,INE08LI01020,KRSNAA DIAGNOSTICS LTD,546.5,563.0,533.0,549.45,538.45,2.04,195633,107490554.24
2026-05-29,KRYSTAL,EQ,INE0QN801017,KRYSTAL INTEGRATED SER L,582.55,589.55,577.0,578.75,583.05,-0.74,8028,4646205.0
2026-05-29,KSB,EQ,INE999A01023,KSB LIMITED,813.6,825.9,784.0,789.9,813.6,-2.91,297734,235180093.87
2026-05-29,KSCL,EQ,INE455I01029,KAVERI SEED CO. LTD.,895.0,903.45,860.0,866.6,899.7,-3.68,279086,241855920.79
2026-05-29,KSHINTL,EQ,INE987S01020,KSH INTERNATIONAL LIMITED,835.0,857.35,784.3,793.15,825.35,-3.9,643724,510569706.32
2026-05-29,KSHITIJPOL,EQ,INE013801027,KSHITIJ POLYLINE LIMITED,4.6,4.74,4.52,4.74,4.52,4.87,3013513,14284050.93
2026-05-29,KSL,EQ,INE907A01026,KALYANI STEELS LIMITED,859.0,859.0,815.4,826.25,858.2,-3.72,51575,42613843.75
2026-05-29,KSOLVES,EQ,INE0D6I01023,KSOLVES INDIA LIMITED,280.8,291.35,280.55,285.25,280.8,1.58,43039,12276874.75
2026-05-29,KTKBANK,EQ,INE614B01018,KARNATAKA BANK LIMITED,272.9,278.4,267.05,269.35,271.85,-0.92,3485669,938864966.42
2026-05-29,KUANTUM,EQ,INE529I01021,KUANTUM PAPERS LIMITED,77.99,79.28,74.71,75.58,77.21,-2.11,147844,11174049.79
2026-05-29,KWIL,EQ,INE2KCE01013,KWALITY WALL'S (INDIA) L,26.1,27.57,26.02,26.99,26.33,2.51,16578757,447460647.64
2026-05-29,LAGNAM,EQ,INE548Z01017,LAGNAM SPINTEX LIMITED,81.39,81.39,77.13,77.51,79.45,-2.44,3029,234777.8
2026-05-29,LAL,EQ,INE740X01023,LORENZINI APPARELS LTD,6.91,7.19,6.91,7.09,6.9,2.75,61429,435531.62
2026-05-29,LALPATHLAB,EQ,INE600L01024,DR. LAL PATH LABS LTD.,1617.0,1638.1,1585.9,1607.4,1617.2,-0.61,414912,666929558.93
2026-05-29,LAMBODHARA,EQ,INE112F01022,LAMBODHARA TEXTILES LTD.,103.0,105.45,99.15,100.82,103.51,-2.6,18665,1881805.29
2026-05-29,LANDMARK,EQ,INE559R01029,LANDMARK CARS LIMITED,366.05,384.5,366.05,379.35,364.0,4.22,270261,102523512.0
2026-05-29,LANDSMILL,EQ,INE688J01023,LANDSMILL GREEN LIMITED,0.92,0.98,0.89,0.9,0.92,-2.17,5344672,4810204.67
2026-05-29,LAOPALA,EQ,INE059D01020,LA OPALA RG LIMITED,182.3,183.9,178.0,179.33,182.31,-1.63,61241,10982348.64
2026-05-29,LATENTVIEW,EQ,INE0I7C01011,LATENT VIEW ANALYTICS LTD,317.0,331.2,317.0,322.55,316.9,1.78,1551946,500580163.36
2026-05-29,LATTEYS,EQ,INE262Z01023,LATTEYS INDUSTRIES LTD,24.0,24.0,22.82,23.15,23.83,-2.85,46694,1080966.08
2026-05-29,LAURUSLABS,EQ,INE947Q01028,LAURUS LABS LIMITED,1383.0,1393.4,1356.4,1362.0,1381.7,-1.43,1775559,2418311358.0
2026-05-29,LAXMICOT,EQ,INE801V01019,LAXMI COTSPIN LIMITED,13.31,14.47,13.31,13.69,13.93,-1.72,17268,236398.91
2026-05-29,LAXMIDENTL,EQ,INE0WO601020,LAXMI DENTAL LIMITED,243.57,244.97,230.35,232.55,243.13,-4.35,178764,41571568.75
2026-05-29,LAXMIINDIA,EQ,INE06WU01026,LAXMI INDIA FINANCE LTD,113.0,114.9,111.02,113.24,112.92,0.28,55596,6295690.92
2026-05-29,LCCINFOTEC,EQ,INE938A01021,LCC INFOTECH LTD,4.03,4.39,4.0,4.39,4.19,4.77,28839,126603.21
2026-05-29,LEMERITE,EQ,INE0G1L01025,LE MERITE EXPORTS LIMITED,38.05,42.0,38.05,38.05,40.05,-4.99,1550858,59010145.72
2026-05-29,LEMONTREE,EQ,INE970X01018,LEMON TREE HOTELS LTD,121.0,121.98,113.17,113.95,119.58,-4.71,7558587,861300965.58
2026-05-29,LENSKART,EQ,INE956O01016,LENSKART SOLUTIONS LTD,519.5,531.6,518.55,523.85,521.0,0.55,3942099,2065068464.91
2026-05-29,LEXUS,EQ,INE500X01013,LEXUS GRANITO (INDIA) LTD,19.17,19.5,17.76,17.77,18.69,-4.92,155884,2770058.75
2026-05-29,LFIC,EQ,INE850E01012,LAKSHMI FIN IND CORP LTD,148.55,150.0,143.55,145.38,151.35,-3.94,2969,431633.23
2026-05-29,LGBBROSLTD,EQ,INE337A01034,LG BALAKRISHNAN & BROS,1561.0,1561.0,1505.0,1512.5,1545.8,-2.15,25784,38998300.0
2026-05-29,LGEINDIA,EQ,INE324D01010,LG ELECTRONICS INDIA LTD,1533.0,1533.0,1500.0,1523.9,1526.3,-0.16,618907,943152392.41
2026-05-29,LGHL,EQ,INE258Y01016,LAXMI GOLDORNA HOUSE LTD,226.85,244.9,226.85,236.45,232.65,1.63,24658,5830384.02
2026-05-29,LIBAS,EQ,INE908V01012,LIBAS CONSU PRODUCTS LTD,12.74,12.75,12.02,12.43,12.49,-0.48,21242,264038.07
2026-05-29,LIBERTSHOE,EQ,INE557B01019,LIBERTY SHOES LTD,245.0,253.5,242.0,243.75,244.05,-0.12,35813,8729418.75
2026-05-29,LICHSGFIN,EQ,INE115A01026,LIC HOUSING FINANCE LTD,559.0,564.95,531.05,533.15,556.45,-4.19,1618769,863046731.87
2026-05-29,LICI,EQ,INE0J1Y01017,LIFE INSURA CORP OF INDIA,417.6,421.45,410.0,411.35,415.0,-0.88,5247712,2158646363.23
2026-05-29,LICMFGOLD,EQ,INF767K01SM1,LIC MF - LIC GOLD ETF,140.25,141.0,139.5,140.0,140.2,-0.14,59326,8305640.0
2026-05-29,LICNETFGSC,EQ,INF767K01MV5,LICNAMC - LICNMFET,28.79,29.1,28.59,28.77,28.79,-0.07,36967,1063540.61
2026-05-29,LICNETFN50,EQ,INF767K01OS7,LICNAMC - LICNFENGP,267.0,267.67,261.86,263.66,266.27,-0.98,1090,287389.4
2026-05-29,LICNETFSEN,EQ,INF767K01OT5,LICNAMC - LICNFESGP,850.96,852.94,837.4,841.03,851.54,-1.23,54,45415.62
2026-05-29,LICNFNHGP,EQ,INF767K01PC8,LICNAMC - LICNFNHGP,273.25,273.69,268.0,268.9,273.42,-1.65,274,73678.6
2026-05-29,LICNMID100,EQ,INF767K01RN1,LICNAMC - LICNMID100,62.89,63.06,62.0,62.09,62.58,-0.78,6939,430842.51
2026-05-29,LIKHITHA,EQ,INE060901027,LIKHITHA INFRASTRUC LTD,187.0,191.0,185.92,188.13,195.7,-3.87,74045,13930086.21
2026-05-29,LINC,EQ,INE802B01027,LINC LIMITED,101.9,103.49,98.6,99.39,98.13,1.28,56158,5581543.59
2026-05-29,LINCOLN,EQ,INE405C01035,LINCOLN PHARMA LTD,687.95,697.85,620.0,632.95,758.15,-16.51,545069,345001430.2
2026-05-29,LINDEINDIA,EQ,INE473A01011,LINDE INDIA LIMITED,7380.0,7638.0,7136.0,7204.5,7259.0,-0.75,143448,1033471116.0
2026-05-29,LIQUID,EQ,INF769K01KS1,MIRAEAMC - LIQUID,999.99,1000.0,999.99,999.99,999.99,0.0,118496,118494813.88
2026-05-29,LIQUID1,EQ,INF174KA1LV5,KOTAKMAMC - KOTAKLIQ,1106.69,1106.71,1106.69,1106.69,1106.24,0.04,1271231,1406858560.9
2026-05-29,LIQUIDADD,EQ,INF740KA1UM0,DSPAMC - LIQUIDADD,1128.85,1128.88,1128.85,1128.87,1128.41,0.04,366913,414197076.52
2026-05-29,LIQUIDBEES,EQ,INF732E01037,NIP IND ETF LIQUID BEES,999.99,1000.01,999.99,999.99,999.99,0.0,6224058,6223995698.64
2026-05-29,LIQUIDBETF,EQ,INF0QA701854,BFAM - LIQUIDBETF,1083.81,1083.83,1083.81,1083.82,1083.38,0.04,613479,664900776.83
2026-05-29,LIQUIDCASE,EQ,INF0R8F01034,ZERODHAAMC - LIQUIDCASE,114.32,114.32,114.3,114.3,114.26,0.04,20857748,2384040660.05
2026-05-29,LIQUIDETF,EQ,INF740KA1EU7,DSP LIQUID ETF,997.55,1000.01,997.55,999.99,1000.0,-0.0,141607,141605582.55
2026-05-29,LIQUIDIETF,EQ,INF109KC1KT9,ICICIPRAMC - ICICILIQ,1000.0,1000.01,999.99,999.99,999.99,0.0,812733,812724864.73
2026-05-29,LIQUIDPLUS,EQ,INF769K01MY5,MIRAEAMC - LIQUIDPLUS,1087.69,1087.71,1087.69,1087.7,1087.23,0.04,178078,193695431.9
2026-05-29,LIQUIDSBI,EQ,INF200KA13Z8,SBIAMC - LIQUIDSBI,1000.01,1000.01,999.99,999.99,1000.0,-0.0,3265,3264967.32
2026-05-29,LIQUIDSHRI,EQ,INF680P01422,SHRIRAM - LIQUIDSHRI,1106.57,1106.59,1106.57,1106.57,1106.14,0.04,22819,25250819.6
2026-05-29,LLOYDSENGG,EQ,INE093R01011,LLOYDS ENGG WORK LIMITED,78.58,78.6,73.15,73.61,78.11,-5.76,11323968,833557291.39
2026-05-29,LLOYDSENT,EQ,INE080I01025,LLOYDS ENTERPRISES LTD,75.0,75.73,71.1,72.06,74.75,-3.6,2869049,206743663.94
2026-05-29,LLOYDSME,EQ,INE281B01032,LLOYDS METALS N ENERGY L,1864.9,1864.9,1800.0,1802.1,1858.8,-3.05,649536,1170528809.74
2026-05-29,LMW,EQ,INE269B01029,LMW LIMITED,16145.0,16145.0,15604.0,15709.0,15997.0,-1.8,4027,63260143.0
2026-05-29,LODHA,EQ,INE670K01029,LODHA DEVELOPERS LIMITED,923.65,969.0,923.6,938.1,923.65,1.56,9135214,8569744030.37
2026-05-29,LOKESHMACH,EQ,INE397H01017,LOKESH MACHINES LTD,256.0,259.0,247.0,250.72,256.11,-2.1,12179,3053518.89
2026-05-29,LORDSCHLO,EQ,INE846D01012,LORDS CHLORO ALKALI LTD,150.3,150.3,141.6,143.86,141.48,1.68,41069,5908186.37
2026-05-29,LOTUSEYE,EQ,INE947I01017,LOTUS EYE HOSP & INST L,107.6,109.85,106.01,108.57,108.3,0.25,5834,633397.38
2026-05-29,LOVABLE,EQ,INE597L01014,LOVABLE LINGERIE LTD,71.64,73.75,71.64,73.48,72.0,2.06,9999,734726.55
2026-05-29,LOWVOL,EQ,INF769K01JU9,MIRAEAMC - MANV30F,202.19,202.67,202.05,202.05,201.68,0.18,275,55563.75
2026-05-29,LOWVOL1,EQ,INF174KA1IY5,KOTAKMAMC - KOTAKLOVOL,20.69,20.87,20.2,20.45,20.7,-1.21,1276912,26112851.37
2026-05-29,LOWVOLIETF,EQ,INF109KC19U5,ICICI PR NIF LW VL 30 ETF,21.67,21.78,21.34,21.42,21.67,-1.15,15526520,332578059.58
2026-05-29,LOYALTEX,EQ,INE970D01010,LOYAL TEXTILE MILLS LTD,221.0,221.0,220.89,221.0,222.0,-0.45,525,116025.0
2026-05-29,LPDC,EQ,INE197J01017,LANDMARK PR.DEV.CO.LTD,6.97,7.0,6.71,6.82,6.97,-2.15,36148,246529.37
2026-05-29,LT,EQ,INE018A01030,LARSEN & TOUBRO LTD.,4045.8,4128.0,4045.0,4076.5,4047.5,0.72,4882940,19905304910.0
2026-05-29,LTF,EQ,INE498L01015,L&T FINANCE LIMITED,285.0,289.4,281.1,286.6,281.7,1.74,10147089,2908155769.33
2026-05-29,LTFOODS,EQ,INE818H01020,LT FOODS LIMITED,406.9,411.0,388.5,392.1,404.7,-3.11,452284,177340559.16
2026-05-29,LTGILTBEES,EQ,INF204KB1882,NIP IND ETF LONGTERM GILT,29.27,29.39,29.23,29.24,29.27,-0.1,2249053,65762309.21
2026-05-29,LTM,EQ,INE214T01019,LTM LIMITED,4019.9,4149.4,4011.6,4061.6,3988.6,1.83,1338486,5436394868.31
2026-05-29,LTTS,EQ,INE010V01017,L&T TECHNOLOGY SER. LTD.,3495.0,3596.6,3390.7,3432.4,3491.6,-1.7,107585,369274743.49
2026-05-29,LUMAXIND,EQ,INE162B01018,LUMAX INDUSTRIES LTD,5949.5,5949.5,5535.0,5614.5,5978.5,-6.09,103578,581538681.0
2026-05-29,LUMAXTECH,EQ,INE872H01027,LUMAX AUTO TECH LTD,1668.4,1746.0,1668.1,1724.8,1668.1,3.4,572256,987027176.74
2026-05-29,LUPIN,EQ,INE326A01037,LUPIN LIMITED,2289.0,2301.4,2256.2,2267.7,2276.4,-0.38,2937904,6662284757.35
2026-05-29,LUXIND,EQ,INE150G01020,LUX INDUSTRIES LIMITED,1438.0,1456.0,1370.0,1380.3,1438.0,-4.01,40520,55929757.98
2026-05-29,LXCHEM,EQ,INE576O01020,LAXMI ORGANIC INDUS LTD,152.2,152.9,147.05,148.08,151.4,-2.19,508096,75238856.61
2026-05-29,M&M,EQ,INE101A01026,MAHINDRA & MAHINDRA LTD,3119.6,3150.8,3005.1,3045.6,3121.6,-2.43,11402867,34728572848.76
2026-05-29,M&MFIN,EQ,INE774D01024,M&M FIN. SERVICES LTD,305.95,309.45,300.9,303.65,305.2,-0.51,3373271,1024293718.56
2026-05-29,MAANALU,EQ,INE215I01027,MAAN ALUMINIUM LIMITED,142.25,144.7,137.3,138.17,142.63,-3.13,112116,15491067.51
2026-05-29,MACPOWER,EQ,INE155Z01011,MACPOWER CNC MACHINES LTD,1040.0,1054.0,961.2,969.8,1055.7,-8.14,113629,110197402.81
2026-05-29,MADHAV,EQ,INE925C01016,MADHAV MARBLE & GRANITE,38.44,38.44,36.12,36.5,36.17,0.91,2984,108916.0
2026-05-29,MADRASFERT,EQ,INE414A01015,MADRAS FERTILISERS LTD,69.0,69.1,67.2,67.36,68.73,-1.99,67003,4513322.12
2026-05-29,MAFANG,EQ,INF769K01HF4,MIRAEAMC - MAFANG,199.09,199.09,199.09,199.09,194.66,2.28,134283,26734401.98
2026-05-29,MAFATIND,EQ,INE270B01035,MAFATLAL INDUSTRIES LTD.,134.26,137.17,130.56,132.63,135.45,-2.08,27115,3596262.58
2026-05-29,MAGADSUGAR,EQ,INE347W01011,MAGADH SUGAR & ENERGY LTD,469.55,470.0,462.0,467.1,469.55,-0.52,9952,4648579.26
2026-05-29,MAGNUM,EQ,INE387I01016,MAGNUM VENTURES LTD.,20.96,20.96,19.4,19.62,20.12,-2.49,48021,942172.06
2026-05-29,MAHABANK,EQ,INE457A01014,BANK OF MAHARASHTRA,80.1,80.7,78.4,79.27,80.08,-1.01,11912803,944327853.82
2026-05-29,MAHAPEXLTD,EQ,INE843B01013,MAHA RASHTRA APEX COPR. L,49.0,49.49,48.01,48.49,48.72,-0.47,9945,482233.07
2026-05-29,MAHEPC,EQ,INE215D01010,MAHINDRA EPC IRRIG LTD,119.0,121.0,115.06,116.94,118.44,-1.27,29731,3476743.21
2026-05-29,MAHESHWARI,EQ,INE263W01010,MAHESHWARI LOGISTICS LTD.,54.5,56.4,54.5,55.45,55.4,0.09,13167,730110.16
2026-05-29,MAHKTECH,EQ,INF769K01HS7,MIRAEAMC - MAHKTECH,24.27,24.27,24.02,24.27,23.91,1.51,1079549,26200654.72
2026-05-29,MAHLIFE,EQ,INE813A01018,MAHINDRA LIFESPACE DEVLTD,347.0,347.0,330.6,332.7,342.1,-2.75,525023,174675158.51
2026-05-29,MAHLOG,EQ,INE766P01016,MAHINDRA LOGISTIC LIMITED,349.8,350.1,339.5,342.15,349.0,-1.96,109434,37442842.43
2026-05-29,MAHSCOOTER,EQ,INE288A01013,MAHARASHTRA SCOOTERS LTD,13200.0,13200.0,12612.0,12768.0,13084.0,-2.42,7769,99194592.0
2026-05-29,MAHSEAMLES,EQ,INE271B01025,MAHARASHTRA SEAMLESS LTD,636.95,640.95,619.15,621.6,635.2,-2.14,199636,124093732.73
2026-05-29,MAITHANALL,EQ,INE683C01011,MAITHAN ALLOYS LTD,1020.05,1049.9,1015.0,1024.05,1013.0,1.09,95043,97328788.79
2026-05-29,MAKEINDIA,EQ,INF769K01IB1,MIRAEAMC - MAMFGETF,167.12,167.12,160.37,161.12,163.84,-1.66,56563,9113430.28
2026-05-29,MALLCOM,EQ,INE389C01015,MALLCOM (INDIA) LIMITED,1027.1,1044.9,941.0,955.1,1041.4,-8.29,19071,18214711.63
2026-05-29,MALUPAPER,EQ,INE383H01017,MALU PAPER MILLS LIMITED,32.59,34.75,32.59,32.61,32.61,0.0,15912,518890.33
2026-05-29,MAMATA,EQ,INE0TO701015,MAMATA MACHINERY LIMITED,417.0,426.5,407.0,408.9,421.35,-2.95,111911,45760407.22
2026-05-29,MANAKALUCO,EQ,INE859Q01017,MANAK ALUMINIUM CO. LTD.,38.15,38.43,36.0,36.31,37.59,-3.41,130318,4731846.76
2026-05-29,MANAKCOAT,EQ,INE830Q01018,MAN COAT METAL & IND LTD,107.23,108.09,102.5,104.34,107.23,-2.7,80818,8432549.82
2026-05-29,MANAKSIA,EQ,INE015D01022,MANAKSIA LTD.,63.25,64.8,62.0,63.66,63.67,-0.02,41459,2639279.93
2026-05-29,MANALIPETC,EQ,INE201A01024,MANALI PETROCHEMICALS LT,60.34,62.0,59.5,60.05,60.34,-0.48,447299,26860304.61
2026-05-29,MANAPPURAM,EQ,INE522D01027,MANAPPURAM FINANCE LTD,328.75,332.25,323.5,325.4,328.75,-1.02,2700070,878602761.52
2026-05-29,MANBA,EQ,INE939X01013,MANBA FINANCE LIMITED,109.0,109.3,105.1,106.71,108.26,-1.43,53199,5676865.24
2026-05-29,MANCREDIT,EQ,INE545L01039,MANGAL CREDIT N FINCORP L,197.0,207.13,197.0,200.39,191.54,4.62,550841,110383027.65
2026-05-29,MANGALAM,EQ,INE584F01014,MANGALAM DRUG & CHEM LTD,28.83,29.32,28.69,28.76,28.83,-0.24,15412,443249.12
2026-05-29,MANGLMCEM,EQ,INE347A01017,MANGALAM CEMENT LTD,850.0,852.65,822.0,827.6,849.1,-2.53,46195,38230980.87
2026-05-29,MANINDS,EQ,INE993A01026,MAN INDUSTRIES (I) LTD.,529.0,531.8,496.5,500.5,528.6,-5.32,642710,321676355.0
2026-05-29,MANINFRA,EQ,INE949H01023,MAN INFRA LTD,116.35,120.5,113.35,115.24,116.11,-0.75,1475016,169980840.69
2026-05-29,MANKIND,EQ,INE634S01028,MANKIND PHARMA LIMITED,2429.8,2468.8,2363.2,2375.6,2420.4,-1.85,2347838,5577524182.08
2026-05-29,MANOMAY,EQ,INE784W01015,MANOMAY TEX INDIA LTD,174.34,191.0,171.71,177.01,176.8,0.12,27814,4923355.99
2026-05-29,MANORAMA,EQ,INE00VM01036,MANORAMA INDUSTRIES LTD,1447.0,1475.9,1401.6,1426.4,1453.1,-1.84,130499,186143776.79
2026-05-29,MANORG,EQ,INE370D01013,MANGALAM ORGANICS LIMITED,568.5,590.0,540.0,577.4,565.35,2.13,4723,2727060.32
2026-05-29,MANUGRAPH,EQ,INE867A01022,MANUGRAPH INDIA LIMITED,15.06,15.79,15.06,15.3,15.33,-0.2,7441,113847.3
2026-05-29,MANYAVAR,EQ,INE825V01034,VEDANT FASHIONS LIMITED,418.1,422.55,405.8,408.35,416.1,-1.86,237006,96781401.55
2026-05-29,MAPMYINDIA,EQ,INE0BV301023,C.E. INFO SYSTEMS LIMITED,845.4,853.55,811.0,819.75,845.4,-3.03,548328,449491878.0
2026-05-29,MARALOVER,EQ,INE882A01013,MARAL OVERSEAS LTD,57.89,57.95,56.0,56.28,57.89,-2.78,5683,319839.23
2026-05-29,MARATHON,EQ,INE182D01020,MARATHON NXTGEN REALT LTD,482.65,490.65,460.1,461.75,490.95,-5.95,75390,34811332.5
2026-05-29,MARICO,EQ,INE196A01026,MARICO LIMITED,841.65,841.65,817.1,821.7,833.8,-1.45,7257304,5963326785.39
2026-05-29,MARINE,EQ,INE01JE01028,MARINE ELECTRICAL (I) LTD,255.0,282.48,247.89,268.94,247.92,8.48,6125091,1647281988.49
2026-05-29,MARKOLINES,EQ,INE0FW001016,MARKOLINES PAVEMENT TEC L,170.25,172.89,166.39,167.04,169.93,-1.7,414852,69296875.29
2026-05-29,MARKSANS,EQ,INE750C01026,MARKSANS PHARMA LIMITED,249.55,261.0,240.63,246.19,249.27,-1.24,6577763,1619379489.03
2026-05-29,MARSONS,EQ,INE415B01044,MARSONS LIMITED,150.5,152.98,141.92,143.03,150.28,-4.82,1062677,151994690.01
2026-05-29,MARUTI,EQ,INE585B01010,MARUTI SUZUKI INDIA LTD.,13456.0,13508.0,13050.0,13127.0,13364.0,-1.77,963291,12645120957.0
2026-05-29,MASFIN,EQ,INE348L01012,MAS FINANCIAL SERV LTD,315.95,323.45,305.1,308.95,315.4,-2.05,159797,49369285.1
2026-05-29,MASKINVEST,EQ,INE885F01015,MASK INVESTMENTS LIMITED,152.05,152.05,152.05,152.05,152.5,-0.3,60,9123.0
2026-05-29,MASPTOP50,EQ,INF769K01HP3,MIRAEAMC - MASPTOP50,81.61,81.61,81.61,81.61,82.0,-0.48,64919,5298039.63
2026-05-29,MASTEK,EQ,INE759A01021,MASTEK LTD,1650.0,1719.0,1604.0,1627.0,1632.4,-0.33,96912,157675824.0
2026-05-29,MASTERTR,EQ,INE677D01037,MASTER TRUST LIMITED,85.25,87.54,78.5,81.09,86.25,-5.98,222586,18049497.92
2026-05-29,MATRIMONY,EQ,INE866R01028,MATRIMONY.COM LIMITED,423.2,427.3,422.7,422.7,423.05,-0.08,6047,2556066.97
2026-05-29,MAWANASUG,EQ,INE636A01039,MAWANA SUGARS LIMITED,101.5,103.75,96.5,97.47,100.51,-3.02,78842,7684729.84
2026-05-29,MAXESTATES,EQ,INE03EI01018,MAX ESTATES LIMITED,454.0,455.95,431.5,444.0,453.4,-2.07,144388,64108272.0
2026-05-29,MAXHEALTH,EQ,INE027H01010,MAX HEALTHCARE INS LTD,1002.95,1002.95,955.0,965.1,993.45,-2.85,15388949,14851874304.19
2026-05-29,MAXIND,EQ,INE0CG601016,MAX INDIA LIMITED,171.71,171.71,158.1,160.16,172.71,-7.27,140003,22422880.99
2026-05-29,MAYURUNIQ,EQ,INE040D01038,MAYUR UNIQUOTERS LTD,779.4,791.55,750.6,754.45,777.9,-3.01,227077,171318245.42
2026-05-29,MAZDOCK,EQ,INE249Z01020,MAZAGON DOCK SHIPBUIL LTD,2460.0,2534.0,2430.5,2456.5,2455.1,0.06,1843801,4529297156.5
2026-05-29,MBAPL,EQ,INE900L01028,MADHYA BHARAT AGRO P. LTD,106.8,109.59,105.1,105.94,105.69,0.24,854115,90484945.19
2026-05-29,MBEL,EQ,INE08N601015,M AND B ENGINEERING LTD,306.5,307.05,292.2,298.45,304.35,-1.94,85609,25550007.1
2026-05-29,MBLINFRA,EQ,INE912H01013,MBL INFRASTRUCTURE LTD,25.26,26.35,25.26,26.29,25.1,4.74,185215,4869302.52
2026-05-29,MCL,EQ,INE813V01022,M TEK COPPER LIMITED,61.36,64.42,61.36,62.88,61.36,2.48,114525,7201332.12
2026-05-29,MCLEODRUSS,EQ,INE942G01012,MCLEOD RUSSEL INDIA LTD.,78.41,78.41,78.41,78.41,76.88,1.99,491327,38524951.87
2026-05-29,MCLOUD,EQ,INE613C01026,MAGELLANIC CLOUD LIMITED,26.9,27.4,26.5,26.75,26.85,-0.37,2369768,63391294.0
2026-05-29,MCX,EQ,INE745G01043,MULTI COMMODITY EXCHANGE,3169.8,3177.0,2906.2,2954.5,3158.5,-6.46,17655814,52164102463.0
2026-05-29,MEDANTA,EQ,INE474Q01031,GLOBAL HEALTH LIMITED,1204.2,1232.9,1170.0,1189.0,1207.8,-1.56,161671,192226819.0
2026-05-29,MEDIASSIST,EQ,INE456Z01021,MEDI ASSIST HEALTH SER L,370.0,376.0,365.05,368.6,367.4,0.33,75419,27799443.86
2026-05-29,MEDICO,EQ,INE630Y01024,MEDICO REMEDIES LIMITED,49.32,49.32,47.21,47.67,48.96,-2.63,202915,9672957.68
2026-05-29,MEDPLUS,EQ,INE804L01022,MEDPLUS HEALTH SERV LTD,881.95,905.15,877.9,895.2,881.85,1.51,238733,213713784.51
2026-05-29,MEESHO,EQ,INE0VDM01015,MEESHO LIMITED,187.99,188.0,182.2,183.3,187.98,-2.49,10366317,1900145937.74
2026-05-29,MEGASTAR,EQ,INE00EM01016,MEGASTAR FOODS LIMITED,279.45,287.45,275.0,281.05,281.05,0.0,5828,1637959.33
2026-05-29,MEIL,EQ,INE0PKD01011,MANGAL ELECTRICAL IND L,313.0,332.0,313.0,320.8,326.4,-1.72,34254,10988682.78
2026-05-29,METAL,EQ,INF769K01LY7,MIRAEAMC - METAL,13.9,13.9,13.5,13.55,13.83,-2.02,3748313,50789641.86
2026-05-29,METALIETF,EQ,INF109KC19W1,ICICIPRAMC - METALIETF,14.1,14.1,13.45,13.48,13.81,-2.39,31826409,429019978.75
2026-05-29,METROBRAND,EQ,INE317I01021,METRO BRANDS LIMITED,1052.4,1055.0,1016.1,1024.3,1052.4,-2.67,31436,32199896.33
2026-05-29,METROGLOBL,EQ,INE085D01033,METROGLOBAL LTD.,128.99,135.0,126.01,128.1,128.99,-0.69,3257,417221.72
2026-05-29,METROPOLIS,EQ,INE112L01020,METROPOLIS HEALTHCARE LTD,531.0,565.0,531.0,555.35,536.15,3.58,460621,255805861.1
2026-05-29,MFML,EQ,INE0US801024,MAHALAXMI FABRIC MILLS LT,25.36,25.74,23.75,25.01,24.3,2.92,30838,771258.39
2026-05-29,MFSL,EQ,INE180A01020,MAX FINANCIAL SERV LTD,1688.0,1689.3,1653.6,1674.0,1682.3,-0.49,805981,1349212194.0
2026-05-29,MGEL,EQ,INE0APB01032,MANGALAM GLOBAL ENT LTD,14.33,16.38,14.33,15.0,14.07,6.61,4184793,62771895.0
2026-05-29,MGL,EQ,INE002S01010,MAHANAGAR GAS LTD.,1105.2,1121.0,1074.0,1095.0,1103.2,-0.74,571325,625600875.0
2026-05-29,MHRIL,EQ,INE998I01010,MAHINDRA HOLIDAYS LTD,220.7,226.8,215.14,218.43,219.18,-0.34,1564957,341833546.05
2026-05-29,MID150BEES,EQ,INF204KB1V68,NIP IND ETF MIDCAP 150,237.99,237.99,232.05,233.1,236.19,-1.31,1153986,268994143.64
2026-05-29,MID150CASE,EQ,INF0R8F01059,ZERODHAAMC - MID150CASE,11.54,11.59,11.27,11.32,11.47,-1.31,2434150,27554577.26
2026-05-29,MIDCAP,EQ,INF174KA1ZC5,KOTAKMAMC - KOTAKMID50,18.54,18.54,17.8,17.95,18.09,-0.77,622051,11165815.92
2026-05-29,MIDCAPADD,EQ,INF740KA1WW5,DSPAMC - MIDCAPADD,22.87,22.97,22.52,22.61,22.83,-0.96,2942,66518.62
2026-05-29,MIDCAPBETA,EQ,INF789F1AYX9,UTIAMC-MIDCAPBETA,230.6,231.02,226.98,228.26,230.6,-1.01,1854,423194.03
2026-05-29,MIDCAPETF,EQ,INF769K01IC9,MIRAEAMC - MAM150ETF,23.96,23.96,23.0,23.04,23.38,-1.45,4296754,98997216.09
2026-05-29,MIDCAPIETF,EQ,INF109KC11W8,ICICIPRAMC - ICICIM150,23.83,23.94,23.24,23.34,23.59,-1.06,1176859,27467889.24
2026-05-29,MIDHANI,EQ,INE099Z01011,MISHRA DHATU NIGAM LTD,417.7,447.85,403.3,420.65,416.45,1.01,4271969,1797003733.78
2026-05-29,MIDQ50ADD,EQ,INF740KA1ZF3,DSPAMC - DSPQ50ETF,249.0,254.78,244.64,245.32,248.56,-1.3,4402,1079898.67
2026-05-29,MIDSELIETF,EQ,INF109KC10W0,ICICI PRUD MIDCAP SEL ETF,18.69,18.84,18.15,18.48,18.58,-0.54,345671,6387999.92
2026-05-29,MIDSMALL,EQ,INF769K01LJ8,MIRAEAMC - MIDSMALL,50.65,51.96,50.65,50.92,51.68,-1.47,557069,28365952.46
2026-05-29,MIDWESTLTD,EQ,INE0XAD01024,MIDWEST LIMITED,1224.9,1229.9,1184.1,1190.3,1210.3,-1.65,32983,39259666.51
2026-05-29,MINDACORP,EQ,INE842C01021,MINDA CORPORATION LTD,626.95,635.0,618.65,624.4,623.85,0.09,1349391,842559773.34
2026-05-29,MINDTECK,EQ,INE110B01017,MINDTECK (INDIA) LIMITED,219.65,231.2,212.2,214.8,217.58,-1.28,433531,93122460.12
2026-05-29,MIRZAINT,EQ,INE771A01026,MIRZA INTERNATIONAL LIMIT,31.1,33.5,31.1,32.27,31.65,1.96,280905,9064804.48
2026-05-29,MITCON,EQ,INE828O01033,MITCON CON & ENG SER LTD,80.0,88.45,80.0,83.88,79.21,5.9,29608,2483518.96
2026-05-29,MITTAL,EQ,INE997Y01027,MITTAL LIFE STYLE LIMITED,0.97,1.03,0.96,0.98,1.01,-2.97,915428,897119.46
2026-05-29,MKPL,EQ,INE964W01021,M K PROTEINS LIMITED,5.09,5.2,5.02,5.04,5.07,-0.59,252640,1273305.59
2026-05-29,MMFL,EQ,INE227C01017,MM FORGINGS LTD,470.0,470.0,445.4,447.95,460.8,-2.79,76418,34231444.03
2026-05-29,MMP,EQ,INE511Y01018,MMP INDUSTRIES LIMITED,296.95,296.95,270.01,273.48,279.27,-2.07,38387,10498077.18
2026-05-29,MMTC,EQ,INE123F01029,MMTC LIMITED,66.19,66.43,64.31,64.88,65.99,-1.68,1768441,114736447.22
2026-05-29,MMWL,EQ,INE200D01020,MEDIA MATRIX WORLDWIDE L,13.17,13.82,12.67,13.82,13.17,4.94,1608955,22235757.61
2026-05-29,MNC,EQ,INF174KA1JF2,KOTAKMAMC - KOTAKMNC,33.76,33.85,33.25,33.6,33.66,-0.18,93125,3128999.86
2026-05-29,MOALPHA50,EQ,INF247L01FR8,MOTILALAMC - MOALPHA50,52.52,52.52,52.52,52.52,53.27,-1.39,0,0.0
2026-05-29,MOBANK10,EQ,INF247L01GV8,MOTILALAMC - MOBANK10,16.02,16.02,16.02,16.02,16.23,-1.26,0,0.0
2026-05-29,MOBIKWIK,EQ,INE0HLU01028,ONE MOBIKWIK SYSTEMS LTD,201.79,202.15,195.0,196.2,201.31,-2.54,929674,182402035.96
2026-05-29,MOCAPITAL,EQ,INF247L01EV3,MOTILALAMC - MOCAPITAL,55.93,56.65,54.85,55.16,56.06,-1.61,1259182,69456478.93
2026-05-29,MODEFENCE,EQ,INF247L01DJ0,MOTILALAMC - MODEFENCE,100.11,102.33,99.68,99.91,101.75,-1.81,2247475,224545235.48
2026-05-29,MODINATUR,EQ,INE537F01012,MODI NATURALS LIMITED,449.9,462.65,448.0,462.65,440.65,4.99,3984,1843197.58
2026-05-29,MODIRUBBER,EQ,INE832A01018,MODI RUBBER LTD,129.8,139.0,128.11,133.73,128.83,3.8,11076,1481193.43
2026-05-29,MODIS,EQ,INE0L0L01012,MODIS NAVNIRMAN LTD,340.1,344.95,333.0,335.4,339.8,-1.29,6186,2074784.36
2026-05-29,MODTHREAD,EQ,INE794W01014,MODERN THREADS INDIA LTD,45.61,45.61,43.0,45.36,43.44,4.42,1305,59194.8
2026-05-29,MOENERGY,EQ,INF247L01GH7,MOTILALAMC - MOENERGY,42.54,42.54,40.81,41.08,41.71,-1.51,508428,20886223.17
2026-05-29,MOGSEC,EQ,INF247L01AK4,MOTILALAMC - G5,63.85,63.88,63.24,63.47,63.54,-0.11,7630,484276.11
2026-05-29,MOHEALTH,EQ,INF247L01BB1,MOTILALAMC - MOHEALTH,46.87,48.33,46.87,47.66,48.08,-0.87,148362,7070932.9
2026-05-29,MOHITIND,EQ,INE954E01012,MOHIT INDUSTRIES LTD,26.8,27.0,25.1,25.77,26.6,-3.12,48684,1254586.7
2026-05-29,MOIL,EQ,INE490G01020,MOIL LIMITED,303.0,304.9,295.05,297.45,303.0,-1.83,470519,139955882.29
2026-05-29,MOINFRA,EQ,INF247L01FL1,MOTILALAMC - MOINFRA,62.69,62.69,62.69,62.69,63.67,-1.53,0,0.0
2026-05-29,MOIPO,EQ,INF247L01GI5,MOTILALAMC - MOIPO,43.55,43.55,43.55,43.55,43.94,-0.88,0,0.0
2026-05-29,MOKSH,EQ,INE514Y01020,MOKSH ORNAMENTS LIMITED,12.03,12.14,11.75,11.82,12.03,-1.75,77518,916262.74
2026-05-29,MOL,EQ,INE0CT101020,MEGHMANI ORGANICS LIMITED,51.0,51.04,48.6,48.78,50.08,-2.6,652541,31830949.18
2026-05-29,MOLDTKPAC,EQ,INE893J01029,MOLD-TEK PACKAGING LTD,705.0,711.0,683.55,702.6,686.65,2.32,160181,112543166.69
2026-05-29,MOLOWVOL,EQ,INF247L01BL0,MOTILALAMC - MOLOWVOL,36.68,36.83,36.26,36.27,36.68,-1.12,16941,614450.08
2026-05-29,MOM100,EQ,INF247L01023,MOTILAL OS MIDCAP100 ETF,69.06,69.06,66.3,66.46,67.34,-1.31,589846,39201164.62
2026-05-29,MOM30IETF,EQ,INF109KC17C7,ICICIPRAMC - ICICIMOM30,31.47,31.64,30.89,30.96,31.47,-1.62,1208676,37420607.85
2026-05-29,MOM50,EQ,INF247L01536,MOTILAL OSWAL M50 ETF,248.95,250.2,241.85,246.34,248.43,-0.84,33455,8241304.58
2026-05-29,MOMENTUM,EQ,INF209KB14K7,BIRLASLAMC - MOMENTUM,31.0,31.93,30.73,31.6,31.29,0.99,53811,1700427.62
2026-05-29,MOMENTUM50,EQ,INF247L01DK8,MOTILALAMC - MOMENTUM50,53.21,53.75,52.31,52.48,53.21,-1.37,999599,52458955.06
2026-05-29,MOMGF,EQ,INF247L01FK3,MOTILALAMC - MOMGF,158.16,158.16,158.16,158.16,160.82,-1.65,0,0.0
2026-05-29,MOMIDMTM,EQ,INF247L01FQ0,MOTILALAMC - MOMIDMTM,65.06,65.28,63.2,63.75,64.92,-1.8,70394,4487617.5
2026-05-29,MOMNC,EQ,INF247L01GK1,MOTILALAMC - MOMNC,32.28,32.28,32.28,32.28,32.64,-1.11,0,0.0
2026-05-29,MOMOMENTUM,EQ,INF247L01BK2,MOTILALAMC - MOMOMENTUM,61.34,62.99,61.31,61.65,62.59,-1.5,105447,6500807.71
2026-05-29,MON100,EQ,INF247L01AP3,MOTILAL OS NASDAQ100 ETF,335.82,336.1,333.5,336.1,328.74,2.24,512620,172291585.13
2026-05-29,MON50EQUAL,EQ,INF247L01FC0,MOTILALAMC - MON50EQUAL,32.69,32.69,32.69,32.69,33.2,-1.52,0,0.0
2026-05-29,MONARCH,EQ,INE903D01011,MONARCH NETWORTH CAP LTD,347.0,347.0,331.5,336.0,346.15,-2.93,109697,36858192.0
2026-05-29,MONEXT50,EQ,INF247L01FD8,MOTILALAMC - MONEXT50,70.75,70.75,70.75,70.75,71.63,-1.22,0,0.0
2026-05-29,MONEYBOXX,EQ,INE296Q01012,MONEYBOXX FINANCE LIMITED,75.99,75.99,69.15,70.02,72.59,-3.54,16608,1162892.1
2026-05-29,MONIFTY100,EQ,INF247L01GG9,MOTILALAMC - MONIFTY100,24.68,24.68,24.68,24.68,25.04,-1.44,0,0.0
2026-05-29,MONIFTY500,EQ,INF247L01BU1,MOTILALAMC - MONIFTY500,23.53,23.58,23.03,23.19,23.42,-0.98,845824,19614659.01
2026-05-29,MONQ50,EQ,INF247L01AU3,MOTILALAMC - MONQ50,141.51,141.51,141.51,141.51,137.96,2.57,17729,2508830.69
2026-05-29,MONTECARLO,EQ,INE950M01013,MONTE CARLO FASHIONS LTD.,556.65,558.0,549.6,554.7,556.65,-0.35,19397,10759516.14
2026-05-29,MOPSE,EQ,INF247L01FO5,MOTILALAMC - MOPSE,103.8,103.8,103.8,103.8,106.32,-2.37,0,0.0
2026-05-29,MOQUALITY,EQ,INF247L01BH8,MOTILALAMC - MOQUALITY,206.12,206.12,202.17,202.9,203.91,-0.5,8993,1824679.65
2026-05-29,MOREALTY,EQ,INF247L01CI4,MOTILALAMC - MOREALTY,78.8,79.89,77.16,77.74,78.29,-0.7,5068848,394052232.69
2026-05-29,MOREPENLAB,EQ,INE083A01026,MOREPEN LAB. LTD,42.2,45.5,42.2,43.24,42.22,2.42,8585978,371257703.13
2026-05-29,MOSCHIP,EQ,INE935B01025,MOSCHIP TECHNOLOGIES LTD,209.7,225.9,205.26,219.91,207.98,5.74,9044251,1988921270.53
2026-05-29,MOSERVICE,EQ,INF247L01GJ3,MOTILALAMC - MOSERVICE,29.71,29.71,29.71,29.71,30.13,-1.39,0,0.0
2026-05-29,MOSMALL250,EQ,INF247L01CH6,MOTILALAMC - MOSMALL250,17.44,17.44,16.8,17.02,17.16,-0.82,1302753,22172856.66
2026-05-29,MOTHERSON,EQ,INE775A01035,SAMVRDHNA MTHRSN INTL LTD,144.46,151.77,140.08,145.74,142.41,2.34,84670792,12339921691.19
2026-05-29,MOTILALOFS,EQ,INE338I01027,MOTILAL OSWAL FIN LTD,901.0,903.3,875.5,879.5,894.1,-1.63,696554,612619243.0
2026-05-29,MOTISONS,EQ,INE0FRK01020,MOTISONS JEWELLERS LTD,11.79,12.3,11.28,11.35,11.68,-2.83,15657095,177708034.22
2026-05-29,MOTOGENFIN,EQ,INE861B01023,MOTOR & GENERAL FINANCE L,32.82,32.82,27.16,27.27,27.35,-0.29,293616,8006908.45
2026-05-29,MOTOUR,EQ,INF247L01FP2,MOTILALAMC - MOTOUR,73.98,74.28,72.01,72.59,73.4,-1.1,26595,1930530.95
2026-05-29,MOVALUE,EQ,INF247L01BE5,MOTILALAMC - MOVALUE,119.64,119.95,117.1,118.03,119.05,-0.86,302973,35759902.82
2026-05-29,MPHASIS,EQ,INE356A01018,MPHASIS LIMITED,2300.0,2309.0,2259.9,2271.4,2232.9,1.72,1301407,2956015732.71
2026-05-29,MPSLTD,EQ,INE943D01017,MPS LIMITED,1848.0,1870.0,1783.7,1838.9,1814.5,1.34,11144,20492701.87
2026-05-29,MRF,EQ,INE883A01011,MRF LTD,127040.0,127590.0,122000.0,123420.0,127040.0,-2.85,17159,2117763780.0
2026-05-29,MRPL,EQ,INE103A01014,MRPL,150.7,151.37,143.5,144.96,150.41,-3.62,2928626,424533644.62
2026-05-29,MSCIADD,EQ,INF740KA1WV7,DSPAMC - MSCIADD,29.16,29.34,28.48,28.99,29.17,-0.62,7513,217801.87
2026-05-29,MSCIINDIA,EQ,INF174KA1VD2,KOTAKMAMC - MSCIINDIA,29.68,29.68,29.15,29.31,29.55,-0.81,5088,149129.28
2026-05-29,MSPL,EQ,INE752G01015,MSP STEEL & POWER LTD.,42.4,43.76,42.4,42.72,42.67,0.12,1849090,78993127.06
2026-05-29,MSTCLTD,EQ,INE255X01014,MSTC LIMITED,438.6,447.8,436.0,440.5,438.6,0.43,188416,82997248.0
2026-05-29,MSUMI,EQ,INE0FS801015,MOTHERSON SUMI WRNG IND L,39.8,39.94,38.78,38.97,39.7,-1.84,9818726,382635764.21
2026-05-29,MTNL,EQ,INE153A01019,MAHANAGAR TELEPHONE NIGAM,31.15,31.4,30.0,30.19,30.97,-2.52,1209828,36524707.97
2026-05-29,MUFIN,EQ,INE08KJ01020,MUFIN GREEN FINANCE LTD,127.4,127.9,121.5,123.21,126.49,-2.59,2267446,279372019.58
2026-05-29,MUFTI,EQ,INE220Q01020,CREDO BRANDS MARKETING L,89.89,91.65,84.95,85.53,89.88,-4.84,211893,18123208.03
2026-05-29,MUKANDLTD,EQ,INE304A01026,MUKAND LTD.,140.1,143.6,138.41,141.21,139.9,0.94,230001,32478442.75
2026-05-29,MULTICAP,EQ,INF769K01LX9,MIRAEAMC - MULTICAP,16.31,16.4,16.05,16.11,16.31,-1.23,192299,3097937.01
2026-05-29,MUNJALAU,EQ,INE672B01032,MUNJAL AUTO IND. LTD.,91.0,93.69,88.44,90.1,97.78,-7.85,687845,61974833.45
2026-05-29,MUNJALSHOW,EQ,INE577A01027,MUNJAL SHOWA LTD,143.4,143.4,135.62,138.58,142.0,-2.41,54713,7582127.64
2026-05-29,MURUDCERA,EQ,INE692B01014,MURUDESHWAR CERAMICS LTD,34.0,35.8,33.02,33.39,34.92,-4.38,31255,1043604.43
2026-05-29,MUTHOOTCAP,EQ,INE296G01013,MUTHOOT CAP SERV LTD,200.98,203.55,198.25,198.98,201.05,-1.03,11633,2314734.29
2026-05-29,MUTHOOTFIN,EQ,INE414G01012,MUTHOOT FINANCE LIMITED,3307.0,3388.9,3243.0,3342.9,3306.9,1.09,1954693,6534343038.81
2026-05-29,MUTHOOTMF,EQ,INE046W01019,MUTHOOT MICROFIN LIMITED,178.01,184.0,177.86,179.98,177.9,1.17,248724,44765344.46
2026-05-29,MVGJL,EQ,INE0KNT01012,MANOJ VAIBHAV GEM N JEW L,152.06,160.0,152.0,152.52,155.64,-2.0,54028,8240350.79
2026-05-29,MWL,EQ,INE0JYY01029,MANGALAM WORLDWIDE LTD,38.38,38.8,37.6,37.85,38.11,-0.67,479620,18156014.88
2026-05-29,NACLIND,EQ,INE295D01020,NACL INDUSTRIES LIMITED,163.21,163.21,156.15,157.65,161.43,-2.34,161843,25514547.96
2026-05-29,NAGREEKCAP,EQ,INE245I01016,NAGREEKA CAP & INFR.LTD,28.03,28.99,28.02,28.17,29.49,-4.48,8885,250290.45
2026-05-29,NAGREEKEXP,EQ,INE123B01028,NAGREEKA EXPORTS LTD.,27.45,29.95,27.45,28.55,27.45,4.01,80146,2288168.24
2026-05-29,NAHARCAP,EQ,INE049I01012,NAHAR CAP & FIN.,269.9,269.9,251.1,254.75,263.9,-3.47,3921,998874.75
2026-05-29,NAHARINDUS,EQ,INE289A01011,NAHAR INDS ENT LTD,113.09,116.99,112.51,113.48,113.09,0.34,43838,4974736.39
2026-05-29,NAHARPOLY,EQ,INE308A01027,NAHAR POLY FILMS LIMITED,267.05,278.0,258.0,258.8,261.8,-1.15,39526,10229328.32
2026-05-29,NAHARSPING,EQ,INE290A01027,NAHAR SPINNING MILLS LTD.,265.0,265.0,259.7,265.0,265.0,0.0,33294,8822910.0
2026-05-29,NAM-INDIA,EQ,INE298J01013,NIPPON L I A M LTD,1090.8,1122.0,1075.7,1100.2,1088.9,1.04,2331691,2565326324.35
2026-05-29,NARMADA,EQ,INE117Z01029,NARMADA AGROBASE LIMITED,18.45,19.81,18.41,18.61,18.49,0.65,855592,15922567.64
2026-05-29,NATCOPHARM,EQ,INE987B01026,NATCO PHARMA LTD.,1161.3,1201.9,1000.0,1015.9,1175.8,-13.6,3936884,3999480551.72
2026-05-29,NATHBIOGEN,EQ,INE448G01010,NATH BIO-GENES (I) LTD,172.2,178.79,172.0,175.18,172.2,1.73,32939,5770253.78
2026-05-29,NATIONALUM,EQ,INE139A01034,NATIONAL ALUMINIUM CO LTD,438.2,441.5,416.8,424.45,433.05,-1.99,107733950,45727676392.61
2026-05-29,NAUKRI,EQ,INE663F01032,INFO EDGE (I) LTD,1027.9,1047.8,982.5,995.0,1005.65,-1.06,8551128,8508372360.0
2026-05-29,NAVA,EQ,INE725A01030,NAVA LIMITED,620.0,620.0,586.0,592.6,615.0,-3.64,493691,292561274.55
2026-05-29,NAVINFLUOR,EQ,INE048G01026,NAVIN FLUORINE INT. LTD,7244.5,7360.0,6970.0,7129.0,7244.5,-1.59,252025,1796686225.0
2026-05-29,NAVKARCORP,EQ,INE278M01019,NAVKAR CORPORATION LTD.,98.51,100.2,94.5,94.95,98.76,-3.86,555618,52755927.4
2026-05-29,NAVNETEDUL,EQ,INE060A01024,NAVNEET EDUCATION LTD,142.8,144.95,140.4,141.74,141.63,0.08,169845,24073831.23
2026-05-29,NAZARA,EQ,INE418L01047,NAZARA TECHNOLOGIES LTD,289.0,290.4,275.0,277.75,289.5,-4.06,2075459,576458737.25
2026-05-29,NBCC,EQ,INE095N01031,NBCC (INDIA) LIMITED,99.65,102.67,99.43,100.26,99.1,1.17,29675566,2975272310.55
2026-05-29,NBIFIN,EQ,INE365I01020,N.B.I. IND. FIN. CO. LTD,1870.3,1900.0,1870.3,1890.1,1870.3,1.06,59,111515.9
2026-05-29,NCC,EQ,INE868B01028,NCC LIMITED,152.5,154.83,151.3,152.03,152.15,-0.08,1867276,283881968.0
2026-05-29,NCLIND,EQ,INE732C01016,NCL INDUSTRIES LIMITED,173.65,188.7,170.6,183.52,171.65,6.92,548849,100724770.82
2026-05-29,NDGL,EQ,INE756C01015,NAGA DHUNSERI GROUP LTD,2551.0,2660.0,2525.0,2588.3,2575.6,0.49,100,258830.0
2026-05-29,NDL,EQ,INE875G01048,NANDAN DENIM LIMITED,2.64,2.66,2.62,2.62,2.64,-0.76,787325,2062791.41
2026-05-29,NDLVENTURE,EQ,INE353A01023,NDL VENTURES LIMITED,130.0,135.0,119.08,131.71,130.36,1.04,46381,6108841.82
2026-05-29,NDRAUTO,EQ,INE07OG01012,NDR AUTO COMPONENTS LTD,824.5,824.5,791.2,800.2,828.15,-3.37,18818,15058163.83
2026-05-29,NDTV,EQ,INE155G01029,NDTV LTD,87.0,88.8,81.93,83.15,86.77,-4.17,1368897,113823787.64
2026-05-29,NECLIFE,EQ,INE023H01027,NECTAR LIFESCIENCES LTD.,12.49,12.7,12.25,12.45,12.49,-0.32,129996,1618450.18
2026-05-29,NELCAST,EQ,INE189I01024,NELCAST LIMITED,138.0,146.34,138.0,140.58,137.8,2.02,370288,52055087.72
2026-05-29,NELCO,EQ,INE045B01015,NELCO LTD,696.0,702.25,685.0,687.15,697.7,-1.51,57520,39524869.4
2026-05-29,NEOGEN,EQ,INE136S01016,NEOGEN CHEMICALS LIMITED,1790.0,1887.0,1786.2,1858.1,1777.4,4.54,203571,378255270.13
2026-05-29,NEPHROPLUS,EQ,INE428V01029,NEPHROCARE HEALTH SERV L,605.05,615.55,596.0,598.7,605.1,-1.06,150243,89950485.93
2026-05-29,NESCO,EQ,INE317F01035,NESCO LTD.,1218.0,1223.0,1165.0,1173.6,1220.0,-3.8,47255,55458466.85
2026-05-29,NESTLEIND,EQ,INE239A01024,NESTLE INDIA LIMITED,1431.4,1444.1,1408.5,1421.5,1427.5,-0.42,13063475,18569729712.5
2026-05-29,NETF,EQ,INF277K015R5,TATAAML - NETF,258.57,263.0,253.73,256.11,258.57,-0.95,6983,1788416.03
2026-05-29,NETWEB,EQ,INE0NT901020,NETWEB TECH INDIA LTD,4100.0,4760.0,4050.2,4670.7,4072.0,14.7,10623544,49619389035.71
2026-05-29,NETWORK18,EQ,INE870H01013,NETWORK18 MEDIA & INV LTD,31.5,32.45,31.1,31.23,31.27,-0.13,6975058,217831058.15
2026-05-29,NEULANDLAB,EQ,INE794A01010,NEULAND LAB LTD.,16880.0,17170.0,16675.0,17088.0,16772.0,1.88,73932,1263350016.0
2026-05-29,NEWGEN,EQ,INE619B01017,NEWGEN SOFTWARE TECH LTD,439.0,451.95,438.5,442.7,438.05,1.06,681255,301591596.82
2026-05-29,NEXT30ADD,EQ,INF740KA1VE5,DSPAMC - NEXT30ADD,43.22,43.27,42.21,42.48,43.04,-1.3,17908,760731.83
2026-05-29,NEXT50,EQ,INF769K01FN2,MIRAEAMC - MANXT50,744.0,745.34,730.0,733.02,740.37,-0.99,36262,26580771.95
2026-05-29,NEXT50ADD,EQ,INF740KA1XU7,DSPAMC - NEXT50ADD,72.39,73.0,71.23,72.36,72.32,0.06,4097,296458.92
2026-05-29,NEXT50BETA,EQ,INF789F1AUW9,UTIAMC-NEXT50BETA,77.33,77.99,76.3,76.59,77.38,-1.02,119573,9158095.63
2026-05-29,NEXT50ETF,EQ,INF174KA1YO3,KOTAKMAMC - NEXT50ETF,72.44,72.89,71.09,71.37,72.19,-1.14,23348,1666346.82
2026-05-29,NEXT50IETF,EQ,INF109KC1NS5,ICICIPRAMC - ICICINXT50,77.61,77.61,74.75,74.99,75.72,-0.96,1006610,75485681.75
2026-05-29,NEXTMEDIA,EQ,INE747B01016,NEXT MEDIAWORKS LIMITED,4.12,4.13,3.91,3.95,4.0,-1.25,16168,63863.6
2026-05-29,NFL,EQ,INE870D01012,NATIONAL FERT. LTD,77.9,78.24,75.7,76.0,78.05,-2.63,1433556,108950256.0
2026-05-29,NGIL,EQ,INE236Y01012,NAKODA GROUP OF IND. LTD,42.2,43.89,41.05,42.14,42.26,-0.28,26966,1136347.22
2026-05-29,NGLFINE,EQ,INE887E01022,NGL FINE CHEM LIMITED,2697.6,2878.0,2690.1,2785.1,2697.6,3.24,15999,44558816.46
2026-05-29,NH,EQ,INE410P01011,NARAYANA HRUDAYALAYA LTD.,1927.0,1944.5,1868.0,1894.0,1920.2,-1.36,537699,1018401906.0
2026-05-29,NHPC,EQ,INE848E01016,NHPC LTD,81.09,81.69,78.0,78.87,80.68,-2.24,60162141,4744988225.91
2026-05-29,NIACL,EQ,INE470Y01017,THE NEW INDIA ASSU CO LTD,161.3,161.58,156.56,157.42,160.56,-1.96,541498,85242614.17
2026-05-29,NIBE,EQ,INE149O01018,NIBE LIMITED,1452.9,1480.0,1410.1,1442.9,1426.0,1.19,226998,327535419.74
2026-05-29,NIBL,EQ,INE047O01014,NRB INDUS. BEARINGS LTD.,30.33,31.3,29.51,29.74,30.58,-2.75,40921,1216990.53
2026-05-29,NIF100IETF,EQ,INF109KC16V9,ICICI PRUD NIFTY 100 ETF,27.73,27.94,27.32,27.44,27.73,-1.05,84384,2315497.01
2026-05-29,NIFTY1,EQ,INF174K014P6,KOTAK NIFTY ETF,263.5,265.13,259.8,260.35,263.5,-1.2,1122497,292242100.8
2026-05-29,NIFTYADD,EQ,INF740KA1CL0,DSPAMC - DSPNIFTY,252.06,252.06,246.75,247.0,250.67,-1.46,119719,29570593.0
2026-05-29,NIFTYAXIS,EQ,INF846K01W98,AXISAMC-NIFTYAXIS,267.1,267.1,259.47,259.83,263.35,-1.34,63559,16514534.12
2026-05-29,NIFTYBEES,EQ,INF204KB14I2,NIP IND ETF NIFTY BEES,272.24,272.24,267.04,267.78,270.94,-1.17,11388803,3049693653.44
2026-05-29,NIFTYBETA,EQ,INF789F1AZC0,UTIAMC-NIFTYBETA,265.2,265.2,259.84,260.32,263.34,-1.15,158657,41301591.4
2026-05-29,NIFTYBETF,EQ,INF0QA701722,BFAM - NIFTYBETF,244.96,245.64,241.23,241.45,244.19,-1.12,27755,6701444.67
2026-05-29,NIFTYETF,EQ,INF769K01EG9,MIRAEAMC - MAN50ETF,257.99,259.99,254.26,255.23,258.86,-1.4,447275,114157996.34
2026-05-29,NIFTYQLITY,EQ,INF209KB15K4,BIRLASLAMC - NIFTYQLITY,21.25,21.39,21.0,21.04,21.25,-0.99,29227,614936.11
2026-05-29,NIITLTD,EQ,INE161A01038,NIIT LIMITED,68.37,69.65,67.19,67.95,68.08,-0.19,318378,21633784.13
2026-05-29,NIITMTS,EQ,INE342G01023,NIIT LEARNING SYSTEMS LTD,214.0,220.35,203.3,207.45,214.0,-3.06,2413313,500641774.49
2026-05-29,NILAINFRA,EQ,INE937C01029,NILA INFRASTRUCTURES LTD,8.1,8.28,8.0,8.02,8.1,-0.99,230557,1849067.25
2026-05-29,NILASPACES,EQ,INE00S901012,NILA SPACES LIMITED,12.99,13.0,12.53,12.6,12.83,-1.79,312120,3932712.12
2026-05-29,NILKAMAL,EQ,INE310A01015,NILKAMAL LIMITED,1280.2,1301.9,1271.0,1279.2,1299.6,-1.57,3006,3845275.05
2026-05-29,NIMBSPROJ,EQ,INE875B01015,NIMBUS PROJECTS LIMITED,216.64,216.64,205.95,214.6,216.64,-0.94,2510,538646.02
2026-05-29,NINSYS,EQ,INE395U01014,NINTEC SYSTEMS LIMITED,690.0,715.0,680.0,708.8,682.35,3.88,9780,6932063.88
2026-05-29,NIPPOBATRY,EQ,INE567A01028,INDO-NATIONAL LIMITED,365.0,372.0,357.0,369.2,362.9,1.74,6024,2224060.87
2026-05-29,NIRAJ,EQ,INE368I01016,NIRAJ CEMENT STRUC LTD,28.0,29.5,27.62,28.23,28.69,-1.6,20514,579110.21
2026-05-29,NIRLON,EQ,INE910A01012,NIRLON LTD,610.0,621.7,602.0,602.2,615.6,-2.18,30043,18091894.97
2026-05-29,NITCO,EQ,INE858F01012,NITCO LIMITED,96.95,102.5,95.11,98.35,94.97,3.56,872590,85819225.17
2026-05-29,NITINSPIN,EQ,INE229H01012,NITIN SPINNERS LIMITED,494.9,510.0,480.65,489.35,494.9,-1.12,278876,136467972.3
2026-05-29,NITIRAJ,EQ,INE439T01012,NITIRAJ ENGINEERS LTD,195.05,196.0,190.25,194.24,195.66,-0.73,993,192880.33
2026-05-29,NITTAGELA,EQ,INE265B01019,NITTA GELATIN INDIA LTD.,1658.95,1658.95,1590.0,1626.6,1653.45,-1.62,12172,19798974.9
2026-05-29,NIVABUPA,EQ,INE995S01015,NIVA BUPA HEALTH INS CO L,82.96,85.25,82.9,83.5,83.61,-0.13,1462589,122126181.5
2026-05-29,NLCINDIA,EQ,INE589A01014,NLC INDIA LIMITED,353.0,362.0,342.2,347.55,349.9,-0.67,10148326,3527050577.42
2026-05-29,NMDC,EQ,INE584A01023,NMDC LTD.,93.0,93.05,87.39,87.99,92.28,-4.65,50736815,4464332243.46
2026-05-29,NOCIL,EQ,INE163A01018,NOCIL LIMITED,169.14,169.78,166.01,168.13,169.14,-0.6,264880,44534275.69
2026-05-29,NOIDATOLL,EQ,INE781B01015,NOIDA TOLL BRIDGE CO LTD,5.86,5.86,5.86,5.86,6.16,-4.87,70598,413704.29
2026-05-29,NORBTEAEXP,EQ,INE369C01017,NORBEN TEA & EXPORTS LTD,81.65,81.65,77.57,77.57,81.65,-5.0,3553,275606.21
2026-05-29,NORTHARC,EQ,INE850M01015,NORTHERN ARC CAPITAL LTD,283.0,290.0,275.1,281.6,282.1,-0.18,547107,154065334.54
2026-05-29,NOVAAGRI,EQ,INE02H701025,NOVA AGRITECH LIMITED,28.36,29.1,28.01,28.11,28.36,-0.88,71339,2005339.33
2026-05-29,NOVARTIND,EQ,INE234A01025,NOVARTIS INDIA LIMITED,1482.0,1575.0,1472.1,1556.6,1487.7,4.63,52927,82386166.91
2026-05-29,NPBET,EQ,INF277K010X4,TATAAML - NPBET,275.43,276.93,270.8,271.7,274.06,-0.86,1343,364893.12
2026-05-29,NPST,EQ,INE0FFK01017,NETWORK PEOPLE SRV TECH L,1025.0,1200.9,932.8,1155.3,1027.6,12.43,285957,330366136.06
2026-05-29,NRAIL,EQ,INE740D01017,N R AGARWAL INDS LTD,455.45,459.5,448.0,449.1,455.45,-1.39,1851,831284.11
2026-05-29,NRBBEARING,EQ,INE349A01021,NRB BEARING LIMITED,378.85,383.7,367.95,370.0,381.8,-3.09,407103,150628110.0
2026-05-29,NSIL,EQ,INE023A01030,NALWA SONS INVESTMENT LTD,5775.0,5824.5,5521.0,5602.0,5687.0,-1.49,4129,23130658.0
2026-05-29,NSLNISP,EQ,INE0NNS01018,NMDC STEEL LIMITED,46.5,46.57,44.0,44.62,46.01,-3.02,5076368,226507534.74
2026-05-29,NTPC,EQ,INE733E01010,NTPC LTD,400.0,401.65,385.1,386.9,398.15,-2.83,17003143,6578515922.92
2026-05-29,NTPCGREEN,EQ,INE0ONG01011,NTPC GREEN ENERGY LIMITED,104.45,106.9,102.01,103.52,104.33,-0.78,8384667,867980699.69
2026-05-29,NUCLEUS,EQ,INE096B01018,NUCLEUS SOFTWARE EXPORTS,779.35,779.35,760.0,763.95,775.45,-1.48,39166,29920866.18
2026-05-29,NUVAMA,EQ,INE531F01023,NUVAMA WEALTH MANAGE LTD,1538.0,1577.3,1522.2,1554.6,1537.2,1.13,665522,1034620484.95
2026-05-29,NUVOCO,EQ,INE118D01016,NUVOCO VISTAS CORP LTD,335.0,365.75,334.05,348.65,331.75,5.09,5329817,1858240664.52
2026-05-29,NV20,EQ,INF174KA1ZE1,KOTAKMAMC - KTKNV20ETF,14.5,14.5,14.05,14.17,14.25,-0.56,57885,820230.45
2026-05-29,NV20BEES,EQ,INF204KB18I3,NIP IND ETF ETF NV20,141.5,144.5,140.1,141.38,142.27,-0.63,30955,4376418.05
2026-05-29,NV20IETF,EQ,INF109KC11V0,ICICI PRUDENTIAL NV20 ETF,14.1,14.1,13.7,13.75,13.88,-0.94,465979,6407211.25
2026-05-29,NYKAA,EQ,INE388Y01029,FSN E COMMERCE VENTURES,263.15,265.25,259.05,262.3,263.15,-0.32,19333644,5071214585.19
2026-05-29,OAL,EQ,INE959C01023,ORIENTAL AROMATICS LTD,333.8,334.4,327.0,327.85,334.05,-1.86,15310,5019383.59
2026-05-29,OBCL,EQ,INE426Z01016,OBCL LIMITED,52.1,53.74,51.65,51.99,52.21,-0.42,5431,282357.7
2026-05-29,OBEROIRLTY,EQ,INE093I01010,OBEROI REALTY LIMITED,1691.0,1744.0,1684.2,1707.1,1692.6,0.86,1489810,2543254614.63
2026-05-29,ODIGMA,EQ,INE054301028,ODIGMA CONSULTANCY SOL L,24.71,25.39,23.49,23.49,24.72,-4.98,111116,2610114.81
2026-05-29,OFSS,EQ,INE881D01027,ORACLE FIN SERV SOFT LTD.,10345.5,10584.5,9900.0,9964.0,10299.5,-3.26,682054,6795986056.0
2026-05-29,OIL,EQ,INE274J01014,OIL INDIA LTD,487.55,487.65,472.3,476.15,488.0,-2.43,9869236,4699236661.16
2026-05-29,OILIETF,EQ,INF109KC18W3,ICICIPRAMC - OILIETF,11.61,11.78,11.32,11.38,11.62,-2.07,2105047,23955435.1
2026-05-29,OLAELEC,EQ,INE0LXG01040,OLA ELECTRIC MOBILITY LTD,39.7,42.88,39.65,41.49,39.24,5.73,326178767,13533157590.31
2026-05-29,OLECTRA,EQ,INE260D01016,OLECTRA GREENTECH LIMITED,1234.0,1239.0,1166.4,1180.0,1227.8,-3.89,482544,569401920.0
2026-05-29,OMAXAUTO,EQ,INE090B01011,OMAX AUTOS LTD,263.4,263.4,241.5,245.95,251.12,-2.06,106991,26314436.12
2026-05-29,OMAXE,EQ,INE800H01010,OMAXE LIMITED,77.72,79.2,74.54,75.11,77.72,-3.36,98957,7432660.33
2026-05-29,OMINFRAL,EQ,INE239D01028,OM INFRA LIMITED,89.51,90.8,87.0,87.46,89.51,-2.29,79663,6967325.91
2026-05-29,OMNI,EQ,INE0UH301010,OMNITECH ENGINEERING LTD,440.0,515.0,434.95,497.65,434.95,14.42,3307375,1645915148.56
2026-05-29,OMPOWER,EQ,INE25E901019,OM POWER TRANSMISSION LTD,182.71,182.71,169.0,170.69,175.92,-2.97,705861,120483415.81
2026-05-29,ONEPOINT,EQ,INE840Y01029,ONE POINT ONE SOL LTD,65.6,65.85,61.58,62.57,64.5,-2.99,4783760,299319861.74
2026-05-29,ONESOURCE,EQ,INE013P01021,ONESOURCE SPECL PHARMA L,1791.1,1888.4,1771.6,1824.6,1791.1,1.87,604575,1103107530.24
2026-05-29,ONGC,EQ,INE213A01029,OIL AND NATURAL GAS CORP.,275.95,276.05,261.55,265.4,274.05,-3.16,74403401,19746662171.28
2026-05-29,ONIDA,EQ,INE831A01028,ONIDA ELECTRONICS LIMITED,42.61,44.3,41.15,42.19,42.61,-0.99,932950,39361159.22
2026-05-29,ONWARDTEC,EQ,INE229A01017,ONWARD TECHNOLOGIES LTD,268.97,272.4,262.2,264.87,268.97,-1.52,41250,10925887.3
2026-05-29,OPTIEMUS,EQ,INE350C01017,OPTIEMUS INFRACOM LTD,409.65,418.9,402.6,405.3,413.35,-1.95,85909,34818916.65
2026-05-29,ORCHASP,EQ,INE215B01022,ORCHASP LIMITED,2.01,2.01,1.94,1.96,2.01,-2.49,574836,1126678.58
2026-05-29,ORCHPHARMA,EQ,INE191A01027,ORCHID PHARMA LIMITED,750.9,828.0,750.9,792.5,761.35,4.09,290120,229920100.0
2026-05-29,ORICONENT,EQ,INE730A01022,ORICON ENTERPRISES LTD,63.1,66.7,62.75,64.83,64.04,1.23,212513,13777218.18
2026-05-29,ORIENTALTL,EQ,INE998H01012,ORIENTAL TRIMEX LTD,6.55,6.55,6.38,6.46,6.38,1.25,70041,452464.86
2026-05-29,ORIENTBELL,EQ,INE607D01018,ORIENT BELL LIMITED,351.95,354.55,332.6,336.95,352.15,-4.32,15198,5120966.29
2026-05-29,ORIENTCEM,EQ,INE876N01018,ORIENT CEMENT LTD.,143.49,145.5,140.6,141.55,143.49,-1.35,385854,54617634.88
2026-05-29,ORIENTCER,EQ,INE569C01020,ORIENT CERATECH LIMITED,43.5,43.5,40.44,41.5,42.14,-1.52,151150,6272725.0
2026-05-29,ORIENTELEC,EQ,INE142Z01019,ORIENT ELECTRIC LIMITED,193.16,193.85,185.06,188.44,193.16,-2.44,164904,31074510.16
2026-05-29,ORIENTHOT,EQ,INE750A01020,ORIENT HOTELS LTD,100.0,100.0,94.4,95.54,97.55,-2.06,383282,36618762.63
2026-05-29,ORIENTPPR,EQ,INE592A01026,ORIENT PAPER AND INDS LTD,17.85,18.35,17.85,18.17,17.83,1.91,247490,4496893.32
2026-05-29,ORIENTTECH,EQ,INE0PPK01015,ORIENT TECHNOLOGIES LTD,267.25,271.9,265.0,266.75,282.75,-5.66,368436,98280303.0
2026-05-29,ORISSAMINE,EQ,INE725E01024,ORISSA MIN DEV CO LTD,4150.1,4187.5,4071.0,4097.9,4127.5,-0.72,4002,16399795.41
2026-05-29,ORKLAINDIA,EQ,INE16NZ01023,ORKLA INDIA LIMITED,620.0,622.5,612.0,613.85,615.3,-0.24,28846,17707116.4
2026-05-29,ORTINGLOBE,EQ,INE749B01020,ORTIN GLOBAL LIMITED,17.1,17.12,15.5,15.51,16.31,-4.9,49238,763681.39
2026-05-29,OSWALAGRO,EQ,INE142A01012,OSWAL AGRO MILLS LTD,45.7,46.75,43.96,44.47,45.83,-2.97,82095,3650764.75
2026-05-29,OSWALGREEN,EQ,INE143A01010,OSWAL GREENTECH LIMITED,24.42,24.7,23.9,24.11,23.92,0.79,264218,6370296.14
2026-05-29,OSWALPUMPS,EQ,INE0BYP01024,OSWAL PUMPS LIMITED,365.5,379.0,358.75,362.05,362.5,-0.12,579412,209776107.53
2026-05-29,OSWALSEEDS,EQ,INE00IK01029,SHREEOSWAL S AND CHE LTD,11.0,11.28,10.81,11.0,10.93,0.64,103505,1138555.0
2026-05-29,PACEDIGITK,EQ,INE0S3G01027,PACE DIGITEK LIMITED,204.0,204.0,188.26,189.94,203.58,-6.7,3899838,740735239.24
2026-05-29,PAGEIND,EQ,INE761H01022,PAGE INDUSTRIES LTD,38010.0,38680.0,37630.0,38195.0,38145.0,0.13,84377,3222779515.0
2026-05-29,PAISALO,EQ,INE420C01059,PAISALO DIGITAL LIMITED,49.49,52.4,49.34,51.58,49.36,4.5,25618040,1321378550.11
2026-05-29,PAKKA,EQ,INE551D01018,PAKKA LIMITED,92.8,93.9,89.01,91.44,91.17,0.3,84970,7769657.01
2026-05-29,PALASHSECU,EQ,INE471W01019,PALASH SECURITIES LTD,106.75,106.75,97.2,100.0,98.95,1.06,2861,286100.0
2026-05-29,PALREDTEC,EQ,INE218G01033,PALRED TECHNOLOGIES LTD,47.3,48.5,45.1,47.35,47.3,0.11,4221,199864.34
2026-05-29,PANACEABIO,EQ,INE922B01023,PANACEA BIOTEC LTD,414.45,427.4,409.05,412.85,413.15,-0.07,99419,41045134.76
2026-05-29,PANAMAPET,EQ,INE305C01029,PANAMA PETROCHEM LTD,339.85,366.8,320.1,329.05,340.25,-3.29,1586553,522055245.28
2026-05-29,PANSARI,EQ,INE697V01011,PANSARI DEVELOPERS LTD,293.4,301.0,293.4,299.5,296.7,0.94,536,160532.0
2026-05-29,PARACABLES,EQ,INE074B01023,PARAMOUNT COMM LTD,68.2,69.78,64.66,65.87,67.88,-2.96,4265442,280964676.26
2026-05-29,PARADEEP,EQ,INE088F01024,PARADEEP PHOSPHATES LTD,127.12,127.99,124.85,125.96,126.89,-0.73,2395161,301694477.37
2026-05-29,PARAGMILK,EQ,INE883N01014,PARAG MILK FOODS LTD.,214.5,224.95,213.4,222.31,213.6,4.08,1235854,274742699.72
2026-05-29,PARAS,EQ,INE045601023,PARAS DEF AND SPCE TECH L,850.95,854.0,814.5,819.35,846.65,-3.22,1226801,1005179369.4
2026-05-29,PARASPETRO,EQ,INE162C01024,PARAS PETROFILS LTD.,1.92,2.1,1.92,2.02,2.02,0.0,194035,391950.7
2026-05-29,PARKHOSPS,EQ,INE119201023,PARK MEDI WORLD LIMITED,287.0,293.8,286.04,288.54,286.47,0.72,910879,262825034.44
2026-05-29,PARKHOTELS,EQ,INE988S01028,PARKHOTELS,119.0,119.2,115.8,116.32,119.23,-2.44,131176,15258392.28
2026-05-29,PASHUPATI,EQ,INE124Y01028,PASHUPATI COTSPIN LIMITED,98.01,101.97,93.76,95.84,96.87,-1.06,195728,18758570.8
2026-05-29,PASUPTAC,EQ,INE818B01023,PASUPATI ACRYLON LIMITED,61.93,62.69,59.4,59.85,61.93,-3.36,290121,17363741.41
2026-05-29,PATANJALI,EQ,INE619A01035,PATANJALI FOODS LIMITED,459.8,460.45,449.3,456.2,454.75,0.32,3322253,1515611859.15
2026-05-29,PATELENG,EQ,INE244B01030,PATEL ENGINEERING LTD.,27.64,28.15,27.25,27.43,27.72,-1.05,4009689,109985770.49
2026-05-29,PATELRMART,EQ,INE0R8B01010,PATEL RETAIL LIMITED,186.3,187.19,179.04,181.61,184.81,-1.73,71045,12902482.49
2026-05-29,PAUSHAKLTD,EQ,INE111F01024,PAUSHAK LIMITED,456.0,459.75,444.0,445.2,449.85,-1.03,7556,3363931.29
2026-05-29,PAVNAIND,EQ,INE07S101038,PAVNA INDUSTRIES LIMITED,18.6,18.7,17.82,18.19,18.7,-2.73,61018,1109917.45
2026-05-29,PAYTM,EQ,INE982J01020,ONE 97 COMMUNICATIONS LTD,1128.0,1141.0,1112.0,1118.8,1128.2,-0.83,3065803,3430020546.1
2026-05-29,PCBL,EQ,INE602A01031,PCBL CHEMICAL LIMITED,289.05,292.9,282.7,289.85,287.5,0.82,971874,281697684.83
2026-05-29,PCJEWELLER,EQ,INE785M01021,PC JEWELLER LTD,9.5,10.48,9.4,9.6,9.2,4.35,365842949,3512092449.96
2026-05-29,PDMJEPAPER,EQ,INE865T01018,PUDUMJEE PAPER PRO. LTD,82.55,83.95,80.01,81.05,83.14,-2.51,133851,10848623.96
2026-05-29,PDSL,EQ,INE111Q01021,PDS LIMITED,297.0,303.35,295.3,302.2,299.45,0.92,104905,31702292.28
2026-05-29,PEARLPOLY,EQ,INE844A01013,PEARL POLYMERS LTD,18.61,19.5,18.61,19.37,18.61,4.08,26872,520510.66
2026-05-29,PENIND,EQ,INE932A01024,PENNAR INDUSTRIES LTD,173.0,176.13,161.65,162.8,171.89,-5.29,1729477,281558860.88
2026-05-29,PENINLAND,EQ,INE138A01028,PENINSULA LAND LIMITED,17.2,17.5,17.03,17.13,17.15,-0.12,119448,2046144.14
2026-05-29,PERSISTENT,EQ,INE262H01021,PERSISTENT SYSTEMS LTD,5150.0,5278.0,5150.0,5194.3,5098.4,1.88,1393236,7236885482.68
2026-05-29,PETRONET,EQ,INE347G01014,PETRONET LNG LIMITED,280.0,280.25,266.85,271.05,278.8,-2.78,8651681,2345038029.44
2026-05-29,PFC,EQ,INE134E01011,POWER FIN CORP LTD.,435.95,439.25,425.15,428.6,433.5,-1.13,16317068,6993495444.39
2026-05-29,PFIZER,EQ,INE182A01018,PFIZER LTD,4622.6,4671.7,4570.0,4598.5,4622.6,-0.52,16273,74831390.5
2026-05-29,PFOCUS,EQ,INE367G01038,PRIME FOCUS LIMITED,235.0,249.45,230.1,233.4,239.85,-2.69,184753,43121349.07
2026-05-29,PFS,EQ,INE560K01014,PTC INDIA FIN SERV LTD,30.7,31.19,30.56,30.69,30.7,-0.03,833187,25570509.47
2026-05-29,PGEL,EQ,INE457L01029,PG ELECTROPLAST LTD,466.35,493.9,458.9,482.55,476.05,1.37,11009379,5312575702.06
2026-05-29,PGHH,EQ,INE179A01014,P&G HYGIENE & HEALTH CARE,10115.0,10116.0,9620.0,9651.0,10115.0,-4.59,38325,369874575.0
2026-05-29,PGHL,EQ,INE199A01012,PROCTER & GAMBLE HEALTH L,6076.0,6389.0,5953.0,6056.0,6247.5,-3.07,68807,416695192.0
2026-05-29,PGIL,EQ,INE940H01022,PEARL GLOBAL IND LIMITED,814.5,832.0,800.0,826.75,811.15,1.92,161636,133632563.0
2026-05-29,PHARMABEES,EQ,INF204KC1089,NIPPONAMC - NETFPHARMA,25.58,25.58,24.4,25.02,25.32,-1.18,9896004,247598024.61
2026-05-29,PHOENIXLTD,EQ,INE211B01039,THE PHOENIX MILLS LTD,1761.0,1792.4,1740.0,1771.2,1771.8,-0.03,1303824,2309333005.14
2026-05-29,PICCADIL,EQ,INE546C01010,PICCADILY AGRO INDUSTRI L,580.0,590.35,575.05,579.55,579.2,0.06,158968,92129902.46
2026-05-29,PIDILITIND,EQ,INE318A01026,PIDILITE INDUSTRIES LTD,1474.2,1500.7,1466.5,1482.8,1480.7,0.14,4438929,6582044137.94
2026-05-29,PIGL,EQ,INE557Z01018,POWER INSTRUMENT (G) LTD,107.99,110.6,106.15,108.3,106.33,1.85,70235,7606450.71
2026-05-29,PIIND,EQ,INE603J01030,PI INDUSTRIES LTD,2855.9,2874.0,2750.0,2775.0,2847.3,-2.54,1148826,3187992150.0
2026-05-29,PILANIINVS,EQ,INE417C01014,PILANI INV & IND COR LTD,4620.0,4685.9,4465.0,4489.3,4632.1,-3.08,10406,46715653.77
2026-05-29,PILITA,EQ,INE600A01035,PIL ITALICA LIFESTYLE LTD,8.05,8.35,7.9,8.1,8.07,0.37,51437,416639.72
2026-05-29,PINELABS,EQ,INE15B701018,PINE LABS LIMITED,147.99,152.24,143.0,144.51,145.83,-0.91,65636370,9485111468.15
2026-05-29,PIONEEREMB,EQ,INE156C01018,PIONEER EMBROIDERIES LTD,26.42,26.9,26.05,26.11,26.42,-1.17,4857,126816.27
2026-05-29,PIRAMALFIN,EQ,INE202B01038,PIRAMAL FINANCE LIMITED,1985.0,1985.0,1913.0,1926.8,1985.9,-2.98,494359,952530945.34
2026-05-29,PITTIENG,EQ,INE450D01021,PITTI ENGINEERING LIMITED,968.6,973.4,916.8,934.25,968.6,-3.55,37949,35453853.25
2026-05-29,PIXTRANS,EQ,INE751B01018,PIX TRANSMISSIONS LIMITED,1530.0,1625.0,1516.1,1555.0,1527.6,1.79,45446,70668530.0
2026-05-29,PLASTIBLEN,EQ,INE083C01022,PLASTIBLENDS INDIA LTD,177.5,177.5,170.01,172.02,177.43,-3.05,19355,3329447.18
2026-05-29,PLATIND,EQ,INE0PT501018,PLATINUM INDUSTRIES LTD,226.34,226.48,221.4,222.19,224.67,-1.1,70054,15565298.43
2026-05-29,PLAZACABLE,EQ,INE0INJ01017,PLAZA WIRES LIMITED,47.52,48.0,46.0,46.81,47.5,-1.45,41321,1934236.07
2026-05-29,PNB,EQ,INE160A01022,PUNJAB NATIONAL BANK,106.75,108.47,105.57,106.05,106.67,-0.58,32063993,3400386555.5
2026-05-29,PNBGILTS,EQ,INE859A01011,PNB GILTS LIMITED,76.95,80.98,76.74,78.79,76.73,2.68,898216,70770439.46
2026-05-29,PNBHOUSING,EQ,INE572E01012,PNB HOUSING FIN LTD.,1077.9,1086.0,1020.7,1030.5,1077.9,-4.4,2065203,2128191691.5
2026-05-29,PNC,EQ,INE392B01011,PNC MEDIA AND ENT LTD,18.5,19.25,18.4,18.53,18.58,-0.27,27635,512076.57
2026-05-29,PNCINFRA,EQ,INE195J01029,PNC INFRATECH LTD.,211.9,212.87,202.05,204.8,211.72,-3.27,690655,141446146.11
2026-05-29,PNGJL,EQ,INE953R01016,P N GADGIL JEWELLERS LTD,540.0,560.25,530.0,546.1,535.65,1.95,485648,265212360.94
2026-05-29,PNGSREVA,EQ,INE1RDG01013,PNGS REVA DIAMOND JEWEL L,379.95,387.85,364.0,376.65,381.55,-1.28,111145,41862763.57
2026-05-29,POCL,EQ,INE063E01061,PONDY OXIDES & CHEM LTD,526.08,539.76,509.8,514.12,522.08,-1.52,1471972,756770237.45
2026-05-29,PODDARMENT,EQ,INE371C01013,PODDAR PIGMENTS LIMITED,252.15,259.0,248.05,252.3,252.05,0.1,1435,362050.5
2026-05-29,POKARNA,EQ,INE637C01025,POKARNA LIMITED,795.0,828.0,780.8,800.7,813.7,-1.6,146034,116929425.58
2026-05-29,POLICYBZR,EQ,INE417T01026,PB FINTECH LIMITED,1769.0,1769.0,1693.2,1702.5,1784.8,-4.61,3301589,5620955272.5
2026-05-29,POLYCAB,EQ,INE455K01017,POLYCAB INDIA LIMITED,9700.0,9747.0,9426.0,9477.5,9664.0,-1.93,496089,4701683497.5
2026-05-29,POLYMED,EQ,INE205C01021,POLY MEDICURE LIMITED,1329.3,1397.5,1318.0,1349.7,1330.3,1.46,438114,591322444.41
2026-05-29,POLYPLEX,EQ,INE633B01018,POLYPLEX CORPORATION LTD,921.5,961.9,910.0,926.1,904.05,2.44,160198,148359363.89
2026-05-29,PONNIERODE,EQ,INE838E01017,PONNIE SUGARS (ERODE) LTD,308.0,308.0,302.0,302.6,304.15,-0.51,9316,2819021.66
2026-05-29,POONAWALLA,EQ,INE511C01022,POONAWALLA FINCORP LTD,396.0,398.9,379.05,382.85,394.5,-2.95,2142714,820338067.98
2026-05-29,POWERGRID,EQ,INE752E01010,POWER GRID CORP. LTD.,303.0,303.0,285.45,290.55,300.15,-3.2,77407363,22490708374.74
2026-05-29,POWERICA,EQ,INE921L01032,POWERICA LIMITED,563.0,572.0,514.35,551.45,571.5,-3.51,505080,278526372.17
2026-05-29,POWERINDIA,EQ,INE07Y701011,HITACHI ENERGY INDIA LTD,37750.0,38645.0,36810.0,38445.0,37550.0,2.38,376115,14459741175.0
2026-05-29,POWERMECH,EQ,INE211R01019,POWER MECH PROJECTS LTD.,2494.0,2550.0,2461.0,2500.7,2482.3,0.74,121185,303047323.58
2026-05-29,PPLPHARMA,EQ,INE0DK501011,PIRAMAL PHARMA LIMITED,174.51,175.88,171.25,172.79,174.24,-0.83,2626463,453826524.14
2026-05-29,PRABHA,EQ,INE0I0M01023,PRABHA ENERGY LIMITED,161.0,161.1,156.1,157.13,161.14,-2.49,42600,6693738.21
2026-05-29,PRAENG,EQ,INE505C01016,PRAJAY ENG. SYN. LTD.,23.75,23.75,22.0,22.14,22.96,-3.57,35852,793763.26
2026-05-29,PRAJIND,EQ,INE074A01025,PRAJ INDUSTRIES LTD,359.0,374.85,350.1,352.3,383.8,-8.21,2584090,910374875.46
2026-05-29,PRAKASH,EQ,INE603A01013,PRAKASH INDUSTRIES LTD,152.99,153.99,147.05,148.14,152.28,-2.72,450639,66757661.18
2026-05-29,PRAKASHSTL,EQ,INE696K01024,PRAKASH STEELAGE LTD,4.45,4.59,4.44,4.53,4.56,-0.66,158722,719010.69
2026-05-29,PRAXIS,EQ,INE546Y01022,PRAXIS HOME RETAIL LTD,7.19,7.19,6.8,7.14,6.97,2.44,69540,496515.59
2026-05-29,PRECAM,EQ,INE484I01029,PRECISION CAMSHAFTS LTD.,152.91,159.0,151.8,153.89,153.06,0.54,326755,50284326.75
2026-05-29,PRECOT,EQ,INE283A01014,PRECOT LIMITED,849.0,861.25,802.7,802.7,844.9,-4.99,6208,4983161.68
2026-05-29,PRECWIRE,EQ,INE372C01037,PRECISION WIRES INDIA LTD,449.0,451.3,417.5,420.35,444.8,-5.5,659566,277248572.13
2026-05-29,PREMEXPLN,EQ,INE863B01029,PREMIER EXPLOSIVES LTD,719.0,734.75,675.0,690.55,717.55,-3.76,967875,668366069.44
2026-05-29,PREMIERENE,EQ,INE0BS701011,PREMIER ENERGIES LIMITED,1060.0,1081.2,1040.0,1061.0,1046.0,1.43,4187722,4443173042.0
2026-05-29,PREMIERPOL,EQ,INE309M01020,PREMIER POLYFILM LTD,55.95,55.95,54.0,54.55,55.13,-1.05,239999,13091945.27
2026-05-29,PRESTIGE,EQ,INE811K01011,PRESTIGE ESTATE LTD,1389.2,1423.0,1353.8,1369.2,1399.8,-2.19,1176813,1611292302.14
2026-05-29,PRICOLLTD,EQ,INE726V01018,PRICOL LIMITED,563.3,577.2,558.0,562.1,558.25,0.69,682632,383707430.53
2026-05-29,PRIMESECU,EQ,INE032B01021,PRIME SECURITIES LIMITED,284.25,284.25,279.1,280.05,284.7,-1.63,7355,2059767.66
2026-05-29,PRIMO,EQ,INE607A01022,PRIMO CHEMICALS LIMITED,21.65,25.38,21.3,23.02,21.72,5.99,414111,9532835.41
2026-05-29,PRINCEPIPE,EQ,INE689W01016,PRINCE PIPES FITTINGS LTD,267.0,272.0,260.05,262.15,266.35,-1.58,391881,102731601.76
2026-05-29,PRITI,EQ,INE974Z01015,PRITI INTERNATIONAL LTD,43.0,44.98,43.0,43.51,43.41,0.23,10829,471169.77
2026-05-29,PRIVISCL,EQ,INE959A01019,PRIVI SPECIALITY CHE LTD,3290.5,3349.7,3188.1,3255.2,3290.5,-1.07,157408,512394513.91
2026-05-29,PROSTARM,EQ,INE0BX301013,PROSTARM INFO SYSTEMS LTD,143.45,143.45,136.0,138.07,142.31,-2.98,309417,42721207.46
2026-05-29,PROTEAN,EQ,INE004A01022,PROTEAN EGOV TECHNO LTD,639.0,640.0,615.2,620.35,637.95,-2.76,299272,185653377.89
2026-05-29,PROZONER,EQ,INE195N01013,PROZONE REALTY LIMITED,53.0,54.59,52.11,52.92,53.86,-1.75,191892,10154924.29
2026-05-29,PRSMJOHNSN,EQ,INE010A01011,PRISM JOHNSON LIMITED,121.58,124.08,118.06,120.42,121.58,-0.95,4271757,514404970.12
2026-05-29,PRUDENT,EQ,INE00F201020,PRUDENT CORP ADV SER LTD,2672.8,2766.6,2659.7,2720.2,2672.8,1.77,66454,180768167.56
2026-05-29,PSB,EQ,INE608A01012,PUNJAB & SIND BANK,24.1,24.6,23.68,23.98,24.28,-1.24,1374057,32949886.23
2026-05-29,PSPPROJECT,EQ,INE488V01015,PSP PROJECTS LIMITED,872.45,874.15,845.65,854.7,869.85,-1.74,98759,84409318.51
2026-05-29,PSUBANK,EQ,INF174KA1A86,KOTAK PSU BANK,846.56,846.56,815.63,820.24,825.92,-0.69,12989,10654097.23
2026-05-29,PSUBANKADD,EQ,INF740KA1SY9,DSPAMC - DSPPSBKETF,85.41,85.41,82.38,82.83,83.33,-0.6,92427,7655728.58
2026-05-29,PSUBNKBEES,EQ,INF204KB16I7,NIP IND ETF PSU BANK BEES,94.39,97.14,90.91,91.2,92.09,-0.97,2601935,237296464.06
2026-05-29,PSUBNKIETF,EQ,INF109KC10S8,ICICIPRAMC - PSUBANKICI,83.96,84.22,82.43,82.66,83.4,-0.89,101210,8366018.97
2026-05-29,PTC,EQ,INE877F01012,PTC INDIA LIMITED,188.22,190.85,181.2,183.15,189.69,-3.45,2033853,372500164.54
2026-05-29,PTCIL,EQ,INE596F01018,PTC INDUSTRIES LIMITED,16755.0,16777.0,15930.0,16191.0,16687.0,-2.97,18835,304957485.0
2026-05-29,PTL,EQ,INE034D01049,PTL ENTERPRISES LTD,38.84,39.5,38.84,38.94,39.35,-1.04,58868,2292319.84
2026-05-29,PUNJABCHEM,EQ,INE277B01014,PUNJAB CHEM & CROP PROT L,1010.1,1058.6,992.0,1033.8,1011.4,2.21,25015,25860508.22
2026-05-29,PURVA,EQ,INE323I01011,PURAVANKARA LIMITED,218.31,223.63,218.1,219.02,220.84,-0.82,89117,19518405.72
2026-05-29,PVP,EQ,INE362A01016,PVP VENTURES LIMITED,26.99,27.01,25.75,26.15,26.79,-2.39,478405,12510290.57
2026-05-29,PVRINOX,EQ,INE191H01014,PVR INOX LIMITED,957.8,972.0,957.8,962.6,957.8,0.5,210317,202451139.07
2026-05-29,PVSL,EQ,INE772T01024,POPULAR VEHICLES N SER L,99.94,101.4,97.0,97.54,99.93,-2.39,71849,7008151.53
2026-05-29,PVTBANIETF,EQ,INF109KC18U7,ICICIPRAMC - ICICIBANKP,26.92,27.14,26.42,26.57,26.86,-1.08,1652389,43903975.23
2026-05-29,PVTBANKADD,EQ,INF740KA1TA7,DSPAMC - DSPPVBKETF,27.59,27.59,26.5,26.66,26.92,-0.97,91631,2442882.45
2026-05-29,PVTBKGROWW,EQ,INF666M01OT5,GROWWAMC - PVTBKGROWW,27.26,27.26,25.75,26.49,26.73,-0.9,60314,1597717.85
2026-05-29,PWL,EQ,INE0LP301011,PHYSICSWALLAH LIMITED,114.51,117.95,102.63,106.72,111.99,-4.71,38188192,4075443896.86
2026-05-29,PYRAMID,EQ,INE0MIS01010,PYRAMID TECHNOPLAST LTD,168.18,168.55,162.1,163.17,168.18,-2.98,34867,5689248.33
2026-05-29,QGOLDHALF,EQ,INF082J01408,QUANTUM GOLD ETF,132.28,132.28,128.16,128.8,129.06,-0.2,134083,17269890.81
2026-05-29,QNIFTY,EQ,INF082J01499,QUANTUM NIFTY 50 ETF,262.0,264.8,257.8,259.37,261.76,-0.91,5926,1537026.59
2026-05-29,QPOWER,EQ,INE0SII01026,QUALITY POWER ELEC EQUP L,1097.8,1110.6,1056.0,1062.1,1091.4,-2.68,182000,193302195.56
2026-05-29,QUADFUTURE,EQ,INE0LRY01011,QUADRANT FUTURE TEK LTD,290.0,301.0,288.2,292.75,295.15,-0.81,509743,149227263.25
2026-05-29,QUAL30IETF,EQ,INF109KC18V5,ICICIPRAMC - ICICIQTY30,21.04,21.19,20.53,20.81,21.03,-1.05,192894,4014124.04
2026-05-29,QUESS,EQ,INE615P01015,QUESS CORP LIMITED,216.0,216.0,208.0,209.09,213.16,-1.91,156079,32634557.54
2026-05-29,QUICKHEAL,EQ,INE306L01010,QUICK HEAL TECH LTD,191.48,194.44,184.09,186.02,191.11,-2.66,467181,86905011.62
2026-05-29,RACE,EQ,INE084Q01012,RACE ECO CHAIN LIMITED,119.49,119.49,112.2,115.36,117.41,-1.75,7921,913766.56
2026-05-29,RACLGEAR,EQ,INE704B01017,RACL GEARTECH LIMITED,1284.7,1359.5,1264.0,1320.9,1265.8,4.35,44931,59349359.0
2026-05-29,RADAAN,EQ,INE874F01027,RADAAN MEDIAWORKS (I) LTD,3.3,3.3,2.94,3.03,3.16,-4.11,48135,145849.05
2026-05-29,RADIANTCMS,EQ,INE855R01021,RADIANT CASH MGMT SER LTD,43.0,43.0,40.5,40.62,41.9,-3.05,134003,5443201.72
2026-05-29,RADICO,EQ,INE944F01028,RADICO KHAITAN LTD,3442.0,3569.0,3410.1,3518.6,3439.3,2.31,647859,2279556740.67
2026-05-29,RADIOCITY,EQ,INE919I01024,MUSIC BROADCAST LIMITED,6.24,6.24,6.01,6.15,6.09,0.99,29842,183528.3
2026-05-29,RAILTEL,EQ,INE0DD101019,RAILTEL CORP OF IND LTD,325.4,326.2,312.75,315.3,324.3,-2.78,916935,289109594.31
2026-05-29,RAIN,EQ,INE855B01025,RAIN INDUSTRIES LIMITED,177.9,193.55,174.58,188.07,176.49,6.56,18661235,3509618603.13
2026-05-29,RAINBOW,EQ,INE961O01016,RAINBOW CHILDRENS MED LTD,1377.1,1394.0,1361.0,1380.3,1377.1,0.23,119276,164636668.62
2026-05-29,RAJMET,EQ,INE00KV01022,RAJNANDINI METAL LIMITED,3.97,3.97,3.87,3.88,3.89,-0.26,265840,1031459.23
2026-05-29,RAJPALAYAM,EQ,INE296E01026,RAJAPALAYAM MILLS LTD.,840.0,851.7,785.0,804.6,815.25,-1.31,2137,1719430.15
2026-05-29,RAJRATAN,EQ,INE451D01029,RAJRATAN GLOBAL WIRE LTD,425.0,425.0,405.05,410.75,420.95,-2.42,48852,20065959.0
2026-05-29,RAJSREESUG,EQ,INE562B01019,RAJSHREE SUGAR & CHEMICAL,36.38,36.38,34.95,35.63,35.84,-0.59,23082,822411.68
2026-05-29,RAJTV,EQ,INE952H01027,RAJ TV NETWORK LTD,19.1,19.28,17.1,17.1,18.99,-9.95,382575,6542032.65
2026-05-29,RALLIS,EQ,INE613A01020,RALLIS INDIA LTD,251.3,252.75,240.1,243.1,250.6,-2.99,556356,135250147.0
2026-05-29,RAMANEWS,EQ,INE278B01020,SHREE RAMA NEWSPRINT LTD,29.83,30.52,29.03,29.68,29.69,-0.03,23793,706176.25
2026-05-29,RAMAPHO,EQ,INE809A01032,RAMA PHOSPHATES LIMITED,120.85,124.82,120.05,122.86,120.85,1.66,38821,4769548.08
2026-05-29,RAMCOCEM,EQ,INE331A01037,THE RAMCO CEMENTS LIMITED,890.4,894.95,866.0,871.2,886.8,-1.76,223216,194465781.92
2026-05-29,RAMCOIND,EQ,INE614A01028,RAMCO INDUSTRIES LIMITED,312.0,317.9,289.25,293.5,311.35,-5.73,329292,96647202.0
2026-05-29,RAMCOSYS,EQ,INE246B01019,RAMCO SYSTEMS LTD.,460.7,480.0,450.6,455.05,461.25,-1.34,239356,108918944.88
2026-05-29,RAMKY,EQ,INE874I01013,RAMKY INFRA LTD,460.0,471.0,442.5,446.7,463.55,-3.63,242756,108439108.16
2026-05-29,RAMRAT,EQ,INE207E01023,RAM RATNA WIRES LIMITED,469.0,473.5,421.9,425.5,464.85,-8.47,638589,271719619.5
2026-05-29,RANASUG,EQ,INE625B01014,RANA SUGARS LTD.,12.62,13.1,12.34,12.74,12.58,1.27,264185,3365716.84
2026-05-29,RANEHOLDIN,EQ,INE384A01010,RANE HOLDINGS LIMITED,1418.8,1459.9,1389.4,1401.3,1418.8,-1.23,17372,24343384.45
2026-05-29,RATEGAIN,EQ,INE0CLI01024,RATEGAIN TRAVEL TECHN LTD,736.2,766.7,725.1,746.45,728.9,2.41,1234116,921205903.26
2026-05-29,RATNAMANI,EQ,INE703B01027,RATNAMANI MET & TUB LTD.,2603.0,2625.0,2530.0,2552.7,2587.3,-1.34,31922,81487287.84
2026-05-29,RATNAVEER,EQ,INE05CZ01011,RATNAVEER PRECISION ENG L,170.06,172.25,163.12,164.19,170.06,-3.45,993108,163058404.94
2026-05-29,RAYMOND,EQ,INE301A01014,RAYMOND LTD,533.45,548.95,521.0,540.4,532.0,1.58,932270,503798730.76
2026-05-29,RAYMONDLSL,EQ,INE02ID01020,RAYMOND LIFESTYLE LIMITED,710.5,721.0,696.25,706.4,710.5,-0.58,1070675,756324846.14
2026-05-29,RAYMONDREL,EQ,INE1SY401010,RAYMOND REALTY LIMITED,576.0,579.95,558.65,561.35,573.95,-2.2,366654,205821213.95
2026-05-29,RBA,EQ,INE07T201019,RESTAURANT BRAND ASIA LTD,69.5,69.5,68.5,68.66,69.07,-0.59,1159683,79623839.03
2026-05-29,RBLBANK,EQ,INE976G01028,RBL BANK LIMITED,350.0,351.1,341.25,345.0,348.25,-0.93,7271205,2508565725.0
2026-05-29,RCF,EQ,INE027A01015,RASHTRIYA CHEMICALS & FER,132.68,132.78,128.1,128.47,132.68,-3.17,1369315,175915899.72
2026-05-29,RECLTD,EQ,INE020B01018,REC LIMITED,342.5,343.65,335.0,337.65,339.7,-0.6,10274190,3469080190.79
2026-05-29,REDINGTON,EQ,INE891D01026,REDINGTON LIMITED,222.85,228.01,221.01,224.33,222.8,0.69,5366422,1203849457.09
2026-05-29,REDTAPE,EQ,INE0LXT01019,REDTAPE LIMITED,141.37,144.99,137.15,139.52,141.37,-1.31,4811170,671254458.96
2026-05-29,REFEX,EQ,INE056I01025,REFEX INDUSTRIES LIMITED,331.7,336.95,322.2,328.3,328.75,-0.14,4195604,1377416741.98
2026-05-29,REGAAL,EQ,INE0MHO01029,REGAAL RESOURCES LIMITED,90.7,90.7,86.22,86.22,90.75,-4.99,162604,14019717.08
2026-05-29,REGENCERAM,EQ,INE277C01012,REGENCY CERAMICS LTD.,43.0,43.0,40.8,41.45,40.98,1.15,692,28683.4
2026-05-29,RELAXO,EQ,INE131B01039,RELAXO FOOT LTD.,310.0,358.0,310.0,345.3,302.0,14.34,16842941,5815867321.7
2026-05-29,RELCHEMQ,EQ,INE750D01016,RELIANCE CHEMOTEX IND LTD,122.0,126.99,122.0,125.34,122.5,2.32,5132,643244.86
2026-05-29,RELIABLE,EQ,INE375Y01018,RELIABLE DATA SERVICE LTD,140.0,140.0,136.51,137.5,138.9,-1.01,37714,5185675.0
2026-05-29,RELIANCE,EQ,INE002A01018,RELIANCE INDUSTRIES LTD,1364.0,1369.0,1317.0,1321.2,1350.5,-2.17,42634247,56328365054.65
2026-05-29,RELIGARE,EQ,INE621H01010,RELIGARE ENTER. LTD.,237.83,240.4,236.01,237.55,237.5,0.02,1134265,269444654.21
2026-05-29,RELTD,EQ,INE206N01018,RAVINDRA ENERGY LIMITED,125.5,137.39,122.67,127.37,124.65,2.18,1098757,139948682.11
2026-05-29,REMSONSIND,EQ,INE474C01023,REMSONS INDUSTRIES LTD,93.8,101.67,92.0,94.36,93.04,1.42,1193729,112640269.17
2026-05-29,RENUKA,EQ,INE087H01022,SHREE RENUKA SUGARS LTD,23.5,23.65,22.7,22.85,23.4,-2.35,21249658,485554693.41
2026-05-29,REPCOHOME,EQ,INE612J01015,REPCO HOME FINANCE LTD,387.0,390.95,378.6,384.0,387.25,-0.84,179857,69065088.0
2026-05-29,REPRO,EQ,INE461B01014,REPRO INDIA LIMITED,381.5,381.5,350.5,360.55,380.55,-5.26,51162,18446458.48
2026-05-29,RESPONIND,EQ,INE688D01026,RESPONSIVE INDUSTRIES LTD,196.79,199.0,191.25,194.24,193.88,0.19,188239,36563544.39
2026-05-29,RETAIL,EQ,INE03DD01011,JHS SVENDGAARD RETAIL V L,20.5,20.6,19.72,20.58,20.6,-0.1,3375,69457.5
2026-05-29,RGL,EQ,INE722H01024,RENAISSANCE GLOBAL LTD,108.0,108.99,100.55,103.31,105.96,-2.5,871924,90078466.31
2026-05-29,RHETAN,EQ,INE0KKN01029,RHETAN TMT LIMITED,30.7,30.74,28.9,30.03,30.47,-1.44,12239734,367559220.42
2026-05-29,RHIM,EQ,INE743M01012,RHI MAGNESITA INDIA LTD,413.0,416.05,386.5,406.6,414.4,-1.88,886706,360534665.01
2026-05-29,RHL,EQ,INE508K01013,ROBUST HOTELS LIMITED,184.5,188.09,182.25,184.73,181.87,1.57,8656,1599022.84
2026-05-29,RICOAUTO,EQ,INE209B01025,RICO AUTO INDUSTRIES LTD,123.9,126.07,115.28,119.06,123.84,-3.86,2474124,294569197.4
2026-05-29,RIIL,EQ,INE046A01015,RELIANCE INDUSTRIAL INFRA,762.0,765.85,749.0,751.45,757.4,-0.79,52020,39090429.64
2026-05-29,RISHABH,EQ,INE0N2P01017,RISHABH INSTRUMENTS LTD,559.0,559.0,525.1,529.65,553.1,-4.24,245151,129844233.14
2026-05-29,RITCO,EQ,INE01EG01016,RITCO LOGISTICS LIMITED,258.0,282.49,253.1,273.26,265.85,2.79,270496,73915739.6
2026-05-29,RITES,EQ,INE320J01015,RITES LIMITED,206.85,207.95,200.0,202.24,205.96,-1.81,608658,123094997.26
2026-05-29,RKDL,EQ,INE722J01012,RAVI KUMAR DIST. LTD.,22.13,22.13,21.11,21.22,21.47,-1.16,9954,211223.87
2026-05-29,RKEC,EQ,INE786W01010,RKEC PROJECTS LIMITED,31.86,32.67,31.25,31.87,31.86,0.03,20793,662672.93
2026-05-29,RKFORGE,EQ,INE399G01023,RAMKRISHNA FORGINGS LTD,569.6,584.1,559.6,566.4,566.1,0.05,698970,395896625.06
2026-05-29,RKSWAMY,EQ,INE0NQ801033,R K SWAMY LIMITED,98.5,101.02,97.05,98.62,97.59,1.06,37370,3685429.5
2026-05-29,RMC,EQ,INE655V01019,RMC SWITCHGEARS LIMITED,400.9,415.6,384.0,388.65,400.65,-3.0,26618,10345085.54
2026-05-29,RML,EQ,INE050H01012,RANE (MADRAS) LIMITED,925.0,929.95,905.1,909.75,925.25,-1.68,21415,19482296.25
2026-05-29,ROHLTD,EQ,INE283H01019,ROYAL ORCHID HOTELS LTD,330.0,340.6,330.0,336.9,328.75,2.48,69958,23568849.77
2026-05-29,ROLEXRINGS,EQ,INE645S01024,ROLEX RINGS LIMITED,142.89,144.0,139.51,140.51,141.55,-0.73,1162890,163397667.51
2026-05-29,ROML,EQ,INE294G01026,RAJ OIL MILLS LIMITED,45.51,46.93,45.51,46.1,45.8,0.66,756,34851.6
2026-05-29,ROSSARI,EQ,INE02A801020,ROSSARI BIOTECH LIMITED,537.1,537.2,513.45,518.85,537.2,-3.42,60420,31348915.52
2026-05-29,ROSSELLIND,EQ,INE847C01020,ROSSELL INDIA LIMITED,55.52,56.88,54.9,55.11,57.22,-3.69,37540,2068829.42
2026-05-29,ROSSTECH,EQ,INE0OJW01016,ROSSELL TECHSYS LIMITED,1065.65,1099.4,1036.2,1056.75,1058.65,-0.18,147476,155845263.0
2026-05-29,ROTO,EQ,INE535D01037,ROTO PUMPS LIMITED,56.0,59.45,54.59,56.07,57.45,-2.4,619984,34762502.69
2026-05-29,ROUTE,EQ,INE450U01017,ROUTE MOBILE LIMITED,518.5,521.05,505.0,507.55,514.75,-1.4,95466,48453767.13
2026-05-29,RPEL,EQ,INE912T01018,RAGHAV PRODUCTIVITY ENH L,975.0,993.8,958.1,965.1,966.1,-0.1,81151,78318828.12
2026-05-29,RPGLIFE,EQ,INE105J01010,RPG LIFE SCIENCES LTD,2235.1,2258.8,2187.2,2224.7,2232.6,-0.35,12035,26774263.91
2026-05-29,RPOWER,EQ,INE614G01033,RELIANCE POWER LTD.,28.0,28.75,27.38,27.64,27.65,-0.04,50904392,1406997363.81
2026-05-29,RPPINFRA,EQ,INE324L01013,R.P.P INFRA PROJECTS LTD,77.44,77.44,73.5,75.68,75.05,0.84,70931,5368058.1
2026-05-29,RPSGVENT,EQ,INE425Y01011,RPSG VENTURES LIMITED,926.0,940.0,911.0,918.7,925.5,-0.73,23297,21402954.18
2026-05-29,RPTECH,EQ,INE0J1F01024,RASHI PERIPHERALS LIMITED,523.0,555.05,517.3,543.1,525.95,3.26,253804,137840946.2
2026-05-29,RRKABEL,EQ,INE777K01022,R R KABEL LIMITED,1968.0,2117.0,1961.4,2056.3,1951.0,5.4,1682862,3460469212.77
2026-05-29,RSL,EQ,INE313L01016,RAJPUTANA STAINLESS LTD,126.0,130.38,125.33,127.06,127.1,-0.03,570525,72490905.11
2026-05-29,RSSOFTWARE,EQ,INE165B01029,R. S. SOFTWARE (INDIA) LI,31.5,32.9,31.2,32.02,32.14,-0.37,14408,461344.17
2026-05-29,RSYSTEMS,EQ,INE411H01032,R SYS INTERNATIONAL LTD,267.0,272.45,262.55,265.05,265.7,-0.24,365974,97001404.23
2026-05-29,RTNINDIA,EQ,INE834M01019,RATTANINDIA ENT LIMITED,35.38,35.88,34.5,34.95,35.38,-1.22,1916309,66975001.01
2026-05-29,RTNPOWER,EQ,INE399K01017,RATTANINDIA POWER LIMITED,9.99,10.18,9.79,9.86,9.84,0.2,33217288,327522448.28
2026-05-29,RUBFILA,EQ,INE642C01025,RUBFILA INTERNATIONAL LTD,79.1,82.2,77.32,81.44,79.55,2.38,136560,11121446.73
2026-05-29,RUBICON,EQ,INE506V01022,RUBICON RESEARCH LIMITED,984.0,1020.0,968.0,1005.6,967.9,3.9,291085,292715068.89
2026-05-29,RUBYMILLS,EQ,INE301D01026,THE RUBY MILLS LTD,251.95,263.9,250.1,256.38,251.36,2.0,66722,17106186.69
2026-05-29,RUCHINFRA,EQ,INE413B01023,RUCHI INFRASTRUCTURE LTD,6.23,6.35,6.2,6.29,6.26,0.48,27511,173044.19
2026-05-29,RUCHIRA,EQ,INE803H01014,RUCHIRA PAPERS LIMITED,123.11,123.12,116.06,116.87,125.26,-6.7,90833,10615652.96
2026-05-29,RUDRA,EQ,INE027T01023,RUDRA GLOBAL INFRA PROD L,19.29,19.29,18.36,18.5,18.42,0.43,20051,370943.5
2026-05-29,RUPA,EQ,INE895B01021,RUPA & COMPANY LTD,156.47,159.3,153.0,154.55,155.23,-0.44,208925,32289359.39
2026-05-29,RUSHIL,EQ,INE573K01025,RUSHIL DECOR LIMITED,15.7,16.1,15.21,15.42,15.85,-2.71,421585,6500840.73
2026-05-29,RUSTOMJEE,EQ,INE263M01029,KEYSTONE REALTORS LIMITED,395.0,401.8,391.4,397.95,397.2,0.19,17033,6778282.56
2026-05-29,RVHL,EQ,INE09E501017,RAVINDER HEIGHTS LIMITED,40.49,41.0,37.25,40.49,39.14,3.45,55199,2235007.6
2026-05-29,RVNL,EQ,INE415G01027,RAIL VIKAS NIGAM LIMITED,251.8,255.2,243.0,245.45,252.3,-2.72,62620879,15370294559.45
2026-05-29,RVTH,EQ,INE0DAB01012,REVATHI EQUIPMENT INDIA L,823.0,823.0,780.0,791.7,790.75,0.12,1838,1455144.62
2026-05-29,S&SPOWER,EQ,INE902B01017,S&S POWER SWITCHGEARS LTD,390.85,390.85,390.8,390.85,383.2,2.0,1236,483090.61
2026-05-29,SAATVIKGL,EQ,INE13B501022,SAATVIK GREEN ENERGY LTD,449.85,453.9,438.75,441.05,449.85,-1.96,94175,41535882.6
2026-05-29,SADBHAV,EQ,INE226H01026,SADBHAV ENGINEERING LTD,9.6,9.9,9.26,9.65,9.43,2.33,286838,2767986.59
2026-05-29,SADBHIN,EQ,INE764L01010,SADBHAV INFRA PROJ LTD.,2.6,2.78,2.6,2.78,2.65,4.91,1055786,2935085.05
2026-05-29,SAFARI,EQ,INE429E01023,SAFARI IND (INDIA) LTD,1525.0,1550.0,1484.0,1503.7,1527.9,-1.58,66929,100641134.03
2026-05-29,SAGARDEEP,EQ,INE976T01013,SAGARDEEP ALLOYS LIMITED,26.11,26.99,26.11,26.57,26.62,-0.19,20191,536474.86
2026-05-29,SAGCEM,EQ,INE229C01021,SAGAR CEMENTS LIMITED,181.69,183.39,176.68,178.26,181.69,-1.89,124536,22199786.68
2026-05-29,SAGILITY,EQ,INE0W2G01015,SAGILITY LIMITED,41.5,42.13,40.25,41.04,41.36,-0.77,16905256,693791721.72
2026-05-29,SAHLIBHFI,EQ,INE861D01011,SHALIBHADRA FINANCE LTD,86.0,86.0,73.1,81.84,72.07,13.56,130288,10662769.44
2026-05-29,SAHYADRI,EQ,INE280H01015,SAHYADRI INDUSTRIES LTD,288.45,288.45,275.0,277.55,279.6,-0.73,6196,1719699.72
2026-05-29,SAIL,EQ,INE114A01011,STEEL AUTHORITY OF INDIA,206.3,207.5,203.17,204.37,206.06,-0.82,19770515,4040500054.01
2026-05-29,SAILIFE,EQ,INE570L01029,SAI LIFE SCIENCES LIMITED,1139.8,1169.9,1126.0,1160.0,1131.2,2.55,629048,729695680.0
2026-05-29,SAIPARENT,EQ,INE0H9F01037,SAI PARENTERALS LIMITED,495.0,499.0,474.0,485.9,484.75,0.24,224868,109263359.83
2026-05-29,SAKAR,EQ,INE732S01012,SAKAR HEALTHCARE LIMITED,796.0,823.0,783.0,796.5,788.25,1.05,155133,123563434.5
2026-05-29,SAKHTISUG,EQ,INE623A01011,SAKTHI SUGARS LTD,18.25,18.25,17.25,17.48,18.21,-4.01,195071,3409840.99
2026-05-29,SAKSOFT,EQ,INE667G01023,SAKSOFT LIMITED,147.75,148.49,142.0,143.27,145.59,-1.59,218427,31294037.22
2026-05-29,SAKUMA,EQ,INE190H01024,SAKUMA EXPORTS LIMITED,1.92,2.01,1.91,2.0,1.92,4.17,2804699,5609398.0
2026-05-29,SALASAR,EQ,INE170V01027,SALASAR TECHNO ENGG. LTD.,7.16,7.21,7.07,7.11,7.14,-0.42,3530940,25104983.87
2026-05-29,SALONA,EQ,INE498E01010,SALONA COTSPIN LTD.,287.5,287.5,271.0,277.7,273.95,1.37,1059,294084.31
2026-05-29,SALSTEEL,EQ,INE658G01014,S.A.L. STEEL LTD.,59.66,59.67,57.13,59.6,56.83,4.87,212491,12664463.28
2026-05-29,SALZERELEC,EQ,INE457F01013,SALZER ELECTRONICS LTD,635.05,635.2,613.25,619.7,634.0,-2.26,87057,53949223.96
2026-05-29,SAMBHAAV,EQ,INE699B01027,SAMBHAAV MEDIA LTD,7.19,7.19,6.85,6.89,7.05,-2.27,21835,150443.15
2026-05-29,SAMBHV,EQ,INE12NJ01018,SAMBHV STEEL TUBES LTD,106.03,107.33,103.44,104.06,106.83,-2.59,1124738,117040233.53
2026-05-29,SAMHI,EQ,INE08U801020,SAMHI HOTELS LIMITED,165.07,169.1,165.0,165.55,164.6,0.58,855792,141676368.21
2026-05-29,SAMMAANCAP,EQ,INE148I01020,SAMMAAN CAPITAL LIMITED,174.0,181.25,174.0,177.01,173.32,2.13,26648851,4717112969.12
2026-05-29,SAMPANN,EQ,INE735M01018,SAMPANN UTPADAN INDIA LTD,27.74,27.74,26.35,26.74,27.23,-1.8,22158,592504.91
2026-05-29,SANATHAN,EQ,INE0JPD01013,SANATHAN TEXTILES LIMITED,411.0,413.25,400.0,405.7,408.45,-0.67,9918,4023732.72
2026-05-29,SANDESH,EQ,INE583B01015,SANDESH LTD,1020.0,1034.0,1012.0,1015.4,1010.5,0.48,457,464037.81
2026-05-29,SANDHAR,EQ,INE278H01035,SANDHAR TECHNOLOGIES LTD,705.05,710.05,667.65,674.75,710.3,-5.0,351959,237484335.25
2026-05-29,SANDUMA,EQ,INE149K01016,SANDUR MANG & IRON ORES L,240.0,241.19,222.2,226.31,240.58,-5.93,2905983,657653005.64
2026-05-29,SANGAMIND,EQ,INE495C01010,SANGAM (INDIA) LTD,516.0,525.0,511.85,515.95,515.9,0.01,31310,16154394.88
2026-05-29,SANGHVIMOV,EQ,INE989A01032,SANGHVI MOVERS LTD,374.0,382.4,361.15,364.05,374.8,-2.87,262402,95527444.9
2026-05-29,SANOFI,EQ,INE058A01010,SANOFI INDIA LIMITED,3223.4,3250.0,3054.0,3097.1,3223.4,-3.92,76925,238244425.01
2026-05-29,SANOFICONR,EQ,INE0UOS01011,SANOFI CONS HEALTHC IND L,4595.0,4639.0,4500.0,4588.5,4529.9,1.29,7747,35547109.5
2026-05-29,SANSERA,EQ,INE953O01021,SANSERA ENGINEERING LTD,2941.7,2949.7,2840.0,2861.0,2941.7,-2.74,234869,671960209.0
2026-05-29,SANSTAR,EQ,INE08NE01025,SANSTAR LIMITED,119.0,121.99,113.6,118.26,115.24,2.62,2348652,277751590.54
2026-05-29,SAPPHIRE,EQ,INE806T01020,SAPPHIRE FOODS INDIA LTD,183.02,185.99,178.5,180.95,182.1,-0.63,944133,170840863.47
2026-05-29,SARDAEN,EQ,INE385C01021,SARDA ENERGY & MIN LTD,523.7,525.5,507.0,511.95,521.55,-1.84,947562,485104377.47
2026-05-29,SAREGAMA,EQ,INE979A01025,SAREGAMA INDIA LIMITED,420.0,428.0,411.6,424.15,417.3,1.64,1603546,680144026.11
2026-05-29,SARLAPOLY,EQ,INE453D01025,SARLA PERF. FIBERS LTD,98.9,101.0,97.34,99.0,98.54,0.47,109206,10811394.0
2026-05-29,SARVESHWAR,EQ,INE324X01026,SARVESHWAR FOODS LIMITED,3.85,3.85,3.79,3.81,3.8,0.26,853022,3250013.77
2026-05-29,SASKEN,EQ,INE231F01020,SASKEN TECHNOLOGIES LTD,2227.9,2284.0,2061.0,2258.2,2161.9,4.45,264496,597284854.29
2026-05-29,SATIA,EQ,INE170E01023,SATIA INDUSTRIES LIMITED,57.75,58.65,57.47,57.5,58.64,-1.94,126117,7251727.5
2026-05-29,SATIN,EQ,INE836B01017,SATIN CREDIT NET LTD,221.0,228.89,215.1,217.82,221.84,-1.81,511054,111317786.02
2026-05-29,SAURASHCEM,EQ,INE626A01014,SAURASHTRA CEMENT LIMITED,61.0,61.9,59.5,59.92,60.82,-1.48,65489,3924100.76
2026-05-29,SAYAJIHOTL,EQ,INE318C01014,SAYAJI HOTELS LTD.,323.95,323.95,271.3,276.35,282.95,-2.33,357,98656.95
2026-05-29,SBC,EQ,INE04AK01028,SBC EXPORTS LIMITED,40.3,40.45,38.52,39.32,39.89,-1.43,15168312,596418023.21
2026-05-29,SBCL,EQ,INE386D01027,SHIVALIK BIMETAL CON. LTD,755.0,759.85,731.4,740.0,759.85,-2.61,305530,226092200.0
2026-05-29,SBFC,EQ,INE423Y01016,SBFC FINANCE LIMITED,91.64,96.5,91.6,94.3,90.77,3.89,4273865,403025482.54
2026-05-29,SBGLP,EQ,INE05ST01028,SURATWWALA BUS GROUP LTD,27.4,27.4,25.79,26.63,26.27,1.37,75952,2022601.7
2026-05-29,SBICARD,EQ,INE018E01016,SBI CARDS & PAY SER LTD,626.8,632.2,617.15,624.4,625.25,-0.14,4745064,2962818077.45
2026-05-29,SBIETFCON,EQ,INF200KA1X17,SBIAMC - SBIETFCON,117.82,118.31,115.75,116.0,117.82,-1.54,2802,325032.0
2026-05-29,SBIETFIT,EQ,INF200KA1S14,SBIAMC - SBIETFIT,327.72,329.95,320.7,323.46,319.73,1.17,18495,5982392.54
2026-05-29,SBIETFPB,EQ,INF200KA1S22,SBIAMC - SBIETFPB,270.68,273.1,267.8,268.8,270.68,-0.69,2722,731673.57
2026-05-29,SBIETFQLTY,EQ,INF200KA1WX6,SBIAMC - SBIETFQLTY,222.12,222.75,218.01,219.82,221.02,-0.54,993,218281.27
2026-05-29,SBILIFE,EQ,INE123W01016,SBI LIFE INSURANCE CO LTD,1862.4,1864.0,1820.5,1830.1,1864.5,-1.84,2094924,3833920361.25
2026-05-29,SBIN,EQ,INE062A01020,STATE BANK OF INDIA,967.8,973.7,960.3,964.4,967.8,-0.35,22292535,21498921298.25
2026-05-29,SBINEQWETF,EQ,INF200KB1282,SBIAMC - SBINEQWETF,33.39,33.46,32.63,32.8,33.13,-1.0,81192,2663097.54
2026-05-29,SBINMID150,EQ,INF200KB1AK8,SBIAMC - SBINMID150,22.58,22.58,22.58,22.58,22.89,-1.37,0,0.0
2026-05-29,SBISILVER,EQ,INF200KB1217,SBIAMC - SBISILVER,255.69,257.18,253.28,255.31,255.69,-0.15,1126763,287673858.78
2026-05-29,SBISMLETF,EQ,INF200KB1AY9,SBIAMC - SBISMLETF,16.98,16.98,16.98,16.98,17.09,-0.64,0,0.0
2026-05-29,SBIVALETF,EQ,INF200KB1AX1,SBIAMC - SBIVALETF,15.46,15.46,15.46,15.46,15.75,-1.84,0,0.0
2026-05-29,SCHAEFFLER,EQ,INE513A01022,SCHAEFFLER INDIA LIMITED,4149.4,4160.0,4064.0,4128.7,4157.7,-0.7,91309,376987486.13
2026-05-29,SCHAND,EQ,INE807K01035,S CHAND AND COMPANY LTD,170.4,170.44,158.25,161.72,171.29,-5.59,74882,12109917.13
2026-05-29,SCHNEIDER,EQ,INE839M01018,SCHNEIDER ELECTRIC INFRA,1308.8,1308.8,1308.8,1308.8,1377.6,-4.99,341833,447391047.09
2026-05-29,SCI,EQ,INE109A01011,SHIPPING CORP OF INDIA LT,303.8,307.5,290.1,292.3,303.45,-3.67,5154248,1506586627.48
2026-05-29,SCILAL,EQ,INE0PB301013,SHIPPING CORP OF ILA LTD,46.47,46.74,45.2,45.46,46.47,-2.17,232108,10551629.47
2026-05-29,SCODATUBES,EQ,INE090501011,SCODA TUBES LIMITED,127.0,128.42,119.01,121.84,125.49,-2.91,1424156,173519161.82
2026-05-29,SDBL,EQ,INE480C01038,SOM DIST & BREW LTD,86.69,87.2,84.7,85.26,85.32,-0.07,378098,32236636.29
2026-05-29,SEAMECLTD,EQ,INE497B01018,SEAMEC LIMITED,1649.8,1649.8,1593.0,1614.6,1633.6,-1.16,110165,177872406.31
2026-05-29,SECMARK,EQ,INE0BTM01013,SECMARK CONSULTANCY LTD,128.4,128.4,125.1,125.49,127.29,-1.41,1383,173552.67
2026-05-29,SECURKLOUD,EQ,INE650K01021,SECUREKLOUD TECH LIMITED,21.24,21.29,19.8,20.82,20.5,1.56,12328,256668.96
2026-05-29,SEDEMAC,EQ,INE00XB01019,SEDEMAC MECHATRONICS LTD,2179.3,2200.0,2124.9,2144.9,2157.4,-0.58,93728,201037178.05
2026-05-29,SEJALLTD,EQ,INE955I01044,SEJAL GLASS LIMITED,766.05,789.0,761.0,782.35,766.05,2.13,5456,4268501.47
2026-05-29,SELECTIPO,EQ,INF769K01ON4,MIRAEAMC - SELECTIPO,44.09,44.11,43.47,43.53,43.97,-1.0,14141,615557.71
2026-05-29,SEMAC,EQ,INE617A01013,SEMAC CONSTRUCTION LTD,320.0,320.0,298.0,303.95,312.25,-2.66,433,131610.36
2026-05-29,SENCO,EQ,INE602W01027,SENCO GOLD LIMITED,342.45,355.0,342.45,346.2,340.15,1.78,1065524,368884421.81
2026-05-29,SENORES,EQ,INE0RB801010,SENORES PHARMACEUTICALS L,1128.9,1134.0,1099.8,1120.65,1113.35,0.66,253196,283744103.58
2026-05-29,SENSEXADD,EQ,INF740KA1SZ6,DSPAMC - DSPSENXETF,78.0,78.05,76.85,77.06,78.21,-1.47,7950,612626.98
2026-05-29,SENSEXBETA,EQ,INF789FB1X58,UTIAMC-SENSEXBETA,846.9,873.0,824.1,825.34,840.21,-1.77,13799,11388867.03
2026-05-29,SENSEXETF,EQ,INF769K01KT9,MIRAEAMC - SENSEXETF,78.17,78.8,76.7,76.96,77.94,-1.26,18058,1389743.66
2026-05-29,SENSEXIETF,EQ,INF346A01034,ICICI PRUD SENSEX ETF,869.94,874.34,855.0,858.63,869.09,-1.2,14212,12202849.63
2026-05-29,SEPC,EQ,INE964H01014,SEPC LIMITED,8.12,8.58,7.7,7.78,8.08,-3.71,56981529,443316307.58
2026-05-29,SERVOTECH,EQ,INE782X01033,SERVOTECH REN POW SYS LTD,93.19,101.75,92.32,97.51,93.19,4.64,5375812,524195439.6
2026-05-29,SESHAPAPER,EQ,INE630A01024,SESHASAYEE PAPER & BOARDS,237.1,240.0,230.95,233.85,237.15,-1.39,11399,2665656.22
2026-05-29,SETF10GILT,EQ,INF200KA1JT1,SBIAMC - SETF10GILT,257.5,259.88,257.5,259.12,257.9,0.47,801,207555.12
2026-05-29,SETFGOLD,EQ,INF200KA16D8,SBI-ETF GOLD,133.14,133.35,132.37,132.69,133.02,-0.25,3622927,480726192.48
2026-05-29,SETFNIF50,EQ,INF200KA1FS1,SBI-ETF NIFTY 50,255.87,257.0,252.3,252.87,255.88,-1.18,882803,223234390.3
2026-05-29,SETFNIFBK,EQ,INF200KA1580,SBI-ETF NIFTY BANK,559.78,565.56,555.5,556.47,562.32,-1.04,120890,67271654.76
2026-05-29,SETFNN50,EQ,INF200KA1598,SBI-ETF NIFTY NEXT 50,767.0,773.99,758.47,763.22,767.17,-0.51,35266,26915715.49
2026-05-29,SETL,EQ,INE0M4D01010,STANDARD ENGNG TCNLGY LTD,140.9,141.7,132.5,133.4,140.28,-4.9,449075,59906602.26
2026-05-29,SFL,EQ,INE916U01025,SHEELA FOAM LIMITED,626.1,643.0,602.0,605.0,626.05,-3.36,314862,190491510.0
2026-05-29,SGFIN,EQ,INE618R01015,SG FINSERVE LIMITED,575.0,580.6,562.05,567.0,570.35,-0.59,109364,62009388.0
2026-05-29,SGIL,EQ,INE00QT01015,SYNERGY GREEN IND. LTD,533.4,541.75,520.2,524.85,533.4,-1.6,57416,30134786.2
2026-05-29,SGL,EQ,INE353H01010,STL GLOBAL LIMITED,11.1,12.21,10.5,11.66,11.1,5.05,115146,1342602.34
2026-05-29,SGMART,EQ,INE385F01024,SG MART LIMITED,603.75,606.5,585.6,590.2,601.5,-1.88,255973,151075267.72
2026-05-29,SHADOWFAX,EQ,INE12UN01015,SHADOWFAX TECHNOLOGIES L,196.09,198.8,188.96,192.99,194.94,-1.0,1581826,305276608.43
2026-05-29,SHAH,EQ,INE482J01021,SHAH METACORP LIMITED,5.4,5.44,5.0,5.04,5.3,-4.91,13837262,69739799.95
2026-05-29,SHAILY,EQ,INE151G01028,SHAILY ENG PLASTICS LTD,2689.1,3019.9,2686.3,2989.5,2661.2,12.34,985323,2945623108.5
2026-05-29,SHAKTIPUMP,EQ,INE908D01010,SHAKTI PUMPS (I) LTD,510.0,535.3,508.8,524.75,509.8,2.93,1358849,713056012.75
2026-05-29,SHALBY,EQ,INE597J01018,SHALBY LIMITED,176.46,180.0,166.57,168.81,172.33,-2.04,213793,36090395.81
2026-05-29,SHANKARA,EQ,INE274V01019,SHANKARA BLDG PRODUCT LTD,121.02,122.0,121.02,121.02,123.48,-1.99,8507,1029517.11
2026-05-29,SHANTI,EQ,INE933X01016,SHANTI OVERSEAS INDIA LTD,6.59,6.73,6.11,6.68,6.59,1.37,45911,306685.47
2026-05-29,SHANTIGEAR,EQ,INE631A01022,SHANTHI GEARS LTD,444.0,445.15,439.75,440.55,445.15,-1.03,24476,10782901.5
2026-05-29,SHANTIGOLD,EQ,INE06ZD01017,SHANTI GOLD INTERNATION L,222.4,234.47,218.63,220.96,220.68,0.13,1916446,423457921.03
2026-05-29,SHARDACROP,EQ,INE221J01015,SHARDA CROPCHEM LTD.,928.0,954.2,897.0,905.0,934.8,-3.19,297572,269302660.0
2026-05-29,SHARDAMOTR,EQ,INE597I01028,SHARDA MOTOR INDS LTD,844.05,858.0,825.1,843.3,844.05,-0.09,537539,453306632.14
2026-05-29,SHAREINDIA,EQ,INE932X01026,SHARE IND. SECURITIES LTD,138.35,140.22,136.75,138.09,138.4,-0.22,439756,60725904.43
2026-05-29,SHARIABEES,EQ,INF732E01128,NIP IND ETF SHARIAH BEES,467.58,472.96,453.55,462.03,467.58,-1.19,12410,5733792.28
2026-05-29,SHILCTECH,EQ,INE024F01011,SHILCHAR TECHNOLOGIES LTD,4112.5,4112.5,4010.5,4015.0,4081.0,-1.62,20979,84230685.0
2026-05-29,SHILPAMED,EQ,INE790G01031,SHILPA MEDICARE LTD,494.0,509.8,491.0,498.95,491.8,1.45,1060865,529318604.7
2026-05-29,SHIVALIK,EQ,INE788J01021,SHIVALIK RASAYAN LIMITED,274.5,303.7,262.55,294.15,259.15,13.51,365186,107419459.67
2026-05-29,SHIVAMAUTO,EQ,INE637H01024,SHIVAM AUTO.LTD,17.55,18.39,17.55,18.12,18.18,-0.33,10170,184280.41
2026-05-29,SHIVAMILLS,EQ,INE644Y01017,SHIVA MILLS LIMITED,65.05,65.05,64.5,65.0,66.67,-2.5,810,52650.0
2026-05-29,SHIVATEX,EQ,INE705C01020,SHIVA TEXYARN LIMITED,159.98,163.17,151.51,153.67,159.98,-3.94,6931,1065086.76
2026-05-29,SHIVAUM,EQ,INE719F01016,SHIV AUM STEELS LIMITED,317.2,317.2,317.2,317.2,318.75,-0.49,9,2854.8
2026-05-29,SHK,EQ,INE500L01026,S H KELKAR AND CO. LTD.,133.17,136.97,131.91,132.89,134.5,-1.2,237907,31615461.08
2026-05-29,SHOPERSTOP,EQ,INE498B01024,SHOPPERS STOP LIMITED,356.3,358.15,350.0,354.55,353.5,0.3,33523,11885579.24
2026-05-29,SHRADHA,EQ,INE715Y01031,SHRADHA REALTY LIMITED,35.0,35.25,34.76,34.84,35.0,-0.46,7723,269069.32
2026-05-29,SHREDIGCEM,EQ,INE232A01011,SHREE DIGVIJAY CEM CO LTD,71.83,76.79,69.01,70.98,71.83,-1.18,333191,23649898.3
2026-05-29,SHREECEM,EQ,INE070A01015,SHREE CEMENT LIMITED,25405.0,25575.0,25025.0,25275.0,25400.0,-0.49,86354,2182597350.0
2026-05-29,SHREEJISPG,EQ,INE1B6101010,SHREEJI SHIPPING GLOBAL L,480.4,482.9,456.1,462.7,466.7,-0.86,1394290,645138000.02
2026-05-29,SHREEPUSHK,EQ,INE712K01011,SHRE PUSH CHEM & FERT LTD,364.15,372.0,357.0,364.95,365.2,-0.07,100396,36639521.43
2026-05-29,SHREERAMA,EQ,INE879A01019,SHREE RAMA MULTI TECH LTD,44.06,44.7,42.3,42.85,44.48,-3.66,128897,5523236.25
2026-05-29,SHREYANIND,EQ,INE231C01019,SHREYANS INDUSTRIES LTD,148.0,148.74,142.1,145.45,147.82,-1.6,8211,1194289.92
2026-05-29,SHRINGARMS,EQ,INE1B3L01017,SHRINGAR HOU OF MANGALS L,214.9,214.9,208.5,210.08,212.97,-1.36,443265,93121112.01
2026-05-29,SHRIPISTON,EQ,INE526E01018,SPR AUTO TECHNOLOGIES LTD,3274.8,3472.0,3274.8,3391.0,3323.6,2.03,92354,313172414.0
2026-05-29,SHRIRAMFIN,EQ,INE721A01047,SHRIRAM FINANCE LIMITED,961.0,975.55,942.9,947.15,963.2,-1.67,11248568,10654081455.82
2026-05-29,SHRIRAMPPS,EQ,INE217L01019,SHRIRAM PROPERTIES LTD,91.01,92.68,88.5,89.16,90.85,-1.86,1068194,95240180.95
2026-05-29,SHYAMMETL,EQ,INE810G01011,SHYAM METALICS AND ENGY L,971.45,979.3,960.05,973.35,976.05,-0.28,1082414,1053567640.47
2026-05-29,SHYAMTEL,EQ,INE635A01023,SHYAM TELECOM LIMITED,18.19,18.19,18.19,18.19,18.56,-1.99,12246,222754.75
2026-05-29,SICAGEN,EQ,INE176J01011,SICAGEN INDIA LIMITED,56.62,61.5,54.35,56.38,56.62,-0.42,101229,5707291.13
2026-05-29,SIEMENS,EQ,INE003A01024,SIEMENS LTD,3859.7,3937.3,3744.6,3844.0,3878.7,-0.89,2024437,7781935828.0
2026-05-29,SIGACHI,EQ,INE0D0K01022,SIGACHI INDUSTRIES LTD,20.95,21.59,20.7,21.3,20.7,2.9,1124275,23947056.64
2026-05-29,SIGMA,EQ,INE0A0S01028,SIGMA SOLVE LIMITED,42.8,42.8,40.0,40.81,40.84,-0.07,67223,2743370.72
2026-05-29,SIGNATURE,EQ,INE903U01023,SIGNATUREGLOBAL INDIA LTD,820.0,864.0,796.85,852.7,801.4,6.4,727631,620450962.58
2026-05-29,SIGNPOST,EQ,INE0KGZ01021,SIGNPOST INDIA LIMITED,301.75,307.0,292.35,296.55,301.75,-1.72,78624,23315946.24
2026-05-29,SIL,EQ,INE173A01025,STANDARD INDUSTRIES LTD.,16.9,16.9,15.85,16.22,16.51,-1.76,14218,230615.95
2026-05-29,SILGO,EQ,INE01II01013,SILGO RETAIL LIMITED,83.51,86.2,80.16,82.48,83.51,-1.23,543855,44857162.23
2026-05-29,SILINV,EQ,INE923A01015,SIL INVESTMENTS LIMITED,411.1,427.0,411.1,422.4,421.1,0.31,1488,628531.19
2026-05-29,SILVER,EQ,INF209KB19F6,BIRLASLAMC - SILVER,260.7,262.3,255.02,260.14,260.7,-0.21,946513,246225905.68
2026-05-29,SILVER1,EQ,INF174KA1ZD3,KOTAKMAMC - KOTAKSILVE,25.69,25.69,25.09,25.32,25.38,-0.24,4165110,105460583.93
2026-05-29,SILVERADD,EQ,INF740KA1ZQ0,DSPAMC - DSPSILVETF,25.34,25.35,24.96,25.16,25.22,-0.25,1719730,43259809.33
2026-05-29,SILVERAG,EQ,INF769K01KG6,MIRAEAMC - MASILVER,255.37,255.66,251.63,253.99,253.72,0.11,182812,46432420.88
2026-05-29,SILVERAXIS,EQ,INF846K011K1,AXISAMC-SILVERAXIS,261.66,261.66,256.8,258.79,259.42,-0.24,1161477,300578642.75
2026-05-29,SILVERBEES,EQ,INF204KC1402,NIPPONAMC - NETFSILVER,250.55,251.4,247.4,249.37,249.87,-0.2,19010653,4740686445.78
2026-05-29,SILVERBETA,EQ,INF789F1AYK6,UTIAMC-SILVERBETA,252.61,254.0,249.83,252.08,252.3,-0.09,516564,130215454.07
2026-05-29,SILVERBND,EQ,INF194KB1KI9,BANDHANAMC - SILVERBND,261.97,262.91,258.53,260.32,261.49,-0.45,19601,5102532.46
2026-05-29,SILVERCASE,EQ,INF0R8F01091,ZERODHAAMC - SILVERCASE,26.5,27.03,25.83,26.48,26.5,-0.08,14744797,390442217.81
2026-05-29,SILVERIETF,EQ,INF109KC1Y56,ICICIPRAMC - ICICISILVE,266.4,266.4,258.23,260.35,261.01,-0.25,5700163,1484037471.84
2026-05-29,SILVERTUC,EQ,INE625X01026,SILVER TOUCH TECHNO LTD,161.79,168.37,155.52,168.31,160.36,4.96,907419,152727689.67
2026-05-29,SIMPLEXINF,EQ,INE059B01024,SIMPLEX INFRASTRUCTURES L,260.67,260.67,246.12,250.66,260.67,-3.84,319148,79997638.85
2026-05-29,SINCLAIR,EQ,INE985A01022,SINCLAIRS HOTELS LIMITED,76.4,76.4,74.13,74.67,74.08,0.8,29445,2198658.1
2026-05-29,SINDHUTRAD,EQ,INE325D01025,SINDHU TRADE LINKS LTD,26.86,27.19,26.37,26.73,26.86,-0.48,1267377,33876986.63
2026-05-29,SINGERIND,EQ,INE638A01035,SINGER INDIA LIMITED,74.9,75.19,68.36,69.91,73.23,-4.53,106543,7448421.52
2026-05-29,SINTERCOM,EQ,INE129Z01016,SINTERCOM INDIA LIMITED,72.8,76.1,72.8,74.79,77.48,-3.47,2279,170446.41
2026-05-29,SIRCA,EQ,INE792Z01011,SIRCA PAINT INDIA LIMITED,423.8,424.3,414.0,417.7,419.15,-0.35,247391,103335223.72
2026-05-29,SIS,EQ,INE285J01028,SIS LIMITED,391.25,412.8,391.25,402.8,394.9,2.0,100522,40490260.37
2026-05-29,SIYSIL,EQ,INE076B01028,SIYARAM SILK MILLS LTD,582.05,588.6,570.65,573.6,579.75,-1.06,72542,41610089.43
2026-05-29,SJS,EQ,INE284S01014,SJS ENTERPRISES LIMITED,2030.9,2119.9,1995.2,2105.2,2038.9,3.25,165769,348976890.71
2026-05-29,SJVN,EQ,INE002L01015,SJVN LTD,75.8,77.8,74.25,75.16,75.52,-0.48,7861333,590857817.07
2026-05-29,SKFINDIA,EQ,INE640A01023,SKF INDIA LTD,1700.9,1700.9,1633.0,1639.8,1688.3,-2.87,31691,51966903.35
2026-05-29,SKFINDUS,EQ,INE2J8701016,SKF IND (INDUSTRIAL) LTD,2160.1,2240.1,2125.1,2163.1,2160.1,0.14,184822,399788486.25
2026-05-29,SKIPPER,EQ,INE439E01022,SKIPPER LIMITED,520.95,560.0,518.2,549.35,516.8,6.3,3460046,1900776185.63
2026-05-29,SKMEGGPROD,EQ,INE411D01023,SKM EGG PROD EXPORT(I) LT,199.1,210.0,190.33,204.18,198.28,2.98,1274810,260290696.46
2026-05-29,SKYGOLD,EQ,INE01IU01018,SKY GOLD AND DIAMONDS LTD,520.0,541.95,495.0,521.0,486.65,7.06,5421533,2824618693.0
2026-05-29,SMALLADD,EQ,INF740KA1WX3,DSPAMC - SMALLADD,17.22,17.29,16.42,16.98,17.17,-1.11,88837,1508452.22
2026-05-29,SMALLCAP,EQ,INF769K01LC3,MIRAEAMC - SMALLCAP,45.88,45.88,44.8,45.0,45.5,-1.1,1622101,72994545.0
2026-05-29,SMARTWORKS,EQ,INE0NAZ01010,SMARTWORKS COWORKING SP L,450.2,460.55,431.0,434.75,450.2,-3.43,52209,22697862.75
2026-05-29,SMCGLOBAL,EQ,INE103C01036,SMC GLOBAL SECURITIES LTD,61.0,61.99,61.0,61.51,61.52,-0.02,135213,8316951.4
2026-05-29,SML100CASE,EQ,INF0R8F01141,ZERODHAAMC - SML100CASE,10.69,11.0,10.25,10.28,10.38,-0.96,1126786,11583359.78
2026-05-29,SMLMAH,EQ,INE294B01019,SML MAHINDRA LIMITED,3913.0,3914.6,3702.5,3745.8,3895.6,-3.85,37602,140849573.44
2026-05-29,SMLT,EQ,INE017W01010,SARTHAK METALS LIMITED,74.34,76.0,73.5,73.58,74.39,-1.09,7044,518297.53
2026-05-29,SMSPHARMA,EQ,INE812G01025,SMS PHARMACEUTICALS LTD.,379.95,381.4,367.1,369.25,377.35,-2.15,159814,59011319.5
2026-05-29,SNOWMAN,EQ,INE734N01019,SNOWMAN LOGISTICS LTD.,37.88,38.25,36.64,37.16,37.88,-1.9,182703,6789243.45
2026-05-29,SNXT50BETA,EQ,INF789F1AUU3,UTIAMC-SNXT50BETA,92.53,93.98,91.14,92.15,92.52,-0.4,4246,391268.91
2026-05-29,SOBHA,EQ,INE671H01015,SOBHA LIMITED,1424.2,1425.1,1379.3,1418.0,1395.0,1.65,239194,339177092.0
2026-05-29,SOFTTECH,EQ,INE728Z01015,SOFTTECH ENGINEERS LTD,459.0,459.3,459.0,459.3,437.45,4.99,12999,5970440.54
2026-05-29,SOLARA,EQ,INE624Z01016,SOLARA ACTIVE PHA SCI LTD,540.25,554.4,525.0,532.7,545.8,-2.4,182512,97224144.63
2026-05-29,SOLARINDS,EQ,INE343H01029,SOLAR INDUSTRIES (I) LTD,18746.0,18874.0,18027.0,18247.0,18653.0,-2.18,488294,8909900618.0
2026-05-29,SOLARWORLD,EQ,INE0TY101024,SOLARWORLD ENERGY SOL LTD,212.0,213.7,208.25,209.75,209.16,0.28,287171,60234117.25
2026-05-29,SOLEX,EQ,INE880Y01017,SOLEX ENERGY LIMITED,1277.5,1283.3,1193.1,1218.5,1271.1,-4.14,139286,169719991.0
2026-05-29,SOMANYCERA,EQ,INE355A01028,SOMANY CERAMICS LIMITED,517.4,519.85,488.1,492.9,509.75,-3.31,62066,30592331.02
2026-05-29,SOMATEX,EQ,INE314C01013,SOMA TEXTILES & INDUST LT,100.07,109.2,100.07,106.84,102.5,4.23,18900,2019275.93
2026-05-29,SOMICONVEY,EQ,INE323J01019,SOMI CONVEYOR BELT. LTD.,102.5,103.98,100.4,101.48,102.25,-0.75,6653,675146.46
2026-05-29,SONACOMS,EQ,INE073K01018,SONA BLW PRECISION FRGS L,620.0,620.0,605.0,607.45,618.7,-1.82,1914358,1162876790.47
2026-05-29,SONATSOFTW,EQ,INE269A01021,SONATA SOFTWARE LTD,268.05,274.4,261.1,265.1,265.75,-0.24,753303,199700629.9
2026-05-29,SOTL,EQ,INE035D01020,SAVITA OIL TECHNOLO. LTD,424.4,450.35,416.35,435.8,419.8,3.81,164542,71707401.59
2026-05-29,SOUTHBANK,EQ,INE683A01023,THE SOUTH INDIAN BANK LTD,41.15,42.45,41.1,41.42,41.15,0.66,17701587,733199701.13
2026-05-29,SOUTHWEST,EQ,INE980Y01015,SOUTH WEST PINNACLE LTD,272.0,272.97,256.1,259.86,269.13,-3.44,273476,71065469.35
2026-05-29,SPAL,EQ,INE212I01016,S. P. APPARELS LIMITED,752.45,795.55,750.35,782.05,750.35,4.22,41468,32430048.89
2026-05-29,SPANDANA,EQ,INE572J01011,SPANDANA SPHOORTY FIN LTD,257.9,258.67,251.0,251.38,259.55,-3.15,236346,59412658.63
2026-05-29,SPARC,EQ,INE232I01014,SUN PHARMA ADV.RES.CO.LTD,224.12,224.5,210.55,212.11,221.35,-4.17,5035759,1068134844.56
2026-05-29,SPCENET,EQ,INE970N01027,SPACENET ENTERS IND LTD,3.75,3.86,3.63,3.7,3.75,-1.33,620234,2294865.83
2026-05-29,SPENCERS,EQ,INE020801028,SPENCER S RETAIL LIMITED,36.9,37.41,36.9,37.3,36.9,1.08,41865,1561564.47
2026-05-29,SPIC,EQ,INE147A01011,SPIC LTD,71.84,71.97,68.5,69.19,71.54,-3.28,709502,49090445.11
2026-05-29,SPLIL,EQ,INE978G01016,SPL INDUSTRIES LIMITED,31.2,32.8,30.51,32.28,31.98,0.94,14625,472094.98
2026-05-29,SPLPETRO,EQ,INE663A01033,SUPREME PETROCHEM LIMITED,674.0,680.2,662.3,665.65,671.85,-0.92,39046,25990970.85
2026-05-29,SPMLINFRA,EQ,INE937A01023,SPML INFRA LIMITED,222.3,222.3,204.1,207.62,219.59,-5.45,1017274,211206422.91
2026-05-29,SPORTKING,EQ,INE885H01029,SPORTKING INDIA LIMITED,179.1,179.69,168.0,170.43,179.38,-4.99,591379,100788718.64
2026-05-29,SRD,EQ,INE01NE01012,SHANKAR LAL RAMPAL LTD,40.0,42.4,40.0,41.1,40.86,0.59,35738,1468831.75
2026-05-29,SRF,EQ,INE647A01010,SRF LTD,2740.7,2759.0,2678.8,2715.8,2736.8,-0.77,2087600,5669504181.93
2026-05-29,SRGHFL,EQ,INE559N01010,SRG HOUSING FINANCE L,276.5,292.0,276.35,284.25,283.65,0.21,3973,1129325.25
2026-05-29,SRHHYPOLTD,EQ,INE917H01012,SREE RAYALSEEMA HHP LTD.,554.0,554.0,541.5,544.45,553.75,-1.68,15854,8631710.49
2026-05-29,SRM,EQ,INE0R6Z01013,SRM CONTRACTORS LIMITED,525.0,539.5,510.6,516.0,524.4,-1.6,241532,124630512.0
2026-05-29,SRTL,EQ,INE19GK01015,SHREE RAM TWISTEX LIMITED,43.2,44.39,42.55,43.01,43.83,-1.87,57174,2459053.64
2026-05-29,SSDL,EQ,INE0PQ101010,SARASWATI SAREE DEPOT LTD,61.34,63.0,59.02,61.33,61.34,-0.02,31947,1959309.57
2026-05-29,SSWL,EQ,INE802C01033,STEEL STRIPS WHEELS LTD.,210.2,212.2,194.76,201.79,209.76,-3.8,1067907,215492946.36
2026-05-29,STANLEY,EQ,INE01A001028,STANLEY LIFESTYLES LTD,157.0,158.0,148.21,150.69,161.41,-6.64,457949,69008335.93
2026-05-29,STAR,EQ,INE939A01011,STRIDES PHARMA SCI LTD,1157.7,1168.8,1089.0,1111.8,1154.4,-3.69,519082,577115392.95
2026-05-29,STARCEMENT,EQ,INE460H01021,STAR CEMENT LIMITED,216.57,222.13,216.57,217.95,216.57,0.64,312342,68074937.95
2026-05-29,STARHEALTH,EQ,INE575P01011,STAR HEALTH & AL INS CO L,523.4,534.85,519.35,527.95,524.65,0.63,988500,521878587.07
2026-05-29,STARPAPER,EQ,INE733A01018,STAR PAPER MILLS LTD,136.0,140.0,135.0,137.43,137.72,-0.21,17271,2373553.4
2026-05-29,STARTECK,EQ,INE992I01013,STARTECK FINANCE LIMITED,262.77,268.0,259.62,261.59,262.77,-0.45,8807,2303823.1
2026-05-29,STCINDIA,EQ,INE655A01013,THE STATE TRADING CORPN,124.87,124.94,119.4,120.21,123.08,-2.33,45580,5479171.76
2026-05-29,STEELCAS,EQ,INE124E01038,STEELCAST LIMITED,285.0,289.1,279.0,283.3,286.9,-1.25,76578,21694546.47
2026-05-29,STEELCITY,EQ,INE395H01011,STEEL CITY SECURITIES LTD,78.0,79.5,77.7,78.69,78.56,0.17,5108,401948.53
2026-05-29,STEELXIND,EQ,INE503B01021,STEEL EXCHANGE INDIA LTD,12.5,13.39,12.33,12.8,11.96,7.02,24455964,313036343.86
2026-05-29,STEL,EQ,INE577L01016,STEL HOLDINGS LIMITED,451.0,453.0,435.6,441.95,456.05,-3.09,8266,3653158.8
2026-05-29,STLNETWORK,EQ,INE1VXE01018,STL NETWORKS LIMITED,30.37,30.37,28.93,30.35,28.93,4.91,4047976,122856073.14
2026-05-29,STOVEKRAFT,EQ,INE00IN01015,STOVE KRAFT LIMITED,608.65,622.0,595.0,612.55,605.85,1.11,328567,201263711.84
2026-05-29,STUDDS,EQ,INE00Q601028,STUDDS ACCESSORIES LTD,470.95,476.85,453.0,457.6,469.2,-2.47,38669,17694934.64
2026-05-29,STYL,EQ,INE04VU01023,SESHAASAI TECHNOLOGIES L,267.24,271.15,260.69,262.19,267.24,-1.89,101297,26559060.68
2026-05-29,STYLAMIND,EQ,INE239C01020,STYLAM INDUSTRIES LIMITED,2815.0,2908.7,2800.8,2831.2,2819.1,0.43,24573,69571076.4
2026-05-29,STYLEBAAZA,EQ,INE01FR01028,BAAZAR STYLE RETAIL LTD,337.6,340.05,320.8,338.6,337.65,0.28,383026,129692605.94
2026-05-29,STYRENIX,EQ,INE189B01011,STYRENIX PERFORMANCE LTD,2269.2,2293.2,2240.1,2286.0,2269.2,0.74,15270,34907220.0
2026-05-29,SUBEXLTD,EQ,INE754A01055,SUBEX LTD,11.0,11.1,10.55,10.72,10.95,-2.1,967445,10371010.66
2026-05-29,SUBROS,EQ,INE287B01021,SUBROS LIMITED,739.95,741.2,705.2,720.6,736.3,-2.13,50769,36584140.16
2026-05-29,SUDARCOLOR,EQ,INE492A01029,SUDARSHAN COLORNT IND LTD,380.75,383.1,371.1,374.9,381.9,-1.83,15537,5824821.21
2026-05-29,SUDARSCHEM,EQ,INE659A01023,SUDARSHAN CHEMICAL INDS L,981.95,990.0,926.0,938.0,978.85,-4.17,287285,269473330.0
2026-05-29,SUDEEPPHRM,EQ,INE0QPI01025,SUDEEP PHARMA LIMITED,697.0,742.15,680.9,742.15,674.7,10.0,853050,633091078.33
2026-05-29,SUKHJITS,EQ,INE450E01029,SUKHJIT STARCH & CHEM LTD,197.8,197.8,178.9,180.1,198.98,-9.49,70603,12715600.73
2026-05-29,SULA,EQ,INE142Q01026,SULA VINEYARDS LIMITED,159.73,160.49,155.6,157.1,159.73,-1.65,250813,39402723.83
2026-05-29,SUMEETINDS,EQ,INE235C01036,SUMEET IND LIMITED,28.05,29.12,27.11,27.81,28.05,-0.86,249476,6937927.43
2026-05-29,SUMICHEM,EQ,INE258G01013,SUMITOMO CHEM INDIA LTD,500.0,509.95,485.0,501.55,495.5,1.22,706382,354285883.48
2026-05-29,SUMIT,EQ,INE748Z01013,SUMIT WOODS LIMITED,42.0,43.66,41.89,42.6,44.09,-3.38,38342,1633369.14
2026-05-29,SUMMITSEC,EQ,INE519C01017,SUMMIT SECURITIES LTD,1568.4,1578.6,1541.1,1551.6,1568.4,-1.07,2955,4584977.93
2026-05-29,SUNCLAY,EQ,INE0Q3R01026,SUNDARAM CLAYTON LIMITED,1334.3,1341.0,1313.3,1318.8,1329.4,-0.8,4569,6025597.42
2026-05-29,SUNDARAM,EQ,INE108E01023,SUNDARAM MULTI PAP LTD,1.39,1.42,1.36,1.37,1.39,-1.44,358734,491465.58
2026-05-29,SUNDARMFIN,EQ,INE660A01013,SUNDARAM FINANCE LTD,4392.9,4392.9,4115.0,4188.9,4354.6,-3.81,425370,1781832351.46
2026-05-29,SUNDRMFAST,EQ,INE387A01021,SUNDRAM FASTENERS LTD,878.9,878.9,840.55,860.45,870.05,-1.1,106361,91518323.75
2026-05-29,SUNDROP,EQ,INE209A01019,SUNDROP BRANDS LIMITED,670.05,685.05,670.05,673.15,673.75,-0.09,2439,1641812.91
2026-05-29,SUNFLAG,EQ,INE947A01014,SUNFLAG IRON AND STEEL CO,393.75,393.75,369.25,373.75,391.85,-4.62,363618,135902227.5
2026-05-29,SUNPHARMA,EQ,INE044A01036,SUN PHARMACEUTICAL IND L,1844.3,1852.8,1785.3,1799.2,1844.3,-2.45,10058572,18097382251.26
2026-05-29,SUNTECK,EQ,INE805D01034,SUNTECK REALTY LIMITED,300.15,300.15,281.9,285.7,300.2,-4.83,2062531,589265131.88
2026-05-29,SUNTV,EQ,INE424H01027,SUN TV NETWORK LIMITED,515.0,520.75,498.0,502.15,512.9,-2.1,750212,376718951.22
2026-05-29,SUPERHOUSE,EQ,INE712B01010,SUPERHOUSE LIMITED,156.8,156.99,154.0,155.34,154.72,0.4,3600,559223.99
2026-05-29,SUPRAJIT,EQ,INE399C01030,SUPRAJIT ENGINEERING LTD,470.0,477.4,453.65,456.8,474.45,-3.72,167840,76669309.95
2026-05-29,SUPREME,EQ,INE822E01011,SUPREME HOLDIN N HOSP I L,47.76,48.24,45.8,46.15,47.76,-3.37,105427,4865456.21
2026-05-29,SUPREMEIND,EQ,INE195A01028,SUPREME INDUSTRIES LTD,3640.0,3645.0,3515.1,3549.0,3634.4,-2.35,452509,1605954441.0
2026-05-29,SUPREMEINF,EQ,INE550H01011,SUPREME INFRA. LTD.,82.9,84.39,82.03,83.38,82.17,1.47,18143,1512763.29
2026-05-29,SUPRIYA,EQ,INE07RO01027,SUPRIYA LIFESCIENCE LTD,887.3,968.7,848.05,968.7,807.25,20.0,5803439,5621791430.14
2026-05-29,SURAJEST,EQ,INE843S01025,SURAJ ESTATE DEVELOPERS L,223.78,230.69,223.78,224.75,223.78,0.43,48193,10831376.75
2026-05-29,SURAJLTD,EQ,INE713C01016,SURAJ LIMITED,228.01,239.65,218.97,224.37,234.36,-4.26,4025,903089.23
2026-05-29,SURAKSHA,EQ,INE877V01027,SURAKSHA DIAGNOSTIC LTD,292.1,292.1,284.0,285.8,289.6,-1.31,16806,4803154.59
2026-05-29,SURANASOL,EQ,INE272L01022,SURANA SOLAR LIMITED,27.03,27.47,26.5,27.34,27.03,1.15,74805,2045168.71
2026-05-29,SURANAT&P,EQ,INE130B01031,SURANA TELECOM AND POW LT,18.15,18.87,18.11,18.2,18.51,-1.67,58530,1065246.04
2026-05-29,SURYALAXMI,EQ,INE713B01026,SURYALAKSHMI COT MIL LTD,59.8,60.02,58.0,59.5,59.12,0.64,2158,128401.0
2026-05-29,SURYAROSNI,EQ,INE335A01020,SURYA ROSHNI LTD,237.4,242.15,229.85,235.45,237.4,-0.82,3474915,818168726.15
2026-05-29,SURYODAY,EQ,INE428Q01011,SURYODAY SMALL FIN BK LTD,165.8,170.97,161.45,163.59,165.8,-1.33,398061,65118797.53
2026-05-29,SUVEN,EQ,INE495B01038,SUVEN LIFE SCIENCES LTD,269.9,291.34,269.76,279.34,267.15,4.56,2298451,642049293.92
2026-05-29,SUVIDHAA,EQ,INE018401013,SUVIDHAA INFOSERVE LTD,2.73,2.75,2.59,2.65,2.69,-1.49,278710,738581.53
2026-05-29,SUYOG,EQ,INE442P01014,SUYOG TELEMATICS LIMITED,756.05,813.6,756.05,783.2,758.15,3.3,74072,58013191.3
2026-05-29,SUZLON,EQ,INE040H01021,SUZLON ENERGY LIMITED,58.0,58.42,55.6,56.99,57.53,-0.94,221481859,12622251516.16
2026-05-29,SVLL,EQ,INE00CE01017,SHREE VASU LOGISTICS LTD,579.0,664.7,576.4,615.3,573.25,7.34,7128,4385858.31
2026-05-29,SVPGLOB,EQ,INE308E01029,SVP GLOBAL TEXTILES LTD,4.15,4.15,3.82,4.0,3.97,0.76,47459,189836.0
2026-05-29,SWANCORP,EQ,INE665A01038,SWAN CORP LIMITED,321.8,339.0,319.55,329.3,321.45,2.44,1491833,491260588.69
2026-05-29,SWARAJENG,EQ,INE277A01016,SWARAJ ENGINES LTD,3810.3,3875.0,3782.1,3826.0,3773.0,1.4,12762,48827412.0
2026-05-29,SWELECTES,EQ,INE409B01013,SWELECT ENERGY SYS LTD,658.0,683.95,644.05,661.35,650.3,1.7,94525,62514106.44
2026-05-29,SWIGGY,EQ,INE00H001014,SWIGGY LIMITED,270.65,270.75,255.45,257.9,270.65,-4.71,25781109,6648947853.74
2026-05-29,SWSOLAR,EQ,INE00M201021,STRLNG & WIL REN ENE LTD,191.1,195.4,186.0,187.58,191.07,-1.83,4349792,815933991.32
2026-05-29,SYMPHONY,EQ,INE225D01027,SYMPHONY LIMITED,707.95,711.45,693.5,696.15,707.1,-1.55,99820,69489695.44
2026-05-29,SYNCOMF,EQ,INE312C01025,SYNCOM FORMU (I) LTD,15.6,15.66,14.92,15.01,15.6,-3.78,3053101,45827046.71
2026-05-29,SYNGENE,EQ,INE398R01022,SYNGENE INTERNATIONAL LTD,460.4,464.15,436.05,442.0,460.4,-4.0,942298,416495716.0
2026-05-29,SYRMA,EQ,INE0DYJ01015,SYRMA SGS TECHNOLOGY LTD,1060.0,1102.6,1049.1,1088.55,1053.8,3.3,1983788,2159452524.26
2026-05-29,TAINWALCHM,EQ,INE123C01018,TAINWALA CHEMICAL AND PLA,206.16,207.85,196.0,197.75,206.15,-4.07,12567,2485124.25
2026-05-29,TAJGVK,EQ,INE586B01026,TAJ GVK HOTELS & RESORTS,340.95,349.2,332.0,346.3,321.25,7.8,1021428,353720503.93
2026-05-29,TAKE,EQ,INE142I01023,TAKE LIMITED,31.5,31.8,29.55,30.8,30.93,-0.42,596041,18358062.35
2026-05-29,TALBROAUTO,EQ,INE187D01029,TALBROS AUTO. COMP. LTD,347.0,365.5,342.65,345.35,348.2,-0.82,325491,112408318.84
2026-05-29,TANLA,EQ,INE483C01032,TANLA PLATFORMS LIMITED,522.85,535.0,518.2,525.4,522.85,0.49,444397,233486194.65
2026-05-29,TARACHAND,EQ,INE555Z01020,TARA CHAND INFRA SOLN LTD,56.7,56.7,53.71,56.04,55.36,1.23,269097,15080196.13
2026-05-29,TARAPUR,EQ,INE747K01017,TARAPUR TRANSFORMERS LTD,21.02,21.45,20.21,20.79,21.02,-1.09,33256,691392.27
2026-05-29,TARC,EQ,INE0EK901012,TARC LIMITED,130.49,133.7,128.4,129.76,130.38,-0.48,268698,34866251.0
2026-05-29,TARIL,EQ,INE763I01026,TRANS & RECTI. LTD,322.0,328.4,318.6,320.55,322.1,-0.48,2042988,654879778.46
2026-05-29,TARMAT,EQ,INE924H01018,TARMAT LIMITED,53.0,53.0,50.62,51.76,52.0,-0.46,9020,466875.18
2026-05-29,TARSONS,EQ,INE144Z01023,TARSONS PRODUCTS LIMITED,215.1,217.56,206.82,209.46,214.98,-2.57,322561,67563629.23
2026-05-29,TASTYBITE,EQ,INE488B01017,TASTY BITE EATABLES LTD,7681.0,7834.0,7580.0,7618.0,7680.5,-0.81,1913,14573234.0
2026-05-29,TATACAP,EQ,INE976I01016,TATA CAPITAL LIMITED,310.4,313.8,301.35,305.9,310.4,-1.45,2044700,625473717.52
2026-05-29,TATACHEM,EQ,INE092A01019,TATA CHEMICALS LTD,771.3,775.3,755.0,758.0,774.55,-2.14,447541,339236078.0
2026-05-29,TATACOMM,EQ,INE151A01013,TATA COMMUNICATIONS LTD,1970.0,1986.3,1907.4,1965.0,1966.6,-0.08,1178387,2315530455.0
2026-05-29,TATACONSUM,EQ,INE192A01025,TATA CONSUMER PRODUCT LTD,1204.6,1211.0,1168.4,1178.4,1204.6,-2.17,9836874,11591772561.76
2026-05-29,TATAELXSI,EQ,INE670A01012,TATA ELXSI LIMITED,4370.0,4424.6,4265.0,4285.4,4331.2,-1.06,290950,1246837101.59
2026-05-29,TATAGOLD,EQ,INF277KA1976,TATAAML-TATAGOLD,15.14,15.51,14.76,15.09,15.14,-0.33,46917363,707983014.83
2026-05-29,TATAINVEST,EQ,INE672A01026,TATA INVESTMENT CORP LTD,689.8,694.75,679.0,690.15,682.85,1.07,506368,349469887.56
2026-05-29,TATAPOWER,EQ,INE245A01021,TATA POWER CO LTD,429.9,434.0,419.65,420.75,425.8,-1.19,8197538,3449114113.5
2026-05-29,TATASTEEL,EQ,INE081A01020,TATA STEEL LIMITED,215.69,215.7,206.7,208.02,214.7,-3.11,67467374,14034563427.73
2026-05-29,TATATECH,EQ,INE142M01025,TATA TECHNOLOGIES LIMITED,725.0,729.0,701.0,705.3,719.75,-2.01,1313910,926700706.96
2026-05-29,TATSILV,EQ,INF277KA1984,TATAAML-TATSILV,25.93,25.93,25.01,25.3,25.33,-0.12,36555220,924847038.11
2026-05-29,TATVA,EQ,INE0GK401011,TATVA CHIN PHARM CHEM LTD,1146.8,1171.8,1107.1,1133.2,1146.8,-1.19,127068,143993451.4
2026-05-29,TBOTEK,EQ,INE673O01025,TBO TEK LIMITED,1224.0,1288.4,1181.8,1229.4,1225.0,0.36,194238,238796201.94
2026-05-29,TBZ,EQ,INE760L01018,TRIB BHIMJI ZAVERI LTD,153.39,165.49,146.3,165.49,137.91,20.0,6304047,1043256772.66
2026-05-29,TCC,EQ,INE887D01024,TCC CONCEPT LIMITED,78.0,78.0,73.81,74.06,75.93,-2.46,50395,3732253.58
2026-05-29,TCI,EQ,INE688A01022,TRANSPORT CORPN OF INDIA,908.7,929.45,904.2,919.7,904.15,1.72,76472,70331299.33
2026-05-29,TCIEXP,EQ,INE586V01016,TCI EXPRESS LIMITED,510.0,510.0,487.0,491.05,510.15,-3.74,20002,9821981.86
2026-05-29,TCIFINANCE,EQ,INE911B01018,TCI FINANCE LTD,13.99,13.99,12.86,13.16,13.37,-1.57,14230,187266.8
2026-05-29,TCPLPACK,EQ,INE822C01015,TCPL PACKAGING LIMITED,2600.2,2677.0,2536.0,2562.0,2658.4,-3.63,3139,8042118.0
2026-05-29,TCS,EQ,INE467B01029,TATA CONSULTANCY SERV LT,2291.0,2334.0,2235.0,2258.9,2284.2,-1.11,16331582,36891408984.92
2026-05-29,TDPOWERSYS,EQ,INE419M01035,TD POWER SYSTEMS LTD.,652.5,679.5,637.75,659.3,665.75,-0.97,3085602,2034337360.93
2026-05-29,TEAMGTY,EQ,INE289C01025,TEAM INDIA GUARANTY LTD,256.95,263.0,249.75,251.55,249.45,0.84,728,183128.4
2026-05-29,TEAMLEASE,EQ,INE985S01024,TEAMLEASE SERVICES LTD.,1388.4,1397.9,1375.1,1381.6,1388.4,-0.49,26043,35981008.16
2026-05-29,TECH,EQ,INF209KB11D8,BIRLASLAMC - TECH,31.55,32.42,31.55,31.86,31.52,1.08,55842,1779126.15
2026-05-29,TECHM,EQ,INE669C01036,TECH MAHINDRA LIMITED,1476.9,1496.6,1460.1,1483.9,1455.6,1.94,3955137,5869027890.86
2026-05-29,TECHNOE,EQ,INE285K01026,TECHNO ELEC & ENG CO. LTD,1085.0,1104.7,1063.1,1079.2,1072.6,0.62,981501,1059235831.28
2026-05-29,TECILCHEM,EQ,INE014B01011,TECIL CHEMICALS,12.25,12.95,11.26,11.92,12.13,-1.73,10967,130726.64
2026-05-29,TEGA,EQ,INE011K01018,TEGA INDUSTRIES LIMITED,1630.0,1829.0,1522.2,1766.0,1599.7,10.4,2431931,4294790146.0
2026-05-29,TEJASNET,EQ,INE010J01012,TEJAS NETWORKS LIMITED,495.0,529.85,486.75,520.4,494.25,5.29,14287053,7434982730.01
2026-05-29,TEMBO,EQ,INE869Y01028,TEMBO GLOBAL IND LTD,62.18,62.28,60.01,60.31,62.29,-3.18,955890,57654504.04
2026-05-29,TENNIND,EQ,INE19RI01016,TENNECO CLEAN AIR INDIA L,620.0,620.0,570.95,588.3,615.25,-4.38,2980446,1753396345.42
2026-05-29,TERASOFT,EQ,INE482B01010,TERA SOFTWARE LIMITED,386.8,394.45,381.0,394.45,375.7,4.99,27872,10994110.74
2026-05-29,TEXINFRA,EQ,INE435C01024,TEXMACO INFRA & HOLDG LTD,96.8,97.95,96.06,96.41,96.41,0.0,62250,6001522.73
2026-05-29,TEXMOPIPES,EQ,INE141K01013,TEXMO PIPE & PRODUCTS LTD,44.9,45.7,43.41,43.72,46.03,-5.02,108470,4742308.53
2026-05-29,TEXRAIL,EQ,INE621L01012,TEXMACO RAIL & ENG. LTD.,109.22,109.9,103.8,104.37,108.93,-4.19,7352386,767368547.01
2026-05-29,TFCILTD,EQ,INE305A01023,TOURISM FINANCE CORP. OF,73.02,74.0,72.76,73.05,73.37,-0.44,11586518,846395175.26
2026-05-29,TFL,EQ,INE804H01012,TRANSWARRANTY FIN. LTD.,12.69,13.69,12.24,12.37,12.69,-2.52,12155,150357.35
2026-05-29,TGBHOTELS,EQ,INE797H01018,TGB BANQUETS&HOTELS LTD,9.06,9.39,9.02,9.17,9.18,-0.11,96092,881163.65
2026-05-29,THANGAMAYL,EQ,INE085J01014,THANGAMAYIL JEWELLERY LTD,3900.0,4220.0,3900.0,4204.9,3923.8,7.16,330843,1391161698.39
2026-05-29,THEINVEST,EQ,INE924D01017,THE INVEST TRUST OF IND L,99.0,111.22,98.99,102.59,98.24,4.43,110482,11334347.98
2026-05-29,THEJO,EQ,INE121N01019,THEJO ENGINEERING LIMITED,1604.9,1629.9,1557.8,1564.7,1615.5,-3.14,11634,18203719.23
2026-05-29,THELEELA,EQ,INE0AQ201015,LEELA PALACES HOTEL LTD,415.0,416.5,406.55,413.4,414.45,-0.25,217614,89961626.27
2026-05-29,THEMISMED,EQ,INE083B01024,THEMIS MEDICARE LTD.,113.91,117.5,108.15,109.56,113.9,-3.81,143098,15677816.53
2026-05-29,THERMAX,EQ,INE152A01029,THERMAX LTD,4659.0,5075.0,4650.0,4982.7,4590.6,8.54,1786425,8901220196.41
2026-05-29,THOMASCOOK,EQ,INE332A01027,THOMAS COOK (INDIA) LTD,92.67,96.79,89.71,90.91,92.4,-1.61,6913654,628520310.46
2026-05-29,THOMASCOTT,EQ,INE480M01011,THOMAS SCOTT (INDIA) LTD,300.05,319.45,293.7,309.3,299.85,3.15,186104,57561964.93
2026-05-29,THYROCARE,EQ,INE594H01019,THYROCARE TECH LTD,517.0,517.0,500.7,506.3,512.15,-1.14,476264,241132457.39
2026-05-29,TI,EQ,INE133E01013,TILAKNAGAR INDUSTRIES LTD,449.2,465.8,445.65,455.35,446.35,2.02,987639,449721424.68
2026-05-29,TIGERLOGS,EQ,INE906O01029,TIGER LOGISTICS (INDIA) L,35.25,35.6,34.33,34.8,35.91,-3.09,44900,1562519.97
2026-05-29,TIIL,EQ,INE545H01011,TECHNOCRAFT IND LTD,2660.0,2725.0,2451.0,2465.6,2634.8,-6.42,80409,198256438.25
2026-05-29,TIINDIA,EQ,INE974X01010,TUBE INVEST OF INDIA LTD,3237.0,3250.0,3121.9,3141.4,3210.5,-2.15,740060,2324824411.73
2026-05-29,TIMETECHNO,EQ,INE508G01029,TIME TECHNOPLAST LTD.,180.71,187.7,173.0,174.71,179.81,-2.84,5050670,882402589.61
2026-05-29,TIMEX,EQ,INE064A01026,TIMEX GROUP INDIA LTD.,438.0,456.4,434.0,449.35,423.55,6.09,1781841,800670264.23
2026-05-29,TIMKEN,EQ,INE325A01013,TIMKEN INDIA LTD.,3610.0,3644.5,3580.0,3630.4,3636.9,-0.18,48935,177653619.22
2026-05-29,TINNARUBR,EQ,INE015C01016,TINNA RUBBER AND INFR LTD,784.95,795.15,770.95,780.45,789.85,-1.19,31333,24453840.23
2026-05-29,TIPSFILMS,EQ,INE0LQS01015,TIPS FILMS LIMITED,356.3,374.2,345.45,363.9,356.3,2.13,7234,2632452.56
2026-05-29,TIPSMUSIC,EQ,INE716B01029,TIPS MUSIC LIMITED,668.1,673.45,658.4,662.45,670.6,-1.22,149423,98985268.17
2026-05-29,TIRUMALCHM,EQ,INE338A01024,THIRUMALAI CHEMICALS LTD,215.62,215.62,201.6,205.23,213.53,-3.89,241462,49555245.23
2026-05-29,TITAGARH,EQ,INE615H01020,TITAGARH RAIL SYSTEMS LTD,851.8,860.0,815.5,826.15,847.2,-2.48,1171755,968045421.86
2026-05-29,TITAN,EQ,INE280A01028,TITAN COMPANY LIMITED,4116.2,4163.3,4059.0,4074.9,4137.9,-1.52,2001419,8155582087.65
2026-05-29,TMB,EQ,INE668A01016,TAMILNAD MERCA BANK LTD,679.05,700.0,678.0,692.55,679.05,1.99,334883,231923217.56
2026-05-29,TMCV,EQ,INE1TAE01010,TATA MOTORS LIMITED,387.45,391.65,377.05,379.5,383.85,-1.13,21660601,8220198079.5
2026-05-29,TMPV,EQ,INE155A01022,TATA MOTORS PASS VEH LTD,400.95,408.0,390.7,393.9,400.95,-1.76,31210075,12293648352.01
2026-05-29,TNIDETF,EQ,INF277KA1364,TATAAML - TNIDETF,82.2,82.8,80.6,81.73,82.02,-0.35,72287,5908016.75
2026-05-29,TNPETRO,EQ,INE148A01019,TAMILNADU PETROPRODUCTS L,90.0,90.86,88.9,89.1,90.33,-1.36,67680,6030287.9
2026-05-29,TNPL,EQ,INE107A01015,TAMILNADU NEWSPRT & PAPER,149.0,151.01,147.7,148.5,149.78,-0.85,68661,10196158.5
2026-05-29,TNTELE,EQ,INE141D01018,TAMILNADU TELECOMMUNICATI,9.57,9.57,9.24,9.39,9.24,1.62,9556,89730.84
2026-05-29,TOKYOPLAST,EQ,INE932C01012,TOKYO PLAST INTL LTD,85.83,88.44,85.83,88.01,85.41,3.04,1026,90298.26
2026-05-29,TOLINS,EQ,INE0RWQ01014,TOLINS TYRES LIMITED,116.33,116.33,106.7,107.74,120.54,-10.62,399262,43016487.03
2026-05-29,TOP100CASE,EQ,INF0R8F01067,ZERODHAAMC - TOP100CASE,10.52,10.54,10.25,10.3,10.44,-1.34,813608,8380162.56
2026-05-29,TOP10ADD,EQ,INF740KA1UR9,DSPAMC - TOP10ADD,87.6,87.94,86.11,86.37,87.31,-1.08,1109748,95848937.81
2026-05-29,TOP15IETF,EQ,INF109K1A344,ICICIPRAMC - TOP15IETF,9.56,9.56,9.56,9.56,9.69,-1.34,0,0.0
2026-05-29,TOP20,EQ,INF769K01PZ5,MIRAEAMC - TOP20,8.63,8.64,8.45,8.49,8.59,-1.16,63986,543241.13
2026-05-29,TORNTPHARM,EQ,INE685A01028,TORRENT PHARMACEUTICALS L,4554.8,4575.0,4356.1,4410.8,4537.8,-2.8,3002937,13245353933.09
2026-05-29,TORNTPOWER,EQ,INE813H01021,TORRENT POWER LTD,1447.2,1473.6,1407.0,1420.3,1440.5,-1.4,1496208,2125064295.46
2026-05-29,TOUCHWOOD,EQ,INE486Y01013,TOUCHWOOD ENTERTAIN LTD.,69.01,71.78,69.01,70.24,69.79,0.64,2206,154949.44
2026-05-29,TPLPLASTEH,EQ,INE413G01022,TPL PLASTECH LIMITED,69.27,75.79,68.0,73.06,69.83,4.63,483893,35353221.4
2026-05-29,TRACXN,EQ,INE0HMF01019,TRACXN TECHNOLOGIES LTD,31.6,32.35,31.3,31.44,31.91,-1.47,109562,3444629.34
2026-05-29,TRANSRAILL,EQ,INE454P01035,TRANSRAIL LIGHTING LTD,490.0,493.4,475.0,479.5,491.65,-2.47,978700,469286650.0
2026-05-29,TRAVELFOOD,EQ,INE103V01028,TRAVEL FOOD SERVICES LTD,1202.1,1243.6,1202.1,1224.6,1221.9,0.22,46140,56503042.87
2026-05-29,TREEHOUSE,EQ,INE040M01013,TREE HOUSE EDU LTD,7.03,7.03,6.55,6.69,6.78,-1.33,32582,217973.58
2026-05-29,TREJHARA,EQ,INE00CA01015,TREJHARA SOLUTIONS LTD,149.93,153.8,147.0,148.16,148.43,-0.18,18384,2723773.51
2026-05-29,TREL,EQ,INE0O3901029,TRANSINDIA REAL ESTATE L,24.82,26.2,24.5,25.56,24.82,2.98,122890,3141068.33
2026-05-29,TRENT,EQ,INE849A01020,TRENT LTD,2840.0,2890.47,2793.33,2816.0,2832.4,-0.58,1777057,5004192512.0
2026-05-29,TRF,EQ,INE391D01019,TRF LIMITED,240.65,242.45,234.8,238.7,240.65,-0.81,3871,924007.69
2026-05-29,TRIDENT,EQ,INE064C01022,TRIDENT LIMITED,24.77,24.92,23.93,24.04,24.67,-2.55,7584199,182324150.9
2026-05-29,TRIGYN,EQ,INE948A01012,TRIGYN TECHNOLOGIES LTD,59.15,61.89,56.69,57.95,60.17,-3.69,28852,1671973.42
2026-05-29,TRITURBINE,EQ,INE152M01016,TRIVENI TURBINE LIMITED,725.0,787.6,724.5,741.5,719.15,3.11,6887269,5106909963.5
2026-05-29,TRIVENI,EQ,INE256C01024,TRIVENI ENGG. & INDS. LTD,383.45,385.0,373.3,376.5,381.55,-1.32,325401,122513476.5
2026-05-29,TRU,EQ,INE615R01029,TRUCAP FINANCE LIMITED,6.05,6.05,5.9,5.98,5.92,1.01,108269,647448.62
2026-05-29,TRUALT,EQ,INE0MWH01014,TRUALT BIOENERGY LIMITED,497.0,515.9,480.25,487.55,493.55,-1.22,950599,463464530.85
2026-05-29,TSFINV,EQ,INE202Z01029,TSF INVESTMENTS LIMITED,404.5,412.4,400.0,408.9,404.3,1.14,130931,53537685.1
2026-05-29,TTKHLTCARE,EQ,INE910C01018,TTK HEALTHCARE LIMITED,908.0,910.5,885.05,891.85,892.3,-0.05,2209,1970096.6
2026-05-29,TTKPRESTIG,EQ,INE690A01028,TTK PRESTIGE LTD,528.05,550.2,527.3,539.5,531.15,1.57,164825,88923087.5
2026-05-29,TTL,EQ,INE592B01024,T T LIMITED,7.44,7.61,7.2,7.39,7.44,-0.67,76096,562349.43
2026-05-29,TTML,EQ,INE517B01013,TATA TELESERV(MAHARASTRA),43.0,43.72,42.52,42.81,43.07,-0.6,1902136,81430444.77
2026-05-29,TVSELECT,EQ,INE236G01019,TVS ELECTRONICS LTD,505.15,510.0,489.6,493.9,503.15,-1.84,56395,27853490.16
2026-05-29,TVSHLTD,EQ,INE105A01035,TVS HOLDINGS LIMITED,13602.0,13633.0,13456.0,13556.0,13483.0,0.54,3274,44382344.0
2026-05-29,TVSMOTOR,EQ,INE494B01023,TVS MOTOR COMPANY  LTD,3417.9,3465.0,3315.2,3355.7,3384.6,-0.85,2519839,8455823609.26
2026-05-29,TVSSCS,EQ,INE395N01027,TVS SUPPLY CHAIN SOL L,121.8,121.8,116.16,117.19,120.91,-3.08,378051,44303797.61
2026-05-29,TVSSRICHAK,EQ,INE421C01016,TVS SRICHAKRA LIMITED,4078.0,4121.6,3849.9,3882.2,4030.3,-3.67,19175,74441184.06
2026-05-29,TVTODAY,EQ,INE038F01029,TV TODAY NETWORK LTD,114.75,117.04,114.5,115.49,114.75,0.64,60116,6942796.71
2026-05-29,TWCGOLDETF,EQ,INF2F0001370,WEALTH - TWCGOLDETF,155.03,155.37,154.2,154.63,154.98,-0.23,10452,1616192.81
2026-05-29,UBL,EQ,INE686F01025,UNITED BREWERIES LTD,1353.0,1353.0,1310.0,1320.0,1339.8,-1.48,112585,148612200.0
2026-05-29,UCOBANK,EQ,INE691A01018,UCO BANK,25.5,25.78,25.1,25.21,25.54,-1.29,3517568,88677886.06
2026-05-29,UDS,EQ,INE851I01011,UPDATER SERVICES LIMITED,179.39,179.4,170.25,172.09,178.81,-3.76,346778,59677024.75
2026-05-29,UEL,EQ,INE899L01030,UJAAS ENERGY LIMITED,139.97,142.29,138.0,139.55,139.97,-0.3,7506,1047462.32
2026-05-29,UFLEX,EQ,INE516A01017,UFLEX LIMITED,410.1,429.0,410.1,423.95,409.9,3.43,103525,43889425.01
2026-05-29,UFO,EQ,INE527H01019,UFO MOVIEZ INDIA LTD.,74.8,75.38,73.12,73.31,75.08,-2.36,61003,4472129.78
2026-05-29,UGARSUGAR,EQ,INE071E01023,THE UGAR SUGAR WORKS LTD,42.38,42.38,41.16,41.42,41.49,-0.17,144410,5981461.94
2026-05-29,UGROCAP,EQ,INE583D01011,UGRO CAPITAL LIMITED,98.4,98.4,96.84,97.63,97.69,-0.06,138123,13484948.11
2026-05-29,UJJIVANSFB,EQ,INE551W01018,UJJIVAN SMALL FINANC BANK,54.49,55.38,54.12,54.39,54.49,-0.18,4153688,225919087.78
2026-05-29,ULTRACEMCO,EQ,INE481G01011,ULTRATECH CEMENT LIMITED,11600.0,11779.0,11338.0,11482.0,11689.0,-1.77,1776975,20403226950.0
2026-05-29,ULTRAMAR,EQ,INE405A01021,ULTRAMARINE & PIGMENTS L,406.1,407.95,399.2,406.0,406.1,-0.02,32366,13140596.0
2026-05-29,UMESLTD,EQ,INE240C01028,USHA MARTIN EDU & SOL LTD,5.57,5.82,5.35,5.78,5.57,3.77,78009,450892.04
2026-05-29,UMIYA-MRO,EQ,INE398B01018,UMIYA BUILDCON LIMITED,84.0,84.9,81.75,82.8,83.7,-1.08,5909,489265.22
2026-05-29,UNICHEMLAB,EQ,INE351A01035,UNICHEM LABORATORIES LTD,351.15,363.3,346.35,349.35,354.55,-1.47,16430,5739820.6
2026-05-29,UNIDT,EQ,INE961D01019,UNITED DRILLING TOOLS LTD,237.8,243.0,235.51,237.31,237.77,-0.19,9872,2342724.3
2026-05-29,UNIECOM,EQ,INE00U401027,UNICOMMERCE ESOLUTIONS L,86.8,88.8,86.07,86.78,87.58,-0.91,272523,23649545.61
2026-05-29,UNIENTER,EQ,INE037A01022,UNIPHOS ENTERPRISES LTD,107.0,112.0,105.0,105.13,106.52,-1.3,5785,608177.03
2026-05-29,UNIINFO,EQ,INE481Z01011,UNIINFO TELECOM SERVI LTD,11.43,12.25,11.43,12.09,12.02,0.58,1362,16466.58
2026-05-29,UNIMECH,EQ,INE0U3I01011,UNIMECH AEROSPACE N MFG L,993.2,999.7,934.4,939.0,983.5,-4.52,133168,125044752.0
2026-05-29,UNIONBANK,EQ,INE692A01016,UNION BANK OF INDIA,169.0,171.79,166.6,167.88,168.72,-0.5,48286734,8106377139.7
2026-05-29,UNIPARTS,EQ,INE244O01017,UNIPARTS INDIA LIMITED,605.0,622.0,595.0,601.05,610.15,-1.49,215902,129767894.46
2026-05-29,UNITDSPR,EQ,INE854D01024,UNITED SPIRITS LIMITED,1305.9,1308.9,1260.5,1270.0,1302.5,-2.5,2164859,2749370930.0
2026-05-29,UNITECH,EQ,INE694A01020,UNITECH LTD,5.14,5.17,4.93,4.93,5.18,-4.83,13961062,68828033.26
2026-05-29,UNITEDPOLY,EQ,INE368U01029,UNITED POLYFAB GUJ. LTD.,33.5,34.8,33.1,33.81,34.28,-1.37,21591,729991.74
2026-05-29,UNITEDTEA,EQ,INE458F01011,UNITED NILGIRI TEA LTD,518.95,522.55,512.0,513.75,513.45,0.06,623,320066.25
2026-05-29,UNIVCABLES,EQ,INE279A01012,UNIVERSAL CABLES LTD,1171.0,1210.4,1117.5,1136.05,1169.4,-2.85,373119,423881858.17
2026-05-29,UNOMINDA,EQ,INE405E01023,UNO MINDA LIMITED,1130.0,1136.8,1095.3,1101.7,1130.8,-2.57,969269,1067843609.97
2026-05-29,UPL,EQ,INE628A01036,UPL LIMITED,656.25,660.9,638.5,644.8,656.15,-1.73,6468953,4171180815.43
2026-05-29,URBANCO,EQ,INE0CAZ01013,URBAN COMPANY LIMITED,123.89,124.9,119.45,120.03,123.36,-2.7,3116664,374093176.12
2026-05-29,URJA,EQ,INE550C01020,URJA GLOBAL LIMITED,10.8,11.3,10.8,11.04,10.81,2.13,2935700,32410127.89
2026-05-29,USHAMART,EQ,INE228A01035,USHA MARTIN LTD.,515.0,516.9,494.1,506.05,510.45,-0.86,1070998,541978524.83
2026-05-29,USK,EQ,INE0N0Y01013,UDAYSHIVAKUMAR INFRA LTD,23.63,23.63,23.07,23.63,22.51,4.98,43038,1016987.9
2026-05-29,UTIAMC,EQ,INE094J01016,UTI ASSET MNGMT CO LTD,953.0,959.95,937.55,940.7,952.1,-1.2,61025,57406218.24
2026-05-29,UTKARSHBNK,EQ,INE735W01017,UTKARSH SMALL FIN BANK L,13.54,13.63,13.19,13.26,13.47,-1.56,2980482,39521192.0
2026-05-29,UTLSOLAR,EQ,INE12UR01024,FUJIYAMA POWER SYSTEMS L,328.4,328.4,315.8,319.95,312.8,2.29,1185099,379172439.52
2026-05-29,UTTAMSUGAR,EQ,INE786F01031,UTTAM SUGAR MILLS LTD.,238.0,239.75,235.8,236.4,238.55,-0.9,40002,9456472.56
2026-05-29,V2RETAIL,EQ,INE945H01021,V2 RETAIL LIMITED,233.6,234.72,222.0,230.03,236.05,-2.55,4385039,1008690515.82
2026-05-29,VADILALIND,EQ,INE694D01016,VADILAL INDUSTRIES LTD,5150.0,5200.0,4813.5,4843.0,4466.9,8.42,251973,1220305239.0
2026-05-29,VAIBHAVGBL,EQ,INE884A01027,VAIBHAV GLOBAL LIMITED,227.5,230.69,221.63,222.69,227.63,-2.17,212084,47228986.48
2026-05-29,VAISHALI,EQ,INE972X01022,VAISHALI PHARMA LIMITED,7.14,7.42,6.96,7.05,7.14,-1.26,152899,1077937.98
2026-05-29,VAKRANGEE,EQ,INE051B01021,VAKRANGEE LIMITED,6.71,6.71,6.43,6.58,6.61,-0.45,1441645,9486023.99
2026-05-29,VAL30IETF,EQ,INF109KC16X5,ICICIPRAMC - VAL30IETF,16.18,16.2,15.76,15.82,16.1,-1.74,718733,11370355.84
2026-05-29,VALUE,EQ,INF769K01QV2,MIRAEAMC - VALUE,16.64,16.64,16.64,16.64,16.96,-1.85,0,0.0
2026-05-29,VARDMNPOLY,EQ,INE835A01029,VARDHMAN POLYTEX LTD.,6.25,6.5,6.25,6.49,6.39,1.56,52284,339323.15
2026-05-29,VARROC,EQ,INE665L01035,VARROC ENGINEERING LTD.,588.0,598.0,551.65,565.4,587.3,-3.73,565115,319516034.8
2026-05-29,VASCONEQ,EQ,INE893I01013,VASCON ENGINEERS LTD,33.85,34.4,33.5,33.87,33.74,0.39,200930,6805498.89
2026-05-29,VASWANI,EQ,INE590L01019,VASWANI IND LTD,54.0,60.0,53.7,56.63,54.0,4.87,54005,3058303.21
2026-05-29,VBL,EQ,INE200M01039,VARUN BEVERAGES LIMITED,539.0,544.4,525.45,528.0,534.5,-1.22,13582024,7171308672.0
2026-05-29,VEDL,EQ,INE205A01025,VEDANTA LIMITED,359.95,360.0,350.0,352.6,354.7,-0.59,32684449,11524536916.89
2026-05-29,VEEDOL,EQ,INE484C01030,VEEDOL CORPORATION LTD,1455.0,1455.0,1426.1,1437.9,1443.5,-0.39,10316,14833376.65
2026-05-29,VENKEYS,EQ,INE398A01010,VENKY S (INDIA) LIMITED,1520.0,1520.0,1449.0,1454.0,1500.4,-3.09,48295,70220930.0
2026-05-29,VENTIVE,EQ,INE781S01027,VENTIVE HOSPITALITY LTD,630.0,643.95,609.4,621.75,634.2,-1.96,48967,30445232.25
2026-05-29,VENUSPIPES,EQ,INE0JA001018,VENUS PIPES & TUBES LTD,1445.0,1445.0,1375.0,1398.0,1450.1,-3.59,186920,261314160.0
2026-05-29,VERANDA,EQ,INE0IQ001011,VERANDA LEARNING SOL LTD,234.9,239.0,229.61,234.89,233.37,0.65,329353,77361725.97
2026-05-29,VERTOZ,EQ,INE188Y01031,VERTOZ LIMITED,47.58,49.3,46.25,47.72,47.58,0.29,36028,1719256.2
2026-05-29,VESUVIUS,EQ,INE386A01023,VESUVIUS INDIA LTD,470.05,476.95,462.5,468.25,474.9,-1.4,64150,30038237.5
2026-05-29,VGL,EQ,INE273D01027,VARVEE GLOBAL LIMITED,70.63,72.0,67.02,67.83,70.29,-3.5,117233,7951914.6
2026-05-29,VGUARD,EQ,INE951I01027,V-GUARD IND LTD.,315.35,317.65,304.0,306.75,315.35,-2.73,418564,128394507.0
2026-05-29,VHL,EQ,INE701A01023,VARDHMAN HOLDINGS LIMITED,3394.0,3483.7,3394.0,3446.2,3349.7,2.88,284,978720.79
2026-05-29,VIDHIING,EQ,INE632C01026,VIDHI SPCLTY F INGRDNTS L,300.0,305.2,292.5,303.55,294.95,2.92,22005,6679617.48
2026-05-29,VIDYAWIRES,EQ,INE14UN01029,VIDYA WIRES LIMITED,114.25,117.35,106.56,108.65,111.77,-2.79,15123278,1643144177.78
2026-05-29,VIJAYA,EQ,INE043W01024,VIJAYA DIAGNOSTIC CEN LTD,1261.9,1322.1,1261.9,1308.5,1261.4,3.73,418625,547770812.5
2026-05-29,VIKASECO,EQ,INE806A01020,VIKAS ECOTECH LIMITED,1.31,1.31,1.28,1.3,1.28,1.56,1350943,1756225.84
2026-05-29,VIKASLIFE,EQ,INE161L01027,VIKAS LIFECARE LIMITED,1.51,1.55,1.5,1.52,1.51,0.66,2315306,3519265.08
2026-05-29,VIKRAMSOLR,EQ,INE078V01014,VIKRAM SOLAR LIMITED,202.4,204.2,198.5,199.21,201.45,-1.11,2026849,403768602.9
2026-05-29,VIKRAN,EQ,INE01R501028,VIKRAN ENGINEERING LTD,75.1,75.79,69.8,70.96,75.0,-5.39,4470923,317256691.99
2026-05-29,VIMTALABS,EQ,INE579C01029,VIMTA LABS LIMITED,457.05,485.0,456.05,469.7,456.7,2.85,305607,143543611.63
2026-05-29,VINATIORGA,EQ,INE410B01037,VINATI ORGANICS LTD,1325.1,1329.2,1277.5,1301.1,1325.1,-1.81,229647,298793706.09
2026-05-29,VINCOFE,EQ,INE498Q01014,VINTAGE COFFEE N BVRGS L,154.01,154.04,144.0,144.88,154.05,-5.95,1568169,227196332.38
2026-05-29,VINDHYATEL,EQ,INE707A01012,VINDHYA TELELINKS LTD,2125.5,2285.9,2075.3,2210.5,2125.5,4.0,238927,528148133.5
2026-05-29,VINEETLAB,EQ,INE505Y01010,VINEET LABORATORIES LTD,35.0,35.0,33.81,33.97,35.0,-2.94,31392,1066386.28
2026-05-29,VINNY,EQ,INE01KI01027,VINNY OVERSEAS LIMITED,1.08,1.08,1.01,1.05,1.06,-0.94,474041,497743.03
2026-05-29,VINYLINDIA,EQ,INE250B01029,VINYL CHEMICALS (I) LTD.,264.1,271.95,261.2,261.95,264.1,-0.81,86679,22705565.11
2026-05-29,VIPCLOTHNG,EQ,INE450G01024,VIP CLOTHING LIMITED,27.95,27.95,26.51,26.52,26.62,-0.38,110803,2938495.61
2026-05-29,VIPIND,EQ,INE054A01027,VIP INDUSTRIES LTD,296.35,303.95,292.6,299.4,296.35,1.03,2927910,876616236.13
2026-05-29,VIRINCHI,EQ,INE539B01017,VIRINCHI LIMITED,17.79,17.79,17.29,17.29,18.19,-4.95,96847,1674484.72
2026-05-29,VISACHROME,EQ,INE286H01012,VISA CHROME LIMITED,50.35,52.85,50.35,52.85,50.34,4.99,83951,4436810.22
2026-05-29,VISAKAIND,EQ,INE392A01021,VISAKA INDUSTRIES LIMITED,72.0,74.85,72.0,72.34,71.55,1.1,107189,7754051.87
2026-05-29,VISHNU,EQ,INE270I01022,VISHNU CHEMICALS LIMITED,606.0,614.9,566.15,579.1,599.15,-3.35,124589,72149486.86
2026-05-29,VISHWARAJ,EQ,INE430N01022,VISHWARAJ SUGAR IND LTD,5.68,5.7,5.55,5.68,5.68,0.0,157702,895747.33
2026-05-29,VITAL,EQ,INE0L4K01016,VITAL CHEMTECH LIMITED,54.87,54.87,53.1,54.7,54.5,0.37,1481,81010.7
2026-05-29,VIVIANA,EQ,INE0MEG01014,VIVIANA POWER TECH LTD,974.85,975.0,938.0,953.4,974.85,-2.2,43800,41758921.07
2026-05-29,VIVIDHA,EQ,INE370E01029,VISAGAR POLYTEX LTD,0.58,0.6,0.57,0.58,0.58,0.0,218519,126741.02
2026-05-29,VIYASH,EQ,INE807F01027,VIYASH SCIENTIFIC LIMITED,253.1,268.17,247.35,261.94,250.26,4.67,6504835,1703876495.78
2026-05-29,VLEGOV,EQ,INE03HW01020,VL E GOV AND IT SOL LTD,14.0,14.67,13.95,14.38,14.15,1.63,69519,999683.23
2026-05-29,VLSFINANCE,EQ,INE709A01018,VLS FINANCE LTD,227.95,234.0,222.23,229.23,224.65,2.04,41006,9399805.2
2026-05-29,VMART,EQ,INE665J01013,VMART RETAIL LTD,666.05,681.1,658.55,666.75,664.75,0.3,191939,127975328.25
2026-05-29,VMM,EQ,INE01EA01019,VISHAL MEGA MART LIMITED,121.99,122.27,120.29,121.77,121.45,0.26,18362913,2236051854.37
2026-05-29,VMSTMT,EQ,INE0SJA01013,VMS TMT LIMITED,48.51,49.5,48.12,48.82,48.51,0.64,19884,970736.87
2026-05-29,VOLTAMP,EQ,INE540H01012,VOLTAMP TRANSFORMERS LTD,9370.0,9620.0,9190.0,9497.0,9323.0,1.87,62892,597285324.0
2026-05-29,VOLTAS,EQ,INE226A01021,VOLTAS LTD,1262.0,1300.0,1232.2,1245.7,1261.8,-1.28,2960575,3687988132.94
2026-05-29,VPRPL,EQ,INE0AE001013,VISHNU PRAKASH R PUNGLI L,40.48,40.99,39.61,39.91,40.48,-1.41,134868,5382581.86
2026-05-29,VRAJ,EQ,INE0S2V01010,VRAJ IRON AND STEEL LTD,134.5,134.5,126.17,127.48,122.49,4.07,64416,8211751.9
2026-05-29,VRLLOG,EQ,INE366I01010,VRL LOGISTICS LIMITED,235.05,238.6,232.8,233.7,234.9,-0.51,101343,23683858.79
2026-05-29,VSSL,EQ,INE050M01012,VARDHMAN SPC STEEL LTD,276.3,277.0,266.15,268.2,274.9,-2.44,35090,9411138.43
2026-05-29,VSTIND,EQ,INE710A01016,VST INDUSTRIES LTD,258.0,263.0,254.65,255.7,258.15,-0.95,448607,114708808.53
2026-05-29,VSTL,EQ,INE0QTF01015,VIBHOR STEEL TUBES LTD,117.9,118.35,115.55,116.06,117.89,-1.55,14326,1662675.53
2026-05-29,VSTTILLERS,EQ,INE764D01017,VST TILLERS TRACTORS LTD,4702.5,4702.5,4531.5,4593.0,4638.0,-0.97,9337,42884841.0
2026-05-29,VTL,EQ,INE825A01020,VARDHMAN TEXTILES LIMITED,595.9,599.8,570.25,577.15,595.5,-3.08,280618,161958685.55
2026-05-29,WAAREEENER,EQ,INE377N01017,WAAREE ENERGIES LIMITED,3145.0,3180.0,3071.9,3140.8,3129.1,0.37,3943932,12387101818.17
2026-05-29,WAAREEINDO,EQ,INE866K01023,INDOSOLAR LIMITED,392.4,398.9,385.0,388.75,394.0,-1.33,29946,11641507.5
2026-05-29,WAAREERTL,EQ,INE299N01021,WAAREE RENEWABLE TECH LTD,992.0,1002.4,965.7,974.0,988.0,-1.42,208559,203136466.0
2026-05-29,WABAG,EQ,INE956G01038,VA TECH WABAG LTD,1567.4,1584.9,1508.1,1527.8,1547.0,-1.24,662340,1011923084.34
2026-05-29,WAKEFIT,EQ,INE0E7301029,WAKEFIT INNOVATIONS LTD,127.47,127.78,122.1,123.15,127.95,-3.75,729754,89869206.21
2026-05-29,WALCHANNAG,EQ,INE711A01022,WALCHANDNAGAR INDUSTRIES,265.0,266.86,250.35,253.36,264.74,-4.3,2312189,585816206.45
2026-05-29,WANBURY,EQ,INE107F01022,WANBURY LIMITED,315.2,315.2,302.6,308.65,300.2,2.81,161213,49758391.47
2026-05-29,WCIL,EQ,INE0CJF01024,WESTERN CARRIERS (IND) L,98.11,100.02,95.1,96.93,99.24,-2.33,54191,5252733.65
2026-05-29,WEALTH,EQ,INE658T01017,WEALTH FRST PORT. MG. LTD,901.25,1073.0,901.25,987.4,910.55,8.44,30026,29647673.13
2026-05-29,WEBELSOLAR,EQ,INE855C01023,WEBSOL ENERGY SYSTEM LTD,114.0,114.89,107.8,109.26,112.47,-2.85,3139720,343045813.91
2026-05-29,WEIZMANIND,EQ,INE080A01014,WEIZMANN LTD,82.98,84.8,81.1,81.6,83.91,-2.75,4737,386539.19
2026-05-29,WEL,EQ,INE02WG01024,WONDER ELECTRICALS LTD,95.25,98.9,89.1,92.18,93.65,-1.57,394298,36346389.76
2026-05-29,WELCORP,EQ,INE191B01025,WELSPUN CORP LIMITED,1369.2,1394.8,1345.8,1376.9,1372.9,0.29,1914364,2635887838.34
2026-05-29,WELENT,EQ,INE625G01013,WELSPUN ENTERPRISES LTD.,516.0,529.6,515.0,517.15,515.55,0.31,194168,100413985.94
2026-05-29,WELSPUNLIV,EQ,INE192B01031,WELSPUN LIVING LIMITED,140.0,141.27,137.3,137.97,139.45,-1.06,918905,126781323.97
2026-05-29,WENDT,EQ,INE274C01019,WENDT (INDIA) LIMITED,6971.0,7040.0,6866.0,6878.0,6971.0,-1.33,2990,20565220.0
2026-05-29,WESTLIFE,EQ,INE274F01020,WESTLIFE FOODWORLD LTD,471.6,474.0,439.0,449.9,469.3,-4.13,184057,82807243.18
2026-05-29,WEWIN,EQ,INE082W01014,WE WIN LIMITED,54.75,56.15,53.1,54.05,54.75,-1.28,4549,245873.45
2026-05-29,WEWORK,EQ,INE085001019,WEWORK INDIA MANAGEMENT L,595.85,621.15,590.4,600.8,590.95,1.67,631760,379561400.29
2026-05-29,WHEELS,EQ,INE715A01015,WHEELS INDIA LTD,1678.0,1700.0,1543.1,1575.8,1654.5,-4.76,225245,354941082.0
2026-05-29,WHIRLPOOL,EQ,INE716A01013,WHIRLPOOL OF INDIA LTD,850.0,852.85,818.0,822.5,849.55,-3.18,353067,290397607.5
2026-05-29,WILLAMAGOR,EQ,INE210A01017,WILLIAMSON MAGOR,28.12,28.5,27.1,27.97,27.99,-0.07,2258,63156.26
2026-05-29,WINDLAS,EQ,INE0H5O01029,WINDLAS BIOTECH LIMITED,812.6,852.55,812.6,833.1,819.7,1.63,75105,62569973.67
2026-05-29,WINDMACHIN,EQ,INE052A01021,WINDSOR MACHINES LIMITED,290.75,301.1,283.35,286.95,291.35,-1.51,76992,22092855.34
2026-05-29,WIPL,EQ,INE215F01023,THE WESTERN INDIA PLY LTD,158.0,158.0,150.21,152.5,147.75,3.21,2987,455517.5
2026-05-29,WIPRO,EQ,INE075A01022,WIPRO LTD,211.0,211.0,203.65,204.25,201.58,1.32,82734524,16898526527.0
2026-05-29,WOCKPHARMA,EQ,INE049B01025,WOCKHARDT LIMITED,1925.0,2097.4,1872.1,2031.4,1771.0,14.7,13172612,26758844338.4
2026-05-29,WONDERLA,EQ,INE066O01014,WONDERLA HOLIDAYS LTD.,485.65,489.65,473.0,474.4,485.65,-2.32,69233,32844134.78
2026-05-29,WORTHPERI,EQ,INE196Y01018,WORTH PERIPHERALS LIMITED,131.05,132.98,130.1,130.29,131.7,-1.07,1464,190744.55
2026-05-29,WSI,EQ,INE100D01014,W.S.INDUSTRIES (I) LTD.,71.0,71.0,68.01,69.51,69.89,-0.54,39651,2756141.09
2026-05-29,WSTCSTPAPR,EQ,INE976A01021,WEST COAST PAPER MILLS LT,522.9,526.0,490.0,495.6,516.95,-4.13,223132,110584220.56
2026-05-29,XCHANGING,EQ,INE692G01013,XCHANGING SOLUTIONS LTD,66.49,67.8,64.5,65.15,67.28,-3.17,103794,6762179.26
2026-05-29,XELPMOC,EQ,INE01P501012,XELPMOC DESIGN & TECH LTD,104.85,104.85,100.2,102.86,102.07,0.77,8333,857132.39
2026-05-29,XPROINDIA,EQ,INE445C01015,XPRO INDIA LIMITED,1172.8,1179.0,1087.7,1112.8,1163.9,-4.39,40888,45500168.4
2026-05-29,XTGLOBAL,EQ,INE547B01028,XTGLOBAL INFOTECH LIMITED,31.15,32.29,31.15,31.41,31.67,-0.82,29223,917894.43
2026-05-29,YASHO,EQ,INE616Z01012,YASHO INDUSTRIES LIMITED,2134.2,2162.5,2050.0,2072.8,2134.2,-2.88,28877,59856247.01
2026-05-29,YATHARTH,EQ,INE0JO301016,YATHARTH HOSP & TRA C S L,825.95,843.0,786.0,796.5,813.25,-2.06,744776,593214084.0
2026-05-29,YATRA,EQ,INE0JR601024,YATRA ONLINE LIMITED,98.0,106.65,97.01,100.3,96.4,4.05,5612133,562896957.03
2026-05-29,YESBANK,EQ,INE528G01035,YES BANK LIMITED,22.8,23.55,22.8,23.15,22.76,1.71,313761828,7263586198.51
2026-05-29,YUKEN,EQ,INE384C01016,YUKEN INDIA LIMITED,671.75,702.0,665.4,695.75,675.1,3.06,19310,13434932.5
2026-05-29,ZAGGLE,EQ,INE07K301024,ZAGGLE PREPA OCEAN SER L,214.49,216.0,209.0,209.96,214.42,-2.08,866831,181999842.58
2026-05-29,ZEEL,EQ,INE256A01028,ZEE ENTERTAINMENT ENT LTD,92.2,95.46,90.6,93.11,91.46,1.8,42532141,3960167674.47
2026-05-29,ZEELEARN,EQ,INE565L01011,ZEE LEARN LIMITED,7.3,7.35,6.95,7.01,7.14,-1.82,2168232,15199306.82
2026-05-29,ZEEMEDIA,EQ,INE966H01019,ZEE MEDIA CORPORATION LTD,8.42,8.8,8.24,8.42,8.4,0.24,1815354,15285280.82
2026-05-29,ZENITHEXPO,EQ,INE058B01018,ZENITH EXPORTS LTD,200.0,200.4,194.4,195.79,200.69,-2.44,347,67939.13
2026-05-29,ZENITHSTL,EQ,INE318D01020,ZENITH STEEL PIP IND LTD,6.54,6.54,6.11,6.13,6.39,-4.07,180053,1103724.91
2026-05-29,ZENSARTECH,EQ,INE520A01027,ZENSAR TECHNOLOGIES  LTD,495.3,509.8,492.0,494.15,491.3,0.58,610045,301453733.03
2026-05-29,ZENTEC,EQ,INE251B01027,ZEN TECHNOLOGIES LIMITED,1699.0,1714.4,1651.0,1664.7,1695.5,-1.82,689532,1147863886.73
2026-05-29,ZFCVINDIA,EQ,INE342J01019,ZF COM VE CTR SYS IND LTD,2483.5,2520.5,2408.67,2445.67,2478.0,-1.3,152628,373277224.42
2026-05-29,ZFSTEERING,EQ,INE116C01012,Z F STEERING GEAR (I) LTD,700.05,708.7,670.0,685.45,703.0,-2.5,2912,1996030.44
2026-05-29,ZIMLAB,EQ,INE518E01015,ZIM LABORATORIES LIMITED,102.5,104.5,100.2,102.29,102.13,0.16,20745,2122006.07
2026-05-29,ZODIAC,EQ,INE761Y01019,ZODIAC ENERGY LIMITED,300.0,300.0,294.0,295.8,300.45,-1.55,9472,2801817.48
2026-05-29,ZODIACLOTH,EQ,INE206B01013,ZODIAC CLOTHING CO. LTD.,79.15,79.15,75.5,76.01,76.8,-1.03,10551,801981.53
2026-05-29,ZOTA,EQ,INE358U01012,ZOTA HEALTH CARE LIMITED,1134.8,1149.0,1111.1,1125.2,1121.1,0.37,37912,42658580.55
2026-05-29,ZUARI,EQ,INE840M01016,ZUARI AGRO CHEMICALS LTD,230.0,230.0,220.0,222.07,224.41,-1.04,107740,23925822.59
2026-05-29,ZUARIIND,EQ,INE217A01012,ZUARI INDUSTRIES LIMITED,255.95,260.85,250.55,254.9,253.75,0.45,33061,8427248.7
2026-05-29,ZYDUSLIFE,EQ,INE010B01027,ZYDUS LIFESCIENCES LTD,1096.45,1115.5,1071.2,1077.7,1085.8,-0.75,4588161,4944660885.67
2026-05-29,ZYDUSWELL,EQ,INE768C01028,ZYDUS WELLNESS LIMITED,481.45,512.0,480.3,507.05,481.45,5.32,880332,446372329.85
